"","IDs","H2S_mean","H2S_sd","H2S_cv","abs_mean","Conc_mean","QAQC_flag","Dilution","H2S_cv_flag","H2S_flag"
"1","109",0.970363288718926,0.192662937512587,19.8547224274056,0.0885,0.970363288718926,"Std curve r2 low",1,"High CV","Within_Range"
"2","113",0.247769279796047,0.429148981161503,173.205080756888,0.0753333333333333,-0.225462077756535,"Std curve r2 low",1,"High CV","bdl"
