Wavelength_nm,800,797,794,791,788,785,782,779,776,773,770,767,764,761,758,755,752,749,746,743,740,737,734,731,728,725,722,719,716,713,710,707,704,701,698,695,692,689,686,683,680,677,674,671,668,665,662,659,656,653,650,647,644,641,638,635,632,629,626,623,620,617,614,611,608,605,602,599,596,593,590,587,584,581,578,575,572,569,566,563,560,557,554,551,548,545,542,539,536,533,530,527,524,521,518,515,512,509,506,503,500,497,494,491,488,485,482,479,476,473,470,467,464,461,458,455,452,449,446,443,440,437,434,431,428,425,422,419,416,413,410,407,404,401,398,395,392,389,386,383,380,377,374,371,368,365,362,359,356,353,350,347,344,341,338,335,332,329,326,323,320,317,314,311,308,305,302,299,296,293,290,287,284,281,278,275,272,269,266,263,260,257,254,251,248,245,242,239,236,233,230
245.598,0.01039606,-0.006070257,0.008706334,0.01332734,0.00676852,-0.001991733,0.01010743,1.895639e-4,0.008054087,0.02883972,0.003774689,4.265385e-4,7.753055e-4,0.01179292,6.792069e-4,0.001390094,-0.004622216,-0.002944579,-0.002511498,0.001431528,6.265576e-4,0.003342737,-0.005218897,-0.001811826,3.918307e-5,0.003876274,0.003259729,-1.673541e-4,-0.001463729,-9.155484e-4,-0.002801409,-0.0104005,0.01867274,0.003662207,0.005113512,-0.003176435,-0.005463444,0.008298991,0.009969329,-0.001227931,-0.002124568,0.002022417,0.01464381,-0.002274401,0.006944651,-0.004393623,-2.686344e-4,-0.00836226,-9.004638e-4,0.002348421,-0.005158422,-0.001974063,0.003947621,-0.005390331,-0.001814825,7.807182e-4,4.070234e-4,-0.002855352,-0.001363783,-0.002220941,-0.003077778,0.001011783,0.001061784,0.0049375,0.003670372,0.003636242,0.001647303,0.001750755,0.003570101,-0.002510133,0.002218161,2.582549e-4,-5.782076e-4,-0.00297047,-9.170933e-4,-0.00103891,0.005020117,-0.001250658,0.005832323,-0.002099531,0.002132314,0.001562465,0.001362996,-0.001332552,0.002089561,0.001550737,0.003209229,-0.002089039,4.535728e-4,6.323621e-4,0.004123272,0.001985034,3.301089e-5,0.002717564,7.231805e-4,-0.00027256030000000003,0.001560851,-8.319286e-4,-0.00175624,-0.001974565,0.001626914,2.60643e-4,-3.655892e-4,0.001920492,-3.473511e-4,-1.773329e-4,-2.853106e-4,0.001682099,0.00150174,3.759682e-4,-6.435397e-5,5.204026e-5,-1.375448e-4,-8.435094e-5,5.25669e-4,7.571225e-4,-0.001254725,0.001214807,1.631312e-4,-6.815784e-5,-0.001327342,-0.001486969,0.001217869,0.00110498,8.878024e-4,0.001619928,0.002310643,-2.20819e-4,7.879535e-4,9.106455e-4,-0.001017499,8.543187e-4,0.001210237,-3.787684e-4,0.001501485,-3.32295e-4,0.001727804,0.001831099,0.002615633,0.001553446,0.002303927,1.087632e-4,0.001832126,8.521574e-4,0.001821404,0.002413337,0.001686784,0.001363963,0.001360491,0.001169763,0.002067238,5.142742e-4,7.388562e-4,0.001476972,0.001304463,0.002261181,4.900866e-4,0.003483501,0.001842572,0.005574872,0.001042528,0.002124051,0.004114714,0.004206699,0.001649929,0.004646254,0.004851424,0.001182439,0.002975686,0.01098662,0.009633647,0.009783261,0.01709126,0.01494704,0.02451215,0.02298506,0.03046601,0.0249296,0.02929799,0.03579587,0.0380304,0.04487912,0.0767767,0.2978098,1.174376,2.353817,2.765564,1.02789,0.1032093,0.418629,-1.864736
247.837,0.01322503,0.005691617,0.01614079,0.0236619,0.03244512,-0.002752942,0.03810563,0.01090651,0.002299127,0.00307844,-0.007726251,-0.004714623,-0.008826341,-0.007775791,0.006144375,-4.96155e-4,0.00720149,-6.065097e-4,-0.002313709,0.004896779,0.006236775,0.002138854,0.00482169,8.363641e-4,0.002891701,0.002864646,0.001459616,-0.001371697,-6.042845e-4,0.004061817,0.004142388,0.0117039,-0.002021631,-0.004374227,0.003736135,-0.005082211,0.02216036,-0.008977559,8.056856e-4,0.01170199,0.001581954,-0.003966606,0.004009981,0.01004419,-3.603465e-4,0.001416664,-0.003254925,0.007511234,0.008251121,-0.001983788,-8.013731e-4,0.00982806,-0.005488041,0.001783575,0.002807509,0.004967341,0.002522583,0.008459738,0.001884492,-2.245129e-4,0.006919145,0.0027829,0.001646499,-9.161114e-4,4.986344e-4,0.001834073,-5.278219e-4,0.007669381,0.001496834,0.003790738,0.002573972,0.002505085,0.005314362,0.006288458,0.004918948,0.004070327,0.003484199,0.004511557,-0.00330424,0.003549705,0.002031055,5.66831e-4,0.00315577,0.002031891,-0.002061824,0.004804933,-0.001112773,0.001644155,-3.062861e-5,0.003770379,0.001023092,0.001124348,0.003452048,-0.00208416,3.78643e-4,0.003004191,5.171165e-4,0.001316654,-1.743719e-4,-9.74609e-5,2.317654e-4,3.687991e-4,0.001685055,0.001247335,0.001075169,4.900861e-4,-6.16581e-4,9.920914e-4,5.771593e-4,-1.094698e-4,9.868462e-4,0.00118305,0.001510294,7.823625e-4,6.899981e-4,0.001475854,2.972786e-5,0.002117257,0.001276846,6.779962e-4,0.001661261,0.001522348,0.001773416,0.001018582,0.001714845,0.001047562,0.002185064,8.022445e-4,0.00283434,4.209963e-4,0.00232199,0.00106568,0.001418905,0.001406505,0.001298116,0.004343999,0.001153225,3.575316e-4,0.0013932,0.002302053,7.034175e-4,7.254079e-5,0.001027124,4.552437e-4,0.00221,0.001691851,0.002028569,0.001895337,0.002884889,0.001541204,0.001088454,0.002368232,6.144552e-4,0.001225189,0.001287627,0.001565794,0.001595376,0.002127822,0.001842747,0.002660804,8.85176e-4,0.003422051,0.002073091,0.003355154,0.006445998,0.004529384,0.001634463,0.004495318,0.008095981,0.004232149,0.01122501,0.01455694,0.02290199,0.0181375,0.01938128,0.036619,0.03065642,0.02469102,0.03812436,0.03039279,0.0474614,0.0672695,0.1986018,0.9077204,2.203287,2.371086,1.366335,0.6762579,0.156316,-0.1500956,2.46291
250.076,0.03947796,0.03311969,0.05050154,0.05326174,0.04233396,0.03582415,0.05032817,0.02029781,0.01664903,0.0282849,0.01271512,0.01875738,0.009168207,0.005034227,0.02262069,0.009747554,0.01741139,0.01962323,5.659491e-4,0.001805635,0.01658731,0.008127107,0.00816134,0.006732736,0.00844602,0.006611654,0.008465323,0.005145766,0.003646994,1.379731e-4,0.01127331,0.01840716,0.01614334,0.0171648,0.02943463,0.01828402,1.997692e-5,0.01335292,0.02454167,0.01979473,0.01924983,0.02109042,0.02362315,0.0156035,0.01099882,0.01872956,0.02776799,0.02017758,0.01794348,0.01130203,0.02941779,0.01959073,0.01128697,0.01969018,0.01690527,0.02567503,0.01257431,0.01312581,0.01340138,0.008516954,0.01955551,0.006161247,0.006522541,0.01021927,0.01619613,0.00884935,0.01210629,0.005499466,0.001978196,0.009660412,0.006439889,0.007454223,0.005957107,0.01402183,0.007233075,0.002910364,0.00760797,0.01043859,0.00780402,0.01034037,0.008606528,0.005142885,0.005890337,0.004143969,0.003975348,0.008684187,0.002974665,0.007765634,0.00879319,0.002359479,0.003090097,0.004408967,0.001371444,0.003506325,0.005615577,0.002405109,0.004549382,0.005913961,0.007278798,0.003088173,0.003627623,0.002490869,0.003701809,0.002672004,0.002353363,0.002242979,0.001041192,0.002418442,0.002455427,0.001685577,0.001708332,0.001555203,0.001360865,0.002231823,0.002165964,0.002695088,0.00246546,0.002726393,0.003736925,0.002449323,0.003249232,0.00505652,0.003958472,0.00301847,0.002339683,0.004165688,0.00110197,7.119203e-4,0.003281554,0.001706144,0.00438358,0.002910284,0.004318357,0.005647806,0.004603617,0.003534391,0.004086554,0.003403382,0.004661355,0.002983196,0.005461562,0.002528666,0.003281879,0.003606071,0.006179504,0.003790374,0.00279597,0.003488087,0.004210107,0.005205836,0.005332691,0.005748249,0.006629088,0.004301232,0.002437268,0.005520063,0.005122537,0.004147509,0.003956751,0.005646502,0.006580097,0.00787674,0.008283389,0.005777386,0.004417132,0.006873669,0.006405644,0.01148276,0.01237764,0.01582233,0.02117828,0.03195089,0.04246268,0.0430043,0.04042545,0.05144061,0.04800963,0.0336605,0.05299843,0.05596641,0.09733805,0.1587567,0.8757535,2.623225,3.557933,2.172983,0.4604126,0.6871147,0.6554594,2.718713,8.258064
252.317,-8.129506e-4,0.006047938,0.02346257,0.0118488,-0.01421019,-0.006021698,-0.007694242,-0.002600965,-0.01356504,-0.01300266,0.002157183,0.001200712,0.007653897,-0.009873883,-0.001632237,0.01358509,-0.001911014,-1.842243e-4,0.00506977,0.002017245,0.003463794,-0.002454521,-0.004996897,0.004952267,-0.002357658,1.322261e-4,-0.003427963,0.001919189,-0.004535922,3.294329e-4,0.01160888,0.004337375,0.005870684,0.00127763,-0.02024648,0.01036547,0.008041161,0.01297247,0.003119619,0.003161682,-0.009688786,0.004727057,0.01084181,0.008670642,0.001947597,0.007345961,0.003604599,-0.001154643,-0.001813993,0.007691251,0.008500835,-0.01156628,0.0131386,-0.001196334,0.009087966,0.002508479,0.006834725,0.004212287,0.001377089,0.006877298,0.001859322,0.002892519,-0.008082158,-0.002428618,-1.738592e-4,0.001781702,-0.002957837,0.006801463,0.007785454,6.747894e-4,0.002067002,0.001721496,0.001958456,0.001838783,-0.002312734,3.084151e-4,5.712924e-4,0.002042521,-0.001015308,-0.001341454,8.622101e-4,7.72142e-4,0.001730298,-2.003604e-5,7.006861e-4,-0.002467537,-0.001038428,0.004047804,-0.003246414,-0.0037093,0.001562956,-3.782003e-4,0.002417483,0.003548201,-0.001051468,4.706374e-4,0.002544577,0.002175074,-0.001331218,3.877458e-4,-5.445855e-4,0.001868415,0.005062304,0.002755551,-3.917064e-4,2.343509e-5,-3.05562e-4,-0.001243614,4.404953e-4,4.46622e-4,3.49694e-4,7.577211e-4,-0.001429232,0.001885001,0.001876592,-1.073864e-4,4.012546e-4,-1.935218e-5,3.875897e-4,0.001459455,6.868574e-4,4.132762e-4,6.196901e-5,0.003030309,7.248695e-4,0.001097689,-4.973363e-5,-5.155945e-4,0.002823746,4.359591e-4,0.001637031,3.469717e-4,0.001163959,-4.332167e-4,-9.99316e-4,-5.786223e-4,0.001481135,0.001404262,0.001105482,7.708525e-4,9.983683e-4,0.002011611,9.171382e-4,0.001578578,0.001345184,3.503045e-5,0.00282599,0.001217561,0.002146239,0.002834346,0.003274818,0.001993386,0.001019346,0.003070503,0.001456172,0.003305749,0.003739849,0.003510935,0.001500286,0.001926962,0.005063806,0.004639421,0.003144443,0.004018657,0.004368566,0.004762866,0.006132738,0.009576835,0.0138998,0.01628217,0.02032382,0.02203822,0.03108279,0.02973664,0.03572702,0.0364993,0.03984856,0.05672621,0.05246974,0.05528479,0.1134283,0.5350537,2.065381,3.365507,2.385158,0.6408081,0.164656,0.3251902,0.4232434,0.1579065,4.694228
254.558,0.012022680000000001,-6.655288e-4,-0.001584326,-0.01664674,0.03097707,0.008781852,0.001191818,-0.001572714,0.01402361,-0.01743683,0.007519533,1.591603e-4,-0.004216723,-0.003149585,0.00281265,0.001999217,0.01157425,0.005020498,-0.007019646,-0.008208521,0.002479136,0.002480053,2.399025e-4,2.091261e-4,5.41216e-4,4.612952e-4,0.006493026,4.507545e-4,9.768628e-4,0.002782379,-0.005533417,0.004785635,0.01545214,0.003290164,-0.02106652,-0.00500931,0.001591464,0.006637065,-0.01209485,0.00111107,0.00477069,7.11535e-4,-0.004703364,0.002156243,-0.004286991,0.002259345,-0.001673725,0.00371184,0.002389315,0.005475884,-0.006968647,-0.01136704,-0.007749177,-0.006626962,-0.002253793,-0.00848419,0.01107722,-0.009336846,0.004801758,0.003068979,-0.002509574,0.003624707,0.002861161,4.729533e-4,6.59909e-4,0.001419692,-0.003866216,-0.003188829,0.002807563,-0.003919021,0.00254517,-3.083788e-4,0.001093637,-0.005228996,0.002681452,0.00141345,0.001696288,0.004380938,-0.001838199,2.215782e-4,0.001221797,-0.002475609,-0.003317258,-0.001961902,0.001631295,0.002644361,-0.003241399,-0.004569688,0.002387788,7.46647e-4,-0.001232065,7.800691e-4,-3.745648e-4,-0.003100345,-7.17155e-5,0.002285634,-0.001317615,-6.656873e-4,7.050541e-4,-0.003958598,-6.310592e-4,-2.908949e-4,-0.001006834,-6.441514e-4,-6.110925e-4,-0.00102895,3.290576e-5,5.439908e-4,0.001071579,-8.326074e-4,6.087062e-4,3.427602e-4,1.973973e-4,-0.001046691,-0.001024436,6.99576e-4,6.64027e-4,0.001482673,6.25357e-4,6.802639e-4,-9.28476e-4,5.534328e-4,0.001497491,-6.260327e-4,2.638276e-6,-1.807273e-4,0.002251679,-4.833645e-4,1.595025e-4,3.011009e-5,0.002753709,0.001278299,0.001059171,0.001767181,6.102091e-5,-0.001221774,0.001547166,0.002279315,9.351722e-4,6.504218e-4,0.00141939,-5.117778e-4,0.001978547,0.001874853,2.848711e-4,0.002339845,0.002082341,0.001097807,0.001732326,-3.592506e-4,0.002212717,-5.919362e-4,-6.742023e-5,0.001633224,0.003683834,0.001222386,6.789317e-4,0.001158784,0.002097382,0.003343082,0.004825628,0.004021554,0.003447657,0.002451964,0.00342403,0.004724951,0.004651906,0.005600659,0.01225497,0.01820353,0.02148453,0.02286661,0.03086754,0.03642044,0.03304246,0.03212062,0.04715361,0.03576395,0.0554175,0.09732036,0.3698101,1.43389,2.994484,2.631052,0.8654424,0.227526,0.1136565,0.07789992,0.3357679,-1.612301,-1.48685
256.8,-0.07593465,-0.03052688,-0.01649925,-0.03459,-0.08198988,0.003968628,-0.002288182,-0.04032742,-0.01809984,-0.009680548,-0.003823638,0.007143293,-0.02098464,-0.01357064,-0.01450841,-0.01593881,-0.01435326,-0.01767809,-0.01382857,-0.008739535,-0.009108929,-0.01131281,-0.004476847,-0.006463077,-0.006868561,-0.003369723,-0.00509581,-0.005423397,-0.003233291,-0.007157149,-0.009266429,-0.0156703,-0.01215437,-0.02235455,-0.02355981,-0.02030572,-0.02779781,-0.01115728,-0.03134358,-0.02326109,-0.00778281,-0.02133547,-0.009178673,-0.02345429,-0.01377977,-0.01865757,-0.01619017,-0.02142018,-0.006034149,-0.01487407,-0.01155555,-0.01125498,-0.00993128,-0.01198026,-0.01240378,-0.008562955,-0.01442658,-0.002216274,-0.006379254,-0.008275192,0.00618601,-0.007924977,-0.01208543,-0.008519311,-0.008218509,-0.01573313,-0.01646113,-0.008626051,-0.007062358,-0.007438565,-0.01377494,-0.001501813,-0.01027604,-0.001614802,-0.005090917,-0.004938701,-0.00403435,-0.01053209,-0.003563928,-0.0091645,-7.732327e-4,-0.006172648,-0.003008616,-0.003743436,-0.002846486,-0.007075673,-5.44774e-4,-0.006212038,-0.005536212,-0.002747418,-0.002100506,-0.003910083,-0.004640891,-6.137803e-4,-0.0024094,-0.002789123,-0.002418746,-0.003599088,-0.003611824,-0.004662462,-0.004102663,-0.002837078,-0.002167814,-0.003850416,-0.002179882,-0.001495923,-0.001665279,-8.872347e-4,-0.001143344,-0.001645824,-5.426222e-4,-8.103664e-4,-0.001291896,-5.955183e-4,-0.001254974,-0.001501917,-0.001269214,-8.094374e-5,-0.002381465,-3.379801e-4,-0.002786452,-0.002047262,-0.001597133,-0.002219241,-0.001172527,-0.00215314,-5.905843e-4,-0.001893223,-0.001663387,-0.002128328,-0.002456179,-0.003839078,-0.003320044,-0.0031392,-0.003274595,-0.004262415,-0.001069337,-8.036567e-4,-0.002220948,-7.779428e-5,-1.162012e-4,-0.003054501,-0.001459987,-9.594535e-4,-0.002732441,-5.743563e-4,-0.001479733,-1.496772e-4,-0.001856358,-0.001156207,0,-0.001358034,-0.001044721,-3.632096e-4,-4.744647e-4,-0.001820973,3.636044e-4,-0.001384387,4.746689e-4,0.002246524,7.875393e-4,-7.727956e-5,-0.002978633,-3.826848e-4,9.531868e-4,0.002357659,0.00187386,0.007919083,0.01450548,0.0187702,0.01645237,0.03415426,0.02522065,0.022442,0.02666125,0.01793457,0.02365703,0.03755117,0.06661624,0.2350234,1.113441,2.667928,2.699858,1.170148,0.1609184,-0.07597122,-0.06146865,-0.2136872,-1.310763,-1.436292,0.1790073
259.043,0.02962514,-0.001118995,0.01165727,0.003340419,-0.01301579,0.01200904,0.004921478,0.009210735,-0.01064638,-0.01159091,0.003661813,-0.01265942,0.008297697,-0.005576244,-0.003847094,0.007143777,-0.01117841,-2.306274e-4,0.001407251,0.004298122,-3.120337e-4,0.001941253,-0.004625805,-0.0019955,0.00729422,-3.478835e-4,-0.006227506,-2.191031e-4,-0.006502331,0.003669051,-0.002958527,-0.005912869,-0.009046005,0.02518316,0.007723008,0.00802387,0.01480782,0.01416888,0.007622653,7.794752e-4,-0.003062674,-0.004776769,-0.01382778,-0.004062771,-0.00514376,-4.880465e-4,0.01374229,0.005362327,0.008366588,0.009661182,-0.005525804,-6.81218e-4,-0.006179607,0.002245082,-0.002909196,-1.190084e-5,-2.559301e-4,0.005649549,-0.00112962,5.02195e-4,-0.004894107,0.007213639,0.004828595,-0.003342944,0.002646017,9.586939e-4,-0.001890571,-4.782425e-4,0.00234781,0.001847451,-0.001960196,8.422374e-4,1.127402e-4,4.010627e-4,0.00207184,0.002904635,-0.001561941,-0.001766634,-3.412341e-5,-8.932888e-4,4.590832e-4,-0.001720216,-0.004376445,-0.003751966,-0.002183501,0.002879604,0.002581053,0.00481795,-0.002492837,0.001559379,-0.001401047,-0.003510523,0.002726978,2.409723e-4,-3.803337e-4,5.924273e-5,0.001796449,0.00176459,-9.407289e-4,-3.532571e-4,4.156525e-4,0.001832509,2.793114e-4,0.001565131,0.00249056,-0.001050022,-3.102791e-4,-0.00112925,2.8084e-4,-0.001540717,3.073977e-4,8.014487e-4,7.896584e-4,-4.633321e-4,3.08108e-4,-6.235228e-4,-8.460476e-4,0.001072515,0.001283353,-2.412061e-4,0.00131047,-7.736554e-4,1.748825e-4,-1.300064e-5,7.550744e-4,0.001094282,4.068142e-4,0.00186427,0.001299529,0.001691693,-0.002354992,0.001684869,-6.083796e-4,4.852029e-4,3.273554e-4,0.002091639,0.00176101,-8.156401e-4,6.239627e-4,0.001044104,-0.002234676,9.349416e-4,0.003374653,0.002482042,9.32684e-4,0.002467182,7.774407e-4,0.001210297,0.003245089,0.001914158,0.001761367,0.001417994,-6.314348e-4,1.425408e-4,0.002002749,1.549254e-4,0.004436416,0.002104301,0.004717883,0.003018932,0.004155115,0.002435989,0.004676607,0.003757324,0.005412254,0.003112001,0.0149618,0.01785518,0.02111571,0.02469796,0.02928825,0.03207124,0.03060338,0.04001598,0.03883009,0.04440486,0.04599963,0.07587102,0.1666432,0.8309413,2.503821,2.824759,1.46715,0.3509361,0.07757672,0.1101958,0.03805153,0.1206822,0.3011146,1.612566,-0.3375097
261.287,0.02792738,0.009509198,0.02778578,-7.198022e-4,0.0131157,0.02430505,2.982246e-4,0.02594669,0.007709651,-0.009287532,0.02247096,0.01241627,0.01046972,-0.01286451,0.001070924,0.00884416,0.004097172,-0.001254624,0.008149367,-0.001931619,-0.001504221,-0.003322303,0.001003537,-9.645216e-4,4.454209e-4,-0.0017119,0.001797753,0.002532244,-0.001048325,-0.001344726,0.001322814,0.002697482,-0.01206651,2.880739e-4,-0.00357422,0.007220547,0.009179482,-0.001976948,0.005549692,0.01276713,0.009872966,0.01426382,0.004761837,0.014755,0.009959943,9.206789e-4,0.01238879,-0.006098099,0.008364686,6.461905e-4,0.005843117,0.002388901,0.0027945550000000002,0.009101984,-0.002677739,0.01377784,0.008070398,0.004356496,-0.004887999,0.001400315,0.002241888,0.008379401,0.001684728,0.009362227,-8.603269e-4,0.007583448,-0.001183793,-0.004026103,0.002754879,0.004638474,0.004697081,0.003173831,5.893995e-4,0.003097235,1.903164e-4,0.003412019,0.001152274,0.005237753,0.001472048,0.005146814,0.007850689,3.423385e-4,0.003661294,2.087254e-4,0.002323579,0.002260668,-0.001511784,0.001506033,2.062868e-4,-2.928555e-4,0.002340301,0.00316479,0.001393032,-3.583113e-4,0.001599371,-0.00182021,0.001019833,-8.674174e-4,0.00260085,8.105063e-4,0.001608418,5.918874e-4,3.315853e-4,6.214081e-4,-0.001473578,0.003263872,-2.14983e-4,-5.023063e-5,3.006134e-4,0.00141753,0.001828062,9.467934e-4,-2.148571e-4,0.00133438,0.001620966,0.001735578,0.00171624,4.461545e-4,0.003007119,7.088411e-4,5.326275e-4,0.002648313,0.00102127,0.003028647,0.001418224,0.002729526,0.002404107,0.001966923,-4.638964e-4,0.001092137,0.0048114,0.002258074,0.001563446,0.003878324,0.002389487,0.002422449,0.001802933,1.138873e-4,0.002088155,5.077568e-6,0.002326175,-6.081993e-4,0.001980407,0.003611408,0.00219377,0.002105111,0.001687044,0.001216612,0.001625534,0.003891918,0.001338305,0.0033933,9.942706e-4,0.005216739,0.004059644,0.003753745,0.004459514,0.00745463,0.005237006,0.004179082,0.00264838,0.003097377,0.003915742,0.003806264,0.005983425,0.01278937,0.01093242,0.02087752,0.02897986,0.03393911,0.0280364,0.04255671,0.03739035,0.04348623,0.04177278,0.0454211,0.07192229,0.1511214,0.5742614,1.989104,2.980168,1.839247,0.4472027,0.09764302,0.03072851,0.1713042,0.07607503,0.117437,0.3947885,2.768081,8.472963
263.532,-0.007917247,0.0480445,0.04934956,0.02660657,0.01744942,0.003622431,0.0397443,0.003567306,0.01213604,0.01911955,0.01351319,0.01885127,0.01468335,0.001224766,0.03225064,0.01875192,0.01687778,0.01739857,0.009429317,0.009614041,0.01428831,0.00676618,0.006382946,0.007631215,0.009176967,0.001725682,0.008625887,0.003761047,0.007546222,0.01241379,0.02003582,0.01352807,0.02988564,0.02307752,0.03703807,0.01956096,0.02034024,0.01236368,0.01568402,0.02722076,0.02112874,0.01891444,0.0219239,0.01595595,0.0151518,0.01803539,0.01206022,0.02444008,0.01007175,0.007047312,0.01162351,0.01230973,3.548915e-4,0.0132223,0.01012566,0.01384598,0.01351399,0.01162457,0.01822975,0.009334499,0.007319864,0.003079524,0.001639659,0.01253063,0.01208694,0.004141958,0.007779845,0.006984844,0.00486997,0.00940433,0.009235415,0.01091236,0.009774793,0.006656553,0.01128102,0.002760521,0.001674023,0.005860373,0.002692805,0.006813068,0.008117874,0.006269779,-0.004042912,0.001474956,0.005591662,0.001160102,0.008412092,0.004533392,0.007302695,0.004990759,8.634055e-4,1.995118e-5,0.003570565,0.002782566,0.003052004,0.00725026,0.003687119,0.005484686,0.004283419,0.004064855,0.004334007,0.00195645,0.002992809,0.002403819,0.001172939,0.003200401,0.004403857,0.002774906,0.002679014,5.244127e-4,0.001854857,7.955635e-5,0.002389228,6.919134e-4,0.002336135,0.001886488,9.012536e-4,0.002190923,0.001413312,0.001330112,9.674417e-4,7.297395e-4,0.00434948,-0.001424602,0.004268272,0.002720134,0.002698749,0.001033484,0.002750885,0.003190386,0.004035352,0.002894869,0.001960584,0.007560293,0.003887092,0.002404107,0.003377683,0.004510014,0.003083813,0.007028047,0.0022336,0.003686488,0.003948888,0.002676989,0.003220879,0.003892214,0.00634567,0.002850258,0.003171102,0.003988833,0.004064796,0.003257976,0.005941601,0.005472204,0.004707888,0.004263811,0.004624176,0.007102439,0.008456788,0.00353411,0.008771591,0.01012782,0.005382382,0.007321236,0.009077367,0.01632809,0.02499009,0.02622906,0.03900819,0.03383322,0.03991559,0.03546847,0.0443351,0.04586668,0.04543363,0.05207983,0.1384451,0.4044905,1.525214,2.695588,2.278098,0.6746034,0.1577134,0.1278416,0.113471,0.03026441,0.003439736,0.6567328,0.9380237,0.6317188,3.348508
265.778,-0.02077104,-0.01377813,-0.005110299,-0.02066564,-0.01267115,0.01139699,-0.003740359,-0.02516601,0.02087488,-0.03118298,-0.002912443,-0.01183989,-0.004325242,-4.274853e-4,-0.002313262,-0.007696402,0.003944174,-0.01213526,0.001122541,-0.006609454,0.001893417,-0.001637784,-0.003639386,-0.006492142,-0.01020632,-0.003060762,0.003224652,-0.002664117,-1.755595e-4,0.003406791,-0.00650234,-0.01256237,0.002590004,0.005928328,-0.01455257,-0.004159854,-0.008049049,0.002449128,-0.007051997,-0.0130072,-0.00226088,-0.008000574,-0.003464704,-0.005280993,-0.009099091,4.122769e-4,-9.229799e-4,-1.89413e-4,-0.005394454,-0.006908787,0.002400837,-0.008133478,-0.004578994,0.002126111,-0.004042586,-0.004781193,0.001782458,-0.008050118,-8.460542e-5,-0.001015913,0.003428319,-0.00281965,-0.002643214,-0.001401488,-0.003958088,-0.004747584,-0.006563886,0.001854593,0.001664332,-0.001322467,-0.005463886,-0.003510905,-0.00565816,-0.002281722,-0.001168453,0.001452117,-5.527028e-5,-3.00507e-4,8.463141e-4,-0.001089191,-0.002032064,7.320919e-4,-1.684617e-4,-9.008091e-5,-0.004937134,-0.001714069,-0.001281142,-9.840051e-4,8.382092e-4,-0.002433837,-0.001914161,-0.001776166,-5.919044e-4,-0.001400508,-4.464156e-4,-0.002876283,0.001677352,1.118496e-4,-0.004890554,-0.001437276,0.001678583,-0.002327879,-0.001391521,-6.502169e-4,1.494617e-4,-2.826106e-4,-0.001490594,3.246204e-4,-0.00179598,-4.010169e-4,5.59851e-4,1.008004e-4,-3.029807e-4,-0.001188649,-3.270562e-4,-0.001067294,-1.128292e-4,-5.600827e-4,-8.890685e-4,-2.82668e-4,-5.267469e-4,-0.001842267,-9.418447e-4,-0.002052985,-8.476071e-4,-0.001242425,-0.001226685,-6.344112e-4,4.1045e-4,-0.001301252,2.474713e-4,-6.749151e-4,-0.00223314,-0.002248028,-0.001035764,-0.001500869,2.00378e-4,0.001341033,-7.490501e-4,-0.002551082,0.001546395,2.949901e-4,0.002608583,2.1226e-4,-0.001710347,-2.622803e-4,0.003594824,-0.001776887,6.604473e-4,0.001553169,5.420309e-4,5.641805e-4,0.002495136,0.002643069,0.001516456,0.003437686,6.921596e-4,0.003956722,0.001177256,-1.646989e-4,0.002561581,0.004714689,0.003592907,0.003776567,0.01222677,0.01558426,0.02132749,0.02666076,0.0347966,0.03728641,0.03524889,0.03365551,0.03922693,0.03347646,0.04372176,0.06537077,0.2715249,1.21206,2.525757,2.342475,0.9747137,0.1366574,0.04323934,0.03502808,-0.01595261,-0.004281536,-0.02337887,-0.02590836,-0.2000686,-0.289891,-2.39506
268.025,-0.0516872,-0.0525719,-0.05403164,-0.02049109,-0.04404911,-0.02979249,-0.02460915,-0.02257869,-0.03478756,-0.0104448,-0.01018017,-0.006489305,-0.01415983,-0.003597656,-6.385705e-4,-0.009912725,-0.01694328,-0.0135136,-0.01766754,-0.008861911,-0.009688811,-0.01326714,0.0019512,-0.0101581,-0.009131384,-0.003191091,-0.00972771,-0.006197398,-0.002994388,-0.01580173,-0.0188165,-0.01061467,-0.02088948,-0.03078446,-0.006630868,-0.01974325,-0.009458417,-0.01813217,-0.008750164,-0.002277958,-0.01047982,-0.01992849,-0.005819466,-0.01183598,-0.01890855,-0.01620478,-0.02966999,-0.01939291,-0.004858128,-0.01384755,-0.008589799,-0.01595773,-0.009306113,-0.01053863,-0.001141686,-0.01405358,-0.01665933,-0.0112736,-0.002706291,-0.006994399,-0.005400573,-0.002540306,-0.009711105,-0.00521004,-0.01084354,-0.01382863,-0.004934289,-0.00557869,-0.005462302,-0.01067757,-0.006629812,-0.001091656,-0.005064447,-0.00553967,-0.00768344,-0.005270171,-0.005506827,-0.008976829,-0.008685856,-0.005348253,-0.008313835,-0.002726562,-0.006560374,-0.004287204,-0.003940481,-0.004768761,-0.003035432,-0.004633136,-0.003165598,-0.005090401,-0.004900023,-0.004541284,-0.004154727,-0.003989707,-0.001220683,4.271291e-4,-0.002960731,-0.003827921,-0.001757178,-4.798537e-4,-0.001159792,-0.004314669,-0.001657349,-9.543983e-4,-0.00136918,-0.001809559,-0.002151786,-9.510733e-4,-0.002146738,-7.922319e-4,-4.421274e-4,-7.83599e-4,-0.001315771,-8.537041e-4,-0.00248347,-7.326916e-4,-8.339063e-4,-0.001821357,-0.001657459,-0.00118865,-0.001653895,-0.002804234,-8.298483e-4,-0.00170017,1.029644e-4,-9.315424e-4,-6.150366e-4,-0.001504953,-0.002101401,-3.740322e-4,-0.002533632,2.414028e-4,-0.001662534,-6.05509e-4,-0.002620445,-0.003212465,-3.194444e-4,-0.001300084,-0.001891501,-0.001466719,-0.001020662,-0.002227017,-0.001946971,-0.002784192,2.812212e-5,-0.001546115,-0.001456624,-8.031278e-4,4.991715e-4,-0.001732488,-1.299612e-5,-0.001817733,-1.81024e-4,-4.146652e-4,-1.764993e-4,1.154249e-4,0.001790436,0.002319273,0.002916454,-4.344776e-4,-0.003008012,0.00447461,0.001250232,0.005998434,0.01105405,0.01508033,0.02332616,0.02677515,0.02639452,0.02657412,0.03035988,0.03242836,0.03558177,0.04102115,0.05603286,0.1603614,0.8266487,2.243681,2.420706,1.181134,0.1942256,0.01908918,-0.01035141,-0.001896202,9.336428e-4,-0.1277897,-0.1482044,-0.01921227,-0.5807461,-2.430529,-5.336498
270.273,-0.03308142,-0.01687784,0.004954438,0.02637984,-0.01256139,-0.02229174,-0.0331707,-0.01148039,-0.04466361,-0.0286415,-0.005159144,-0.006107434,-0.01145539,-0.005826942,-0.0264547,-0.02163441,-0.008475448,-0.01031045,-0.0117204,-0.001982826,-0.004621479,-0.0020005,-0.001925966,-0.01086531,5.416781e-4,-0.004172014,-0.006818252,7.302357e-4,-0.007224694,-0.009901114,-0.01530544,-0.01156622,-0.01445002,-0.03407057,-0.008609185,-0.004699086,-0.0139317,-0.004295774,-0.01157704,-0.02132197,-0.0220909,-0.002114853,0.003217357,-0.01475034,-0.01786675,-0.01001754,-0.004136303,1.086829e-5,-0.00349349,-0.01139417,-0.007758516,-0.004527061,-0.01016104,1.950715e-4,-0.008957051,-0.00560372,-0.002565647,-0.006817148,-0.00689656,-0.005878963,-0.002429949,-0.004543432,-0.009743693,-0.006222744,-0.00783495,-0.006385223,-6.498571e-4,6.380211e-4,-0.0108565,-0.002550399,-0.005535268,7.582128e-5,-0.004871105,-0.00732634,-0.001412071,-0.00157071,-0.002031131,-0.002479185,-0.0033595,4.678027e-4,-3.617869e-4,7.12104e-4,-2.838682e-4,-0.004837855,-0.004597124,-0.005521649,-0.00299722,-4.702708e-4,-0.003960286,-0.003125436,-7.095172e-4,-0.002721358,-0.001617366,-0.004937247,-0.002370185,-0.001442288,-0.004027739,-2.339266e-4,3.776499e-4,-0.002994152,-9.422843e-4,-0.002658998,-0.002039878,-0.002180046,-0.001378705,-0.002889099,-0.00167857,2.233772e-4,3.748169e-4,-0.001899683,2.036391e-4,-0.001086715,-9.887641e-4,-0.001016472,1.593865e-4,-0.001506871,-0.001792931,-7.645504e-4,-9.799176e-4,-0.001557403,1.63263e-4,-0.001564898,-6.1085e-4,-0.001175636,-8.934785e-4,-5.634304e-4,3.42207e-4,-0.001185074,-0.001324929,-9.823062e-4,-8.389753e-4,-0.001502289,4.6199e-4,-7.083917e-4,-0.00175959,-0.001379446,-6.274437e-4,-0.001076234,-0.002265042,-0.001130687,-7.582349e-4,-0.002828303,4.080479e-4,0.001231078,-4.032406e-4,-0.001670086,0.001388153,-0.00137327,-9.566262e-4,-0.00289591,3.963859e-4,0.001268312,-0.002267888,0.002493396,0.002628808,-1.979947e-4,0.002819144,0.002260577,0.001627292,-0.001341202,0.002933091,0.001544301,0.006665083,0.01070529,0.02037996,0.02308351,0.02383095,0.02643748,0.02489186,0.02526094,0.03513413,0.03111006,0.04617345,0.05357323,0.09120871,0.5123235,1.671965,2.440931,1.537802,0.3039475,0.04880958,0.02165793,-0.01017873,-0.0239734,-0.006086914,-0.02798994,-0.1134869,-0.02349659,-0.3977972,-0.9548968,-3.983635
272.522,0.01876277,0.01708788,0.04666676,0.02418867,0.04371222,0.01405023,0.02715069,0.02286102,0.02365001,0.01013744,0.02118638,0.009437191,0.01731459,0.01936853,0.005649535,0.008598018,0.01174678,0.01503777,0.009735034,0.007349197,0.004985483,0.008091174,0.007683678,0.001235632,0.004340849,0.007983107,0.003917023,0.0038086,0.003375493,-0.001360567,-0.007183675,0.005649457,0.005577668,0.01128805,0.01182968,0.01722681,0.003629981,-9.21332e-4,5.023937e-4,0.01178444,0.02340568,0.01049324,0.01117203,0.01164544,0.01520889,0.02514204,0.007051005,0.01480653,0.01270999,0.01128844,0.007669463,0.01003179,0.00835942,0.0109846,0.00461438,0.006222077,0.007663735,0.008769938,0.009196276,0.01127936,0.008218596,0.006333636,0.005599502,0.002390345,0.004544933,0.003003296,0.006184674,0.001923901,0.0039581,0.002901032,0.005220094,0.006482305,0.005320317,0.00540899,0.003101534,0.002029591,0.002269254,0.006076805,0.003128402,0.005778535,0.001995425,0.002237494,0.007164178,0.001195122,-0.001162446,0.003174651,8.462857e-4,0.005784883,9.436114e-4,0.004976573,6.84795e-5,9.084072e-4,5.485167e-4,0.004623098,0.004637624,0.00236918,0.001426738,0.003593286,0.004280521,0.006123332,0.003300716,0.001886494,8.62416e-4,3.517658e-4,0.00112297,0.001672951,0.003107074,0.001041579,8.642565e-4,0.001300806,1.990779e-4,-1.927854e-5,3.521332e-4,0.001111868,8.623283e-4,0.001814827,0.00129352,-1.761857e-4,0.003491923,1.440313e-4,0.001426582,0.004047602,0.002139499,8.706551e-4,0.002120925,0.001815483,7.028771e-4,0.001231118,0.001812744,0.002058084,0.004190643,0.003461862,0.003910428,0.001238681,0.001227488,0.001547816,0.001119949,0.002551655,0.00295732,6.482414e-4,0.002799303,0.001811644,0.002396402,0.001878801,0.002794544,0.003157657,0.00382404,5.979427e-4,0.004766094,0.00263406,0.004373311,0.004137658,0.005045224,0.00184777,0.003191575,0.005319872,0.004775239,0.007276846,0.007626797,0.007000828,0.002925627,0.006787859,0.01247297,0.01352284,0.02264468,0.03215764,0.03018225,0.03247417,0.03640887,0.04050775,0.04503857,0.0450495,0.05217022,0.08219702,0.3408794,1.253982,2.019359,1.612506,0.5049071,0.0794242,0.06209203,0.03383179,0.03015886,0.004336708,0.04542759,-0.01739508,0.09279961,0.1153739,0.3322807,-0.3390085,3.450243
274.772,0.03992749,0.02552038,0.02378983,0.0296593,-0.001428909,0.04635344,0.02934221,0.03247203,0.02756691,6.676674e-4,0.01092093,0.00845045,0.01672209,-0.002164345,0.01356311,0.01226257,0.003036478,0.01570702,0.01496334,0.005410045,-0.001790216,0.003579257,0.00415448,0.003897065,0.004747642,0.00401214,0.007329063,0.0022668330000000002,0.006296941,0.005373503,0.01723418,0.01041008,0.01614083,0.01052551,0.006904947,0.01059345,0.008054131,0.02165287,0.001590998,-0.009487612,0.01229129,0.009156427,-0.001232056,0.02198641,0.01414889,0.004234929,0.0100072,0.006077804,0.01000598,0.002760339,0.01037841,0.01923781,-0.001498088,0.006429104,0.0162277,0.009345582,0.01203806,0.006486135,0.001417811,0.01214297,0.006284513,0.009070857,0.005931161,0.006035726,0.01162665,7.804709e-4,0.002313237,0.01068491,0.005044406,0.004736958,0.005729947,0.00913333,-0.001110578,0.006538543,2.532701e-4,0.005459578,0.007993767,0.007434994,0.00538103,0.004484197,0.004908441,9.258576e-6,-4.800072e-4,0.004246664,0.001746149,0.001301403,0.005779288,0.002636033,0.002253441,0.001955078,-2.964757e-4,0.007633016,0.003179326,0.003399833,0.005898909,0.0025527,0.002801554,7.88412e-4,0.00105598,0.003930321,0.002711431,7.119983e-4,-1.411899e-4,0.002863848,4.691367e-5,0.002562291,0.001897182,6.360937e-4,-1.075975e-4,0.001800951,0.001738772,8.367312e-4,-3.601613e-4,7.088706e-4,8.441615e-4,0.00235798,7.63481e-4,7.270333e-4,0.002240446,0.002572102,0.002903487,0.003047803,0.002509424,0.002146864,0.001656205,0.002017139,-4.418285e-4,0.001798132,-1.419379e-4,0.001652357,0.001784412,0.001918353,8.424874e-4,0.00301599,0.003424549,0.002920414,0.004764198,0.001252485,0.004340602,0.001455768,0.001032766,0.003050671,0.004476737,0.002606669,0.001657003,0.003398073,0.003320817,0.002294458,0.003947988,0.002123533,0.002156998,0.00504606,0.003880978,0.004327431,0.004869957,0.004908606,0.004162082,0.005701434,0.00727692,0.002568511,0.01076869,0.01040699,0.01344111,0.02205447,0.02751469,0.02975377,0.03318195,0.03473668,0.03348518,0.03709776,0.03903494,0.0506245,0.07226297,0.2057543,0.8763577,1.731574,1.561183,0.5584812,0.1163292,0.06181887,0.05866651,0.03540602,0.03676578,0.02303172,0.02392464,0.05912549,0.1299911,0.31038,0.4918252,1.890673,3.412061
277.022,-0.003460845,-0.05337653,-0.01026665,-0.02977942,0.004267683,-0.02493125,0.001043589,0.0104861,-0.009210165,-0.006049885,-0.007115454,0.004271697,-0.009464646,-0.009712965,-0.007385077,-0.01456538,-0.01153396,-0.0124372,-0.007495705,0.001496556,-0.006863379,-0.002853653,-0.003296437,-0.005651852,-0.004808656,0.002498562,0.002568771,-0.001312738,-0.004935551,-0.0098432,0.00353555,-0.008549801,0.01683893,0.00280186,-0.005965633,-0.01918804,0.006502954,0.009920015,-0.01203362,-0.01051758,0.001787511,-0.001347881,-0.008281579,-0.01168172,-0.004007237,-0.004428624,0.002112887,0.008892471,0.002289166,0.003910516,-0.002180642,-0.01482127,0.00210078,-0.001119302,-0.01143715,-0.001213271,-0.006929851,-0.002803055,0.001830173,-0.005137964,-0.003056722,-0.002040183,6.740191e-4,-0.001086583,-6.043056e-4,-0.005772984,-4.686025e-4,-0.002048835,0.003122502,-0.00220975,-0.004849256,1.948053e-4,4.40359e-4,-0.002176038,-0.003571921,0.001250032,-0.002872127,-0.001255975,-0.003012649,9.396387e-4,4.506216e-4,8.204514e-4,-0.002044612,0.0030693,-0.006189505,-7.813456e-4,8.495152e-4,-0.001210907,-7.400829e-4,-7.201705e-4,-0.002627335,-2.480782e-4,-9.979497e-4,2.298584e-4,-4.149859e-5,0.001006277,-4.601274e-4,0.002004246,-6.118617e-4,-8.376287e-4,-0.002470886,-0.00126989,3.481046e-4,2.662273e-4,0.001373807,7.15398e-5,-4.214669e-4,-2.85717e-4,-5.50383e-4,-3.79195e-5,-4.135621e-4,1.772131e-4,1.500549e-4,-7.518444e-4,1.138715e-4,-6.616629e-5,0.001481744,-6.58372e-4,-0.001694053,-3.739408e-4,-2.926396e-4,-9.721931e-4,0.0014346370000000001,-8.410697e-4,-8.15361e-4,2.464949e-4,5.093049e-4,-0.002436445,8.090987e-4,-5.999641e-4,6.431609e-5,3.22008e-4,6.925795e-4,-0.001173153,-0.002696701,-9.98098e-4,-0.001655254,0.001116633,0.001674063,0.001575151,0.001460011,6.38058e-5,2.14593e-4,6.391111e-5,0.001215485,0.00138169,0.001609462,3.261807e-4,7.807564e-4,6.748133e-4,0.002352286,0.001072757,0.003298311,0.001881756,0.003384844,0.004265473,0.001555696,0.003857329,0.004867913,0.004600981,0.009838992,0.01068075,0.01527633,0.02772944,0.03005875,0.03150249,0.03578717,0.03328038,0.03093754,0.03816044,0.04895407,0.0592754,0.1156131,0.5901493,1.46625,1.580547,0.7396473,0.1427736,0.04430518,0.03225317,0.02556635,0.01434416,0.02990891,0.08798007,0.0123562,-0.05564836,-0.02879519,-0.1383347,-0.4132306,0.2833849,-4.730149
279.274,-0.006567567,-0.04024079,-0.01293267,5.57159e-4,-0.006229993,-0.02903609,-0.02455265,-0.01242761,-0.008368297,0.004997375,-0.005607969,0.00881238,-0.001828921,-1.763554e-5,-0.01160976,0.00505739,-0.01010093,0.002521386,-0.00369667,-0.003662015,-0.003486543,-0.006130004,0.001424534,-0.007378188,-0.002030889,-2.892008e-4,-0.002252268,-0.003610836,-0.002706031,-1.770791e-4,0.001485687,0.005205044,-0.02718516,-0.001847221,0.005061012,-0.007446651,0.008502218,0.002715198,0.01445273,0.00396701,-0.01048043,-0.001491932,-0.003518589,0.00802616,-0.007127639,-0.001446826,0.005924692,-0.004448369,0.00616097,-0.004423866,-0.006045242,8.093868e-5,0.002124487,0.005425107,-0.00728335,-0.006017296,0.002870521,0.00198836,-0.004195511,4.342434e-4,4.988904e-4,0.001881787,-3.193372e-4,0.004755042,-0.001257488,0.002902687,0.004988928,-0.002354857,-0.001858315,0.004623333,-0.003569691,-0.001319454,-0.004655538,-0.003378142,1.727278e-4,0.002095769,-0.00241971,8.297645e-5,0.001424415,-0.00016955559999999999,0.001326874,0.002647405,-0.004544169,-0.002700266,-5.419001e-4,6.647613e-4,0.001024803,-0.002150264,0.001611027,9.074126e-4,5.77244e-4,5.006487e-4,9.843013e-4,-0.002291403,-0.001864064,0.003397952,5.758706e-4,0.001471853,-4.886631e-4,-2.218979e-4,-7.389508e-4,0.002062223,-7.991177e-4,-0.001469591,6.98218e-4,-2.066469e-4,-8.291464e-4,-2.241746e-4,-3.713599e-4,3.745457e-4,2.257627e-5,-9.242911e-5,3.877652e-4,-0.001553907,-7.888125e-4,-5.165587e-4,-5.02455e-4,0.001076818,4.321352e-4,0.001479568,-8.968682e-4,5.315462e-4,7.578308e-4,-9.819364e-4,9.899468e-4,0.001981662,-4.442095e-5,3.928764e-4,4.771261e-4,0.001173187,0.00146272,4.303451e-4,0.001736958,0.002012164,-0.001766274,3.256191e-5,8.958626e-4,0.001546229,-0.001265825,0.001881481,-6.365734e-4,7.073053e-4,0.001089071,0.002597996,0.001040776,0.001249902,-5.806396e-5,-0.001024665,0.002327655,0.00199515,0.002361654,0.001635635,0.002133193,0.002689202,0.002751828,0.004061545,0.005483554,0.002146994,0.002742042,0.004950329,0.009497168,0.01539833,0.02004614,0.03027818,0.02945431,0.0290171,0.02821003,0.0339055,0.03910639,0.04200824,0.04828029,0.08755588,0.4096149,1.25358,1.498577,0.8401032,0.199827,0.0556101,0.06269717,0.04169885,0.0245217,-0.03858202,-0.01378682,-0.01766272,-0.006827251,-0.01556892,0.06288783,-0.03369603,-0.2496712,0.3938314,3.055922
281.526,5.544833e-4,-0.02150431,-0.005115227,0.01236709,-0.01211819,-0.01831396,-0.008675063,-0.003826473,-0.01481737,-0.009729071,-0.007481605,-0.008773704,0.001719432,-0.008292618,-0.007647101,-0.001854537,-0.009390071,0.006887663,3.306378e-4,-0.003038598,-0.001806024,0.001829729,-0.001614023,0.002825937,-2.813466e-4,-0.007223071,-0.001687202,-0.001443244,-0.00242217,1.112791e-4,0.001717104,-0.00138136,-0.00655529,-0.0127504,0.01232604,-0.001702968,-0.00871816,0.004663141,-0.00510172,-0.01102373,0.002755019,-0.0023094,-0.004978113,-0.002606046,0.004578068,-0.004704877,7.60097e-4,-0.0191184,0.001900093,-0.004496718,-0.001061407,-0.002322246,-0.005642347,-0.001566646,2.780024e-4,0.002757543,-0.003684145,-0.002050778,-0.002965144,-0.003539661,-0.01006285,-0.00575322,-0.00576472,-0.008438202,-0.002521965,0.006681075,5.895364e-4,-0.004654973,-0.00981558,0.00205659,-0.005584582,0.001266751,-0.001715466,6.102464e-4,4.816971e-4,-2.375939e-4,0.001326565,-0.00158412,-0.003292228,0.00626277,0.001580843,0.002805823,1.629539e-4,1.354129e-4,-0.002316203,-0.002754208,0.003530984,4.642888e-5,-0.004853568,8.930578e-5,3.891033e-4,-9.316648e-4,-0.002538586,-0.002448653,1.734813e-4,-0.003003287,-9.204575e-4,-0.001165075,-0.00111013,-7.445955e-4,-0.001693233,-0.001197307,-1.410509e-4,-0.001247726,7.997505e-4,-7.923249e-4,-6.682508e-4,-6.130702e-4,-9.29856e-4,-0.001473232,-4.814728e-4,1.571124e-4,1.314032e-4,7.167643e-4,-6.23837e-4,8.443586e-5,-1.291431e-4,-0.001268776,-2.216981e-4,0.001045353,-1.234861e-4,-1.297261e-4,-5.694526e-4,0.001230173,-9.309887e-4,-3.012039e-4,-5.948348e-4,-9.431705e-4,9.571432e-4,-0.001190188,-5.333346e-4,-3.422787e-4,-0.001878218,-3.515521e-4,6.072985e-5,0.001959619,0.001139697,-0.001715822,0.002587756,-8.380783e-4,0.001458457,-6.462092e-4,-3.727919e-4,4.350921e-5,0.001434727,-5.904407e-4,0.001523702,0.00136986,3.051e-5,0.001963129,0.001029355,0.001611382,6.223162e-4,0.002546696,0.003083898,9.345259e-4,0.00271148,0.003219554,0.004919306,0.0078472,0.01425915,0.01844791,0.02527978,0.03134061,0.02600491,0.03148906,0.02744903,0.03599933,0.03268084,0.04513184,0.07857619,0.2972237,1.005172,1.592593,0.9521917,0.2600108,0.05521815,0.03265522,0.0228926,0.02842079,0.02279111,-0.009286977,0.004115023,0.0555148,-0.001195697,0.01587833,0.05994744,-0.101879,0.1542529,0.2464377,0.9431302
283.779,-0.02377754,-0.002983231,5.635262e-4,-0.009655633,-0.01492791,-0.007904605,-0.007796032,-0.02455869,-0.001930381,-0.004384711,-3.229864e-4,-0.004321217,-0.00153982,-0.01152953,-0.005618298,-0.01873169,0.002866117,0.001812635,-0.004984373,-0.001179281,-0.002423953,-0.004328193,-0.002258477,-0.002785037,-0.001046127,3.566766e-5,-0.004044842,-0.003725502,-9.267609e-4,-0.00321004,-0.005919933,-0.007910957,-0.009553657,-0.01334131,-0.02909772,-0.003318137,-0.01200843,-0.01244835,-0.003859163,-0.003173501,-0.01078764,-0.005999939,-0.01380351,-0.01119607,-0.007521428,-0.01137577,-0.006815972,-0.002947328,-0.005518071,0.006855326,0.003969181,-0.002175621,-0.004371233,-0.00103728,0.00327206,-2.414036e-4,-0.01015562,0.001488108,-6.416228e-4,-0.001062051,-0.003274434,-0.005308361,-8.999358e-4,-0.007259686,-0.001286275,-0.004505443,1.745142e-4,-0.002754987,-0.001271196,-5.916839e-4,-1.614185e-4,-0.004884378,-0.004828078,-0.002111106,-9.329044e-4,-0.004714137,0.001218144,0.00117347,-0.00344601,-0.002889766,-0.003901971,-0.002228697,0.001966876,-0.002628837,-0.002680932,-9.587221e-4,-0.006647197,-0.002575641,-8.388564e-4,-0.004563004,-9.74181e-4,-0.00383228,-3.717574e-4,-3.109678e-4,-0.001541056,1.198695e-4,-0.001604762,0.001365456,0.001257645,2.544663e-4,-5.521258e-4,-0.002062745,-0.001356432,-0.001512992,-0.001011103,-1.628294e-4,-3.875337e-4,-0.001657778,-0.001077849,-7.858922e-4,-6.048183e-5,-3.053543e-5,-3.511748e-4,-0.001562573,-0.001046582,-0.002660438,-6.450972e-4,-9.6313e-4,-0.001453472,0.001146682,1.536305e-4,2.377273e-5,-0.001938353,-0.001962136,1.833044e-4,5.389203e-5,-4.218243e-4,-0.001256041,-0.001689531,2.136805e-4,-2.027346e-4,-5.139601e-4,-2.553572e-5,5.626237e-4,-0.001108717,-7.225015e-4,-0.001322982,-4.84358e-4,-0.001925477,-2.912282e-4,-0.001532306,6.12589e-4,4.83607e-4,0.002014307,0.001557654,4.903713e-4,0.001974724,0.001053872,1.073256e-4,0.001728653,0.002037589,0.001660574,0.002849211,0.001811176,0.004019983,9.386973e-4,0.002006267,0.005269861,0.007561562,0.006746949,0.01755508,0.02707159,0.02874924,0.02558106,0.02760719,0.02805146,0.02682215,0.03372346,0.03725702,0.05942193,0.1741909,0.7912467,1.56925,1.259591,0.3303704,0.06770947,0.04780386,0.04461777,0.03072128,0.01383148,0.03562774,-0.01139845,0.01460564,-1.614372e-4,-0.01597828,-0.03593967,-0.1809385,0.1451382,-0.1757039,0.2184501,-1.2476
286.034,-0.03393527,-0.02464085,-0.0374047,-0.03366129,-0.01782471,-0.03440761,-0.02600509,-0.002778399,-0.00453897,-0.01137188,-0.004557166,-0.008769866,-0.001491883,-0.00959273,-0.01361713,-0.01141573,-0.01045865,-0.006883548,-0.01161099,-0.004762512,-0.01324825,-0.006616925,-0.001286391,-0.003769604,-0.009820012,-0.003052166,-0.002304232,-0.007122199,-0.00622431,-0.005629632,-3.180465e-4,-0.01241447,-0.02515633,-0.006037769,0.001836657,-0.004113216,-0.01391589,-0.004627614,-0.001966573,-0.02659601,-0.008221058,-0.003951459,-0.00878328,-0.01044345,-0.007668803,-0.007085531,-0.01736238,-0.01723312,-0.01526328,-0.02083389,-0.004756264,-0.00831095,-0.002288784,-0.01406294,-0.01144852,-0.001293233,-0.01088952,-0.007657132,-0.00348021,-0.00296799,-0.006493518,-0.00574036,-8.341823e-4,5.310069e-4,0.00303909,-0.007805558,-0.005747702,-0.006465748,-0.006300924,-0.003902388,-0.006296898,-0.005034222,-1.123787e-4,-0.002887161,-0.00719519,-3.204448e-4,-0.003647039,-7.059021e-4,-0.002516122,-0.006010522,-0.002404676,-0.002555122,-0.005849088,-0.003543322,-0.004026708,-5.375247e-4,-0.001727817,-0.006486708,-0.003773743,-0.003413319,-0.004723772,-0.003387754,-0.004453488,-7.314266e-4,-9.125451e-4,-0.001381452,-0.003766787,-0.003487163,-0.004110017,-0.001302283,-7.083261e-4,-0.001118496,-9.320473e-4,-6.034248e-4,-0.00283303,-4.285004e-4,-0.001579365,-4.563099e-4,-0.001391008,-0.001296025,-5.186592e-4,-2.305856e-4,-0.001282211,-4.476832e-4,-8.491045e-4,-2.400649e-4,-9.614248e-4,-0.001506905,-0.002695566,-4.752164e-4,-0.001767643,-0.002086559,-0.002555015,-4.449338e-4,-1.027982e-4,-0.001526617,-0.001866228,-0.001554676,-4.614515e-4,-2.63708e-4,-8.76104e-4,5.296203e-4,-8.308739e-4,-0.001660614,7.135973e-4,-0.002183336,5.217437e-5,-0.001274472,-2.057412e-4,-8.803807e-4,6.002641e-4,-0.002453855,-2.092863e-4,-6.163271e-4,-0.001740422,0.001117747,2.181423e-4,-3.401296e-4,0.001931893,-6.357641e-4,3.672905e-4,0.001606381,0.002443204,0.001469335,0.001615336,0.002417928,0.002886585,0.004048641,0.008952714,0.01357868,0.0231722,0.02976544,0.03186677,0.02654725,0.023753,0.02786511,0.02968833,0.03587334,0.04700654,0.1337309,0.5617744,1.374008,1.464803,0.5532448,0.08493183,0.04897809,0.03233062,0.0297893,0.03284759,0.003920717,0.00981788,-0.01040942,0.02497904,0.002569144,0.02176733,-0.030599,0.04053891,-0.2349823,-0.4739848,-0.7646823,-2.650101
288.289,-0.01494467,-0.02576802,-0.01728979,-0.02126559,-0.02686631,-0.04377145,-0.02123413,0.02127601,-0.02152475,-0.00393015,0.001600524,-0.009395542,-0.01512198,-0.001333699,-0.01283065,-0.001174203,-0.01532999,-0.003685304,-0.006963127,-0.004304864,-0.005406944,-0.00344464,-0.005738346,-0.005589808,5.468005e-4,-0.002689374,-0.004356498,-0.006727835,-0.004095534,-0.004306981,-0.004275963,-0.02174039,-0.007645034,-0.02663671,-0.01282685,-0.008891521,0.001518592,-0.01636508,0.001758211,-0.01726346,-0.007209675,-0.004395596,-0.007612308,-0.004598324,-0.01300367,-0.001136618,-0.01293341,-0.0062505,-0.005301315,-0.008443156,-0.003266113,-0.006155471,4.617568e-4,-0.01410373,-0.007541454,-0.006850068,-0.005701276,-0.004561166,-4.09642e-4,-0.008539783,-0.001386308,7.391113e-4,-0.005689138,-0.007410436,-0.001308563,-0.003741937,5.82344e-4,-0.01055126,-0.003040202,-0.006140416,0.004673398,-0.002271281,-0.006649317,-0.005848624,-0.001598622,-0.006427976,-0.003446137,-0.003353387,-6.951598e-4,-0.004028098,-5.129241e-4,-0.001948162,-0.00466687,-0.003649119,-2.085169e-4,-0.00204949,-0.001031307,-0.004494182,-0.004370765,-0.002666412,-0.003071748,-6.711729e-5,-2.087709e-5,-0.005228587,-5.934673e-4,-0.002253838,-0.001898263,-2.234924e-4,-0.001170661,-0.00414436,4.805998e-4,-0.001254801,-0.002512781,-0.001169327,1.065705e-4,-4.905938e-4,-0.002419449,-0.001985121,-0.001177271,-9.025593e-4,1.830391e-4,-5.639277e-4,-9.76784e-4,-8.391587e-4,-5.27226e-4,-8.450669e-4,-2.60151e-4,-0.001242151,-0.003071451,-0.001182198,-8.041217e-5,-0.001690858,-1.039018e-4,-7.741018e-5,-0.001175185,-0.001329939,-0.00193139,-0.002552604,-3.382003e-4,-9.109385e-4,-0.001692918,-0.002489383,-0.001495537,-0.001512591,-0.003978868,-0.00120181,-0.001377414,-0.001680533,-0.001795542,-8.649167e-4,4.000846e-4,-0.00147294,-0.001054759,4.060773e-4,-0.002014324,-0.001538957,-9.616877e-4,-0.002773111,-5.58277e-4,1.797764e-4,0.001597503,5.693561e-4,0.002882261,0.0023439,0.002098508,0.003062033,0.002742734,0.003968661,0.0104259,0.0206002,0.02874007,0.02868677,0.02742295,0.02927052,0.02614631,0.02864166,0.03626023,0.04272556,0.09722487,0.429953,1.155268,1.434262,0.8457872,0.1525759,0.04958818,0.04732832,0.03463812,0.03351423,0.02715988,0.01282311,-0.0244907,0.02897501,0.02702023,-0.02039208,-0.03795579,-0.04909399,-0.01867748,-0.1676817,-0.3949363,-1.180687,-2.606564
290.545,0.0200345,0.01546044,0.02602393,0.05466111,0.00440482,0.03855474,0.00363217,0.02104845,0.02888636,0.009869604,0.02159264,0.01591257,0.01256209,0.009358764,0.01505532,0.01332937,0.01417915,0.003247253,0.003047079,0.0057441,0.002054383,-5.575498e-4,-4.790863e-4,0.003662397,0.004939055,-0.001839222,0.00598361,0.00165825,0.002733995,0.008773783,0.007628281,0.005454258,-0.00267538,0.01706241,0.001120985,0.01355619,0.008953762,0.007885716,-3.768567e-4,5.904339e-4,0.01099985,0.02884397,0.006153463,0.00549295,0.003428215,0.00761848,0.008002553,0.007698641,0.002735537,0.01102335,0.002781255,0.007496735,0.007967343,0.01514029,0.002739282,0.006032392,0.009072805,0.008655895,4.220787e-4,0.009546168,0.002988062,0.006781885,0.005317371,0.006972015,0.008783296,0.004667942,0.007450718,0.006448268,0.001486006,-0.00381455,0.006041922,0.008063092,0.006508473,0.003674963,0.006700671,0.005541108,0.00364526,0.007166907,3.285834e-4,7.246352e-4,0.004992014,7.884448e-4,0.002293712,0.002986008,0.002535745,0.001417193,0.004752946,0.00133116,0.001873825,0.003061004,0.002962771,7.992384e-4,0.003754207,-5.347252e-6,0.002635737,0.004825844,0.001978926,-3.507752e-4,6.547527e-4,1.978299e-4,0.002995298,0.002389847,0.001137077,-7.946444e-4,2.225303e-4,0.001028501,0.001741971,7.937419e-4,1.306678e-4,0.001011299,0.001093802,5.026415e-4,0.001015514,0.001638655,0.001974893,0.001162491,0.001467438,5.121684e-4,0.001039845,0.001990328,0.001484201,0.001909294,4.14477e-4,0.001791713,0.002472937,0.003028732,0.00119494,0.001933301,0.001518285,0.002777,0.002284229,0.001918423,0.003164469,1.525039e-4,0.00282555,0.001955531,0.001533354,0.00521924,0.003267792,0.002605988,0.002053823,0.003323717,0.002120397,0.002558233,0.001210785,0.002411451,0.002930874,0.003480483,0.004425933,0.003435444,0.00412851,0.004912676,0.005396315,0.005556718,0.007131017,0.004844473,0.007759101,0.01254895,0.01847337,0.02283365,0.03140375,0.03345771,0.03338371,0.03188943,0.02965944,0.03262709,0.03970307,0.06782121,0.2992023,0.9839358,1.42102,0.943584,0.2844379,0.0669575,0.05317621,0.06062231,0.05959636,0.04925391,0.02594889,0.05782829,0.03629466,0.03677195,0.06303936,0.06192747,0.06917017,0.05150304,0.20318050000000001,0.172574,0.2477656,0.9011763,4.327072
292.802,-0.01491519,0.01014969,-0.004776695,0.001702165,-0.01740211,0.0184476,0.01483682,-0.008872071,-0.01979021,0.008649664,-0.005712867,-0.002391392,0.006227579,-0.006162537,-0.01456804,0.00183181,-0.0030924,9.054714e-4,0.002135297,-3.280292e-4,-0.00164015,0.001091501,3.787709e-5,0.005150009,0.001001116,0.001318329,-7.08487e-4,-2.526201e-5,5.62695e-4,-0.004004101,0.004958135,-0.003565209,0.01232403,-0.005137971,0.003891515,-0.008777906,0.005611723,-8.140095e-4,-0.005757078,0.003900519,-0.009244737,0.002335861,0.001376676,0.003064886,-0.01318262,-0.00319241,0.003840372,0.001744419,-0.002364542,-0.01033884,-0.001690304,-0.006063335,-0.004226328,2.170357e-4,-3.51065e-4,0.00322903,-0.0103315,-0.003953657,0.004718444,0.001067777,0.002622547,-0.004623675,-0.001245215,3.361382e-4,-0.005490411,-0.001244492,3.3638e-4,-0.001342899,-0.004334579,3.542436e-4,-3.605582e-5,-1.842706e-4,9.818869e-5,7.993583e-4,0.004672013,-0.001472963,3.79261e-4,2.505806e-4,3.067924e-4,0.001790709,5.561769e-4,-5.379311e-4,-6.618128e-4,4.228527e-4,-0.002372783,-6.200855e-4,3.572798e-4,4.698846e-4,-3.340362e-4,-0.00356654,0.001187819,0.002123613,-0.001319863,0.001643844,-0.001142226,6.818613e-4,9.226533e-4,2.292353e-4,0.002380178,0.001231562,0.001219963,0.001818224,-9.759888e-4,2.613683e-4,2.072279e-4,-1.306696e-4,0.001567053,1.926133e-4,-1.211937e-4,3.056847e-4,-1.823625e-4,3.574484e-5,8.021218e-4,9.595939e-5,-1.716181e-4,-3.419385e-4,6.004098e-4,1.814699e-4,6.563114e-4,-0.001134581,-8.666943e-4,7.923447e-4,-0.001183268,-2.238498e-4,-1.995298e-4,-5.031901e-4,2.628978e-4,1.328626e-5,-0.001007712,0.001526452,4.583493e-4,0.001105935,0.001051228,7.384029e-4,6.881991e-4,0.001990334,1.762795e-4,-0.002166477,0.002150117,5.632921e-4,0.003007101,0.001239327,0.001712754,0.002125578,0.001592855,-4.037005e-5,0.002043061,0.002779601,0.003275376,0.001508128,0.003128685,0.001419527,0.002833791,0.005362241,0.003134257,0.008157868,0.01070514,0.0172472,0.02482503,0.02743222,0.03421981,0.0344738,0.03027845,0.03129027,0.03227522,0.0362543,0.05271531,0.186049,0.7793015,1.400608,1.081237,0.3640148,0.07556445,0.06353699,0.05585228,0.05647703,0.06461077,0.03772104,0.052959440000000003,0.02033146,0.03668054,0.03381236,0.02369342,0.07293803,0.03017426,0.05062876,-0.02389037,-0.02084624,0.045172,1.491614,0.002636106
295.06,-0.0160392,-0.02696367,-0.01339828,-0.01315937,-0.010811049999999999,0.007861354,-0.009384213,-0.002583228,-0.004853144,-0.009894507,-0.009406461,-0.01470356,3.484617e-4,-0.00339383,-0.0139657,-0.003466681,-0.01019085,0.002721789,-0.002539189,-0.002729586,-0.0024792770000000002,-0.003719465,-0.001826607,-0.002689086,-0.003977267,-0.004957258,-0.002330092,-0.005149126,-0.004883526,-0.002800355,-0.003496107,-0.011781990000000001,-0.01465952,-0.01294236,-0.002391171,0.005543387,0.00133424,-0.008352486,-0.004838909,-0.007014511,-0.01305978,-0.01199265,-0.01366793,-0.002428063,-0.008390761,-9.674156e-4,-0.006640914,-0.005280344,-0.009155969,-0.005965642,-0.002520842,-0.004394631,-0.007756912,-0.001625664,-0.005740377,0.006236192,0.003781361,-0.007620001,-0.00822813,-0.007378572,-0.007122656,-0.01204275,-9.149312e-5,-0.008573506,-0.00101373,-0.00491212,-0.003345674,-0.001716416,-0.002696527,0.00265329,-9.152778e-4,-0.005637896,-0.002074366,-0.004302528,-0.004951259,-0.005863353,-0.0043820660000000004,-0.001622796,-0.005593607,-0.001069741,-0.004099734,0.001415067,-0.001130431,-0.001796101,-0.003984253,-0.001353146,-0.004089344,-0.002079233,-0.001822205,-0.003680131,-6.072909e-6,-0.001725805,-0.002382905,1.968904e-4,-0.001236083,-0.00193974,-0.004103899,-0.002922001,-0.002070385,-2.392114e-4,-0.001438325,-0.001575833,-7.486064e-5,1.533402e-4,-0.001604503,6.607089e-4,1.223615e-4,8.988916e-4,-0.001752749,7.779318e-5,-0.001762406,-9.637928e-4,-4.427632e-4,-0.001152613,-7.023587e-6,-8.624167e-4,-3.304986e-4,-3.356167e-4,-6.909615e-4,9.954274e-4,2.319355e-4,-0.001424898,-0.001305603,-9.479264e-4,-2.196415e-4,-5.527295e-4,-7.738362e-4,-3.697956e-4,-1.687725e-4,-7.698977e-4,-0.001414399,1.354415e-4,-6.637976e-4,-8.826851e-4,-1.465184e-4,-5.103699e-4,4.473408e-4,-7.608664e-5,-3.84935e-4,4.130094e-4,-0.002573839,-9.554032e-4,-0.00200623,0.001282168,2.953468e-4,3.989505e-4,0.001837206,-3.868798e-4,-7.466815e-4,0.001848807,-0.001156775,0.001787791,0.003249388,0.002873848,0.004858716,0.006171235,0.01129387,0.01641945,0.02288099,0.02615396,0.0280218,0.02967467,0.03003036,0.03394976,0.03259107,0.04259368,0.1062473,0.5670408,1.275351,1.212093,0.4648664,0.09752042,0.05518936,0.05838774,0.05948674,0.05458692,0.05107161,0.04834287,0.02138672,0.01875268,0.03929678,0.03855178,0.02782652,0.0142541,0.04720999,-0.03253594,-0.091752330000000007,-0.08931424,-0.608892,-0.6467027,-0.09960235
297.319,0.02931984,0.01334139,0.02557489,0.02346521,0.01667106,0.001894818,0.01391078,0.01591749,0.01008206,0.01523019,-0.008170964,0.004157059,0.005291695,0.01244014,0.01828858,0.005974913,0.005983462,4.73746e-4,0.006970619,0.003672306,-4.502778e-4,0.001694476,0.001236721,-2.333223e-4,0.00260614,0.005859506,0.006978463,0.003811035,0.006084348,0.004911477,-2.091128e-4,0.003079176,0.0159854,0.01826039,0.01575018,0.01011103,0.004557594,0.008169026,0.005307893,-0.001301843,0.009740686,0.002511438,0.006074022,-0.001602526,0.001515898,3.09529e-4,-0.00239557,0.006836739,-0.003137284,-5.992006e-4,0.009561306,4.067429e-4,0.006749442,0.005678581,-7.112816e-4,0.00836695,0.003936687,0.004073966,0.009016397,0.004498139,4.698671e-4,3.868484e-4,0.001292678,0.004598705,0.004627357,9.85475e-4,0.004235341,0.004509678,3.956736e-4,-0.003333333,0.002312663,0.002637007,0.003242736,-2.530771e-4,0.003540873,0.004069107,0.006622606,0.003931608,0.002627738,0.002922334,8.642239e-4,0.002620852,0.003238485,0.00350441,3.408903e-4,0.002407681,0.005190738,-2.324904e-4,6.585729e-4,0.002066154,9.912891e-4,0.002905576,0.001190338,5.054274e-4,0.00258537,0.00114289,0.002360781,1.647778e-4,0.002216623,0.003281503,0.001784494,7.994226e-4,-3.135539e-4,6.179152e-4,8.361701e-4,0.003028832,-1.2074570000000001e-05,-1.054933e-4,-1.979489e-4,7.087008e-4,3.774755e-4,0.00133291,6.915783e-4,2.673059e-4,9.226513e-4,9.292615e-4,4.002359e-4,1.062646e-4,0.0010761,0.001003072,0.001683726,0.001855193,0.001163474,-4.792551e-4,0.001332507,0.002172037,-5.004138e-4,2.908516e-4,0.001909536,7.654834e-5,0.004291267,0.001573386,0.001238651,5.286034e-4,0.002541895,6.007923e-4,0.001031566,0.001905857,0.003361757,0.002106003,0.001338316,0.001326836,4.233237e-5,9.638297e-4,0.002025986,0.003309941,0.003375985,0.00185047,0.00200183,0.002575649,0.004075028,0.002967024,0.006013794,0.00751435,0.009797688,0.01308604,0.01810098,0.02346457,0.02967175,0.0310075,0.03490093,0.03484516,0.03573547,0.03579286,0.04017912,0.07830032,0.3917609,1.124588,1.281415,0.628676,0.1296304,0.05912247,0.06036901,0.07257846,0.07357977,0.06231101,0.06118172,0.04344763,0.05382363,0.05888652,0.05962323,0.05417399,0.03472423,0.06673697,0.1017631,0.1141481,0.08237229,0.1926861,0.4512073,1.075998,5.449304
299.578,0,-0.02151047,-0.01313522,-0.006476428,-0.02426046,0.001427178,-0.005135735,-0.02567225,-0.01720437,2.452646e-5,0.005959921,-2.787394e-4,-0.005546016,-0.002782378,-0.005962977,-0.008678142,-0.01414977,-0.006597295,9.012768e-4,5.993156e-4,-0.002988729,-0.003316519,-0.00435293,-0.002931328,-0.003977785,-0.004095656,-0.002331514,-0.005347136,7.866961e-4,-0.004592748,-0.008938396,-0.005445535,-0.01176594,-0.003429159,-0.002662436,-0.00611251,-0.01531155,-0.01067044,-0.00742249,-0.009215303,-0.003013975,0.002685288,-0.006857333,-0.008241221,-0.007480306,-0.00231561,-0.008290061,-0.02068711,-0.006433484,-0.009537073,-0.007283032,-0.001885753,-6.842154e-4,-0.006113002,-8.037716e-4,-0.003614472,-0.003460661,-0.002367208,-0.002614963,-0.009445195,-0.004065312,-0.002747127,-0.001345399,-0.005540289,-0.002620458,-0.008071308,6.677599e-6,-0.00464676,-0.00300061,-0.005784775,-0.00145977,-1.171293e-4,-0.001467525,-0.00280267,-0.003098868,-0.001990602,5.247447e-4,-0.002665025,0.002356243,-0.004279703,-0.002832405,-0.005102631,-0.004486389,-0.001386868,6.448438e-4,-4.314403e-4,-7.819596e-4,-0.003792324,-0.001784787,-0.00132319,-0.002258521,-0.00206442,-0.001140742,-0.003507498,-0.00297665,1.281158e-4,-7.16278e-4,3.034855e-5,-0.003688844,-0.003681334,-0.002163858,-0.002122615,1.426006e-4,-0.00130329,-0.001171974,-7.556043e-4,4.226627e-5,-0.001316422,-7.337696e-4,-2.076793e-4,-4.679156e-4,-5.547724e-4,5.750198e-4,-2.580555e-4,-5.847694e-4,1.304263e-5,-4.633821e-5,-0.001193216,-6.763403e-4,6.043171e-4,-3.258667e-4,-0.001572933,0.00138971,-7.062413e-5,-6.876106e-6,4.885273e-4,-1.571152e-4,7.050014e-4,-9.706028e-4,-0.001554401,0.001172194,-6.772877e-4,-2.034945e-4,-8.272373e-4,-0.002788308,-0.002657059,9.571603e-4,3.490033e-4,-0.00178633,4.110505e-4,-0.001580523,5.485231e-5,-1.182572e-4,-2.027288e-4,0.001015428,3.591846e-4,0.001161787,9.224168e-4,0.001528453,0.002196553,0.00205236,0.002222015,0.00223822,0.005381068,0.009470176,0.01399646,0.02205402,0.02443661,0.0245324,0.02976327,0.02906574,0.03399853,0.03300344,0.03709996,0.05323761,0.2477766,0.8875762,1.312065,0.7715569,0.1815342,0.05317099,0.0571605,0.06541526,0.07309182,0.05979622,0.05420467,0.06552332,0.0479893,0.0579422,0.05156759,0.05922525,0.06337947,0.03325955,0.05492071,7.589872e-4,0.02741237,-0.01078278,0.1434,-0.2482678,-1.796746,-2.847939
301.839,-0.02231362,-0.030565,-0.03672104,-0.02621187,-0.03009885,-0.02385933,-8.322472e-4,0.00343646,-0.01374838,-0.04881776,-0.0160817,-0.01190208,-0.008173384,-0.01215293,-0.01447825,-0.01257516,-0.01578735,-0.008701807,-0.01034192,-0.008121986,-0.008162249,-0.005154579,-0.002377737,-0.006707295,-0.004255981,-0.004895247,-0.004343464,-0.003690516,-0.008353508,-0.004925829,-0.011171,-0.004497168,-0.01319896,-0.00597277,-0.02416632,-0.01365896,6.142062e-4,0.002387292,-0.01543331,-0.008993555,-0.01358344,-0.007041809,-0.01673123,-0.004037269,-0.01612587,-0.003005005,-0.006228617,-0.01898609,-0.002281329,-0.001275193,-0.01397011,-0.006697366,-0.01145436,-0.01010425,-0.001534497,-0.008849512,-0.007895766,-0.004609721,-0.004068583,8.628082e-4,-0.01146669,-0.008731833,-0.003213866,-0.002217519,-0.0107391,-0.002813912,6.539218e-5,-0.009725028,-0.003012925,-0.007335666,-0.008480028,-0.004924157,-0.002272534,-5.543009e-4,-0.004721749,-0.001810211,-0.004973744,-0.003863313,-0.003522017,-0.005062656,-0.003033393,-0.001072978,-0.002055068,2.379635e-4,-0.005624366,-0.003641361,-0.00503812,-0.003187963,-0.00425171,-0.00419021,-0.002942628,-5.038857e-5,-6.505938e-4,-0.002329437,-0.002438355,-0.001896954,-0.002233356,-0.00196919,-1.702395e-5,-0.001632866,-0.003021956,-0.001633384,-2.669106e-4,-9.460402e-4,-0.00135033,-0.001378035,-8.201295e-4,-0.001570395,-0.001717588,-4.106435e-4,-7.353718e-4,-7.594238e-4,-8.653796e-4,-3.985427e-4,-0.001239547,-0.001199443,-0.001258947,-0.001151962,3.299446e-4,-0.002635784,-0.001150357,-2.366813e-4,-0.002419341,-0.002100293,-9.444177e-4,9.969045e-6,-0.001517793,-0.003615217,-0.001223345,-0.001582122,-0.002757661,0.001138266,-0.002514729,-0.001271623,-8.498257e-4,7.023675e-5,-5.600564e-4,-4.864951e-4,3.108289e-4,-4.441692e-4,0.001035975,8.154078e-4,-0.00159203,0.0012138680000000001,0.00209994,0.001697764,6.239536e-4,0.00252826,7.369166e-4,1.547115e-4,0.002975855,6.399273e-4,0.002155431,0.008797733,0.01211574,0.01636048,0.02223561,0.02423642,0.02561802,0.02834216,0.03018057,0.03403812,0.03147448,0.04469398,0.1495383,0.6620083,1.256076,0.9518517,0.2690807,0.05987981,0.05586123,0.06220028,0.06360485,0.07250495,0.07581547,0.06616517,0.07230279,0.06246255,0.05912003,0.04852091,0.05019106,0.05603737,0.06751693,0.04201756,0.02677367,0.02364695,-0.03046541,-0.01909831,-0.6064483,-1.358081,-4.186587
304.1,0.008532927,-0.002747192,7.417879e-4,-0.005681904,-0.02089661,0.01136695,0.020854,0.01207432,-0.005395984,-0.002614735,-0.01216398,-0.002981742,-0.007825764,-0.002825462,0.001678129,0.003727708,-7.082442e-4,0.006248869,-7.85621e-4,3.344204e-4,-6.436964e-4,-0.003959245,-0.001109639,-5.035747e-4,-6.351374e-4,-0.001374565,-0.001040591,-0.003897035,-8.695604e-4,0.00219033,3.276105e-4,-6.01153e-4,-8.060414e-4,-0.01241541,0.008098385,0.004245828,-0.004669793,0.003066035,0.005056706,-5.8902e-4,0.006057951,0.001275565,-6.34599e-5,-0.00454525,-0.005115122,-0.004214544,-6.438198e-5,-0.01063201,-0.006068886,-6.544809e-4,-0.009363853,-0.002656723,0.00222367,-0.002519487,0.002285325,-0.00370927,-0.01093005,-0.007048203,-0.00790083,-0.005342566,-0.00303627,-0.003636025,-7.657707e-4,0.005568264,-0.001635323,-3.83413e-4,-0.005086445,2.437993e-4,2.033102e-4,-0.001577868,0.002494433,4.422044e-4,4.562161e-4,0.001490296,0.001751961,-0.001372776,-9.36238e-4,0.002228626,-0.005196423,0.003786811,3.355678e-4,6.131088e-4,0.001259683,0.001608942,2.057734e-4,0.001364983,-6.361708e-4,-0.001388148,5.123336e-5,-0.002319606,6.866154e-4,-0.00459116,2.185293e-4,7.582916e-4,-6.456166e-4,-0.003122606,4.051693e-4,-0.001188615,0.001491421,3.272423e-4,9.11049e-4,-3.547829e-4,-4.093629e-4,-0.001227184,-0.001071731,-0.001578418,1.164185e-4,-7.090377e-4,6.481721e-4,5.573651e-4,2.774726e-4,-6.746549e-4,4.040901e-4,7.525148e-4,-5.325712e-4,1.916375e-5,3.997574e-4,-3.380349e-4,7.91959e-4,-8.141573e-4,-0.001495901,2.587589e-4,-6.049086e-4,5.220031e-4,-5.975295e-5,8.59367e-4,-7.15485e-4,0.001667252,-6.815181e-4,-0.001049461,1.111996e-4,0.001085017,-0.001025545,-3.784476e-4,0.001587697,9.955674e-4,0.001033312,-5.225086e-4,-3.813066e-4,-1.296967e-4,-3.423646e-4,7.743695e-4,1.94707e-4,0.002147964,0.00200463,-3.561237e-5,8.986138e-4,0.002786888,0.001590799,0.00275208,0.003038005,0.005264961,0.009085853,0.01207445,0.0157774,0.02355155,0.02556741,0.02669074,0.02835664,0.02973655,0.03385237,0.03422287,0.04395654,0.1030982,0.4675271,1.12459,1.101656,0.400055,0.06915624,0.05584706,0.05644597,0.06621455,0.07744132,0.08225944,0.08332007,0.08688598,0.08346084,0.0733624,0.0839637,0.07942244,0.07302162,0.0731369,0.05966519,0.06727252,0.09916467,0.1346119,0.1395106,0.1164086,0.2685111,0.9996291,-3.345069
306.363,0.01606712,0.01775117,0.005135677,0.01536873,0.005022888,0.009966934,-0.0139007,0.01521613,0.01355434,0.00296646,0.002575428,-0.002077624,-0.002537013,0.001427619,0.00983737,0.003829571,0.006265437,0.004018473,0.005956917,2.135372e-4,9.397863e-4,0.003103154,-1.559969e-4,0.006402163,0.003304357,0.006865632,0.002290694,0.003334137,-9.349301e-4,0.004030271,-0.001088926,0.003822746,0.003505909,-0.007501181,0.01651442,0.01882614,0.01187302,-8.416923e-4,9.247337e-4,0.005342658,7.496128e-4,0.002332581,0.006342854,0.01005108,0.01153617,0.007558114,0.01387584,0.001055908,0.006461865,0.004350964,0.001237168,0.007825227,0.009566532,-0.001957934,0.01069594,0.006091172,-0.001188601,0.001002693,6.32112e-4,0.007142996,0.004242606,-0.001618745,-0.003851678,0.001593627,-6.453091e-5,0.004601008,0.002076095,7.365283e-4,-4.99918e-4,0.0046520830000000004,5.628708e-4,-5.848562e-6,2.806051e-5,0.005482734,0.00250384,0.004178003,0.006336235,0.002577868,0.004932667,0.002386748,-1.662767e-4,0.004376455,0.002563509,-8.957456e-4,0.002212879,0.004170814,2.838833e-4,0.001393879,0.002793236,0.003161279,-0.001222222,0.004016338,0.001020058,0.002755765,0.001024908,-8.143421e-6,-6.911309e-4,-0.001002284,5.144262e-4,0.001553584,0.001940239,-8.33226e-4,0.00274238,3.824154e-4,4.065516e-4,9.177366e-4,9.969e-4,0.00101292,-2.077385e-5,7.751037e-4,7.188681e-4,0.001532063,-0.001058775,5.467623e-5,0.001268201,0.001153579,-7.457993e-4,1.38145e-4,2.634383e-5,0.001919526,0.002431911,0.001851748,0.002230526,6.054975e-4,0.001458003,1.452819e-4,7.569137e-4,0.001209928,-1.022552e-4,0.002197042,6.106261e-4,0.001602991,0.001421102,0.002653099,0.001521087,3.156978e-4,0.002076108,0.002300743,0.002396922,8.959624e-4,0.003053367,0.001503333,0.001095969,3.184248e-4,0.003682952,0.005576866,0.00506108,0.002994525,0.002282129,0.003330762,0.005253721,0.008148712,0.00962209,0.01893298,0.02219544,0.02590242,0.02847025,0.03130979,0.03334268,0.03390847,0.0354869,0.04076259,0.07340958,0.3570241,0.9460772,1.167585,0.540525,0.0989671,0.04962807,0.05552987,0.06499829,0.07307126,0.0823858,0.08811825,0.09461527,0.0988472,0.0901524,0.09397146,0.07420074,0.07271405,0.08826307,0.08825791,0.08021317,0.09196655,0.1252681,0.1589595,0.1136095,0.3105027,0.09218435,1.093936,3.4904
308.626,-0.005767097,0.003591398,-0.0198385,-0.006891236,-0.02374773,-0.03332766,-0.01024158,-0.02535776,0.00138684,-0.03176208,-0.002982046,-0.004893135,-0.004037718,-0.004197026,-0.002887692,-0.01033525,-0.006246657,5.096216e-4,-0.009228939,-0.01098405,-0.003885255,-0.004704302,-0.00247555,-0.001677299,-0.007024672,-0.003405927,-0.005395458,-0.002368616,-0.001219284,-0.001763283,-0.009550544,-0.01210381,-0.01051624,-0.006550507,-0.002970176,-0.008509919,-0.01630876,-0.008854753,-0.003248059,0.004673596,-0.01293372,-0.01151196,-0.01103794,-9.081277e-4,-0.007960247,-0.01039769,0.003277357,-0.00310831,-0.007750016,-1.797363e-4,-0.007309585,-0.00834227,5.079526e-4,-0.001592179,0.001426551,-0.004661439,0.001291153,6.269384e-6,-6.163848e-4,-0.003862694,-0.008552826,-9.520243e-4,0.002012135,0.001303479,-0.00395518,0.002043325,-0.004086771,-0.001886038,6.133668e-4,-0.00734211,-0.003240894,-0.002801104,-0.002997373,-0.003011678,-0.003196058,-0.003990846,-0.003158437,5.362329e-4,-0.005376015,-0.001380638,-3.174083e-4,-0.001942687,-5.318769e-4,-0.001578585,-0.003622325,-0.003285397,-0.002099028,-0.002585889,-0.001240935,-0.006513935,-0.00274169,-0.004177263,2.073611e-4,-8.582966e-4,-0.001292222,-0.001973194,-8.142619e-4,-0.001615519,-0.001890103,-0.002838908,-5.774454e-6,0.001031221,-3.193343e-4,-5.091032e-4,-0.001482787,-0.00191099,-4.678721e-4,-3.341404e-4,1.106032e-4,-1.059767e-4,-1.546048e-4,-7.173545e-4,3.447275e-4,-9.286076e-4,-4.092251e-4,-0.001301844,5.635047e-5,-0.00166854,-5.754584e-4,-1.454759e-4,-5.120254e-4,-0.00126314,-0.001149402,-8.450556e-4,-1.646799e-4,7.072502e-4,-6.222637e-4,-0.001029222,1.919471e-4,-8.795263e-4,-4.293269e-4,-6.498155e-4,-2.850184e-4,-9.637671e-4,3.33449e-4,-6.967506e-4,0.001097463,-0.001238199,0.001661067,8.631586e-4,1.656303e-4,3.583376e-5,0.001181455,0.001839718,9.960258e-4,0.001418224,6.078289e-4,7.069938e-4,0.00133211,0.003498395,0.005466273,0.008431441,0.01294603,0.02044027,0.02394613,0.02563873,0.02475388,0.02744503,0.03398888,0.03063865,0.03440861,0.05979487,0.2268568,0.8086067,1.119038,0.7031833,0.1678886,0.04695534,0.05043848,0.04839448,0.0592526,0.07601537,0.07376907,0.06726837,0.08735013,0.09159789,0.1033852,0.08199541,0.0762641,0.07746293,0.08326814,0.0825168,0.06177319,0.0512005,0.03658627,-0.02785147,0.05485047,-0.1327579,-0.6432148,-0.4041892,-2.865259
310.89,0.0109432,0.01127711,0.01337619,-0.01041254,0.02497343,0.01022421,0.03218696,0.03189047,0.00420794,0.02871379,0.007941135,0.01273561,0.009484388,0.007501931,0.007200459,0.01373541,0.004346405,0.00203228,0.006714422,0.01012129,0.003666493,0.004545846,0.002967084,0.004699509,0.004272623,0.007976096,0.004683458,0.00178353,0.007604602,0.00791965,0.005785601,0.01033889,0.004019965,0.01805242,0.01170015,0.01381749,0.005917237,0.007368428,0.01752296,0.008656988,0.01896178,0.0140338,0.006615016,1.025631e-4,0.00741459,0.008549476,0.01185749,0.004078145,0.007496226,0.001773934,-0.003601114,0.008681456,0.01631262,0.007202615,0.007312987,0.00112666,0.005844216,0.005664764,0.006403495,0.007440787,0.003030409,0.01079801,0.004446011,0.006562492,0.007917333,0.006114978,0.007139246,8.04841e-4,0.002021925,0.004721484,0.004855522,0.003145575,0.003789149,0.003570079,0.001236277,0.004131428,0.00364771,0.003787718,0.007160087,0.002221252,0.001669287,0.001480497,0.003146972,0.004982137,0.003678447,0.003603889,0.005197858,0.004088285,0.002194037,0.001693801,0.003018918,0.002800005,0.004397852,3.386663e-4,3.966079e-4,0.001669485,-1.640867e-4,0.001297462,0.002212389,7.99402e-4,0.001878221,0.001349854,8.282321e-4,0.001779604,0.001733572,0.001494604,8.199431e-4,0.001071914,3.793569e-4,4.021802e-4,3.753113e-4,0.001542784,7.671212e-4,9.857986e-4,5.971057e-4,0.001528888,3.752511e-4,0.001730975,0.001195252,-5.031191e-4,0.001224398,0.002012781,0.00124909,0.002447149,-1.604788e-4,0.002149625,0.001024115,0.001752877,0.002795361,0.002523243,0.002163532,0.001897642,0.003054647,0.001299112,-0.001566553,0.002617377,0.003325492,0.00388192,0.003886742,0.002466399,0.00286954,0.0025432,0.002603824,0.004106434,0.00331636,0.003813385,0.004208759,0.004820966,0.004900437,0.007575462,0.009322174,0.01251198,0.01939184,0.03116871,0.02939469,0.03161294,0.02970599,0.03475304,0.03279035,0.03698515,0.04945827,0.1776669,0.6600628,1.166764,0.842327,0.2592659,0.05399363,0.04490319,0.05310148,0.06583195,0.07690505,0.08019678,0.1026971,0.1024706,0.1052889,0.1056151,0.1151352,0.1055275,0.09855187,0.1050923,0.09250289,0.1025685,0.1018439,0.1156857,0.1248542,0.1128749,0.2191441,0.3533107,0.6514987,1.071576,7.823709
313.155,-0.002772289,-0.008202024,0.007731715,-0.003709911,6.327275e-4,0.003768814,0.007991379,0.002762819,0.003591505,-0.002864482,0.005293103,-0.007713107,-0.009663208,0.00229072,-0.006110732,-0.004269217,-0.007869162,-0.009115777,-0.002890742,-0.002191082,-0.001658058,7.460463e-4,-1.555971e-4,9.265533e-4,2.46604e-4,4.415776e-4,-0.003158248,-0.002216409,-6.194951e-4,-0.008138526,-0.002416912,-1.806602e-4,-0.006889344,-0.008755318,-0.008294007,-4.926769e-4,-0.00439863,8.872179e-4,-0.004998467,0.006030706,-0.006179887,-0.01128205,-0.01145436,-5.698633e-4,-0.004305947,0.00206125,-8.681239e-4,0.001777006,-0.009746965,-0.005282003,6.970205e-4,-0.01014397,-0.008751814,0.002107808,-0.004471762,-1.276932e-4,-1.21246e-4,-0.002898844,-3.373529e-4,-0.001661077,-3.641245e-4,0.002993326,0.00514025,-0.004578769,0.00129576,0.00145924,-6.95489e-4,-0.002777213,-0.00195459,-0.00436388,-5.902406e-4,0.001198037,-3.620798e-5,-0.00580972,-4.67555e-4,-0.001337881,-0.002166754,-0.004090449,-0.007037929,-0.00128712,-0.002308046,6.92265e-4,0.00138655,-0.004553396,7.538843e-4,-0.001648681,-0.004703278,-7.000109e-4,1.609925e-4,9.246174e-5,-1.321237e-4,-0.001562058,6.697558e-4,-0.003364216,-0.001420496,-7.092636e-4,-3.734451e-4,-6.173574e-4,4.691843e-4,-0.001902084,1.851276e-4,3.78221e-4,-3.678211e-5,-3.091682e-4,8.56788e-4,-2.445049e-4,-7.124981e-4,-0.001121367,-0.001174383,2.547681e-4,4.695907e-6,2.614848e-4,6.504158e-4,5.881969e-4,-1.558072e-4,-3.042e-4,6.326536e-4,2.341123e-4,-7.684758e-4,6.66736e-4,-2.366748e-4,-1.266937e-4,-0.00254545,-6.966068e-4,0.001214854,3.276922e-4,9.946599e-4,8.80522e-4,2.924877e-5,-0.001008332,-2.443228e-5,7.818666e-4,8.732548e-4,1.730733e-4,-1.297571e-4,0.001278227,-0.00142068,-0.001198102,-6.53144e-4,7.721385e-4,0.00112846,7.494702e-4,0.00172981,0.001087424,0.00207277,0.00182886,0.001560665,0.002513172,0.00546261,0.005841861,0.01108188,0.01571657,0.02277534,0.02710071,0.02812087,0.02676126,0.02939766,0.03118373,0.03159998,0.03869509,0.1031135,0.5411615,1.125857,1.001982,0.357085,0.06604036,0.04245504,0.04570239,0.05122159,0.05931474,0.07944689,0.08586492,0.0907302,0.09230866,0.108618,0.10884630000000001,0.1057015,0.08839551,0.1019463,0.07949381,0.09650901,0.08283292,0.07747518,0.08658011,0.06535008,0.03973705,0.07095795,0.05894906,-0.07863744,-0.6664539,-4.703088
315.421,0.00108734,-0.01186433,0.002049087,-0.01892688,-0.01972996,-0.002488349,-0.03196244,-0.01769042,-0.02339733,-0.009761158,-0.0157602,-0.006958387,-0.004222244,-0.009208256,-0.009339616,-0.01190113,-0.004250316,-0.01388613,-0.002458946,-0.005852459,-0.01157835,-0.004031496,-0.002740219,-0.002471147,-0.003051453,0.001267767,0.001989039,-0.002946526,0.002795925,-0.006283597,-0.008038944,-0.01137389,-0.01286323,-0.01262006,-0.01101927,-0.01023468,-0.01008832,-0.0203248,-0.003877277,-0.001716892,-0.008141928,-0.006132616,-0.006965906,0.00347514,-0.008944664,-0.004280692,-0.005618672,-0.01103561,-0.003356847,2.086015e-4,-0.004461832,-0.008142199,-0.009364258,7.143364e-4,-0.00473564,-0.003243969,-0.007501589,-0.008769497,-0.009248706,-0.006631801,-0.004099298,-0.002700436,-0.009951783,5.887516e-4,-3.817488e-4,-0.004002526,-0.007087104,-0.008273005,-0.00625768,-5.221676e-4,-0.00261223,-0.004847726,-0.003880344,-2.553425e-4,-0.003088217,-0.00315624,-0.003129028,-0.002306249,-0.002690035,-0.004074147,1.938178e-4,-0.003409704,-0.004469688,-0.002904762,-0.004481499,-0.001343432,-0.002739565,-0.005099249,-0.00209839,-0.00318511,-0.001359066,-0.002456848,-0.002429118,4.667934e-4,-7.962736e-4,-0.003947428,-0.001583395,-0.001275183,-0.002908545,-0.00310952,-0.002258447,2.88853e-4,-0.00151816,-0.002353448,-4.693062e-4,-0.001867755,-7.890546e-4,-4.878777e-4,-9.361489e-4,-2.863441e-4,-8.727729e-4,-4.544058e-4,-0.001511594,-7.843537e-4,-4.440982e-4,-6.847615e-4,-3.280178e-4,-5.593284e-4,4.310276e-4,-0.001267472,-2.71832e-4,-8.022789e-4,-0.001714823,2.209731e-4,-0.001274131,-3.317363e-4,-7.671268e-4,-0.001191951,-0.001309561,-0.001044792,-7.226491e-4,-0.002121114,0.001189388,-4.524247e-4,1.536854e-4,-3.282387e-4,3.005844e-4,-9.939162e-4,-0.001404134,-1.865723e-4,-1.432688e-4,-3.252449e-4,0.001457138,0.001478224,0.002246072,0.001669446,0.001696623,0.002891746,0.006471758,0.01120034,0.01172523,0.02207055,0.02375248,0.0280397,0.02540278,0.02535574,0.02838979,0.02758311,0.03676956,0.05852426,0.368168,1.083205,1.176033,0.5093781,0.08947086,0.03830347,0.0427546,0.04571437,0.05610615,0.06341674,0.07513595,0.09781133,0.09748681,0.09857816,0.112401,0.1128286,0.1061532,0.09862016,0.09680099,0.09165597,0.1007412,0.07992369,0.0730798,0.09702056,0.06647652,0.06837572,-0.08937716,-2.615429e-4,-0.1009033,-0.577039,-0.535975
317.688,-0.01257599,0.01262112,-0.002940158,-0.01920648,-0.02258191,0.005403636,-0.02697077,-0.006055037,-0.007647291,-0.003260376,-0.008416935,-0.003352464,0.006666271,-0.004382354,2.102058e-5,9.821141e-4,-0.002092797,1.017095e-4,-0.00483882,0.002015618,-0.002555908,0.001630437,-0.001555034,8.732936e-4,4.336005e-4,8.50781e-4,-0.001412458,-0.00214441,-0.002617407,0.001130824,-0.004389251,-0.00402396,-4.977079e-4,-0.01365633,-0.008957035,0.01003977,-0.004041433,0.002205931,-0.002338737,-0.004348255,-0.006942074,5.341516e-6,-0.01147914,0.007728574,-0.001666874,-0.005575569,-0.003858338,0.001885109,-0.002004658,-0.01152259,-0.001149433,-0.004730644,-0.004317041,-0.00650618,-0.003251045,0.00229649,-0.001906491,-0.005431423,-0.00204596,-0.003335102,-0.005308947,-0.003612207,-0.001275156,-0.005387042,-9.371548e-4,-0.002694963,-3.693392e-4,-5.018402e-4,-0.002492042,-0.00226757,-0.00243965,-8.25441e-4,0.001411643,-0.001033114,0.003283649,-1.536481e-4,-5.875314e-4,8.985875e-4,-0.002194944,-0.00187825,-0.001350477,-0.001857011,-0.00236017,0.001412036,-1.161755e-4,3.966776e-4,3.860707e-4,-5.590208e-4,0.003263061,-5.529468e-4,-1.755903e-4,2.913694e-4,-0.001501827,6.992798e-4,-0.001060225,0.002179039,-0.002903034,-0.001642241,7.504121e-4,-8.898275e-4,0.0020934,-8.451434e-4,-0.001138898,-7.161905e-4,-1.253815e-4,2.864141e-4,6.949063e-4,3.681187e-4,1.477056e-4,1.811141e-4,-3.180038e-4,-7.323597e-4,-7.381978e-4,-6.304392e-4,-4.31939e-4,9.707549e-4,-0.001360074,7.074476e-5,-0.001296376,0.001183297,3.928276e-4,-7.008122e-4,-2.597941e-4,2.191394e-4,4.24031e-4,-8.691044e-4,-1.094605e-4,-8.355677e-4,-1.665055e-5,-0.001210455,1.233244e-4,8.230932e-4,-0.002271565,-0.001025675,8.881216e-4,-4.6455e-5,0.001614069,3.63931e-4,0.00116659,0.0025791,-5.265208e-4,0.001666208,5.199429e-4,3.170913e-4,-2.62812e-4,0.003177036,0.002762118,0.005398847,0.008451143,0.01236394,0.01673802,0.02315508,0.02712329,0.0309065,0.02768043,0.02612267,0.02935962,0.03067718,0.04770112,0.2093272,0.8670773,1.295696,0.7409123,0.1545745,0.03894004,0.04326048,0.04589426,0.05229913,0.06632221,0.06983232,0.08424986,0.09838981,0.1024417,0.118961,0.1195324,0.1095735,0.1162115,0.1141187,0.1138121,0.09810798,0.09789118,0.0857499,0.101261,0.1009252,0.1064793,0.07151796,0.09846176,0.1063213,0.2123328,0.7573346,-3.69121
319.955,0.01852307,0.0278715,0.02120103,0.01944825,0.01875397,0.02044723,-0.003051824,-0.001591666,0.02801571,0.0141186,0.006000457,8.007928e-4,0.007046925,0.002081685,0.001449302,0.001922542,-0.00539094,0.009596963,0.008171203,0.005443034,0.006585,0.00337402,7.372137e-4,0.002100805,0.002615348,0.002363681,0.004098357,0.002777901,0.003931939,6.143868e-4,0.01240341,0.01345063,0.008495972,0.003292475,0.02290958,0.0134784,0.01688737,0.01824658,0.008145744,0.01394834,0.01109406,0.01338814,0.003415203,0.01763705,-8.117355e-4,0.008295134,-0.004162192,0.008366066,0.0064179,0.007740473,0.006574103,6.196805e-4,0.007113329,0.009333771,0.003450373,0.00734008,0.01080776,0.003294353,0.005791192,-0.003865046,0.003556254,0.002835491,0.003399008,0.003511797,-0.001498977,0.005671168,0.003664547,0.004073475,0.006791975,-0.001671864,0.003593933,0.002820053,0.001629542,-0.001969651,-6.480972e-4,0.003841614,0.003743561,0.006441862,0.001592238,0.002854404,0.001298181,1.518377e-4,0.004360822,0.002952917,6.038123e-4,0.003412086,0.00175341,0.002183084,0.004324878,0.004408831,5.297442e-4,0.002975878,0.002510222,0.00266788,0.001435379,0.003689253,0.002785559,0.001118879,0.002021787,5.310725e-4,0.002131401,5.616237e-4,6.980161e-4,0.001521059,0.001181165,0.001467985,8.973006e-4,7.322579e-4,5.019607e-4,0.00123415,4.03999e-4,0.001026992,0.001344101,9.551916e-4,3.98407e-4,0.001413194,0.00190548,0.001079367,-1.928498e-4,2.417983e-4,0.001963794,7.572273e-4,0.001766896,0.002545852,0.002529576,0.001715238,0.001429973,8.930566e-4,0.001217248,8.18082e-4,0.001974127,0.001635247,0.002693181,0.002076737,0.00346361,0.001201387,0.003727574,0.003538789,0.001914945,0.001155114,0.001517886,0.003483456,0.003398041,0.004289311,0.003779727,0.006020422,0.006201613,0.0104361,0.01066021,0.01737327,0.02134323,0.02549801,0.02985228,0.03012252,0.03037885,0.02738868,0.03234721,0.04269955,0.1379019,0.6069395,1.218466,0.9359348,0.2544638,0.04958506,0.04064379,0.04642205,0.0514078,0.05799814,0.06927628,0.08589537,0.09695614,0.1096526,0.1226131,0.1255995,0.1247159,0.1264576,0.1340746,0.1271315,0.1113471,0.1307642,0.1210926,0.108054,0.1282398,0.1089785,0.1543048,0.1390395,0.188407,0.1823716,0.3012123,0.9259093,4.717652
322.224,-0.01404835,-0.01502137,-0.01299674,-0.006316617,-0.006069452,-0.01459041,0.01394909,-0.01878642,-0.01179384,3.884508e-5,-0.004367326,-0.003318377,-0.004812876,-0.01100346,-0.008463824,-0.006945692,-0.006287266,-0.01399187,-0.009488348,0.001204204,-0.005904852,1.344858e-5,-0.002522747,-0.001474917,-0.004324027,-0.001987502,-0.002205668,-0.004603774,-0.001735369,-0.00392719,4.849364e-4,-0.004242991,-0.009381285,0.007417192,-0.01617388,-0.01711164,-0.009509475,-0.00797706,-0.009966137,-0.003166085,-0.009423514,-0.005274861,-0.002624508,-0.01423404,-0.006350445,-0.006680489,-0.001618446,-0.007871635,-0.007385105,-0.01265558,-0.01044881,-0.004799771,-0.009313778,-0.00449517,-0.008427854,-0.003575941,-0.004610865,-3.199164e-4,-0.01091731,-0.006642845,-5.905486e-4,-0.001973172,0.003014681,-0.006768183,-0.003918658,-0.008660361,0.001954585,-0.003238413,-0.005809468,-0.002673972,3.132783e-4,-8.548373e-5,-4.177632e-4,-5.090199e-4,-0.002345718,-0.004708402,7.52355e-4,-0.00190179,-0.00200125,-0.003219026,-0.004834525,-0.002696254,-0.002915994,4.689439e-5,-0.00252749,-0.003991647,8.837777e-4,-2.291929e-4,-0.001969179,8.499114e-4,-0.001434445,-4.811035e-4,-0.002141618,-0.004230217,-0.00225861,-6.076587e-4,1.116358e-5,-0.001797355,-0.001521726,-0.001645843,-0.001480069,0.001287704,-0.001821102,-4.422799e-4,-0.001190427,-0.001125614,-0.001874021,4.922733e-4,2.358173e-4,-0.001030587,-8.470533e-4,-3.340267e-4,-8.560178e-4,-3.684195e-4,-8.146465e-4,4.910358e-4,-5.582355e-4,-4.862977e-4,-3.105335e-4,-1.606528e-4,-9.621059e-4,-0.001696355,-4.415133e-4,-0.001019235,-0.001793042,-0.001647335,-3.433398e-4,-5.43778e-4,2.272083e-4,-0.001494319,-8.866511e-4,6.125385e-4,-5.285406e-4,4.438791e-4,2.446946e-4,9.489642e-4,-2.07819e-4,7.571661e-4,5.817412e-4,0.00168399,0.003397432,0.001968197,0.002330733,0.001107415,8.270471e-4,0.004568377,0.007013148,0.01174591,0.01566805,0.02074539,0.02191115,0.02532543,0.0322843,0.03024608,0.02820939,0.03129424,0.03462224,0.08292922,0.4309663,1.076788,1.06866,0.4063836,0.06711029,0.04063978,0.04347072,0.04619149,0.05237798,0.06547146,0.07638667,0.08268851,0.09987511,0.1036151,0.1204794,0.1195103,0.1251066,0.1211666,0.129774,0.1180202,0.1191192,0.1206436,0.1095431,0.1139205,0.09088453,0.09615583,0.07681567,0.06152907,0.1473905,0.05421647,0.2141171,0.5940121,3.314085
324.493,0.03381671,8.494353e-4,-0.009274134,0.009361743,0.02299662,0.01656013,0.0183162,0.01856663,0.01160864,0.009316573,-0.001683299,-0.002810149,0.003911709,0.003977412,0.006345416,-0.001174209,3.013989e-4,0.005178892,0.001190575,0.004106979,0.001324721,0.006325027,0.001045137,0.00353471,0.001171253,0.005043885,0.001697942,6.22347e-4,0.00251357,0.002006578,0.005744203,0.01989134,0.001539067,0.01749294,0.01055731,0.003696042,0.00515271,0.009418469,0.002544185,0.007576358,-0.002634559,0.009123591,0.006766289,-0.004200113,0.01032102,0.009087351,8.385187e-4,1.28454e-4,0.009857091,0.003016598,-6.298829e-4,0.00388933,-0.001054402,0.008043292,3.890025e-4,0.002819412,0.001972843,5.882815e-4,9.081507e-4,0.001861514,0.004953612,0.002389898,0.0013781,-0.001401443,-8.270194e-4,0.001823938,0.001664159,0.005382144,9.491501e-4,0.002761058,-0.003512823,1.872504e-4,0.002944087,0.001753447,0.003286292,0.002280668,8.792962e-4,4.369177e-4,-6.714539e-4,0.003348619,0.003177548,0.002863972,1.303579e-4,0.001863125,-0.002570466,-0.001157047,-3.661559e-4,0.001693163,3.843947e-4,0.002814162,0.003590836,9.796304e-4,1.045839e-5,0.001629866,5.610727e-4,0.00160023,-3.891496e-4,0.001099507,9.34738e-4,-7.576869e-4,8.34405e-4,0.001421877,7.170104e-5,0.001573151,8.972241e-4,9.207871e-4,6.466985e-4,9.256038e-4,0.001874636,5.274701e-4,6.246334e-4,0.001321956,7.625971e-4,-1.052944e-4,5.160267e-4,-7.347791e-4,2.469761e-4,-5.712019e-5,8.641194e-4,-6.490191e-5,-0.001540904,0.001623286,5.202509e-4,0.001927648,5.370701e-4,2.397551e-4,6.346166e-4,0.001484779,4.522438e-4,0.002124301,6.41798e-4,0.002045739,0.002229787,-3.093769e-4,0.001499634,7.357297e-4,0.001489967,0.001466733,0.002462343,0.003032888,0.001562015,0.002864806,0.00180142,0.003425677,0.006423166,0.008859727,0.01075248,0.01561772,0.02132592,0.02204429,0.02608161,0.03015178,0.03721499,0.03314873,0.03376895,0.03504625,0.05661373,0.300322,0.9128593,1.107273,0.547922,0.1043449,0.04234763,0.04631219,0.04857943,0.05507514,0.06259287,0.07525255,0.08381903,0.09682277,0.1064489,0.125054,0.1303962,0.1424552,0.1432016,0.1389401,0.1429583,0.1374769,0.1332227,0.1235514,0.1328293,0.1237312,0.1348899,0.1061067,0.1467884,0.2027134,0.1517033,0.2473622,0.07926607,1.24768,3.775074
326.764,0.01933352,0.0237306,0.03264369,5.260239e-4,0.02295904,0.02088803,0.009463561,0.009043918,0.01874827,0.01139469,0.001417384,0.004032503,0.009899524,0.005779256,0.008366712,0.004142537,0.006306746,0.003298179,0.007638681,0.003720156,0.001650876,2.664869e-4,0.001948626,0.001942568,0.006978096,-0.002059315,0.00502421,0.006135112,0.002257995,0.0017817830000000001,0.005864565,0.01083676,0.007905648,0.004077459,-0.004999627,0.01366923,3.48376e-4,0.01228029,0.009262235,0.01274527,0.0118934,0.008948291,0.006055989,0.006545414,0.01434929,0.006943648,0.01588082,0.01112457,0.002229753,0.001908363,0.005950705,8.403556e-4,0.003328193,0.00518679,0.004077625,0.005424686,0.004638857,0.003672688,7.506535e-4,0.002917033,0.004693953,6.182024e-4,0.006085431,0.004919519,0.009354314,0.004874687,0.004315877,0.003111805,0.001457435,0.003376744,0.003224667,0.001024314,0.006397627,9.145882e-4,0.008574995,4.056386e-4,0.003406287,0.00318693,3.597931e-4,-2.779631e-4,0.003313667,-0.001902682,0.001691467,0.001288372,-0.002020022,0.001981866,8.856683e-4,0.004360292,0.004356356,7.623737e-4,0.002149766,-1.409429e-4,0.002397739,0.004185287,9.728681e-5,-4.047997e-4,0.003471863,0.002166135,4.053566e-4,0.002390986,4.031322e-4,0.002743177,0.001332614,0.001003873,5.06305e-4,0.00163348,0.001190413,9.771684e-4,5.529916e-4,9.448011e-4,7.101633e-4,0.001061266,1.960139e-4,0.001591742,9.534837e-4,0.001291213,6.090696e-4,9.866338e-4,9.96292e-4,0.001373705,0.001525052,0.001297146,0.00113944,0.00160933,4.838923e-4,8.37737e-4,9.385212e-5,0.001380462,0.001878325,0.002939539,0.003465894,0.0024021479999999998,0.003035252,8.702611e-4,9.646052e-4,0.00371951,0.002782961,0.002161423,0.00296784,0.002799484,0.003172226,0.003493564,0.004485121,0.005783921,0.007663058,0.01035222,0.01297051,0.02020105,0.02356861,0.02509214,0.02898469,0.03567411,0.03878525,0.03262358,0.03128607,0.04545406,0.1860672,0.7179698,1.11622,0.6898733,0.1764102,0.04698631,0.04836473,0.05098741,0.05406051,0.06406306,0.07124007,0.08623272,0.09604224,0.1068756,0.1150822,0.1364109,0.1391248,0.1461388,0.1456757,0.1485097,0.1525396,0.1439888,0.1367827,0.1367473,0.1295732,0.1461188,0.1584804,0.1337861,0.1229499,0.1839076,0.2193062,0.4143494,0.1297671,0.7329036,1.495161
329.035,-0.0170212,0.01718196,0.009072949,0.01698519,0.0127769,0.001812403,0.021999,0.005523474,0.02241165,0.004504215,0.01435064,0.005360091,0.004255328,0.01086986,0.01107046,0.0030462,3.16118e-4,-0.004762539,0.00465165,-0.001054635,0.003369944,0.004037824,0.002789617,0.005218012,-7.473013e-4,0.002272124,0.004064435,0.006595478,0.002820086,0.005792941,0.00325662,0.002889802,0.008041759,0.01328895,-0.0038852,0.01616557,0.004799775,3.986382e-5,-0.001296206,0.008670299,0.01190223,-0.001080761,5.636492e-4,0.007381859,0.01324515,8.85987e-4,0.004132896,0.001596477,0.005432496,0.008381292,0.0145559,-0.001981989,0.007655933,0.01011274,0.002852822,0.003573812,0.004243236,0.00415532,0.007834614,0.00155623,-0.001004523,0.006233194,0.00544212,0.00260187,0.005626453,0.003361377,0.00128894,0.004059498,-6.167854e-4,0.003150892,0.002773761,0.003629538,0.002582227,1.10858e-4,0.001589386,0.003520282,3.182263e-5,0.004310892,0.003021708,0.001866712,0.003997087,0.005216272,0.001379251,0.00272805,9.777591e-4,0.00166866,0.002291636,9.277093e-4,-0.001423087,8.217966e-4,5.090582e-4,0.003401595,-0.001730364,0.001548711,-0.001090474,0.001745651,0.001592289,0.001934872,0.001376346,5.834625e-4,0.001439208,9.313961e-5,-8.279351e-5,-1.148874e-4,4.174184e-4,3.713892e-4,0.001195835,7.28093e-4,2.344433e-4,4.160803e-4,1.813339e-4,-2.455343e-4,4.857421e-4,2.179884e-4,6.023153e-4,0.001221031,9.976941e-4,8.994678e-4,7.093935e-5,0.002018551,0.00109154,-2.787208e-4,0.002032672,3.23567e-4,0.001417742,3.796917e-4,1.113781e-4,9.693313e-4,2.533531e-4,1.136646e-4,0.002521648,6.292214e-4,3.332052e-4,0.001569506,0.002310627,0.00138677,0.001769582,0.002451972,0.003344345,0.00320792,0.00129169,0.002707274,0.003175984,0.006161453,0.00681889,0.01389914,0.01819021,0.02417976,0.02829268,0.02654939,0.02913859,0.03388482,0.0367466,0.03627669,0.04147882,0.1251903,0.5293574,1.040927,0.8507376,0.2621453,0.05837241,0.04820095,0.05035205,0.05860734,0.0638859,0.0709876,0.08804704,0.0924769,0.09926666,0.1174876,0.1286415,0.1448265,0.1437562,0.1526855,0.1521768,0.1542345,0.1502295,0.152273,0.154698,0.1455199,0.161535,0.1422523,0.1543964,0.152708,0.1658756,0.1535307,0.1406383,0.2521925,0.8224144,0.8519805,3.474217
331.307,0.003833993,0.0072876700000000004,-0.008886679,-0.008735262,0.005312574,0.01820563,0.008088107,0.01964427,0.006206875,0.01316015,0.0100397,0.005026279,0.001500688,0.004107015,-0.003310499,0.006018645,0.005252314,0.00332701,4.830594e-4,0.001377149,-0.001141171,0.00511348,0.001971088,0.001797742,3.244701e-4,0.003303391,-8.017974e-4,3.839784e-4,0.002353011,0.002031904,0.006343109,0.002453512,0.006055998,-0.005681867,-0.006711543,-0.0013516,-0.003128777,-0.006532368,0.008118434,-0.008482449,0.004658503,0.001465653,5.417747e-4,0.01125699,0.004030327,0.009867105,-2.911991e-4,-0.005997925,-9.14945e-4,-7.137765e-4,-0.001799246,-0.005374185,0.00293486,0.001002774,-0.003269956,0.003681964,0.01018074,0.002756817,0.002115912,0.003166847,-0.002341309,0.002519099,-0.001540467,0.006495723,-0.003196407,0.003369204,0.005720415,0.002116664,1.047826e-4,-2.662978e-4,0.004222195,0.002015883,0.001190527,-0.002344665,-2.37368e-4,-3.374715e-4,-3.495431e-4,0.00300202,0.001520732,0.001631598,9.373025e-5,0.001153897,0.002702154,0.0025265,0.001013472,3.775283e-4,8.695143e-4,0.002266572,0.004159492,-0.001006224,0.001974879,0.001516869,0.002760764,0.002561772,7.441974e-4,0.003407856,-6.03658e-4,-6.627771e-4,-9.532948e-5,8.916951e-4,0.002641051,-3.550115e-5,-2.34471e-4,5.717618e-4,-3.820406e-6,3.625658e-5,-5.79698e-5,-2.307519e-4,-8.254324e-5,0.001058,2.025361e-4,-3.364343e-4,2.382234e-4,0.001163841,-4.77141e-4,-1.484768e-4,2.447548e-5,0.001314446,-7.088281e-4,0.001507861,2.491583e-4,-6.801374e-4,3.360323e-4,-9.558637e-4,0.001146403,0.001111206,0.001363834,-6.935997e-4,7.382315e-4,-7.164056e-5,4.92082e-4,0.001318959,1.817373e-4,0.001171766,6.45723e-4,8.73994e-5,0.001623954,0.00316148,0.003605686,0.003572134,0.001865399,0.002136813,0.00413473,0.007296927,0.008989783,0.01519618,0.02301547,0.0249584,0.02822246,0.02615022,0.03329948,0.03679976,0.03918378,0.03996345,0.08913775,0.3886873,0.9090991,0.9227271,0.3859812,0.07273397,0.05097424,0.05073806,0.05556777,0.06393538,0.07399768,0.08013508,0.09129456,0.09973113,0.1176504,0.1291594,0.1417689,0.1525375,0.1608517,0.1586096,0.1602503,0.1624947,0.150981,0.1582462,0.150858,0.1436484,0.1416904,0.1452729,0.1440311,0.1614141,0.1448644,0.1993716,0.1919209,0.173833,0.651778,0.4653952,-0.8606916
333.579,0.01480889,0.01198649,0.01150599,0.02896532,0.00815532,-0.009821724,-0.004277523,0.002411657,0.002056765,0.005451036,0.008944943,0.001644631,-0.003842947,0.005033958,0.003713148,3.759684e-4,0.01167528,-0.00323479,0.01040848,0.003580325,0.002429697,5.982387e-4,0.003245225,0.001372335,0.002356782,0.005293327,3.557656e-4,0.003057183,5.574604e-4,0.005301089,0.003059561,0.01069644,0.009521948,0.00713984,0.002711143,-0.001908026,0.01097333,0.002367669,0.001965057,0.009579466,0.008444955,0.008034113,0.003265292,0.01116593,0.02231697,-7.699112e-4,0.001647141,5.882592e-4,4.72824e-4,0.005307297,0.005148894,-0.001190927,0.01138838,0.002643041,0.00120867,0.004658308,6.594218e-4,-4.416096e-4,7.90886e-4,0.008171475,0.007914775,0.006212588,0.003385719,6.540923e-4,-8.111486e-5,0.001335241,0.004946129,0.004523074,0.001848265,9.950783e-5,0.003286743,0.002490497,1.539082e-5,2.556666e-4,0.001059419,3.221988e-4,0.003147325,0.0014365,0.001487066,0.00120471,1.783058e-4,0.002512885,-0.003098807,0.002364092,-1.319325e-4,0.001934804,-5.608395e-4,0.001710405,0.00135481,0.00135752,4.800729e-4,-9.698816e-4,0.002169137,0.002330475,0.001219256,0.002132034,0.001421334,-7.371257e-4,0.001521078,8.178677e-4,-4.728324e-4,7.185196e-4,-6.636938e-4,9.135884e-4,0.001000414,0.002017311,5.866897e-4,8.388603e-5,0.001296073,9.145844e-4,6.205875e-5,8.314135e-4,2.792358e-4,6.900122e-4,0.001039945,3.148916e-4,0.001066089,7.683779e-4,7.757316e-4,-2.43737e-4,0.001163814,3.157389e-4,0.001563668,3.335297e-4,9.786322e-4,0.001062508,7.816613e-4,0.001608659,7.242973e-4,0.002441273,0.002796742,0.001206248,0.002084014,0.003602497,4.866053e-4,0.001035718,0.002244992,0.001955448,0.003613035,0.001870056,0.003160731,0.00335099,0.006134011,0.01179166,0.01385181,0.01999026,0.02627543,0.03101287,0.02720472,0.03152631,0.0314899,0.03466646,0.04013215,0.06478553,0.2944658,0.8018428,0.9686922,0.5103593,0.1160753,0.05225858,0.05425147,0.05798708,0.0668903,0.0758985,0.08040908,0.09134695,0.1013651,0.1103226,0.1312985,0.1368572,0.1568546,0.1671935,0.1688624,0.1648401,0.1762874,0.172861,0.1684392,0.1611478,0.1708787,0.169011,0.1645749,0.1621965,0.1719965,0.1666673,0.1657228,0.2178223,0.277352,0.3446636,0.3733164,1.159294,2.698535
335.853,-0.0111991,-0.02415907,-0.0147202,0.007474921,-0.004913112,0.004836998,-0.02128733,-0.01030693,0.003854034,-0.01921369,-8.575516e-4,-0.003463541,-0.005856495,-3.159346e-4,-0.006891898,-0.001745846,6.483704e-4,-0.003275972,2.243383e-4,0.002127957,-0.005728234,-1.446755e-4,0.001726639,-0.003003421,-0.003289394,-0.004075339,8.686656e-4,-0.005598125,-0.002210798,-3.509184e-5,-0.002022851,-0.0035159,0.004316778,-0.01030913,-0.005633245,-0.01089115,-0.00577642,-0.004551901,-0.003003875,0.00401176,-0.005455062,0.007197632,0.005945589,3.583612e-5,0.001522705,0.001867984,-0.002111642,-0.006271127,-0.003040791,0.001193018,-0.001860227,0.001422832,0.00130045,-0.001627898,-0.006399375,0.002937515,-0.003296805,-0.001939013,4.037423e-4,0.002414611,-0.00540479,-0.002735194,-3.710197e-4,-1.53613e-4,-9.835659e-4,-6.253951e-4,0.003175586,0.001448273,-5.247742e-4,-6.859782e-4,-0.003840554,-0.004771363,-0.002955552,-0.002791759,0.004703661,-4.281297e-4,1.992883e-4,-0.002029604,-0.001297119,-0.004429451,-0.001195989,0.002467043,-0.001127803,-0.003757279,-1.985184e-4,-1.806324e-4,0.002358571,1.009167e-4,1.181949e-4,-0.001172311,-2.674157e-4,-1.763196e-4,-0.00368472,-5.470477e-4,-4.39918e-4,4.796237e-4,-0.00134016,-7.010058e-4,-0.001644243,-4.692809e-4,2.091987e-4,-0.001134652,-1.773535e-4,1.417061e-4,-9.769858e-5,1.180825e-4,7.841084e-4,-1.623682e-4,-3.497672e-4,-1.833583e-4,-9.992394e-5,-2.924453e-4,3.635096e-5,6.464833e-5,-8.843768e-4,1.083522e-4,8.392373e-4,-4.925446e-4,-0.001947773,0.001639049,9.494947e-4,-3.882818e-4,-0.001078425,0.002063588,-7.091566e-5,-3.237122e-4,-9.361898e-6,-0.001221735,-6.488322e-5,5.812174e-4,-0.001333643,0.001266173,-1.425446e-4,2.252957e-4,0.001962033,0.002122841,-3.566522e-4,8.350761e-4,0.003084348,0.002754105,0.004253237,0.005305015,0.008764897,0.01201932,0.01632518,0.02382045,0.03117859,0.02717743,0.02993359,0.03275864,0.03144443,0.03511341,0.05156786,0.2188028,0.7041484,0.9906737,0.6328112,0.1690149,0.05623789,0.0551811,0.06259136,0.06575706,0.07551356,0.08585117,0.09241772,0.104654,0.113621,0.1222544,0.1400004,0.1500169,0.161728,0.1660873,0.1718339,0.1770518,0.1745709,0.163676,0.1717517,0.1751248,0.1690789,0.1678733,0.15648,0.1536924,0.1664976,0.1525692,0.1638089,0.1948499,0.1713921,0.1936648,0.005246844,0.3146446,-2.495691
338.128,-0.00332846,-0.02446602,0.01244188,-0.02989869,-0.01128179,0.008808788,-0.03263868,-0.02842464,-0.02062151,-0.02522692,-0.006294116,-0.001553826,0.003509116,-0.01785542,-0.01309533,-0.00938433,-0.01424425,-0.01044613,-0.00677659,-0.01295582,-0.003310435,-0.00547524,-0.00593701,-0.003329199,7.073956e-4,-9.746013e-4,-0.004200327,-0.001441164,-0.005854806,-0.006018212,-0.01485083,-0.01431927,-0.01360072,-0.003998251,-0.007381945,-0.01029804,9.120055e-4,-0.01297894,-0.008380189,0.003005444,-0.00416539,-0.005783789,-0.01386583,-0.006375693,-0.01621161,-0.005770676,0.001011227,0.001102803,-0.01040014,-0.009225363,-0.009862701,-0.006411844,-0.01308343,-0.005354862,-0.004428716,-0.004918609,-0.004942234,-0.006991346,-9.129515e-4,-0.004733314,0.001015619,-0.005791363,-0.003899052,0.001455385,-0.00742165,-0.005120831,-0.006781752,-0.004533872,-0.003890146,-0.007061623,-0.006396272,-0.002970038,-0.004890658,-0.003199831,-0.003114202,-0.001169744,-0.004387187,-0.003002382,-0.003865598,-0.005032811,-0.004838069,-0.00312065,-0.003498066,-0.002470971,-7.833817e-4,-0.005626836,-0.003737551,-0.002254158,-0.001249517,-0.00248216,-9.513179e-4,-0.002690694,-0.003366391,-0.003250657,-2.236212e-4,-0.002040144,3.658167e-4,-8.967177e-4,-0.001282717,-7.704416e-4,-0.002464107,-0.001282633,-0.00144852,4.526271e-4,-0.002230309,-4.180647e-4,-0.001148159,-0.001222568,-3.805928e-5,2.017461e-4,-5.659491e-4,-0.001014526,-6.928007e-4,-9.787451e-4,-2.856897e-4,-9.430571e-4,-0.001243303,-0.001800969,8.894987e-5,4.867074e-4,-6.454805e-4,-4.858195e-4,-3.069791e-4,-0.001972931,-7.902398e-4,-4.404395e-4,-0.001294805,-0.00134107,-2.051964e-4,-3.352976e-4,6.056661e-4,-6.337369e-4,-0.002600972,-7.796986e-4,6.503513e-4,0.002000145,-5.590797e-4,3.580749e-4,6.469041e-4,0.001565392,0.00187291,0.004794552,0.01113051,0.01595445,0.02097039,0.02556845,0.02946322,0.03120413,0.02935557,0.032065249999999997,0.02930711,0.04163729,0.1566789,0.612034,1.019004,0.7601421,0.2470352,0.05796122,0.05464441,0.0581081,0.06566344,0.07285749,0.08565332,0.09460886,0.1092619,0.1127755,0.1201584,0.1349469,0.1523827,0.1605618,0.1752643,0.1712867,0.1796439,0.1836891,0.1732646,0.1823409,0.1774502,0.1696452,0.1846246,0.1741881,0.1716364,0.1656941,0.1776693,0.1477694,0.166062,0.1697684,0.09373242,-0.03007506,-0.2062676,-0.6123299,-0.5133282
340.403,0.01419707,0.005331925,0.01943938,0.01105017,0.04239964,0.01522269,0.008733662,0.009461143,0.04443031,0.007850606,0.009617116,0.008194674,0.005499045,0.01676458,0.01961763,0.01262937,0.006928216,0.01206479,0.002795296,0.003798532,0.003606525,4.50237e-4,0.003704018,0.002966321,0.003555649,-0.001997753,0.00631683,0.003381093,0.006573576,0.006296045,0.01216993,0.007396384,0.02114385,0.001887935,-0.003080931,0.01325631,0.006442821,0.004807438,0.009761283,0.01163903,0.01811619,0.01406975,0.01559319,0.01668815,0.01004441,0.01613377,0.007071302,0.004102335,0.003015401,0.01011071,0.006360799,0.007327447,0.01167783,0.008641903,8.725367e-4,0.004863326,0.009073239,0.006799393,0.004023513,0.001657999,0.005173422,0.002345223,0.01018714,0.006040456,0.008861931,0.00621925,0.006852148,0.004369031,0.003539231,0.003356472,0.009129847,0.001512664,-6.010437e-4,0.0031442,0.002903837,-8.873395e-4,8.048298e-4,0.005372728,0.00386275,0.00496481,0.005138909,4.576448e-4,-6.29348e-4,0.001271622,0.004204885,0.004085753,0.003616215,0.001536129,0.002101439,0.003309565,9.074399e-4,0.001922061,-7.888705e-4,0.002777467,0.002564927,0.004143257,0.002291647,0.004556813,9.547899e-4,0.003107318,0.001385609,0.001675313,0.00179958,8.186553e-4,0.001586819,8.857879e-4,9.139406e-4,0.001653785,0.001099698,1.133629e-4,8.596341e-4,-7.204323e-5,4.626354e-4,0.00147837,7.549854e-4,9.355817e-4,0.001679784,9.304305e-4,0.00126521,0.001681806,0.003161797,0.001343227,8.423664e-4,0.001100484,7.009514e-4,0.001556111,0.001015008,1.20272e-4,4.6233e-4,0.001768646,9.61964e-4,0.002069874,0.00222453,0.002285089,0.00426661,0.002943962,0.003021433,0.003671462,0.004968663,0.005419403,0.0066137,0.0127923,0.01813587,0.02180332,0.02530687,0.03147915,0.03633237,0.03418392,0.03256349,0.03506694,0.04087539,0.1148158,0.5051355,1.034581,0.8790099,0.3530549,0.07828805,0.06050693,0.06565115,0.07243859,0.08279372,0.09178463,0.1010648,0.1134704,0.1189135,0.1295946,0.1438658,0.1544928,0.1713397,0.1825697,0.1859186,0.1851326,0.1896315,0.1983164,0.1989232,0.1970633,0.2102946,0.1976668,0.1932931,0.1996205,0.1974113,0.197719,0.2112238,0.225907,0.1998787,0.2701915,0.4368612,0.5191284,0.7291321,1.307271,4.128457
342.679,0.003053348,-0.005939372,0.005148693,0.01306397,-0.003687432,0.01051287,0.02849079,0.01119204,0.004259292,-0.00602342,4.776455e-4,0.004249749,-0.00587596,-9.445929e-4,0.004660169,0.002853435,0.0031744,0.003683678,-1.174812e-4,-1.077759e-4,0.006288727,0.001291369,-0.00275253,-0.003242694,-3.175732e-4,0.005741382,0.002895109,0.002232144,-4.675833e-4,0.005880085,0.004129858,0.006919323,0.01790686,0.01114819,0.01137474,0.009326461,0.004750112,-0.00684431,0.009550266,0.002651089,0.002149732,0.002436128,0.006787532,-0.002519516,0.002859935,-0.001211541,-4.719124e-4,7.479911e-4,-0.003030885,0.0041739,-0.002753862,0.003689823,0.001070067,0.00130576,8.732558e-4,-0.001530002,0.00456237,0.003806235,0.002953584,0.003416439,-0.001492747,0.002505785,0.001360083,0.003517572,-0.002876682,-0.002606801,0.00337268,5.235117e-4,0.003730221,0.00187715,0.002585025,-0.004356882,-0.00103289,0.001355629,-3.381211e-4,0.004302836,1.823836e-4,-0.003107021,0.004776132,-5.555724e-4,8.762078e-4,0.002471825,0.001158486,0.00408712,-4.777185e-4,-2.67617e-4,-1.888399e-4,-9.736715e-4,0.002923164,-1.59609e-4,0.002647525,-3.954941e-4,-7.691739e-4,-7.220715e-4,7.987334e-4,6.226966e-4,7.465495e-4,-8.028389e-4,-6.814426e-4,0.001170219,-7.445247e-4,4.615328e-4,1.436313e-4,6.018543e-4,4.923028e-4,9.537442e-4,-3.33883e-4,1.151769e-4,-1.651453e-4,0.001019877,7.457719e-4,1.878342e-4,-2.121219e-4,4.392152e-4,3.934648e-5,2.19548e-4,-8.169313e-4,9.796177e-4,1.265156e-4,1.027631e-4,2.329002e-4,-4.831209e-4,6.085481e-4,7.220798e-4,2.382413e-4,0.001475498,4.855901e-5,-3.100167e-4,0.001891808,0.001143689,0.002463972,0.001267829,0.002258162,-5.332036e-5,0.001779634,0.002306402,0.001476101,0.003077538,0.003696569,0.005704609,0.00818523,0.01639904,0.02261801,0.02588193,0.02920483,0.03672862,0.038703220000000003,0.0346706,0.030853,0.03746423,0.07418201,0.3914755,0.9591678,1.056091,0.4674647,0.1081875,0.05810122,0.06495753,0.072703,0.0826311,0.08907264,0.1057949,0.113727,0.125318,0.1347445,0.1479402,0.1623251,0.1703583,0.1825949,0.1874395,0.1995275,0.1959758,0.2065743,0.2008479,0.1996763,0.2021978,0.2010432,0.2043447,0.2047231,0.201617,0.1948087,0.2092189,0.2091254,0.2068117,0.2384189,0.2730664,0.3546529,0.1973198,0.6266227,0.2004052,-0.2485172
344.956,-0.01412781,0.009436086,-0.00268383,0.003952672,-0.01328415,-0.0140557,-0.03474117,-0.01068844,0.002935152,-0.005138872,-0.01012192,-0.002559805,-0.005755659,-0.006070456,3.883429e-4,-0.002822225,-0.004396863,1.882221e-4,-0.004772862,0.001017352,0.002387205,-0.002036689,5.211344e-4,-0.002045378,-4.3129e-4,-0.002421861,-0.004521109,-0.002669072,-0.005568982,-5.557786e-4,-0.005715441,-0.002517756,-0.01486011,0.002272075,-0.01629908,-0.0106492,-7.428955e-4,0.004270313,0.006814372,-0.001475378,-0.007000003,-0.008786466,0.003795361,-0.007789736,0.003771479,-0.003968095,-5.3561e-4,-0.006404258,-0.008834972,-8.050418e-4,-0.002345533,-0.002208826,-0.003904994,1.699185e-4,-0.001857783,0.001381672,-0.002379195,-0.001899808,-0.002292244,0.002750607,-0.004188034,-0.006864044,0.002103892,6.738893e-4,-0.007019867,2.109991e-4,-0.003604866,7.459454e-5,0.002545242,-0.001352637,-0.002818246,-0.0014891,-0.002509171,0.001230563,0.003494211,-6.789039e-4,7.986622e-4,-0.00222956,9.654074e-4,-3.182459e-5,-0.003868487,-0.002281191,-0.001785096,7.517786e-4,-0.001209726,-8.196819e-4,-1.982167e-4,-0.001624079,-3.43366e-4,7.675261e-4,-0.002679997,-4.584527e-4,-0.001110453,3.05145e-4,-0.002918926,9.015856e-4,-8.662437e-5,-9.391757e-4,-9.917251e-4,-7.977069e-4,-0.001083506,-3.023095e-4,9.702919e-5,-4.006453e-4,1.455312e-4,-4.830191e-4,-2.545059e-4,-0.001371108,-5.232274e-4,4.963197e-4,-5.077369e-4,-2.685554e-4,-1.086587e-4,-3.148076e-5,-6.510447e-4,-4.275765e-5,6.489691e-4,-3.442137e-4,-8.965385e-4,-0.001895423,-8.378414e-4,1.986103e-4,9.523894e-4,-9.418331e-4,0.001144226,-2.784965e-4,5.602699e-4,9.72705e-5,0.001611219,-8.061743e-4,9.101408e-4,-9.496303e-4,0.001255614,0.001797851,5.251645e-4,-1.727358e-4,1.96581e-4,0.003434977,0.003737477,0.007640769,0.01278737,0.01695685,0.02614955,0.02505495,0.02926168,0.03959032,0.03744918,0.03632295,0.03512089,0.0550606,0.2648318,0.8355973,1.118735,0.6398061,0.1581369,0.06208761,0.06795282,0.07720874,0.08606412,0.09471474,0.1090194,0.121788,0.1303611,0.1433518,0.1459874,0.1603817,0.1740613,0.1826737,0.1947849,0.2025476,0.2059555,0.2053757,0.2106182,0.2082288,0.2091259,0.2135543,0.2056891,0.2223873,0.2120928,0.2234626,0.2126576,0.2023937,0.2410603,0.2267727,0.239404,0.2748864,0.161473,0.2884522,-0.003841529,0.07956948,-0.2675473
347.234,0.01668719,0.01340158,0.01405898,0.01152527,0.009924334,0.01161291,0.006105116,0.009409999,-0.001410268,-0.001831117,-7.497411e-4,0.007676988,0.001047082,0.01026611,-0.004176613,0.006126057,-0.00719054,-0.0015864,0.004681149,0.001307753,-7.176265e-4,5.281029e-4,0.002457628,0.001255129,0.007113038,0.003222601,-0.001072774,-5.779091e-4,6.424188e-5,0.003016511,4.146174e-5,-0.002709009,0.01076072,0.004098221,0.003827805,-0.005879454,-0.002694654,0.009611534,-0.00405057,0.004852731,0.007262043,0.002677165,0.01321874,0.006016439,-0.00177108,2.233268e-4,0.002258844,0.01029527,0.003546417,0.003281511,0.002903764,-0.00500075,0.008199736,-0.00172863,0.001806377,0.001769081,-0.001632089,0.00666429,0.00343269,0.003182845,0.005115802,0.002899372,-0.00080143809999999995,0.004473547,0.002215802,-5.410562e-4,0.004159878,9.918029e-4,6.195602e-4,0.001472779,0.002881657,2.050757e-4,0.003638529,0.002745613,0.001029947,-1.750081e-4,0.001798884,-7.441782e-4,1.205155e-4,4.17473e-4,1.730928e-4,0.001473184,-3.008067e-4,0.003776205,0.00152426,0.003804144,0.001736697,0.003319845,0.002520999,-7.081453e-4,0.002169278,0.002316296,0.001541648,2.154412e-4,-0.001265025,1.323287e-4,0.00295596,0.002056605,4.998853e-4,0.002741266,0.001686295,0.001685617,0.00134997,9.436002e-4,5.72641e-4,6.300326e-4,-3.114321e-4,-5.527662e-4,7.986461e-4,3.512387e-4,1.78716e-4,-3.948245e-4,2.662246e-4,5.610891e-4,-3.074262e-5,2.392872e-4,-1.504614e-4,9.806586e-4,0.001019424,6.134109e-4,0.001019688,0.001306996,0.001961657,0.001951099,0.00199605,8.102595e-4,3.099881e-4,0.002524324,0.001347327,0.001683091,0.001409491,0.002446485,0.00169192,0.003327791,0.003267428,0.003268966,0.003070625,0.004339739,0.006841799,0.012195,0.01713528,0.02576372,0.02702014,0.02913733,0.03374007,0.04162879,0.03920973,0.03832081,0.0479655,0.1867509,0.6556166,1.075633,0.7908935,0.239425,0.07390215,0.07045447,0.07789454,0.09180867,0.1002522,0.1139947,0.1286697,0.1369624,0.1494896,0.1600569,0.1699988,0.184653,0.1898441,0.2015473,0.2042679,0.2191507,0.2256886,0.2247045,0.2236154,0.2249346,0.2301913,0.2292807,0.2286722,0.2337986,0.236357,0.236051,0.2396042,0.2578097,0.2469936,0.2880214,0.316992,0.3569513,0.3556121,0.2385209,0.6877464,1.790602,1.370033
349.513,0.009070062,-8.45608e-4,0.02876588,0.009024498,0.01194772,0.008282027,0.008456421,0.02289476,0.00397109,0.01378577,0.009858463,0.006010211,0.0177518,-0.003266225,0.01109549,0.008041364,-0.00494693,0.01045313,0.002516166,0.002687318,0.002559961,8.018463e-4,0.007294658,0.004350263,0.002173591,0.001682442,0.004207569,8.695885e-4,-0.003995807,0.007903848,2.327492e-4,0.007160683,0.005793295,0.001593925,0.009579487,0.006070231,0.003780389,0.01908608,0.006525082,0.008364964,-3.334808e-4,-0.003070367,-0.002618007,0.002491027,0.01297906,0.00418777,0.009418278,0.01244859,0.00648154,0.006392102,0.01070366,4.517958e-4,2.45218e-4,0.0082680300000000009,-0.003337152,0.003300392,7.998016e-4,-1.565783e-4,0.008567437,-0.001966418,0.004248989,0.005496174,-3.65688e-4,-0.002215744,7.73456e-4,-0.001745414,0.007088337,0.001702552,0.003645377,0.002612426,8.897071e-4,0.002551124,0.004463682,-0.001293183,0.001271418,-0.001355294,0.002390548,0.004380975,5.177873e-4,0.002751109,5.94253e-4,0.003507529,0.002297291,4.226349e-4,0.003071827,0.00246529,-4.70793e-4,-4.994649e-4,-4.069254e-4,0.001937771,0.00139283,8.302467e-4,0.002432421,8.401306e-5,0.001539785,0.001575889,-1.025995e-4,0.001404291,0.001842137,3.121709e-4,0.001394069,0.001782629,0.001801363,0.001271724,-2.356095e-4,4.634822e-4,0.00123514,-5.726854e-5,2.434003e-4,1.945687e-4,5.994668e-4,2.361471e-4,5.391825e-4,7.353884e-4,0.001101009,-6.998557e-4,0.001996249,-1.680471e-4,6.8957e-4,0.002406622,0.001839746,0.002105656,8.233558e-4,6.92739e-4,0.001549214,0.001236202,0.00137555,0.001458408,7.529845e-4,0.001359072,0.003504702,0.001608914,7.151613e-4,0.002754613,0.003454232,0.002606896,0.005018156,0.004675044,0.009262767,0.01509895,0.0230356,0.02694841,0.02959051,0.02686226,0.03574359,0.0414928,0.04166331,0.04667971,0.1264749,0.5251153,0.9756628,0.8468974,0.3334168,0.0893015,0.07888602,0.0882976,0.09864062,0.109308,0.1195356,0.133337,0.1467647,0.1579899,0.1685218,0.1835675,0.1938681,0.2073875,0.2138849,0.220063,0.2199808,0.2313931,0.2356358,0.2308584,0.236865,0.2478096,0.2360724,0.242029,0.245104,0.2454663,0.2543988,0.2553142,0.2569155,0.2752581,0.2887735,0.3098725,0.3285627,0.3369195,0.3876142,0.5759429,0.8218608,1.1076,1.093628
351.793,0.02020783,0.01584325,0.00138216,0.02320619,0.01526524,0.006991686,0.009402705,0.01614308,0.01456396,0.01559627,-0.004002117,0.001573701,0.009187665,0.006557026,0.01066188,0.006206454,0.01095872,0.01047747,0.007563997,0.005070796,0.006601948,0.002150078,0.002962658,4.520345e-4,0.004280784,9.167673e-4,0.002942231,0.002467538,0.006273686,0.008162655,0.003362382,0.001334147,0.004126279,0.02021102,0.007791466,0.007661267,0.00795329,0.005442569,0.01423952,0.007522718,0.01125728,0.008918472,0.005869962,0.01178659,0.003560227,0.001962373,0.006103909,0.005321909,0.004453833,0.00613012,0.008325636,0.004858014,0.01047354,1.526086e-4,0.00617911,0.006504501,0.006807657,0.005944864,0.007371161,0.01029679,-0.001888705,0.00500161,0.006878348,0.005484202,0.007392765,0.005605081,0.003536322,0.006356547,0.00654072,0.003676724,0.006921157,6.824196e-4,0.00342674,0.001353443,-2.911508e-4,0.003109313,0.003691749,0.004029032,0.001777278,0.002151192,0.003347203,0.0045162,0.001211399,0.004303822,0.002707041,0.002524252,0.004574024,0.002692905,0.002641067,0.003904566,-7.432681e-4,0.003005906,0.001903953,0.003738095,0.002257454,0.002829006,8.344749e-4,0.001242136,7.018567e-4,0.002184747,0.002353012,0.001377725,0.001076851,0.00179628,8.535795e-4,5.025814e-4,-1.708085e-4,0.001762658,0.001178016,6.31325e-4,1.262137e-4,6.119527e-4,1.122177e-4,5.850638e-4,0.001492207,0.001217451,6.704169e-4,6.061584e-4,0.00101589,0.002702099,0.001465291,-5.19798e-4,4.531872e-4,0.001261226,0.001582859,9.997337e-4,0.001693941,7.150787e-4,6.213691e-4,0.002432339,0.002895793,0.001633976,0.002532486,0.00370209,0.003877599,0.003184588,0.006178683,0.009203817,0.01624099,0.01900769,0.02755548,0.02698284,0.03268616,0.03057615,0.0362725,0.04006406,0.04355859,0.102578,0.3910481,0.9047502,0.882643,0.4046341,0.1146879,0.08210849,0.09375773,0.09987157,0.1108658,0.1274167,0.1466212,0.1560404,0.1681904,0.1797402,0.1918326,0.2031055,0.2189143,0.2257326,0.2300467,0.2395064,0.2440394,0.2435419,0.2490709,0.2553909,0.251414,0.2489823,0.2420194,0.2557187,0.2597837,0.266285,0.2768578,0.2755686,0.2919231,0.2712794,0.2929663,0.3502408,0.3915788,0.3450501,0.4737783,0.3202453,1.050755,2.568246,3.278216
354.073,-0.01010763,-0.02101528,0.007547265,0.007993967,-0.0113538,-0.003056005,-0.005077917,-0.005357074,-0.004814579,-0.0084279,-0.008192769,-0.002303618,-0.002346664,0.001876563,0.003133458,-0.003517129,-0.00903697,-1.526532e-4,-0.004692036,-0.001797469,0.001532155,-0.002995922,0.001277069,-9.269463e-4,-2.682808e-4,6.290071e-4,0.001933703,-0.00130999,7.658376e-4,-1.913601e-4,-0.001106486,0.002492027,0.004728091,3.177322e-5,-0.01574717,-0.01342545,3.962396e-4,-0.01293086,0.003344624,0.004353483,-0.004160303,0.006937662,-3.444871e-4,0.002593986,-0.007743197,0.006029419,0.001107895,0.004307463,-0.003894482,-0.00204289,0.002471638,-0.004159153,0.001729509,-0.005747312,-0.009799622,-2.239102e-4,7.674566e-4,-0.00213757,0.001184259,-0.00296762,-0.002475416,-2.583072e-4,7.307553e-4,0.001040394,-0.004770154,-0.001901781,0.002511409,-0.00190816,-1.333752e-4,-8.163017e-5,0.001542887,-0.001828938,-0.001713139,-0.001674864,0.001015053,6.398457e-4,-0.00195513,0.00334559,0.00176337,0.001992173,-0.002595676,-0.002518699,-0.001150343,-2.416602e-4,-7.346899e-4,4.828177e-4,4.245707e-5,-0.0022378,-0.001627109,-7.006731e-5,-9.282945e-4,-9.05593e-5,-6.623661e-4,-0.001433331,-0.002126773,0.002092488,-0.001279996,-8.950247e-4,-0.001627888,-3.024891e-4,8.248798e-4,-0.001108317,-9.44532e-4,0.001066164,5.622483e-4,9.672422e-4,-8.748537e-4,0.001412532,1.835132e-4,-1.7786e-4,2.511208e-4,-1.052439e-4,-5.436492e-5,-6.526476e-4,-3.003088e-4,3.011696e-4,1.355758e-4,4.997845e-4,-2.125928e-4,-3.633092e-4,-6.106887e-4,-0.001111422,5.944939e-4,5.367071e-4,1.703153e-4,-5.150155e-5,8.600298e-4,7.038584e-4,8.412895e-4,3.293029e-4,-2.627877e-4,1.286051e-5,0.001866843,0.001275281,0.004636451,0.003119691,0.00761183,0.01081098,0.01627318,0.02343178,0.02611639,0.02582416,0.02787778,0.03039916,0.03563811,0.0408033,0.07901421,0.3514205,0.7956439,0.9600547,0.4948767,0.1418627,0.08567298,0.09020487,0.1044966,0.1134173,0.1283099,0.1434481,0.1643375,0.1754537,0.1890047,0.2040833,0.2099399,0.2251749,0.2380889,0.2403652,0.2487327,0.253187,0.2560252,0.2595272,0.2597294,0.2605665,0.2579324,0.2587683,0.259121,0.2664038,0.2737299,0.2710513,0.285727,0.2771466,0.3000062,0.3067057,0.3302464,0.309504,0.3481371,0.3452198,0.4096489,0.4132904,0.5127369,0.4308972,-1.37269
356.355,0.003999084,-0.01237612,-0.01422741,-0.005229571,-0.01723476,-0.002364859,-0.01766133,-0.002967593,-0.0146543,-0.01338032,-0.01075618,-0.003423607,-0.01378285,-0.00263885,-0.01147364,-0.01258616,-0.005083121,-0.0137125,-0.004783818,-0.005033005,-0.01135787,-0.001552429,-0.003666876,-0.00218158,-5.707699e-4,-9.571942e-4,-0.003006122,0.001693514,-0.003817701,-0.002094722,-0.01173925,-0.00828091,-0.01095309,-0.006836497,-0.004208507,0.004212244,-0.006595154,0.003378364,-0.002111725,-0.012526,-0.008556167,-0.00279171,-1.361244e-4,-0.01222533,-0.004070228,-0.008368894,-0.009639673,-0.01158145,-0.006044095,-0.003413421,-0.004830084,-0.004818577,-0.002444456,-0.001118852,-0.00833811,-0.003210503,-0.008373201,-0.002565542,-0.006590957,-0.004998052,-0.004409272,-0.001650737,-0.001180287,-0.008324694,-0.001356771,1.752512e-4,-0.00122514,-3.468205e-4,-0.00328536,-0.001225518,-0.002636385,-0.007942884,-9.707806e-4,-0.004918158,-7.046938e-4,-0.004228129,-0.002867576,1.342123e-4,-0.002798717,0.002722848,-0.002665204,-0.001658456,6.307607e-4,-0.001484393,-0.004760907,-0.003941099,-0.001752792,-0.002021899,6.295773e-4,-0.004311871,-0.002480275,-0.001600103,4.149831e-4,-0.001577735,-0.001540402,-0.001441052,-2.360955e-4,-0.001012019,-7.409335e-4,-3.971183e-4,-9.941599e-4,1.949327e-4,-0.001166236,-6.921334e-4,-0.001563718,7.632209e-5,-0.001506669,-0.001477512,-8.654427e-4,-2.642433e-4,-0.00103721,4.27596e-4,2.788365e-4,-2.158038e-4,-0.001182652,-6.653887e-4,-9.260979e-4,-5.60891e-4,3.621489e-5,-3.354788e-4,2.795412e-5,-2.6573e-4,1.015476e-4,-0.001503453,-3.03782e-4,6.187749e-4,4.784485e-5,-1.6336e-4,-0.001064181,0.001474274,3.83697e-4,-2.262356e-4,0.001673715,0.002545023,8.842729e-4,0.00519969,0.008336084,0.01504113,0.02324332,0.02578422,0.03044881,0.02763901,0.02974601,0.02987245,0.03446408,0.05798718,0.2785178,0.7805743,0.97271319999999994,0.6244337,0.1862718,0.08427938,0.09210847,0.1069532,0.1186043,0.1352607,0.1523725,0.1649228,0.1820641,0.2023002,0.2064878,0.2174785,0.2337589,0.2474389,0.2523491,0.2594135,0.2637136,0.2696192,0.2726421,0.2730011,0.2764059,0.2708412,0.2684834,0.2609389,0.2758946,0.2820206,0.286541,0.2883788,0.2892573,0.3048993,0.2979587,0.3244712,0.3253143,0.35715,0.4082482,0.4051915,0.3254698,0.02730655,0.1262639,-0.8942355,-2.591325
358.637,-0.0112697,0.01301418,0.002424939,0.003679857,-0.01430638,0.02362788,-7.120838e-4,-0.01145972,-0.01418821,-0.01769997,2.064795e-4,-4.312378e-4,0.004481318,-0.00176625,-0.003314005,0.01074246,0.004172887,-0.005252176,0.001578858,0.001640584,0.001047127,0.002881595,-1.363089e-4,-6.509917e-4,2.1687e-4,-0.003297273,-0.004715831,0.001223931,-4.663356e-4,-0.005859786,-0.001855422,-0.001742816,-0.01288046,-0.002676754,6.55825e-4,-0.007226051,-0.009476187,-0.002485473,-3.653165e-4,7.996883e-4,-0.008149435,0.003686664,0.001559949,-0.01343127,0.009916775,-0.005742682,0.002086019,-0.001900472,-0.003651368,0.01301985,0.003934476,-0.001650778,-0.00257636,3.137243e-4,0.002315356,-0.005077798,-0.002393425,0.004031185,4.102782e-4,0.002230955,-6.524852e-5,-7.215237e-4,-0.00367219,0.00368094,0.002348168,0.002091398,-0.00469545,-0.003013862,-0.003742217,0.003006569,-0.001055981,7.295196e-4,6.608832e-4,-0.002320949,-0.002980577,-5.096648e-4,-0.001468003,-9.51258e-4,6.459873e-4,0.001648522,9.591715e-4,0.00122959,2.623029e-4,-0.002698674,2.558016e-4,0.001451735,-4.792232e-4,0.001942131,-2.059136e-5,0.001299693,-2.54017e-4,-0.002720921,0.002903077,-0.002246205,-2.86582e-4,7.474103e-4,0.00119093,0,4.345377e-4,-6.731968e-4,-7.4597e-4,4.114615e-4,2.046628e-5,0.001336402,2.113773e-4,8.985957e-4,-6.699311e-4,-7.270722e-4,-1.155107e-4,-6.4814e-5,5.146399e-4,2.213555e-4,8.367162e-5,4.188497e-4,-4.904123e-4,8.235797e-4,7.135509e-4,-7.056069e-4,-1.905272e-4,-2.512585e-4,5.885752e-5,6.646156e-4,3.88332e-4,4.525839e-4,0.001351114,7.196972e-4,-5.247044e-4,0.001936661,0.001041436,0.00201445,-9.705055e-4,0.001447443,0.003119167,0.001920606,0.004282167,0.006611264,0.01237079,0.01759036,0.02493262,0.02652911,0.03262044,0.03034087,0.03028365,0.03476562,0.04676735,0.20404,0.7120565,1.069808,0.7329205,0.2523944,0.0876633,0.09364522,0.1086135,0.1240913,0.1391138,0.1567786,0.1751348,0.1894217,0.2074386,0.2282154,0.2332145,0.2452281,0.2596162,0.2705735,0.2776321,0.2876312,0.2862605,0.2875722,0.284721,0.2856186,0.2889755,0.2882,0.2931336,0.2851743,0.2869499,0.2938075,0.3158271,0.3165969,0.3341334,0.3089662,0.3269511,0.3517473,0.3622945,0.3756125,0.389577,0.482094,0.44686,0.6093815,0.02585301,0.8119745,0.2095276
360.92,-0.01322027,-3.206851e-4,-0.01053866,-0.005153818,0.003827301,-0.01326081,0.01438951,-0.002879205,0.003075676,-0.006587812,0.002953878,-0.004331165,0.007380728,0.002810211,0.007153829,-0.01328228,0.002178063,5.717113e-4,-0.004657021,-0.00544686,0.003300696,-0.0054578,8.973255e-4,1.986276e-4,0.003702432,8.505873e-6,0.004761157,-0.002817306,-0.001487306,-0.003577165,-0.004232326,0.003914501,-0.0075521370000000004,-0.007507293,-0.004379105,0.004988507,2.745637e-4,0.006764859,-0.01058237,2.221429e-5,-0.00163455,0.002092775,-0.005510792,-0.002169108,0.009025055,0.006510618,-9.448036e-4,-0.001457884,-0.00145253,0.004326928,-1.943165e-4,-0.001510097,-0.006375568,0.002617541,0.001572855,0.002507335,6.792182e-4,0.001930949,5.915821e-4,6.829172e-4,0.001966204,-0.002454352,7.08774e-4,-0.00410559,-0.002336907,-9.383022e-4,2.88782e-4,-9.846459e-4,-0.002697584,0.001557733,0.002400063,-0.00101558,-0.001419964,-6.062288e-5,0.001923608,-0.001718878,4.498162e-4,0.004023328,-0.003012298,0.001858893,0.00122054,7.45204e-4,5.861195e-4,-0.0010733679999999999,-0.00169518,5.304902e-4,-0.002744749,0.001066105,-0.001145132,-0.001312047,0.001131641,4.253202e-4,-5.243974e-4,-0.001901683,8.653878e-4,-0.001691402,9.872434e-4,0.002768993,6.224776e-4,0.00243866,-1.541459e-4,-4.758498e-4,0.002451545,5.939517e-4,3.08219e-4,-2.693494e-4,1.26556e-4,-6.103573e-4,3.697004e-4,0.001579257,-1.153377e-4,-4.430188e-4,-0.001028995,3.912922e-4,-1.942692e-4,2.200356e-4,3.965608e-5,-9.166273e-4,0.001731153,0.001720621,4.62585e-4,-1.821338e-4,-3.246326e-4,-2.308287e-4,4.342534e-4,2.696485e-4,0.001056812,-5.724287e-4,2.295694e-4,8.979616e-4,3.917316e-4,0.002534736,0.002137527,0.005607006,0.007246089,0.01216287,0.01477824,0.02100395,0.02657845,0.0296753,0.03300553,0.0316022,0.03148675,0.03840031,0.1359746,0.6211573,1.127725,0.8987132,0.3374226,0.1004203,0.09093744,0.1064951,0.1266911,0.1428403,0.1646898,0.1807724,0.1987669,0.2170117,0.2306203,0.2510829,0.2572828,0.2721037,0.2824458,0.2966192,0.2990238,0.3030389,0.3080083,0.2996376,0.3021035,0.3031128,0.3020265,0.3090435,0.3042971,0.2994028,0.3052898,0.308604,0.3192622,0.3361794,0.3499764,0.3326749,0.3719951,0.3824914,0.420285,0.4300086,0.43723070000000003,0.4634674,0.4624945,0.637528,0.6210997,0.5217724,2.818467
363.203,4.585155e-4,-4.383781e-4,0.01250379,0.001824492,0.01558662,0.0152638,0.0105351,-0.01425801,0.007337171,0.01533938,-4.756156e-5,-0.005040764,-0.0023468,-0.001480657,-0.001210635,-6.073153e-4,-0.002324092,-4.295466e-4,-0.005901486,-0.005283543,-0.004512772,-8.23365e-4,-2.167447e-4,-0.003411516,-2.890252e-4,2.272148e-4,0.001882696,0.001470859,-0.001296939,-0.004207978,0.003551366,-9.238407e-4,0.00824869,0.008569149,0.006442476,-0.002058251,0.004587303,-0.005979854,0.001311939,-0.001480038,0.004099513,-5.83077e-4,-0.004292544,0.004531906,0.01026457,0.01039704,0.004227752,-0.001710717,0.005625997,-0.005073572,0.001502419,-0.003529976,0.003834287,3.544993e-4,-0.003719242,-0.001990209,0.005989156,-0.002374116,-4.815353e-4,0.00562113,-6.132298e-4,-0.003340233,0.006756778,0.002649652,0.006195649,0.002142779,0.005233273,-5.292682e-4,0.002536744,-0.001508648,-0.002463932,0.002039492,-0.003894138,-0.00359233,-0.002712137,0.001868888,0.001228209,-9.203888e-4,0.00182768,-0.001075582,0.003095499,0.002234348,0.001808824,0.005682254,-0.002031391,-5.357282e-4,-0.002644846,-0.001523207,-3.123507e-4,-4.984951e-4,0.002016232,0.002721077,-0.002782169,0.001478269,-3.293262e-4,-2.692054e-4,-7.546666e-4,0.00192473,-0.001306765,0.001488701,3.15642e-4,2.400814e-4,-0.001236321,3.858265e-4,-8.119436e-4,-0.001182056,-2.641164e-4,-4.966176e-4,3.57461e-4,1.941849e-4,5.175352e-4,-2.949357e-4,1.46875e-4,4.043108e-4,9.830134e-4,3.014755e-4,2.271953e-4,-0.001087636,-9.801742e-4,0.001508741,-1.766226e-4,-0.001019931,5.76879e-4,0.001314054,7.306485e-4,0.001268031,6.542931e-4,0.001769221,0.00149244,3.777233e-4,0.001956876,0.003562298,0.004675256,0.008007979,0.01008846,0.01412169,0.01971129,0.02365532,0.02372541,0.03249027,0.03330198,0.0326316,0.03561823,0.08349508,0.4387513,1.071996,1.077783,0.4484517,0.1255271,0.08674846,0.1022414,0.1234509,0.1438036,0.1647454,0.182232,0.204901,0.2243357,0.2450396,0.2595324,0.2808351,0.2897793,0.3020419,0.3131075,0.316842,0.3265078,0.3315137,0.3302175,0.3272868,0.3222232,0.3235612,0.3192187,0.3195811,0.3194576,0.3119837,0.3198714,0.3315256,0.3460305,0.3442594,0.3689933,0.386492,0.3807677,0.3986655,0.4356726,0.4577917,0.4589582,0.4986145,0.5322907,0.3352257,0.1069278,1.217276,2.497425
365.488,0.007938541,0.01113351,-0.02417041,0.004342367,-0.005913119,0.006410385,-0.02012151,0.002249729,-0.007579648,0.003473856,0.006842085,-4.8373e-4,9.189346e-4,-6.100924e-5,4.990983e-4,0.01222907,0.008298385,0.002164232,0.003263002,0.003857001,-3.519566e-4,0.002329822,0.001451253,0.001839905,-4.968953e-4,-0.003789586,-0.001116765,-0.004264049,-0.001331209,0.001748725,-8.19593e-4,0.008195544,-7.824428e-4,0.002442512,0.001450909,-0.01226125,0.007163966,0.002279755,-0.003377314,-0.006969397,0.002867311,-0.006814492,0.005561127,-5.047027e-4,0.005263022,-1.816973e-5,-0.002939983,-0.001207663,0.00683968,0.0021769100000000002,0.003592257,0.005504374,-0.005175216,-0.008934221,-0.00468742,-0.003541574,0.005422304,0.004194577,0.00284321,-0.001570149,-9.762538e-4,-0.001378755,-0.001823932,-0.001328729,0.001090913,7.585563e-4,-0.004291937,-9.598026e-5,-0.002546789,-0.005582142,0.001366674,-0.003868102,0.002073367,1.603656e-4,-0.002505052,-0.002359321,6.488811e-4,2.498336e-4,-0.001693227,-5.008638e-4,-0.002554178,0.001071788,3.332009e-4,-0.002419354,-0.001408723,1.296427e-4,4.692288e-4,-0.0030429,-3.069063e-4,0.002733062,-1.178973e-4,-7.721021e-4,6.67429e-4,-7.917993e-4,-0.001327665,0.001579656,0.001422602,0.001092902,-7.409989e-4,1.079383e-4,-6.80009e-4,4.520623e-4,3.130908e-4,-1.831564e-4,5.882754e-4,-9.305686e-4,-0.001202149,-2.764924e-4,2.826763e-4,8.012648e-4,-7.268639e-5,4.709426e-4,3.981268e-4,8.196372e-5,-6.401519e-4,4.849121e-4,-1.401581e-4,8.010908e-4,0.001020299,0.001180337,0.001216658,-2.229509e-4,0,2.892834e-4,0.001399605,3.397681e-4,8.349568e-4,3.140743e-4,0.001763092,2.045097e-4,5.176328e-4,0.002371,0.005938486,0.00701818,0.01157384,0.01919855,0.02325312,0.02447522,0.02530767,0.03100205,0.0350737,0.0338266,0.05392548,0.3008413,0.8756491,1.101562,0.6028144,0.1549542,0.08334564,0.09654946,0.1186709,0.1392451,0.1632824,0.1900368,0.2134206,0.2338094,0.2457166,0.2669632,0.2828697,0.2971442,0.3181409,0.3312457,0.3414611,0.3496052,0.3560441,0.3483741,0.3422608,0.3475387,0.3419308,0.3420673,0.3429608,0.3352572,0.3333139,0.3357497,0.3301054,0.3489502,0.3619427,0.3814916,0.3870124,0.4200824,0.4152771,0.4422003,0.4760973,0.4950597,0.5255173,0.5638286,0.5462317,0.6247472,1.093109,0.9855562,0.3200213
367.774,0.01742699,-0.002609285,0.03673093,-0.001887378,0.03716056,0.007287263,0.03267502,0.01228054,0.01157749,-0.008869972,0.0118793,0.002220119,0.005325572,-0.001482055,0.005659787,-0.009448887,0.004016255,-3.81903e-4,0.007424152,0.005413358,0.004100407,0.003336065,-0.00117143,0.003135432,0.003075074,0.001845025,8.639207e-4,3.978084e-4,0.001003113,3.8353e-4,-5.697075e-4,-0.003778717,0.009782409,0.001301774,-0.004179616,0.01227574,0.008350153,0.001490926,0.01092714,0.008073423,0.01182766,0.005926024,-0.003707881,-0.006148397,0.007795578,0.007661078,0.005901886,-9.082496e-4,0.009316695,0.006000221,0.004580919,-0.001666901,-0.004575095,4.319137e-5,0.001979408,0.002203446,-0.003342349,0.001948163,0.002158332,-0.003320298,-0.001221456,2.386259e-4,0.007912371,0.00228885,0.005839698,0.001994112,0.005040268,0.004585011,0.006683768,0.003862297,-0.001143857,2.626921e-4,0.001997015,0.003237531,-9.506106e-5,0.001444888,2.285481e-4,0.002277241,0.0031512380000000002,3.702734e-4,0.002590155,0.002535869,0.001974244,0.00283588,0.001918556,0.00244523,0.001709432,-0.001169241,3.712365e-4,0.001702791,0.0024104,8.542904e-5,0.002932174,5.937841e-4,0.002168278,0.002641251,0.001094653,0.001857361,0.00265175,0.001203041,0.001960144,4.023443e-4,-8.625918e-4,6.045385e-4,0.001505053,0.00130971,-7.606474e-4,6.35598e-4,-6.927033e-4,6.246575e-4,3.533539e-4,8.162262e-4,1.445506e-4,5.222242e-5,4.253332e-4,4.734108e-4,8.364567e-4,0.001653554,7.429546e-4,0.001374978,9.591617e-4,0.001708239,5.419644e-4,0.001352082,4.78363e-4,0.002892755,0.002392715,0.003267988,-3.892351e-4,0.002574294,0.002657253,0.004049386,0.007968801,0.01212892,0.01577947,0.02374543,0.02550506,0.02331514,0.03121089,0.03354984,0.03431579,0.04205616,0.1975525,0.7112887,1.026717,0.6827477,0.2221847,0.08672013,0.09462951,0.1123695,0.1348638,0.1628556,0.1888093,0.2125263,0.2388541,0.2621595,0.2831809,0.2971983,0.322934,0.3280072,0.3462463,0.358155,0.3719075,0.3713951,0.373381,0.3831553,0.3725228,0.3684099,0.3667479,0.3699789,0.3650478,0.3597114,0.3561797,0.3562141,0.3694017,0.3692915,0.4012262,0.3991103,0.4213261,0.440198,0.4588575,0.4557938,0.4985363,0.5491733,0.5652378,0.6382041,0.6772662,0.7180928,0.9601603,0.5811006,3.415989
370.06,-0.006552866,-0.005607656,0.004224579,-0.002210796,-0.002910717,0.0057923820000000004,0.009059139,0.01527151,-0.008773286,0.001898345,-0.006891447,0.007328381,0.004159622,3.304498e-4,-0.003195867,0.01004743,0.002735173,-0.001505063,0.001947067,0.00103668,0.004609048,0.002083405,-0.0015291,6.18655e-4,-0.003033514,-0.003906945,-7.288101e-4,0.003041946,-1.518366e-4,0.002583636,0.001042337,0.004606759,7.12018e-4,-0.001976175,6.922569e-4,0.003905362,-0.00113512,0.006952786,0.005764639,-0.00310616,-3.822513e-4,0.008677938,-0.002170673,0.002233842,-0.01247396,-0.005534608,-0.001171644,0.00497623,0.008042341,-0.003366251,-0.005826448,0.007068047,-2.260625e-4,6.563864e-4,6.531582e-4,0.002739647,0.002231592,-0.005563711,-0.006744315,0.00116946,0.005916875,0.0031397730000000002,0.004454348,0.003483178,0.002861544,0.002329716,0.002053568,0.003171899,-0.001383645,0.001476328,-8.780585e-4,-7.072505e-4,0.002068695,-8.533875e-4,0.003217139,-0.00176276,-0.001310823,5.960322e-5,-2.798194e-4,-0.001360824,0.002876677,0.001208318,-6.415793e-4,3.052532e-4,-6.13434e-4,-5.975055e-4,0.003120149,0.002152804,-0.001797357,7.612598e-4,-4.769422e-4,-6.699231e-4,0.00107379,-9.598208e-4,0.001211409,4.865619e-4,8.948409e-4,-1.434467e-4,2.965095e-5,7.419945e-4,8.034132e-4,0.001656475,2.683171e-4,-7.399962e-5,-6.71758e-4,2.166376e-4,8.021606e-4,4.782703e-4,9.249965e-4,6.009329e-5,4.648663e-5,5.455379e-5,1.376634e-4,1.204094e-4,8.812473e-4,9.319853e-5,-7.753142e-4,-8.237793e-4,7.50274e-4,-7.236958e-6,-2.190263e-4,0.001049079,7.339919e-4,9.194425e-4,-1.381453e-4,4.730871e-4,3.851799e-4,4.546068e-4,0.001665288,9.582048e-4,0.004779267,0.005771185,0.008188143,0.01461722,0.01988051,0.02205094,0.02309035,0.02707924,0.02899286,0.02871917,0.03827704,0.1353893,0.5615565,0.9780366,0.7279301,0.2688756,0.08927857,0.09275643,0.1111664,0.1354271,0.1585882,0.1857561,0.2138012,0.2443248,0.2676944,0.2910701,0.3079191,0.332593,0.3482694,0.3616883,0.3796968,0.3906743,0.3943802,0.4037587,0.4043534,0.4049587,0.3937573,0.3932477,0.385127,0.3781563,0.3871016,0.3840273,0.3827042,0.3750984,0.3891695,0.3908101,0.4149241,0.4304806,0.4357522,0.4698066,0.4982697,0.5008218,0.5512553,0.5730451,0.6319004,0.6135141,0.7951943,0.6202511,1.343182,0.6505473,3.595392
372.347,-0.001470601,0.006974705,0.006010358,0.01011253,0.004947734,-0.004780414,-0.002259511,0.01010362,0.006853109,-0.002953315,-9.129754e-5,-0.006909902,-0.002972741,0.004750671,-6.174879e-4,6.284707e-4,-3.993757e-4,-0.001285868,-0.006215318,0.002040075,0.004946251,0.003675389,-0.001890695,1.369322e-4,7.730356e-4,0.001387706,4.808419e-4,8.334576e-4,0.004208564,1.729995e-4,-8.639635e-4,-0.007091311,0.005591921,-0.006482401,0.006678187,0.01442703,0.004549724,0.001534195,-0.003922647,-0.01337496,0.001291541,0.001440565,8.680528e-4,0.008867269,0.00642283,0.001612074,9.014074e-5,-0.002172939,-0.003685552,0.003861054,6.003651e-4,-1.312596e-4,-0.00168412,0.004279604,0.006398119,0.008599232,-0.004299918,0.003982514,-0.002258233,0.002526252,0.00578492,-0.002629621,-8.087287e-4,-0.003378927,8.09643e-4,-0.00324883,-9.176016e-4,4.49469e-4,-7.962963e-4,0.004169922,0.00342159,-0.005291374,0.00407988,2.446282e-5,6.001116e-4,0.003366312,-3.236291e-4,9.994887e-4,0,0.003027019,0.003011357,0.001190461,-6.173276e-4,-1.213721e-5,-0.004994543,-1.66699e-4,-0.003017728,-3.136005e-5,0.0018535,-0.001318533,-6.801969e-4,3.074652e-4,2.671222e-4,0.002217147,0.001077806,1.742454e-4,-8.712977e-6,-3.60776e-4,-6.075363e-4,5.142163e-4,-0.001629497,2.225126e-4,0.001301972,0.001159287,8.696394e-4,-0.001101071,4.45963e-5,3.467234e-4,0.00076270350000000005,5.25612e-4,2.611374e-4,-4.394202e-4,-9.570259e-5,5.897878e-4,6.129608e-5,7.027488e-5,9.531869e-4,7.448318e-5,-1.029236e-4,0.00207992,0.001146572,0.001422291,5.746363e-4,-5.860546e-4,5.231085e-4,5.248425e-4,5.428997e-4,5.670823e-4,0.002094457,0.003882353,0.006081333,0.009189788,0.01200269,0.01695604,0.02214314,0.02378455,0.0255478,0.02841928,0.02803755,0.03514344,0.1114441,0.4693302,0.9578325,0.8502773,0.3216934,0.09947481,0.08764976,0.1092338,0.1303261,0.1537556,0.1806102,0.2115406,0.2438511,0.2718087,0.2999685,0.3265401,0.3428801,0.3652286,0.3793441,0.4026913,0.4182903,0.4205386,0.4302411,0.430837,0.4271041,0.430671,0.4250472,0.4246285,0.4202979,0.4110839,0.4087317,0.4031859,0.3994723,0.3999675,0.4144254,0.4317238,0.4477673,0.4709792,0.4949013,0.5096082,0.541973,0.5486945,0.5961691,0.6314854,0.6876194,0.7313122,0.7991714,0.8140665,1.174867,2.513172,3.204143
374.635,0.01094473,0.03768578,0.005344325,0.003456775,0.01315578,0.02084357,0.02547527,0.008579971,0.01725594,0.02267821,0.00221134,0.007212121,0.00539723,0.006392297,0.01272667,0.007889303,0.01215671,0.01633297,0.01166266,0.005930476,6.542653e-4,0.005366201,8.14269e-4,0.002063387,8.16637e-4,0.002861212,0.00435286,1.533913e-4,0.004890364,0.00253737,0.001771277,0.001671787,0.005327854,0.01216584,0.008281409,-0.005307567,0.007515327,0.008997051,0.007054513,0.004634198,0.009632789,0.008056959,0.004883483,0.01382659,0.006088217,0.006934268,0.003330516,0.006936497,0.001323703,0.004086193,0.00387805,-0.001196956,0.01002878,0.006419441,0.004633161,-0.001481861,0.006853105,0.004926901,0.005417374,0.002581938,-1.786629e-4,0.001506562,0.003117311,0.006999918,0.003308287,0.002414032,0.00129076,0.006656985,0.004308729,0.002789388,0.005305727,0.001120645,8.332265e-4,0.002902896,0.005360039,0.00249931,0.001935456,0.001233863,0.004135576,7.38585e-4,0.003951134,0.002146603,0.001922315,0.003170399,2.817984e-4,0.002108605,0.003895434,0.001663846,0.001317018,0.001595377,-5.888119e-4,0.001878655,3.939727e-4,6.608792e-4,0.002184611,0.001577983,8.886048e-4,0.002944216,0.002425461,0.001816874,0.001516144,0.001732512,-1.729058e-4,6.921309e-4,0.001490091,0.001778609,2.716232e-4,8.571962e-4,7.793135e-5,5.559438e-4,6.386174e-4,5.15997e-4,8.01562e-4,4.606905e-4,8.992214e-4,7.807377e-4,8.220973e-4,0.001479444,0.001539649,0.001055571,0.001941541,2.516504e-4,9.706818e-4,0.00124316,0.002224169,0.001207436,0.001942695,0.001395293,0.003960699,0.004419952,0.009011858,0.01449661,0.01649517,0.02102859,0.02309757,0.02400082,0.02518077,0.02804897,0.03138205,0.07872516,0.4126393,0.9416502,0.9865035,0.4423031,0.1172866,0.08777527,0.1037556,0.123773,0.14744,0.1799289,0.2115363,0.24665,0.2783047,0.3076795,0.3352825,0.3578695,0.382905,0.4117953,0.4201111,0.4359337,0.4585418,0.4646392,0.4702159,0.4765534,0.4784364,0.461283,0.4603378,0.4581463,0.4498707,0.4401628,0.4346647,0.4325993,0.4305801,0.4250599,0.4497171,0.4595473,0.4887739,0.5031616,0.5323872,0.565198,0.596642,0.6281407,0.6381293,0.6977473,0.7896677,0.826111,0.7984649,0.8434072,1.214315,1.828156,3.61622
376.923,-0.01146995,-0.007458573,0.03346108,0.002782303,-0.0182758,0.003474879,0.01680735,0.00779833,-0.00520234,0.002330801,0.01745938,-0.001563248,0.00571085,0.004675926,0.009508588,-0.005536251,-0.001447832,-0.008964772,0.002077999,1.831792e-4,-0.001496321,0.002246391,-0.002932499,0.002041592,0.00183627,-0.001842257,0.00304404,0.0029413,0.00384927,0.002575488,0.004363721,-7.39517e-4,-7.303938e-5,0.01676958,0.0105129,0.01062598,-0.004891275,-0.005131178,-0.004164646,-0.002856127,0.004274298,0.003597894,-0.005144009,0.001988989,0.00501145,-0.001426897,0.001284148,-0.004656467,0.004666445,0.002829179,-0.002288046,-2.392985e-4,-0.002320153,-0.00586965,-0.004935394,4.086278e-4,-0.002835832,0.002292932,-0.003685438,-0.001358299,0.001667908,0.001238445,0.004848315,2.10078e-4,0.002041055,-0.001378007,0.004912261,0.002220217,-0.001126096,-0.001950023,0.002636722,0.00213025,9.647885e-4,-1.462317e-4,-3.430287e-4,0.002686502,-5.70554e-4,-5.441245e-4,0.002581217,-1.163924e-5,-0.003184439,6.009036e-4,-0.002271666,-2.573832e-4,0.00293282,1.321206e-4,0.001689236,7.679792e-4,8.357726e-4,-9.453397e-4,0.002059408,0.001635789,-9.321853e-4,-0.001361618,-0.001080197,0.001604269,0.001750357,0.002459245,-7.15856e-4,-2.955981e-4,-1.350286e-4,-5.733971e-4,-0.001287842,2.731148e-4,-6.230913e-4,-3.318595e-4,1.790775e-4,-1.8933e-4,-2.515134e-5,6.713675e-4,1.052345e-4,6.752637e-4,6.309106e-4,-4.12581e-4,-4.99994e-4,0.001572694,2.385328e-4,2.587903e-4,6.361784e-4,0.001571703,0.00105562,-2.051379e-4,1.396303e-4,0.001388566,9.607378e-4,0.001375306,0.002984849,0.003361626,0.003306044,0.005757023,0.009060984,0.01456038,0.01868276,0.01917137,0.02305847,0.02344494,0.02749867,0.02847296,0.04489747,0.2988082,0.8760586,1.072883,0.6068871,0.1618315,0.08174506,0.09721348,0.1192713,0.1437103,0.170232,0.2027994,0.2382107,0.2744228,0.3086892,0.3376142,0.3659237,0.3911235,0.4143833,0.4325558,0.4583196,0.4706678,0.4806234,0.4917842,0.4998058,0.5004798,0.5007594,0.493555,0.4817182,0.4795383,0.4604949,0.4652154,0.4586429,0.4524773,0.4555801,0.464178,0.4725108,0.4862363,0.5036022,0.5230051,0.5710178,0.5845455,0.617932,0.6627512,0.6973663,0.7464521,0.8201006,0.8224094,0.9411635,0.890386,0.9700343,1.144155,3.374258
379.213,0.004140632,-0.006333304,-0.01133547,-0.005899046,-0.02655863,0.001085524,-0.01405231,-0.008936898,-0.02390656,7.149348e-4,7.668682e-4,-0.008065865,-0.009833012,-0.002334945,-0.006342638,0.003872379,-0.006906209,-0.007858437,-0.005987637,-0.003924785,-0.002880771,-0.001648157,-0.002385345,-0.001162806,-0.002020208,-0.004721509,-0.001652339,-0.00503764,-0.00389219,-0.00237016,-0.007952106,-0.002215945,0.004691527,-0.006505733,-0.008047275,-0.01273034,-0.007085536,7.141382e-4,-0.004698264,-0.003064017,-0.005931339,-0.0104254,0.00499366,-0.004003069,-0.001391034,0.001408703,-0.007419837,-0.002325429,-0.006897423,0.004115158,-0.006654561,-0.007360031,-5.146685e-4,-0.009426849,-0.005877494,-0.007498376,-0.003251039,0.002116051,4.277068e-4,-0.006067802,-0.002226857,-0.003604315,-0.00357111,5.407976e-4,-0.003314567,-0.001671279,6.173371e-4,-0.002817209,0.002762422,-5.802085e-4,-0.003195992,0.002498701,-0.003672756,-0.001001242,-5.896949e-4,-9.445615e-4,0.001938383,-4.886258e-4,-0.004746531,-2.597904e-4,-2.972169e-4,-2.900029e-4,-5.765413e-4,-0.002959281,-0.00454885,-0.001924937,3.726996e-4,-0.001996304,-7.812054e-4,-0.001138556,-0.001461423,-0.002679271,-0.002919099,-0.002104948,-0.001353102,-0.001500203,-0.002275267,-7.559615e-4,-6.496532e-4,-8.567944e-4,-0.001744302,-9.448658e-5,-4.877725e-4,-0.003119417,-5.033361e-5,-0.001326535,1.529301e-4,-0.001015946,-7.996975e-5,-1.692437e-4,2.132744e-4,2.51297e-5,-5.566667e-4,-2.079452e-4,3.468382e-4,-8.697279e-5,3.674329e-4,1.99252e-5,-9.667205e-4,-5.511323e-4,-4.492674e-4,-4.613998e-4,-2.898143e-4,0.00156985,2.424707e-4,-4.107634e-4,0.001308702,0.001396742,0.003500041,0.007110582,0.01175255,0.01486544,0.01809348,0.01938686,0.02339185,0.02671075,0.02577084,0.03477684,0.1720406,0.7109411,1.110271,0.742125,0.2306331,0.08345624,0.0909652,0.1130276,0.1378985,0.1659123,0.1926201,0.2297661,0.2661435,0.3021384,0.338588,0.3706743,0.3976976,0.427032,0.4446698,0.4689834,0.4866827,0.5032854,0.5137745,0.524638,0.526589,0.5220302,0.5271544,0.5182838,0.5141641,0.4999968,0.4901937,0.4857157,0.4865379,0.4749897,0.4778848,0.4761387,0.4907186,0.5107835,0.5396608,0.5664313,0.5825341,0.6216018,0.6595067,0.6932688,0.7281431,0.7706515,0.8398828,0.8358019,0.7759498,0.9848886,0.5465791,0.635508,-2.163321
381.503,-0.00611214,0.005758666,0.007647131,0.006574362,1.38378e-4,0.0298614,0.01346998,0.01719822,0.004098549,0.008241003,0.01214208,0.002218233,1.920733e-4,-0.002492401,0.007414027,0.003431744,-3.295927e-4,0.001518619,0.008927874,-5.872907e-4,0.002146284,-0.0014764000000000001,0.002192921,0.001562592,0.00214272,6.439474e-4,0.003704002,0.005138571,0.001790755,2.314763e-4,-0.001822387,0.008779429,0.004511128,-0.003647664,0.007022822,0.001729671,-0.007880012,0.00142077,0.00608625,0.007099867,0.003803654,0.01530401,0.009984483,0.004320719,0.007473275,-0.00288086,0.005675619,0.002391406,0.002540441,0.01059916,0.003318411,0.001190645,-0.001291153,0.007560031,0.002188951,1.404543e-4,-0.001675312,9.994699e-4,6.694093e-4,0.002480619,0.008635745,0.00140996,3.243136e-5,0.006244023,0.003916338,0.004858199,0.003784868,-0.00123254,-0.002420376,0.004971132,0.001063387,0.001886024,0.003828738,0.001263983,7.07636e-4,1.300252e-4,0.003172664,0.001149357,0.002935165,-0.001058635,0.002204806,6.891268e-4,0.004756447,-4.441076e-4,0.001109046,0.002083536,0.001144931,0.00408814,0.001994029,0.003769045,0.001254017,-0.001586198,-1.789107e-4,-8.294077e-4,0.003889285,8.1832e-4,0.002428591,0.002483727,0.001677374,-5.108834e-4,2.120289e-4,6.281729e-4,0.001357951,6.95379e-4,0.001564256,2.032262e-4,5.174864e-4,-3.474888e-4,5.979197e-4,-4.299278e-4,5.721549e-4,8.552527e-4,-1.31418e-4,2.924295e-4,8.30801e-4,-2.802786e-4,-2.228615e-4,0.001405881,4.982881e-4,0.001596525,-1.663218e-4,0.00161285,9.676563e-4,0.002156376,8.376984e-4,0.001862644,0.001893681,0.003842039,0.007023858,0.0115551,0.016586,0.01597573,0.01778582,0.02421365,0.02716881,0.02718249,0.03218634,0.1018889,0.5101768,1.036283,0.8488549,0.3161501,0.09412983,0.09005483,0.1112879,0.137113,0.1596067,0.1914218,0.2268795,0.2632703,0.3017173,0.3361803,0.3766175,0.409571,0.4391391,0.4646179,0.4891853,0.5107406,0.5286226,0.5486925,0.5498225,0.5578046,0.5624386,0.5625724,0.5631744,0.5601908,0.5472567,0.5370957,0.5290281,0.5164793,0.5156889,0.5056645,0.5089519,0.5166428,0.5284802,0.5512273,0.574677,0.6060493,0.6379184,0.6698988,0.7125845,0.7488846,0.7777777,0.8451935,0.9083769,0.9626554,1.112611,1.007392,1.2073,2.124095,4.518781
383.794,-0.03112982,-0.01349666,-0.003505844,-0.0190211,-0.01509631,-0.02798158,-0.01350519,-0.02007412,-7.18838e-4,-0.02152623,5.199061e-4,-1.900843e-4,-0.003340283,-0.004475765,-0.005969343,-0.001835593,-0.004395003,-0.002069869,-0.00564511,-0.009024716,-0.00531278,-0.002555126,-0.005436387,-0.00280892,-0.004293892,-7.831015e-4,-0.002611376,-0.003901256,-0.003031676,-0.00347982,1.52064e-4,-0.004816295,-0.001483679,-0.01526828,-0.002050427,-0.006783208,-0.009748469,-8.179239e-5,-0.01268789,-0.01226338,-0.009380351,-0.007142838,-9.55232e-4,0.006007481,-0.00981028,4.526643e-4,-0.001678699,-0.009771703,-0.001849547,-0.001166442,-0.005026356,-0.007985382,1.306952e-4,-0.004323284,5.244162e-4,5.349383e-4,-0.004324707,-0.004480417,-0.00315643,-0.005079311,-0.004967344,-0.007221314,-0.009550372,-0.004722806,-0.001515352,-0.004079467,-0.001220591,-0.00212771,-1.441096e-4,4.352133e-4,-0.002813603,-6.243366e-4,-0.002293979,-0.003132943,-0.004101701,-0.002256238,-0.004565102,-0.002154291,-6.181443e-4,-7.526238e-4,-0.003484108,-0.002194796,-0.002855866,-0.002749165,-8.617694e-4,-0.003525939,-0.002759005,-9.627723e-4,-0.001271825,-6.796367e-4,-0.002712642,-5.927607e-4,-6.035851e-4,-4.104495e-4,-0.002947547,-8.593035e-4,7.249532e-4,-0.002165217,-0.001415165,-3.475937e-4,-0.001540119,-0.001389029,-0.00124695,-8.246772e-4,8.257328e-5,-0.001732635,-0.001405922,-4.971319e-4,-0.001246757,-8.987057e-5,-4.224362e-4,-7.445487e-4,-4.07191e-5,-1.060216e-5,-2.065211e-4,-5.113425e-4,-6.232191e-4,-2.316883e-4,-8.651173e-4,-1.59639e-5,5.671314e-4,-1.509323e-4,-1.361245e-4,-6.34257e-4,-8.829215e-4,2.5045e-4,0.003091683,0.002543257,0.007258666,0.01232858,0.01300235,0.01740968,0.01930802,0.0235643,0.02621645,0.02816767,0.06237455,0.3592525,0.9247956,0.9391176,0.4033951,0.1135648,0.08609258,0.1022436,0.1279775,0.1550362,0.1831552,0.217624,0.2536594,0.2918649,0.33110849999999997,0.3695233,0.4057631,0.440489,0.4753013,0.5005078,0.5238519,0.5460786,0.5608406,0.5768987,0.5791094,0.5897357,0.6003792,0.5970126,0.5931748,0.5838669,0.565623,0.5652716,0.5580188,0.5368146,0.5408149,0.5296098,0.534763,0.5417872,0.5560256,0.5744023,0.5990273,0.6274363,0.6595252,0.6948532,0.7501217,0.7853235,0.8418384,0.8679901,0.9000566,0.9207997,0.9344502,1.002089,0.7991555,0.8326096,-0.6692278
386.086,-0.03288647,5.95316e-4,-0.01833409,0.003483956,-0.01408417,-0.003894812,-0.02578471,-0.01207441,-5.834615e-4,-0.009583907,-0.01136413,-0.009513056,-0.004672668,-0.009715397,-0.006013513,-0.004553036,-0.00664422,-0.009044794,0.004390847,-0.004668053,-0.004189361,-0.002935169,-0.002927695,-0.0019522,-0.003423391,-0.0027491,9.305736e-4,-0.002532142,-0.002226333,-0.001279164,-3.714016e-5,-0.00541348,-0.007343643,0.003288553,-0.01322436,-0.009025047,-8.491233e-4,-0.004502316,-0.001494889,0.001408229,-0.007218893,-0.003609055,-0.00960662,-0.002458325,-0.0034070149999999998,-0.005899526,-4.329365e-4,-0.008576897,-0.004881447,-0.01048646,-2.89916e-4,-0.009665772,-0.009854235,-0.003089788,-0.002223857,-0.007517418,-2.954337e-4,-0.004067838,-0.001069043,-0.007566822,-0.002728238,-0.0065648,-6.912977e-4,-0.004881504,-0.001221275,-0.005118734,-0.004372032,-8.873549e-5,-0.00153287,-0.005626715,-0.004433436,-7.218707e-4,-1.217568e-4,-0.002917818,-0.003793292,-0.003302804,-0.0046698,-0.001516217,8.693595e-4,-0.005750432,-0.002255689,-0.003645392,-0.001660686,-0.002035962,9.150787e-4,-0.001641154,5.093979e-4,-4.410634e-4,-0.001026311,-0.001736519,-0.004286623,-0.001180531,-0.003162558,-8.349528e-4,-0.001930777,-3.93311e-4,-0.001306497,-3.168861e-5,-0.003013643,-0.002465427,-0.001016995,-0.002397269,-4.988782e-4,-5.909541e-4,-9.555748e-4,-2.996731e-4,-5.631242e-5,8.561658e-4,-7.851025e-4,-2.605922e-4,-6.013702e-4,-7.699407e-4,-4.015009e-5,-0.001556731,-6.101059e-4,-3.314075e-4,1.631183e-4,-3.160831e-5,-0.001342773,-6.297691e-4,-0.001435219,-0.001050176,4.627886e-4,-6.323157e-4,8.713482e-4,0.002504553,0.004593142,0.00632258,0.009820321,0.0153843,0.01766737,0.01890576,0.02208964,0.0235263,0.02773802,0.03868994,0.2481242,0.7598665,0.9704814,0.5246501,0.1468444,0.08421506,0.1009542,0.1251147,0.1470163,0.1765651,0.2119029,0.2469081,0.2864221,0.3316316,0.3659491,0.4072008,0.4462914,0.4849752,0.5098581,0.5395306,0.5565981,0.5819436,0.596978,0.6150285,0.6184022,0.6273501,0.6340699,0.6294881,0.6215957,0.6156717,0.6077673,0.6022163,0.5840988,0.572498,0.557648,0.5635514,0.5643465,0.5656174,0.5790851,0.6066848,0.6478618,0.6821151,0.700881,0.7579057,0.7969347,0.8428738,0.8940559,0.9307129,0.9708407,1.004513,1.049507,0.926512,0.8220625,-0.35781,-0.4722621
388.379,-0.009830243,-0.01382196,-0.002841746,-7.07027e-4,-0.01299981,-0.008677061,0.01757252,-0.01528715,-2.334988e-4,0.005103718,-0.001824093,-0.003939101,-0.001530742,-0.002323718,0.002544123,0.001170687,-0.002574913,-8.512674e-4,-9.727326e-4,-0.004562332,-0.00748692,-0.004002393,8.417293e-4,-0.002488966,2.798819e-4,-0.002544456,-0.002476982,4.217842e-4,-0.005331496,-0.003968367,-0.002721486,0.003008004,0.00281594,0.006519983,-0.004393115,-0.003637261,-0.00620065,0.01096192,0.004388795,0.001062582,0.002204546,0.004479765,-9.032234e-4,-0.005759714,-0.001904158,-0.001316629,3.760826e-4,0.004478157,0.005173568,-0.002299479,-0.00217205,-0.00546491,-0.003419857,-0.007203024,-0.001429105,-0.007755567,0.002218083,-0.001862399,-0.006074958,0.001871914,7.712475e-4,0.002956977,-0.002002739,-3.860198e-4,-0.002237684,-0.001671668,-0.004288191,6.392569e-4,-0.002669182,-0.004828748,0.001603537,-0.00141513,-0.005588989,-1.478844e-4,5.343364e-4,-1.774541e-4,-0.002019227,-0.002102235,-4.687405e-4,-0.003504314,4.186161e-4,-9.281993e-4,-0.001860365,-0.001354357,2.936972e-4,6.244794e-4,-2.414868e-4,-0.001398914,3.678888e-4,-0.001310532,5.010967e-4,5.396679e-4,0.001001709,-0.001081229,-0.001500526,-1.487919e-4,-8.002464e-4,-3.073491e-4,4.515757e-4,-2.433751e-4,-2.414464e-4,-5.972146e-4,-3.51207e-4,2.388267e-4,3.122817e-4,3.092237e-4,-1.884714e-4,-1.668126e-4,-2.145573e-4,-8.129686e-4,2.897992e-4,1.204056e-4,2.345416e-4,1.364498e-4,2.236276e-4,1.142093e-4,-1.039868e-4,0.001162427,-3.316425e-4,6.654334e-4,4.39163e-4,-1.322366e-4,-0.001393747,-5.090842e-4,4.408778e-4,0.002631841,0.006562661,0.01015877,0.0132137,0.01384556,0.0177482,0.02046992,0.02466983,0.02204526,0.03234338,0.1573649,0.622611,0.9564263,0.6411639,0.1959022,0.08695792,0.09388719,0.1168127,0.1390928,0.1715055,0.1998753,0.2379188,0.2767895,0.3148659,0.3591696,0.3936551,0.4338663,0.477228,0.5082417,0.5393506,0.5669882,0.5930905,0.6132493,0.6236458,0.6438394,0.6429379,0.6554748,0.6588461,0.6538617,0.6488246,0.6457358,0.6310301,0.6168667,0.6025,0.5934382,0.5863968,0.5838376,0.5779473,0.5937219,0.6084484,0.6373867,0.6691227,0.7049538,0.7464852,0.7862662,0.8304074,0.8902933,0.9120978,0.9726746,1.05321,1.097953,1.192191,1.041704,1.047937,1.190626,2.591901
390.672,-0.01774918,-2.183201e-4,0.006684144,-0.01429318,-0.01785836,-0.02336127,-0.00647091,0.001028334,-0.01787598,-0.001583112,0.002371548,0.001370706,-0.01048158,-0.007129,-0.001631474,-0.002799829,-0.006967067,-0.01136418,-0.004414976,4.014846e-4,-0.00416399,7.084447e-4,-0.001822311,-0.002666325,-0.00640388,-0.006756494,-0.004261664,-0.003675055,-0.00382628,1.369589e-4,0.00282851,-0.007010419,-0.01472124,-0.005595459,-0.01368974,-0.004354135,-0.005794535,-0.00621716,-3.71723e-4,-0.004082231,-0.006922301,0.001272884,-0.0069828930000000004,-0.006190697,0.003312224,-0.00354778,0.004222825,-0.004520256,-0.01158897,-1.166594e-4,2.379075e-4,0.002495111,-0.004131055,-0.006672984,-0.002491557,-0.001410851,-0.007978232,-0.003467899,-0.004218615,-0.006447314,-4.637672e-4,-0.01005122,-0.008157651,-0.00811369,-0.00445462,-0.005297461,-4.081856e-4,-0.001426296,-0.004738366,-0.00385991,-0.001746572,-8.18736e-4,-0.003383051,-0.005175144,-0.002685056,-0.003024783,-7.379537e-4,-0.002351597,-0.004209063,-2.933702e-4,-0.003159828,-5.211254e-4,7.480896e-4,-0.001239125,-0.00373098,-0.001672387,-0.00213941,3.554712e-4,-0.00413253,-0.001528784,-0.002334582,-0.002609376,-0.002111714,-0.00116922,-0.001619686,-4.309023e-4,-4.998093e-4,-6.854932e-4,-2.291753e-4,-5.113947e-4,-5.04307e-4,-5.598065e-5,-9.831877e-5,-7.250251e-4,-3.633556e-4,-7.873797e-4,-0.001369778,-5.680585e-4,-7.924399e-4,-2.983533e-4,-2.917995e-4,-3.095509e-4,-7.465869e-4,-1.754497e-4,-4.271277e-4,-1.744743e-4,-4.332538e-4,-5.860013e-4,-1.183309e-4,-0.001022987,1.877265e-4,1.606918e-4,4.484495e-4,0.00103291,0.002657512,0.003528038,0.008020753,0.009848852,0.01279557,0.01414583,0.01830403,0.01945646,0.02348371,0.02869119,0.110639,0.4648713,0.9128054,0.7373958,0.2617263,0.08820298,0.09081614,0.1078276,0.1337566,0.1628587,0.1931057,0.2271682,0.2639485,0.2983163,0.343079,0.3846446,0.4255561,0.4646607,0.5089488,0.5379948,0.5733118,0.6006726,0.6118572,0.6361218,0.6494713,0.6639918,0.6699441,0.6815347,0.6786244,0.6728519,0.677365,0.6607226,0.6527737,0.6364856,0.6256804,0.6105471,0.6095367,0.6047018,0.6015338,0.6025815,0.6248395,0.6570244,0.6930283,0.7368944,0.7817775,0.8176741,0.8747781,0.9235929,0.9546644,1.043382,1.116577,1.098975,1.113834,1.164761,1.040661,0.4713861,-2.611799
392.967,-0.008825009,-0.022673660000000002,-0.01107924,-0.03251392,-0.03268228,-0.003148992,-0.01590397,-0.02632972,-0.02865328,-0.02315638,-0.005699874,-0.009890263,-0.009148571,-0.013131,-0.0108604,-0.008165151,-0.01632331,-0.01332204,-0.009278036,-0.004608207,-0.005849056,-0.002193333,-0.003025428,-0.005836274,-0.00298554,-0.002491659,-0.002609284,-0.004495386,-0.005732627,-0.007600295,-0.007648278,-0.01573923,-0.02206615,-0.01046482,-0.009674416,-0.0127866,-0.01771579,-0.00781551,-0.01124276,-0.006082192,-0.009227105,0.002066981,-0.00644865,-0.01515516,-0.004931884,-0.001734902,-0.003202133,-0.004146024,-0.004313417,-0.003022211,-0.007192081,-0.004035077,-0.007825452,-0.00790383,-0.003771898,-0.003832211,-0.006462842,-0.009182745,-0.01026264,-0.002993145,-0.006345921,-0.004360423,-0.006634563,-0.00633012,-0.003087954,-0.003225942,-0.004241254,-0.005663596,-0.005169098,-0.005311718,-0.00470524,-0.007330885,-0.006837173,-0.001875665,-0.005084153,-0.004395638,-0.005168407,-0.004232508,-0.001222138,-0.001345469,-0.002056299,-0.001921021,-0.001888569,-0.003101966,-0.003941031,-0.004118947,-4.29566e-4,-0.003970085,-0.001776484,-0.001535809,-0.002889875,-0.002649267,-0.00322045,-0.001883276,-0.00150942,-0.002125811,4.078411e-4,-0.001573673,-0.001361268,-0.002513909,-0.001825478,-0.001178869,-0.001629809,-0.001247785,-0.001796613,-7.186302e-4,-9.345231e-4,-0.00136232,-6.643276e-4,-2.301475e-4,-5.880889e-4,-7.29758e-4,-9.060815e-4,-4.489744e-4,-0.001004707,-6.981195e-4,-5.952727e-4,-0.001604002,-8.543071e-4,-0.001403744,-3.526734e-4,-0.001352296,-6.189825e-4,0.001199604,0.002869971,0.004957124,0.008096837,0.01116736,0.0144808,0.01483549,0.01952882,0.02092481,0.02532435,0.07137773,0.3595428,0.8283492,0.8020647,0.3570529,0.1020618,0.08548813,0.1054187,0.1246803,0.1533427,0.1828604,0.2178242,0.2532977,0.2937247,0.3377621,0.3741748,0.4172087,0.4588223,0.4968969,0.5427197,0.5717907,0.6068699,0.6262809,0.6493323,0.6653164,0.6849423,0.6892759,0.7059076,0.7042074,0.7041896,0.7009034,0.6983229,0.6874153,0.676271,0.6662693,0.6492609,0.6350779,0.6237081,0.6270977,0.6264516,0.6380009,0.6505998,0.6997093,0.7239732,0.7714479,0.8051113,0.8783508,0.9182233,0.9621801,1.001305,1.072336,1.07268,1.125419,1.112295,1.13053,0.8488507,0.7121192,-1.700684
395.262,-0.008623349,0.01129711,0.0164532,0.0181569,-0.01440407,0.008734705,-0.008159164,-0.007618992,0.009672411,0.00487237,0.004992271,-0.001132334,-9.084674e-4,0.004875797,0.009508461,0.006204637,-0.001829094,0.002388261,-2.935188e-4,5.670941e-4,0.001048726,-1.748479e-4,0.001403205,0.002538391,0.001104534,8.676448e-4,0.001101978,-8.386515e-4,0.00294635,-6.123388e-4,0.002404721,0.003729445,0.002596301,-0.006720701,0.009030654,0.002426807,-0.002341228,-7.200622e-4,-0.001048631,0.001222905,0.005769803,0.004739553,-0.002172637,0.004233063,0.001110168,0.004019279,-0.001752986,0.00804606,-0.004513026,0.004807098,0.003911813,0.00677284,0.005223994,8.421522e-5,0.003127019,0.002397995,0.007741629,-2.125938e-4,0.004919787,5.68926e-4,0.002703257,0.003404902,0.002713589,4.943603e-4,0.001679116,-8.712079e-4,0.004033706,0.001547429,0.00215166,0.001024548,6.859215e-4,0.002240946,7.572932e-4,6.462734e-4,0.003498288,0.001881969,0.001148523,0.002299828,1.809122e-4,3.260456e-4,0.001105941,7.211476e-4,2.827555e-4,0.001251771,0.002317457,5.256936e-4,0.004425273,0.001385496,0.002156042,0.001103966,-1.954106e-4,0.002293415,5.986925e-4,0.002205943,0.001372847,5.832803e-4,0.002655344,0.001777085,0.001661687,0.001312303,0.001015495,5.047639e-4,6.811071e-4,0.001095422,-7.787958e-4,0.001035934,6.251445e-5,1.81632e-4,2.231362e-4,3.034478e-4,5.160501e-4,2.860165e-4,2.677443e-4,1.01343e-4,8.244112e-4,8.011263e-4,9.65113e-4,6.221386e-4,0.001368898,0.001007098,9.384171e-4,9.133187e-4,0.001090407,0.002155197,0.005431165,0.008436331,0.01075064,0.01134762,0.01529783,0.01900932,0.0204908,0.02451988,0.04630807,0.256777,0.7462243,0.8801157,0.4427602,0.129442,0.08333283,0.1048144,0.1205188,0.1473298,0.1718218,0.20858,0.2480656,0.2836356,0.3215344,0.3639841,0.4033378,0.4442027,0.4883183,0.5275171,0.5633727,0.5988195,0.628443,0.6584235,0.6752501,0.6895361,0.7099215,0.7151579,0.7288672,0.7326193,0.7284929,0.7204131,0.716375,0.7106007,0.6956995,0.6830436,0.6641599,0.6590871,0.6500394,0.6510912,0.6435245,0.6524535,0.6781976,0.7204571,0.7500285,0.7927149,0.8538425,0.8911875,0.9329723,1.00082,1.067686,1.138788,1.213904,1.198392,1.281437,1.352198,1.604032,2.200248,2.207959
397.558,-0.02892185,-0.0210786,-0.01098383,-0.005682588,-0.01130677,-0.01492167,-0.0343463,-0.00329158,-0.009068581,-0.0167872,-8.243098e-4,-0.004391663,-0.002181617,-0.01507056,-0.006425257,-0.002800591,-0.007141275,-0.002585583,-0.005463228,-0.002509612,-0.005021108,-0.00390533,-0.004526824,-0.002335037,-0.004389325,2.805575e-4,-0.002704766,-0.002348449,-0.005463479,-0.0025972,0.001269329,-0.009039141,8.338613e-4,0.008080498,-0.005711952,-0.01293276,3.181234e-4,-0.01032066,-0.01253902,-0.01110325,5.2345e-4,-0.008544614,-0.009484811,-0.005061622,-0.009407249,-0.001153906,-0.0083025560000000009,-0.01138499,-7.541874e-4,-0.0067,-0.008021562,-0.004747985,-0.005130958,-0.005258387,-0.007308191,-0.007676993,3.086526e-5,-0.006225267,-0.004001116,-0.004077979,-0.005809288,-0.007491345,-0.006665255,0.002806057,-0.004275361,-0.004937073,-0.005665437,-0.005030092,-0.003224656,-0.004400268,-0.005991803,-0.004894859,-0.008238371,-0.005282229,-0.001785777,-0.004076083,-0.002339758,-0.004009468,-0.001035089,-0.003656466,-0.001361684,-0.003370373,-8.637509e-4,-0.003016416,-0.002004929,-0.002409035,-0.001258547,-0.003676085,-0.001372921,-0.002808618,-9.285126e-4,-0.002342158,-0.001464478,-0.00179845,-0.001557727,9.695459e-4,-0.001058092,-0.002052076,-0.001366719,-7.761956e-4,-4.043085e-4,-0.001377253,-4.891334e-4,-0.001558652,-0.001943185,-4.805313e-4,-7.840196e-4,-5.815162e-4,-9.180646e-4,-6.560344e-4,-6.899291e-4,-9.825694e-5,-3.118395e-4,-0.001026526,-8.571935e-5,1.975891e-4,1.755488e-4,2.887205e-4,-4.687925e-4,8.038175e-4,5.097826e-4,-9.026951e-5,0.001256707,0.003257775,0.006389905,0.008014995,0.01139895,0.01101509,0.01427257,0.01866283,0.02076386,0.03243343,0.1823038,0.5887253,0.8877498,0.5771156,0.1638294,0.07725898,0.093654780000000007,0.1141622,0.1357604,0.1638838,0.1962227,0.2349439,0.2713531,0.3147622,0.3528167,0.3910528,0.4303227,0.4718767,0.5122487,0.5552574,0.5901858,0.6238255,0.6555252,0.6803739,0.6955224,0.7105438,0.7215753,0.7283791,0.7431529,0.7398094,0.7474655,0.7392239,0.7347323,0.7232218,0.7064386,0.690875,0.6852175,0.6761698,0.6636659,0.6619403,0.6649752,0.6739388,0.7010397,0.7246478,0.7651679,0.8251682,0.874188,0.9223,0.9731899,1.051762,1.09561,1.13301,1.208815,1.216492,1.323829,1.15122,1.064925,0.7173886,-0.4403708
399.854,0.004688554,-0.004520356,-0.001902357,-0.003978862,0.001639303,-0.01590835,0.01147916,3.923922e-4,-0.006741843,-0.002372102,-1.132103e-5,-0.001920936,-0.003298822,-9.562409e-4,9.150455e-4,-0.005585562,-0.003521062,-0.004222437,-0.0011436,-0.001949685,-2.224294e-4,8.623547e-4,-0.001934748,0.001729858,-0.005491138,-0.001296218,-0.001401253,0.00139038,0.003823313,0.001294261,-0.005561877,5.111014e-4,0.00615213,-0.001578771,4.230275e-4,-2.556146e-4,-0.001336607,9.534604e-4,0.006437852,-0.006666954,-0.003613424,6.760685e-4,-0.00399231,0.005218156,-0.001093534,-0.003298648,0.007396,0.00131002,-9.3409e-4,-0.003981104,0.004704944,-0.001111528,0.003040729,-0.002866346,0.00404849,-0.00388715,-0.003123422,-7.365107e-4,-0.005443397,-1.00494e-4,0.003501544,-0.002541794,0.00475078,8.570461e-4,-0.003714701,9.517582e-4,-6.172558e-4,0.002840773,0.001142149,0.001165686,0.001679914,0.001317865,0.001802869,0.001290788,-5.5237e-4,-0.00180285,-0.002628682,-0.003057998,-4.303253e-4,-8.618581e-4,-0.001749165,0.002508535,-0.001495159,-3.436091e-4,0.001303933,-5.629034e-6,4.776045e-4,0.00113351,0.002391826,-7.399963e-5,8.879055e-4,-0.001158412,0.001202152,-0.002366628,-9.4989e-4,0.001694771,-0.001468327,0.001723275,-6.311997e-4,-6.119658e-4,-8.736384e-4,5.570298e-4,-6.843948e-4,-2.728226e-4,-1.653537e-4,-2.530432e-4,4.588248e-4,1.575983e-4,1.065108e-4,-8.305005e-5,3.035061e-5,2.955319e-4,2.744241e-4,2.351627e-4,4.157043e-4,4.657029e-4,8.87483e-4,1.348478e-4,9.423901e-4,1.218555e-4,5.088386e-5,0.003000655,0.003929222,0.005029936,0.007112524,0.008998985,0.01052759,0.01349942,0.01618941,0.01837266,0.02612435,0.1137107,0.4784327,0.7925052,0.6350175,0.2322129,0.07796307,0.08686927,0.1060601,0.1313662,0.1567603,0.1844152,0.2175161,0.2553971,0.291549,0.3329319,0.3746751,0.4167163,0.4590111,0.4944023,0.5341396,0.5743095,0.6093244,0.6356165,0.6638902,0.6893657,0.7035174,0.7206742,0.7330084,0.7476039,0.7522027,0.7538361,0.7518293,0.7519231,0.7332767,0.7289212,0.7026148,0.6943087,0.6886086,0.6738286,0.6732415,0.6690036,0.6807402,0.6883542,0.7124688,0.7488193,0.7967158,0.8355931,0.8860703,0.953108,0.9986925,1.057432,1.092982,1.198969,1.220533,1.287813,1.327992,1.373666,1.273096,1.993842,4.672399
402.152,-0.01245624,-0.00279979,-0.001314477,0.00164959,-0.02644969,-0.02496158,-0.005665117,5.607225e-4,8.791114e-4,-0.01180707,-0.001197131,-0.004211163,-0.002591032,-0.009605328,-0.005730718,-0.003243932,-0.003526876,-0.001233109,0.003437036,9.443151e-4,-0.002932588,5.570002e-4,-5.976334e-4,-0.003126232,6.98492e-4,-0.003287802,-0.001810538,0.001105366,-0.00439564,-0.002454639,-0.001828886,-0.002688214,-0.01279621,7.531787e-4,-0.00414681,0.001505884,3.956679e-5,-0.00166594,-0.002814963,0.00367321,-9.684228e-4,-0.01027121,-0.003476045,-2.968782e-4,-0.002307013,-0.007078817,-0.003269016,-0.007613485,-0.001788104,0.004082415,-0.005571863,-0.001515842,-0.002445927,-0.003697919,-8.931179e-4,-0.002338201,-5.827521e-4,-6.251086e-4,0.002294182,-0.001073337,-0.002794303,-0.002748233,-0.00105452,-0.001019528,-0.004395689,-0.002999703,1.787991e-4,-0.003011295,-0.004819073,0.001250027,-0.004537229,-0.005420154,-0.003732213,-0.005803548,-0.001449013,-0.001318546,-0.001997319,-0.005803877,-2.438057e-4,-0.003242627,-0.001062322,-0.001027957,-0.002069295,-0.002900338,2.607409e-4,-0.001399276,-2.034562e-4,1.844854e-4,-0.001375318,7.596997e-5,-8.058677e-4,3.702382e-4,-9.964806e-4,-2.148171e-5,-8.187849e-4,-6.526691e-4,1.855856e-4,-0.001423078,4.107487e-4,-6.122884e-4,-4.270992e-4,-7.16386e-4,-9.583113e-5,-0.001609169,-6.100853e-4,-1.682174e-4,-1.57394e-4,3.138359e-4,-3.001377e-4,2.240706e-4,4.333536e-4,2.634468e-4,3.07148e-4,-1.031497e-4,-4.852517e-4,-7.497973e-4,6.467005e-4,3.836963e-4,0.001629695,1.124388e-4,0.001947059,0.001304829,0.003393858,0.006863176,0.008454674,0.01121541,0.01217073,0.01454439,0.01721241,0.0198877,0.07059431,0.3574873,0.7577144,0.670676,0.298029,0.09085864,0.08294726,0.1011593,0.1231904,0.1486241,0.1755524,0.2073075,0.2403663,0.2825391,0.3236168,0.3625029,0.40192,0.4472494,0.4861732,0.5292523,0.5645915,0.6034298,0.6413599,0.6752608,0.6984296,0.7186043,0.7396018,0.7507993,0.7592533,0.7719076,0.7816805,0.7823351,0.7738549,0.7692653,0.7593424,0.7444437,0.738635,0.718127,0.70901,0.6974899,0.6948966,0.6904456,0.6911645,0.7124754,0.7405624,0.7833632,0.8269969,0.883196,0.9312709,0.9981482,1.042273,1.096787,1.162584,1.222509,1.290713,1.346519,1.321298,1.362509,1.284615,0.8553856,0.9840094
404.45,-0.01838731,0.01570985,0.006757595,-5.402882e-5,-0.01687982,-0.005158661,0.007561068,-0.003825574,-0.008451622,-2.682153e-5,0.002537631,-0.003624295,-0.005353927,-0.004024502,0.001612218,-9.141599e-4,-0.003931114,-0.004651758,-0.004101173,-0.003915035,0.001661893,-0.001070338,-0.001651659,0.001156765,0.001499732,-9.265792e-4,-0.001151424,0.00315433,-0.003640891,-0.003288811,-0.002015972,-0.006206526,-0.002502962,-0.00449087,-0.003219846,0.004527403,-0.003759177,-0.009151147,-0.002090628,-2.660019e-4,0.005320717,-0.002415596,0.004149364,-0.008930269,0.001162292,0.005161061,0.002704852,-0.00235031,-5.437625e-4,-7.438903e-4,-0.003181345,-5.496565e-4,0.003928021,-5.795848e-6,0.001280239,0.005051246,0.002736593,-0.001741406,-0.001072173,1.341298e-4,8.533909e-4,8.291203e-4,-8.896584e-6,0.001124217,0.003398796,-0.002827191,9.057865e-4,4.020216e-4,-0.001737338,-8.274158e-4,-0.001913999,-2.243606e-5,-0.002669826,-0.001400523,6.459934e-4,-0.001300044,-0.001044163,7.091195e-4,-0.003284443,-6.544512e-4,-0.001653197,-0.001234027,0.002379746,-7.915472e-4,-0.00120076,-9.775468e-4,-3.48957e-4,1.497557e-4,1.753444e-4,6.395174e-4,-4.613499e-4,0.00105075,-2.946448e-4,7.673527e-4,0.00102367,-4.816541e-4,-0.001583762,-1.203409e-4,-4.067444e-4,-9.540425e-4,-4.873343e-4,-0.001195723,-6.033747e-5,-4.908663e-4,6.842789e-4,5.679528e-4,-3.056038e-4,-1.487722e-4,-1.909563e-4,2.227604e-4,-2.93164e-4,-1.457316e-4,-1.548807e-4,1.362297e-4,-3.586403e-4,6.785867e-5,5.356558e-4,4.444951e-4,0.001438453,0.001303028,0.003549729,0.004991741,0.00613442,0.007926025,0.009442624,0.01131719,0.0118454,0.01686749,0.01935888,0.04283173,0.2584554,0.6800436,0.7223573,0.3531867,0.1100439,0.07867918,0.0948047,0.1170021,0.1414669,0.1668191,0.199063,0.2330416,0.272114,0.3115588,0.3579539,0.3955916,0.4397734,0.4835157,0.5227967,0.5652678,0.6106616,0.6427879,0.678201,0.7082336,0.7305683,0.7532694,0.767488,0.783972,0.7892588,0.8009599,0.8098836,0.8045674,0.8023177,0.791537,0.7880305,0.7721194,0.7599311,0.7420726,0.7391944,0.7379811,0.7262297,0.7201923,0.7409956,0.7456884,0.785609,0.8157857,0.8650359,0.9310302,0.9862657,1.035028,1.097254,1.168366,1.198374,1.294386,1.365475,1.346426,1.419111,1.508091,1.55091,2.002175,1.484473
406.749,-0.007222784,-0.002832854,0.01820231,-0.001919434,-0.001978172,0.006944876,-0.002714944,0.01405573,-0.001801679,0.007841497,9.673585e-4,0.001226081,0.009571188,0.007675987,0.004676046,0.002242625,-1.321938e-4,0.001724478,0.0020809,0.003426963,-0.001182304,-0.002486187,-7.410717e-4,0.001661077,5.216517e-4,0.002522073,1.032178e-4,-2.903807e-5,0.002630351,0.002532656,0.006063273,0.002309318,0.001033903,0.007480057,0.005218989,0.004125147,-1.206983e-4,-7.299967e-5,0.006774138,0.004361189,0.01315299,0.006426441,-0.002687272,0.006589557,0.004046856,0.001318212,0.001229852,0.003084413,0.001146806,-1.17845e-4,0.00565199,-3.157386e-4,0.002567916,5.977502e-4,0.005961337,-0.002256023,0.009338854,0.004662039,4.899479e-4,0.001006939,0.001004523,7.681501e-4,0.001015978,0.00734462,0.003174496,0.004037258,-3.989604e-4,-0.001854013,-0.001072,-0.00141234,0.003607673,8.694639e-4,-6.515054e-5,0.002235779,-1.371963e-4,2.719593e-4,-6.500526e-4,0.002415857,0.003035309,-6.797528e-4,0.004125531,9.784576e-4,6.527251e-4,8.257462e-4,-1.298113e-4,-4.003369e-4,0.00200931,8.457372e-5,-3.338011e-4,-9.472115e-5,0.001542736,0.002140174,0.001509782,0.00153487,4.413254e-4,8.18589e-4,8.627386e-4,0.001360252,8.48812e-4,4.914112e-4,8.86873e-4,-3.531409e-4,6.830449e-4,9.031445e-4,8.498355e-4,1.885531e-4,-1.958205e-4,3.46295e-4,3.468942e-4,-2.157139e-6,2.691126e-4,1.208997e-4,6.172905e-4,1.255647e-4,0.001101199,8.513226e-4,4.446871e-4,0.001322957,9.100707e-4,0.002604303,0.002920023,0.005885587,0.008319613,0.008286822,0.0105551,0.01128306,0.01415737,0.01757225,0.02914963,0.1730955,0.5940886,0.7754745,0.4475795,0.1382948,0.07798652,0.09231174,0.1106809,0.1371618,0.1605766,0.1945722,0.226694,0.266723,0.3052542,0.3444012,0.3908549,0.4354446,0.4756598,0.5185688,0.5572937,0.6033054,0.6410306,0.6729546,0.7148733,0.7406211,0.7617552,0.7764339,0.7978279,0.808393,0.8215904,0.8317801,0.831554,0.8309599,0.8308564,0.8237422,0.8130804,0.8002352,0.7828635,0.7755172,0.7687196,0.7560925,0.7450545,0.7520523,0.7593339,0.7826426,0.8139171,0.8654603,0.9199708,0.9682694,1.03182,1.076289,1.1446210000000001,1.230705,1.285955,1.359853,1.393704,1.475242,1.533239,1.619143,1.56768,2.329276,3.502686
409.049,-0.007759879,-0.005260188,-0.005445793,0.003947896,0.01353459,-0.001959753,-0.008469801,-0.004094476,-0.006358918,0.00173178,6.604581e-5,0.002031109,0.001704444,0.001164899,0.001478535,0.001410183,0.003531712,-0.001667995,-0.002576554,0.00309717,9.226282e-4,-0.001390403,-3.856373e-4,-0.001226902,-0.002262812,-0.001388108,-0.001828253,0.001883533,8.082205e-4,0.002715153,-0.003421532,-0.008750064,-0.002437159,-0.003648776,0.00398655,-0.001219949,0.00599539,-3.814723e-4,0.002933508,-0.005345726,-0.002685605,0.002854087,-0.002499383,-0.005071375,8.3135e-4,2.225102e-4,-8.507365e-4,-6.102723e-4,0.003417592,0.003871036,-0.002580371,-8.671731e-4,4.702003e-5,0.002666968,-0.002051097,-0.001020789,-0.003303944,0.001606774,-5.634712e-4,-5.348774e-4,-0.002540008,-0.002037431,5.887529e-4,-1.341892e-4,-0.003480165,0.001064849,8.909457e-4,0.003493354,-0.001614194,0.001051144,0.002472556,2.198959e-4,-7.693264e-4,0.001422232,-0.001464814,4.580066e-4,0.001551146,0.001163354,-7.675352e-4,-0.001590401,3.841889e-4,0.001278373,7.07086e-4,2.735313e-4,1.705293e-5,-5.544259e-4,8.55633e-4,-3.606022e-4,-0.001840793,0.001561789,-0.002101783,-0.00074168909999999995,9.096689e-4,0.001875218,8.365243e-4,-1.966683e-4,9.242459e-4,-0.00121447,-6.977308e-4,-7.71595e-4,-5.955743e-4,-1.999331e-4,-1.408178e-4,9.580398e-4,5.095642e-4,0.001183291,-4.653824e-4,1.04414e-4,5.865079e-5,1.152823e-4,2.955762e-4,-2.596828e-4,-2.717025e-4,4.804761e-4,3.111989e-4,3.29189e-4,0.001114615,0.001090076,0.001619513,0.004444438,0.00503043,0.007182788,0.008930811,0.009212102,0.01157536,0.01319276,0.01563972,0.02268517,0.1037596,0.451145,0.7567868,0.5489203,0.1793823,0.07666074,0.08612465,0.1045826,0.1278996,0.1550112,0.1836922,0.2192518,0.2509944,0.2911131,0.3338453,0.3758016,0.4221697,0.466246,0.5070234,0.5548646,0.5866838,0.6295827,0.6680943,0.7066302,0.7382684,0.7643153,0.7902209,0.8089495,0.8161859,0.8284392,0.837064,0.8493694,0.8544185,0.8519562,0.8546403,0.8416254,0.8322374,0.8181209,0.798705,0.7931677,0.7772623,0.7724852,0.7773429,0.7726002,0.7750398,0.7999558,0.8429026,0.8912861,0.939243,1.002674,1.079923,1.118411,1.203535,1.249226,1.316019,1.404218,1.457426,1.461233,1.55909,1.466116,1.839413,2.382139,6.319955
411.349,0.02088247,0.02109159,0.01959994,0.01633363,0.01208947,0.01784935,0.02742352,0.01351146,0.01746876,0.01850512,0.012513700000000001,0.001977527,0.01110235,0.006019239,0.01000321,0.008182757,0.01224355,0.008794541,0.007667271,0.00535379,0.007295548,3.754528e-4,0.004951781,0.001891231,2.297829e-4,0.004272384,0.003474751,0.001854862,6.916899e-4,0.002878397,0.006180324,0.01476869,0.009766344,0.005448867,0.009529608,0.008721518,0.01410101,0.006388906,0.01740216,0.01134327,0.009285904,0.01212395,0.006174647,0.002652736,0.009587348,0.01003837,0.01348732,0.009182257,0.008643588,0.004424274,0.005063783,0.008196654,0.002831449,0.005250772,0.001584336,0.007959516,0.008839231,0.006168041,0.006991583,0.006816604,0.005832512,0.007326011,0.003563764,0.003486271,0.005271309,0.007578806,0.006241844,0.007487775,0.004193742,0.002136551,0.006026088,0.006947901,0.003230733,0.00289302,0.00141396,0.003222792,0.002567217,0.00242736,0.002452787,0.005713856,0.003220844,0.002572464,0.003228615,0.002493934,0.003981716,0.003536757,0.004189992,0.002759295,0.003721434,0.001868986,0.001213995,0.002423733,0.001993692,0.002515532,6.466544e-4,0.004153036,0.002680643,0.00141247,0.001187709,0.001309101,1.564473e-4,0.001165991,4.485436e-4,0.001029059,5.927924e-4,0.001721971,0.001558434,0.00184312,7.931747e-4,0.001224807,6.821004e-4,9.876579e-4,0.001019,8.065947e-4,0.001409361,0.001372144,0.002814798,0.003564514,0.003691215,0.005230065,0.007592049,0.008341923,0.01131632,0.01161686,0.01460151,0.01675425,0.01978841,0.06688378,0.3262408,0.7107305,0.6290185,0.2509579,0.0856832,0.08533621,0.1030524,0.1186988,0.14956,0.1753774,0.2121496,0.2437315,0.2813412,0.3203476,0.3606864,0.4043412,0.4522292,0.4970722,0.5405781,0.5812382,0.620702,0.656824,0.6971388,0.7292908,0.760265,0.7894713,0.8097638,0.8256787,0.8440069,0.8466715,0.8700729,0.8736504,0.86865270000000006,0.8746207,0.8656724,0.8647741,0.848411,0.8344732,0.8172464,0.8084011,0.7943715,0.7949439,0.7981672,0.8018778,0.8127305,0.8381885,0.8782016,0.9301894,0.9818356,1.039691,1.096725,1.176741,1.237541,1.300027,1.350456,1.419987,1.488372,1.547756,1.647657,1.805837,1.987018,2.640787,4.457674
413.651,0.003221184,-0.003626726,0.001799151,0.006798969,-0.01308137,0.002594054,0.005401427,-0.009941004,-0.008105078,-0.01346087,-0.004209574,-0.001207201,-0.005829505,-0.00464668,-0.006009395,0.001460623,-0.004476188,0.00114269,-9.985785e-4,1.797464e-4,-0.001371757,9.378902e-4,-3.341116e-4,0.002760757,-0.00184049,-0.001082655,-0.001546516,-2.167786e-4,2.707664e-4,2.394099e-5,0.002258401,-0.002816608,-0.003429078,0.007884458,-0.003029941,8.22142e-4,0.004965683,0.007322014,0.005029942,0.005590693,0.002636004,0.005042933,0.006158037,-0.002652649,-0.004216408,-0.007793284,5.45563e-4,-0.0037309830000000002,-0.003637467,-0.005030945,-9.814838e-4,-5.73493e-4,2.345781e-4,0.001097759,0.003096889,0.005287199,-0.002718778,1.822727e-4,-0.002099116,-0.001482701,-0.003624111,-0.002073545,0.002291826,-0.001196566,-0.003357646,-0.001583816,6.056519e-4,-0.002514868,-0.002161852,-8.68881e-4,-0.001002281,-7.265346e-4,0.001252411,-0.001536687,-0.001487209,-8.581377e-4,4.431131e-4,-6.281015e-4,-0.00261605,-4.872933e-4,0.001144186,-7.007187e-5,1.172346e-4,-0.001182838,1.306734e-4,-5.881563e-4,-0.003199604,6.027664e-4,-7.702859e-4,-1.96439e-4,3.16814e-4,-5.028555e-4,-9.168996e-4,-5.514451e-5,2.407722e-4,-1.178829e-4,-6.364695e-4,-3.94833e-4,-3.855751e-4,-6.276246e-4,-4.596054e-4,-5.690381e-4,4.566585e-4,4.88216e-4,-4.134594e-5,-1.462331e-4,1.490846e-4,-2.328692e-4,-5.898413e-4,1.966577e-4,-1.83579e-4,-3.637794e-4,8.310662e-5,2.752907e-4,3.715516e-4,9.157888e-4,0.001448271,0.002813241,0.003300918,0.004894609,0.006355098,0.008925953,0.009898847,0.01230005,0.01444276,0.01780054,0.03448435,0.2236635,0.6009101,0.6839235,0.3160923,0.09605729,0.07737899,0.0962193,0.1170437,0.1405299,0.1690092,0.1971563,0.2316141,0.273904,0.3048243,0.3466083,0.3909668,0.4419307,0.4846958,0.5256309,0.5737278,0.6173141,0.6513474,0.6830296,0.7269818,0.753736,0.7899887,0.8155266,0.8286218,0.8450993,0.8622529,0.8744746,0.8822212,0.8845559,0.8881101,0.8818156,0.8864725,0.8687184,0.8616981,0.853816,0.8391791,0.8168746,0.8233149,0.8155062,0.8099943,0.8261263,0.8349692,0.8628941,0.9012004,0.93981,1.012387,1.070752,1.134601,1.21773,1.270281,1.34779,1.426706,1.476155,1.519105,1.621576,1.608372,1.75342,2.06756,2.641302,2.000301
415.953,-0.001863117,0.003068499,0.003436987,0.001184294,-6.626568e-4,0.007771814,-0.007004091,-0.005655263,-9.919173e-4,0.004315721,9.479607e-4,2.223128e-4,0.003372244,-0.003597291,-0.003932505,-0.003649813,-0.00397189,-0.004865209,-8.438328e-6,0.002101074,-0.002975985,-0.001025521,6.781097e-4,9.529189e-5,0.001638045,-0.002972652,0.00107181,0.001372791,4.939758e-4,-0.004336442,-0.006269034,-0.005044052,0.001382542,-0.006270109,-0.005827857,0.003227937,-0.001627962,-0.002985958,-0.0048451,-0.008000225,0.002577038,0.002799432,-0.001954451,-0.004260907,-4.231042e-5,0.01030812,-7.756632e-4,6.860137e-4,-0.006808001,-0.001156341,-0.005241609,0.001005353,-0.002152761,0.004048871,0.001171262,-0.00190099,-0.002518164,-0.002342969,1.232294e-4,-3.610093e-4,-0.002143149,-0.002066721,-0.005056248,-0.003736874,-7.720298e-4,0.001349675,-0.001645767,4.015637e-4,0.001599234,-2.748149e-4,-4.109305e-4,-0.002276235,0.001209495,-0.002362068,-0.003235946,-0.002857517,-0.00160499,-0.001216103,7.988559e-4,-0.001455283,-0.002297744,-2.492523e-5,-3.837065e-4,-0.002020179,-0.001602196,-0.002409636,-6.975424e-4,-8.113693e-6,0.001433776,6.133778e-4,3.550065e-4,3.158685e-4,-0.001030528,-1.790472e-5,-5.323217e-4,-0.001249641,-7.798702e-4,9.321034e-4,9.975202e-5,0.001000531,-6.620799e-4,-7.141189e-4,0.001126504,8.021602e-4,-5.031207e-4,-2.654147e-4,3.132372e-5,-3.406207e-4,5.120364e-5,5.54151e-4,5.916587e-4,3.62898e-4,1.503771e-4,2.772889e-4,4.448096e-4,0.001225785,0.002470641,0.003806463,0.004528562,0.006864322,0.007173511,0.009788407,0.01013079,0.01388778,0.01485265,0.02666344,0.1317845,0.4863629,0.6809221,0.4024283,0.1204843,0.07488538,0.08862479,0.1100812,0.1308272,0.1586255,0.1877589,0.2195426,0.2563451,0.2939363,0.3358348,0.3728251,0.4209419,0.4674622,0.5113127,0.5606178,0.5929353,0.6394356,0.6808224,0.7079412,0.7515832,0.7803025,0.8048164,0.834163,0.8578286,0.8790894,0.8778965,0.8886734,0.8959494,0.8998266,0.8960889,0.8968169,0.8901826,0.8821002,0.87664280000000006,0.86741,0.8473665,0.8406486,0.8284794,0.824626,0.8319695,0.8385417,0.8596896,0.8884002,0.926623,0.976001,1.060706,1.11305,1.183658,1.233602,1.297255,1.366542,1.439139,1.500361,1.565904,1.586282,1.674268,1.769146,1.695979,2.570745,1.560289
418.255,-0.005922616,-0.007955377,-0.0205512,-0.01406622,-0.001571671,-0.001101876,-0.002184855,0.002237004,0.006547983,-0.004344542,-0.007167728,-0.007281721,-1.777619e-4,-0.008656923,-0.003000707,-0.004306334,0.001292314,-0.006184255,-0.007003335,-0.003105659,-0.002600902,-0.001908899,-0.002754604,-0.001913712,-3.273955e-4,-0.001720791,-6.451557e-4,-0.002366683,-0.001918258,-0.004202101,-0.003826625,-0.007609868,-6.215132e-4,-0.00820888,-0.0160927,-0.006357757,-0.006356931,-0.003214365,-0.005075415,-0.003580679,8.136015e-4,2.51563e-5,-0.01209265,0.001127551,-0.005663416,-0.006575856,-0.008476739,0.002917566,-0.001696338,-0.008817477,-0.006572342,-0.004550587,-0.004148001,-0.002020171,-0.009737687,-0.001815292,-4.157835e-4,-0.002430574,-0.0018476,-0.004429708,6.725224e-4,-0.003005515,6.633656e-4,-0.004213372,5.927627e-4,-0.004116544,-0.001683074,-0.002643806,-0.001345704,-0.00169207,-0.001259028,3.654256e-4,-0.003304512,-0.001401031,-0.002042958,-0.001683435,-0.001941566,-0.002214748,-2.918263e-4,4.357904e-4,-0.001449852,-0.001857597,-6.301724e-4,-9.681355e-4,-0.002678784,0.001944067,-0.001133166,-4.916315e-4,-0.001255043,-0.001680594,-0.001960535,-3.978934e-4,-3.259971e-4,-5.599306e-5,6.384781e-4,-5.864076e-4,0.001424498,-7.94727e-4,-5.96071e-4,4.792335e-4,2.600657e-4,-7.885981e-4,-2.964193e-4,-7.207633e-5,-9.693992e-4,-2.681451e-5,-1.987919e-4,-5.354267e-4,6.198982e-5,-9.345005e-4,-7.641016e-4,-1.249462e-4,4.974974e-4,4.560897e-4,4.695492e-4,0.0018078,0.003665257,0.005587107,0.005273888,0.006552899,0.009058372,0.01111575,0.01332557,0.01364716,0.02085942,0.08973196,0.3668437,0.641407,0.4844526,0.1606616,0.07357412,0.08628184,0.1061201,0.1282345,0.1492856,0.1735724,0.2091755,0.2431307,0.2818503,0.3177916,0.3610346,0.4034058,0.448172,0.4964509,0.538123,0.5832995,0.6273339,0.663535,0.6972002,0.7336141,0.7674183,0.8032555,0.8251943,0.8477231,0.8650561,0.8798761,0.8981196,0.9038344,0.9045851,0.907954,0.9080867,0.9102323,0.9012245,0.8957277,0.8847675,0.8652557,0.8591919,0.853044,0.8492686,0.8374239,0.8476517,0.8595138,0.8808268,0.9035696,0.9485251,1.012282,1.066635,1.127284,1.203593,1.258281,1.31632,1.393905,1.477335,1.549232,1.610652,1.661605,1.662157,1.67414,1.421957,2.308149,3.825088
420.559,-0.01194937,0.009797416,-0.002689553,0.0231708,0.01451095,-0.01122543,0.01546829,0.01619061,0.01324112,4.469479e-4,0.007094418,0.00554224,0.002568209,0.004839467,0.001814911,0.005970716,0.004914958,0.004971777,6.207155e-4,0.003113043,0.004679792,-0.002148209,-6.547214e-4,0.002208443,0.001703896,8.697193e-4,3.484925e-4,0.001945311,0.005146518,0.002596936,0.00106875,0.004418825,0.006088547,0.00978061,0.004607831,0.01369199,0.005011465,0.001819443,0.004185476,-0.002433965,0.007361402,-0.004074611,0.006096624,3.155133e-4,0.003852645,0.01185144,0.006174801,0.004114693,9.83814e-4,0.003410191,0.004691649,0.00586242,0.003101036,6.093794e-4,0.002340188,0.001866676,0.001964027,0.001727194,0.003020621,0.002258021,0.002216045,0.003903819,0.002337232,0.004107208,-5.716992e-4,0.00207535,0.00225812,5.674313e-4,-2.425256e-4,0.004759056,0.001619525,4.64814e-4,5.744971e-4,4.728607e-4,0.001932633,3.180026e-4,9.913953e-4,0.00232379,0.003494135,0.003385908,0.001544812,0.003199939,9.894055e-4,0.001953488,0.00269662,0.001352778,3.270424e-4,-8.70607e-4,9.621077e-4,0.002773841,0.001611228,0.002752146,0.00264535,0.001245096,1.323036e-4,0.00208022,-6.443425e-4,0.001579248,-4.72683e-4,0.001917357,8.904015e-4,0.001309705,8.963922e-4,8.174001e-4,4.801744e-4,7.415012e-4,4.493571e-4,8.793699e-4,8.432861e-4,8.054998e-4,8.400391e-4,8.374045e-4,7.91293e-4,0.001170516,0.001345434,0.003087131,0.00610715,0.008031545,0.007083942,0.009252322,0.01140291,0.01362916,0.01434722,0.01821034,0.05701523,0.2755581,0.6063637,0.5236183,0.2272824,0.07846391,0.08040715,0.0990863,0.1225321,0.141592,0.1698854,0.1992335,0.2327176,0.2693498,0.3113839,0.3504408,0.391393,0.4293552,0.4824816,0.5238049,0.570949,0.6128368,0.6563448,0.6914072,0.7280578,0.7564357,0.7955321,0.8208421,0.84672,0.8741704,0.8878986,0.8987759,0.9097649,0.913367,0.9257325,0.9222299,0.9228217,0.9221598,0.9199192,0.9082015,0.8965429,0.88393,0.8732299,0.869069,0.8529928,0.8701138,0.8593375,0.8821261,0.896289,0.9244024,0.9855485,1.041302,1.10159,1.166246,1.256242,1.311307,1.373026,1.45372,1.525312,1.55711,1.643576,1.735203,1.760791,2.011469,2.074804,3.294532,5.392799
422.863,0.003593963,-0.006077569,0.005515942,9.944542e-4,0.004547267,0.01219975,0.01295807,-0.003854567,-0.003923327,-8.007537e-4,0.004646746,-9.48705e-4,0.003004236,0.003357942,-3.004543e-4,-0.00186017,-0.001896001,-0.001334346,-4.045429e-4,-0.001371274,7.720879e-6,-0.00265529,6.235694e-4,-0.002284127,4.177776e-4,-8.56304e-4,-0.002026152,-1.793205e-5,-3.793552e-4,-0.002871917,-8.64443e-4,0.002400785,-0.01317924,3.600978e-4,-8.937669e-5,-0.004166341,2.240301e-4,0.002850992,-0.003050447,5.034528e-4,0.003330695,-0.001905258,-7.302573e-5,-0.002879982,-0.004330079,-0.00499474,-0.002245396,-0.008644683,4.175562e-4,-4.564881e-4,-4.199907e-4,7.837235e-4,-4.520669e-4,-0.005725202,-0.001344318,-2.081174e-4,-0.0030203,-0.00136291,4.510058e-4,-0.001157737,7.947124e-4,0.004629462,0.001196512,-0.001842895,-0.001782909,-0.001576092,0.001115716,-1.40206e-4,3.862043e-4,-0.004606393,-0.001363526,-2.392308e-4,-3.583056e-4,-0.002174033,-5.517913e-4,-0.002182928,-0.001063993,-0.001339309,3.059922e-4,-9.733937e-4,0.001395028,-3.796471e-4,-8.264416e-4,9.423174e-4,2.410857e-4,4.262957e-4,2.379896e-4,4.042188e-4,-0.001251149,-0.00119005,-5.766868e-4,-7.566592e-4,-8.043154e-4,-0.001484726,-0.0011858630000000001,-3.750121e-4,2.307168e-4,2.142257e-4,-3.741402e-4,-0.001590016,-0.001276958,-1.87755e-4,1.243686e-4,-0.001135199,8.361604e-4,-1.520504e-4,2.351629e-4,0.00066179400000000005,6.532126e-4,-1.217555e-4,8.059074e-4,3.334876e-4,5.50812e-4,4.287028e-4,0.001869171,0.004000047,0.007438288,0.007991839,0.007136364,0.008730449,0.01211963,0.01463496,0.01734558,0.0367179,0.204386,0.5247225,0.5898465,0.2679592,0.09419998,0.07558928,0.09568564,0.1122468,0.1370854,0.1629485,0.1892747,0.2208614,0.2569556,0.2961808,0.3318647,0.3778089,0.417105,0.462135,0.508019,0.5487095,0.5994457,0.6405193,0.6781545,0.7164718,0.7502317,0.7809947,0.8130391,0.8393898,0.8630981,0.8848384,0.9034837,0.9115294,0.9241934,0.9304043,0.9297533,0.9331429,0.9247777,0.9280553,0.9173458,0.9127953,0.9101501,0.8950551,0.885223,0.8807654,0.8794817,0.8748421,0.8938377,0.9004822,0.9208689,0.9559838,1.010468,1.059995,1.122341,1.207847,1.286395,1.34285,1.405613,1.474744,1.558466,1.612123,1.647481,1.74463,1.771452,1.772476,1.940213,1.60546,-0.1734442
425.168,0.00291,0.01189472,0.007785161,0.01892336,-0.004413808,-0.003863201,0.01508468,0.008009592,9.430629e-5,-0.01675482,0.002709535,0.003077351,0.004407643,8.940791e-4,0.002337125,0.00234623,0.002931243,0.001293262,0.001909428,-0.0011474809999999999,0.005649666,0.001787473,0.00191195,-9.064263e-4,0.001989609,1.30563e-4,1.412656e-5,8.965106e-4,-0.00112423,-6.122007e-4,0.002496951,-2.45823e-4,0.004885579,-0.001056375,0.001175859,-0.001361042,0.006459486,0.005974584,0.005231752,0.003819871,-2.64845e-4,0.004363202,0.005190485,0.002086011,0.007017634,0.002932603,0.00798797,-4.303135e-4,-6.366338e-4,0.00181915,-5.914891e-4,-1.726296e-4,-0.006197196,-0.001152412,0.004224927,0.0024047,-0.003318871,0.001061846,0.006034206,-0.002046959,0.001402048,0.001561191,-0.00219601,0.003091626,-0.002866289,-2.346973e-4,0.001029736,7.053518e-4,-3.603559e-4,0.002642199,-4.6509e-4,0.004425486,9.420606e-4,-9.856551e-4,0.001991567,0.001433379,4.318322e-4,5.505001e-4,0.002097992,4.880915e-4,-9.030961e-4,4.693551e-4,0.002778388,8.823617e-4,2.459765e-4,8.361497e-4,7.594984e-4,-8.544273e-4,-8.901007e-4,-1.307669e-4,7.903104e-4,-5.887608e-5,-6.665131e-4,6.397334e-4,9.192943e-4,7.699355e-4,0.001095895,3.354593e-4,0.001386522,0.001618523,4.43655e-4,9.086048e-4,1.243052e-4,6.054713e-4,3.654587e-4,0.001167153,0.001053592,4.727807e-4,8.870832e-4,4.588226e-4,5.520919e-4,7.937806e-4,0.001047369,0.002038673,0.003290338,0.006724858,0.007670379,0.007773635,0.008204711,0.009896723,0.01172293,0.01695537,0.02597924,0.1304073,0.4489659,0.5887329,0.3517814,0.1114161,0.074480469999999993,0.08775054,0.1068512,0.1299528,0.1526297,0.183284,0.2135144,0.2431357,0.2770491,0.3186464,0.3607796,0.4070845,0.442124,0.4907591,0.5317517,0.5778487,0.6199996,0.6648076,0.6987398,0.7343134,0.7709434,0.8003754,0.8319938,0.8504123,0.8846654,0.9003086,0.9139502,0.9197094,0.932486,0.9328816,0.9404731,0.9420999,0.9420564,0.9319354,0.932913,0.9233503,0.9094828,0.9006531,0.8921874,0.8902716,0.8903395,0.8856757,0.899243,0.9230724,0.9386216,0.97622660000000006,1.033004,1.085048,1.166614,1.235731,1.312516,1.381418,1.434111,1.513089,1.580561,1.642065,1.727936,1.705732,1.861014,1.815041,1.999306,2.251627,4.594488
427.474,0.005796457,-0.004209764,0.002279956,-0.004193441,-0.001715187,-0.002400469,-3.744156e-5,0.002038581,-0.00287575,-0.003289513,0.005840557,-0.004427311,-2.42272e-4,-0.01356764,-0.002877979,-0.004972911,9.709063e-6,0.001109727,-4.010425e-4,-0.001001221,-0.001188372,-0.001968503,0.001267322,9.068894e-4,0.001028394,1.883698e-4,-4.548247e-4,0.001075295,0.001363736,-1.727762e-4,-0.001228127,-0.00107241,0.004810839,-0.005752974,0.004707523,0.00809311,0.003870486,-0.003629836,-0.002932858,0.003156147,-9.064311e-4,0.002601321,-8.261153e-4,-0.001291624,0.003402667,-0.00318971,-0.001680533,-0.001618954,0.003104643,-9.275628e-4,0.001213579,3.6607e-4,-0.002801736,-1.910298e-4,-7.717448e-6,-0.003895897,3.166996e-5,6.839307e-4,0.004006361,-0.002681206,9.216369e-4,-0.002878311,0.001643971,-0.001328797,-3.155381e-4,6.981146e-4,0.001077898,-2.910267e-5,0.001391205,-6.358592e-4,-2.517075e-4,-0.00154641,-0.001040901,2.130113e-4,0.002079804,-0.002448258,-2.070937e-4,0.002008319,-0.001981916,5.649088e-4,-0.001039205,0.002429309,-0.002097684,-5.192123e-4,-0.001508508,-0.00137853,-7.042404e-4,-6.287912e-4,5.896766e-4,-5.68654e-4,3.404053e-4,5.160622e-4,3.976874e-4,6.15036e-4,0.001144615,4.067277e-4,-0.001354223,0.001405479,9.946641e-4,-5.609509e-4,2.329825e-4,4.554651e-5,2.832966e-4,7.97335e-5,-5.065677e-4,-7.718999e-5,-9.945478e-5,1.518527e-6,-2.348154e-4,8.974975e-4,2.028524e-4,3.060415e-4,0.001127704,0.002299312,0.003247279,0.006279274,0.00783904,0.006762779,0.008528061,0.01117944,0.01305708,0.01950428,0.09125328,0.3517173,0.5830815,0.4157029,0.1500323,0.07158663,0.08225783,0.09758482,0.1221018,0.1453377,0.1744022,0.2033909,0.2353714,0.26763,0.3065199,0.344463,0.3876708,0.4273272,0.4647194,0.5125826,0.5547469,0.6036407,0.6461755,0.6833098,0.7224983,0.7563702,0.7815959,0.818499,0.8453166,0.8697384,0.8866168,0.9128981,0.9182458,0.9340417,0.9430305,0.9400546,0.9459071,0.9478165,0.9421571,0.9386869,0.943267,0.9330082,0.9196395,0.9083719,0.9024627,0.8929965,0.8991862,0.8954474,0.9136377,0.9335956,0.9454874,0.9965916,1.041989,1.108267,1.180276,1.261923,1.334012,1.41115,1.485517,1.542174,1.612973,1.661458,1.725409,1.747485,1.765319,1.991987,1.963131,2.1548,3.550534
429.781,-0.006789024,-0.007955284,-0.008002061,-0.006535078,-0.01422392,-0.0128336,-0.02807635,-0.01229117,-9.049146e-4,-0.002784933,-0.009559626,-6.347649e-4,-0.007585701,-0.002152572,-0.009714804,-0.002004869,-0.009927837,-0.00390176,-0.003180427,-0.004560978,-0.004157813,-0.003008245,-0.004476533,-8.768006e-4,-0.002119036,-0.00376155,-0.001211645,-0.002007631,-0.001712536,-0.002275392,-0.001354078,-0.007161248,-0.002463021,-0.008464194,0.00441145,-0.003671593,-0.001467336,-0.01602723,-0.00630403,-0.007065938,-0.005550954,-0.003340307,-0.01063179,-0.01264702,-0.005788314,-0.002813506,-0.005892251,-0.003887242,-0.008234316,-0.003786963,-0.005036702,-0.00331817,-0.002344397,-0.001691392,-0.004360034,-0.002818517,5.255519e-4,-0.005932951,-0.002851382,-0.001419348,-0.003761622,-0.001494392,0.001778047,-0.003438378,-0.003369753,-0.002192796,-0.003879306,-0.001420811,-0.002627447,-3.39341e-4,-0.004262488,-0.006667399,-0.005475047,-0.00362008,-0.003986693,-0.003105803,4.276281e-4,-0.003469345,-0.001256139,-0.004040913,-0.003567877,-0.003653428,-0.002513735,-0.001076319,-0.003834315,-8.645627e-4,-9.15194e-4,-0.003024301,-0.002031488,-3.358996e-4,-1.926642e-4,-0.001580946,-7.030797e-4,-0.003034561,-5.349006e-4,-9.140783e-4,-0.001053957,-5.008207e-5,-0.001480394,-8.827024e-4,-0.001595417,-9.254041e-4,-9.986845e-4,-6.193076e-4,-9.117941e-4,-0.001458687,-2.529896e-4,-8.580302e-4,-4.465816e-4,1.828353e-4,-2.106683e-4,2.680247e-4,0.001015822,0.002384637,0.005137424,0.005838721,0.007037364,0.006518995,0.008613803,0.01209453,0.0167583,0.05827615,0.2683251,0.5503246,0.4653174,0.1926028,0.0747783,0.07780143,0.09494791,0.1136164,0.1381815,0.1642762,0.1936541,0.222314,0.2528196,0.2889504,0.3293828,0.3672044,0.4067289,0.4488885,0.4969201,0.5316529,0.582971,0.6225727,0.6652648,0.6979061,0.7378476,0.7727004,0.7937533,0.8305054,0.8584837,0.8830638,0.898524,0.9181223,0.9259478,0.9406823,0.9412377,0.9466939,0.9524665,0.9488913,0.944921,0.9376751,0.9398139,0.9276471,0.9148264,0.9143364,0.9014558,0.8959136,0.9083994,0.9103342,0.9214474,0.9466601,0.9679042,1.008054,1.055792,1.129676,1.212471,1.273112,1.354649,1.41842,1.48439,1.53932,1.588687,1.706449,1.711905,1.761597,1.761941,1.77767,1.702124,1.551387,3.746491
432.088,-0.003372301,0.004618911,-0.009013084,-0.001988839,-0.01623937,-0.02789805,0.005974644,-0.01010966,-0.01159335,-3.051601e-4,-0.005098523,-0.004757478,-0.001117818,-2.501022e-4,-0.001915473,-0.003543486,-0.003430474,-0.005197314,-0.004859361,-0.002239344,4.311351e-4,2.363511e-4,-2.989676e-4,-4.843838e-4,-0.001606255,-0.001614666,-8.984542e-4,-0.001817957,-7.473999e-4,-0.001651883,-0.003964488,-0.00688365,-0.008699341,-0.008384396,-0.002500823,-0.01218441,-0.002376138,-0.009591389,-0.001298437,1.239884e-5,-0.005012967,-0.005460518,-0.001230285,-0.00393402,-0.0128276,6.056165e-5,-0.002805058,0.001453452,2.642468e-4,-0.005302739,-0.001178795,-0.003700099,-0.002307183,-0.002398954,-0.00419384,-0.008963622,3.71493e-4,-0.002938485,0.001908552,-0.004779668,-0.005723234,-0.001339875,-0.002464511,-0.004821687,5.568796e-4,-7.669476e-4,-0.001482844,-0.002589833,-0.006039413,-0.00581028,1.46499e-5,-0.002170568,-1.014202e-4,-0.002064924,8.754526e-4,-9.066268e-5,-0.003008719,-0.002660931,7.555145e-4,-7.568839e-4,-0.002814142,-0.0013283,1.821362e-4,-0.002237272,0.001223827,1.649838e-4,-2.10901e-4,-0.00119016,-0.00204498,-6.388223e-4,6.38522e-4,-0.001033727,-8.822348e-4,-0.001782887,-0.001766258,-0.001003314,4.494844e-4,-0.00164865,-0.001022163,-0.001811384,-8.977549e-4,-7.021047e-4,9.593921e-5,-0.001348246,-7.197123e-4,-2.068041e-4,-7.116382e-4,8.054561e-5,3.846211e-5,8.711481e-5,2.082198e-4,9.90635e-4,0.001368483,0.003770838,0.005093478,0.006573439,0.008772159,0.008900545,0.01089627,0.01377241,0.03333249,0.2101631,0.4966419,0.5290086,0.2384654,0.0861116,0.07500046,0.089993310000000007,0.1089817,0.129795,0.1563042,0.181272,0.2128908,0.2464059,0.2798676,0.3124185,0.3519097,0.3973406,0.4371693,0.4774544,0.5161112,0.5629379,0.604165,0.6507244,0.6963039,0.7271481,0.7605335,0.7918337,0.8167779,0.8480141,0.8821929,0.8956044,0.9208533,0.9374987,0.9432296,0.9577998,0.9544972,0.9506875,0.9590056,0.9512883,0.9530173,0.9484548,0.9475312,0.9360543,0.9296287,0.9260985,0.9166131,0.9237238,0.9184205,0.9289173,0.9443081,0.963056,0.9866516,1.034002,1.07397,1.151476,1.235764,1.310893,1.399851,1.464172,1.536092,1.602516,1.667616,1.726795,1.776142,1.784379,1.775035,1.794341,1.98547,1.610804,2.48462
434.396,-0.006761441,0.004664645,-0.003106137,0.003208674,-0.00316331,-0.004295385,0.003367015,0.005675188,-0.01199616,-0.002351002,0.0033149,-8.797584e-4,-0.004647023,0.001417864,-0.005433582,-0.004515845,-0.006393732,-0.001316378,-0.002602336,-0.001111275,-0.001524599,-9.352455e-5,-0.001947321,-0.003037535,-6.70447e-4,-0.001907074,-8.324832e-5,9.687826e-4,-1.009452e-4,-0.003459913,2.722453e-4,0.002108286,-0.004647033,0.001138161,-0.003542131,4.11891e-5,-0.004939622,0.001207833,-0.001520627,-0.0101662,-9.855009e-4,-0.00147551,0.002300865,7.653993e-4,7.91416e-4,0.001253698,-0.004908006,0.009486705,-6.343372e-4,-0.001632076,-0.001156713,-0.002118932,-0.002294804,-0.003152906,-8.434723e-4,-0.001746128,-0.004185073,-9.491969e-4,-0.003303583,-0.00134221,4.529375e-5,-9.981668e-4,-8.040683e-4,-0.002807431,-0.002475902,0.001705617,0.001901588,2.95382e-4,-0.002599771,-2.012446e-4,-0.003850818,4.744993e-4,0.001711528,0.00213025,0.002059633,-0.0011163,6.311908e-4,-0.001123189,-5.599431e-4,-9.311096e-4,6.531494e-4,-2.342599e-4,8.964451e-4,6.7436e-4,-0.001370058,-4.575649e-4,-0.001382106,-0.001861226,5.982475e-4,-0.001345888,-3.906457e-4,-8.342508e-4,0.001299592,-5.408334e-4,-5.736966e-4,-8.934127e-4,-9.658516e-5,2.099468e-4,-0.001258906,-8.220452e-4,6.150224e-4,1.004724e-4,-6.732337e-5,2.054155e-4,7.079455e-6,9.334378e-4,-6.547854e-6,8.415813e-4,-3.015628e-4,8.728982e-4,0.001026267,0.002135964,0.002762057,0.00416096,0.005916407,0.007880762,0.008904069,0.01074023,0.01389868,0.02522477,0.1395506,0.4587114,0.5655101,0.3190516,0.1014665,0.07301171,0.08700641,0.1044595,0.1236636,0.1499585,0.1756289,0.2038088,0.2366392,0.2683402,0.3044463,0.3428423,0.3793182,0.4214734,0.4603505,0.5071386,0.5465778,0.5883871,0.6357434,0.6820642,0.712296,0.7505749,0.7850569,0.8119978,0.8401411,0.8644048,0.8826834,0.9146448,0.9298454,0.9477902,0.9556043,0.965853,0.9608481,0.9686725,0.9685775,0.9611743,0.9581332,0.9563929,0.951606,0.9404946,0.9426803,0.9289058,0.9358822,0.9308838,0.9379801,0.9480147,0.9602684,0.9805441,1.014085,1.049302,1.128149,1.189631,1.273532,1.358729,1.428013,1.489392,1.550043,1.643653,1.691622,1.734906,1.799613,1.788366,1.95368,1.990618,1.97583,2.219885,2.277652
436.705,-0.007822485,-0.021618,-0.0159508,-0.006538555,-0.02607611,-0.006032915,-0.005331553,-0.009144512,-0.01388015,-0.0153721,-0.006292397,-0.004472856,-0.004156772,-0.007528677,-0.005722037,-0.00272645,-0.002686792,-0.005126818,-0.003162941,8.386625e-4,-0.003004343,-0.004033998,-0.002147004,-2.689308e-4,-7.047519e-4,6.2758e-4,-0.002942353,4.483116e-4,-6.981806e-4,-0.005414547,-0.004133421,-0.004081705,-0.002128042,-0.01505228,7.86917e-4,-0.007850658,-0.008207671,-0.005397572,-0.004655352,-0.005425898,-0.01331835,-0.003261957,-0.006000251,-0.008761348,-0.005756093,-0.006816473,-6.671691e-4,-0.004529577,-6.583635e-4,-0.004539761,-0.005990043,-0.001351427,-0.004621768,-0.007456423,-0.001092297,3.650548e-4,-0.004710805,-0.004044654,-0.005954098,-0.005506353,-0.003420121,-6.822823e-4,-0.001563752,0.001318657,-0.007243455,-0.003235073,-0.001417504,-2.42871e-4,-0.002346722,-9.62414e-4,-0.0043100050000000004,-0.002488096,-0.00243253,-0.002042094,-0.002122319,-0.001415786,-0.002198314,-3.674431e-4,-0.003730034,-6.456846e-4,-0.001171487,-0.001304384,-0.002293694,-0.002811981,-0.00323292,-7.819162e-4,-0.002439835,-0.002553309,-0.002695411,-0.001403076,8.269479e-6,-0.002884476,-0.002855647,-0.001769162,5.596905e-4,-0.001230878,-0.001861265,-4.688677e-4,-5.967871e-4,-5.773557e-4,-0.001859985,-9.141198e-4,-9.150225e-4,-5.665339e-4,-8.60338e-4,-8.957056e-4,4.057798e-4,-6.265293e-4,-7.276924e-4,4.76854e-4,9.584285e-4,0.002448696,0.003776241,0.00544362,0.006395088,0.008509609,0.009411895,0.01255525,0.01738059,0.09037256,0.3683467,0.5843146,0.3979701,0.1380637,0.0713874,0.08123977,0.0986303,0.1176413,0.1389305,0.1661695,0.1953346,0.2261123,0.257996,0.2929564,0.3305569,0.3615119,0.4057663,0.4463243,0.4894449,0.5296003,0.5760152,0.6095545,0.6513044,0.6964393,0.7362968,0.7723037,0.8031066,0.8290909,0.8593424,0.8820117,0.9055735,0.9265372,0.93988,0.9568818,0.9678824,0.971907,0.9719083,0.9724256,0.9671521,0.9682975,0.9704146,0.9618295,0.958092,0.9536466,0.9526095,0.9456577,0.9394718,0.9481262,0.95423,0.9557997,0.9775609,1.004704,1.035341,1.083999,1.150973,1.208624,1.307201,1.383563,1.466966,1.525002,1.583948,1.649232,1.716237,1.807496,1.811669,1.859328,1.888833,1.93702,1.926189,1.910042,2.792172
439.015,0,-0.01189064,-0.003622514,-0.01150536,0.002244657,-0.008690124,-0.005747559,-0.009006961,-0.001336766,-0.001142079,-0.002192753,-0.002238516,-0.001947707,-0.006347573,-0.002155336,7.711463e-4,-4.320342e-4,-0.005351475,2.471467e-5,1.650377e-4,-0.00209247,-0.001275958,-0.002663152,0.003179603,-0.001868465,8.309809e-4,-2.821976e-4,0.00054959850000000005,-0.001909238,0.003315305,-0.002918114,-7.288211e-4,0.004347705,-0.01182872,-2.893354e-4,-0.003870619,0.002097276,5.973297e-4,-0.003372012,-0.001772194,-0.006528194,0.006443107,-0.004124079,-0.001892155,-6.506774e-4,-0.004897511,0.001647041,0.00434349,0.002003423,4.261263e-4,-0.00313665,-0.00367889,1.880969e-4,-1.596024e-4,0.001682366,-0.001910975,-0.003826155,0.001986997,5.219706e-4,-9.010588e-4,-0.00221374,-0.003478036,-0.003550443,-0.004078403,5.835241e-4,-0.00225509,-0.005668381,-8.886183e-4,-7.129847e-4,0.00326819,7.260941e-4,-6.698763e-4,-5.333045e-4,-0.001592244,6.678374e-4,-9.970277e-4,-0.001595764,-6.832239e-4,-0.003346738,-9.137166e-4,-1.787165e-4,-8.592924e-4,-5.900091e-4,-5.542424e-4,-0.003047922,-0.001407644,-0.001292843,1.095236e-5,9.381989e-5,-0.002463826,-6.728939e-4,0.001845101,-6.119607e-4,-0.001159351,-8.118848e-4,-5.659497e-4,9.412127e-4,-1.053105e-4,1.583895e-4,-4.287766e-4,-2.74097e-4,8.627527e-5,2.471985e-4,6.569313e-4,-1.429958e-4,4.293722e-4,6.195472e-4,-3.024881e-4,8.063921e-4,0.00224262,0.002606612,0.003568684,0.003956029,0.006438777,0.008602372,0.009926705,0.01178578,0.01651688,0.05916876,0.2678644,0.5439477,0.4598369,0.1852852,0.07617265,0.08066833,0.09270094,0.1122155,0.1320154,0.1542383,0.1848808,0.2110008,0.247266,0.2825967,0.3154357,0.3489287,0.3854779,0.4301818,0.4727311,0.5128947,0.5552517,0.593556,0.6407765,0.6742877,0.7190842,0.7573811,0.7882507,0.8189978,0.839797,0.8664845,0.8895788,0.916136,0.9340708,0.9577075,0.9635068,0.9752442,0.9746908,0.9757709,0.9769281,0.9736482,0.9745365,0.971232,0.9630769,0.9633212,0.9539392,0.9574893,0.9502113,0.9563599,0.9517016,0.9620212,0.9770368,1.000101,1.023241,1.048619,1.105907,1.163575,1.245643,1.321879,1.401823,1.467689,1.539581,1.600938,1.699248,1.732701,1.829684,1.797784,1.883523,1.9041,1.923904,2.132019,2.115491,5.801189
441.325,0.006760312,-0.01175673,-0.007812661,-0.003341484,0.005394752,-0.01031682,-0.01139754,1.28845e-4,0.003277008,-0.002322973,-0.005273473,-0.006873722,4.671572e-4,-0.01301101,-0.003223808,8.044498e-4,0.002781526,0.001407153,-0.002910112,-0.003308496,-0.002775465,-0.004112164,-0.002714394,0.0011845,-0.001374001,1.080581e-4,-0.001554291,-0.002382726,-0.001056407,-0.002075175,-0.006214096,-0.003443175,0.008387371,-0.009650161,-6.615422e-4,3.583374e-4,-8.203231e-4,-0.00211552,0.001837833,-0.003850163,-0.003052197,-0.004507762,-4.199677e-4,-4.078263e-4,-0.007766127,-8.748117e-4,0.001405847,9.396781e-4,-0.002336649,-7.898132e-4,2.483813e-4,-0.003626589,0.003443286,0.004495058,-0.001554576,-0.001033472,0.00138796,-0.001910575,3.399221e-4,-4.247742e-4,-0.0041037,-0.003586693,0.001161584,-0.00388995,-7.795709e-4,-0.001621203,-3.49794e-4,-0.002532504,-2.242473e-4,7.374739e-4,-6.685887e-4,-0.001538454,-0.001952242,0.001976449,-3.05871e-4,7.332173e-4,3.339922e-4,-1.859928e-4,-0.002253657,-0.003291083,-0.00204476,-0.001306736,-4.980883e-4,-6.501271e-4,-2.212431e-4,-0.00108681,-2.953491e-4,-0.002123746,-5.659932e-5,-0.001799091,-9.868364e-4,5.547963e-4,-9.191722e-4,-7.041963e-4,-3.411627e-4,-0.001390653,1.109658e-4,-7.192844e-4,-7.391033e-4,-9.474318e-4,-2.20031e-4,5.325279e-5,-1.079771e-4,-2.56952e-5,-6.097197e-5,4.318562e-4,7.481369e-5,0.001428187,7.751598e-4,0.002484678,0.003693779,0.004518866,0.004841034,0.006828299,0.009113993,0.01119313,0.01479054,0.03682588,0.1893622,0.4618016,0.4897723,0.2235882,0.08294271,0.07510261,0.09088601,0.1048405,0.1259867,0.1472149,0.1752887,0.1987526,0.236247,0.2665973,0.2986463,0.3345707,0.3746965,0.4132714,0.447318,0.4925621,0.5321245,0.5747747,0.6132368,0.6549206,0.6933404,0.7348466,0.7697781,0.8074443,0.8278546,0.8588606,0.8805315,0.8957912,0.9192341,0.9343714,0.9577872,0.9681054,0.9752625,0.9781293,0.9763912,0.9742698,0.9760252,0.9759231,0.9667781,0.9704579,0.961456,0.9554344,0.9606858,0.9484625,0.9517831,0.961594,0.9639855,0.9798881,1.005905,1.021515,1.067012,1.121528,1.1785,1.263116,1.341228,1.430681,1.506281,1.572623,1.632428,1.678048,1.733785,1.802945,1.893489,1.90525,1.872395,1.878698,1.963134,2.428981,0.258171
443.636,-0.01756821,-0.02723997,-0.02440773,-0.009824529,-0.03009865,-0.01279582,-0.007703461,-0.02611374,-0.02562135,-0.0129692,-0.007338181,-0.01341242,-0.008183,-0.003587996,-0.005023187,-0.004842651,-0.007337375,-0.008217627,-0.005075031,-0.001232189,-0.006381053,-0.001839443,-9.909678e-4,-0.003744724,-0.003496468,-0.002722529,-0.002945373,-0.004843107,-0.001743952,-0.004985782,-0.005195396,-0.002198439,-0.009688767,-0.01086001,-0.002332851,-0.004414072,-0.01490432,-0.0132667,-0.008652328,-0.007799511,-0.004243369,-0.007708727,-0.003356208,-0.008329526,-0.008847991,-0.008503062,-0.007260163,-0.005984998,-0.009211853,-0.009418851,-0.01030099,-0.007366453,-0.008036158,-0.01134873,-0.005784212,-0.007658097,-0.009658322,-4.26596e-4,-0.006571382,-0.005633209,-0.004629614,-0.003538975,-0.003157273,-0.006069598,-0.006083751,-0.004064664,-0.003739218,-0.005511112,-0.002878871,-0.003747623,-0.003622563,-0.001524638,-0.002898437,-0.002710376,-0.00202529,-0.001884479,-0.004704434,-0.004097855,-0.001473744,-0.001083731,-0.004479487,-0.003837672,-0.002230114,-0.002725885,-0.002356651,-0.003455753,-0.001859041,-0.00231603,-0.002190251,-0.00233978,-6.451037e-4,-0.001839454,-0.001905745,-0.002309279,-0.002100265,-0.002135016,-0.002292913,-0.002408944,-0.001523939,-0.002516847,-0.002092687,-0.001311807,-0.001229618,-2.147583e-4,-9.819803e-4,-6.664553e-4,1.175214e-4,-3.463499e-4,0.001089963,0.002591941,0.003222012,0.00431824,0.005833225,0.008467328,0.01064973,0.01367867,0.02515553,0.1276904,0.382634,0.5050261,0.285104,0.09457824,0.06977753,0.08432125,0.1012526,0.117309,0.1395034,0.1606526,0.187844,0.2166706,0.2501427,0.2852882,0.3200912,0.3582013,0.3902291,0.4248542,0.468075,0.5060396,0.5540489,0.5923587,0.6282621,0.666835,0.7128523,0.7505661,0.7840801,0.8110629,0.838703,0.8620023,0.8838802,0.9052667,0.9261477,0.9370327,0.9585536,0.9702097,0.9734672,0.9820567,0.9785576,0.9710753,0.9698521,0.966709,0.9706809,0.9591134,0.9582693,0.9583321,0.9455811,0.9532744,0.9478398,0.959117,0.9740754,0.9911212,1.016227,1.036154,1.084124,1.116802,1.202085,1.275729,1.359597,1.454783,1.516014,1.57867,1.640523,1.699738,1.771473,1.76901,1.833429,1.834244,1.926693,1.766567,1.709602,1.335834,-0.8755693
445.948,0.001733846,-0.004875201,-3.891118e-4,0.002068938,0.006420732,-0.009483588,0.008505681,-0.002850988,-0.003969239,-0.001482288,-2.057618e-4,0.002450229,-0.002995878,-0.002804509,-0.003402267,0.005439657,0.004536973,3.059351e-4,-0.00177094,-9.102488e-4,-2.525182e-4,4.748435e-4,0.001419408,-0.001794363,5.065847e-4,-2.759538e-4,-6.704306e-4,4.206974e-4,-0.001749668,-0.003482144,0.00177095,-0.00292355,-8.433677e-4,0.001459542,0.003567664,-0.001861644,-0.003129634,0.002710915,0.004138302,0.001634152,-0.005313837,-0.001926306,-8.605677e-4,-0.004404668,0.006839299,0.00210551,-4.127479e-4,4.519409e-5,0.001145545,6.364544e-5,0.003193456,0.001579722,-0.001828366,-0.002849473,-5.056375e-4,0.001382005,-0.002394135,6.675551e-4,-2.902326e-4,0.001966544,0.003363167,0.001892065,-0.002367692,-0.002299436,-4.836448e-4,-0.001293021,0.003019138,0.001925184,-4.593034e-4,-0.001034864,-8.727286e-4,0.001240438,8.895735e-4,-1.492213e-4,-6.069351e-4,-0.001460682,-8.78099e-5,0.001084022,-0.001196467,-0.001608363,-0.001902857,0.00106144,5.879363e-4,9.211439e-4,-2.251374e-4,1.798453e-4,2.436049e-4,0.001059648,2.330314e-4,-1.810371e-4,-1.146408e-4,-1.004532e-4,2.81759e-4,-6.948464e-4,-0.001193881,3.093149e-5,8.619554e-4,-0.001222979,3.166323e-4,2.460664e-4,-6.250534e-4,5.140752e-4,4.346498e-4,-1.397354e-4,6.794583e-4,6.600985e-4,6.866975e-4,0.001265874,0.001904484,0.004329422,0.00451831,0.005333984,0.006641897,0.01032897,0.01246555,0.02000017,0.1019197,0.3464941,0.4820573,0.3554127,0.1274718,0.06779052,0.08033219,0.09360767,0.1111482,0.1312322,0.1512943,0.1779738,0.2036461,0.2320988,0.2701503,0.3038564,0.3371857,0.3764344,0.4091868,0.4482991,0.4875448,0.5254226,0.5721775,0.6084067,0.6469355,0.6872455,0.7250334,0.7650745,0.794201,0.8237259,0.8519556,0.8716407,0.8884678,0.9143313,0.9302518,0.9470228,0.9601616,0.9669571,0.9808726,0.9742906,0.9770307,0.9761654,0.9766884,0.965766,0.9710585,0.9682702,0.9583757,0.9695688,0.9551596,0.9526472,0.9561307,0.9674649,0.9730623,0.9920261,1.018985,1.043495,1.088256,1.145078,1.218666,1.285197,1.373352,1.457425,1.527657,1.607778,1.662072,1.741298,1.802008,1.828949,1.87241,1.958466,1.903229,2.125098,2.061076,2.361783,3.163649
448.26,0.004443151,-0.005898864,0.01496449,-7.5082e-4,0.01213323,8.157234e-4,0.002806101,0.006027699,0.00901171,-0.003339942,-2.523316e-4,-8.180367e-4,0.001321331,0.004497841,-0.002557407,-0.004041618,-1.096192e-4,7.155812e-4,0.00394369,0.001116832,0.001404735,9.539299e-4,0.001017294,0.002882492,0.003382476,2.148927e-5,0.002562633,0.001742809,0.001541774,1.699526e-4,-5.320553e-4,0.003715532,-0.002611738,0.002123437,-0.002312405,0.005417684,0.003468437,-1.867346e-4,-0.004925293,0.007835178,5.750232e-4,0.004526646,0.00516738,0.003621038,0.002808692,2.911379e-4,0.006786384,0.002043872,0.005362539,0.004905389,0.001587079,0.006608124,0.001534191,6.043996e-4,0.003754748,0.002747473,4.845858e-5,0.00224914,0.001893807,0.001101785,0.005485357,-0.002631644,0.001290525,-9.070724e-4,0.001621475,0.003717115,0.003518947,6.05529e-5,0.002070021,0.0037444,-0.001182316,-0.001159027,0.001844504,0.002333373,0.002486884,-4.612489e-4,4.150588e-4,0.001181552,1.193069e-4,-0.001578701,0.001845552,2.87658e-4,-6.979408e-4,9.710797e-5,6.439308e-4,-2.674718e-4,-6.427972e-4,0.003554552,0.001568695,0.002471338,8.689925e-4,-7.360303e-4,0.001368627,-1.02083e-4,9.383804e-5,-6.192572e-4,0.001225885,5.184485e-4,2.126232e-4,0.001320321,3.2687e-4,0.001262505,2.451988e-4,0.001090168,9.274638e-4,0.001002907,0.001777656,0.002436793,0.003736664,0.00483756,0.00561631,0.005839981,0.008657775,0.0129928,0.01855441,0.07863662,0.3190918,0.5788882,0.3832287,0.1679571,0.06948748,0.07185191,0.08666613,0.1078968,0.1251626,0.1420276,0.1670445,0.1930956,0.2191535,0.2539313,0.2886226,0.3168947,0.3550766,0.3969628,0.4316747,0.4645982,0.501863,0.5440375,0.5845737,0.6225584,0.659278,0.6976489,0.7318606,0.7688934,0.8005574,0.8312714,0.8521945,0.8693771,0.8906552,0.9073279,0.9292249,0.9400886,0.9521994,0.9680398,0.9660871,0.9720358,0.9655324,0.9635663,0.9695897,0.9588552,0.9571316,0.9557498,0.9477954,0.950005,0.9552762,0.9503903,0.9568994,0.9670377,0.9715333,0.9887455,1.020401,1.052221,1.098206,1.156385,1.220827,1.293656,1.387711,1.47513,1.551523,1.613835,1.675864,1.744388,1.778536,1.853455,1.88308,1.936785,1.949057,2.087123,2.4285,2.320699,6.629877
450.573,-0.002024343,-0.007453844,0.001692157,-8.321578e-4,2.230113e-4,0.006651927,-0.00283712,7.855718e-4,0.003212968,0.001424077,7.537504e-4,-0.002729154,0.003868305,0.002148907,0.005328416,3.6098e-4,0.005433922,2.756706e-4,-0.001557823,0.005893287,-2.284865e-4,-0.002002091,-0.004184459,0.002405566,1.237641e-4,0.001307936,-0.001715989,2.471041e-4,3.526731e-5,-3.769674e-4,6.585756e-4,0.001781326,0.005180128,0.00116536,0.003514475,-0.003665798,0.004862068,1.0231e-4,-0.001152697,-0.003643296,-0.00034743970000000003,0.006503248,-0.004192973,-0.001491747,0.006980341,7.827492e-4,0.002982218,-0.0018744,0.001386344,-0.00211191,2.956061e-4,-0.002328753,0.00415401,0.004582469,-0.005248817,0.001731081,-0.001054559,0.00274017,-0.003210529,-6.322378e-4,-8.161722e-5,4.604194e-5,2.11382e-4,-7.722381e-4,6.203931e-4,0.001255736,0.003342546,0.00179692,-4.27681e-4,0.001671173,0.003297569,-8.034922e-4,0.001003218,0.001413056,0.001997573,7.430794e-5,0.00163054,6.098641e-4,-1.553347e-4,-2.256086e-4,0.001436345,0.00205695,2.224952e-4,0.00139525,0.001266166,-0.001773148,4.116562e-4,5.320655e-4,-3.785588e-4,-3.095281e-4,-8.038692e-4,8.004398e-4,-6.842044e-4,6.721998e-4,0.001111047,0.001121067,9.038721e-4,-5.844657e-4,1.19597e-4,7.113699e-4,-1.636906e-4,3.422108e-4,0.00139036,8.66783e-4,0.001180003,0.001642537,0.001435982,0.0022635,0.004795988,0.005069318,0.00640878,0.00780281,0.01032588,0.01611012,0.05102754,0.2566169,0.5836088,0.6153757,0.2016177,0.07404197,0.06676109,0.08189449,0.09657334,0.1147367,0.1360496,0.1550234,0.1804332,0.2071638,0.2343611,0.26631320000000003,0.3025168,0.3354233,0.3705755,0.4104052,0.4487098,0.4772958,0.5171813,0.5599863,0.5983557,0.6392626,0.6704311,0.7117129,0.7454219,0.7763876,0.8078427,0.8284101,0.8515971,0.8677465,0.8904107,0.9111091,0.9201966,0.9431457,0.9539405,0.9566843,0.9651732,0.9622602,0.9632354,0.9545957,0.9510638,0.9520341,0.9511358,0.9429677,0.9483479,0.9418635,0.9490249,0.9525218,0.9655465,0.9598123,0.9715693,0.9988095,1.036069,1.057682,1.092156,1.160057,1.213875,1.318891,1.388261,1.4695,1.552438,1.633593,1.671033,1.734734,1.777276,1.837739,1.855771,1.935784,1.925812,2.071416,2.28332,2.825126,7.845175
452.887,-0.005764523,-0.01125196,-8.9972e-4,-0.007964922,-0.01065973,7.875025e-4,-0.003913385,-0.003628338,-0.009525613,0.009361672,0.003153164,-0.006114582,-0.003106682,-0.001490516,3.270227e-4,-0.007055364,-0.007694234,9.608008e-5,-0.002250353,-0.002849269,-0.001021912,-9.165742e-5,1.105579e-4,-7.235827e-4,-0.002617263,-1.583254e-4,-7.315597e-4,-1.676619e-4,-0.004434516,-9.680826e-4,-0.007240584,0.001984775,-4.844923e-4,-0.0122223,0.004129527,-0.004258509,-0.002431984,-0.001954956,-1.761211e-4,5.583188e-4,-0.00363942,-0.003584071,-0.001111605,-0.001100391,-0.001098922,-0.001066707,-0.008776787,0.001777971,-0.002244655,-0.00155916,0.004958701,-0.003256991,-6.32852e-4,-1.282262e-4,-0.003564363,-0.001452762,0.002600892,-0.002248032,-0.001278706,-0.002558715,-0.0033295210000000002,8.837466e-4,-4.875906e-4,-0.001570191,-4.397932e-4,-6.152356e-4,-0.003197408,-0.00107511,-0.001859784,-0.003167958,-0.002501757,-4.940689e-4,-3.806757e-4,-0.002327583,-6.627121e-4,2.244737e-4,-9.160998e-4,0.001504414,-0.001880733,4.728653e-4,-4.611729e-4,-0.001382205,-0.001259266,-3.650797e-4,4.808242e-4,-0.00266082,-6.30917e-4,-5.973487e-4,-4.764013e-5,-5.203404e-4,-3.602254e-4,0.00103035,-3.286879e-4,-0.001429922,-6.417435e-4,-9.962495e-4,-4.603579e-4,2.679296e-4,0.001308119,-0.001413339,-9.636821e-4,1.337148e-4,8.815087e-4,7.074751e-4,7.376992e-4,0.001126311,0.001671186,0.003265558,0.00574311,0.006852434,0.00665143,0.008795952,0.01212841,0.04205897,0.1819697,0.5136626,0.6491414,0.4175848,0.08274011,0.06210356,0.07322342,0.09055931,0.1088397,0.126968,0.1468954,0.1662939,0.1928807,0.2202321,0.2489035,0.2830421,0.3123094,0.352228,0.3818062,0.423011,0.4551293,0.492564,0.5291582,0.568673,0.6101768,0.6440584,0.680262,0.7175565,0.7487006,0.7853839,0.8027545,0.830641,0.8532502,0.8766316,0.8894906,0.9015571,0.9206377,0.9273934,0.9484788,0.9468581,0.9546893,0.9532178,0.9509064,0.9476714,0.9493809,0.9392668,0.9396383,0.9367853,0.9376201,0.9393728,0.9385081,0.9466209,0.9522746,0.9665721,0.9795695,0.9881799,1.024949,1.05988,1.10515,1.1558059999999999,1.235353,1.302709,1.392277,1.462197,1.551429,1.619736,1.695885,1.731496,1.77516,1.836275,1.864264,1.950899,1.903035,2.099616,2.288783,2.283496,3.032794
455.202,-0.009464741,-0.002502973,-0.01690268,0.004388882,-0.001954437,0.01522257,-0.01083673,-0.002207941,-0.001599315,0.002807623,0.001644249,-0.004168385,-0.002019484,-0.002698759,0.005980738,0.001060057,9.545847e-4,-0.002895457,-0.002427665,0.001845963,-0.001988832,-3.06807e-4,-7.527185e-4,-7.994228e-4,-6.375751e-4,-0.00110597,-0.001289325,-0.00205274,4.372755e-5,1.77609e-4,0.005997496,0.003932825,-8.121844e-4,-0.003526256,-0.002575173,-0.002118359,3.768803e-4,-4.397244e-4,-6.627027e-4,6.306729e-5,0.005517566,-0.002041403,5.492218e-4,-8.536819e-4,-0.002637729,0.002538585,0.001169477,9.14913e-4,-0.005331754,0.001270076,-1.064302e-4,-8.127883e-4,0.002971104,-0.00237988,-0.001609282,4.228061e-5,-0.00373119,0.004185739,-0.003056135,0.001392495,0.001447457,-9.231945e-5,0.001551516,-0.001960535,-0.001619394,6.560473e-5,0.002804145,-0.001891738,5.154364e-4,-0.001782494,0.001921821,-1.616761e-4,-0.001005998,0.003136204,-3.677097e-4,-0.001994295,-9.858394e-4,-0.001884608,-0.002487999,-8.568274e-4,6.302997e-4,0.001542742,-3.781136e-4,4.195663e-4,0.002161233,8.405472e-4,7.524321e-4,8.955593e-5,2.507716e-4,-6.302511e-4,2.84518e-5,0.001220388,0.001157169,0.001306689,6.38838e-4,1.409304e-4,-4.524658e-4,-1.863496e-4,-4.60602e-4,-2.121468e-4,1.020871e-4,2.584795e-4,9.932944e-4,6.009687e-4,9.875025e-4,0.002408781,0.002680042,0.0044716,0.006262214,0.007369871,0.008463944,0.01130369,0.02455229,0.1514643,0.4257594,0.641313,0.4729139,0.1852714,0.0569971,0.06679604,0.08111661,0.09839037,0.1166896,0.1379006,0.158791,0.1803362,0.2080558,0.2338587,0.262935,0.2959424,0.3327487,0.3638329,0.4021077,0.4363547,0.4704988,0.5102686,0.5463211,0.5785695,0.6236241,0.657705,0.6907273,0.7255473,0.7576562,0.7803908,0.8163446,0.8319011,0.8576139,0.8691175,0.8872825,0.8991299,0.9142262,0.925175,0.9387904,0.9432473,0.9500058,0.9431234,0.947603,0.9429703,0.9330276,0.9361955,0.9320034,0.935946,0.9340705,0.9304591,0.9345673,0.9445531,0.9472172,0.9545803,0.9787386,1.004136,1.027945,1.067297,1.11541,1.17048,1.232704,1.320964,1.405643,1.478942,1.562566,1.606052,1.689834,1.73997,1.781596,1.833576,1.845376,1.861168,1.912073,1.95982,1.755237,2.908423,3.169931
457.517,-0.008868322,-0.009004191,-0.01284665,5.531107e-4,-0.005506586,-0.005541378,-0.003917963,0.004007479,-0.006014565,-0.00909156,0.004254383,-4.168087e-4,-0.003487308,-0.001233704,8.247073e-4,-0.003713656,-0.002290106,-0.004639723,7.072138e-4,6.201544e-4,2.099816e-5,-0.001328272,-8.462715e-4,-0.001283063,-0.002423319,-9.241347e-4,-5.435956e-4,-2.808361e-4,-0.001240589,-0.001121135,-5.119237e-4,-6.764803e-4,0.002958397,-2.997168e-4,0.001051853,-0.009471099,8.868782e-4,-0.002243293,-0.002857738,7.8888e-4,-0.004374766,-0.002808321,8.755368e-5,-0.005225891,-4.116576e-4,-0.00329207,9.131743e-4,8.695121e-4,-0.00447934,0.001802015,0.002097026,7.791939e-4,-0.004084908,0.001442838,-0.003002723,-0.003077582,-0.004525601,-7.534836e-4,0.001815477,9.00903e-4,-6.806325e-4,-1.062673e-4,-1.30859e-4,-0.00167041,-0.00192538,0.002455825,-0.003712146,-9.311547e-5,-9.122038e-4,-0.002471356,3.674972e-4,-0.001881944,-0.001112534,-0.001292008,-0.00205187,0.001863088,-0.00241814,-0.001542372,-0.003761523,-9.238483e-4,-0.001666665,3.566835e-4,-6.508891e-5,-9.974259e-4,-7.451878e-4,-0.001455405,-0.001852308,3.157088e-4,-0.001476709,-3.92926e-4,-0.002020208,-0.001533546,1.052828e-5,-9.114944e-4,-0.001466136,1.890479e-4,8.731261e-6,6.684604e-6,0.001487886,-8.089966e-4,3.541174e-4,3.766753e-4,0.001317912,0.001718221,0.002437329,0.003120562,0.002458576,0.004476652,0.007816905,0.008789187,0.01056967,0.01820607,0.08758969,0.3518014,0.5791896,0.5002618,0.2248441,0.07329953,0.06175603,0.07530275,0.090691,0.1091473,0.1270935,0.1470879,0.1699546,0.190605,0.2217341,0.2493698,0.276708,0.3103807,0.3473297,0.3784125,0.4173312,0.4528116,0.4887906,0.5179662,0.5540406,0.5931538,0.6334977,0.6658989,0.6966815,0.7286096,0.7578678,0.7869758,0.814502,0.8352553,0.8547586,0.8654147,0.8859891,0.8958068,0.9118653,0.9193415,0.9355702,0.9369225,0.944011,0.9397553,0.9326197,0.9349387,0.9292457,0.9247993,0.9249037,0.9240763,0.9244747,0.9319765,0.9255321,0.9408584,0.9484426,0.9617832,0.9832646,1.000976,1.036477,1.068726,1.111512,1.165057,1.240654,1.321053,1.405468,1.495826,1.563866,1.635559,1.676356,1.72338,1.763238,1.753714,1.825342,1.817474,1.844088,1.946801,1.940721,2.171885,1.442609
459.833,0.01061559,-0.002540432,0.01593516,0.007658287,0.009728552,0.003274066,-0.006290809,-0.003096774,-0.01274759,-0.009353689,9.586491e-4,0.002780538,-0.001395579,0.006847925,-0.006815065,7.700465e-4,0.004133207,-0.001350271,1.95236e-4,0.001542532,0.002968186,-7.490086e-4,4.060432e-4,4.989641e-4,0.002818516,-5.243351e-4,-2.445461e-4,0.001513069,0.003852281,-0.001246249,0.001351622,0.003617318,9.680599e-4,-0.003541254,1.026752e-4,0.001319657,-0.002950245,0.006948238,0.004013504,0.003475525,0.003007942,3.325622e-4,0.00358275,0.008332416,0.002107378,0.001611223,-0.001675182,0.003258984,0.005437103,2.712358e-4,8.054519e-5,0.002806072,0.002395996,0.001482323,0.001917054,0.004772577,0.003367628,-8.620775e-4,-0.001406219,0.002353019,-5.209395e-4,-0.002947054,5.845462e-4,-7.518056e-4,-8.315141e-4,-4.515883e-4,0.002922532,0.002086169,-0.002416523,0.001955877,-0.00104835,2.57117e-4,7.640969e-4,0.002179365,0.001332727,-8.171594e-4,-6.043064e-4,-9.687667e-4,-0.001121282,-5.717549e-4,0.001545595,9.552286e-4,5.917515e-4,2.629343e-4,-2.031714e-4,0.001878736,-3.197954e-5,0.001915324,0.003074492,-1.700146e-4,4.099544e-4,-6.387519e-4,8.572336e-4,-6.114405e-4,-1.865455e-4,-3.394324e-4,0.001846598,3.160915e-4,8.694981e-4,-1.669278e-4,1.101768e-5,0.001189141,0.002732576,0.002725986,0.00172651,0.003671062,0.004575012,0.006030334,0.008730267,0.01139234,0.0151416,0.06257845,0.2442326,0.5030893,0.4934089,0.246015,0.08488825,0.05718409,0.06827619,0.08227705,0.1008612,0.1188942,0.1376046,0.1615703,0.1796524,0.2032584,0.234922,0.2583463,0.2901024,0.3210355,0.3583915,0.396803,0.4274164,0.4616759,0.5008304,0.5358945,0.5679877,0.6004157,0.6439159,0.6734978,0.7022396,0.7332385,0.7711732,0.7931561,0.8165174,0.8377881,0.8517527,0.870296,0.8863048,0.8959009,0.9060999,0.9098867,0.927723,0.9259515,0.931255,0.9320286,0.9271853,0.9248034,0.9219773,0.9232131,0.924673,0.9202822,0.9194159,0.9243084,0.9239711,0.9354644,0.9454884,0.9573791,0.9853942,1.00392,1.034794,1.082626,1.120241,1.179706,1.23731,1.33136,1.415056,1.483127,1.551362,1.629884,1.694938,1.729084,1.781517,1.835184,1.851425,1.931158,2.029844,2.066249,2.122587,2.501874,7.391352
462.15,-0.006218821,5.752469e-4,-0.01030669,0.002401492,-0.007428576,-0.003543635,-0.003923435,0.002558803,-0.005942492,-0.001804498,-0.008184431,-0.00289037,0.00432669,-0.001968795,-0.005023157,-0.002979217,0.001156947,-0.003410365,5.24637e-4,-0.003404504,-0.00116004,-9.841642e-4,-1.76517e-4,8.356165e-4,-0.002032108,-9.139673e-4,3.936282e-4,-0.00281604,-0.002232072,-0.001382508,0.00131154,-0.007269009,-0.001663471,-0.003230819,-0.0065565,9.513978e-4,-0.001609927,-0.001200947,-0.001383338,-1.929459e-4,-0.002817964,-0.002590363,-8.895413e-4,-0.0031073059999999998,-0.001722251,-0.007396112,-1.741302e-4,-0.001041655,-0.001590766,-0.00169748,0.001334132,-0.005181449,-0.003565698,0.003849356,0.001743894,-1.302979e-4,-9.04708e-4,-0.002678181,1.717474e-4,-2.262684e-4,1.480609e-4,-0.002696212,-0.003039682,0.001072305,-0.001530383,-0.002227259,-0.002416645,-0.00319666,-0.002297169,1.806724e-5,-5.320635e-4,-0.002059016,1.18901e-4,-4.755479e-4,1.12143e-4,-7.443905e-4,4.222855e-4,-4.371732e-4,-0.00105839,-0.001883548,-0.001059358,-9.551337e-4,-0.001782318,9.58486e-5,-0.001111611,-0.001451024,-6.87029e-4,-4.603841e-4,-0.001402977,-0.001159792,-0.001378393,-4.112146e-4,-5.053124e-4,7.564353e-5,-5.189397e-4,-0.001614407,3.108834e-4,5.984219e-4,-7.871785e-4,4.584921e-4,2.195362e-4,7.002663e-6,0.001763597,0.004070276,0.002734773,0.003161709,0.004813019,0.007060145,0.01094742,0.01354677,0.04718582,0.186686,0.392535,0.4448027,0.2614394,0.08692528,0.05462244,0.06343163,0.075355,0.09137915,0.1089148,0.1259842,0.1479583,0.1688162,0.1908404,0.2179909,0.244379,0.2714538,0.3003231,0.3343375,0.3676794,0.4039453,0.4416486,0.4780213,0.5123378,0.5415069,0.5799865,0.6119223,0.6443438,0.6782988,0.7051675,0.7346734,0.7644984,0.7947114,0.811164,0.8352013,0.8525189,0.8610717,0.876864,0.8864916,0.8993622,0.9078673,0.9183687,0.9148524,0.9211151,0.9160362,0.9157787,0.9181509,0.9146591,0.9117372,0.9090084,0.9070909,0.911585,0.9096905,0.9199423,0.9300956,0.9366312,0.9571187,0.9820639,1.000279,1.031065,1.080381,1.119813,1.176545,1.251763,1.328863,1.40756,1.489734,1.562126,1.604996,1.659054,1.723884,1.782128,1.821955,1.83393,1.758308,1.831447,1.945142,2.188773,2.126168,1.850678
464.467,-0.01962148,-0.003645366,-0.01360623,-0.01382678,-0.004911775,-0.01311006,-0.007733974,-0.003600569,-0.01142242,-0.00702067,-0.003705254,-0.008468183,-0.007917716,-0.007880329,5.277584e-4,-0.00644118,-0.001875546,-0.006733008,-0.006473925,-1.224068e-4,-0.002460831,-0.001959401,-0.001784144,-0.003894075,-9.963125e-4,-0.003700082,-0.001755159,-0.002032245,-0.002873115,-0.00318553,-0.007621476,-0.002077391,-0.005984638,-0.01223244,-0.009114463,-0.006006663,-0.004555384,-0.003714904,-0.003562682,-0.004735748,-0.001416313,-0.009897183,-0.003883128,-0.007831959,-0.00548141,-0.003874809,-0.0070494,4.0977e-5,-0.005006603,-0.006350852,-7.247935e-4,-0.002287438,-0.004747504,-0.002539059,-0.006786863,-0.001581828,-0.001839279,-0.002079381,-6.851065e-4,-0.003334119,-0.00395929,1.218711e-5,-0.001942843,-0.001154065,-0.001618273,-8.434028e-4,-0.004375172,-3.321225e-4,-0.001702056,-0.006202043,-0.002780292,-0.003000358,-0.004566132,-0.0034773,-0.001329557,-0.00301425,-0.001952202,-4.293298e-4,-8.568799e-4,-0.001101185,-0.002313754,-0.002093317,1.456049e-5,1.716761e-4,-9.500933e-4,1.503011e-5,-6.067898e-4,-0.003355542,-1.258711e-4,-0.002120191,-0.002753718,-4.607204e-4,6.359103e-5,-5.460633e-4,6.724048e-4,3.398441e-4,-9.031324e-4,2.560385e-4,-2.715769e-4,-3.451328e-5,-4.61827e-4,0.001376252,0.003029837,0.003078968,0.003245568,0.003306679,0.005153829,0.007342629,0.01210291,0.03976554,0.1738835,0.3597151,0.3981866,0.2404092,0.1004672,0.05175605,0.05877365,0.06956521,0.08370026,0.1004052,0.115181,0.1367663,0.1558594,0.1826808,0.2028285,0.2285852,0.2539276,0.2814911,0.3106272,0.3416321,0.3793429,0.4147082,0.4452913,0.4789979,0.5123279,0.5469956,0.5812361,0.6150364,0.649661,0.6788154,0.7066639,0.7278107,0.7640318,0.7933614,0.8022394,0.8246945,0.8380422,0.8554265,0.865199,0.8765358,0.881178,0.8949062,0.9044014,0.905242,0.9070609,0.9046342,0.9012448,0.8967145,0.8960362,0.8916271,0.8929522,0.8957798,0.8980064,0.9006311,0.906841,0.9191705,0.9283684,0.9495372,0.9693984,1.006494,1.026601,1.076229,1.121414,1.174769,1.238559,1.322198,1.410511,1.482212,1.54735,1.610308,1.663792,1.698166,1.752094,1.773626,1.754799,1.807788,1.815551,1.863222,1.58067,2.053879,3.248025
466.786,-0.002022631,-0.003622625,-4.730745e-4,0.004189914,-0.004399503,-0.007425756,-0.002372591,-0.002717292,-0.008387748,4.744866e-4,-0.003169228,-0.005121638,0.001226825,-0.004640232,0.001014305,-0.002240607,-0.001839485,-0.001794875,0.001189748,4.474316e-4,-2.379423e-4,9.773816e-4,6.687911e-4,-0.001434135,3.720786e-4,-0.002923321,-9.414779e-5,-0.002206778,-8.67825e-4,-9.630389e-4,-0.001052494,-0.002082479,-0.003947972,-0.003828772,0.003928529,-0.003269845,-0.006154485,-0.00297798,-9.230839e-4,0.002880857,7.690373e-4,-0.006266498,-4.209155e-4,0.002719185,-0.001285882,0.001315794,-0.005703604,-0.003536327,0.007294627,-9.602163e-4,0.003128494,-0.004073936,-0.00439735,-0.002886867,-8.140658e-4,3.192246e-4,-0.003344789,-0.001016499,-0.002714481,0.001267847,0.003142677,5.366196e-4,0.001598258,0.00118235,-0.003414486,-6.283105e-4,3.917484e-4,-1.125476e-4,-0.00225642,-5.388457e-4,-0.00286358,0.002090093,3.065038e-4,-0.001268837,-9.193273e-5,8.511042e-4,-0.001349647,9.051964e-4,-0.001914234,3.483977e-4,-0.002308625,4.968829e-4,-0.002099629,-2.922308e-4,2.320956e-4,3.656031e-4,0.001339266,-7.509351e-4,-0.001245852,-3.162355e-4,-0.001551762,-0.001355971,3.00898e-4,-1.030418e-4,-1.563373e-4,6.422762e-4,6.549693e-4,4.850785e-4,-0.001008518,4.536484e-4,0.00149739,0.0033071900000000002,0.002715118,0.003376274,0.004184401,0.006036636,0.006693849,0.0112778,0.02985369,0.1585098,0.3697516,0.4127088,0.2531312,0.09398153,0.05167858,0.05535416,0.06398105,0.07670812,0.0908338,0.1070804,0.1241808,0.1461012,0.1678665,0.1875314,0.2141345,0.2316994,0.263259,0.2940294,0.3201025,0.3512572,0.3881849,0.4198506,0.4577185,0.4877758,0.5200263,0.5536571,0.5860247,0.6165515,0.6537193,0.677231,0.7089948,0.7352735,0.7586161,0.7867227,0.8024128,0.8203299,0.8286585,0.8442553,0.8575162,0.8646996,0.8745494,0.8769519,0.8915268,0.8897591,0.8896053,0.8905951,0.8906993,0.8852463,0.8820018,0.8759612,0.8756992,0.8846044,0.8922399,0.8949701,0.9003387,0.9116125,0.9188076,0.9402051,0.9700646,0.9995491,1.025654,1.066879,1.110081,1.160453,1.243162,1.30709,1.39992,1.475643,1.547378,1.593818,1.665546,1.715717,1.722213,1.751674,1.808316,1.817343,1.847025,1.827025,1.94226,1.914814,2.842563
469.104,0.01590079,-0.005128337,0.01741778,1.681275e-5,0.0113594,-9.34821e-4,0.007811618,0.009747712,0.005938876,0.003769034,0.004912544,0.003690265,0.001653514,0.001490594,7.678449e-4,0.001398669,0.006470743,1.255496e-5,0.005064806,0.003088532,0.003760008,0.001309948,6.537554e-4,0.003777671,3.757419e-4,0.001295175,-6.267348e-4,0.003380315,0.001661423,7.026741e-4,0.001990512,0.002576844,-0.002805214,0.003846952,0.003902487,-0.001485481,0.006179824,0.003500855,0.006245362,0.005714618,0.001939101,2.731219e-4,0.008699874,0.001333644,0.004378477,0.00345746,0.001920479,0.003548082,0.0010178,0.001539432,0.004739963,0.006599607,5.444414e-4,-4.735941e-4,1.74703e-5,0.005102798,0.002916006,0.001784164,0.002455046,0.003087667,0.002188566,0.002545769,9.135796e-4,5.258054e-4,0.002805225,-4.640137e-4,0.003161696,3.848222e-4,0.002515927,0.001982328,7.520844e-4,0.001783239,0.00233718,-5.894623e-5,7.049775e-4,0.003197691,8.209083e-5,0.001713362,9.929009e-5,0.002646178,0.002061668,3.367737e-4,0.001494711,1.691952e-5,9.625896e-4,0.001160115,3.577233e-4,0.001643608,8.631517e-4,0.001155578,0.00186924,8.329537e-4,-3.946128e-4,3.392085e-4,5.668584e-4,-1.850236e-4,0.001300069,6.762672e-4,0.001949706,0.001511134,0.003312851,0.004044583,0.004327509,0.005042371,0.005311096,0.007892538,0.009270705,0.01766291,0.1333837,0.3752024,0.4459774,0.2852994,0.1144989,0.05010058,0.05161112,0.06184705,0.07172136,0.08407383,0.09883209,0.115799,0.1391149,0.1573752,0.1792052,0.2007679,0.2241214,0.2473606,0.2740354,0.3002739,0.3286438,0.3627912,0.3969695,0.43038,0.4645868,0.4935321,0.5237051,0.5602664,0.5904046,0.6211924,0.6578425,0.6798664,0.6989471,0.7277217,0.7568254,0.7817591,0.8022603,0.8172211,0.8257465,0.835795,0.8491712,0.8567319,0.8618142,0.8743365,0.8772804,0.8844888,0.8783046,0.8714814,0.8769473,0.8754722,0.8763676,0.8719528,0.8728914,0.8691995,0.8760126,0.8833243,0.8955544,0.8967907,0.9229765,0.9329363,0.9606414,0.9941888,1.01739,1.063497,1.109987,1.162066,1.236931,1.315065,1.39866,1.473973,1.532501,1.60616,1.627594,1.692467,1.727439,1.758607,1.818293,1.840224,1.832345,1.899611,1.956216,2.680876,4.071573
471.424,0.01677114,0.02010067,0.02160401,0.006411574,0.01375981,0.01398517,-0.002399443,0.007383771,-0.002902221,0.004061777,0.005439971,0.003263069,0.002209121,0.004847344,0.005442767,0.003419186,-2.106314e-4,0.001679668,0.001172761,0.004085156,5.256867e-4,7.612451e-4,0.00186426,0.002497993,0.00216862,-5.34842e-4,0.002097193,0.002584711,0.001543046,0.001494495,3.697632e-4,0.00255187,0.005366599,0.003183044,0.007742856,0.007722325,0.002684435,0.004719115,0.004718998,0.00963386,0.002150839,0.01068457,0.001602744,0.001126872,6.529904e-4,0.007691483,0.001067565,0.005578,0.003187828,0.005141556,2.138753e-4,6.863054e-4,-0.00102951,0.003046629,0.004604178,0.001738041,0.001080267,0.001337314,0.001304979,0.005114863,0.004448476,0.002255768,0.001173556,0.001689393,-1.175059e-4,-0.001700401,0.002408156,0.002227259,0.001689301,0.00294685,-6.289134e-4,0.002575017,0.003511368,0.001576794,-4.647237e-4,9.404839e-4,0.002840619,0.002052176,9.534516e-4,3.451419e-4,8.676006e-5,2.495522e-4,0.001463549,0.001425984,-4.339901e-4,-3.561707e-4,0.00160582,0.002708704,7.937777e-4,0.001274661,0.001739431,0.001378796,4.686102e-4,0.00061873919999999995,4.998656e-4,0.001340758,0.001633645,0.001054529,0.001885134,0.002860325,0.00144183,0.003549365,0.00390594,0.004871986,0.006102411,0.009144286,0.01167292,0.07125761,0.3409876,0.5207314,0.3297393,0.1208719,0.05220122,0.04932199,0.0570818,0.06807014,0.07810602,0.09227908,0.1075167,0.1247861,0.1428216,0.1658687,0.1852603,0.2077262,0.229924,0.2535293,0.282191,0.3087281,0.3384357,0.3707292,0.4030969,0.4368545,0.4682228,0.4972473,0.526243,0.5574826,0.5904102,0.6204548,0.6512938,0.6781303,0.7032371,0.72925739999999994,0.756348,0.7747775,0.7897072,0.8041653,0.8177397,0.825961,0.830014,0.8387806,0.8559531,0.8606931,0.8614612,0.8647597,0.8706172,0.8722322,0.8614446,0.8556702,0.8657994,0.8491903,0.8511243,0.8603363,0.871219,0.8699404,0.8855998,0.8941106,0.9063459,0.9304649,0.9513292,0.9792883,1.009155,1.054056,1.094151,1.162986,1.236156,1.307516,1.379978,1.45074,1.525569,1.580334,1.646731,1.667582,1.682929,1.739995,1.770367,1.784754,1.827781,1.884247,1.849851,2.629094,7.033463
473.744,-0.009600902,0.001008503,-0.007156694,-0.005007917,-0.008776207,-0.01091922,4.738331e-4,-0.002687127,0.00333379,-3.67853e-4,0.001142891,-0.001606273,-3.980504e-4,7.333199e-4,-7.415322e-4,0.002506531,6.423783e-4,0.001929595,-0.001501801,-0.003619241,6.526758e-4,-0.002039112,0.001383322,4.560091e-4,-8.023434e-4,-2.715608e-4,0.00135534,-0.001618981,8.799453e-4,-0.002310477,0.001597312,-0.005277304,-1.50417e-5,-0.006304943,0.004176566,0.004138579,-0.009536336,0.003459396,-0.003539957,-0.001376346,0.002836485,-0.001131232,-0.002480494,-0.001747867,-0.001717996,8.487438e-4,-0.002097158,-0.002039676,0.001605589,-0.004923225,-0.001974493,3.7087e-4,-0.001210448,8.555759e-4,-0.003085122,0.00157672,0.00121707,-0.002338316,0.002004004,-0.003427859,2.814702e-4,1.352245e-4,-2.513193e-4,1.422472e-4,5.145389e-4,-4.849131e-4,-9.613342e-4,7.006792e-4,0.002225462,-0.001617153,-0.001461585,-0.001210181,-0.00349424,-0.002047033,-0.001431224,3.823219e-4,-6.144121e-4,-0.002212407,-3.444436e-4,0.001677048,-0.001207938,9.381115e-4,-0.001611914,-7.42788e-4,3.664872e-4,7.784888e-4,7.703908e-4,-7.365222e-4,0.001114053,3.190921e-4,-2.414194e-4,0.001785906,-0.001028422,-3.320799e-4,4.941442e-4,-0.0013187609999999999,3.307747e-6,0.001143796,0.002472989,7.546706e-4,0.002277782,0.002676816,0.00468384,0.006628343,0.006662635,0.01029875,0.03388441,0.1985193,0.4838933,0.435306,0.1584243,0.05291004,0.04529768,0.05364663,0.06286265,0.07257305,0.08378584,0.09687896,0.1145967,0.1341159,0.1508506,0.1727175,0.1926567,0.2171217,0.2383603,0.260159,0.290968,0.3172323,0.3419318,0.3732539,0.4118256,0.4369983,0.4748255,0.5096663,0.5337377,0.5623837,0.5922104,0.6243603,0.6496837,0.6762619,0.701678,0.7280693,0.7478307,0.7647723,0.7824851,0.8004403,0.8108774,0.8123653,0.8275831,0.8254148,0.842854,0.8410353,0.8500284,0.8558354,0.8530846,0.8510831,0.8424519,0.8436992,0.8412087,0.8430233,0.8488256,0.8532512,0.8538274,0.8625351,0.8719918,0.880875,0.9021105,0.915957,0.9484246,0.9731967,1.008032,1.048867,1.088426,1.156505,1.215845,1.300445,1.376805,1.454669,1.509845,1.577671,1.596802,1.654588,1.694922,1.72646,1.740321,1.716909,1.72878,1.742138,1.841291,2.389006,2.647068
476.065,0.003596955,5.545477e-4,0.001929409,0.00186202,0.001973568,-0.001900972,0.001981341,0.005068146,0.01205412,0.005882578,-0.002266457,0.003643025,-0.001368904,0.003391392,7.383981e-4,-0.003116389,8.736179e-4,-2.135384e-4,0.003165937,-9.910932e-4,2.67285e-4,0.003325279,-3.638849e-4,-0.00122451,8.047027e-4,7.31044e-4,4.623104e-4,0.003423529,0.001962747,0.00555986,0.001958267,0.002997961,0.008438322,0.006296855,0.003867283,0.00679563,0.007669215,0.001233688,-0.003721236,0.004475157,0.006380185,0.003497026,2.461658e-4,-0.00305582,8.993766e-6,0.007666672,-0.002271397,0.01042732,0.00398588,0.003982427,0.002704368,0.003007303,1.993764e-4,0.003554037,0.00100623,0.002832389,0.002278455,0.003816283,-0.004485118,9.742474e-4,0.002145079,0.001076733,0.0011905,0.005106868,0.00329633,0.002229291,0.001214404,0.001404938,0.001579704,-5.269608e-4,0.001584824,0.001234603,9.096619e-4,0.002073671,0.001071972,0.001394523,0.001196635,5.420909e-4,0.003964251,0.001439003,-4.689557e-4,0.004755733,0.002611518,5.372908e-4,0.002049457,0.001065954,0.001190435,5.552855e-4,0.00177038,-3.633008e-4,0.001415695,0.001786355,0.001830376,0.0012798,7.433966e-4,0.001858686,8.891758e-4,0.001523922,7.040316e-4,0.001972446,0.004063712,0.004811766,0.006033689,0.008577225,0.01062208,0.0237706,0.118924,0.3462718,0.4193739,0.2090453,0.06433505,0.04506892,0.05230145,0.05988872,0.0688995,0.079118,0.09133708,0.1048278,0.1217823,0.140795,0.1610976,0.1823291,0.2036971,0.2269673,0.2471971,0.2692494,0.2973521,0.3231497,0.3504834,0.3831692,0.4143961,0.4468658,0.4809221,0.509505,0.5370681,0.560415,0.5985847,0.6215678,0.6466503,0.6737802,0.6974694,0.7216615,0.7409678,0.7631193,0.7743384,0.7906725,0.7951685,0.8039755,0.8169424,0.8173811,0.8284819,0.8324204,0.8401574,0.8415009,0.841608,0.8366629,0.8336124,0.8259046,0.828368,0.8326376,0.8350194,0.8402822,0.8408843,0.8534662,0.8595159,0.8777179,0.8922822,0.9158998,0.9473185,0.9758811,1.000365,1.043425,1.095168,1.160088,1.221902,1.287547,1.370951,1.438904,1.504283,1.563854,1.598617,1.630654,1.665467,1.717021,1.77754,1.742397,1.74993,1.84178,1.95185,3.516662,5.011343
478.387,-0.005493595,-5.015724e-4,-0.004716131,-0.00401466,0.0072962,-0.01028436,-0.001882874,7.166603e-5,0.006627738,0.001461301,0.002254431,-0.001002984,-7.788016e-4,-2.468778e-4,1.762235e-5,-0.003339367,0.002269052,-2.255709e-4,-0.003304167,-0.002573277,-0.003400356,8.445989e-4,0.002020588,-9.554898e-4,-0.001954571,-8.93613e-4,-0.002328937,0.001327352,-0.0014986,-6.6196e-4,-0.003326413,-0.002917601,-0.00970874,0.00689145,-0.003799241,-0.003792138,5.367807e-4,-0.001679609,0.003949066,-0.00461395,0.003528284,0.004404779,8.921506e-4,-0.001716819,0.001290075,0.003593963,-0.006218108,-3.953768e-4,-0.0019538480000000002,7.679705e-4,-0.004439792,0.002447021,-0.004281868,-0.002178165,-0.005466039,7.750788e-4,-0.004179892,-0.001302145,4.384788e-4,-0.001759421,-0.003315396,-0.002860167,-0.003856229,-0.00226216,3.771068e-4,0.001481628,2.619306e-4,8.147611e-4,-3.204408e-4,-0.001711312,-0.001356558,-0.001921454,2.082626e-4,7.850073e-4,5.803447e-4,2.822459e-4,-0.002475905,-6.039626e-4,-0.00127818,3.343569e-4,-0.001206414,4.13473e-4,-0.002134706,-5.088536e-4,0.001085611,-6.740778e-5,-3.32608e-4,-5.531927e-5,1.170176e-5,1.869055e-4,-9.592829e-4,0.00117688,6.303341e-4,6.6446e-4,-4.623337e-4,3.370232e-4,2.018249e-4,0.001417766,0.001556623,0.00244194,0.003916904,0.005837434,0.007737007,0.01087343,0.01812686,0.09184509,0.2626935,0.3745206,0.2367022,0.07629292,0.0439147,0.04987335,0.05725508,0.06524331,0.07533571,0.08578174,0.09930499,0.1109242,0.1269132,0.1484352,0.1682823,0.1862299,0.2063217,0.2314608,0.2506826,0.2730625,0.3004024,0.3294397,0.353475,0.3868661,0.4176772,0.4519685,0.4794434,0.5076697,0.5361533,0.5576655,0.5914436,0.6228999,0.6429617,0.6694553,0.6855431,0.7094575,0.7288882,0.7462779,0.7642884,0.7755783,0.7879769,0.7931234,0.7977478,0.800992,0.8102618,0.8181199,0.8219141,0.8213798,0.8224553,0.8209494,0.81694,0.8113716,0.8163692,0.8163451,0.8214806,0.8216514,0.8286333,0.8349292,0.8490672,0.864108,0.8818925,0.9014437,0.9258212,0.9572364,0.9987934,1.036538,1.075252,1.135021,1.21685,1.284622,1.350198,1.420218,1.482159,1.535157,1.582567,1.607876,1.643335,1.700403,1.704787,1.700073,1.72951,1.671958,1.904069,1.809617,3.173783
480.709,-0.01253532,3.027846e-5,0.001442441,0.01749544,-0.01058587,-0.001465726,-0.007601518,-0.004067355,-0.008182908,0.001838093,-0.001710285,-0.004001745,0.001378888,-0.001673619,-0.002425411,-0.002691409,-0.003855532,-7.675821e-4,0.001488258,7.126383e-4,-0.002394294,-8.496175e-4,-6.415276e-4,-7.893075e-4,-6.186053e-4,-4.510989e-4,-5.347543e-4,-0.001230747,-0.002693621,4.003606e-4,-0.001926025,-0.006793721,-0.003311056,-0.006565987,-0.004123462,-0.004069816,-0.008120579,-1.76107e-6,9.206007e-4,-0.004626296,-0.006537583,-0.001385673,-0.006438645,-0.001972517,-2.142611e-4,-0.00169231,6.195622e-4,-3.979719e-4,0.001173322,7.701362e-4,-0.003023098,-0.003807764,-0.002219901,-0.003663641,-0.003897311,-0.002944599,-0.003425946,-0.003484588,-0.002112497,-0.002694248,-0.001203815,-0.002209885,2.613102e-4,-0.002903048,-0.002963931,-0.002777002,-4.684637e-4,-0.001503954,-0.002543638,0.001618044,0.001146798,-1.870867e-4,9.974184e-4,-5.774298e-4,-9.367096e-4,3.5909e-4,-0.002429964,-0.001920077,-0.001786895,5.028183e-4,-8.033602e-4,-9.428487e-4,-1.450578e-4,-0.002433576,1.469358e-4,-0.001954943,-0.001492158,-0.001327539,-0.001615094,-1.859106e-4,-2.43534e-4,-0.001937403,-7.881859e-4,-0.001479575,6.750818e-6,2.090366e-4,1.989194e-4,0.001329047,0.002132465,0.002951504,0.003499097,0.005902873,0.009849757,0.01564177,0.0658497,0.2351237,0.3492581,0.2624876,0.09568893,0.04545876,0.04891014,0.05507582,0.06259359,0.07165148,0.08208852,0.09243984,0.1048493,0.1171458,0.1357669,0.1578793,0.1749937,0.1950077,0.2147152,0.2364607,0.2607446,0.279915,0.3081064,0.3343771,0.3601852,0.3896261,0.4187873,0.4478819,0.4806404,0.5123395,0.5355603,0.5596253,0.5923734,0.6170493,0.6398364,0.6636166,0.6880084,0.707983,0.7228934,0.7428068,0.7547989,0.7687362,0.7784038,0.7848395,0.7858199,0.7943691,0.7950435,0.8052049,0.8040954,0.8056046,0.8048519,0.8044152,0.797256,0.8003305,0.8019908,0.8042349,0.8128584,0.8087528,0.8175486,0.8286144,0.8400159,0.8613325,0.8746963,0.8961358,0.9291834,0.9473529,0.9889856,1.032765,1.073014,1.133344,1.20348,1.265507,1.327425,1.412843,1.470131,1.525148,1.545598,1.609241,1.615198,1.646673,1.673783,1.707734,1.829349,1.8112,1.967341,1.990973,0.7736671
483.032,0.007043303,0.003559211,0.01041101,-0.0107743,0.00290513,0.01041555,-0.006133869,-0.002604402,0.0028663,0.005092392,-0.005637969,0.002617827,0.003950308,-0.003577633,0.003155999,-0.001122501,-0.001186286,0.003497343,4.990713e-4,0.003729422,-0.001508371,0.001599775,0.001102283,0.001852593,-8.887552e-4,0.0022516,2.728782e-4,5.739335e-4,-3.144191e-4,0.001477058,-0.003341406,-8.912225e-4,8.51742e-4,-9.157101e-4,-0.007291953,0.001473194,0.002105441,0.002458971,0.006785726,-2.253077e-4,-0.001892378,0.005726492,-0.001106405,9.086983e-4,-4.288308e-4,8.535147e-4,8.453211e-4,0.003057012,-0.002163224,-9.135955e-4,0.001776703,0.001407039,0.003089847,0.002848181,0.005496741,-1.496617e-4,0.003021288,5.932503e-4,-0.001246669,-5.16207e-4,4.062764e-4,-0.002868236,-0.002042005,-1.205091e-4,-2.26303e-4,-0.001930024,1.315548e-4,-0.001005177,0.001662712,2.728921e-6,9.426167e-4,0.001935006,-0.002477038,-0.002324379,0.001806329,-0.001641926,-0.001155153,0.001313122,2.558205e-4,-1.600021e-4,0.003078478,-7.57534e-5,-3.682714e-4,-0.001256761,-0.001951752,7.787152e-4,5.549924e-4,0.001142138,5.915641e-4,0.001005841,7.356951e-4,0.001127529,-1.008344e-4,0.001042946,0.001011236,0.002303572,0.00152038,0.0023607,0.002689164,0.004819323,0.005076963,0.009975777,0.01355615,0.04908024,0.1923396,0.3606477,0.2797544,0.1198352,0.04824319,0.04713651,0.05414326,0.06080042,0.06941366,0.07881,0.08801085,0.09887371,0.1110178,0.1267238,0.1433627,0.1632322,0.1820325,0.2030804,0.2206412,0.241313,0.2646709,0.2868785,0.3168767,0.3407315,0.3655109,0.3904273,0.424439,0.4530976,0.4853318,0.5119976,0.5393746,0.5623754,0.5890619,0.6146862,0.6370598,0.6616817,0.6819369,0.6968549,0.7207908,0.7292318,0.745025,0.75951,0.7641892,0.7732607,0.7726165,0.7791424,0.7809296,0.7930515,0.7967685,0.79614,0.7969916,0.791667,0.7876769,0.785105,0.7913643,0.7965459,0.797668,0.8017092,0.8044299,0.8199572,0.8286997,0.8502643,0.8584558,0.8843376,0.9092975,0.9491884,0.9769051,1.0313,1.075395,1.124625,1.185159,1.259679,1.341933,1.401333,1.459635,1.495061,1.540534,1.588715,1.595159,1.632075,1.638958,1.708378,1.753179,1.704218,1.880398,1.96384,4.238565
485.356,0.01459354,0.01019184,0.002857299,-0.005810666,0.005852293,0.01333395,-0.004731257,0.009134281,0.008286911,0.01236125,0.003443775,0.002428815,0.007312463,0.007197616,0.004407294,0.001372397,0.009199738,0.005252028,-0.002977708,0.002014522,-3.718774e-4,-2.039581e-4,0.00275047,-1.625154e-4,-1.737504e-4,0.002345088,5.554971e-4,5.712549e-4,0.00162858,8.148845e-4,0.008314623,0.005719054,0.008919541,0.01130821,0.003542376,0.005592082,0.001859011,9.957084e-4,0.002354564,0.007456617,0.009372548,0.005325107,0.002466523,0.002865813,8.623608e-4,0.004256179,-5.96359e-4,0.002246148,0.004729904,7.65356e-4,0.004480032,7.099461e-4,0.005683279,0.004372537,3.703711e-4,0.00203319,0.004816937,0.001622145,9.670125e-6,0.006307384,4.105301e-4,3.98555e-4,4.003653e-4,0.003938244,0.002903682,0.004012141,-4.598702e-4,0.002214069,0.002690525,7.632189e-4,0.001998457,0.00122547,-2.808738e-4,0.001372726,1.220053e-4,0.001479903,-8.692473e-4,8.90832e-5,9.502926e-4,0.001005674,0.003078955,-6.250389e-4,0.001079695,0.001132193,0.001528174,0.001835843,0.002618884,0.001540962,0.001181389,7.054564e-4,-7.822648e-4,0.001888901,1.831648e-4,0.001332081,0.002648034,0.001091936,0.001374615,0.003028399,0.003785588,0.005612235,0.008705549,0.01178831,0.03543056,0.171524,0.3441285,0.3331957,0.1398102,0.05294478,0.04628871,0.05318366,0.05956375,0.06626918,0.0748278,0.08484211,0.09434825,0.1061269,0.1181256,0.1332018,0.1513001,0.1698091,0.1880703,0.209808,0.2302863,0.2497514,0.2710815,0.291815,0.3184306,0.344628,0.3696621,0.4013671,0.4308921,0.4590331,0.4838361,0.5144299,0.5389034,0.5648477,0.5879836,0.6151089,0.6335579,0.6584251,0.6768967,0.6974458,0.7150306,0.724849,0.7388773,0.7462277,0.7520435,0.7633061,0.7648226,0.7641877,0.7755387,0.7779307,0.7845981,0.7875741,0.7888759,0.7833765,0.7766967,0.7810166,0.7833357,0.7806058,0.7930652,0.7931841,0.8032817,0.8073292,0.8320215,0.8421019,0.8606904,0.8812899,0.9181067,0.9375971,0.9745518,1.017993,1.057973,1.125075,1.191766,1.264333,1.336806,1.399198,1.454445,1.493077,1.525881,1.546842,1.602016,1.617142,1.663543,1.72922,1.73517,1.841936,1.984735,2.668751,4.836399
487.68,-0.0155816,-0.01929674,-0.01895336,-0.01981668,-0.01545546,-0.01377146,-0.01713416,-0.004095662,-0.00245176,-0.005819266,-0.003387384,-0.002203729,-0.003753697,-0.006487919,-0.002173059,-0.003561135,-0.005721659,-0.001126263,-0.001654356,-0.005305939,-0.002023885,-0.004154572,-0.002199412,-0.001402852,-0.002317264,-0.001437274,-0.002695476,-0.003027025,0.001838006,-2.57103e-4,-0.002463118,-0.002275817,-0.003353581,-0.004668628,-3.492004e-4,0.002627253,-0.006822722,-0.004376989,-9.404517e-4,-0.008581393,-0.003501311,-0.006202439,-0.005569886,-0.002627649,-0.001506856,8.460376e-4,-0.002900796,-0.003057191,-0.003348533,-0.001864086,-3.540107e-4,-0.004692227,-0.002913892,-0.001851019,-0.001280575,-0.002643332,-0.006291436,-0.001739163,-0.004068936,-0.001496356,-0.001591537,-0.001185047,-7.679998e-4,1.343128e-4,-0.00200778,-0.001556673,-8.309091e-4,-0.0018487,-0.002228217,-0.003201941,1.018255e-4,-4.052606e-4,-0.004845049,-0.00144923,-6.555568e-4,-9.149428e-4,-0.001870811,-6.206311e-4,-0.001029096,-0.001256639,-0.001365134,-0.001493719,-9.766819e-4,-1.42388e-4,-9.364195e-4,-0.002038441,-9.558358e-4,-0.002933901,-0.001235242,-5.033487e-4,-5.001685e-5,-0.001104883,-1.641937e-4,1.156892e-4,-2.496565e-4,0.001069224,0.001718834,0.0035505,0.003559867,0.004793694,0.008254086,0.02634432,0.1462073,0.3798711,0.3717148,0.192468,0.05842907,0.04261567,0.04979425,0.05672584,0.06419577,0.0717513,0.07972317,0.09048733,0.0989663,0.1104621,0.1273495,0.1383501,0.1582014,0.1759941,0.1953775,0.2155421,0.2336601,0.2550295,0.2773614,0.2969675,0.322863,0.3455711,0.3737563,0.3972015,0.4311477,0.4589338,0.4816983,0.5082033,0.5354238,0.5618677,0.5799655,0.6098074,0.6272011,0.6506974,0.6655603,0.6828938,0.7032013,0.713722,0.7268199,0.7334278,0.7451484,0.7422323,0.7492884,0.7559033,0.7597572,0.7618985,0.7662563,0.7686286,0.7739491,0.7711756,0.764033,0.7571597,0.7656833,0.7684434,0.7766689,0.7819109,0.7876928,0.7951315,0.8045329,0.8258024,0.8510718,0.872771,0.9039588,0.9336354,0.9702368,1.016131,1.0641370000000001,1.112518,1.170169,1.240578,1.317621,1.375026,1.421181,1.460706,1.508402,1.538652,1.571157,1.599956,1.608273,1.604731,1.674539,1.570906,1.59651,2.163318,1.698518
490.005,0.001029063,-0.006565892,0.01945286,9.097699e-4,0.008741641,0.004383549,-0.009512004,0.003591264,-0.001620134,0.00403222,5.839949e-6,0.002011018,-0.005314597,-0.003343418,9.901453e-4,0.001574579,0.002251054,-9.934095e-4,0.001159416,0.001718229,-1.182347e-4,0.001383797,0.001927866,-0.001582985,-3.520767e-4,-0.001890264,-0.001075949,0.001419639,-0.001186078,0.001352972,1.855046e-4,0.004783096,-0.004695536,-0.006548473,-0.001268415,-5.818307e-4,0.004209258,0.005588061,0.005150507,-0.003458054,-6.8799e-4,-0.001353412,0.002683271,0.002618759,-0.001508388,0.002113822,-0.002495817,0.001035536,0.003944086,1.929193e-6,0.002480289,0.002964483,0.005165516,3.466262e-4,-7.996833e-4,9.385771e-4,0.001199252,0.001463405,-0.00126081,-4.025431e-4,0.002270586,1.41541e-4,-3.727722e-4,0.0016697,0.001742926,-9.766875e-4,4.810618e-4,3.507044e-4,0.00458171,-0.002155614,-0.001139327,0.002637761,0.003175763,-0.002022674,0.003129161,0.00120355,4.63918e-4,5.210732e-4,0.002138731,0.00233812,-8.773908e-4,-7.774438e-4,5.609906e-5,-0.00133251,1.534473e-4,-9.046289e-4,8.91303e-4,7.417658e-4,0.001493272,-4.353422e-4,-0.001526644,1.794512e-4,5.720896e-4,1.463381e-5,0.001760934,7.141213e-4,0.001329749,0.004776974,0.004607274,0.00835504,0.01645978,0.1121541,0.4087189,0.5215679,0.2621088,0.08195184,0.03976534,0.0471167,0.05471404,0.06282428,0.07048036,0.07707898,0.08542636,0.09565355,0.1043784,0.1160356,0.1327563,0.1474156,0.1631871,0.1806584,0.2036772,0.2204352,0.2409437,0.2599969,0.2826632,0.3001282,0.3265926,0.3505262,0.3770255,0.4012262,0.4311441,0.4591097,0.4864827,0.5120184,0.5358978,0.5589823,0.5823244,0.600981,0.622997,0.6453326,0.6621635,0.673322,0.6904185,0.708756,0.7194345,0.7260488,0.7279143,0.7343407,0.7425459,0.7389463,0.7446064,0.7522505,0.75836460000000006,0.7550794,0.7540147,0.7475787,0.7518276,0.754572,0.7524847,0.7561053,0.7643502,0.7705082,0.7775826,0.7877556,0.8097736,0.820299,0.8493786,0.8605644,0.8927417,0.9245548,0.9680704,0.997453,1.044065,1.10206,1.165303,1.242106,1.303217,1.363448,1.408248,1.466001,1.487497,1.525224,1.554822,1.57834,1.645466,1.662949,1.692748,1.767182,1.87089,2.215619,3.101875
492.331,-0.009538329,0.007119775,0.001927296,0.007689917,-0.004799121,0.00452089,0.002919873,-0.003086565,-0.008224972,0.01378997,2.297488e-5,-0.001189328,0.006723789,-0.002624334,0.007350905,0.005887946,0.002687255,0.002602876,0.00529842,0.001294237,0.004568739,0.00287671,0.001928888,0.001862623,0.001883393,-0.002781971,0.00134925,0.002364338,-6.409558e-4,0.001218378,0.006007421,0.001609829,0.003073127,0.004083199,0.004155528,0.003238225,0.001586113,0.001972421,3.657292e-5,0.002573883,0.00940097,-1.932295e-4,0.005397762,-0.002133413,0.001940018,6.533305e-4,8.362777e-4,-0.002812233,6.039936e-4,-0.002187389,0.003751862,0.001929466,-0.002585792,0.003878669,0.002435935,-0.003578627,1.726338e-4,0.002187379,6.999057e-4,4.362399e-4,0.002267794,2.780984e-4,-0.0026778,1.386983e-4,-0.004581981,-0.00225051,0.001920684,0.001049105,-0.002557317,0.002275192,2.269256e-4,-0.003817404,2.113194e-4,7.063072e-4,7.60712e-4,0.001390183,-3.360583e-4,-6.745301e-5,0.001127006,0.001001726,5.679477e-4,-7.012156e-4,-1.416007e-4,-8.032742e-4,0.001592571,4.258704e-4,1.537883e-4,0.001087318,1.052595e-5,1.36804e-5,1.968092e-4,7.953878e-4,0.001992124,0.002270556,0.002258452,0.003456495,0.004995173,0.005865246,0.006288931,0.01121853,0.06229122,0.3138339,0.6633838,0.4361051,0.1243523,0.04434698,0.04469677,0.05117997,0.05879765,0.06785109,0.07419814,0.08255405,0.09062348,0.1020207,0.1119983,0.1234009,0.1394072,0.1497369,0.169018,0.1872703,0.2054907,0.2281984,0.2459657,0.2649079,0.2816559,0.303173,0.3268741,0.3563303,0.3777163,0.4039391,0.4323367,0.4588005,0.4801144,0.5079268,0.5290794,0.5528246,0.5709927,0.5927652,0.6210118,0.6343122,0.6565466,0.6696415,0.677437,0.6968143,0.7076309,0.7061786,0.7162229,0.7181674,0.724541,0.7278075,0.7329023,0.7389077,0.7360286,0.7378376,0.7396225,0.7427664,0.7364907,0.7391706,0.7380959,0.7405502,0.7524185,0.7618207,0.7677075,0.7818718,0.7916905,0.8112987,0.8270226,0.8553354,0.8833429,0.9117827,0.9492329,0.9919228,1.034319,1.08939,1.158492,1.210176,1.286092,1.338989,1.397077,1.429008,1.49413,1.508666,1.545548,1.549762,1.620056,1.648653,1.651217,1.661719,2.100865,1.665388,4.687507
494.657,-0.005513159,0.002043403,0.002828317,-0.006707983,0.002911733,-0.004425947,-0.005697973,0.002386585,-0.009047248,0,-0.006776583,6.066621e-4,-0.003933141,-0.001173947,-0.005359011,-0.00469331,-0.0036606159999999998,0.002251326,-8.256512e-4,-0.001139016,-0.001892526,-5.278654e-4,-0.002101262,-0.001839655,-0.001330134,0.001433884,-0.002599238,-0.00225519,-5.403421e-4,-0.0010708,-0.002275196,0.004991723,-0.00361912,-0.003729224,-0.006643568,8.799057e-4,0.001045502,0.001952526,-0.0027867120000000002,-0.003236049,-0.003271245,0.002291768,-0.005561021,-0.003449195,2.142578e-4,-0.002315184,-0.005592796,-0.002639736,-0.004317584,1.85736e-6,0,0.00139526,-0.001199319,-0.001507831,-0.001629084,-7.697496e-4,-0.001200062,0.002474526,4.175171e-4,-0.002570809,-0.001721999,-5.106877e-4,-8.96249e-4,0.001269499,2.543999e-4,-0.001324941,-0.001173423,-0.003897855,-9.981116e-4,0.002153255,-4.209992e-4,-2.093785e-4,-9.990865e-5,-0.001937183,-4.66696e-4,-3.631313e-4,-8.162527e-4,-4.403044e-4,-0.001459722,-4.831335e-4,-0.001291497,-0.001883291,-0.001806101,-2.838265e-4,-0.002081568,4.981419e-4,-0.001088753,-3.901954e-4,3.938442e-4,-0.001244897,6.753193e-5,4.142568e-4,1.356106e-5,8.379105e-4,0.001926301,0.00409894,0.003081376,0.005381833,0.008813954,0.0319767,0.1881255,0.5028895,0.6266337,0.2260466,0.05013049,0.04081027,0.04748608,0.05325176,0.06354173,0.07174346,0.07982929,0.086837,0.095547000000000007,0.1055654,0.1173451,0.1274239,0.1401444,0.1577904,0.1713035,0.1919121,0.2090809,0.2316872,0.2486981,0.2658077,0.2876747,0.3069359,0.3305761,0.3537532,0.3757163,0.3982803,0.4267493,0.4520496,0.4785913,0.5039192,0.5279554,0.5462992,0.567056,0.5864137,0.6048598,0.6230316,0.6381847,0.6526962,0.6710426,0.6843295,0.6890723,0.6969756,0.7025568,0.7064471,0.7136007,0.7082805,0.7184607,0.7175776,0.7205297,0.7213573,0.7218353,0.7193282,0.7168517,0.7192128,0.7217957,0.7284946,0.7350348,0.7419269,0.7505217,0.7620238,0.7805059,0.7948058,0.8155272,0.8437593,0.8674053,0.9044301,0.9390242,0.9713374,1.020419,1.066357,1.131695,1.203189,1.2765,1.320291,1.36109,1.398077,1.441831,1.476979,1.476308,1.55834,1.586412,1.666044,1.506722,1.539125,1.54064,0.9691923,1.877618
496.984,-0.007956795,-0.008055571,-0.01788941,-0.002199919,-0.005733991,-3.91249e-4,5.474371e-4,-0.007150074,-0.004475706,0.0058583,-0.001908875,-0.001980685,-0.001157768,-0.006173083,-0.002396019,-0.004431897,-9.639005e-4,-4.768049e-4,-0.001809122,-9.848505e-4,-7.445097e-4,-0.002954302,-0.001725311,7.097654e-4,0.001512731,-2.564403e-4,-2.580267e-4,2.032794e-4,-0.00396046,-0.001064658,7.135882e-4,-0.002219216,-8.08222e-4,3.388242e-4,-0.002826049,-0.001723861,-0.004414745,2.808947e-4,2.569783e-4,-0.002280004,-4.370647e-4,0.001637836,-1.799291e-4,-0.006045771,0.001306709,-0.00311124,6.447094e-4,8.172444e-4,-5.615162e-4,7.77537e-4,0.002861657,-0.001370757,-8.300102e-4,-0.005132872,-0.003173678,-0.001377914,-0.003999951,-0.004884159,-0.003305391,-4.003396e-4,-0.001832113,-0.001148438,-0.002018164,-9.70867e-4,-0.00170111,-0.00202388,-0.00313781,-6.693434e-4,0.00102113,7.669381e-4,-0.001747321,-0.001184041,-0.002446485,4.052759e-4,-8.236894e-4,4.69944e-4,-9.476062e-4,2.778584e-4,-3.304844e-4,-0.002970747,-2.143696e-4,1.69448e-4,9.375916e-4,0.001723064,-5.620442e-4,-0.001588926,6.890304e-4,0.00100976,0.001050938,-3.610094e-4,-5.277289e-4,0.001965426,0.002620157,0.001174683,0.003651207,0.003653091,0.006427643,0.007006979,0.01950389,0.113923,0.3352108,0.5042702,0.3591956,0.07749432,0.03814505,0.04466144,0.0516992,0.05826444,0.06758187,0.07581947,0.08459901,0.08970189,0.1007054,0.110238,0.1215841,0.1326976,0.1452425,0.1591415,0.1755374,0.1958429,0.212733,0.2307549,0.2527967,0.2695224,0.2896802,0.3064174,0.327486,0.3537548,0.3752416,0.3988507,0.4263248,0.4522623,0.473083,0.4951087,0.517112,0.5355595,0.5629426,0.5760947,0.5935323,0.6158489,0.6291443,0.6416802,0.6569842,0.6632813,0.6695012,0.683033,0.6824358,0.6872135,0.6951411,0.6967215,0.6966236,0.698861,0.703821,0.7086396,0.7040063,0.7035571,0.7033075,0.7035241,0.7047001,0.7130216,0.7238528,0.7201986,0.7373062,0.7459962,0.7654295,0.7840004,0.8028309,0.8304379,0.8569733,0.8828115,0.9210652,0.9564804,0.9986227,1.053569,1.121935,1.177145,1.236186,1.303086,1.353519,1.397547,1.416757,1.432428,1.481197,1.525738,1.613652,1.4876,1.518948,1.629656,1.590742,2.17938,3.52113
499.311,0.005514608,-0.01059469,-4.579517e-4,0.007168573,0.003839649,-7.518046e-6,-0.01321658,0.009453949,0.006161466,0.005786358,0.002554355,-0.001777157,0.001183695,-4.837821e-4,0.002427793,-0.00242708,0.001406444,0.002777211,0.001316719,0.003715757,-9.961508e-4,0.0031762,0.001822834,-6.119693e-4,-0.001150886,7.260971e-4,4.542693e-4,-0.001118842,0.001183664,0.003079399,0.004205627,0.00475425,1.186743e-5,-0.007118841,-0.003456008,-0.001734406,0.00340228,-0.003847939,0.001184343,-4.401934e-4,0.003263156,2.511527e-4,0.005785943,0.002619991,0.002129071,0.002311639,-8.327874e-4,0.002025373,0.002747297,0.002965968,0.002124739,0.004495556,0.00290252,-0.00114519,6.588092e-4,-1.523665e-4,0.002258284,0.003905436,1.521013e-4,0.005706012,-0.003036451,-6.594622e-4,0.001924786,6.486586e-4,0.001114826,0.001812141,0.002479541,-5.570344e-4,0.001451871,-7.475117e-4,0.001451732,-3.929129e-4,-9.752581e-4,3.049264e-4,4.873866e-4,-7.288819e-4,9.882406e-4,-2.555692e-4,0.004348219,4.992036e-4,-7.946986e-4,4.740347e-4,4.543666e-4,0.001258036,0.001515311,1.450994e-4,5.552156e-4,0.002467408,3.233507e-4,2.551686e-4,0.002312684,0.002303765,0.00350665,0.001719794,0.003709412,0.00593463,0.007496778,0.01476923,0.0780947,0.260052,0.373312,0.323806,0.135921,0.03942165,0.04154777,0.04844922,0.05504203,0.0624581,0.07380234,0.08171414,0.08788911,0.09561533,0.1056826,0.115941,0.1256785,0.1372988,0.150156,0.1644036,0.1813151,0.2001276,0.216216,0.2364934,0.2532868,0.2710057,0.2921787,0.3062753,0.328982,0.3533542,0.3756905,0.3980686,0.426668,0.4487312,0.4701746,0.4941628,0.5119058,0.5319324,0.5480429,0.5680473,0.5926895,0.6043784,0.6157915,0.6307486,0.6422193,0.6552197,0.6655257,0.6691676,0.6748373,0.6756967,0.6772855,0.6768157,0.6825907,0.6881559,0.689166,0.6878587,0.6907912,0.6864267,0.6878029,0.6911428,0.6905731,0.7031454,0.7093623,0.7121437,0.7247192,0.7328606,0.7558929,0.7628921,0.7913754,0.8183562,0.8449498,0.878479,0.908362,0.943969,0.9812922,1.043579,1.101193,1.160359,1.229271,1.298558,1.319158,1.369482,1.394093,1.427033,1.464948,1.532626,1.598438,1.528869,1.524464,1.593563,1.712368,1.839706,4.731887
501.64,-0.008480208,0.002530476,-0.003283616,-0.007597783,-4.452507e-4,-0.005391447,-0.01371949,-0.00800596,-0.006975987,-0.00105872,0.002833288,-0.005991353,-0.003528365,-0.007842693,-0.002171676,2.295496e-4,-0.006277336,-0.006574722,1.643289e-4,5.742428e-4,-0.001374783,0.002649169,8.229842e-4,3.504674e-4,-0.002210703,-0.00124659,-0.00188216,-0.001401318,0.001073803,-0.002940961,0.004575349,-0.003386741,-0.005274639,0.002502081,-0.003785895,-0.009611047,-0.00364666,9.902821e-4,-0.004160653,-0.003461699,-0.001641089,-0.002974888,-0.006420274,-2.101048e-4,-0.003190231,-0.001248341,-1.886959e-4,0.004849212,-1.814977e-4,-0.001860244,-8.837705e-4,-5.107929e-4,-0.003737369,-0.001491104,-0.002452529,-0.001547607,-0.003120528,0.00261133,-0.001652324,0.001206322,-9.127659e-4,-0.00454546,0.00128183,-7.471216e-4,-0.003566842,-0.001199753,3.550385e-4,-4.567747e-4,-0.002097925,-0.002355832,-0.001444644,3.901891e-6,0,-0.002312525,4.832455e-4,0.002646265,-0.001323171,-0.001037163,-9.347443e-4,-0.001651049,0.001031992,-3.789677e-4,0.001002758,-0.002357198,-0.002656515,-9.660049e-4,8.847689e-4,-0.001052676,-9.563006e-4,-8.624571e-4,0.001284994,0.002478875,0.002449154,0.00362889,0.003663628,0.007821568,0.01013451,0.05998151,0.2071595,0.334486,0.2567571,0.1317353,0.04900262,0.03813647,0.0443562,0.05174242,0.05815812,0.06813531,0.07532027,0.08382862,0.09160803,0.1013109,0.1091089,0.1190633,0.1297852,0.1400113,0.1556515,0.1683447,0.1874572,0.2042296,0.2193894,0.2378746,0.2542884,0.2739151,0.2912235,0.3080543,0.3300579,0.3559405,0.3683228,0.3958665,0.420364,0.4445178,0.462345,0.4894285,0.5079094,0.5235057,0.5458234,0.5619532,0.5777784,0.5950698,0.608572,0.6152746,0.6282569,0.6414974,0.6441981,0.6492984,0.6584137,0.6550807,0.6647539,0.6624606,0.667385,0.670656,0.6756976,0.6696777,0.6738643,0.6770066,0.6722792,0.6733529,0.6788951,0.6871908,0.6897429,0.7006554,0.7144702,0.7268945,0.7460109,0.7557589,0.7857875,0.806692,0.8342214,0.8618596,0.8956901,0.9368503,0.9756971,1.019406,1.091346,1.13734,1.20577,1.236751,1.3111679999999999,1.341017,1.369972,1.37111,1.438439,1.463742,1.554376,1.518843,1.439832,1.468363,1.571349,0.6367882,3.486701
503.969,-0.02247066,-0.007548409,-0.004228308,-0.005779322,-0.009593124,-0.003347839,-0.007092605,-8.043477e-4,-0.009811895,-0.01003928,-0.007846785,-1.924526e-4,-0.002339071,-0.004982818,-0.002643484,-0.004452995,-0.005027605,-6.54808e-5,-0.002798553,-0.001847138,-0.002005492,-0.001897669,-0.001179829,4.449644e-4,-8.835866e-4,-0.003383899,1.863481e-4,-9.299226e-4,-0.003000744,-0.005612264,-0.003306515,4.667772e-4,-0.004947422,-0.01894882,-0.005345586,-0.005217611,-0.004164766,-0.001680719,-0.005755748,-0.001353044,-0.005781621,-6.515192e-4,-0.003288873,-0.003667687,-0.00529658,-0.004598762,2.22843e-4,-0.003213966,-0.003489738,-7.346786e-4,-0.005270541,3.728583e-4,-0.008022191,-0.004136646,-0.0014328260000000001,-0.003249697,-0.002084459,-0.002581429,-0.003592291,-0.003489719,0.002521518,-0.004662871,-0.004962638,-8.698177e-4,-0.002185119,-0.004681749,-4.472669e-4,-0.002614318,-0.002539973,-0.001482593,5.20583e-4,-0.001901285,-9.040077e-5,-0.001707535,-7.705728e-5,-0.001247916,-0.001772101,-4.978394e-4,-0.001093981,-3.215567e-4,-0.001675556,-0.001384039,-8.124636e-4,-0.001898138,-0.002501271,-1.9365e-4,-7.33296e-4,-0.0016488,-0.001214256,0.001075111,-1.688044e-4,0.001633129,0.002178162,0.004562674,0.005108269,0.008450983,0.04363387,0.1773942,0.3166654,0.2642566,0.1135889,0.04806452,0.03577471,0.04190247,0.04775442,0.05493335,0.06198883,0.07151402,0.0810553,0.08738765,0.09592117,0.1037085,0.1126657,0.1234556,0.1321423,0.1444248,0.1568865,0.1710611,0.185062,0.2050568,0.2211719,0.2358689,0.2541115,0.2718716,0.2914688,0.3097241,0.3279998,0.3514075,0.3706542,0.3936386,0.4163485,0.4389965,0.4607458,0.4768593,0.5004064,0.5171833,0.5310516,0.5496845,0.5649517,0.5790283,0.5895302,0.5999629,0.6147412,0.6252827,0.6344088,0.6362692,0.6430879,0.642965,0.6474921,0.6471606,0.6475438,0.6523465,0.6566417,0.6610653,0.6530088,0.6581807,0.6578599,0.6606346,0.6608161,0.6683303,0.6775715,0.6780105,0.6954352,0.7054657,0.7213072,0.7405949,0.7702998,0.7896252,0.8181064,0.8449311,0.8856304,0.9039636,0.955465,1.006917,1.066808,1.117588,1.185073,1.236656,1.278245,1.304921,1.332701,1.372135,1.437898,1.488322,1.487435,1.444829,1.40022,1.35303,1.537342,1.639094,1.832039
506.298,-0.00646355,0.002035004,-0.0150261,-0.01159377,-0.002362023,-0.011197789999999999,-0.008932515,-0.009304191,-0.0118385,-0.008939111,0.003436265,-0.008960382,-0.003905768,-0.004500578,-9.486188e-4,-0.002202573,3.587085e-5,4.526337e-4,-0.006901785,-0.004116633,2.649087e-4,-0.00358381,-5.401022e-4,4.47056e-4,-8.803967e-4,-7.04406e-4,-0.002754902,-0.001392854,-0.002347119,-0.003733871,-0.00225371,-0.009008312,-0.004670139,-0.004647397,-0.006920775,0.003211768,-0.003889186,7.507721e-4,-0.00482276,-0.009416232,-0.003688124,-0.007482339,-0.006368224,-0.004503471,-0.001253494,-0.005425666,-0.002053945,0.001443979,-0.003307628,-0.00293791,-0.002801785,-0.001861884,-0.002878078,-3.058412e-4,-0.002044657,-7.623167e-4,-0.002504708,4.4975e-4,-6.695668e-4,-0.003084292,-0.001712393,-0.004127838,-0.002279995,-9.996511e-4,-6.061186e-4,-0.004179614,-0.004680717,0.001270206,-2.137076e-4,-9.498626e-4,-0.004447887,-0.004302478,-0.001070324,-0.002576977,-0.002320755,-0.002085686,-0.001676163,-2.337109e-4,-0.003559899,-0.002962366,-5.366908e-4,-0.00162252,-0.003382447,-0.001447529,-4.944366e-4,-4.037859e-4,-0.001539806,-0.001313657,0.001115986,0.001025976,0.00104979,0.003377642,0.002510983,0.005974651,0.006825808,0.02343586,0.1448141,0.3037125,0.281261,0.1328608,0.04162208,0.03360237,0.03905854,0.04476117,0.05169956,0.05750279,0.06454689,0.07317912,0.08386188,0.09147282,0.09912405,0.1083366,0.1161955,0.1248516,0.1354793,0.1461275,0.158397,0.1715611,0.1901397,0.205938,0.2221088,0.2405902,0.2553144,0.2710406,0.2887286,0.3054261,0.327451,0.346915,0.3666909,0.3879682,0.4132925,0.4259844,0.4548886,0.4721093,0.4887411,0.5050084,0.5200214,0.53728070000000006,0.5524088,0.5693071,0.5813053,0.5947655,0.6017936,0.6075398,0.6211658,0.6244109,0.626184,0.6275563,0.6265864,0.6304165,0.6321999,0.6359458,0.6401827,0.6416403,0.6397733,0.6413205,0.6402803,0.642557,0.6413997,0.6538567,0.6590208,0.6711706,0.6754509,0.6888633,0.7099361,0.724526,0.7513064,0.7753964,0.7998619,0.8251138,0.8679015,0.9070943,0.9403036,0.9829919,1.03869,1.098212,1.167978,1.211314,1.252742,1.277714,1.314657,1.335544,1.418798,1.478887,1.415886,1.419181,1.344468,1.296301,1.542099,0.6511001,0.6920551
508.629,0.007459869,0.00351588,0.00281713,0.01113157,0.009074969,0.002446753,0.01364877,0.008488331,0.009785637,0.00936888,0.002264084,0.001392578,0.00430852,0.007347057,0.001683914,0.004011641,0.005056024,0.004273919,0.001964296,0.002838609,0.005392503,0.001159015,1.83643e-4,6.078893e-4,0.003174081,0.0011554,0.001871602,0.003264909,-1.496673e-6,0.002530049,0.001213142,1.262918e-5,0.008256653,0.00153823,0.009463504,0.007826221,0.003386618,-0.001910844,0.005783245,0.003662485,0.002539062,0.002954192,0.008152971,0.00213855,6.358112e-4,0.003545257,0.002886257,0.003822099,0.001746568,5.71744e-4,0.006339637,0.004142479,0.002372134,0.003643873,3.171698e-4,0.003394956,-0.001478778,0.00330187,0.004422617,-0.001086165,0.001580122,0.003752756,0.001398534,0.003996635,0.004313391,0.003967771,0.001524573,0.003647025,0.004525429,2.190869e-4,-0.001133855,6.049891e-4,0.002451958,0.003339026,0.001682523,0.001914116,0.00115768,0.002256097,0.001615582,0.002555824,0.002954834,0.001156889,2.323784e-4,0.002716982,0.001360476,0.001819299,0.0040816,0.002457524,0.003031769,0.00269591,0.003876683,0.006786307,0.006702093,0.006383688,0.01529513,0.1008487,0.2896541,0.3136763,0.1619113,0.05337123,0.03208962,0.03767682,0.04209167,0.04754133,0.05573943,0.06306433,0.0688794,0.07850249,0.0873085,0.09480619,0.1030383,0.1127964,0.1205392,0.1303631,0.1393016,0.149518,0.1620613,0.1769387,0.1938035,0.209913,0.2261065,0.2398075,0.2580918,0.2722373,0.2853245,0.3028975,0.3250969,0.3431116,0.3647058,0.3783307,0.4066125,0.4271304,0.4427463,0.4619441,0.4782691,0.49566,0.510861,0.5261524,0.5426755,0.5553191,0.5655049,0.576092,0.5845274,0.5956476,0.6001135,0.6054677,0.6119733,0.6110181,0.6117707,0.6099073,0.6177108,0.6185115,0.6195303,0.6254644,0.6193986,0.6275847,0.6265679,0.6255539,0.6313147,0.6355665,0.6442217,0.661234,0.6624494,0.680939,0.697309,0.7228331,0.7370124,0.7588415,0.785532,0.8147084,0.8482341,0.8825564,0.9250863,0.9674641,1.026497,1.080975,1.131831,1.174198,1.207544,1.259117,1.28024,1.349431,1.399324,1.404244,1.38023,1.344683,1.386499,1.581351,1.611295,2.011072,4.56325
510.959,0.004956306,0.01502057,0.006063572,-0.01415386,-0.001402017,0.007766827,-0.01073151,0.004497618,0.007324468,0.0043027,0.005026749,3.971137e-4,-9.619888e-4,0.008266884,9.596429e-4,0.003111841,0.003401438,-0.001710834,0.001955213,0.002258348,5.143915e-4,9.416537e-4,-0.001442556,2.690307e-4,5.274759e-4,-6.965871e-4,0.00088690800000000005,0.001118535,0.002869442,9.306806e-4,0.002781551,0.004023087,0.001096715,-0.006743344,-0.003425553,0.004630183,-7.656908e-4,0.008860341,0.003231782,0.002754781,3.853334e-5,-4.296944e-4,9.015072e-4,0.001730226,1.045955e-5,-1.867702e-4,-6.003682e-4,0.001601022,0.004076537,0.002945185,-0.001383224,0.00275632,1.884358e-4,0.002309397,0.004461956,9.284209e-4,0.002671482,0.004160091,-1.340524e-4,4.587432e-6,-1.298672e-4,2.56291e-4,0.001911909,6.334026e-4,0.003696222,0.001206105,0.001166377,-0.001116277,0.001218023,0.004029075,4.243615e-4,1.445125e-5,0.002819735,4.900716e-4,0.0031729,0.001102191,0.002311844,-0.00187992,0.001860925,-5.649404e-4,0.001192801,8.678551e-4,-3.590525e-4,-0.00123021,0.001500281,8.046964e-5,0.002438849,0.001196143,0.002189999,0.001695842,0.004397974,0.006130583,0.007626085,0.009898152,0.06192809,0.2409967,0.3341793,0.1869983,0.061634510000000003,0.02960866,0.03293872,0.03835474,0.04452799,0.05239876,0.05571742,0.0651001,0.0726848,0.07914472,0.08838275,0.09777927,0.106865,0.1140364,0.1213431,0.1316369,0.1391508,0.1526713,0.1643179,0.1763231,0.1913317,0.2059975,0.2219396,0.238235,0.2549177,0.2694353,0.2848875,0.2970144,0.320487,0.3378903,0.3579918,0.378854,0.4006874,0.4179256,0.4338643,0.453677,0.4684057,0.48245,0.5000744,0.5146875,0.5279283,0.5365346,0.5471302,0.5627766,0.5725377,0.5751265,0.5834347,0.5829791,0.5905943,0.5900938,0.5889547,0.5934586,0.6005531,0.5999005,0.6044313,0.6000468,0.6066921,0.6040203,0.6064624,0.6064372,0.6107383,0.6154085,0.6282623,0.6423197,0.6461488,0.667037,0.6791172,0.6962855,0.715198,0.7345152,0.7716897,0.7890304,0.8264804,0.8626689,0.8989328,0.9385465,0.9929156,1.052812,1.102793,1.160537,1.179598,1.233202,1.255843,1.31193,1.374746,1.347928,1.311377,1.3549,1.338103,1.440988,1.518102,2.15024,3.810209
513.291,-0.006414322,-0.008474206,-0.001848689,-0.007491378,0.005227004,0.002922415,-4.386493e-4,0.008075815,-0.003621662,-0.006369594,-0.004145721,-0.003744343,5.399108e-6,-4.656336e-4,-0.003099416,-0.01012681,-0.00479136,-0.002431031,0.002599366,1.428535e-4,-0.00459151,-1.005267e-4,0.001080772,-0.001034293,-7.843563e-4,-0.001759792,-0.002201031,5.659376e-4,-2.036346e-4,-0.001978935,-0.002580568,4.574076e-4,-0.002718175,-0.008571762,0.003760586,-0.001717468,-0.008241885,2.450317e-4,-8.933585e-4,0.00252994,-0.005046747,-0.001768919,-2.039086e-4,-0.005374682,-0.00461257,0.001035142,-2.043358e-4,-5.863287e-4,-0.001736462,0.001129141,-8.681772e-4,-0.003056673,-0.006583053,-0.00326625,-0.001416,1.55935e-4,-0.002501407,8.593283e-4,-0.001371406,-0.002124874,-6.453405e-4,3.971638e-4,-0.002899765,-3.748043e-4,-0.002673271,-3.478562e-4,4.740025e-4,-7.764492e-4,-0.001744926,-0.001161501,6.160238e-4,-6.850709e-4,-0.001453243,-0.001417703,0.001398492,1.941802e-4,-0.002994995,-0.002225372,5.078937e-4,-9.727102e-4,9.528112e-4,-6.550795e-5,-3.000858e-4,0.001248077,0.001067221,3.608951e-4,0.001292827,0.001925579,0.00219122,0.002119667,0.004517484,0.005600226,0.009570446,0.04525265,0.1952257,0.3349556,0.2235325,0.07319873,0.02636626,0.02774259,0.03559555,0.0400914,0.04797319,0.05143599,0.06006135,0.0675543,0.0749633,0.08265303,0.09050193,0.09875914,0.1086878,0.1143146,0.1239505,0.1319104,0.1415041,0.1534893,0.164437,0.1782326,0.1933687,0.2085796,0.2254097,0.240748,0.2509212,0.2651927,0.2786794,0.2956334,0.3153177,0.3325157,0.3490232,0.3565761,0.386488,0.4047144,0.428907,0.4433631,0.4551402,0.4726218,0.486763,0.4989997,0.5136261,0.5271663,0.5325888,0.5488248,0.5539131,0.5615091,0.5664496,0.5678034,0.5796258,0.573249,0.5740044,0.5744934,0.5808566,0.5829484,0.5841438,0.5865397,0.5892052,0.5888287,0.5902369,0.5939343,0.5973386,0.6030264,0.615224,0.6215165,0.6309278,0.6468807,0.663925,0.6809475,0.7009045,0.7213136,0.7509747,0.7688165,0.8003083,0.8531588,0.8735929,0.9204019,0.9622889,1.01925,1.081281,1.123808,1.153592,1.168625,1.218925,1.315743,1.288713,1.272876,1.276777,1.265686,1.343348,1.187369,1.25248,1.635211,-0.2914177
515.623,0.01281589,-0.003977965,0.005573986,0.01942286,2.545678e-5,0.004822131,0.004202686,-4.456306e-4,0.001618469,-0.004967849,0.006692196,0.004138152,0.008323313,0.005647,0.008153246,0.00396573,0.005614597,0.002910407,0.002596331,0.002816254,8.713256e-4,7.307706e-4,0.001527118,4.325712e-4,0.002097923,0.00132378,0.002385147,0.002959665,-1.020104e-4,0.002508996,0.002076291,0.006915257,0.001653956,0.001225073,0.005289289,0.005752913,0.003093707,0.005964849,0.008487915,6.978374e-4,0.002069535,0.004732615,0.006357556,0.003641338,0.00358068,-0.004126345,8.255899e-4,-0.004979655,0.007534453,-3.548137e-4,0.003311844,0.00274802,0.00152541,0.002630916,0.004459777,0.001986832,4.438137e-4,-5.544586e-4,0.001650536,0.003213426,-0.001941919,3.559359e-6,-4.925917e-4,0.002615681,-0.001224455,-0.001412003,0.001737951,5.73307e-4,-3.219929e-4,0.002109288,0.001226257,0.00219089,0.002334124,0.004361758,0.001212882,-5.41265e-4,0.002378604,6.047539e-4,4.250672e-4,0.00228962,0.001024371,-3.793917e-4,4.54578e-4,1.466375e-4,-2.062663e-4,0.002347445,0.002431422,0.003482106,0.004162852,0.0042817590000000004,0.006241097,0.007969379,0.03818868,0.1719569,0.3385806,0.2813348,0.09837711,0.03022405,0.02686942,0.03232771,0.03635705,0.04474403,0.04828512,0.05651091,0.06105995,0.07070168,0.07635139,0.0847298,0.09384135,0.1037277,0.111241,0.1176811,0.1252369,0.1345707,0.1438143,0.1545659,0.1642876,0.1760269,0.1926875,0.2069472,0.2222482,0.2374336,0.2483644,0.2651596,0.2805284,0.2925502,0.3101117,0.326319,0.3438509,0.3607598,0.380611,0.4022813,0.4170595,0.4352655,0.4496526,0.4654473,0.4757097,0.4903511,0.5008447,0.5102474,0.5164618,0.5304643,0.5385066,0.5443651,0.5529113,0.552824,0.5573328,0.5575813,0.5585472,0.5536396,0.5620815,0.5661019,0.5673301,0.5708643,0.5712873,0.5667719,0.5769178,0.5727575,0.580185,0.5858902,0.5976325,0.6080169,0.6244391,0.6337437,0.6511635,0.6660261,0.6830932,0.710187,0.7311639,0.7587923,0.7868458,0.8257537,0.8573882,0.9048446,0.949877,0.9958474,1.045979,1.093305,1.132312,1.165598,1.219163,1.28701,1.242216,1.259176,1.274886,1.25275,1.278644,1.328536,1.643027,2.144744,4.628872
517.956,-0.01570138,0.005449216,0.00138765,-0.01671765,-0.00283028,0.009647704,-0.001857414,-0.001322552,8.060421e-4,3.461812e-4,-0.004714633,-5.820305e-4,-0.002699683,9.314921e-4,-0.004045262,-0.00371264,-3.912202e-4,9.260568e-4,-0.00145515,-0.001961276,-2.429899e-4,9.802144e-7,-0.002505128,5.177038e-4,-5.223203e-4,0.002809626,-9.629437e-4,-6.433019e-4,-9.494357e-4,0.001315198,-0.001202637,-0.004677805,0.008942529,2.955111e-4,0.005910059,0.003439526,0.007176994,-4.672683e-4,-0.0050178209999999996,-0.002732848,-0.001827222,0.002910162,-0.005907514,-0.002956736,0.002297405,0.002487301,-0.005071982,1.942947e-4,0.001735957,0.001263077,-0.004852065,-0.003231425,-0.002672031,3.381661e-4,-0.004276133,7.598934e-4,-0.001613097,1.43943e-4,-0.004250716,-0.002126997,-0.001428177,-0.001019225,-6.2207e-4,-0.002098464,-3.609109e-4,4.937504e-4,-0.004738916,-0.003034464,-0.001087347,-0.001989451,0.002858885,1.969864e-4,-0.002317014,0.001126412,9.464779e-5,-0.001699958,0.001842742,-6.015896e-4,0.001927881,-9.755307e-4,3.982371e-4,-6.159555e-4,4.564193e-4,0.001163073,4.272841e-4,0.001523552,0.001164402,0.002037526,0.003904053,0.005064983,0.00532906,0.01812186,0.1486881,0.3532372,0.335311,0.1374407,0.03367459,0.02267402,0.02628106,0.03317674,0.03763167,0.04559173,0.0503121,0.0577319,0.06398966,0.07230711,0.07826426,0.08707845,0.09586063,0.1037655,0.1104813,0.1202889,0.1266691,0.1353892,0.1430524,0.1539377,0.1651396,0.1769129,0.1894784,0.2066683,0.2203633,0.2354981,0.2497017,0.2623401,0.2743078,0.2855208,0.3081256,0.3214857,0.3369295,0.3533231,0.3734016,0.3896234,0.4048711,0.4202586,0.4342381,0.4456936,0.4603871,0.4765292,0.4864976,0.4954421,0.5068951,0.5162967,0.5224364,0.5258835,0.5306259,0.5344276,0.5392441,0.536593,0.5413503,0.5420734,0.5424236,0.5484042,0.5506051,0.5521695,0.5540157,0.5537095,0.5548991,0.5600888,0.5621822,0.5705997,0.5776065,0.590911,0.6003853,0.6133347,0.6316465,0.6421192,0.665551,0.6856773,0.7165332,0.7396212,0.7729264,0.8001681,0.8399025,0.8803688,0.924906,0.9690043,1.032227,1.065831,1.085081,1.147537,1.213698,1.240071,1.185586,1.194712,1.227847,1.199233,1.237724,1.124533,1.63539,1.952652,2.522316
520.289,-0.001469747,0.006957985,-0.01340094,-0.008793322,-0.01883206,-0.005280454,-0.003235219,-0.004859486,-0.003625649,-0.007402017,-0.003590775,1.932771e-4,-0.005584112,-0.003743259,-7.207243e-4,-0.001993918,-6.19803e-4,-0.002181243,-1.620352e-4,-0.003917884,-0.002476485,-0.003943967,-0.003398199,-0.001295525,-0.001131365,-7.050553e-4,-0.001668891,-6.459233e-4,0.001266045,-3.939676e-4,-0.004482326,-0.005531391,4.406357e-6,-6.224573e-4,-0.006212099,-0.006563232,0.001024712,2.099097e-6,-0.001378247,-0.002265721,-0.00318957,-0.002459578,-0.006740502,-0.00193057,-0.001257967,-0.002259361,8.200571e-4,-0.001193129,-0.005196583,-0.00639797,-0.003472467,-0.00423342,-0.006882976,-0.001628279,-0.001411915,-0.005167015,-7.332827e-4,-0.003400887,-0.002872183,-0.00344825,-0.003370644,-0.004976012,7.482378e-4,-0.002093633,-7.21178e-4,-0.00130161,-0.003233771,-4.509082e-4,0.001301825,-0.002202414,-2.981301e-4,-0.004056384,-0.001922347,5.592184e-4,-0.001471959,-0.002167371,-0.001042879,-0.001462454,-6.662616e-4,-6.502405e-4,-2.278386e-4,-0.001457545,-5.206271e-4,-0.001148081,-0.001825927,0.001041664,0.002360354,0.001714071,0.005168665,0.004207196,0.01117625,0.1016094,0.3529582,0.4072912,0.2012996,0.04558453,0.02165527,0.0250402,0.02939468,0.03314386,0.04115909,0.04701919,0.05171717,0.05958624,0.0653742,0.07388454,0.08047275,0.08937979,0.09745332,0.1054115,0.1117274,0.1201233,0.1277852,0.1358133,0.1446435,0.1540588,0.1619392,0.1764461,0.1887932,0.207711,0.2180609,0.2309768,0.2451852,0.2566978,0.2700014,0.2826396,0.3027248,0.3106129,0.3324945,0.3442461,0.3648365,0.3793383,0.4024298,0.4123628,0.4254887,0.4395741,0.4512377,0.45978,0.4709754,0.4804935,0.4887753,0.4960383,0.5094887,0.5109373,0.5140426,0.5210414,0.5218126,0.5253676,0.5244836,0.5225649,0.529317,0.5316549,0.5365204,0.5336684,0.5369909,0.5377706,0.5403096,0.5387264,0.5458688,0.5560579,0.5665511,0.5744771,0.5878096,0.6025761,0.6103158,0.6308513,0.6472636,0.6692095,0.6945208,0.7220722,0.7466474,0.7771009,0.8095939,0.859345,0.903903,0.949786,0.993575,1.040574,1.076238,1.115283,1.205411,1.201876,1.15856,1.160942,1.155812,1.129835,1.172054,1.108391,1.431726,0.5601218,1.580311
522.623,-0.01273553,-0.007436127,-0.0138648,-0.002626423,9.442183e-4,0.006733672,-0.01530355,-0.004854601,-0.001192861,-0.002470381,-0.006333632,-0.005866322,-0.003457185,-0.003733035,-0.004758161,8.877761e-4,-0.004174254,-0.001529404,-6.470459e-4,-9.799516e-4,-0.003948433,-0.003010792,1.81409e-4,-0.001371197,-0.003042679,-6.094462e-4,-8.712417e-4,-0.002480838,0.001586365,-0.001835133,0.002076645,9.054165e-4,0.004610223,-5.958334e-4,-0.004028446,-0.005707685,-0.008442657,-0.003791776,-0.008175838,-0.003387475,-0.001591695,-0.004214454,-4.268549e-4,-0.004256894,-0.005000876,-0.001222191,-0.00181685,-0.006930704,-0.001893623,-0.001998092,-0.003293015,-0.003192698,-6.720659e-4,-0.001801641,-0.003613139,-0.003495691,0.001915231,-0.002263839,-0.002868994,-2.513768e-4,-2.577909e-4,5.147856e-4,-1.201626e-4,0.001235943,-0.002288489,0.002503703,1.150652e-4,-0.002674088,-0.001519415,-0.001258151,-0.001828582,1.122139e-4,-0.001245759,-8.438875e-4,-0.002489505,-7.098276e-4,-0.001555997,-3.287841e-4,0.001757941,-0.002350111,2.417533e-4,-6.583354e-5,-2.768962e-4,-4.254884e-4,4.299596e-4,0.001798077,0.002226536,0.002114625,0.004924415,0.007658894,0.05745143,0.2917089,0.4638644,0.2791866,0.07472394,0.02190354,0.02322379,0.02632384,0.03142611,0.03719738,0.04163667,0.04700849,0.05517035,0.06010798,0.06740316,0.07439008,0.08190329,0.08917291,0.09944638,0.1065056,0.1133483,0.1215562,0.128643,0.1355336,0.1438563,0.1537892,0.1658266,0.1760256,0.1878418,0.2022584,0.2171617,0.228245,0.241723,0.2538236,0.2652546,0.276055,0.2942116,0.3088881,0.3281128,0.3429213,0.3595828,0.3700948,0.3886447,0.3995389,0.4148957,0.4216872,0.4412539,0.448929,0.4597047,0.4677465,0.4784972,0.4859356,0.4914678,0.4973635,0.5052552,0.505626,0.5060545,0.504465,0.5067344,0.5084153,0.5104608,0.5110149,0.5152645,0.5185905,0.5205869,0.5175631,0.5160431,0.5251151,0.5318417,0.5428307,0.5487646,0.5597704,0.5685855,0.5798316,0.5994055,0.6154583,0.6322849,0.6567338,0.6824044,0.7059906,0.7378357,0.763215,0.8005424,0.8378772,0.8838951,0.9175167,0.9662258,0.9953633,1.035774,1.115861,1.157514,1.130035,1.129047,1.135269,1.117624,1.125103,1.132729,1.215279,1.111269,0.7975786,3.48827
524.958,-0.006824337,-0.01677603,3.645484e-6,-0.009154439,0.007040981,-0.01098798,-4.609641e-4,-0.003926495,-0.01359581,4.569059e-5,-0.007105771,-0.001948144,-0.001525717,-0.00162222,0.002133945,0.003276111,-0.007307956,-0.001850395,-0.004502173,-0.002925322,-2.449326e-4,-0.003407045,-4.449217e-4,-0.001368133,-0.002248389,-0.001044163,-8.684506e-4,-0.001463967,-5.198088e-4,-0.004047312,-0.003930037,6.251055e-6,-0.006729202,-0.006371732,-0.006478979,-0.001415377,-0.0058552,-0.00612631,-0.002708583,-0.006755124,-0.002482588,-0.00620209,2.340247e-4,-4.08995e-4,-2.044258e-4,-0.005312148,-3.95236e-4,-3.897644e-4,-0.002858501,-0.005098147,0.001211149,0.002037084,-0.005843476,-0.004377664,-0.005969617,0.003485707,-0.003047989,-5.4936e-4,-0.001621426,-0.002768273,-2.502075e-4,-0.00126984,-0.001878798,-7.370392e-4,-0.005308261,-3.289953e-4,-0.003214326,-0.003350146,-4.261434e-4,-0.001875893,-0.002117688,-1.910757e-4,-6.714898e-4,-6.49084e-4,0.001657503,-3.555918e-4,-0.001388727,-0.002121759,-0.002565087,-6.423284e-4,-3.888138e-4,-4.43961e-4,5.222281e-4,0.001299304,-6.244682e-4,0.001591138,0.002822636,0.005355832,0.007103111,0.03032301,0.2017261,0.4624259,0.3664046,0.1152837,0.02416974,0.01993889,0.02371769,0.0300282,0.0323574,0.03607623,0.04355535,0.0487955,0.05535931,0.0620647,0.06757738,0.07720671,0.08420622,0.09114287,0.09948906,0.1071905,0.1143009,0.1197218,0.1274807,0.135652,0.1445397,0.1519232,0.1620687,0.1755598,0.1864284,0.1994581,0.2130376,0.2258518,0.2372765,0.2473243,0.2642472,0.2725759,0.2876152,0.3015811,0.3118361,0.3302557,0.3476833,0.3591868,0.3763055,0.3900137,0.4025376,0.4087089,0.424089,0.4350505,0.4435689,0.4548532,0.4645472,0.4688368,0.477921,0.4853389,0.4826515,0.4864575,0.4885252,0.4891631,0.4903158,0.4879609,0.4943327,0.4951471,0.4961333,0.5003095,0.5070351,0.5041311,0.5069611,0.50930280000000006,0.5177997,0.5198643,0.5279417,0.5417521,0.5582522,0.5667687,0.5795377,0.5986817,0.6121457,0.6347312,0.6599027,0.6871879,0.7107751,0.741104,0.7752799,0.8082909,0.8520097,0.8923297,0.9379319,0.9742247,1.026401,1.103423,1.124362,1.089711,1.093939,1.0835920000000001,1.109782,1.101736,1.063118,1.02149,1.176284,1.131694,2.325384
527.293,0.01951855,0.02172909,0.01242974,0.005272871,0.02302268,0.008159547,0.008815546,-0.007820825,0.01082879,0.006721535,0.003347482,0.004883205,0.004798519,0.007463414,0.00854289,0.00679394,0.005581753,0.005036647,0.004658866,0.003210056,0.0030832,0.003104306,0.002228446,0.00129337,0.003725119,0.0026244,0.003323226,0.004037262,7.438017e-4,0.006536301,0.004976711,0.006627213,0.005414359,0.004868651,0.01792199,0.01252678,-7.596868e-4,0.007101305,0.005000182,0.009498277,0.007755539,0.008477571,0.00197806,0.006600597,0.008758668,0.007184506,0.01028835,0.008111301,0.003456203,0.008950841,0.005198139,0.001371136,0.005025306,0.007655868,0.002997626,0.004546498,0.009049956,0.005657074,0.003819621,0.003712551,0.004915197,0.002555144,0.00512219,0.004556653,0.003390285,0.00389952,0.002998984,0.001460793,0.004124623,0.003034846,2.137088e-5,0.002369934,0.003379999,0.00236516,0.004157876,0.002528567,0.002365607,0.003581087,0.003576599,0.003160359,0.004242376,0.004370266,0.003281036,0.003474257,0.003029419,0.005008478,0.00536021,0.007698937,0.03388923,0.1288302,0.3633176,0.4400167,0.1715313,0.03624906,0.02130043,0.02342144,0.0281881,0.03159727,0.03645787,0.04105922,0.04627686,0.05288398,0.05907499,0.06673063,0.07308694,0.07988966,0.08544906,0.09293582,0.1020024,0.1086661,0.1151624,0.1225923,0.1286821,0.1364068,0.1454183,0.1539322,0.1634867,0.1747292,0.1890149,0.1981357,0.2109706,0.2256634,0.2365489,0.2482968,0.2558162,0.268061,0.2824054,0.2991675,0.3085385,0.3259439,0.3364364,0.3491339,0.3695207,0.3830008,0.3923873,0.4034478,0.4135199,0.4238215,0.4335349,0.438144,0.4480436,0.4569638,0.4608021,0.4668006,0.4717818,0.4739808,0.4775136,0.474045,0.4745881,0.4808414,0.4801111,0.4848556,0.4868189,0.4889907,0.4873737,0.4872968,0.4928473,0.494051,0.5013196,0.5105373,0.5164355,0.5306367,0.5414397,0.5545079,0.5646639,0.5824527,0.6026096,0.6205267,0.6480349,0.6667162,0.6945425,0.7239187,0.756529,0.7885262,0.8293728,0.8730913,0.9302103,0.9602981,1.037026,1.087432,1.087906,1.055098,1.069604,1.062619,1.096663,1.136563,0.9554731,1.207085,1.546562,2.392592,5.297222
529.629,0.01219233,0.01875037,0.01057787,0.006995925,-0.001870092,0.00575263,-0.005517925,0.005750532,0.01120052,0.007784754,0.004960949,0.005849739,0.004020825,0.004654993,0.002360977,0.005903296,-7.66557e-4,-9.493771e-4,0.0062688,0.00125193,0.003935415,0.004132024,7.116843e-4,0.003760439,0.001989512,4.350981e-4,0.00410583,0.001277313,0.00282742,0.001175781,0.001713019,0.002433017,0.0091769,6.050632e-4,0.0101947,0.009092458,7.639896e-4,0.002585789,0.003623043,0.008113802,0.003638171,0.00689428,0.001078267,2.317027e-4,0.00518788,0.005738753,0.002023844,0.001975454,-3.833044e-4,3.665357e-4,7.026649e-4,1.67018e-4,6.631212e-4,1.639842e-4,0.003291836,0.003332297,8.653931e-4,0.001272453,0.00191163,-0.00119225,0.003229126,3.785401e-4,-7.399383e-4,3.634436e-4,0.004583435,0.002006039,0.001036637,0.001010923,0.002271988,1.092331e-4,0.001621162,9.579367e-6,0.001158378,8.500851e-4,9.175559e-4,-1.827036e-4,0.00200299,0.002302024,0.001828011,7.30955e-4,0.001735096,0.00153684,0.001412967,0.005259593,0.005332418,0.005953564,0.005490136,0.0100673,0.1787987,0.268383,0.3851742,0.251463,0.04949314,0.01911796,0.02200725,0.02552348,0.02950732,0.0307643,0.03693144,0.04251661,0.04763356,0.05384701,0.05957026,0.06597399,0.07293592,0.08094316,0.08745205,0.09227516,0.1024308,0.10815,0.1140151,0.1216645,0.1272331,0.1369022,0.1433909,0.1519291,0.1609482,0.1707213,0.1845143,0.1963714,0.2093828,0.2188992,0.2312342,0.2414898,0.2518147,0.2610606,0.2775939,0.2904018,0.3041497,0.3187361,0.3293895,0.3458987,0.3575943,0.3699561,0.3809892,0.3877168,0.4032652,0.4095219,0.4185846,0.4232225,0.4376647,0.4414634,0.4425289,0.4495913,0.4538439,0.4585436,0.460217,0.4627891,0.4574492,0.4610912,0.461185,0.4674925,0.4702187,0.4731855,0.4730839,0.4764862,0.4749899,0.4803846,0.4866761,0.4944087,0.5038786,0.5114675,0.5268909,0.5349484,0.5483144,0.5694313,0.5864052,0.6098552,0.6267973,0.6480999,0.6755361,0.7068338,0.7375703,0.7640767,0.8049712,0.8505098,0.8861686,0.9324642,1.008917,1.04804,1.037458,1.010073,1.027014,1.067979,1.051145,1.051052,1.019824,1.097774,1.241967,1.895062,4.548025
531.966,-0.01709916,-0.00791715,-0.00598903,-0.001759585,-0.005172911,-0.01292191,-0.006495124,-0.003071215,-0.002409573,-3.537829e-4,-5.742339e-4,-0.002738199,-0.008059767,-0.003735468,-0.005217826,-0.004810799,-0.004393625,-0.002148924,-0.003378809,-0.003911273,-0.001356415,-0.001654901,-0.002851737,-0.00385951,-0.00234051,-9.65262e-4,-0.003590283,-8.276608e-4,-0.003256353,-0.001832374,-0.002059916,-0.004205726,-0.001360395,-0.002135435,-0.00494654,-0.001426577,-0.001786783,-0.002845753,-0.007497828,-0.007236496,6.679414e-4,-0.003361088,-0.005643558,-0.003846538,-0.00853442,0.00203401,-0.007273683,-2.473498e-6,-0.004020771,-3.572428e-4,-0.0048533,-0.005757123,-0.002341963,-0.003910185,-0.002372188,-0.005912204,-4.434956e-4,-0.00508727,-0.002454978,-0.003710662,-0.003103427,-0.003445001,-0.002127446,-0.004543395,-4.860797e-4,-0.00273124,-0.002309648,-0.001785557,-0.001297642,5.125999e-4,-0.001936833,-0.002562186,-0.001922253,-0.003009131,-0.002670202,-0.002857162,-0.001135525,-0.002223883,-2.474578e-4,-6.499669e-4,1.613019e-4,0.001991155,0.002229491,0.002893281,8.484603e-4,0.002344637,0.006102873,0.06163852,0.4518331,0.3325273,0.2420094,0.08146236,0.01742562,0.01813159,0.02203774,0.02461743,0.02908071,0.03209768,0.03778816,0.04241981,0.0485611,0.05310719,0.06050136,0.06532173,0.07289078,0.07874809,0.08689392,0.09132995,0.1006967,0.1083471,0.1154118,0.1217932,0.1265999,0.1343345,0.1426978,0.1508106,0.1585235,0.1703317,0.1820747,0.1949083,0.2065827,0.2180746,0.2271956,0.2360172,0.2465351,0.2561947,0.2739496,0.2835232,0.2940073,0.3088798,0.323298,0.3367044,0.3473986,0.3563607,0.3692602,0.3792491,0.3924179,0.3991448,0.4040621,0.4174437,0.4182541,0.4276753,0.4302632,0.4375232,0.4382349,0.4419661,0.4423174,0.4469819,0.4456531,0.4493798,0.4525358,0.4473229,0.4523685,0.4544505,0.4582384,0.4584471,0.4585303,0.4665541,0.4729919,0.4794371,0.4901178,0.4995497,0.5049087,0.5247895,0.53682,0.5536729,0.5666852,0.5864888,0.6141785,0.6324823,0.6538724,0.6822235,0.7123275,0.7475498,0.7820546,0.8291744,0.876748,0.9202259,0.9980008,0.97958750000000006,0.9504002,0.9665903,0.9772905,0.9906519,0.9731056,0.9997731,0.9342834,0.9740959,1.044332,0.2914895,-2.439423
534.303,0.004415112,-0.01043134,-0.02729218,0.001743766,-0.01840846,-0.01106917,-0.009801559,-0.009342166,-0.009653636,-0.01456148,-0.007719789,-0.003725044,-0.004243726,-0.008432776,-0.006449392,-0.00857301,-0.002409661,-0.002821907,-9.687038e-4,-5.619175e-4,-0.002845135,-0.00135451,-0.002418477,-0.00404278,-8.735103e-4,1.728712e-4,-0.003427173,-0.004605776,-0.003059463,-0.005649602,0.002057307,-0.005121929,-0.005442552,-0.009154595,-0.001245288,-0.01001352,-0.00615397,-0.006420134,-9.212652e-4,-0.006582339,-0.007541521,-0.004721476,-0.003495383,0.001050984,-0.007121788,-6.293572e-4,3.995457e-4,-0.009951887,-0.004242724,-0.004408782,-0.001583908,-0.004927056,-0.005881036,-0.005565187,-0.003966947,-0.001830622,-0.004840004,-0.003702899,-0.001372879,-0.003073124,-0.004419935,-0.00307183,-5.152877e-4,6.092686e-4,-0.003661199,-0.002031292,-0.002306394,-0.003041922,-0.002180697,-0.002942284,-3.079587e-4,-0.003165892,-0.001752817,-0.001328734,-0.001120683,-0.002430376,-0.005630712,-0.002566403,-0.002087535,-6.567016e-4,-4.777519e-4,5.355329e-4,-2.940364e-4,0.002971572,0.001207714,0.005378177,0.03151417,0.2106223,0.5876736,0.2425917,0.09284347,0.02100772,0.01648636,0.01992286,0.02202928,0.02284177,0.02911005,0.03379955,0.03776873,0.04370434,0.04852622,0.05473641,0.06093295,0.06741051,0.07405982,0.0810335,0.08642109,0.09461714,0.1018433,0.1092371,0.1147294,0.1212177,0.1274222,0.1344549,0.1415956,0.148946,0.1586137,0.1702045,0.182263,0.1917466,0.2040942,0.2138569,0.2251999,0.2323041,0.2431078,0.2520282,0.2647573,0.2788006,0.2879541,0.3025434,0.3152398,0.3312774,0.3371793,0.3498673,0.3581743,0.3656307,0.3805892,0.3861554,0.3925084,0.4013397,0.4087433,0.4172225,0.4219577,0.4238526,0.4282095,0.4296465,0.4299748,0.4331631,0.429768,0.4323805,0.4338842,0.441031,0.4414662,0.4447433,0.4493586,0.4459141,0.4488758,0.4523865,0.4598574,0.4705011,0.4767751,0.4869121,0.4995593,0.5099048,0.5236718,0.5406102,0.5590514,0.5712618,0.5948597,0.616354,0.6412968,0.6732483,0.6923249,0.7334067,0.7719101,0.8090264,0.8447991,0.9137838,0.9664202,0.9649922,0.9300411,0.9310912,0.9779289,0.9703155,0.9486074,0.9556638,0.9092498,0.6962812,0.8089127,0.5126803,-3.423074
536.641,0.007905833,0.006501666,0.01164596,0.01371802,0.001419122,-4.93656e-4,0.01311549,0.003093254,0.001626128,-0.002861974,0.004446843,0.002564905,0.001747365,0.005423202,0.005281777,0.009271051,-1.811714e-4,0.003670643,0.001466049,0.00268111,0.004610362,4.190669e-4,0.001801766,0.003547357,4.406187e-4,0.001146435,0.002561287,0.001108277,0.001172898,-5.297253e-4,0.001909979,0.01073786,0.007390727,0.006759409,0.004693477,0.002021935,0.006971533,0.0081309,0.008494613,0.00777011,7.010024e-4,0.004539702,0.001529956,0.002809286,0.003151276,0.001047136,-8.125927e-4,0.004408387,-0.002320253,0.005874907,0.005431712,-4.98052e-4,0.002538789,0.001325461,0.003982168,0.004139871,0.001477738,0.003434027,-4.165795e-4,0.00108218,0.003401423,-3.82748e-4,0.001520568,0.001617228,0.001589891,0.001325104,0.001976207,0.002276686,0.003511077,0.005187957,0.001957082,0.001702168,0.004670976,0.001425959,9.294711e-4,8.211095e-4,0.003981166,0.001037202,0.002273043,0.002053809,0.001835539,0.004723026,0.003549793,0.00483395,0.005906761,0.01711241,0.1363168,0.3911879,0.4565864,0.1134189,0.02720548,0.01514946,0.01938245,0.0230313,0.02410739,0.02826545,0.03228961,0.03653493,0.0407949,0.04587879,0.05216953,0.05865997,0.06400465,0.07179525,0.07563234,0.08490809,0.08957465,0.09712858,0.1044722,0.1093501,0.1162082,0.1214095,0.1286864,0.1353292,0.1424567,0.1483213,0.1592924,0.1682998,0.1806231,0.1922781,0.2022892,0.2133729,0.2223207,0.2323966,0.241,0.2514456,0.2649785,0.273973,0.283457,0.2965512,0.3076758,0.3230957,0.3359404,0.3452712,0.3543725,0.3637118,0.3717058,0.3809837,0.3869496,0.3951178,0.39585360000000003,0.4077438,0.4131355,0.4130318,0.4192988,0.4210086,0.4207432,0.4182684,0.4210876,0.4236233,0.423957,0.431521,0.430635,0.4309415,0.4344254,0.4371537,0.4381807,0.4437717,0.4494611,0.4595428,0.4681969,0.4813406,0.4926085,0.5008391,0.5179194,0.5308624,0.5460746,0.5652145,0.5925272,0.6124566,0.6372503,0.6553378,0.6920737,0.7220242,0.7574035,0.7862017,0.8590159,0.9143239,0.948455,0.9214025,0.9319795,0.9362672,0.9455226,0.9480886,0.9353548,1.006073,0.998351,0.9757408,1.245889,1.948282,4.025263
538.979,2.432274e-6,0.006046529,0.004691015,0.009371302,0.01579423,0.02046686,0.01041277,0.01260996,-0.002433993,7.514952e-4,0.005636897,4.001187e-4,9.808574e-4,0.00165948,0.002907546,-0.002222093,-0.001379466,0.001453374,0.001632893,1.453125e-4,0.001257175,4.225386e-4,4.549512e-4,0.001919593,5.330552e-4,3.579669e-4,0.002943064,0.002623285,6.44295e-4,0.003332549,1.80068e-4,-0.002471342,0.008536129,0.00124554,3.217625e-4,0.002033246,-5.185335e-4,-0.003842736,0.003461749,9.313816e-4,0.001173128,0.002502881,-0.001094491,6.782936e-4,0.001703048,0.004597202,0.003911186,0.001209441,0.007592127,0.003357932,-0.001222142,-0.003432467,-0.003558956,0.001664736,-0.003026417,0.003707693,0.002377093,5.802785e-4,0.002931978,5.491664e-4,-6.50839e-4,5.344007e-4,0.001914601,0.001258219,0.001500971,-2.129043e-4,0.002828187,0.00217078,9.935284e-4,6.43331e-4,8.250158e-6,0.001611474,-1.858392e-4,0.00212044,0.001228239,0.002207106,-5.199805e-4,0.002443165,-1.583932e-4,1.780201e-4,0.00226016,0.001738885,0.002756984,0.004945291,0.009331649,0.08761908,0.3119006,0.4022896,0.2118162,0.03188447,0.01538742,0.01698564,0.01974331,0.0228658,0.02746611,0.03102075,0.03366936,0.03715584,0.04380894,0.04747916,0.05453888,0.05944259,0.06479297,0.06942811,0.07698397,0.08388231,0.08998623,0.09731859,0.1047092,0.1113599,0.1164418,0.1211227,0.1272686,0.1345337,0.1406475,0.1487398,0.1571563,0.1663013,0.1771998,0.1875285,0.2014986,0.2107128,0.2188452,0.2247022,0.2360728,0.2453658,0.2556751,0.2691508,0.2740428,0.2911556,0.3083217,0.3166108,0.3283758,0.3356264,0.3454588,0.3507024,0.3632731,0.3669934,0.3758002,0.3831219,0.3874404,0.3934698,0.4008606,0.4041689,0.4056919,0.4110778,0.4097017,0.4105132,0.4137123,0.4099271,0.4109654,0.4170731,0.4170163,0.4224526,0.4239864,0.4265794,0.4286862,0.4326068,0.4414898,0.4465662,0.4588875,0.4637397,0.480702,0.4853925,0.5033357,0.5195625,0.5316101,0.5539397,0.5811848,0.5947866,0.6206472,0.6491397,0.6646525,0.6984224,0.7342288,0.7839062,0.8264437,0.9086143,0.8940726,0.8765152,0.896684,0.9092075,0.9112733,0.9487696,0.9607732,0.9433939,0.9479469,1.016577,1.046682,1.41193,3.462591
541.318,0.02149555,0.00809817,0.007069231,-0.00537462,0.02164016,0.003922779,0.007579478,0.008533034,0.01269751,0.008251939,0.004495581,0.006394371,0.005106029,0.005468837,0.007775584,0.008486958,0.006477956,0.004120304,0.006424592,0.004279356,0.003143321,0.001270148,6.385989e-4,0.003151637,0.003368374,0.002593921,0.003038647,0.002246344,0.003651041,0.003478323,0.00507358,0.007004766,0.01520729,0.006529181,0.005386841,0.01398109,0.001567283,0.003143022,0.008570398,0.01015668,0.007218224,0.002279326,0.001102823,0.009339884,0.00637505,0.007754361,0.004129705,0.002610975,0.004107676,0.006522916,0.002997594,0.002928712,0.004271978,0.00648196,0.004652104,0.004495993,0.003723797,0.002020017,0.006824544,0.003927938,0.001717103,0.005452095,0.001023121,0.004766424,0.005427768,0.003981234,0.002231876,6.816608e-4,9.949864e-4,0.004492838,0.003317079,0.001100363,0.001467306,0.002876442,0.001593254,4.621195e-4,0.001333883,0.002349501,0.003067634,0.005137073,0.002582591,0.005947821,0.005105223,0.008445973,0.05914702,0.2606103,0.3926231,0.2365459,0.06204873,0.01632838,0.0172623,0.0199883,0.02164089,0.02471944,0.02889181,0.03274256,0.0367998,0.04033933,0.04374867,0.04896267,0.05365008,0.06081589,0.06655612,0.07263908,0.07954277,0.08431759,0.08947479,0.09470125,0.1024942,0.1107197,0.1143506,0.1218687,0.1267331,0.1338606,0.1404305,0.1456533,0.1551972,0.1655276,0.1733728,0.1859948,0.1966669,0.2069393,0.2162757,0.2216646,0.2329183,0.237592,0.2536963,0.2624634,0.271464,0.2846075,0.2936578,0.3095893,0.3195693,0.3251593,0.3383983,0.3440571,0.351823,0.361445,0.3670711,0.373739,0.3773942,0.3828681,0.3866369,0.391375,0.3944291,0.3936977,0.3991089,0.3961574,0.4030217,0.4005131,0.401204,0.4086816,0.4071448,0.4113985,0.4111409,0.4147362,0.4152303,0.4248267,0.430236,0.4360485,0.4394328,0.4556383,0.4630575,0.4783348,0.4878458,0.5023806,0.5192657,0.5397532,0.5590547,0.5794423,0.5938977,0.6258577,0.654308,0.6836921,0.7206255,0.7607865,0.8466299,0.8746403,0.8460741,0.850239,0.880208,0.8772503,0.9091115,0.9285732,0.8911221,0.9452383,0.986953,0.9648468,1.190887,2.04863,2.27596
543.658,-0.003504364,-0.01064012,-0.008967509,-0.008956051,4.913787e-4,-0.01073646,-0.01518389,0.005808631,-0.004103363,-0.002907769,-0.003945857,-0.004202794,-0.006679559,-0.004060827,-0.004854985,-0.001340768,-0.001216409,-0.001507637,-0.005114339,-0.001858333,-0.001513059,-0.002542976,-0.002008766,-0.001314063,-2.644812e-4,9.420743e-5,-0.001343416,-0.002252203,-0.002154816,-2.683759e-4,7.047349e-4,-0.002493672,-8.32917e-4,0.004978411,-0.008875949,0.002916274,-0.001044892,0.001463401,-0.006280923,-0.004168656,-0.007207815,2.328102e-4,-0.002654914,-4.682453e-4,-0.004904172,-0.003570446,0.001447383,-0.001022444,0.001569464,-1.643875e-5,-0.002487271,0.001908258,-6.87087e-4,-0.002665608,-4.936847e-4,-0.002795036,-2.945554e-4,-0.001883957,4.246871e-4,-0.003254408,-0.003842005,-0.005220242,-3.838179e-4,-0.001495942,-0.001253601,-0.001213615,-0.002008446,-0.003317009,4.396663e-4,-0.001713117,-0.002700885,-0.002125703,-4.928468e-4,-0.001251209,0.001609942,-0.002654832,0.002248797,-7.83095e-4,0.002055103,9.25319e-4,5.759562e-4,0.004325001,0.00573357,0.04007924,0.1994839,0.3884918,0.2919977,0.08311703,0.01751261,0.01434692,0.01626442,0.01885369,0.02071601,0.02344435,0.02716244,0.03080194,0.03407472,0.03870509,0.04282109,0.04781885,0.05396926,0.05946701,0.0642081,0.06996164,0.07695944,0.0838096,0.08815316,0.09513765,0.1036027,0.1077808,0.1159316,0.118877,0.1248572,0.1316217,0.138908,0.1453185,0.1540891,0.1600823,0.1706848,0.1816942,0.1904432,0.1995724,0.2083463,0.2175128,0.2243564,0.2335532,0.2457282,0.2550289,0.2622415,0.2736616,0.2886896,0.2971674,0.3066545,0.317087,0.3249703,0.3312796,0.3371186,0.3456056,0.3528791,0.3569373,0.3638617,0.367438,0.3729057,0.3762911,0.3843374,0.380546,0.3862468,0.3825891,0.3841765,0.3862825,0.3878079,0.3921237,0.3945427,0.3958782,0.4005368,0.404755,0.3994703,0.4063695,0.4082709,0.4193096,0.4272371,0.4420627,0.4551735,0.4608831,0.4785105,0.4880232,0.5045399,0.5240326,0.5383002,0.5615063,0.583365,0.6070891,0.6362666,0.6659676,0.6894527,0.7503336,0.8075251,0.8319969,0.8174174,0.8246242,0.8407921,0.853996,0.8455205,0.8689386,0.8539556,0.8728061,0.8489571,0.7486348,0.9869908,0.715807,0.73259320000000006
545.998,-0.006524408,-0.0132027,-0.006624163,0.002252882,-0.01110999,-0.008843657,0.004773034,0.004067013,0.00164866,0.01086764,0.001147974,-0.002205431,7.931316e-4,-0.005742423,-0.008533217,-4.464419e-4,-0.004685299,-0.003416211,0.002640368,-0.004586681,7.595693e-4,-7.450973e-4,-6.409028e-4,-0.002289982,-0.001424719,-0.001794552,-0.00206521,-1.900218e-6,-0.001400185,-0.002283626,-5.296147e-4,0.00204448,2.789116e-4,-3.077397e-4,-0.001263431,5.826306e-4,-0.004192726,-0.001462816,6.950205e-4,-0.003017062,-0.002341734,-4.432639e-4,-0.001783471,-0.003273391,-6.348553e-4,-0.003791345,6.212477e-4,-0.003444325,7.861329e-4,-0.00600303,1.80518e-4,-0.003639224,-0.001719561,-0.001508757,-0.002103768,-0.003271246,-0.005689752,-0.001736562,-0.001120513,-0.003961752,-0.003317859,-3.963968e-4,-0.001663611,-1.242624e-4,-9.786779e-4,-0.002064225,-0.001779628,-0.001265486,-5.536377e-4,0.002582924,7.362208e-4,-4.024075e-4,-8.824387e-4,-0.002606928,0.00151244,0.002021172,4.698391e-4,-6.005436e-4,0.002574838,0.002094411,0.004453876,0.005445523,0.02146471,0.1600583,0.3714208,0.3513971,0.125271,0.0206216,0.01363826,0.01406257,0.01898306,0.01861112,0.02122274,0.02318381,0.02829047,0.03172353,0.03547996,0.03922905,0.0430243,0.04902377,0.05427443,0.06132338,0.06572008,0.07196186,0.07546893,0.08255941,0.08988371,0.09569293,0.1011084,0.1083619,0.111675,0.1172368,0.1234486,0.1281856,0.1352917,0.142834,0.1506602,0.1574939,0.1677259,0.1797529,0.1861988,0.1943658,0.2037394,0.2128531,0.2207539,0.2272541,0.2388284,0.2481374,0.2576366,0.2678982,0.2795273,0.2916707,0.2967491,0.3099075,0.3131411,0.3226567,0.3295203,0.3322285,0.3406219,0.3483373,0.3529837,0.3575037,0.3642478,0.3657765,0.366682,0.3687479,0.3708641,0.3685632,0.3735188,0.3720981,0.3720914,0.3773391,0.3836368,0.384483,0.3854647,0.386722,0.3887515,0.3973136,0.4005121,0.404427,0.4200489,0.4284966,0.4355366,0.447967,0.4607662,0.4770589,0.492549,0.5047842,0.5258759,0.5480734,0.5635504,0.5936539,0.615911,0.6388617,0.6844377,0.7353555,0.7939091,0.7837683,0.7816079,0.8075461,0.8064837,0.8115821,0.8327653,0.8224398,0.7943945,0.8764518,0.7699316,0.7619086,0.750462,1.053318,-0.6296305
548.339,-0.0085431,-5.06199e-4,-0.01611002,-8.90521e-4,-0.01111514,0.002473184,-0.01521876,-0.004882739,-0.01854167,-0.01448798,-0.003395077,-0.004416722,-0.001772414,-0.001666924,-0.001958869,-0.005160464,-0.002240952,-0.00250797,-3.335025e-4,-0.002581916,-0.001773346,-0.003512088,-0.001466943,1.788892e-4,-0.001247775,-0.001615256,-0.002692671,2.849448e-4,-0.002051531,-0.003768502,-0.001762217,-0.004542637,-0.003890502,-0.006241375,-0.01112104,-0.01112462,-0.006822112,0.001946114,-2.357424e-4,-0.003008127,-0.007937843,-0.005494498,-6.559696e-4,-0.001088852,-0.002347404,-0.005691009,-0.007475428,0.00325572,-0.002170458,-0.005051928,-0.006213204,-0.001728496,-0.008431942,-8.259134e-4,-3.146678e-4,-0.002336287,-0.002544425,-0.004064613,-0.004203379,-0.002720588,-0.002654397,-0.004819556,-9.047683e-4,-0.004923168,-0.004709681,-5.834336e-4,-0.001053742,-0.001501587,4.464774e-6,-0.001934638,-9.343605e-5,-0.001104964,-8.892955e-4,-0.001428672,0.003027306,-0.0023819,-8.921618e-4,-2.523236e-4,-0.001101866,0.002173123,0.003660954,0.008739179,0.1061184,0.3239363,0.3848174,0.1769814,0.03107976,0.01062922,0.01092763,0.01496992,0.01485971,0.01887883,0.02198327,0.02420283,0.02679894,0.03125606,0.03635782,0.04003459,0.04511738,0.04774695,0.05372328,0.059078,0.06467221,0.0706503,0.07675358,0.08104782,0.08721955,0.09418309,0.1011379,0.1069489,0.1123899,0.1162309,0.1217945,0.1274927,0.1320317,0.1396318,0.1482444,0.155355,0.1641408,0.1756327,0.1815594,0.1936409,0.1998359,0.2057954,0.2130983,0.2205832,0.2320067,0.2423258,0.2496264,0.2606503,0.2701077,0.2814912,0.2905057,0.2976302,0.3022629,0.3115009,0.319127,0.3205623,0.3314888,0.3325083,0.3427751,0.3447634,0.3503659,0.3553978,0.3525485,0.3583176,0.3577207,0.3584433,0.3557546,0.3586123,0.3624654,0.3652187,0.3653422,0.3688298,0.3736574,0.3733286,0.3761171,0.3843927,0.3883239,0.394481,0.4053607,0.4118941,0.4302507,0.4368665,0.4474325,0.4625343,0.4747361,0.4933374,0.5085976,0.5277923,0.54727,0.5759362,0.6018556,0.6228202,0.6691548,0.7214893,0.7571204,0.7562692,0.7552257,0.7635056,0.7732034,0.7960141,0.796906,0.8083142,0.8093843,0.8043349,0.8319208,0.8372603,0.7602177,1.543096,0.07036027
550.68,-0.004031232,0.008666837,0.01092428,0.00314933,0.01210432,-0.002463422,0.001928252,0.005432196,0.006603244,0.007253264,-0.00339718,0.00100182,-0.002777533,0.001441521,9.795043e-4,-0.002713405,0.001848566,8.455538e-4,-0.003811641,8.605767e-4,0.001012751,3.200505e-4,0.002113613,-3.541015e-4,0.001788243,0.00143868,-9.0198e-4,-4.74265e-4,0.001297752,0.001484086,-0.002477106,-0.003191748,0.007253833,0.00783106,-0.00287064,0.004404853,0.007364658,0.004867673,-0.003504497,0.003947878,0.001147952,0.005055984,0.001340052,-0.004826682,0.005147922,-8.503017e-4,0.001453537,-0.004688121,-0.001784777,-0.001516046,0.001966326,-0.003490756,-1.820033e-4,0.003523034,3.06437e-4,0.001717631,0.003154777,0.003488482,-0.001972909,-9.600697e-4,2.680171e-4,0.001041609,0.001794906,6.333715e-4,6.128827e-4,0.003528659,5.831798e-4,-7.013666e-4,0.002569842,0.003776626,8.391648e-4,0.002938727,0.001685118,-7.802838e-4,-2.8057e-4,0.001110931,8.201876e-4,0.003164793,0.003354794,0.001599322,0.00684661,0.07148775,0.2777067,0.3895844,0.2425537,0.05298136,0.01044255,0.01118144,0.01498169,0.01607225,0.01838238,0.01938291,0.0227137,0.02661363,0.02955266,0.0339205,0.03703071,0.04159129,0.04635801,0.04907558,0.05530728,0.06096648,0.06602996,0.0698506,0.07730425,0.0828555,0.08727147,0.09392241,0.09940982,0.1061173,0.1095631,0.1163354,0.1200551,0.1260038,0.132516,0.1373125,0.1438369,0.1528947,0.1605412,0.1699369,0.1795772,0.1878294,0.1913339,0.2024099,0.2117796,0.2151558,0.2233283,0.2365486,0.2428459,0.2525265,0.2597867,0.272252,0.279731,0.2897491,0.2955833,0.3022172,0.3056297,0.314305,0.3165664,0.3257852,0.3265643,0.3322541,0.3364628,0.337917,0.3389269,0.3431986,0.34628,0.345475,0.3469151,0.3494337,0.3448731,0.3510824,0.3517639,0.3561474,0.3584819,0.3629364,0.3617925,0.3671348,0.375351,0.3869097,0.3881642,0.3969054,0.4123567,0.4228567,0.4383765,0.4506827,0.4600253,0.4770631,0.5024084,0.5130815,0.533402,0.553943,0.579604,0.6048559,0.6423744,0.7058907,0.7171301,0.7218438,0.7255093,0.7484296,0.764956,0.7700888,0.7877774,0.7821165,0.7749748,0.8188117,0.7953302,0.8279973,0.7502468,0.9204629,1.147474
553.022,0.005050789,0.006139994,0.01332949,-0.009945857,0.007304125,-0.001456987,0.001934623,-0.004491629,0.003323579,0.009504532,1.611026e-5,0.005250223,6.010878e-6,0.006510749,0.005159798,2.312571e-4,0.00185614,0.002558772,0.003151755,0.00259636,0.00242497,0.002140461,0.00184367,0.002571502,0.001166101,0.001267747,0.002897834,5.692053e-4,6.536647e-4,0.001757515,0.002843399,6.975817e-4,0.005597276,0.009748652,-0.002865231,-0.002055402,-5.255687e-4,4.957585e-4,0.005412196,0.004916379,-4.770168e-4,0.01290978,-0.002898641,0.01035664,-0.007312612,0.001486556,0.002088512,0.003276222,0.005154885,0.002645226,0.001983384,0.004042338,0.002600472,0.002703178,0.003097861,6.297491e-4,0.002729696,0.004251485,0.005507113,0.002745862,0.00561863,0.002235127,-2.454418e-4,0.001667036,7.619257e-4,7.590857e-4,0.001311106,0.002435421,6.716604e-4,0.003906048,0.003470984,1.421547e-5,0.003582488,0.0024476,0.003337178,0.00131087,0.002737718,0.004771231,0.004229771,0.009820132,0.04848817,0.2200659,0.3948225,0.2904467,0.08836551,0.01292872,0.009360952,0.01316458,0.01345411,0.0155477,0.01928507,0.02209962,0.02432099,0.02789957,0.03080735,0.03374564,0.03711817,0.04249613,0.04646929,0.04975667,0.05568766,0.06068142,0.06593816,0.07098257,0.07633629,0.08230757,0.08527192,0.09190033,0.09762543,0.1034767,0.1093563,0.1130897,0.1189934,0.124059,0.1282947,0.134413,0.1419789,0.1497451,0.1572876,0.1670111,0.1759279,0.1828583,0.1877768,0.1979415,0.2044444,0.2070313,0.2186465,0.2275285,0.2333513,0.2447435,0.2552446,0.2643137,0.2745834,0.2796965,0.2862541,0.2923704,0.2961467,0.3007646,0.3080214,0.312643,0.3139028,0.3223781,0.3235914,0.3291476,0.33029,0.3315051,0.3331541,0.3306792,0.3350068,0.334886,0.3338044,0.3404762,0.3425878,0.3438872,0.3475163,0.3498288,0.3509329,0.3563559,0.362147,0.3691892,0.3794494,0.3899939,0.3973132,0.4091753,0.4199474,0.4325962,0.4433874,0.464136,0.4802976,0.4939606,0.5152029,0.5332814,0.5611944,0.5936491,0.6483444,0.6848949,0.6831541,0.6866425,0.7080167,0.7342066,0.7389682,0.7371148,0.7687887,0.7743815,0.8217677,0.7900365,0.7463598,0.8041197,0.9484973,1.837939,4.669114
555.364,0.02577755,0.02200235,0.001906115,0.004083994,0.009235671,0.01190195,0.01007908,0.01956418,0.01160781,0.01164875,0.01282806,0.006063585,0.007344682,0.01229193,0.009332844,0.006568902,0.007382601,0.008575261,0.00383226,0.004472937,0.003566045,0.003960298,0.001566413,0.001418752,0.005290649,0.003160444,0.003166868,0.003508506,0.005653548,0.006497754,0.004251844,0.005495123,0.009788303,0.009127961,0.008315816,0.005889467,0.008712657,0.004156002,0.01361812,0.009586636,0.009436022,0.01271719,0.007648383,0.006375477,0.002376392,0.009754887,0.007313294,0.005730696,0.002780607,0.005451031,0.005191214,0.006305336,0.004504374,0.007066252,0.002283247,0.003138328,0.003328055,0.007896947,0.006476959,0.003428964,0.004012173,0.005513557,0.003500728,0.005709635,0.001515335,0.005640823,0.001671614,0.001275998,0.004602014,0.003575465,0.007553483,0.004797231,0.004182354,0.004180956,0.005235126,0.005471844,0.003910914,0.006532377,0.006645572,0.03499443,0.1885339,0.3682772,0.3241079,0.1216334,0.02315743,0.01255426,0.01370827,0.01572134,0.0162015,0.01833921,0.02052328,0.02448597,0.02541521,0.03034079,0.03229954,0.03699924,0.03940969,0.04276905,0.04636684,0.05128068,0.05849072,0.06038151,0.06656342,0.07207543,0.07598611,0.08120459,0.08550927,0.09146322,0.09803698,0.1025674,0.1073825,0.1116793,0.1164243,0.1197915,0.1257952,0.1316907,0.1400915,0.1472042,0.1544234,0.1625527,0.1725041,0.1790674,0.1861496,0.1934713,0.1976187,0.2040244,0.2113177,0.2213427,0.230259,0.235186,0.2479605,0.2561049,0.2651793,0.2698559,0.2751682,0.2802481,0.2873025,0.2962952,0.2969873,0.301855,0.3061137,0.3133604,0.3165188,0.3167782,0.3156815,0.3189127,0.3201129,0.3205264,0.3198037,0.3236463,0.3234362,0.3272946,0.3311202,0.3333635,0.3362199,0.3363182,0.3417754,0.3475781,0.3484109,0.355016,0.3659895,0.3787617,0.3859831,0.4002328,0.4079759,0.4196363,0.4318643,0.4439359,0.4671459,0.4791415,0.4922322,0.5157621,0.5341182,0.5857428,0.6309521,0.658809,0.661913,0.673614,0.6860241,0.710336,0.7136369,0.7202614,0.7477021,0.7643693,0.7989142,0.7616793,0.789378,0.9574293,1.100928,1.514964,5.271347
557.707,-0.002537512,-0.008213581,-0.009570805,0.005916469,0.002449913,-4.630684e-4,-0.005757354,-0.003211365,4.172206e-4,-0.007275634,-0.002559623,4.011898e-4,-0.003983144,1.087525e-5,-0.002463799,-0.001572936,-3.914035e-4,-0.001355662,-0.001846997,0.002900779,5.12577e-4,-7.520534e-4,-4.629452e-4,-2.688399e-4,-4.497662e-4,-3.620697e-4,-0.001178317,0.001050166,-0.001192656,-8.153591e-4,-0.005345092,2.299991e-4,-0.007290476,-6.242277e-4,-0.002572187,-0.01626954,-0.001322121,9.768895e-4,-0.002340837,-0.002572231,0.003081325,-0.001110869,-9.055856e-4,-0.00306509,-4.283369e-4,0.001068228,0.001051865,-1.953533e-4,0.003392707,-0.001511254,0.001269085,0.001077987,-0.002078989,0.001697803,-0.003593132,-0.001571448,-6.020028e-4,-0.002195071,-1.402237e-4,-0.001782336,4.084471e-4,-0.001972505,0.001174614,-0.001270795,-0.002999598,0.001714174,-0.002626444,-0.002202894,-0.001122277,-8.658024e-4,2.171064e-4,0.001338615,0.001709035,-0.001063386,0.002695078,1.228296e-5,0.003120229,0.001882648,0.01771505,0.1475863,0.3681126,0.3514686,0.1561378,0.0264227,0.009441467,0.009560119,0.01037959,0.0147067,0.01411097,0.01670283,0.01889029,0.02399057,0.02506613,0.02665662,0.03105809,0.03438803,0.0376007,0.04123422,0.04601882,0.05022636,0.053828,0.05867544,0.06562293,0.06949634,0.07235105,0.0801002,0.08279598,0.08832398,0.09367632,0.100008,0.104207,0.1094613,0.1147214,0.1179861,0.1221953,0.1273565,0.1358049,0.1400583,0.1502547,0.156918,0.1636112,0.1730767,0.1789428,0.1847875,0.1916146,0.1977041,0.2048974,0.2133157,0.220543,0.2281618,0.2373946,0.2426406,0.2513733,0.2586221,0.2622171,0.2687666,0.2746703,0.2824471,0.2835328,0.2878745,0.2941513,0.2986631,0.299433,0.3027323,0.3043942,0.3032924,0.3085657,0.3086059,0.3082855,0.3095867,0.3148775,0.3142584,0.3151854,0.3221324,0.3233047,0.3273028,0.3291094,0.3328248,0.3396404,0.3463963,0.3556093,0.3659399,0.3712825,0.3856186,0.3905665,0.4059291,0.4180565,0.4283307,0.4470825,0.462426,0.4859119,0.5090438,0.5270361,0.5614896,0.6085456,0.6151421,0.6266009,0.655174,0.6567554,0.6753174,0.6832899,0.6984795,0.6980283,0.6951072,0.7484726,0.6808614,0.7178118,0.6912505,0.7429761,0.6050109,1.110473
560.051,-0.009675163,0.001549197,0.003359526,4.615602e-4,9.880295e-4,-0.002969986,-0.005302717,-0.01551561,-0.002908701,-0.004033064,-0.002262158,-8.132176e-4,0.004399835,0.002436714,-9.816745e-4,-0.005923334,-0.004520465,-0.003235401,-0.004700883,-5.801766e-4,-0.004104653,-0.001401528,9.364704e-5,9.551501e-5,-0.002528584,-0.002178928,-9.974904e-4,-0.001618676,-0.001529231,-0.00340903,9.255337e-6,-0.007372616,0.001417966,-0.00346469,-0.008059749,-0.004746813,-0.006380021,-9.755785e-4,-0.007793054,0.001419648,-0.002121453,-0.002078865,-0.004051034,-0.01018237,0.001090319,-0.003196951,-0.0027347,8.338984e-4,-0.002181816,0.001152243,3.670929e-4,-0.00210212,-0.00609561,-0.005921355,2.677343e-5,0.004739565,-0.005617137,-7.268464e-4,-0.001843689,-0.003720377,-0.001205582,-0.001305906,-2.562998e-4,-0.001397291,-1.060118e-4,-0.002689501,-0.004074989,1.276813e-4,-0.00281971,-0.001303717,0.001175073,-0.00101169,6.055342e-4,-0.002830188,-3.543084e-4,-6.986965e-5,0.001031104,0.006630227,0.08798684,0.3217206,0.4043614,0.1939852,0.04356371,0.008229702,0.01004857,0.01058681,0.01200067,0.01327492,0.01520965,0.01758815,0.01901328,0.02096788,0.02526909,0.02680282,0.02941387,0.03203155,0.03762341,0.04251445,0.04570916,0.05065284,0.05362338,0.05965102,0.06335617,0.06826005,0.07275543,0.07735648,0.08345172,0.08782231,0.09416941,0.09922204,0.1043088,0.1042797,0.1103297,0.1158516,0.1198647,0.1253104,0.1314489,0.1374248,0.1444761,0.1524061,0.1603293,0.1678589,0.173871,0.1791318,0.1860919,0.1885475,0.1997521,0.2066712,0.2109604,0.2188221,0.2298522,0.2352395,0.246742,0.2513637,0.2553013,0.2610635,0.264881,0.2730282,0.2768473,0.2807032,0.2825267,0.2877662,0.2894234,0.2919627,0.2946596,0.2958108,0.2934774,0.2953475,0.297523,0.2983959,0.3041492,0.303418,0.3061069,0.3089347,0.3134739,0.3133975,0.3188901,0.3189467,0.3254139,0.3334871,0.3443313,0.3553428,0.3626675,0.3736378,0.3834068,0.3900854,0.4069449,0.4174513,0.4357837,0.4489641,0.4693506,0.484592,0.5162209,0.5568729,0.5888149,0.5927275,0.6007303,0.629242,0.6298009,0.6489747,0.6496594,0.679367,0.6708883,0.6726219,0.7051852,0.7036678,0.6663112,0.6549967,0.7728657,0.7772554,0.708496
562.395,0.009203834,4.256697e-6,0.002411513,-0.007320538,4.921686e-4,-0.005490209,-0.007763895,0.0069641,-0.003360635,5.326932e-6,-0.001425998,-0.002250443,6.010065e-4,-0.009265655,-2.466304e-4,-0.005712501,-6.189094e-4,0.001334283,-0.005727775,0.002921047,5.148136e-4,-0.001191987,7.469711e-4,9.847253e-4,-0.001542465,2.72559e-4,-0.001186476,9.784972e-5,-4.430345e-4,-0.001095447,5.36952e-4,-0.006019516,-0.004803972,0.003178214,-0.002268847,-0.005964522,-2.681037e-4,-0.001980515,-0.004498635,2.348949e-4,-0.003585268,-9.371119e-4,-0.002050883,-4.667247e-4,-4.323797e-4,-8.577824e-4,-0.002539288,-8.242668e-4,3.624814e-6,-0.001715025,-0.001985436,6.924413e-4,-0.004032637,-0.002543737,-0.005438409,-0.003015106,-0.001222012,-0.0029514710000000002,-0.002284598,-4.079087e-4,-0.002296967,-0.00186439,-0.00236284,-0.001804838,0.001772427,-8.714741e-4,7.302712e-4,0.002109081,4.500225e-4,0.001428105,0.001591583,6.250509e-4,0.00494496,0.001473949,0.003670854,0.001793848,0.003073994,0.05997685,0.2268421,0.3860204,0.2457481,0.06176055,0.007597132,0.008414542,0.008764758,0.009908996,0.01184203,0.01419677,0.01566835,0.01746804,0.01932748,0.0226711,0.02432366,0.02684625,0.03278172,0.0357199,0.03827371,0.04081801,0.04460031,0.04931431,0.0535456,0.05788202,0.06328687,0.06738158,0.07249853,0.07884159,0.08261119,0.08611432,0.09153552,0.09535349,0.1013153,0.1039648,0.1089681,0.1125715,0.1182173,0.1222999,0.12821,0.1346686,0.1416121,0.1503544,0.1568346,0.1628903,0.170035,0.1731505,0.1787151,0.185414,0.1933724,0.1980209,0.2056302,0.213013,0.2182001,0.228217,0.235082,0.2436303,0.2492574,0.2558873,0.2598024,0.262301,0.2636986,0.2677718,0.273428,0.2797991,0.2795495,0.2819082,0.2853475,0.2840417,0.2868525,0.2876116,0.2888802,0.2885017,0.2892175,0.2937277,0.2967087,0.2989042,0.3017099,0.3008822,0.3049402,0.3134723,0.31671,0.3224963,0.3309423,0.3413426,0.3446664,0.3564747,0.3718413,0.3824879,0.3915704,0.4049476,0.422357,0.4397637,0.4562876,0.4717241,0.5052887,0.5540911,0.5546966,0.5621473,0.589827,0.6120442,0.6218147,0.6320864,0.624011,0.6487304,0.6474882,0.6613198,0.6650022,0.6116435,0.6459344,0.6142026,0.6661489,0.5834342,-0.4523954
564.74,0.008204385,0.006227029,-0.01547,-0.006890359,0.004940758,0.01109702,0.001468559,0.001817649,0.005042667,-0.001116114,-0.003152339,2.070342e-4,8.096216e-4,-0.00562407,4.987875e-4,-0.001136682,0.002064794,0.001518012,-1.710036e-4,-0.003364972,-2.558914e-4,-5.435952e-4,-0.003461851,1.814651e-4,-8.186267e-4,0.001834093,-0.00220287,-0.00154035,3.304781e-4,-8.24362e-4,-0.003778188,0.003485863,0.00880622,0.002879463,0.001935459,-0.001790657,0.001071821,-7.550895e-4,-0.002141842,-0.001419129,-0.002612449,0.001840884,-0.00250227,0.005139417,-0.002617573,-0.002792781,-0.006146015,-6.752194e-6,-0.004019444,-0.003821022,-0.005633875,-0.003720947,8.763428e-4,6.821961e-4,-0.001135291,-0.002068359,0.002007699,-2.946129e-4,-0.001428112,-0.001114608,3.426305e-6,4.074174e-4,0.001977132,-0.00179543,0.001390247,-0.002605817,7.323482e-4,7.036935e-4,0.001374115,9.935801e-4,0.002239224,4.252497e-4,0.002833959,0.00414706,0.003000781,0.002374595,0.04292464,0.1832928,0.3056652,0.2604132,0.08242332,0.008337068,0.008295319,0.008132186,0.008270008,0.009786598,0.01194938,0.01212551,0.0163109,0.0179006,0.02013888,0.02322366,0.0246289,0.02787886,0.03184943,0.03493454,0.04072649,0.04069418,0.04680464,0.05153372,0.05276692,0.05832529,0.06299623,0.06578745,0.07153498,0.07646131,0.07995143,0.08418673,0.08980762,0.09456392,0.09784044,0.1031774,0.105977,0.109591,0.1156309,0.1202204,0.1242167,0.1315074,0.1389643,0.146199,0.1527267,0.1601044,0.1649679,0.1690972,0.1724829,0.1810172,0.1868878,0.1952953,0.1978688,0.2057053,0.217625,0.2191786,0.2265462,0.2344344,0.2385085,0.2441663,0.2463125,0.2505484,0.2581464,0.2594451,0.2630718,0.267939,0.2664356,0.2725375,0.2729431,0.2764883,0.2764447,0.2795212,0.279521,0.2787178,0.2768758,0.2813433,0.2855806,0.2897835,0.2923933,0.2920154,0.2957543,0.298781,0.306697,0.3097344,0.3217492,0.3280414,0.335532,0.3490638,0.3540896,0.3678722,0.3794045,0.3976377,0.4099683,0.4222611,0.4403083,0.4707684,0.5008584,0.5315935,0.5308535,0.5408634,0.5528202,0.5748829,0.5928355,0.6208934,0.6218581,0.6080195,0.6488342,0.6538008,0.671362,0.6210964,0.7108733,0.5908459,0.7614159,1.099531,2.596389
567.085,0.005151595,0.01355195,0.01214127,0.004609146,0.005444438,-0.003523189,0.01757421,0.01624246,0.008877018,0.001872163,-0.001739976,0.004325029,0.004046955,0.008594735,0.00424154,0.009665132,0.006062318,0.003139777,0.004068794,0.003235663,0.003245091,0.001745207,-8.466647e-4,0.003077437,0.003289575,0.001015802,9.216336e-4,-3.855497e-4,0.002654779,0.002482768,0.005242168,0.001861254,0.01110946,-0.001287194,3.281448e-4,2.960789e-4,0.009418215,0.006477609,0.005733549,0.0047716980000000004,-9.59018e-4,0.004258013,0.00847637,0.005393901,4.286809e-4,0.003031412,6.382508e-4,0.001877826,0.004447203,0.005173079,-7.258846e-4,0.005011439,0.00440891,0.003602253,6.611963e-4,0.00191757,7.693527e-4,0.007446569,0.007034312,0.003206107,0.003947018,0.001730698,0.002504127,0.004024198,0.001279443,6.139543e-4,0.002544703,8.244581e-4,0.001834275,0.00352741,0.004495675,0.004796444,0.002942628,0.005971246,0.002352947,0.03078738,0.1624223,0.3040998,0.2440277,0.09578724,0.01738531,0.009457607,0.009805199,0.01021673,0.01216501,0.01285827,0.01382828,0.01389862,0.01572088,0.01707759,0.02035113,0.02579842,0.02526595,0.02962379,0.03275357,0.03609167,0.03850813,0.0431488,0.0471111,0.04857011,0.05449672,0.05807371,0.06237239,0.06756256,0.07064669,0.07497671,0.07726587,0.08298587,0.08872123,0.09276788,0.09700678,0.1011356,0.1047839,0.1084837,0.1118808,0.1171339,0.1229728,0.1290305,0.1328632,0.142765,0.1473007,0.1534873,0.1614206,0.1648404,0.1686018,0.1747297,0.1816367,0.1888692,0.1922726,0.2025985,0.2113525,0.2157,0.2205248,0.2241442,0.2269166,0.2353549,0.2401517,0.2459568,0.2489292,0.2515861,0.2561879,0.259072,0.26327,0.2621891,0.2657519,0.266198,0.2670844,0.2667402,0.268578,0.2700353,0.2743858,0.2723969,0.2765212,0.2807172,0.2786529,0.2824809,0.2897243,0.2888142,0.2974094,0.3018389,0.3079559,0.3182739,0.3292472,0.3366102,0.3506158,0.3575752,0.3715126,0.3852684,0.3978867,0.404998,0.4264676,0.456213,0.5068439,0.5085853,0.5138486,0.5309246,0.5476327,0.5809935,0.5762978,0.5766654,0.5912311,0.6066797,0.6439181,0.6338869,0.6164981,0.6578727,0.7360528,0.7418628,0.7381026,0.9211252,4.838103
569.431,-0.01344554,-0.01674706,-0.01072538,-0.0101843,-0.002983257,-0.006590684,0.002443229,0.005168862,-0.008478985,-0.002221811,-0.00494969,-0.00144696,-0.004872337,-0.004693029,-0.004776952,-0.003935502,-0.001253607,-0.001541387,-0.002045817,-0.001180153,-0.003647817,-8.762613e-4,-0.003772846,-0.001625966,-8.240902e-4,-0.002869256,-0.002682909,-4.822068e-4,-0.002776372,-0.00373893,-0.004170174,-0.003740007,-0.00657721,-0.011582,-0.002619518,-0.001205956,-0.00918285,0.002244785,-7.210081e-4,-2.330086e-4,-0.005060334,-0.007082074,2.315484e-4,-0.002686256,-0.007050642,-0.002822456,-0.005347921,0.001669521,-0.003436913,-0.003639127,-0.001649772,-0.002864529,-0.005317553,-0.0018804,-0.001820317,-0.004972101,-0.002162982,-0.003143066,-0.002455095,-0.004064956,-8.214767e-4,-0.004295766,-1.333253e-4,-0.002994284,-0.003838586,-0.001870939,4.93897e-4,0.002135446,5.806427e-4,-3.241983e-4,0.002266242,2.136028e-4,0.002460691,-0.001964717,0.01745076,0.1191797,0.2890823,0.2893949,0.1085546,0.02192952,0.006842971,0.005622744,0.00882845,0.007508615,0.009679947,0.01024037,0.009012854,0.01312459,0.01316992,0.01747397,0.02175409,0.02202432,0.02401905,0.02613573,0.03153448,0.03267607,0.03684609,0.04118098,0.04543325,0.04688325,0.04991964,0.05558299,0.05979994,0.06534897,0.0685575,0.07258213,0.07607761,0.07937401,0.08683093,0.08974601,0.09382112,0.09557367,0.1011052,0.1047523,0.1066413,0.111826,0.1175081,0.1222229,0.1293466,0.1337822,0.1435707,0.1505231,0.1554047,0.158594,0.1630751,0.1682922,0.1748202,0.1805726,0.1854548,0.1916237,0.1990085,0.2068049,0.2138086,0.2168856,0.2216323,0.2256933,0.2295941,0.2351005,0.2379913,0.2406218,0.2438902,0.2460119,0.2506535,0.2532029,0.2536047,0.2516325,0.2548242,0.2544457,0.2554622,0.2574206,0.2605461,0.2624045,0.2634732,0.2669758,0.2704614,0.2746069,0.2770474,0.2782915,0.2855007,0.2924407,0.2977741,0.3068287,0.3153455,0.3217027,0.3283612,0.3432144,0.3557466,0.3720494,0.382975,0.3939237,0.4140854,0.447929,0.478462,0.4839321,0.4776128,0.5036879,0.5189127,0.548669,0.5566975,0.5498365,0.5759778,0.5779884,0.5930661,0.5695655,0.5753278,0.6153844,0.6344892,0.524418,0.687634,-0.04515801,-1.941602
571.778,0.005714216,0.007891399,0.01273258,0.01025281,0.01249526,0.01426249,0.003920942,2.397021e-5,-4.251489e-4,0.002671439,-0.002927991,0.001247037,0.002855992,2.556885e-4,-7.521377e-4,0.001170274,0.001278423,4.768054e-4,0.002905435,2.983688e-4,0.001181725,1.053712e-6,-8.524693e-4,0.001456487,7.910499e-7,-1.827966e-4,0.001024338,6.377628e-6,-7.833472e-4,-0.00236485,7.362917e-4,-7.090206e-4,-0.001424393,9.708848e-4,0.008554883,-0.001207272,-0.001627421,0.006030914,0.004601792,-0.005517314,-0.00217551,-0.001889764,0.001858344,1.241437e-5,0.003113489,-0.002610077,0.003871308,2.209507e-4,-0.002651082,0.001172484,2.180454e-6,9.05369e-4,0.001780443,0.003124231,-0.001326185,6.456084e-4,-0.001545395,-0.002994775,-0.001444358,-2.825192e-4,0.00371663,2.798313e-4,8.056498e-4,0.001967795,-6.336992e-4,-0.001246613,0.004173655,3.629399e-4,0.002542304,6.729973e-4,0.002934229,0.002222879,0.002165967,0.01320279,0.09415955,0.2609308,0.3092338,0.1536325,0.02876951,0.006141594,0.007800486,0.009310829,0.009990831,0.01169115,0.01099699,0.01290847,0.01430089,0.01608929,0.01760039,0.01723761,0.02109688,0.02425661,0.02676039,0.02874592,0.03184508,0.03486946,0.03600579,0.0412229,0.04512633,0.04839805,0.0520815,0.05692137,0.06070097,0.06593422,0.06765404,0.07160301,0.07505959,0.07959328,0.08404043,0.08824449,0.09306763,0.09556967,0.09906505,0.1031017,0.1070403,0.1109213,0.1152729,0.1198875,0.1271631,0.1343802,0.1398929,0.145535,0.1511238,0.1552905,0.1605851,0.1620082,0.169484,0.175309,0.1806657,0.1877469,0.1925484,0.1990045,0.2030549,0.2124467,0.2131089,0.2175511,0.2242826,0.2269428,0.2280278,0.2333031,0.2358658,0.2402803,0.2410116,0.2435147,0.2443331,0.2456491,0.246183,0.2461795,0.2490395,0.246587,0.2502259,0.2542894,0.2564589,0.260104,0.2602192,0.2639148,0.2665949,0.2676777,0.2779177,0.2841636,0.2918848,0.2979382,0.3092562,0.3152664,0.32366,0.3315384,0.3461324,0.3557654,0.3699113,0.384383,0.4095893,0.4425067,0.4688053,0.4615591,0.4636773,0.4847735,0.5093078,0.530867,0.5439812,0.5472778,0.5572399,0.5472923,0.5613185,0.5865048,0.6118965,0.6287837,0.6497028,0.6422349,0.8291912,0.5700033,2.244459
574.125,0.01255279,0.01058384,0.004437927,-0.003753188,0.01759033,0.01077005,0.01138325,0.002871455,0.003855408,-0.001135414,0.007657422,-0.002926595,0.008006292,2.443315e-4,0.009906847,0.005149813,-2.13151e-4,0.007405306,0.002760717,-0.001195684,5.237953e-4,9.965668e-4,0.001526398,0.002472141,5.566199e-4,1.870174e-4,0.002715805,9.811597e-4,-1.154507e-4,6.999702e-4,0.003119695,-0.002130711,0.004907635,-5.22787e-6,0.013898,0.00884084,0.005735452,0.009879116,2.420322e-4,0.004106541,0.004118644,0.006928908,0.003259309,0.006596393,0.004683565,0.004388586,0.0054027,0.005921228,0.004708077,0.002926565,-0.002062333,0.002170488,0.006803942,0.003308724,0.004372366,0.001459967,0.003120185,0.001215045,0.002194482,0.002979684,-2.787965e-4,0.002856351,1.327595e-4,5.24791e-4,0.002065571,1.372593e-4,0.001972566,0.004307731,-0.001499814,0.00515365,0.002835221,0.004237043,0.008572454,0.06920284,0.2286658,0.309484,0.1825072,0.04903834,0.008920133,0.007295743,0.009601034,0.007549119,0.009958501,0.01160771,0.009710858,0.01203729,0.0158846,0.01709788,0.01710264,0.02041308,0.02078211,0.02331044,0.02593392,0.0279625,0.03045069,0.03736181,0.03680242,0.04012068,0.04518073,0.04812951,0.05298614,0.05418987,0.06043084,0.06296801,0.06571037,0.0713979,0.07604353,0.07761849,0.0837123,0.08707738,0.09030756,0.09355291,0.09878879,0.09906038,0.1038846,0.1081233,0.112502,0.117379,0.1223051,0.1303917,0.1358016,0.141848,0.1459113,0.1478181,0.1534223,0.1586996,0.1639312,0.1679162,0.1764905,0.1817902,0.18512989999999999,0.192488,0.1958036,0.2048121,0.20854,0.2102532,0.2154044,0.2148352,0.2217468,0.224191,0.2267237,0.2286977,0.2312252,0.2344893,0.2367939,0.2388345,0.2365904,0.2374712,0.2407007,0.2419788,0.2411043,0.2417304,0.2466916,0.2498346,0.2509146,0.2525779,0.2574778,0.2611632,0.2669534,0.2740751,0.2808299,0.284193,0.2945551,0.3035172,0.3133215,0.3248467,0.3372482,0.3489942,0.3565607,0.3720385,0.3993723,0.4349388,0.4458147,0.4369117,0.4542439,0.4765907,0.5000577,0.5056472,0.5156051,0.5153931,0.5314844,0.525869,0.5741842,0.581765,0.5611598,0.5833888,0.5984429,0.5040817,0.9209452,1.187181,2.769867
576.472,0.01051884,0.01969273,0.01338736,9.502816e-4,0.008089675,0.01185799,0.02244581,0.003813758,0.01207502,0.002637933,-0.001764776,0.001262161,0.001651385,0.004264158,-0.002042745,0.004232214,0.004286755,0.001789941,0.003984076,9.00494e-4,0.002655194,-2.225408e-4,0.001343008,0.001106087,6.531574e-4,0.002728242,7.548908e-4,-0.001182357,-2.263074e-4,0.001830813,-3.677049e-4,0.008326741,0.006401784,0.01079794,0.00300181,0.009806211,0.00329604,7.602039e-4,0.001210924,0.00607307,0.005636802,0.002149297,0.001395441,0.00779303,6.796212e-4,0.007724383,0.005653033,2.156396e-4,-5.867098e-6,0.001574944,0.002791083,0.00382511,-3.607472e-4,0.001578493,0.002371616,3.279216e-4,1.660628e-4,0.001219354,0.002940298,-7.086151e-4,0.003479317,8.165147e-4,0.001348696,5.382138e-4,6.692288e-4,0.00343844,-0.001095815,0.004216677,0.006187731,0.003834734,0.006448384,0.005125992,0.05777665,0.2125776,0.3066215,0.2118777,0.06050347,0.01114652,0.007629659,0.006553374,0.008743055,0.01113616,0.009309507,0.01104803,0.01181123,0.01452724,0.01468512,0.01732689,0.01781359,0.01908157,0.02179716,0.0260861,0.0263284,0.0285778,0.03316068,0.03464709,0.03833643,0.04305634,0.04406194,0.04690221,0.04923998,0.05485664,0.05895072,0.06098414,0.06664576,0.06828266,0.07307697,0.07605498,0.08077333,0.08547519,0.08713478,0.09131288,0.09304566,0.09761408,0.1006089,0.104599,0.110729,0.1127955,0.1191751,0.1267411,0.1311006,0.136681,0.1416376,0.1444625,0.1467698,0.1548752,0.1597564,0.1621223,0.1686091,0.1744818,0.179711,0.1827351,0.1891509,0.1945962,0.2000117,0.2029512,0.2089438,0.2119417,0.2150504,0.2191676,0.2141512,0.2197512,0.2259079,0.226694,0.225344,0.2275672,0.2328333,0.2307603,0.2311028,0.2310689,0.2346721,0.2365579,0.2371626,0.2383603,0.2420732,0.2472928,0.2493653,0.2505583,0.2560744,0.2599114,0.2735629,0.2765888,0.2873818,0.2897571,0.3015043,0.3115538,0.3232015,0.3349537,0.3440076,0.3644445,0.4005343,0.4301428,0.4214551,0.4160343,0.433225,0.4574815,0.4745554,0.4911592,0.5014277,0.5147894,0.5138796,0.528398,0.5549302,0.537885,0.5648851,0.5425229,0.5228906,0.6408366,0.8135185,0.9314573,1.191424
578.821,-0.006338295,-0.02298083,-0.01344383,-0.01134604,-0.01675162,-0.01293623,-0.01452443,-0.01567512,-0.01818469,-0.008378279,-0.008030632,-0.009076141,-0.006840438,-0.004777706,-0.007698303,-0.008502582,-0.001927536,-0.003779689,-0.01183671,-0.004825769,-0.006786267,-0.002684762,-0.003564178,-0.00287299,-4.673464e-4,-0.002079772,-0.001138693,-0.004258601,-0.001020251,-0.004524897,-0.002593191,-0.006691816,-0.008480316,-0.01938232,-0.0100267,-0.007079509,-0.009376045,-0.009201213,-0.01202392,-0.00267706,-0.009079793,-7.131227e-4,-0.003047272,-0.006199746,-0.009899641,-0.002883725,-0.007420218,-0.01133212,-8.259101e-4,-0.005704867,-0.007464204,-0.005844781,-0.004151193,-0.007380933,-0.006285492,-0.004587478,-0.0036341,-0.004881808,-0.004564857,-0.003141449,-0.00489175,-0.002885482,-2.634584e-4,-0.001857733,-0.003002143,-6.319453e-4,-0.004225235,-0.002523656,3.505466e-6,-0.003044598,9.001041e-4,0.05348303,0.2483386,0.3398031,0.2285193,0.07408777,0.008312614,0.002508071,0.005954556,0.004829258,0.004948746,0.005572255,0.004128427,0.008448641,0.009812437,0.01008084,0.01302161,0.01242482,0.01549456,0.01671486,0.02047285,0.0196437,0.02410493,0.02587358,0.02958332,0.03195788,0.03495115,0.03793486,0.04272018,0.04577361,0.04608085,0.04913202,0.05460811,0.05990038,0.06383787,0.06486078,0.0688928,0.07356548,0.07731034,0.08054496,0.08408559,0.08918878,0.09015245,0.09385777,0.09720244,0.100555,0.1049485,0.1108105,0.1156601,0.1211771,0.1248677,0.1319132,0.1299649,0.1376457,0.1436327,0.1466672,0.152213,0.1559548,0.161599,0.1684938,0.1727075,0.1754428,0.1829757,0.1864696,0.1897574,0.1940614,0.1954543,0.2000429,0.2023976,0.2034207,0.2096228,0.2102767,0.2162486,0.2148654,0.2174037,0.2142881,0.2181685,0.2185456,0.2184433,0.2208663,0.223292,0.2252331,0.2273183,0.2314714,0.2335134,0.2360531,0.2380561,0.2441168,0.250496,0.2510125,0.2596676,0.2708375,0.2742448,0.2792459,0.2937211,0.2990159,0.3067014,0.3155096,0.3301877,0.3513074,0.3928702,0.3980585,0.3882556,0.4010512,0.4120162,0.44023640000000003,0.4528017,0.46047,0.4728401,0.475935,0.4826061,0.5029817,0.5051031,0.5130334,0.4624027,0.4746111,0.4668084,0.3993177,0.2426004,0.2505534,-1.435022
581.169,0.001059792,-0.002685908,0.01551272,-2.575211e-6,0.003570137,0.004660819,0.003015551,0.009999696,-9.334829e-7,0.003848278,0.008684898,0.004241713,-0.001879449,0.00531074,-0.004898459,9.46063e-4,0.004310317,-0.002242649,0.004895713,-7.585479e-4,0.002679074,8.993206e-4,9.682115e-4,0.001765182,-0.001036411,-6.638553e-4,-0.001045226,0.001292065,4.530275e-4,-0.001563331,0.00241951,0.01032732,3.245408e-6,0.004623717,0.007729964,0.008350848,0.001663682,0.002311257,2.336741e-4,4.966092e-4,4.797873e-4,4.752788e-4,0.002365679,0.002529012,6.791613e-4,-8.933956e-4,0.003069283,0.00493644,0.004370485,0.00434679,-3.190623e-6,0.001291041,0.002538582,0.002471911,8.554089e-4,0.003623317,0.002377844,0.003998267,0.003555778,0.00474725,0.002250156,0.001523197,0.00162455,0.002935369,0.001976362,0.002051432,-6.304441e-4,0.005348719,0.002003324,0.00773269,0.05436319,0.3084955,0.5139334,0.2977894,0.1010928,0.01546353,0.005816636,0.005494403,0.005351234,0.00643894,0.008808809,0.009753256,0.0121953,0.009274723,0.0112275,0.0123616,0.01372556,0.01720184,0.0175629,0.01898841,0.02160824,0.02308603,0.02786877,0.02912958,0.03084499,0.03372748,0.03595241,0.04081136,0.0430716,0.04559027,0.04925061,0.05195885,0.05593139,0.05944483,0.06301499,0.06524194,0.06919339,0.07254116,0.0763328,0.08053234,0.08258149,0.08580385,0.08763669,0.09206513,0.09580091,0.09823816,0.1021487,0.1065137,0.1119816,0.1181596,0.1230509,0.126918,0.1305159,0.1333631,0.138455,0.1421454,0.1490437,0.1528462,0.1554533,0.1609424,0.1699183,0.1729704,0.1764658,0.1817418,0.1853457,0.1875049,0.1889667,0.1917884,0.1949441,0.2003484,0.2028459,0.2041554,0.2059347,0.2082744,0.2112956,0.2103573,0.2114348,0.211005,0.2129969,0.2151155,0.2148222,0.2184675,0.221217,0.2254107,0.2264104,0.2291774,0.2321396,0.2352181,0.239176,0.244285,0.2504523,0.2591177,0.265058,0.2727666,0.2807021,0.2921173,0.3002237,0.308386,0.3248623,0.3525608,0.3875056,0.383869,0.3795484,0.3854153,0.415299,0.4261738,0.44657,0.4551326,0.4648789,0.4693949,0.4887454,0.4878439,0.4798363,0.5038952,0.50311380000000006,0.5121742,0.4974827,0.4819505,0.7891965,1.149394,2.1408
583.519,0.001061729,0.01452798,0.00650919,0.01000073,0.01688004,0.002087272,0.002029366,0.01487782,0.009587336,-3.898364e-4,0.005983936,0.00170011,3.880657e-6,0.003550284,0.00748542,-0.002146668,0.006260481,-0.003410074,-8.764241e-4,0.002277468,2.709925e-4,0.002363861,0.001260976,0.00111678,0.002357377,4.719939e-4,0.003237978,0.001994864,3.435905e-4,-0.00256214,9.334624e-4,0.00456997,0.01029456,-0.001981071,-0.004022475,3.089282e-4,0.009160964,0.00849224,7.575894e-4,2.486945e-4,0.001486985,-2.450652e-4,0.004961067,0.005560301,0.009061765,2.195786e-4,-8.71846e-4,0.003660169,-0.005631938,0.003988952,0.005270304,0.004229992,-0.00200534,0.003546651,0.00410938,0.003794459,-0.001890326,-6.094165e-4,0.002959339,0.004618164,0.005487177,0.004430157,-9.501857e-4,0.006693383,3.96368e-4,0.002071679,0.004403422,0.003297039,0.00319712,0.02646511,0.3137336,0.6902138,0.5569526,0.1428745,0.02245544,0.007623614,0.006321545,0.005591454,0.003999055,0.008387053,0.009418081,0.008436581,0.01093271,0.01069717,0.01079121,0.01328388,0.01587041,0.0169619,0.02007309,0.01921862,0.02203316,0.02368951,0.02450316,0.02952248,0.03155891,0.0313077,0.03606022,0.03923181,0.04132002,0.04497289,0.04590159,0.04921007,0.05538464,0.05783375,0.06169426,0.06508142,0.06820776,0.07084915,0.07511988,0.07747354,0.08002214,0.08291066,0.08526003,0.08898373,0.09249805,0.09518876,0.09959484,0.1033048,0.1088644,0.1142049,0.1177912,0.1229668,0.1264597,0.1298456,0.1342874,0.1369223,0.1440034,0.1463019,0.1514931,0.1551338,0.1613872,0.1631454,0.169997,0.174542,0.1775791,0.1822594,0.1819526,0.1885911,0.1921689,0.1901933,0.1937683,0.1971611,0.1986046,0.1980527,0.2016459,0.2039238,0.2050141,0.1998615,0.2050366,0.2050257,0.2090829,0.2105246,0.2145773,0.2125808,0.2186477,0.2184717,0.2221636,0.2229957,0.2327747,0.2381342,0.2411421,0.2469418,0.2525415,0.2611696,0.270618,0.2799077,0.2860444,0.3050617,0.3177064,0.3551566,0.3689757,0.3624971,0.354639,0.3727292,0.3869062,0.4020977,0.4231461,0.4492206,0.4412544,0.4568394,0.4722748,0.4721971,0.483747,0.466866,0.5053661,0.5002408,0.535359,0.5723148,0.989419,0.6361598,2.182797
585.868,0.006412676,-5.423879e-4,-0.001006487,-0.009582665,0.01130679,0.01151812,0.01314061,0.009119399,0.01183405,-0.001160156,0.004501547,0.002563554,0.003776733,0.001269596,0.009862678,0.008368793,0.003696279,0.003847533,1.785735e-4,-0.001373646,0.001075084,0.002037434,3.897231e-4,1.877391e-4,0.002275385,0.002678941,-9.561795e-4,0.001300747,-0.002527317,0.003148406,0.001685148,0.004350402,0.007977958,0.002992761,0.006764185,0.002801494,-0.001953084,-0.003620434,0.004203589,0.002218113,0.009706357,0.00315733,5.996268e-6,0.004178891,0.003185731,9.014146e-4,-0.001105725,0.001725887,0.003782956,-0.00118911,0.003394629,0.005185987,0.004572376,1.784175e-4,0.001379666,0.00165869,7.973474e-4,0.002475654,0.001944243,2.878986e-4,-9.870717e-4,1.393124e-4,-6.832242e-4,-4.081772e-4,-1.232241e-4,7.85325e-4,0.001517539,0.002454585,0.006895331,0.1637963,0.7145192,0.7663797,0.3234788,0.03687797,0.006363439,0.005208717,0.007100141,0.008309549,0.008474841,0.007811794,0.009640294,0.01072067,0.009690367,0.009807387,0.01122987,0.0126651,0.01317604,0.01583173,0.01830464,0.02052768,0.02117375,0.02454855,0.02517195,0.02699297,0.02891502,0.03269985,0.03547511,0.03648574,0.0424499,0.04341735,0.04641319,0.04889713,0.05243967,0.05733937,0.0575702,0.06176346,0.06535567,0.06959707,0.07203952,0.07530941,0.07747995,0.07945678,0.08209158,0.0859397,0.08748608,0.09181103,0.09639757,0.09856181,0.1057825,0.1104355,0.1164433,0.11909550000000001,0.123065,0.1241266,0.127977,0.1314048,0.1353166,0.1409703,0.1448183,0.1508835,0.1534772,0.1606807,0.1635202,0.1670177,0.1722402,0.1714514,0.1758386,0.1770477,0.1820405,0.1835744,0.1860972,0.188226,0.1890181,0.1906268,0.1927346,0.1931526,0.1940657,0.1937257,0.1966202,0.1982256,0.2000963,0.2005358,0.2011622,0.2059885,0.2081322,0.2103087,0.2130869,0.2149773,0.2211588,0.2295772,0.2322128,0.2369579,0.2485254,0.2546565,0.2617643,0.2718152,0.2813284,0.2909068,0.3164504,0.3489028,0.3423584,0.3310689,0.3433053,0.3595579,0.3695599,0.3922691,0.4092344,0.406123,0.4268937,0.4390732,0.435863,0.4529532,0.4639981,0.4516864,0.4594333,0.4729557,0.4578063,0.561335,0.6959042,1.399614,2.55197
588.219,-0.02622019,-0.02544866,-0.02723702,-0.02682527,-0.01079691,-0.007861767,-0.02126188,-0.01925034,-0.01403456,-0.008486292,-0.005127108,-0.006415029,-0.007143955,-0.001776577,-0.01065086,-0.01458935,-0.01083817,-0.00790809,-0.00476334,-0.007026926,-0.005391566,-0.006344706,-0.003904177,-0.002715245,-0.003036457,-0.005925415,-0.003250861,-0.004919339,-0.003332284,-0.006304014,-0.003187512,-0.008221926,-0.01183794,-0.009988811,-0.01286135,-0.00654801,-0.005867082,-0.01086711,-0.01165722,-9.899267e-4,-0.006470491,-0.008552771,-0.01448475,-0.003254474,-0.01048236,-0.004034827,-0.01238503,-0.004979486,-0.003563208,-0.006774449,-0.007564019,-0.01110853,-0.005847906,-0.006944375,0.001381224,-0.001659592,-0.00367183,-0.002626402,-0.007162472,-0.003769311,-0.005519962,-0.006674589,-0.006289251,-0.005512669,-0.001971966,-0.002969348,-0.002761881,-0.001819804,0.0664521,0.4505043,0.8344185,0.4530865,0.08601027,6.674069e-4,-0.001371031,0.001989407,0.003871639,0.002456898,0.004482579,0.004090058,0.004937085,0.004471129,0.005890897,0.007537079,0.01132442,0.008498103,0.01136331,0.01323048,0.01444838,0.01753659,0.01932727,0.0222732,0.02255885,0.02457479,0.02862096,0.02890861,0.03197855,0.03341733,0.03749621,0.04208297,0.04429916,0.04684601,0.05050423,0.05276616,0.05497185,0.05930169,0.06156649,0.06515014,0.06891192,0.0722376,0.07411884,0.07653819,0.07927003,0.0815471,0.08458638,0.0872936,0.09216515,0.09641858,0.09988774,0.1038227,0.1099569,0.1121559,0.1159625,0.1176319,0.1215228,0.1257832,0.1310011,0.1340909,0.1372931,0.1418828,0.1457285,0.148818,0.1514986,0.1559362,0.1586098,0.1619816,0.1661938,0.1707256,0.172839,0.1740361,0.1771327,0.1793847,0.1772205,0.1830517,0.1834336,0.184826,0.1871295,0.1876199,0.1864597,0.1870744,0.1926863,0.1927604,0.1931939,0.1947685,0.1973452,0.1997516,0.2043581,0.2097036,0.2096678,0.2150509,0.2218303,0.2293564,0.2398334,0.2398697,0.2477052,0.2567047,0.2670736,0.2764138,0.3114145,0.3281008,0.3220287,0.3225622,0.3300232,0.3393121,0.3582265,0.3646291,0.3861155,0.3969685,0.3960146,0.4084933,0.4177367,0.42679280000000003,0.4228241,0.4310299,0.4399978,0.3918222,0.3419685,0.3220984,0.1319599,-1.191474,-0.004839139
590.57,-0.01454095,-0.009260422,-0.007108024,-0.006264971,-0.01346209,-0.004730203,-0.003042489,-0.004800585,-0.005294461,-0.01086021,6.317425e-4,-0.003872555,0.002957986,-5.091446e-4,-0.008100808,-2.302738e-4,-0.007647088,-0.007106866,-0.004255219,-7.676233e-4,1.40413e-4,-0.001482057,-0.003829916,6.598632e-4,-0.002482295,-0.001920131,-0.003176835,-0.00131405,-0.003467218,-0.002883161,9.481088e-4,7.641391e-6,0.001785363,-0.00435922,-0.005450253,-6.254732e-4,0.002250151,-0.001298661,5.088167e-4,-0.002236973,-0.002750218,-0.001448203,2.444623e-4,-0.003276058,-0.004807912,0.004286405,0.004452221,0.001090716,-0.003357595,-3.82394e-4,-7.609606e-4,-0.001662859,1.949695e-4,-0.002859823,0.00329778,8.92906e-8,-0.00786218,-0.002480862,-8.915317e-4,-0.002339749,-1.362643e-4,-0.002928943,0.0011076460000000001,-6.672502e-4,-3.86992e-4,9.273606e-4,0.002677717,0.02666888,0.2452082,0.6466804,0.5450698,0.1551942,0.01265257,0.002631477,0.001656019,0.00574805,0.001866169,0.002844675,0.003409701,0.005643535,0.007986392,0.01005904,0.009451163,0.01083115,0.01232002,0.01118779,0.01364208,0.012937,0.01649442,0.01865484,0.01878881,0.02253936,0.02292939,0.02783572,0.02879407,0.0294531,0.03337828,0.03518664,0.03937429,0.04201746,0.0445265,0.0473414,0.04857709,0.05278836,0.05613038,0.05814536,0.06050502,0.06336091,0.06771123,0.06961706,0.07334678,0.07458348,0.07846355,0.08001488,0.08222208,0.0860184,0.08763276,0.09434033,0.09676215,0.1007497,0.1053145,0.1084147,0.112443,0.1155713,0.1186796,0.1207573,0.1258345,0.1316876,0.1342258,0.1371601,0.14388,0.14883,0.1519514,0.1554036,0.1577976,0.1600443,0.1631021,0.164256,0.1658013,0.1687975,0.1712188,0.174501,0.1743609,0.1774218,0.1759736,0.1762008,0.179512,0.1802389,0.1797515,0.1826522,0.182745,0.1829173,0.1903163,0.1901556,0.1910631,0.1969412,0.1960315,0.1995446,0.2036214,0.2086195,0.2153346,0.2226153,0.227004,0.2355423,0.2396896,0.2485141,0.2601028,0.2815182,0.3075542,0.3147323,0.2999651,0.3073641,0.3156075,0.3333017,0.3445537,0.3552981,0.3733568,0.3770433,0.3782972,0.4076703,0.4031406,0.4194891,0.3973387,0.4246843,0.4208163,0.4008225,0.4614964,0.4740243,0.3163676,0.9439719,1.736881
592.921,0.004845555,0.002181246,-0.0147253,-0.004821245,0.001559102,-0.002661522,0.002546829,-0.006764378,0.003974302,-0.001553445,-3.025405e-4,-0.003227551,-0.004227879,-0.003336729,-0.003408202,-0.002889856,-0.001519076,-0.005619706,0.001603358,0.001077032,-0.002579974,5.705099e-4,4.912837e-4,-0.003112449,-9.559583e-4,-5.779855e-4,0.001442133,-0.002119012,0.001506526,-0.001874737,-0.003964397,-0.004139816,-9.007253e-4,-0.01038445,-0.002032063,0.001254803,2.811545e-4,0.003910156,-0.002229975,4.943668e-4,0,0.001475295,-4.760024e-4,-0.004909647,0.004590264,-0.003389171,2.188959e-4,-8.675661e-4,0.001266291,-3.939773e-4,0.001712475,0.008006503,-0.003311652,-0.003408735,-0.004333419,6.678024e-4,2.295493e-6,-9.29515e-4,-0.001657814,-0.00306359,0.00127825,-1.377418e-4,0.001236181,8.143484e-4,-1.29059e-4,0.001710833,0.01377435,0.1329963,0.4265697,0.5053221,0.2123221,0.02333126,0.002563188,0.005834976,0.00539532,0.004165343,0.00580845,0.004069451,0.007904027,0.006797526,0.007297311,0.009380839,0.01072654,0.009965832,0.01139629,0.01125281,0.01407806,0.01481547,0.01753159,0.01960088,0.02068208,0.02152543,0.02384868,0.02338154,0.02732523,0.03038593,0.03239425,0.03423717,0.0368108,0.03854675,0.04373913,0.04565163,0.04725746,0.05066879,0.05309929,0.05600677,0.06039286,0.06117459,0.06608263,0.06852115,0.07004199,0.07151971,0.075893650000000007,0.07664295,0.0789579,0.0817723,0.08732543,0.09016245,0.09242788,0.09845582,0.1018047,0.1052593,0.1086507,0.111212,0.1137604,0.1163539,0.1207971,0.1240379,0.1290812,0.1331436,0.1355898,0.1420649,0.1438654,0.1472887,0.1499371,0.1505074,0.1531535,0.1560756,0.1611237,0.162391,0.1637478,0.1650588,0.1659768,0.1699383,0.1709809,0.1694379,0.1707053,0.1713846,0.1728432,0.1724335,0.1747861,0.1759143,0.1795266,0.18031,0.183593,0.1854366,0.1900966,0.1914737,0.1962262,0.1991037,0.2029195,0.2140155,0.2199558,0.2248938,0.2327145,0.2414904,0.2488873,0.2786816,0.2990089,0.2938688,0.2870776,0.2918532,0.3039477,0.3181889,0.335512,0.3406885,0.3595332,0.3683328,0.3789923,0.3761976,0.3931417,0.3988785,0.3999533,0.3991162,0.4260285,0.4179293,0.391988,0.4135551,0.3541079,0.2948239,-1.666073
595.273,-0.003789709,-0.0186059,-0.01377087,-0.002415747,-0.001030767,-9.201543e-6,-0.0225244,0.001489274,-0.005314296,-0.0163604,0.00275885,-0.00410593,-0.006577321,-0.00721856,-0.004454828,-0.003141945,-0.007673418,-0.005561145,-0.003929708,-0.006328505,-0.003671921,-0.002519309,-9.8633e-4,-0.001132542,-4.799819e-4,-0.002416121,-0.001837006,-7.05716e-4,-0.0053426,-0.00289604,-0.004169532,-0.003417253,-0.01405413,0.001350324,3.482633e-4,-0.001889129,-0.003953316,-0.005743973,-0.00150324,-0.003482681,-0.007783054,-0.006157659,-0.004305402,0.002105065,-0.002985162,-0.001579624,-0.005361133,-0.002396852,-0.004433118,-0.004821925,-0.001715357,-0.001308816,-0.002038984,-0.002699033,-0.008175739,1.695112e-4,0.001462349,1.623171e-4,-0.001649905,-0.001743631,-0.001561039,-0.002943483,-0.0035918120000000002,-0.003256221,-0.002917135,0.002141004,0.07214761,0.2955819,0.3987257,0.2126457,0.0321381,0.001346976,0.003215432,0.005129009,0.002262023,0.00329608,-6.385047e-4,0.002291316,0.004433623,0.006206817,0.005244795,0.006622607,0.006039421,0.00857373,0.009812205,0.01071024,0.01155417,0.01544572,0.0162132,0.01846765,0.01702865,0.01999096,0.02175388,0.02247227,0.02602624,0.02613701,0.0308448,0.03214792,0.03705996,0.038893,0.03962901,0.04416943,0.04703119,0.04735831,0.05127738,0.0533514,0.05618199,0.05990746,0.06348346,0.065471,0.06734428,0.06859184,0.07333625,0.07327771,0.07620358,0.07786625,0.08057557,0.08596594,0.0897565,0.09415791,0.0977316,0.1028219,0.1027744,0.1062106,0.1080025,0.1105073,0.1144873,0.1192742,0.1228211,0.1259593,0.1295683,0.1316781,0.1393253,0.1387634,0.1442357,0.1450339,0.150598,0.1487364,0.1508584,0.1548853,0.1558563,0.1558781,0.1599664,0.1601164,0.1608916,0.1656719,0.1621834,0.1642505,0.1640541,0.1644699,0.1677163,0.1684285,0.1704246,0.1708201,0.1743201,0.1783529,0.183491,0.1846261,0.1884049,0.1927476,0.2002746,0.2022129,0.2074241,0.2138353,0.2224612,0.2321712,0.2404009,0.2728496,0.2899528,0.271552,0.271024,0.2874263,0.2881793,0.305908,0.3184682,0.3268803,0.337782,0.3450803,0.3679597,0.3627827,0.3764989,0.3778351,0.3737241,0.3630444,0.3921504,0.3763362,0.4032957,0.3313437,0.2416223,0.4501768,-1.314202
597.625,0.001626028,0.01043393,0.002043231,-0.003892948,0.006785383,0.008009813,0.01236607,0.006847722,-0.002666938,0.007059244,-0.004294639,0.006940654,0.005752947,0.005430088,0.001845035,0.001208432,0.003980019,0.007560662,3.527143e-4,-0.001548472,0.002871963,-0.001493889,3.959763e-4,-9.647333e-5,0.001925487,0.001165844,0.002718586,-9.772546e-5,0.003267298,0.001016959,0.004189142,7.339598e-4,0.006904171,0.003040825,-0.001026861,0.009172129,0.006234726,0.006035733,7.69768e-4,0.003761149,0.004554661,0.006202503,0.004834217,0.003095601,0.004397859,-0.002040961,0.004711987,-2.158552e-4,-6.277188e-4,0.002446377,-0.004021481,9.4405e-4,0.01002706,3.767515e-4,-6.868175e-4,0.004041087,0.002434054,0.003143751,0.005906716,0.001174742,0.004305097,0.003536492,0.004593322,0.003977445,-3.747265e-4,0.04639447,0.224776,0.3505992,0.2091349,0.05113497,0.005769188,0.004832456,0.004182331,0.004312254,0.006256889,0.00380616,0.007121353,0.003617859,0.008055084,0.008559225,0.007357477,0.009454288,0.009838741,0.01244727,0.01272921,0.01263689,0.01456132,0.01557469,0.01774485,0.0183239,0.02103459,0.02386338,0.0226771,0.02556677,0.02650783,0.03072702,0.03237693,0.03373367,0.03606478,0.03748407,0.04039472,0.04386307,0.04607924,0.04751503,0.05130165,0.05503774,0.05528065,0.0594708,0.06264112,0.0633814,0.06598697,0.06719549,0.07016273,0.07271277,0.07422278,0.07660167,0.079677,0.08271975,0.08642734,0.09056367,0.09500199,0.09786616,0.1015869,0.1025936,0.1033428,0.1081992,0.1104583,0.1152819,0.1185832,0.1206131,0.1270358,0.1296824,0.1320854,0.1331938,0.1387152,0.139227,0.1413813,0.1454697,0.1460173,0.1503055,0.1512097,0.1528943,0.1529363,0.1553392,0.154748,0.1580723,0.1613228,0.1602461,0.1588393,0.1598066,0.1613869,0.163113,0.1642534,0.1682765,0.1694899,0.1699784,0.1762122,0.1770128,0.1801527,0.1860774,0.1932344,0.1964825,0.2027733,0.2047713,0.2177188,0.2213923,0.2435381,0.2701666,0.2753837,0.2577341,0.2620666,0.2720046,0.2788023,0.2895021,0.3123946,0.318475,0.3344267,0.3444554,0.3416721,0.3597768,0.3653446,0.378225,0.3805711,0.3994108,0.3634832,0.3817934,0.4064236,0.6124121,0.7953021,0.8683556,2.345263
599.978,0.008718626,0.008828484,-0.006162811,-9.710384e-4,0.006295793,0.001600874,-0.001547206,-0.001450142,0.01430755,0.01142964,0.0107707,0.005449111,-4.280759e-4,0.001567506,0.002915213,0.005367279,0.003767556,-0.003243758,0.002873242,0.002646145,-0.001095784,0.001501153,1.989309e-4,-9.653495e-5,-9.664854e-4,0.002045722,0.001658393,-9.210411e-4,0.001289019,0.003649894,0.00153208,4.972665e-4,-0.001202737,0.004750894,0.008622406,0.01017247,0.01110513,0.005281616,0.003041828,0.005052644,0.008384547,0.0064679,-0.002167155,0.009967483,-5.408481e-6,0.005487814,0.004732544,0.001539566,0.007483859,0.004272971,0.004611732,0.004169555,0.002433389,0.002912817,0.007385917,0.002200287,0.003099765,0.003789236,0.002755914,0.00236425,0.00202378,0.001278972,0.001816043,0.002491508,0.02705271,0.1696302,0.3110772,0.2297188,0.06127071,0.007960748,0.005115883,0.009136984,0.006552646,0.00610212,0.008024256,0.006914242,0.007161018,0.005724947,0.008182369,0.007424066,0.00773636,0.0112054,0.007980321,0.01121029,0.01247705,0.01193289,0.01373205,0.01447935,0.01760999,0.02093446,0.02040922,0.02407944,0.02309046,0.02604213,0.02782405,0.02897148,0.02988174,0.03139133,0.03638466,0.03672328,0.04076734,0.04217947,0.04421248,0.04736261,0.04879355,0.05140868,0.05506486,0.05745437,0.05977002,0.06084174,0.06327021,0.06435013,0.06725977,0.07024359,0.07144837,0.07432873,0.07774518,0.08016578,0.08571682,0.08721132,0.09136668,0.09419861,0.09688438,0.09944448,0.09894554,0.1050521,0.1066565,0.1091512,0.1136485,0.1185503,0.1198795,0.1256659,0.1298479,0.1295364,0.1306404,0.1334995,0.1364508,0.1397553,0.1414764,0.1415388,0.144491,0.1463383,0.146192,0.1464063,0.1501583,0.1512958,0.1503749,0.1520028,0.1531378,0.1540168,0.1519586,0.1538141,0.1587613,0.1618879,0.1639876,0.1655441,0.1672949,0.1697122,0.1779724,0.1774348,0.1863547,0.191339,0.1965463,0.2038305,0.2066181,0.2183367,0.2466336,0.266946,0.2474528,0.2453041,0.2554871,0.2631928,0.2755384,0.2805019,0.2970637,0.3025943,0.3193814,0.3279669,0.3430225,0.3390495,0.3579634,0.3555862,0.3642059,0.3689324,0.3724025,0.38171890000000003,0.4349838,0.3827991,0.5757896,0.7170948,2.074935
