Wavelength_nm,800,797,794,791,788,785,782,779,776,773,770,767,764,761,758,755,752,749,746,743,740,737,734,731,728,725,722,719,716,713,710,707,704,701,698,695,692,689,686,683,680,677,674,671,668,665,662,659,656,653,650,647,644,641,638,635,632,629,626,623,620,617,614,611,608,605,602,599,596,593,590,587,584,581,578,575,572,569,566,563,560,557,554,551,548,545,542,539,536,533,530,527,524,521,518,515,512,509,506,503,500,497,494,491,488,485,482,479,476,473,470,467,464,461,458,455,452,449,446,443,440,437,434,431,428,425,422,419,416,413,410,407,404,401,398,395,392,389,386,383,380,377,374,371,368,365,362,359,356,353,350,347,344,341,338,335,332,329,326,323,320,317,314,311,308,305,302,299,296,293,290,287,284,281,278,275,272,269,266,263,260,257,254,251,248,245,242,239,236,233,230
245.598,0.01443232,0.02028229,0.03096704,0.01017972,0.01791637,0.03673319,0.01707776,0.02736224,0.009272156,0.001775702,-1.715047e-4,0.01022647,0.01302704,0.004621059,-0.001023953,0.006403846,0.009776899,0.004195079,0.0166426,0.00286587,0.008372842,-0.00350519,0.004658128,0.001531298,0.004222639,0.003446609,0.006248724,0.00833329,0.008785847,0.00322734,0.01012573,0.01338142,0.007140638,0.01795053,0.007004239,0.006297673,0.003638636,0.01554792,0.002170136,0.003381964,0.008021079,0.006446542,0.003287077,0.006399682,0.006235611,0.01297443,0.004831782,0.01515103,0.004666814,0.006073302,0.01051582,0.01228705,0.005243712,0.007197491,0.006675079,0.005238708,0.008244873,-0.00142085,0.004268753,0.004873443,0.007397601,0.009489181,0.009242662,0.004360888,0.004249967,-0.005201411,0.003452316,0.004176642,0.01032966,0.00912249,0.001964891,0.006869478,0.009039133,0.003664192,0.002441829,0.001963392,0.004052128,0.009073329,0.004032538,0.002092296,0.004593952,0.007707865,0.004678673,0.001751983,0.004644767,-0.001516629,0.00416907,0.005241315,0.001199433,7.919994e-4,8.293202e-4,3.120334e-4,0.003702034,0.001778849,0.001318399,0.004774564,0.003815287,0.001556751,0.00126593,-0.002101896,0.001881214,0.001075393,0.001730198,0.003924684,0.001089948,0.00194719,9.026747e-4,7.923573e-4,0.001888722,0.001029863,0.001538569,3.055912e-4,6.895089e-4,0.001661687,0.001341261,0.001701068,0.001376581,0.00132012,0.001696883,0.001667575,6.631791e-4,0.003169069,0.002557895,0.0029369,0.002422978,0.001989407,7.15495e-4,0.001014772,0.001915745,0.003418192,0.00340463,7.603969e-4,0.00301942,0.001552893,-0.0010517600000000001,0.004256682,0.002316084,0.002920993,0.001149676,0.002862391,0.003358327,0.003752331,0.003430003,0.002324319,0.002800511,0.002659575,0.001994185,0.002512205,0.002325141,0.00343774,0.002240067,0.002603366,0.00354879,0.002937581,0.00363051,0.002694444,0.003901192,9.259374e-4,0.004803961,0.003254016,0.003134015,0.001246391,0.002811845,0.006188013,0.00583152,0.004352411,0.006521561,0.007263434,0.003519849,0.00411756,0.004315497,0.006559869,0.01142512,0.02102125,0.01880127,0.01624958,0.01708285,0.02211598,0.01190741,0.02195839,0.01904314,0.03392264,0.0544788,0.1710891,0.4168787,0.6975205,0.8353112,0.5249958,0.6320646,1.080983,1.002559
247.837,0.005024375,-0.003561431,-0.01634203,0.01293227,0.02226067,0.006308133,-0.008020142,-0.008578835,0.00487759,-0.006677822,8.167387e-4,0.00380805,0.00148471,0.01045517,0.007664587,0.008690245,0.001589485,-0.005655052,0.00369281,3.456764e-4,0.005658117,0.007282042,8.844084e-4,0.00228899,0.001943546,-3.390862e-6,0.001361371,0.002217838,0.0058922,-0.001208533,0.004573867,-0.001648992,5.353911e-4,3.122443e-5,0.01314504,-5.074385e-4,-0.005205583,-0.001429528,-0.003648899,0.008582828,0.01136238,4.099007e-4,0.01124876,0.01656001,0.005207028,-0.003829302,0.007215708,0.005945934,0.00824789,-0.002026167,0.003361159,0.004291576,-0.001605004,-4.823444e-4,0.001469331,0.001255011,0.005154795,0.003464697,0.003910497,-0.003287223,0.003765373,0.003663064,0.004280707,-0.002218026,-0.002491534,0.003674715,0.005279561,0.001947361,0.003535696,-3.019014e-4,5.467359e-4,0.007033463,-0.002775173,8.098612e-5,0.006105373,-0.002891556,-0.001510115,0.005912876,0.002255862,0.004458715,0.004921645,0.00470048,-0.00232945,-0.001001512,9.770058e-4,0.00256496,-0.001231321,0.005075752,-0.0016777,4.74041e-4,0.00362068,0.002632364,0.005212637,0.002463995,0.001547732,0.001102223,-6.004153e-4,0.002408539,0.001763286,0.002081818,-6.595939e-4,0.001255207,5.844303e-4,0.001784931,1.644855e-4,1.760286e-4,6.878253e-4,0.001131035,5.76345e-4,7.975322e-4,0.00117983,9.511982e-4,7.104727e-4,3.807039e-4,-3.879016e-4,1.990075e-4,0.001492187,-2.078879e-4,0.001757265,6.714818e-4,-9.506587e-4,0.002255677,-5.894398e-4,7.593841e-4,2.847572e-4,0.002159659,5.380465e-4,5.809045e-4,8.201815e-4,0.002082513,0.001596873,0.00199856,5.915181e-4,-2.865963e-4,0.002486453,0.00176781,2.85822e-4,0.002287219,7.542546e-4,5.249761e-4,3.859375e-4,-4.161438e-4,0.002169583,6.532375e-4,9.483387e-4,0.002769029,0.002489597,0.001896669,0.001665746,0.002137958,4.484376e-4,0.002749772,0.002933073,3.652453e-4,0.001542682,0.001728239,0.003716891,0.003474271,0.003111824,0.002102532,0.001675843,0.001750728,3.083611e-4,0.003734409,0.003143139,0.004590737,0.0049667,0.005718485,0.002377034,0.002084822,0.003559862,0.01053734,0.008258216,0.00716989,0.01461179,0.02760114,0.01711819,0.009105314,0.009203498,0.01755411,0.02629068,0.03468995,0.103044,0.3079807,0.5695255,0.7803707,0.4751631,0.1131914,0.1878405,2.359465,-4.056733
250.076,0.03054055,0.0261152,-0.005682339,-0.006814163,0.02429158,-0.01153455,0.02667345,0.01921998,0.01003553,0.004765066,0.007638363,-0.00910385,0.006397263,5.45709e-4,0.01088063,0.02257117,-0.004416682,-0.003978729,0.005619146,-8.885365e-4,-0.00369953,0.00602639,0.004868307,1.376178e-4,-0.005453836,-0.003137634,-0.004063707,0.001373579,-6.726317e-4,0.00095768960000000005,0.0180378,0.006731561,0.002887162,0.01501209,5.598704e-4,0.01656854,0.006407261,-0.01076523,-0.00385286,0.00112569,-0.004645265,-0.005244029,0.01282706,-8.669799e-4,-0.00835583,0.01924648,0.006496041,-0.005841299,-0.005461377,0.001196725,8.550768e-4,0.008891464,0.001211236,0.001542162,-0.001698974,-0.002400974,-0.005973541,-0.004857791,0.003034524,0.003775119,0.002479168,0.003563797,0.002158508,0.00500866,0.003470806,-0.008614121,-0.005816079,-0.003347664,0.003485795,-0.001762658,0.00678011,-0.00591061,3.058196e-4,-0.003721028,-0.001807003,0.001531127,0.002380612,-2.560837e-5,-0.002106536,0.00129938,9.08232e-4,0.001878942,-0.001312108,0.001857451,-9.226435e-4,-3.382426e-4,-0.002995243,-0.003396845,-8.739863e-4,-0.002801141,4.832392e-4,0.001694097,1.072914e-4,0.002052745,0.001711397,-2.142872e-4,-9.71086e-4,0.001970444,-0.002460906,0.004129838,0.003092388,0.001611684,0.002465913,-0.001564582,4.847839e-4,2.667464e-4,0.00198082,-1.570666e-4,8.256406e-4,5.72548e-4,1.167889e-4,8.387506e-4,0.001341663,7.485893e-4,-3.712724e-4,-6.1823e-4,-1.280727e-4,9.654904e-4,0.001632859,3.311149e-4,0.002831458,0.001801788,0.00434583,6.800236e-4,0.001080963,-1.608602e-4,4.30862e-4,-3.075268e-4,0.004450962,0.001771359,6.976273e-4,0.001569865,0.001181476,7.314106e-4,0.002720565,5.926739e-4,0.003787295,7.291529e-4,9.829341e-4,0.002536151,0.001427735,0.002039039,4.611007e-4,0.002414257,1.218927e-4,-0.002361366,0.003068484,0.003361951,0.003123247,0.00472472,0.002325863,6.11202e-4,0.003033825,0.001117541,1.488876e-4,-5.862798e-4,8.59658e-4,9.424787e-4,6.266841e-4,4.498218e-4,0.00430053,0.001697183,0.005406841,0.001858734,0.005802722,0.005468487,0.004991926,0.00418756,0.003121491,-9.720273e-4,0.008234754,0.01558114,0.01129413,0.01063048,0.02632947,0.008098856,0.0186093,-0.00240069,0.0125886,4.979361e-4,0.02585758,0.08633268,0.2237097,0.637257,0.8543055,0.3806123,0.1015805,-0.1011688,0.2057681,-0.7250294,-0.5880258
252.317,-0.02737891,0.03160418,-0.004399025,-8.067411e-4,-0.01560175,0.01031683,-0.04527703,0.004717254,-0.02519212,-0.02066599,-0.01705775,-0.004350112,-0.005563619,-0.006210562,-0.01486606,-0.01130268,0.003392702,-0.002866903,-0.008992316,0.001826745,-0.001023138,-0.00658818,0.001684094,-0.002493168,-0.002891114,-0.005518129,-0.01072493,-0.00627934,0.002249004,-8.928213e-4,-0.002885699,-0.01131072,-0.02675125,-0.01479336,-0.01355198,-0.01288957,-0.02642078,0.004961078,-0.005080206,8.868975e-4,-0.02048034,-4.274986e-4,-0.002441546,-0.01349602,-0.01328713,-0.003316165,-0.008208229,-0.02075008,-0.0105193,-0.01235805,0.001584657,1.123648e-4,-0.008953081,-0.009326579,-0.01344774,-0.008753172,-0.006835832,-0.006395808,-0.001014305,-0.0083136,-0.001962813,-3.067894e-4,-0.01289915,-0.007382137,-0.01050601,3.463425e-4,-0.01117863,-0.001272664,-0.003567706,-9.071959e-4,-0.005286517,-0.007682825,5.954334e-4,-0.001255119,-0.003087559,-3.642006e-4,-0.003320781,-0.005477261,-0.001348752,-0.001498832,-0.006492245,-0.006683108,-0.002195649,-0.004792562,-0.005593437,-0.008478273,-0.004555107,-3.18568e-4,-0.001530218,-0.004235643,-0.005380267,-0.003817669,-0.001811805,-0.008273441,-0.002338647,-0.002212869,4.441126e-5,-0.001648522,4.923077e-4,-0.001212601,-0.002226077,-0.002413527,-0.001300371,-0.002040026,-0.001023676,-9.41012e-4,-0.001632633,-0.001001148,-0.00160323,-0.001307382,-2.094973e-4,-5.79793e-5,-0.001377015,-0.001155534,-9.901133e-4,9.321735e-4,7.994329e-5,-0.001150007,-0.001933586,-0.001484714,7.491381e-4,-1.956778e-4,-0.003281458,-2.917019e-4,-0.002575014,4.502104e-4,-0.001467875,-7.393461e-5,-1.899156e-4,-0.001236482,-0.002630251,-4.743781e-4,-0.003279097,-8.270206e-4,-0.001991752,-0.001461655,-0.004964338,8.570125e-4,-0.002822327,-7.270722e-4,-0.001467288,-0.001311641,-9.943002e-4,5.640094e-4,-5.776911e-4,-7.856904e-4,-6.680783e-4,2.153817e-4,-4.868189e-4,-0.003099395,-4.220671e-4,0.001780678,-6.870507e-4,2.696915e-4,0.00145567,5.296237e-4,-0.002274225,0.002568925,-0.003016365,-0.001110281,0.004003954,0.00307307,0.001596946,5.760225e-4,-0.004925207,-0.004400224,-3.245442e-4,0.002823119,0.002760879,0.004616053,0.004800712,0.008375175,0.01046929,0.01730088,0.0150804,0.01630827,0.007846918,0.01926795,0.0158387,-0.01031012,0.02707165,0.1331281,0.5803241,0.8916005,0.5041158,0.1019502,-0.03288353,-0.1602762,0.4949858,-1.678247,-8.992476
254.558,-0.01892485,-0.02764673,-5.987906e-4,-0.02889196,-0.002327672,-0.056059199999999997,-0.0139705,-0.004384019,-0.02489935,-0.008900159,-0.005000519,-0.007899734,-8.098035e-4,-0.005303001,-0.003583598,-0.01465071,-0.001180783,9.965521e-4,-0.01425539,-0.01104601,-0.006044628,-0.001910302,-0.0065531850000000004,-2.160616e-4,-0.003584798,-0.003051837,-0.00257756,-0.008495058,-0.007003586,-0.00238984,-0.01090288,-0.01448144,-0.01071553,0.001056252,-0.01600676,-0.003045968,-0.005007425,-0.01123145,-0.02908171,-0.023362,-0.01257344,-0.002009136,-0.01854994,-0.01023731,-0.001516659,-4.887066e-4,-0.01204069,-0.00963055,-0.01378466,-0.008732182,-0.02095211,-0.008647639,-0.007544142,-0.01216708,-0.005043531,-0.01505576,0.00205749,-0.0072949140000000004,0.001460486,-0.001667778,-0.004181417,-0.003968272,-0.01149979,-0.008782132,-0.004912024,-0.01244134,-0.005871124,-0.01170053,-0.008428409,-0.004156682,-0.00885012,-0.002350325,0.001516155,-0.005818975,-0.007077146,-0.003848194,-0.004094361,-0.002835331,-0.005210736,-0.003146642,-0.004295412,-0.007934397,-2.319217e-4,-0.003369483,-0.00635379,-0.006087991,-0.002648618,0.00134568,-0.007685936,-0.003351765,-4.73782e-5,-4.139907e-4,0.001096835,-0.002949172,-6.496348e-4,-6.270281e-4,-0.002182064,-0.001410869,-0.001322275,-0.003233412,-8.274578e-4,-9.334311e-4,-3.023725e-5,-8.208714e-4,-5.294576e-5,-0.0016628,-5.276247e-4,-7.310655e-4,-0.002100016,3.267155e-4,-1.612897e-4,-0.00136855,-1.178854e-4,-0.001422151,-9.790563e-4,5.138686e-4,-4.734868e-4,-9.647031e-4,-0.001524091,-5.915115e-4,-0.001618066,-0.001159259,-5.47903e-4,3.196876e-4,4.785116e-4,-1.468819e-4,-0.003235135,-5.127941e-4,-7.737926e-5,-0.001254744,-0.002752631,-0.001748508,-8.29337e-4,-0.001130679,-0.00243532,8.38353e-4,-0.002205946,0.001352037,-0.002882382,-0.002892686,-0.00180905,3.222391e-5,-0.002619696,-0.001479629,8.711805e-4,-0.001346316,1.329558e-4,-0.001421653,7.754406e-4,1.502598e-4,0.001056137,-6.172262e-4,-0.001867849,4.231329e-4,-0.001208009,0.001391069,-0.001914584,-0.001984433,0.001040845,-3.825867e-4,0.001009584,0.003252905,-0.002501499,7.628883e-4,-0.002899639,0.004147452,8.32499e-6,0.003410476,0.001163203,0.005195443,0.009148338,0.006265911,0.008947537,0.01188482,0.00426554,0.0195072,0.01313493,0.02271622,0.006632134,0.02004154,0.07246626,0.3946282,0.6905672,0.6093361,0.2031247,-0.003335309,0.03306104,-0.1487306,-0.8410754,-1.68112,-8.270427
256.8,0,-0.00616089,-0.04935586,0.01634516,-0.01554153,0.0183667,0.02367017,0.005043926,-0.006949553,-0.01014458,-0.02224763,-0.002890712,-0.004512639,0.01299649,0.008456685,-0.01291572,-0.006071416,-4.35183e-4,-0.004072032,-9.986132e-4,-0.00541469,6.449285e-4,-0.001617895,-0.001250034,0.001870195,-0.001596061,0.001006238,-2.840313e-4,0.005632904,0.002358725,-0.005235531,-0.003076268,-0.002841457,-0.001013247,0.001840145,-0.01863666,0.00425078,0.006796742,-0.006846763,0.005654025,-1.657071e-4,-0.008311366,-0.008186416,-0.01274893,0.007828088,-0.007402414,0.01089163,-0.008236939,0.008780748,-0.002082359,7.403527e-4,-0.002967373,0.002656627,-0.00393014,-0.00937176,-0.002741476,0.005489708,-0.00756497,4.260669e-4,-6.697953e-4,-0.004730895,-0.008178309,-0.005935412,-0.005234383,-0.00755593,-0.002646771,-0.006631698,0.006690419,-8.550576e-5,-6.715477e-4,0.003061727,-0.002985483,-0.007587637,-1.190685e-6,-0.003670412,-0.004645785,6.444204e-5,0.00238176,0.001782064,-0.004763187,-0.004862726,1.305707e-4,-0.002712041,-0.004008344,-0.007908305,0.00179949,-1.601742e-4,7.375447e-4,-0.001760549,2.892259e-4,-0.001006177,-0.002449275,0.002862333,8.473811e-4,-5.217999e-4,-0.001060231,-4.410101e-4,-0.002625214,2.437952e-4,3.026672e-4,-0.001272388,0.001701316,4.451295e-4,0.001314395,-7.330423e-5,-7.227017e-4,-8.72796e-4,3.292279e-4,-0.001370565,-6.326656e-5,-3.804738e-4,-8.999563e-4,-4.062527e-4,-2.425207e-4,1.240005e-4,-3.700457e-4,6.88671e-4,-0.00254055,0.00160307,-8.706042e-4,-9.023211e-4,-4.44938e-4,0.001045623,2.797184e-5,8.848363e-4,8.392172e-4,-0.001763854,-7.344233e-4,-0.001165503,-0.001000428,-6.386944e-4,9.595848e-4,-6.099533e-4,0.001543326,-0.001610955,2.293537e-4,-8.750278e-4,0.001828799,3.493751e-4,7.927664e-4,-4.563924e-4,7.231402e-5,7.284708e-4,2.990278e-4,0.001828086,3.898415e-4,0.003063762,0.003554637,-3.486807e-4,9.891983e-4,-3.036157e-4,-4.898679e-4,8.768812e-4,0.001448275,1.097325e-4,-4.443252e-4,0.00157019,1.585255e-4,0.00380635,0.001306562,-0.001703028,0.00113464,0.005272918,-0.001596403,0.003358769,0.002299356,-0.001137079,0.006549661,0.007456426,0.004980728,0.01026504,0.008342097,0.01004977,0.007009437,0.008544813,0.0120578,-7.110985e-4,0.01625731,0.02239764,0.09086349,0.3691333,0.758971,0.6527303,0.2743061,-0.01585284,0.06329464,-0.1239627,-0.100554,-0.9178852,-0.7344229,-9.884165
259.043,0.05586412,0.02099871,0.03515163,-0.02775262,0.02864733,0.02946464,0.02079049,0.01061567,0.00553857,0.00572921,0.009864987,0.006826127,0.01125656,0.009313413,0.01664303,-0.003717878,0.005792472,0.01211004,0.004496063,0.01169074,0.001751855,0.007248846,0.00749545,5.115143e-4,0.001758561,0.006198889,0.003641162,0.001780286,0.004999684,0.007303709,0.01205447,-0.006837777,0.01276,0.0119988,0.02586476,1.756335e-5,0.004091347,0.02035669,0.01533833,7.929042e-4,0.007337108,0.01356254,0.01248016,0.006740891,0.007638583,-0.006365386,0.0167267,0.003618165,0.01832004,0.01011757,0.002041814,-0.001915803,0.01249515,0.001393994,0.01346768,0.008192627,-0.001767513,0.005845352,0.008322632,0.004047851,0.00504444,0.01099955,0.007559253,0.01006225,0.00797893,0.005782182,0.007236986,0.005550961,0.001335958,0.00571029,0.005401559,0.00169051,0.005493083,0.003225717,0.006353421,-5.02588e-5,0.002623911,1.539414e-5,0.004461871,0.002231409,0.002515507,0.003160703,0.003735849,0.001456749,-0.001284479,0.007236444,0.004579388,1.596757e-4,0.002621711,0.004664217,0.00139382,0.003031714,-4.737983e-4,-5.762185e-4,-0.00154118,0.002332652,0.003504065,0.004085185,0.003473322,0.002757703,0.001112197,-8.995158e-4,0.00207648,0.002641345,0.001354053,0.001322235,0.001955142,7.117044e-4,0.002420928,0.001796269,0.001457881,1.673586e-5,0.001467484,-8.058695e-4,5.624053e-4,9.600884e-4,0.001031073,0.001185142,-0.001786457,0.003803307,0.001457907,0.002710831,0.001697794,9.484672e-4,0.002171066,0.002194754,-0.001159969,0.001182062,0.001190438,0.001723201,0.002948401,0.00146955,0.001076971,0.001173776,0.004116606,0.005443485,0.002360181,7.31158e-4,0.002876402,0.001637093,0.002309298,0.001581588,0.002248862,-0.001519587,7.628336e-4,0.003726237,0.002870168,0.001631387,0.002451993,0.002741733,0.002419772,-5.023597e-4,0.002421217,0.004062451,0.003874438,0.002444258,0.004729822,0.003113278,-0.001050208,0.004951941,0.004770007,0.002574972,0.002000941,0.004137809,0.006946364,0.002568837,0.003522058,0.01027275,0.01424707,0.0110124,0.01587146,0.01623019,0.02092433,0.02510775,0.02005425,0.02835442,0.005369209,0.03583484,0.06559205,0.2605179,0.6384826,0.8658272,0.3777791,0.06144389,0.1394485,0.0337949,0.09870656,0.3393109,0.648687,0.2309347,2.244603
261.287,0.008548144,-0.04212164,-0.02451241,0.008499853,-0.01411899,-0.0199848,-0.03321638,-0.02888308,0.006445255,-3.884154e-4,-0.01275643,-7.307179e-4,0.002113782,0.003763065,0.004076235,-0.006369865,0.002807139,0.003597233,-0.003558953,0.004404559,0.006274052,0.001871278,-0.005680896,0.002489202,-0.006538824,-0.003075676,0.003257376,-0.003769285,-3.606273e-4,-0.002251655,-0.007357032,0.006611855,-0.012556,0.003615105,0.003972499,-0.02905305,-0.001233133,0.002361602,-0.008903441,7.323106e-5,0.003311766,0.002490366,0.01096202,-0.007237375,-9.449261e-4,-0.004371963,0.002683813,-0.01636063,-7.382526e-4,-0.003567829,-0.004296456,-0.004853568,7.785046e-4,-0.002684698,-0.004669364,-0.007889958,-4.005414e-4,0.003623469,-6.200569e-4,-0.002390157,-5.11014e-4,0.004116941,-0.005879061,-0.001462007,-0.00682744,-0.004498902,0.005215415,0.006603074,-0.007859336,0.001018187,0.003654651,-0.001273337,0.00456653,-0.006513193,-0.006718999,0.001607154,0.00295056,-0.007103239,-0.006016417,-0.003112455,-0.004917029,0.001246849,0.001556186,0.002662279,-0.003203163,-0.001156669,-0.001088167,1.104164e-4,0.002380146,2.867414e-4,0.001880181,-0.001255594,-0.001368977,-1.3927e-4,-0.002716355,6.743507e-4,-0.001691614,-0.002473564,-1.812691e-4,-0.002592855,-7.579085e-4,-0.001089319,-0.002166672,-0.001792667,-0.001283677,-1.079953e-4,3.841497e-4,-7.685081e-4,-6.906375e-4,6.327879e-4,-5.988236e-5,9.360287e-4,-1.261456e-4,-0.001908687,5.82143e-4,9.577698e-4,-4.863224e-4,-9.379896e-4,-0.001313488,-0.001626926,7.272078e-4,-2.430301e-4,0.002103504,-3.667306e-4,4.688339e-4,-7.100087e-4,0.001935425,0.001194501,-0.001021497,-2.753274e-5,-0.001852516,0.002175578,0.001470904,-7.185398e-5,-2.359283e-4,3.764159e-6,5.448453e-4,-6.715166e-4,0.001556668,3.619084e-4,0.001903764,6.686583e-4,4.832529e-4,0.003317154,0.003704681,0.001616778,9.183207e-5,8.921693e-4,-0.001488315,0.001354152,-0.00276445,5.172824e-4,-2.923888e-4,0.00122681,0.001806604,0.001400633,0.001770786,0.002585418,0.001242269,0.003250009,0.001090324,0.001672579,0.002190987,0.001928337,0.003900979,0.006792168,0.006181798,0.006557923,0.01084242,0.01382856,0.01359354,0.01281128,0.01953942,0.008478911,0.01570758,0.01877992,0.02795226,0.02444988,0.1709774,0.5315723,0.6753318,0.4654424,0.1040773,0.06380963,0.003420124,-0.04345284,0.07453156,-0.1406932,-0.6511784,0.5153193,-3.399687
263.532,-0.008805411,-0.00944076,-0.01249671,-0.02203954,-0.01946097,-0.03916645,-0.03861033,0.01406351,0.02433966,-0.002295723,-0.007299798,-0.009734941,-0.006920503,-0.008562946,-4.273917e-4,-0.001263033,-0.00809953,0.01057208,0.0111782,-0.00512821,-0.001264181,2.829767e-4,-0.00460779,-0.00258225,-0.002817172,-0.005035565,0.001214492,-0.001352334,-0.004318283,-0.003372962,-0.00212766,-0.001939687,-0.008359671,0.003761257,0.00727486,0.00747847,-0.008441807,0.01376963,0.01294105,0.00164783,8.545745e-4,-0.00539186,-0.00902946,-0.001421997,-0.002732451,0.002513743,-0.02302659,-0.01219244,-0.01964543,-0.001792923,-0.001366349,0.0078974720000000009,-0.002196678,3.747802e-4,-0.007431926,-8.174667e-4,-6.746235e-4,-0.01220149,2.325294e-4,0.003676398,0.004478434,0.001276057,0.003075654,0.00161904,-0.001528294,0.01061507,3.530789e-4,0.001485096,-0.004296866,0.007397696,-0.007622978,0.006015845,-0.004178363,-4.470189e-4,0.005753662,-0.003979087,-0.004868043,-0.0055389,-0.005099886,-1.386039e-4,-0.002328947,-0.001751607,0.001336001,-0.001282015,-0.003004383,-0.00270862,4.133122e-4,-2.441793e-4,6.115717e-4,-0.00157616,0.001410286,2.386336e-5,-4.760238e-4,0.001549012,-5.191649e-4,-3.276943e-4,9.622307e-4,0.002759523,-9.814992e-4,0.001303345,7.402575e-4,7.074984e-4,0.002174838,-9.994775e-4,6.26233e-4,0.001810261,-1.047336e-5,-4.258556e-4,-8.479231e-4,-6.531532e-4,-1.114284e-4,-4.671546e-4,-0.002049169,5.575701e-4,-9.241109e-4,-7.132307e-4,0.001445553,-1.189261e-4,-0.001224118,-0.001251738,3.071909e-4,9.731223e-4,-9.731255e-4,-0.002223947,-7.617216e-4,0.002618761,1.590726e-4,-3.424103e-4,7.630162e-4,-9.513592e-4,-5.925143e-4,0.002406488,-0.001393799,-6.13155e-4,-7.638971e-4,0.001202078,1.903616e-4,0.001001838,-0.001167785,-3.987885e-4,0.00270242,-2.806004e-5,-9.03817e-5,-7.828218e-5,-5.134768e-4,-0.001159778,-6.819142e-4,0.002863511,0.002015017,-2.905509e-5,-0.002201075,-1.355085e-4,-5.689243e-4,0.001211339,5.351721e-4,0.001293196,0.002071414,0.004059833,0.00254746,7.714552e-4,0.002068368,2.218069e-4,-2.252482e-4,-0.002477141,0.004053326,0.009425494,0.01115155,0.01477018,0.01182813,0.01246226,0.01911054,0.01593714,0.01735779,0.01713984,0.01378223,0.02705799,0.02161297,0.1212819,0.4613388,0.7416568,0.4518213,0.1841486,0.008251899,-0.02593346,5.441828e-4,0.08300399,-0.04905761,-0.123929,-0.05739613,-0.3346107,-1.940431
265.778,-0.006154005,-0.0184266,0.009655384,0.006332572,-0.001652806,-0.00189974,-0.007497117,0.01157854,-0.02363962,-0.01205567,-0.003509062,0.003281104,-0.002271068,-0.009906409,-0.00448875,-0.01062364,-0.001859934,-0.007366225,-0.01163599,-0.008652845,-0.003124298,-0.006695782,-0.007388248,7.28202e-4,-5.337329e-4,-0.005269899,0.003361658,0.001625663,-0.003743217,-0.001883924,-0.004152893,-0.004834014,-1.324491e-4,-0.005019015,-0.00458428,-0.007798459,-0.008721168,-0.01170659,-0.005020087,-0.005008187,-0.0052039470000000004,-3.863946e-6,-0.009104639,-0.01829451,0.006548364,0.005079986,-0.01924531,-0.008232784,-0.008210322,-0.01238912,-0.01421919,-1.537487e-4,-0.001165218,-0.002400849,-0.01099059,0.001840081,0.006214121,-0.0025918959999999998,-0.007228151,-0.008709195,0.002643019,-0.01278815,0.002182841,-0.01909791,-0.004956117,-0.003512612,-0.005277112,-0.002541006,-0.00144397,-0.003373422,-0.001447135,-0.002141283,-0.001438895,-0.006357585,-7.443211e-4,-0.004598438,-4.296463e-4,-0.005317414,0.002812071,0.002085438,0.003015342,-0.002747196,-0.001321951,5.202374e-5,-0.002024814,-0.001293665,-2.188931e-4,-0.001436359,-0.001275193,0.00149321,-5.673215e-4,-0.001165646,-0.00290006,-0.001363957,-0.003131033,-0.001057208,-0.002901508,0.001905723,-9.77243e-4,2.099562e-4,8.303882e-4,-1.679057e-4,-2.64567e-4,-2.340451e-4,0.001009965,-0.00239798,-0.001683807,0.002075662,-6.149334e-4,-8.643929e-4,-0.001062835,-3.64702e-4,-1.69322e-4,-0.001417042,-1.193121e-4,4.355177e-4,3.425307e-4,0.001024003,-9.385537e-4,-0.00247602,-0.002116536,7.765489e-4,-5.459079e-4,-1.613528e-5,-0.002515471,9.189407e-4,-4.494736e-4,-1.429295e-4,-4.758418e-4,-0.001838578,-8.105133e-4,-7.348444e-4,-8.42613e-4,-5.953522e-4,-1.921966e-4,0.001818318,1.666774e-5,-6.709088e-4,-4.993475e-4,7.877105e-4,8.366608e-4,2.964386e-5,-0.001032573,-0.001728974,-0.001463822,-0.001459527,-0.001107532,-1.132649e-4,1.080558e-4,9.646366e-4,2.277114e-4,0.001837799,7.568733e-4,0.002067808,0.001390976,-0.001537395,0.001611599,-8.53178e-4,0.00339477,0.003420451,2.918247e-4,-9.227977e-4,0.001033666,0.005844701,0.001750811,0.007386299,0.009076419,0.009611702,0.01457101,0.01509527,0.01000524,0.01383519,0.01837701,0.01869284,0.01809214,0.02156411,0.09416978,0.3472664,0.6774397,0.6538614,0.1308677,0.02049898,0.01640309,-0.01038226,0.01409612,-0.09331787,-0.01838752,-0.2100678,-0.290079,-1.336487,0.1240061
268.025,-0.003585049,-0.001181944,0.01068118,-0.02321772,-0.0365888,-0.004525036,-0.003000399,7.253958e-4,0.004737245,0.0121098,-0.01519908,0.007142418,0.003249658,0.001401699,-0.02187855,0.001991798,-0.005388768,-0.004445976,0.008038732,-0.003063318,0.002197947,-0.006640825,-0.00394642,2.985291e-4,4.918929e-4,-0.002819892,-0.00299787,0.003325846,0.00309865,0.002204952,-0.01303992,-0.006043161,-0.01737136,0.009015991,-0.01197579,-0.01082422,-0.002391107,-0.01085221,-0.008946737,-0.001320523,-0.00478104,-0.01087662,-0.01634274,-0.003581408,0.009477599,-0.01162447,6.311703e-4,0.003757334,0.01034149,0.007070615,-0.003090301,-0.005573199,-0.006262897,-0.01241018,0.003664791,0.006745004,-0.003605337,0.006235716,5.612354e-4,0.001200926,-0.01073303,0.003377389,-0.002172142,0.001853927,-0.002939198,0.00316998,0.006130985,-8.377263e-4,-0.002188909,0.003825919,0.002001051,-0.003163071,0.004813351,0.002451239,0.002133979,-0.001801502,0.001880306,0.003123836,-0.001227925,6.513381e-4,0.003649963,-7.54401e-4,-0.001779442,7.379008e-4,-0.001850128,0.001062508,-2.074304e-4,0.00311501,-0.003419716,8.652829e-4,-3.96782e-4,8.36525e-4,0.001090264,0.002187567,7.241074e-4,0.003887419,-4.175566e-4,-0.00212117,5.229174e-4,-6.484549e-5,-0.00221057,0.002858265,-4.143497e-4,5.82613e-4,-4.744905e-4,5.947823e-4,-2.367715e-4,-3.723992e-4,0.001057834,-4.195006e-4,-2.432959e-4,-0.00124888,2.773999e-4,0.001105258,7.272179e-4,-7.520511e-4,-0.002096276,-4.087437e-4,0.002065789,-7.350648e-4,-9.119663e-4,-0.001596834,0.002419876,9.606443e-4,-9.725305e-4,2.291038e-4,6.251268e-4,5.212198e-4,-0.00167043,3.385078e-4,4.689336e-4,0.005421957,-0.001721798,0.001287494,0.001172529,0.001757686,-4.737774e-5,-7.280723e-4,0.002855649,0.001943028,5.118552e-4,6.180542e-4,9.691871e-4,0.001461703,9.856576e-4,-4.543324e-7,5.775176e-4,0.001330932,0.003692431,0.001116803,5.937216e-4,0.002239628,1.202688e-4,0.001931901,-0.001245632,-8.226198e-4,9.846221e-4,0.00397402,0.00262248,0.002107797,-0.001929815,0.003904811,7.634229e-4,0.006267163,0.007584239,0.007780687,0.01664481,0.01523515,0.01082736,0.01337252,0.01703835,0.01851331,0.01851797,0.02672988,0.03320447,0.05650831,0.2606972,0.5753347,0.7953747,0.2680422,0.02895369,0.009492397,0.01341504,0.01364225,-0.05193282,-0.09932481,-0.04812176,-0.2182737,-1.006642,1.692503,0.02178244
270.273,-0.02061206,0.0240493,-0.0184045,-4.433595e-4,0.003391709,0.001234871,0.00228475,-0.01335908,0.007408503,-0.01027141,-8.191949e-4,0.005314146,0.00104902,-0.002420639,0.006425578,2.700962e-4,-0.0199911,-0.003018761,-0.004149953,0.002142784,0.003705434,-0.00337939,-0.002299106,0.004407531,1.575123e-4,8.679043e-4,4.884625e-4,-0.001011181,-0.006914895,0.005267702,-0.003146099,0.005728812,0.006354345,0.008685252,-0.008981953,0.003716191,-0.02076819,0.009150183,0.01284096,-0.001689815,-0.002811389,0.003860571,0.009525846,-0.001579003,-0.01372184,-0.009262344,0.006005889,0.0107375,0.001663056,7.803093e-4,-0.004147424,-0.005963217,-0.01086273,-2.609218e-4,0.0136098,0.004051801,0.001259229,-0.005062624,-0.007315948,-0.003657855,-0.003755772,-0.008239345,-0.008480373,0.008259877,0.002770425,0.002949766,-0.004210585,-0.008086276,-9.890322e-4,-0.006640127,0.002538043,-0.007497713,-0.003245533,-0.002579515,0.001151969,-0.005345715,0.001530468,-0.005255724,0.002720804,-0.002386492,0.003133398,0.004553472,8.848709e-5,-4.527816e-4,-0.002522312,-5.000225e-4,0.001676722,0.002465554,0.002884897,-0.003529623,-7.403204e-4,-7.325112e-4,0.001163662,0.002618152,4.477501e-4,-0.00255345,-0.001309263,0.001380797,-0.002920798,-0.001063818,0.001743749,-6.063349e-4,-0.002984188,-0.001840405,-0.001335107,2.029944e-4,-5.226061e-4,1.781355e-4,-6.356895e-5,-7.963266e-5,-3.380492e-6,-2.435615e-4,7.59662e-4,6.853053e-4,-6.336591e-4,8.016132e-4,-5.93869e-4,6.182803e-4,-0.002208014,-5.383848e-4,2.82318e-5,3.810728e-4,0.001572218,8.381063e-5,-3.731104e-4,0.002832868,0.001174843,0.001497894,8.014435e-4,-4.538715e-4,0.002927549,0.00131018,2.746387e-4,-0.001827584,-0.001886291,-0.001572476,-7.496426e-4,0.001977234,0.001396589,0.003012305,-4.280079e-4,0.002435065,9.000146e-4,0.001410372,-1.134364e-5,-7.515868e-4,0.00214993,0.001920593,3.443428e-4,0.00334737,-0.001926325,-0.001301114,-6.082607e-4,0.001232962,0.001241652,0.002906511,0.005718787,0.002955238,9.358257e-4,0.003018977,0.004558014,-0.003201071,0.004912584,0.002207831,0.0075583,0.01382943,0.01678177,0.01613078,0.01731292,0.01599084,0.01290247,0.02188416,0.02003156,0.02262531,0.01731922,0.1927253,0.5302936,0.6761418,0.3683167,0.05012034,0.01907057,0.001636046,-0.01912411,-0.01878017,-0.01940747,-0.01331966,0.003379323,-0.2230983,-0.3143909,-4.742454,-1.150179
272.522,-0.04588045,-0.02685751,-0.01316476,0.02144871,-0.02307751,-9.013525e-4,-0.02885676,0.005286323,-0.003591336,-0.006800846,0.01040227,-0.01141233,-5.141282e-4,0.005536844,-0.001278905,-0.001855719,0.01230827,-0.002628837,0.003070618,-9.122527e-4,-0.004999551,5.465738e-4,-0.004247117,-0.001020484,-0.002914131,-0.00255919,0.001216052,0.003094516,6.707396e-4,-0.001554696,0.001630484,-0.004106534,1.637611e-4,-0.001647624,-0.01782878,-0.02627387,0.005911804,-0.003102156,0.006494291,-0.005542593,2.650824e-4,-0.004679574,-0.003653092,-0.005725331,-0.001247063,0.005794479,0.009488137,-0.00631583,0.005283082,0.00328212,3.065037e-4,0.001729408,-0.007873659,1.347808e-4,-0.003915037,-0.002611354,0.008262154,0.003129089,0.002206651,0.003728196,-0.00160373,-0.006762268,0.005069021,-0.006544631,-0.002417154,0.002190273,0.002426446,0.001684329,-0.002875813,-0.002236259,-0.001817457,-0.007289167,0.01120556,-4.29848e-4,0.003370535,0.002405012,-0.001297444,-0.005352769,-0.001757906,0.005075363,6.073307e-4,0.00174019,-5.189159e-4,-0.001050626,0.001881183,0.001593537,7.925625e-4,0.001386422,-6.776183e-4,4.119576e-4,7.829465e-4,-8.723172e-4,0.00130182,-5.536063e-4,-3.758128e-4,1.952594e-5,-3.949283e-4,5.896784e-4,0.001031095,7.862526e-4,-6.126443e-4,-2.025225e-4,2.069632e-4,-5.426602e-4,8.444879e-4,7.137156e-4,-1.833816e-4,3.267186e-4,-0.001044069,0.001364826,0.001556136,-6.124371e-4,-0.001099037,1.055979e-4,-0.001491272,4.908687e-4,3.586421e-4,0.001048129,9.016935e-4,0.001815885,-5.310653e-5,-9.839739e-4,0.001539899,0.001054452,0.001310712,5.552185e-4,0.001116984,-0.001430651,-0.001914518,-0.001931471,0.001424888,3.843129e-4,4.119967e-4,-5.684441e-4,-0.001302765,-4.023752e-4,-6.711823e-5,-0.001874841,9.286413e-5,0.001523723,0.002524051,0.002532599,0.001382598,0.001997812,5.934382e-4,3.602005e-4,-4.556928e-5,4.511162e-4,0.001914421,3.063195e-4,0.001500894,0.001050372,1.02231e-4,0.002221032,7.111882e-4,0.003334506,0.004393946,0.001435982,0.003296626,0.001181595,0.003825534,0.004985301,0.004795466,0.008909922,0.009982126,0.0176486,0.02295237,0.02310736,0.01842101,0.01312777,0.01319857,0.01546998,0.03379561,0.03536755,0.1479434,0.4252628,0.5776974,0.460732,0.1219743,0.02220718,0.003873688,-0.01185076,-0.02567047,0.02692002,-0.1042533,-0.004716117,0.08964952,0.2694072,-0.04127056,0.4462277,5.09694
274.772,-0.00891763,0.03278341,0.01218195,0.01183075,0.01191282,-0.01178047,-0.009235175,-0.003732927,0.005484199,-0.002659484,0.00503019,0.002992758,-1.377913e-4,-0.00660819,0.008078683,0.01172485,-0.004838761,0.009129458,-0.008017146,-0.003708865,-0.00184963,0.004076275,0.005573854,0.001561542,-5.143469e-4,-6.183194e-4,-0.003143388,0.002180175,-0.002227328,-0.003271549,0.005048846,-0.01441015,-0.01075055,-0.004859934,0.0140341,0.007562938,-0.01557873,-0.01276059,7.358517e-4,0.004462096,-7.28978e-4,-0.005103101,-0.02353907,-0.006154322,0.007363708,-0.001606268,0.007591934,-0.01157605,0.007414482,0.009593079,-7.328284e-4,0.002284914,0.003922621,0.01142144,0.002293038,0.001162733,-0.001869709,0.008065726,6.393778e-4,-0.006363908,0.01025885,-0.002232157,0.009404281,0.00319141,-0.002037184,7.471267e-4,-0.00537762,-0.003166292,-0.003639403,0.001732099,0.002919818,0.007439379,5.367011e-4,0.004674817,-0.002887121,-0.004663915,0.008977689,0.00116806,0.001970991,0.004314968,-0.005177316,0.004237546,0.003982854,0.002420845,1.2316e-4,-7.574951e-4,2.782235e-4,5.379619e-4,8.371132e-4,-0.00462308,-0.001085143,-6.67395e-4,-0.002160672,-0.001965851,0.001875421,8.93078e-4,-0.001787239,-0.004559384,-0.001678722,5.683396e-4,-6.401726e-4,2.210625e-4,8.818895e-4,-5.093419e-4,-0.002227027,-5.485155e-4,-0.001299376,0.001279157,3.020059e-4,3.690825e-4,2.752465e-4,-6.719045e-4,-9.893291e-4,-2.785351e-4,3.256757e-4,3.561988e-4,-2.174551e-4,0.001166549,9.21282e-5,0.001765166,2.446343e-4,-0.001027883,-2.465496e-4,-6.092706e-4,0.001312375,-0.001818326,4.199161e-4,9.349269e-4,-0.002094789,0.002026839,-0.001093686,2.209821e-4,6.975261e-5,9.674366e-4,0.00187976,8.646848e-4,0.002202973,5.993191e-4,0.001089865,-0.001366665,8.514798e-4,0.001549032,0.00391713,-2.426545e-4,0.002376211,0.00245844,0.003977165,-2.112229e-5,-0.001020494,0.001932008,0.004007158,0.004342469,0.001480111,1.225618e-4,0.002080842,0.004368851,-3.58989e-4,0.001286687,0.005069388,2.791747e-4,0.002644389,0.005398523,0.009261291,0.006533253,0.01095682,0.02190469,0.02490161,0.0156063,0.0158003,0.01983313,0.01377962,0.01987174,0.02488566,0.07067213,0.3132831,0.5730641,0.4239773,0.1425233,0.02221136,0.02387123,0.05617782,0.01404141,0.004373013,-0.001752664,-0.02343483,-0.006175972,0.01866806,0.06302274,-0.2836989,-0.4050178,8.815916
277.022,0.00419249,-0.004739758,0.02122838,-0.01305405,0.01989194,0.04336992,0.01305407,0.03245136,0.00312641,-0.01278615,0.003904491,0.007867655,1.927572e-4,0.003683319,0.003964314,-0.008242893,0.009219181,-0.004705712,-0.002843035,-4.092223e-4,9.397551e-4,0.002537403,0.001986527,0.001981252,0.003754661,-0.001732386,0.003820251,-0.00885865,4.114609e-4,0.006112821,5.167e-4,-0.00442067,0.006316794,0.004804505,-0.01099526,-0.017228920000000002,0.007018149,-0.008511503,0.009031573,-0.008287676,-0.004403922,0.01209843,0.006093596,-0.01116195,0.01755491,-0.00218954,-0.001943936,-3.872443e-4,0.01190864,-0.006627574,8.932463e-4,-0.003467832,-0.003460632,-6.401375e-4,-0.00249966,0.003368225,0.01082533,0.00333563,-0.00457779,-0.005154762,0.001113179,0.003386109,0.00107612,-0.004650635,0.005260952,0.005537559,0.002878314,0.003620076,0.001294281,0.002059876,-0.002469146,-0.004279438,0.005682161,0.002665156,-7.393287e-4,-0.002497856,0.001460857,-0.002659475,6.682388e-4,2.341639e-4,0.0017208289999999999,-7.053107e-4,0.001837629,-0.001250612,6.937067e-4,-0.00340623,0.00204364,0.003119908,0.003108312,-0.00222926,-0.001373425,0.001061326,0.003734414,0.001657724,-0.001805213,-2.3352e-4,0.001587927,0.002504539,1.295848e-4,4.62256e-4,-0.002019476,-3.165495e-4,-1.545281e-4,9.113077e-4,4.350831e-4,4.654308e-4,-7.239e-4,-6.094498e-4,-7.882471e-4,-3.606764e-4,0.001689973,-2.139706e-4,0.001077643,1.739484e-4,7.403008e-4,-3.607965e-4,-0.001260416,0.001406673,5.026534e-4,-0.001605345,-0.001693498,0.00227424,9.37016e-4,5.574514e-4,-1.289054e-4,-0.001504513,0.00119588,4.801812e-4,4.030587e-4,-0.001894668,0.001675492,0.001292533,4.938402e-4,-8.506053e-4,-0.002837994,0.003699811,0.001689118,4.136782e-4,0,0.002126466,-7.846822e-4,7.352998e-4,7.41999e-4,-5.641547e-4,-1.706052e-4,0.004083608,-8.597145e-4,9.664923e-4,0.002148992,0.001598844,5.912857e-4,0.004377619,-0.001520142,0.001760497,0.002872473,0.002828109,0.003104256,0.003492609,0.004812541,0.004336711,0.004404323,0.001944987,0.01082745,0.008376933,0.01267461,0.02319868,0.01628414,0.01843691,0.0120739,0.01444397,0.02440596,0.02437766,0.05322352,0.2173991,0.5639315,0.4805408,0.183962,0.03254266,0.03469098,0.0239475,0.02483954,-0.02223991,-0.08789846,-0.02692061,0.07517004,0.07780738,0.06913327,0.02886764,-0.1654825,-0.8572273,1.177211
279.274,0.02801058,0.04268535,0.0222394,0.007863003,-0.01071673,-1.745486e-4,-0.00206272,0.02585027,0.001024584,-0.00971363,-0.01325802,-0.01134633,0.005407345,-7.432408e-5,0.0014218429999999999,-0.002681789,0.005918378,0.004272408,0.001652013,0.003902431,-0.002030893,-0.002361251,0.004506809,0.001924937,-1.328581e-4,0.00495576,-0.006491873,0.005832179,0.003542779,0.003282229,9.858568e-4,0.01275336,0.004493747,0.01930205,0.01406294,0.004221521,0.001457648,-0.00164567,0.00420029,0.004465084,0.007254105,0.01524605,0.01254547,0.002033408,-0.001781019,-0.002114621,-0.009308614,0.002091404,0.003704705,0.009483637,-0.003437934,0.005938797,0.004054084,0.001097155,0.00801115,-0.003748883,-0.003877231,0.008814239,0.003899474,7.292216e-4,-0.001385267,0.01160837,0.001709905,0.009665822,-0.003616612,0.001202907,0.00267361,0.003977298,4.295104e-4,0.003363463,0.006515242,1.680511e-4,0.004989707,4.236024e-4,-0.001453215,0.001669141,0.003989956,0.001199547,-7.502547e-4,0.002416561,-0.001627225,-0.003741174,0.001250107,-8.495682e-4,-0.002433635,-0.001436644,5.937381e-4,0.002074451,0.001430163,-0.00168697,-8.020137e-4,0.001634894,5.966144e-4,-0.001227209,0.001435736,-6.64202e-4,0.001063827,1.049389e-4,0.001142431,0.001392642,0.001013058,0.001450225,-3.543234e-4,-3.024644e-4,-5.717617e-6,7.559824e-4,-0.001494958,0.001591243,0.00275291,-3.964232e-4,6.936772e-4,-0.001052465,-6.740114e-4,5.759615e-4,7.119321e-4,-9.264963e-5,-0.001707727,4.843501e-4,-0.001149293,0.002339536,-1.336826e-4,-0.001400708,0.001618629,0.002386533,-2.531455e-4,-4.199431e-4,6.544652e-4,-5.651013e-5,0.00106899,3.233024e-4,-1.725842e-4,3.170989e-4,0.001778962,-0.001360031,8.201383e-5,0.002058869,4.710404e-4,0.001880143,9.179548e-4,3.993445e-4,0.001313218,0.003368425,0.001229692,0.001903828,0.001592293,1.821071e-4,0.001680519,0.002914291,0.004004245,0.003496548,0.001847649,0.002115384,0.002977272,0.002071178,0.003974306,0.001992221,5.557491e-4,0.006381623,0.002914784,0.005941986,0.008064746,0.009467204,0.01027259,0.01251572,0.02079067,0.02448957,0.01806995,0.01468319,0.01569199,0.01445898,0.02121435,0.03412914,0.1421878,0.4488978,0.54644,0.2271334,0.06975595,0.02711678,0.02672155,0.03314259,0.03782447,0.05650266,-0.02640317,0.008659476,-0.01470678,-0.02707682,0.06347003,-0.1949671,0.822408,-1.207634,2.9219
281.526,-1.498277e-4,0.01875956,-0.01944155,0.00869693,-0.007384338,0.002116163,-0.005493016,0.01642973,-0.01219835,0.007289254,-0.002481488,-0.005498372,0.004089633,-0.01071016,0.0124728,-0.01273645,-0.01274915,-0.007483736,-0.006343557,0.001834517,4.293805e-4,-0.004566499,0.002043397,4.047145e-4,-0.002480119,4.080291e-4,0.003974178,0.002462404,0.002535283,0.003200294,0.004803694,0.004337775,0.0071927,-0.008020472,-0.01005896,0.006575721,0.008701643,-0.002754367,-8.23531e-4,0.008027487,0.003708449,-8.361928e-4,-0.005884213,0.007022824,0.005770539,-0.003775454,0.00930877,0.007882671,0.002974787,0.003193183,0.00293972,-0.002793468,-0.005282776,-0.009305563,0.002010158,4.820108e-5,0.002710828,-0.001626951,0.003215316,-3.553468e-4,-0.00461607,0.001757177,0.003064199,0.006221418,0.00382431,-5.062359e-4,0.001146287,-0.004615422,0.004242356,0.002801699,0.003283719,0.002451771,-0.007483162,0.002600613,-0.004367829,-3.892812e-4,3.93526e-4,-0.001600547,0.001832686,-0.006385085,-0.002868056,0.002035525,-0.004123172,-0.001680946,-0.001154488,-0.004477085,0.001037415,8.572332e-4,0.002867412,-0.004347229,-0.0016348,0.001225498,-9.596866e-4,0.001671013,-0.002437154,1.816293e-4,0.001473274,-9.786049e-4,6.504785e-4,6.920352e-5,-5.979466e-4,-0.001042302,2.461844e-4,8.384791e-4,5.239941e-4,2.237093e-4,-5.525335e-5,-4.385246e-4,-1.685899e-4,-0.001769591,-4.411574e-4,-8.212373e-4,5.303316e-5,9.75252e-4,-4.165103e-4,-5.599744e-4,5.97517e-4,1.616868e-4,-0.001599013,-0.001318138,4.79446e-4,6.546586e-4,0.001027476,-0.002149625,0.001255161,1.211717e-4,-6.711122e-4,2.20918e-4,-6.016946e-4,3.52897e-4,-2.508079e-4,-0.001017655,2.317383e-4,2.064347e-4,0.001089178,-0.001520458,0.0023374,-5.323864e-4,-5.676306e-4,0.001130204,6.954468e-4,-0.001745048,6.068933e-4,9.893053e-4,0.001373818,5.218163e-4,0.001026555,8.660438e-4,6.003854e-4,0.002400639,-2.918889e-4,-0.001103431,-6.992436e-4,0.001828727,0.004094455,0.001912244,0.004459329,0.003100097,0.003006636,0.004992465,0.00606774,0.01151153,0.01159041,0.0116838,0.0183188,0.02535222,0.01706053,0.01579276,0.01339114,0.02284872,0.02899809,0.096392,0.3164798,0.4837545,0.2783555,0.07779409,0.02956534,0.02035213,0.02495803,0.02200255,0.007225463,-0.001004647,-0.06832553,-0.008408586,-0.05979918,0.02337624,0.1549727,0.2477173,-0.2052382,-0.04119459,0.4165704
283.779,-0.03977369,-2.316931e-4,-0.01324146,-0.004161638,-0.01099798,-0.02203038,0.006411495,-0.030652,0.004058644,0.008189483,0.0153712,-0.004447189,-0.01006961,0.001406259,-0.002791113,0.004944895,-0.004742065,-4.004767e-4,0.002718088,8.589547e-4,0.001117869,0.003029498,-0.001546387,-2.234684e-4,-0.003549171,1.482137e-4,-0.00320515,-0.005485234,-0.002268925,-0.004510634,-0.001491991,-0.01327327,-0.01654385,0.01596519,-0.00102155,-0.002497552,-2.251704e-4,-0.01056112,0.001201023,-0.006162384,0.004195525,-0.005855693,-0.005585638,-0.015166550000000001,-0.004619051,-0.006375711,-0.007792863,-0.003982739,0.005869728,-0.004627757,-0.00631699,-0.009434557,-0.003666552,-0.009959589,-0.009987354,-0.001841432,-0.003457979,-2.403321e-4,-0.001801994,-0.006333126,-0.001424089,-0.009656643,0.002371439,-0.005132624,-0.005047553,-0.005773545,-0.003492494,-0.001312369,-0.009053867,-0.0021163,-0.006167918,-0.003608414,-0.001222428,-0.001477837,-0.00510428,-0.001902308,-0.008525578,-0.005353394,-0.001194293,-0.00108094,-0.004625729,-0.002295788,-0.003976159,-0.003961644,-0.001669378,1.15402e-4,-5.813626e-4,-0.001608515,-0.00239342,-0.001171291,5.300912e-5,-0.00452728,-0.004218157,0.001671369,-0.002236014,-3.723124e-4,-0.001302919,6.480704e-4,-7.099076e-4,6.353583e-5,-6.890249e-5,-0.001694275,-0.001630412,-0.001391878,-1.220936e-4,5.265711e-6,1.044721e-4,-0.00113695,-8.666226e-4,2.615527e-4,-2.022259e-4,-3.041972e-5,6.409075e-4,-0.0010783,-5.326767e-4,4.270226e-4,5.695699e-4,0.001211065,-8.932252e-4,-0.001718334,8.636188e-4,-2.694074e-4,3.405851e-5,-0.001509587,-0.001949328,3.307526e-4,-2.768627e-4,0.001491185,-0.001110029,-0.002679129,1.448415e-5,0.001639377,-0.002442658,6.743362e-4,-3.944301e-4,-3.686013e-4,0.001400063,-7.450949e-4,0.001433047,-0.001541694,-2.527586e-4,-0.001390769,-8.084711e-4,-4.494893e-4,0.001005225,0.001015608,0.001117741,-8.299046e-4,-8.488322e-4,-4.207567e-4,7.433635e-4,0.001887661,0.001027853,3.454786e-5,0.003611588,0.002438674,0.001293838,0.003840174,0.003523628,0.003820318,0.007247567,0.008034924,0.009618268,0.01261741,0.02195532,0.01791959,0.01732825,0.01666321,0.01723161,0.02858655,0.0735809,0.2540936,0.4696523,0.380478,0.1013433,0.02257456,0.02383728,0.0192701,0.01515073,0.01495034,0.0084792759999999991,0.006954216,-0.03083171,0.005582641,-0.01169329,-0.06332035,-0.0189892,0.09144775,0.6551531,0.1673589,-5.184202
286.034,-0.03533086,-0.03231489,-0.0239844,-0.04263493,-0.02717649,-0.04762052,-0.04146226,-0.0103227,-0.03670195,-0.04008734,-0.01537006,-0.006672653,-0.01606083,-0.005549779,-0.02105572,-0.02309504,-0.01750134,-0.01049591,-0.01261596,-0.01721254,-0.006520876,-0.004884505,-0.004113125,-0.007329326,-0.008876297,-0.005021716,-0.009445404,-0.01209174,-0.01140199,-0.01475625,-0.01298154,-0.03094149,-0.0379554,-0.007299551,-0.03600044,-0.02072937,-0.01811041,-0.01930226,-0.01212925,-0.01036517,-0.01036666,-0.02189035,-0.007027645,-0.01535739,-0.01640118,-0.007432909,-0.01087453,-0.004051903,-0.01998486,-0.01244275,-0.007537064,-0.01138034,-0.005095284,-0.01606497,-0.01203859,-0.007256721,-0.02013282,-0.009607294,-0.006621614,-0.008206926,-0.01126291,-0.01243575,-0.0102402,-0.002375082,-0.009060167,-0.007407601,-0.009765134,-0.01288952,-0.006350741,-0.007208797,-0.007291283,-0.008339337,-0.007105152,-0.004299231,-0.009454057,-0.003866591,-0.006806901,-0.002581017,-0.003834484,-0.003676228,-0.008015352,-0.008470303,-0.00261495,-0.004527421,-0.004616607,-0.002589427,-0.006611642,-0.005881234,-0.006161383,-0.007722178,-0.007437324,-0.002503657,-0.006087077,-0.00547618,-0.003892533,-0.003379889,-0.003464223,-0.003119615,-0.005598232,-0.003988454,-0.004657744,-0.002637858,-9.602565e-4,-0.003881274,-0.002564641,-0.001063364,-0.002974061,-0.00337597,-0.002201142,-0.001118503,-5.8188e-4,-0.001335376,-0.002503847,-0.001891069,-0.001977873,-0.001542423,-0.001547086,-0.001868687,-0.002715524,-0.003172534,-0.002788307,-0.00193307,-5.278602e-4,-0.003561748,-0.002116963,-0.001008979,-0.002493925,-0.002006179,-0.002820558,-0.004731302,-0.00198999,-0.003243161,-0.003260291,-0.002755789,-0.003035893,-0.001324008,-0.00165574,-0.002696783,-0.002762051,-0.002861807,-0.003129852,-0.00349457,-0.00230206,-0.001617565,-9.559918e-4,-7.497153e-4,-0.001968682,3.220835e-5,-1.757041e-4,-0.001028846,5.058606e-4,0.001344209,6.3249e-4,9.698465e-4,2.490994e-4,7.875618e-4,-0.001823037,-4.809354e-4,0.001907978,0.005365287,0.004176522,0.008458727,0.006823044,0.0132905,0.01527793,0.01744715,0.01591875,0.01340538,0.01930036,0.04822041,0.1898796,0.4249236,0.4159085,0.1729123,0.02213534,0.01853414,0.01862863,0.02771512,0.003146937,0.01579356,-0.02471958,-0.01424543,-0.04635223,-0.04955109,-0.03816995,-0.105438,-0.1999606,-0.05296081,-1.120754,-4.470793,-5.82139
288.289,-0.01121944,-0.0411822,-0.02870315,-0.04345949,-0.05621382,-0.002866666,-0.02935148,-0.02643647,-0.04110083,0.01143815,-0.02173318,-0.008974825,-0.0142279,-0.02212209,-0.02502466,-0.01840485,-0.008455108,-0.01056006,-0.003780035,-0.004345141,-0.01179046,-0.009593249,-0.005916624,-0.005268301,-0.008018339,-0.004321842,-0.005527342,-0.003335102,-0.00257773,-0.009006811,-0.007427614,-0.01471187,-0.002669411,-0.02191897,0.004621273,-0.02032387,-0.008698576,-0.00723882,-0.01264524,-0.007327323,-0.01309894,-0.009012714,-0.01019483,-0.004687301,-0.01483295,-0.01978214,-0.0163354,-0.002756135,-0.003294158,-0.007930929,-0.001516373,-0.008400842,-0.01303383,-0.01400532,-0.004021114,-0.005224199,-0.01471837,-0.004071594,-0.003292289,-0.006165253,-0.0132078,-2.098774e-4,-0.008052561,-0.006640356,-0.004811886,-0.008329394,-0.009838319,-0.008905676,-0.003292967,-0.003761169,-0.00190266,-0.003046016,-0.00682955,-0.01037719,-0.006557021,-0.004117408,-0.004278146,0.001992848,-0.00786234,-0.003570669,-0.001682536,-0.006484375,-0.002763333,-0.005271185,-3.094509e-4,-0.005446389,-0.003955483,-0.005354964,-0.001696389,-0.003580524,5.730967e-4,-0.004107368,-2.717914e-4,-0.005453102,-0.003553023,-0.002486427,-0.003609164,-0.002061233,-0.002383835,-0.003814095,-0.00367354,-0.003729334,-3.62456e-4,-0.002532176,-0.00163677,-7.881497e-4,-0.002120228,-0.001197117,-4.53416e-4,-0.001696628,-2.368402e-4,-1.984118e-4,-0.001288445,-0.001820295,2.942075e-4,-0.001599604,-7.894437e-4,-0.001793305,-6.951432e-5,-9.679626e-4,5.689743e-4,-0.001492996,-0.003491426,-8.192757e-4,-0.002281392,-0.002458354,-0.001687829,3.902091e-4,-0.001158149,-0.0026841,-0.002155597,-0.001458812,-0.001323586,-6.430599e-4,-0.001701057,9.99065e-4,-0.002841372,-0.003355541,3.461457e-4,-0.002220181,-0.001879978,-7.588857e-4,-0.001674503,-0.001589802,1.290862e-4,3.48386e-4,-0.001021727,-0.001728514,-0.002553673,-6.2855e-4,-0.001264923,-3.800565e-4,-0.001828219,9.839194e-4,2.323234e-4,0.002761799,-1.664104e-4,0.003760898,0.003877422,0.005707275,0.006956189,0.009562033,0.009381631,0.01306197,0.01193246,0.01765815,0.01810943,0.0189735,0.03162993,0.161615,0.4126808,0.4576626,0.2430289,0.06894701,0.02649173,0.03143978,0.01965062,0.02777456,0.003801836,0.04242838,-0.03454204,0.003557845,-0.004664132,-0.0304716,-0.07389706,-0.07881475,-0.2527472,-0.4089657,-0.5537231,-1.655753,-9.715505
290.545,0.01438256,0.004564334,0.02061919,0.02594928,0.009630081,0.02245143,-0.02212305,0.03455952,8.078338e-4,0.02378595,0.005516076,-0.007419658,0.002449045,-0.002872465,-0.002141789,0.007429239,0.01161216,0.002970162,0.013170340000000001,0.01009658,0.009581342,0.006711471,0.001987653,0.003751201,0.006225213,2.778941e-4,0.004246051,0.004683032,7.628636e-4,0.004401129,-0.004824563,0.007767847,-0.002763739,0.003387507,0.01407707,5.134427e-4,0.006905591,0.008123847,9.954017e-5,-2.670311e-5,0.009338621,-0.002947654,0.008134145,0.01599039,0.007313015,2.179145e-4,-0.001071707,-3.512613e-4,0.01103432,0.003836511,0.003650885,0.004632764,0.01084527,0.009097506,0.002829921,0.006254356,0.00783546,0.008550906,0.006439979,0.001981627,0.009532391,0.005364942,-0.003049775,-5.66152e-4,0.003358847,7.666835e-4,0.001802792,0.001911697,0.004118247,0.004583474,0.002333682,0.001856455,0.002122397,0.002454174,0.004848652,0.00140284,0.002201319,0.002652743,0.005887499,3.501515e-5,-6.879694e-4,0.003325384,0.009320708,0.002366328,1.768242e-4,0.00133416,-0.001770621,0.005184168,0,-7.730325e-5,-0.001188913,-6.692929e-4,0.001055799,0.0012544,0.004284344,2.841216e-4,0.00110507,-1.951229e-4,0.002756948,9.179166e-4,0.002150026,0.001870076,-7.414661e-5,-0.001574504,-7.810777e-4,0.001742643,0.001884943,9.316628e-4,2.93604e-4,3.699742e-4,7.87997e-4,8.850664e-5,9.61642e-4,0.001380953,0.001319532,-9.040724e-4,-7.919575e-4,0.001311591,1.414989e-4,9.597689e-4,9.161519e-4,0.001919785,0.002535853,0.001173459,-1.559878e-4,9.913378e-4,5.779908e-5,0.00177325,7.488866e-4,0.002629636,0.001982602,0.002015866,0.001574606,0.003292428,0.001510602,0.003643985,0.001459305,0.002745629,0.003168126,0.002342723,0.003014777,0.003826269,0.0030843,-9.469321e-4,0.001897417,6.194397e-4,0.003688233,0.003545052,0.002151499,0.003948269,0.003926262,0.003368905,0.001534909,7.626634e-4,0.005639984,0.00367748,0.00670828,0.0108986,0.01012218,0.01209434,0.013907,0.01669719,0.01257535,0.01456465,0.01640037,0.02105749,0.02304787,0.03182701,0.1185231,0.3218137,0.4826991,0.2824566,0.09520299,0.04433576,0.05480317,0.05081809,0.04301065,0.03632049,0.04433601,0.02760616,0.01782401,0.03900881,0.0232426,0.06484305,0.09555965,0.1406257,0.1723068,0.1671336,0.06678275,-2.022798,-1.795434
292.802,0.009192512,0.05133991,0.02114103,0.03940748,0.01668428,0.02013187,0.02443325,0.0263906,0.03253882,0.02362306,0.0127654,0.008323499,-3.192277e-4,0.01592633,0.02984952,0.009532963,0.005431806,0.007015106,0.005848837,0.004035568,0.01082187,-4.089191e-4,0.00681475,0.003036447,2.636888e-4,0.003745326,0.008132782,0.004689408,0.0086472,0.007301605,0.01244883,0.01270717,0.03215876,0.02393393,0.01334418,0.008829265,0.01119898,0.02547901,0.01192316,0.008075739,0.01918779,0.01684235,0.01557918,0.02467219,0.002939158,0.008172262,0.01344265,0.004827197,0.005257868,0.006383951,0.008543454,0.0106517,0.007444947,0.009344445,0.004250628,4.827528e-4,0.01309438,0.00944932,0.01352576,0.004141716,0.005277794,0.009054532,0.01023354,0.008939497,0.009264074,0.01007804,0.01032207,0.005383282,0.005202545,0.001379693,0.007224888,0.00246341,0.006814536,0.005625283,0.002443472,0.009742729,0.002938937,0.002480139,0.00960064,0.002354025,0.007359506,0.007872779,-1.751728e-4,0.003715966,0.006591564,0.006227735,0.004672049,0.003114938,0.002857724,0.002429896,0.004789345,0.004201663,0.005362428,0.002848436,-3.771649e-4,0.002967625,0.003223304,0.003130349,0.003148332,0.001513496,0.001935755,0.002780477,0.003062259,0.002316192,0.002435336,0.002548644,0.001350823,0.002836269,0.001130279,0.001193212,3.180586e-4,0.001559719,0.001492507,7.876844e-4,7.54734e-4,8.709727e-4,0.001432224,6.278497e-4,0.001302132,7.629466e-4,0.003266522,0.001866678,0.001838068,0.002715104,0.002728716,0.001420516,0.001765583,6.803835e-4,0.002468281,0.002631938,-2.464535e-4,0.004857919,0.001460883,0.001690177,0.00353874,2.875457e-4,0.003196571,0.003186669,0.003649142,0.003446005,0.003984184,0.003674997,0.00337917,0.0017319,7.735817e-4,0.00401889,0.004202545,0.002992897,0.002566426,0.005824288,0.00466763,0.004493689,0.005069199,0.00262209,0.003423607,0.006093635,0.008679746,0.009356284,0.01541193,0.0153888,0.01556755,0.01297527,0.01516205,0.01896204,0.02406157,0.02535328,0.03040663,0.08917609,0.275282,0.494677,0.3712429,0.113967,0.05308011,0.05072621,0.05328649,0.06077415,0.04519798,0.04003762,0.03668928,0.05464917,0.03532572,0.08223813,0.03399588,0.05928719,0.09563536,0.1240166,0.02933608,0.504309,0.4679782,2.63385,8.272184
295.06,0.002417718,0.01162437,-5.506895e-4,-0.01352896,-0.006321441,-0.0136201,-0.01216616,-0.003163099,-0.00937886,-0.01573869,0.008319707,0.003992136,-0.00654926,-3.914969e-4,2.398026e-4,0.005426205,0.009497095,0.001963902,-0.00127867,0.003132578,6.616523e-4,0.009409399,-0.001218337,0.001598269,-8.994371e-4,-0.006868977,-0.002844768,-0.003913142,-0.002073751,0.002544162,0.009535809,0.001207147,-0.02403525,0.005040722,-0.002938978,0.006807743,-0.001246585,-0.005486249,0.004990243,0.005005858,-0.01073604,-0.005231113,0.008086363,-0.005528602,0.003652746,0.001075882,0.001309374,0.009065685,0.01073389,-0.006199243,-0.005079739,-0.001263502,-0.004918565,0.004403297,-4.876665e-4,0.00722435,-0.009345961,0.00766006,-0.00675056,0.002487327,-0.004241871,1.962627e-4,-1.285881e-4,-0.002083733,0.002639125,0.001247646,0.003151375,-2.684224e-4,-7.80016e-4,0.003180135,-0.003247216,8.113072e-5,0.00115557,-0.001547726,-0.006121661,0.001938101,-0.003045245,8.831704e-4,-0.005398772,-0.001107226,9.977425e-4,-0.005593752,-6.896423e-4,0.005013035,-1.822725e-4,-0.002530741,1.029389e-4,0.002292659,-0.001935823,-0.001248379,0.001208376,-0.001514587,-2.89717e-6,9.413084e-4,0.002533474,7.44729e-4,-0.002771623,3.826842e-5,0.00226811,4.161323e-4,6.093707e-5,3.651148e-4,1.754282e-4,-0.001292181,-7.940826e-4,-7.978932e-4,4.854142e-4,1.803276e-4,-7.566836e-5,-4.209217e-5,-7.392084e-4,-3.655303e-4,2.489441e-4,4.431992e-4,0.001136447,-4.81277e-4,0.001108253,2.352487e-4,-6.662178e-5,0.00100175,-2.813318e-4,0.001674483,-1.161411e-4,-1.335701e-4,4.273241e-4,9.880806e-4,0.002015237,4.02737e-4,-1.601471e-4,-5.459255e-4,1.690849e-5,-8.01128e-4,-9.590604e-5,0.00129003,0.001962009,-1.434175e-4,0.001192593,1.749587e-4,0.001332155,0.001224646,0.001434054,-0.001263059,6.459334e-4,0.002995116,0.00153601,9.018978e-4,9.399868e-4,0.002583639,0.00171197,0.002170942,1.098043e-4,0.00177653,0.002469622,0.001002125,0.004292019,0.002975675,0.006107394,0.01210004,0.01142584,0.009396309,0.01362666,0.0115904,0.01523733,0.01312475,0.01973272,0.02974229,0.05213701,0.2213528,0.4405333,0.3810308,0.1646414,0.0322516,0.0452403,0.05874179,0.06234687,0.05814645,0.04694865,0.05891125,0.03072608,0.04382949,0.03579083,0.03644009,0.05995294,0.07409883,0.02729313,0.1013193,0.09362877,0.008641113,-0.03978935,0.6865815,10.90259
297.319,-0.0023345,0.003923041,0.007713479,0.03229982,2.198096e-4,-0.007915887,0.01595746,0.02107683,0.006444347,0.00214171,0.00577324,0.008662222,0.0111486,0.00454879,-0.005233728,2.888377e-4,0.005304959,0.00690769,-0.004846792,-0.003108953,0.001168476,3.05314e-4,0.002507286,-5.051097e-4,-2.288425e-4,0.005764133,0.005148068,-2.133846e-4,0.003480074,-0.001744761,0.001739202,-0.002836892,-0.001207206,-2.936643e-4,8.100142e-4,0.006651358,0.009984889,0.00486235,0.006546034,-0.005923107,9.017797e-4,0.009543612,7.138746e-4,-0.0050150459999999996,0.006782332,0.01094938,-0.007068791,0.008415102,-5.665132e-4,0.004978408,-0.001132236,0.006005055,0.005809758,0.00336176,-0.004266495,0.006029302,0.01154449,-0.004086801,0.006363931,0.001563415,-0.002238136,-0.00235933,0.004171539,0.005844137,0.001188244,6.909633e-4,-0.002182903,0.007289512,-0.003097762,0.005413638,0.001302549,0.002473287,0.005574962,0.004578012,0.005979344,0.005808481,0.005447825,0.001727855,0.005117104,0.002558813,-0.001286645,0.001473584,0.003416867,0.003064856,0.002281386,0.001935424,0.001225699,0.00102141,-2.382071e-5,6.890853e-4,0.002614854,0.003816174,-0.002860857,-3.022697e-4,0.001022579,0.002552222,0.001520823,0.00227842,0.001219118,0.00247919,-3.088271e-4,0.002249255,8.672472e-4,0.001853,-4.337969e-4,0.001778208,5.708749e-4,0.001246714,3.177146e-4,0.001695219,3.94778e-4,5.90913e-4,3.808913e-4,2.722164e-4,3.095887e-4,0.001497186,0.001204617,4.245394e-4,0.002119091,-5.841568e-4,0.001061958,0.002472332,0.001435396,0.001189594,-5.702805e-4,5.010567e-4,6.72229e-4,-1.920199e-5,0.001977497,0.001022199,0.001524844,0.001370507,-3.199755e-4,0.002850964,5.385167e-4,0.001164344,6.334094e-4,0.003439967,0.001657252,0.003934074,-1.227441e-4,6.438694e-4,0.001667017,0.001448294,0.001234476,0.003484552,0.002598508,0.002898946,0.003365363,0.001546681,0.004869367,0.001611275,0.001642901,0.003079025,0.0065888,0.009618311,0.007456734,0.01423245,0.01302708,0.01371716,0.01398564,0.01262654,0.01619004,0.01629405,0.02402657,0.04677622,0.1755453,0.4645059,0.4427422,0.1997603,0.06653821,0.04575606,0.05239805,0.05791412,0.0602881,0.05136235,0.05630814,0.03750012,0.06105057,0.0523712,0.06592487,0.04170964,0.06727061,0.03008002,0.04938094,0.05553775,0.1596801,0.1862292,-0.3715907,0.04926551,7.418242
299.578,0.02591106,-0.009865793,-0.01618443,0.006233474,0.00339888,-0.00711949,0.006896058,0.0356069,-0.01104534,-0.02281279,5.42515e-4,0.003351726,-0.004401049,-0.008418295,0.003188172,0.005542519,3.523284e-4,0.004273901,-9.968314e-5,-0.004223213,0.006112902,0.001696649,-8.077053e-4,0.003368783,0.00313278,0.003163698,0.001888418,0.002552795,0.002372281,0.001198564,1.207321e-4,0.001526561,0.003542721,0.0137387,0.003954688,-0.009830538,7.349653e-4,-0.006945061,0.00133021,0.01236584,6.868679e-4,-6.236161e-4,-4.111301e-4,0.01050906,0.01324857,-0.00119644,-0.002437195,0.005582949,0.007820228,-0.00475999,0.004285325,0.01255904,-0.002257731,0.001531871,0.001472199,0.007117063,-0.004319127,0.002297622,0.002350322,-0.001503099,-0.001714764,0.003888524,-0.001421191,0.006266203,-0.001131399,0.005318306,0.002882626,0.002945275,0.001721957,0.007723272,0.001229805,0.002062765,0.00117979,4.1523e-4,-0.004446137,-0.002904361,0.003323649,1.007969e-4,0.001097465,0.002018803,0.004283709,-0.00307493,6.998828e-4,3.618959e-4,0.001105934,4.538254e-4,0.001680658,0.0010838,-9.509612e-4,-0.003021575,2.437557e-4,9.135865e-4,0.002552673,-0.003799289,-1.818175e-4,0.002564233,9.637108e-4,-0.001182136,-4.302205e-4,6.463095e-4,0.001451873,-1.254424e-5,-8.785669e-4,0.001138523,-8.911198e-4,1.946404e-4,0.001503756,2.226867e-4,-3.847783e-4,4.93627e-4,-6.538748e-4,-6.656047e-5,-9.767719e-5,4.926276e-4,-7.010807e-4,-5.41892e-4,-2.843111e-4,5.00293e-4,4.781738e-4,0.001382706,0.001778272,4.42528e-4,0.001053457,0.002116593,6.619625e-4,-1.270981e-4,-4.150919e-4,5.160618e-4,5.492628e-4,-7.150942e-4,-8.064837e-5,8.896069e-4,1.299214e-4,6.680146e-5,9.530521e-5,8.547272e-4,0.00417089,0.00137419,0.001990926,3.544232e-4,-2.449082e-4,0.001803511,-1.253147e-4,-1.787254e-4,0.001408361,5.336272e-4,0.001304521,0.002806091,0.002551129,0.003285271,0.003146083,0.005145164,0.003401239,0.00226513,0.004120522,0.009219207,0.01126384,0.01352123,0.01630032,0.01476062,0.0111989,0.01368341,0.01630801,0.01680619,0.02997058,0.132602,0.4217403,0.5464678,0.2745365,0.07836849,0.0460074,0.06068412,0.0592696,0.06496361,0.07383628,0.07266741,0.06536107,0.06299686,0.06464412,0.06048493,0.04264937,0.07828568,0.02421992,0.05655041,0.02134121,0.02182108,0.02712811,0.2744576,-0.2848969,-1.203982,8.012969
301.839,0.01777818,0.02781047,0.02264165,0.02258718,0.02945249,0.02189109,0.0200562,0.05079215,0.02125626,0.01968142,0.01768866,0.01274685,0.008711763,0.01268589,0.01306852,0.005680872,0.02072341,0.005703085,0.0122158,0.006478799,0.01033056,0.01011289,0.00248704,0.00566904,0.008095613,0.005413243,0.006023999,-0.002586443,8.876333e-5,0.0131654,0.01205779,0.01625255,0.01915509,0.003623733,0.003163002,0.0143828,0.01984603,0.006627269,0.01145324,0.01049575,0.005866432,0.005722771,0.02207373,0.003925798,0.01629429,0.007147567,0.01105694,0.01456563,0.003909461,0.01813872,0.02129136,0.006355955,0.00942779,0.008100659,0.007281085,0.009402739,0.01283522,0.005406159,0.005273428,0.007504031,0.006194635,0.006362969,0.003760954,0.004373243,0.01482599,0.007184422,0.01483789,0.004291205,0.008650629,0.007336812,0.009188321,0.008740189,0.005829645,0.004586606,0.00769376,0.00481222,0.00666553,0.004333777,0.007258251,0.00389939,0.009392961,0.00578166,0.008647883,0.002583126,0.001956421,0.004902325,0.004754768,0.001512999,0.001879193,0.006316071,0.006764499,0.004826636,0.004094161,0.003849636,0.003163118,0.0027033030000000002,0.001085641,0.003087134,0.0013142,0.002417359,0.002015412,0.002270781,0.002607721,0.002509445,0.001177906,0.002022793,0.002464038,0.002040801,0.001352939,0.001156146,0.001378626,0.001212632,0.001411727,-4.880054e-4,0.001363168,0.001345601,0.001641214,0.00136515,0.001861042,0.003024629,0.001791607,0.002327344,0.002708011,0.00153547,0.002355143,0.002528511,0.001191115,0.001627867,0.002943745,0.001911949,0.003537357,0.00315844,0.004742159,0.001571615,0.004359127,0.002468982,0.004033874,0.001792223,0.003796938,0.003934487,0.002566802,0.003941133,0.004884474,0.003214159,0.002854767,0.004671016,0.002358441,0.001541629,0.002789739,0.006200271,0.004950747,0.005218085,0.006575563,0.007861534,0.009625082,0.01102853,0.01366766,0.01959489,0.01788998,0.01670722,0.01996744,0.01635196,0.01968048,0.02982823,0.09161017,0.3890537,0.6505954,0.3897551,0.1066142,0.04498784,0.06014639,0.06266221,0.07503261,0.08648328,0.085199,0.09938775,0.07201548,0.07811875,0.09483111,0.08803626,0.08168948,0.09093102,0.08373508,0.08802018,0.08580944,0.1037857,0.269534,0.4229313,1.071964,2.661978,6.290042
304.1,-0.01055465,-0.005204229,-0.00665627,0.001670095,0.004211981,-0.01219518,-0.009357014,-0.005511609,0.0164926,0.006892848,-1.40337e-4,-0.005318255,-7.795422e-4,-0.01009938,9.189638e-4,0.009345336,-0.01024779,-0.00775029,4.382075e-4,-0.007277548,-0.007576744,-9.601981e-4,-6.455467e-4,4.449349e-4,9.068192e-4,-0.005375189,9.907787e-4,0.002070133,0.001347769,0.004051233,-0.003981027,-0.002516063,-6.025511e-4,-0.003433858,-0.005717561,-0.01055931,-0.00201569,-0.002268731,-0.001879273,-0.00980505,-4.325547e-5,-0.006270456,0.004066702,0.01483743,-0.0127781,-0.01121805,-0.004270562,-0.008333474,-0.005219817,0.003115646,0.002415664,0.001962788,-0.005880254,-0.001854035,0.001000408,-3.363995e-4,-0.002047922,-0.004144009,0.003542446,7.280626e-4,-0.003627912,-0.003210866,-0.002191547,0.001605587,2.571285e-4,0.00221874,0.002252776,-9.362166e-4,0.001056835,-0.003619213,0.001105218,0.002259314,-2.502377e-4,-0.004496199,-0.004440622,-1.806542e-4,-0.002347948,0.001226811,1.11079e-4,-0.004127239,-0.00329391,5.420226e-4,-0.002662104,0.002116793,-9.981098e-4,0.002144207,2.097881e-5,-0.005672277,0.001637416,-0.001225586,-0.001397761,0.001702408,-0.001143432,4.631942e-4,-2.984023e-4,-0.002024251,-6.901097e-4,0.001027722,-0.001622254,-0.001403889,-0.001045783,-2.638824e-5,-1.845993e-4,-0.001735522,-3.16354e-4,-2.981069e-4,-3.273216e-4,-0.001038668,4.357663e-4,-7.006874e-4,4.212164e-4,-0.001346408,3.881664e-4,-6.41811e-4,-2.029758e-4,-7.389976e-4,7.856192e-4,-4.887771e-4,1.508299e-4,-9.576123e-4,5.882876e-5,-0.001572173,0.00112649,-3.876681e-5,-2.768312e-4,5.59426e-4,-9.505151e-4,1.793856e-4,4.446502e-4,6.76571e-4,7.050262e-4,4.029278e-4,0.001082858,-7.450742e-4,0.002282723,-0.001636317,0.001860256,0.001241247,8.901118e-5,-1.990341e-4,-9.448853e-4,6.173196e-5,-4.015842e-4,6.208603e-4,0.001777206,0.002436783,0.002428489,0.002931895,0.001471103,0.002211609,0.003171523,0.001534559,0.004294434,0.004447332,0.006242161,0.01074538,0.01456744,0.01464751,0.01298379,0.01150579,0.01559484,0.01325968,0.01878908,0.05507545,0.2606254,0.6592033,0.5676651,0.1524297,0.04454204,0.04751802,0.05768814,0.06581431,0.07338978,0.0801538,0.0857239,0.07591555,0.08448881,0.08033875,0.07781573,0.07594348,0.05902357,0.06088597,0.04666073,0.05544146,0.04304939,0.1114825,0.03312988,0.2105596,0.1345624,-1.054849,-2.259789
306.363,0.007737175,-0.002047479,0.01664001,0.01200859,-0.001936755,-0.01009165,0.0120508,0.01579556,0.01263869,0.01153877,0.007955342,0.007645266,-0.00686901,8.944058e-4,0.01291305,0.004573566,0.008678969,0.008552857,0.001192367,0.006289883,1.750125e-4,0.002108242,0.001105342,-0.001153266,-4.478254e-4,0.002431681,0.001934616,-0.001669142,0.004953353,0.00374261,0.00563817,0.004993497,0.01092528,0.01542826,-1.416388e-5,0.0143138,0.008582635,0.004194492,0.003231994,0.00606253,-0.001458721,0.007042987,0.002748722,0.001498182,0.004059337,0.01097834,-0.002978265,-8.290999e-4,0.00707009,-0.005069428,0.002285345,0.003471329,0.002927963,-0.003180526,-0.003893917,-0.005992414,0.001381492,0.003234848,-0.001177192,0.005416534,4.913888e-4,0.006146216,0.005171686,0.00289467,0.006020234,-4.073253e-4,-0.001739941,-0.003210035,0.007254104,0.001375871,0.00147342,0.001758405,0.001108634,0.004374768,0.002035789,0.005008777,-2.353518e-4,-0.003308987,-2.147972e-4,0.001219683,0.00207175,0.002482875,0.001000326,0.006928505,4.244307e-4,3.052759e-5,0.003972619,9.647922e-5,7.726509e-4,-0.001169926,0.0014361,0.001079985,-4.580056e-4,-0.002718309,9.065388e-4,0.0044925,-4.367636e-4,7.872018e-4,0.002229652,0.001396722,0.001486274,1.428165e-4,1.998768e-4,0.001719834,0.001228922,8.148037e-5,0.001284453,3.840963e-4,3.311117e-4,-2.706976e-4,7.367081e-4,2.86403e-4,-1.243766e-4,4.017269e-4,-1.332848e-4,0.001033691,1.643697e-4,0.001046766,-7.160918e-5,-5.604643e-4,0.001270813,0.001242236,0.002940054,2.213317e-4,0.001244931,0.001889984,-1.864508e-4,8.324528e-4,1.260738e-4,8.94692e-4,3.248976e-4,-5.656178e-5,0.001105844,1.2723e-4,0.001510446,6.096774e-4,0.001477456,0.001380804,2.720911e-4,0.002105195,0.001361302,0.001515166,4.290532e-4,0.001151286,6.426738e-4,0.001387057,0.001618431,6.507936e-4,0.00255885,0.003779249,0.005752549,0.00630521,0.006836175,0.006350167,0.007458559,0.01673584,0.01661541,0.01650554,0.01501884,0.01033461,0.01317461,0.01727437,0.03127426,0.1516489,0.5187402,0.7195293,0.2988099,0.05179206,0.04473377,0.05079689,0.05919991,0.06861075,0.07792671,0.09039871,0.086859,0.0919163,0.0946366,0.0907155,0.09169291,0.08325807,0.08514337,0.06875096,0.06789497,0.06478547,0.1248504,0.1209684,-0.03237952,0.224992,-0.2507295,0.4761817,3.117708
308.626,0.02790961,0.02724375,-0.002123948,0.008724788,-0.01636963,0.005122491,0.01144721,-0.004978258,-0.008705082,-0.01750077,0.008277189,0.007078023,-0.004743073,0.007165671,-0.00284823,-0.001060877,-0.001313512,7.706383e-4,0.004765263,0.001898779,-0.002508039,-4.679649e-4,8.77227e-6,0.001466287,0.001988737,0.003335417,0.002786351,0.002608587,0.004499669,0.002407743,0.008454438,0.002038138,0.01188978,-0.006063161,-0.00616708,0.008783512,0.007646336,0.007725751,-3.25434e-4,0.002342953,0.01446193,0.01461974,-0.004799961,-0.006299425,-0.003561955,0.002925786,0.007406136,-0.004054762,0.002350914,0.001989501,-0.003932361,0.004995715,0.00773547,5.439444e-4,0.005923578,0.002398257,0.00780087,0.001876072,-0.004796795,-0.006609442,-0.001398321,0.0034744,0.002207837,0.006538894,-0.007759661,0.001694495,0.002900557,0.001926514,-0.001683356,0.003554997,0.001815754,1.901525e-4,8.792365e-4,0.001790033,3.799844e-4,9.12084e-4,0.00313557,0.001050362,4.415166e-4,0.00306066,-0.001343995,-0.001102319,0.001695539,0.001320192,0.002913888,6.980457e-4,0.004528952,9.57045e-5,-4.957983e-4,3.258245e-4,3.341263e-4,1.59101e-6,0.001835311,0.001449937,7.474194e-4,6.405713e-4,-4.729219e-4,9.737034e-4,9.867752e-4,5.755913e-4,0.001107589,0.001033479,0.001356992,8.319892e-4,7.522663e-4,5.275696e-4,-0.00126605,-6.490709e-5,7.512075e-4,6.818558e-4,1.680367e-4,8.443904e-4,-3.012737e-5,-9.517421e-4,0.001247699,-4.741727e-5,3.921595e-4,3.268134e-4,0.001597551,6.773576e-4,0.001580359,0.001016112,7.060604e-4,6.456296e-4,3.297845e-4,0.002355551,8.23979e-5,2.759581e-4,0,0.001037881,-2.913587e-4,4.455441e-4,2.37758e-5,-7.150496e-4,0.001429307,4.758602e-4,3.783279e-4,-0.001196437,0.0014548,7.542252e-4,-8.560742e-4,5.901938e-4,0.00205729,0.003738505,0.002175606,0.001860375,0.002932697,0.003814642,0.003398699,0.002097813,0.006330386,0.006394122,0.005089052,0.00855212,0.008018692,0.01192787,0.01959977,0.01498579,0.01945044,0.01278964,0.013705,0.02440706,0.08802832,0.3322202,0.610871,0.4554416,0.08313629,0.03289067,0.04191517,0.05276447,0.07038065,0.08426009,0.09213194,0.09568933,0.08562969,0.1014829,0.1023217,0.1002679,0.1003593,0.1020509,0.08660166,0.0793688,0.06173809,0.08111276,0.04850643,0.05641908,0.08808243,-0.02647477,0.5496568,0.2379484,2.541008
310.89,6.353413e-4,-0.007069874,-0.0114098,-0.002013864,0.01382938,-0.001451998,0.001431913,0.009339024,-0.005852644,-0.001937182,0.002171604,0.003395712,4.486099e-5,-0.002978233,-0.002715569,4.153874e-4,-9.968378e-4,0.002088959,4.788328e-4,0.003673227,9.155406e-4,0.001611376,1.912755e-4,-4.214583e-4,0.002477563,0.002799375,-6.59239e-4,-6.72779e-4,7.235064e-4,-3.907302e-4,0.003614281,0.002048326,0.02074927,-0.004034115,-0.008055258,0.004914632,0.001383381,-1.204178e-4,0.004533127,-0.001483446,-0.01706268,1.491742e-4,-0.004934265,0.005583784,0.004705804,0.005946261,0.004993587,0.01250691,-0.004304093,-6.456507e-4,-0.002443547,0.003816682,-0.003275165,0.01200832,0.004572082,0.008844632,0.007765975,0.004279496,-0.004300039,0.002847633,-0.001510063,0.003358929,-0.004331064,0.00160416,-3.51251e-4,-0.001531108,0.003309793,-0.004457573,0.007374002,0.002227869,-5.195355e-4,0.002388177,-0.001549778,-0.002325174,6.720192e-4,5.021758e-4,0.001153981,0.003012814,0.001071924,-1.347567e-4,4.134735e-4,0.002671917,1.665624e-4,7.908053e-4,-4.565314e-4,-0.001896013,-6.817075e-4,5.370594e-6,-3.349949e-4,9.22975e-4,0.001747935,-9.565736e-4,0.002573221,5.739963e-4,-5.955009e-5,0.001047429,0.001777825,-2.884179e-4,-6.863964e-5,7.567569e-4,-7.692707e-4,1.422631e-4,5.409142e-4,-1.478857e-4,-3.82471e-4,1.722059e-4,-1.455808e-4,5.4887e-4,0.001529123,-2.966552e-4,2.039444e-4,3.747994e-4,7.253364e-4,3.82736e-4,5.513956e-4,1.015954e-4,-5.266872e-4,0.001123432,0.001452012,1.28599e-4,8.513614e-4,0.001857329,1.470783e-4,-1.128454e-4,5.439433e-4,3.764846e-4,0.001275532,0.001427925,4.315718e-5,0.001872753,-2.146332e-4,0.001136771,0.002248069,8.863847e-4,7.42313e-5,0.001132798,7.087766e-4,0.001615081,0.002047132,2.441595e-5,0.001293778,0.00188729,0.002102409,0.002096499,0.001309696,5.028429e-4,0.00367766,3.881773e-4,0.003132735,0.006433674,0.00633862,0.007635837,0.01014023,0.01081071,0.01173241,0.0140764,0.01771508,0.01804389,0.0144539,0.01580293,0.01910825,0.05646809,0.2107749,0.457774,0.4634669,0.1634729,0.03706079,0.04332036,0.04615573,0.05693218,0.07923902,0.09043235,0.0920665,0.1054335,0.09885935,0.1064741,0.09601125,0.1049838,0.09987913,0.08191206,0.08310218,0.07923532,0.0990499,0.0654723,0.1400275,0.07202272,0.1699443,0.1646173,0.2914055,0.4013529,4.016208
313.155,-0.002505209,0.007507828,-9.619605e-4,0.003094793,0.008244956,0.003197082,-0.007645434,0.007554755,6.750544e-4,0.003296692,-9.818359e-4,2.609782e-4,0.01012507,0.005722175,0.004192546,0.003450542,-0.00580037,-0.002742202,-1.123005e-4,0.00660113,0.005395265,0.00227139,-0.003041311,0.002260798,0.002866948,0.001359268,-5.774453e-4,-0.002628151,-0.006402531,-4.265797e-4,-0.003577419,0.007264772,-0.004525025,0.01006425,0.001283697,-0.002752845,-0.002694914,-0.004446383,-0.01436895,-0.004636415,-0.001272717,-1.584582e-4,-0.00439657,0.004225859,-0.008161213,6.373365e-4,0.00226975,-0.002609799,0.01127887,0.002655761,-0.01213396,-0.01116382,-0.002307641,4.317725e-5,-3.815676e-4,0.001940524,-0.00603861,-0.005727572,0.001664452,-0.00407814,0.001247881,-3.202729e-4,-0.002555979,-0.003065154,0.006577008,0.002837199,0.001025442,7.793463e-4,0.003189108,-0.003581986,0.006217503,2.869812e-4,-0.001924518,0.003327057,0.004887332,0.001088794,-0.001228093,0.002605116,7.412466e-4,3.973171e-4,-0.002393405,0.00313702,0.004037022,-0.001741527,4.77189e-4,0.001686985,0.00207912,-1.212541e-4,3.608319e-5,7.11907e-4,0.001465908,4.964795e-4,0.002137278,-7.636602e-5,0.001607089,0.001278681,-3.420986e-4,2.076066e-5,6.142383e-4,-3.569631e-4,-0.002151599,-4.889806e-4,-1.255289e-4,0.001890092,5.018956e-4,-8.646748e-5,0.001441873,3.13518e-4,3.212942e-4,2.637824e-4,-5.146352e-4,-2.080544e-4,6.9015e-5,7.351485e-4,7.003904e-4,9.152331e-4,0.001529158,8.699481e-4,9.408296e-4,2.991617e-4,0.001147916,-1.600244e-4,0.001482452,-3.626385e-4,1.417302e-5,0.001401669,5.22009e-4,-2.221471e-4,1.202095e-4,-2.49492e-4,-9.047636e-4,9.574285e-4,1.94805e-4,0.001602715,0.003099886,2.064734e-4,0.001676796,-1.187795e-4,1.766372e-4,0.00142463,1.727989e-4,0.001069421,0.001164004,0.001073664,0.001099058,0.001727776,3.723275e-4,0.003224639,0.003243494,0.006500587,0.007007793,0.007906909,0.0086963,0.01292803,0.01008193,0.01517887,0.01869327,0.01668313,0.01470907,0.014768710000000001,0.03910594,0.1652795,0.3419333,0.3886436,0.186829,0.04529164,0.03795011,0.03999937,0.0524863,0.06473617,0.07732494,0.08748711,0.101193,0.105934,0.1055916,0.109111,0.1085738,0.09379927,0.0917661,0.1024627,0.09076811,0.08031917,0.09703344,0.07918366,0.04667094,0.1091891,0.1697487,0.3865542,0.5986993,1.601616,-2.162061
315.421,-0.005418442,-0.01990811,-0.008823776,-0.0191249,-0.01781466,-0.004452464,-0.02074525,-0.01920513,0.002535546,0.006017801,-0.004239934,-0.006551266,-0.004564098,0,-0.007624919,0.002314443,-0.005093682,-0.005412744,-0.003957078,0.001277257,-0.00238713,-1.708932e-4,-0.001580023,-5.602159e-4,-0.005148339,2.347883e-4,-0.002259802,0.001840734,-0.003905435,-0.00185372,-5.240759e-4,-0.009180026,0.01381109,-0.0140493,-0.007495175,-0.009093285,-0.01073084,-0.002648494,-2.673505e-4,-0.005083272,-0.004115299,-0.01338338,0.003829669,-0.00463534,-0.006361304,-0.001498352,-0.003809421,-0.008341244,-0.007749102,-0.004557632,0.002079235,9.363811e-4,-0.0190025,0.002865044,-0.007211641,-0.01181314,-0.008279458,2.535656e-4,-0.002533516,0.001303268,-1.276307e-4,-0.006038591,-0.004499007,-0.003488228,-0.005793088,-0.01164584,-0.003709044,-5.679822e-4,-0.003853296,-8.444236e-4,-0.005700143,0.002580313,-0.002015499,-6.613969e-4,-0.008329993,-0.002795063,-0.001155048,0.001011476,-0.00205734,-2.632551e-4,-0.006818426,-6.130892e-4,8.566763e-4,-0.004535599,-0.003098696,-0.003925276,-0.004916461,-0.004883509,-6.686793e-5,-0.003029928,-0.001165791,-0.002282021,-7.476387e-5,-0.002700066,-5.367912e-4,5.153781e-4,-1.275279e-4,-9.27366e-4,-1.909015e-4,3.959769e-4,-0.002234662,-9.344561e-5,-0.001054856,-0.002118068,-9.878639e-4,1.509301e-5,5.616104e-4,4.467237e-4,-3.643359e-5,4.222024e-5,-2.462771e-4,1.727279e-4,-4.783629e-4,-4.04439e-4,-7.842081e-4,3.998724e-4,-7.368566e-4,0.001030585,-8.982549e-4,-4.029556e-4,-4.234394e-4,-5.883443e-5,7.057913e-4,-0.001284832,1.618795e-4,-8.824521e-4,-2.111935e-4,-1.988575e-4,-0.00121748,3.566579e-4,-0.001699866,0.001070195,1.027806e-4,-0.001007134,1.405807e-4,-3.101836e-4,0.001487892,4.085334e-4,-0.002397751,5.53183e-4,-1.018274e-5,-0.001136068,-0.001471074,0.001283889,0.002182808,6.648509e-4,0.002022666,0.00101675,0.00294549,0.006750424,0.008773886,0.009240123,0.01048241,0.008695629,0.01421379,0.01897809,0.01559716,0.01632709,0.01656211,0.02206751,0.1232408,0.3010613,0.3453041,0.1991679,0.05213877,0.03555901,0.03959291,0.04650135,0.05722711,0.06877027,0.084687,0.1004691,0.08292955,0.1018274,0.1118048,0.1131703,0.1173334,0.104599,0.1067939,0.1027229,0.09559572,0.0958147,0.06670665,0.0772011,0.05303695,0.027903,0.07067476,0.1668568,-0.1277095,-0.2700492,-0.9918891
317.688,0.006028619,-0.003019205,-0.02281662,0.00237044,-0.01528933,-0.02018842,0.004183998,-0.001171821,-0.0117395,-0.01974772,-0.005230656,-0.009139836,-9.38049e-4,-0.01198173,0.001971754,0.004628604,-1.037953e-5,0.001878695,9.891722e-4,0.004063478,-0.004479131,-0.002877275,0.001182236,-0.006328136,0.004030214,-0.00220552,-0.00570967,-2.294264e-4,-0.003050405,-0.006404608,0.004331828,0.005613558,-0.002959027,-0.01861517,-0.01710055,-0.00481166,0.002256623,-0.008036495,-0.003903459,0.001009269,-0.002278076,-8.544175e-4,-0.007839274,-0.004739902,-0.005755753,-4.7565e-4,0.001379047,-0.003273847,-0.007886671,-0.01428769,-0.004512692,0.001742284,-0.005412411,-0.002755716,-0.009688408,-0.001549972,-0.004414184,6.200372e-5,0.01162921,-0.003601547,-0.003921199,-8.385312e-4,0.002161423,-0.001662746,-9.715789e-4,0.002396532,-0.002961826,-0.001104685,4.013298e-4,-0.003990145,-0.003134525,-0.002738892,-0.002103842,-8.052775e-4,-0.002403993,0.003299978,-0.002005356,-8.148475e-4,-0.002370499,9.274797e-4,3.545566e-4,-7.417245e-4,-0.001559109,-0.00295544,-0.002188989,-5.08173e-4,-0.001992972,-0.001059753,1.696605e-4,9.214328e-4,6.814801e-4,0.001198528,-0.002137748,1.442525e-4,-8.249777e-5,0.002784057,-0.003511729,-1.845878e-4,0.003891369,-0.001429546,-3.505922e-4,-0.002093778,-6.59631e-4,0.001396931,4.280745e-4,-3.774107e-4,-5.832772e-4,6.362654e-5,-6.759265e-4,-4.767398e-4,-6.160777e-4,1.605065e-5,5.461098e-4,-3.988266e-4,-3.913037e-4,-3.535945e-4,2.763332e-4,-4.557365e-4,-0.001957012,-2.770288e-4,6.601244e-4,-0.00203083,-1.559441e-4,1.06503e-4,-5.407331e-4,-0.001075817,6.118381e-4,-0.001107663,-3.98752e-4,-7.555684e-4,7.732558e-4,-0.003062241,-1.224738e-4,4.61568e-4,0.001325127,0.001696192,-6.655326e-4,3.770379e-4,2.51307e-4,2.365544e-5,-3.647935e-4,2.170659e-4,0.001908234,5.755145e-4,0.001353947,9.991371e-5,0.001459029,0.004336498,0.003651767,0.009000915,0.01103467,0.009646567,0.01078936,0.01081371,0.01551646,0.0197586,0.01684294,0.01753703,0.0232987,0.07560874,0.2652796,0.3731815,0.2140884,0.06232246,0.03600755,0.03665859,0.04411024,0.05140763,0.06215748,0.07932119,0.09130817,0.09685563,0.1066141,0.1111363,0.1251352,0.1127052,0.1242621,0.1083933,0.1024154,0.09270969,0.1040018,0.09286239,0.09690126,0.05148828,0.03598446,0.09961228,0.0490477,0.1279893,0.360698,-0.5530665,-2.232132
319.955,0.007645732,-0.003011804,0.001441083,-0.01147562,0.004616726,-0.008676781,0.01486977,0.01905932,-0.006102378,0.01349343,0.003577061,0.004475113,0.01113,0.00209415,-0.01154448,0.005471772,0.004128553,0.001593188,1.931342e-4,0.002382333,-0.002108026,2.484994e-4,5.439548e-4,-0.001038049,6.698788e-4,0.001277872,0.002123053,0.004299487,8.009109e-4,-0.001488434,-0.005857724,0.001562505,8.446371e-4,0.007237618,0.01581648,0.007059251,-0.01087533,-0.005154176,-0.001910584,-0.005502259,-0.002263951,-8.675802e-4,-0.003871959,5.511267e-4,0.004200414,0.005859631,-9.88022e-5,-5.312367e-5,-4.992123e-5,-0.001382773,-0.005730644,-0.002550112,-0.002105642,-0.001377008,0.002562867,4.055002e-4,3.806475e-4,0.002906088,-0.003640939,0.00311593,-5.707439e-4,-0.007166973,-5.348548e-4,-0.001569826,-0.002352433,-0.005664955,0.001090036,-0.001431124,4.040043e-4,5.104123e-4,-9.606865e-4,0.002247831,0.005321429,-0.004349146,-7.154552e-4,0.003706135,0.004759501,-9.027655e-4,0.001146032,0.004657056,-0.001143779,0.001006258,1.850877e-4,6.007655e-4,-5.954012e-4,0.004261837,-1.293026e-4,-5.97254e-4,0.001366762,0.001213256,6.398751e-5,-8.266821e-5,-4.075203e-4,-2.987369e-4,-2.947626e-4,-4.924825e-4,-0.002165719,0.001029502,-1.816306e-4,-5.508274e-4,-6.468794e-4,-1.554672e-4,1.395168e-5,0.002488075,-3.660964e-4,-6.492936e-4,3.849457e-4,-5.811684e-4,1.646262e-4,-9.122611e-5,-4.093484e-4,2.623935e-4,3.864918e-4,1.537434e-4,-1.124993e-4,7.410062e-4,6.276087e-4,-3.294657e-4,0.001748695,-1.770635e-4,7.966727e-4,3.202041e-4,8.155492e-4,5.866719e-4,4.140342e-4,2.492914e-4,-0.001281419,-3.089559e-4,2.844438e-5,0.001377492,0.001256434,-5.146778e-4,0.001706156,6.281251e-4,0.002066706,0.001021426,9.256364e-5,2.509152e-4,0.001382535,-1.040704e-4,0.001177726,0.001623001,0.001525579,0.001594795,0.001652759,0.00205057,0.004839998,0.00518369,0.005980544,0.009437411,0.01640671,0.01542297,0.01215741,0.01095297,0.01756777,0.01837678,0.01583782,0.01912395,0.05855947,0.1975746,0.3555466,0.2696794,0.08470735,0.03477832,0.03875185,0.04265112,0.0484285,0.06240913,0.0756731,0.08956355,0.09090353,0.09322201,0.1108748,0.1240959,0.1264452,0.1237641,0.1310375,0.1244159,0.1133995,0.09951751,0.1043278,0.09385843,0.09581482,0.07985061,0.09405474,0.1080799,0.03296423,-0.02020324,-0.2944983,-0.9526811,0.4144418
322.224,9.411975e-4,-6.958089e-4,0.01264475,0.01066999,-0.004329452,0.03485777,0.009680004,-0.001043743,-0.006795248,-0.003093234,-2.000459e-4,-0.001603175,0.007388769,0.007296112,-0.002013601,-0.004433672,-0.003756373,0.003450072,-0.001531418,-5.140137e-4,0.003056927,3.979488e-4,0.00657335,0.002288677,0.001155011,-0.001472117,-0.001616663,0.002363104,8.042634e-4,0.004647024,0.001184921,-0.006292328,-0.003778145,0.01021431,0.008320389,-0.009681371,0.002644968,0.007080834,0.001620995,8.329379e-4,0.003219699,-6.224721e-4,-0.003352564,0.002962395,-0.005893497,-0.001559985,0.002078358,-3.693632e-4,7.079643e-4,-0.006833757,0.003915095,0.002006983,-0.001446937,0.00287411,0.005238561,7.943088e-4,0.006108685,-0.004365079,8.142939e-4,3.475595e-4,0.006442143,0.002769586,0.003843811,0.001919103,0.002841532,0.002294678,0.004480605,-0.003190825,0.00216682,0.003242806,0.001132343,0.001558862,-5.681877e-4,3.704483e-4,0.003824976,3.542749e-4,9.139427e-4,0.002335773,-3.073387e-4,4.674974e-4,0.00202221,-1.576605e-4,-0.001433145,-9.667429e-4,-0.002262911,-0.001185174,-2.177272e-4,0.002034584,-3.042998e-4,0.001077555,-0.00178775,0.002998274,0.001854822,0.003924157,8.055537e-4,-2.512194e-4,3.308398e-4,0.001191455,6.181589e-4,5.109466e-4,3.308052e-4,8.65502e-4,-3.968229e-4,0.001602892,-7.60713e-4,0.001534611,-1.978339e-4,3.369589e-4,-7.016128e-4,0.001252046,-4.374915e-5,-9.325164e-5,3.231811e-4,-6.400831e-4,5.692929e-4,4.552608e-4,3.198771e-4,5.817854e-4,0.001091491,0.001077973,-5.066173e-5,-6.770389e-4,6.629683e-4,0.001743475,4.58765e-4,-2.002837e-5,-5.775433e-4,2.603392e-4,3.680466e-4,0.001235904,-2.714315e-4,0.001050745,0.001055383,0.001321479,0.001991112,5.34402e-4,0,3.806124e-4,0.00268409,0.002947014,9.697182e-4,0.001250543,0.001636103,0.002544897,0.002373503,0.002651839,0.003857871,0.003441389,0.008925057,0.0149533,0.02169101,0.01658505,0.01319125,0.01309794,0.01675456,0.01572372,0.01901793,0.04149911,0.1744657,0.328355,0.3109297,0.1138433,0.03493098,0.03297146,0.04286882,0.04758001,0.05484014,0.07404119,0.07688072,0.08776306,0.103191,0.1155916,0.1180739,0.1422122,0.1347812,0.1349731,0.1279692,0.1353536,0.1434734,0.1183378,0.1090822,0.1065511,0.08857093,0.1036736,0.1070906,0.1201423,0.1307462,0.3601109,-0.03248253,-1.180674,-0.3471464
324.493,0.0228295,0.0197012,-0.006724496,0.003383601,0.02559978,0.02459878,0.02011781,0.006491909,0.004366912,-4.861729e-5,0.004859191,0.0122341,0.002364529,0.005586501,0.01465837,0.01064715,0.00703921,0.01051118,0.004630265,0.002770876,0.007165469,0.005435447,0.003744368,0.006116607,0.005163304,0.004673831,0.003261225,0.004044456,0.00768516,0.005172472,0.01519858,0.01693108,0.01849732,0.02035442,0.02514587,0.01679194,0.01740671,0.006958652,0.001946774,0.0100682,0.004027218,0.008714469,0.01514677,0.006231854,0.01201954,0.004424084,2.385686e-5,0.01266655,0.008001781,0.01464941,0.001012385,0.01022638,0.003130069,0.00396408,0.003287689,0.006549817,0.009304276,0.002617573,0.002126266,0.004531705,-6.711721e-4,0.008127607,0.003382685,0.007349032,0.006724005,0.003262844,0.006944624,0.001959721,0.006711133,0.005992863,0.005371852,-6.201388e-4,0.003956298,0.004734137,0.003794344,0.002088358,0.002401729,0.006041783,0.006743085,0.003032601,0.003245826,0.002800406,0.003294541,0.002593225,0.002396663,-0.00181454,0.003705175,0.003444995,5.332682e-4,8.841889e-4,0.002938242,0.00235493,0.00282405,0.005442079,0.001069668,0.003183001,0.002115093,6.876214e-4,0.002736479,9.224984e-4,7.818408e-4,0.00228651,0.001743426,0.002219325,0.001245367,0.001806952,0.00185989,9.956727e-4,7.099409e-4,0.001448034,7.195307e-4,0.001525155,0.001020868,9.316454e-4,8.072487e-4,7.996193e-4,0.001891843,8.26076e-4,0.001262623,0.002448193,0.002381516,-3.397065e-4,0.00170056,0.002087937,9.076023e-4,0.001906864,0.002382908,0.001436746,0.003114163,0.002410679,8.708829e-4,0.00293905,8.879705e-4,0.003075521,0.00449558,0.001353003,0.001700494,0.002918183,8.228293e-4,0.004123975,0.002089169,0.001998055,0.002823849,0.002796579,0.004165953,0.004043399,0.00704807,0.008572757,0.0106573,0.02098143,0.02877199,0.02001289,0.01422735,0.01456433,0.01550975,0.02197622,0.03381445,0.126537,0.3359932,0.3362161,0.1731438,0.04536938,0.03621975,0.04623204,0.05163862,0.05678973,0.06695342,0.07585079,0.09378787,0.1019174,0.126276,0.1321874,0.1443207,0.1452313,0.1620885,0.1489862,0.1332334,0.1435175,0.1332362,0.1445184,0.1295679,0.1356809,0.1446464,0.1093458,0.1789763,0.2230829,0.1804529,0.4718595,0.3564998,2.598739,6.868794
326.764,-1.80517e-4,-0.00145522,-0.004416108,0.01614259,0.03960164,0.01974704,0.005490537,-0.002213813,0.01825085,0.02492234,0.0315215,5.186484e-4,0.003186736,0.01062948,0.007248886,0.005234976,-0.006591606,0.007635218,0.004354398,0.002151583,2.29944e-4,-0.001039635,0.002295896,9.351037e-4,0.00341897,5.614207e-4,0.002507811,0.002718861,2.325276e-4,0.004481778,0.007937021,0.007283037,0.002779568,0.001879381,0.003855348,0.01167396,0.008725469,0.01243448,0.006318807,0.005694054,-2.059433e-4,0.00604017,-0.002835784,6.660701e-4,0.004290039,-6.552909e-4,0.01089768,0.005911091,0.00121465,0.00349727,-0.001656448,0.004687912,0.002732051,0.003872685,0.006767781,-0.002343326,0.001598058,-9.83248e-4,0.003932646,0.008085033,0.002997264,0.001655577,8.420391e-4,-0.001960156,0.008173482,-0.002043041,0.003215789,0.004033598,0.004247776,6.571015e-4,0.004548395,0.004605885,0.003689415,0.006233217,0.001538903,0.00616701,0.001559672,1.993624e-4,-0.001081394,0.004603218,0.004945999,0.002805581,0.001120204,0.003634815,0.00172061,0.001445069,4.975386e-4,0.004819788,0.001971046,0.001538729,0.001534224,4.149917e-4,-3.749416e-5,0.001781653,0.002783543,0.002209187,0.001172638,0.001432845,7.818179e-4,0.002534399,0.001796569,8.120891e-4,4.154255e-4,9.625576e-4,8.989921e-4,0.001334385,6.436126e-4,0.001136791,9.456317e-4,0.001405151,7.427885e-4,3.103409e-4,-6.636115e-4,4.800977e-4,0.00108138,0.001170482,0.001456971,3.504877e-4,-9.63066e-4,8.877791e-4,6.963928e-4,7.97211e-4,0.001533407,1.305931e-4,6.784765e-4,5.818303e-4,0.001360387,-1.926526e-4,8.034961e-4,0.001532613,0.001152728,0.001271804,-2.498137e-4,0.001697495,0.001519108,0.002362386,0.00369392,6.944319e-4,7.104306e-4,0.002810181,0.003006181,0.003072426,0.003002348,0.002359009,0.003647712,0.005185785,0.008086194,0.01051924,0.01304071,0.02786878,0.03658247,0.01791243,0.01598092,0.01590282,0.01869099,0.02586508,0.08321911,0.3013298,0.4013509,0.2185347,0.06860127,0.03735644,0.04599553,0.05301274,0.06082984,0.06657019,0.07880637,0.08473511,0.09343688,0.1036539,0.1301768,0.1377056,0.1557182,0.1463669,0.1514337,0.1594257,0.1457378,0.1490415,0.149973,0.134454,0.1458146,0.1422126,0.1472881,0.1458924,0.124874,0.1367949,0.2547319,0.1031295,0.2246942,0.6391538,-0.1739327
329.035,-0.00595359,4.866203e-4,8.070514e-4,-0.0110914,-0.02269342,-0.01199286,-0.01366935,0.002996703,-0.01094695,-0.00330625,-0.004025883,-0.002906448,-0.00462499,0.009660253,0.002258072,-0.00135567,-0.001212173,-0.00741753,-0.004812786,0.001013525,0.003774023,-0.001406164,2.843344e-4,-0.001012771,0.001870946,-0.002708002,0.002526416,-0.001926495,-0.004443134,-0.003084156,0.001693972,-0.002617795,0.01371518,1.104791e-4,0.00277291,-0.008427886,-0.005608702,-0.00612401,-0.008251324,-0.0018501,0.002461094,-0.002782892,-0.003449795,-0.002963917,-0.004231452,-0.00375014,-1.115398e-4,-0.008193915,-0.001778472,-0.002717758,-0.001550159,-0.005034887,-0.006183887,0.003320842,-0.006060406,0.004289388,0.003619539,9.386188e-4,-0.001525102,0.001033186,0.004230784,-0.004836577,0.004539504,4.435587e-4,-0.007682577,-0.002148504,0.001584436,-0.003660541,0.00126264,0.001458972,-0.001348133,3.467281e-4,0.001292045,0.002436531,0.001926621,-0.002105814,5.476593e-4,-1.968618e-4,-0.002589258,9.282684e-4,0.001463248,-5.869897e-4,-0.001994931,0.001598849,0.002220034,-6.068362e-4,0.002339969,-0.003251141,-7.074411e-5,0.001376706,2.415789e-4,0.001633975,-4.850654e-4,0.001633142,-6.510916e-4,-0.001292446,-3.068412e-4,-1.280594e-4,-7.002662e-4,0.001048192,-0.001703922,-4.229001e-4,7.601873e-4,-1.498727e-4,-8.670295e-5,-3.092758e-4,3.492636e-4,-4.392678e-4,-1.997625e-4,-4.598201e-4,-3.446064e-4,5.778802e-4,-2.259598e-4,-9.912661e-4,3.23797e-4,3.37474e-4,-3.402756e-4,-0.00101139,-0.001353892,-2.295761e-4,9.420479e-4,2.599403e-4,5.005952e-4,-3.165006e-4,4.632465e-4,5.539317e-4,-0.00144439,2.09753e-4,0.001671213,4.76902e-4,-2.83817e-4,0.001567569,-0.001021822,-9.655611e-4,-1.50059e-4,1.051114e-4,8.186086e-4,1.047547e-5,0.001382467,0.001165228,-0.001537758,0.00136863,0.001033547,0.001886892,0.005428161,0.005332851,0.0101138,0.009245182,0.0174361,0.03029455,0.04103643,0.02069148,0.01509144,0.01847641,0.01983986,0.06189038,0.2350361,0.4602239,0.3119675,0.09795122,0.03797736,0.04237813,0.0490479,0.05819736,0.06436833,0.07627657,0.08957584,0.1055421,0.1126135,0.1208942,0.1458068,0.15125,0.1575958,0.163615,0.1598538,0.1622905,0.1560576,0.1470347,0.1465255,0.1234287,0.13765260000000001,0.1346213,0.1342844,0.1126001,0.152169,0.1424854,0.1406466,0.1288627,0.1479808,0.2984081,-2.883644
331.307,-0.01371473,-0.001054432,0.008256704,0.0080816,0.01997131,0.01053517,0.01335021,0.03103128,-3.085508e-4,0.007540922,0.003833164,0.008449922,0.01111453,0.004715511,0.007370548,-0.001849815,0.001379741,0.005731228,4.612378e-4,0.007269911,-0.001584914,0.002687044,3.619655e-4,0.001838376,0.005603482,-7.823005e-4,0.00437998,-0.001316854,0.002327097,-0.003673009,0.003270878,-0.00187889,0.00847524,9.717529e-4,0.004923578,0.002325085,0.003782003,-0.005169892,0.002108916,8.402056e-4,0.002363337,-0.005393634,0.003470854,0.004538698,-8.698555e-4,0.00632925,0.007162794,-9.705075e-4,0.004916635,-0.001626341,0.001015937,-0.001836909,0.004120979,0.003386134,0.004198219,0.003227527,-8.503074e-5,8.923117e-4,-0.001196509,0.001970966,9.051682e-4,-0.0029693,2.332958e-4,-1.157351e-4,0.004370931,-0.003734541,0.005814671,0.002913694,-3.316745e-5,-3.267854e-5,0.002611222,0.003242929,0.003132296,0.004889511,-0.002520538,9.039889e-4,-5.459417e-4,0.001931752,-0.002330886,0.003856345,1.269644e-4,-9.191872e-4,0.001925148,4.478175e-4,0.00378087,0.004153607,0.001482446,8.256064e-4,0.001208297,0.003497369,0.00204497,-0.001404891,2.389456e-4,0.001885347,-0.001251488,8.691931e-4,-0.001633725,-3.712036e-4,-8.862148e-4,-2.603031e-4,6.343251e-4,0.003404107,0.001304899,0.00116367,-4.281815e-4,-5.063641e-4,-9.832821e-4,1.361708e-4,9.028202e-5,6.896202e-4,1.025546e-4,1.439388e-4,1.598811e-4,-1.788285e-4,2.894239e-4,0.00142472,-2.520407e-4,8.472879e-4,-0.001403147,8.413623e-4,-3.307598e-4,0.00119143,-7.091818e-4,0.002999502,2.300744e-4,0.001863821,-4.052407e-4,9.324033e-4,6.85711e-4,5.148803e-4,-2.864653e-4,-9.503885e-4,1.111629e-4,6.218006e-4,7.917464e-6,0.002009791,3.490671e-4,3.708348e-4,-2.773973e-4,0.001644889,0.001454823,0.002599272,0.002470122,0.003601888,0.008230952,0.007797895,0.01121113,0.0106895,0.01955609,0.03766388,0.04618333,0.02268209,0.01612937,0.02108348,0.04577978,0.1944481,0.4208692,0.4105245,0.1615672,0.0498553,0.04639026,0.05034651,0.05835128,0.06724627,0.07554392,0.0915096,0.09480524,0.1080749,0.1237303,0.1358006,0.1537956,0.1652025,0.1652302,0.1743787,0.1633615,0.159212,0.1669499,0.1625993,0.1508807,0.1629107,0.17330980000000001,0.1425362,0.1392777,0.1382902,0.1572238,0.1650305,0.3607322,0.3336215,0.08393125,-0.3188289,1.521252
333.579,-0.01137315,-0.003051048,-0.009619728,-0.004938556,-0.002112893,0.008310134,-0.01923221,0.002976991,0.001731007,-0.009413749,-0.01391826,-0.002815568,-0.006172306,-0.004714952,-0.005876076,-0.004055284,-7.708104e-4,0.002162358,-0.003912548,-0.002144029,0.002188753,-0.00213439,-7.848015e-5,-0.002917051,0.001098355,-8.455069e-4,-8.733426e-4,0.004248267,-0.00190388,0.003724676,-0.002050284,-0.01219434,-0.01762771,-0.005645243,0.0110199,-0.01673525,-0.01261225,-7.142348e-4,0.007472529,0.004468822,0.004434467,-0.001126953,-0.00669836,-5.413461e-4,-0.0042352860000000004,0.00494593,4.115453e-4,0.007328276,-4.863695e-4,5.827833e-4,7.060199e-4,-0.001920524,-0.005613348,5.725282e-4,-0.003310954,0.004275098,-0.001914239,-0.003399355,-0.006771954,8.518668e-4,-0.001709065,0.003618997,-0.007671352,-0.003563371,-0.00468118,-0.002890002,-6.562525e-4,-0.001723158,5.581887e-4,0.001997057,-0.005903763,-0.003415306,2.030293e-5,-0.005427916,0.001082396,0.005405132,-0.001588713,-9.527323e-4,-0.002047292,-0.004893502,-0.001690897,-0.001293088,1.381703e-4,0.001897605,0.002747696,0.001799131,0.004037657,2.690616e-4,-0.003282391,-0.002194261,0.003826636,0.002657182,9.502349e-4,0.001056201,-0.001260668,5.81692e-4,8.737702e-4,-0.001959363,5.100103e-5,2.12579e-4,-8.061567e-4,5.272438e-4,-3.728856e-4,-5.268964e-4,7.918613e-4,-6.860103e-4,-7.149545e-4,-5.021087e-4,-5.3333e-4,7.118212e-4,-4.756815e-4,-4.841069e-4,-1.660303e-4,-2.996532e-4,4.339541e-4,-1.898727e-4,-4.288934e-4,7.657981e-4,-6.368081e-5,6.1786e-4,-0.001419809,1.84574e-4,-6.2217e-4,7.639786e-4,5.061443e-4,3.656452e-4,-0.001321332,-4.919007e-4,5.879281e-4,-1.925512e-4,8.346556e-4,3.178933e-5,4.257424e-4,6.24263e-4,-1.54411e-4,0.001255785,0.002048909,0.001453546,0.002636104,2.870398e-4,7.021909e-4,0.001242672,0.002797459,0.00618955,0.005191369,0.01263121,0.01225823,0.0107246,0.02029034,0.04041435,0.04407911,0.02347455,0.01649274,0.02860869,0.1372543,0.3967522,0.4765966,0.224092,0.06535337,0.04615795,0.0525705,0.06008815,0.06668577,0.07898221,0.08973782,0.09743198,0.1093173,0.1140617,0.1406198,0.1479576,0.1549247,0.1722738,0.1755003,0.176303,0.1634415,0.1778924,0.1724167,0.1614602,0.1453927,0.1600697,0.1692644,0.1622736,0.1517657,0.1470547,0.1554985,0.20449320000000001,0.2213665,2.134269e-4,-0.07190679,0.05716531,-0.2471321
335.853,0.003775764,0.003601887,0.02232222,0.009412556,0.006294809,-0.007828141,-0.007569782,-0.006375678,0.01651688,0.008819507,-0.004193899,0.01112861,-0.002055074,0.01489468,0.01632642,0.007443018,-0.01073135,-0.001720028,0.004050224,0.00400749,0.002835735,-6.56489e-5,0.001777624,9.854955e-4,8.053845e-4,-1.372456e-4,-0.00264605,-2.683501e-4,6.783531e-4,6.598192e-4,-0.004837222,-0.001443812,-0.007173077,-0.01832418,0.009306986,-0.01109556,0.006674436,0.01185334,0.01278959,-4.070983e-4,-0.002299551,-0.003784186,0.007953334,-6.217572e-5,0.005130626,-0.003255698,0.01220415,0.005672232,0.005498059,1.223027e-4,-4.077924e-4,-0.001962415,0.003711377,0.006256604,0.003180661,0.005600363,-0.001108432,0.003297236,0.00549184,0.001557779,0.004919209,-0.001828683,0.003951199,0.003144366,0.001202473,0.001317621,0.001498837,-0.003441059,0.001047944,-7.559503e-4,0.001050161,-0.003413815,-0.00118957,3.890343e-5,-0.001212884,-5.534514e-4,9.901346e-4,-1.549843e-4,0.002502503,0.004218915,0.003688716,-0.001229667,-0.00164652,-0.001057687,-5.808425e-4,-0.002381971,0.001298894,0.002294673,1.281401e-5,-0.001852373,0.001313145,-4.191842e-4,-2.38329e-4,0.001555383,-0.002149926,5.071453e-4,4.173902e-4,-0.001132718,-0.001288655,-9.463302e-6,-9.158658e-4,-3.73775e-4,-8.278338e-4,9.441597e-4,-5.554228e-4,7.017105e-4,5.157966e-4,6.018e-4,5.933008e-4,7.406864e-4,9.939902e-4,0.001042622,8.898561e-5,2.978621e-4,-3.856342e-6,-4.714509e-4,2.867896e-4,2.36421e-4,-6.327625e-5,8.374932e-4,-7.732041e-4,0.00294679,-5.88555e-4,0.001085923,0.001198703,7.668929e-4,2.764581e-4,7.804981e-4,4.664902e-4,0.001086602,8.098352e-4,0.002493473,0.001658367,2.981117e-5,4.423681e-4,0.001231469,1.848492e-4,0.001823743,0.003498159,6.276178e-4,0.00255862,0.002442573,0.004449024,0.004435276,0.007435214,0.01189939,0.01368794,0.01344194,0.02272704,0.04641604,0.04276261,0.02772799,0.02257869,0.07955749,0.3140218,0.4791916,0.3152739,0.09271782,0.04836725,0.05334243,0.06200765,0.06999141,0.08184588,0.09453416,0.1050498,0.1142347,0.1240456,0.13502,0.1481301,0.1712385,0.1765713,0.1860265,0.1814377,0.1892446,0.1902684,0.1890415,0.1798345,0.1813125,0.1724127,0.1628215,0.158132,0.1708821,0.1794649,0.1877188,0.140884,0.2070493,0.2233014,0.1399014,0.3987459,-0.5019404,2.129582
338.128,-0.04748497,-0.03860028,-0.0361619,-0.02444873,-0.01750381,-0.0415077,-0.02370659,-0.04702142,-0.01882809,-0.001098288,-0.004738543,-0.01595924,8.585404e-4,-0.02493995,-0.02313695,-0.01451069,-0.0090935,-0.004373804,-0.01474085,-0.00245838,-0.0115392,-0.006064557,-0.005183567,-0.006673216,-0.00470298,-0.003259788,-0.006434456,-0.004102216,-0.002831899,-0.003266008,-0.01010563,0.005533668,-0.01735044,-0.009668882,-0.02310578,-0.01278796,-0.01210535,-0.01105062,-0.01158383,-0.0257711,-0.01116451,-0.01557364,-0.01596994,-0.01791978,-0.01034122,-0.004136044,-0.005081732,-0.01850508,-0.01874386,-0.01246108,-0.01444585,-0.007200102,-0.01307942,-0.00954812,-0.0108633,-0.01700315,-0.00707846,-0.007423767,-0.0035044,-0.01170818,-0.01101135,-0.01161117,-0.001978595,-0.01436853,-0.009736514,-0.01013897,-0.005607068,-0.003545149,-0.01009139,-0.008553224,-0.007916443,-0.006205679,-0.004632574,-0.0115311,-0.005263899,-0.001758044,-0.006056501,-0.007132336,-0.00205288,-0.007621308,-0.007896279,-0.008066646,-0.00433757,-0.006099144,-0.003453325,-0.003427849,-0.005710222,-0.002215342,-0.003656318,-0.003931266,-0.006315527,-0.004393013,-0.002696092,-0.003072883,-0.002216391,-0.002814427,-0.002367329,-0.001194268,-0.001463874,-0.00286572,-0.001794065,-0.00189263,-0.003092562,-0.001985122,-0.001601725,-0.002654987,-1.419754e-4,-3.367734e-4,-0.001466667,-2.580366e-4,-0.001080147,-6.070824e-4,-0.001119794,-0.00171099,-5.980423e-4,-0.001587254,-7.183954e-4,-3.925719e-4,-0.002011423,-0.002781854,-0.001918804,-0.00106375,-0.002597373,-0.002496385,-0.002532132,-0.001727357,-0.001024005,-0.002514209,-0.002916631,-0.003038844,-0.001483369,-0.002294719,-0.001502674,-0.001022554,-9.981183e-4,-2.656978e-4,-0.002901895,-0.003665859,3.479807e-5,-8.909161e-4,-9.256716e-4,-9.015533e-5,0.00124809,0.004576979,0.00631212,0.01047146,0.01241478,0.01153148,0.02122272,0.04125106,0.04170112,0.03270253,0.05436498,0.1900192,0.4298093,0.3754413,0.1367336,0.04522829,0.0479171,0.06122734,0.06665715,0.07520748,0.08988864,0.101629,0.1058094,0.1208961,0.1361334,0.1406096,0.1597058,0.1785795,0.1763167,0.1813964,0.1865931,0.1913786,0.1839384,0.1724965,0.185589,0.1860521,0.1817588,0.1732086,0.1704323,0.1581339,0.1385347,0.1845484,0.1469318,0.07052017,0.2271061,0.2019414,0.02838246,-0.4212677,-3.762339
340.403,-0.01035336,-0.02320286,-0.004429811,-0.01509584,-0.01819835,-0.01839788,-0.0145034,0.006900131,-0.01977917,-0.005078134,-0.01748655,-0.005022055,-0.00536894,-8.24201e-4,0.004003153,-0.006700258,-0.006866723,-0.003689679,-0.004857646,-0.005674608,-0.006354874,-0.00136307,0.001605359,-0.002304764,-0.004893489,-0.005041243,0.001357773,-0.003074579,-0.00517297,-0.006589024,-0.003316076,-0.002191649,-0.01182159,-0.003377409,3.258963e-5,-0.001661745,-0.005825757,-0.00863333,-0.001070973,-0.0120279,-0.009070009,-0.004516563,-0.008316063,-0.01362657,0.001881529,-0.00616491,-0.005766122,-0.009026859,-0.009743636,-0.009401834,-0.009176673,-0.00159756,-0.006143129,-0.007252191,-0.0105933,-0.004842705,-0.01123634,-0.002923023,-0.005111888,-0.005034622,-0.007287247,-0.002308186,1.074099e-4,-0.007243194,-0.0031277,-0.001598004,-0.006102584,0.001357458,-7.778228e-4,-0.003842223,-0.005507929,0.001435287,-0.003543166,-1.916638e-4,-0.004266261,2.854259e-4,-0.005534644,-0.005431419,0.002351617,-7.004032e-4,-0.003350275,-0.003067894,-0.002630927,-0.003077481,-0.001817091,-0.002178569,3.259915e-5,-0.001010269,-9.59212e-4,-0.003396963,-0.003795887,-0.001995425,-0.001796625,-7.088767e-4,2.172766e-4,0.001729473,-0.00234864,-0.002418934,-0.00244116,-0.001449241,5.359148e-4,3.608717e-4,-5.949919e-4,-0.001107104,-8.069154e-4,-8.505174e-4,-6.255226e-4,-0.001192742,-0.001333348,-8.872658e-4,1.068266e-4,-5.885499e-4,-0.001287386,-0.001222961,-5.409404e-4,-4.726777e-4,-9.24882e-4,3.558127e-5,-5.987533e-4,-2.620334e-4,-0.002111385,-0.001601963,-0.001008013,-0.002302693,-0.001758816,-9.211875e-4,-0.00134521,-3.421072e-4,-4.037595e-4,-6.857354e-4,-2.033177e-4,-5.813577e-4,-0.001821229,-0.001152234,-6.606711e-4,1.604631e-4,0.00180321,3.444799e-4,3.859504e-4,0.002131271,0.0019924,0.005236346,0.004207715,0.008017623,0.008791517,0.00966176,0.0123936,0.01396786,0.02791323,0.03964182,0.04955135,0.07324541,0.1474912,0.3104899,0.3542103,0.1754281,0.06220756,0.05795265,0.06688028,0.07249158,0.08697828,0.09588315,0.1047528,0.1178771,0.1295096,0.1359806,0.1529523,0.1622558,0.1794023,0.1881791,0.1965667,0.2000014,0.1987398,0.1972039,0.1960154,0.2054865,0.2012723,0.1974414,0.1876583,0.1770623,0.1863398,0.2011154,0.1881175,0.1916762,0.1619753,0.2451962,0.1805007,0.09237822,-0.1433123,-1.630746,1.112605
342.679,0.01689758,0.01808528,0.04506781,0.005480887,0.03128327,0.031797,0.01870907,0.03148062,-0.01558229,0.01038835,0.009489537,0.01190039,0.004307982,0.009350958,-0.005913404,0.005616917,0.007282633,0.004708946,-0.003470229,0.003684755,0.002403763,3.667594e-4,7.039686e-4,0.003733427,0.003114688,0.006544011,0.002623364,-6.808729e-4,0.002341449,-3.657013e-4,0.009448297,0.003381864,0.002827607,0.01671197,0.00689772,-3.992164e-4,0.003734886,0.008724823,0.01131411,0.0112853,0.008223084,0.01471833,0.01216409,0.008725053,0.004577455,0.01378286,4.896512e-4,0.002276964,0.005623123,0.01215513,0.01343099,-4.366126e-4,0.003389569,0.01054052,0.006744602,0.008932748,0.01157349,0.008093296,0.002799365,0.005165367,0.004083326,0.001952922,1.002034e-4,0.006310321,0.001891443,-0.002979479,0.005804527,0.00156715,0.005826783,0.00756817,0.00511276,0.005477677,0.006498141,-0.001454984,0.003640178,0.004274882,0.004966669,0.003746265,-0.001834726,0.008748982,0.006811124,0.005113388,0.001707425,0.005555751,0.003130982,6.438526e-4,0.002297642,0.001324246,2.089371e-4,-7.628285e-4,0.001439649,0.002997595,-2.529052e-4,0.004511156,0.001190531,0.00203891,0.004202745,0.00176802,0.001821826,1.619392e-4,6.701481e-4,6.849646e-4,0.001554822,0.002207103,0.002091361,-3.141728e-4,-1.198714e-4,0.001802089,6.887683e-4,4.519872e-4,0.001001016,1.491592e-4,2.849249e-4,6.479124e-4,1.897019e-4,8.684424e-4,0.00139169,0.001443583,0.001545388,6.163559e-4,0.001093386,0.001596208,0.002095709,8.156622e-4,5.680052e-5,0.002249562,0.002042798,0.00100813,4.841682e-4,0.001096059,0.002317583,9.313288e-5,0.0034824,0.001461736,0.001243461,0.002434095,0.002055188,0.002703463,0.001386332,0.002608802,0.002673354,0.005239583,0.008590762,0.01221932,0.01462599,0.01575082,0.01551454,0.01653003,0.02851453,0.03806606,0.1170443,0.1648101,0.2617937,0.3208897,0.1958873,0.07504574,0.06049933,0.0676443,0.08116129,0.09249296,0.1002879,0.1120264,0.1250421,0.1425222,0.1460458,0.1570442,0.1739897,0.1854964,0.1900339,0.2048493,0.2153212,0.2169776,0.2209266,0.2224633,0.2144426,0.2243132,0.2209118,0.2104392,0.201983,0.2092198,0.2237791,0.2235861,0.2356426,0.2362652,0.25505100000000003,0.2897455,0.4108627,0.547768,1.316077,1.229395,6.777904
344.956,0.02493133,0.009549856,-0.006079413,-0.02446993,-0.004784393,-0.005687393,-0.02315938,0.004053913,-0.002554516,-0.00230762,-0.004638448,-0.005157925,0.003046679,-1.679043e-4,-0.01357179,0.003754617,-0.001508221,-0.006248427,0.004717712,0.001882276,0.001065791,-8.29757e-4,-0.004658255,-5.049493e-4,-5.010444e-4,-0.001140447,-1.609276e-4,-7.540987e-4,8.447853e-4,0.002531007,-0.009215968,-0.001189602,0.004018912,-0.01319105,-0.01088565,-0.01136884,4.998254e-4,0.002987296,-0.008008099,-0.002163877,0.001537574,-0.009939094,-0.002692267,-0.004044497,0.002945865,8.798286e-4,-0.008186245,0.002741933,-0.002596965,-0.004537063,0.005389601,2.855044e-5,4.873568e-4,-0.004916027,0.002934813,-5.99848e-4,-0.002993003,0.002234244,0.002676685,-0.01166079,0.001704143,-0.004204223,0.001404674,-0.001611793,-0.00771229,0.002106303,-0.001037672,-0.003759282,0.001173032,1.059629e-4,6.472241e-4,-0.001808258,-3.64731e-4,-0.002208509,-0.002327308,-0.006099417,-0.002015856,6.028985e-4,9.009788e-4,3.171618e-4,-1.712752e-4,-0.001993024,-3.896466e-4,-8.459915e-4,-0.001351724,-0.001309522,9.272566e-4,0.002527819,-1.833145e-4,4.624209e-4,-3.322626e-5,0.002764666,-7.208038e-4,-3.911403e-4,-9.833963e-4,-9.095712e-4,8.095572e-4,-6.207763e-4,-5.928319e-4,-0.001309237,6.186727e-6,-5.028003e-4,5.608562e-4,6.670753e-4,-4.603327e-4,0.001640225,-0.001024902,-0.001010357,-0.001225029,5.152316e-5,-1.523422e-4,-4.552945e-4,1.587133e-4,2.213979e-4,3.308237e-6,0.001015726,2.982583e-4,-8.235514e-4,3.46778e-4,8.080195e-4,4.740605e-4,-0.001096508,1.905992e-4,1.835446e-4,-2.079749e-4,-2.367818e-4,-0.001712528,2.127375e-4,2.502456e-4,-9.280696e-5,9.444341e-4,0.003035162,0.001028291,0.002425352,0.001004916,4.404976e-4,0.001169139,9.485224e-4,0.001419689,0.003270981,0.002911194,0.005740689,0.007601007,0.00949105,0.009947112,0.01456638,0.01379775,0.01941117,0.02965383,0.06155158,0.4692882,0.306358,0.3125727,0.206834,0.08649017,0.06023232,0.07049251,0.08386309,0.09261843,0.1041955,0.1183165,0.1269296,0.140664,0.1507574,0.1646275,0.1778848,0.1853331,0.2011495,0.2046963,0.213558,0.2149081,0.2287089,0.2321076,0.2224945,0.2191527,0.2237301,0.2236352,0.2322526,0.2243775,0.2278837,0.2203916,0.2239017,0.2433126,0.2561031,0.2939909,0.2269698,0.2456901,0.4003288,-0.03695538,1.164059,-4.39133
347.234,0.004405406,-0.01032281,-0.02562969,0.009500149,0.005603617,-0.002421535,-0.0167376,0.006784058,0.01887049,0.002008062,0.007032053,-0.001863952,-0.004629032,0.0072834,-0.001949555,0.003168703,0.002309198,-0.003179993,-9.55943e-4,-0.004306361,1.562669e-4,0.001216697,0.003721042,-0.0018694,-0.003381043,-0.001494499,6.929982e-4,0.003361266,0.001564498,-0.005272614,-1.817528e-4,0.002960368,0.01057688,0.01084022,0.005659768,-0.0111348,0.009714213,0.0108941,0.01271575,0.005806646,-0.005171369,-2.897079e-4,-1.44049e-4,-0.005010447,0.001452814,-0.006885443,0.00602069,0.003335229,0.001686071,0.005044944,-0.001020469,-2.36862e-4,8.634146e-4,0.004392867,1.203285e-4,-2.992839e-4,0.003245613,9.208089e-4,0.002114627,0.005968134,-0.002370176,-0.003014137,0.002693758,0.004591279,0.006319444,4.946771e-4,0.005308604,-0.00663778,-0.001212553,-5.409375e-4,-0.001644306,0.001837461,-0.003342855,6.171021e-4,-0.003871549,-0.003363406,0.001428906,7.687136e-4,-0.003111276,-0.003232198,-2.758499e-4,0.00400797,1.363093e-4,3.244289e-4,5.235559e-4,8.021021e-4,2.930902e-4,0.001152822,5.739353e-4,9.577736e-4,6.547726e-4,-9.280487e-4,0.001682058,-4.370486e-4,-0.003569171,0.001550884,0.00234714,0.00265655,-0.001344672,8.962463e-4,-0.001213421,7.437041e-4,8.249437e-4,-3.973335e-4,8.771036e-4,-2.425137e-5,4.922338e-4,-5.922606e-4,0.001324483,-2.606497e-5,6.564065e-4,-6.579255e-4,5.896026e-4,-2.367768e-4,-7.097594e-4,4.646848e-4,6.606556e-4,0.001390034,-4.990451e-4,1.792342e-4,-0.001378284,-9.20731e-4,3.806331e-4,-0.001096073,0.001449272,-7.252872e-4,7.362657e-5,0.001389459,0.001670151,0.001818577,8.786758e-4,4.033013e-4,0.001891762,-1.755563e-4,0.001586412,9.69923e-4,0.002186784,0.00168465,0.003316794,0.005871818,0.002981243,0.008067309,0.006775619,0.009814699,0.01332486,0.01644268,0.01581952,0.01933598,0.0432027,0.3057342,1.012412,0.3657735,0.2375415,0.1049608,0.06328401,0.07387737,0.08772535,0.09641758,0.1094802,0.1245611,0.1362086,0.1531984,0.1642528,0.1751157,0.1839656,0.1930455,0.2052768,0.214044,0.2241285,0.2245112,0.24362230000000001,0.2397549,0.2350931,0.2387094,0.233224,0.2314377,0.2342134,0.2420295,0.2509861,0.246881,0.2432914,0.2471245,0.2645089,0.2632939,0.3236911,0.4098753,0.3941344,0.2617455,0.7992009,1.688439,-2.57895
349.513,-0.05798919,-0.01437631,-0.0171874,-0.01790929,-0.02849051,-0.02223218,-0.02802787,0.004864806,-0.00939697,-0.01481507,-0.0160229,-0.005621771,-0.007842151,-0.003103462,-0.008518873,0.004221538,-0.01079152,-0.004206413,-0.005610657,-0.005349361,-0.003874287,-0.001582069,-0.005005073,-0.003954498,-0.005160001,-0.001943968,-0.004463979,-0.003921833,-0.01002077,-0.008077239,-0.006080888,-0.0101673,-0.01839329,-0.01505438,-0.00535037,-0.008743889,-0.02171846,-0.02189932,-0.01043577,-0.01137897,-0.009013564,-0.01412721,0.001442533,-0.007241787,-0.01023535,-0.00337994,-0.00868404,-0.01412143,-0.01088284,-0.01319597,-5.000239e-4,-0.01323463,-0.005951785,-0.006575796,-0.01278318,-0.002887009,-0.006614164,-0.00239723,-0.01040875,-0.007886127,-0.003336254,-0.007614785,-0.002721089,-0.004903499,-0.002879701,-0.003194048,-0.003051858,-0.002710282,0.002655167,-0.004674309,-0.005273857,-0.006693388,2.585346e-4,-0.003033912,-0.002348339,-0.004548159,-0.001454096,-0.003804094,-0.004143827,-0.001140318,-0.001351922,-0.004115767,-0.003834768,-0.002336406,-0.002389662,-0.004856985,-1.341199e-4,-0.003439139,-0.002116211,-0.003132735,-6.68625e-4,-0.004790624,-0.004339346,-0.00225987,-0.003030293,-5.70736e-4,-0.003319438,-0.001653659,-8.377514e-4,-0.001253799,-0.001178907,-0.001792041,-7.885933e-4,-0.001060783,-0.001873835,-0.001038367,-7.24584e-4,-9.477174e-4,-8.10646e-4,-2.303462e-4,-2.670858e-4,-6.013573e-4,-7.326344e-4,2.868944e-4,-0.0010693,-0.001159718,8.272243e-4,-8.224091e-4,-0.002592353,-5.484715e-4,8.939851e-4,-0.001100864,-0.001478018,-0.002378078,-6.386362e-4,-6.331299e-4,-6.952527e-4,-0.002753302,-0.002263043,-0.003107763,-0.002682414,-0.001486476,-5.263747e-4,7.945083e-4,3.723059e-4,-9.770723e-4,-0.001082761,0.001296858,0.003031348,0.003939313,0.0063770780000000004,0.008710616,0.00960236,0.009474315,0.01204197,0.01427444,0.01585631,0.02167866,0.1407149,0.7602823,1.28019,0.2811197,0.1317648,0.06760689,0.07627393,0.08592769,0.1021593,0.1137592,0.1298286,0.1438242,0.1612493,0.1721188,0.1844028,0.1877305,0.2030927,0.2177054,0.2261539,0.2321123,0.2440912,0.2451585,0.245225,0.2524028,0.2472414,0.2503872,0.2513321,0.2513731,0.2560337,0.2509841,0.2637003,0.253972,0.2583192,0.2552278,0.2669685,0.273433,0.3185914,0.2717845,0.2981799,-0.104978,-0.2429038,-0.8131362,-6.88505
351.793,0.03493498,0.00687823,-0.005331804,-0.01951467,-0.01097459,0.03368087,0.02155859,0.02149475,0.00340069,0.02254354,-0.005390126,0.006810041,0.01081095,0.01226733,0.003813866,-0.006243455,0.00313988,-0.00647724,-6.693818e-4,0.004092368,0.002361935,0.001508592,0.003831136,0.003882071,-9.120384e-4,1.531461e-4,-0.001003699,1.569611e-4,0.007756921,0.003706278,0.01015403,-0.001611779,0.004680462,0.01288681,0.02206105,-0.009765273,0.004164681,0.006206923,0.003319232,0.002590183,0.007360395,0.00186789,-0.0102218,0.007805314,0.01118179,0.01540123,0.006332431,0.002248827,-0.005989823,-0.005351975,0.001543909,0.002693122,0.001471933,0.003022177,-0.005278404,-0.002359876,0.005526433,9.131707e-4,0.003416961,0.004239217,2.742823e-4,0.004289893,0.001947132,-3.390603e-4,-0.002688971,0.003209942,-0.00310575,3.189979e-4,-9.155974e-5,-0.001777247,0.004530738,9.27039e-4,0.001644198,0.002667486,0.001407013,-6.289724e-5,-1.180919e-4,0.001783865,0.005065071,0.003686275,-0.003419756,0.001966277,5.372799e-5,-0.001703855,0.001358661,-0.001132926,-7.239726e-4,0.001132827,0.002228096,0.003114171,-7.23823e-4,0.001280659,0.001437747,0.001617616,3.006086e-4,-0.001423717,-3.451095e-4,1.461877e-4,8.127962e-5,-3.305341e-4,-7.935258e-4,0.00132544,9.809569e-4,-3.311082e-4,-0.001104464,9.748934e-4,-4.19029e-4,-8.840763e-4,4.447323e-4,3.343335e-4,-8.782763e-5,4.635555e-4,1.476824e-4,-9.362713e-4,0.001410641,0.001763552,-9.629566e-4,0.001255225,-4.15241e-4,-6.609523e-4,0.001172907,-0.001039745,3.201145e-4,0.001752894,9.08578e-4,-1.965536e-4,-1.386661e-4,0.001579447,0.001179282,1.563887e-4,0.0028202,-3.358903e-4,0.001034889,0.001891442,6.255929e-4,0.001750027,0.004025259,0.004364626,0.004444217,0.007381525,0.009073208,0.009666733,0.01138335,0.01399634,0.01612849,0.01673239,0.02097283,0.04758402,0.3749349,1.070667,0.9622263,0.1637675,0.08514563,0.08088101,0.08990607,0.1056639,0.1215982,0.1384976,0.1525043,0.1673694,0.1827301,0.1901513,0.2047609,0.2225501,0.2322222,0.2500698,0.2482308,0.2571362,0.2629878,0.2632556,0.2735123,0.2707156,0.2713194,0.2665707,0.271185,0.2777002,0.2753056,0.2780663,0.290722,0.2858939,0.2867379,0.3172115,0.3134876,0.3719786,0.3720671,0.4681989,0.4262342,0.7286194,0.9973525,0.3379179,6.432578
354.073,0.01744423,4.458581e-4,0.006854438,-0.002769375,0.02100189,0.02689174,0.03268782,0.01678001,-0.01205339,0.003691238,0.005976216,0.002520569,0.00227678,0.0124199,0.008251366,-0.001376439,0.007957933,0.002395878,0.006316188,0.006251663,0.004125123,-9.942871e-4,0.001814094,0.001116828,0.005592219,7.706909e-4,0.001411715,0.003765485,0.006825887,0.004951899,-0.001364136,0.009227902,0.008450752,0.01950267,0.009161556,-0.001964546,0.008611289,0.01281199,4.752993e-5,0.009214028,0.00885522,0.01767045,0.007602161,0.005552938,0.0120985,0.01206074,0.001781198,0.002045154,0.01497194,0.001261179,0.007479364,0.008765703,0.01319633,0.008452159,0.009767725,0.00680546,0.006280561,0.00411466,0.009623079,-0.004176426,0.007326382,0.001540542,0.005837459,0.004984095,7.739768e-4,0.006015132,0.004870803,-4.984154e-4,0.005892107,0.005717434,0.004952434,0.003815597,0.001399665,0.005068449,0.002284912,6.324099e-4,-4.865285e-4,0.00349587,6.502814e-4,0.003754656,0.00647381,-2.464187e-4,0.003455673,0.001458497,-0.001425714,0.00468878,0.002969243,0.001800156,0.002540282,-2.672278e-4,0.001291633,0.001717751,0.004163938,0.002179767,0.00316674,0.004861801,0.002495279,8.984823e-4,0.002786787,2.498983e-4,4.293644e-4,0.001800358,0.002245624,0.001132628,0.002047835,1.157032e-4,0.001340119,7.64392e-4,0.001413906,8.295596e-5,0.001650554,3.634238e-4,-3.017656e-4,-5.738978e-5,8.073618e-4,8.588003e-4,0.001071626,0.001558306,0.001091066,0.001257607,3.352357e-4,0.001193533,0.001094149,0.002362752,5.858368e-4,0.001507463,9.479019e-4,0.00156545,0.001095809,0.002063657,3.428494e-4,0.00237406,0.001773135,0.003098318,0.003191127,0.00340801,0.005278779,0.004342908,0.007505367,0.01048082,0.00925563,0.01081734,0.01440784,0.01556532,0.01937344,0.02096376,0.03723549,0.128928,0.6001143,0.9194799,0.4344962,0.09582737,0.0825319,0.09597744,0.110834,0.1268383,0.1424748,0.158797,0.1783518,0.1919359,0.2068581,0.226763,0.2292768,0.247554,0.2555182,0.2656125,0.2736031,0.2782527,0.2864134,0.283675,0.2820915,0.2823335,0.2824249,0.2805554,0.2909801,0.2941408,0.2970847,0.3006087,0.2985362,0.3103698,0.3167561,0.3321135,0.3234901,0.3710607,0.4436778,0.461613,0.6046318,0.6110247,0.8561185,1.837544,3.097461
356.355,-0.001637668,0.002180536,-0.002406629,-0.01179886,-0.01641914,-0.03103504,-0.004128951,-0.02958535,0.003197135,-0.001308388,-2.459052e-4,-0.004603066,-0.005446327,0.007575319,-0.007587811,0.002026447,0.005869482,-0.01082662,-0.006710121,-0.003933787,-0.002987604,-9.635049e-4,-0.006593214,0.002107554,-0.00388455,-0.003916366,3.89309e-4,-0.005681449,-0.002723041,-0.005533103,-0.009121951,0.006302015,-0.001028837,0.002558967,-0.008732178,-0.01850328,-0.001248791,0.004421995,-0.005424556,-0.006686565,-0.005775246,-0.006067264,-0.004760211,-0.0135962,4.761818e-4,-0.009537642,-0.004014569,-0.006784666,-0.005227091,0.002266759,-0.002747253,-0.008498359,0.001927202,-0.005362352,-0.01228617,3.394875e-4,-0.008221753,-0.01424502,-0.002408968,5.80835e-4,-0.002321867,-0.002376915,-0.003095603,-0.001650331,-0.001872121,-0.002976619,-0.005122219,-0.00275632,-0.002533174,-0.003343372,-6.800351e-4,-0.002756074,-0.005580987,-0.001706644,-0.001084019,-0.003823792,-0.001787201,-4.370682e-4,-0.002036119,-9.920209e-4,-0.002445001,0.001938057,-0.00214133,-0.003195739,-0.003454034,-7.867044e-4,-0.005191772,-0.004021201,-0.003626833,-0.002664896,-0.005306593,-0.001284193,-0.001017867,-0.001585504,5.255373e-5,-0.001636484,-0.002722274,-0.001899607,-0.00187996,-0.001484723,-0.002378179,-0.00222626,-9.516122e-4,-5.37692e-4,-0.001926979,-0.002071085,-0.001666744,-7.020445e-4,-7.230884e-4,-2.2967e-4,-7.292307e-4,2.044003e-4,-2.244393e-4,-5.740469e-4,3.796624e-4,-0.001104622,-6.26518e-4,-0.001967363,4.001923e-4,6.542167e-5,-0.001483618,-6.140374e-4,-0.001223286,-0.001322318,1.159352e-4,-6.072818e-4,-6.310123e-4,-3.780563e-4,-1.999254e-4,-8.268743e-4,5.290495e-4,0.001078167,-3.527678e-4,-9.855747e-4,7.464111e-4,0.001547446,0.004275547,0.006684959,0.007553413,0.008047984,0.009461126,0.01032325,0.01467038,0.01505518,0.0160763,0.02651483,0.09378854,0.2657866,0.6112364,0.4915531,0.1557514,0.08408106,0.09597791,0.1124174,0.1292384,0.1451572,0.1620919,0.1842142,0.1984811,0.2203042,0.2290794,0.2498154,0.2531995,0.2719094,0.2874151,0.2871181,0.2903445,0.2935047,0.2935439,0.3020855,0.2976641,0.2965032,0.2957771,0.2977692,0.2862094,0.2944212,0.3050327,0.3202094,0.3154605,0.3245667,0.3091685,0.3382621,0.3671604,0.3726007,0.3532375,0.3744143,0.437321,0.4118615,0.1063156,0.5057147,1.970893
358.637,-0.006768807,-0.00216227,-0.01530455,0.009229139,-0.003796869,-0.004726187,-0.01821849,0.01391987,0.007357642,0.004582069,0.001108561,0.003543521,-0.003772689,-0.007387813,-0.002094443,-0.003973615,-0.01009128,-0.006763342,-0.004711651,0.002332442,0.004180633,-0.001137296,6.717037e-4,-0.003685405,0.001782565,-0.001636947,-0.005406306,-0.001052996,0.00125705,-1.099732e-4,-6.353604e-4,0.00104815,-0.001037812,-0.002221544,0.00152559,-0.01184892,0.002965468,0.005447404,0.004263144,-0.006270085,-0.009021343,-0.004725937,0.002809221,-0.003607673,-0.01354503,-0.01235564,0.005594589,0.003997971,-0.009926731,-0.004153324,-0.001237641,-4.4037e-4,-0.00407308,-8.784187e-4,0.005961549,-0.002578775,0.001588054,0.001958051,0.001145097,0.001376299,-0.006377402,0.00300333,0.004738804,0.001052547,0.005024928,0.001667333,-0.00116292,0.001231721,6.409148e-4,-0.002695062,-0.003970681,-0.001081292,-4.374993e-4,-0.003302937,-0.002644103,-0.001009239,-0.001661014,4.709557e-4,-0.002597539,-0.00113584,-0.004724253,0.001087358,-0.001598324,-0.002093807,-0.001296518,-0.001165676,-0.001374753,-2.453784e-4,0.001975965,-0.001205876,0.001812174,-2.847716e-4,-0.00244732,-0.001063225,8.884021e-4,-9.383167e-5,-1.490445e-4,1.423461e-5,-1.514449e-4,2.65332e-4,6.774277e-4,-8.18395e-4,-0.002179502,-3.169949e-4,-1.695859e-4,-3.29771e-4,1.097659e-4,-6.276638e-4,-3.609303e-5,5.753489e-4,2.413947e-4,-3.211918e-4,-7.604851e-5,2.579804e-4,5.328553e-4,2.817399e-4,0.001135327,4.102894e-4,3.681815e-4,-8.188035e-4,0.001137637,4.827312e-4,3.174085e-4,-0.001826389,-0.001951562,4.57081e-4,9.660184e-5,5.649514e-4,-7.107545e-4,0.00227182,0.001039042,0.001262157,-0.001843419,0.00116504,0.002243051,5.814621e-4,0.003757904,0.008248517,0.0093423,0.007876512,0.009585529,0.01120312,0.0131325,0.0181393,0.02562786,0.08399069,0.238058,0.3578455,0.4082744,0.1932595,0.09235641,0.09618721,0.1130103,0.132116,0.1498425,0.1697759,0.1892771,0.2036996,0.2272187,0.2412899,0.2580253,0.2731432,0.2860629,0.2965892,0.305554,0.3065738,0.3092227,0.3203325,0.3172425,0.3084327,0.3142638,0.3270082,0.3101564,0.3108986,0.3123571,0.3139743,0.3226777,0.3262563,0.3465397,0.3446789,0.3705343,0.3824005,0.3965357,0.4141267,0.47836,0.5064893,0.4215627,0.3088967,0.4946017,0.9318329,0.8542771
360.92,0.02178752,-0.01236235,0.009004739,-0.01435452,-0.001759829,0.01040088,0.02351847,0.002875872,-0.006521013,0.02201163,0.007833465,0.01182897,-9.518668e-4,0.008478232,0.002858126,0.008612152,-0.002103245,0.003867699,0.002833418,0.002185329,0.003761071,0.002032761,0.002539938,0.004228827,-8.332263e-5,0.002393766,0.006021791,-0.003343003,9.397278e-5,-0.002373975,-0.00733149,0.003722537,-0.002726616,0.01062305,-8.278618e-4,0.005594144,0.01153288,-0.006512301,-0.003699098,0.008922782,-0.009831999,0.002549185,-0.001328587,9.267758e-4,0.01253256,0.007665002,-0.002979809,-0.004066685,0.007979813,0.006436971,-2.30998e-4,0.00469759,0.001570645,-0.006316535,-7.915888e-5,0.005259716,5.360456e-4,0.002717059,0.003190427,0.001818695,-5.179193e-4,-0.002950572,0.001843373,0.003978035,-0.001839771,0.005554477,0.003287136,0.00374913,0.005661176,3.500379e-6,0.003153406,0.001460187,0.005172653,0.003513094,0.001793328,0.001993636,-0.00159221,0.001318857,0.002274732,0.004125903,0.003709157,-0.001915009,0.002592476,0.002089036,0.004821934,0.004501312,0.002075811,5.294168e-4,8.623514e-4,0.001577302,1.35411e-4,-6.501328e-4,0,0.002050317,0.002138962,0.002999889,-7.310367e-4,0.001797745,4.819849e-4,5.545922e-4,-5.10374e-5,3.561852e-5,7.582151e-5,-5.434681e-4,2.021658e-4,6.765666e-4,9.631701e-4,3.923935e-4,4.56129e-5,5.491789e-4,6.41706e-4,6.309429e-4,0.001538785,0.001074885,0.001348686,-7.343398e-4,0.00119795,0.001725997,6.549005e-4,1.157785e-4,0.001372042,0.001216322,-0.00148655,5.846912e-4,-2.602669e-4,0.001893779,0.001826802,0.001217823,1.404883e-4,3.779874e-4,6.63467e-4,8.386078e-4,9.604997e-4,0.004106916,0.004734118,0.005685971,0.00528795,0.007470708,0.009680615,0.01084736,0.01080522,0.01408847,0.0130788,0.02170366,0.05956014,0.2247365,0.3880605,0.3127554,0.1875411,0.09140233,0.09638775,0.1111865,0.1303936,0.155275,0.1754666,0.1977635,0.2191758,0.2423221,0.2522228,0.2635208,0.2902461,0.2991636,0.3125063,0.3248082,0.3299642,0.3338667,0.3397309,0.3476651,0.3441446,0.3360591,0.3407891,0.3368569,0.3333256,0.3269107,0.3318845,0.3447895,0.3556939,0.3612696,0.3746232,0.3904113,0.4014124,0.4445474,0.4503288,0.4965106,0.5305208,0.6265024,0.68562940000000006,0.8206466,0.8318774,1.362191,9.434797
363.203,0.03922573,-0.002093135,0.01699505,0.008484671,-2.467502e-5,0.007438986,0.01693446,0.01747971,0.01101915,0.003408872,-0.003840018,3.598132e-4,1.901878e-4,0.002839664,1.490975e-4,-8.749916e-4,-0.003278581,0.003858509,0.01091943,0.003005805,8.096511e-4,9.236855e-4,0.001746033,-0.002023843,0.002396777,0.005657625,4.741969e-5,7.664281e-4,0.002307748,-0.001636122,0.006255998,0.01122608,-9.028512e-4,0.0126436,-0.001903714,0.01874004,0.002041264,0.007359874,0.004369706,0.005758229,0.0103288,0.01068253,0.003449665,-0.004275226,0.001884612,0.0120316,0.006315854,0.01086531,-5.846047e-4,0.005690473,1.108534e-4,0.003782054,0.007789453,0.004923355,-1.562281e-5,0.004335582,0.001497556,0.001350835,0.008779588,0.001591785,0.003658876,0.001405158,0.003473803,0.001856743,0.001802582,0.006823365,-0.002768581,0.001392953,0.001347389,0.008749553,0.004262913,-3.687332e-4,0.004297452,3.106418e-4,0.001278538,0.003581769,0.001549572,0.003243678,0.00287668,0.002920552,0.001221823,-0.001095681,0.003236472,0.001142893,0.002118887,0.002655864,-5.211755e-4,0.001887221,0.002113736,0.001813649,0.002694208,0.001328211,0.002221837,8.498285e-4,0.001690151,4.826522e-4,0.002355616,-1.649821e-4,-2.718643e-4,-8.677093e-4,0.001524545,4.96474e-4,0.001678233,0.00237608,0.001695757,0.001250204,7.73386e-4,0.001780417,1.971988e-4,4.492053e-4,8.597327e-4,-4.604749e-5,-1.642937e-4,-1.961911e-4,6.97958e-4,6.848139e-4,8.314537e-4,-6.200723e-4,-4.636067e-4,0.00110242,0.002629236,0.00265739,3.213477e-5,0.001812125,4.890865e-4,5.353547e-4,7.569435e-4,4.104493e-5,7.234309e-4,0.002102868,0.002144598,0.001548275,0.003391801,0.002153132,0.005243599,0.008281086,0.008791326,0.009541393,0.01008288,0.01229713,0.01312756,0.01573863,0.01786096,0.04196032,0.1785205,0.3827924,0.3794276,0.18054,0.09500992,0.09362421,0.1138614,0.1339398,0.1539253,0.1808787,0.204056,0.2203994,0.2423846,0.2652048,0.2849587,0.2995177,0.3160172,0.3333612,0.3411047,0.350077,0.3609057,0.3637745,0.3597226,0.3565325,0.3583394,0.357759,0.3580305,0.3591207,0.3546305,0.3610876,0.3539123,0.3613642,0.3830164,0.3803453,0.4111215,0.4157664,0.4364953,0.45742,0.5049471,0.509473,0.59312,0.5652763,0.6580209,0.5235192,0.7338795,1.33592,1.831045
365.488,0.01407594,0.001945686,0.003595145,-0.01178411,0.0054612870000000004,0.005566929,-0.008120097,0.002013508,-0.001409359,0.004481444,-0.006542403,0.005783426,7.277438e-4,5.997631e-4,0.009766123,0.002059708,-0.001587741,-1.791696e-4,0.004474415,0.002614115,0.001020865,-0.001551336,4.786395e-5,0.001743433,-0.00230194,0.001088093,8.630172e-5,0.002930275,0.007551338,-4.554576e-4,-0.002052689,0.006506625,0.002530015,-0.01715645,-0.001689852,-0.005459179,0.005537314,0.004275579,-0.01072372,0.0035106,6.886462e-4,-0.003712511,0.01233578,0.002271127,0.006996663,4.978358e-4,0.001028757,0.007089629,0.001046647,-0.007624625,0.00986637,-0.005327694,-0.002861872,0.0065594,-0.001948218,0.01071459,0.001335178,0.002526945,-0.004299512,0.001272263,0.004469565,0.007179148,0.006291779,0.002014019,0.003967428,0.0028623949999999998,-0.00505377,-0.002084976,0.002187312,7.46113e-4,0.008473273,0.004439836,-0.002148786,-0.002778048,-1.277178e-4,-0.00181719,0.004415434,-8.566647e-4,7.461739e-4,0.001272882,0.002954954,-0.004004114,-9.802186e-4,0.001095948,3.29883e-4,6.087753e-4,0.001304439,-3.78376e-4,0.002512161,-1.894251e-4,0.004233298,-8.367602e-4,0.003120486,0.002186904,0.001291849,9.509718e-4,7.002157e-4,0.001363942,0.002698441,4.567525e-4,0.001546056,0.001245501,-0.001479128,0.001582295,1.993967e-4,0.001302212,7.75133e-4,5.384484e-4,0.001769635,2.424494e-4,8.118252e-4,6.245234e-4,1.028775e-4,5.976607e-4,-0.00104179,5.409831e-5,-2.304123e-4,0.001627409,3.230093e-4,8.260316e-4,-2.335037e-4,4.04479e-4,-0.002036801,-4.786237e-5,0.002294475,4.778101e-4,5.740845e-5,0.001146583,6.177373e-4,0.001397618,0.002415838,0.00241532,0.003548969,0.001985397,0.003859405,0.007036121,0.01196545,0.009311821,0.01047662,0.01279045,0.013739349999999999,0.01786506,0.02645474,0.1202641,0.338065,0.4103207,0.2367308,0.09279182,0.08390004,0.1040678,0.1302618,0.1507092,0.1768958,0.1999752,0.2269989,0.2513029,0.2744038,0.2948124,0.3116017,0.3246303,0.3507489,0.3627311,0.3697563,0.3796711,0.3782989,0.380623,0.3909612,0.3869216,0.3818332,0.3817672,0.3719375,0.3841508,0.3717693,0.3784749,0.3760716,0.389101,0.3968496,0.4342197,0.4211534,0.4613162,0.4700802,0.5067234,0.5129925,0.5516437,0.5934343,0.6486697,0.7914415,0.6781257,0.3992816,1.090568,-0.51022
367.774,0.01762186,-0.008619607,0.005302898,0.03270217,-0.02353531,0.004628815,0.004427248,-0.001541376,-0.00444673,0.0056796,0.002612699,0.00753693,0.002272757,0.003007552,7.07516e-4,0.00277969,0.001445518,0.002802709,-4.193992e-4,0.00140143,-8.380509e-4,0.004468338,-0.001238392,-0.00196248,0.002502242,-0.002151255,-0.00184259,-0.002463326,-0.001413906,8.750074e-4,0.001677351,0.004561394,0.004013768,-0.005290098,-0.01007296,0.001599188,0.001669235,-0.008569444,-0.001332549,0.006768703,-3.566078e-4,0.003925049,-5.563718e-4,0.002755172,-0.005160688,-0.001950505,0.002168107,0.004387989,0.007696762,0.01532912,0.007162154,0.003289439,-0.00489421,7.680335e-4,0.003676504,3.213152e-4,1.813911e-4,-0.001093607,0.003965587,0.003688103,-1.520157e-4,-0.001896756,-0.001057387,-0.002910494,-0.002419472,-7.190576e-4,0.001109683,-0.002165814,0.001108783,0.003277248,-0.003319904,0.0023492,0.002291564,0.001980896,0.004441346,-0.001179594,0.001997374,0.004652544,-3.061498e-4,1.69918e-4,8.785111e-4,0.001383475,-1.747196e-4,9.782035e-5,0.00201584,5.395341e-4,-6.483863e-4,-3.457252e-4,-0.002215271,4.745753e-4,6.277101e-4,0.00214556,-6.391374e-4,2.424576e-4,0.001070409,3.128718e-4,-0.00161064,9.753147e-4,0.001410267,-0.0017992869999999999,-6.92211e-4,0.001431215,0.002196351,8.76576e-4,4.008508e-5,0.001249097,0.001234065,-3.13052e-4,3.260411e-4,9.71142e-4,4.837648e-4,-1.416597e-4,9.581992e-4,0.001503275,-2.175268e-4,0.001021074,6.247624e-4,0.001727063,0.002119085,0.001546376,-2.035094e-4,-1.689988e-4,1.445008e-4,0.001771337,4.801497e-4,-0.001043652,-8.526085e-5,7.421468e-4,0.002616521,1.749444e-4,0.001182398,0.002573119,0.005723582,0.005541154,0.00978235,0.008286871,0.01135153,0.012188,0.00955557,0.0128814,0.01507806,0.02138521,0.08299703,0.2576774,0.4022664,0.2777281,0.1159917,0.07793974,0.09823596,0.1239156,0.1528649,0.1743867,0.2054956,0.2298707,0.2568807,0.2825855,0.3084899,0.3277986,0.3384935,0.3613511,0.3772083,0.3918634,0.4031658,0.4150125,0.4157131,0.4216885,0.4168216,0.4190279,0.3991642,0.3948268,0.3970655,0.404897,0.397728,0.4046271,0.4030649,0.418488,0.4321905,0.4504044,0.4665268,0.4983552,0.5061808,0.546511,0.5831889,0.593917,0.6122988,0.7415482,0.7186405,1.079426,1.252837,0.2616576,8.238627
370.06,-0.01642909,0.01969282,0.002624109,0.01489116,0.0142943,8.815191e-4,-0.00695066,0.004996012,0.015202770000000001,-0.003774371,0.01405663,0.001028786,-1.34581e-5,0.01179936,0.01113243,0.005777803,0.00147502,-0.01043287,0.004057022,0.007080566,0.005519961,0.001961439,8.813529e-4,4.384746e-5,0.001312914,-0.001458431,-5.67708e-4,0.003803077,0.001891945,0.004857878,0.006456875,9.519398e-4,0.006181748,0.01038092,0.0150146,-0.001086366,0.00214034,0.01167284,0.005883439,-0.003124721,0.003493036,-0.005838175,0.009308298,0.003681959,0.002546168,7.66484e-4,0.01404645,0.01260728,0.0049055,0.00931495,7.534544e-4,0.004467914,4.578066e-4,0.00135321,0.003036027,-0.004805321,0.001478522,0.006377347,0.003733607,0.002047745,0.002776707,0.005629824,0.003222007,0.003805048,0.004958413,0.001706622,-0.003014795,0.006236309,0.00136395,0.001516114,0.001712145,1.664738e-4,-0.001847559,0.001564927,-0.001783848,0.003106857,0.006364485,-0.001501542,0.001272213,-8.433428e-4,-0.003919087,0.001767986,-8.631144e-4,0.002682267,8.417283e-4,0.003752868,-0.001126815,3.348591e-4,0.001270659,0.002117483,-5.905466e-4,0.001713578,0.00173033,0.001006273,8.728687e-5,4.733385e-4,0.001358731,0.001876988,-0.001034465,9.161735e-4,4.582077e-4,5.576532e-4,-1.662749e-4,0.001511304,4.301926e-4,5.128865e-4,5.007547e-4,1.745553e-4,8.956919e-4,2.082913e-4,0.001066065,4.28187e-4,4.521111e-4,4.153611e-4,7.548475e-4,6.313311e-4,7.551159e-4,7.423092e-4,6.233669e-4,7.149266e-4,0.001780922,8.244322e-4,5.241316e-4,0.001544419,0.001656851,0.001605424,2.192153e-4,0.001180433,0.001675375,0.002907152,0.002670837,0.004267487,0.005601806,0.006460283,0.006798983,0.007742223,0.008865866,0.01172158,0.01306718,0.01565407,0.01909315,0.05888882,0.1934656,0.3360196,0.2939668,0.1314108,0.08179461,0.09605245,0.1135354,0.146475,0.1743719,0.1996914,0.2343293,0.2611054,0.2917814,0.3102311,0.3357271,0.3558566,0.3856161,0.3980225,0.4135327,0.4313707,0.4349362,0.4465126,0.4436008,0.4533242,0.4449702,0.4407269,0.4443823,0.4255589,0.4253671,0.4259856,0.4345491,0.4248433,0.4321459,0.453732,0.4728356,0.4755701,0.4961262,0.5408683,0.5669138,0.5603021,0.6054083,0.6702641,0.6844503,0.793971,0.8027016,0.7367173,1.070353,1.659127,3.842137
372.347,-0.002693233,1.65535e-5,-6.364873e-6,0.02720253,0.009801941,0.004549359,0.0131449,0.01087692,8.323344e-4,0.01805847,0.01480784,0.001040916,0.004591418,0.005618724,0.01074579,0.001307343,0.009645354,0.003193926,3.531874e-4,0.006032259,-0.002057216,0.008274756,0.002007709,0.002569341,9.051058e-4,0.001862984,-0.001425883,-1.322026e-4,0.002972998,0.006612553,0.002602716,0.009611201,0.01001974,5.01616e-4,0.002200918,0.006515953,-0.01083765,0.001089076,0.006854564,0.01150757,-0.005075644,0,-0.004961196,-0.006784237,0.001599904,0.003547777,5.870409e-4,-0.002965556,-6.506273e-4,-0.003061547,-0.002236,0.006881719,-0.002949482,0.00237139,-0.003613094,-8.327677e-4,-9.413665e-4,0.006597653,0.001354396,0.002592713,0.008559968,0.005129714,0.007702381,0.004481406,-3.758769e-4,0.00535412,0.004156884,0.002472024,0.002521888,0.00410486,0.007393456,0.002602642,-0.001922638,-0.001413273,8.124822e-4,0.001335634,5.372033e-4,9.595702e-4,-2.910576e-4,5.182483e-4,9.197612e-4,-0.001571964,-7.17767e-4,0.003720002,9.011641e-5,-0.001005497,-1.986796e-4,1.403518e-5,0.001709673,0.002044975,0.001465481,5.053944e-4,0.002514222,5.372919e-4,0.001292264,0.001473443,-5.398475e-6,5.382524e-4,0.001082993,1.447154e-4,-2.165569e-4,7.836068e-4,-2.478726e-4,-2.405798e-4,-2.103326e-4,8.029363e-4,0.001433625,-6.350606e-4,1.169809e-4,-2.672147e-5,2.743509e-4,7.89003e-4,9.734504e-5,4.398421e-5,5.947236e-4,8.679502e-4,4.732367e-4,9.998484e-4,-2.195406e-5,3.761208e-4,0.001518534,0,9.034788e-4,-7.538545e-4,0.001469889,3.808548e-4,1.809354e-4,0.001662626,0.001608462,0.00150521,0.002320391,0.003878901,0.0067192,0.00690245,0.007309453,0.009886465,0.01092304,0.01134433,0.01385878,0.01636163,0.04275015,0.1445125,0.2883291,0.281141,0.1493077,0.08060262,0.08328894,0.1101584,0.1371195,0.1660167,0.1980174,0.2293132,0.2588021,0.2932839,0.3184753,0.3549194,0.3705104,0.4011917,0.4156166,0.4322377,0.4549873,0.4663369,0.4789084,0.4872593,0.4833607,0.4826935,0.4842469,0.4769852,0.4739021,0.4692186,0.4582351,0.4552241,0.452866,0.4656457,0.4738896,0.4833714,0.5047146,0.5268633,0.5542647,0.5601461,0.588251,0.6203322,0.6596601,0.7333292,0.7658193,0.8361432,0.8582952,0.9356206,1.337045,1.823669,2.90307
374.635,-0.02001431,0.005598218,-0.006969622,-0.00987966,-0.01953685,-0.01817124,-0.003412473,-0.02453401,0.007094014,0.003621928,0.01042258,-0.003897821,4.729846e-4,0.01218731,-0.006589519,-0.002293583,-0.001850419,-0.008713379,-0.01087738,0.002934654,-0.001094588,0.003435464,-0.001900738,-0.003919075,0.001288288,-1.702765e-4,1.83945e-4,-0.002462698,-0.001114754,-0.005190063,-0.001558246,-0.009597029,-0.007257766,-0.003715291,-0.007292127,0.001259429,-0.005031945,0.01237348,-0.01670252,-0.003726076,-0.0117178,0.001004364,-0.004447491,0.002252655,0.007771727,0.003090667,-0.005859307,-5.190395e-4,-0.006672181,-0.006616374,-0.001940287,-0.003678747,0.00387146,-0.006308445,0.006214393,-6.408005e-4,0.002349941,-0.003260114,-0.005987837,-0.003629821,0.001755139,-0.002390192,-6.79049e-4,-0.004122042,5.467389e-4,-0.003322631,-0.003145478,-0.001323495,-0.00378807,-0.00253045,-0.004914862,9.155039e-4,8.761183e-4,0.00171118,-0.00560221,0.003838001,-3.295159e-5,-5.389053e-4,-7.576656e-4,-1.557589e-4,-7.32226e-4,-0.00167151,0.001444671,0.002268879,5.401769e-4,1.616608e-4,0.00109002,-5.507419e-4,1.458175e-5,-3.673898e-4,0.001618407,8.008073e-4,-0.001633167,-0.001468659,-0.001484878,-0.005488438,2.41289e-6,-0.002216821,2.913704e-4,-1.284143e-4,-9.069435e-4,-0.001118256,-8.009838e-4,1.900775e-4,1.765402e-5,-8.43451e-4,8.552148e-4,4.552925e-4,9.313546e-5,2.897931e-4,9.163861e-6,4.438986e-5,-4.309535e-4,-3.700913e-4,0.001086519,2.904206e-4,4.154045e-4,-3.631659e-4,7.661627e-4,-8.357124e-4,-9.802637e-4,-2.033936e-4,3.795056e-4,4.490233e-4,-4.067454e-4,0.001145701,9.880564e-5,0.002167416,0.001446329,0.002470024,0.002662692,0.005144195,0.006362097,0.009043963,0.008529669,0.01169916,0.01145099,0.01091709,0.01620671,0.02892223,0.1092191,0.2466999,0.2901767,0.1554214,0.08344071,0.08613566,0.1048797,0.1278813,0.1572651,0.1916273,0.2271464,0.263761,0.2947169,0.3232069,0.3597284,0.3887901,0.4128818,0.4374624,0.4561561,0.4800277,0.4934138,0.5108317,0.5191025,0.5192439,0.5217978,0.5301065,0.518474,0.5042584,0.5102128,0.4978507,0.5004937,0.4899266,0.4901831,0.491681,0.5005159,0.5309839,0.5258031,0.5678511,0.5862163,0.6154872,0.6280316,0.7112699,0.7158369,0.7689459,0.8153882,0.7642331,0.8240111,0.8295588,0.6098329,1.293552,-1.269574
376.923,0.03658429,0.01000432,-9.528813e-6,0.01846403,-0.007753774,0.006251106,-0.003363686,0.01175491,-0.003544604,-0.005118169,-4.905908e-4,-0.005967561,-0.00201492,-0.00981014,-0.004349218,-0.001503946,-0.004454447,0.002315778,0.006801425,-0.001262112,-0.001088962,-0.004024751,0.004093071,0.001264561,-1.895145e-4,6.279245e-4,-0.002812089,1.977305e-4,0.002070918,0.001441276,6.408846e-4,0.004874437,-0.003313913,-0.004535537,-0.004276404,0.004248034,0.005463727,0.007701347,-0.002806757,0.006191798,0.00124359,8.243434e-4,-0.001957903,0.001255625,0.001368083,0.001442862,-0.004475877,2.799087e-4,0.001768336,-0.01504212,-0.003460073,0.007874391,5.932583e-4,-0.001223907,0.005752425,0.008024275,-0.004184882,-0.001342269,-0.001638342,0.005687141,-0.004698469,0.004453165,0.005146031,0.001998541,0.004593175,0.001676521,7.211618e-4,0.002359059,-0.001472029,-0.001031635,0.002604593,5.459641e-4,-8.310585e-4,9.787273e-4,-0.001365119,-0.001698511,3.959647e-5,1.417415e-4,0.001435615,0.003304937,-2.466729e-5,-0.002917586,-0.003881236,0.003550268,2.707896e-4,0.00359122,0.002888281,-3.472019e-4,9.826759e-4,0.002359208,-0.001518403,-2.277321e-5,-6.056282e-4,-0.001919263,-7.000921e-4,-1.352396e-4,-0.001015002,0.001015082,0.001827065,-5.378501e-4,-0.001153942,1.725678e-4,0.001679166,6.698924e-5,-1.937802e-5,6.30679e-4,-8.116461e-4,2.562456e-4,1.196617e-4,7.253135e-5,6.472296e-4,3.488781e-4,3.222596e-4,-9.045574e-4,2.649181e-4,7.514931e-4,-2.345657e-6,4.824943e-4,4.187815e-4,0.001906009,-8.509944e-4,-4.851369e-5,3.459413e-4,0.001539516,0.001209976,0.001238575,0.001420805,-6.077892e-4,0.002327788,0.003386388,0.003951774,0.004774524,0.008687921,0.007770589,0.009154862,0.009586223,0.01323275,0.01424787,0.02365732,0.08802457,0.2260683,0.2789248,0.1771365,0.08706383,0.08084289,0.1014199,0.1238784,0.152477,0.1840827,0.222583,0.2533964,0.2923052,0.3247636,0.3624078,0.394517,0.4237881,0.4552423,0.4741025,0.4921712,0.5135145,0.5269673,0.5476771,0.5506981,0.560719,0.5574631,0.5618026,0.5466672,0.5506353,0.5374666,0.5313037,0.5295095,0.5218663,0.5156289,0.5155018,0.5360073,0.5483863,0.5714065,0.6012207,0.6443342,0.6619375,0.7125309,0.7399245,0.7914957,0.8130048,0.8598461,0.9032389,1.010246,0.8906997,0.8709771,1.372753,5.54938
379.213,-0.004398839,0.01692966,-0.005797236,0.0149866,0.00858951,0.01646688,0.03254642,0.003828499,0.007014821,0.01749095,0.02047412,0.008898935,0.009201526,0.008095651,0.008657707,0.00158726,0.007262384,-0.001355106,0.008385726,0.007643237,0.003891712,0.004338232,0.005020585,0.007359682,0.004159194,0.00173251,0.00166918,7.718208e-4,0.007031281,0.003041537,0.001393888,0.01676413,0.009853846,0.003644183,0.00964864,-0.004732378,0.0140705,0.01435088,0.001133487,0.01483565,0.0106479,0.009043331,0.001323514,0.007168525,0.005400772,0.01121989,0.00897843,0.00148739,0.006834701,0.01229676,0.01267771,0.004427645,0.004502873,0.01242089,-0.001817684,0.008470695,0.01190953,0.007543308,1.292437e-4,0.006564039,0.001385574,0.002047274,-0.00141078,0.009265023,0.004445903,0.006423892,0.005752281,0.002563473,0.00485417,-1.209982e-4,0.005011078,0.003111649,0.001859227,0.00197137,0.005250525,0.001878767,0.001668448,0.002840692,0.001850818,8.438297e-6,5.931974e-4,0.005585129,0.001038724,7.527562e-4,3.677894e-4,0.003393919,2.463041e-4,0.00266496,0.003271709,0.002100228,0.0011335990000000001,0.002076395,0.002453152,0.003926748,0.001010184,0.001516787,0.001950106,-1.99133e-4,0.00274568,8.162439e-4,5.857858e-4,0.001325114,0.001812826,0.001192881,-3.414736e-4,0.001416301,0.001568279,6.269721e-4,4.255415e-4,8.13723e-4,0.001156561,-1.820386e-4,0.001085023,-1.101104e-4,8.20132e-4,0.001251494,8.146966e-4,0.00183821,0.002414948,0.001187206,0.001180403,0.001664452,0.001251975,0.002780902,0.002184127,7.283474e-4,0.001551936,0.002814987,0.002598236,0.003367105,0.007202897,0.008023382,0.009691041,0.01203612,0.01217304,0.01204783,0.01727988,0.01903199,0.06291553,0.194737,0.2832196,0.2094776,0.099488,0.07580916,0.09614759,0.1183784,0.1467824,0.1776711,0.2105998,0.2458453,0.284402,0.3240076,0.3617497,0.3998352,0.4333551,0.4623113,0.483106,0.5057788,0.5316001,0.5445253,0.5659475,0.5825291,0.5862127,0.5931346,0.5950774,0.5859646,0.5888621,0.570916,0.5698156,0.5533101,0.5536591,0.5574667,0.5535435,0.5551147,0.5585299,0.5882162,0.6048346,0.6444713,0.6806648,0.7162021,0.7369219,0.7756949,0.8322662,0.9141853,0.9910246,1.05651,1.083434,1.282408,1.001032,3.723519,7.222873
381.503,0.007825781,0.01682039,0.009894886,0.01639034,0.004296558,0.0163124,-0.003321749,-0.001680769,0.01209561,0.0131113,0.01059994,-0.003298962,6.411161e-4,-0.003189671,0.007628267,0.01164055,-0.006288245,0.006016728,0.007634952,0.00180795,-1.491052e-5,0.00218332,6.623621e-4,7.803726e-4,-0.002123141,0.00313827,-0.001684812,2.786914e-4,-0.003072742,0.002167207,-0.008054306,0.003275627,-0.003080879,0.002970498,0.007178342,-0.003207928,0.01251253,0.005616136,0.003125453,0.001093334,0.003702099,0.005071056,0.009274972,0.002340605,-7.32976e-4,0.005708298,0.005424862,0.00606896,-0.003275233,0.01168167,0.001683145,0.00500972,0.002298812,-7.108276e-4,-0.003856978,0.00155172,0.001167461,3.066176e-4,0.00551409,0.004648222,0.002737784,0.003500182,-0.003503937,0.00584484,0.003144081,0.002796171,0.003770539,6.029015e-4,2.211953e-4,5.419814e-4,-1.356383e-4,-0.005158568,0.003654454,0.001058562,-9.423481e-6,0.001219675,-0.002164454,0.001072773,0.001215039,0.001279982,-8.744383e-4,0.002455885,-0.001760889,-4.647357e-4,-0.001173799,4.805568e-4,-0.001179681,-0.001003243,0.001124274,8.819778e-4,3.649043e-4,5.015001e-4,0.00104597,1.88803e-4,-4.522573e-4,0.001109112,-2.25686e-5,1.952625e-5,-6.747352e-4,0.00158982,6.446035e-4,1.16624e-5,-5.487691e-4,-4.626603e-4,0.001027809,0.002047461,3.205682e-4,5.125986e-4,-3.557795e-4,2.24235e-4,-5.29698e-4,7.709861e-4,3.230511e-4,9.594846e-4,3.261684e-4,-7.819001e-4,1.958039e-4,2.797365e-4,-5.639227e-4,0.0015912,0.001477446,-1.687371e-4,0.001542273,-5.508043e-4,-3.629483e-5,-2.95885e-5,4.7246e-4,9.916958e-4,0.002114164,0.005682876,0.006633045,0.008624978,0.00732498,0.01007037,0.01100383,0.01287132,0.01500393,0.04429581,0.1554018,0.2614681,0.2302917,0.1190588,0.07821618,0.08958981,0.1136223,0.1378666,0.1703603,0.2057978,0.2384478,0.2780182,0.3240177,0.3580318,0.3975387,0.4354592,0.4686664,0.4993669,0.5242577,0.5550501,0.5702648,0.5906982,0.6181253,0.6203904,0.6326578,0.638671,0.637199,0.6361214,0.6265505,0.6251795,0.6105779,0.5943227,0.5848394,0.5864314,0.592094,0.5871301,0.6045948,0.6226043,0.6609901,0.6798233,0.7156357,0.7669819,0.7822869,0.8540698,0.8967106,0.9658687,0.9720624,1.121578,1.025306,1.116004,1.612265,2.850238,-2.165797
383.794,-0.002564046,-0.001732179,-0.004174876,0.001429141,-0.005874542,-0.01880621,0.01386636,-0.005229198,-0.02608575,0.006196398,-0.002876306,0.003111027,2.6625e-4,-0.005991819,0.005845612,-6.19974e-4,0.01093956,-8.55673e-4,-0.005238124,-4.111809e-4,-5.008514e-4,2.838215e-4,0.003750488,3.127934e-5,5.979173e-5,-4.232605e-6,7.889973e-4,-0.002962266,9.203725e-4,-0.002575101,0.005354871,0.002334532,0.01612319,-0.01623658,0.00549843,0.003549606,0.005827645,-0.001479132,0.002775876,3.831962e-4,0.007291744,0.00379883,-0.001161519,0.009245554,-0.001693208,0.007469134,0.008056237,-0.003410782,-0.001760697,-8.070517e-4,-0.002032595,0.01050353,-0.001966941,0.001613365,-5.294771e-4,0.001657572,-2.334582e-4,-7.173862e-4,5.338344e-4,-0.003883733,0.002331466,0.002376007,0.007290447,-1.515142e-4,2.091341e-4,0.002421992,0.002888149,-4.691427e-4,-0.002120289,0.003049829,0.002981372,0.005920737,0.002757601,-0.002840006,-0.001978533,0.003538133,-0.00321246,0.001087891,-0.003249124,8.250275e-4,-7.113255e-4,-5.141223e-4,0.002368922,-0.002849106,6.841248e-4,-0.001971713,0.002255256,0.001637957,3.648925e-5,-5.201785e-4,0.001065267,2.50068e-4,-3.557798e-4,-8.765875e-4,-0.001436347,0.001685294,-1.572172e-4,0.00324663,-1.782098e-4,8.990392e-4,0.001199664,9.324001e-4,3.730997e-4,4.180376e-4,2.369681e-4,-2.828712e-4,3.748232e-5,9.358241e-4,4.7243e-4,9.585477e-4,3.482118e-5,6.697349e-4,1.733878e-4,-1.362647e-4,-3.945048e-4,-2.279735e-4,3.188242e-4,-1.291654e-4,2.202503e-5,-1.700556e-4,-1.344747e-4,9.262519e-5,1.67897e-4,1.097453e-4,2.004391e-4,0.001892393,9.133097e-4,0.002283943,0.001529188,0.004682101,0.00574074,0.006416851,0.009703147,0.01129314,0.01073895,0.01429981,0.0294784,0.1184109,0.2665536,0.2334851,0.1347259,0.07951723,0.08553527,0.1075273,0.1339992,0.1600932,0.1948354,0.2337377,0.2662343,0.3153635,0.3513134,0.4004056,0.4343508,0.4741274,0.5028925,0.5357726,0.5672239,0.5947092,0.6082568,0.6344519,0.6437795,0.6582419,0.6679941,0.6739283,0.6799827,0.6723569,0.6630223,0.6441797,0.6344972,0.6319811,0.6303921,0.614693,0.6134624,0.6196589,0.6333382,0.6480331,0.6899406,0.733055,0.7658503,0.8089601,0.8692118,0.8908264,0.9446379,0.9866107,1.085181,1.088199,1.131404,1.110421,1.79962,-0.3774546,3.868664
386.086,-0.04655604,-0.04486126,-0.01441408,-0.03501396,-0.01304109,-0.03529725,-0.0258652,-0.00853934,-0.02499823,-0.02095188,-0.02240261,-0.01099803,-0.005841921,-0.01035008,-0.01159297,-0.01724124,-0.01491308,-0.01748029,-0.01425752,-0.007982489,-0.006011182,-0.006970888,-0.007365474,-0.003536658,-0.002463837,-0.00320388,-0.002753267,-0.00582603,-0.004195495,-0.003211706,-0.009703693,-0.01360897,-0.02061156,1.892404e-5,-0.01985092,-0.007458782,-0.01629343,-0.01627057,-0.01513711,-0.0174466,-0.004277853,-0.002870099,-0.01132865,-0.007388078,-0.009369887,-0.001411788,-0.008166055,-0.009673239,-0.0145134,-0.01964185,-0.01019241,-0.01385664,-0.01023664,-0.002211693,-0.005949613,-0.007855035,-0.004688375,-0.008166928,-0.005413451,-0.006446334,-0.007423167,-0.008864645,-0.005159546,-0.009163622,-0.001709695,-0.004756011,-0.002829141,-0.009486243,-0.004956125,-0.01005232,-0.00418503,-0.004696518,-0.006546602,-0.005943141,-0.006018897,-0.004102016,-0.003694139,-0.004557729,-0.003387282,-1.214278e-4,-0.003020958,-0.004705587,-0.005646443,-0.003578323,-0.005677577,-1.932366e-4,-0.001839764,-0.004220965,-0.002997181,-0.00252177,-0.001619744,-0.002884276,-0.003782386,-0.003918408,-0.002783864,-0.004351138,-0.002635033,-0.001305163,-0.001843765,-0.002250837,-0.003437233,-0.001712537,-0.001023373,-5.372358e-4,-0.001113217,-0.002423042,-3.408854e-4,-0.002811831,-8.108304e-4,-8.160767e-4,-9.775615e-4,-0.001151976,-7.996819e-4,-0.001310233,-3.288486e-5,-9.155677e-4,-8.638657e-4,-2.507252e-4,8.304066e-4,-0.001823144,-8.900604e-4,-0.001821083,-0.001148013,-4.367504e-4,5.107579e-4,8.258682e-4,-1.694923e-4,0.001062625,0.001212969,0.003605161,0.005069485,0.005961129,0.009951091,0.009342665,0.01219676,0.0213714,0.09159454,0.2302772,0.2797776,0.1509834,0.08260887,0.07803334,0.09724933,0.129154,0.1549408,0.1840701,0.2223161,0.2630186,0.2989444,0.3478211,0.3870181,0.4270873,0.4675702,0.5074768,0.5447305,0.5781216,0.6026777,0.6289014,0.6503962,0.6680702,0.6854843,0.6999348,0.7108053,0.7201773,0.7133265,0.7063815,0.7003927,0.6920071,0.6736204,0.6626509,0.6473007,0.6597736,0.6487158,0.6544475,0.6661817,0.6757663,0.726115,0.7489725,0.7922636,0.8540524,0.9138675,0.9632868,0.9685744,1.06999,1.090851,1.06346,1.080923,0.9146705,0.6779332,-0.410188,-4.881549
388.379,0.00825399,0.001767109,-0.01645612,-0.01027405,-0.007875342,-0.01793955,-0.008634067,-0.004439779,-0.01398815,-0.007163149,-0.004210267,0.00322547,-0.006292937,-0.008904469,-0.009464888,9.68088e-4,-0.0019344,-0.005385619,-0.001403577,-0.002434763,-0.006123158,-0.003332318,-0.002392292,-0.004596125,-0.003605789,-0.003510387,-0.002194692,8.997018e-4,-0.005669646,-0.004504458,8.578448e-4,-0.009006058,-0.008306979,-0.01374166,-0.007353681,-0.01759273,-0.00670978,-0.006759372,-0.002792844,-0.01128065,-0.01159023,-0.007020431,-0.01520387,-0.008831303,-0.007415904,-0.005758778,-0.00908374,5.982657e-4,0.002193041,-0.01403129,-0.001452462,0.00318796,-0.007677017,3.482997e-4,-0.01177034,-0.001568184,0.002191093,9.050695e-4,-0.001419334,-0.001748795,-0.002265243,6.401233e-4,-0.009035524,-8.483537e-4,-0.002761501,-0.006834207,-0.003056204,-0.001907179,6.902458e-4,-7.422175e-4,-0.001989993,-0.003178272,-0.006825449,-8.737891e-4,-0.003140908,-0.002497692,7.239921e-4,8.31634e-4,-5.966573e-4,-0.001172962,-5.549648e-4,-0.002410747,-0.004003352,-0.003202745,8.854603e-5,-0.001790414,9.665558e-4,-0.003335089,-0.002939219,-0.002375894,-0.001687895,-0.001562998,-2.583826e-4,-0.002107895,-8.159536e-4,-0.001953335,-0.00131343,-1.541473e-4,1.408382e-4,-0.0024181990000000002,-4.836662e-4,-9.991035e-4,-0.002679892,-0.001391067,-0.001078916,4.457138e-4,-0.001490415,-0.001175169,-9.048801e-4,-7.434695e-4,2.690614e-6,-8.847547e-4,-6.896888e-4,-7.727082e-4,-7.989523e-4,1.665864e-4,2.745672e-5,-0.001044009,-0.001712657,-5.73362e-4,3.240897e-4,0.001271433,5.98818e-4,-7.134561e-4,-5.223321e-4,8.081638e-4,0.002720329,0.002766277,0.00467509,0.005501303,0.005763316,0.007512456,0.008547512,0.01358506,0.01829219,0.06258293,0.1973159,0.2825333,0.2037748,0.092264,0.07882765,0.09728245,0.1186332,0.1501966,0.1784483,0.2155164,0.2523311,0.2928251,0.334729,0.3774442,0.4194579,0.4667721,0.5041012,0.5387038,0.5719403,0.6101085,0.6328727,0.6591057,0.6771576,0.7028605,0.7202401,0.7278167,0.7419029,0.7342951,0.7433533,0.7358723,0.7198076,0.7091543,0.6983936,0.6774381,0.67654,0.6763658,0.6720397,0.6794794,0.7000819,0.7106933,0.7582075,0.8100645,0.8516621,0.9148535,0.9285466,0.9999354,1.035825,1.089079,1.219134,1.214744,1.170659,1.305011,0.9053896,0.6177458,0.7460967
390.672,0.015262,0.01542805,0.002137652,0.01068817,-0.005663696,0.01192417,0.004560145,-0.007139696,-0.002010448,-0.004450508,0.01094146,0.005728357,0.004395302,4.980585e-4,0.001183353,0.006143977,0.009050791,0,0.007933771,0.004599889,0.001870668,0.002890933,-0.002702922,-8.969172e-5,3.645727e-5,0.001036369,0.001231431,0.004674829,-0.001109484,5.087809e-4,0.006186502,0.005332895,0.006834683,0.01523615,0.004740524,-1.566393e-4,0.008327568,0.003863988,0.005238866,4.43055e-4,0.002283396,0.001528432,0.004388345,0.00139411,0.003887141,0.002515002,0.001098845,0.01103005,0.005447216,0.001696707,0.00149039,0.005547375,0.001696404,0.002820723,2.065544e-4,0.002305974,0.002952036,8.287008e-4,0.003380126,-0.001367107,4.907076e-4,0.005979563,-1.30762e-5,0.005228136,1.481622e-4,0.005947703,0.006526218,0.00416146,0.004586368,0.001606938,0.004933055,0.001446892,0.002939083,8.756488e-4,0.004844316,1.971878e-4,-0.001282488,0.00270283,0.001402192,-0.001569852,0.0028533400000000002,0.001569734,-2.712242e-4,6.510492e-4,-2.262785e-4,0.002402253,6.554585e-5,5.090579e-4,0.002019683,1.833668e-4,0.002167811,-8.976639e-4,-7.896392e-4,0.002488347,0.002562147,0.002978545,0.001502988,-2.604957e-4,0.001629149,5.821908e-4,1.033934e-4,3.145342e-4,0.001814296,-3.062962e-4,8.722056e-4,5.282191e-4,9.336095e-4,0.001017198,9.080003e-4,4.406548e-4,4.731688e-4,7.687189e-4,2.287477e-4,5.029714e-4,1.879483e-4,6.689751e-4,0.001535077,9.816617e-4,3.151065e-4,7.58966e-4,0.001390685,5.101086e-4,0.001145727,5.366153e-4,0.003255036,0.002697758,0.0042099,0.004598319,0.005888254,0.006352734,0.007295498,0.01245819,0.01269696,0.0185374,0.04956244,0.1536513,0.2857705,0.2370149,0.1129181,0.07842463,0.09341911,0.1156413,0.1389868,0.1732204,0.2052329,0.244258,0.2812807,0.3246587,0.3689305,0.4115089,0.4599301,0.4980704,0.5425295,0.5730033,0.6104671,0.6489017,0.6707394,0.6929651,0.7118695,0.7351607,0.7488302,0.7646962,0.7702774,0.7776216,0.7829881,0.7662513,0.750282,0.7430898,0.7303501,0.7212354,0.6981505,0.7013104,0.7139144,0.7269468,0.7389903,0.7817283,0.8005754,0.8576034,0.9065107,0.9555887,1.014628,1.066428,1.1344,1.172467,1.273145,1.3073,1.359537,1.452948,1.889039,3.916214,6.882289
392.967,-0.01659435,-0.004841873,-0.00234202,0.01499454,-0.00537441,-0.02354675,-0.03917631,-0.01980988,0.00705835,-0.005010553,0.004862158,-0.006115118,-0.008759296,-0.004804603,-3.837051e-4,0.002343082,-0.003803838,-0.004030706,-0.002357009,-0.004256101,-0.004751964,0.001485777,-0.004555769,-0.002539582,-0.001009246,-0.001103882,-0.002103103,-0.00411539,-0.003668464,-0.004320299,-0.005930665,-0.002439207,4.121692e-4,-0.00816684,-0.002647334,-0.01194626,-0.003606233,-0.0108643,-0.005388081,-0.001086761,-0.006660341,-0.007582525,-0.006567632,-0.008529544,-0.0117811,0.001334329,-6.677078e-4,0.003172264,-0.009489601,0.006087144,-0.009086575,-0.002963509,-0.00322453,-0.01060736,-0.00766356,-0.003978885,-0.004508046,-0.003995097,-2.009359e-4,0.002516202,-0.004124644,-0.001440898,-0.004919125,-0.00105325,-0.002576782,-0.00252415,-0.00522393,-0.004692437,-0.002952126,-0.002175927,0.002803378,-0.003421763,-0.001440973,-0.003328387,0.003116103,-0.003475662,-0.001302261,-0.008041367,-0.002311096,-0.003159767,-9.961105e-4,-0.004465095,0.001080422,0.001433157,-0.002831587,-0.001353082,-0.002940699,-9.438084e-4,-0.002155472,-0.002395633,-3.032084e-4,-0.001291831,-0.002045747,-0.002169842,8.377902e-4,7.762191e-5,-3.380838e-4,-0.002955063,-0.002170115,6.636299e-4,-0.00213639,-0.001932424,3.027634e-4,-0.001081844,-3.610569e-4,4.133052e-4,-6.689034e-4,-4.288482e-5,-0.001138537,1.70454e-4,-2.418786e-4,3.798723e-4,-5.066419e-4,-1.821299e-4,-1.695024e-4,-2.370249e-4,-2.320913e-4,2.878241e-4,-3.380816e-4,1.700044e-4,-8.889795e-4,-6.075501e-4,-2.363411e-4,-1.493692e-4,-2.361315e-4,0.001443648,0.002601191,0.004379887,0.004989415,0.006305588,0.008992418,0.01015498,0.01479162,0.03291118,0.1246488,0.2559655,0.2578815,0.1360362,0.07791409,0.08807189,0.1068004,0.1343404,0.1636867,0.1961913,0.2355788,0.2682387,0.3120062,0.3545014,0.3981616,0.4408,0.4891807,0.5318863,0.5727668,0.605752,0.6442838,0.6712148,0.6999707,0.7212212,0.7424718,0.7646302,0.7816353,0.7973862,0.8034685,0.8071873,0.7985708,0.7945121,0.7774901,0.7676976,0.7525563,0.7355473,0.7302445,0.7268928,0.7363512,0.7429084,0.7605352,0.7813123,0.8295476,0.8709593,0.9209519,0.969574,1.032729,1.111128,1.165515,1.230028,1.242349,1.316978,1.404286,1.080185,1.671552,1.079995,1.636587
395.262,-0.01072638,-0.02041716,-0.01690863,-0.01434835,-0.02301237,-0.02581537,-0.01974433,6.775925e-4,-0.003106342,-0.009437096,-0.005133569,-0.009286804,-0.002940859,-0.009713647,-0.004399697,-0.005432715,-0.006792082,-0.006237177,-0.001503177,-0.006050955,-0.005022808,-0.003868758,-7.247214e-4,-0.003739135,-0.003384402,-0.00273647,-0.001623918,-0.002723272,-0.003231592,-0.003461721,5.028756e-4,-0.002753197,-0.007241966,-0.0219992,-0.009676408,-0.003083121,-0.004702633,-0.007740497,2.585782e-4,-0.005229613,0.002547238,-0.005944211,-0.008827265,-0.005029881,-0.01005934,-0.01259881,-1.16249e-4,-0.008955052,-0.002773186,-0.00538827,-0.002185804,-0.004205253,-0.007355994,-0.006614255,-0.001482175,8.798407e-4,-0.004581175,-0.006171439,-0.001933519,-0.003071206,-0.001603248,-0.006443504,-0.00174013,-7.801358e-4,-0.002550338,-0.002972538,-0.00476188,-0.001541812,-0.004325291,-0.004142307,-0.001765366,-0.00598563,-0.002524831,1.590331e-4,-0.004693467,-0.001224399,-4.430502e-4,-0.002555684,1.022899e-4,-0.002628769,-0.002002608,-0.002621061,-0.001590359,-0.004401529,-4.620752e-6,-0.003788216,-0.002023429,-0.005077947,-0.003225581,-0.002471896,-7.975277e-4,6.405371e-4,-0.003240669,8.987833e-4,-0.002099642,-1.695151e-4,-0.001030738,7.67451e-4,-0.001170493,-0.001342896,-9.58691e-4,-9.689241e-4,-4.341292e-4,-0.001377237,-0.001695847,-0.001135769,-2.733964e-4,-0.001801114,-5.705147e-4,-1.409685e-4,-2.056573e-4,-8.409726e-4,-4.091265e-4,-8.946e-4,-6.401775e-4,3.960336e-4,-0.00076925819999999995,-2.913598e-4,-0.001576865,-1.906259e-4,-2.052253e-4,-5.047462e-4,6.691346e-4,-5.011655e-5,0.001410011,0.003076258,0.003657647,0.004064017,0.005087645,0.006744972,0.008924531,0.009571914,0.02674917,0.09765711,0.2242803,0.2652842,0.1576936,0.0815248,0.08098337,0.1022866,0.1257361,0.1537312,0.1836965,0.2199764,0.2590016,0.2984721,0.3462073,0.3761762,0.4284349,0.464337,0.5168615,0.5548468,0.5944609,0.6347862,0.6723987,0.7005623,0.7268974,0.7522671,0.7702128,0.7896668,0.8078854,0.8149596,0.8210892,0.8233709,0.8264595,0.8216816,0.7995815,0.7844186,0.7682199,0.7612043,0.747602,0.7414304,0.7439405,0.7566703,0.7845598,0.8197337,0.8675402,0.9008228,0.97364,0.9963729,1.066671,1.15583,1.199393,1.277735,1.348681,1.370623,1.36609,1.599674,1.022003,1.759624,0.6432314
397.558,0.01052352,0.006854125,0.0171789,0.03026487,5.421424e-4,0.02164071,0.002884243,0.004075359,0.003095301,0.01358848,0.005506892,0.01497791,0.004328089,0.005256443,-0.003148142,0.004991647,0.007370439,0.01036377,7.525161e-4,0.002998947,0.002278851,0.002032828,0.002202666,0.003004214,0.004673034,0.004674487,0.003625432,0.002096555,0.007468103,0.003357859,0.004989585,0.00773473,0.003827826,0.01369052,0.02155531,0.01132934,0.009803657,0.01151482,0.00487681,0.004871646,-6.548866e-4,0.01029931,0.00924756,0.004951697,0.007480748,0.02228831,0.005590735,0.007338189,0.007339474,0.001385592,0.003974863,0.00521813,0.001553179,2.054968e-4,0.002016893,0.007649189,0.00801478,0.00561074,0.00297265,0.007501433,0.007853701,0.005750295,0.003531826,0.007074858,0.003863704,0.002485939,0.004126448,0.005133052,0.003519672,0.007013936,0.004726953,0.006263404,0.005072224,0.003246981,2.694252e-4,0.003441372,0.004416506,0.004277703,3.036881e-4,0.00467318,0.001651107,0.002635653,0.003080533,0.001820064,0.003151025,0.002757426,0.005094516,0.003467746,0.002871901,0.002741068,0.001245768,5.541643e-4,0.001268604,-6.394667e-4,0.001135869,0.002454996,0.001719965,0.001770899,0.001927717,0.002212025,0.001134327,0.001879397,8.064007e-4,3.696438e-4,1.47526e-4,0.001900195,2.71251e-4,0.001774572,8.165619e-4,3.862604e-4,6.971706e-4,9.446287e-4,5.028944e-4,1.245654e-4,0.00150802,0.001145051,9.313844e-4,0.001103624,0.00186753,0.001995488,0.002731658,0.004125515,0.001872374,0.003399866,0.003627604,0.003679704,0.004767181,0.006875731,0.006817265,0.009930333,0.01258498,0.02050357,0.08016819,0.205028,0.263454,0.2001541,0.09158818,0.0802501,0.1002386,0.121273,0.1466114,0.1773708,0.2091976,0.25051060000000003,0.2900496,0.3290685,0.3715168,0.4223333,0.461195,0.5029798,0.5471448,0.5891655,0.6305179,0.667725,0.7038584,0.7357002,0.7525305,0.7686563,0.7975207,0.8128969,0.8276208,0.8350543,0.8517891,0.8552922,0.8465448,0.8370736,0.82354019999999994,0.8017016,0.8014473,0.7997137,0.7742795,0.7825554,0.7825119,0.787288,0.8294523,0.8521396,0.8997509,0.9459451,1.002955,1.068072,1.147905,1.210489,1.286651,1.39901,1.479175,1.60537,1.545148,1.670433,1.972395,2.498378,9.746743
399.854,-0.01220365,-0.01543958,-0.02266844,-0.03303402,-0.009392965,-0.02301358,-0.02403916,-0.004458851,-0.02413564,-0.02081456,-0.01814107,-0.007953206,-0.01232877,-0.002004632,-0.01109952,-0.01216752,-0.01117392,-0.004215648,-0.005098735,-0.01118892,-0.009527057,-0.007089213,-0.003134107,1.613874e-4,-0.00265525,-0.002949989,-0.004334069,-0.003052737,-0.002124451,-0.0049339300000000004,-0.001181904,-8.630076e-4,-0.003611224,-0.01111609,-0.01988584,-0.0253317,-0.003263039,-0.01162862,-0.006272783,-0.002686569,-0.0163113,7.787146e-4,-0.002812898,-0.002938464,-6.484007e-4,-0.006714579,-0.009146604,-0.004591758,-0.01290151,-0.005340864,-0.003346358,-0.003775859,8.408359e-4,0.001479972,-0.001613505,-0.003524763,-0.00796334,-0.00580646,-0.00240109,-0.005416205,-0.003770286,6.604535e-4,-0.00236662,-0.007178732,-0.007504963,-0.005685822,-0.008385286,-0.003723821,-5.930085e-4,-0.003683342,-0.004262436,-0.007858888,-0.002905175,-0.003530924,-0.001742,-0.004239127,0.003482406,-0.001513917,5.632612e-6,-0.001992407,-9.111332e-4,-0.001351304,-0.002147692,-0.001691488,-0.002688673,-9.585719e-4,-0.00268777,-0.002763772,-0.001312217,-1.661896e-4,-0.002705128,0.002039276,4.304207e-4,-0.001364749,-0.001281586,-9.977231e-4,-6.36949e-4,-0.00188943,-5.111542e-4,-0.001004295,-0.001777069,-0.002259354,-0.001406609,9.415328e-4,-1.888072e-4,-0.001621604,6.784745e-4,-2.71833e-4,-0.001036493,-3.195521e-4,-5.086089e-4,-3.814024e-4,-5.733989e-4,-2.896274e-4,-2.408115e-4,-3.92421e-4,-3.162669e-4,8.282035e-5,1.569457e-4,-3.041341e-5,3.06308e-4,2.779018e-4,1.082112e-4,0.001974271,0.002140907,0.003203713,0.003757062,0.006054182,0.007324693,0.007333637,0.01451967,0.04958801,0.1748789,0.2532252,0.1876876,0.1001196,0.0721599,0.08693622,0.1108494,0.1363474,0.1629803,0.1917735,0.2265622,0.2693333,0.3115974,0.3517136,0.3946159,0.4375021,0.4784223,0.5195793,0.5620565,0.6099417,0.6478056,0.6850087,0.7115568,0.7365893,0.7570968,0.7809113,0.8032654,0.8171642,0.8375644,0.8479977,0.8577647,0.8495821,0.851283,0.8461248,0.8259887,0.8165362,0.7964674,0.7851792,0.7817989,0.7788476,0.7800944,0.7803356,0.8192433,0.8551935,0.9003288,0.9533609,1.010834,1.053627,1.136849,1.164797,1.272671,1.333195,1.424425,1.525087,1.40058,1.413011,0.8139778,-0.01277714,-9.15638
402.152,0.0149959,0.02620491,0.002671525,0.01174122,0.01673701,0.02702414,0.01564774,0.002531637,0.009411989,0.00614898,0.005609882,0.008638528,0.001926612,-5.95209e-6,0.008602299,0.002815306,0.002839474,0.003115923,-2.19002e-4,0.006207491,0.006057057,0.004505491,0.001058904,0.00161099,0.003993608,-8.764201e-4,0.00190219,0.003302181,1.45231e-4,0.006829705,0.003948161,0.005439768,0.002534154,0.003533853,0.01440078,0.002021586,0.007019328,-0.00205679,0.006206333,0.003838718,0.002009271,0.008305442,0.005016254,0.002233531,0.006279431,0.003635711,0.005013384,-5.319949e-4,0.01045399,0.005246015,0.003998785,0.005642556,7.494806e-4,0.005184498,-3.139283e-4,0.0047588,-2.713893e-4,0.004915904,0.003525321,0.001924889,0.003903052,0.005067512,0.00599419,0.005908208,-1.278055e-4,0.003446751,0.005847268,0.002587486,0.002680664,1.837944e-4,0.002711614,0.001104638,0.002568769,0.001759403,0.003064452,-0.002114605,0.001781304,0.004389002,0.001300239,7.825046e-4,0.003093774,0.001246639,5.630998e-4,0.001276193,2.826621e-4,0.003816899,-7.753424e-6,2.690487e-4,8.554993e-4,-0.001586242,0.00201871,0.002105318,7.902856e-4,0.001799498,0.001120097,7.933424e-4,0.00143083,-4.330493e-4,-1.27798e-4,0.00189322,5.527168e-4,2.922794e-4,1.592104e-4,-8.703259e-4,4.841009e-4,9.615821e-4,1.08757e-4,8.307416e-4,8.204329e-4,8.199156e-4,5.798397e-4,4.982528e-4,0.001116758,8.325644e-4,-8.840363e-5,5.877467e-4,9.593261e-4,8.344559e-4,0.001677349,0.002415049,9.936038e-4,0.002403211,0.001136451,0.003875306,0.004717703,0.005187908,0.006237341,0.008336141,0.009085082,0.01347662,0.0345955,0.1243088,0.2434804,0.2156507,0.1099944,0.07392327,0.08511769,0.1045657,0.1287505,0.1604734,0.1882263,0.2252608,0.2639002,0.299148,0.3455735,0.3855311,0.4289608,0.4777032,0.5165711,0.5643863,0.6035469,0.6451865,0.6815819,0.72485,0.7479051,0.7751591,0.7992652,0.8213978,0.8401641,0.8536852,0.8708401,0.8863214,0.885292,0.8847913,0.8802438,0.8731229,0.8646841,0.8402027,0.8374088,0.8180269,0.8215659,0.8152916,0.8143459,0.833913,0.8610866,0.8915191,0.9529294,1.014417,1.059069,1.149969,1.199832,1.259679,1.370607,1.438978,1.515884,1.564472,1.669183,1.765483,2.168307,3.720013,5.208299
404.45,-0.00565093,0.002892975,0.002031311,0.006312785,-0.006180333,-0.008632517,-0.002020686,0.003810035,0.006305486,-0.004108037,0.01191137,-8.240034e-4,0.0018702,-4.960287e-4,0.006460712,6.0768e-4,1.081622e-5,0.002383653,-0.003041239,0.003586775,-7.284556e-4,3.22378e-6,-2.660683e-4,-6.115509e-4,0.001757471,-0.001518326,7.624767e-4,0.001336936,-9.094336e-4,-0.003146255,-0.003946173,0.001376141,0.001225102,0.008416555,-0.005840741,-0.001233289,-0.001873738,-0.002035437,0.003544209,0.002241584,0.001277762,-0.005837592,-0.001509065,-0.003685168,-0.001833432,-9.044974e-4,0.004864311,-0.007727447,0.003055224,0.003913784,-1.730409e-4,-0.002210652,0.004288944,-0.004527899,-0.001856681,-0.002562146,0.001469429,-0.00280365,0.001916225,-6.416012e-4,-0.004947235,-9.41924e-5,-0.001829397,-0.001007834,0.00546382,0.001713227,-3.833948e-4,-0.002443527,-7.688322e-4,-0.002161278,4.292984e-5,-0.001138829,0.004310985,1.705841e-4,0.003052651,0.004301389,0.001871736,0.001116542,-0.001527503,0.00207345,-0.001735307,9.917001e-4,-2.199856e-4,-0.001013363,-6.090348e-4,-0.001791363,7.791461e-4,-9.279929e-5,0.001010002,0.002128525,-7.532469e-4,8.199888e-4,2.753904e-4,-6.746579e-4,0.001165331,0.001026071,-0.001096509,-4.884173e-4,-8.959817e-4,-0.00115959,-6.804743e-4,-0.001096676,9.542994e-5,2.342996e-4,2.961757e-4,0.001561841,1.195235e-4,3.214982e-4,-3.522682e-4,3.251601e-4,1.237343e-4,-4.060438e-4,1.869908e-4,6.15043e-4,-1.707065e-5,5.707634e-4,9.100823e-4,4.011459e-4,6.592447e-4,0.001003009,0.001148046,0.001793142,0.00351283,0.002846503,0.004486854,0.005997145,0.006567672,0.00869854,0.01102585,0.02083268,0.09516252,0.2186308,0.2279595,0.1349186,0.07359572,0.07850899,0.1036026,0.123795,0.1532589,0.1830525,0.2142491,0.2512199,0.2930965,0.335398,0.3745234,0.4252288,0.4679437,0.5126778,0.5493353,0.5977355,0.6399245,0.6826862,0.7199983,0.7555206,0.7911861,0.8110972,0.8338464,0.852439,0.8735979,0.8861371,0.9041858,0.9099323,0.9174656,0.9178517,0.9179489,0.9033612,0.8876553,0.872037,0.8633058,0.8487888,0.8324077,0.8492777,0.8467857,0.8584441,0.8941792,0.9264123,0.9944737,1.043546,1.11534,1.209693,1.280225,1.323922,1.402868,1.474886,1.532635,1.566645,1.666561,1.67537,2.169537,2.280431,3.54603
406.749,3.425241e-5,-0.0114023,0.009583014,0.001523148,0.009644314,0.002963759,0.006824043,0.01957394,-0.002882481,0.004982078,-0.001263171,0.004920565,0.007434704,0.002332315,0.004390461,0.002436459,0.009027436,0.002052921,8.515157e-4,9.676512e-4,0.002613525,0.001723709,0.003700196,7.66055e-5,2.348444e-4,0.00248086,9.454828e-4,0.00167984,0.004727677,5.253733e-4,0.003620737,-0.001568479,0.008364825,0.007277893,0.01009159,0.01493129,0.001775304,-0.00434232,0.01057886,0.008356225,0.008385297,0.005337175,-3.681684e-4,-0.003403115,0.007317951,5.280457e-4,0.001418624,0.002981377,0.003526873,0.006509255,0.002858616,0.008700687,0.007873228,-1.896202e-4,5.759519e-4,0.007489008,7.637546e-4,0.002167095,0.003380329,0.002028055,0.005636251,0.005720283,0.004820868,0.00131326,3.588985e-4,6.838632e-4,0.001116356,0.001435782,0.003201654,-2.766728e-4,0.003039326,0.001655,0.002870154,9.295074e-4,-6.455826e-4,0.002272386,0.005113898,6.859159e-4,-0.001785169,0.00138499,0.003133789,0.001766068,4.475731e-4,0.001528955,7.417949e-4,0.001329948,0.002106854,0.0015305,0.001505201,0.002101077,0.002797126,0.001915372,0.001942971,2.019766e-4,4.863879e-4,0.00139758,6.303808e-4,0.001409651,0.001350886,6.4477e-4,0.002013042,0.002116568,5.696096e-4,0.002279305,6.908718e-4,0.001246436,-3.621341e-4,3.062737e-4,6.108948e-4,1.40675e-4,1.648025e-4,4.002268e-4,6.314544e-4,-2.963e-4,-6.512931e-5,9.403211e-5,8.598525e-4,-2.186213e-4,9.780687e-4,7.534229e-4,0.001683407,0.003247507,0.00443593,0.002609675,0.004628638,0.007916531,0.008372091,0.01071832,0.01711672,0.06246895,0.1871255,0.2227819,0.1531673,0.08125139,0.07827378,0.0972748,0.1200871,0.1441534,0.1770077,0.2091407,0.2418363,0.2815402,0.324823,0.3690149,0.416225,0.4580347,0.5023673,0.5514476,0.5948001,0.6304761,0.6813617,0.7219255,0.7609765,0.7912254,0.8210754,0.8462165,0.8700699,0.8942535,0.9051351,0.9212226,0.9335508,0.9471235,0.9524247,0.9513654,0.9391741,0.9321498,0.9087892,0.9016206,0.8874279,0.8694657,0.8638097,0.8655031,0.8812076,0.9002879,0.9175572,0.9738866,1.038613,1.099498,1.166909,1.23838,1.327765,1.390173,1.472467,1.553797,1.638916,1.763273,1.801827,1.977877,2.228332,3.781741,7.368671
409.049,-0.009739125,-0.009231756,0.004170919,-0.01310516,-1.88716e-5,1.313697e-4,0.01397109,6.266905e-4,-0.01361598,-0.004538254,-0.007037464,-0.001404386,-0.008758748,-0.006598796,-0.001688934,5.990305e-4,-0.003354905,-0.003340366,-0.003906402,0.001755466,-0.005589411,2.60785e-4,-0.001278506,3.316667e-4,-0.001485482,-0.001725967,0.001333064,3.85424e-4,-0.001217368,-0.004567578,-0.002973954,-0.004131442,-0.008116952,-0.006009233,0.0056387,-0.001257546,-0.007925837,-0.005057798,1.365366e-5,-0.003543254,-0.004517333,-6.784254e-4,-0.002153111,0.004763372,-0.004140183,-0.002568287,-0.005780954,-0.003158548,0.001944611,-0.009320294,-0.006840195,-0.006514082,0.00211968,0.002294123,-0.003656703,-0.002873709,-0.002222883,-6.443089e-4,-0.004398455,-0.002444023,-2.344761e-4,-0.002162973,-0.002079689,-0.002831743,-0.002612158,-0.003486165,0.001772568,-0.002129974,0.002467611,6.225848e-6,-0.002190922,-0.001156527,-0.001956935,0,-0.00354773,-4.192174e-4,8.420168e-5,-0.002918548,-0.001245142,7.864203e-4,-4.523166e-4,-0.00340675,-2.072999e-4,-0.001994098,-5.070872e-4,-0.002653143,-0.00161725,-3.19251e-4,1.993404e-4,-1.046539e-4,5.083372e-4,-0.002236395,-0.001440816,6.271485e-4,-0.001876555,6.859548e-4,7.742516e-6,-3.279018e-4,-3.297437e-4,-5.796595e-4,-0.001561895,4.781838e-4,1.990915e-4,-6.217736e-4,-1.018836e-4,-0.001252425,-0.001566182,-5.339953e-4,-2.202227e-4,-3.209224e-4,3.790549e-4,-2.572121e-4,3.93422e-4,-7.416723e-5,-3.5449e-4,-8.109706e-5,-9.274051e-5,0.001021399,8.65365e-4,1.466674e-4,0.001609968,0.002747543,0.003824122,0.0042791,0.006149508,0.007878886,0.009768214,0.01395451,0.03883917,0.1367228,0.2173645,0.1627024,0.08689553,0.07358342,0.08844927,0.11019230000000001,0.1361707,0.1655678,0.197391,0.2372775,0.2724859,0.3095775,0.354141,0.4047042,0.4479005,0.4958875,0.5424712,0.5819452,0.6255721,0.6662054,0.7090129,0.7548722,0.7914713,0.8145996,0.8496686,0.8743915,0.8940392,0.9113622,0.9168525,0.9483198,0.9647588,0.9681792,0.9710299,0.9688354,0.9626375,0.9622273,0.941676,0.9273792,0.9182989,0.9041921,0.8976956,0.8888371,0.9018633,0.9215937,0.9562201,0.9952848,1.045487,1.129857,1.197451,1.265113,1.338967,1.415122,1.521942,1.54728,1.650968,1.746975,1.628731,1.751397,2.084308,1.204359,4.644112
411.349,-0.006010803,-5.253014e-4,0.002100386,0.002132393,-0.007801475,-0.004498286,-0.01942402,-0.01048253,-0.006846917,-0.006968479,0.001473766,-0.007289214,-0.00265771,-0.003259804,-0.006653869,-0.004336723,-0.007840993,-0.00180643,-0.001370463,-0.007209148,-0.00346432,-0.006082579,-0.00251723,3.160535e-4,-0.001613473,4.730776e-4,-9.913956e-4,3.548459e-4,-0.001072743,-4.29397e-4,-0.007938623,-3.977521e-4,-0.01144691,-0.001865391,-1.446309e-4,-0.008040791,-0.006053788,-0.008033466,-0.008967164,-0.008572655,-4.272243e-4,-0.004447537,-0.009193645,-0.006896943,0.00253437,-0.006664077,-0.007085802,-0.002254987,0.001284371,-0.003644691,-0.00199059,-0.001271907,-0.001254184,-0.002613096,-0.003821357,0.001828352,-0.006824846,-0.002230232,-0.003123509,-0.0108395,-0.001918535,1.973279e-4,-0.003081188,-0.002066902,-0.001509826,-0.002883498,-0.005170044,2.275957e-4,0.001237136,-0.00454682,-0.003080082,-0.002313793,-0.002352839,-0.001655024,-0.003702577,-7.671449e-4,0.002348119,-0.002962093,-4.749968e-5,-0.001906551,-0.00129495,-4.170935e-4,-0.001526021,-6.818295e-4,-0.00196174,2.269524e-4,-0.001637091,-8.751368e-4,5.875547e-5,-0.001308652,-0.003257156,-0.002596269,3.805215e-4,-0.001515839,-1.000129e-4,-0.001562255,-0.001446293,-0.001293945,-0.001975893,-0.001120714,-8.108904e-4,-4.40892e-4,-7.388947e-4,-8.095101e-4,-4.795025e-4,-7.311036e-4,-0.001227326,1.27813e-4,-3.121596e-4,-6.49198e-4,-2.709577e-4,-5.328762e-4,-1.060123e-4,-2.045764e-4,-9.356179e-5,-2.235267e-4,-7.751597e-4,1.893796e-4,8.346486e-4,9.900895e-4,-1.911139e-4,0.003318719,0.003755234,0.003833161,0.005300223,0.008484952,0.0111323,0.0291752,0.1010123,0.1937295,0.1820215,0.09890598,0.07057408,0.08523379,0.1037898,0.1279424,0.1570145,0.186029,0.2261686,0.2588516,0.3002052,0.3404062,0.3837507,0.433524,0.481606,0.5250289,0.5742881,0.6107713,0.6563056,0.6995776,0.7378117,0.7728861,0.8137222,0.8387495,0.8693093,0.898626,0.914012,0.9357758,0.9506623,0.9693171,0.9705431,0.9893788,0.9828307,0.9900997,0.9861721,0.966296,0.9542779,0.9366562,0.9219814,0.9101067,0.913457,0.9136006,0.9232867,0.9452715,0.9804593,1.019694,1.08997,1.149612,1.2352,1.318738,1.390538,1.458082,1.550745,1.621246,1.677485,1.700151,1.70995,1.683332,1.662931,0.714181,-2.601892
413.651,0.01490589,-0.008505007,-0.006262394,-2.612425e-4,-0.01078896,-0.006412085,-0.009883612,-0.002422266,0.008424396,-0.01023877,-0.003000724,0.01087242,0.001082863,-0.0078832,0.00297997,6.07011e-4,-0.002435437,0.00298051,-0.004809078,2.86274e-5,-0.001308863,3.10611e-4,0.002734039,0.003418174,0.001698938,-0.001925347,0.001576418,0.001295569,0.00245944,-3.314447e-4,3.391663e-5,0.003957809,-0.006360366,-3.064046e-4,0.004734228,-0.002639188,0.007774819,0.001323665,-0.001218716,-0.001092133,0.001332615,-0.005508791,0.005731385,0.001523043,-0.001975254,-0.001680828,0.002815759,0.009587984,0.00693088,0.004559592,0.00170902,0.001870046,0.003730974,0.003444709,8.032899e-5,-1.555096e-4,0.001905517,-0.002256816,5.869343e-4,0.002777851,8.419982e-4,0.002244323,0.001586461,0.001802989,-2.321883e-5,-7.500351e-4,0.001365327,0.001167652,0.002133972,-2.512174e-4,0.0027205660000000002,-0.002304303,8.796462e-4,0.001215857,0.002334315,-0.001562085,-0.001117265,-5.16736e-5,4.587559e-4,-7.293264e-4,0.001818572,0.002416802,5.749125e-4,2.138808e-5,4.279085e-4,9.757342e-4,-0.001488431,-0.001219635,7.581403e-4,-2.229116e-4,-0.001125309,-2.356876e-4,0.002042488,-1.763596e-4,-4.851883e-4,-6.418258e-4,-4.543902e-4,-6.21433e-4,-5.515279e-4,5.926879e-4,7.069034e-5,0.001119876,2.523116e-4,-7.722477e-4,2.884732e-4,-9.784076e-4,8.188304e-4,3.562586e-4,6.972391e-4,-3.917643e-4,3.340188e-5,5.330302e-4,-6.490411e-5,3.919185e-4,-6.928708e-4,3.218079e-4,4.087846e-4,6.45755e-4,5.531569e-4,8.758673e-4,0.00281813,0.003400122,0.004084307,0.00598888,0.009809895,0.01166945,0.01964752,0.07368017,0.1679308,0.1871063,0.1096836,0.07254082,0.08086173,0.1017583,0.1243065,0.1502558,0.1768533,0.2172161,0.2479297,0.2931438,0.3315159,0.3754982,0.4177775,0.4679879,0.5123212,0.5649805,0.6040282,0.6555451,0.6822934,0.7298825,0.771695,0.8114002,0.8467264,0.8729054,0.9003077,0.9222956,0.9464934,0.9678435,0.9728881,0.9865411,0.9977639,1.00081,1.005138,1.020137,1.003033,0.9817479,0.9803406,0.9617221,0.965883,0.9451692,0.9457328,0.9372485,0.9580524,0.9732499,1.015872,1.06841,1.127073,1.213045,1.285405,1.364129,1.43887,1.531963,1.583584,1.682736,1.756166,1.73278,1.834624,1.877114,1.590659,2.69968,9.224254
415.953,-0.0209469,0.01294394,-0.009670901,-0.005092367,0.001106543,0.005861916,0.001797664,-0.009654833,0.001085414,0.001973937,0.005650545,-0.00126216,-0.003825696,0.004466953,-0.003555073,-8.473131e-4,-0.001059963,0.003505726,-0.001299957,-7.3146e-4,4.064088e-5,-9.738762e-4,-0.002301564,-0.0026416259999999998,-0.002834162,-0.003192306,-0.002981632,-0.001479009,7.351393e-4,-0.00189107,-0.001784579,3.067311e-5,0.0012063,-0.007834046,0.006025815,-0.002180469,-0.002048848,-0.007617287,-8.198263e-4,-0.002112217,1.786012e-5,9.594413e-4,-0.004105561,-0.008053521,-0.005846643,6.125087e-4,-0.002986444,-0.003786639,-0.003635603,0.003194463,-0.003537782,0.002382437,-0.001545282,-0.001332248,-0.005689326,0.001530498,-0.005082591,0.001737404,-0.004461852,0.001975995,-0.00200588,-0.004185343,-0.003575335,-0.003033349,5.141355e-4,-0.002026714,-0.001184705,7.991759e-4,-0.004025146,-5.427836e-4,0.002848651,-9.849881e-4,0.001745361,-0.004553665,-6.208563e-4,2.469379e-4,-0.001688792,-0.002969853,4.433084e-5,5.552404e-5,0.001661206,-0.002260739,-0.002018262,-8.033738e-5,0.001180549,-0.001863611,8.315083e-4,-0.002269925,8.397288e-4,-0.001329892,0.001706192,-0.001480052,-0.002254514,-0.00246403,1.985062e-5,1.63626e-4,5.772483e-4,3.621418e-4,-7.059684e-4,-1.0411e-4,-4.237077e-4,-0.001082955,3.895337e-4,-2.168456e-4,1.858211e-4,1.828299e-4,6.619276e-4,-7.710131e-4,-9.369803e-4,9.872502e-4,-1.203869e-4,6.993422e-4,3.458417e-4,2.907485e-4,-7.802304e-4,3.435066e-4,0.00101958,0.001353473,9.288449e-4,0.001920158,0.004388493,0.002902921,0.0051077,0.007378153,0.009700098,0.0157085,0.05224796,0.1421713,0.1883252,0.1282792,0.07317956,0.07651158,0.09740789,0.1190434,0.145949,0.170259,0.2034114,0.2379137,0.2778738,0.3202321,0.3615712,0.4063891,0.4510161,0.503817,0.5417562,0.5922009,0.6343832,0.6754295,0.7186171,0.7598021,0.7920119,0.8292235,0.8643596,0.8974007,0.9229667,0.9428746,0.9593839,0.9842274,0.992535,1.003701,1.017422,1.020447,1.023505,1.020539,1.01051,1.010501,0.9822779,0.9685601,0.9712873,0.9645694,0.9559006,0.9616184,0.9832103,1.011731,1.032324,1.09407,1.195949,1.258271,1.332706,1.412726,1.486958,1.555141,1.649463,1.737866,1.793782,1.821091,1.83423,1.861901,1.922069,2.63114,2.531957
418.255,-0.003816311,0.005431818,0.004487736,-0.003407045,-2.437761e-4,-0.01307567,0.003942268,-0.003566444,0.002662056,9.449341e-4,-0.002624257,0.002818803,-0.001284404,-0.007119152,-0.001299944,-0.001791381,-0.001593586,-0.001963168,6.141925e-4,-0.003542116,-0.004615712,-5.685048e-4,-0.001439741,-0.003435205,-4.833485e-4,-0.001412124,-2.487812e-4,-0.003792091,-1.712678e-4,3.333037e-4,0.002293297,-0.006860043,0.00146944,0.001962785,8.090754e-4,0.001877587,-0.004075773,-9.135896e-4,2.849101e-4,-0.00393122,-0.00765888,-0.001205772,-0.005880507,-0.005442753,-0.001144039,0.001636585,-0.005228729,-0.01253933,-0.004879114,-9.856187e-4,-0.004882329,-2.82538e-4,-0.001564557,0.002566966,-0.001468253,-0.004500114,-0.005471794,-0.005341494,-0.00419444,-0.001433744,0.001325306,-0.002625623,-0.002382036,4.464474e-4,0.001127186,-0.001415702,-0.001164939,5.648111e-4,-0.004017067,0.002286236,7.391672e-4,-0.0022693,-0.002333208,7.506198e-4,-7.579716e-4,-0.002097498,1.20789e-4,0.00136908,-4.548983e-4,6.495722e-4,-9.742815e-4,-0.001475563,-0.001194999,1.656845e-4,-0.00309285,-0.001518016,7.594559e-4,-0.001733307,-0.002018372,-6.536958e-4,-0.001539043,-6.24182e-4,-0.00196076,6.839014e-5,-4.425362e-4,-0.002244321,-2.213527e-6,4.481198e-4,-0.001511205,-4.715329e-4,7.163401e-4,-8.077369e-4,-2.844049e-4,2.629394e-4,3.92069e-4,-5.831135e-4,-5.805759e-4,-9.075553e-4,-7.088856e-5,3.712502e-4,2.944954e-4,7.27378e-5,-9.592094e-5,-7.436213e-4,3.255941e-4,-5.078195e-5,6.669887e-4,0.001929042,0.001729057,0.001807905,0.003985879,0.005552905,0.008019762,0.007450803,0.01423157,0.03669687,0.124878,0.180861,0.1440466,0.08488441,0.07410456,0.09125786,0.1155674,0.1344813,0.164359,0.1927297,0.228413,0.2654618,0.31028,0.3490746,0.3936532,0.4384686,0.480648,0.5325159,0.5766953,0.6187105,0.6631735,0.7056143,0.7443241,0.7837066,0.8236057,0.8586964,0.8899998,0.9185389,0.9461614,0.9613531,0.9747624,0.9952339,1.011484,1.020929,1.030686,1.033744,1.038037,1.026651,1.020658,1.011907,1.000168,0.9901483,0.969787,0.9727174,0.9768385,0.9793195,0.9970003,1.021553,1.060541,1.117268,1.184955,1.276831,1.348363,1.423295,1.506465,1.595513,1.657623,1.781791,1.811054,1.88522,1.873462,2.025476,1.91221,2.251682,1.889202
420.559,0.006500006,0.001319302,0.002418512,-0.009376836,0.006447584,-0.0163728,0.004945542,0.002936227,-5.722407e-6,-0.01322313,-3.51334e-4,-0.001521585,-0.001738068,-0.001201346,-0.006895264,-0.01097313,-0.003356729,-0.007480692,-0.003392996,0.001437427,0.002289936,-0.001781121,-1.137282e-4,-8.101902e-4,7.95411e-4,0.001404796,-0.004399532,-0.003749259,-0.003297329,-0.002391924,-9.334392e-4,-0.00525755,0.001374221,-0.01050429,-0.009454175,-0.01052984,-0.005718827,-0.00219095,-0.005954022,-0.003617002,-6.148206e-4,-0.01215249,-0.005187676,-0.003684739,-2.547435e-4,-0.004054232,-0.004614775,-7.525029e-4,0.002267218,-2.943854e-4,-8.884538e-4,-4.932672e-5,2.596226e-4,0.003288119,-0.001843679,-0.001607783,-0.004280236,0.001127357,-0.002661951,-0.001756015,-0.001376798,0.002552883,0.004537341,-0.002739524,-0.002653669,-0.004176349,-0.00223118,-0.002313465,0.002238986,0.00262083,0.001364046,0.0010047,2.771856e-4,-7.278728e-4,-0.00287121,-0.002245218,8.86878e-4,-5.440353e-4,-0.002029623,-7.686944e-4,0.001586814,0.001328714,1.915456e-4,-0.001060718,0.00224778,-0.001360785,-0.001345989,-0.001033787,-0.001691788,-5.965953e-4,-8.22816e-4,-0.001158448,7.980089e-4,-4.342344e-4,-3.418098e-4,-3.020233e-4,-5.774113e-4,-9.382391e-4,3.057569e-4,-2.816208e-4,-0.001029978,-0.002405922,-5.9332e-4,2.270023e-4,1.682805e-4,2.965096e-5,-7.49214e-4,6.47267e-5,-2.915213e-4,6.098142e-5,-1.470775e-4,-1.356214e-4,-7.121605e-5,3.962138e-5,2.395533e-4,6.772914e-4,3.470612e-4,0.001645206,0.001302943,0.003693604,0.005371005,0.005671241,0.007056216,0.01134721,0.02606447,0.08579315,0.1838789,0.1540674,0.09396705,0.07061582,0.0878561,0.1099086,0.1340747,0.1572582,0.1862506,0.2157855,0.2545938,0.2929591,0.3331903,0.3781279,0.4195089,0.4641332,0.5141731,0.5643638,0.6103057,0.6514503,0.693787,0.7407834,0.7757749,0.8099785,0.8491397,0.8845818,0.9089246,0.9380768,0.9614322,0.9821569,0.9999538,1.01685,1.02276,1.024944,1.040021,1.046402,1.047767,1.042283,1.039729,1.026078,1.015711,1.003202,0.9920457,0.9823447,0.9950464,1.007211,1.017383,1.052778,1.10225,1.168817,1.246697,1.319948,1.394694,1.49815,1.560681,1.660949,1.732934,1.807391,1.858142,1.947129,1.912482,1.906117,2.1111,2.930842,1.54609
422.863,-0.001355282,0.001973313,-0.01787406,0.001201052,0.002435653,0.008105022,-0.007444458,0.001154606,-0.004214437,-0.007895115,-0.003230246,0.001762173,-0.003192778,-0.004545081,-0.004044754,0.0034668,-0.002084514,-0.003329491,-0.004184856,0.004028826,-6.202175e-4,0.001221197,5.730895e-4,6.843285e-4,0.001150327,1.309413e-5,0.001045082,3.715521e-4,0.002332069,5.187823e-4,-0.003148702,-2.712134e-4,-0.00418085,0.00162597,0.005272218,-0.004439534,0.008669396,-0.006470507,-0.005945825,0.007453747,-0.004139597,-0.007028604,0.001203821,6.213834e-4,-0.007920986,0.001360919,5.718702e-4,-0.001329751,-0.007755748,-0.003589312,2.344436e-5,-4.672572e-4,-0.001297161,0.001095707,-0.001025199,0.00199882,0.001951736,2.03626e-4,-0.001587416,-0.005185092,-0.002823424,0.002716744,-0.004310479,-2.195054e-4,-0.002337359,-0.001354117,-0.001532194,0.002590269,-2.150813e-4,0.00162504,0.001240345,-0.001010322,0.002436196,5.651004e-4,0.001375872,-9.602903e-4,2.640814e-5,-5.428783e-4,-0.00117415,7.71296e-6,-5.967234e-4,-0.002112377,0.001290413,-6.642533e-4,-0.001664794,-7.926921e-4,-0.001115904,-0.001821899,-8.280026e-4,0.001372335,4.080588e-4,-0.001141434,8.64445e-4,0.001429332,-4.472286e-4,-0.001306563,-5.979356e-4,-5.400764e-4,7.122205e-4,8.401219e-4,2.57754e-6,-5.846022e-4,2.831071e-4,-7.461019e-5,-3.778455e-5,-2.165511e-4,-5.145673e-4,1.900672e-6,-5.702421e-4,-9.694751e-5,4.783805e-4,5.568547e-5,6.963713e-4,7.010597e-5,5.596086e-4,0.001738285,0.001921341,0.001603886,0.003332188,0.003675072,0.003739953,0.006127996,0.009107439,0.02055299,0.06665194,0.148412,0.1719842,0.1021092,0.07190542,0.0815171,0.1038434,0.1263135,0.1491787,0.1806474,0.2072103,0.2404236,0.2829884,0.3182627,0.3640488,0.4130763,0.456455,0.5002341,0.5466469,0.5916769,0.64029,0.6846113,0.7185746,0.7559546,0.7968598,0.8373296,0.8799745,0.8990435,0.9350193,0.9628013,0.987105,0.9991995,1.018107,1.02715,1.036905,1.042785,1.059084,1.058675,1.055448,1.053441,1.044473,1.040186,1.016086,1.009863,1.015007,1.009249,1.00337,1.017375,1.040917,1.077308,1.134742,1.188309,1.269279,1.348081,1.436185,1.524317,1.610091,1.68245,1.742618,1.815482,1.92789,1.961133,2.047,1.962704,2.154789,4.001203,1.126577
425.168,-6.334877e-4,0.009921403,0.01265495,0.01419104,0.007526201,-6.459909e-4,0.006642329,0.004579924,0.009905429,-0.004142884,0.007154524,0.002493899,9.794489e-4,-5.628277e-4,0.005545614,0.006487634,0.001558959,9.589724e-4,0.009122501,-0.002181646,0.003977732,3.868192e-4,0.001712431,0.00199836,-7.840707e-4,0.003967601,0.003522248,0.002009445,0.001911644,-6.64357e-4,0.0044419,0.00403631,-6.384375e-4,0.007091201,0.006858935,0.003653808,0.002628271,0.007251201,0.009355291,0.003807385,0.003565805,3.096461e-4,0.00479348,0.00500462,0.002990629,0.005597216,0.002948369,-0.00234502,0.00299457,0.004735222,0.006949835,0.006149398,0.002635859,0.001458817,-0.004071677,-4.028203e-4,0.00167959,-1.69177e-4,0.004410321,0.003941014,0.005393964,-2.423669e-5,6.991543e-4,0.001458121,-1.756192e-4,0.00337146,0.001809678,0.002047653,0.002345104,9.569082e-4,8.369386e-4,6.578035e-4,0.001383869,0.0037597,0.002366018,-2.519851e-4,0.001300432,0.002752761,0.002157038,-0.001594149,0.001711982,0.002793574,9.878177e-5,-0.001033471,9.612245e-5,7.235765e-4,3.875362e-4,-0.00205589,-4.278347e-4,-4.86111e-4,2.16782e-4,0.001938419,-5.549555e-4,0.001247909,3.27556e-4,0.001754009,6.721709e-4,5.001221e-4,-0.001035561,7.101189e-4,0.001381364,8.780068e-4,4.517706e-4,-2.562892e-4,8.444571e-4,3.143289e-4,9.202373e-4,6.78323e-4,6.19382e-4,5.75034e-4,4.265527e-4,8.710823e-4,3.439694e-4,5.253946e-4,5.807744e-4,0.002390106,0.002871529,0.003276735,0.003150644,0.004887747,0.007432341,0.01034177,0.01683396,0.04977746,0.123807,0.1574319,0.116696,0.07357196,0.0802918,0.09687931,0.1195206,0.145569,0.1737171,0.2041067,0.237379,0.2694349,0.3115045,0.352679,0.3930498,0.4350575,0.4857982,0.5285162,0.5704653,0.6218453,0.6652926,0.7100325,0.7489959,0.7890182,0.8196854,0.8554433,0.8944638,0.9184611,0.947432,0.9772568,0.9982988,1.012519,1.028242,1.043771,1.041351,1.053433,1.063177,1.068066,1.066399,1.062124,1.058208,1.042407,1.030165,1.021195,1.013268,1.012187,1.037535,1.033552,1.063598,1.105883,1.160338,1.222202,1.309938,1.388415,1.481774,1.562618,1.638336,1.736253,1.807429,1.893117,1.958412,1.957807,2.00567,2.202414,2.28586,3.555168,5.618178
427.474,-0.01247522,-0.00291604,-0.00998398,0.005866296,-0.0118645,-0.004619898,0.003751332,-0.006205315,-0.002085017,0.005410416,0.002784957,-0.001273526,0.001645697,2.710854e-4,-0.001568994,-0.001187868,-0.002818025,-4.448734e-5,-0.004779761,-0.002685569,0.001238266,0.002493976,-0.002973536,-5.695052e-4,-0.00258558,-0.001921228,-0.001583329,-0.003169737,-6.953184e-4,-0.001346806,3.961986e-4,-0.00346512,-0.004986419,-0.003296908,-0.007617427,5.865854e-4,-0.002329803,-0.005815814,-0.002987502,-5.913784e-5,-0.001220463,0.001921755,-0.001986704,-0.009866781,-0.006706004,-0.001931442,-0.004191913,-0.002842423,0.002180804,0.002240355,-0.002311499,-7.725899e-5,-0.004761438,9.221737e-5,-0.005011992,-0.006491943,1.090475e-4,6.88928e-4,-0.00386705,-0.001389665,-0.003029636,-0.003139143,-8.283609e-4,-6.573229e-4,-5.455333e-4,-0.0012087,-5.439054e-4,0.002036443,-0.002448932,-0.001401402,-4.820913e-4,-0.003007543,0.001393156,7.971601e-4,-6.522953e-4,-8.723255e-4,0.001442489,-4.712235e-4,-6.751521e-4,-0.001210628,-0.003474889,-5.527131e-4,0.001186415,-7.601037e-4,-6.224912e-5,-0.001434981,0.001012795,-0.002289468,-7.147944e-4,-2.828858e-4,-9.029228e-5,-6.921772e-4,4.949628e-5,0.001607362,6.454158e-4,-9.26685e-4,7.440601e-5,4.753796e-4,5.50665e-4,-8.297735e-4,4.366971e-4,-9.459932e-6,-9.004842e-4,-5.678273e-4,-8.124783e-4,-1.421983e-5,-4.834216e-4,-7.533449e-4,-2.559511e-4,2.401863e-4,3.838251e-4,1.404376e-4,9.172641e-4,5.264412e-4,0.001237192,6.799905e-4,0.002481616,0.003710157,0.0045041,0.004662747,0.007707633,0.01280225,0.03401672,0.101789,0.1527259,0.120348,0.07700349,0.07559875,0.0910981,0.1123864,0.1359858,0.163428,0.1938179,0.2290363,0.2645171,0.2944681,0.33446,0.3731162,0.4208447,0.4640499,0.5106191,0.5542482,0.6056166,0.6459493,0.6880799,0.7380321,0.7692951,0.8084596,0.8403163,0.8745675,0.9061584,0.9302015,0.9631501,0.9910592,1.012154,1.029002,1.042466,1.047942,1.058743,1.06735,1.07494,1.0681,1.069659,1.06196,1.056024,1.043443,1.041605,1.031485,1.023174,1.029355,1.034682,1.052889,1.081164,1.122871,1.17945,1.234245,1.326571,1.41831,1.513631,1.580579,1.685053,1.759053,1.824961,1.93349,1.92195,2.063636,2.032458,1.988578,2.069072,3.063354,3.960402
429.781,0.004399496,-0.005717436,0.01962978,-0.007525847,-0.005364118,-0.01487744,-6.747779e-4,-0.005043539,0.002547863,0.002718976,-0.002787453,0.001946149,0.001438833,-2.141175e-6,-0.005087545,0.001935538,-4.764841e-4,-0.001112569,-0.003034013,-0.00403024,0.00234793,-7.68787e-4,-9.898482e-5,2.187204e-4,-0.001085189,-1.110689e-4,0.001121288,-0.001378263,0.002373753,-0.001969165,0.002594375,0.002240106,-0.01026749,-0.005751569,-0.001487242,-0.00212101,9.594132e-4,3.985132e-4,-0.001680644,-0.005647055,6.226978e-4,3.093831e-5,0.003011203,0.003533776,-0.001303882,0.004168801,-0.001000242,0.004278809,0.001224162,-0.001369374,-0.002410192,-3.51198e-4,0.001896539,-0.004240597,-0.002788013,-0.004750965,0.001851698,3.855018e-4,0.00345846,0.003341827,-0.003463603,0.004869694,-7.259909e-4,-0.002926124,-0.001647008,-0.003345243,-0.002177335,0.003740297,7.950046e-4,0.001604251,-0.001199424,-4.805188e-4,0.002483851,-1.714973e-5,-0.002020514,0.002753557,0.002730763,-0.001376647,-7.981591e-4,0.001152139,-0.001018235,2.061399e-4,0.003258229,7.47439e-4,2.732608e-4,-0.001844835,-4.200032e-4,-0.001941381,-7.900351e-4,0.001122339,-6.138229e-4,0.001722587,-0.001398175,-0.001525201,-3.801513e-4,-5.013404e-4,1.361068e-4,-8.755395e-4,-0.001067986,-3.524996e-5,-1.398492e-4,1.433097e-4,0.001057413,-5.881614e-4,2.124486e-4,-1.481933e-4,4.709801e-4,8.434366e-4,0.001187619,2.721408e-4,0.001147122,2.216052e-4,5.678731e-4,4.188393e-4,0.001739362,0.002896925,0.003793613,0.004195975,0.004184177,0.008912143,0.01187415,0.02581973,0.08061528,0.1534772,0.1328838,0.08108943,0.0723202,0.08598143,0.105256,0.1263661,0.1540613,0.182907,0.2138215,0.2521261,0.2857449,0.3196519,0.3656835,0.4040147,0.4488094,0.4946094,0.5368443,0.5809927,0.6285532,0.6753319,0.714291,0.7494379,0.7903345,0.8275597,0.8607372,0.8927025,0.9240996,0.9560313,0.9826197,0.9985023,1.026454,1.035229,1.044412,1.053479,1.06337,1.068884,1.080818,1.074079,1.075603,1.069146,1.057716,1.051646,1.044334,1.039507,1.037185,1.043579,1.057232,1.06859,1.08966,1.130369,1.215319,1.264284,1.364503,1.451354,1.525602,1.636528,1.712684,1.796466,1.850361,1.950492,2.023029,2.041184,2.218811,2.031358,2.187922,2.017113,4.635105
432.088,0.01659666,0.006919928,0.01334081,-0.0117436,0.007242977,-0.009456228,0.006426535,0.001111879,0.006085725,-0.008921324,-0.008312816,0.006532571,-6.980676e-4,0.002333058,-0.002676635,0.001963668,-0.005714491,0.00230058,-0.006639245,-0.001570132,2.414802e-5,-0.001939223,-0.002547637,9.778855e-4,0.001422823,-2.202585e-4,-4.191716e-4,0.00230051,0.001316636,0.001295353,0.004071703,0.003344406,0.003746984,0.005754291,-0.006233147,-0.003571655,-0.002229971,0.002352307,-0.004008483,-5.427583e-4,0.00284839,3.091333e-4,0.00110119,-0.001040076,0.001316219,-7.815268e-4,-0.005850529,-0.005741241,-0.001696819,-0.002792565,-0.001926323,8.553465e-4,8.229096e-4,0.004296937,0.008091123,5.721086e-4,-0.001626234,-3.688061e-4,-5.135456e-4,-6.521396e-4,4.722568e-4,8.625358e-4,0.003455581,0.001402066,0.002330559,0.002131698,0.001329768,-0.003530164,0.00111672,0.001199288,-0.002094806,0.002865722,-6.632923e-5,0.001435504,-0.001042308,-3.6354e-4,7.674333e-4,0.001864302,4.224371e-4,0.001428597,0.001681828,-0.001140119,-8.958478e-5,-1.750279e-4,-0.001532793,-9.670421e-4,0.001069769,-7.715148e-5,8.681889e-4,0.001883676,0.00203834,7.789879e-5,-1.528493e-5,4.557479e-4,5.902658e-4,0.002194285,-2.210549e-4,-2.176382e-4,5.051654e-4,-3.612639e-4,4.504402e-5,-3.718284e-4,2.135163e-4,5.49325e-4,6.712942e-4,3.141181e-4,-3.646183e-5,-1.758792e-4,7.822703e-4,2.216789e-4,-2.800702e-4,5.669724e-4,9.956359e-4,0.001290783,0.001649478,0.001978125,0.003088958,0.004845967,0.007271054,0.009353509,0.01980497,0.06640305,0.1407168,0.1458021,0.0900563,0.06878385,0.08030026,0.1027946,0.1230024,0.1472848,0.1745159,0.2049324,0.241282,0.2744334,0.3109684,0.3437829,0.3935105,0.4270574,0.4825064,0.5197465,0.5732772,0.611436,0.6568089,0.6985872,0.7399505,0.7762316,0.8180328,0.8487842,0.8765263,0.914424,0.9428368,0.9744398,0.9970312,1.013858,1.033237,1.039116,1.058299,1.064461,1.075156,1.075025,1.083351,1.083669,1.076011,1.078006,1.067668,1.065145,1.062286,1.059914,1.046061,1.054077,1.057437,1.08454,1.125203,1.168025,1.226511,1.301008,1.378651,1.483499,1.555382,1.662095,1.760621,1.813587,1.924349,1.949407,2.019296,2.073364,2.179589,2.2754,2.23346,3.07357,9.182766
434.396,-0.01070159,0.003617056,-0.007883903,-0.001830613,-0.01395566,-0.01186103,-0.01670687,-0.006720688,-0.02678548,-0.01158363,-3.404234e-4,-0.007230523,-0.007751443,-0.001692873,-0.004433527,-0.001056815,-0.005956513,-0.004338784,8.112909e-4,-0.003487851,-1.435694e-4,2.871172e-4,6.897819e-4,-0.002665396,-0.002146851,-0.003621211,-0.00196211,-0.004345504,2.852513e-4,-0.002928933,-0.009397433,-4.985373e-4,-0.008471816,-0.009145981,8.411735e-4,-0.001342537,-0.003455738,-0.002010214,-0.004777811,-0.001362806,-0.007130975,-0.01264076,-0.003279713,-0.009853405,-0.00362448,-0.004365934,-0.001997679,-4.348841e-4,-0.002360672,0.001656481,-0.004546976,-0.003402117,-0.003323963,-0.003850477,-0.004429998,-0.002155138,-0.00380831,-0.002436716,-0.001875484,0.002671226,-0.002241703,-0.001708763,-0.0025637,-0.0016108,-8.519554e-4,-0.005810612,-0.003995866,-0.003648735,-0.002777088,5.750896e-4,-0.001353299,-0.001916249,-1.322328e-4,-3.150361e-4,-0.001713304,-0.002568539,-0.001851386,-9.583067e-5,-0.001005253,-7.904703e-4,-0.00115574,-0.002494495,3.41333e-4,-0.003894637,4.040349e-5,0.001368878,-0.001397611,-0.002118818,-0.001156951,-0.00108369,-0.002454775,9.539998e-5,-6.297536e-4,-8.009519e-4,-0.001659102,-0.001283423,-7.165817e-4,5.950395e-4,-0.001583346,-0.001156658,-6.390289e-4,-3.629518e-4,-9.117894e-4,-4.984301e-4,1.345613e-4,-1.819044e-4,4.669092e-5,-2.622152e-4,-5.687608e-4,-4.993885e-4,-2.14619e-4,0.001136288,0.00132917,0.001486374,0.001449528,0.002671213,0.003071664,0.006100522,0.009796393,0.0148345,0.0486023,0.126206,0.1583198,0.1083662,0.07066485,0.07629091,0.0961698,0.1192581,0.1389205,0.1677377,0.1981507,0.2309549,0.264413,0.2990155,0.3328683,0.3752844,0.4207903,0.4586237,0.5118705,0.5564136,0.5978252,0.6395407,0.6871013,0.7306276,0.7680363,0.8062501,0.8404976,0.8786039,0.8997114,0.9273306,0.9648679,0.9913564,1.01595,1.034256,1.049244,1.057595,1.071105,1.08372,1.083031,1.092206,1.08974,1.093975,1.087676,1.089709,1.085164,1.076758,1.072748,1.069643,1.06499,1.082544,1.088585,1.105705,1.133173,1.185237,1.257637,1.331114,1.415301,1.497896,1.596396,1.695416,1.759202,1.844175,1.952541,1.971431,2.06254,2.057322,2.156836,2.111644,2.394363,1.482879,3.207197
436.705,-0.01385937,-0.01399698,-0.01556818,-0.003556467,-0.02247003,-0.02810077,-0.01073312,-0.02439732,0.004538372,9.119164e-4,-0.005502671,-9.558896e-4,-0.006544595,0.001187637,-0.003539055,-0.009493886,-0.005658947,-0.01061234,-0.002984778,-0.003434699,-4.27305e-4,2.872715e-4,-0.001863396,-0.003893761,-0.00441777,-0.001518441,-0.001616204,-0.001005792,-0.002054853,-0.006470423,-0.004417491,-0.006278175,-0.009677295,-0.001493496,-6.799099e-4,-0.01739231,-0.004668892,0.002417422,-0.007580946,-4.847848e-4,-0.004755914,-0.009748554,-0.002628281,-0.007334727,-0.01086699,-0.007896821,-0.001224798,0.002268089,-0.001625824,-0.00359518,-1.661615e-4,-0.002259736,-7.580109e-4,-0.004428557,-0.003095568,2.616114e-4,-3.067791e-4,-0.00326206,-0.005921564,-0.004275848,-0.0019323020000000001,-0.004936192,-0.004898282,-0.002123568,-0.003851617,6.758632e-4,-0.001236429,-8.01986e-5,-0.002339082,-0.001790024,-0.002976334,-0.003206521,-0.002215407,-0.003115019,-0.002825863,-3.926379e-4,-0.002467956,-0.001062482,-0.001910198,-4.79411e-4,-0.003745982,-0.001362834,-0.002413814,-0.001594022,-0.001926185,-0.001296856,-0.001810149,-0.002594813,1.248059e-4,-0.001495478,-3.945366e-4,9.14971e-4,-0.001278777,-0.002171449,-0.002343513,-0.001003986,-0.001086592,-1.476429e-4,-4.243932e-4,-0.001578791,-6.388839e-4,-0.00145967,-6.870997e-4,-8.258652e-4,-6.825173e-4,3.163521e-4,3.309118e-4,-2.244036e-4,-5.314801e-4,3.142447e-4,0.00113604,0.001639514,0.00182058,0.002271558,0.00212945,0.003031197,0.005063415,0.007245898,0.01144954,0.03352277,0.1036688,0.1545692,0.1256697,0.07589801,0.07620694,0.09174412,0.1112414,0.13415850000000001,0.1574677,0.1875878,0.2183032,0.2500631,0.2923263,0.3260843,0.3645727,0.4031268,0.4453428,0.4877735,0.535801,0.582267,0.6259624,0.6682667,0.7134448,0.7546299,0.7900548,0.8319047,0.8626252,0.8933396,0.9195035,0.9459506,0.9815696,1.003002,1.0265,1.048795,1.060235,1.075714,1.078321,1.088475,1.097409,1.092346,1.091783,1.10413,1.101635,1.096317,1.093045,1.0835920000000001,1.085378,1.067231,1.07784,1.092796,1.102685,1.126994,1.158087,1.220634,1.292017,1.355696,1.448871,1.537352,1.641018,1.737634,1.792385,1.851008,1.949664,2.04103,2.060723,2.084376,2.110678,2.260841,1.939294,2.719977,0.5341902
439.015,-0.005060436,-0.00673646,-0.005557117,-0.008947755,0.002658576,-0.01484921,4.728503e-4,-0.007737951,-0.006500218,-4.248134e-4,0.001398415,0.002163722,0.001643642,-0.005137608,-0.002041358,-0.001872244,-0.002186239,0.002064387,-0.005159428,-3.053867e-4,6.250166e-4,4.057461e-4,-7.526226e-4,2.49839e-4,9.710594e-4,2.220535e-4,-0.001403556,-0.002495427,-0.003476456,-0.002383186,0.005112192,-0.002142051,-0.003967797,7.573823e-5,0.003541479,0.004717936,-0.007825921,0.004357487,-0.00445757,-0.002206578,-0.009282256,-0.001650041,0.002757714,-0.003113416,-2.220346e-4,-0.002296614,-0.006018541,-0.00440342,0.003612719,-0.004491755,-0.002573417,-0.003955512,-0.004137412,-0.002174246,-0.006789404,-0.007229121,-0.002281056,-4.744559e-4,-0.001323753,0.00133987,0.003128134,-0.001814598,-0.001188438,-6.943686e-4,-9.657954e-4,0.002354054,0.001127283,-2.332786e-4,-0.002053011,6.143567e-4,-0.002946314,-0.001728854,-0.003336613,-0.003114454,-0.001458548,8.382635e-4,-0.002261428,-0.002949224,-0.002895063,-0.001747468,-4.168768e-4,0.001001373,2.298038e-4,-0.001052952,-2.140842e-4,-0.001093062,-8.935406e-4,-0.00082371950000000005,-2.856131e-4,1.821634e-4,-4.2353e-4,-3.887382e-4,-0.001516228,-0.001644676,2.662382e-4,-4.129861e-4,-2.211957e-4,1.269887e-4,-0.0010879,-9.552391e-4,-8.791267e-5,-3.717053e-4,-1.574922e-4,4.367443e-5,-5.636254e-4,-2.856113e-4,4.239111e-5,2.20777e-4,-2.28148e-4,8.128833e-4,8.54992e-4,0.002016169,0.002361826,0.002625543,0.002906753,0.005658246,0.007529817,0.010094530000000001,0.02607932,0.08105912,0.149116,0.1331635,0.08684147,0.07633437,0.08746631,0.1074414,0.1253686,0.1487952,0.1776676,0.2068761,0.244267,0.2760799,0.3149958,0.3522252,0.3911758,0.4281656,0.4745041,0.518792,0.5629122,0.6033305,0.6448847,0.6894108,0.7355083,0.7794361,0.8158487,0.8443382,0.8852237,0.9076315,0.9364815,0.9566375,0.9955812,1.017928,1.039589,1.062151,1.075944,1.086367,1.088379,1.089467,1.098459,1.098419,1.109691,1.100602,1.104678,1.094887,1.093508,1.092605,1.088892,1.083612,1.0877,1.10254,1.11852,1.147937,1.18105,1.238792,1.292499,1.404382,1.491861,1.582808,1.673483,1.750744,1.859584,1.930597,2.022501,2.038469,2.1167570000000002,2.212901,2.149093,2.289797,2.235472,3.365763,2.275729
441.325,0.01825866,-0.001438524,-0.006043062,-8.042726e-4,-4.261527e-4,-0.002205831,0.01093219,-0.0027789,0.005454286,0.004406828,-0.0091581,2.499159e-4,0.001411711,-8.225682e-4,0.006757252,-0.003752372,-0.001934802,-0.004873955,-0.003330996,-0.003424034,-2.903623e-4,-0.003936034,-4.239999e-4,-7.100265e-4,-6.269447e-4,-5.284967e-4,-0.001608756,5.748893e-4,1.562149e-4,-0.004140016,-0.003739222,-4.916762e-4,0.001672158,0.002751184,-0.002201254,0.001797729,-0.001822331,-0.006008989,6.288066e-5,-0.002710854,0.002581322,0.001402841,0.001914766,0.001103899,8.086086e-4,0.005617313,0.002266168,5.302736e-4,-0.004201125,0.002297996,9.168487e-4,-0.003046142,0.005628983,0.001448627,0.006403349,0.001578297,0.001131119,0.002972489,8.844152e-4,-0.001099111,-0.001248975,-7.021476e-4,0.001244959,-0.003117266,-0.001706455,6.694045e-4,-2.521795e-4,-2.847892e-4,-8.734872e-4,5.953272e-4,0.002815072,-9.401038e-4,0.001137181,9.991778e-4,-0.001068185,1.892122e-4,0.002893242,0.00154099,5.646648e-4,0.001639245,0.00212587,5.995737e-4,-2.528538e-4,1.965111e-5,3.010928e-4,-9.929742e-4,6.845188e-4,-0.00129483,-0.002064639,-0.001024542,-4.95313e-4,-3.216368e-5,-1.47651e-4,0.0014569679999999999,-6.228807e-4,-4.042194e-4,2.560588e-4,6.10925e-4,4.020666e-4,-9.027557e-5,-2.838661e-4,2.013588e-4,0.001071128,-7.745558e-4,-3.490068e-4,0.001552323,2.186199e-4,8.708439e-4,4.487383e-4,0.001205833,0.001368944,0.002107231,0.002369792,0.003807573,0.004349672,0.006962192,0.009005673,0.01795457,0.06552539,0.1341277,0.1467594,0.08898192,0.07196952,0.08447409,0.1012619,0.1201464,0.1448238,0.1696122,0.1971249,0.2278592,0.2649567,0.3012374,0.3375005,0.3733691,0.4158267,0.4505889,0.5019511,0.5478855,0.5860619,0.6331736,0.6635367,0.7128339,0.7552061,0.7985215,0.8342607,0.8671643,0.8967314,0.9250548,0.948022,0.9730168,1.004166,1.027818,1.041532,1.064343,1.07685,1.085626,1.095361,1.093822,1.099002,1.103565,1.105209,1.095525,1.090523,1.089962,1.09416,1.098102,1.095513,1.097254,1.1022,1.108328,1.13089,1.161759,1.187588,1.259054,1.328213,1.395253,1.512041,1.619101,1.689606,1.8241560000000001,1.86967,1.930891,2.033553,2.052562,2.116183,2.148706,2.25933,2.2426,2.386444,2.194232,6.038778
443.636,0.01957675,0.02291004,0.01211614,0.0222048,-0.01061051,0.004589841,0.004319501,-6.497784e-4,0.01326765,0.005228413,0.009128807,0.01154194,9.368968e-4,-5.329977e-4,-0.00168522,0.006721239,0.008023593,0.004266879,0.004960495,0.001565468,-7.12672e-4,0.001166663,0.00404592,0.002637567,9.868668e-4,3.310938e-4,0.002483399,0.002481199,0.004486605,0.003198105,8.711105e-4,0.007358938,0.01503884,0.006065413,0.001241487,0.0147705,0.00314579,0.006406667,0.008914633,0.003133674,0.005654737,0.008817205,0.002749595,0.004221309,0.006710369,0.006331594,-0.00242149,3.187699e-4,0.002175775,0.004068956,0.006237714,0.003204703,-5.409877e-5,0.003746019,0.00126385,0.004022705,0.00905155,0.001144501,5.337225e-5,0.001987014,0.002375096,0.003481196,0.001941828,9.836959e-4,0.003437453,0.001202025,9.99515e-4,0.003165008,0.00373958,0.00279147,0.002982821,0.003600787,0.00272836,0.00183135,0.003064353,2.53094e-4,0.002772244,0.001998858,0.002134531,6.724505e-4,0.003555795,4.243115e-4,0.001623666,9.707188e-4,0.001997386,2.083372e-4,0.001202603,7.926506e-4,0.001002636,0.002073369,-4.731019e-4,9.669026e-4,0.00279432,0.001432459,0.001194561,0.0015811,9.257327e-4,7.862465e-6,0.002285992,0.001535639,5.235279e-4,0.001643212,0.001074556,0.002021474,8.211106e-4,0.001511072,9.776844e-4,9.642381e-4,0.001264659,0.002188069,0.00312312,0.002412826,0.004300101,0.004695259,0.006050406,0.008893467,0.01410717,0.04680528,0.1107011,0.1393292,0.09854194,0.07276768,0.07760414,0.09584988,0.116292,0.1364187,0.1591348,0.1875383,0.2144351,0.2498134,0.2825053,0.3220235,0.3614963,0.3970866,0.4342949,0.4759956,0.5158713,0.5621378,0.6035154,0.6509692,0.6872386,0.7351352,0.7715708,0.8090921,0.8419214,0.875535,0.9087276,0.9333756,0.9552251,0.9844935,1.009515,1.029318,1.0489,1.063711,1.082317,1.084766,1.092416,1.092834,1.100458,1.101275,1.103341,1.10001,1.101072,1.099397,1.096364,1.089829,1.096895,1.093417,1.108455,1.111298,1.13567,1.171421,1.222343,1.27143,1.339937,1.436038,1.532817,1.627341,1.72414,1.800702,1.894413,1.95475,2.032531,2.104282,2.168896,2.257607,2.191527,2.499882,2.503472,4.079507,5.086666
445.948,-0.0159367,0.009440039,-0.006060606,0.01996628,-0.006826299,0.003274447,0.006529786,0.008514195,-0.02052253,-0.003004911,-0.004342132,0.00164571,0.0020668,8.58347e-4,0.003779688,1.389613e-5,-0.009822634,0.001151672,6.249898e-4,-0.001339337,0.001507964,0.002546174,9.718573e-4,6.509082e-4,-4.112414e-4,-0.002329278,0.001298775,-0.001318893,-0.001998782,-0.00125323,0.001096695,-0.004270441,-0.004509854,-0.01217962,0.001895211,0.004192573,0.0077454,-0.003961263,-0.004090597,-0.003795109,-0.007364221,0.004122121,0.001096609,8.659672e-4,6.568908e-5,5.403187e-4,0.004267667,0.002946951,0.002848049,0.006705924,0.003645939,0.004403695,0.004782487,5.058105e-4,0.001963259,-0.001239268,-2.468774e-4,-0.002188552,0.003685598,0.001307813,-0.001031432,-9.604636e-4,-0.002806035,-6.402884e-4,0.002431617,2.184061e-4,-4.649133e-4,-0.003675164,0.001002224,0.002127638,7.364862e-4,-0.002726355,0.002196158,7.622305e-4,0.002708542,-0.004190862,2.521279e-4,2.587693e-4,4.541824e-4,7.344276e-4,-0.001017584,-3.262087e-4,2.249074e-4,-0.001183426,3.725063e-5,-0.001487691,2.052593e-4,0.001976477,0.001683291,-5.74919e-5,-2.789648e-5,0.002131033,0.001179111,2.759049e-4,-3.652374e-5,0.001133222,2.498606e-4,-0.001308785,-9.771829e-5,-7.949461e-4,2.722514e-4,3.909944e-4,9.357619e-4,8.291928e-4,-5.911984e-5,3.544473e-4,3.94355e-4,0.001101549,0.002006383,0.002380083,0.002561656,0.003443053,0.00405007,0.005691578,0.007521455,0.01325902,0.03409269,0.09257876,0.1381361,0.1092377,0.07064409,0.06938977,0.0885119,0.1082986,0.1274601,0.1479707,0.1748896,0.201291,0.2328663,0.2687765,0.310472,0.3430357,0.3784427,0.4272801,0.4572627,0.4935778,0.5434928,0.5776969,0.6219848,0.6710257,0.7061124,0.7480053,0.7871117,0.8271667,0.8603903,0.8920797,0.9212254,0.9451752,0.9606915,0.9877978,1.009799,1.031086,1.057193,1.068592,1.075619,1.089307,1.090571,1.09144,1.093528,1.099308,1.09818,1.100281,1.093512,1.098028,1.091037,1.085076,1.07911,1.093433,1.107501,1.12358,1.157939,1.18654,1.218522,1.281821,1.358959,1.4473800000000001,1.54393,1.647098,1.728758,1.810521,1.893906,1.964748,2.023003,2.139446,2.166952,2.186867,2.1811,2.224845,2.594381,3.124466,1.661608
448.26,0.01770221,0.01054768,7.262051e-4,0.01640452,0.01097932,0.02829761,0.003374534,0.01098771,0.0105757,0.02216834,0.01027089,0.002552826,0.005423108,0.004471246,0.005732756,0.006638691,0.007186721,5.096483e-4,0.008341716,0.004057645,0.003731178,0.004016332,0.003554775,0.00189468,0.00273749,0.002950647,0.003492667,0.002868858,0.003029799,0.002544775,0.003774414,0.007245848,0.004761429,0.002051705,0.01392408,0.003549604,0.01166441,0.003832276,0.007141339,0.005845315,0.0134533,0.005166913,0.01181638,0.005269582,0.007109045,0.00332306,0.009338132,0.003423324,-0.002464483,0.007318683,0.01322044,0.01052157,0.006018949,0.006234147,0.00541029,0.004381023,0.004310084,0.005844627,0.004335704,0.006415598,0.003474166,0.0029564,0.004106248,0.001742017,0.002608197,0.00143814,0.001597635,0.007382482,0.002846265,0.002604638,0.003022345,0.002915174,0.003769596,0.005014814,0.001315439,0.005812271,0.003436252,0.002475216,0.001412689,3.003922e-4,0.001008164,0.003600869,5.083845e-4,0.003483627,0.003060451,0.002001331,0.001382001,0.001019652,0.001496089,0.001555811,7.159347e-4,0.001744682,0.003428616,9.752356e-4,0.00143264,0.001325996,0.001041201,0.001079699,0.002019185,0.001865638,0.001264877,0.001077628,9.788708e-4,6.298417e-4,0.00149381,0.002103664,0.001993581,0.001432607,0.001824062,0.003128925,0.004109678,0.004719188,0.006762338,0.007808766,0.01157161,0.02569327,0.07637083,0.1302753,0.1139469,0.07248766,0.06814526,0.08242765,0.09933695,0.122165,0.1421855,0.1633013,0.1898979,0.2182051,0.2524315,0.287325,0.3257484,0.3615673,0.4011342,0.4373793,0.4736457,0.5131971,0.5575422,0.6012886,0.642273,0.6821501,0.7262926,0.7573962,0.79776,0.8434742,0.862738,0.8875477,0.9259904,0.9468299,0.9611493,0.9873755,1.011532,1.03073,1.045536,1.064284,1.076775,1.080592,1.085926,1.079581,1.085031,1.093877,1.089701,1.078983,1.084802,1.09016,1.083904,1.084226,1.080552,1.093181,1.104944,1.123792,1.14679,1.182949,1.233299,1.298485,1.364248,1.457267,1.561323,1.650566,1.746439,1.848253,1.881605,1.960904,2.044595,2.08987,2.190479,2.198381,2.442611,2.350618,2.311524,4.099159,10.08456
450.573,-0.008571073,-0.001642717,-0.006454521,-0.003213688,-0.00531633,-0.0106537,-0.002622162,-6.169405e-4,-0.003861467,-0.006332559,-0.004579475,0.001153639,-0.002445042,0.004145693,0.00708803,-4.522202e-4,2.632841e-4,0.001123769,-0.006832891,-0.003273814,-1.054916e-4,-2.210997e-4,1.205768e-4,2.474927e-5,-8.071616e-4,-1.006711e-4,-8.222239e-4,-0.002589514,-0.001332892,-0.001021665,4.475517e-4,-0.002563725,-0.001132046,0.004069977,-0.002113143,-0.0032574,0.001587852,-0.004051381,-2.42862e-4,-0.002604224,0.00763917,0.001905025,-1.915103e-4,-0.002190744,0.002302641,-6.800868e-4,5.567623e-4,0.001694592,0.004155964,-0.004467309,-0.004895835,-2.585983e-4,-0.001698591,-0.004906561,-0.002655897,-0.002380561,-0.00246295,0.001045281,-0.001402113,-0.002784856,0.00103695,0.002360742,0.002531472,-7.987085e-4,-0.001332035,0.003272008,-1.528377e-4,6.232176e-4,3.560773e-4,1.117287e-4,1.037645e-4,-0.00181892,4.104372e-4,-0.003840787,-0.001586275,3.102209e-4,-0.001597431,-0.002350528,-0.002402741,0.001845203,-0.001272417,-1.22746e-4,8.182124e-5,-0.001319029,1.322732e-4,-0.001610321,-1.864881e-4,3.574449e-5,-6.374603e-4,8.576537e-4,-9.115827e-4,-8.473849e-4,-8.229706e-6,-0.001759641,-2.074839e-4,-5.964078e-5,6.660681e-4,4.232042e-4,8.18861e-4,9.742089e-4,-3.443196e-5,-3.914898e-4,9.239476e-4,-5.845283e-4,-4.76845e-4,1.311259e-4,4.608307e-4,6.643289e-4,0.002046453,0.002936076,0.003880676,0.005568511,0.006694419,0.009328623,0.02006889,0.05902609,0.1180784,0.124368,0.07606204,0.06076729,0.07249004,0.0919684,0.1112051,0.1302549,0.1555968,0.1779369,0.2074556,0.2353747,0.2674891,0.3023273,0.3381055,0.3784832,0.41943,0.4603418,0.4922405,0.5324946,0.5709034,0.6135703,0.6530453,0.6944828,0.7325969,0.7729814,0.8048549,0.8434435,0.8722535,0.9021671,0.9238439,0.9501998,0.9695152,0.9860244,1.0113510000000001,1.033859,1.045718,1.060844,1.075796,1.073582,1.070395,1.07524,1.07096,1.075538,1.076169,1.076945,1.078431,1.079509,1.069416,1.071242,1.082351,1.08709,1.108107,1.119133,1.151645,1.197862,1.237891,1.288604,1.382147,1.464515,1.555618,1.651381,1.737875,1.824378,1.921385,1.966139,1.998245,2.058363,2.120541,2.166993,2.1701260000000002,2.397121,2.146951,2.913512,7.475785
452.887,-0.002955021,0.01216079,-0.001460671,0.004141619,0.004747004,-8.923203e-4,0.002061193,0.008677696,-0.01098079,0.00167833,3.360259e-4,0.001369929,0.001558722,0.007660765,3.171628e-4,-0.003509939,0.003556313,-0.004441618,0.001770053,0.00628014,0.001196939,0.001264481,2.71398e-5,0.001659165,0.001568086,0.004759015,0.001884712,0.001858157,0.002243539,-9.845426e-5,0.001459422,0.004284648,-8.139331e-4,0.006347087,-0.004639881,-0.003580248,-0.002592363,0.007036687,-0.00736457,-1.774896e-4,0.003334163,0.002162261,0.004704598,0.005619325,0.006255629,0.003729419,0.004170499,0.005466013,0.004385259,-9.26937e-5,-9.249181e-4,0.005158325,0.003533925,-0.001709009,0.006089776,0.002125387,0.003974839,0.001595959,8.848109e-4,0.001452653,0.004977201,0.004097339,0.001601703,-0.00260158,-4.355306e-4,0.004004081,-0.001461848,0.001288318,0.003532614,0.004068075,0.001117264,-8.953042e-4,0.003940276,0.004553742,0.001773256,0.001872925,0.003825018,0.001239809,0.001456296,0.0027114,0.002436974,0.001904081,0.00338512,0.002070222,0.002466162,0.002972719,0.002207436,9.220924e-4,7.580435e-4,0.001765059,1.399883e-4,4.293663e-4,-4.599983e-5,-7.444957e-6,0.001469041,4.325946e-4,7.448485e-4,9.15013e-4,0.001982035,3.364009e-4,5.198583e-4,0.001560018,5.950165e-4,3.432335e-4,2.215293e-4,5.102602e-4,8.130589e-4,0.002328065,0.003058255,0.004089007,0.004868194,0.00663112,0.008065719,0.01638798,0.04991786,0.1022653,0.1197792,0.08373717,0.0590055,0.06659503,0.08292956,0.1027843,0.1214597,0.1458929,0.1677791,0.1930279,0.2208544,0.2518199,0.2837623,0.3178781,0.3583674,0.3933959,0.4290862,0.4697957,0.5136128,0.5468794,0.5923982,0.6306597,0.6670458,0.7080137,0.743988,0.7756879,0.8152207,0.8498334,0.8773977,0.9059547,0.928512,0.9501563,0.9668785,0.9849938,1.008945,1.022991,1.031516,1.048623,1.067496,1.068077,1.070399,1.061835,1.063426,1.065095,1.065706,1.063315,1.0675,1.07713,1.070113,1.07954,1.074784,1.086715,1.107822,1.125318,1.15041,1.18878,1.237046,1.310318,1.379687,1.485713,1.562836,1.652543,1.751478,1.837236,1.8991,1.958195,2.04818,2.115884,2.198176,2.198475,2.233272,2.447692,2.375042,3.161883,3.928671
455.202,-9.778576e-4,-0.01939705,-0.0157983,-0.01144223,-0.01325429,-0.01204239,-0.02433625,-0.0131436,-0.01846609,-0.01209007,-0.009700685,-0.005871571,-0.007256243,-0.0181401,-0.01194096,-0.00454255,-0.007859913,-0.009538093,-3.258877e-4,-0.005515415,-0.003272789,-0.004224493,-0.004454417,-4.756508e-4,-0.003124796,-0.00297278,-0.004291693,-8.858128e-5,-0.001551117,-4.142965e-4,-0.005736895,-0.01603134,-0.007150299,-0.005646604,-0.01914437,-0.0132214,-0.002618715,-0.005663942,-0.005225968,-0.005443266,-0.01457565,-0.0128137,-0.01092061,-0.00810865,-0.002138675,-0.002295011,-0.005604555,-0.003175473,-0.007577854,-0.009344995,-0.006021269,-0.003678852,-0.01147504,-0.005167118,-0.007929995,-0.004412095,-0.005302038,-0.007198282,-0.004420453,-0.004767149,-0.002910259,-0.006097122,9.693823e-4,-0.005390374,-0.003278835,-0.007303657,-0.00324734,1.965705e-4,-7.928614e-4,-0.001111463,-0.004076804,-0.00196766,-0.002284136,-0.00554657,-0.005083287,-0.004966889,-0.002498766,-7.854337e-4,-0.002507261,-0.004435225,-0.002141191,-0.002064069,-0.001931432,-0.002072829,-0.003605978,-0.001645503,-0.003025483,-0.001015402,-0.002702472,-0.001598816,-0.002396591,-0.001963796,-0.002213901,-0.002599743,-0.003101815,-0.002085315,-9.448524e-4,-8.553949e-4,-0.002855721,-0.001255724,-8.725109e-4,-9.937325e-4,-2.190191e-4,-9.990195e-4,-0.001051032,-5.261688e-4,5.747265e-4,0.001096969,0.002903556,0.004030915,0.00610331,0.007837692,0.01231966,0.03955245,0.09274319,0.107727,0.08316658,0.05755355,0.05885808,0.07492553,0.09193598,0.1132681,0.134511,0.1552365,0.1817918,0.203934,0.2354946,0.2667688,0.2950022,0.3316768,0.3696249,0.4128483,0.4435903,0.4860297,0.5263325,0.5570618,0.6073303,0.6364563,0.6794232,0.7178486,0.7557,0.7854825,0.8243087,0.8540758,0.8817128,0.9051402,0.9285497,0.9527311,0.9705039,0.9747464,0.99754640000000006,1.013948,1.034114,1.046859,1.04561,1.057441,1.06248,1.055178,1.058407,1.063859,1.057186,1.060102,1.060596,1.055981,1.063389,1.061985,1.072223,1.08776,1.108788,1.12355,1.146283,1.199595,1.245771,1.307457,1.373032,1.475028,1.563311,1.670007,1.750607,1.814899,1.901891,1.967734,1.983633,2.060434,2.128839,2.148182,2.1450650000000002,2.066518,2.01338,2.585369,4.106118
457.517,-0.003342759,-0.02469216,-0.02228154,-0.01794155,-0.01108848,-0.01745895,-0.01644714,-0.008420985,-0.01367795,-0.002910025,-0.008688797,-0.004269838,-8.72292e-4,-0.004030416,-0.01188541,-0.007078852,-0.008282751,-0.002298843,4.008259e-4,-7.868687e-4,-0.001694182,-0.002036005,-0.00153613,-0.001663683,-4.910444e-4,2.171646e-6,-0.001414233,-0.001372094,-0.004942608,-0.001931913,-0.002945778,-0.001239407,-0.005301313,-0.0127309,-0.0136482,-0.006848127,-0.007661531,-0.003523873,-0.009441392,0.003709131,-0.004975125,-0.001798994,-0.007031616,-0.00957917,-0.006970616,-0.005003002,-0.003504345,-0.004813291,-0.005324165,-1.364253e-4,-0.006189649,-0.004490031,-0.005740289,-0.004065562,0.001198031,0.001155897,7.925582e-4,-0.002891321,-0.005229283,-0.003044835,-0.002610417,-0.005169163,-0.004637683,-0.002434657,-5.948999e-4,-0.003084184,9.313274e-4,-1.158931e-6,-0.002154113,-0.003617427,-0.005961275,-5.858252e-4,-0.002839368,-9.211869e-4,5.378505e-4,-0.002386522,-0.00330173,-9.433751e-4,-0.002784208,-0.001332534,4.289888e-4,-0.001559567,-0.001326352,-0.001956418,-0.002349118,-2.600273e-5,-0.003264314,-6.449358e-4,7.314856e-4,-0.001619499,-0.002943371,-0.0016464749999999999,-4.790893e-4,-9.689594e-4,-0.001593839,-7.688738e-4,8.414412e-4,-6.3765e-4,-0.001875096,-2.125918e-4,-5.002566e-4,-6.85229e-4,1.813321e-4,-2.174951e-4,7.638584e-4,1.153172e-4,0.001787436,0.002568015,0.004070301,0.006123014,0.007444988,0.01127653,0.03207995,0.0864926,0.1246877,0.08587054,0.05982964,0.05518509,0.06668756,0.08279279,0.1017227,0.1237813,0.1461791,0.1683183,0.1970162,0.2202612,0.2514219,0.2795138,0.3119602,0.3490654,0.3854902,0.4231184,0.4632587,0.5002996,0.5378113,0.5747344,0.6137863,0.6526588,0.6939381,0.7325421,0.7643499,0.7935208,0.8287967,0.8637136,0.8893969,0.9068994,0.9260838,0.950721,0.9628553,0.9791785,0.9997724,1.015457,1.029408,1.034953,1.042447,1.04846,1.044247,1.05443,1.045056,1.045678,1.04358,1.054192,1.052577,1.045732,1.05355,1.060655,1.068975,1.079837,1.101355,1.115977,1.147717,1.199014,1.253489,1.313662,1.391285,1.45881,1.562223,1.657786,1.730851,1.845718,1.910907,1.971863,2.043763,2.049714,2.117315,2.126317,2.191312,2.171838,2.015206,2.105136,1.025397
459.833,-0.002004138,0.007675285,0.00679286,0.006249419,0.005093168,-0.007186231,-0.001139194,-6.478982e-4,-0.003311573,0.0148618,0.005448452,2.220133e-4,0.00349546,1.012749e-5,0.002215895,-2.399063e-4,-0.00205703,-0.002724247,0.00486602,0.00277097,0.003724262,4.97051e-4,2.15029e-4,0.001705317,-8.927924e-4,3.06495e-4,1.081341e-4,0.00127698,-1.012077e-4,-0.00163852,-1.912822e-4,0.003381186,-0.002748749,0.004661163,0.00615685,0.004028554,-0.001130007,-0.001320766,0.003447536,0.002954565,0.001622204,5.485588e-4,0.002570162,7.718456e-4,0.003916551,0.005541901,0.004741474,2.620208e-4,0.004712493,0.002390267,-0.002979921,-0.002711788,-0.001124973,0.001201474,0.001537936,0.003482517,0.002603645,0.003164997,8.204184e-4,4.803307e-4,-2.034044e-4,0.001607475,-0.002060856,0.00358466,1.121039e-4,0.002390866,-8.91407e-4,9.080607e-4,-0.001570877,-6.508199e-4,0.002221156,0.002243863,0.002651719,0.002506584,0.00176584,0.003009674,0.001185081,5.511045e-4,6.266801e-4,4.325646e-4,-0.001619579,0.00156297,-2.818165e-4,-2.163496e-4,-7.173569e-4,-1.856136e-4,2.450423e-4,-2.89429e-4,0.001555258,8.905461e-4,-0.001211251,0.002441242,3.971706e-5,0.00101451,2.743945e-4,0.001353085,0.001537243,7.294301e-5,2.73603e-4,2.627399e-4,0.001671062,4.994139e-4,0.001265903,0.001345279,7.654495e-4,0.002120874,0.003580154,0.003801634,0.005337974,0.007821674,0.01102833,0.02935455,0.08462892,0.1258385,0.1093263,0.06119131,0.05305233,0.06307877,0.07653714,0.0935185,0.1181267,0.1398212,0.1600675,0.1838965,0.2088263,0.2340233,0.2690656,0.2991296,0.3280747,0.3663976,0.4034892,0.444464,0.4789867,0.519933,0.557066,0.5860776,0.627956,0.6680418,0.7030022,0.7387354,0.7732646,0.8005846,0.8372265,0.8636189,0.8845571,0.9092204,0.9321839,0.9412547,0.9605338,0.9793155,0.9957135,1.005113,1.026209,1.030395,1.0401,1.039193,1.038314,1.04179,1.036541,1.036147,1.038463,1.045983,1.042908,1.052131,1.05066,1.059402,1.062922,1.082285,1.095977,1.126585,1.167206,1.208469,1.26328,1.314343,1.402531,1.483125,1.587802,1.680352,1.765638,1.847194,1.912705,1.96938,2.03009,2.077118,2.154833,2.07025,2.143252,2.163657,2.569602,2.869438,6.328474
462.15,-0.02038965,9.71655e-4,-0.004689236,-0.006858332,-0.0108198,-0.02806367,0.002913747,-0.006741825,-0.005637924,-0.002055116,-0.005099003,-0.002004057,-4.333671e-4,-0.002663674,-0.001635402,-0.007038628,-0.004107641,-0.00248515,-0.002030432,-0.001264159,-0.002384563,-0.00607421,3.170191e-4,-0.002355239,-0.001491316,-0.003336632,-0.002418901,-0.002841396,-0.002500332,-0.003869636,-0.005301417,-0.002027822,0.001297625,-0.007322784,7.741538e-4,-0.00225613,-0.005250454,-0.006741186,-0.004419259,-0.004101058,0.004535582,-0.006455181,-9.887758e-4,-0.005112569,-0.005959771,-0.003041122,0.00403068,-0.01487633,-0.004175848,-0.003543193,-0.005397469,-0.002701781,0.001398024,-4.74588e-4,-0.002836063,-0.003099202,-0.005531222,-0.001906968,-2.744057e-4,-0.002431725,-0.004630672,-0.001696438,-0.001214244,-0.002653725,-0.001167532,-0.003059439,0.002323872,1.75531e-4,8.274679e-4,0.001316479,-0.002164906,-0.004726985,-0.002211187,4.873298e-4,-0.001360652,-6.862739e-4,-7.615685e-4,-0.002735775,-0.001999963,5.249023e-4,-0.002068955,-9.479003e-4,-0.001628723,-0.003232479,-5.9531e-4,-0.001142791,-0.002538915,-8.124224e-4,-7.250873e-4,-0.001190849,-3.848396e-4,-3.590769e-4,-0.001387622,-0.001412034,-6.905331e-4,-1.963285e-4,-7.706521e-5,2.546345e-4,-8.313035e-5,7.507169e-4,-7.760113e-4,-9.034959e-4,-7.015607e-4,5.964439e-4,6.440212e-4,0.00159499,0.001711634,0.00452036,0.006574554,0.008585083,0.02111931,0.08388964,0.145095,0.1171351,0.06760455,0.04725946,0.05573306,0.06985346,0.08342248,0.1017795,0.1244493,0.1490601,0.1709537,0.1960047,0.2237152,0.2460739,0.2803663,0.309679,0.3417177,0.3794083,0.4166473,0.4547971,0.4896824,0.5294053,0.5665858,0.5987133,0.6332721,0.6739564,0.7058653,0.7421471,0.7782018,0.8022526,0.8351493,0.8570776,0.8824449,0.9052943,0.9262665,0.9416605,0.9536172,0.9723534,0.983902,1.002604,1.012018,1.02166,1.026476,1.028303,1.029133,1.0266980000000001,1.030789,1.032692,1.033249,1.029583,1.031428,1.027665,1.035803,1.038736,1.064729,1.068256,1.092613,1.118505,1.157329,1.197054,1.256294,1.319217,1.398675,1.482418,1.589854,1.673443,1.757494,1.817496,1.913691,1.941503,2.018347,2.061865,2.09484,2.109362,2.147289,2.277316,2.309938,2.415193,3.541851
464.467,-0.01173171,-0.0237525,0.02009139,-0.01427692,-0.003038691,-0.01888176,0.01349528,0.002470739,-0.009248599,-0.00530282,-0.003791472,0.001542933,8.608621e-4,-0.004236183,-0.01305192,0.001507065,4.631611e-4,-0.004776713,-0.004037363,-0.003180226,-0.006332007,-0.00152511,-0.00244262,-0.0011616,-0.003473282,4.013748e-4,0.001000234,-0.002929395,-0.001064453,-0.001787482,4.059959e-4,1.74092e-5,-0.005881098,0.007374029,-0.009546677,-0.002585448,-0.01130447,-0.006997311,-0.004393769,-0.006731522,-0.01383272,-0.009223617,-0.003230794,-0.001950973,-0.004760206,-0.004475474,-0.003239766,0.001815225,-0.003297016,-0.01002891,-0.004552218,-0.00521916,-0.01057634,-0.003104338,-0.00230528,-0.003224604,0.001022704,-0.001135242,-0.001562338,-0.002878458,-4.126603e-4,-9.311149e-4,-0.0038714,-0.004559656,0.003513414,-0.004784061,-0.004396186,0.001029767,-0.001640703,-3.1515e-4,-0.003017526,-0.001594726,0.001032124,0.001361333,-7.894725e-4,5.866806e-6,-1.286089e-4,-0.001341777,-0.001136168,8.466069e-4,-6.981118e-4,-0.002821492,-0.001616374,-2.318172e-4,0.001580645,-0.001799574,9.463959e-4,-4.382056e-4,-0.00114792,-4.849971e-4,1.358147e-4,-0.003837145,2.022887e-4,-1.624509e-4,-1.42095e-6,-0.001233974,-0.003554363,7.072662e-4,-1.436477e-4,-5.69432e-4,-5.415891e-4,-3.269234e-5,3.359374e-4,0.001016065,0.001318332,0.002590598,0.00387226,0.005117691,0.008265563,0.018858,0.0706278,0.1608046,0.1535363,0.07905469,0.04996597,0.05192467,0.06479141,0.07599278,0.09345554,0.1147792,0.1335151,0.1621337,0.1827938,0.2074399,0.2332284,0.2599658,0.291046,0.3231764,0.3520039,0.3878178,0.4301526,0.4617207,0.4997718,0.5367217,0.5711291,0.6056976,0.6438003,0.6791134,0.7116744,0.747094,0.7760782,0.8063211,0.8399607,0.8620092,0.8768132,0.8948697,0.9213581,0.9294961,0.9475449,0.9626232,0.9737041,0.9898326,0.9967125,1.010182,1.007768,1.014303,1.021573,1.012443,1.010322,1.012248,1.023252,1.015991,1.021501,1.023269,1.027424,1.030989,1.047514,1.06456,1.083085,1.109913,1.153465,1.190854,1.245493,1.313096,1.401479,1.48325,1.587713,1.665046,1.745123,1.830813,1.871901,1.935839,1.97329,2.036241,2.101264,2.061848,2.080922,2.027232,2.04691,1.94315,1.905587
466.786,0.02391712,0.007126808,0.009514535,0.005808089,0.01182559,0.01192456,-6.761333e-4,0.005908598,-0.004136718,0.002821607,0.007839606,0.003499763,0.003202057,0.002103989,0.006213262,0.00521775,0.003835214,8.42596e-4,0.004567276,3.270051e-4,0.00308557,0.002126486,0.00223048,5.910543e-4,0.003063475,2.980353e-4,9.97096e-4,0.002392781,0.003206367,0.00119299,0.008360616,0.006554113,0.009294281,0.01432721,0.00916573,0.005575761,0.01099354,0.006962642,0.005427295,0.006184351,0.009364387,0.006130161,0.008681305,0.007533847,0.006187278,0.009848604,0.001425242,0.005450649,0.006574815,0.006058174,0.004166924,0.005993625,0.006754736,0.005588238,0.004672865,0.003528574,0.007662723,0.003564723,0.003758771,-2.882209e-4,0.001995328,0.003354518,0.002872942,8.954264e-4,0.001849444,0.005249327,8.58423e-4,0.004324792,0.00340904,0.00412246,0.001356911,0.001535314,0.002590698,0.001999828,0.002242648,0.00261588,0.003670084,0.002292907,0.001938797,0.001021164,9.282411e-4,0.003005986,0.001563094,0.002351258,0.00132347,5.07617e-4,9.323286e-4,0.002779943,0.001178418,2.316127e-4,0.001655782,8.795913e-4,0.002182593,0.00180082,7.421122e-4,0.001086804,0.001604633,0.001301705,0.001229231,2.571224e-4,9.48656e-4,0.001317348,0.002107439,0.00219922,0.002924687,0.003996055,0.005097403,0.008255364,0.01452877,0.05432428,0.142644,0.1774319,0.1054385,0.05162808,0.05055204,0.05974044,0.07106668,0.08645125,0.1027933,0.1225411,0.1478035,0.1694936,0.1980695,0.220853,0.2458251,0.2721684,0.3003561,0.3319548,0.3615186,0.3991218,0.4406715,0.4764712,0.5109349,0.547853,0.5824378,0.6119206,0.6475897,0.6861499,0.7132888,0.7475121,0.7798237,0.8028524,0.8315133,0.8567149,0.8749994,0.8931603,0.9079722,0.921418,0.9402032,0.9462605,0.9659929,0.9777715,0.9869856,0.9942644,0.9953526,1.009332,0.9933943,0.9938687,0.9972921,0.9988093,0.9999772,1.0048,1.011485,1.011252,1.015192,1.023555,1.030745,1.053256,1.088466,1.116597,1.146864,1.189444,1.245983,1.317587,1.385554,1.501192,1.579822,1.676338,1.743848,1.814277,1.887956,1.952529,1.952092,2.058889,2.08991,2.169611,2.144656,2.225392,2.299241,3.555546,5.76538
469.104,-0.01270132,0.01263803,-0.02522398,-0.01454334,-5.550365e-4,-0.005970873,-0.01411338,-0.01408636,-0.01734942,-0.00927348,-6.322179e-4,-0.001311823,-0.001703173,-0.003664035,-0.01128575,-0.001954096,-0.002680695,-0.003896255,-5.342885e-4,-0.001407815,-9.639412e-4,-0.002451166,-0.001300214,4.963691e-4,-5.811267e-4,-0.001686601,-3.88687e-4,-0.001445896,-0.002111361,-0.004390787,-0.006551123,0.001777025,0.005574379,-0.001655511,-0.008387123,-0.00608428,-0.004863112,-0.00823009,-0.003298714,-0.00278702,-0.010779,-0.001252746,-0.001953446,5.128284e-4,-0.006122662,-0.002307813,0.004152113,0.00205364,-0.001723054,-5.93983e-4,0.002209967,-0.002870182,-0.003003668,5.952284e-5,-0.006094149,0.001899715,-0.001268543,-0.004582247,-0.001541172,-0.006419991,-0.00394708,-0.004917281,-0.003379898,0.001752429,0.001613431,7.900274e-4,-4.80129e-4,-0.002146771,4.502198e-4,-0.002343192,-0.004354745,-0.002212753,-0.002700243,2.884823e-4,-0.001920429,-0.002909092,6.512848e-4,-3.900109e-4,-0.004452192,-7.654466e-5,-6.969024e-4,-6.658281e-4,1.191433e-4,-0.002706571,-5.328075e-4,-0.001052261,9.230019e-4,0.001059422,-6.169457e-4,-0.002352,-0.002820636,-0.002477336,0.001039229,7.11078e-5,0.00147284,-0.001995818,-0.001349589,-4.358627e-4,-8.829554e-4,1.184111e-4,-2.065607e-4,5.84813e-4,0.001084002,0.001245823,0.003853622,0.004992762,0.007293944,0.01099514,0.04278538,0.1187672,0.1632996,0.1196204,0.0615296,0.04786885,0.05335878,0.06513568,0.07938274,0.0950914,0.1101298,0.1348421,0.1564241,0.1803204,0.2031727,0.2305377,0.2552467,0.2798143,0.3081658,0.3439546,0.3729245,0.40609,0.4444971,0.4773672,0.5142697,0.5494675,0.5824287,0.6123561,0.6506134,0.6859014,0.7132242,0.7445208,0.772336,0.7995922,0.8262002,0.8499618,0.8706542,0.8904516,0.9031837,0.9139924,0.9276604,0.9387747,0.9496791,0.9625223,0.9724289,0.9794889,0.9844991,0.9871371,0.9816556,0.9835267,0.9806172,0.9782373,0.988374,0.9827625,0.9858973,0.9978359,1.002667,1.019424,1.029999,1.048081,1.072541,1.102169,1.138881,1.191355,1.238232,1.310707,1.389754,1.464353,1.557657,1.656406,1.749453,1.793264,1.83939,1.930683,1.96054,1.989869,2.033861,2.02911,2.109203,2.276179,1.959797,2.752257,1.684438
471.424,-0.02049043,-0.01422212,-0.02267823,-0.006958289,-0.01442772,-0.002113922,-0.02531584,-0.01243538,-0.01309347,0.003205512,-0.004344286,-0.009095464,-0.005069512,-0.003379581,-0.006675915,-0.007358502,-0.007800808,-0.003467442,-0.009380806,-0.005950698,-0.001241389,-0.002677606,-0.003601261,-0.001055253,-0.001654911,-0.002560656,-0.003449152,-0.001643036,-0.004911331,-0.00203481,-0.004226613,-0.002728789,-6.126437e-4,7.116547e-4,-0.006270392,-0.01186239,-0.01568607,-0.005827695,-0.006874351,-0.005569388,-0.007943963,-0.006048651,-0.008799123,-0.003089048,-0.006347993,-0.008565999,-0.001841534,-0.006931239,-0.005407638,-0.004482361,-0.007411526,-0.006674411,-0.003239707,-0.007352998,-0.006894107,-0.00715563,-0.004776896,-0.003011339,-0.005988874,-0.003270394,-0.004563919,-0.003521479,-0.003609802,-0.006285847,-0.003951531,-0.002441754,-0.003010683,-0.005228427,-0.002374517,-0.003445156,-0.001961198,-0.003452596,-0.00120172,-0.005452295,-0.003395047,-0.001955135,-0.004585277,-0.00398528,-0.005662542,-0.00111762,-0.001754699,-0.002970595,-0.004369496,-0.003684783,-0.001371116,-0.0030511,-0.002575956,-0.002368034,-0.001455083,-0.002788268,-0.001352904,-0.002536587,-0.002563753,-0.001446642,-0.001206156,-0.002782759,-0.001391626,-5.774502e-4,-0.0010827,2.866222e-4,-0.001118458,1.023711e-4,0.001152092,0.002553278,0.003086237,0.00509839,0.00900761,0.02514887,0.09555161,0.1499963,0.111739,0.0616386,0.04500845,0.0516474,0.06072517,0.07401329,0.08476518,0.1017847,0.1199889,0.1430698,0.1653969,0.189672,0.2137774,0.2394854,0.2677055,0.2898942,0.3192646,0.3525007,0.3803962,0.4186376,0.4536374,0.4863289,0.5198091,0.5508356,0.5904257,0.622228,0.6515524,0.6786874,0.7146757,0.7384212,0.7680018,0.7904422,0.8186014,0.8402781,0.8635501,0.8742059,0.8889437,0.9056131,0.9092901,0.9253334,0.938323,0.9531854,0.9546278,0.9592255,0.9613074,0.9710041,0.9714402,0.9629075,0.9651297,0.9636235,0.9717933,0.9809049,0.9811571,0.9882776,0.9964975,0.9925606,1.017863,1.039469,1.070281,1.084221,1.136822,1.17243,1.235217,1.298303,1.37491,1.474451,1.551214,1.636291,1.724437,1.783348,1.821128,1.870477,1.914464,1.986465,1.981,1.938778,1.926163,1.906778,1.668034,1.157023,-0.629594
473.744,-0.01673871,-0.006923945,-0.003115456,-0.009023988,9.599755e-4,-0.007436679,-0.001176363,0.004957868,0.002250086,-0.00518022,-4.715234e-6,-0.004533075,-0.004632742,0.00725191,0.01011023,-0.001956512,0.003769127,-4.015442e-4,-0.001617486,-0.002490849,-0.001651235,-0.003829065,3.023855e-4,-0.001052582,-4.871625e-4,-7.848195e-4,-6.893979e-4,0.00112393,0.001167752,-0.003328293,-0.002485328,-0.007440947,-0.002127895,-0.002057423,0.01182835,-0.004151569,-0.002833602,-0.002102111,0.005072488,2.59145e-4,-0.001526494,-0.004269959,-0.007553234,-0.005000653,0.002572088,-0.004149453,0.003412301,4.016179e-6,-0.004292035,-0.002029739,-7.884796e-4,-0.002831294,-0.001871126,-3.368127e-4,-0.001930017,1.778186e-4,0.002295431,7.879605e-4,-0.001208589,7.419675e-4,8.884128e-4,-0.001706186,-0.001398987,-0.001070465,-0.001808159,-0.001730683,-0.002073921,-7.646018e-4,-7.434604e-4,-0.002133476,-0.001021171,-0.00391899,8.8921e-4,-3.065198e-4,-0.001044786,-4.87186e-4,-9.950356e-4,-0.001057881,7.901728e-4,-0.001179938,-4.579232e-4,2.691355e-4,-5.188245e-4,-0.001056321,-0.0019084,-0.001560865,0.001120024,5.31333e-4,6.299199e-4,-3.347465e-4,-7.341352e-4,-3.842417e-4,-3.516599e-4,-0.001011564,-6.875685e-4,5.649373e-5,3.394717e-4,6.27855e-4,7.05985e-4,9.222901e-4,0.001207962,0.002543948,0.003482186,0.004319871,0.006450923,0.009148784,0.01709817,0.05765174,0.1238925,0.1151275,0.06497069,0.04464066,0.04912133,0.05736207,0.06857673,0.08143357,0.09471964,0.1101959,0.1293713,0.1510419,0.176487,0.2032285,0.2214815,0.2496928,0.2717398,0.3018349,0.3330422,0.3581746,0.3896258,0.4242795,0.4626034,0.4928691,0.5293584,0.5632993,0.5906369,0.6190481,0.6576161,0.6941522,0.7181234,0.7486993,0.7658006,0.7940632,0.8178161,0.8386738,0.8539792,0.8675112,0.8840283,0.8956676,0.9036265,0.913437,0.9243177,0.9399093,0.9502562,0.9532778,0.9482279,0.9583552,0.9466343,0.9539344,0.9542212,0.9555682,0.9632187,0.9595755,0.9647943,0.9738037,0.9784156,0.9966202,1.010442,1.02811,1.054755,1.097673,1.128364,1.183925,1.215519,1.297825,1.361161,1.449391,1.563537,1.621073,1.702482,1.762421,1.819604,1.884997,1.924762,1.972094,1.975782,1.939057,1.993981,2.020314,2.098756,2.681647,2.840618
476.065,-0.007887348,0.002430735,0.008888795,-0.002223111,0.004368353,0.01083126,-0.0117696,0.001927685,-0.01128109,-0.002794462,0.005828006,0.003642626,-0.001891819,0.001802088,-0.005829123,0.00294085,7.27565e-6,2.191512e-4,4.803494e-6,0.004976774,-4.002635e-4,0.001047667,0.001889053,0.001054952,-9.634553e-4,-0.002446308,0.001765441,-0.001726444,0.00197985,8.846904e-4,7.704399e-4,-0.002459993,-0.001770428,0.001417603,-0.009611549,7.208258e-4,0.001416669,-0.003626206,0.002554475,-9.82926e-4,0.003325832,-2.340815e-4,-4.661272e-4,7.507596e-4,0.002809736,-4.444445e-4,-0.005645029,0.004903145,0.005368982,-9.723897e-4,-0.001137737,2.270304e-5,9.958662e-4,8.176799e-4,0.002162398,9.188265e-4,0.001033298,-0.006110352,-0.004998188,-4.236788e-4,0.001916666,0.001624739,0.003260949,0.001598263,0.001453449,-0.001000586,-3.22918e-4,-0.00108167,5.550678e-4,9.967723e-4,0.001741836,4.019623e-4,1.384858e-4,-0.001009225,-6.638937e-5,-3.4485e-4,0.001501341,-7.298129e-4,0.001451142,4.853859e-4,0.001705322,-0.001167367,4.48719e-4,-8.573974e-4,0.002002437,0.001104388,0.001251811,0.002008799,4.468804e-4,-0.001219791,4.818313e-4,-6.153518e-4,-3.519517e-4,2.480179e-5,-9.427916e-4,0.00107847,5.170597e-4,4.653305e-4,0.001080255,5.118442e-4,0.001496716,0.0026308,0.003867521,0.005810031,0.008129538,0.01386714,0.04163078,0.09869639,0.1087286,0.06715704,0.04488114,0.04773498,0.05554487,0.06645013,0.07598206,0.08995538,0.1017634,0.1196631,0.1408151,0.1613085,0.1851829,0.2084231,0.2331746,0.2593774,0.2825651,0.3078333,0.3360144,0.3679048,0.3975742,0.427683,0.4659325,0.4987516,0.5325617,0.5628473,0.5969374,0.6237271,0.6545449,0.6902685,0.7121848,0.7376449,0.7640753,0.7912246,0.8094241,0.8292126,0.8456145,0.8624832,0.8758039,0.8804486,0.8903387,0.9038311,0.9108384,0.9241554,0.9230554,0.9343968,0.9399604,0.9407263,0.9387305,0.9377926,0.9407629,0.943896,0.9503408,0.9521183,0.9501435,0.9561467,0.9740397,0.9892286,0.9967719,1.023562,1.051739,1.079847,1.124192,1.177193,1.224062,1.289965,1.367813,1.453389,1.553616,1.628448,1.705127,1.767648,1.810422,1.871211,1.874536,1.968793,1.987113,1.979786,2.010811,1.850483,1.874091,2.220626,3.911465
478.387,0.009148455,0.01576564,0.002260195,-1.998191e-4,0.01838105,0.003448639,7.283818e-4,0.008781334,0.007561792,0.001571511,-9.20573e-4,8.49359e-4,-0.001463846,-0.002313272,0.002371315,4.946697e-4,0.001320325,0.003239468,0.002145959,-0.001850036,4.11883e-4,6.943874e-4,2.997154e-4,0.002279097,-1.894133e-4,3.848713e-4,0.001848987,0.00212847,0.002772998,0.001158981,3.938166e-4,-2.282304e-4,0.001835684,0.00206462,0.006542354,-0.002192114,0.005072555,0.008088991,0.003278451,0.002517251,0.002799536,0.009708764,-0.00143531,-0.002806817,-0.001851075,0.001388255,0.007904824,0.007951062,0.007249837,0.004286006,0.001942135,0.001729355,0.001895375,0.006343,0.005583373,-0.001648841,-1.28691e-4,0.003613168,0.005157529,-0.001159418,1.770091e-4,0.002753594,-5.490662e-4,0.002154919,-3.674759e-4,0.002433046,5.413649e-4,6.683316e-4,0.001516991,0.002372192,-7.410711e-4,0.001906527,0.001424252,0.001200098,0.001523789,0.002068135,0.00120834,0.001751782,9.417775e-4,-0.0013296,2.891753e-4,2.918038e-4,0.001205844,-7.9078e-4,-3.738796e-4,-1.334378e-4,0.001725674,-2.739949e-4,0.001456912,6.425097e-4,-1.180601e-4,0.00168843,7.696153e-4,0.001327703,0.001046119,2.468401e-4,7.869782e-5,4.548687e-4,0.001943776,0.002154225,0.003290537,0.004597848,0.006881713,0.007496853,0.01212883,0.03606033,0.0805816,0.1056616,0.07062252,0.04699832,0.04686072,0.05342561,0.06247526,0.07313363,0.08272302,0.09685068,0.111688,0.1260561,0.1487472,0.1731352,0.1914492,0.2166371,0.243965,0.2677409,0.2896595,0.3156371,0.3483937,0.3745574,0.4050141,0.4368658,0.4709376,0.5055197,0.5360041,0.564882,0.5946682,0.6195104,0.6552763,0.6759119,0.7098113,0.7348202,0.7537114,0.7852273,0.8018676,0.8236801,0.8317291,0.8496787,0.8592156,0.8718808,0.8796772,0.8864418,0.896427,0.9067851,0.9158162,0.9242408,0.9231187,0.9227127,0.9243352,0.9206053,0.9211123,0.923017,0.9258869,0.9340705,0.9443901,0.9486921,0.9580015,0.974788,0.991992,1.010454,1.033008,1.070076,1.109994,1.16992,1.21514,1.286492,1.34831,1.435992,1.529832,1.619573,1.671535,1.736085,1.785543,1.851772,1.876132,1.940744,1.950467,1.984349,1.931942,1.884632,2.339679,2.472034,6.241392
480.709,0.01302839,0.00162391,0.001570869,0.004802313,0.003260522,9.458324e-4,0.003010991,0.001916578,0.003965651,0.01101601,-0.002144644,0.00682361,0.003532447,0.002303791,0.004469249,0.003873998,0.005481478,-0.006032016,0.001245991,0.002775539,0.004080483,0.002525656,0.001377787,0.002173337,0.001632688,1.930406e-4,-7.756541e-4,0.001011116,-3.43835e-4,-2.847098e-4,-0.002072833,0.005633051,0.005115772,0.006782245,0.001718344,0.003472338,5.711906e-4,0.002845707,0.004509921,0.002984657,0.003015975,-0.003223118,0.00506505,0.003083309,-0.002303702,-0.004320555,0.001118398,0.00329753,0.003622945,0.00306932,0.003070178,0.002850612,-0.002245791,0.005959867,-6.621004e-4,0.005181787,0.00454319,0.002815921,0.004998386,0.001615255,-1.087461e-4,0.00168719,0.003070055,0.005303498,0.003802441,0.001837838,0.001544497,0.003888103,0.001991858,6.849494e-4,-6.705392e-4,9.02349e-5,0.002048066,5.169504e-4,0.001538176,0.00072258140000000005,0.002151713,-2.050076e-4,0.001384685,0.00354095,-9.713789e-4,5.295819e-4,0.002557641,-4.960323e-4,4.888742e-4,0.002849046,1.616552e-4,8.772755e-4,7.791236e-4,-4.114612e-4,8.094843e-4,0.001594903,0.001119033,-5.333583e-4,-2.593244e-4,9.569468e-4,0.001515771,8.098669e-4,0.001299965,0.002571132,0.003731354,0.005388987,0.008291952,0.01122073,0.02727371,0.07135462,0.1051384,0.08519116,0.04970601,0.04583813,0.05190971,0.0601664,0.06825418,0.0807857,0.09017861,0.1043547,0.1196585,0.1364102,0.1565024,0.1797192,0.2049823,0.2285445,0.2497647,0.2723834,0.2983955,0.3197334,0.3518478,0.3801529,0.4062051,0.4400032,0.4745376,0.5057662,0.5408246,0.5686266,0.5975011,0.6201556,0.6545502,0.6823637,0.7031936,0.7365876,0.7512551,0.7760071,0.7909185,0.8126864,0.8233044,0.8353654,0.8494859,0.8527289,0.8636564,0.8780053,0.8842966,0.888491,0.9013131,0.9082066,0.908116,0.9077672,0.9062342,0.9043236,0.8989284,0.9083128,0.903356,0.9175993,0.9275283,0.9370482,0.9527413,0.9610239,0.9851978,1.006365,1.035657,1.054227,1.106984,1.151124,1.212754,1.269909,1.346797,1.440389,1.515305,1.587095,1.662555,1.730162,1.781722,1.806222,1.88028,1.895015,1.901361,1.942311,1.920527,2.01809,1.938952,3.451571,4.602003
483.032,-0.008249908,0.002173132,-0.001551046,0.00524776,0.01106992,-0.007104463,-4.995178e-4,-0.005804292,0.008037796,5.884197e-6,0.01314738,0.003208801,6.240518e-4,2.555945e-4,0.00420985,-0.001203233,0.003074084,0.001812996,0.001774818,0.001849758,-0.00380859,-9.152616e-4,-7.870233e-4,0.001228834,9.596497e-5,-4.396955e-7,-2.949164e-4,-0.0010119,-0.002881487,5.755825e-4,-0.002274895,-0.00146697,5.867913e-4,-0.003372182,-0.009956193,-0.001876134,0.003647773,-0.002593691,0.00301551,-2.432814e-4,0.001276532,-0.003477213,-2.329575e-4,-0.001642589,-0.002519307,0.00389615,4.524003e-4,-6.576729e-4,-0.001490485,5.980631e-4,-0.002505291,0.002283405,1.902076e-4,5.582861e-4,-0.004160405,-2.176397e-4,-0.002436344,1.734032e-6,0.003331935,2.944159e-4,1.538481e-4,-1.135794e-4,-0.001666936,0.003306867,7.080699e-4,2.499146e-4,-0.001429532,5.810226e-4,-0.00277739,-0.001279375,-7.835023e-4,-6.473305e-4,2.07372e-4,-0.002002294,-5.273975e-4,4.150115e-4,-0.001284386,0.002355085,-9.428059e-5,0.001816618,-8.714568e-4,5.198737e-4,-3.363339e-4,-6.543492e-4,0.002219554,-4.655815e-4,-3.670365e-4,-6.503367e-4,7.920506e-4,1.5602e-4,0.001194329,3.96508e-4,-8.588262e-5,-7.167538e-4,8.064708e-4,0.001881855,0.001935979,0.001368942,0.001556924,0.003188238,0.004371506,0.005741828,0.007625253,0.0189306,0.05868077,0.09771163,0.09008059,0.05828133,0.04397302,0.05062068,0.05831461,0.06643111,0.07448179,0.08740882,0.09786124,0.1094588,0.1279863,0.1444412,0.1667575,0.1881276,0.2134052,0.2332261,0.2567742,0.2847966,0.303581,0.3269334,0.3556003,0.3855592,0.4161803,0.4449726,0.4814244,0.5106419,0.5373706,0.566659,0.5955593,0.6200448,0.6455213,0.6783532,0.6989305,0.7218195,0.7468469,0.7605322,0.7837943,0.8089039,0.8111781,0.8330083,0.8379358,0.8416134,0.8539975,0.8631146,0.8685137,0.8733007,0.8820452,0.8908336,0.8897446,0.8900642,0.88236,0.8934142,0.8965904,0.9011755,0.9033756,0.9100483,0.9164836,0.9239557,0.9459722,0.9513614,0.973258,0.9909039,1.031455,1.064072,1.089255,1.154498,1.203869,1.270627,1.337815,1.436571,1.504145,1.56488,1.646726,1.688148,1.750901,1.790977,1.818486,1.873387,1.90958,1.866734,1.825305,2.065885,2.138475,1.832633,6.377653
485.356,-0.002651925,-0.00666953,-0.004300175,-0.003969121,-0.01464419,-0.0128988,-2.174734e-4,-0.005425948,-0.003158903,0.002365267,-0.01133995,0.003628353,-0.002506625,-0.00205631,1.753998e-6,-0.006785359,0.001539878,-0.006451669,-0.002673982,-0.003243513,-0.00177194,-5.707534e-4,-0.001281163,0.001426695,-9.696086e-5,-0.002432436,0.00184625,-0.002633881,-0.004505486,8.643719e-4,0.001902296,-0.003676594,-5.790588e-4,0.005442196,-0.006885955,-0.005380092,-0.002524842,2.922385e-5,-7.440916e-4,-0.001475674,-0.003788963,-0.004472882,-0.006036229,0.001442526,0.002533715,-0.00160375,-0.006084461,-0.001961518,-0.00659683,-0.001406093,7.808274e-4,-0.004704331,3.941313e-5,0.003638256,-0.002594836,8.495232e-4,6.532798e-4,-0.002342072,-0.001200223,-2.850108e-4,0.00230212,-0.004409159,2.103274e-5,-0.003253323,3.150749e-4,-7.631923e-4,-1.054125e-4,4.959962e-4,8.731947e-4,4.964488e-4,-0.002033351,0.001121806,-0.001170367,-0.001048176,-0.001754265,0.003077791,2.955136e-4,-0.002465913,7.696024e-4,-1.613684e-4,-0.001666973,-4.912392e-4,8.423034e-5,-0.00110693,4.159768e-4,3.158395e-4,0.001437506,-8.17918e-5,0.002157378,-1.295658e-4,-5.97559e-4,9.829623e-4,-9.156667e-4,3.590304e-4,-6.819001e-4,5.964764e-4,4.122463e-4,0.001561993,0.004312432,0.00372346,0.005795136,0.008595055,0.01720578,0.04811119,0.09239925,0.09025321,0.06029759,0.04198189,0.04861125,0.05613495,0.0654261,0.0726301,0.08310758,0.0930623,0.1066032,0.1186295,0.1358219,0.151781,0.1747958,0.1971573,0.2202288,0.2423753,0.2667059,0.2895046,0.3105695,0.3357233,0.3649692,0.3923708,0.4213315,0.4495325,0.4864769,0.5117182,0.5390366,0.5667538,0.5943178,0.6220416,0.6458836,0.6739405,0.6961535,0.7233183,0.7407859,0.7587502,0.7830285,0.7967044,0.8101811,0.8214052,0.830452,0.835644,0.8386957,0.8485131,0.8595165,0.8685244,0.872381,0.880307,0.8746398,0.8746626,0.8726946,0.8854962,0.8844523,0.8860065,0.8898632,0.8990559,0.9148203,0.9106795,0.9250017,0.9421539,0.9694578,0.9791632,1.015186,1.049354,1.093466,1.138554,1.194,1.247236,1.342989,1.409131,1.48078,1.553976,1.621457,1.708668,1.743734,1.78519,1.819884,1.870264,1.847012,1.875655,1.879134,1.765018,1.751733,2.671678,4.200157
487.68,0.01147669,0.00307548,2.145748e-5,0.0024993149999999998,-7.593811e-4,-7.172967e-5,-0.003611147,-0.003410849,-0.006250302,0.002367358,-9.168625e-4,0.002128911,2.090074e-4,-0.006421781,-0.006332346,-0.00654322,-6.599823e-4,0.002219735,-0.002136829,-7.744418e-4,0.001776317,-0.002990044,-0.001479615,0.001230174,0.00144682,0.001847215,-0.002331895,-0.00141851,8.091356e-4,5.781126e-4,0.002847192,7.37591e-4,-0.003918509,-0.004421284,-0.001053936,0.002236021,-0.001412322,-0.001055173,0.00502328,0.005015579,-5.021346e-4,0.002242306,-0.001932266,-0.001433202,-2.309914e-4,0.001145708,0.003370468,-0.002643199,0.002127292,-0.001831148,-5.674784e-4,0.00130079,0.002054134,0.005084798,0.002771193,-3.258682e-4,0.003263895,0.001554679,-0.00227691,-4.385509e-4,0.001452107,-0.001285686,-9.454251e-4,7.030586e-4,0.002857124,-0.001743486,0.001469549,-0.004178028,0.001930162,0.002352953,2.225461e-4,0.002119635,0.001019685,-3.156602e-4,0.00185408,-8.946327e-4,5.911575e-4,-6.500709e-4,-4.398081e-4,-1.838172e-4,7.560609e-5,-0.001041644,0.001247665,1.768593e-4,-7.055624e-4,6.482169e-6,-8.204991e-4,6.624699e-4,0.001206424,0.001383443,1.449331e-4,-0.00154588,-2.440015e-4,-4.735031e-4,5.385893e-4,0.00184547,0.001213494,0.003985327,0.003336672,0.004248217,0.007530566,0.0124045,0.03914095,0.08257203,0.09381005,0.06246459,0.04448192,0.04682147,0.05426714,0.06271488,0.07032559,0.07965852,0.08862066,0.1016571,0.1148453,0.1295927,0.1426685,0.1616448,0.1816586,0.2074036,0.2259306,0.2534122,0.2731883,0.2987181,0.3169121,0.3404339,0.3694288,0.398135,0.4219684,0.4498245,0.4880168,0.5144164,0.5403509,0.5657163,0.5915592,0.6159559,0.6460273,0.6675291,0.6923305,0.7198817,0.7357609,0.748996,0.7718202,0.785523,0.7991594,0.8099794,0.8209891,0.8211583,0.8328178,0.8290506,0.844445,0.8544616,0.8501753,0.860347,0.8603179,0.8608878,0.8606545,0.8666844,0.866941,0.8701722,0.8755273,0.8838339,0.8942539,0.9058439,0.9183381,0.934354,0.9578464,0.9804845,1.011797,1.050024,1.083733,1.135027,1.187924,1.239703,1.327455,1.400315,1.469489,1.541902,1.625007,1.673702,1.704791,1.770848,1.795591,1.814878,1.827997,1.814582,1.729698,1.734052,1.700326,2.656075,3.854312
490.005,-0.00767942,0.005104237,-0.001366747,-0.007982745,-0.001659857,-0.007629904,-0.00204782,-0.003992265,-0.006285541,0.001558856,0.007662782,-0.004277745,-4.263357e-4,-0.003341408,-0.007126142,1.230806e-6,0.001099965,-0.001816073,0.004814077,-4.614859e-4,-0.003001836,0.001035365,6.924508e-4,3.85137e-4,-7.662202e-4,-0.003115315,-2.901132e-4,0.001825147,5.809653e-4,0,-1.899393e-4,0.002458374,-8.871487e-4,-0.005763291,-0.003806055,-6.330696e-4,-0.005635222,-0.001565939,-0.006549965,-0.001232212,-0.004795492,-0.001739503,-2.421559e-4,-0.002132933,-0.001843667,-9.033424e-4,-0.001573696,0.003537566,-0.002555805,-5.984728e-4,-0.001535608,-3.823619e-4,-0.005396562,-0.002510034,0.002991701,-0.004670953,-0.002245356,3.218377e-4,0.002272208,-5.040057e-6,-0.002585644,8.893622e-4,-0.001105394,-0.002346829,-2.895057e-4,5.477257e-4,-0.001012083,-0.004272145,6.726558e-4,0.002829076,-0.002648771,7.944328e-4,-0.001176453,-0.001584027,0.001650325,-0.001506729,0.001956916,-0.001143637,-8.985395e-5,1.970644e-4,-2.557887e-4,0.001881287,-7.304497e-4,3.21972e-4,7.968762e-5,-9.946328e-4,-0.001046173,-2.871507e-4,5.878605e-4,-0.001514605,-0.001148424,1.901004e-4,1.505719e-5,0.001631923,0.001115557,5.205486e-4,0.001427414,0.002977719,0.004279666,0.005638647,0.009571683,0.02681975,0.08385732,0.1037383,0.0715254,0.04547781,0.04348135,0.05156203,0.05974125,0.06802685,0.07858243,0.08620265,0.09569086,0.1073214,0.1193023,0.1358182,0.1492426,0.1665864,0.1915861,0.2130005,0.2341073,0.2600856,0.2753898,0.3027253,0.3238414,0.3459903,0.3755313,0.403851,0.4291093,0.4577791,0.4837377,0.5129964,0.5380543,0.5667403,0.5891872,0.6110456,0.6423412,0.6630109,0.6833826,0.7063425,0.7236046,0.7435411,0.7587805,0.7780641,0.7842649,0.7957848,0.8081094,0.8107654,0.8093091,0.8170461,0.827228,0.8355686,0.842536,0.8426383,0.8459333,0.8464134,0.8472371,0.847347,0.8520604,0.8536513,0.863038,0.8755614,0.8791524,0.8940583,0.9067687,0.9174126,0.9439486,0.9685574,1.002717,1.038793,1.073852,1.124925,1.181273,1.239548,1.317534,1.381844,1.461217,1.55066,1.59237,1.644942,1.67143,1.747911,1.786262,1.779032,1.816319,1.763789,1.733144,1.728245,1.811723,1.82738,4.050388
492.331,-6.653466e-5,0.001239465,-0.007920108,0.002395704,-0.006445973,0.004117145,-0.004331104,-0.002493967,-0.006244667,0.003154219,0.004296811,6.404868e-4,-0.002716875,-0.003595437,-0.0013159,0.004849504,-0.005057633,-0.002621517,-0.002669861,-0.002626524,1.054536e-6,-0.003334117,-0.001087553,-5.685381e-4,-8.64372e-4,-0.001557551,-0.002236033,2.637447e-8,5.791672e-4,5.80226e-4,-0.004924773,-0.005153425,3.021484e-4,0.001400326,-0.002051455,0.002237812,0.002255153,0.003395346,-0.001000487,-0.00424722,-9.958531e-4,7.488799e-4,-0.001214655,-0.005416165,-0.002997068,-0.00136643,-0.002020027,0.0037477640000000002,6.477142e-4,0.004459973,0.004059274,0.002074209,-7.424901e-4,-1.740498e-4,-0.004160271,-0.00115957,-0.002428504,-0.002339332,0.001675501,2.968382e-4,-0.003710742,5.641996e-4,6.43095e-4,0.001825432,0.001652454,0.002290234,0.002758098,-2.747388e-4,3.26817e-5,0.001429799,-0.001470921,0.001997715,-6.507071e-4,5.132707e-4,-0.001851062,-0.002589363,-0.001156288,0.002194221,-9.555798e-4,-5.22752e-4,-6.043542e-4,0.001052221,-8.066659e-4,-0.001854405,-2.346847e-4,0.001785697,-0.003295926,-0.001532567,-0.002054225,-0.001642524,-0.00159362,6.541337e-4,7.754049e-4,3.950554e-4,0.001054444,0.002205979,6.475212e-4,0.003645513,0.00478729,0.0089523,0.02421071,0.0667948,0.1069752,0.08333116,0.04650323,0.04171749,0.04921924,0.05590596,0.06542059,0.07451775,0.08418531,0.093013,0.10318189999999999,0.1168016,0.1281425,0.1419627,0.1592116,0.1735162,0.1977665,0.2147937,0.2422714,0.2653579,0.285521,0.3061097,0.3296745,0.3488869,0.3762555,0.4016315,0.4262017,0.4546235,0.4831824,0.5151244,0.538425,0.5604561,0.5895408,0.6072102,0.6351665,0.6577602,0.6812142,0.697554,0.7164085,0.7347615,0.7465378,0.7620585,0.7704363,0.7786667,0.789223,0.79379980000000006,0.8052289,0.8023494,0.8074496,0.8145783,0.82615,0.8284466,0.8283527,0.8305097,0.8303378,0.8286835,0.8327758,0.8379659,0.8444382,0.8599839,0.8669521,0.87758,0.8854654,0.9101777,0.9333802,0.9526193,0.9867205,1.018092,1.060651,1.117896,1.166224,1.228762,1.291674,1.362085,1.447786,1.523517,1.59276,1.620417,1.677495,1.726544,1.735242,1.766869,1.752566,1.694025,1.760882,1.882423,1.786716,1.871248,3.032923
494.657,-0.003972022,0.004280527,8.018604e-4,-0.002680062,0.009287497,0.001425287,-0.006895097,-0.004427094,-4.445685e-4,0.007873685,0.008861215,-4.441844e-4,0.001870572,-0.001797764,-0.002111917,0.001453003,-1.246983e-6,0.006041257,-0.002308055,0.001389965,-3.261677e-6,9.218563e-4,0.002759557,0.001699224,0.002500715,-0.001263563,-2.907266e-4,-5.056634e-4,1.163019e-4,5.797949e-4,0.002272971,0.004905808,0.006041579,-0.007724241,0.001737834,0.002546937,0.001694998,-0.002060698,0.00375696,0.002504032,7.556123e-4,0.005957052,0.006275296,4.628114e-4,0.001168413,0.005934926,-0.004486834,-0.001089601,0.001065121,0.004234851,0.001159974,-0.003004506,-0.003158319,3.832893e-4,-0.001375719,-0.003152431,3.431386e-4,0.002367479,0.003041575,-7.308105e-4,0.001591179,-2.498509e-4,1.282363e-4,-0.003297682,7.398947e-4,0.001245724,0.001862323,0.002779222,-0.001670129,-0.001598261,0.002496398,-0.001854845,0.001755982,7.447027e-4,1.14561e-4,0.002931808,-0.001456389,-0.001580895,0.001336883,0.001008226,4.684413e-4,6.134752e-4,9.163653e-4,9.943456e-4,0.003248361,2.451565e-4,0.00128573,8.63415e-5,0.001874789,-0.001922369,0.001614175,0.001558477,-1.622145e-4,0.002348453,0.003502119,0.003167288,0.004587086,0.006103307,0.007896623,0.01532602,0.05354473,0.09939844,0.09226607,0.05426926,0.04060392,0.04675454,0.05433954,0.06247445,0.07169991,0.08227245,0.09073673,0.1000915,0.1099141,0.1215615,0.1356552,0.1497767,0.1654365,0.1825447,0.2028511,0.2225236,0.2455417,0.2679293,0.2878432,0.3142554,0.3303438,0.347533,0.3823622,0.4048997,0.4280497,0.4526349,0.4834625,0.5081409,0.537583,0.5609084,0.5818504,0.6071439,0.6251728,0.6510016,0.6693136,0.6916951,0.7018426,0.7233324,0.7349991,0.7484083,0.759163,0.7697946,0.7765305,0.7791505,0.785956,0.7863143,0.7894636,0.8003958,0.8069812,0.8110596,0.8131751,0.8163386,0.817711,0.8164819,0.8187482,0.831352,0.8299383,0.8433947,0.8454805,0.8640355,0.8802553,0.8968006,0.9163755,0.9463058,0.977095,1.015808,1.039977,1.095544,1.147928,1.209099,1.283091,1.357874,1.444096,1.480612,1.528697,1.622949,1.654863,1.675103,1.707368,1.717102,1.740685,1.689035,1.819002,1.951838,2.10952,2.746595,6.707582
496.984,0.002917888,-0.00632694,-0.01016498,-1.244499e-4,5.540967e-4,-0.001325161,-0.004947649,0.008640258,3.912956e-4,0.001160391,-0.003378327,-0.004480392,-0.004355903,-7.689943e-4,-0.002099607,-2.382986e-4,0.002183292,-7.999339e-4,0.001950722,4.630978e-4,-8.112156e-4,0.001600518,-5.878364e-4,-0.002443143,-0.003541101,-1.981751e-4,-5.777581e-4,-0.002015286,2.323116e-4,-0.002711664,9.460277e-4,0.003424884,-8.730342e-4,0.001696085,0.00137674,-0.003447102,-0.0019498,-0.005951786,-0.006490887,0.002261322,5.187571e-4,7.444617e-4,0.002171852,-0.001171688,0.003463746,0.001135481,0.001128996,-0.002188171,-0.004014079,-0.001804402,-0.002292099,0.003236789,-5.153355e-4,-0.002300309,-0.004484496,2.013635e-4,8.226539e-4,-0.002026449,-4.323287e-4,6.924682e-6,0.001648529,-7.891753e-4,1.219165e-4,6.466057e-4,-9.220147e-4,-0.003244446,0.001244239,0.001561288,2.897353e-4,0.00190763,5.707939e-5,-5.076239e-4,-9.259548e-4,3.46058e-5,-0.00192636,0.001816017,3.312444e-4,-7.339893e-4,1.205799e-4,-6.876829e-4,-8.572512e-4,3.592409e-4,0.001270558,-9.359761e-4,0.001119179,-0.002089632,0.001874902,4.395828e-4,3.644459e-5,2.896012e-4,-3.124585e-4,0.001495838,0.002146175,0.002418882,0.001360722,0.001607924,0.004656981,0.006824707,0.01344379,0.03611829,0.09148003,0.1015937,0.05795696,0.03936293,0.04297102,0.04990247,0.05787018,0.067464,0.07619602,0.08644552,0.09520337,0.1049347,0.1159824,0.1279316,0.1413743,0.153191,0.1693481,0.1878253,0.2052897,0.2262552,0.2461784,0.269902,0.2940809,0.3137871,0.3323238,0.3525466,0.3781564,0.403133,0.4253262,0.4513515,0.4797565,0.5056977,0.5267172,0.5534448,0.5702491,0.5998764,0.6176431,0.6359238,0.6569558,0.6752351,0.6872303,0.7076724,0.7233025,0.7355635,0.7441251,0.7440432,0.7591845,0.7593615,0.7635581,0.771201,0.7820575,0.7776353,0.7880801,0.7945237,0.791687,0.7938594,0.7930233,0.7930529,0.8005666,0.8071703,0.8119776,0.8267327,0.8350823,0.8458313,0.8586295,0.8812957,0.90001,0.9345766,0.9653393,0.9939804,1.036102,1.071721,1.143471,1.183589,1.255102,1.315638,1.410012,1.475361,1.534605,1.575388,1.631552,1.660806,1.672594,1.701167,1.647399,1.660199,1.774404,1.801181,1.635286,1.241649,7.55196
499.311,0.01623631,0.007782192,-0.005976596,-0.00799766,0.001805924,-0.006237543,-0.002739346,0.01759965,-0.006688678,-0.007076212,-0.005184997,-0.003840303,6.131341e-4,-2.60478e-4,-5.291801e-4,-9.603743e-4,0.005027466,-0.001802143,0.00212503,4.617171e-4,-2.689546e-4,-2.285613e-4,6.882332e-4,2.838347e-4,0.001820014,0.001836935,7.742968e-4,-0.002317991,0.001838529,-5.669081e-4,-0.004147024,0.00268852,-0.00178251,-0.00438722,-0.00273486,-0.004379718,0.003360358,-5.095319e-4,5.142654e-4,0.002250701,0.00427579,-0.003954699,-0.004317566,-6.943787e-4,-0.003685946,0.002734153,-0.003136624,0.006369645,0.001057737,-0.003223936,-0.001712506,-0.00225534,5.671549e-4,-0.001063943,0.001582146,0.002195286,8.282621e-4,-5.933905e-4,0.002718689,0.001025995,3.019338e-4,0.003346023,-1.279122e-4,0.002469031,-0.001072062,-1.267018e-4,-6.0022e-4,4.186144e-4,6.284723e-4,-2.112417e-4,0.001032118,-4.139418e-4,-0.00136886,-5.106599e-4,4.307507e-4,7.215104e-4,5.999119e-4,2.797782e-4,0.003246785,0.001104151,0.001227971,6.938363e-4,0.00191728,-2.261892e-4,-9.240572e-4,-2.132974e-4,3.104906e-4,-3.352346e-4,-0.001106329,-4.002911e-4,3.539855e-4,8.413315e-4,-1.581315e-4,0.002885107,0.003716636,0.005460865,0.006101531,0.01122608,0.02864563,0.07267369,0.1044464,0.07218037,0.04137787,0.04042466,0.04799458,0.05653658,0.06359118,0.07300796,0.08225858,0.09203412,0.101908,0.1110916,0.1214375,0.135029,0.1469197,0.1591233,0.1745856,0.1936957,0.2121,0.2324699,0.2542431,0.2747438,0.2965183,0.3152682,0.3340114,0.3542833,0.3825649,0.4044312,0.4254457,0.452753,0.4750056,0.5049531,0.5263448,0.5433924,0.5673073,0.5893135,0.6110267,0.6340662,0.649977,0.6634896,0.6775437,0.6954431,0.7105829,0.7228827,0.7257689,0.7370597,0.7396561,0.7415216,0.7502141,0.7514209,0.7576553,0.7628535,0.7704549,0.7695193,0.7716693,0.774997,0.7742788,0.7803941,0.7818513,0.7901517,0.7998441,0.804518,0.8237647,0.8314734,0.8529736,0.8680555,0.8917235,0.910562,0.9460143,0.978304,1.021342,1.065039,1.118342,1.161996,1.233785,1.31784,1.380214,1.43856,1.492551,1.541117,1.595492,1.607413,1.647135,1.587125,1.658802,1.64852,1.811438,1.749425,1.425631,2.275273,3.266336
501.64,-0.01326114,-0.008755175,-0.01253908,-0.004513471,-0.01438141,-0.01083901,-0.004776606,-0.00693042,-0.007074866,-0.01098214,-0.003662068,-0.008726898,-0.001883683,-0.001794143,-0.005771294,-0.001204243,-0.003283389,-0.004613626,-0.0014158,2.599662e-7,-6.780233e-4,1.162614e-4,-0.001472761,2.819709e-4,-4.767654e-4,-3.916084e-4,-0.001160116,-5.042781e-4,-9.173223e-4,-0.002863418,-0.009804131,-0.003181453,-8.751112e-4,-0.003677173,-0.01097245,-0.00817446,0.001122661,-0.009868838,-0.004249282,-0.00772666,-0.00880571,-0.005937336,-0.002876389,-0.001875989,-0.007601162,-0.003854561,-0.003128525,-0.008781292,-0.001269529,2.096616e-4,-0.00248267,-0.004700084,3.91332e-4,-0.002473947,-0.002064544,-0.004014549,-0.001925943,-0.003247588,-0.001202262,-0.003649343,-0.001815327,-0.002489864,-0.003937764,1.845348e-4,-9.733118e-5,-0.002088008,-0.003841973,-0.00277029,-8.107836e-4,-5.60736e-4,-0.004851032,2.016218e-5,0.001967297,-0.001232346,-0.001752631,-0.00431216,0.001375642,-0.001983944,-0.002772641,-0.002613414,-0.002354327,-0.001450042,-0.003798799,-1.640445e-4,-0.001798708,3.924365e-4,-0.001253629,-0.001000442,-0.001108814,-0.00115366,-0.001239749,5.913273e-4,2.376554e-4,0.002189446,0.003972077,0.004112299,0.007251667,0.02119911,0.06504507,0.1023912,0.07460282,0.04416479,0.03770371,0.04374838,0.05039368,0.06088006,0.06740086,0.07742485,0.08667639,0.09698081,0.1084758,0.1168058,0.127298,0.1386186,0.1517453,0.1658017,0.1813027,0.1956276,0.2167082,0.2369218,0.2573237,0.2747804,0.2943568,0.3154319,0.3340679,0.3542764,0.3800733,0.4061109,0.4215255,0.4454122,0.4712225,0.4937036,0.5198256,0.53963970000000006,0.5594494,0.5798874,0.6007825,0.6169451,0.6360012,0.6511633,0.6685021,0.6794699,0.69516,0.7049677,0.7157612,0.7188819,0.7225816,0.7242315,0.7341406,0.7317355,0.7442248,0.7454228,0.7525089,0.7530597,0.7582554,0.7636603,0.7627585,0.7617769,0.7704228,0.7741952,0.7874678,0.7928158,0.7982475,0.8166631,0.8336969,0.8588213,0.875723,0.9088824,0.936073,0.9678843,1.007297,1.043195,1.096461,1.155241,1.218267,1.294043,1.35001,1.429131,1.477668,1.512667,1.550993,1.572081,1.601686,1.590336,1.61169,1.660048,1.679342,1.621659,1.665102,1.807406,0.5268512
503.969,-0.00241947,-0.001925507,0.004544722,0.004759739,-0.01249534,-0.009375972,0.001227839,-0.001004864,-0.001342914,0.01097405,-0.001230155,-0.001289905,-0.003738857,-0.002057907,-0.004992647,-0.005540697,-0.005904845,-0.00501107,-3.531585e-4,-0.001689045,5.443563e-4,-2.28696e-4,6.87283e-4,-0.002256383,9.657641e-5,-3.957918e-7,9.668585e-4,-7.458405e-7,6.91189e-4,-0.003002593,7.555548e-4,-0.006342637,-8.769816e-4,-0.002695067,-0.005119049,-0.002816555,-0.007826778,0.00339189,-0.002238023,-0.008706027,-0.004261508,-4.94373e-4,0.001206978,0.00330423,-2.235765e-4,-0.003398747,-4.37889e-4,0.003074736,-0.001469304,0.002228138,0.002884739,-3.654849e-4,7.64305e-4,0.00272423,0.001414728,-9.619286e-4,-1.126432e-4,-0.002171574,-7.379879e-4,-0.00116502,0.001179154,-0.005486651,0.001548395,4.652612e-4,-0.001687608,-0.001880785,-8.157877e-5,0.002483219,-9.433176e-5,-0.002310769,0.00102208,-8.513993e-4,0.001642294,0.001874875,-0.001632646,-0.001294855,-0.001451269,0.002861153,-8.727691e-5,-2.446467e-4,-0.002522546,-3.332974e-4,0.001264331,-0.001114712,-1.342747e-4,0.001697133,-2.03512e-4,-0.001279527,0.001094963,2.322654e-4,0.001088308,0.002676709,0.004203346,0.004345306,0.004208348,0.007310914,0.01650608,0.05400628,0.0938371,0.08324261,0.04827406,0.03680633,0.04058082,0.04716901,0.05614327,0.06553789,0.07218857,0.08205329,0.09167348,0.1022453,0.1123258,0.1219477,0.131583,0.1430034,0.1545728,0.1719513,0.184565,0.1976398,0.2178202,0.2429269,0.2613612,0.2813557,0.3003847,0.3202811,0.3354125,0.3513404,0.376797,0.3992706,0.420538,0.4439014,0.4693797,0.4873957,0.5101493,0.5281139,0.5514964,0.5684902,0.5917637,0.6081669,0.6226254,0.6414166,0.6536907,0.667957,0.6793721,0.6931559,0.6981106,0.6994801,0.7072765,0.7107504,0.7161871,0.7144397,0.7244486,0.7291357,0.7362463,0.7354907,0.7342918,0.7422969,0.7426106,0.7436759,0.7512893,0.7603335,0.773904,0.7776877,0.7865779,0.8064091,0.8205752,0.8405502,0.8599279,0.8861005,0.9165156,0.9508108,0.9903796,1.018578,1.081629,1.133216,1.198007,1.265869,1.346789,1.386179,1.449885,1.502092,1.528174,1.553534,1.561719,1.580999,1.562943,1.555752,1.622321,1.570625,1.47673,1.57242,1.752521
506.298,0.00803419,0.002453782,-0.00422887,0.006668715,0.0132895,-0.002887388,0.01034318,0.02297517,0.004861583,0.02350006,0.01214131,0.004434918,0.006430614,0.005852987,0.007319616,0.00216509,0.00195963,0.003403562,0.003358462,-7.666256e-4,0.003384763,0.004790897,0.002351658,9.865073e-5,0.002006798,6.726946e-4,0.001447192,0.001106777,-1.296872e-7,0.003428267,0.005647522,0.003421047,0.004201041,0.004047125,0.01060956,0.007536418,-5.563566e-4,0.003371668,0.008984152,0.001000823,0.003008415,0.003208499,2.449979e-4,-0.002571132,0.004606577,0.002050954,0.005368934,0.003280739,0.005075414,0.001414569,0.004984709,2.002744e-4,0.004809381,0.003792321,0.003666239,0.005648363,0.001465667,9.2634e-4,0.002419357,0.003351312,-7.373563e-4,0.004024135,0.003662747,0.002521291,5.451168e-4,4.488161e-4,0.004227989,0.002507655,6.455284e-4,1.370397e-4,0.002946873,0.002544191,0.002128652,0.003583077,-1.485697e-4,0.001906586,3.150869e-4,2.134994e-4,0.001683512,0.001431008,-4.326806e-4,0.002910952,0.001889386,0.001768885,0.002113222,0.002453023,0.001504477,8.176072e-4,0.002700572,0.003172557,0.002823229,0.004196632,0.004702293,0.004704984,0.007398793,0.01590387,0.04917255,0.09374837,0.08994322,0.05435577,0.035827,0.03897103,0.04651032,0.05252822,0.06277303,0.06927344,0.07910323,0.08749365,0.09767096,0.1088435,0.1184562,0.1285362,0.1371174,0.1493319,0.1615404,0.1724793,0.1879906,0.2053809,0.2231288,0.2447264,0.2617231,0.2837635,0.2990179,0.3171369,0.3392871,0.3525547,0.3756259,0.3970404,0.416723,0.4416477,0.4619162,0.4818241,0.5080772,0.5258111,0.5434426,0.5599709,0.5772205,0.5939483,0.6072119,0.6261814,0.6441244,0.6551801,0.6647387,0.6793569,0.6789338,0.6847037,0.6916853,0.6946152,0.7010462,0.6995505,0.7066189,0.7113601,0.7179758,0.720334,0.7205569,0.7267165,0.7257889,0.7358403,0.7361908,0.7417287,0.7474869,0.7584385,0.7783937,0.7906823,0.807606,0.8297549,0.8526297,0.8797616,0.903103,0.9391157,0.9674512,1.019468,1.06206,1.121387,1.184318,1.25725,1.311431,1.370816,1.423694,1.497596,1.506893,1.544674,1.537185,1.530342,1.598266,1.61325,1.654121,1.715191,2.160665,3.545391,6.656911
508.629,-5.14137e-5,-0.01452747,-5.711591e-4,0.003675487,-0.001716764,-0.01493357,0.005396104,-0.008433684,-0.008024834,0.005802474,-0.003063919,0.001262116,-0.0012451300000000001,-0.002542903,-0.002361411,-0.0050355,0.00521653,-0.002394253,-0.003171334,-0.002751871,-0.005398027,-5.671112e-4,0.001172194,0.002160127,-0.001427522,-0.001068475,-0.001923329,-0.002307589,-1.138663e-4,-0.001279706,-0.00187245,-0.00412522,0.002695752,-0.001991037,-0.0122531,-0.003113486,2.875775e-4,-0.007466798,-9.782608e-4,-0.005189863,-0.00424319,0.003690496,7.208822e-4,0.001646936,-4.56517e-4,4.563233e-4,4.533372e-4,-2.085452e-4,-0.002098003,-0.00200526,-0.004387734,5.965823e-4,0.002025651,-0.004585911,0.00326526,-0.004286897,-0.003328039,-0.003261905,-0.001940312,1.485244e-4,4.654291e-4,-6.422557e-4,-0.001201985,0.003750774,3.210765e-4,-7.356153e-4,-0.00226804,-0.002931385,-0.00130686,0.001055469,-5.357649e-4,-0.001948063,0.001226753,-0.001308875,0.001075225,-2.808829e-4,0.001748864,1.447294e-4,1.19089e-4,0.001007391,-0.002859448,-2.287156e-4,0.001158258,3.398902e-4,0.001909718,-0.002315382,0.001069877,8.878467e-4,5.107208e-4,0.002217292,0.002095031,0.004014935,0.003524686,0.006245134,0.009203683,0.04106994,0.08888319,0.09208429,0.05801951,0.03582628,0.03402826,0.04110562,0.04838683,0.05499154,0.06378126,0.0722195,0.0809734,0.09083349,0.1025809,0.1110781,0.1210101,0.1323961,0.1409589,0.1520638,0.1629378,0.1755282,0.1912213,0.2053557,0.2234247,0.2438637,0.2644135,0.2824688,0.2986913,0.3167834,0.331188,0.3484247,0.3703582,0.3905846,0.4098946,0.4342901,0.4564576,0.4764694,0.4946436,0.5151484,0.528316,0.548421,0.5636937,0.5847291,0.5980152,0.6100867,0.6273156,0.6349794,0.6455851,0.6534431,0.6600227,0.6681552,0.6711505,0.6735132,0.68120289999999994,0.6831229,0.6879649,0.694626,0.6960448,0.69996,0.6974211,0.7011127,0.705613,0.7109743,0.7117025,0.7226452,0.7350045,0.7420884,0.7563816,0.7739824,0.7819641,0.8044152,0.8293123,0.8589344,0.8842418,0.9101977,0.946693,0.9861231,1.042147,1.098843,1.172339,1.225138,1.296039,1.343334,1.386112,1.433115,1.460282,1.489454,1.438,1.529233,1.533134,1.489486,1.552544,1.619759,1.414393,1.137607,3.203748
510.959,0.003768107,0.002513279,0.008775314,-0.009555399,-9.683051e-5,0.00299632,-0.006558958,0.002252316,-0.002729036,0.001507148,0.004484392,0.00503662,0.003870237,0.001996037,0.001537297,0.005009499,0.003890953,0.002778814,-0.0012252,0.002281266,2.705836e-4,-0.001807535,0.002623454,5.038189e-6,1.339816e-6,0.001141347,3.826294e-4,0.00149341,2.286133e-4,0.003968796,1.905361e-4,0.002424092,0.006562068,0.01038716,-0.00202672,0.007505848,-0.003044289,5.357016e-4,0.005206996,0.00100785,-0.001228116,0.003424633,0.0050097300000000004,0.005592454,0.003205318,1.641454e-5,0.007331773,-2.063623e-4,0.003363847,-0.001971746,1.674846e-5,0.003179683,0.002043674,-4.634487e-4,-0.001988925,0.002566636,-0.002015607,1.807555e-4,-0.002071278,-0.001292201,0.001381286,0.004358579,-0.002142891,-1.293473e-4,5.462398e-5,0.003640098,0.005078064,-1.884813e-4,8.759787e-4,0.001586899,-4.519688e-5,0.001483779,-3.782865e-4,-4.448591e-5,-0.001035139,-4.399767e-4,0.001398765,0.001469748,0.001504638,0,0.001407907,0.001564219,4.901264e-5,-0.001328304,-0.001357209,0.001473808,-5.712051e-4,2.479906e-4,0.002021964,0.001409358,0.004728867,0.004891173,0.004687784,0.008909224,0.02922371,0.08584648,0.09768485,0.06630442,0.03608947,0.03182456,0.03860325,0.04538901,0.05206889,0.0593951,0.06845333,0.07616139,0.08619235,0.09603415,0.1062172,0.1150916,0.1262485,0.1341965,0.1427923,0.1564522,0.1656481,0.1773124,0.1930221,0.2082191,0.2268476,0.2478208,0.2626816,0.2826675,0.2976718,0.3139933,0.3274267,0.3482393,0.3676973,0.3853167,0.4026119,0.4234292,0.4480098,0.4681729,0.4862708,0.5017637,0.521176,0.5392346,0.5515645,0.5695573,0.5857313,0.5962938,0.6080788,0.6221619,0.6262361,0.6456874,0.6435926,0.6522057,0.655043,0.65676349999999994,0.655729,0.659862,0.6679673,0.6720158,0.6712382,0.6812488,0.6781404,0.6864823,0.6873393,0.6907301,0.6981362,0.7008059,0.7095437,0.7262914,0.7409913,0.7559135,0.7667927,0.789317,0.8072249,0.834951,0.8639638,0.8935639,0.9327358,0.9678285,1.017923,1.069598,1.127974,1.18772,1.262997,1.313463,1.353614,1.375636,1.424713,1.441947,1.44098,1.495439,1.508227,1.557295,1.609232,1.451303,1.844174,2.087103,4.112342
513.291,0.007020804,0.004473992,-0.01011513,-0.00671061,-0.001194614,0.008067322,0.001189761,-0.001187683,0.005214217,0.00500338,-0.001821385,0.001447097,3.709377e-4,-3.035678e-5,-0.003896497,-0.002142516,-0.001088687,-0.003960834,-5.238919e-4,1.508366e-4,0.00241127,-0.002367371,0.001453753,-5.529683e-4,-9.442178e-4,-2.063029e-4,8.585835e-4,-3.379936e-6,-7.918175e-4,-0.003244839,-0.002041272,-0.002408597,0.005668958,0.009371185,-0.002005105,-0.003686311,0.00470602,-0.002037816,5.070975e-4,-0.001208246,0.001759803,-2.956537e-6,-0.002362084,0.002329458,-0.003845138,-0.001109818,4.554894e-4,0.003704361,-0.003341509,-0.004150235,0.002666523,0.0011517,0.006855199,-0.001904816,-4.556999e-4,-0.001925025,-3.965962e-4,0.00124853,-0.003559401,-0.002298746,0.002752585,1.049195e-4,-0.003073395,9.170707e-4,3.798984e-4,0.00164512,0.001595564,0.002566606,0.001042835,0.001330736,3.874966e-4,-0.00240634,-0.001121243,-0.001929469,0.001676871,-0.002794987,-1.547972e-4,0.001453353,0.002323955,3.064362e-4,0.001685322,0.001889505,0.002512303,-5.179907e-4,5.799505e-4,-3.307788e-4,8.528289e-4,0.00184277,4.135384e-4,0.001333941,0.00498008,0.004576289,0.00672275,0.02745458,0.08453598,0.1164741,0.07256065,0.03821522,0.03027623,0.0356304,0.04002744,0.0465669,0.05576589,0.06229147,0.07023342,0.07983329,0.0898326,0.09856155,0.1090539,0.1188381,0.1275895,0.1379918,0.1470257,0.1584539,0.1698314,0.1809487,0.1919202,0.2099986,0.227811,0.2434332,0.26446,0.2802222,0.2928132,0.3108287,0.3271818,0.3419818,0.3621266,0.3777992,0.395471,0.4135666,0.4401948,0.4599943,0.4730656,0.489015,0.5090659,0.5198595,0.5380521,0.5551461,0.5677702,0.5793393,0.5915323,0.6066658,0.6132278,0.6211693,0.6300616,0.6266056,0.6376079,0.6385118,0.6423511,0.6406911,0.6451523,0.6532611,0.6575604,0.6642894,0.6631116,0.6591696,0.6677082,0.6692374,0.6770286,0.6817847,0.6988887,0.7090644,0.7247796,0.7347757,0.7520149,0.7644326,0.7919913,0.8152494,0.8435203,0.8767938,0.91369,0.9473215,1.001024,1.043108,1.0983,1.169706,1.212627,1.29566,1.3238,1.360479,1.381011,1.351707,1.401182,1.412728,1.475414,1.450009,1.55804,1.561795,1.597093,1.786047,2.76934
515.623,0.01448704,0.01590509,-0.007391454,0.007572865,0.003258487,0.01616949,0.00912309,0.0110522,0.0162067,0.003125425,0.005697764,0.00230868,0.00450199,0.002765546,0.007764481,0.008791882,0.004744257,9.900108e-4,3.491009e-4,1.504542e-4,0.003209431,0.002704573,4.836732e-4,0.001303151,5.664969e-4,-8.61265e-4,9.53084e-4,0.001985557,0.003623054,0.001695249,-9.321517e-4,0.003856501,0.001772426,0.007344312,0.002713637,-0.00218526,0.001933668,0.004613796,0.005423246,0.004177798,-3.796778e-6,0.002439114,0.003079429,0.007867131,0.004770655,2.119756e-4,0.008617464,0.001732432,0.001675612,0.004183127,0.008702002,0.006661473,0.004204793,0.00319686,0.001204893,0.003303424,-0.001147689,4.642307e-4,0.002378204,0.001585415,0.003240254,-2.668896e-4,0.002392016,-3.654632e-4,0.001200742,0.003533393,0.002264833,0.002339703,1.416013e-4,0.002197036,0.001341359,1.896848e-4,0.003519302,0.002061459,8.286379e-4,0.002454326,0.00163541,-8.489964e-4,-3.719443e-4,-8.838836e-4,7.72962e-4,0.003267244,-4.628643e-4,0.003030245,-0.001311126,7.653141e-4,0.001042204,2.359609e-4,0.002965649,0.003084789,0.004001193,0.0094846,0.02483736,0.102587,0.1474373,0.1077796,0.04279502,0.02981278,0.03255443,0.03814973,0.04404539,0.05082769,0.05925294,0.067416,0.07607281,0.08479325,0.093955929999999993,0.1037607,0.1137925,0.1238244,0.1319407,0.1409863,0.1509785,0.1597768,0.1712084,0.1834376,0.1985399,0.2120367,0.2303143,0.2461008,0.2647899,0.2795215,0.2930277,0.3087147,0.3261422,0.3370749,0.3578481,0.3747938,0.3957419,0.4130581,0.4327653,0.4532154,0.4648618,0.4795665,0.4998925,0.5141468,0.5280256,0.5435312,0.5521168,0.5673218,0.5790162,0.589446,0.5969955,0.6060106,0.6093329,0.6140999,0.6154529,0.6210271,0.6230159,0.6241821,0.6265646,0.6314536,0.6361155,0.6425426,0.6421189,0.6380023,0.6515851,0.649931,0.6597211,0.6676954,0.6831105,0.6882937,0.7063274,0.7117121,0.7328771,0.7569729,0.7777235,0.7956268,0.836113,0.8608244,0.8967543,0.9257867,0.9704104,1.023243,1.071163,1.146749,1.208391,1.25418,1.293311,1.308834,1.370756,1.328853,1.358415,1.428349,1.410639,1.453515,1.479634,1.541027,1.833709,3.645113,5.647422
517.956,-0.01997372,-0.01357289,-0.0116325,-0.00394049,-0.008762848,-0.0213498,-0.01147932,-0.005828399,0.003028811,0.003072244,-0.005407054,-0.0027306,-0.003470496,-0.01103927,-0.001036042,-0.00236661,-0.0070976,-0.003349604,-0.005043692,-0.002415495,-0.004262163,-0.001795497,-0.001446879,-0.0019442,-4.700369e-4,-9.627098e-5,-0.001993282,-0.002870155,-0.001691686,-0.002668986,-0.001849611,-0.00359723,3.125127e-4,-0.001314018,-0.00167749,-0.01481093,-0.003023327,-0.008407395,-0.002942242,-0.004637913,-0.007650918,-0.004857654,-0.003061185,-0.005750353,-0.004967459,-0.002899672,2.235731e-4,-0.004734223,2.107136e-4,-0.00652168,-5.631823e-4,-0.002389344,-0.00635785,-0.005110652,-0.001705872,-0.002587104,-0.005689248,-0.003347712,-0.002814975,-0.005160334,-0.002376207,-0.002815739,-4.258522e-4,-0.002668868,-0.002860449,-0.005137246,-0.001516025,-6.889588e-4,-0.003773938,-0.00191789,-0.00387304,-4.241429e-4,1.347885e-4,1.043528e-4,-0.001492867,-0.00203355,-0.003169641,-3.4557e-4,-0.001254744,-0.001390982,-5.045427e-4,-0.001232716,-0.002591308,-1.466073e-4,-9.83241e-4,-4.313161e-4,-0.001063997,-5.216632e-5,0.001312069,0.003673085,0.005376674,0.01052322,0.09098238,0.2159603,0.1730262,0.06260208,0.0256428,0.02829774,0.03216387,0.03886661,0.04584237,0.05395488,0.05971744,0.06960308,0.07678509,0.08566275,0.09716558,0.1054675,0.1154936,0.1262113,0.1349057,0.1412014,0.1503277,0.1630854,0.1704891,0.1858148,0.1948718,0.2118501,0.2257782,0.2422466,0.2598886,0.2781641,0.2902816,0.3023289,0.3201348,0.3330006,0.351362,0.3666692,0.3832809,0.4020158,0.420286,0.4396532,0.4552262,0.4694684,0.4829378,0.4976986,0.5123868,0.5254334,0.5389981,0.5485278,0.5557767,0.5648049,0.5802623,0.5848702,0.5863407,0.5971696,0.595562,0.5973953,0.6039048,0.6039963,0.6077871,0.6101055,0.6175468,0.6182985,0.627349,0.6271227,0.6288812,0.6302035,0.6384026,0.6476416,0.6549045,0.6737711,0.6787911,0.6997722,0.7081417,0.7326962,0.7545446,0.7754178,0.8019676,0.8284856,0.8661246,0.9054115,0.9404858,0.9975429,1.045472,1.115924,1.156269,1.220669,1.250347,1.279009,1.284924,1.298307,1.330979,1.347605,1.413295,1.417598,1.340528,1.355401,1.380623,0.6663265,1.548831
520.289,4.393161e-4,-0.006114472,0.002710358,0.001756641,6.723415e-4,-0.001804001,0.00343448,-0.004393716,0.005251537,-0.00696209,0.002357381,-0.00252232,8.075884e-4,0.002999357,-2.596958e-4,-0.001183252,2.15823e-4,-0.003148803,-0.003475293,1.496623e-4,-6.657885e-4,6.728672e-4,-0.001541967,-9.237559e-4,-6.574547e-4,9.762676e-5,0.001043072,-0.003463612,6.760729e-4,9.835024e-4,-0.001478612,-4.778463e-4,-0.004983587,-0.00296828,-0.001329603,0.006490289,-0.00466741,0.001286853,-0.003670441,-0.003178734,-0.002464036,0.001209732,-0.001410025,0.004842556,-0.001806261,8.936758e-4,-0.004609574,-0.003006825,-0.002282984,1.909364e-5,-0.004320232,-0.001087893,-3.492262e-4,-0.001372923,1.894423e-4,0.002635502,-3.434062e-4,0.002155721,2.975647e-4,-8.572954e-4,-2.792916e-4,3.390451e-4,8.369351e-4,-0.001450391,-0.003569585,-0.002959033,-0.001866269,-0.001822866,-0.002121151,0.003141367,-0.001543383,0.001186001,0.002424466,-8.722348e-5,0.001308427,0.001792491,-0.002243131,4.998165e-4,-1.596166e-4,9.262921e-4,-0.001196423,-9.079378e-4,0.002056549,3.150827e-5,4.039268e-4,0.001977139,0.001491706,0.002031479,0.003878669,0.003289465,0.008549048,0.05277726,0.2219582,0.2715006,0.1258386,0.0318187,0.0265888,0.0310119,0.03706556,0.04216477,0.04935471,0.05585361,0.06530587,0.07195764,0.08176853,0.08860164,0.09734387,0.1083496,0.1172613,0.127183,0.1355331,0.143222,0.1539736,0.1631875,0.1729726,0.1846624,0.1966576,0.2105315,0.2294898,0.2449197,0.2590196,0.2721882,0.2879695,0.3006119,0.3099423,0.3270029,0.3465578,0.3604662,0.3756288,0.3946239,0.4153189,0.4293795,0.4442781,0.4568945,0.4739375,0.4821309,0.4982183,0.5109918,0.5232227,0.5358583,0.5419398,0.5517592,0.5638978,0.5675512,0.57322360000000006,0.5738212,0.5818133,0.5847005,0.5817655,0.5882003,0.5894577,0.599697,0.596907,0.6007821,0.6092199,0.6045098,0.6100762,0.6159931,0.6231682,0.6293652,0.6421702,0.6537858,0.6671407,0.682293,0.6939981,0.714343,0.7390177,0.7616905,0.7816506,0.8152814,0.851772,0.8886552,0.9268328,0.9694202,1.026731,1.079146,1.13911,1.169753,1.213495,1.243049,1.249239,1.274201,1.297224,1.371319,1.341909,1.33135,1.320343,1.50228,1.678422,1.666834,2.683717
522.623,0.02113667,0.01200015,0.002243871,0.0122237,0.01572007,0.01203926,0.017687,0.01230567,0.00993782,0.003456737,8.708448e-4,0.00416631,0.008524145,0.005246016,0.007195638,0.0049650680000000004,0.007720689,0.003147224,0.001737041,0.004975415,0.004125336,0.00347662,0.002792816,0.001479276,0.002160562,0.003505437,0.002275345,0.005732782,0.00371829,0.003932928,0.003885442,0.0095889,0.01265272,0.008939801,0.007065606,0.01019947,0.006045556,0.002042776,0.009572943,0.004656176,0.004207384,0.003877427,0.009898319,-0.003684341,0.006557277,0.004465401,0.007263389,0.009037192,0.004367194,-0.001379751,0.007720373,0.002392657,0.009850254,0.009055498,0.004790845,0.007393625,0.005275786,0.006450279,0.003557053,0.003154841,0.005406722,0.003462506,0.001207787,0.001779797,0.002203215,0.005495742,0.004955497,0.005313403,0.006454854,0.005304875,0.002041592,0.001538075,4.475424e-4,0.001467343,6.644136e-4,0.002880807,0.002978378,0.002357991,0.002924022,0.001870327,0.001641973,0.001604241,9.339797e-4,0.003579856,0.003398199,0.002810283,0.003836576,0.004524983,0.006753644,0.008688192,0.03313187,0.1592053,0.3043373,0.1983773,0.064627,0.02532546,0.02979279,0.03537948,0.04177478,0.04635946,0.05204874,0.06035329,0.06708207,0.07356455,0.08442414,0.0927976,0.1017023,0.1104222,0.1207961,0.1294366,0.1388446,0.1463301,0.1536162,0.1661498,0.1744818,0.1853977,0.1976044,0.2130138,0.2247431,0.2433927,0.2574392,0.2730404,0.286682,0.2976036,0.3087746,0.3215033,0.3403832,0.3522864,0.3728438,0.3851287,0.4041409,0.4203511,0.4343375,0.4515775,0.4652128,0.4710578,0.4861369,0.4933128,0.5121134,0.5220808,0.5295849,0.5395285,0.5510578,0.5607941,0.5593136,0.560283,0.5646773,0.5657998,0.5660658,0.5747685,0.5732597,0.5786701,0.5848491,0.5863191,0.5849537,0.5916042,0.5984787,0.6014512,0.60927,0.6167105,0.6258474,0.6414471,0.6497585,0.6680715,0.684266,0.6976682,0.7254873,0.7476706,0.7703747,0.8049526,0.8338533,0.8687981,0.9162569,0.9564345,1.014105,1.04424,1.116582,1.141454,1.210526,1.215458,1.24403,1.246907,1.29631,1.345611,1.356026,1.392048,1.461712,1.475415,1.644049,2.93209,8.395232
524.958,-0.00650796,0.001252245,-7.462339e-4,0.01058215,0.007155825,-0.003910137,-0.006680687,0.007653386,-0.02083061,-0.001948451,-0.006850247,-0.001448843,8.078226e-4,-0.002990077,-0.003321309,-0.003998672,-0.004699743,-0.00215524,0.003802786,-3.001362e-4,-5.294846e-4,-0.001562074,-0.001245775,0.001379443,7.475258e-4,-3.791704e-4,6.602848e-4,7.873911e-4,0.00156934,-0.001536184,0.003128664,2.380079e-4,0.002051864,-0.00427693,-0.00100318,9.186252e-4,0.001367526,-0.002284428,-0.005611402,-0.002194147,0.00270159,-0.001933428,5.905078e-6,4.842675e-6,-0.002244931,-0.00776543,-0.00284049,0.0038525,-0.001859337,0.003546592,0.003748535,0.003654148,0.001822357,-0.001936297,-3.378221e-4,6.561737e-4,3.066274e-4,-0.004264968,-0.003088762,0.002849991,-0.00651588,-0.001678611,-0.001883296,-5.689751e-4,0.001952825,-0.00206935,-0.001507145,0.001590457,0.002264858,-0.002631152,-0.003283458,-0.002704786,-2.2138e-4,-0.001961569,0.001209592,-0.0013544,-0.004442831,0.001587143,-0.001615454,-0.001312868,5.326558e-4,8.790583e-5,3.282548e-4,-0.002016878,-0.001129397,0.001658758,0.002599987,0.005010594,0.003811279,0.01041028,0.07078565,0.2402697,0.2312793,0.08376401,0.02717446,0.02500508,0.03026782,0.03416873,0.04051984,0.04648684,0.05420668,0.06045746,0.06875134,0.07749269,0.08412867,0.0958658,0.1010832,0.1126691,0.1223272,0.1305758,0.1388824,0.1462494,0.1558138,0.1646129,0.1728777,0.1827173,0.1970921,0.2078644,0.2223909,0.24019,0.2520908,0.2703812,0.2769927,0.293535,0.303944,0.3151708,0.3322409,0.3448244,0.3596191,0.3767167,0.3929906,0.409024,0.421427,0.4352951,0.4459156,0.4570514,0.4698556,0.4821978,0.4954888,0.5054002,0.5093552,0.518573,0.5255644,0.5349831,0.5384894,0.5454088,0.5496939,0.5439246,0.5504026,0.5502722,0.5560884,0.5570989,0.5645801,0.5668289,0.5680611,0.569869,0.5708755,0.5787756,0.5833244,0.5960517,0.608153,0.6150355,0.6288793,0.6506861,0.6639481,0.6810564,0.6985683,0.7135615,0.7515398,0.7782587,0.8087918,0.8524344,0.8845713,0.9242626,0.9583702,1.01404,1.07168,1.140038,1.138947,1.155004,1.189559,1.194907,1.254676,1.296058,1.269653,1.197356,1.259473,1.353253,1.227931,1.743518,-1.153273
527.293,0.01120506,0.003319582,-0.002993384,0.006068343,0.01911528,0.002755563,0.005699183,0.008114853,-8.851403e-4,0.008086154,0.0113059,4.287402e-4,-8.011273e-4,0.002508339,0.002312771,0.005882284,-0.002771863,0.001762894,0.001556277,2.999204e-4,5.299472e-4,0.003236165,0.002396188,-8.262714e-4,0.00102839,-5.598572e-4,0.002171707,4.933596e-4,-0.00179397,-0.001257109,-3.688655e-4,-0.002623127,0.001463535,0.005262983,0.008018482,-0.003073875,0.002734248,-0.003046494,9.751034e-4,0.001456104,0.007846534,-9.6544e-4,4.672593e-4,-0.002525564,-0.002252626,0.001332928,0.003279953,2.139192e-4,-0.004349334,-0.001779063,0.003748799,-0.001291118,3.460654e-4,0.001412916,-3.288591e-4,-0.001140636,-0.002223819,4.59541e-4,0.003523928,-0.002708247,0.001490911,0.002285374,-8.891682e-4,0.002266803,0.003958957,7.681331e-4,-0.002936249,-0.001282127,-0.001810307,-8.754375e-5,-9.061675e-4,9.49632e-4,0.001472631,0.001923599,0.001982359,8.806574e-4,9.542911e-4,9.384877e-5,0.001719467,-9.741277e-4,-1.645218e-4,0.001729019,0.001612416,0.001185466,0.00138898,0.0024194,0.001183331,0.003884109,0.007409807,0.03159304,0.1154343,0.2149935,0.09525783,0.03003885,0.02481705,0.02768692,0.0340686,0.03661728,0.04462457,0.05048141,0.05759539,0.06448382,0.0703351,0.07913945,0.0874232,0.09745275,0.1055782,0.1136311,0.1233629,0.131672,0.1395787,0.146746,0.1553375,0.1635057,0.1745407,0.1824026,0.1965531,0.2063667,0.2220907,0.2371238,0.2504515,0.2640143,0.2746732,0.2864009,0.2973889,0.3070966,0.3233164,0.3392618,0.3517583,0.3677865,0.3860681,0.4002369,0.4114556,0.424644,0.4357372,0.4489285,0.4612849,0.4679455,0.4788165,0.4912224,0.4979066,0.505932,0.5113855,0.520934,0.5231092,0.5277624,0.5287045,0.5295964,0.5259089,0.5332049,0.5363249,0.5431711,0.5462535,0.5442894,0.5523841,0.5553255,0.5571885,0.5640358,0.5716517,0.5790039,0.5939137,0.604836,0.6173561,0.638305,0.6436624,0.6615462,0.6850877,0.7110765,0.7353453,0.7534647,0.7908366,0.8199122,0.8612512,0.8980715,0.9531427,0.9975581,1.04812,1.102737,1.130389,1.140028,1.167513,1.189371,1.225522,1.252794,1.25795,1.20042,1.215414,1.208917,1.56911,1.960964,2.159346
529.629,-0.01266868,0.001155447,-0.007443064,-0.002213852,0.002883353,0.004937581,0.002082171,-0.004395208,-0.002698049,0.003416538,0.002041006,0.004536278,0.0036322,-0.005012325,0.002286266,-7.080921e-4,0.004471162,0.004887473,-0.00242281,1.455412e-4,0.001587494,-8.928062e-4,-8.649206e-4,-4.578153e-4,-0.001309037,-0.001419546,0.001225866,5.863797e-4,-0.002130381,-0.004188426,0.003496623,-0.004529642,0.007324417,0.007585448,-0.002995756,-0.003668085,-0.005192256,-0.003533438,9.893827e-4,0.001228013,-4.829509e-4,-0.004833082,-0.005152438,0.001165977,9.069726e-4,-6.637375e-4,0.001100973,-0.002348575,0.004550521,6.163437e-4,-0.005422784,0.001843009,-0.002692993,-0.003638781,-0.003161058,-0.002694443,-0.0012049,1.585848e-4,-0.001316138,-0.002277897,-0.003174096,-0.001024412,0.001576964,0.001556858,4.987038e-4,4.384596e-5,5.647779e-4,0.001522427,-2.981739e-4,-0.001212716,1.334825e-4,-7.162967e-4,-9.902763e-5,-2.444453e-4,-0.00055396830000000005,-1.64376e-4,0.001496074,-0.001455689,4.369739e-5,0.001186071,-6.043614e-5,4.564311e-4,6.359798e-4,0.001924224,0.002729317,0.002456326,0.003416496,0.007423745,0.02017411,0.06780862,0.1141305,0.1077762,0.02833897,0.02356594,0.02402235,0.02927874,0.03435072,0.0392029,0.0449243,0.05098024,0.05868788,0.06471584,0.07393994,0.07936609,0.0871797,0.09818851,0.1058825,0.1137869,0.1254485,0.130508,0.1408603,0.1479091,0.1561113,0.164834,0.1731406,0.1826388,0.1948896,0.2048085,0.2184429,0.2336598,0.244372,0.2595837,0.2679493,0.282381,0.2942985,0.3002577,0.3181868,0.3316423,0.3469263,0.3582016,0.3751308,0.386738,0.4009737,0.4136513,0.4246158,0.436916,0.4449356,0.4554363,0.4658325,0.4757954,0.4793608,0.4860568,0.4996671,0.5014351,0.5085234,0.5067301,0.5142419,0.5120104,0.513415,0.5154534,0.5206913,0.5240499,0.5288472,0.5326452,0.5337222,0.5342456,0.5377762,0.5438701,0.5607213,0.5652419,0.5757365,0.5846549,0.6008522,0.6146383,0.6258307,0.6457729,0.6664201,0.6883388,0.7124943,0.7343831,0.7617312,0.7935807,0.8367987,0.8742168,0.9238537,0.9593001,1.026218,1.065866,1.080817,1.074437,1.137431,1.183698,1.18835,1.207404,1.197343,1.232066,1.090608,1.297492,1.623338,1.85573,-0.1297734
531.966,-0.01288147,-3.586556e-4,0.006762097,-0.0108132,0.01072448,0.003421612,0.003537831,-0.01249985,-0.004806161,-0.009237489,2.949884e-4,-0.002933905,-4.224497e-4,-1.298179e-5,-0.00231765,-0.005894377,-0.001931981,-0.001374551,-0.002598742,-0.005109218,-0.005040525,1.113131e-4,-0.001537308,3.699704e-4,2.802676e-4,5.701068e-4,5.667001e-4,-0.001283185,-0.001796454,-0.004475608,1.704169e-7,-7.164312e-4,-0.00642516,0.008920164,-0.01037264,-6.026848e-4,-0.006844221,-0.004313896,-0.004147443,-0.004379042,0.001231783,-2.442854e-4,-0.003519935,6.9697e-4,-0.005174262,-0.003331195,-0.003496789,-0.005570597,-0.006004909,-0.01103816,-0.003744869,-5.318119e-4,3.964782e-5,-0.001916854,-0.004224068,1.798227e-4,-5.951431e-4,-4.473546e-4,-4.3653e-4,-0.002711452,-0.001338733,-0.004085575,8.61901e-4,-0.00457267,3.204328e-4,-0.00321813,3.00427e-4,-0.001075016,-3.27561e-4,8.405738e-4,-0.001632674,1.83149e-5,-6.045847e-4,-0.001015212,-0.001595023,-0.002621277,-6.617453e-4,-0.001090283,-8.790476e-4,0.001967842,-5.58427e-4,-0.001963773,0.001990825,0.001703101,0.003018142,0.003066253,0.005173086,0.01619932,0.05622174,0.08469494,0.0752603,0.0348183,0.01815925,0.02196647,0.02713788,0.03137622,0.03492258,0.04307994,0.04728353,0.05405031,0.0581604,0.06510174,0.07577937,0.08217753,0.09141428,0.09844729,0.1069633,0.1149037,0.1245304,0.132207,0.1401476,0.1467178,0.1558778,0.1628546,0.1716563,0.1823679,0.1925305,0.2026077,0.2165569,0.2301715,0.2421676,0.2581222,0.2659788,0.2781593,0.2875335,0.2957375,0.3138722,0.3212585,0.3366763,0.3522039,0.3657982,0.3807354,0.3930973,0.4012117,0.4151307,0.4280821,0.4305834,0.4433957,0.4519227,0.4633314,0.4691168,0.4769456,0.4805042,0.4891751,0.4917542,0.4950711,0.4969038,0.5025436,0.4943987,0.4971374,0.5070422,0.5097424,0.5096982,0.5160042,0.5227934,0.521292,0.5242784,0.5311516,0.5422016,0.5495416,0.5608956,0.5719514,0.5856962,0.596097,0.6165021,0.6358048,0.6489903,0.6684424,0.7003806,0.7234972,0.7466689,0.7822606,0.8188881,0.8641527,0.8973022,0.9288577,1.005003,1.030926,1.048593,1.058944,1.100989,1.095154,1.143134,1.145898,1.168133,1.142715,1.211163,1.210624,1.072849,1.688068,-2.254189
534.303,0.007436601,-0.007362047,-0.007647207,-0.009233414,-0.003894288,-0.01710195,-0.006002946,0.00119888,0.002066902,-8.30105e-4,-0.006942809,-0.003579838,0.003040451,2.154255e-4,-0.002346279,0.001175235,-0.003662821,-0.003157427,-0.001570323,0.002109308,-9.34739e-4,2.234658e-4,-5.804893e-4,-7.370069e-4,-0.002538814,-0.002199065,-8.558453e-4,0.001380923,-7.901545e-4,4.218195e-4,-0.001480535,0.0016787,0.005029582,0.002675078,-0.004697076,6.356239e-4,-0.00467469,-0.001523243,-9.745985e-4,0.006380551,2.622002e-4,-2.537526e-4,-0.002354783,-0.003671989,-0.004062892,0.00402449,-0.001313882,6.515771e-4,0.002502702,0.001221904,0.002274166,-0.001250556,0.003512627,0.0039356,-6.486764e-4,0.001363759,-2.504437e-4,-0.001194603,0.001049162,-5.707524e-4,0.002632509,-6.174094e-4,-0.001866948,0.001196327,5.693069e-4,-4.455239e-4,3.015245e-4,0.00067921120000000005,4.034945e-4,8.714459e-4,-4.739506e-4,6.952915e-4,3.452099e-4,-4.020344e-5,0.001179837,5.322447e-4,0.002054235,0.002020895,-4.870418e-4,7.449067e-4,1.141382e-4,0.002146515,0.00207954,0.002752537,0.003683869,0.001752905,0.01115007,0.04020192,0.09033053,0.0716352,0.0381388,0.01913726,0.02375577,0.02400756,0.02890123,0.03282696,0.03894675,0.04556649,0.04842022,0.05501604,0.06182135,0.06770486,0.07730827,0.08577011,0.09345043,0.1017369,0.1092011,0.1172227,0.1247134,0.1329776,0.141649,0.1487007,0.1554484,0.1629857,0.1741967,0.1806788,0.1917322,0.2021957,0.2159473,0.2312003,0.2398837,0.2532265,0.2636298,0.2731314,0.2861603,0.2922968,0.3068372,0.3188872,0.3297701,0.3438783,0.3613162,0.3715005,0.3826313,0.3901919,0.4063228,0.4136834,0.4243879,0.435189,0.4395042,0.4531259,0.4576977,0.4616371,0.4711492,0.473319,0.4782132,0.4838702,0.4821985,0.4849427,0.4884783,0.4875537,0.4880542,0.4926952,0.4951533,0.500009,0.5095842,0.5113783,0.50945530000000006,0.5173919,0.5287493,0.5330076,0.5444437,0.5570546,0.5706066,0.591969,0.59663,0.6162732,0.6386556,0.6560016,0.682494,0.7048743,0.738015,0.7755722,0.7986396,0.8309933,0.8816653,0.9323038,0.967136,1.013098,1.028758,1.049939,1.083383,1.115792,1.116849,1.169602,1.159648,1.141431,1.20091,1.21453,1.517507,1.287587,1.613667
536.641,0.004276655,0.00765236,0.007451719,-4.336728e-5,-0.01606096,0.008720782,-0.0118982,0.001401761,0.004820537,-0.005804951,5.883909e-4,-0.002951584,0.003072492,0.004797312,-0.001038044,-0.001666528,6.529769e-4,0.004956237,0.002800743,0.001062514,9.389777e-4,-0.003616044,7.771551e-4,4.662346e-4,0.002082755,-4.761416e-4,5.721845e-4,0.00189175,-5.681443e-4,-0.003677768,-0.002050113,0.002415186,3.05359e-4,0.001671272,0.009477705,-0.004661772,-8.303209e-4,-0.002824747,0.003213935,2.460384e-4,2.546357e-4,7.358811e-4,-0.003324659,-0.0011522,-9.157948e-4,-6.716962e-4,0.001330696,6.52177e-4,2.409676e-6,0.004393165,-1.85762e-4,5.382022e-4,-0.003129881,0.002849837,0.001220826,0.003127617,-0.002685877,9.24641e-4,-4.478215e-4,-0.002309292,-0.003422748,-0.002394457,-7.159846e-4,0.001907681,-0.002140431,0.00156941,0.002294779,0.002587718,-3.400745e-4,-8.071108e-4,-0.003541693,4.482392e-4,4.015634e-4,0.001833807,0.003253137,8.138243e-4,-6.849346e-4,-3.544769e-4,-5.541336e-4,0.001254981,0.001578138,0.001707425,0.0032221,0.001952559,0.003782458,0.00759313,0.0328756,0.08457701,0.08891009,0.03807047,0.01890755,0.01813118,0.02352282,0.02597477,0.03157813,0.03620719,0.03904051,0.04458683,0.05144988,0.05816882,0.06388433,0.07061482,0.07889564,0.08485387,0.09389965,0.103229,0.1102811,0.115983,0.1271572,0.1335378,0.1416437,0.1512297,0.1564109,0.1641794,0.1726583,0.1807267,0.1914349,0.2020903,0.212022,0.2283022,0.2389511,0.252629,0.2592877,0.2692541,0.2780379,0.288024,0.3013319,0.3135944,0.3261107,0.3398513,0.3516038,0.3623085,0.3741612,0.3805832,0.3933914,0.4074894,0.4139868,0.4188948,0.431297,0.4378294,0.4491753,0.4528459,0.4610274,0.4586324,0.464237,0.4668566,0.471979,0.4677098,0.4722377,0.4772707,0.4811055,0.4833038,0.4857128,0.4891589,0.4925465,0.4947642,0.4988072,0.5100846,0.5132415,0.5260847,0.5386004,0.5454412,0.5606201,0.5765283,0.5852847,0.602209,0.6235032,0.6486126,0.6748212,0.6955943,0.7243942,0.7477984,0.788438,0.8214745,0.8573687,0.9089911,0.9403732,0.9809807,1.004423,1.036467,1.059335,1.070444,1.081706,1.101588,1.075193,1.048598,1.121694,1.066374,1.262507,2.588868,0.6546311
538.979,-0.009805503,-0.02059554,-0.01293979,-0.02957718,-0.03104874,-0.01580369,-0.01714493,-0.008787062,-0.008798811,-0.005464034,-0.001215224,-0.005927471,-0.001029447,-0.0109232,-0.005739313,-0.004078032,-0.007405977,-0.005389663,-0.005993992,-0.0073426,-0.003781398,-0.001933952,-0.004495445,-0.001031382,-0.002859774,-0.001931434,-0.002117104,-0.001304864,-0.004230632,-0.005412092,-0.008819448,-0.002431962,-0.00564192,-0.009082477,-0.004087987,-0.007205522,-0.004181817,-0.006200755,-0.008213765,-0.001982424,-0.003756757,-0.004923253,-0.001911951,-0.006064162,-0.005724335,-0.007236072,-0.01316213,-0.007638978,-0.002951633,-0.00100976,-0.003056384,-0.002599215,-0.005909466,-0.002871553,-0.003618492,-0.006277332,-0.001921823,-0.004807154,5.971745e-4,-0.005522603,-0.002976756,-0.003968248,-0.00279855,-0.005186709,-0.003729518,-0.001463709,-0.003841066,-0.00494152,-0.006109961,-0.004978285,-0.00394024,-0.002934733,-0.00160009,-0.00197137,-2.942117e-4,-1.859551e-4,-0.001055335,-9.32913e-4,-0.003398992,-6.013558e-4,-0.00171803,-1.550968e-4,-3.820676e-4,9.368416e-4,3.184588e-4,0.02311661,0.07454952,0.1028171,0.05052137,0.01719667,0.01563767,0.02018465,0.0231563,0.02598686,0.02952764,0.0343115,0.03969691,0.04586859,0.04972026,0.05670054,0.06584447,0.07218451,0.08084639,0.08543236,0.09538349,0.102224,0.1094517,0.1159526,0.1265056,0.1335874,0.1405292,0.1491875,0.1554084,0.1621483,0.1688038,0.1804019,0.1883049,0.1985572,0.2125163,0.2237044,0.2373279,0.2450076,0.2570674,0.2667129,0.2755152,0.2823583,0.2939489,0.3089687,0.314595,0.3285527,0.3413255,0.3548652,0.3656494,0.3771755,0.3856248,0.3925061,0.4009284,0.41183380000000003,0.423441,0.4265623,0.4353259,0.4391667,0.4460454,0.4507423,0.4524209,0.4585791,0.4571491,0.4577021,0.4635586,0.4635644,0.4661889,0.46798,0.4781159,0.4743807,0.4806818,0.4796185,0.4857801,0.4902505,0.4970783,0.50832599999999994,0.5156457,0.5380367,0.5454884,0.5546408,0.576458,0.587867,0.6084777,0.6304612,0.6590105,0.6781579,0.6967771,0.7350545,0.7693012,0.7924744,0.8483114,0.8882501,0.9248198,0.9540121,0.9813955,1.017899,1.004262,1.061095,1.03943,1.082488,1.02116,1.024117,1.011834,0.953049,0.9888326,0.4016109,-0.3538084
541.318,0.01423613,-0.002028444,-0.003666162,-0.006239793,0.005591881,0.007407467,-0.003298526,-0.007250826,0.003107084,-0.002340901,-0.001822504,-2.269144e-5,-0.001664361,-1.43243e-6,0.001840384,-0.003378175,0.0028479,1.991553e-4,0.001239655,-0.002153013,-0.00176373,-0.00182951,0.002159822,0.001227233,0.001149448,-0.001065846,5.805422e-4,-8.099726e-4,0.001149132,1.429955e-4,0.003394241,-0.009531401,-8.954825e-4,-0.010126,0.003772087,0.006305141,-0.003921769,0.004162924,0.007003226,-0.003237805,-0.008049521,-0.007176924,0.003124046,-0.003992256,0.007598401,0.002045156,0.00493615,-0.00131647,2.124849e-4,0.002226827,-0.004416428,0.005447367,-0.003360539,0.002324371,-0.002410369,-0.003824032,-0.00113269,-2.939531e-4,1.500645e-4,-0.001752882,0.002143256,8.736774e-5,2.765312e-4,-0.002451584,-0.001512031,-0.001041726,-0.00220106,-1.172701e-5,2.59262e-4,-0.001153436,-2.199055e-4,0.004649137,-5.313814e-4,2.197384e-4,8.579059e-4,8.867777e-4,0.001392651,-0.001502578,8.49926e-4,0.002016807,0.003284858,7.8897e-4,0.002438917,0.001668585,0.01724108,0.06294233,0.1133135,0.08063316,0.0237351,0.01522451,0.01876313,0.02124001,0.02518837,0.02860435,0.0348311,0.03939195,0.04486394,0.04837211,0.05406489,0.06191151,0.06630561,0.07673496,0.08162212,0.08840906,0.09668669,0.105612,0.111734,0.1195925,0.1269858,0.1347066,0.1420264,0.14914,0.1543366,0.1638156,0.1703879,0.1769089,0.1876858,0.1972417,0.2083819,0.2219322,0.2336321,0.2425699,0.2532579,0.2609026,0.2711407,0.2745474,0.2894677,0.3018754,0.3102202,0.32408,0.3372205,0.3493481,0.3566006,0.3692112,0.3777472,0.3856702,0.3916367,0.4012699,0.4092917,0.4122812,0.4191221,0.4282714,0.4310429,0.4386091,0.4410583,0.4415489,0.4445369,0.447418,0.4484206,0.4485683,0.4566849,0.4582952,0.4574489,0.4619015,0.463204,0.4701206,0.4724426,0.4756102,0.4903149,0.4965329,0.5087535,0.5231648,0.5329316,0.5526768,0.5585194,0.5749546,0.5926004,0.6169236,0.6353669,0.6610885,0.6919356,0.7194374,0.7429983,0.7908457,0.8155093,0.8550797,0.8892303,0.944326,0.9542531,0.98412,1.023622,1.027863,1.031431,1.043571,1.07053,1.111286,1.001395,1.142098,1.595603,1.975834,5.979981
543.658,-0.01029524,-0.01456777,0.002469833,-0.01103806,-0.01823641,-0.01564742,-0.006997693,-0.02260164,-0.0142595,-0.01381457,-0.003990145,-0.008325108,-0.00811297,-0.006908096,-0.005249048,-0.009901114,-0.00483051,-0.005029182,-0.007984041,-0.002463058,-0.002719393,3.438659e-4,-0.001869441,-0.003965271,-0.002781654,-0.001559947,-0.001455311,-0.005760045,-0.002530517,-0.003153366,-0.002077802,-0.006118112,-0.00810859,-0.008443189,-0.006172984,-0.01133455,-0.006173174,-0.01690211,-0.00601123,-0.008739001,-0.003021141,-0.006195424,-0.00505296,0.002581628,-0.002992161,-0.007283189,-0.005157528,-0.007029978,6.366424e-4,-0.008694723,-0.00826064,-0.0060248,-0.007227607,-0.01007402,-0.003789581,-9.891051e-4,-0.003036845,-0.00515334,-0.00437053,-0.005849937,-0.00341765,-0.001096662,-0.004315805,-0.004420585,-0.001086247,-0.004998318,-0.007077049,-0.002598621,-0.001912692,-0.002420885,-0.001367181,-0.001962893,-0.002019772,-0.004568463,-0.003565251,-0.002450295,2.335239e-4,-0.002076338,-0.001648535,0.001846199,-0.001109369,-9.823055e-4,0.00189153,0.01247214,0.04515199,0.1036103,0.08871274,0.0345953,0.01310799,0.01363565,0.01593189,0.02040227,0.02441227,0.02919355,0.03270815,0.03803331,0.0413398,0.04957027,0.05622354,0.0587645,0.06793242,0.07373097,0.08023791,0.08771167,0.09400832,0.1018217,0.1096649,0.1179921,0.1281143,0.1327588,0.1408846,0.1466904,0.1527963,0.1608819,0.1675632,0.1741155,0.1865332,0.1933853,0.2061205,0.2133544,0.2257902,0.2378146,0.2441793,0.2593875,0.2622728,0.2684564,0.2817723,0.294407,0.3010037,0.3122297,0.3222001,0.3345423,0.3471976,0.3563556,0.3593472,0.3688765,0.3775059,0.3890805,0.391323,0.4018269,0.4062908,0.4117113,0.4220058,0.4265968,0.4258186,0.4282096,0.4306491,0.4279647,0.4356915,0.4333134,0.4345225,0.440388,0.4474342,0.4499038,0.4526549,0.4541012,0.4603347,0.4619913,0.4674756,0.4823218,0.4944479,0.5045535,0.5151457,0.5290577,0.5422909,0.5615297,0.5731033,0.5928742,0.6234349,0.6382632,0.6712485,0.6974071,0.7254435,0.7557382,0.8003683,0.8349518,0.8656397,0.8985081,0.9285229,0.9512905,0.9590386,0.9782122,1.000302,0.9968275,0.9926331,1.022576,0.9617383,0.9979079,0.7460261,0.3696653,-3.174787
545.998,-0.0103219,5.693733e-4,-0.01108916,-0.003595044,-0.01080373,0.001696833,-0.01352501,-0.01433674,-0.008057995,-0.00475199,-3.092404e-4,-0.004717267,-0.001255654,-0.002563869,-0.008957038,-0.008233581,0.001528648,-0.005646282,-0.003915849,-0.002625088,-0.001501015,-0.002641049,-8.881756e-4,3.788308e-4,-8.65006e-4,-0.00244301,-0.002134531,7.09001e-4,0.001613129,-0.003161405,-0.002272251,2.446546e-4,-0.001794816,-0.004053036,0.004468125,0.003793558,-0.001688947,-0.004170902,-7.482933e-4,-0.002001409,-0.002776235,-0.002726455,-0.008686149,9.416359e-4,-0.005547547,-0.004335641,-0.001798556,-0.00462487,-0.004256154,-0.004043217,9.604141e-4,1.910053e-4,-1.699407e-4,0.002193889,-0.002962254,1.54136e-5,-0.004517221,0.002370854,-0.001663619,-0.003372102,-0.002425405,0.001337754,-0.002642392,0.0018417730000000001,-0.002297553,-0.003713283,-0.002439662,9.006717e-4,-0.001354901,-0.003622929,-0.001474598,8.997966e-4,-0.002792873,-0.004419552,-8.932608e-4,-0.002487828,0.004041135,7.069447e-4,7.907692e-4,-9.431997e-4,0.001184589,0.002621315,0.009116518,0.03952219,0.07396584,0.1055453,0.04804575,0.01318904,0.01460242,0.01718591,0.01963955,0.02217032,0.02635725,0.0307669,0.03594881,0.04100907,0.04592748,0.05103724,0.05533819,0.06282522,0.06810743,0.07560783,0.08159461,0.08886657,0.09639947,0.1041389,0.1107602,0.1171575,0.1257042,0.1311681,0.1397406,0.1445498,0.1499486,0.1573356,0.1643888,0.1736113,0.1806729,0.1912801,0.2017502,0.2124232,0.2218965,0.2351471,0.2394484,0.2477794,0.2543227,0.2632232,0.2749507,0.2833003,0.2920824,0.3079898,0.3168649,0.3266381,0.3344247,0.3443557,0.3511412,0.3575781,0.3692097,0.3742237,0.3848439,0.3883325,0.3975853,0.40315,0.404406,0.4104608,0.4086661,0.4154259,0.414071,0.4145048,0.4174077,0.4192373,0.4252607,0.4273365,0.4304028,0.4331014,0.439906,0.4456406,0.4431403,0.4499367,0.4597572,0.4627411,0.4802151,0.4918124,0.5055983,0.5165915,0.5326788,0.5437098,0.5629054,0.5811506,0.6038271,0.6185166,0.6478035,0.685539,0.7062432,0.7380942,0.774789,0.8140027,0.8383693,0.8757235,0.9105776,0.9281861,0.9695533,0.955689,0.9787659,1.001666,0.9706674,0.9496096,0.9554892,0.7821357,0.7783595,0.4393569,-1.419275
548.339,0.01957468,0.01986435,0.01374292,0.003288324,0.009674985,0.01310168,0.009371995,0.01127888,0.009380007,0.01344305,0.00947416,0.002557815,0.005418383,0.003330805,0.01475448,0.009210975,0.003961847,0.01008445,0.00569776,0.001698139,0.003136197,0.001723892,0.001678926,0.001990002,0.00154045,0.001456337,0.002818356,0.003039843,0.003580386,0.001870765,0.0020854,0.006633124,-0.001799731,0.004414714,0.01102123,0.006969184,0.01295441,0.01409877,0.005531227,0.01052527,0.006834246,0.006464694,0.004833037,4.681968e-4,0.006713737,0.006173332,0.005639746,0.003970335,0.005753785,0.002434474,2.000102e-4,0.003973391,0.002446667,0.00199038,0.004365025,0.006214836,0.003075523,0.004397019,0.006370813,0.004111604,-7.569276e-4,0.004287123,0.003138445,0.001512927,0.003966244,0.0068944,0.004809671,7.688121e-4,0.00304243,0.003996517,0.00444721,0.00210112,0.003862956,0.001823448,0.003737938,0.00365492,0.002959938,0.005012974,0.00373299,0.003666827,0.004981226,0.004809529,0.03038056,0.08001728,0.08417093,0.07028938,0.02076216,0.01459856,0.01619295,0.01845451,0.02160078,0.0256788,0.03081061,0.03505569,0.03725468,0.04210739,0.04584925,0.05451332,0.05780247,0.06534286,0.071495,0.07802207,0.08512373,0.08793898,0.09605237,0.1031539,0.1100864,0.1158393,0.1248193,0.1324018,0.1378502,0.1435873,0.1503249,0.1576371,0.1633797,0.1702675,0.1785317,0.1875834,0.1977278,0.2093907,0.2220905,0.2287755,0.2375736,0.2414326,0.2517978,0.2570979,0.2664113,0.278072,0.2855395,0.2973889,0.3095892,0.3165312,0.3254481,0.332801,0.342575,0.3484802,0.3544454,0.363514,0.369795,0.3765022,0.385178,0.3860844,0.3898054,0.3946674,0.4008836,0.403865,0.4053492,0.4027157,0.405622,0.4060805,0.4076754,0.4113073,0.4190734,0.4192906,0.4273334,0.4288406,0.4366384,0.4398358,0.4434076,0.4599132,0.4664539,0.4794837,0.4867157,0.5027629,0.5146582,0.5275529,0.5402096,0.5671365,0.5869391,0.6101466,0.6350586,0.652429,0.6812538,0.7175877,0.7492116,0.7805233,0.8167179,0.8655417,0.8834004,0.9093177,0.91929,0.9445916,0.9669258,0.9668786,0.9692454,0.9605468,1.06419,1.04583,1.485387,2.109224,3.69585
550.68,-0.008272736,7.441116e-4,-0.002114663,0.003994492,7.326276e-4,0.01650037,-0.007026195,-0.001554891,0.002603591,-0.001248522,-0.003450794,-0.001315389,-0.002106869,0.003859443,0.005528319,0.001691282,0.002854206,-0.001221378,0.001067506,-0.001090846,0.003280415,-2.310163e-4,-0.001985891,0.002090279,-7.733368e-4,-7.901984e-4,-9.78006e-4,-5.155095e-4,-0.004285811,-0.001731517,0.001328773,-0.001480343,-0.001800873,-0.00712235,0.002769424,0.002223658,-0.00452015,-0.003656713,-0.004532298,5.106406e-4,5.145779e-4,-0.007984571,0.004845087,0.001898427,-0.006026818,-0.003206653,-0.004964708,-0.001102004,8.552385e-4,0.001446077,-0.005404328,-0.002053587,0.001699869,0.002382118,-0.00240559,1.69331e-4,0.001006583,-0.002493755,-2.978228e-4,0.002355244,3.371911e-4,-4.793394e-4,-9.002404e-4,-3.556656e-4,-0.002104746,-0.006451893,0.002417273,-0.003351105,5.478021e-4,-0.001497184,-0.001443337,-0.001978213,7.88943e-4,-4.068776e-5,-0.001286309,0.002173011,2.837429e-4,1.574219e-4,0.002499953,0.003713073,0.005778996,0.02345423,0.07328922,0.09333548,0.05056994,0.02662711,0.01292362,0.01412027,0.01768231,0.01817549,0.02165836,0.02556226,0.02881778,0.03406866,0.03743421,0.04201046,0.04850886,0.05367937,0.05716154,0.06158793,0.07071859,0.07613286,0.0828588,0.08777075,0.09621178,0.1033604,0.1094362,0.1154132,0.1243782,0.130078,0.1364578,0.1431009,0.1466267,0.1520326,0.1576769,0.1669233,0.1722991,0.1814146,0.1925695,0.201721,0.2137085,0.2219385,0.2306716,0.2375789,0.2448083,0.2492729,0.2595001,0.270815,0.2742236,0.2898293,0.2972236,0.3065787,0.3173694,0.3236022,0.329856,0.3402428,0.3438379,0.3491099,0.3531463,0.3601245,0.3694607,0.3752351,0.3782196,0.3827556,0.3860032,0.3887813,0.387734,0.3876237,0.3916943,0.3914603,0.3937951,0.3975281,0.4065304,0.4076759,0.4062434,0.4143768,0.4172149,0.4195822,0.435553,0.4356147,0.4555618,0.4641662,0.4725683,0.4845524,0.5016711,0.517427,0.5292015,0.5546245,0.568927,0.591077,0.6088348,0.637632,0.654973,0.6961337,0.7229491,0.7492075,0.7987578,0.8209082,0.8405532,0.8628966,0.8853252,0.9034652,0.9144637,0.9118687,0.9081963,0.8981716,0.9283603,0.8699085,1.305128,1.55742,8.904539
553.022,-0.0177987,-0.007336937,-0.008037394,-0.01686357,-0.009955124,-0.01337334,-0.01435543,-0.005030813,-0.0139955,-0.006400159,-0.006162301,-0.006025273,-0.002715039,0.003859371,-0.006906342,-0.005852909,-0.004648356,-0.00284091,1.722993e-4,-0.004970559,-0.003702655,-0.004735761,-0.002679037,-0.002855895,-0.001258319,-0.002550857,-8.788564e-4,-0.002447167,-0.003134807,-0.002604104,-0.003048109,-0.007156791,-0.009069342,0.002391872,-0.00484321,-0.008897689,-0.004529877,-0.007341448,-0.004039429,-0.005530103,0.00203608,-0.01175309,-0.0111662,-0.009000159,-0.001627404,-0.003442258,-0.004529919,-0.007975947,-0.001069728,-0.008760045,-0.005621496,-0.007772114,-0.003741925,-0.001768941,-0.004703093,-0.005519682,9.897846e-4,-0.005032918,-0.005326081,-0.003540423,-0.0020026,-0.004078474,-0.001112846,-0.004309451,-0.004072016,-0.002237072,-0.002464512,-1.131943e-4,-0.003025477,-0.004306258,-0.00123545,-0.002540196,-6.25834e-4,7.774982e-4,-8.121748e-4,-1.538488e-4,0.003222418,0.001206021,0.001363348,0.001914542,0.01666257,0.05296259,0.09714399,0.0648564,0.02182469,0.01068606,0.01081402,0.01326715,0.01696572,0.01786802,0.02165505,0.02516458,0.02870851,0.03343298,0.03814168,0.04293353,0.04625672,0.05214368,0.05759353,0.06353725,0.06997115,0.07661343,0.08143112,0.08745219,0.09382108,0.1000761,0.1067629,0.1140853,0.1209553,0.1262047,0.1336957,0.137824,0.1427489,0.1499285,0.1563861,0.1637818,0.1711827,0.1790742,0.1876351,0.198233,0.2067913,0.2187416,0.2263122,0.2283435,0.2345789,0.2404844,0.254251,0.2606307,0.2684911,0.2742831,0.2869603,0.3003656,0.3020918,0.3141157,0.3181614,0.3253407,0.333936,0.3377676,0.3432505,0.3519302,0.3569152,0.3628486,0.3643954,0.3687171,0.370152,0.3730196,0.3724886,0.3761775,0.3734546,0.3789939,0.3796783,0.3848427,0.3864969,0.3887009,0.3971459,0.3996598,0.4035366,0.4088131,0.4114188,0.4219665,0.4384833,0.4505778,0.4606786,0.4755167,0.4815883,0.5012169,0.5155723,0.5325308,0.5501275,0.5702554,0.5885359,0.6198181,0.6391235,0.6649229,0.7071273,0.7279985,0.766612,0.7973367,0.8194649,0.8425585,0.8585354,0.8573013,0.8624507,0.8733857,0.8799709,0.8655132,0.855841,0.8869637,0.6987859,0.4675664,3.057328
555.364,0.005514548,-0.004081092,-0.001190711,-0.01526527,0.006174516,-0.003261262,-0.01417259,-0.004408202,-0.00353497,0.001980075,-0.001857997,-2.045882e-4,0.001052751,-0.006723787,-2.491687e-5,-0.002195611,-0.003545428,4.052546e-4,-0.003042574,-0.002487139,-0.002058065,-8.098981e-4,-8.914954e-4,6.672548e-4,2.91596e-4,-6.902771e-4,-0.001662799,-0.001426719,-0.001043979,-0.004050945,-0.001907376,0.004697209,0.001504798,-0.007518098,-0.009691469,-9.499161e-4,-0.004812867,-0.003416074,-0.001013382,-0.004785532,0.003308061,-0.004750612,-2.430768e-4,-0.00118964,-0.001398903,-0.003677256,-0.005893812,-0.001773809,4.28648e-4,-0.003054857,-0.005624366,-0.005304345,-0.0026147,-0.002897876,-0.001232659,6.820323e-4,-9.620648e-4,0.001424697,-0.001363862,4.265774e-8,0.003473178,-0.002900174,-2.843443e-4,0.003221765,-0.002730683,-0.00254708,2.769347e-4,-0.002769474,5.902131e-4,-2.337884e-4,-5.71319e-4,0.003097551,-7.017616e-4,0.001387187,3.3729e-4,0.006355791,7.360814e-4,0.004271385,0.001103649,0.009849082,0.0486737,0.09715177,0.08410599,0.03100787,0.01270976,0.01117317,0.01369523,0.0154193,0.01843194,0.01993646,0.02500728,0.02485494,0.02958868,0.03405385,0.03731591,0.04281337,0.04904138,0.0519214,0.05842573,0.06515196,0.06966071,0.07654374,0.08064558,0.08902435,0.09279003,0.1000898,0.1064101,0.1138159,0.1210294,0.1273889,0.1343914,0.1368484,0.1413843,0.1477845,0.1537561,0.1585903,0.1682509,0.1751047,0.1849068,0.1952277,0.2014407,0.2126376,0.2141183,0.2258025,0.2294218,0.237584,0.2475873,0.2537685,0.2604669,0.269993,0.2771968,0.2850598,0.2922458,0.3021438,0.3086079,0.3120803,0.3202374,0.3261456,0.333727,0.3381898,0.3444813,0.3508338,0.3526183,0.3543746,0.356258,0.360597,0.3595546,0.3608109,0.3631463,0.3626422,0.3686061,0.3734639,0.3767281,0.3752752,0.385862,0.3837818,0.3879233,0.3974773,0.4051428,0.4115354,0.4216399,0.434838,0.4387841,0.4583457,0.4673833,0.4864808,0.4936715,0.5089362,0.5399047,0.5494071,0.5739875,0.6000519,0.6247965,0.6502792,0.6858137,0.7136288,0.7324034,0.7703349,0.7950744,0.8111298,0.8288,0.8451915,0.8349976,0.8427965,0.8722814,0.8902027,0.8791924,0.6997041,0.6796661,0.5207849,1.245854
557.707,0.01918463,-0.007950118,0.005639321,0.003251863,0.002023087,0.01642713,0.01045003,-0.005484898,0.01579041,0.001145617,0.003057912,8.345841e-4,-0.001910134,0.004119769,2.55735e-4,0.004643023,0.001330044,0.003871147,0.002875904,0.001561454,0.002479218,-6.975861e-4,-6.993249e-4,6.707878e-4,4.853338e-4,4.842978e-4,-0.001179639,-2.036995e-4,0.001282175,-5.808948e-4,-0.004786359,0.006695675,-0.002417606,0.008229603,0.004876749,-0.007338564,-0.002275718,-0.002110616,-0.004568579,-0.001265469,0.002814316,-5.098909e-4,-0.001951728,-7.127582e-4,-0.007479755,-0.004152293,9.110073e-4,0.008464711,0.001937411,0.004715212,-5.823771e-4,-0.004007743,-0.001869477,1.947586e-4,-8.734048e-4,0.00272675,-0.001751089,9.540941e-4,0.002144849,-0.002224218,0.002072291,-4.523811e-4,0.001432394,5.050769e-4,0.003028615,0.001071443,-9.151464e-4,-1.548652e-4,-8.527301e-4,-0.001526042,-0.002956527,0.002279398,0.002633904,0.002148158,0.004539313,0.001471669,0.005793192,0.00565709,0.010161419999999999,0.0597969,0.09565027,0.09158886,0.043022,0.01115911,0.009647922,0.01365071,0.01481596,0.01312711,0.02039,0.02106042,0.0260931,0.02879837,0.0314929,0.03650383,0.0389864,0.04524149,0.04837118,0.05423024,0.0585266,0.06451997,0.07178318,0.07720598,0.08222402,0.08713641,0.09176958,0.1011207,0.1045728,0.1109869,0.1182007,0.125131,0.1297921,0.1342334,0.139062,0.1446547,0.14972,0.1560489,0.162845,0.1687112,0.1806476,0.1899505,0.1970354,0.2031996,0.2109364,0.2168536,0.2232552,0.2308623,0.2386443,0.2463459,0.254194,0.2632609,0.2660675,0.2770286,0.28589,0.2960568,0.2998054,0.3030007,0.3112436,0.3182673,0.322257,0.3259461,0.3326747,0.3337374,0.3416005,0.3450939,0.3452739,0.348426,0.3485794,0.3485049,0.3499513,0.354397,0.3553639,0.3579394,0.362169,0.3682607,0.368982,0.3735086,0.3752436,0.3799601,0.3901493,0.3997402,0.4082885,0.4229402,0.4286136,0.4427119,0.4556053,0.4666879,0.4825755,0.4989284,0.5169054,0.5300963,0.5577407,0.58123880000000006,0.6013436,0.6392959,0.6632241,0.6937283,0.7242155,0.7441721,0.7653575,0.7803525,0.8006966,0.8129643,0.8117651,0.8166574,0.8526426,0.806413,0.9383105,0.8110422,1.206964,0.6532834,-0.8227727
560.051,0.01425599,3.97475e-4,-0.004767632,0.003421284,-0.008195273,-0.014669,0.001942105,-0.01598957,0.008527549,8.129859e-4,-6.938007e-6,1.959717e-4,0.002522349,5.250366e-4,-0.003194424,0.003190722,-0.004014246,-0.003060093,0.001620969,0.001253728,-0.001108818,-9.326858e-4,-4.025112e-4,2.885552e-4,7.787757e-4,-2.057302e-4,-0.001281242,-0.001127706,-0.001053878,-5.005703e-7,-7.71287e-4,-0.00497844,0.001520529,-5.181286e-6,-0.007675578,0.001929049,-5.711935e-4,0.0137568,-0.001784371,0.01040944,-0.006409884,-7.523741e-4,0.007832703,-4.716876e-4,0.002812507,0.00648535,-4.549354e-4,0.00491558,-0.002806873,-0.003288169,7.809474e-4,0.002285492,-7.417868e-4,-0.004413011,0.001256773,0.003231184,-0.001299597,7.946536e-4,-0.002303551,1.487627e-4,-0.004253058,0.002329624,-0.001413432,0.00195409,9.983592e-4,-4.330506e-4,3.92559e-4,-8.783766e-4,7.365729e-4,-9.521279e-4,9.464476e-4,0.001677712,1.380753e-5,0.001618698,0.002234171,-2.740385e-4,0.004032404,0.01034029,0.05033169,0.1517059,0.1126921,0.05661674,0.01327203,0.00938576,0.01000231,0.01189368,0.01583884,0.0162083,0.0211833,0.02309672,0.0250107,0.02923404,0.03253281,0.03601421,0.03988012,0.04358347,0.04837219,0.05364244,0.05850926,0.06367287,0.06861627,0.0743255,0.08054073,0.08382633,0.0936996,0.09692438,0.1038898,0.1085577,0.1171697,0.1218737,0.1278212,0.1312701,0.1382172,0.1418149,0.1473176,0.1524412,0.158593,0.1664024,0.1740272,0.1842198,0.1939143,0.2016588,0.2032276,0.2093136,0.2172132,0.2204659,0.2298593,0.2388404,0.2466999,0.2514232,0.262287,0.2682296,0.2748391,0.284321,0.2865336,0.2936,0.3001609,0.3042865,0.310225,0.3126195,0.319641,0.3253373,0.32749,0.3286678,0.329181,0.3344014,0.3391225,0.334945,0.3384865,0.3400861,0.3432418,0.3496756,0.3538351,0.3543367,0.3528572,0.3611044,0.3602148,0.371363,0.3783416,0.3893005,0.3955612,0.405515,0.4170921,0.4292917,0.4430237,0.4563443,0.4700619,0.4830818,0.5016848,0.5150078,0.543674,0.5616605,0.591441,0.6153913,0.6406847,0.6736646,0.6893413,0.7310457,0.7397975,0.7510758,0.7765314,0.7839401,0.786568,0.8037538,0.8223428,0.8717173,0.8085621,0.6717513,1.0322769999999999,0.80904,2.265751
562.395,-0.01208272,-0.007052439,-0.002544951,0.002453718,-0.0111138,-0.0010022,-0.007330594,-0.01348318,-0.003172309,-0.002016167,0.005592415,0.003235142,-0.002749983,5.239816e-4,0.006160292,4.937202e-4,-0.002912522,0.002252672,-0.001629657,0.001411949,6.945429e-4,-3.51041e-4,-0.001203966,9.63706e-5,-0.001567176,-0.001092245,-0.002076827,0.001029359,-0.001762874,0.002779843,-0.00347143,-2.522775e-4,-0.007347108,6.915153e-4,-0.01296417,-0.004499122,-0.003724284,-0.004253459,-0.003324707,-0.005099865,-0.004118714,-0.002786763,-0.00196622,-0.005042559,0.001179177,-0.005812087,0.001834558,-0.001346166,-0.006287375,-0.002063758,-0.00471072,0.001933643,-0.001131764,-9.024897e-4,-0.003714785,-0.003762427,-4.569988e-4,-0.001118951,-0.001852141,5.976191e-4,5.923789e-4,-0.001912761,-0.002711261,8.007042e-4,4.662818e-4,-1.066054e-4,9.024909e-4,-2.294835e-4,-9.641465e-4,-2.340275e-4,-6.796856e-4,-0.001327223,0.001137952,-1.01543e-4,-0.001525352,0.002200209,0.006947395,0.07267279,0.1753488,0.2126122,0.07967626,0.02072481,0.009618865,0.009155761,0.01102271,0.009908939,0.01364347,0.0178253,0.01947655,0.0240322,0.025322420000000002,0.02783049,0.03191265,0.03749133,0.03915012,0.0456535,0.04817541,0.05271697,0.05911471,0.06455389,0.06843354,0.07463145,0.07867471,0.08405348,0.09136405,0.09883075,0.1017969,0.1076473,0.1142308,0.1194781,0.1243717,0.1280631,0.134405,0.1389267,0.1436231,0.1494634,0.1549914,0.1633189,0.1708128,0.1803043,0.1892223,0.1939231,0.1980027,0.2014383,0.2086546,0.2169119,0.2248444,0.2324419,0.2341105,0.2417479,0.2547033,0.263927,0.2704061,0.2735508,0.2786764,0.2849196,0.289661,0.295604,0.2987039,0.3034364,0.3084838,0.3131765,0.3197162,0.3216028,0.3219497,0.3202087,0.325279,0.3269044,0.3239424,0.3293159,0.3316085,0.3360387,0.3378536,0.3431809,0.3488245,0.3505978,0.3553688,0.361548,0.3635654,0.3746268,0.385127,0.3945384,0.4043212,0.4152174,0.4286523,0.4375829,0.4529987,0.4714441,0.4879187,0.5040902,0.518491,0.5371238,0.5598407,0.5911356,0.6272146,0.647953,0.6817113,0.7039894,0.7341523,0.7287207,0.7406286,0.7356652,0.7670731,0.7709642,0.814119,0.7396057,0.7004164,0.9382529,0.8569131,0.566355,-1.137517
564.74,-0.01219343,-0.01005049,0.003616343,0.004589932,0.006846517,-0.001787626,-0.01618922,-0.002057157,-0.006342606,-0.006035934,-0.01253343,-0.002396659,0.002136265,-0.001321989,-0.004046297,-0.008413705,-2.230305e-4,-0.006586755,-9.082801e-4,-0.003001286,4.156583e-4,-0.002107985,-0.001307091,-0.002899566,-9.831584e-4,-7.966665e-4,3.025428e-4,-0.003617706,-5.913671e-4,-0.001762615,-0.001356015,-0.002254666,-0.006772356,5.017639e-6,0.001755906,-9.648356e-4,-0.005172958,-0.008254672,-0.004102754,-0.001785544,0.002324623,-2.622446e-4,-0.002711349,-3.994032e-6,-4.701793e-4,-0.001165609,0.002759393,-0.001573955,-2.17443e-4,0.001256675,-1.936726e-4,-0.001536952,-0.001905827,1.727554e-5,0.0018119,-0.004077302,0.00260805,-0.002882993,0.001239194,-5.99422e-4,0.003707483,-6.769805e-4,0.001220187,-0.0029599,6.010054e-4,-1.035942e-4,-0.003946619,0.001571074,0.001007147,0.002184648,-4.364253e-4,0.001755041,-1.881234e-4,0.002402298,5.930201e-4,0.00762419,0.06409558,0.2308759,0.2625975,0.1650527,0.03347546,0.007454419,0.006728957,0.0120036,0.0113088,0.01299402,0.01833027,0.01616394,0.0216187,0.0238305,0.02525969,0.02945004,0.03251768,0.03700567,0.04090152,0.04530057,0.04899704,0.05366099,0.05871987,0.06247575,0.0681193,0.07364152,0.08082001,0.08364699,0.09083348,0.0959733,0.09914956,0.1072481,0.1123004,0.1181906,0.1224501,0.1259508,0.1294553,0.1362792,0.1395557,0.1451523,0.1518061,0.1585523,0.1679145,0.1723186,0.1815593,0.1890598,0.1943268,0.1974393,0.2051729,0.2087583,0.2159301,0.2202765,0.2306544,0.2370856,0.245559,0.2499703,0.2595945,0.2607193,0.2661663,0.2707719,0.2814842,0.2847571,0.2897023,0.2934198,0.2983395,0.3015719,0.3026646,0.3102008,0.3106113,0.3078938,0.3155671,0.3133959,0.3146668,0.3175243,0.3153305,0.3193337,0.3256758,0.3263204,0.3313359,0.3362184,0.3410865,0.3439582,0.3531028,0.362122,0.3682108,0.3835565,0.3922468,0.4030446,0.4081598,0.4243275,0.4347091,0.449677,0.469321,0.4867397,0.5066696,0.5226555,0.5542704,0.5682116,0.5973991,0.6230203,0.6585662,0.6722282,0.6967021,0.7132853,0.7190755,0.7264623,0.7225012,0.7534797,0.7486477,0.7658885,0.7627884,0.8093098,0.5055301,0.678375,0.1354037
567.085,0.01139346,-5.387005e-4,-0.008407053,-0.002448737,0.004585208,0.003154283,-0.004911901,-0.01247487,-0.001336928,-0.003673282,-0.003121328,0.006790977,-0.002998458,6.684538e-6,-0.005132406,-0.003473888,1.100727e-5,0.005170051,-1.789032e-4,-0.001899212,5.590133e-4,0.001294172,-8.092803e-4,-0.00116582,0.0014791,0.001104574,-8.975796e-4,-0.002701627,9.467862e-4,0.00191813,-0.002716745,-2.480139e-4,-0.002475708,-0.002098722,-0.001416679,-0.001945118,-0.003750347,0.006148621,-0.005927063,0.005645846,0.002074236,-0.002042646,-2.477996e-4,0.005556111,0.003798187,-9.375889e-4,0.004157164,0.001129725,0.001092343,-0.002500141,-0.003362899,-0.002134573,0.004787103,0.00368505,-1.921681e-5,-0.001909106,-0.001832447,0.003208097,0.003731316,9.025451e-4,-5.936343e-4,0.001288887,1.140155e-4,-0.001856674,-0.001598394,-1.414314e-4,-9.579261e-4,-8.974206e-4,0.001877164,0.001082291,0.001725105,0.002351313,-5.569401e-4,0.002370302,0.004615129,0.03424348,0.2117924,0.3498399,0.2137975,0.06880927,0.01136735,0.007363171,0.0106084,0.009793089,0.01320277,0.01367401,0.01740491,0.01907442,0.02015179,0.02335552,0.02604476,0.02889461,0.03214348,0.03862766,0.04044537,0.04492206,0.04918565,0.05382412,0.05917526,0.06115763,0.06712376,0.07166705,0.07735679,0.08264576,0.08880442,0.09654782,0.09818843,0.1053951,0.1117135,0.1143198,0.1205609,0.1222203,0.1286025,0.1322645,0.1376592,0.1420771,0.1460898,0.1545077,0.1606382,0.1723848,0.1773851,0.1828633,0.1873514,0.1897281,0.1942922,0.2015356,0.2092804,0.2151256,0.21995,0.2301095,0.2348791,0.2436404,0.2520748,0.2561137,0.2604115,0.2654572,0.2727103,0.2734138,0.2788377,0.2847372,0.286361,0.2891417,0.2941814,0.2960554,0.2988423,0.3017812,0.3050207,0.3021439,0.3052194,0.3049713,0.3103349,0.3120744,0.3156717,0.3184783,0.3258438,0.3243573,0.3271452,0.3364857,0.3459767,0.3528506,0.3640293,0.3666543,0.3786909,0.397402,0.4010454,0.414659,0.4292832,0.4419387,0.4573611,0.476021,0.4907926,0.5139322,0.5359351,0.5523149,0.5864848,0.6085537,0.6275567,0.6497898,0.6602605,0.6863715,0.6987989,0.7016251,0.7260462,0.7134641,0.71983490000000006,0.7994739,0.6559406,0.9008918,0.5384939,1.236964,0.3406716
569.431,-0.004532635,0.004958618,-0.002865662,0.009809088,-0.01661843,-0.005767275,-0.001150973,0.001037457,-0.004153976,0.002834311,-0.002183781,2.052898e-4,-8.663554e-4,-5.384479e-4,-0.002437802,-2.532625e-4,-0.001583422,0.001450814,0.005862409,0.003183331,-4.195703e-4,1.1731e-4,-5.092517e-4,0.001462519,0.001387117,-9.00377e-4,-3.021694e-4,5.234864e-4,-5.957819e-4,1.485293e-4,-1.955709e-4,-0.001263667,-0.001850719,0.003146784,-0.003900335,-0.001951407,0.004637254,0.003220202,0.004656762,0.001034351,0.005986341,-0.002812128,0.003231143,0.002670691,-0.004524185,0.003057483,-0.005334053,-6.807868e-4,-0.001096272,-0.001667938,0.00238233,-0.004088955,-0.00132274,0.001483648,0.003398825,-0.001201109,-0.001652862,6.533532e-4,3.111799e-4,0.005287158,-0.002829083,-0.001293939,0.001897967,-8.469916e-4,0.001810155,0.001348386,2.96048e-4,0.001052184,0.001380928,0.00132819,0.001543115,6.415585e-4,0.002023308,0.003724383,0.01452733,0.1761259,0.3860405,0.2775668,0.08532041,0.014956,0.008167524,0.009688897,0.009535026,0.01150837,0.01196529,0.01515737,0.0165563,0.0197562,0.02276583,0.02501281,0.02773638,0.03094096,0.03591671,0.03820989,0.0406052,0.04344035,0.04915113,0.0560255,0.05727933,0.06411513,0.06585284,0.07229251,0.07733655,0.08238948,0.0861297,0.09122524,0.0957304,0.1028837,0.1084183,0.1139162,0.1171102,0.1212141,0.1241111,0.1300944,0.1323207,0.1388766,0.1435282,0.1486586,0.1568784,0.1634584,0.1725719,0.17664850000000001,0.1821595,0.1889549,0.1930187,0.1980121,0.2021144,0.2101319,0.2137302,0.2216975,0.2309976,0.2344004,0.2405519,0.2424979,0.2518329,0.2528542,0.2600301,0.2650683,0.2699209,0.2740596,0.2783312,0.2793306,0.2859412,0.2859978,0.2891659,0.2911736,0.2892556,0.2926208,0.2909679,0.294286,0.2982389,0.2992848,0.3041069,0.3055067,0.3115705,0.3154406,0.3143424,0.3215899,0.3313371,0.3370649,0.349593,0.3579925,0.3651427,0.3763398,0.3901202,0.3988942,0.4178165,0.4217231,0.4438322,0.4618902,0.471222,0.4842939,0.5172113,0.5363359,0.5654244,0.5867803,0.6082128,0.6317673,0.6549984,0.6483128,0.6869787,0.6771816,0.6948616,0.6867349,0.7195075,0.7288387,0.743581,0.7761176,0.9860983,1.488512,-2.253797
571.778,0.01333141,0.00779035,0.004925739,0.0170679,5.901765e-4,-0.005868404,-6.798883e-4,0.003890176,0.002727107,0.01136928,0.007569794,0.004868384,-0.00175006,0.002361838,-0.003292023,0.002250981,0.006346195,-4.200313e-4,0.006988998,6.265359e-4,0.001550174,0.001066957,0.001223653,-1.951269e-4,0.002387348,7.966396e-4,0.001402341,0.003447977,-7.213876e-4,0.003118943,0.003918378,-2.604754e-4,3.413929e-4,-0.001387736,0.01103708,0.005568436,8.677705e-4,0.00405459,-0.001559663,0.002594887,-0.003657412,0.002807001,7.480764e-4,9.897863e-4,0.007902402,0.003780056,0.001865012,9.125946e-4,-0.003304645,0.003159366,0.004991664,0.005488944,0.001760418,-9.021864e-4,5.706658e-4,0.001085497,-0.002137344,-0.003539052,9.453003e-4,0.003945516,-0.002640642,0.001393483,5.506568e-4,0.001021576,0.001495333,0.002373472,0.005168669,3.18639e-4,0.004104206,-4.252357e-5,0.002295407,0.003042403,0.002836224,0.005082862,0.0479889,0.4743326,0.4261919,0.1167134,0.02004117,0.006619001,0.009033777,0.009294283,0.009628528,0.01393416,0.01285066,0.01659873,0.01618433,0.02055142,0.02359781,0.0262084,0.02967317,0.03149556,0.03321343,0.03923051,0.04109042,0.04614151,0.05139157,0.05265418,0.0574405,0.06016708,0.06871926,0.07109929,0.07690368,0.07930334,0.0858927,0.09106553,0.09524484,0.09924074,0.1055131,0.1104382,0.1134786,0.1170634,0.1227785,0.1258088,0.1286268,0.1349494,0.1413638,0.1466335,0.1543369,0.1602229,0.1696673,0.1740987,0.1775216,0.1814886,0.1837387,0.1896648,0.1973968,0.2020881,0.2081973,0.2153997,0.215945,0.2269596,0.2356496,0.2377072,0.2425758,0.2434268,0.252185,0.2564251,0.259914,0.2648593,0.2665774,0.2682911,0.2748896,0.2781013,0.2784793,0.2788771,0.2805039,0.2814929,0.2827192,0.2831018,0.2853884,0.2872804,0.2942784,0.2990845,0.300655,0.3017227,0.3064974,0.3116559,0.3202576,0.3278025,0.3416398,0.3497994,0.358171,0.3630486,0.3772049,0.3853687,0.4012254,0.4129986,0.4295604,0.4396438,0.4549515,0.4820088,0.5090653,0.520774,0.5420607,0.5806601,0.5969974,0.6115558,0.623692,0.6459444,0.6507441,0.6880635,0.6823265,0.6825891,0.7188364,0.7388917,0.7021598,0.6817399,0.821408,1.474945,3.20045
574.125,-0.008685599,0.00465433,-0.008275847,0.004493357,0.00552092,-0.009705523,0.003655256,0.005101492,-0.008449295,0.002841965,-3.447944e-4,4.203569e-4,-0.002171135,0.00184832,-0.001377246,-0.001265072,0.004104674,-0.002100753,-0.006118078,-0.00145038,0.001419513,0.002031934,-1.008305e-4,-0.002168908,1.004538e-4,0.001010024,-7.1155e-4,-0.002534637,-2.451909e-4,-0.00284645,-0.001779903,0.005364612,-0.001250196,-0.009873984,-0.003581018,0.001652619,-0.006448824,-0.001351015,0.003401755,-0.004951629,-0.004213872,0.001551936,-0.006034328,0.001230652,-0.002165394,-0.002615998,-0.00492464,-2.292243e-4,-0.001552492,6.355603e-4,2.019723e-4,-0.002142736,-7.5898e-4,-0.004120437,-0.00306235,-0.002600134,0.005084233,4.929452e-4,-0.003781118,-0.001680911,-1.427615e-4,-0.004289418,0.002652572,0.001133889,-0.001966896,8.784954e-4,-4.064506e-4,0.001049307,-0.001483969,-4.561954e-4,0.002970993,-0.001929439,0.004145968,0.02131981,0.1023062,0.7426487,0.2911544,0.02552653,0.00487628,0.006340373,0.008247006,0.008468095,0.009548599,0.01167299,0.01251879,0.015349,0.01862388,0.02052619,0.02155121,0.02466303,0.02825886,0.02969789,0.03549524,0.03636317,0.04027999,0.04671355,0.04900288,0.05206808,0.05633307,0.05864723,0.064848,0.0707779,0.07276434,0.07924762,0.0833892,0.08857504,0.09689378,0.09785611,0.1028353,0.1083908,0.112167,0.115583,0.118983,0.1230275,0.1277856,0.1305051,0.1352544,0.144937,0.1493117,0.1573454,0.163927,0.1686981,0.1706806,0.1756869,0.1782642,0.1825233,0.1881952,0.1946147,0.2024044,0.2079517,0.2125911,0.2174764,0.2266356,0.2293695,0.234168,0.2381847,0.2472397,0.2464151,0.2491038,0.2529975,0.2566918,0.2578824,0.2639328,0.2674585,0.2683221,0.2718918,0.274289,0.2709936,0.2726263,0.2753731,0.2793363,0.2770813,0.2828963,0.2840787,0.287472,0.2922055,0.295134,0.3030722,0.3088264,0.3152452,0.3282668,0.3327521,0.3437716,0.3487152,0.3629117,0.3722466,0.3867785,0.3978682,0.4110045,0.4303082,0.4485213,0.4641632,0.4846236,0.503935,0.5218231,0.5443346,0.5759285,0.5771789,0.6107921,0.6190097,0.6235272,0.6517564,0.6562432,0.625868,0.6803222,0.6277922,0.5978008,0.6390961,0.6281434,1.10869,1.733795
576.472,-0.003967191,-9.588801e-4,-0.003249545,-0.003146376,-0.006533346,-0.003667923,-0.004532983,-0.002033134,-0.001861311,-0.008633331,0.01060201,-0.003124971,-0.005432372,-0.002670615,-0.003035757,-0.00380286,4.621885e-4,-0.001686229,-0.003916779,0.002907523,-0.001285466,-3.611134e-4,-0.001446339,-3.968628e-4,-0.002315115,-0.001619206,-0.001421817,-6.387027e-4,7.265551e-4,-0.002407646,-0.002180393,-0.006680799,9.446524e-4,0.001049623,-0.007929394,0.005949306,-2.952436e-4,-0.004101309,-0.003156717,-0.002360231,-0.006883972,-0.002339458,-5.050438e-4,0.003952696,-0.006538521,0.008130163,-0.005660414,-0.005307425,4.461441e-4,-0.001493448,-0.008681935,-0.00316503,0.003909237,-0.007767892,-0.001293006,0.004735268,-7.035831e-4,-3.091712e-6,-0.003649074,-0.002611613,9.40877e-4,0.001887725,0.00116409,-0.003216826,0.001296991,-0.003595247,5.3292e-4,-0.001037401,-0.00294632,0.002927228,0.002871844,6.282192e-4,0.01648587,0.0598734,0.1348191,0.7190589,0.1179531,0.005454089,0.005758834,0.007039729,0.009226219,0.009050898,0.01160576,0.01289678,0.01553925,0.01494804,0.01831631,0.02232223,0.02030164,0.02517413,0.02727596,0.02892161,0.033848,0.0366805,0.04074807,0.04362877,0.04915932,0.05240652,0.05649043,0.05842104,0.06065551,0.06768486,0.07280824,0.07700009,0.08097922,0.08594402,0.09101052,0.09707937,0.09954895,0.1054195,0.1077305,0.1129268,0.1151885,0.1201553,0.1237143,0.1289019,0.1307126,0.1382999,0.1439803,0.1495813,0.1581515,0.1634743,0.1636147,0.1703282,0.174067,0.1773032,0.1831099,0.1909378,0.1928622,0.2018087,0.2067819,0.2121862,0.2177239,0.2208064,0.2253763,0.2308898,0.2360855,0.2384441,0.2404307,0.2413988,0.2506603,0.2511393,0.2515409,0.2556657,0.2569251,0.2574947,0.2614059,0.2608316,0.2620417,0.2642853,0.2674613,0.2702569,0.2754093,0.2770002,0.2791005,0.2838542,0.2830848,0.2936452,0.2989064,0.303236,0.3157266,0.3213689,0.3353523,0.3401638,0.3500965,0.3625837,0.3705598,0.3905315,0.3955791,0.4112297,0.4311107,0.4483145,0.468212,0.4807251,0.5101266,0.5298219,0.5505458,0.5619713,0.5951273,0.584461,0.5959686,0.6208492,0.6401374,0.6181479,0.6309004,0.6371639,0.6109159,0.6060982,0.7624837,1.052172,0.2438622
578.821,0.00761838,-0.007412927,-0.01144508,-0.01947047,-0.006338184,-0.02133771,-0.007965738,-0.01177068,-0.008410174,-0.005763671,-0.00642891,-0.002222396,-0.008756552,-0.002440916,-0.002497345,-0.002029016,0.003010318,-4.238273e-4,-0.00112224,-8.057055e-4,-0.003438277,-0.003017869,-8.269726e-4,-0.002389737,-7.07538e-4,-0.002142276,-0.00214197,-0.002550238,0.001943927,-9.040312e-4,-0.003982598,-0.004900467,0.001256655,-0.003222694,-0.01339001,-2.365956e-6,-0.007685156,-0.002746094,-0.006604656,-0.002369605,-0.004256062,-0.006265915,-7.605796e-4,-0.006198225,7.269877e-4,-0.006724349,-7.115356e-4,0.001390048,-0.001342997,-0.009175775,-0.002840061,3.74106e-4,-0.004533474,-0.004367315,-0.00294069,0.001033841,-5.231974e-4,-0.005294173,6.381468e-4,0.001851004,-0.003049196,-0.006480141,-0.001918835,0.002586712,-1.868976e-4,-0.003068211,9.422482e-4,-0.003552522,0.00127509,0.002257028,1.426632e-4,0.01517751,0.07581211,0.08102316,0.09579193,0.3593213,0.02187037,0.008917031,0.008106213,0.008361507,0.007473876,0.009006333,0.008598901,0.01241337,0.01211597,0.01246835,0.01547623,0.01902281,0.02061843,0.02431086,0.02656082,0.02717593,0.03254599,0.03624697,0.04005038,0.04334255,0.04693321,0.05099983,0.05463084,0.05881532,0.06199651,0.06555954,0.07084282,0.07480855,0.07893126,0.08537122,0.08909919,0.09302059,0.09859407,0.1017901,0.1058982,0.1090214,0.112293,0.1156752,0.1195108,0.1243963,0.1261281,0.1347584,0.138135,0.1456425,0.1500321,0.1533308,0.1585405,0.1637068,0.1672127,0.1725014,0.1762949,0.1801355,0.1871836,0.1912353,0.1983826,0.2044434,0.2040444,0.2121197,0.2142998,0.2208165,0.2239011,0.2279521,0.2314494,0.2335362,0.2371858,0.2396915,0.2455684,0.2471306,0.2452525,0.2497779,0.2505872,0.2532918,0.2510804,0.2525147,0.253646,0.2611867,0.2626186,0.2667958,0.2698989,0.2729956,0.2770479,0.2819499,0.2879979,0.2948069,0.307372,0.3110844,0.3216905,0.3303263,0.3395405,0.3507067,0.3577095,0.3729204,0.3847148,0.3990038,0.4203998,0.4356469,0.4529171,0.4667352,0.4824925,0.5132875,0.5319355,0.5483909,0.5589679,0.5574835,0.5688203,0.5798913,0.6016724,0.5865575,0.5875761,0.6031209,0.4812379,0.5439395,0.3051479,0.523456,-2.637483
581.169,0.003923714,0.003305005,-0.003430058,0.006572896,0.001454172,0.006542185,-0.004328221,0.01033677,-0.003303133,-0.004218899,0.009699613,0.004055343,-9.088227e-4,-0.003260424,0.001380094,0.001534422,0.003246265,0.002975568,-9.449558e-4,0.001955754,0.00302293,0.002183261,-0.001044783,6.004554e-4,-2.322378e-6,0.001742175,-0.001542523,0.00149885,0.003777797,0.001365873,0.001998893,0.006480838,0.008588712,0.004665634,0.004002277,0.001345043,0.01069817,0.001933059,2.638042e-7,-0.003172809,-0.002404301,0.006833017,0.004591552,-0.002241097,0.002446013,0.001689725,4.774978e-4,0.002561771,0.007650679,0.009429502,-0.004887072,-0.00119815,-0.001170143,-1.770779e-4,0.004255836,-0.00103919,0.003950181,-1.691037e-4,0.003199042,0.00170439,-7.470234e-4,0.001716765,9.199615e-4,0.001677442,0.004928453,0.002826933,0.004421775,0.001527085,-2.334943e-4,0.001275934,0.009719387,0.1139301,0.1749834,0.07730796,0.05008866,0.08480479,0.01131633,0.008009413,0.008469494,0.01035508,0.00771836,0.01177015,0.01068283,0.01430026,0.01637584,0.01678519,0.01840987,0.02059741,0.02516547,0.0235688,0.02912181,0.02963985,0.03487552,0.03757731,0.04032355,0.04440635,0.04642108,0.0500599,0.05433736,0.05711141,0.06073,0.06727757,0.07058854,0.07569652,0.07991672,0.08213123,0.08844618,0.09104811,0.09653661,0.1009811,0.1028563,0.1064738,0.1084443,0.1110435,0.1155594,0.1196563,0.1258038,0.129058,0.1352219,0.1418064,0.1462548,0.1510752,0.1564402,0.1588639,0.1613433,0.1640029,0.1705642,0.1745702,0.1781191,0.1855461,0.1899663,0.1962857,0.2007966,0.2057324,0.2118429,0.2111492,0.2173474,0.220117,0.2224885,0.2283411,0.2286946,0.2305752,0.2350917,0.2380879,0.23787,0.2411849,0.2410777,0.2433127,0.2433494,0.2469467,0.2490061,0.246445,0.2544151,0.2566194,0.2584648,0.2641059,0.2697877,0.2731454,0.2806561,0.2874833,0.2924974,0.2992397,0.3064494,0.3202341,0.3249476,0.3377825,0.3501438,0.360343,0.3796131,0.3935635,0.4052523,0.419022,0.4290351,0.4551242,0.47513879999999997,0.4921615,0.5218554,0.5289282,0.5410503,0.5606669,0.567456,0.5895918,0.579427,0.6071753,0.6211782,0.6427127,0.6589842,0.6320164,0.7934833,2.191674,1.745958
583.519,0.006349309,-0.009342435,-0.011057,-1.439525e-4,-0.01782373,-0.001096646,-6.01371e-4,-8.773495e-6,-0.00568124,0.005002478,0.001275694,-0.005659194,-0.002871261,0.001620069,-0.003348076,-0.003584207,-0.001859735,-0.002353025,5.643596e-4,-2.244362e-6,-4.374506e-4,8.50884e-4,3.117295e-4,0.001904241,-3.065964e-4,8.21537e-4,1.023989e-4,6.40686e-4,-2.286258e-6,4.560949e-4,-0.006412973,0.001816384,-0.007005497,0.004308835,-0.001819111,3.360374e-4,-0.001790925,0.003863562,0.002925398,-0.009540325,-0.004548334,-0.008690035,0.001532855,-0.00698167,2.459592e-4,-0.00265887,0.001190831,-0.002099252,-0.002479531,0.001494926,0.00183518,-8.004934e-4,-4.135041e-4,0.00496304,0.002419571,0.004775913,-0.001706453,-0.001988485,0.001284265,0.002019448,0.001844118,-0.003219226,-0.001446593,2.77728e-4,-0.003433404,0.003129922,-0.002696855,-6.661968e-4,3.217277e-5,0.002965123,0.07667439,0.3199053,0.2290516,0.03504721,0.0106464,0.01045166,0.008586748,0.006751955,0.00798009,0.006420425,0.009329221,0.01321731,0.01172777,0.01352659,0.01379473,0.01625143,0.01512384,0.02270638,0.02368651,0.0278542,0.02638884,0.02845319,0.03270665,0.03731763,0.04037874,0.04022759,0.0481873,0.04706427,0.05302551,0.05684881,0.06029323,0.06394186,0.06642979,0.07124034,0.07644177,0.0812046,0.08362598,0.08780876,0.09299962,0.09580503,0.1003586,0.1014139,0.1065199,0.1103621,0.1117098,0.1169225,0.1201584,0.1274606,0.1313416,0.1372211,0.1414042,0.1475409,0.150717,0.1514908,0.1550501,0.1576851,0.1636688,0.1697545,0.1743829,0.1794493,0.1852118,0.1899766,0.1913842,0.1956918,0.1999743,0.2016018,0.2035845,0.2110352,0.2150147,0.2150855,0.2197039,0.2210644,0.227081,0.2258029,0.229222,0.2278435,0.231431,0.2324925,0.2348682,0.2368153,0.2378983,0.2374166,0.2414322,0.2454677,0.2472796,0.2518587,0.2536175,0.2634188,0.2641576,0.2722677,0.2829689,0.2918467,0.2971026,0.3083519,0.3174875,0.3245669,0.3359819,0.3454058,0.3599017,0.3785781,0.3848078,0.3998073,0.415995,0.4316231,0.4500506,0.4816294,0.5000776,0.509729,0.522918,0.5298566,0.5330676,0.542546,0.5315157,0.5861806,0.5692834,0.5062072,0.4947915,0.5774289,0.2344739,-0.3337417,2.206869
585.868,-0.001448091,-0.002107468,-0.0118103,0.0072272,-0.0134721,-0.008050252,-5.663169e-4,-0.00409576,0.003754988,-0.001268352,-0.001962711,-1.876046e-5,0.001764972,-0.004106593,-5.590701e-4,-0.002333922,9.301398e-4,-0.001504448,-1.961713e-4,0.002138814,-0.002323861,2.420276e-4,-0.001789397,-0.003123273,-2.029039e-4,-0.002384537,-0.003518026,-7.53328e-4,-4.931342e-4,-0.001075335,-0.002822936,-0.004706682,9.636264e-4,-0.01045607,0.00329935,0.002019691,-0.004793713,-0.006103896,-0.002940928,-0.005060374,-1.720918e-6,-0.002122159,0.001282623,0.003516488,-0.004674754,-0.001458066,-0.001437242,2.342363e-4,-0.003852669,-4.214386e-4,-4.096319e-4,-0.005010698,0.006159709,-0.003273492,-0.00257991,0.001992853,-0.001181549,0.001504649,6.490064e-4,-0.005465603,-0.003225305,-0.003126087,-0.001296846,0.00108419,-3.680603e-4,0.002311693,0.001375574,-0.003313021,0.001520825,0.02005882,0.2321834,0.4533787,0.1594212,0.01083888,0.005188207,0.005358277,0.006271939,0.006495648,0.00614319,0.007440747,0.007058871,0.009928599,0.01153927,0.0126727,0.01565549,0.01429531,0.01887025,0.0194033,0.02268966,0.0235785,0.02708738,0.03005235,0.03334031,0.03643463,0.03777564,0.04208868,0.04345615,0.05107738,0.05203401,0.05493243,0.05888155,0.06248795,0.06637575,0.0695189,0.07615088,0.07746377,0.08372885,0.08676905,0.08938577,0.09443789,0.09584001,0.09962486,0.1031246,0.1059388,0.1096304,0.1139048,0.1187719,0.1203295,0.1257469,0.1328667,0.1368808,0.1407708,0.1423178,0.1477348,0.147664,0.1526798,0.1583704,0.1625981,0.1675741,0.1715781,0.1772592,0.1828227,0.1865523,0.1864324,0.1917562,0.1998697,0.1983709,0.2056886,0.2049099,0.2124386,0.2125074,0.2145796,0.2205433,0.2217222,0.2230401,0.2230989,0.2221835,0.2198472,0.2273191,0.2232563,0.2295828,0.230707,0.2356838,0.2385595,0.2381807,0.2447416,0.246687,0.254833,0.2576126,0.2617488,0.2710101,0.2812775,0.2885321,0.2952084,0.3028483,0.311028,0.326961,0.3304275,0.3473554,0.3626372,0.3813836,0.3875496,0.4065882,0.4268833,0.4435224,0.4589767,0.4761192,0.4878073,0.4965894,0.4980723,0.5245367,0.5235313,0.539082,0.5281116,0.5694401,0.5221136,0.514996,0.6092747,0.2888021,-0.1553762,2.876527
588.219,-0.01267983,-0.02332044,-0.01511273,-0.0163495,-0.01043446,-0.002744949,-0.006332912,-0.001504152,-0.007099629,-0.02055025,-0.0146556,-0.002715689,-0.004011331,-0.002165809,-0.001665642,-0.01367455,-0.01005853,2.119695e-4,-0.004739935,-0.002792214,-0.005080448,-0.001712797,-0.005360115,-0.001916462,-0.002665367,-8.337015e-4,-8.258172e-4,-0.004745515,-0.001963131,-0.002604389,-0.003829483,-0.00731872,-0.008343778,-0.007952628,-0.01759789,-0.01212643,-0.003890151,-0.003057784,-0.005353075,-0.0141378,-0.008888137,-0.01005998,-0.009257579,-0.006029168,-0.004438197,-9.73119e-4,-0.0117573,-0.0107987,-0.01088809,-0.007553742,-0.007598633,-0.005636655,-0.01213194,-0.006554353,-0.007065211,-0.004483252,-0.004022259,-0.006680699,-0.004680896,-0.005156113,-0.004354133,-0.003550961,-0.00259471,-0.001832456,-0.003637135,-0.007384602,0.001153903,-0.00386693,0.004986798,0.06234238,0.3828986,0.3621517,0.05763117,0.001572183,0.003479676,0.002869131,0.003090011,0.00393451,0.005748695,0.005673191,0.008435101,0.009934242,0.01117701,0.01025809,0.01439433,0.01527592,0.01649161,0.02317502,0.02202229,0.02431414,0.02516969,0.02781295,0.03212436,0.03283285,0.03669299,0.04122132,0.04326489,0.04689608,0.04931399,0.05244233,0.05568053,0.06035308,0.06456653,0.06657896,0.0722115,0.07428837,0.07740418,0.08332149,0.08627232,0.0896876,0.09415567,0.09507485,0.09952618,0.1014176,0.1039376,0.1063613,0.1122337,0.1159357,0.122291,0.1254764,0.1317252,0.1352764,0.1390814,0.1435494,0.1408262,0.1473998,0.150011,0.1554257,0.158125,0.1642911,0.1681333,0.1719176,0.1779447,0.1820178,0.1851066,0.1867639,0.1917038,0.1930259,0.1964983,0.1976991,0.2020024,0.2052068,0.2066045,0.2115046,0.2089644,0.2075787,0.2131846,0.2126082,0.2172994,0.2159607,0.221086,0.2240734,0.2245351,0.2244107,0.2291226,0.2333007,0.2368652,0.2396759,0.2471358,0.2514467,0.261709,0.2665335,0.2751633,0.2825495,0.2900371,0.2962739,0.3139965,0.321868,0.338773,0.3470422,0.3588673,0.3684851,0.382635,0.4068944,0.4143524,0.4329131,0.4570508,0.4719374,0.4691701,0.4812156,0.5038442,0.4990178,0.5076279,0.5086918,0.4757885,0.4987363,0.4748926,0.4487696,0.08497153,-0.07048865,-4.234571
590.57,0.01819615,0.01823203,0.01332955,0.01812177,0.0210596,0.02405191,0.01697857,0.01477919,0.006257384,0.01015419,0.01478582,0.007550799,0.01006084,0.006058675,0.003129383,0.004423879,0.007321778,-0.002152835,0.003431326,2.402675e-6,0.004241965,0.005170073,0.002647666,0.001725316,0.001856122,0.002291286,0.003227693,1.105259e-4,0.003956918,0.005088149,0.007310993,0.007363808,0.01353855,0.006900481,0.004426454,0.01524742,0.003923261,0.01034865,0.004847558,0.00160999,0.005961792,0.01173053,0.009057655,0.004796354,0.004958719,0.001468685,0.01134674,0.008739516,0.01141394,0.002386756,0.007645709,0.001809357,0.005980508,0.002903098,3.599315e-4,0.00574603,0.002072372,0.002855748,0.003409305,0.002829847,0.005912633,0.002306231,0.003912244,0.003271486,0.003538466,0.005864516,0.006432338,0.01158726,0.03667577,0.1022476,0.3674642,0.1571091,0.01413743,0.008407673,0.006374455,0.01301917,0.01047728,0.00908282,0.01268012,0.01000697,0.01196579,0.01320596,0.01365673,0.01848168,0.01760825,0.0175921,0.02219699,0.02150448,0.02544795,0.02669864,0.02942772,0.03148756,0.03076227,0.03680567,0.0390635,0.04230536,0.04443014,0.0469597,0.0507101,0.05385902,0.05712986,0.06001356,0.06368635,0.06770749,0.07036409,0.0744355,0.0768951,0.08153498,0.08612582,0.08813768,0.09196039,0.09271353,0.09605728,0.09874384,0.1040276,0.1052181,0.110757,0.1135669,0.1179561,0.122828,0.1285566,0.1314232,0.1367116,0.1354029,0.1403956,0.143328,0.1469859,0.1521893,0.1581618,0.1623872,0.164125,0.1700251,0.1732433,0.174999,0.1761383,0.1806841,0.1861263,0.189607,0.1875454,0.1943467,0.1960225,0.1993793,0.2023951,0.2018581,0.2037492,0.2052447,0.2037467,0.2066602,0.2087943,0.2114563,0.2127743,0.2158065,0.2195683,0.2177894,0.2222733,0.2279081,0.2312156,0.2347311,0.2390687,0.2467094,0.256831,0.2617707,0.2639312,0.2729185,0.283696,0.2969292,0.301055,0.3173883,0.3280202,0.3376724,0.3482701,0.3646839,0.3769904,0.3980139,0.404295,0.4242108,0.4470175,0.463119,0.4713866,0.4678134,0.4948703,0.498318,0.4805618,0.5173496,0.5671928,0.6193012,0.4932037,0.7590482,0.9099807,0.6368875,6.213069
592.921,6.790954e-4,0.002493175,-4.691617e-4,0.01276605,0.005155539,0.0149499,0.003249468,0.00570318,0.002409655,0.00636822,9.995734e-4,0.006195287,-2.210254e-4,0.003304491,0.002538312,5.16462e-4,-0.00211688,0.004109182,3.860359e-4,4.979604e-4,-0.001607972,0.001479725,-1.041276e-4,0.00274115,7.231355e-4,0.002914285,-0.001144692,0.004668877,0.001114569,-0.003698936,0.002844262,0.002369152,0.002583349,0.007636851,0.0106982,0.004745105,0.0105635,0.008951453,0.002963797,0.005100202,0.002437992,0.001866507,0.002846733,0.006568008,0.002727653,-4.89675e-4,0.003864042,0.007088649,0.007078838,0.004344121,0.006201795,0.004445778,0.003602471,-5.894524e-4,0.003366942,0.005556821,0.001530265,0.004189352,0.003084683,0.0033042,0.002626216,0.002428233,4.666135e-4,0.004263994,0.003906921,0.001133328,0.006239558,0.0240284,0.06981907,0.09332857,0.1982649,0.02937564,0.004147876,0.005486856,0.009047967,0.008268951,0.0088944,0.008084972,0.009785225,0.0123289,0.01396548,0.01155103,0.01405743,0.01605459,0.01532643,0.0193371,0.01820481,0.02245728,0.024215070000000002,0.02404677,0.02584797,0.02978758,0.03129218,0.03643232,0.03654831,0.04078111,0.04467464,0.04630458,0.04889054,0.05247184,0.05535368,0.05930412,0.06411972,0.06565056,0.06802635,0.07246536,0.07396207,0.07851162,0.08350925,0.0849413,0.08861532,0.09131881,0.09250342,0.09635085,0.09791447,0.1005764,0.1037707,0.109988,0.1143417,0.1197832,0.1234198,0.1257038,0.1280942,0.1321493,0.1343459,0.135725,0.1420214,0.1452297,0.1500264,0.1511559,0.1566422,0.1593877,0.163918,0.170267,0.1709493,0.1728156,0.1735769,0.1810386,0.1824865,0.1860015,0.1860212,0.1910891,0.1936119,0.1953127,0.1963727,0.1956731,0.1973696,0.1971369,0.199289,0.1996677,0.2018488,0.2033977,0.2106577,0.2115812,0.2130325,0.2165083,0.2201383,0.2229479,0.2288531,0.2373947,0.2411696,0.2502155,0.2558521,0.2630458,0.2693525,0.2811782,0.2875563,0.3017012,0.3100713,0.3277803,0.3290351,0.3464565,0.3587098,0.3782498,0.3813169,0.4170786,0.4269231,0.4344283,0.4482192,0.4440049,0.4796198,0.4896373,0.4902462,0.4959656,0.4554879,0.5221304,0.5328669,0.6682481,0.8936069,0.5967227,2.208441
595.273,-1.433104e-4,-0.0236909,-0.01944485,-0.001752586,-0.00332846,8.735466e-5,-0.01361632,-0.0116608,0.007686806,-0.01017671,-0.006302488,-9.225349e-4,-0.002905384,-0.001934299,0.001708908,-5.200277e-4,0.001908085,-0.006506305,0.002872035,-0.00132714,2.94603e-4,-7.436596e-4,-0.002234396,-4.07804e-4,-0.001034313,-0.001153083,-0.001253505,0.001852572,-8.727736e-4,0.002941539,0.005304069,0.003172024,-0.002261667,-0.004004812,7.420925e-4,-3.406459e-4,-0.009090979,-0.003935056,-0.002434722,0.001617881,-0.001632428,-2.759471e-4,-0.004677672,-0.00177354,-0.001993241,0.006638881,0.003637561,0.001660099,-0.001835165,0.002398233,8.327238e-4,-0.003853823,-0.002006303,0.001956261,0.001326609,-0.00358422,-0.004182435,-3.333196e-4,6.510792e-4,-1.571832e-4,0.002492487,-0.002448385,9.517271e-4,0.003045555,-0.002757556,0.001814837,0.0141779,0.05092534,0.06096251,0.04789393,0.05154889,0.005816224,0.004608215,0.004272414,0.005738286,0.006378293,0.005178761,0.008913185,0.006237072,0.008915938,0.009092993,0.01281051,0.01212449,0.01368542,0.01454098,0.01579437,0.01689645,0.01907856,0.02210559,0.02483457,0.02331264,0.03143896,0.03084467,0.03425859,0.03508372,0.03812888,0.04077555,0.04448711,0.046501,0.04958674,0.05195343,0.05592511,0.06057305,0.06226511,0.06640852,0.07028395,0.07267882,0.07571196,0.07904894,0.08202496,0.0846548,0.08718143,0.08843536,0.09227451,0.09431937,0.09646993,0.1001057,0.1040307,0.1094197,0.1137953,0.1180126,0.1221178,0.1234486,0.1284973,0.1304737,0.1299453,0.1353329,0.1399049,0.1423943,0.1446953,0.1511196,0.15342,0.1583422,0.1611939,0.1639424,0.1663881,0.1679183,0.1688477,0.1731062,0.1744472,0.1802462,0.1821528,0.1842821,0.1856276,0.1873239,0.1889738,0.1897882,0.1912976,0.1888926,0.1937329,0.1910197,0.1968609,0.1962706,0.2022344,0.2055972,0.2059102,0.2080055,0.2132456,0.22073,0.2293109,0.2380808,0.2410282,0.2457837,0.2557515,0.2611509,0.2682924,0.2789343,0.294279,0.3027854,0.3102605,0.3271982,0.3306215,0.3497681,0.3677087,0.3746895,0.3990532,0.4066499,0.4176282,0.432721,0.4328826,0.4369534,0.4417678,0.466844,0.4470397,0.4560567,0.4443523,0.4553709,0.6321917,0.633849,1.114216,-3.679456
597.625,0.01450112,0.003894829,-4.725338e-4,0.007115634,0.01510854,0.008091228,-0.005195062,0.005310619,0.01011353,0.008488469,0.008257808,0.006700594,0.007665732,8.305074e-4,0.008236848,-0.001584589,0.002138469,0.002396114,-0.001927206,0.001333245,-0.001620235,0.00161086,0.002874249,-2.046071e-4,2.069781e-4,2.07662e-4,-3.172218e-4,2.156601e-4,-8.750815e-4,-1.606974e-4,0.005932226,0.003709477,-3.159432e-4,0.005854557,7.011064e-7,-0.002046718,-0.003651433,0.002538041,0.008414067,0.001084041,0.003552658,0.002155106,0.009125891,2.573366e-4,0.006749654,4.930833e-4,0.004867049,-0.001905505,0.003680366,0.005258219,-6.238696e-4,-0.001026122,-0.003624981,5.981838e-4,0.001698389,0.003275793,0.005592043,0.002710697,-0.004418644,9.49677e-4,-1.643449e-4,0.002960344,0.001570374,0.005739918,0.001560018,0.008333817,0.04370449,0.06911115,0.03661915,0.01296662,0.00869727,0.007390597,0.004725389,0.005017872,0.003408951,0.008800232,0.009217274,0.006491971,0.008441518,0.01238139,0.01057452,0.01462522,0.01550881,0.01557683,0.0175016,0.01668076,0.02013496,0.02174955,0.02348634,0.02377065,0.0286665,0.02938542,0.0336239,0.03207518,0.03464989,0.03915489,0.04073746,0.043692,0.04623957,0.04875238,0.05178914,0.05447351,0.05853658,0.06094905,0.06232554,0.06728047,0.07144555,0.07429718,0.07715744,0.07997393,0.08089285,0.08392813,0.08506176,0.08804288,0.09170241,0.09651905,0.09655254,0.1001384,0.1054062,0.1091115,0.1138298,0.1164763,0.1200637,0.1209422,0.1235996,0.1257746,0.1295336,0.1337804,0.1372745,0.1414175,0.1461985,0.1468081,0.1517217,0.1558708,0.1562363,0.1613907,0.1638123,0.1629839,0.1677127,0.170397,0.1689933,0.1715221,0.1763375,0.1781773,0.1798231,0.179411,0.1798146,0.1814662,0.1811935,0.182522,0.1859671,0.1887395,0.1891391,0.1937347,0.1961719,0.1991301,0.2027198,0.203091,0.2141268,0.2170686,0.2248546,0.2318165,0.2400308,0.2435198,0.2549385,0.2574472,0.2688285,0.2825661,0.2927683,0.2943196,0.3089582,0.3212482,0.3300305,0.3508525,0.3655767,0.3768035,0.3977687,0.3977241,0.4097039,0.432589,0.4263593,0.4350447,0.440405,0.4450235,0.4159529,0.5236962,0.4190677,0.799977,0.688186,1.185759,3.867476
599.978,-0.002984367,-0.009208404,-0.01141868,3.991724e-4,-0.002570922,-0.005159599,-0.0196849,-0.004424641,-0.003977622,-0.006486382,-0.007659907,6.499042e-4,0.005182245,-5.841927e-4,-0.001726681,-0.007367349,0.001884896,-0.005264535,-0.003682134,1.622496e-4,-0.003852349,-0.001746115,-0.002895278,0.00123319,7.267724e-4,-5.311584e-4,-5.287121e-4,-0.003198287,-0.001127392,-0.002966635,-0.001238889,-5.413455e-4,-0.002926892,-0.00476897,-0.01494041,0.00206489,-0.003366433,-0.004527533,-0.01118311,-0.007607267,0.001373889,-5.559667e-4,-0.002622995,-0.00229976,0.002513333,-0.007190024,-0.006846248,9.562451e-4,-0.004162365,-6.474113e-4,-0.004811162,-0.001001419,-0.003223869,-0.004687154,-0.003385134,-0.002502375,-0.00386844,-0.00151804,-0.001968687,1.596039e-4,-0.001519223,0.001936616,-3.93484e-4,0.001726552,0.006257836,0.03155874,0.06327139,0.04705082,0.01092742,0.004187475,0.004511612,0.005356891,0.004295804,0.003743111,0.004670001,0.00700736,0.006504641,0.006939828,0.007995081,0.01017083,0.0111965,0.01013393,0.01215577,0.01468805,0.01303684,0.01492602,0.01817814,0.02035184,0.02151057,0.02285446,0.0267667,0.02671878,0.03115388,0.03297247,0.03251189,0.03749603,0.04081299,0.04277949,0.04416648,0.04546568,0.04841499,0.05399934,0.05563585,0.05925673,0.06218089,0.06558429,0.06763882,0.07159837,0.07233116,0.07591607,0.07829217,0.08152135,0.08289531,0.08385234,0.08852847,0.09116773,0.09355547,0.09714095,0.101113,0.1066784,0.1098547,0.1120925,0.113835,0.1173001,0.1171593,0.1200339,0.1244387,0.1267953,0.1319465,0.1343916,0.1369166,0.1412305,0.1447035,0.1471342,0.1506475,0.1518823,0.151127,0.1579747,0.1620957,0.1619779,0.1625068,0.1666325,0.1667481,0.1730575,0.1714985,0.1727707,0.1717961,0.1754664,0.1777095,0.1759905,0.1788933,0.1777675,0.1802644,0.1851261,0.1863999,0.1884101,0.1948011,0.2005076,0.2029837,0.2077206,0.2121575,0.2233502,0.2292719,0.2346208,0.2399504,0.2500347,0.2678999,0.2720842,0.2765554,0.2887544,0.2956388,0.3071312,0.3215496,0.3323098,0.3548579,0.3666456,0.3813434,0.391664,0.4000245,0.4098053,0.4131606,0.4147028,0.4205936,0.4260012,0.4088406,0.3494349,0.4578081,0.5518891,0.6143091,0.3086687,-3.292192
