,800,797,794,791,788,785,782,779,776,773,770,767,764,761,758,755,752,749,746,743,740,737,734,731,728,725,722,719,716,713,710,707,704,701,698,695,692,689,686,683,680,677,674,671,668,665,662,659,656,653,650,647,644,641,638,635,632,629,626,623,620,617,614,611,608,605,602,599,596,593,590,587,584,581,578,575,572,569,566,563,560,557,554,551,548,545,542,539,536,533,530,527,524,521,518,515,512,509,506,503,500,497,494,491,488,485,482,479,476,473,470,467,464,461,458,455,452,449,446,443,440,437,434,431,428,425,422,419,416,413,410,407,404,401,398,395,392,389,386,383,380,377,374,371,368,365,362,359,356,353,350,347,344,341,338,335,332,329,326,323,320,317,314,311,308,305,302,299,296,293,290,287,284,281,278,275,272,269,266,263,260,257,254,251,248,245,242,239,236,233,230
245.598,-0.007266286,-0.001494015,-0.003622036,0.00223497,-0.001709756,0.003641579,-0.007725478,0.001521577,-0.002120646,-0.002015183,9.575998e-4,-9.668659e-5,-0.001074373,4.760221e-4,-0.00575439,3.676244e-4,-0.001701902,-1.166304e-4,-0.002631031,5.449714e-4,-0.00162781,-1.932355e-4,-2.716262e-4,2.673418e-4,-2.167409e-4,8.618368e-5,-6.633959e-4,5.841628e-4,-1.260886e-4,-2.309563e-5,-0.001182053,-4.820535e-4,-0.002949566,0.00185012,-0.003758724,-0.003895815,-0.003448597,-0.00132629,-7.219362e-4,-0.001198585,-0.001478215,-0.001954357,6.06186e-4,-0.001121697,-7.657175e-4,-0.002767286,-0.002396757,4.979481e-4,-0.001033249,-0.004700455,-0.001009507,-5.574984e-5,-0.001102236,-0.001957695,-0.001078982,-0.001304383,-5.327452e-4,-0.001516917,-0.002860563,-0.001413169,0.001229111,-8.272988e-4,-0.002440877,-2.364847e-4,6.039526e-4,-7.684301e-5,-9.894109e-4,-0.002425229,2.865525e-4,4.555036e-4,0.002743366,-0.001066335,5.534274e-4,-0.001624487,4.107017e-4,-0.001125866,-8.621349e-4,-2.482076e-4,-0.001662661,-0.00178492,-9.029132e-4,-6.372388e-4,-0.001765185,-0.001003413,-2.550493e-4,-7.490486e-4,4.527056e-4,3.609562e-4,2.292949e-4,3.646248e-4,-2.682929e-4,6.188444e-4,-1.928616e-4,5.754463e-5,3.542186e-4,8.270898e-4,4.204265e-4,-8.077973e-4,8.050627e-5,-6.72659e-4,-7.859593e-6,-2.970258e-4,-4.451969e-4,-2.000485e-4,-2.730235e-4,2.999927e-4,-1.83998e-4,-4.866679e-5,-1.919998e-4,-5.378613e-6,2.496648e-5,-1.888504e-4,-2.667012e-5,2.525243e-4,-5.661576e-5,-2.106673e-4,3.474913e-4,-4.122071e-5,-1.627885e-4,-3.15575e-4,-2.797938e-4,-2.09146e-4,6.603158e-4,2.441553e-4,-4.778165e-5,-3.330963e-4,-3.692143e-4,7.344513e-5,-2.596665e-4,-5.410163e-5,1.689491e-4,-5.378732e-4,1.614769e-4,1.034755e-5,-3.570166e-4,-6.249182e-4,1.366315e-4,3.709902e-4,7.205893e-5,3.743359e-4,-1.372914e-4,-1.110539e-4,3.633376e-5,3.260205e-5,-2.639755e-4,-1.403756e-4,3.499808e-4,-1.815793e-4,3.614835e-4,5.638295e-4,3.401016e-4,3.892561e-4,6.164968e-4,5.244149e-4,7.16264e-4,5.888037e-4,3.325943e-4,5.980633e-4,0.001125641,0.001727223,0.001852101,0.001617083,0.002682538,0.002794918,0.003203875,0.003541881,0.00370505,0.003561491,0.004161775,0.006939917,0.01103163,0.0210532,0.03106313,0.04278845,0.05126579,0.05474582,0.05288055,0.05502808,0.05473304,0.05900261,0.06137411,0.09082917,0.1702807,0.648452,3.01017,6.406043,6.621655,3.175434,0.4455121,0.1263671,0.6279285
247.837,0.008553103,-0.001673256,6.659262e-4,0.002717335,0.01154419,0.004029881,0.007316363,0.006917665,0.002197469,0.004730616,0.00270806,0.003684002,0.001866909,0.002227975,0.002156917,0.002396562,6.342675e-4,0.001563674,4.927475e-4,3.7074e-4,6.91633e-4,8.674598e-4,9.422426e-4,8.767921e-4,0.001474158,-0.00030000270000000003,0.00134348,0.001502295,0.001474393,-0.00129407,0.001812342,0.00296769,0.002749892,0.004648364,0.003100566,0.002825421,0.003279296,0.001189949,0.006433209,0.002608272,0.001614846,0.002899371,0.002246989,0.003473401,-4.536936e-4,-1.196996e-5,0.003657349,3.420072e-4,0.003730209,-2.5139e-4,9.79195e-4,0.002915248,0.003821627,0.005200423,0.003812517,0.002258361,0.0018776,0.002185075,0.003431979,0.002211258,0.001850505,0.002723941,0.002052529,1.98778e-4,0.002829075,5.818871e-4,9.351863e-4,0.001532952,0.001483055,0.001638674,0.002714388,0.001914709,7.13435e-4,4.320253e-4,0.001665476,0.001296881,8.970053e-4,0.001300387,0.002277975,0.001446543,0.001556402,0.001357161,7.252986e-4,5.530522e-4,-2.414875e-4,0.001512494,9.803805e-4,5.84612e-4,9.229309e-4,0.001008995,4.114535e-4,1.292954e-4,-2.715148e-4,1.084067e-4,3.951562e-4,-5.300652e-4,9.851333e-4,8.147272e-4,6.880556e-4,5.638723e-4,8.588712e-4,3.20886e-4,4.159388e-4,3.396368e-5,2.602892e-4,7.730071e-4,1.429117e-4,1.719035e-4,3.55328e-4,4.793892e-4,-8.407085e-5,1.258135e-4,1.019143e-4,3.337972e-4,4.070121e-4,4.609231e-4,4.651361e-4,6.240688e-4,3.119523e-4,0.001077889,-9.344484e-5,7.580148e-4,2.027449e-4,0.001070735,3.243361e-4,4.138643e-4,-1.249655e-4,3.06808e-4,6.86988e-4,1.65241e-5,4.097034e-4,0.00117515,8.771305e-4,2.504974e-4,7.164056e-4,8.146805e-4,6.411283e-4,5.749729e-4,5.018839e-4,6.375645e-4,2.033492e-4,8.707229e-4,6.513318e-4,8.346421e-4,8.302138e-4,4.733428e-4,8.601962e-4,0.001068833,0.001398753,6.799739e-4,0.001346898,6.434152e-4,0.001386931,6.151846e-4,9.790083e-4,0.001305616,9.000792e-4,0.00122869,0.002283446,0.001943281,0.002802407,0.002909296,0.003593753,0.003496838,0.003778357,0.004299315,0.004622389,0.005407763,0.006412593,0.01039132,0.01859401,0.0296077,0.03924333,0.0487637,0.05801362,0.05436594,0.05594235999999999,0.05443055,0.05883698,0.06158499,0.08302819,0.1433284,0.418826,2.101535,5.588585,6.606563,3.402052,0.8035335,0.309323,0.5243503,1.754347
250.076,0.004499904,0.002746064,0.005504585,0.005422446,0.001474119,-7.155535e-4,0.001499163,0.003718286,9.13139e-4,-0.00741144,-0.001277275,-0.001698167,-0.004186389,-0.004883208,0.001395903,-0.005983659,-0.001304871,-0.001373414,0.001977201,-1.545938e-4,-9.122991e-4,-3.34694e-4,0.001136838,0.001392767,7.364063e-4,-0.001119407,-0.001401101,-8.24267e-4,0.002074115,-3.152408e-4,-5.290377e-4,-7.155797e-5,0.004920899,0.002046349,0.001145564,-2.873567e-5,0.001361064,-0.002389467,0.003701359,0.003700237,-0.001496773,-0.002238326,-0.001434626,0.001074669,-0.002581048,-0.003179237,0.003252815,-0.00266413,-3.094883e-4,-1.02138e-5,-0.001545976,0.001993426,-2.349285e-4,-0.001285611,-0.001314823,0.002827682,2.146963e-4,-0.001684886,-0.001340528,-0.001149087,-5.637962e-4,0.002380435,5.108283e-4,-0.001779407,4.010477e-4,1.145099e-6,-1.482181e-4,0.001412194,2.274367e-4,7.513403e-4,6.060243e-4,0.001000983,9.76127e-4,2.806311e-4,-3.829875e-4,0.001331568,-8.812461e-4,-3.463257e-4,4.667539e-5,5.257696e-4,6.797744e-4,-4.884518e-4,-7.310586e-4,-7.541944e-4,-2.529255e-4,0.00130243,-0.001228268,2.506329e-4,3.75284e-4,-0.001043053,0.00104507,9.846169e-4,4.885686e-4,-0.001350716,-1.406175e-4,3.418625e-4,2.773608e-4,-3.245086e-4,6.453703e-4,-1.766593e-4,7.420867e-4,-2.774556e-4,-1.361959e-4,-3.676527e-4,-3.230138e-4,9.563012e-5,5.499563e-4,5.663685e-4,-1.530361e-5,-2.084299e-4,3.543949e-4,3.815025e-4,2.060424e-4,-9.836416e-5,4.868853e-5,7.62361e-5,1.133375e-4,-3.724233e-4,-2.779144e-5,2.267847e-4,-4.768549e-4,7.482726e-5,7.830643e-5,2.880932e-4,-1.315171e-4,2.345658e-4,-5.943281e-6,-1.095251e-5,6.466588e-4,-4.967334e-4,-5.244792e-4,2.100405e-4,2.22844e-4,9.279512e-4,7.169527e-5,4.314498e-4,4.11906e-4,-2.890399e-4,6.675932e-4,-5.563838e-4,3.748388e-4,1.178148e-4,9.393076e-4,-3.512004e-4,0.001138038,3.283833e-4,8.991475e-4,-4.469342e-5,2.876051e-4,-6.230485e-5,9.34524e-4,6.895771e-4,5.150529e-4,5.994197e-4,9.046611e-4,9.029821e-4,8.662443e-4,6.380757e-4,0.001867974,0.002545645,0.002702965,0.002663263,0.004018179,0.003733359,0.003932513,0.005656549,0.004955371,0.006722937,0.009176633,0.01874805,0.03241841,0.04480748,0.0567837,0.07227453,0.07160127,0.07403615,0.07001091,0.07503924,0.07769885,0.1001336,0.1560918,0.3667325,2.012156,5.980029,8.300897,5.015712,1.179686,0.258033,0.1377184,-0.1514752,-0.590764
252.317,-0.008073367,-0.01065245,-0.006305561,-0.01633744,-0.007277577,-0.004719052,-0.005153085,-0.00423209,-0.009471798,-0.001665462,-0.002275077,-0.00172666,-0.005208466,-6.860216e-4,-0.004525912,-0.004762211,-0.001182864,-0.006292372,-0.005036344,-0.001531029,-0.001657736,-0.001748736,-0.001638854,-0.001807978,-0.003492194,-0.001438818,-0.00103771,9.5778239999999993e-05,0.001036075,-0.00103029,-0.003810239,6.708328e-4,-0.004795184,-0.003304427,-0.003126607,-0.003243865,-0.002404596,-9.458721e-4,-9.958725e-4,0.001108372,-0.002722682,-0.001111011,9.086141e-4,-0.004977426,-0.004231387,-0.001387053,-0.004260539,-6.337812e-4,-0.00191336,-0.004850884,-0.003599833,-0.002024924,-0.001879301,-5.314091e-4,-0.005281814,-0.004457635,-0.002202165,-0.002017993,-0.002468179,-0.002103522,-0.001572805,-0.002428726,7.160565e-4,-0.003129302,-4.882339e-4,-0.003459338,-0.003043966,-8.362197e-4,-4.722411e-4,-0.001094644,4.554296e-5,-0.002097792,-0.001968232,-8.284347e-4,-0.002484081,-0.002117342,-6.475469e-4,-8.07451e-4,-1.266523e-4,-0.001967476,-0.001472661,-0.002163455,-3.666773e-4,-0.001376038,-0.001039641,-7.664401e-4,-0.001585041,-0.001709669,-1.662281e-4,-6.729693e-4,-6.659452e-4,-8.740418e-4,-5.427904e-4,-3.324273e-4,1.180143e-4,4.802607e-4,-0.001151134,-0.001261673,-6.683472e-4,-5.98662e-4,6.902457e-5,-3.710991e-4,-1.592715e-4,2.014377e-4,-1.997318e-4,-4.463842e-4,-2.51966e-4,-3.966456e-4,-1.156615e-4,-3.852453e-4,-9.868836e-5,-8.625927e-5,-1.115601e-4,-5.175003e-4,-3.861438e-4,-3.309956e-4,-1.473425e-4,-9.017905e-4,-7.840301e-5,-1.910503e-4,-2.262428e-4,-9.78336e-4,-6.788047e-4,-5.984595e-4,-4.579293e-4,-2.61794e-4,-6.423848e-4,-1.10008e-4,-3.648325e-4,-1.146598e-4,3.294398e-4,-6.94506e-4,-0.001003287,-4.736565e-4,1.808075e-4,2.996101e-4,-4.930879e-4,-5.045218e-4,1.496132e-4,-2.504663e-4,5.55382e-4,-4.904678e-4,-5.7534e-5,-3.567713e-4,4.493331e-5,-2.192545e-4,-4.020455e-4,1.725205e-4,-4.177992e-4,2.26513e-4,-1.455209e-4,2.468384e-5,0.001270517,4.301221e-4,8.009009e-4,-1.804746e-4,4.732752e-4,0.001421458,0.002224204,0.002493406,0.002884772,0.004279358,0.002597684,0.003782858,0.003984442,0.002906557,0.004839266,0.008435638,0.01542982,0.02765371,0.04174432,0.05164087,0.06372244,0.07070626,0.06772532,0.07087428,0.07322984,0.07581037,0.08836956,0.1306154,0.2589995,1.29901,4.793369,7.736154,5.372787,1.519675,0.3044898,0.1666489,0.0542699,0.1608039,-0.4048239
254.558,-0.01403244,-0.01137084,-0.01241112,-0.004562944,-0.004862632,-1.245043e-4,-0.004845037,-0.01228902,-6.687443e-4,-0.002757919,-0.004011971,-9.169728e-4,-0.002753864,-0.004386443,-0.005130508,-1.249771e-4,-0.001427205,-0.001544296,-9.059024e-4,3.913952e-4,-8.728616e-4,-4.625857e-4,-3.226158e-4,-0.001875229,-0.003294768,0.001206241,-9.634359e-4,-6.206617e-4,-0.002580511,-0.00413853,-0.001745887,-0.002963031,-0.003856869,-0.004737555,-0.002347038,-0.006105655,-1.633436e-4,-0.004723383,8.829841e-4,-0.00447125,-0.003785383,-0.004210275,-0.001112853,-0.003391195,-0.003718102,9.725204e-4,0.001704766,-0.002745459,-0.002500275,-0.002272368,-0.002870353,-0.001286385,-0.001498002,-0.003498062,-0.004638451,4.91025e-4,-6.423446e-4,-6.837011e-4,-0.00149464,-0.002180897,-8.86214e-4,6.519773e-4,-6.096921e-4,-0.002856684,-0.001474567,-0.002238619,-0.002511083,5.280163e-4,-8.347083e-4,-0.00360861,-0.002358057,-0.001113004,-0.002548616,-0.003396773,-0.002179269,-0.001022321,2.142662e-4,-7.737207e-4,-5.495753e-4,-3.751821e-4,1.169589e-4,-0.001470215,1.262792e-4,-9.565881e-4,-0.001002519,-1.986909e-4,-0.001722599,4.124816e-4,-0.001726144,7.404229e-4,1.130366e-4,-6.905874e-4,-0.001005162,-2.419419e-5,-4.49532e-4,-9.895644e-4,-7.692115e-4,-5.999989e-4,-7.543954e-4,-7.396807e-4,-7.721196e-4,3.780987e-5,-4.27251e-4,-5.347858e-4,-2.269942e-4,-9.37538e-4,-3.433904e-4,-5.40027e-4,-9.681529e-4,-1.753306e-4,-3.064165e-4,-4.708906e-4,4.305094e-5,-3.086149e-4,-3.309875e-4,-8.884117e-5,5.092009e-4,-1.745481e-4,4.343618e-4,-1.902536e-4,4.736889e-5,-8.144899e-4,-3.109156e-4,-5.272414e-4,-3.016601e-4,-5.344861e-4,-4.276269e-4,1.135367e-4,1.328474e-4,3.387594e-4,1.219868e-4,-3.737404e-4,-2.689328e-4,-1.131434e-4,-1.446768e-4,-6.63052e-4,-6.052382e-4,-1.717801e-4,-7.496325e-4,-4.151386e-4,-8.019052e-4,1.537881e-4,-3.055265e-4,2.564355e-4,-4.944029e-4,-6.909036e-4,5.208523e-4,3.738581e-4,-1.367943e-4,2.65862e-4,1.730713e-4,1.765855e-4,3.961647e-4,-2.398338e-4,1.286765e-4,0.001271908,5.478848e-4,0.002064549,0.002628513,0.001663649,0.002360356,0.00386656,0.003227192,0.003729472,0.005294542,0.003920944,0.00679565,0.01242801,0.02310121,0.03650586,0.04797253,0.05681473,0.06745809,0.07002503,0.07080161,0.07471451,0.07688546,0.08610325,0.1158595,0.1986813,0.8534399,3.649469,6.937415,6.020829,1.970416,0.3246653,0.1361859,0.08404605,-0.006523822,0.1492197,-0.9520711
256.8,-0.001299404,0.004170489,0.002549455,-0.001759567,0.002951188,0.007977837,0.002266047,0.009860345,-0.001361896,0.003920498,0.002428341,0.001659244,0.002572794,0.003427251,-0.005045118,0.001319663,0.001229384,0.004035982,0.003604171,7.416029e-4,8.114626e-4,0.003017163,4.545773e-4,-5.659085e-4,0.001849225,0.002164283,0.00199928,0.002673959,6.356723e-4,0.001074817,0.002102285,0.004115684,0.001427482,0.002852105,0.005369073,0.004790319,0.003185545,0.002710551,0.00198499,0.00151119,3.083569e-5,0.003640897,0.002874575,0.004618296,-6.307956e-4,0.003265026,0.003191467,0.001180712,0.004175913,0.001434963,-0.002671993,0.002043087,0.002171561,1.684806e-4,0.001383529,0.0014994,0.004672235,0.002224296,0.001750203,-5.437229e-4,0.00367004,6.749707e-4,0.002247355,4.656269e-4,0.002169006,9.885022e-4,0.001588071,6.669404e-4,0.00357801,0.001469842,0.00265278,0.001418798,0.001105982,0.003050214,0.00126979,7.656891e-4,9.895683e-4,0.00101334,4.147825e-4,7.868808e-4,1.834469e-4,0.001657023,0.001879983,0.001465118,2.112649e-4,8.893566e-4,2.047541e-4,0.001629467,3.744853e-4,-4.745315e-4,5.410512e-4,8.648845e-4,1.919919e-4,4.375171e-4,1.873897e-4,1.786154e-4,2.092098e-4,5.905466e-4,8.829986e-5,9.347326e-4,4.877454e-4,0.001115558,4.688974e-4,4.87788e-4,5.763187e-4,8.996246e-4,3.459646e-4,1.730298e-4,2.1366e-4,6.426252e-4,4.158649e-4,4.34614e-4,2.153249e-4,-2.277324e-4,5.747472e-4,5.140343e-4,4.961876e-4,3.764488e-4,7.226946e-4,7.549943e-6,-3.751632e-4,-8.049669e-5,5.291319e-6,9.060314e-4,-9.043498e-5,6.541605e-4,2.191447e-4,1.975177e-4,4.819366e-4,6.07473e-4,7.289201e-4,-1.81666e-4,9.673329e-4,-6.776547e-5,5.457945e-5,4.36465e-4,7.682491e-4,0.001079753,6.014661e-4,3.594233e-4,4.571592e-4,4.228302e-4,3.717055e-4,4.693961e-4,0.00151431,0.001108477,9.936471e-4,3.260987e-4,8.007096e-4,0.001174541,6.357628e-4,0.001174928,0.001568483,7.733533e-4,0.001399286,0.001036772,0.001872496,0.002809975,0.00307636,0.003738122,0.004097782,0.003972804,0.005126815,0.005675404,0.006077602,0.005471779,0.009781531,0.02001239,0.03277562,0.04738356,0.0589139,0.06861223,0.07147384,0.07505156,0.07729019,0.07977616,0.08805686,0.1140005,0.1771037,0.5443671,2.779273,4.905075,6.350541,2.717476,0.4508613,0.1968617,0.1320488,0.1183699,0.1705385,0.8943796,1.011045
259.043,-0.005689141,1.08422e-4,0.005117437,-0.001301032,-3.74307e-4,0.005599137,4.473286e-4,7.8223e-4,0.00561351,-0.004181022,6.554904e-4,5.26949e-4,2.734207e-4,-0.001490722,9.835491e-4,-0.00137834,-2.858275e-4,-0.002813439,0.002351889,2.729552e-4,-7.421772e-4,-0.001919736,-1.061307e-4,0.001514298,0.001130887,-2.624495e-4,0.001604558,1.686987e-4,5.706399e-4,-7.642037e-4,3.41773e-5,0.001486077,1.938151e-5,0.005783241,0.002618164,-0.001417929,0.005549612,0.006128199,0.002160803,-5.619449e-4,0.006330121,0.001137094,0.002379042,-0.001194728,0.00183149,0.001078004,0.003214248,0.00422034,0.006565221,8.883084e-4,4.49742e-5,0.003750094,0.002750429,0.001608804,-0.001120917,0.003576646,-0.001766526,9.930867e-4,0.002722838,0.002184879,-7.677177e-4,0.002588427,0.003693967,5.507232e-4,0.001354012,3.936509e-4,0.001776876,-0.001567837,0.002100773,-7.809672e-4,2.059881e-4,0.001513374,0.001395109,-2.631854e-5,0.00230792,8.733293e-4,-4.605165e-4,-1.090409e-4,7.664292e-4,0.00211065,8.493131e-4,0.001222129,0.001031201,0.001132116,9.737732e-4,7.3497e-4,7.276765e-4,3.057848e-4,7.697231e-4,1.438875e-4,7.294882e-5,-4.908452e-4,5.145158e-4,-2.251641e-4,6.916544e-5,0.001227656,-1.231389e-4,2.810769e-4,-1.00477e-4,8.03943e-4,3.405325e-4,6.892447e-4,-4.67199e-4,6.406459e-4,6.062183e-5,3.717239e-4,7.416562e-4,-5.429758e-4,1.39039e-4,2.748489e-4,8.59619e-5,3.573817e-4,-1.329697e-4,3.105768e-4,-2.640779e-4,6.288091e-4,2.904998e-4,5.163408e-5,4.780979e-4,5.922679e-5,4.896864e-4,3.560734e-4,9.287616e-4,5.738135e-4,3.006964e-4,-4.517505e-4,1.867624e-4,6.763424e-4,2.545504e-4,-1.326923e-4,6.146119e-4,4.318813e-4,6.529833e-4,2.460895e-4,-4.955164e-5,3.59151e-4,8.079216e-4,6.783315e-5,9.607188e-4,4.873548e-4,7.140592e-4,6.361973e-4,0.001038404,-1.805105e-4,7.166337e-4,6.093919e-4,4.59611e-4,9.391162e-4,6.655442e-4,9.298442e-4,0.001699718,9.9432e-4,0.001168663,4.354054e-4,0.001490935,0.002470044,0.003157422,0.002917267,0.003249132,0.004125119,0.003981199,0.004973375,0.005231085,0.004431582,0.005952827,0.008573593,0.01653937,0.02804813,0.04148856,0.05783491,0.06809602,0.07483508,0.07607393,0.07933413,0.083015630000000007,0.08431303,0.1052926,0.1593037,0.3632235,2.013361,3.923453,4.849297,3.379163,0.6706454,0.1843977,0.1003343,0.09449049,0.09890631,0.1743306,0.03855272,1.080126
261.287,-0.003953406,-0.01407412,-0.001712855,5.394979e-4,-0.006776884,-0.002597511,-0.00281023,-0.00215093,-0.001673404,-0.008397101,-0.01035843,-0.001754607,-0.005116281,-0.006772532,-0.001228416,-0.004087704,-0.005017216,-8.985819e-4,-0.001078737,-2.175061e-4,-0.002367523,-0.002615214,-0.002734735,-0.001132558,-0.00142311,-0.002038979,1.162155e-4,-0.001420453,-0.002409004,-0.006911979,-0.001045479,-0.004262181,-0.004745004,-0.01100263,0.001053588,-0.002117658,-0.004919097,-9.647443e-4,-0.003604898,-0.002535645,-0.005859359,-0.002105161,-0.007505391,-0.002905944,-6.593248e-4,-8.090514e-4,-0.003429623,-0.001910218,-0.001123573,-0.004850653,-0.001315101,-0.003468011,-0.001154281,-0.003477853,0.001455972,-0.003087372,-0.003171212,-0.003489379,-0.002131431,2.617256e-4,-7.944054e-4,-0.00162751,-0.002564366,-0.001636603,-0.001708903,-0.00235793,-9.908127e-4,-0.002014532,-0.00288102,-0.003678721,7.607997e-4,3.468569e-6,-8.514471e-4,-0.001784811,-0.002508667,-0.001738339,-0.001104353,-6.853135e-4,-0.001656024,-2.422454e-4,-0.001137364,-0.002424308,-0.002422242,9.967182e-6,-1.279811e-4,-5.800131e-4,-1.291347e-4,-6.108376e-4,-6.242143e-4,-8.710326e-4,-8.582377e-4,-9.273281e-4,-0.001563328,-0.002038274,-4.971979e-4,-0.001005015,-3.896866e-4,-0.001049812,-0.001482478,-5.775107e-4,-8.229746e-4,-3.631806e-4,-8.169561e-4,-1.131084e-4,-7.324389e-4,-2.032654e-4,-6.973538e-5,-2.685347e-4,-5.53462e-4,-7.407542e-5,-2.255362e-5,-1.906622e-4,-2.443382e-4,-1.198414e-4,-3.701762e-4,3.489108e-4,6.864934e-5,-3.697666e-4,-8.191582e-4,-7.051003e-4,-5.152499e-4,-7.175621e-4,-3.285727e-4,-4.974219e-4,-4.844248e-4,-1.795558e-4,-4.117397e-4,-1.796509e-4,1.569292e-4,-5.304771e-4,-6.48059e-4,-8.227837e-4,-3.165332e-4,-6.938389e-4,1.299345e-5,-6.957996e-4,-6.979858e-4,-1.295599e-4,3.279933e-4,-4.62156e-4,-3.855499e-4,-8.928682e-4,2.255075e-4,-2.407151e-4,-5.143984e-4,-7.787772e-4,-4.74705e-4,6.999076e-4,2.039557e-4,5.83973e-4,9.602582e-4,3.431502e-4,7.483821e-4,7.526663e-4,0.00115572,5.041805e-4,0.002198987,0.001950826,0.00255694,0.003100608,0.003769879,0.004142336,0.004288863,0.004056302,0.005922397,0.01184865,0.0243048,0.03743996,0.05069531,0.06566478,0.07198713,0.07531453,0.07787087,0.0804798,0.08649735,0.09888831,0.1364312,0.2621579,1.325629,3.484669,3.258605,4.088001,0.9404804,0.182926,0.09895352,0.03931462,0.04169226,0.03874985,-0.04559571,0.01600941,-1.18047
263.532,0.002265471,0.001417617,-0.001668926,7.528869e-4,-0.003300451,9.848367e-4,-0.001359802,0.002845519,-0.001574906,0.003644394,-7.572226e-4,0.001772749,-0.001087675,8.80782e-4,-0.003411163,-1.50532e-4,-3.362811e-4,-0.003097275,-0.001663192,8.001876e-4,-0.001379305,-2.943953e-4,3.063996e-4,2.092106e-4,-5.224865e-4,4.91669e-4,2.829118e-4,4.747008e-4,-0.001297289,-7.025225e-4,-0.004918673,-0.005133579,-0.001250766,0.001678137,-0.003339856,0.005818362,-0.002147868,0.001315595,5.873721e-4,-2.156063e-5,8.590761e-4,-0.00163268,-5.247031e-4,-0.001908624,0.00113379,8.257097e-4,0.001419826,0.003907563,-0.001837032,-5.841568e-4,8.61221e-4,-0.001116268,0.001985056,0.005187513,0.00260519,-0.00205035,-0.002641928,-3.862359e-4,0.001442094,0.001396988,-5.544108e-4,-6.666332e-4,-0.001805461,-0.002284767,-3.57156e-4,-9.428394e-4,0.002889198,1.048096e-4,-0.001118322,-0.00314972,-0.001313263,-6.391699e-4,6.944301e-4,8.933132e-4,-8.307644e-4,0.001598509,-5.621975e-4,-0.001208321,-9.311253e-4,-2.652253e-4,0.001063664,5.472393e-4,5.746633e-4,-8.949058e-4,0.001133467,-0.001602831,8.247801e-5,-4.477731e-4,-0.001122655,8.322311e-4,2.020286e-4,-4.409752e-4,-1.247368e-4,-4.048496e-5,3.527052e-4,1.836953e-4,-8.627867e-5,-1.508644e-4,3.731203e-5,-3.010958e-4,-4.161599e-4,5.487513e-4,-4.616278e-4,2.197334e-5,-4.369949e-4,4.893757e-5,-5.535523e-4,-2.333029e-4,1.061573e-4,-3.977373e-4,4.104976e-5,1.349168e-4,7.212332e-5,2.108186e-4,-9.780472e-5,2.00913e-4,-5.749228e-4,-1.612155e-5,5.54197e-4,-4.236884e-4,-2.614301e-4,-7.432521e-5,-4.892976e-4,5.955125e-4,4.216799e-5,-2.195417e-4,8.507014e-4,3.53889e-4,2.549274e-4,6.230903e-5,0.001132663,8.488145e-5,3.353537e-4,-3.58001e-4,6.579536e-4,3.402574e-4,8.28534e-4,5.392368e-4,-9.060348e-5,-3.039922e-4,8.434742e-4,2.379845e-4,-5.336657e-4,4.805722e-5,0.001061438,2.529633e-4,5.468714e-4,0.001180345,-1.331229e-4,6.653193e-4,0.001032259,5.394845e-4,0.001498282,0.001585332,0.001655946,0.001782745,0.002866829,0.002559044,0.003009561,0.004042728,0.004694416,0.004640721,0.005786069,0.007175516,0.01129607,0.02164558,0.03372692,0.05028302,0.06158959,0.07206435,0.07394171,0.07996455,0.08212537,0.08740127,0.0985559,0.1313105,0.2235795,0.944874,3.453976,2.466352,4.611205,1.396068,0.2134516,0.1215427,0.08103214,0.0546704,0.01609295,0.02329357,0.06573749,0.2974612,0.9975404
265.778,0.007883068,0.01330081,0.00661456,-4.316726e-4,0.006507851,0.01507079,0.007977964,0.002446043,-3.260906e-4,0.003252074,0.006592139,0.006043095,0.003432955,0.0066134160000000004,1.195694e-4,0.003116607,0.003612726,0.002624286,0.00136108,0.002257282,0.001568963,0.002566572,0.001640962,0.002105962,0.00187182,0.001785795,-4.211179e-4,-4.05655e-4,0.003142694,0.003017888,0.003927422,0.005452961,0.01081429,8.91124e-4,0.001186031,0.002074956,0.003482637,0.002615792,0.004835744,0.00551135,0.001665287,0.002839972,0.001810591,0.002899651,0.004265479,0.002132138,0.001001868,0.002018529,0.007113997,0.002293349,0.003831599,0.004981963,0.005275996,0.001517542,0.003443587,6.192292e-4,0.001701162,2.616476e-4,0.003211429,0.004293183,0.002763356,0.002056984,-4.796616e-4,0.002992634,0.001622772,0.002298995,0.002326015,0.00270391,-5.820398e-4,0.003182669,0.003321654,0.00186327,0.001424134,9.197809e-4,0.003182733,1.170562e-5,0.001036045,0.002238614,5.611844e-4,7.923218e-4,0.001744695,9.313218e-4,0.001812895,0.001128948,0.00206721,0.001272556,9.649432e-4,7.417523e-4,0.00169262,0.001051084,4.625523e-4,0.001951697,5.62866e-4,0.001894669,0.001248587,9.209586e-4,0.001218102,2.575389e-5,5.472802e-4,5.202868e-4,2.731614e-4,6.608675e-5,5.591251e-4,8.354068e-4,4.756938e-4,3.334233e-4,6.324556e-4,6.528733e-4,2.217397e-4,4.484176e-4,4.892051e-4,3.102295e-4,2.976945e-4,1.866029e-4,4.502297e-4,5.003019e-5,0.001006999,3.612857e-4,9.37889e-4,2.74565e-4,2.280298e-4,6.475679e-4,9.589847e-4,1.406826e-4,-1.615601e-5,5.108087e-4,0.001022865,0.001129262,5.872479e-4,9.309981e-4,8.470854e-4,1.691157e-4,6.436458e-4,0.001566705,8.687e-4,6.544793e-4,6.84823e-4,6.147507e-4,5.70366e-4,7.364602e-4,0.001226717,9.327265e-4,4.661281e-4,6.308057e-4,0.001533867,0.001311944,0.001150061,9.136958e-4,0.00125288,0.001311267,0.001070057,0.002224625,0.002368642,0.002549107,0.002494126,0.002875878,0.003768139,0.004448294,0.004290378,0.004960052,0.005653464,0.006391195,0.007441045,0.00973817,0.01857279,0.03063638,0.04469967,0.05723031,0.07026573,0.07396381,0.07630952,0.08604435,0.08816142,0.09700831,0.1166193,0.1903561,0.6034817,2.816406,2.103977,3.198396,1.87062,0.3158617,0.1462342,0.1106382,0.07024027,0.03813749,0.05522472,0.21052,0.08286505,0.3873138,0.2715618
268.025,-0.005057105,-0.004633047,0.00176479,-0.003597107,-0.004516295,-0.002064831,-0.005631759,-0.00543748,-9.578922e-4,-0.003895911,0.002628642,5.481474e-4,0.00209665,-0.003029811,-0.005298376,-4.222891e-4,4.821441e-4,-0.003452769,-7.362052e-4,-0.001086031,-0.002118883,3.089398e-4,1.152418e-4,-0.001733638,2.166805e-4,-0.002441802,-3.212175e-4,-0.003503551,-0.001983093,1.448661e-4,-0.001336898,-0.001347273,0.00367711,-0.005578002,-4.945044e-4,0.002395901,-0.001527878,1.633232e-4,-0.004130929,-0.001756589,-0.001558579,0.00136161,-0.003949106,9.927273e-4,-0.004846136,-0.001300779,-0.001968415,8.315643e-4,-0.005470265,-0.001056444,-0.002836549,-0.003931587,3.187382e-4,-0.001955941,-0.001362678,-0.001995546,0.001199195,-0.001778086,-0.001050417,-0.001091714,-0.003845629,3.084408e-4,-0.002381889,-0.001359529,-3.677808e-4,-4.125532e-4,-0.001658248,-0.002219332,-0.002037528,-0.00132404,-8.983838e-4,-6.060244e-4,7.520197e-4,0.001421181,-0.002050109,-0.002169746,-9.194406e-4,1.160098e-4,-6.888056e-4,-0.001423928,-1.057837e-4,-5.356349e-4,-6.472825e-5,4.346365e-4,-7.053932e-4,-8.596872e-4,-9.575082e-4,-9.641953e-4,3.390807e-4,5.774054e-5,-0.001000611,-4.747756e-4,-3.026724e-4,-1.670626e-5,-7.331247e-4,5.098834e-4,-6.746159e-4,-6.378095e-4,-1.965158e-4,-0.001053887,-2.875272e-4,4.77396e-5,-5.652233e-4,-3.531844e-4,-1.538378e-4,-1.752684e-4,2.884656e-6,1.591131e-4,-6.764712e-4,-2.983812e-4,-5.565529e-5,-3.579195e-4,-2.276894e-4,-1.732862e-4,-2.123864e-4,-3.121592e-4,3.456609e-4,1.756697e-4,-5.065985e-4,2.59694e-4,8.25691e-5,5.986613e-4,-9.129802e-4,-7.472775e-4,-3.865238e-4,-1.971326e-4,-9.76946e-5,-1.391464e-4,6.707931e-5,-1.016268e-4,-4.130195e-4,3.498089e-4,4.774601e-4,6.727204e-4,2.322416e-4,-2.014835e-4,-2.595293e-4,1.479803e-4,-1.603055e-4,-8.832709e-5,-4.587405e-5,-5.53073e-4,-8.545919e-4,4.148806e-4,-6.199262e-4,2.57821e-4,1.730855e-5,-4.988361e-5,4.626302e-4,2.624314e-4,8.05248e-4,0.001107156,8.934754e-4,0.002109553,0.0025258670000000002,0.002780341,0.00256152,0.0034843,0.003781551,0.003245986,0.004560284,0.006129665,0.00707958,0.01357292,0.02588677,0.03821115,0.05285003,0.06621226,0.07099327,0.07418067,0.0777405,0.08437238,0.09266155,0.1072052,0.164868,0.4140765,2.044639,1.990673,2.233641,2.497706,0.4459197,0.1475391,0.100496,0.07287284,0.04539737,0.03536563,0.08220505,-0.002140949,0.01662527,-0.02955262,-0.5341759
270.273,0.006290116,-0.001697092,-0.004584653,-0.003583048,8.82856e-4,-0.004159688,0.008329059,0.001894788,-0.001458637,0.002222574,0.005678705,0.003158574,0.002483853,8.329142e-4,-1.709385e-4,0.002740753,-0.002597601,-2.005508e-4,8.603892e-4,2.353152e-4,9.687763e-4,0.00175026,-0.001496244,-4.276645e-4,-3.746354e-4,-6.944875e-4,0.00151954,5.403113e-4,-2.901375e-4,2.364555e-4,3.831621e-4,-0.007944362,0.001013434,0.003498367,-3.91554e-4,0.002778023,8.54263e-4,-0.00118354,0.002250277,-0.001483615,-0.00318047,0.001946343,0.001288311,5.635288e-5,-3.122755e-4,1.254474e-4,-0.002162592,0.001033326,9.187795e-4,0.001573728,-6.318551e-4,-0.003985796,0.00262129,-0.002322103,-5.550533e-5,-0.001552168,-0.001771728,-4.592553e-4,0.002063437,-9.160283e-4,0.001955028,-0.003195717,-8.110185e-5,0.001410164,0.001243392,-3.213407e-4,0.001212673,0.001683017,0.001473794,-0.001766675,7.652724e-4,1.428091e-4,-5.199699e-4,0.001106486,-5.781519e-4,9.870491e-4,0.001528138,-2.328518e-4,-4.270396e-4,0.00117621,4.765993e-4,4.856822e-4,1.377879e-4,-5.719337e-4,9.423675e-4,0.001296968,5.660444e-4,-3.820907e-4,7.128126e-4,-4.128767e-4,4.431334e-4,8.313191e-5,3.366682e-5,-3.571724e-4,-0.001018397,3.447199e-4,0.001168908,1.348553e-4,-2.295165e-4,1.114012e-4,8.24192e-4,7.142753e-4,4.92054e-4,-4.441097e-4,5.300062e-4,-2.241678e-4,3.132681e-4,-3.616297e-4,1.976449e-4,-1.79179e-5,-2.274153e-4,3.508774e-4,9.066156e-5,1.107301e-4,-7.040122e-7,3.185058e-4,1.997422e-4,-2.627983e-4,3.855877e-4,2.449325e-4,-1.259106e-4,2.450187e-4,0.001607727,1.990116e-4,5.407935e-4,1.881368e-4,3.497027e-4,1.056985e-4,5.210243e-4,-8.524531e-5,-2.46223e-4,5.843459e-4,0.001039791,7.311827e-4,-1.126227e-4,2.997792e-4,1.111554e-4,-3.967136e-5,1.061359e-4,9.193217e-4,2.218046e-4,7.147511e-4,-1.513399e-4,7.86498e-4,5.371812e-4,8.086354e-4,9.08594e-4,7.934371e-4,0.001283414,9.859194e-4,0.001240346,0.001143396,0.00249034,0.001928289,0.002797838,0.00368705099999999,0.003551128,0.003386911,0.003841533,0.005575436,0.005602349,0.006977981,0.01285015,0.02289959,0.03482416,0.04888911,0.06464488,0.07085609,0.07161881,0.07637447,0.07974879,0.08918451,0.1013727,0.1439638,0.2979805,1.480655,2.082312,1.677832,3.189298,0.6874261,0.1712433,0.1218858,0.09004908,0.06836967,0.04117705,0.0579354,0.08192482,0.02296826,-0.002801462,0.07154766,1.513473
272.522,0.003181159,0.005252555,-0.002372119,0.01130792,0.006230471,0.00817146,-0.002891843,0.004179816,0.003170318,0.004550239,-6.136577e-4,7.44318e-5,3.65981e-4,9.293266e-4,0.006028462,5.43984e-4,0.001804671,2.886472e-4,4.109653e-5,6.487275e-4,-6.597037e-4,-0.001419161,0.001027686,-0.002220892,0.002148671,-5.895396e-4,2.140719e-4,0.002265711,-6.799751e-5,-8.54693e-4,0.002477567,-3.753477e-4,-2.381164e-4,0.003236608,0.001141537,0.0010781,0.004472196,-0.001685855,-0.003692066,0.003159208,0.003309356,-2.040336e-4,-0.001486784,5.501285e-4,6.358079e-4,0.001710899,0.006605461,3.001344e-4,0.004060761,-0.001850861,0.001208359,-9.629318e-5,3.347148e-4,-0.002273262,0.004086148,0.001320412,0.00130295,-7.645058e-4,-0.001350512,9.881336e-4,0.003349418,4.138049e-4,0.0011292540000000001,6.618119e-4,-1.98306e-4,-0.001103623,-6.205441e-4,0.001097087,0.002221416,-0.001277696,-0.001180233,0.002058181,0.001910703,-8.105896e-7,-8.623393e-4,-0.002586966,6.499267e-6,6.436009e-4,-1.577275e-4,7.78005e-4,0.001031973,6.975962e-4,-7.18194e-4,5.715424e-4,8.50216e-4,2.555215e-4,-3.113024e-4,0.001175192,0.001444064,6.433821e-4,3.811019e-4,-5.781104e-5,1.373555e-4,-1.483069e-4,-7.076318e-4,8.240627e-4,2.494099e-4,4.855068e-4,-2.293703e-4,-3.564054e-4,-4.549607e-4,-4.606148e-4,-2.996698e-4,3.211135e-4,-2.624704e-4,4.065755e-4,8.156304e-4,3.200942e-4,2.866564e-4,-2.679623e-6,1.417337e-4,-6.60994e-6,1.72635e-4,-1.404425e-4,2.30116e-4,2.961864e-4,-3.642879e-4,3.087181e-4,1.775982e-4,-6.724379e-5,1.609724e-4,3.977665e-4,5.60682e-5,5.967525e-4,2.634855e-4,6.080962e-5,-5.806994e-4,5.324029e-4,-8.309565e-5,-3.072876e-4,0.001094006,9.23965e-4,2.592132e-4,0.00110075,4.934788e-4,3.89212e-4,6.377186e-4,7.588329e-4,8.137754e-4,5.543858e-4,0.001006741,2.253856e-4,1.470788e-4,1.349296e-4,3.576136e-4,8.749207e-4,4.344397e-4,0.001300126,9.463617e-4,0.001387515,0.001654631,0.001971807,0.001971612,0.002884269,0.00346171,0.003633961,0.004168532,0.004239572,0.003756488,0.004411066,0.005836189,0.00918271,0.01842235,0.03045197,0.0433072,0.05652115,0.06774755,0.07180685,0.07163373,0.07712916,0.0846643,0.09289675,0.1193966,0.2123008,0.9738005,2.099593,1.337182,2.769788,1.032837,0.1881715,0.1303286,0.1021179,0.07414151,0.06734744,0.05720329,0.003257341,0.06612162,-0.01118392,0.2819897,0.01332926,2.164523
274.772,-0.007039941,-9.598336e-4,0.006367692,0.005503864,0.001401029,-0.001342964,0.00810154,-0.001421233,-0.007398538,-0.00644748,-0.005853058,-0.00409263,1.428716e-4,-0.003056715,-0.001274286,0.001894255,-0.001210531,-0.001581355,-0.001433894,-0.002113655,-8.304733e-4,7.251619e-4,-2.597341e-4,-5.746869e-4,0.001226567,-0.001078017,-7.888623e-5,-3.997946e-4,3.210351e-4,0.001899677,-5.890858e-4,-1.552193e-4,-0.002488687,9.564495e-4,-0.001399504,-0.005425285,-0.00157886,6.705823e-4,0.00407942,0.001148314,-0.002132337,-0.002299523,0.002974736,0.001397191,-3.966381e-4,-0.0034795,-2.074168e-4,0.002453409,-3.927388e-4,0.001217719,0.002225881,-9.892472e-4,-0.001231629,4.317003e-4,0.002678341,-0.001184439,0.001954377,-2.600166e-4,7.286616e-4,-0.001355681,-4.400855e-4,-3.728928e-4,-0.001061189,-0.00149943,-0.001066645,-3.749858e-4,-7.406566e-4,0.001245219,0.001177232,-6.876346e-4,-3.496538e-4,-0.001337879,-2.008634e-4,-2.825414e-4,0.001205243,-9.731577e-6,-0.001452646,-5.706404e-4,-4.702856e-4,-5.844604e-4,-4.548642e-4,-8.7799e-6,0.001540443,-1.535508e-4,6.136875e-4,-1.224614e-5,1.196619e-4,-6.534189e-4,5.514389e-4,-0.001150926,-1.844122e-5,-4.931492e-6,-1.913283e-4,9.679226e-4,2.95754e-5,1.815122e-4,-9.711946e-5,6.553803e-4,-1.53095e-4,8.857549e-4,1.29934e-4,-1.033756e-5,1.500629e-4,5.112351e-5,4.816257e-5,-2.078791e-4,-1.772835e-4,2.864589e-4,-3.421639e-4,-2.20794e-4,-1.880344e-4,-4.905662e-5,2.295808e-4,4.56934e-4,-1.449412e-4,-2.406803e-4,-1.065487e-5,-3.658738e-4,9.535072e-5,0.001196324,3.794021e-5,-2.565377e-4,2.337888e-4,-5.46361e-4,-1.803871e-6,-0.00052036370000000005,1.461693e-4,1.929237e-4,1.648409e-4,7.120869e-5,4.077357e-4,-1.970284e-4,-5.399337e-4,-1.964334e-4,3.81965e-4,2.18657e-4,-1.952278e-4,-3.610347e-4,0.001443335,3.897525e-4,0.001034377,2.674732e-4,-2.027411e-4,1.562908e-4,4.787735e-5,8.035294e-5,0.00102835,4.926272e-4,0.001032262,9.436608e-4,0.001728526,0.001709584,0.002224328,0.003006849,0.002776437,0.002264947,0.003264366,0.004097131,0.004802267,0.005828601,0.007185181,0.0141395,0.02526923,0.03673618,0.05240418,0.06310779,0.06833782,0.07027062,0.07362892,0.07553127,0.08573402,0.1056156,0.1679452,0.5524415,2.118664,1.11394,1.991013,1.390988,0.2432817,0.130332,0.1079469,0.09089776,0.0702775,0.06213503,0.04528378,0.0450306,-0.002047556,0.04705818,0.1357803,0.1760386,-0.8641601
277.022,-1.098431e-4,0.001412851,0.005073283,0.007890604,0.001992591,0.009999433,0.009867298,0.002702187,0.006640023,1.72951e-4,0.008921099,0.001760888,0.003212085,0.002802756,0.002230767,0.002718833,0.001308988,0.003243319,0.002862067,6.606334e-4,0.001027666,0.00107966,7.190339e-4,0.002685483,0.001708908,0.001963821,7.628318e-4,0.00180791,4.452077e-4,3.68307e-4,2.714027e-4,0.0040827,0.006381292,0.003950711,0.005635686,0.006498734,0.008181679,3.970065e-4,0.001792482,0.004424817,0.00134027,0.001515865,0.002948691,0.002897853,6.890492e-4,-4.43805e-5,0.001323473,0.003899155,0.006326094,0.003143384,-3.923226e-4,0.003032334,0.00482547,0.003592211,0.003494786,0.004958914,0.002970438,0.002791164,0.002569607,0.003446746,-5.147576e-4,-5.490694e-4,0.002628326,0.001963333,0.002996412,0.001194586,0.001123958,0.001034392,0.001234482,0.001206418,0.002646307,0.001012179,5.859525e-4,1.286777e-5,-3.766688e-4,0.001268149,0.001005461,5.500088e-4,0.002156949,6.399485e-4,0.001054422,0.002918745,6.256778e-4,0.001044143,0.002401928,0.001662143,5.716874e-4,2.818142e-5,0.00167052,4.814304e-4,-3.698352e-4,5.828207e-4,9.650082e-4,0.001170597,0.001034176,0.001251191,0.001060791,0.001689381,0.001113019,0.001295586,6.806885e-4,7.974825e-5,2.453699e-4,-1.618136e-4,9.546729e-5,1.978043e-4,3.764229e-4,8.85649e-4,2.259441e-4,3.110271e-4,2.627716e-4,1.252591e-4,5.048337e-4,1.139725e-5,3.469035e-4,4.953436e-4,5.661476e-4,3.09879e-4,2.907006e-4,0.001435481,5.219246e-4,7.178222e-4,2.832513e-4,1.205597e-4,0.001123658,0.001182202,3.672012e-4,-2.352705e-5,2.552714e-4,9.575902e-5,0.001408042,6.410246e-5,1.843567e-4,0.001540987,6.127522e-4,0.001179719,9.786498e-4,6.862363e-4,0.001041673,0.001531534,9.761495e-4,3.415104e-4,0.001219316,7.971213e-4,0.001022909,0.001168616,0.001396118,0.001230018,0.001587021,0.002284577,0.002439795,0.002306644,0.003041676,0.003760832,0.00406541,0.003482316,0.004267328,0.004731314,0.005288224,0.007014308,0.01241906,0.02253876,0.03410918,0.04821294,0.06132707,0.0656125,0.06770009,0.07015036,0.07551313,0.08317368,0.09648651,0.1460539,0.3260467,1.751304,1.034521,1.361558,1.928283,0.3334404,0.1439734,0.1180514,0.09364092,0.07763593,0.08220254,0.06747451,0.05254124,0.05589278,0.05928228,0.08121968,0.1377851,0.4082086,1.504555
279.274,0.008838309,-0.00456454,0.002177565,0.002046322,0.001115067,0.007799066,-0.001142827,0.008760294,0.007330829,-0.001787769,0.002391832,0.003636738,0.001225652,3.665367e-4,-8.080712e-4,-0.001606568,-0.002107897,-4.079028e-6,-5.203754e-4,-0.001030892,2.932053e-4,3.178801e-4,-7.471717e-4,-3.562117e-4,5.396584e-4,-5.744029e-4,-0.001738872,2.684283e-4,5.262091e-4,0.001752119,-0.001971982,-1.072791e-4,0.005204334,0.001190096,0.001195828,0.003895629,-3.423787e-4,-0.001230552,-0.004422253,0.002839064,0.002118607,-0.001279244,-0.001853114,0.002376321,0.004371784,1.488485e-4,-0.001408788,0.002465298,-0.001528208,1.708076e-4,-0.001098503,3.047931e-4,-0.002678363,-2.954571e-4,7.369763e-4,9.303965e-4,0.002906762,0.002413457,-6.366653e-4,8.690858e-4,0.002121889,-0.002685184,-0.001013493,1.599517e-4,-0.00157639,-8.903781e-5,9.848666e-4,-2.286814e-4,0.001399172,0.001050285,0.001476389,2.359155e-4,8.694305e-4,-3.327028e-4,-6.583944e-4,-0.001492804,-1.307912e-5,7.228532e-4,-9.321852e-5,-1.969689e-4,8.311623e-4,7.890587e-5,3.818245e-4,0.001084191,2.011215e-4,-4.591963e-4,5.968503e-5,-0.001022445,1.742279e-4,1.98349e-4,1.629397e-4,2.238397e-4,2.89453e-4,-2.172941e-4,2.800309e-4,6.385134e-5,-3.686945e-4,8.286838e-5,6.446231e-4,-6.454137e-4,8.694369e-4,-4.779532e-4,-8.582568e-4,2.1716e-4,-9.218046e-5,0,-5.770649e-5,1.471477e-4,-1.680811e-5,-8.684778e-5,-1.743066e-4,2.007827e-5,-2.937104e-4,-6.807756e-5,7.916057e-5,-1.333016e-4,6.715821e-5,4.551654e-4,1.963644e-5,-1.316827e-4,-7.980038e-5,4.212636e-4,1.26404e-4,3.759619e-4,-2.90824e-4,2.1193e-4,-1.143512e-4,5.846348e-5,4.210034e-4,1.941634e-4,3.496143e-4,4.861655e-4,3.981988e-4,2.723534e-4,-6.487041e-5,4.178599e-4,6.298858e-4,1.648138e-6,-5.704287e-5,-5.718537e-4,2.848162e-4,2.342423e-5,7.104165e-4,9.521822e-4,8.791655e-4,5.947922e-4,2.597096e-4,0.001259339,0.001116982,9.527745e-4,0.001961724,0.002857774,0.002492073,0.002920109,0.003592617,0.00286278,0.003911628,0.004489408,0.006079641,0.01008866,0.01802109,0.02864891,0.04170798,0.05471095,0.06488767,0.06581557,0.06664703,0.06911014,0.07363847,0.08528453,0.1226537,0.2473322,1.095284,1.14337,0.92136150000000006,2.40659,0.5043473,0.1449947,0.1201388,0.1022953,0.0863913,0.07886862,0.06596928,0.06619036,0.05956115,0.04626623,0.06038391,0.05977552,0.05779674,0.2031825,0.8343242
281.526,-0.002159146,-0.002599425,0.0119695,-0.004352971,-0.003700953,-7.436171e-5,0.008250492,-0.001625717,-0.002859428,-4.717542e-4,0.003204292,-0.001608817,3.011473e-4,0.003046031,-3.265621e-4,0.005759295,-3.497862e-4,-0.002212188,-4.028072e-4,-7.096105e-4,-5.53761e-4,6.449484e-5,5.391729e-4,0.001002766,-5.89065e-5,6.606759e-4,0.0030066,-2.60087e-4,0.002199071,0.002100306,0.00207025,-2.384682e-4,-0.004789283,-5.136387e-5,-0.001746019,0.004738032,-4.345386e-4,2.531902e-4,0.004392076,-0.003222261,0.002707075,8.05885e-4,0.003496629,7.975638e-4,-7.253025e-4,0.002575569,-0.002356338,0.002122218,-7.988196e-4,-9.51106e-4,-5.14738e-4,0.001065142,-6.86408e-5,0.001843236,-0.001098721,-0.003508007,-7.956419e-4,8.085993e-4,-7.445904e-5,6.208109e-4,9.825117e-4,0.001411133,6.365209e-4,-2.476646e-4,4.60551e-4,4.801004e-4,2.478351e-4,0.002330047,0,0.001235884,0.00148951,1.82576e-4,4.194171e-4,-5.499374e-4,9.749926e-4,2.887434e-4,3.443554e-4,-1.525066e-5,2.806185e-4,0.001380634,1.037171e-4,-2.469368e-4,-3.991365e-4,7.938448e-4,2.969164e-4,-7.111309e-4,-9.280411e-4,3.881233e-4,6.148805e-4,8.010259e-4,7.604965e-4,2.607258e-4,5.670855e-5,-4.8255e-4,-1.731131e-4,6.692535e-4,-4.119897e-5,3.217597e-4,4.022726e-5,3.015528e-4,5.613239e-4,1.177389e-4,2.200786e-4,4.907385e-4,-1.654653e-4,-4.217146e-4,2.405083e-4,1.869803e-4,3.284561e-4,4.326626e-4,-9.370611e-5,1.067386e-4,1.700395e-4,-1.827257e-5,4.772341e-5,-1.554137e-5,4.550578e-4,1.525087e-4,-2.123955e-4,1.331416e-4,-2.300294e-4,4.051494e-4,-3.90148e-4,6.949764e-5,5.120877e-4,-3.726267e-4,1.72594e-4,6.590193e-5,2.411141e-4,1.740385e-4,2.177755e-4,8.647424e-4,8.010927e-6,4.37636e-4,4.983765e-4,-3.156492e-4,-8.810542e-5,2.551501e-4,5.571014e-4,4.984024e-4,5.650261e-4,5.209749e-4,0.001322753,4.048086e-4,1.099554e-4,9.19446e-4,0.001343083,0.001476616,0.001288337,0.001816091,0.002105081,0.002322987,0.002707106,0.003961999,0.004226845,0.0036643,0.004038606,0.004719246,0.00848331,0.01502211,0.02561081,0.03838853,0.0520117,0.05987289,0.0651294,0.06587635,0.06931394,0.07171758,0.08184654,0.1023587,0.1847353,0.7689105,1.296891,0.620437,1.806159,0.7409877,0.1535415,0.1242647,0.1088822,0.09754184,0.08583347,0.08017016,0.07633441,0.05635918,0.05837172,0.04432472,0.06675338,0.1122195,0.1418811,0.2347477,-0.2125755
283.779,-0.007419248,-0.00772354099999999,-0.01431207,-0.009607976,-0.01380585,-0.006961118,-0.01384997,-0.01529053,-0.01254039,-0.004104273,-0.01021577,-0.00246326,-0.003113831,-0.00187966,-0.004802507,-0.002943355,-6.126638e-4,-0.003048299,-0.003346037,-0.003467739,-7.670957e-4,-7.999759e-4,-0.00220276,-0.001694766,-9.521984e-4,-0.001621847,-0.003639553,-0.002121596,-0.002187297,-0.002106446,-0.001969094,-0.001994765,-0.001785737,-9.62105e-4,-5.62545e-5,-0.004334437,4.593263e-4,-0.001078074,-0.004115036,-0.003942927,-0.001515997,-0.004252517,-0.003761992,-0.00287633,-0.003758544,-0.004474208,-0.003849139,-0.008179095,-0.002133233,-0.003418919,-7.457398e-5,-0.003898144,-0.001897679,-0.001487056,-0.002706952,-0.001363016,-0.002119556,-0.003073351,-0.003635536,-0.001802129,-0.004968117,-0.001834203,-0.002869739,-0.001482686,-0.002427476,-0.003028842,-0.003000248,-0.001781876,-0.00130013,-0.002930477,-0.002256199,-0.003124079,-0.003272009,-0.002732711,5.109759e-4,-0.002498101,-0.001872286,-0.001452653,-5.756567e-4,-0.001346181,-8.228171e-4,-0.00157442,-0.001531791,-0.002180294,-0.00151982,-0.001726239,-9.382323e-4,-7.280244e-4,-0.001732451,-0.001229902,-0.001042016,-6.712209e-4,-2.846045e-4,-0.001328671,-6.865157e-4,-0.002210997,-5.458476e-4,-7.922853e-4,-7.814276e-4,-7.500139e-4,-0.001028441,-8.698699e-4,-6.479964e-4,-0.001322274,-4.043608e-4,-2.983864e-4,-3.663756e-4,-5.39945e-4,-5.422164e-4,-4.17013e-4,-2.848213e-4,-3.195423e-4,-1.162912e-4,-9.791597e-5,-6.788849e-4,2.65949e-4,-6.743115e-4,-3.635852e-4,-7.192582e-4,-9.555658e-4,-3.371768e-4,-9.753555e-4,-5.130796e-4,-6.670178e-4,-5.088649e-4,-7.259009e-4,-3.750694e-4,-8.256341e-4,-7.836947e-4,-7.254819e-4,-9.210728e-4,3.868338e-4,4.221487e-4,-4.034433e-4,-0.001043924,-1.022456e-4,4.643871e-5,-4.446743e-4,-1.250131e-4,-4.731156e-4,-5.824058e-4,-3.841681e-5,-8.80153e-5,-7.586439e-4,9.955667e-5,1.823883e-4,-2.809634e-4,6.01865e-4,7.079965e-4,0.001468908,0.002049006,0.001825804,0.002585162,0.002480806,0.002653276,0.003574825,0.003795758,0.005114309,0.01113555,0.01968379,0.03261079,0.04692927,0.0576619,0.0624936,0.06343188,0.06505657,0.06769958,0.07216808,0.08928105,0.1467385,0.5013915,1.322202,0.5307485,1.127402,1.036933,0.1933569,0.1254799,0.1132898,0.1022172,0.09111935,0.08033172,0.07706403,0.06842227,0.06343313,0.04670846,0.04071441,0.03730787,0.010744,0.004724024,-0.2686414,-1.621224
286.034,-0.004977185,0.008512525,-0.005227216,0.008895628,-0.006634908,-0.001398675,6.294558e-4,-0.009161942,-0.005636901,-0.001462698,-0.002138614,-0.004189437,0.001267889,0.001869793,-0.001458495,-2.190844e-4,-0.002379403,-0.003784572,-0.003086881,0.001450175,0.001176311,-0.001112422,-9.850302e-4,-2.580833e-4,-6.804609e-4,-2.330416e-5,-5.729485e-4,0.001235875,4.623137e-4,-5.856237e-4,7.391348e-4,-0.003123084,8.29907e-4,0.002366434,0.002296669,-0.005464265,-0.00217579,0.001523056,-0.00192935,-0.001695418,-0.002187293,1.018374e-4,-0.00163934,-3.599792e-4,0.001819257,-0.002353408,-5.093322e-4,0.001807792,-1.939929e-4,-0.002976407,0.002042918,-0.00151349,-0.001615775,0.001531992,3.262242e-4,-0.002674477,4.420224e-5,-3.592163e-4,0.001624074,-6.509361e-4,3.272186e-4,-7.26811e-5,-0.002048298,-1.778452e-4,-6.88561e-4,-0.001079884,9.474835e-4,0.001021156,-0.001766851,-0.001552917,0.001539783,-5.925023e-4,-8.700809e-4,-8.411185e-4,8.535089e-4,-8.460627e-4,6.51514e-4,0.001020439,-6.442317e-4,-6.168986e-4,-4.181712e-4,-3.034645e-4,1.068741e-5,-0.00016827000000000001,2.108955e-4,5.627983e-4,-3.239305e-4,7.232011e-4,-4.217463e-4,-0.001619298,4.347775e-4,-2.531449e-4,-6.313039e-5,-3.990959e-4,3.523565e-4,5.182953e-4,-2.044875e-4,-3.822558e-4,-2.763246e-4,2.065365e-4,-9.243323e-4,-3.079011e-4,1.566336e-4,1.853097e-4,-5.121192e-4,2.310332e-4,-1.324997e-4,-4.437118e-4,-2.630907e-4,-2.842449e-4,3.469122e-5,2.059715e-4,-4.404898e-5,-1.937232e-4,-9.913175e-5,5.942144e-5,-1.92678e-4,-1.98893e-4,-9.110583e-6,-2.908836e-4,1.336685e-4,6.982749e-4,-1.772005e-4,2.991869e-4,-2.406499e-4,-7.607351e-5,-7.993449e-5,1.620352e-4,-1.591236e-5,4.416496e-4,5.261051e-4,2.062593e-4,-3.429001e-4,-5.626214e-4,4.726551e-4,-5.179413e-5,4.966063e-4,5.120161e-4,4.832828e-5,2.987689e-4,7.776834e-4,1.99803e-4,2.192034e-4,4.571652e-4,5.346359e-4,9.900367e-4,9.541186e-4,0.00160289,0.002336786,0.002432078,0.002397739,0.002053019,0.003005123,0.002949482,0.003287614,0.003290106,0.00516339,0.009557931,0.01733837,0.02896014,0.04182344,0.0545973,0.06037498,0.06218552,0.06262764,0.06533921,0.06746276,0.0823017,0.1250817,0.3314222,1.373717,0.5072042,0.6524635,1.567552,0.2660505,0.1524092,0.1384623,0.124988,0.1131594,0.1057223,0.1055485,0.09442547,0.08307018,0.05932284,0.05918245,0.04251903,0.03084609,0.05566916,0.2176807,0.005420443,0.1559177
288.289,0.007586653,5.290693e-4,0.01060264,6.641206e-4,-3.445642e-4,-0.009293749,0.001719768,-0.002505784,-0.004036275,5.801057e-4,-0.001597661,0.001728217,0.001469206,0.005467545,0.00128133,3.907646e-4,1.576387e-4,-5.719165e-4,0.002188417,6.497381e-4,5.709326e-4,-0.001173434,3.298355e-4,-4.553774e-4,3.12374e-4,7.537013e-4,0.001562092,3.343439e-4,9.393774e-4,5.206069e-4,9.954418e-4,0.002132421,0.003414948,-0.003108991,0.003297553,0.006569218,-3.114521e-4,0.004410957,7.711633e-5,2.766473e-4,0.001188036,-0.001111178,-4.117317e-4,0.001145008,0.002682385,1.449478e-4,0.002292129,0.00188681,6.817736e-4,0.001192121,6.071186e-5,0.001283362,0.003319579,0.002111004,3.945971e-4,2.162976e-4,0.001398408,-3.327176e-4,8.150697e-4,0.001449153,9.031123e-4,0.001310664,3.538704e-4,8.219492e-4,0.001085384,-3.262488e-4,-1.131292e-4,0.002963077,0.001017519,3.250092e-4,0.002586713,8.910298e-4,0.001158632,6.317689e-4,-6.650935e-4,5.772259e-4,0.001353959,5.353284e-4,2.946968e-5,6.376159e-4,7.907304e-4,4.778695e-4,-2.742711e-4,8.147723e-4,5.001484e-4,5.518673e-4,6.386811e-4,9.385139e-4,4.664952e-4,7.078222e-4,-0.001059892,5.363215e-4,-3.349281e-4,7.191602e-4,2.173602e-4,0.001031921,0.001500414,7.960911e-4,6.139194e-4,-4.159807e-4,1.362904e-4,7.758661e-4,3.82985e-4,4.303282e-4,1.552945e-4,-7.730834e-5,-4.83034e-5,2.90501e-4,3.248302e-5,-1.19058e-4,1.875604e-4,-5.455523e-5,-1.082682e-4,1.082745e-5,2.530528e-4,4.610932e-4,-5.774205e-5,6.936188e-4,4.005186e-4,7.676137e-4,-1.593323e-4,-2.236804e-4,2.200909e-4,-4.356798e-4,4.9882e-5,4.511692e-4,7.768661e-5,5.933843e-5,4.415741e-4,3.462427e-4,2.21889e-4,4.768444e-4,5.005191e-4,-1.146029e-4,5.288574e-4,4.330319e-5,2.568536e-4,3.08925e-4,6.994328e-4,9.304131e-5,0.001034463,0.001135575,6.307855e-4,0.001182589,9.832719e-4,0.001047295,0.001627098,0.001754703,0.002442382,0.002897706,0.002919209,0.003121332,0.003747634,0.004064242,0.003460423,0.004654194,0.008516863,0.01442625,0.02454328,0.03815018,0.05017765,0.05937588,0.06174183,0.06074103,0.06453343,0.06706046,0.0736868,0.09994479,0.2278873,1.122464,0.573158,0.3748622,1.471362,0.4399555,0.1727928,0.1541861,0.1444538,0.1373318,0.1271768,0.1202918,0.09995996,0.1039282,0.07706265,0.07960489,0.06079524,0.0709644,0.07973836,0.05886803,0.2804393,0.4130418,1.445954
290.545,-0.004784555,0.003969246,-0.001301185,3.74627e-4,0.004802481,0.002929534,-0.004971156,-0.004194158,-2.275968e-4,-0.002047073,-0.001021853,-7.814065e-4,-0.00223888,0.001059945,-0.003097407,-0.001776136,5.001905e-4,2.679598e-4,4.209474e-4,0.001037612,-2.986227e-4,8.268022e-4,4.020655e-4,-1.164986e-4,2.068387e-4,4.991943e-6,-2.040147e-5,3.345102e-5,2.886719e-4,0.001283146,5.224566e-4,8.682081e-4,6.226769e-4,-0.003950299,0.002609017,-0.003226624,9.285162e-4,-4.859221e-5,0.002257583,-0.001297595,1.334416e-4,-0.003757854,-3.094747e-4,-3.372133e-4,-0.001465146,8.302917e-5,1.403709e-4,0.002184368,6.138326e-4,4.674573e-4,5.289748e-4,-0.001570473,-9.750407e-4,-4.415091e-4,-4.345754e-4,0.001189579,-0.003287544,-2.741943e-4,-6.862941e-5,0.003737894,-8.725368e-4,9.132738e-4,-0.001511838,-7.411762e-4,-0.001023343,-3.747195e-5,-0.001140919,-4.997541e-4,-0.001578771,-1.052244e-5,0.001594013,5.024562e-4,-1.706953e-4,0.001577959,7.638667e-5,4.309184e-4,-0.001550657,-5.208065e-4,3.441886e-4,-6.196481e-4,-3.899883e-4,-3.258402e-4,3.866629e-4,4.412307e-5,-2.922567e-4,1.721121e-5,-3.853876e-4,3.254146e-4,-2.144434e-4,-4.178639e-4,-8.833016e-4,-1.831614e-4,-5.566203e-4,7.867859e-5,-0.001200911,-2.721003e-5,2.674642e-4,-5.984273e-4,-2.121467e-4,-6.287594e-6,-2.914104e-4,-2.959723e-5,1.491059e-4,-1.412785e-4,-4.619099e-4,-4.136677e-4,-1.028619e-4,-5.301025e-4,2.289592e-4,7.343368e-5,-1.123222e-4,-1.361669e-4,-2.804233e-5,8.050102e-5,5.184157e-5,1.971649e-5,-4.40527e-6,3.959783e-5,2.494761e-4,3.590927e-4,2.489437e-4,-3.056791e-4,2.303772e-4,1.941187e-4,-4.560171e-4,-2.990947e-4,-1.491712e-4,-2.313107e-4,-7.237321e-5,-2.249736e-4,-1.442569e-4,-1.226947e-4,6.101562e-4,3.654392e-4,1.804257e-4,-3.791685e-4,6.71652e-5,8.647052e-5,-4.296049e-4,-5.85008e-4,2.625149e-4,6.957748e-5,0.001082947,0.001014768,9.973648e-4,6.682575e-4,8.99403e-4,0.001575408,0.002026936,0.002478785,0.002479273,0.0027234,0.002576886,0.004004917,0.00428341,0.006941981,0.01192295,0.02071023,0.03122794,0.04647121,0.05573357,0.06077947,0.05901574,0.06146029,0.06361735,0.06903541,0.08561361,0.157109,0.7861264,0.6654812,0.2187794,1.029219,0.7062781,0.1853302,0.1768993,0.1681737,0.159452,0.1499262,0.1495153,0.133825,0.1185195,0.1027158,0.08865349,0.07459207,0.06335748,0.05689874,0.0648354,0.0849247,0.1001456,-0.1179905,0.4428475
292.802,0.01251417,0.004397641,0.003962996,0.006977776,0.01212666,0.007790906,0.005726098,0.01102656,0.009836125,0.007425524,0.00421126,0.004212711,0.00524789,0.005634025,0.004180391,0.002259452,0.005835521,0.002164028,0.003219758,7.187172e-4,7.802257e-4,0.002277493,0.001169516,0.001647071,0.001184255,-2.432132e-4,6.786191e-4,0.001178126,0.001227128,-0.001394535,0.002285485,0.002594132,0.004002676,0.003182865,0.004907947,0.001447252,-6.641766e-4,0.001147654,0.004128689,0.0028843,0.008272303,0.00470407,3.73599e-4,0.003441121,0.007030675,0.005962165,7.554622e-4,0.00279909,0.001033474,0.001570851,0.002627435,7.78732e-4,0.003616169,6.795336e-4,0.004199733,0.004198959,0.001836666,0.002931553,0.001394469,0.002023551,0.001561174,9.420815e-4,8.146959e-4,0.002436506,0.001726239,0.001621995,0.002134748,0.002192066,0.002136595,-1.035053e-4,0.002181212,-5.271179e-4,9.728489e-4,7.577385e-6,0.001788496,0.002134367,0.002883399,0.002199876,5.056773e-4,0.001523425,-3.850131e-5,0.001978191,-9.203711e-4,0.001440498,2.743779e-5,0.001186867,0.001895539,8.047015e-4,0.001145996,0.001169189,0.001215723,9.799792e-4,0.001310653,4.982442e-4,0.001004237,0.001029221,8.54886e-4,2.971234e-4,-3.708162e-5,5.442297e-4,4.130654e-4,5.353873e-4,5.401123e-4,4.597299e-4,3.773679e-4,0.001030545,6.694586e-4,4.445809e-4,3.58422e-4,7.818653e-5,2.088859e-4,4.67628e-4,5.499255e-4,7.119201e-4,-1.099998e-4,3.079347e-4,1.637978e-5,4.098216e-4,7.680816e-4,0.001012856,3.42493e-4,4.463741e-4,4.990907e-4,9.202263e-4,0.001047265,3.88703e-4,-9.721747e-6,1.152249e-4,3.625443e-4,3.771199e-4,1.640788e-4,7.174257e-4,3.54388e-4,7.84365e-4,6.868334e-4,7.933771e-4,0.001239214,1.235782e-4,0.001635322,0.001359562,5.145857e-4,0.001590902,0.001003461,7.443488e-4,0.002055657,0.002370899,0.002346112,0.002995576,0.003006505,0.002950903,0.003155412,0.00375976,0.003578482,0.004482386,0.005795559,0.01029562,0.0172344,0.02814619,0.04107443,0.05256401,0.05880811,0.06142613,0.06286795,0.06350092,0.06707461,0.07705504,0.1240768,0.4800677,0.7995904,0.1613271,0.6711678,0.9366428,0.2078108,0.1846624,0.1889079,0.1898593,0.1847103,0.1713964,0.1584541,0.1420774,0.1301163,0.1062752,0.09364069,0.09286317,0.0899988,0.08300305,0.09139006,0.1154971,0.1857395,0.5584817,1.913989
295.06,1.569377e-5,-0.001367506,0.004449776,0.003148776,0.0013215,-0.00111486,0.002011984,0.003245411,7.649407e-4,0.004313083,-9.787665e-4,9.744587e-4,5.328234e-4,-0.002420233,-8.922613e-5,7.028791e-4,-0.001202734,0.001169577,0.002145219,-0.001292754,-2.29662e-4,5.80215e-4,-9.059424e-4,-8.842531e-4,-5.679587e-4,6.038321e-4,2.69444e-4,8.778251e-4,0.001505625,2.809413e-4,5.693195e-4,-0.002961136,-3.876331e-4,-8.011524e-4,-8.491645e-4,0.00115818,-0.001838491,0.003701475,0.003003609,2.906114e-4,-8.916162e-4,-7.166582e-4,-0.001854106,-0.002558818,1.311923e-5,-5.265795e-4,-3.733381e-4,-9.816137e-5,0.002391648,0.001196511,9.563291e-4,-3.938623e-4,-0.00191378,6.277427e-4,1.621046e-4,-0.001937693,0.002579585,8.037371e-4,-0.00133176,3.255311e-4,4.075955e-4,-9.653637e-4,0.001183225,4.491354e-4,5.384739e-4,-1.890979e-4,-8.708302e-4,0.002303192,-9.314051e-4,4.584721e-4,-1.688033e-4,0.00143474,-0.001088584,0.001477016,-6.639272e-4,6.110512e-4,4.403094e-5,-2.416238e-4,-3.894359e-4,0.001184022,9.592946e-4,6.696523e-5,6.577216e-4,-1.416632e-4,1.570985e-4,0.001375108,3.539376e-4,2.992359e-4,5.323588e-4,4.088492e-5,-0.001199955,-8.903491e-4,-2.23377e-4,2.549532e-4,2.28478e-4,-2.874016e-4,4.688005e-4,1.255998e-4,-3.988054e-5,3.449149e-4,-3.017139e-4,-2.515956e-4,3.720765e-4,5.522837e-4,2.590104e-4,2.777095e-4,1.081215e-4,2.796054e-4,3.928959e-4,-1.455817e-4,1.950063e-5,2.517194e-4,2.026446e-4,-1.407853e-4,-3.067775e-4,3.889421e-5,-7.376949e-5,-2.078253e-4,-2.01554e-4,-6.435974e-5,4.483256e-4,-1.338368e-4,-3.198272e-5,3.401134e-4,4.522784e-4,3.413357e-5,1.703417e-4,9.622793e-6,3.528638e-4,3.286986e-4,2.088701e-4,4.869681e-4,3.870371e-4,2.955045e-4,-6.666988e-5,0.001143617,-2.610218e-4,9.234098e-4,4.025275e-4,6.023449e-4,8.099163e-4,6.396135e-4,3.78791e-4,5.547333e-4,0.001262292,0.001531235,0.001716594,0.002399692,0.002780677,0.002578775,0.002992276,0.002755138,0.003891424,0.004811698,0.007443483,0.01456618,0.02383602,0.03576572,0.04824618,0.05759234,0.05739526,0.06041351,0.0617351,0.06361079,0.06838083,0.09913248,0.2874875,0.9620975,0.1886944,0.4023745,1.188721,0.2391118,0.1666217,0.1871898,0.2008303,0.2033829,0.2033985,0.1883726,0.1665125,0.1523836,0.1360251,0.113892,0.09852916,0.09176771,0.08516039,0.08557661,0.0587941,0.08724132,0.1254696,0.09688553,0.8956621
297.319,0.004966572,0.003510848,-0.002558242,0.00231754,0.003211845,0.004970841,-0.001156502,0.001419887,0.002874478,-0.001841903,7.477984e-4,0.002604296,0.002731814,0.00232099,-4.540897e-4,-0.002974345,1.42402e-4,0.002235,-0.001976839,-1.960308e-4,5.654849e-4,-3.911747e-4,-5.322697e-4,2.87329e-4,-1.650647e-4,-0.001334357,-0.001175557,0.001473876,0.00209241,8.94369e-5,-0.002555039,0.001639277,-0.001747797,9.320544e-4,0.002801016,-0.002034997,-2.904237e-5,-7.157327e-4,0.00211968,2.207291e-4,0.002349087,8.058666e-4,0.004633732,-0.003005747,-0.003653358,8.492905e-4,0.001155139,0.002941331,-0.002794368,0.003472526,-0.001508776,1.529798e-4,0.002157754,-3.260072e-4,-9.702084e-4,0.001194569,0.002435437,0.001610204,-4.707827e-4,0.001306154,7.560405e-4,0.001204537,9.105655e-4,7.786452e-4,7.580046e-4,-3.517753e-4,-6.82537e-5,0.001072237,-0.001135759,4.949774e-4,-0.001241519,-0.001637195,-2.399762e-4,9.821562e-4,1.722595e-4,9.012499e-4,-0.001332401,2.012256e-4,9.26386e-4,-5.153768e-4,1.201906e-6,0.001575007,0.001204741,8.562522e-5,-4.462589e-4,-1.060684e-4,-5.055036e-4,2.837789e-4,0.001106477,-3.738659e-4,2.630992e-4,6.710792e-4,6.201628e-4,-4.153042e-4,-1.829895e-4,-3.975e-4,2.639981e-5,-0.00022583720000000001,6.557771e-4,4.687875e-4,1.598916e-4,1.95792e-4,1.614755e-4,-1.96669e-4,-7.534405e-5,-3.804705e-4,1.860337e-4,1.798345e-5,-1.162292e-4,-3.136706e-5,3.330471e-4,1.954652e-4,2.78174e-4,1.6511629999999998e-05,-2.339131e-4,1.778526e-4,4.437522e-4,2.562993e-4,4.218137e-4,2.975405e-4,-1.211412e-4,9.188119e-5,-2.582574e-4,-6.890774e-4,1.965301e-4,2.232855e-4,2.988e-5,7.14089e-5,3.384759e-4,1.693938e-4,1.594061e-4,-3.413812e-4,-1.554083e-4,4.52446e-4,4.997436e-4,5.391962e-4,3.213772e-4,3.202023e-4,6.009709e-4,5.561637e-4,5.806052e-4,6.991305e-4,9.925221e-4,0.0012074,0.001602872,0.00216053,0.001686445,0.0026728,0.002313022,0.003206725,0.003322589,0.003044491,0.004272866,0.006880468,0.01247881,0.0211168,0.03052368,0.04389955,0.05557367,0.05690382,0.05856283,0.05922593,0.06124694,0.06436802,0.08419166,0.1731672,0.9845121,0.2995563,0.2174044,1.095456,0.3060829,0.1388735,0.1629541,0.1958895,0.2136749,0.2223819,0.2201272,0.2067533,0.1866271,0.1631306,0.1388901,0.1197728,0.1079145,0.0886816,0.07942484,0.08183887,0.09050123,0.1134373,0.09510911,0.5370317,1.510662
299.578,-1.86589e-4,-0.001158427,5.643964e-4,-0.004401017,0.007548999,-0.006280291,-0.004004471,0.003652427,-0.007832437,-0.003591652,-0.001020217,-7.935374e-4,1.399874e-5,-7.914161e-4,-0.00379593,-0.001590873,-1.580849e-4,-3.901636e-4,0.002568748,4.254982e-4,-0.001518966,4.714786e-5,-6.122182e-4,-0.001121282,-3.608026e-4,-6.568187e-4,-0.001081526,-6.839501e-4,-4.654887e-4,2.73224e-4,-1.311627e-4,7.643878e-5,-8.86123e-4,5.285446e-5,-0.004141124,-0.002596966,-0.002440389,-0.001053246,-0.006931639,-0.002429404,-0.003392023,-0.002741161,7.514791e-4,-0.001939613,0.00116973,-0.002806276,-0.001664976,0.003169658,-0.00175543,-0.003597908,-0.003573632,0.001277418,0.001085571,0.00132583,-0.001094456,-0.002142802,-0.002136972,-0.003395993,-4.77563e-4,2.180171e-4,-2.432503e-4,-8.823528e-4,5.964444e-4,-0.00151754,-0.001301374,-7.590966e-5,4.506335e-4,-0.001114655,-0.001751513,6.719828e-4,-0.001748167,-3.734003e-4,-0.001000217,-0.001009243,-8.78239e-4,-9.291411e-4,2.034147e-4,1.975829e-4,-6.745352e-4,-9.291681e-4,-5.396343e-4,-9.423701e-4,9.277697e-4,1.548135e-4,-4.678733e-4,-9.266665e-4,6.182497e-4,-8.179673e-4,-8.672157e-4,-2.885705e-4,-8.280941e-4,-7.388442e-4,1.407078e-4,1.667639e-4,-3.885246e-4,-3.336516e-4,2.470262e-4,-4.974958e-4,-6.569457e-4,-4.994669e-4,-1.794063e-4,-2.356834e-4,-2.632963e-4,1.857066e-4,-5.702081e-4,1.725212e-5,-1.747214e-4,1.574697e-4,-3.689196e-4,-1.939226e-4,-1.936121e-4,-1.844322e-4,5.487419e-5,-4.671706e-5,-1.651363e-4,-4.497814e-4,1.065459e-4,-1.339739e-4,6.492696e-5,-1.20156e-4,1.667169e-4,-4.135171e-4,-4.573295e-4,-8.742365e-4,-5.865351e-4,2.314284e-4,3.27322e-5,-1.687675e-4,-3.664806e-4,4.420671e-4,2.550383e-4,-3.184719e-4,1.220716e-5,-1.526489e-4,4.199414e-4,1.63949e-4,-1.588231e-4,6.258618e-6,2.45141e-4,0.001182953,0.001161013,8.96961e-4,0.001324479,0.001784039,8.350937e-4,0.002119209,0.00227054,0.002460267,0.002818288,0.003020026,0.003044639,0.003819244,0.005110187,0.01011971,0.01712295,0.02689956,0.03942234,0.05104004,0.05609509,0.05683905,0.05749322,0.05941712,0.06314145,0.07477544,0.128687,0.6232394,0.485611,0.1203412,0.8292852,0.4247886,0.1212788,0.1347303,0.1677018,0.20369,0.2282755,0.2383405,0.2327206,0.2213704,0.2056288,0.1770744,0.1561423,0.1289546,0.1098913,0.09780744,0.09039574,0.0891183,0.07257025,0.06244368,0.1187662,0.4682521,0.8799722
301.839,-0.001366074,-8.156156e-4,-0.002136255,-0.002511965,-0.001800235,0.008885855,-0.005669522,-0.002425834,0.001372023,-0.002122781,-0.001692237,9.299145e-4,0.002439894,-0.001295239,8.11436e-4,0.001986786,0.002132469,7.981037e-4,5.875679e-4,-6.395642e-4,0.001344043,4.543908e-4,7.735473e-4,4.734878e-4,0.001287386,-3.673396e-5,4.424406e-4,3.206519e-4,0.001008423,4.453381e-4,0.002846555,0.00170814,0.001509709,-0.001736386,0.002134518,2.891916e-4,-6.88778e-4,-0.001521772,0.002133376,0.001760547,0.007037775,-0.003183541,1.577822e-4,0.002535843,0.001227909,0.001828085,6.730292e-4,-1.995817e-4,0.001427812,0.004256523,-4.843806e-4,-2.087923e-4,3.964855e-4,-1.202302e-4,0.002435637,0.001401863,0.001165142,0.003179842,5.316968e-4,0.001698483,2.034068e-4,-0.001795579,-4.220219e-4,-1.955237e-4,0.001575383,-3.498207e-4,0.001901143,7.518116e-4,3.924706e-4,-2.056331e-4,0.001508403,0.00331737,8.759734e-5,0.001286417,3.793172e-4,-0.0011565,-6.200323e-5,3.654702e-4,0.001104351,-6.030888e-5,9.108749e-4,2.824333e-4,-2.461287e-4,2.492859e-4,4.427874e-4,-0.00132006,4.167123e-4,2.73008e-4,-5.396148e-4,-4.079939e-4,-4.264835e-4,0.001256133,-1.552578e-4,-1.468589e-4,1.402844e-4,5.412155e-4,5.250187e-4,9.15569e-4,3.930564e-5,-1.045e-4,8.387679e-5,1.813973e-4,1.738305e-4,4.721129e-4,5.596406e-4,6.282167e-5,-1.832548e-4,-1.464341e-6,-1.886144e-5,1.856997e-4,2.455599e-4,2.115888e-5,1.285492e-4,2.713267e-4,3.146741e-4,5.544528e-5,3.79637e-4,3.471262e-6,1.412649e-4,2.212004e-4,5.650126e-4,6.803525e-4,3.216267e-4,4.141194e-4,-2.180136e-4,1.797146e-5,7.48335e-5,-8.038813e-4,-1.016887e-4,4.114381e-4,3.277975e-4,-3.902577e-4,5.623944e-4,4.363721e-4,7.079779e-4,5.834067e-4,6.032974e-5,3.038902e-4,3.491806e-4,8.705516e-4,0.001038501,7.253252e-4,0.00204241,0.001884954,0.002578145,0.002110291,0.002646926,0.002746441,0.003736827,0.003115491,0.004048738,0.005151129,0.008279851,0.01542336,0.02405466,0.03574136,0.04734097,0.0552486,0.05585495,0.05771332,0.06006488,0.06053341,0.0678559,0.1010517,0.3948151,0.6784063,0.1203921,0.5324989,0.6085796,0.1186079,0.1112953,0.1352432,0.1755765,0.2207851,0.243873,0.2540041,0.2549566,0.2309977,0.2183675,0.1877198,0.1660694,0.1409419,0.1190255,0.1078818,0.098906,0.08904561,0.1058885,0.08702911,0.2776498,0.4886867,0.6263511
304.1,6.836685e-4,-0.003486474,-0.003442659,-0.001593594,-5.204366e-4,-0.01061101,-0.0025258670000000002,0.003325571,-0.004492963,-0.001579618,1.355248e-4,-1.943323e-5,0.002643572,-0.002829496,-0.003355814,2.650461e-4,5.909171e-5,-6.62716e-4,-8.055589e-4,-4.545975e-4,-6.22903e-4,-9.05423e-4,-7.718909e-4,1.022444e-4,-0.002230788,-0.001542282,-5.61258e-5,-0.001428815,-5.300356e-4,-0.001269639,-2.797769e-4,-0.002196565,-0.001513567,-0.002643809,5.442732e-4,-7.64369e-4,-0.005238576,-0.00120549,-0.002545072,-9.623278e-4,-0.001294979,-8.883421e-4,-0.001564255,-0.005174124,-7.541053e-4,0.001618745,-0.001441763,-0.002733129,-0.001293352,-5.884355e-4,-0.002064338,-0.001824982,-0.001686266,-8.063134e-4,-0.00231498,-0.002155069,2.790494e-4,0.002843055,-1.961092e-4,2.9059e-4,1.465952e-4,-0.001429621,-0.002389478,-0.001790306,-4.084875e-4,-0.002081543,-6.513473e-4,-1.6429e-4,-9.116378e-4,-5.863025e-4,1.868097e-4,-2.484556e-4,-0.001179456,-0.001371373,1.971964e-4,3.555933e-5,2.415256e-6,-7.961286e-4,-8.915023e-4,-0.001081154,1.946695e-4,-5.715735e-4,-9.212621e-4,5.695161e-4,-0.001087583,-0.001218348,6.044164e-4,-3.426055e-4,-2.130151e-4,4.196744e-5,2.833779e-4,5.490535e-4,4.325188e-4,-6.803035e-4,-8.08246e-4,-3.233301e-4,-8.777249e-4,-3.133356e-4,-6.581187e-4,2.288345e-4,2.240837e-4,-3.338538e-4,-5.415762e-4,2.175416e-4,-2.618106e-4,-1.092846e-4,-1.567984e-5,-3.450714e-4,-9.990685e-6,9.956112e-5,-9.902492e-5,9.021657e-5,-1.904629e-4,-2.871106e-4,2.330341e-4,-2.49927e-4,-4.327277e-5,-5.053766e-4,-4.489366e-4,-4.338657e-4,-2.865472e-4,3.014533e-4,-6.065018e-4,-4.235442e-4,-3.813628e-4,3.184421e-4,1.68316e-4,1.591026e-4,-4.096429e-4,2.154265e-4,-2.788185e-4,2.418214e-4,-2.980223e-5,-3.358334e-4,6.264019e-4,2.459462e-4,2.401685e-4,-1.690615e-4,5.088263e-4,4.199237e-4,-2.133962e-4,0.001028788,0.001336146,0.001225109,0.002111841,0.001553872,0.002434738,0.003107535,0.002949133,0.003103533,0.003702791,0.006537266,0.01257379,0.0203823,0.03151222,0.04345538,0.05151038,0.05424548,0.0553852,0.05843679,0.06073802,0.06415194,0.08527806,0.2403904,0.8463621,0.1437168,0.3014575,0.904252,0.1409581,0.09354323,0.1068571,0.1349032,0.1814577,0.2287403,0.2532299,0.2683676,0.2648019,0.2451862,0.2210002,0.1946513,0.1666701,0.1467804,0.1248697,0.1082573,0.09931068,0.09278741,0.08814681,0.05098838,0.2101429,0.3914037,1.098391
306.363,-0.007299571,-0.003492076,-0.001379696,-0.0117301,-0.01015263,-4.945524e-4,0.002869232,-0.007228468,-0.004752954,0.002656717,-0.002330037,4.099588e-4,-0.001379346,-0.001869012,3.136447e-4,-3.69788e-4,-0.00341716,3.006604e-4,-7.302219e-4,-0.001234502,-2.309037e-4,3.500865e-4,-9.564693e-4,4.078167e-4,-0.001489927,7.324082e-4,-0.001780262,-0.002516499,-4.97075e-4,6.912071e-5,-0.001960268,-0.005229581,-0.004614617,-0.00534732,-5.009607e-4,-0.005181737,-0.001118924,-0.003464934,-9.921601e-4,0.002128499,-0.003596749,-0.00341866,2.335284e-4,-0.002010253,-0.003197578,-0.003889423,-0.004660417,-0.003884267,-0.002540191,-0.003599699,5.882667e-4,-0.002607263,-0.002310826,-0.001690361,-0.002066798,-0.001222088,-0.001460621,-5.693745e-4,8.745606e-5,-9.941047e-4,-0.001265252,-0.002171722,-0.002031878,-0.00125941,-8.466444e-4,-0.002230809,-9.866036e-4,1.064036e-4,-0.001823954,-3.933567e-4,-0.001328554,-0.002403504,-9.93187e-4,-3.720056e-4,-0.001665725,-0.001035502,-5.640701e-4,-0.001951591,-3.256357e-4,-0.001855924,-0.001995406,-8.780359e-4,-0.001925795,-8.922683e-4,-6.824516e-4,1.670111e-4,-6.536769e-6,-3.56847e-4,3.686927e-5,-0.001051972,-7.380946e-4,-3.986739e-4,4.049119e-4,-0.001089827,2.720895e-4,-3.826995e-4,-3.957589e-4,5.78891e-4,-9.010459e-4,-5.133292e-4,-7.87714e-5,2.185845e-4,-3.703885e-4,2.683982e-4,-6.228278e-4,-5.733264e-4,-7.5216e-4,-2.0199e-4,-2.756469e-4,-9.979891e-6,-1.69712e-4,-1.899563e-4,1.292348e-4,-1.977733e-4,-4.532054e-4,-1.060056e-4,-3.42658e-4,-2.95019e-4,-5.451627e-5,-4.226174e-4,-3.618782e-4,-5.053154e-4,-6.535621e-4,-3.150897e-4,-3.731976e-4,-3.547955e-4,-2.729572e-4,-4.119022e-4,-4.055884e-4,6.556529e-5,-1.062616e-4,-3.79224e-4,-5.175949e-4,-6.380559e-4,1.924587e-4,1.551678e-4,5.08914e-4,1.232825e-4,4.534254e-4,-8.827634e-6,5.76616e-4,5.614942e-4,0.001151665,0.001625879,0.001792081,0.002307573,0.002534489,0.002633164,0.002728533,0.003662251,0.005526855,0.01073598,0.01755294,0.02719242,0.04103483,0.04775296,0.05399821,0.05396613,0.05593934,0.05786167,0.06216496,0.07564992,0.1516956,0.8555192,0.2798599,0.1246549,0.9062728,0.2138227,0.08388065,0.0877991,0.1076059,0.1413622,0.1843251,0.2362557,0.2607665,0.2678909,0.2650299,0.2451546,0.2227166,0.1958431,0.1638853,0.1454671,0.12453,0.1150447,0.08980364,0.09314943,0.08474241,0.08468944,0.129875,0.1635835,0.1278026
308.626,0.001093511,0.004070074,0.003654449,0.004492981,0.0134308,0.01028362,0.01769834,0.00405346,8.760993e-4,0.002259308,0.002929353,0.004645156,0.00437716,7.227325e-4,-0.001302722,0.002876068,0.004427988,0.004840916,-2.939228e-4,0.004205594,0.003380328,0.001745191,0.00241089,0.001642352,0.002195177,0.001641978,0.001231638,0.001163292,4.468684e-4,0.001400393,0.001337628,0.001261989,0.005185765,0.003692282,0.00895351,0.002496529,0.004620329,0.008839754,0.00305937,0.001442578,0.004055092,9.581446e-4,0.005345856,0.003810255,0.002917672,0.001592482,0.003539113,0.006239004,0.002571725,0.004693725,0.001312535,0.002881907,0.003648001,0.001625803,0.003200472,0.004408696,0.002656972,0.002076495,0.002515187,0.001159526,9.905305e-4,0.001371162,0.001498965,0.001622846,7.692814e-4,0.001952399,0.002549485,0.001919282,0.004372642,8.920682e-5,0.001455894,-4.193281e-4,0.00156714,0.00255383,0.001224573,0.001541701,0.00329323,0.001843997,0.001752565,0.001180921,0.001207945,8.89198e-4,0.001704357,5.360388e-4,0.002203853,0.001209582,6.37045e-4,0.00107555,3.508129e-4,0.002166003,3.052884e-4,8.93496e-4,2.024593e-4,0.001734249,0.001287499,0.001187458,6.624707e-4,7.282341e-4,6.988312e-4,0.00109735,5.671283e-4,0.001022788,6.779433e-4,8.22415e-4,4.692363e-4,5.633948e-4,2.460738e-4,5.416673e-4,3.722405e-4,4.342343e-4,4.285418e-5,2.15895e-4,2.965966e-4,4.339036e-4,5.536678e-4,4.872393e-4,7.320404e-5,-4.380755e-5,4.312962e-4,3.741564e-4,0.001058725,3.860619e-4,6.651712e-4,4.183655e-4,7.493294e-4,7.47229e-4,7.38846e-4,7.528763e-4,9.007383e-4,7.67759e-4,0.00076896760000000005,7.162168e-4,0.001005017,0.001167834,4.860604e-4,5.773214e-4,0.001509376,6.706534e-4,7.478307e-4,0.001745781,0.001854746,0.002086436,0.001975626,0.002500415,0.00277498,0.002689739,0.003296825,0.003451899,0.003760837,0.005664071,0.01031695,0.01701769,0.02512212,0.0362972,0.04810934,0.0536621,0.05504004,0.05531109,0.05831148,0.06012993,0.06819483,0.1110361,0.5488633,0.4356094,0.08414189,0.6266402,0.3600922,0.07618374,0.07570288,0.0870201,0.111209,0.1493332,0.1944707,0.2356585,0.2687348,0.2751554,0.2620492,0.2461556,0.2307751,0.1990509,0.1793051,0.15539,0.1326483,0.1211532,0.118778,0.1070965,0.1432527,0.1349746,0.3122867,0.7690009,1.917574
310.89,-0.009944876,-0.0141041,-0.008463774,-0.01520308,-0.01235387,-0.008783127,-0.01187312,-0.005121974,-0.00666184,-0.008846237,-0.003935456,-0.001608199,-0.001001615,-0.002641246,-0.004670799,-0.003073284,-0.00534199,-0.002881194,-0.00222216,-0.002284733,-5.628155e-4,-0.001543005,-0.001165314,-0.001613153,-0.001277732,-0.001327462,-0.001795921,-3.146535e-4,-0.002923573,-9.88509e-4,-0.002247494,-0.001451584,-0.007249957,-0.005559508,-0.00888471,-0.004454527,-0.003636793,-0.004954195,-0.005128936,-0.003060609,-0.004936362,-0.005309733,-0.00302649,-0.006159225,-0.003335426,-0.0049608,-0.003945812,-0.002990577,-0.004908041,-0.001985489,-0.004817491,-0.003626595,-0.004439324,-0.002109113,-0.002112697,-0.002933372,-0.002009591,-0.001127494,-0.00317057,-0.003085072,-6.189372e-4,-0.003428384,-0.001989564,-0.001781962,-0.00204794,-0.001327918,-6.889995e-5,-0.002326939,-0.002875673,-0.001228898,7.237834e-4,-0.001712429,-0.002589786,-8.583203e-4,4.334685e-4,-0.00179583,-0.001963059,-9.31654e-4,-0.001068596,-0.001887222,-0.00139118,-9.842053e-4,-0.001804184,-0.001318491,-0.002329416,-0.001554682,-9.373948e-5,-0.001229229,-7.395057e-4,-6.50787e-4,-2.819152e-4,-0.001386078,-8.672541e-4,-7.547993e-4,-9.895571e-4,-5.60636e-4,-5.18178e-4,-1.407284e-4,-1.918984e-4,-0.001072722,-8.344103e-4,-7.709318e-4,-7.847932e-4,-0.001014444,-7.479637e-4,-5.149497e-4,-4.096642e-4,-2.498151e-4,-3.279064e-4,-6.189419e-4,-4.736551e-4,-1.543363e-4,-1.457939e-4,-2.194862e-4,-2.262301e-4,1.271789e-4,-5.987303e-4,-2.929217e-4,-7.032087e-4,-8.775615e-4,-5.151109e-4,-4.524273e-4,-5.156533e-4,-6.152321e-4,-0.00088857370000000005,-1.321735e-4,-4.230168e-4,-4.852852e-4,-2.896507e-4,-6.132809e-4,-0.00050449170000000005,-0.001104659,-6.476114e-4,3.266483e-5,-1.942087e-4,-9.822073e-4,-7.635256e-4,4.966255e-4,4.002213e-4,1.944503e-4,9.415449e-4,5.920553e-4,0.0012081,0.001907533,0.001513326,0.00239739,0.002946312,0.003282215,0.003422679,0.007253572,0.0133905,0.02148002,0.03226148,0.04278184,0.04923764,0.05193431,0.05349029,0.05536994,0.05704575,0.06107156,0.08859435,0.3477854,0.6131153,0.0773709,0.4224836,0.5884374,0.08259921,0.06510294,0.07046647,0.08547449,0.1126237,0.1528687,0.1959942,0.2432477,0.2647664,0.2682237,0.2632349,0.2460145,0.2288193,0.1954871,0.1689645,0.1452617,0.1223476,0.1116236,0.1023822,0.102685,0.0981354,0.07926941,0.03156851,0.1041233,-0.6916298
313.155,0.003909763,-0.004170407,0.001909491,-0.001209761,0.007629301,-8.767253e-4,0.004245972,0.002465931,0.005124526,-0.004756463,0.003908461,-0.001630221,0.00216152,-8.638237e-4,6.745015e-4,-0.001853619,0.002086782,0.002792503,-3.634976e-5,6.515264e-4,0.001504079,0.001000179,5.630833e-4,1.728716e-4,0.001431563,1.48785e-4,0.001184913,0.001307048,-0.001471213,8.370907e-4,0.001930008,-8.391502e-4,-4.446753e-4,0.002538296,0.00546098,0.002132141,0.002884989,0.002497778,0.001306066,-0.001600591,0.001410452,0.001247534,5.866103e-4,0.001249762,-3.728966e-4,-9.924666e-4,0.001946834,1.289214e-4,0.00271211,0.001839946,7.51613e-4,4.450294e-4,0.001028485,2.663937e-5,-0.00407321,0.003331974,0.001738505,0.003021368,0.002246832,3.906268e-4,-2.927551e-4,-1.231912e-5,-6.310352e-4,8.467171e-4,9.886084e-4,-1.93672e-5,2.501404e-4,6.969036e-4,2.129483e-4,0.001006748,-3.020023e-4,3.417072e-4,7.386299e-4,0.001724477,1.036382e-4,-2.221711e-5,4.451363e-4,9.31396e-4,0.00125722,8.54872e-4,9.719061e-4,7.930753e-4,9.272996e-4,8.31671e-4,0.001243459,-6.490587e-4,-1.368562e-4,0.001185948,-1.365181e-5,0.001635613,7.773607e-4,1.008834e-4,-1.599894e-4,3.105645e-4,-1.703089e-4,3.045223e-4,6.807596e-4,4.128428e-4,-6.083175e-4,2.401433e-4,2.620142e-4,5.708477e-4,1.356261e-4,5.37025e-4,1.800237e-4,-4.045386e-4,5.174304e-4,3.390875e-4,1.314031e-4,3.230532e-4,2.418585e-4,1.895919e-4,1.471941e-4,-1.151839e-4,2.48305e-4,2.11794e-4,4.474004e-4,4.218363e-5,3.265643e-4,5.258096e-4,-2.422911e-4,3.187573e-4,7.547725e-4,2.300526e-4,4.711772e-5,1.406511e-4,-7.787394e-5,2.485898e-4,9.770762e-4,6.818059e-4,1.862553e-4,8.639707e-4,7.386129e-4,5.312672e-4,8.105826e-4,5.284701e-5,0.001185897,9.35352e-4,8.071988e-4,0.001626753,0.001458712,0.002160344,0.002283549,0.002088932,0.002483275,0.002384078,0.002672257,0.003747866,0.006503168,0.01294446,0.02010077,0.0282817,0.04050254,0.04764526,0.05085307,0.05210293,0.05564529,0.05577571,0.05776789,0.07615832,0.2106633,0.7549958,0.1493384,0.250995,0.8605401,0.1224299,0.06123082,0.05913291,0.07145229,0.09040898,0.119932,0.1602282,0.1963187,0.2453904,0.268309,0.2729841,0.2617695,0.2475628,0.2250877,0.1947998,0.1741878,0.1522836,0.1285533,0.1218037,0.1145226,0.1008215,0.1261382,0.1753766,0.2175695,0.1973767,0.3010307
315.421,0.003500875,0.01008998,0.006562182,0.008039237,0.006545113,0.002290422,0.003767675,1.954063e-4,0.006180092,0.005927935,0.003760916,0.002719926,0.001960059,0.00330759,0.00798585,-1.448905e-5,0.002498366,0.004788459,0.002536092,0.001712281,0.001139856,-3.606014e-4,0.001108958,3.049531e-4,8.064559e-4,0.001141492,7.989833e-4,0.001166143,0.002008997,6.130307e-4,0.001885247,0.003097309,0.002195415,0.003571977,0.00292233,0.002412484,8.177143e-4,-0.001553706,0.004354867,0.00354638,0.006043988,0.003227003,0.00124567,0.00545833,0.004208765,0.001421085,0.002650953,-8.332154e-4,0.002376964,6.801843e-4,2.288047e-4,0.003109539,-0.002559446,0.001122764,5.252001e-4,1.966289e-4,-4.842477e-4,0.003087158,0.001671997,0.001624504,4.473371e-4,0.003903,0.002555469,0.001657634,-4.069532e-4,3.892205e-4,0.001270733,0.001945691,0.001693172,-8.734618e-4,0.001044333,0.001722451,3.607926e-4,4.77589e-4,0.001606985,9.073599e-4,0.001407976,7.854198e-4,0.001189543,2.77448e-4,3.322258e-4,-3.365665e-4,8.527186e-5,0.002523705,5.256688e-4,8.150614e-4,9.371155e-4,-3.009525e-4,-3.009838e-4,-4.60065e-5,6.537813e-4,8.531015e-4,4.481101e-4,4.08222e-4,-1.531319e-4,-2.382163e-4,-3.790243e-5,5.453619e-4,-1.176553e-5,9.497306e-4,4.931794e-4,6.24795e-4,0.001035205,4.605127e-4,2.790706e-4,3.858384e-4,1.517239e-4,2.672683e-5,8.109024e-4,5.777231e-4,1.550266e-4,1.819536e-4,1.922506e-4,3.548149e-4,3.585059e-4,1.090949e-4,4.614507e-4,-6.235455e-5,5.36584e-4,2.025492e-4,5.403063e-4,-2.608351e-5,6.759385e-4,6.421951e-4,5.886714e-4,1.518907e-4,4.662737e-4,3.123531e-4,3.095968e-4,2.456688e-4,4.058423e-4,6.518785e-4,0.001086485,4.884838e-4,4.067343e-4,0.001179872,5.344496e-4,0.001430674,0.001354157,0.001434268,0.00213131,0.002163646,0.002837918,0.00248787,0.003285257,0.003187781,0.003442914,0.00545162,0.01057235,0.01729148,0.02727226,0.03821422,0.04647991,0.04995636,0.05158488,0.05353157,0.05639849,0.05695884,0.06735532,0.1298576,0.7609733,0.2715682,0.1291277,0.7759241,0.20153,0.05546073,0.05244397,0.0573283,0.07024847,0.09518704,0.1260486,0.1650521,0.2060281,0.2507534,0.2657275,0.269026,0.2616477,0.2407338,0.2190938,0.1961909,0.1761479,0.1532231,0.1327467,0.1262949,0.1270592,0.1178338,0.1338848,0.1863437,0.3060385,0.5859189,2.127086
317.688,-0.001388099,0.002479825,1.939342e-4,0.004159834,-0.003548193,-0.001589402,0.003944561,-0.001226859,-1.27133e-4,-0.003175286,-0.001060266,-2.434622e-4,-0.003206335,0.004711551,-1.576602e-4,1.979113e-4,-0.003544605,0.001751295,-3.042939e-4,-0.00234918,-4.727184e-4,-3.002881e-4,4.530376e-4,-7.979044e-4,-6.726113e-5,-0.001311178,-4.115706e-4,3.201762e-4,-8.65026e-4,-0.001169482,3.563394e-4,-0.001603355,-0.001460009,0.003019182,-0.001574281,-0.003241085,-0.003032549,-0.002502228,0.002816189,-4.887232e-4,0.00123737,-0.001356496,-0.003003867,-8.822694e-4,-0.002982749,5.083567e-4,4.401002e-4,-0.001186247,-0.001584262,3.862721e-4,0.001105986,4.541201e-4,-0.003333759,-5.847459e-4,2.681257e-4,4.575185e-4,-8.593112e-4,-0.001560147,-2.230252e-4,-0.001224194,-6.610433e-4,-9.146526e-4,-9.855008e-4,-0.001339509,6.650779e-4,-6.504012e-4,-8.815097e-4,-2.025097e-4,-0.001085927,0.001083429,-0.001139913,-7.572375e-6,-4.054011e-4,5.985698e-4,5.951137e-5,-0.001058588,3.886708e-4,-7.22469e-4,-3.912284e-4,-4.221186e-5,2.326486e-4,2.057123e-4,2.208145e-5,-2.739812e-5,-2.362459e-4,1.467313e-4,-7.828814e-4,-1.18426e-4,5.363289e-6,1.262459e-4,-1.081647e-4,4.150176e-4,-3.142007e-5,-2.232029e-4,-1.865107e-4,-4.251962e-4,-1.393514e-4,-1.177317e-4,-5.618762e-4,-2.011246e-4,-1.937764e-4,-6.229594e-5,4.926295e-5,-1.097199e-4,-1.665737e-5,-1.495243e-4,-2.192052e-4,-2.330928e-4,-3.618026e-4,1.560477e-5,1.854418e-4,1.061997e-5,-2.558884e-6,-6.155762e-5,-1.505851e-5,2.169684e-4,4.752727e-4,1.180279e-5,-1.554915e-4,-7.578234e-4,1.295565e-4,-1.238336e-5,1.770862e-4,9.809072e-5,-2.974124e-5,-2.561968e-4,1.506269e-4,-2.902647e-4,-5.396204e-5,-5.854195e-5,1.813104e-4,-1.173454e-4,-1.646011e-4,-1.456389e-4,3.237e-4,3.439664e-4,7.046973e-4,6.280391e-4,8.331555e-4,0.001095154,0.002136933,0.001876766,0.002213632,0.001970388,0.002325295,0.003250347,0.00487775,0.008375953,0.01529614,0.02370856,0.0353886,0.04321184,0.0480439,0.04979442,0.04999461,0.05392524,0.05395201,0.0609645,0.09234681,0.4626283,0.4131421,0.08573389,0.5598338,0.3270775,0.05776702,0.04578573,0.04591073,0.05596301,0.07470942,0.1004135,0.1344074,0.1678867,0.2023881,0.24403,0.259734,0.2635817,0.2558903,0.2378053,0.2137456,0.1917623,0.1664303,0.153702,0.1347881,0.1225482,0.1104705,0.1109307,0.1042016,0.1286969,0.2551305,0.3466336,0.9860099
319.955,-0.001301896,0.002817788,-0.003197644,-0.001129264,0.00611669,0.01056436,0.006748635,0.002731314,-4.391227e-5,0.001434221,-4.76829e-4,0.00230253,9.632302e-4,0.001776334,0.001393735,0.001337728,0.00108125,-0.001377494,0.002383813,0.001104659,-8.757679e-4,0.001439786,2.804461e-4,0.001116196,5.658529e-4,0.001072363,0.001890469,9.857866e-4,1.231389e-4,1.366604e-4,0.00172652,0.002637073,-9.029084e-4,0.002872557,4.031506e-4,-1.381117e-4,0.00129102,0.00330492,0.001319178,0.006475116,0.00101818,-0.001979484,8.42945e-4,9.366234e-4,9.272305e-4,0.001682145,0.001769753,8.187208e-4,0.003339554,0.002264964,0.001225106,0.001560725,0.001658403,0.001549043,8.783985e-4,-1.993201e-4,0.001516583,0.001692262,0.001141124,6.106998e-4,2.982613e-4,0.001743352,8.373416e-4,8.139219e-4,-1.714712e-4,8.122951e-4,-0.001649889,0.002030095,0.001163457,-1.693827e-4,5.708907e-5,1.30374e-4,0.001089847,-0.00102254,0.002047771,0.00138802,1.591812e-4,7.15864e-4,0.001741761,0.00119485,0.001029354,0.00116166,3.354163e-4,1.781641e-4,2.308536e-4,5.046572e-4,-5.636497e-4,0.001149014,3.809326e-4,-6.919739e-4,1.897532e-4,6.825458e-4,-3.088591e-4,1.088138e-4,6.845541e-4,2.969888e-4,9.689215e-5,-1.969373e-4,-1.24261e-4,3.486434e-4,3.497755e-4,2.720869e-4,2.03373e-4,1.995986e-4,-4.212733e-5,1.356384e-4,3.618932e-4,1.304161e-4,1.200514e-4,7.113314e-6,2.353561e-4,6.908755e-5,2.251751e-4,2.457579e-4,3.740938e-5,2.090961e-4,-6.9972e-5,-1.359594e-4,1.523248e-4,5.928141e-6,3.26754e-4,1.549922e-4,-9.174998e-5,1.232508e-4,3.35357e-4,-1.902844e-4,1.03554e-4,8.123242e-4,6.305724e-4,4.494399e-5,4.795093e-4,7.10415e-4,3.227683e-4,-1.981913e-4,3.792099e-4,7.134041e-4,9.835965e-4,0.001114109,9.215951e-4,0.001586812,0.001908577,0.002471582,0.002201453,0.002918164,0.003115808,0.004259393,0.008018785,0.01327782,0.02013482,0.03085916,0.04236092,0.04778767,0.04961963,0.04954436,0.0534056,0.05140597,0.05583837,0.07669189,0.2711097,0.5796935,0.0939879,0.3928126,0.5440121,0.06798488,0.04500076,0.04165117,0.04517835,0.05641057,0.07562511,0.1041258,0.1362084,0.1654185,0.2023849,0.2415473,0.2533095,0.2550952,0.2528372,0.2313586,0.211621,0.1830384,0.1626043,0.1488062,0.1341923,0.1289464,0.1182541,0.1270736,0.1079997,0.2127268,0.2531033,0.5243851,0.7956324
322.224,-0.001114953,0.001054125,0.004656578,-0.002921193,7.510536e-4,-0.002200506,-0.005279361,0.003121327,-0.002084729,-0.007977673,-5.852251e-4,-8.053867e-4,-2.949742e-4,8.869288e-4,-3.108516e-4,1.319477e-5,-0.001423711,-9.409692e-4,-0.002047034,-1.767171e-5,3.098444e-4,-0.002804946,4.823143e-4,-6.670962e-4,1.897227e-4,-8.045916e-4,-3.64507e-4,-3.443483e-4,-0.001063437,-7.934877e-4,-6.173971e-4,-0.002908914,-0.001419585,-0.004040196,0.003747756,-0.001473346,-2.431115e-4,-0.003919524,-0.002813711,-5.944419e-4,0.002285033,-8.693279e-4,-0.001194667,-0.001519507,-0.003667583,0.002008204,-0.002659638,9.272339e-4,-0.00267309,-0.001997209,-0.00122171,-7.247032e-4,-0.001000182,-0.001973727,-5.014491e-4,-5.989858e-4,-0.002197895,-9.742544e-4,-1.532684e-4,-9.089926e-4,-1.099333e-4,-0.002130029,-4.981438e-4,-8.446231e-4,6.922688e-4,-0.001138212,-0.001862157,-7.042029e-4,-0.0015327,9.033409e-4,-9.878061e-4,-0.001791272,-0.001655508,-2.53781e-4,-3.973568e-4,-8.984822e-4,-6.362667e-4,-0.001114677,-0.001022941,-0.001092847,-7.361134e-4,-0.001293142,8.434532e-5,3.514278e-4,-3.365555e-4,-6.834469e-4,-3.915524e-4,-4.348324e-4,-1.610849e-4,-6.230874e-4,-4.702396e-4,-2.211256e-4,-6.501172e-4,-6.585005e-4,-3.218287e-4,-6.830676e-5,2.079017e-4,-4.241701e-4,-1.674238e-4,-7.376356e-4,-1.274419e-4,-4.191482e-4,-2.050717e-4,-2.419207e-4,-3.049527e-4,1.829647e-6,-2.322976e-4,-1.94772e-4,-3.88104e-4,-3.17943e-4,-2.850269e-4,-2.499199e-5,-2.814024e-4,-4.107613e-5,-1.258704e-4,-2.886315e-4,-3.301998e-4,-1.240888e-4,3.989628e-4,-5.777922e-4,1.966324e-4,-8.135246e-4,-1.067447e-4,-3.248148e-5,-2.840285e-4,-5.544347e-5,-1.745457e-4,1.20156e-4,-5.521993e-5,4.105139e-5,-1.692406e-4,3.6025e-4,1.734763e-4,1.934147e-4,6.044869e-4,4.581136e-4,0.001054853,0.001063083,0.001798488,0.001413161,0.001164394,0.002301844,0.002212486,0.002551745,0.003900156,0.00623066,0.01204797,0.01778228,0.02770576,0.03916033,0.04713073,0.04954899,0.04904146,0.050311,0.05196654,0.05316572,0.06577357,0.1725008,0.7176287,0.1736574,0.240368,0.8059923,0.1106506,0.04439491,0.03866972,0.03828043,0.0452012,0.05924631,0.08280113,0.1083871,0.136785,0.1729696,0.2053391,0.2374937,0.2530435,0.2532597,0.2503016,0.2280968,0.2093407,0.1855735,0.1639666,0.1488286,0.1298652,0.1209615,0.1125184,0.09421835,0.0967808,0.1144647,0.07438265,0.2687046,0.7781839
324.493,0.004084808,0.002488937,-7.930696e-4,-0.002671303,0.005114422,0.001405446,0.00560833,0.001046046,0.006955874,0.002392663,-0.001211009,-8.566141e-4,5.538255e-4,-6.381901e-4,0.001722187,0.001874788,0.001748639,0.002944677,0.002804477,-4.342981e-4,0.001510012,-3.223931e-4,1.915269e-4,7.576176e-4,-5.743113e-4,-4.456877e-4,8.624652e-4,-3.547389e-4,0.00122198,0.001124977,6.769047e-4,-0.001632565,0.001446765,-6.734422e-4,-8.826122e-4,-0.001212803,0.003823851,0.002327527,0.001782678,0.001033455,0.00196808,0.001762766,0.00222136,5.341032e-5,0.001281449,0.003860111,0.001393658,3.100211e-4,-6.603784e-4,-0.001633597,-4.559065e-4,0.002008766,-8.203436e-4,0.001969006,7.582142e-4,0.002170035,4.250502e-4,0.001865494,0.001652813,0.001645467,0.002258127,5.246995e-5,6.485772e-4,4.563521e-4,-3.113686e-4,0.001483924,3.561987e-4,0.001864312,5.694936e-4,-4.969633e-4,2.99842e-4,7.401266e-4,5.395936e-4,2.097526e-4,0.001401264,1.261014e-4,-9.041644e-5,-0.00110283,2.270722e-4,0.002040981,2.833234e-4,4.002684e-4,3.662176e-4,5.346727e-4,3.449221e-4,7.769578e-5,6.060842e-4,7.927526e-4,-6.166393e-5,4.348421e-4,1.338651e-4,2.140081e-4,-2.13795e-4,3.946327e-4,1.617348e-4,7.805247e-4,5.612825e-4,-3.145913e-4,-2.425895e-4,8.193994e-4,3.066949e-4,6.516213e-4,-3.128373e-5,1.370545e-4,6.153454e-5,-1.814624e-4,3.434353e-4,3.769757e-4,8.725161e-5,-1.257946e-4,-5.250665e-5,2.855192e-4,6.898935e-4,3.719542e-4,3.778864e-4,1.504907e-4,3.35384e-4,3.955881e-4,5.152228e-4,1.599769e-4,5.194002e-4,1.355057e-4,1.500984e-4,8.997193e-4,-6.894861e-5,-3.402476e-4,1.164768e-4,4.818587e-4,-1.357686e-4,4.346874e-4,7.156386e-4,6.277687e-4,6.946807e-4,0.001171591,3.862762e-4,0.001084267,7.750613e-4,8.628809e-4,0.001501486,0.002073392,0.001443353,0.002235974,0.002451552,0.003344626,0.005590521,0.01035614,0.01675146,0.02567067,0.03584641,0.04565093,0.04898913,0.0499884,0.05049683,0.05115747,0.05297302,0.060666,0.1132042,0.6381366,0.3044377,0.1455023,0.6988143,0.1867668,0.04636428,0.03933584,0.03620948,0.03756519,0.04761242,0.06253126,0.08590225,0.1158584,0.1471669,0.1777853,0.2085529,0.2404979,0.2525413,0.2510773,0.2457045,0.2231649,0.2091969,0.1854447,0.164319,0.1514382,0.1321056,0.1264295,0.1354626,0.1266496,0.1390394,0.1495797,0.2178434,0.5415461,1.3393
326.764,0.002214584,-0.001105904,-0.004122911,-0.001543585,0.001023299,0.00224196,-0.003491496,0.005598889,0.003130989,-0.001910076,4.790847e-4,0.001002843,-9.222368e-4,0.001078455,0.002422295,6.968909e-4,4.982439e-4,-0.002126215,9.029865e-4,-1.024528e-4,-0.00208482,-0.001053699,-3.765544e-4,-3.735538e-5,2.598578e-6,-7.125153e-4,-2.354714e-4,0,0.001159273,-0.001035913,0.002016474,-6.351179e-4,0.002846566,-0.00166346,0.002623056,9.733652e-4,-0.002813888,-0.002158359,0.002031062,-0.002964406,0.001919039,-0.001020133,7.148599e-4,2.774348e-4,-0.001238931,-6.073558e-4,8.167272e-4,0.001251271,-0.001455444,-0.001941714,0.00341647,-2.049953e-4,5.781952e-4,8.404999e-4,3.092879e-4,6.387224e-4,-0.001221843,-2.851574e-4,-0.001286731,-5.575976e-4,8.665449e-4,-6.508954e-4,3.12642e-6,0.001228041,-3.522764e-4,-3.97583e-4,-4.018634e-4,-4.761148e-4,6.248848e-4,-6.610679e-4,-5.133546e-4,-8.603562e-4,7.33009e-5,0.001366764,-3.869147e-4,1.007809e-4,6.953808e-4,-4.22735e-4,4.120647e-4,2.266543e-4,4.781649e-4,7.782935e-4,-0.001480149,-6.224217e-7,-7.191323e-4,0.001013038,4.332291e-4,6.792309e-4,1.292257e-4,-3.886509e-4,2.939335e-4,-1.484746e-4,-4.150031e-4,-1.094024e-5,-5.653964e-4,-5.879537e-4,2.43306e-4,4.333479e-4,-4.429502e-4,-5.106193e-4,1.51195e-4,-1.720743e-4,-1.622252e-4,4.525715e-5,-2.219708e-4,-2.554132e-4,2.106689e-5,9.240923e-5,-6.971909e-5,-9.782997e-5,-2.469603e-4,1.223213e-4,9.34033e-5,7.431487e-5,3.592666e-5,7.24509e-5,5.603804e-5,-6.818468e-5,-1.797399e-4,-4.477361e-5,-2.61203e-4,-4.187101e-4,4.349489e-5,-1.300151e-4,-1.050268e-4,4.12786e-4,-8.379638e-5,2.475375e-4,4.433064e-4,2.408879e-4,2.258658e-4,4.756126e-4,5.393222e-4,4.746004e-4,0.001116127,9.409854e-4,0.001234886,0.001379443,0.001861101,0.001814857,0.001827193,0.001687537,0.003305613,0.004317352,0.009002947,0.01476755,0.02277673,0.03391708,0.0424089,0.04763218,0.04913099,0.05006865,0.05149033,0.05183624,0.05587694,0.08506289,0.415318,0.4266823,0.1098952,0.5086038,0.3199982,0.05214108,0.04020396,0.03473748,0.03337765,0.04078226,0.04958193,0.06657989,0.08890161,0.11631,0.1458106,0.1790049,0.2065891,0.2332996,0.2441892,0.2467936,0.2342373,0.2203264,0.1982169,0.1830633,0.1603001,0.1463259,0.1343464,0.1331058,0.1253511,0.1312453,0.1299915,0.1535074,0.1955291,0.405815,0.9618393
329.035,0.005353785,0.01028923,0.006027365,0.007785948,0.01300185,-0.003025019,0.008773543,0.004140874,0.006602661,0.006242912,0.004706824,0.002595808,0.002297677,0.001841809,0.005354352,0.001574598,1.042842e-4,0.003300974,0.001009034,7.547581e-4,3.13786e-4,1.834599e-4,0.001208084,0.001829533,0.001476176,0.001101709,5.524649e-4,0.001538438,0.003462045,0.001188293,0.001659021,5.778401e-4,-0.002415224,9.616348e-4,0.005845079,0.003727978,8.711377e-4,0.003111449,0.006867773,0.00190177,0.00570524,-5.338869e-4,0.004265323,0.001254572,0.001731039,5.057644e-4,0.002605633,0.00443454,0.001610912,0.001514905,0.001666986,0.002873205,0.002749862,0.001633781,0.004789476,-1.692568e-4,0.001552516,1.585876e-5,0.002911419,0.001612507,0.001582196,0.002299231,-7.648682e-5,0.001741597,4.997601e-4,0.001731043,0.002127477,9.830249e-4,0.001444973,-1.464136e-4,6.314881e-4,0.001050342,0.001785634,7.422202e-4,-7.454924e-4,9.065894e-4,3.280717e-4,0.001029708,5.467057e-4,4.151452e-4,0.002077186,0.001054144,9.399863e-4,5.741054e-4,9.675343e-4,0.002268771,3.373065e-4,3.368514e-5,5.87806e-4,0.001440125,2.321774e-4,0.001041038,0.001505073,0.001084858,0.001188126,3.636268e-4,6.278495e-4,3.415577e-4,4.965145e-4,1.363027e-4,5.947666e-4,6.21699e-5,2.783483e-4,5.108459e-4,4.404039e-4,6.055037e-4,5.712188e-4,-9.148056e-5,3.873179e-4,3.678429e-5,-1.403764e-5,2.754261e-4,2.564483e-4,3.64128e-4,1.260946e-4,3.412338e-5,6.861016e-4,5.651429e-4,8.564461e-4,3.092666e-4,4.517736e-4,1.389542e-4,3.467672e-4,-7.487935e-5,2.076054e-4,2.657781e-4,3.697811e-4,2.95771e-4,6.87786e-4,7.71056e-4,8.650069e-4,4.238232e-4,5.527059e-4,8.714255e-4,8.653605e-4,0.001226802,0.002092924,0.001896646,0.002559762,0.001993203,0.003142551,0.002660939,0.003792707,0.007671237,0.0127749,0.02065709,0.03214543,0.04160318,0.0469428,0.04875346,0.04948067,0.05159132,0.05145962,0.05146731,0.07086203,0.2712122,0.5513776,0.1306322,0.350251,0.5474532,0.06700953,0.04043014,0.03634822,0.03302397,0.03480092,0.04228826,0.0533974,0.07064321,0.09346102,0.1204355,0.1554317,0.1799042,0.2101564,0.230802,0.2409394,0.2369486,0.2339254,0.2186137,0.2007511,0.1767263,0.1640671,0.1511367,0.1380466,0.1309652,0.1387115,0.132347,0.1566321,0.213382,0.2881789,0.6350749,1.316738
331.307,-0.002995928,0.006175087,0.002339766,0.001169132,0.002883599,0.006142371,0.006742194,-0.002543873,9.746598e-4,-0.001117408,0.006157785,0.001855534,0.002975939,0.002598385,0.002033195,0.002057788,-0.003343,-0.001442632,0.002195173,0.002078352,-2.586639e-5,-2.513468e-4,-3.797892e-4,8.448375e-4,-2.397993e-4,0.002255674,-4.324652e-4,-7.324698e-4,9.872115e-4,9.922772e-4,0.002628552,-9.260541e-4,4.83995e-4,0.002020475,-1.425283e-4,-9.196708e-4,0.003144918,0.001617731,0.001398341,0.001805303,0.001734456,-8.206982e-5,8.842417e-4,0.002786632,0.001599235,4.396635e-4,9.027114e-4,0.00240696,-9.708854e-4,0.002338616,-8.59491e-4,0.001308949,0.003487547,0.003454298,0.002131179,0.001236279,0.001907013,-5.188335e-4,5.310774e-4,-6.680355e-4,-3.110116e-4,-0.001098173,-0.001734147,-7.665552e-4,5.025617e-4,0.002092351,4.020342e-4,4.310508e-4,-8.157918e-4,3.213603e-4,-8.057645e-4,0.001625992,4.723055e-5,0.002580888,-2.936025e-4,-4.665864e-4,2.632339e-4,0.001373563,3.945664e-4,9.708194e-4,8.368426e-4,-2.495282e-5,1.901169e-4,6.434249e-4,1.450821e-4,0.001640866,-1.124314e-4,-2.319704e-4,8.240933e-4,-2.922665e-4,-1.320948e-5,-1.228608e-4,7.216101e-5,4.022455e-4,3.712296e-4,2.122729e-4,-1.693429e-4,2.411579e-4,7.321407e-5,3.918614e-4,3.256078e-4,2.102362e-4,-1.490403e-4,3.821298e-4,2.729289e-4,-2.216896e-4,8.423985e-5,1.899975e-4,-7.381688e-5,1.974839e-4,-1.124956e-4,4.381863e-5,-1.637162e-5,1.982487e-5,9.810573e-6,4.351244e-4,7.619072e-5,-7.447356e-5,4.924798e-4,2.565401e-4,9.219449e-5,3.158229e-5,4.930281e-4,1.372083e-4,1.758428e-5,4.153852e-4,5.113609e-4,4.651055e-4,2.239969e-4,2.302345e-4,6.764943e-4,9.203813e-4,0.001044679,0.001215039,0.001296749,0.001234601,0.001726244,0.002067037,0.001806914,0.002596793,0.0026713180000000002,0.00359261,0.005819023,0.01091913,0.01768009,0.02764044,0.03814767,0.04551265,0.04747038,0.04918882,0.05058041,0.05064844,0.05071354,0.06187429,0.1727676,0.648444,0.2022642,0.2343261,0.7663863,0.1147962,0.04296985,0.0339842,0.03154432,0.03180634,0.03672899,0.04554314,0.05591502,0.07145324,0.09811194,0.1262108,0.154855,0.1789296,0.2058421,0.2278558,0.2348418,0.2314161,0.2276568,0.2119399,0.1918597,0.1770478,0.1577431,0.1412169,0.1296565,0.1260371,0.1286131,0.1238417,0.1218044,0.1991318,0.2043999,0.822612,0.9582051
333.579,0.004353641,0.006232085,0.003682779,0.008891579,0.003968077,0.003012756,0.005105269,0.003343016,0.002771082,0.00236063,-0.002133677,0.003914409,-5.780275e-4,0.003840663,1.916759e-4,0.001446254,0.002061976,6.672031e-4,0.002459478,8.753908e-4,0.001804297,0.001228031,-2.209388e-4,0.001781448,3.583087e-4,8.751473e-4,1.492486e-4,0.001459654,5.705572e-4,0.002713348,8.783622e-4,4.382392e-4,0.001361152,-0.002266708,0.001649708,0.002865359,0.003765606,0.004247367,0.005311865,0.001152773,-0.001182287,0.002820088,-2.0479e-4,1.472392e-4,0.004319539,0.003412088,1.469205e-4,5.593277e-4,0.003046082,0.002747044,0.002757931,0.001927079,0.001324535,6.536283e-4,0.003279118,0.00248911,0.003915212,-1.98412e-4,5.767613e-4,0.001091576,-3.144263e-4,9.953156e-4,0.001609856,3.517398e-4,0.002233048,0.001732307,0.001210109,-8.192558e-4,1.661753e-4,0.001994753,9.045984e-4,0.001754962,1.137042e-4,-8.024561e-6,0.001194023,-5.120691e-5,5.758881e-5,0.001060623,4.663066e-4,5.731765e-4,0.001307257,3.359292e-4,-3.462229e-5,0.001581696,6.158543e-4,-2.088606e-4,6.317671e-4,1.088733e-4,2.389738e-4,5.824218e-5,3.672867e-4,4.945978e-5,5.550077e-4,-1.90595e-4,3.095588e-4,6.758744e-4,7.226781e-4,2.424152e-4,5.667078e-4,4.205802e-4,-1.766968e-4,5.895234e-4,4.662239e-5,-3.603328e-4,2.033063e-4,3.081338e-4,9.475322e-5,1.134586e-4,2.812103e-4,1.983229e-4,6.739063e-5,1.032538e-4,2.484234e-4,4.461125e-4,1.447807e-4,2.324706e-4,4.71809e-5,1.214569e-4,5.527254e-4,4.598679e-4,5.058437e-4,5.783657e-4,3.247816e-4,4.283479e-4,2.75755e-4,5.876067e-4,4.047904e-4,5.400575e-4,7.161816e-4,8.039504e-4,1.639251e-4,0.001003543,0.001582217,0.001408608,0.001222389,9.969292e-4,0.001744084,0.002315777,0.002249511,0.002876746,0.003840768,0.005237893,0.009420287,0.0165406,0.02553127,0.03499842,0.04410676,0.04833644,0.04919939,0.04916624,0.04960667,0.05059029,0.05620817,0.1134339,0.6499447,0.2920118,0.1618997,0.6215046,0.2020902,0.0448868,0.03554046,0.03232344,0.03220408,0.03478841,0.03981107,0.04708769,0.05871367,0.08210129,0.09877293,0.1280061,0.1533765,0.1808369,0.2018115,0.2214536,0.228733,0.2281107,0.2171676,0.2024532,0.1878774,0.1708229,0.1558291,0.1443455,0.1392674,0.1335544,0.1256304,0.144786,0.144532,0.1838487,0.2403886,1.04176,1.945412
335.853,-4.470221e-4,-0.002533258,-0.005820202,-0.002068906,-0.005436589,-0.006071326,-0.004715509,-0.007434069,-0.005282861,-0.01020127,-0.00408015,-0.005172767,-8.17784e-4,-0.001093018,-0.002232558,-0.003047231,-0.00270869,-0.001001899,-8.003268e-4,-3.819089e-4,-3.422128e-5,-0.001463075,-9.516149e-4,-4.715769e-4,-0.002111206,-0.001144166,-6.774039e-4,-9.784144e-4,-0.00139818,-0.002052707,-0.002616479,-0.001959507,-2.208386e-4,-0.002209073,-0.001314219,-0.002811139,-0.003482866,-7.598294e-4,-5.458036e-5,-0.003608254,1.661415e-4,-0.002000207,-0.002923611,-0.002710718,5.830726e-4,-0.005638601,8.312448e-4,-0.003248881,-0.002111339,-0.001944382,-0.003399039,-0.002236216,-0.0012007,-0.002469958,-0.001538859,-0.002937829,-0.002059534,-4.362969e-4,-0.00221439,0.001385829,-0.001232681,-0.00190981,-0.001337248,-5.119599e-4,-0.001246371,-5.664619e-4,-0.002148582,-3.424467e-4,-7.763172e-4,-3.502445e-4,-4.394455e-4,-1.389228e-4,-4.58479e-4,-4.165614e-4,-3.530484e-4,-0.001631866,-0.001114524,-0.001565669,-0.002283154,-0.001544319,-6.671561e-4,-0.001703395,1.145587e-4,2.340235e-4,9.792547e-5,-0.001443929,2.502781e-4,-7.166546e-4,-0.001048973,-0.002100563,-6.798896e-4,-2.40832e-4,-8.45382e-4,-0.001042511,-4.953352e-4,-2.442795e-4,-3.414739e-4,-9.026314e-4,2.676813e-4,-8.100761e-4,-6.134542e-4,-5.554067e-4,-3.437988e-4,-4.872012e-4,-3.450143e-4,-3.053848e-4,-4.155219e-4,-2.308825e-4,-1.232908e-4,-1.256481e-4,-1.224312e-4,-3.259372e-4,-4.410372e-4,-7.235287e-5,-2.244121e-4,-6.417054e-4,-1.783925e-4,-1.370718e-4,1.35069e-5,-3.098489e-4,-2.813727e-4,-2.237719e-4,4.835293e-4,-5.664951e-5,3.189173e-5,1.602417e-4,5.888544e-5,1.760481e-4,-2.45808e-4,2.966763e-4,5.258008e-4,7.800778e-5,6.238359e-4,2.717671e-4,4.577594e-4,7.734089e-4,0.00101577,0.001752587,0.001923319,0.002238616,0.003549055,0.006885856,0.01247813,0.02097019,0.03206385,0.04158844,0.04482647,0.04625165,0.04812963,0.05020406,0.049896,0.05198099,0.08335806,0.4264639,0.3925401,0.1470132,0.4777787,0.3273569,0.04992939,0.03905758,0.03163332,0.0320101,0.03248387,0.03714591,0.04094345,0.04955766,0.06397673,0.079911,0.103097,0.1282092,0.15169,0.1767764,0.1973287,0.2159435,0.2180577,0.2170001,0.2104821,0.1948241,0.1812857,0.1638346,0.1491472,0.140036,0.1306919,0.1231881,0.1164681,0.1192773,0.1133365,0.09233613,0.1614325,0.214873,0.4916536
338.128,-0.002913605,-0.001411615,9.903559e-4,1.542765e-4,0.003369506,0.004889563,0.004498952,0.008678748,0.002215359,0.003871753,0.003152647,-4.207196e-4,0.001396387,0.00137736,2.844751e-4,0.001376846,0.002290339,6.108507e-4,0.001419483,-5.291812e-4,7.339045e-4,8.367933e-4,7.595244e-4,-5.832345e-4,2.186702e-4,-6.603916e-4,5.483017e-4,0.001244794,4.815435e-4,8.663078e-4,1.441949e-4,0.001217927,-0.001374287,0.001156414,0.00464729,0.005165524,0.003845315,0.002399101,-3.977409e-4,0.001206074,-7.755426e-5,0.004461943,0.003142846,-2.895956e-4,0.001373872,-5.452675e-4,0.003418992,-0.001802887,-1.543788e-4,3.050596e-4,5.735753e-4,-2.003306e-4,0.001388665,1.975826e-4,0.001114401,0.002493784,-7.238324e-5,0.001024389,-1.101467e-4,-3.266624e-4,0.002558654,0.001447538,-2.656062e-4,7.190023e-4,0.001102824,9.433009e-4,0.001276669,1.931431e-4,0.001724334,9.109494e-5,2.488956e-5,-7.725663e-4,0.001043195,-1.522464e-4,0.001037009,7.941033e-4,0.001196605,4.16999e-4,4.899527e-4,-1.011132e-4,2.954402e-4,-2.286692e-5,7.885397e-4,5.45695e-4,2.025826e-4,-1.545849e-5,3.705895e-4,4.247904e-4,9.592473e-4,-1.761501e-4,-6.142971e-4,4.537631e-4,-4.497891e-5,5.303385e-5,8.45565e-5,3.493984e-4,3.194562e-4,4.582177e-4,1.448551e-4,-3.400185e-5,1.053546e-4,-4.551813e-5,-8.325165e-5,-5.458365e-5,-5.376542e-5,9.025328e-5,8.836573e-5,-1.017714e-4,9.304765e-5,1.592271e-4,2.247945e-4,-6.405494e-5,2.116378e-4,1.847222e-4,5.666016e-4,1.261528e-4,-2.467035e-4,-2.665621e-4,2.470962e-4,2.256749e-4,-1.007323e-5,1.768076e-4,1.728364e-4,6.159325e-4,3.010726e-4,2.176268e-4,5.324881e-4,3.599382e-4,5.00947e-4,0.001233205,3.058002e-4,0.001435048,0.00131059,0.001871932,0.001126273,0.001906309,0.002418921,0.002209493,0.002449534,0.003211518,0.00679338,0.0112058,0.01907291,0.02990468,0.03939364,0.04605598,0.04684637,0.04819906,0.04979329,0.04763179,0.05031793,0.06846144,0.282199,0.5103115,0.1624285,0.3670656,0.5039478,0.06716728,0.0384963,0.03431131,0.03282746,0.03363868,0.03616889,0.04081087,0.04739998,0.05499008,0.06506408,0.08691367,0.1040829,0.1302985,0.1525243,0.1746125,0.1962253,0.2090209,0.2133611,0.2091542,0.2060966,0.1939441,0.1800035,0.1662824,0.1514183,0.139763,0.1319946,0.1298909,0.1217189,0.1276772,0.1334389,0.1674235,0.2693967,0.327348,0.9310743
340.403,2.720002e-4,0.003992055,9.698728e-4,0.003774915,-4.948495e-4,-0.010036,-3.882729e-4,0.001544871,1.928081e-4,0.003455344,4.851273e-4,8.382316e-4,-0.001049315,-0.002237296,0.001108188,-0.001743965,1.748404e-4,0.001762299,-0.003432816,-0.001568036,-0.002719772,7.055868e-4,-4.099367e-4,4.355769e-4,-1.43779e-4,-5.44295e-4,4.934122e-4,1.581514e-4,3.553642e-4,-4.916836e-5,-0.001066284,-0.001079549,0.00252267,0.002437393,-0.001940358,2.484003e-4,-0.002441731,-9.650748e-4,0.002015221,-0.002529937,2.107339e-4,-3.410362e-4,-0.001251605,0.002571203,0.001825673,-3.115081e-4,-0.003630978,-8.196993e-4,4.040447e-4,-0.001116013,-9.318059e-4,-3.256398e-5,0.001827096,0.001381363,0.002038914,-0.001194967,-7.77458e-4,-7.51201e-4,-0.00221865,6.938425e-5,-3.125721e-4,7.521237e-4,7.072388e-4,-3.163389e-5,1.536783e-5,5.625714e-4,3.944669e-4,-6.016535e-4,-0.001615607,8.834589e-5,-7.642118e-4,-0.001201191,-8.026908e-4,-6.586016e-4,3.875104e-4,-8.983781e-4,-0.001090571,1.194746e-4,-0.001236126,-3.971719e-4,-1.571832e-4,-6.581627e-4,3.532737e-4,-3.277822e-4,-6.362002e-4,0.001631764,-4.747097e-4,-4.887254e-4,1.159547e-4,1.351064e-4,-8.865734e-4,6.168928e-4,4.031681e-4,-6.867279e-4,-1.150598e-4,-1.63182e-4,-8.876721e-5,-1.493962e-4,1.700685e-4,2.09619e-4,5.053152e-4,3.241126e-4,-2.422693e-5,3.272304e-4,2.196262e-4,2.144251e-4,-3.011736e-4,3.525531e-5,-2.406487e-5,-2.362327e-5,7.420375e-5,8.418737e-5,-1.308593e-4,3.329541e-6,-2.364148e-5,-2.766538e-4,3.246396e-5,-4.366041e-5,3.125928e-4,-1.187415e-4,-8.134262e-5,-1.514817e-4,-1.62386e-4,3.396185e-5,2.642673e-4,1.717567e-4,5.44038e-5,2.6641e-4,-5.518314e-5,5.851953e-4,2.118029e-4,6.55486e-4,6.148242e-4,9.332672e-4,0.001390428,0.002021783,0.002177077,0.002278826,0.003123624,0.005437148,0.01025952,0.01616852,0.02593179,0.03695306,0.04345609,0.04539244,0.04722778,0.0484013,0.04798784,0.04862302,0.05952778,0.18980350000000001,0.604546,0.212629,0.2781285,0.6953799,0.1061838,0.03986544,0.03611618,0.03372273,0.03192815,0.03618922,0.03846342,0.04561316,0.05120947,0.05739315,0.06802956,0.08461423,0.1057644,0.1311253,0.1521249,0.171699,0.1875935,0.2050566,0.2065914,0.2004597,0.1935157,0.18402,0.1724533,0.1627709,0.145583,0.1346441,0.1280725,0.1210863,0.1152705,0.1209123,0.1271916,0.1453897,0.2874314,0.5356793,0.2366507
342.679,-4.442495e-4,-0.005564054,0.002881623,2.358078e-4,-0.006485005,-0.004812686,-0.004453896,-0.002193359,-0.004306628,0.004881267,-0.001267822,-7.364628e-4,-6.383702e-4,-0.001178837,-0.002375938,-0.001188937,-9.729128e-6,-0.003258213,-0.00262431,-9.75606e-4,-0.002349236,-3.848699e-4,-0.001914346,-9.00499e-4,-7.582075e-4,0.001521287,1.813501e-4,-4.24759e-4,-1.771442e-4,2.414271e-4,0.001946165,-0.00182441,-0.00363361,8.874691e-4,-0.002365071,-9.803971e-4,0.00134743,8.320694e-4,-0.001817096,-0.001432122,3.742746e-4,-0.001677866,-1.907371e-4,-9.217624e-4,7.09186e-4,0.001540343,-0.001077271,-0.001796836,-0.003823937,-9.07851e-4,-0.00151105,-4.623357e-4,9.754048e-4,-0.001346724,-4.264667e-4,5.928811e-4,-0.002072149,-8.21231e-4,-0.001190688,-0.001374379,-0.001476102,-9.529455e-4,-3.793646e-4,-5.776789e-4,2.216127e-4,-9.736307e-4,1.458953e-4,-0.001381134,-0.001092004,-0.001461055,-0.00174441,6.896948e-4,-0.001467238,-5.450725e-4,-4.418697e-4,-0.001650192,-7.965509e-4,1.868512e-6,4.925438e-4,-1.607859e-4,-6.918028e-4,9.937218e-4,1.500218e-4,3.016618e-4,-5.680656e-4,-2.608619e-4,-0.001146374,-2.455957e-4,-2.841935e-4,2.893422e-4,-0.001005396,-5.200653e-4,-0.001052109,-6.372082e-4,1.986801e-4,-5.706689e-4,9.017659e-7,4.156352e-5,1.487759e-4,-7.824981e-4,-4.182302e-4,1.731921e-4,8.787076e-5,1.174522e-5,-2.543671e-4,-5.058772e-5,-5.909578e-5,1.819567e-4,1.849248e-4,-1.293773e-4,-2.541738e-5,-1.658396e-4,-1.425439e-4,3.973664e-5,-4.169768e-5,4.721366e-5,-5.160772e-5,-1.893234e-4,-1.508461e-5,5.615177e-5,4.82314e-5,2.191e-4,-5.537747e-5,-6.664036e-5,-1.399153e-4,-1.8055e-5,1.391517e-4,-3.377873e-4,1.156697e-4,4.513641e-4,6.944326e-4,-2.996485e-5,4.848958e-4,0.001445775,0.001242386,0.001456682,0.001294329,0.001575225,0.003756431,0.008737855,0.01357399,0.02362551,0.03339206,0.04289737,0.04391125,0.04527944,0.04633259,0.04799673,0.04708115,0.0529979,0.1304934,0.6821337,0.289567,0.2142706,0.6120178,0.1691247,0.04026781,0.03637502,0.0325476,0.03272253,0.03469902,0.03863366,0.04357089,0.048583,0.05483831,0.06186009,0.07406975,0.08954898,0.1081227,0.1286648,0.1504505,0.1681407,0.1849679,0.1962855,0.1989158,0.1940499,0.1911824,0.1805999,0.1672106,0.1535721,0.141112,0.1308179,0.1284924,0.1235539,0.1183741,0.1348375,0.1532785,0.1619664,0.1888869,0.4279116,0.7050344
344.956,-0.001211452,0.001045878,0.004412036,0.003630304,-0.001448427,-8.280147e-4,0.002491089,-0.001291253,0.004354612,8.413469e-4,6.026466e-4,0.002551493,0.001525283,-8.59026e-4,-2.163929e-4,1.367438e-4,0.001598209,0.001955229,7.359489e-4,6.329447e-4,6.141156e-4,-9.84112e-4,5.268414e-4,-3.27515e-4,2.164618e-4,7.127501e-4,0.0010879,-1.467972e-4,5.193163e-4,0.001953104,-1.555173e-4,6.328241e-4,0.0031388,0.005036333,0.002962006,0.00107539,0.001089407,3.195571e-4,7.652152e-4,-2.688494e-4,0.004720782,0.001195675,0.002268361,0.001393167,9.626317e-4,4.389476e-4,-9.233381e-4,0.001982461,0.001273703,0.001998684,-5.049302e-4,-0.003186676,4.821882e-4,4.028116e-4,0.003005383,0.001478883,0.002718633,-0.001195809,4.492903e-4,-6.14863e-4,8.097313e-4,0.003048986,-6.761798e-4,0.001029295,-0.001111,3.387987e-4,-1.990629e-4,3.211454e-4,-0.001184341,-0.001060489,5.511491e-4,2.727151e-4,-5.333859e-5,1.500276e-4,0.001211884,7.97807e-5,7.97549e-4,0.001591183,-2.456225e-4,-2.820069e-5,0.001334734,6.298091e-4,4.584393e-4,6.311202e-4,0.001220021,4.263517e-4,4.174517e-4,1.668677e-4,-2.081699e-5,5.007755e-5,3.739445e-4,3.127515e-4,-6.404377e-5,-4.910571e-4,-2.003578e-4,1.409502e-4,-8.075351e-5,3.756304e-4,-3.665236e-4,3.672781e-4,3.534355e-4,4.021366e-4,-2.748003e-4,-1.904779e-5,-5.812254e-5,5.13368e-5,5.357292e-4,5.316569e-4,4.056116e-4,5.036063e-5,2.532735e-5,3.140841e-4,3.749656e-5,1.080876e-4,7.55884e-5,-1.795402e-4,1.493865e-4,2.011199e-4,-7.459318e-5,2.480966e-4,1.576606e-4,4.612199e-4,4.284585e-5,5.879818e-5,4.467415e-4,6.506641e-5,1.012913e-4,3.577298e-4,6.847621e-4,1.330922e-4,6.507921e-4,0.001405837,0.001109649,0.001711517,0.002177035,0.001687542,0.002658763,0.003621961,0.007463134,0.01246815,0.02003624,0.03064361,0.04055363,0.04339906,0.04510533,0.04633601,0.04708118,0.04682069,0.0494215,0.09077504,0.5114323,0.3791918,0.1973112,0.5064364,0.26181,0.04617301,0.03706498,0.03478885,0.03282409,0.03545335,0.03896081,0.04214537,0.04716332,0.05391814,0.06014404,0.06554969,0.07901845,0.09411527,0.1125494,0.1294112,0.1488935,0.1649147,0.1816511,0.1914916,0.1926922,0.1885061,0.1820886,0.1752986,0.1607509,0.1525762,0.1438427,0.1387722,0.1332799,0.1292906,0.1454459,0.1438102,0.1661767,0.2241487,0.2658531,0.5643372,0.8335818
347.234,3.249375e-4,0.006116979,0.003229439,-3.847171e-4,-0.001879091,9.979943e-4,-0.005244619,0.002143206,0.004584737,0.001885395,6.498295e-4,0.002132578,-0.001166404,-0.002453609,0.001287055,6.887963e-4,3.841719e-4,0.002263475,0.001433577,-0.00182362,7.991412e-4,-7.627664e-4,-1.376527e-5,-6.219195e-4,6.891041e-4,-4.800137e-4,-1.32629e-4,-0.001128758,2.456772e-4,-7.443958e-4,0.002604849,-9.276614e-4,-0.001320542,-0.001552885,-4.218746e-4,2.149519e-4,-0.002070941,0.003300363,0.00130886,-0.001438954,-0.001495415,2.47707e-4,-0.002803147,0.001318632,8.230456e-4,0.001236358,-0.002046204,8.818446e-4,0.001389417,0.00238405,3.343706e-4,2.603083e-4,0.002131753,-0.00137201,-0.001893729,-2.028903e-4,-3.117169e-4,1.673355e-4,-5.873483e-4,-5.228077e-4,6.383892e-4,0.001623724,-3.281379e-4,8.113341e-4,-8.194324e-4,5.242574e-4,-9.138555e-4,6.838159e-4,6.604932e-4,2.605125e-4,-6.437307e-4,4.288151e-4,2.191769e-4,-7.596663e-4,1.533886e-4,-3.880978e-4,6.418591e-4,-3.295159e-4,-0.001143482,3.820481e-4,-6.250304e-4,-5.266254e-4,-5.712975e-4,-3.08562e-4,-3.006371e-4,3.326394e-4,4.135629e-4,2.097327e-4,5.992798e-4,4.201857e-5,9.70815e-4,6.086967e-4,-3.703692e-4,-3.678997e-4,-3.067498e-4,3.358279e-4,-2.659688e-4,-2.707069e-4,1.170376e-4,2.402319e-4,-7.24774e-4,-6.839282e-5,3.025067e-4,-1.464058e-4,-6.20917e-5,7.195573e-5,1.567406e-4,1.956282e-4,1.637465e-4,4.928558e-5,-1.806588e-5,8.089533e-5,-5.09823e-5,1.881904e-4,-8.900651e-5,-1.1196e-4,-5.125467e-5,-8.143983e-5,5.123206e-5,-3.605187e-4,-8.140733e-5,2.180962e-4,2.368607e-4,6.158076e-5,-1.823675e-5,4.038792e-4,7.813824e-5,-8.845879e-5,-1.079655e-4,7.775932e-4,9.232426e-4,5.341396e-4,0.001229706,0.002011708,0.002230328,0.001810353,0.002976848,0.005750973,0.01034233,0.01823945,0.02738764,0.03663928,0.04425057,0.04474037,0.04449259,0.04685619,0.04598792,0.04746655,0.06857024,0.3527041,0.464242,0.2073043,0.4165404,0.4101239,0.05822411,0.03651836,0.03475906,0.03538049,0.0360635,0.03802649,0.04236323,0.04731302,0.05236498,0.05804771,0.06366259,0.07203976,0.08246082,0.09407466,0.1123016,0.1305429,0.1481992,0.1636755,0.1768002,0.1852301,0.1873325,0.1828744,0.1783079,0.1689862,0.1620407,0.1488771,0.1372562,0.1336691,0.1283543,0.1311901,0.1395506,0.1532473,0.1674645,0.2028921,0.2208743,0.3323877,1.68208
349.513,0.00187579,0.008079539,9.441781e-4,0.005305202,-3.836598e-4,0.007861733,0.006026967,3.637949e-4,0.001539999,0.005949438,6.627295e-4,0.004048065,-0.001145513,2.556398e-5,0.004598669,8.688413e-5,2.520865e-4,8.336258e-4,0.002282459,0.001301574,0.001423896,4.392655e-4,2.528573e-4,-5.784422e-4,-5.827196e-4,0.001163225,6.63324e-4,0.001079726,7.379515e-4,6.956745e-4,-5.768316e-4,-4.518024e-4,3.781257e-5,0.004821155,-8.513751e-6,0.002974499,0.003027597,-9.164096e-4,0.002281107,4.996002e-4,-1.702309e-4,0.001503409,0.002746482,0.002560966,3.243735e-4,8.639579e-5,4.312981e-4,0.002544653,0.00223513,3.676808e-4,0.001760349,8.540124e-5,-0.00145014,0.001765438,-1.913619e-4,3.651561e-4,6.8508e-4,-5.127148e-5,-0.001094075,0.00155123,0.001120508,-9.544126e-4,9.359342e-4,0.001440961,5.435534e-4,-2.893366e-4,2.417831e-4,0.001497282,7.54392e-4,3.450316e-4,-0.001007254,-2.677302e-5,-9.589141e-4,-8.959931e-4,6.970303e-4,1.104949e-4,6.009926e-4,5.76628e-4,9.817155e-4,4.650686e-4,5.902199e-4,6.147432e-4,-2.764944e-4,8.144408e-4,4.10304e-4,3.147529e-4,-2.791574e-4,4.381681e-4,-4.247341e-4,-2.494277e-4,-9.363544e-4,5.942041e-4,6.130865e-4,0.001034134,8.776795e-5,3.058351e-4,4.542854e-4,-7.192098e-5,-5.373073e-5,9.257438e-4,6.155233e-4,-3.946954e-4,-3.454928e-4,-1.61725e-4,-1.096381e-4,1.734945e-4,1.495281e-4,1.355269e-5,5.442789e-4,2.150839e-4,9.84839e-5,-1.403817e-5,2.051518e-4,1.997377e-4,2.236549e-5,2.783001e-4,1.356001e-4,1.379683e-4,-1.36243e-4,4.64875e-4,2.987294e-4,6.211459e-4,-2.232443e-4,9.563442e-4,4.609606e-4,1.792712e-4,2.98874e-4,9.037908e-4,3.998748e-4,6.701387e-4,9.050582e-4,0.001670575,0.001866835,0.001346639,0.001944904,0.002739089,0.005183997,0.008788126,0.01604575,0.02547402,0.03534152,0.04118653,0.04432868,0.04502927,0.04494722,0.04567259,0.04613301,0.05982718,0.2351668,0.564443,0.2452476,0.3549181,0.5768437,0.08638422,0.03744426,0.03623858,0.03365329,0.0349559,0.03856204,0.04240478,0.04698711,0.05125201,0.0571682,0.06046455,0.06956109,0.07727772,0.08638081,0.09737584,0.1158806,0.1328486,0.148634,0.1650121,0.1696923,0.1804395,0.1805766,0.17872,0.176542,0.1674763,0.1575582,0.1477115,0.1430963,0.1370744,0.1327082,0.1356096,0.1422193,0.1640845,0.1814658,0.2292116,0.2178083,0.5301522,0.9786541
351.793,6.610962e-4,-0.00316297,-0.006588058,-0.008861765,-0.01140196,-0.01027265,-0.00775303,-9.282547e-4,-0.003662168,-0.004466821,-0.003093425,-0.004305941,-2.319244e-4,-2.021675e-4,-0.004304271,-0.001293906,-7.425071e-6,4.685128e-4,-0.002822558,-7.080714e-5,-0.001539315,4.825455e-5,-0.001430039,4.732046e-4,-0.001904075,4.060017e-4,-4.688651e-4,-0.001742569,-0.001017054,-0.002137902,6.344432e-5,-0.00404909,3.354202e-4,3.068895e-4,-0.004762214,-4.751935e-4,-9.344188e-4,-0.002095209,-0.001239119,-9.357752e-4,-3.732398e-4,-0.002258618,3.493479e-4,-0.002319021,1.627197e-4,-0.003160148,-0.001970649,-0.002234995,-0.004912147,-0.0012661320000000001,-0.003530398,-0.002292208,-0.003109172,-0.001976635,1.888176e-4,-6.411438e-4,-3.645634e-4,-6.544853e-4,-5.189127e-4,-0.002385771,-0.001096173,-6.537666e-5,7.425488e-4,-1.176617e-4,-8.049463e-4,-8.967188e-4,-0.002132766,-0.001964052,-0.001403444,-0.001910289,-6.851233e-4,-6.987409e-4,-9.50265e-4,-0.001440118,-4.594457e-4,-1.978823e-4,-1.206542e-4,-2.452465e-4,-6.0166e-4,-0.001513486,-3.262911e-4,3.112324e-4,-4.091423e-4,-8.784939e-4,-0.001087202,-6.360616e-4,-0.001810059,-0.001301601,-5.284351e-4,-0.001149703,-7.10956e-4,-3.152605e-4,-4.98249e-4,-2.859959e-4,-4.842461e-4,-6.581762e-4,-8.377133e-4,-2.389747e-5,-7.702655e-4,-4.76366e-4,-4.214304e-4,-2.35638e-4,-1.318279e-4,1.009895e-4,-6.539033e-4,-2.790394e-5,-4.795011e-4,-4.661685e-4,-3.51553e-4,-3.578495e-4,-3.685699e-4,-4.586897e-5,2.103944e-4,-3.263359e-5,-1.589109e-4,1.022644e-5,-3.414849e-4,-2.564972e-4,-2.00712e-4,-2.531225e-4,-7.365914e-5,-5.464538e-4,-9.581983e-5,-1.470992e-4,-6.268966e-4,2.301477e-4,2.144543e-5,4.338493e-5,2.533829e-4,2.896531e-4,0.001128164,0.001107961,9.242465e-4,0.001667443,0.001648554,0.003322099,0.007916873,0.01309791,0.02269851,0.03271889,0.03932701,0.04185801,0.04318568,0.0447084,0.0444183,0.04438698,0.05276711,0.166921,0.6528924,0.304905,0.3111878,0.6579505,0.137014,0.03819312,0.0356673,0.03425464,0.03461152,0.03817441,0.04130888,0.04785744,0.05152197,0.05533852,0.06190447,0.06943311,0.07324521,0.08216722,0.08991681,0.1014993,0.1157745,0.1311772,0.1480709,0.1584941,0.1673866,0.1728523,0.1748436,0.1740131,0.1680313,0.1642979,0.1526924,0.1443363,0.1357356,0.1367499,0.131965,0.134373,0.1465599,0.1503567,0.1476914,0.1776623,0.1887632,0.2406298,-0.1169417
354.073,0.005138557,0.001232506,0.002111072,-3.524367e-4,0.006609916,-1.226588e-5,0.008796415,0.002375166,0.004067573,0.001648006,-2.541139e-4,-2.466773e-4,0.003505818,0.004062856,-5.112871e-4,0.002780268,-1.004733e-4,0.001447996,0.001001128,0.002449082,-0.00227885,0.001448301,0.001099222,5.085344e-4,9.043436e-4,5.544029e-4,6.937519e-4,0.002239705,-0.001057752,0.001818119,-0.001382772,0.005487705,-1.210065e-4,6.2047e-4,0.002454541,0.002370744,0.003973015,-0.001687357,0.002861634,2.811978e-4,-7.609233e-4,-8.678807e-4,0.001786609,-0.00118644,0.001641368,0.002731172,0.004343554,-0.001326246,6.39588e-4,0.002448186,0.0010092,0.002153092,0.001670212,0.001900196,0.001761117,-0.001836701,-2.435293e-4,0.001189894,0.002597315,0.00151851,-8.094691e-4,0.001294594,3.232506e-4,9.195106e-4,6.065134e-4,-9.37087e-4,-6.256297e-4,1.396024e-4,-7.218822e-4,0.002327703,7.525383e-5,-5.656399e-4,6.723954e-4,0.001381263,-7.827466e-4,4.47501e-4,0.001014586,-4.374362e-4,-4.227461e-4,7.486042e-4,0.002122348,0.001211817,0.001082126,8.742193e-4,8.857976e-4,8.275087e-5,-1.796094e-4,2.744369e-4,0.001214306,6.910006e-4,6.737339e-4,5.727474e-4,3.410893e-4,6.58525e-4,-4.836878e-5,3.49073e-4,-2.390194e-4,8.614604e-4,7.350118e-4,-1.913876e-5,3.002067e-4,5.289754e-4,6.280789e-4,9.46166e-5,1.749996e-4,-6.068493e-4,4.324957e-4,1.335538e-4,2.308557e-4,9.444689e-5,2.757881e-4,1.453844e-4,7.050378e-5,2.273051e-4,4.881362e-4,-5.695521e-5,-1.180225e-5,3.388501e-4,1.13972e-4,2.757892e-4,4.145955e-5,7.271705e-4,5.732627e-4,2.41758e-4,3.560094e-4,7.269527e-4,5.489185e-4,7.49233e-4,0.001107163,0.001434883,0.001760798,0.001489807,0.002213829,0.001797041,0.003492912,0.006507645,0.01213139,0.01917158,0.02967248,0.03786129,0.04281704,0.04405927,0.04319893,0.04547909,0.04361562,0.04904702,0.1138382,0.6156559,0.3871277,0.2879796,0.5957714,0.2118928,0.04239948,0.03522541,0.03432804,0.03533389,0.03821606,0.04293881,0.04698099,0.05256848,0.05751036,0.06307369,0.06947218,0.07197742,0.08117866,0.08747161,0.09478091,0.1073372,0.1197822,0.1317097,0.1465101,0.1580204,0.1676759,0.1718413,0.1725785,0.1724171,0.1686719,0.1594165,0.1549387,0.1466429,0.141887,0.1417749,0.1457154,0.1560007,0.1506312,0.155687,0.1942395,0.2229474,0.2304445,0.5503584,0.2903194
356.355,0.007473791,-0.008685167,4.191117e-4,0.003896179,0.006010195,-0.001599807,-0.001929912,0.002821155,6.830129e-4,-0.001445453,0.00259266,-0.00148297,-7.990803e-4,1.439946e-4,-0.003503282,-9.7127e-4,0.001549216,0.002849845,-3.886704e-4,8.952107e-4,9.926373e-4,-0.001522385,-8.997626e-4,-2.472557e-4,0.001357188,-2.864184e-4,4.856776e-4,-4.436364e-4,-0.00100283,-2.033021e-4,9.675797e-4,2.061093e-4,0.00128195,2.068764e-4,-0.00221706,-0.002508817,-0.001141843,-0.002667596,0.003480802,0.001264901,-0.001790667,-8.266562e-5,5.683244e-4,-0.001020234,-4.052891e-4,0.003733606,-0.001761382,-7.466764e-4,-5.413061e-6,2.516e-4,-0.002778078,0.001888174,-0.001550275,8.794584e-5,0.001081954,-8.538294e-5,-0.001015896,4.856308e-4,-9.694077e-4,-8.151018e-4,6.081554e-4,8.303735e-4,7.174831e-4,-3.531694e-5,-4.423463e-4,9.394141e-4,7.867119e-4,-0.001021737,3.329758e-4,-8.179137e-4,4.543153e-4,0.001051945,2.285145e-4,-7.393118e-4,0.00104216,-0.001057654,6.485641e-4,6.449874e-4,-7.33716e-4,-7.628336e-4,-0.001020161,-2.449039e-4,-7.67302e-4,0.00188909,-4.58655e-4,2.64936e-4,1.983636e-4,9.894618e-4,4.814573e-4,-7.166827e-4,4.985569e-4,7.951069e-5,5.544778e-4,4.284486e-4,-4.882746e-4,2.965579e-4,9.757354e-5,-3.831116e-4,7.301932e-5,1.255606e-4,3.094255e-4,3.590644e-4,-3.299814e-4,-2.08262e-4,-1.485228e-4,2.58927e-4,-2.735092e-4,-9.051963e-5,6.754363e-7,1.290493e-5,8.27945e-5,-1.455781e-4,-5.108685e-5,9.492494e-5,4.642789e-5,2.243699e-4,3.293792e-5,-1.439129e-4,5.201365e-5,6.027436e-4,2.057041e-4,3.557171e-4,2.545197e-4,1.150632e-5,4.186915e-4,7.557705e-5,1.496104e-4,5.6172e-4,0.001174299,0.001399291,8.608371e-4,0.002054489,0.002195686,0.002949479,0.005669763,0.009223834,0.01635974,0.02631968,0.03549905,0.04160944,0.04296512,0.04296902,0.04510046,0.04415829,0.04521045,0.07945405,0.4412763,0.4587053,0.2906389,0.5261671,0.2954717,0.05091059,0.03544499,0.03452142,0.03510306,0.03741115,0.04089335,0.04628367,0.05175884,0.0577112,0.06237463,0.0660806,0.07356445,0.07839535,0.08307357,0.09165595,0.09769245,0.1106091,0.1207422,0.1321682,0.1441865,0.1542029,0.1632342,0.1660509,0.1675206,0.1660342,0.1644956,0.156987,0.1533159,0.1474376,0.1438184,0.139693,0.1393911,0.1518832,0.1659192,0.158604,0.2069803,0.24711,0.250559,0.4583954,0.6296952
358.637,0.006360981,-0.001660587,0.001168529,0.002201915,8.057118e-4,2.04486e-4,0.002543195,0.002770514,0.002985927,0.004887985,0.004187653,2.47131e-4,-1.684297e-4,0.00552904,0.001314083,0.002103302,0.001414174,-0.001076836,-0.00168799,0.001470292,0.001791972,7.411967e-4,-1.512335e-4,2.213546e-4,2.161001e-4,0.001461773,0.001648641,1.812457e-4,0.001017927,-0.001279381,0.002643604,-5.66253e-4,0.002031639,0.001245998,0.004281516,-0.002036298,0.003975142,-0.001617138,0.00337036,0.003834729,0.002681149,6.24851e-5,-2.339956e-4,-0.001280856,-0.001080239,6.901499e-4,0.003662884,7.424258e-4,-1.743152e-4,-0.002638452,0.001226484,0.00300702,0.004220657,0.001095235,-7.235051e-4,8.765545e-4,5.419776e-4,7.162745e-4,1.608151e-4,-0.001303619,-3.440874e-4,-0.00130781,7.683653e-4,-6.053024e-5,0.001110856,9.346071e-5,-4.937868e-4,0.001397878,4.428249e-4,2.729867e-4,0.001171999,2.278497e-4,9.075272e-4,-7.42257e-4,5.388606e-4,0.001162301,7.143622e-4,-2.852821e-4,5.849063e-4,0.001884241,5.579096e-4,7.246842e-4,2.364279e-4,6.902996e-4,4.712855e-4,5.37124e-4,5.000276e-4,-5.91272e-5,1.345809e-4,3.89667e-4,3.684322e-4,9.076289e-4,5.064801e-4,2.403106e-4,2.116164e-4,5.379578e-4,9.5726e-4,1.302864e-4,2.323757e-4,3.895157e-4,5.71704e-4,2.894188e-4,3.065341e-4,-1.171283e-4,9.486263e-5,2.854804e-4,5.94043e-4,1.222658e-4,5.109355e-4,-2.10676e-4,4.338558e-4,1.888834e-4,3.032703e-4,3.508618e-4,5.576542e-5,2.800844e-4,8.993121e-5,-3.197331e-4,2.457771e-4,2.404281e-5,4.753568e-4,5.097524e-4,-2.756613e-4,3.647857e-4,6.434235e-4,3.878067e-4,9.840834e-4,5.8548e-4,9.891064e-4,0.001107929,0.001542724,0.002074968,0.002676894,0.00401699,0.008723231,0.01426961,0.02333089,0.03398301,0.03938969,0.04269926,0.04363848,0.04377191,0.04379285,0.04303834,0.06242927,0.3128505,0.5457386,0.3100715,0.4655485,0.4251313,0.06300219,0.03637179,0.0338068,0.03442216,0.03740523,0.04032979,0.04572813,0.05097039,0.05579657,0.06356787,0.0686128,0.0728343,0.07856808,0.08390921,0.08925581,0.09583445,0.1010691,0.1109859,0.1221402,0.1332091,0.1439061,0.1533686,0.1573825,0.1648293,0.1614302,0.1617849,0.1589048,0.1547596,0.1498111,0.1499517,0.1428084,0.1441296,0.154487,0.1512413,0.1601404,0.1873291,0.2128594,0.2147976,0.1517199,0.3973486,0.4296981
360.92,0.01358641,0.01214707,0.01051415,0.011438,0.02003149,0.0174118,0.01897935,0.01257129,0.009628033,0.01022154,0.00594184,0.005562144,0.005556225,0.00706636,0.0077531,0.005807558,0.003824021,0.005287923,0.00567156,0.00310825,0.003555356,0.001222742,0.001585694,0.003166067,-4.190718e-5,0.002598942,0.001482627,0.00251496,0.002167316,0.002908475,0.005767371,0.003919302,0.006958248,0.01023957,0.008499113,0.004553137,0.005709808,0.003355492,0.00681491,0.003614369,0.004472988,0.00864015,0.00548467,0.003747814,0.00584827,0.005947516,0.003654511,0.00291041,0.004269161,0.004053607,0.005555791,0.00301231,0.004915252,0.006765109,0.003554048,0.002846217,0.005438093,0.003197237,0.004254886,0.002009892,0.002275569,0.002616061,0.002980929,0.002213488,0.001467421,0.002233636,0.002276212,0.002632856,0.00194477,0.002452855,0.001743905,0.002760933,0.001118788,0.004013499,0.001959795,0.002772052,0.002593716,0.002321328,0.00181412,0.002311263,0.002007197,0.001379573,0.002403158,0.001427793,0.002200841,0.001421253,0.001750808,0.002094145,0.002466555,0.001879283,0.001190877,0.00148242,0.002607726,0.001927846,7.885749e-4,0.001190637,9.954302e-4,0.00129263,9.903792e-4,6.709236e-4,0.001032809,9.1067609999999e-4,8.665686e-4,0.00122861,9.419424e-4,7.077939e-4,8.149419e-4,0.001143999,0.001107525,4.755402e-4,3.828892e-4,4.940809e-4,8.233552e-4,4.981583e-4,2.881757e-4,8.69174e-4,7.55858e-4,6.315363e-4,6.981808e-4,0.001319893,0.001126985,0.001017672,0.001559738,0.001675144,6.71911e-4,0.001244186,0.001205857,0.001714163,0.001541142,0.002236493,0.002251134,0.002793735,0.004425057,0.007768922,0.01261775,0.02005212,0.03219353,0.03879666,0.0426976,0.04294092,0.04505894,0.04428391,0.04312045,0.05252772,0.2091253,0.6302645,0.3469849,0.428307,0.5798982,0.09436457,0.03822509,0.03481373,0.03572188,0.03732526,0.04021462,0.04531495,0.05106599,0.05572403,0.06392514,0.06917681,0.07425723,0.08255297,0.08685326,0.09330015,0.09714276,0.1030593,0.1094823,0.1157366,0.1236663,0.1360239,0.1451249,0.1538056,0.1560105,0.1606456,0.1632912,0.1636112,0.1600384,0.1545373,0.1500882,0.1507101,0.1564536,0.1521319,0.1523605,0.1744882,0.1834446,0.2136853,0.2225322,0.2882197,0.4457506,0.7608845,3.245828
363.203,0.00288055,-0.005443738,-0.004105868,-2.595984e-5,0.00699932,-0.005270971,0.00311771,0.004869112,-5.74731e-4,0.001961618,1.311323e-4,-7.515983e-4,8.011512e-4,-0.003868052,-2.014562e-4,-7.423036e-4,-0.003940377,-0.001005836,-8.191034e-4,0.002057056,0.001393874,-2.212133e-4,-4.502639e-6,-3.639644e-4,4.260383e-4,9.298473e-4,-1.123939e-4,7.380619e-5,-6.20476e-4,0.002083077,-0.001524602,7.300147e-4,2.09569e-4,0.001626438,0.004036739,0.004290363,9.608722e-4,0.001021026,-0.002103123,-0.002001242,-0.001047208,-0.002654241,-3.671833e-4,4.43087e-4,-0.001786179,-8.668472e-4,8.300318e-4,0.00249025,-5.097745e-4,-0.001685728,-1.365557e-4,7.226271e-5,-0.001081355,-4.366249e-4,3.766343e-4,0.001286731,0.001217942,-0.00124701,-0.001462426,7.805046e-4,-0.002030736,0.00225575,-2.122073e-4,6.911701e-6,5.362997e-4,7.79076e-4,-3.464404e-4,-3.868641e-4,3.21468e-4,-0.001732254,0.001354743,-0.002441635,4.657714e-4,-8.831546e-4,-1.523288e-4,6.823215e-5,6.441958e-4,0.001213476,-4.833784e-4,3.537186e-4,-0.001020579,1.029459e-4,6.683127e-5,5.410928e-4,2.847156e-4,7.264224e-4,-8.056516e-4,-2.221624e-4,3.228391e-4,-1.604577e-4,-2.523426e-5,1.334168e-4,0.001206322,-7.561046e-4,4.049656e-4,-8.746994e-5,-3.266841e-4,-1.734976e-4,2.037397e-4,5.648157e-5,-7.808768e-4,-2.635312e-4,-7.096821e-4,3.188358e-4,-1.902766e-7,-1.021914e-4,1.068878e-4,3.370336e-4,1.818152e-5,2.607752e-4,-1.428321e-4,1.231355e-4,-4.112653e-5,1.316057e-4,-1.043776e-4,5.97807e-5,5.03458e-5,1.601641e-4,1.018072e-4,3.924088e-4,2.610502e-4,1.822117e-5,2.730743e-4,6.915098e-4,-9.92243e-5,0.001116092,6.916533e-4,0.001046936,5.095021e-4,7.692584e-4,0.001882412,0.003080905,0.005930282,0.009877704,0.01757007,0.02619977,0.03727327,0.04197906,0.04186118,0.042452,0.044726,0.04257855,0.04634927,0.1370901,0.7085061,0.3999007,0.3911873,0.6852303,0.1424958,0.03731195,0.03357341,0.0337039,0.034880800000000003,0.03933335,0.04376321,0.04877446,0.05540969,0.06152562,0.06778806,0.0738475,0.080575,0.08571588,0.09201703,0.0962393,0.09921649,0.1054855,0.1112152,0.1169291,0.1284863,0.1363227,0.1452256,0.1505085,0.1546933,0.1569178,0.1581198,0.1583404,0.1553904,0.1543677,0.1485588,0.1517705,0.1476597,0.1470405,0.1598983,0.1662956,0.1812169,0.1855808,0.1880077,0.2014664,0.1769367,0.3633486,1.097307
365.488,-0.002055707,1.940216e-4,3.94414e-4,0.002041593,-0.006059987,0.004830885,0.00214681,-0.004780797,-0.001297834,-8.613623e-4,0.00136107,-0.003058073,1.768027e-4,-0.00166276,-0.0034133,-0.00229333,-0.001168452,-6.810394e-4,-7.450733e-4,-0.001167509,2.11845e-4,-2.656323e-4,2.284049e-4,1.407308e-4,7.875565e-5,0.001060092,1.174255e-4,1.509977e-4,-0.001551012,-1.580571e-4,9.275898e-4,-7.776127e-5,0.002523957,-0.003781378,-3.766334e-4,1.270724e-4,3.183612e-4,-2.716978e-4,-7.356779e-4,8.403863e-4,-0.001815391,-0.002511472,4.566248e-4,4.441687e-4,0.001916026,-6.551865e-4,-0.002953363,0.001349375,-0.002649213,-0.001577817,-5.642091e-4,0.002215367,0.002533009,2.27397e-4,-0.001186603,-1.463137e-4,-8.062072e-4,-0.001422286,-7.271777e-4,-7.120083e-4,2.712758e-4,4.936586e-4,-5.718465e-4,-6.785448e-4,5.534846e-4,-0.001074613,4.212875e-4,-0.001209968,-0.001574016,2.600346e-4,7.202688e-4,-6.593713e-4,8.49866e-4,-5.323272e-4,8.764276e-4,5.965493e-4,-5.425191e-4,-2.883054e-4,2.716042e-4,-4.005684e-4,-1.703668e-4,-6.356725e-4,-5.27297e-4,6.33729e-5,1.114218e-4,-5.027899e-4,2.234168e-4,-9.753126e-4,-0.001370914,5.474703e-4,-0.001410262,5.210881e-6,-2.790237e-5,2.181731e-5,1.686504e-4,2.049445e-4,6.128767e-5,2.667052e-4,-1.438248e-4,-2.472259e-4,-1.841239e-4,-1.245558e-4,-3.40593e-6,-2.078821e-4,2.68774e-5,-9.677156e-5,-3.122636e-4,-2.614795e-4,-1.024367e-4,3.296274e-4,1.829457e-5,-2.869279e-4,4.636517e-5,-5.721587e-5,-1.220114e-4,3.907108e-5,-2.014634e-5,2.696613e-4,2.433394e-4,4.208644e-6,2.02535e-4,4.224333e-4,2.879472e-4,1.678079e-5,2.963962e-4,2.321641e-4,7.080661e-4,-3.866574e-5,8.346644e-4,6.091516e-4,0.001937487,0.003457344,0.008018096,0.01389435,0.02474047,0.03282381,0.03840972,0.04112418,0.04192436,0.04392649,0.04243964,0.04315862,0.0837787,0.5176963,0.4628031,0.3647711,0.6242574,0.1982878,0.03996717,0.03304177,0.03288042,0.03382547,0.0374554,0.04230265,0.04811899,0.05417495,0.06089823,0.06661906,0.07521136,0.0807236,0.08520278,0.09098445,0.09649259,0.1012536,0.1070444,0.1108425,0.1158241,0.1210891,0.1288585,0.1358874,0.1455152,0.1507158,0.153399,0.1585421,0.1577349,0.1560441,0.1550938,0.1516329,0.1481946,0.1508639,0.1497663,0.1534095,0.1573725,0.1695901,0.1752878,0.1950607,0.2002845,0.2225359,0.261402,0.5055959,-0.6071598
367.774,-0.004308151,7.936365e-4,-2.928358e-5,0.008443631,0.007202303,7.999955e-4,-7.813032e-4,0.00240476,0.004483008,-0.003565356,0.005974578,9.818326e-4,0.002259514,-0.002177863,-0.001001814,-0.004132769,0.001305149,-0.001142931,-8.796606e-4,-0.001111149,7.112311e-4,8.555448e-5,1.486803e-4,6.438e-4,0.001192485,1.481386e-4,-4.127963e-4,1.103175e-4,6.554217e-4,0.001516975,-0.001881991,2.608599e-4,7.679566e-4,2.722194e-4,-0.001441638,7.107956e-4,0.002764094,9.828166e-4,-0.001632894,-0.003717009,0.001987235,-0.00179332,-0.001077263,9.421211e-4,1.604087e-4,5.505543e-4,-0.002531624,-0.002148027,-3.711808e-5,7.372769e-4,8.576417e-4,7.695861e-4,0.002018355,-0.002243487,-0.002043564,-7.7254e-4,-6.650453e-4,-9.467567e-6,-0.001428594,3.186538e-4,-2.804194e-4,3.598137e-4,2.980363e-4,-5.71092e-4,7.048034e-4,-2.485164e-4,9.503516e-4,9.160942e-4,2.73882e-4,0.001667693,4.974973e-4,-8.721074e-4,-5.791646e-4,-3.547727e-4,-5.441458e-4,7.382091e-4,-9.103763e-4,-0.001991017,9.24378e-4,-8.799272e-4,5.829217e-4,-9.839066e-4,3.303293e-4,7.464183e-4,-3.961325e-4,2.765516e-4,4.850256e-4,-3.591731e-4,1.083966e-4,-2.80052e-5,4.098461e-4,-5.227834e-4,2.491061e-4,5.678633e-4,-0.001066774,3.273155e-4,4.060457e-4,-1.397401e-4,-1.466438e-4,-2.059328e-5,7.473378e-4,7.464831e-5,-1.330358e-4,-3.612796e-4,2.420021e-4,-3.509391e-4,-4.513444e-5,2.013876e-4,-1.843835e-6,-1.850347e-5,1.468439e-4,-2.051002e-4,2.389846e-4,-2.801222e-4,2.895241e-4,-0.00035294980000000003,1.698525e-4,-1.241878e-4,2.678212e-4,0.00057844700000000005,2.690118e-4,1.462917e-6,4.138882e-4,3.319975e-4,1.858435e-4,6.73756e-5,9.488635e-4,9.584665e-4,7.657089e-4,0.001570213,0.003429014,0.006834739,0.01291562,0.02027348,0.03111773,0.03718377,0.03936185,0.04207179,0.04268335,0.04053029,0.04141071,0.06257033,0.3457538,0.5321488,0.3654176,0.5646718,0.2982942,0.04539031,0.03333319,0.03264803,0.03369513,0.03737686,0.04197752,0.0466512,0.05283842,0.05997437,0.06649724,0.07234059,0.0796375,0.08830828,0.09291158,0.09937012,0.1027287,0.1078885,0.114193,0.1182521,0.1199332,0.1260182,0.1340932,0.1390442,0.146423,0.1519255,0.152128,0.1543964,0.1573376,0.1579898,0.1565482,0.1537024,0.1539621,0.1506395,0.1527384,0.1646355,0.1647259,0.1716038,0.1821245,0.1981223,0.2301072,0.2246062,0.2688545,0.3157823,0.07986027
370.06,0.009476667,0.005943181,-0.002070575,0.003306167,0.004107146,0.006758578,-1.887741e-4,-0.002836926,0.002900149,0.001212393,-2.125427e-5,0.001140464,-6.202513e-4,0.002412785,7.010293e-4,-9.474509e-5,0.002625058,0.00426431,0.001976449,0.001719695,0.00183504,-0.001020085,6.317587e-4,3.779942e-5,-0.001102165,-2.475444e-4,2.576103e-4,-6.038804e-4,0.001484847,-4.720419e-4,-7.042198e-4,-0.001074372,0.003664672,-8.494825e-4,0.00600708,0.004721316,8.478142e-4,8.804116e-4,0.00152107,-0.001377218,0.003382395,-9.10125e-4,0.001148542,-1.671922e-4,0.003755609,9.352669e-5,0.001899184,0.001951601,6.367982e-4,0.001950372,-6.582049e-5,7.371867e-4,0.001651789,0.003809646,0.001048243,-4.865454e-4,-2.429177e-4,9.867121e-4,0.002266104,0.001316309,2.098094e-4,4.727471e-4,7.797424e-4,-2.495629e-4,7.980933e-4,9.761586e-4,-3.327317e-4,2.336768e-4,0.001776178,0.00146806,5.917751e-4,7.26121e-4,1.6945e-4,3.109282e-4,-5.599579e-4,-2.156349e-4,-1.092836e-4,4.377723e-4,9.557557e-4,0.001191122,1.320097e-4,-6.837978e-4,7.89995e-4,6.864244e-4,8.623545e-4,5.279586e-4,0.001229709,2.185105e-5,5.733722e-4,-2.763829e-5,7.28929e-4,9.887523e-4,9.526609e-4,3.941721e-4,-3.596442e-5,1.759602e-5,7.968255e-4,-2.423991e-4,1.963595e-4,8.390931e-5,1.377509e-4,-1.956246e-4,-2.336026e-4,2.872916e-4,1.528394e-4,5.320195e-4,-5.376897e-5,3.148082e-4,1.711456e-4,-9.08896e-5,1.786471e-4,1.148645e-4,2.459765e-4,7.688214e-5,2.147868e-4,3.226108e-4,-1.924446e-5,2.884821e-4,1.400723e-4,4.935285e-4,4.827528e-4,5.014139e-4,4.416981e-4,2.374815e-4,7.289622e-4,0.001123925,9.932675e-4,0.001196059,0.00166132,0.002958094,0.005416883,0.009738308,0.01759803,0.0276453,0.03488405,0.03946456,0.03980559,0.04280705,0.04235247,0.03961598,0.05058184,0.2288559,0.6099077,0.3689605,0.5064197,0.4089088,0.06411261,0.0318532,0.03223673,0.03249624,0.0363137,0.04038258,0.0455384,0.05328229,0.06079035,0.06620163,0.07339156,0.08137488,0.08694909,0.09392318,0.09957683,0.1047782,0.1123708,0.114028,0.1181152,0.1234019,0.12631,0.1315892,0.1383735,0.1431566,0.1481753,0.1531458,0.153783,0.1583753,0.1576265,0.1573472,0.1582324,0.1567814,0.1588483,0.1626884,0.1599942,0.1691209,0.1729418,0.1906564,0.2092206,0.2287945,0.2334913,0.2576801,0.3363233,0.6599388,0.9167399
372.347,-0.00103623,-2.23025e-4,0.001322679,-0.005115911,-0.004232535,-0.003362439,-0.005349829,-0.001656744,3.180146e-4,6.532838e-4,-0.001811952,-0.001540242,-0.002384883,0.001525446,-0.00356126,-6.528955e-4,-4.259687e-4,-5.214217e-4,-0.001208695,7.295296e-4,-1.273367e-5,-2.646413e-4,1.058776e-4,4.946317e-4,-2.250297e-4,1.99805e-4,-3.648723e-4,-9.881823e-4,1.596807e-4,0.001593238,0.001598199,-9.335887e-4,-3.511203e-4,-0.003258379,-0.003422852,-0.004833165,0.004404753,-0.00430959,-3.091492e-4,-0.002984799,8.116068e-4,9.917796e-4,0.002030321,-0.003654372,-9.861968e-4,-0.003882761,-0.002653739,-0.001316061,-0.001421982,-3.268679e-4,4.850623e-4,-0.001560703,6.841027e-4,-2.058908e-4,1.087435e-4,-9.512562e-4,5.262623e-4,-0.001452528,4.336926e-4,1.797702e-6,7.914159e-4,-0.001202556,-9.761661e-4,-9.865407e-4,3.650096e-5,-2.065153e-4,-7.172186e-4,-0.001151685,1.66512e-4,-0.001775011,-2.966358e-4,1.872995e-4,-9.514531e-4,5.154614e-4,-3.867035e-4,8.785321e-4,-1.370129e-4,-2.857994e-4,0.001214283,-2.140161e-4,-2.366122e-4,-8.239611e-4,8.363827e-4,5.470975e-5,3.942927e-4,4.886335e-4,-9.110566e-5,-7.562615e-5,-9.070804e-4,-1.248094e-4,3.537123e-4,-3.292214e-5,5.836851e-4,0.001230753,-2.338626e-4,-7.683692e-4,-2.621913e-4,-1.54624e-4,-5.721514e-4,4.768998e-5,3.910027e-4,-2.821677e-4,2.064703e-4,2.407727e-4,1.047942e-4,-1.769328e-4,-5.000004e-5,-2.591498e-4,1.039934e-5,-4.174983e-4,6.632359e-5,-1.189303e-4,7.643273e-5,2.498202e-4,1.45046e-5,4.040957e-4,-3.641762e-4,2.060191e-4,-7.704037e-5,4.624979e-4,-6.79694e-5,1.035528e-4,5.251972e-4,5.02553e-4,3.407708e-4,6.633479e-4,8.815045e-4,0.001579039,0.001452546,0.003275962,0.007833273,0.01395659,0.0231401,0.03214104,0.03628345,0.03817207,0.04003592,0.04154943,0.04008582,0.04464452,0.1568673,0.6866446,0.3998188,0.4491991,0.5608526,0.09230945,0.03216512,0.03163578,0.03162652,0.03485465,0.03939896,0.04380108,0.0513415,0.0588166,0.06627915,0.07327082,0.07875731,0.08644405,0.09474962,0.1014443,0.1084119,0.1136548,0.1184445,0.1236598,0.1277512,0.1296846,0.1339949,0.1376116,0.1426295,0.1454826,0.1529477,0.1557704,0.158048,0.1598593,0.1588035,0.1592151,0.1591933,0.1586791,0.158537,0.1609543,0.164988,0.1709746,0.1891163,0.200472,0.2161996,0.2297022,0.256958,0.2533944,0.2504335,0.2743812,0.6592973
374.635,-1.979553e-5,0.004877547,2.071057e-4,-7.05554e-4,0.001002874,0.009448898,0.001527461,-0.002895048,0.001666883,-0.002578078,-0.001033,8.954098e-4,0.001034946,-6.571641e-4,0.003121525,-2.510331e-4,0.001134331,0.001638755,0.00159062,-0.001192652,0.001565668,-7.198246e-4,-1.483495e-4,-0.001129484,3.241434e-4,-0.001328012,-7.186205e-5,6.456174e-4,5.120554e-4,4.88543e-4,-0.001617522,-3.680707e-4,0.001355879,0.001637758,-6.40141e-4,3.642741e-4,0.00188282,-0.001248331,-0.003365699,-5.458684e-4,-9.285312e-4,-8.331917e-4,-4.365556e-4,-0.001628853,5.352829e-6,-7.45125e-4,7.848252e-5,-0.002272879,6.349734e-4,-5.054578e-5,0.001637609,-4.768936e-4,-0.001775116,5.419131e-4,0.00216132,0.001307979,-0.001597265,5.714331e-4,0.001176878,-1.318758e-5,1.799542e-4,8.153202e-4,-0.001073456,-2.409207e-4,-0.001336286,1.832492e-4,-2.793687e-4,5.410088e-4,-2.643174e-4,-3.918909e-4,-0.001636579,-0.001085389,0.001096838,-4.499869e-4,2.917213e-4,-2.912214e-4,3.288191e-4,1.42694e-4,-1.424766e-4,-4.987617e-4,-4.811751e-4,-1.426966e-4,1.186555e-4,0.001291307,4.101871e-5,2.118386e-5,-3.784889e-4,-9.285644e-4,3.105769e-4,3.050579e-4,4.544679e-4,3.485821e-4,2.919643e-4,-2.590004e-4,-5.651256e-4,1.984612e-5,1.565083e-4,-4.640805e-4,3.047032e-4,-1.876069e-4,-3.947222e-4,1.681553e-4,2.010794e-4,-2.444458e-4,3.862714e-4,-1.956808e-4,2.073234e-4,1.405669e-4,-3.127292e-4,2.045106e-4,1.245488e-4,-1.157512e-4,1.773976e-4,-5.512576e-5,-3.844627e-6,-1.421747e-4,6.106661e-5,4.401089e-4,4.906937e-4,1.610139e-4,3.418039e-4,4.698645e-4,9.482848e-4,2.112808e-4,-1.41523e-4,8.994917e-4,0.001292074,0.00111092,0.00286995,0.005684995,0.01167103,0.01932462,0.02951364,0.03444264,0.03709131,0.03838232,0.04093299,0.03989564,0.04131702,0.1053393,0.6022364,0.4435142,0.3958039,0.6806852,0.1396356,0.03373262,0.03016684,0.03096104,0.03299415,0.03799238,0.04375889,0.04980921,0.05690524,0.06490827,0.07249872,0.0805077,0.09017175,0.09432707,0.1017545,0.1097481,0.1165488,0.1228899,0.1270507,0.131582,0.1361774,0.1377507,0.1420676,0.1444252,0.149919,0.1519847,0.1561627,0.1597555,0.161351,0.1612585,0.1600816,0.1636032,0.1646535,0.1627722,0.1646097,0.1711625,0.1841954,0.1834389,0.1966787,0.2045026,0.2265511,0.2283587,0.2469198,0.2594052,0.2989427,0.4501353,-0.03177145
376.923,0.003662813,0.004950107,0.001828877,-0.001796799,0.00560643,0.005188258,7.446595e-4,0.004715708,3.206705e-4,0.001930793,0.002874843,9.39278e-4,-9.353533e-4,-2.724902e-4,0.002577223,3.442399e-4,-0.001045534,5.832577e-5,-5.317496e-4,0.001953276,1.48315e-4,4.548484e-4,-3.299729e-4,5.448541e-4,-0.001159609,0.001145115,0.001010052,-3.773163e-4,-0.001484421,0.001561441,0.001494489,0.001124684,-1.076887e-4,-7.594985e-4,0.002246882,5.628859e-4,0.00487715,-0.001093176,5.253263e-4,0.001266215,-0.001006568,-0.004924468,-0.00202747,0.003124657,0.003569243,-1.104742e-4,0.001450752,-3.20342e-4,0.00211838,2.72854e-4,-0.003068305,2.39063e-4,3.926811e-4,1.2668e-4,0.001482068,-6.100119e-5,0.001684983,0.003826516,0.001858937,0.00152797,4.124282e-4,-9.597194e-5,-0.001901319,2.656968e-5,0.001377085,0.002026693,3.955094e-4,3.059799e-4,7.538836e-5,4.407666e-4,0.001618478,8.966026e-4,6.779599e-4,0.001023819,-2.566144e-4,1.378704e-4,0.002149399,-8.643711e-5,-7.052592e-4,-1.114439e-5,-3.17714e-4,0.001423838,7.273206e-4,8.13072e-5,4.306774e-4,-1.392311e-4,2.882736e-4,-3.69977e-4,1.700532e-4,-6.178025e-4,2.882728e-4,-4.911257e-4,6.351336e-4,9.682108e-5,4.02471e-4,-4.660357e-5,-1.905905e-4,1.959754e-4,3.077288e-4,3.830263e-4,1.444422e-4,2.837835e-4,5.287808e-4,-3.147363e-5,5.457106e-4,-2.403728e-4,3.755437e-4,3.663705e-4,1.443045e-4,1.141706e-4,-3.724755e-5,7.809589e-5,1.430674e-4,1.335302e-4,6.765897e-5,3.479871e-4,-5.054684e-5,2.155958e-4,4.029789e-4,1.999588e-4,3.700598e-4,8.871018e-4,7.559023e-4,2.971021e-4,8.793161e-4,0.001243731,0.001137018,0.002203807,0.004345905,0.008415773,0.01582805,0.02503008,0.03242044,0.03478122,0.03622145,0.03895878,0.03840377,0.04008837,0.06721837,0.445852,0.4953158,0.3621533,0.5906256,0.2204522,0.03768262,0.02947045,0.03052365,0.03317147,0.03517612,0.04172694,0.04783907,0.05386798,0.06277382,0.07007214,0.07931015,0.08709458,0.09519699,0.1033131,0.1086075,0.1171818,0.1234406,0.1301234,0.1348172,0.1393752,0.1413312,0.1450286,0.1480898,0.149362,0.1528161,0.1557701,0.1588319,0.1596576,0.1621679,0.1651173,0.1638514,0.1607655,0.1663381,0.1675441,0.1733938,0.172956,0.1763361,0.1872461,0.2010987,0.2158087,0.2251957,0.241734,0.2737458,0.3251314,0.2713435,0.4709316,-0.004198256
379.213,0.001473395,0.005355543,0.002000951,0.006812251,0.004053773,0.001119298,-1.986217e-4,-3.720007e-4,0.005649845,0.004306486,0.003775579,-3.960907e-4,0.003192911,9.881166e-4,2.610313e-4,3.988497e-4,-9.720612e-4,0.004058355,0.002383575,9.254137e-4,-7.899869e-4,0.002205779,6.561063e-5,3.337704e-4,0.00139674,0.001092897,4.717418e-4,-1.098976e-4,0.001062823,0.001212493,9.593285e-4,0.00527398,0.002637243,0.002220448,0.004570145,0.003909003,0.002605781,0.001015445,0.001056869,0.001900885,0.002564585,0.00276275,0.00404447,0.001379314,8.612436e-4,0.003514647,8.580763e-4,0.001753304,0.001116997,0.002413813,2.695788e-4,0.00172148,0.002214049,-2.564652e-4,3.58972e-5,0.001749527,4.886179e-4,0.002583515,4.714271e-4,0.001228275,0.001040688,2.489901e-4,0.00128921,0.001202698,0.001632551,7.662476e-4,0.001571368,8.20302e-5,9.218705e-4,8.940228e-4,6.241383e-4,-4.102938e-4,0.001299979,0.001453669,5.691998e-4,8.243299e-4,9.547007e-4,8.257878e-5,-1.221847e-4,8.727956e-4,7.011798e-4,6.50481e-4,7.21704e-4,-1.184067e-4,0.00111909,-4.488342e-4,8.01343e-4,-1.861182e-4,0.001157667,6.471472e-4,5.439014e-4,7.501993e-4,4.195123e-4,1.434504e-4,2.264761e-4,4.378374e-4,2.495723e-4,1.019697e-4,-2.26608e-4,4.087288e-4,1.330781e-4,6.606055e-5,-2.130609e-4,8.675822e-5,5.36932e-4,2.297152e-4,4.139585e-4,3.806342e-4,5.591442e-4,1.546237e-4,-5.596664e-5,2.384643e-6,1.284193e-4,2.150286e-4,1.0098e-4,1.881592e-4,1.506553e-4,2.097672e-4,5.411988e-4,8.735918e-4,5.54013e-4,7.993193e-4,5.533899e-4,0.001025277,6.661055e-4,0.001091681,0.001563419,0.00331857,0.00625623,0.01272157,0.02059008,0.02905247,0.03340541,0.0339815,0.03645165,0.0385653,0.03736323,0.04918076,0.2906827,0.5566831,0.350945,0.5112506,0.3526492,0.04741219,0.02907483,0.02946396,0.03196791,0.03459241,0.03936488,0.04633076,0.05327154,0.06027008,0.06925775,0.07560281,0.08307887,0.09348236,0.09918353,0.10772,0.1143051,0.1223829,0.1296689,0.1364539,0.1412099,0.1460093,0.1491276,0.1498019,0.153578,0.1552949,0.1584224,0.1592023,0.1631386,0.1642421,0.1635009,0.1657398,0.1708082,0.1678711,0.1677861,0.1723549,0.1779886,0.1786826,0.1911934,0.1988248,0.2108099,0.2262383,0.2376314,0.2621172,0.3081099,0.3202178,0.4072626,0.2110557,1.060682
381.503,-0.001128531,-0.00189124,-0.004104739,-0.005422395,1.774926e-4,-0.005431386,-0.006323823,-0.002377439,-0.002160402,-0.005601075,-0.004822844,-6.916016e-4,-0.001660536,-0.002103511,-0.001379914,3.727503e-5,5.752847e-4,-1.949973e-4,-3.60652e-4,-7.579392e-4,6.576338e-6,-5.609288e-4,-0.001642777,1.734422e-4,-6.774036e-4,-3.706322e-4,4.547972e-4,-0.001500961,-7.113854e-5,-6.97154e-4,-0.001644949,-0.002492115,-0.001126553,-0.001850357,-0.001786135,-0.002320624,2.364476e-4,-0.002120077,3.095204e-4,-0.001296242,0.002054562,-8.592486e-4,-8.472156e-4,3.369029e-4,9.106272e-4,-1.456544e-4,-0.002978795,-0.002145066,-0.00177097,-9.911876e-4,3.474292e-4,0.00100191,-8.32863e-4,-0.002472532,0.001175018,-0.001631905,1.370565e-4,-2.011995e-4,-0.001066384,-4.052417e-4,1.561397e-4,-0.001863037,-8.72061e-4,-0.001412467,3.47301e-4,-8.19281e-4,-0.001704856,-0.001468904,-0.001540634,-0.002106402,-6.487631e-4,1.224369e-4,-1.366907e-4,-0.001517709,-2.398012e-4,-4.917446e-4,7.184954e-4,-5.139767e-4,0.00179551,-5.532999e-4,-4.200804e-4,-5.779472e-4,-1.714192e-4,3.382624e-4,-0.001440373,-5.247286e-4,-0.001136948,-6.895063e-5,0.001479701,4.102398e-4,7.549124e-5,2.288031e-4,-1.601606e-4,-6.112433e-4,6.863428e-5,2.559731e-4,-1.240375e-4,-1.157108e-4,-3.743701e-4,-2.221355e-4,-1.331995e-5,-2.131722e-4,-7.878428e-4,-1.009584e-4,-1.496436e-4,2.138975e-4,-2.347738e-4,2.900328e-4,1.195029e-5,1.015806e-4,-1.864297e-4,-8.878414e-6,8.823714e-5,1.12242e-4,-2.924288e-4,2.496541e-4,3.260916e-5,3.374831e-5,-7.843108e-5,1.11555e-4,1.414495e-4,3.986198e-4,2.040923e-4,2.448233e-4,5.409337e-4,0.001108335,0.001882416,0.004927751,0.008963771,0.01570755,0.02415775,0.02883539,0.03219302,0.03415481,0.0358942,0.03657788,0.04121634,0.1742262,0.6459691,0.37077,0.4558248,0.5023127,0.07578305,0.02928063,0.02888161,0.03033508,0.03323133,0.03837234,0.04422285,0.05174466,0.05825407,0.065658,0.07382003,0.08285753,0.09036865,0.0994411,0.1080118,0.1147802,0.1227767,0.1302096,0.1368325,0.1417013,0.1496853,0.15136,0.1562725,0.1578236,0.1614752,0.1608478,0.1625805,0.1651504,0.1672582,0.1667199,0.1682371,0.1691218,0.1682414,0.1714339,0.1743362,0.1766897,0.1816229,0.1835896,0.1908477,0.2060764,0.2182047,0.2416198,0.2486721,0.2689986,0.3163376,0.2233395,0.2914581,0.3774739,0.2715128
383.794,0.002289303,0.005336961,5.211257e-4,0.004964802,0.006034194,0.003693278,0.01035375,0.003864268,0.004518501,0.005356496,0.001495644,0.006069354,0.002454556,7.158731e-4,0.003404908,0.006098033,-6.886884e-5,0.002443798,0.00154105,0.001228651,0.001186141,2.009177e-4,-1.723243e-4,0.001092532,5.68096e-4,0.001269356,1.634627e-4,6.317924e-4,5.205215e-4,0.00267308,0.002105555,0.001015403,0.003541284,0.003874591,0.004032914,0.003408136,0.005497118,0.005105916,0.003067136,0.003913811,9.5967e-4,0.00410873,0.006244072,-0.001483149,0.003425258,0.003302037,0.00124061,8.824145e-5,-1.450263e-4,0.002038138,4.074959e-4,0.003457534,0.001282959,0.003258638,0.001971008,8.641881e-4,-5.921544e-5,-2.687518e-4,0.001051661,-1.413902e-4,3.460911e-6,0.001845454,0.001829047,-6.087533e-4,0.001663381,0.001311481,-9.306539e-4,0.001669863,-4.991004e-4,-7.159055e-4,0.002784252,-3.731502e-4,0.001827421,4.681464e-4,0.001301103,0.00128033,-3.576219e-5,-7.790299e-4,0.00104784,0.001274938,0.001052105,2.587406e-4,-2.300359e-4,9.122383e-4,8.676993e-4,2.358513e-4,9.687194e-4,4.702032e-4,8.690377e-4,2.81827e-4,7.061505e-4,0.001383794,4.468348e-4,7.105064e-4,3.530791e-4,9.517028e-5,1.102396e-4,1.753906e-4,5.715177e-4,4.18501e-4,4.913283e-4,2.299547e-4,2.33236e-4,6.244935e-4,3.518096e-4,4.396737e-4,4.740661e-4,3.123162e-4,3.908058e-4,2.163298e-4,1.732302e-4,2.586808e-4,3.2287e-4,1.370675e-4,1.19148e-4,-7.84965e-5,6.985408e-4,8.88409e-4,7.678099e-4,7.734369e-4,0.001306198,7.865659e-4,5.147582e-4,7.613269e-4,0.001214168,0.002231727,0.004072605,0.007443737,0.01243168,0.02072431,0.02649875,0.02897335,0.0326298,0.03427199,0.03557218,0.0364624,0.1051707,0.6481226,0.4153458,0.415415,0.6725464,0.1185292,0.03095108,0.02934416,0.02924409,0.03298103,0.03675919,0.04214305,0.04790602,0.0563445,0.06363928,0.07201214,0.0807265,0.08995183,0.09876108,0.1078363,0.1152117,0.1228696,0.1288891,0.1375101,0.1454529,0.1507075,0.157473,0.1619399,0.1646661,0.1659813,0.1673577,0.1674252,0.1693652,0.1710229,0.1737734,0.1712573,0.1724577,0.1730547,0.1744061,0.170512,0.1751992,0.1766344,0.1875614,0.1918719,0.2003063,0.2105135,0.227275,0.2445803,0.254683,0.2674329,0.3366436,0.3166398,0.3799481,0.7218204,0.1575101
386.086,-2.389944e-6,0.007402369,0.003156819,6.728099e-4,0.00410648,-0.001288951,0.00282651,-0.002685192,-0.004448168,-0.002597106,0.001397644,0.001351953,-7.383504e-4,0.004080047,-0.00254526,0.001164325,-0.001751736,-0.002491879,6.16078e-5,-0.001601924,4.712143e-4,-2.334163e-4,-9.587193e-4,-6.558273e-4,-0.00143073,3.322935e-4,-0.001243113,3.857099e-4,-1.024709e-6,8.962696e-4,-0.001702545,-0.001431761,-0.001246831,-0.001264987,-3.66015e-4,0.001092616,-0.002344356,-0.003454417,4.263678e-4,-0.00312047,-6.872229e-4,-8.458763e-4,-0.002543967,0.00103665,-0.002134143,-0.003890922,0.001076877,-0.003333852,-7.986168e-5,6.861215e-4,9.942395e-4,-6.407613e-4,6.974652e-4,4.211909e-6,5.492797e-5,-0.001505339,0.001440649,9.056952e-4,0.001728592,-6.46552e-4,-2.88565e-4,7.622901e-4,-0.001061238,-6.130749e-4,4.905684e-4,3.475005e-4,4.85131e-4,-7.253229e-4,-3.284267e-4,-8.292401e-4,-8.346998e-4,2.457512e-4,3.231059e-5,-5.30801e-4,2.70799e-5,-0.001229519,-5.69976e-4,-1.416493e-4,-0.001487738,-1.851151e-4,-6.593006e-4,3.127776e-4,-1.476341e-4,-0.001998785,-5.783047e-5,0.001320431,-2.806302e-4,-3.496135e-4,5.498386e-4,-4.636026e-4,-4.093428e-4,1.939349e-4,2.691348e-4,7.211487e-4,-4.015909e-4,-1.705926e-4,2.32137e-4,-1.08288e-4,3.268838e-5,-7.935177e-5,1.840731e-4,1.877357e-4,5.343455e-5,-4.052581e-4,7.24079e-5,-4.606215e-5,-3.298932e-4,1.432094e-4,-2.617294e-5,-1.997326e-4,-2.270204e-4,-1.973599e-4,-2.068053e-5,1.657666e-4,-1.131312e-4,-1.483835e-4,1.867385e-4,2.89253e-4,1.532135e-4,3.714009e-4,7.908504e-4,6.768289e-4,4.430545e-4,9.37136e-4,0.001350669,0.002685409,0.005395253,0.01030472,0.01633582,0.02224802,0.0266883,0.02917765,0.03199099,0.03345372,0.03432914,0.06150178,0.454038,0.4887185,0.3805956,0.6330465,0.1840713,0.03388396,0.02842402,0.02939085,0.03155019,0.03516132,0.04019263,0.04636234,0.05413349,0.06130066,0.06994733,0.07744822,0.08757372,0.096225550000000007,0.1061704,0.1142287,0.1212874,0.1291962,0.1370057,0.1446249,0.1530119,0.1596491,0.163586,0.1709851,0.1737672,0.1720652,0.173409,0.1730258,0.1749184,0.1745741,0.1753665,0.1756925,0.1739884,0.1755622,0.1773408,0.1747427,0.1834854,0.1827009,0.1866327,0.1982749,0.2066124,0.2196318,0.2321771,0.2486921,0.2625259,0.2985573,0.3098066,0.3471022,0.3329554,0.2576753,1.050914
388.379,-0.003812406,-2.088859e-4,0.006653643,-0.01048331,-2.025993e-4,-0.005165959,0.00361962,-0.001019467,0.004843593,-0.006443139,-1.431172e-4,6.799237e-5,2.774297e-4,-7.746062e-4,4.354889e-4,-0.001978076,-9.760678e-4,-1.359739e-4,-7.195477e-4,-5.480621e-5,-0.001243195,3.814439e-4,-1.015034e-4,5.076364e-4,4.192353e-4,-5.884685e-4,-2.930446e-4,-1.03591e-4,-7.89e-5,-0.001369554,-0.002228613,-4.132479e-4,6.835857e-4,-0.003971518,-9.517379e-4,0.002853356,-0.003529378,-9.877691e-4,0.001581399,9.957428e-4,-4.364387e-4,-0.001235024,0.002987176,-0.001649248,-2.297405e-4,-0.002380278,0.002388056,0.002562827,-0.002562276,-8.326151e-4,0.001983422,3.115839e-4,-0.001735015,-6.802864e-4,-0.001467029,-2.902653e-4,-0.001033735,4.661075e-4,-5.630048e-4,-0.001493552,6.16181e-4,-0.001002871,0.001147774,-0.002508796,3.046024e-4,-1.002615e-4,-0.001119373,-0.002209958,-0.001158184,-5.964475e-4,1.50992e-4,-0.001398408,-4.831581e-4,-1.783627e-4,-9.132846e-4,-6.728853e-4,-7.063283e-6,7.522882e-4,-7.039399e-5,-0.001579089,-8.460813e-4,6.990612e-4,1.539398e-4,7.001736e-5,-1.371075e-5,3.690369e-4,-9.407538e-4,-3.834809e-4,-6.770343e-4,-4.824559e-5,-1.380638e-4,-3.645121e-4,-1.448453e-4,-5.175813e-4,-4.553841e-4,5.601971e-4,-5.850512e-5,-4.387265e-4,7.045425e-7,2.16109e-4,2.404735e-5,-5.857201e-4,-1.250806e-4,7.354771e-6,4.619423e-5,-1.35115e-4,2.547875e-4,4.956606e-5,-1.96722e-4,-1.540366e-4,-1.578613e-5,4.67934e-5,2.601975e-4,3.652529e-4,-2.277539e-4,2.62833e-5,-1.86748e-5,-3.232206e-7,8.082754e-5,4.722461e-4,6.924993e-4,7.055733e-4,0.001153897,5.539786e-4,0.002109304,0.003935459,0.008341709,0.01330333,0.01913788,0.02280112,0.02614909,0.02991233,0.0323467,0.03231254,0.04609555,0.2702514,0.5535184,0.3635466,0.5638458,0.2649297,0.03995743,0.02696788,0.02757523,0.02896369,0.03271861,0.03829641,0.04278687,0.05124668,0.05882338,0.06514769,0.07519051,0.08243335,0.09138618,0.1008201,0.1102946,0.1187384,0.1256425,0.1332404,0.1410758,0.1497857,0.1557366,0.1636333,0.1692222,0.1741467,0.1776441,0.1770507,0.1792309,0.1782357,0.1786802,0.1787424,0.1763245,0.1779797,0.1756992,0.1790384,0.1761569,0.1793047,0.18345910000000001,0.182969,0.1943705,0.2036037,0.2138286,0.2271695,0.2428541,0.258768,0.2611326,0.3006251,0.2944663,0.3415909,0.3058949,0.2767473,0.3239632
390.672,-9.31725e-4,-0.01289463,-0.001665614,-0.004640111,-1.813772e-4,-8.683473e-4,-0.005053983,-0.00526095,-0.006942659,-0.003489709,0.001403364,-2.165912e-4,-0.001409682,-0.002971287,-0.001993472,-7.86964e-4,-0.001598258,5.183396e-4,-0.003029144,-0.001214199,-0.001431883,1.089548e-4,-0.001469364,-0.001685731,-9.81679e-4,-6.96776e-4,-7.97999e-4,-0.001470008,-0.001457281,-0.001607171,-8.818895e-4,-0.004403805,-0.006663879,-0.003316239,-0.005489323,-0.001560699,-0.004947595,-0.001316796,0.002285143,-0.00172193,-0.004212869,-0.001446485,-0.001658664,-6.51604e-4,-4.638237e-4,-0.001199655,-0.001619635,-0.002872405,0.001372682,-0.002979332,-0.002523398,-0.002849562,-7.900894e-4,-0.003424357,-0.002465585,-0.002191192,-0.00185582,-0.001339757,-0.001402618,-0.001786371,-0.001456729,-0.002164021,-0.001762141,-0.001427947,-1.778255e-4,-0.0028142,-0.001253735,-5.617647e-4,0.001241041,-0.00112381,0.001085346,-1.813079e-4,-0.001363432,-3.028157e-4,-0.001062077,7.759562e-4,-0.001413377,-8.630662e-4,-0.001780063,3.976747e-4,-2.007348e-4,-0.00154911,-6.249278e-4,-5.520195e-4,-0.00108084,-0.00103252,-6.527202e-4,-7.333528e-4,-8.962364e-4,-5.635422e-4,-5.574165e-4,-1.072663e-4,-2.910323e-5,-9.720987e-4,-3.929908e-4,-3.513441e-4,-3.592535e-4,-1.79682e-5,-4.893032e-4,-2.465924e-4,-3.263168e-5,-8.137116e-5,1.190779e-4,-2.653107e-4,3.189039e-4,-4.899587e-4,-2.008223e-4,-1.207631e-4,-3.705899e-4,-3.290045e-4,-2.375862e-4,7.96934e-6,-1.688431e-4,-2.131707e-4,-1.660138e-4,7.354102e-5,-7.90875e-5,-7.909564e-6,-2.408605e-4,4.485171e-4,8.139599e-5,3.205436e-4,6.218671e-4,0.001622642,0.003194538,0.005933706,0.01074576,0.0158455,0.01943298,0.02222827,0.02498425,0.02827107,0.02951446,0.03739901,0.1814136,0.6188613,0.3637231,0.4798256,0.4052762,0.05524346,0.02733449,0.02751292,0.02775143,0.03108932,0.03603411,0.04135864,0.04803021,0.05526577,0.06285474,0.07041951,0.07904531,0.08793895,0.09831263,0.1057184,0.1143138,0.1228769,0.130722,0.137846,0.1457101,0.1531263,0.1616065,0.1661939,0.1735124,0.1787043,0.1813428,0.1815179,0.1844365,0.1825636,0.1796308,0.1813779,0.1803998,0.1781218,0.1766602,0.1764818,0.1796835,0.1768317,0.1850192,0.1911048,0.1919065,0.2029172,0.2141994,0.2242038,0.2386252,0.2617974,0.2791306,0.3027795,0.3142626,0.3262156,0.2813433,0.09955179,-0.01235566
392.967,-0.007667837,-0.007928841,-0.006574779,-0.005185963,-0.005732799,-0.003921456,-0.008914535,-0.009356524,-0.003143683,-0.005887283,-0.004507898,-0.002951168,-0.001372184,-0.001585092,-3.417328e-4,-0.001971491,-0.004744034,-0.001747282,-0.001883849,-0.002483851,-2.595066e-4,-0.003134466,-0.00124451,-0.002301785,-3.707651e-4,-0.001211468,-0.001473222,-6.547504e-4,-0.001084557,-0.002295408,-0.001699977,-0.003477757,-0.004444078,-0.004333333,-0.002948222,-0.004376895,-0.004562181,-0.004645292,-0.003494024,-0.004820908,-0.001446048,-0.005154693,-0.004686644,-0.001482255,-0.003851955,-0.003259712,-9.996227e-4,-0.001758878,-0.003323628,-0.002669521,6.49172e-5,-0.002846904,-0.003195953,-0.003228887,-0.002114147,-0.002461914,-0.002544041,-0.002311954,-0.001409496,-0.001696474,-0.001478512,-9.430037e-4,-5.794676e-5,-0.00177767,-0.002005869,-7.124082e-4,-0.001841989,-0.001900197,-7.25903e-4,-0.002405204,-0.001687919,-0.001388915,-0.001433692,-0.001890468,-0.001888019,-0.002325727,-0.001200674,-0.002326642,-0.001004857,-0.001162536,-0.001722642,-7.03713e-4,-0.001708317,-0.001152295,-0.001545814,-1.156979e-4,-2.302707e-4,-0.001106781,-0.001210093,-2.389153e-4,-5.691477e-4,-0.001320267,-9.312982e-4,-3.881853e-4,-0.001120249,8.312542e-5,-4.695637e-4,-4.360881e-4,-4.495012e-4,-8.463845e-4,-6.846151e-4,-3.160725e-4,-4.890134e-4,-4.32218e-4,-7.053621e-4,-2.105739e-4,-2.188315e-4,-3.045971e-4,-9.207917e-5,-4.875274e-6,-3.236071e-4,-3.811771e-4,-3.232631e-4,-6.163858e-5,-2.771349e-4,-5.202544e-5,-3.010021e-4,-5.554324e-5,-5.187973e-4,4.104566e-5,9.467388e-5,2.548331e-4,0.001226826,0.002336741,0.00388768,0.008217547,0.01336013,0.01659886,0.01920611,0.02259585,0.02510044,0.02672619,0.03181184,0.114704,0.6573405,0.3832514,0.4172915,0.6080665,0.08847084,0.02702515,0.02569601,0.02721207,0.03003672,0.03370321,0.03926776,0.04563292,0.05335172,0.06129926,0.06762684,0.07696773,0.08529968,0.09329716,0.1034792,0.1119844,0.1199066,0.1291878,0.136821,0.1435729,0.1501588,0.1580842,0.1686873,0.1725551,0.1793026,0.184372,0.1871479,0.1876036,0.1883059,0.1863636,0.1841372,0.1815333,0.1824326,0.1794683,0.1784606,0.1800225,0.1799333,0.1833182,0.184904,0.1922085,0.1956753,0.2109389,0.2200469,0.2386587,0.2436188,0.2685522,0.2714369,0.3069635,0.3264222,0.3322568,0.2106864,0.0763949,-0.05619448
395.262,9.224905e-4,0.002407796,0.003225113,0.002946684,2.788241e-5,-0.001832573,0.007085795,0.001098665,0.005601378,8.751012e-4,0.002722376,0.001233135,-0.002211375,0.003650809,-6.636696e-4,0.003149532,9.713586e-4,7.669133e-4,8.474214e-4,8.715058e-4,0.001156315,8.311418e-4,4.707889e-4,6.579309e-4,0.001063162,1.86921e-4,0.001461658,-9.303028e-5,2.574346e-4,3.617761e-4,3.14964e-4,0.001689652,4.663877e-4,0.001503984,0.001954367,-0.002152632,-0.003418627,-5.45992e-4,-3.863261e-4,-0.001012342,0.00301532,-0.002362982,0.003023626,0.001774994,-9.332546e-4,6.828365e-5,5.578024e-4,-4.998283e-5,-0.001440942,-0.001507551,0.00102418,8.381115e-4,0.001277079,-0.001115772,6.415407e-6,-4.97742e-4,-9.040326e-5,4.87578e-4,0.002152539,-8.188272e-4,-3.485365e-4,1.928449e-4,7.036562e-4,1.285962e-4,-0.001943019,-0.001182264,0.001137603,5.872125e-4,-8.519699e-4,-1.000847e-4,-3.423857e-4,-7.769745e-4,-2.227538e-4,2.354098e-4,7.695469e-4,8.465252e-4,-2.637504e-4,4.131792e-4,1.786807e-4,-4.418342e-4,-5.880707e-4,-3.10004e-4,-1.767919e-4,-6.206091e-4,6.164497e-4,-3.912099e-4,-1.520006e-4,-2.60415e-4,5.493787e-4,-4.849463e-4,-9.651739e-5,5.602186e-4,8.236286e-4,4.543839e-5,5.332813e-4,0.001255926,-1.74171e-4,4.149097e-4,4.57611e-4,5.537487e-4,-1.344108e-4,-4.480516e-4,1.742727e-4,-5.090498e-5,-3.138589e-4,-2.364524e-4,-1.469728e-5,-1.436682e-5,1.11229e-4,9.110664e-5,1.304409e-4,-4.938916e-5,1.511117e-4,1.539992e-4,-1.147528e-5,-1.535691e-4,5.558269e-5,2.07705e-4,5.338747e-4,6.345954e-4,3.310017e-4,0.001003722,0.001790513,0.003484739,0.007111378,0.01174247,0.01577252,0.01761591,0.0204485,0.02293853,0.02592201,0.02846364,0.07387987,0.4747226,0.4119207,0.3435378,0.6228549,0.1564078,0.02851076,0.02632296,0.02685372,0.02915971,0.03103745,0.03722802,0.04432567,0.05054891,0.05739342,0.06375542,0.07201781,0.08051977,0.09059518,0.09847712,0.1075554,0.1163245,0.1260523,0.1316369,0.1399818,0.149304,0.1556217,0.163608,0.1711362,0.1783626,0.1839209,0.187045,0.1919974,0.1906828,0.1904182,0.1893444,0.187844,0.1850642,0.1838107,0.1818429,0.1805268,0.180371,0.1819912,0.1856629,0.1887923,0.1949697,0.2033465,0.213775,0.2321969,0.2450821,0.2629151,0.2799799,0.2961679,0.3258296,0.3559497,0.3456726,0.4715733,0.4456655,0.5892259
397.558,-0.002023484,-0.0015347,0.002027327,7.443704e-4,0.003855282,-0.002119527,0.004085572,7.16667e-4,0.003650003,0.004538204,-3.862549e-4,3.356625e-4,-4.663235e-4,-0.002081214,-6.546901e-4,6.440928e-4,-2.754735e-4,5.147715e-5,5.992301e-4,9.895074e-4,3.754956e-4,3.147573e-5,-8.547384e-4,4.666315e-4,8.247407e-5,8.540059e-4,-5.396988e-4,1.22708e-4,-7.713513e-5,0.001286548,3.803404e-5,-3.750332e-4,-0.003119405,0.001543517,-0.00144829,4.764376e-4,1.614554e-4,-0.002171945,-4.083967e-4,-3.1381e-4,0.00128626,-0.001954696,4.815488e-4,-6.65978e-4,0.001054072,0.002484392,-0.001855284,0,-6.074275e-4,-3.804277e-4,0.002534347,-0.003576833,3.898814e-4,8.641159e-4,9.514321e-4,6.58029e-4,9.786258e-4,1.43849e-4,0.001256527,4.432373e-4,-1.258269e-4,5.578812e-4,1.689618e-4,-7.158047e-4,7.24942e-4,-0.001076229,-3.839547e-4,2.582628e-4,2.120493e-4,-5.662226e-4,-4.227721e-4,0.001018903,2.295863e-4,0.001254995,5.495868e-4,-9.738172e-4,-7.389453e-4,0.001295349,-8.294813e-4,0.001030965,4.199425e-4,2.810727e-4,9.717674e-5,-6.358747e-4,-5.857267e-4,-1.231077e-4,4.287045e-5,-7.244346e-5,9.150778e-4,-1.38897e-4,4.599e-5,5.206166e-4,-2.64747e-4,-2.755215e-6,3.940256e-4,9.830203e-5,-6.568875e-5,-4.971076e-5,-2.839236e-6,8.013679e-5,1.859267e-4,1.454597e-4,-7.280708e-5,5.58462e-5,-1.659235e-4,1.8982e-5,-2.066892e-4,-3.195564e-4,5.718967e-5,1.063946e-4,-4.885908e-5,-1.569302e-4,1.132731e-4,1.881266e-4,3.853856e-5,6.207383e-5,1.021056e-4,4.457333e-4,6.472124e-4,5.705651e-4,8.45787e-4,0.001536231,0.003740815,0.00504051,0.00926829,0.01372785,0.01579052,0.01756147,0.01967067,0.02267359,0.02503556,0.04479432,0.3299947,0.4663265,0.321361,0.5247919,0.2463653,0.03611861,0.02517266,0.02589096,0.02743897,0.03056809,0.03518153,0.04128395,0.04654355,0.05447368,0.0624965,0.06960186,0.07802079,0.08542751,0.09430903,0.1031312,0.1120693,0.1216085,0.1284837,0.1363359,0.1442785,0.1511139,0.1578441,0.1664124,0.1738875,0.1805324,0.186343,0.1916659,0.1953928,0.1963959,0.1937729,0.1943198,0.1900052,0.1880066,0.187255,0.183979,0.1828974,0.1828347,0.1827457,0.1887563,0.1898167,0.1967086,0.2040491,0.2195954,0.2351634,0.2444864,0.2580025,0.2825034,0.3054159,0.3320581,0.3626173,0.3912071,0.3509273,0.1535218,1.094287
399.854,0.001587927,0.001936728,0.002556672,0.006287863,0.00502658,7.803326e-4,0.00193989,0.007146596,-0.001811169,2.208605e-4,-0.002078139,0.001865173,0.001002913,6.860621e-4,-1.615449e-4,-7.040013e-4,0.001592536,0.001768319,5.151542e-4,0.001316488,-5.710497e-4,-2.687569e-4,0.001282597,0.001401675,3.614075e-4,2.031697e-4,-6.308497e-4,2.668011e-5,3.760857e-4,4.687627e-4,-6.104443e-4,-1.624216e-4,-5.403899e-4,0.00247007,0.003891679,0.001963468,0.003412241,0.003164498,0.00163075,0.003156352,-0.001196824,3.631209e-4,-0.001896191,-1.342296e-4,-0.001888031,-2.018204e-4,0.003084229,8.278975e-4,0.001675581,-2.98579e-4,0.001802021,0.001761279,0.002054426,0.001053609,0.002277974,7.861035e-4,0.002885638,0.002008359,0.001871723,0.001495666,0.001557511,0.002673889,4.090801e-4,0.001676945,1.948894e-4,5.663712e-4,-0.001286092,0.001516609,0.002130029,0.001377218,0.001167953,2.183797e-4,-2.240095e-4,2.725675e-4,3.455508e-4,6.686294e-4,1.842469e-4,1.865106e-4,5.391479e-4,5.258409e-4,0.001760073,0.001407644,0.001835363,3.03694e-4,0.001533681,0.0017671780000000001,0.00145455,0.00175882,0.001332598,8.384935e-4,9.611255e-4,9.129851e-4,0.001004088,0.001376078,9.14957e-4,5.923473e-4,0.001291109,4.015198e-4,2.160009e-4,8.736895e-4,5.649752e-4,6.744229e-4,5.149293e-4,7.808737e-4,6.563092e-4,5.121683e-4,3.758605e-4,7.546503e-4,7.49342e-4,4.224881e-4,2.104601e-4,4.022375e-4,5.737692e-4,5.429788e-4,1.968739e-4,5.881859e-4,9.155022e-4,8.663454e-4,0.00132911,0.00142712,0.002447298,0.003672681,0.004638869,0.007909176,0.01190543,0.01447844,0.01533387,0.01828146,0.02009389,0.02273663,0.03014856,0.1993925,0.5069885,0.3145753,0.451375,0.3788548,0.05090582,0.02535968,0.02576668,0.02620497,0.0289409,0.03271906,0.03865235,0.04387865,0.05161765,0.05750215,0.06582185,0.07271953,0.08170786,0.08918519,0.09730703,0.108801,0.1156746,0.1238709,0.1322728,0.1379326,0.146874,0.1520474,0.1601843,0.1667559,0.1734596,0.1804276,0.1885391,0.1916498,0.1949044,0.1942331,0.1946849,0.1915399,0.1903022,0.1873169,0.1848826,0.1833604,0.1817286,0.1825491,0.1847251,0.1870759,0.1931582,0.1995768,0.2060972,0.2213245,0.2332846,0.2544409,0.2725813,0.2881787,0.3093151,0.3453104,0.3748783,0.444321,0.4820137,0.819917,2.244405
402.152,7.653935e-4,-0.002406882,-0.001643654,-0.004145137,-0.001700403,-0.00232659,-0.001647803,8.300797e-4,-0.002107429,-0.002081927,7.573776e-5,-0.00172171,-0.002508906,1.569236e-4,-0.004171359,-0.001731973,9.459523e-4,0.001161208,-6.25123e-4,0.001119875,-2.801118e-4,-8.755191e-4,-8.991523e-4,2.687533e-5,-4.853393e-4,3.343492e-4,-0.001080225,-8.610011e-4,-1.142352e-4,-0.001024496,3.699079e-4,-0.003348911,0.002511594,-0.003162544,-0.002922048,-9.308827e-5,-0.002079754,-4.894818e-4,6.482681e-4,7.130967e-4,0.00159804,8.477048e-4,3.256714e-4,-0.001385157,-0.001362357,0.001832653,-0.003068281,-0.001851989,0.001458643,-0.001533637,-8.291571e-6,0.001135159,0.00112899,0.00166845,-0.001325792,6.169044e-4,-0.001188409,-0.001101114,-0.001203647,5.484254e-4,-4.701713e-4,-5.880756e-4,-3.785444e-4,2.356305e-5,-1.237087e-4,-7.651548e-4,0.00029153510000000003,-5.807151e-4,-1.106014e-4,-2.456906e-4,4.191438e-4,1.85143e-4,-5.723292e-4,-9.447502e-4,6.968872e-4,-5.565322e-4,-4.316155e-4,3.437157e-4,-1.396528e-4,-2.363694e-4,1.255298e-4,-9.863553e-4,-4.351402e-4,3.229584e-4,-2.078723e-4,-2.714502e-4,8.142541e-4,3.753632e-5,-4.493368e-4,-9.994883e-4,-2.439176e-4,-3.516314e-4,3.611239e-5,-1.713644e-4,-2.486201e-4,-3.013528e-4,1.038938e-4,-2.64838e-4,-8.366253e-5,1.083118e-5,1.09823e-4,-1.551369e-4,-3.967293e-5,8.097175e-6,1.481739e-4,4.652488e-5,-7.30682e-5,-3.716033e-6,-5.505291e-5,-2.389986e-6,-7.874394e-5,5.916357e-5,2.29771e-4,1.93866e-5,2.455214e-4,-2.127962e-5,3.728705e-4,2.616382e-4,5.172053e-4,0.001191224,0.001878648,0.003914169,0.00603707,0.01008821,0.01214128,0.01352898,0.01557834,0.01741605,0.01941746,0.0224417,0.1107085,0.5582814,0.3338631,0.4111388,0.4940166,0.08385495,0.024121,0.02446939,0.02516563,0.02794896,0.03168911,0.03628407,0.04188889,0.04824333,0.05598997,0.06181387,0.07202476,0.07789607,0.08737656,0.09578727,0.10285,0.1122478,0.1196841,0.1277639,0.1368036,0.143415,0.1505509,0.156429,0.1631004,0.1714094,0.1775599,0.1860536,0.1920182,0.1962814,0.2013023,0.1996236,0.1980824,0.1961939,0.1937859,0.1890637,0.1878964,0.1858879,0.1837324,0.1815123,0.1813346,0.1918497,0.1934561,0.2034405,0.2092549,0.2218887,0.2366191,0.2506511,0.2708146,0.2892485,0.3023216,0.3246324,0.3494245,0.3487819,0.4386211,0.5850968,0.6093926
404.45,-0.00313942,-0.003315895,-0.00590457,4.13013e-4,-0.005303423,-0.001538147,4.551452e-4,-0.003797463,3.936437e-4,0.001280663,-0.002460927,-4.433515e-4,0.001437659,-0.002474101,0.001002889,6.414558e-4,9.663705e-4,-2.809676e-4,-0.001589311,-3.592433e-4,-1.095482e-4,-3.2497e-4,-0.001093618,-5.792617e-4,-6.662901e-4,-9.565003e-4,-1.92414e-4,-8.578575e-4,-4.644862e-4,-0.002266056,-0.001082992,-0.003755171,0.001845799,-0.001256617,0.001078669,-2.660794e-4,-2.423155e-4,-0.001443118,9.51733e-4,-0.001811216,-0.001146143,7.849962e-4,-0.001507571,-3.425812e-4,-0.001140216,-1.926014e-4,-9.648901e-4,-3.162471e-4,-1.7683e-4,-0.001303593,-0.001224652,-0.001851481,-0.001488065,-0.001660125,-3.423143e-4,-5.771984e-4,-5.029348e-4,-0.001084175,-1.292559e-4,-4.707415e-4,-4.276631e-5,-5.681596e-4,-0.001198083,-7.506082e-4,-8.416331e-4,-0.001431523,-0.001141434,-8.568732e-4,-0.001207987,7.509633e-5,-0.001071942,1.330371e-4,-5.095172e-4,-4.477871e-4,-4.569494e-4,-8.590142e-4,-3.609619e-4,-5.96237e-4,-9.744922e-5,3.659887e-4,6.797694e-4,-5.500512e-4,-2.357307e-4,1.402402e-4,-8.968846e-4,-6.742802e-4,-6.982483e-4,-5.993509e-5,8.480355e-5,2.056907e-4,-2.593044e-4,-9.18811e-5,4.243837e-4,-6.414583e-4,-1.133314e-4,-3.914551e-4,7.464965e-5,7.584702e-5,-1.516245e-4,-2.915317e-4,-2.400006e-4,-1.910102e-4,1.206538e-4,-7.389336e-5,-9.215967e-5,1.573498e-4,-1.399649e-4,-2.490958e-4,4.75791e-5,-9.803081e-5,4.056223e-5,4.251977e-5,6.222744e-5,2.238058e-5,1.621478e-4,3.514681e-4,-4.809675e-5,4.177468e-4,6.349279e-4,0.001533262,0.00312369,0.005405631,0.008223473,0.01140033,0.01247561,0.01436749,0.01565079,0.01785765,0.01962981,0.05481975,0.4424053,0.3552115,0.3741433,0.628173,0.124232,0.0264968,0.02404614,0.02488474,0.02608882,0.02986844,0.03379746,0.0403072,0.04628549,0.0536472,0.05987042,0.06843212,0.07511497,0.08442136,0.09268848,0.1012972,0.1085562,0.1174102,0.1271551,0.1342787,0.1411242,0.1500452,0.1546005,0.1610491,0.1682897,0.1754904,0.1834751,0.1901446,0.1976626,0.1991351,0.2043697,0.2044969,0.2039598,0.19926,0.1961846,0.1940031,0.1901028,0.1888026,0.1885188,0.1848499,0.1885985,0.1954374,0.1994281,0.2057763,0.2160893,0.2291774,0.2444116,0.2593055,0.2802299,0.3040384,0.3100277,0.3398443,0.3586625,0.3705967,0.4367887,0.437447,0.7499657
406.749,0.001105284,-4.494964e-4,-5.811562e-4,-6.746067e-4,-0.003433065,-6.103287e-4,-2.871509e-4,-0.001087107,6.366608e-4,-0.004931983,-0.004487852,-0.001129992,-4.901371e-4,-6.06485e-5,-0.002132936,-0.002853179,-0.001389363,-3.950342e-4,-9.182835e-4,-0.001380886,7.893382e-5,-0.001391791,-0.001628998,-9.322434e-4,-0.001471875,3.14759e-5,-8.921054e-4,-6.134663e-4,9.3839e-4,-5.770372e-4,-2.614683e-4,-0.001611523,-4.949502e-4,-0.002590331,-0.002279696,-0.003810355,-0.004633228,-0.002691119,-0.00130308,-0.001862437,-8.591784e-4,-0.002612421,-0.002091271,-9.947358e-4,2.744857e-4,-0.001310366,-0.003469324,-0.00162991,7.332177e-5,-5.692111e-4,-0.001100669,-0.001460808,-0.001218293,-0.00062628270000000005,-0.001790541,-0.001251285,-6.406465e-4,-0.002466817,1.376999e-4,-4.538079e-4,-5.794078e-4,-7.707027e-4,-0.001028114,-0.00163261,-7.641332e-4,-7.772119e-4,-5.408929e-4,-9.874063e-4,-0.001301971,-0.001889454,-0.001481252,-0.001868284,-3.965373e-4,-2.906569e-4,-0.001455555,-0.001650407,-7.091667e-4,-4.008129e-4,-0.001261078,-3.076812e-4,-0.001165387,-5.707161e-4,-6.840239e-4,-0.001007564,-7.315168e-4,-5.296242e-4,-9.534676e-4,-1.364807e-4,-9.009377e-4,-0.001436484,-8.673176e-4,-3.237418e-4,1.200057e-4,-5.161376e-4,-1.092383e-4,-1.537513e-4,2.271505e-4,-4.465572e-4,-2.48225e-4,-4.106447e-4,-3.416786e-4,7.801639e-5,-5.824177e-5,-3.170333e-4,-2.06138e-4,-1.595701e-5,-2.280783e-4,-5.402396e-4,-1.275057e-4,-1.24548e-4,5.671597e-5,-1.224294e-4,2.273484e-4,1.429928e-5,1.9302e-4,1.026435e-4,1.386336e-4,3.209346e-4,9.454658e-4,0.002125895,0.004624641,0.00801092,0.01032815,0.01143457,0.01245511,0.01417611,0.01602818,0.01769596,0.0315287,0.2605401,0.3812605,0.3219694,0.5741016,0.1876137,0.02960292,0.02290034,0.02360219,0.02472893,0.02823559,0.03282809,0.03775885,0.0437374,0.05011418,0.05806831,0.06555199,0.07380329,0.08289822,0.08973237,0.09687077,0.1059342,0.1152583,0.1225536,0.1313551,0.1391165,0.1459604,0.1515071,0.1599912,0.1660507,0.1738074,0.1816374,0.1886811,0.1949159,0.2004521,0.2035792,0.2089264,0.2082845,0.2075005,0.2048954,0.2003749,0.1972093,0.1951902,0.1924684,0.1915623,0.1905927,0.1927235,0.1969079,0.2034451,0.2120476,0.2244592,0.2354555,0.2514787,0.2668758,0.2861842,0.3043651,0.3114529,0.3469739,0.3114136,0.3534238,0.3753532,0.3965406,0.2709935
409.049,0.002462958,0.002164046,0.00481334,0.003176776,0.001970568,0.003941974,0.008623109,0.002331063,0.002777899,0.004025747,7.051019e-4,-6.367513e-5,0.002510104,0.002354337,0.003844366,9.747328e-4,0.002557721,0.001264117,0.001109873,6.078406e-4,0.001282885,0.001211586,-4.253008e-4,6.525107e-4,0.001508507,0.001456918,-4.155284e-4,8.129044e-4,0.001457547,0.00168559,0.001202506,0.004249722,-1.06723e-5,0.003250374,3.753705e-4,0.00495496,0.001617932,0.00338197,0.001008337,0.001414996,9.993411e-4,0.003651483,0.002526974,0.002521929,0.001448999,-3.278768e-4,0.001910354,0.002737882,0.002952237,0.003503063,9.269296e-4,6.967081e-4,0.001212741,0.002086113,0.001421403,0.003275039,0.00242744,1.384561e-4,0.00112596,0.001170301,9.324927e-4,2.072313e-4,0.001761249,9.66664e-4,0.001105951,6.785889e-5,0.001449338,9.099144e-4,0.001770372,9.62944e-5,8.599575e-4,0.001750666,-1.812826e-4,0.001046883,0.001500735,0.001014857,0.001585475,0.001232167,8.844312e-4,6.032994e-4,8.107875e-4,0.001484839,7.657821e-4,7.95819e-4,8.872654e-4,3.537252e-5,9.848261e-4,1.16745e-4,5.95248e-4,4.539469e-4,2.349062e-4,5.404569e-4,6.230907e-4,-8.393472e-5,1.599106e-4,9.400924e-4,3.115227e-4,-1.578254e-4,4.945985e-4,-4.242526e-4,4.015986e-4,4.775507e-5,8.756524e-5,1.477284e-4,2.659384e-4,1.221609e-4,1.309698e-4,4.481216e-4,7.708688e-5,2.44745e-4,1.43196e-4,3.209584e-4,2.677191e-4,7.048931e-4,3.647446e-4,4.411748e-4,6.894324e-4,0.001401771,0.001866992,0.003816153,0.0079312,0.01097935,0.0113226,0.01203802,0.01386006,0.01501122,0.01654904,0.02231962,0.1519829,0.4218262,0.286679,0.4865066,0.2608823,0.03999688,0.02312837,0.02347679,0.02464718,0.02747216,0.03085676,0.03637681,0.04215169,0.04767071,0.0546013,0.06326786,0.07034321,0.07845725,0.08744747,0.09449254,0.1024822,0.1119492,0.1184279,0.1278998,0.1363837,0.1436775,0.1519391,0.1587053,0.1646203,0.1702088,0.1763486,0.1840566,0.190524,0.1980805,0.2034258,0.2089236,0.2100107,0.2116618,0.2124891,0.2067896,0.2042603,0.2009329,0.1977028,0.1947573,0.1933955,0.1953799,0.1971729,0.1974509,0.2116819,0.2171117,0.2321113,0.2394277,0.2603513,0.2781222,0.2992234,0.3179051,0.3369677,0.3455375,0.3654533,0.3882809,0.404705,0.5377698,0.9145483
411.349,-7.50747e-4,0.003530425,4.268224e-4,-1.358734e-4,0.003630113,0.00388351,-0.003183061,5.410613e-4,0.001587392,-0.002657471,0.00152959,-0.001105213,0.003853525,1.42122e-4,-0.001491921,5.933368e-4,-1.311517e-4,4.449829e-4,-0.00140477,5.993469e-4,-4.201432e-4,-2.915884e-4,2.728313e-5,6.157824e-4,5.676635e-4,2.257397e-5,-6.623772e-4,3.142096e-4,3.244399e-4,-2.089157e-4,-6.033374e-4,-2.82125e-4,0.001008609,-0.003198736,1.935239e-4,0.002931763,0.002379176,-4.452503e-4,9.088267e-4,6.990722e-4,5.469525e-4,-0.001537584,6.687459e-4,-1.644403e-5,5.041267e-4,0.00273201,6.264354e-4,5.497538e-4,0.001235833,0.00260864,-6.434665e-4,8.268796e-4,-6.347533e-4,7.980992e-4,2.845953e-4,3.209394e-4,0.001669334,5.253893e-4,0.001017025,-9.289641e-5,-0.001050135,5.38376e-4,-6.358909e-4,1.711008e-4,2.245067e-4,2.466889e-4,-5.82002e-4,-7.300411e-4,9.501266e-5,8.689925e-4,-4.27694e-4,1.763958e-4,4.080268e-4,-1.852041e-4,-2.311205e-4,-2.87984e-4,7.802959e-4,5.094199e-5,7.222754e-4,4.939251e-4,5.301366e-4,-4.555157e-4,8.449229e-4,4.697541e-4,2.995139e-4,-8.457057e-5,3.50023e-4,4.206059e-4,5.0805e-4,-1.717764e-4,-2.070567e-4,-1.962692e-4,-1.891317e-4,2.614734e-4,7.635593e-5,-3.979349e-4,4.160387e-5,2.510589e-4,-4.103336e-5,-6.662759e-5,1.620553e-4,4.912787e-4,-3.459396e-5,1.228892e-4,3.905647e-5,-1.090545e-4,1.11815e-4,-1.248281e-4,4.875905e-4,3.079061e-4,5.322314e-5,4.578065e-5,5.400413e-5,3.212434e-4,2.113246e-4,5.826336e-4,6.784073e-4,0.001358988,0.002558594,0.005248225,0.01002677,0.01118566,0.01172411,0.01275168,0.01350685,0.01531643,0.01753138,0.08398951,0.4461871,0.2716754,0.3947257,0.3631316,0.05378567,0.02193036,0.0219255,0.0230152,0.02647255,0.02878577,0.03385798,0.03917106,0.04545387,0.05105886,0.05851929,0.06735965,0.0745945,0.08318025,0.09187535,0.09954275,0.1061342,0.1145113,0.1237062,0.1320408,0.1401049,0.1463879,0.1538525,0.1604807,0.1658886,0.1726589,0.1795828,0.1854689,0.1929428,0.1993608,0.2066648,0.2122799,0.213351,0.2140008,0.2116743,0.2086507,0.2054741,0.200953,0.1980793,0.195672,0.1955888,0.1941034,0.1975464,0.2046485,0.2129112,0.2195095,0.2355578,0.2477684,0.2606564,0.2750998,0.2999439,0.3185465,0.3443572,0.3505108,0.3771033,0.4245811,0.4200718,0.9112063,0.2625605
413.651,-0.003163946,-0.002006247,0.003683717,-0.003537045,-1.686113e-4,-0.002369895,-0.001150431,0.003358981,-0.00287174,-0.003978309,-0.00146616,-4.881772e-4,-0.001441229,-0.001606586,-5.176539e-4,0.001614728,0.001346635,-5.616259e-4,0.001186362,-5.22816e-4,-4.898441e-5,-0.002278678,-2.872258e-5,-5.592603e-4,-0.001457513,-0.001052095,-7.363692e-4,-0.001056548,3.495916e-4,-0.001055515,-9.609366e-4,-0.002525413,-0.001447715,-0.001887327,-0.004032645,-0.002903149,0.001077443,-8.176252e-4,-1.520015e-4,-0.003007276,-0.001905863,6.7064e-4,-6.28089e-4,-0.001264132,-4.659657e-4,-0.001722333,-0.002810568,-0.002512533,-0.001362275,-6.409958e-4,-4.37274e-4,-5.491508e-5,-0.001711867,-0.002366377,-0.001548599,-0.001130666,-5.965286e-4,-3.093278e-4,-0.001449686,-4.128897e-4,1.131243e-4,-4.933489e-4,-6.685427e-4,-2.021982e-4,-4.958018e-4,-8.045148e-4,-3.958858e-4,-4.186302e-4,-1.71168e-4,-1.89388e-4,-1.634431e-5,-9.495107e-4,2.865642e-4,-3.805647e-4,-1.993458e-4,-5.586971e-4,-2.45689e-4,-3.498512e-4,-5.682951e-4,-3.133579e-5,-2.432259e-4,2.26195e-4,-3.241617e-4,6.666412e-4,-6.341058e-4,1.569174e-4,-2.956277e-4,-6.514965e-5,9.503708e-5,1.09068e-4,5.212144e-4,-8.858568e-5,-5.793847e-4,1.596815e-4,-2.849097e-4,1.791903e-4,-1.21093e-4,-4.459214e-5,-4.86894e-4,-6.228901e-4,1.315232e-4,-2.903646e-4,1.539089e-4,-5.365775e-5,8.942706e-5,-1.973142e-5,-2.059313e-4,8.33427e-5,2.120013e-5,2.581917e-4,8.827767e-5,2.583931e-4,1.681706e-4,4.432153e-5,1.931072e-4,1.907786e-4,9.353806e-4,0.001848095,0.003994548,0.006730601,0.01149071,0.01099442,0.01178529,0.01273071,0.01410204,0.0159674,0.04420845,0.3356493,0.280062,0.3090933,0.4770485,0.08243017,0.02202421,0.02135556,0.02335205,0.02389736,0.02690743,0.03177741,0.03681293,0.04260598,0.04805895,0.05566728,0.06332682,0.07186345,0.07941248,0.08802915,0.09540786,0.1038151,0.1124864,0.1205207,0.1282521,0.134762,0.1432693,0.1501849,0.1576553,0.1647037,0.169124,0.1744093,0.1823243,0.1886614,0.1940142,0.2017366,0.2070345,0.2116874,0.2152366,0.2137596,0.2130077,0.2078647,0.206809,0.2022246,0.199051,0.1979977,0.1956752,0.1953091,0.2010703,0.2069299,0.2137163,0.2266815,0.2344882,0.2503426,0.2697786,0.2823951,0.3004963,0.3177446,0.3411536,0.3487971,0.3770872,0.4041251,0.3542948,0.5253399,0.8997503
415.953,0.006983385,0.007233672,-6.957891e-4,0.001763533,0.008766609,0.006882426,0.009608503,2.417852e-4,0.006583783,-3.078981e-4,0.002019771,-8.436094e-4,0.001001276,0.002416154,7.262079e-4,3.255948e-4,0.002655278,0.001998707,0.001416007,0.001494903,5.175521e-4,0.001455989,4.109485e-4,1.59588e-4,5.022387e-4,3.978202e-4,3.764619e-4,5.887733e-4,0.001888167,0.001608058,9.938411e-4,0.001952659,0.006606771,0.002053385,0.004984947,0.001560984,0.00193526,0.001220521,5.88817e-5,0.001650641,0.002624108,0.001969738,0.004151249,-7.670053e-4,5.140647e-4,0.004051343,0.001293292,0.001981609,0.001926099,0.001270825,8.489948e-4,9.656253e-4,0.001574004,0.002712351,0.00105938,0.001044605,-1.914022e-6,4.814342e-4,0.001210968,3.604253e-5,0.002087498,0.001660757,0.001668888,2.993141e-4,9.865206e-4,3.54898e-4,3.377594e-4,1.296432e-6,0.001118724,9.81099e-4,0.001135796,0.001520547,-8.998106e-5,0.001610857,7.244847e-4,5.174033e-4,0.001157636,0.001138406,8.817398e-4,0.001371182,8.084315e-4,0.001325116,2.487125e-4,5.25904e-4,8.596329e-4,7.705311e-4,9.054607e-4,7.825046e-4,4.399496e-4,2.046654e-4,-3.767606e-5,4.198207e-4,7.322659e-4,5.405123e-4,4.024925e-4,3.72251e-4,4.740087e-4,-4.415296e-4,1.200879e-4,6.878154e-4,7.78682e-4,7.861852e-5,2.590686e-4,2.1897e-4,5.638984e-4,2.217484e-4,7.302044e-4,2.828527e-4,5.41875e-4,2.877258e-4,4.081402e-4,4.713905e-4,3.77001e-4,7.072798e-4,7.025347e-4,0.001081497,0.001735122,0.003119412,0.005852097,0.008604066,0.01317212,0.01256968,0.01265906,0.01336199,0.014772,0.02677873,0.2068726,0.2828309,0.2541596,0.479085,0.1295086,0.02381819,0.02078176,0.02196497,0.02302792,0.02583232,0.03017577,0.03482834,0.04129083,0.04681345,0.05276198,0.06004094,0.06814136,0.07603049,0.08377529,0.09226475,0.1009462,0.1091297,0.1172716,0.1223672,0.1327472,0.1386134,0.1466236,0.1545934,0.1607724,0.1658594,0.1711441,0.1777659,0.1842823,0.1898976,0.1975534,0.2047539,0.2089867,0.2139509,0.2162476,0.2170817,0.2156454,0.2113673,0.210044,0.2044941,0.2004403,0.1971923,0.2014079,0.2015044,0.2032335,0.2092026,0.2169187,0.2266766,0.2417689,0.2595849,0.2706539,0.287024,0.3071298,0.3262799,0.3472452,0.368014,0.3909104,0.4455098,0.6356644,0.5264773,1.486732
418.255,-0.002226369,-0.008177536,-0.005126352,-0.002272758,-0.003671902,-0.005193885,-0.003487771,0.00108142,-0.005061009,9.653748e-4,5.759584e-4,-0.001008313,-0.002324396,-1.500965e-4,-0.001221319,9.197017e-4,-0.002147385,-8.145374e-4,-0.001933422,-0.001299911,-0.001620227,8.970414e-5,-2.952385e-4,-5.322693e-7,-0.00110009,-3.655173e-4,-8.4425e-4,-3.85374e-4,-4.685635e-4,-4.790571e-4,-0.001188994,-0.001987076,-0.0030364,-0.002726006,-6.706546e-4,-9.46291e-4,-0.001152063,-0.001428063,2.582184e-4,-0.001641506,-0.001567321,9.357259e-4,-0.001187261,-0.001402624,-8.145154e-4,-0.001723511,-9.086826e-4,-0.00237205,0.001945033,-5.018348e-4,-4.169452e-4,-3.074782e-4,-1.039648e-4,-3.439276e-4,-0.001501399,-0.001991679,-0.002792264,-0.001449593,-9.107806e-4,-0.001033518,-0.001080282,-0.001024265,-4.832689e-4,-8.876172e-4,-6.227236e-4,-0.001483565,-8.013685e-4,-6.369648e-4,-0.001165632,-0.001847534,-0.00109922,-0.001156134,-0.001088195,-0.001132997,-2.519366e-4,-0.001186746,-8.41767e-4,-0.001144479,-7.007933e-4,-0.001160196,-0.001053646,-7.308162e-4,-6.670933e-4,-2.627804e-4,1.454704e-4,-1.272695e-4,-5.986893e-4,-0.001518477,-1.935703e-5,-5.163362e-4,1.531846e-4,-7.348107e-4,-3.59545e-4,2.355744e-4,-1.503684e-4,-2.927071e-4,1.245925e-4,-6.836654e-4,-1.330318e-5,-5.910108e-4,-2.173196e-4,-4.687386e-5,5.065968e-4,1.569564e-4,-1.65383e-4,-1.086724e-4,-2.735656e-4,-8.064193e-5,-3.03332e-4,-1.121537e-4,1.483775e-4,1.832843e-4,2.268975e-4,2.643686e-4,5.416503e-4,0.001002098,0.002261741,0.004134421,0.00693005,0.009565549,0.01256578,0.01158829,0.01227674,0.01232481,0.01796892,0.124987,0.3156344,0.2109267,0.3822931,0.2034555,0.02792349,0.01882634,0.01961716,0.02102379,0.02317098,0.02670376,0.03165517,0.03617903,0.04322528,0.04902534,0.05613361,0.06311709,0.07050842,0.07982121,0.08779157,0.09582777,0.1030941,0.1115727,0.1183691,0.1267115,0.1339792,0.1416044,0.1482801,0.1555515,0.1621922,0.1677963,0.172525,0.1774693,0.1836945,0.1892789,0.1966829,0.203227,0.2098002,0.2143268,0.2169214,0.2156134,0.2123779,0.2099958,0.2075704,0.2026406,0.1998188,0.1992122,0.1978862,0.1978494,0.2031489,0.2092972,0.2182775,0.227004,0.2435529,0.2569876,0.268421,0.2883251,0.3032047,0.3226785,0.3550237,0.3682992,0.3664676,0.4090345,0.3591643,0.5572346,0.3337838
420.559,0.002200149,0.001630031,0.006173085,-7.535687e-4,-0.002539363,0.002568971,-0.002467002,-0.001400515,0.002626731,-9.022435e-4,-0.003111769,9.991473e-4,0.00103882,2.190732e-4,3.587037e-4,-3.840049e-4,7.729791e-4,-4.873491e-5,1.012706e-4,0.001784615,-8.722306e-4,-5.933408e-5,-6.126459e-4,7.969586e-4,6.211289e-4,-8.330533e-4,-4.425242e-5,8.49361e-5,8.454876e-4,4.068757e-4,9.73101e-4,0.002171184,-7.110629e-4,6.527349e-4,2.770139e-4,-2.511554e-4,0.002048683,9.231182e-4,1.114043e-5,-0.001466436,-4.038395e-4,-3.87644e-4,0.001372308,2.696566e-4,0.003661406,0.001044524,-0.001252876,-2.954015e-4,2.944106e-4,6.469257e-5,-8.143261e-4,-1.931957e-4,0.001196381,-7.184718e-4,0.001305269,-0.0016038,9.119319e-4,-1.623261e-4,0.001432949,-0.001334105,6.125614e-4,-7.52255e-4,0.001078295,7.653613e-4,-9.261935e-4,3.549417e-4,6.219827e-4,7.366358e-6,7.67281e-4,0.001399599,-1.162908e-4,6.363913e-5,-0.001244779,6.438933e-4,-8.951125e-4,-0.00015442210000000001,-2.285296e-5,5.803969e-4,2.422628e-4,3.865564e-4,2.054342e-4,-1.994872e-4,5.708002e-4,-1.70956e-4,-1.787126e-4,-9.836828e-5,7.324369e-4,-6.290795e-4,9.562869e-4,2.514967e-4,-2.760965e-4,5.07805e-4,2.970203e-4,2.82029e-4,5.280331e-4,3.50889e-4,-2.475115e-5,1.360408e-4,-2.69661e-4,1.387877e-4,-1.036848e-4,3.995246e-4,2.684852e-4,-2.146242e-4,2.241006e-4,1.795111e-4,1.739199e-4,1.987501e-6,3.67827e-4,1.766645e-4,2.198725e-4,2.408419e-4,2.376841e-4,5.506973e-4,0.001060558,0.001540877,0.003800341,0.005643722,0.007725616,0.01040685,0.01287971,0.01205786,0.01265153,0.01467353,0.07627539,0.3961859,0.2048132,0.3013247,0.2919317,0.04451069,0.01820751,0.01987494,0.02061102,0.02278977,0.02602253,0.02944452,0.0347458,0.04086664,0.04614031,0.053981,0.06007198,0.06675936,0.07478898,0.08459211,0.09079538,0.09975476,0.1069147,0.1157487,0.1228572,0.1298848,0.1374762,0.1445152,0.1517226,0.155976,0.164009,0.169591,0.1744457,0.1793418,0.1861865,0.1910833,0.1986281,0.2042081,0.2108854,0.2147648,0.217687,0.2148833,0.2141709,0.2105755,0.2072183,0.2035256,0.200709,0.2004388,0.1975873,0.201028,0.2059337,0.2115223,0.2250276,0.2354742,0.2445199,0.2586325,0.2800028,0.2942908,0.3157121,0.3306298,0.3518811,0.3715644,0.3918218,0.413472,0.4458079,0.5153069,1.39574
422.863,0.005903333,0.00359676,0.007724337,0.008247457,0.006648414,0.004940541,0.002584662,0.00797867,0.006096704,0.002374987,0.003568277,0.001101229,0.002445257,0.00157936,0.00393024,0.00295473,0.00234303,0.001005892,0.001885179,0.002417227,0.001155021,4.856442e-4,7.644376e-4,8.104647e-4,9.472442e-4,0.00113296,6.906668e-4,2.306809e-5,0.001051887,0.001108985,0.001815846,0.002337663,0.001736913,0.00462405,0.002722648,0.002755935,0.003150861,0.005553929,0.003282032,0.001786572,0.002068948,0.002080193,0.002146013,0.001915596,9.682369e-4,0.002211214,0.002130534,0.003754604,0.004263804,0.004078576,0.001016376,0.003987543,7.369608e-4,0.001605844,0.001836463,0.002170088,5.540692e-4,0.003432764,0.00161193,9.249265e-4,0.001059691,0.001029693,3.944513e-4,7.485556e-4,0.00225573,0.001169113,0.001721881,0.001106327,0.00116701,0.001491932,0.001721173,0.001575615,0.001960654,0.001279784,0.001582076,1.745213e-4,5.309053e-4,1.420524e-4,8.471305e-4,5.098201e-4,5.218338e-4,9.970895e-4,0.00117365,0.00101416,7.362864e-4,5.414859e-4,0.001498328,0.001368317,7.942952e-4,1.509703e-4,5.02682e-4,4.353441e-4,5.942862e-4,2.273651e-4,5.045149e-4,3.87153e-4,5.803999e-4,4.800996e-4,3.176011e-4,4.425105e-4,5.265225e-4,7.337286e-4,5.710261e-4,6.504661e-4,6.021159e-4,4.919894e-4,1.718654e-4,1.991535e-4,3.132804e-4,5.576472e-4,3.592504e-4,4.445181e-4,4.628389e-4,0.001272354,0.001618024,0.00295658,0.005187995,0.007033614,0.008404599,0.01125454,0.01310316,0.01325549,0.01385022,0.03956863,0.3015012,0.2567862,0.2412067,0.3677037,0.06903114,0.01745946,0.01874164,0.01955576,0.02247251,0.02497665,0.0278422,0.03262221,0.03759326,0.04348667,0.05003792,0.05776936,0.06460849,0.07219022,0.07971086,0.0877614,0.09653909,0.1047201,0.1122598,0.1196274,0.1247945,0.1335233,0.1407612,0.146765,0.1541521,0.1611414,0.1657905,0.1718843,0.1770948,0.1812174,0.186483,0.1925803,0.1983737,0.2039949,0.2097201,0.2134904,0.2156506,0.2157321,0.2136206,0.2113593,0.2075936,0.205704,0.2022975,0.199618,0.2018568,0.200996,0.2081675,0.2163209,0.2254684,0.2390741,0.2533432,0.2668004,0.2855727,0.3000582,0.3161928,0.3360243,0.3634978,0.3756357,0.4152617,0.4472595,0.5269333,0.7137251,0.3395683
425.168,-0.003082745,-0.002705301,-0.002256042,-0.006730685,-0.002589656,-0.003904494,-0.001206402,-0.005967827,3.86119e-4,-0.003794557,-0.003919434,-0.001087373,-6.70202e-4,-0.00351962,-0.004646729,-0.001963387,9.372139e-4,6.370964e-4,-7.773595e-4,3.334306e-4,-0.00163645,-0.001173255,-1.804374e-4,-8.495225e-4,-0.001134568,-0.001660177,-8.312743e-4,-3.972016e-4,4.35206e-4,5.046057e-6,-0.001734173,-0.003520142,-7.646916e-4,-0.001044026,-0.002492801,-0.002052892,5.333934e-4,-0.001222496,-0.002579856,-0.002544744,-0.001964235,7.172858e-5,-0.001851489,-0.001149857,-7.708402e-4,-0.003959688,-1.748963e-4,-0.001708303,-0.001212213,-7.711051e-4,-0.001608154,-9.267876e-4,-0.001590221,-0.001592349,0.001058557,-0.002251217,-0.00213737,-2.353557e-4,-0.001625526,-0.001834796,-0.002286037,-5.76769e-4,-9.867905e-5,-2.240446e-5,-0.001275739,-6.424313e-4,-2.26854e-4,-5.467473e-4,-0.001182206,-0.001325441,2.750006e-6,-0.001072837,-3.215604e-4,1.415965e-4,-1.272606e-4,-7.237024e-4,-4.718542e-4,-8.54818e-4,-3.538141e-4,-0.001162052,-9.698202e-4,-5.439715e-4,-0.00104762,-5.219613e-4,-0.00100912,-5.44309e-4,-6.913139e-4,-4.67343e-4,-3.820601e-4,-7.523683e-4,-1.557757e-4,-7.693668e-5,-8.381091e-4,-6.813098e-5,-3.49731e-4,-2.789911e-4,-6.545439e-4,-8.805146e-5,-4.635097e-4,-2.852876e-4,-6.374852e-4,-1.406617e-4,-1.634075e-5,-2.089924e-4,-3.663944e-4,3.753491e-5,-3.649919e-5,-2.754939e-4,-4.270712e-4,-6.681511e-5,1.753659e-4,3.222889e-4,7.390084e-4,0.001056515,0.002084842,0.003655163,0.005629675,0.006750028,0.008203424,0.01072827,0.01274834,0.01295557,0.02289158,0.1874714,0.2959637,0.2486611,0.3761472,0.1003622,0.01905245,0.01733155,0.01798544,0.02039722,0.02221742,0.02555043,0.02996347,0.0347677,0.04043127,0.04614501,0.05311539,0.06036488,0.06690199,0.07513001,0.08235556,0.09069973,0.09988018,0.1067661,0.113372,0.1213152,0.1284169,0.1358668,0.1414856,0.1476647,0.1554768,0.1602256,0.1662211,0.1716331,0.1756524,0.1799672,0.1857167,0.19022530000000001,0.1968069,0.2011091,0.2093342,0.2112459,0.214509,0.215072,0.2111566,0.2080283,0.2054451,0.2031359,0.2009591,0.1995437,0.1988099,0.2027743,0.2059355,0.2152257,0.2280216,0.238304,0.2506145,0.2658892,0.2785167,0.294024,0.3143676,0.3293225,0.3523763,0.3711283,0.3922093,0.3818438,0.3575275,0.1409407,0.1039532
427.474,0.001960461,0.005683103,0.002916913,0.00380305,0.003698381,2.759181e-4,0.00226907,0.004445005,0.002299875,5.324311e-4,6.396583e-4,5.09872e-4,7.818319e-4,-5.272186e-4,8.246545e-4,0.001351087,-2.804896e-4,0.003546145,0.001938749,0.001165678,2.868051e-4,0.00131569,-4.96948e-5,1.986994e-4,7.267977e-4,0.001131015,-1.262555e-4,2.382588e-4,-2.676743e-5,0.001019257,0.002914841,9.550396e-4,0.002177571,7.200528e-4,-5.121692e-4,0.003033048,0.002589605,1.498665e-4,0.001971911,5.900919e-4,0.001562636,0.0021746170000000002,3.938501e-4,0.002462913,0.003645969,3.559002e-4,0.001974137,0.001190536,0.00258687,0.001210243,0.00104283,0.001469338,2.957469e-4,0.00327431,0.001801919,2.783397e-4,-0.001699697,0.00214828,0.002091739,5.355437e-4,0.001554891,5.586652e-4,5.838572e-4,0.001265638,0.001318189,-1.268712e-4,1.710225e-4,6.745025e-4,0.001239203,0.001470266,1.726884e-4,9.60904e-4,-5.00283e-5,3.535733e-4,7.39636e-4,-4.577764e-4,7.998271e-4,6.139061e-4,0.001295318,-1.831796e-4,0.001055643,7.21454e-5,5.568465e-4,5.588814e-4,0.001314691,9.061801e-4,6.507129e-4,4.509803e-4,4.549693e-4,7.609167e-4,8.843375e-4,7.863444e-4,9.451523e-4,6.685213e-4,9.757166e-4,1.280649e-4,5.069315e-4,9.14897e-5,-1.738603e-4,1.952112e-4,3.823435e-4,3.370142e-4,-4.388408e-5,4.507975e-4,1.325235e-4,3.038871e-4,1.963976e-4,4.069491e-4,2.820598e-4,5.250438e-4,4.255942e-4,6.081805e-4,0.00123029,0.00197625,0.003111071,0.005006021,0.006285994,0.007512997,0.009000834,0.01262932,0.01344519,0.01822275,0.1146804,0.3701538,0.24723,0.365855,0.1693208,0.02373653,0.01631977,0.01722227,0.01948649,0.02154419,0.0249792,0.02849884,0.0320106,0.03761668,0.04356276,0.05006597,0.05647672,0.06312189,0.07077345,0.0788463,0.08673087,0.09468763,0.1022198,0.1099164,0.1179674,0.1242036,0.1305438,0.1373027,0.144076,0.1484051,0.1571802,0.1618677,0.167584,0.1717657,0.1777145,0.1813781,0.1862158,0.1910427,0.1961244,0.2021232,0.2070146,0.2096522,0.2132881,0.2148199,0.2118861,0.2067795,0.2058704,0.2029206,0.1980194,0.1988298,0.19906,0.2024304,0.2098556,0.2172881,0.2291672,0.2411726,0.2551367,0.2698675,0.2873207,0.3012795,0.3196858,0.3375601,0.354513,0.3740898,0.3879028,0.4292797,0.5894983,0.6537184,0.9272979
429.781,0.007526821,0.01432909,0.007081144,0.009249621,0.007531406,0.0108899,0.008810159,0.01306724,0.00913875,0.005446645,0.006143903,0.003245743,0.002583978,0.003525561,0.003664168,0.003820753,0.00310817,7.361114e-4,-1.661738e-4,5.669174e-4,0.002382833,0.001945564,4.603124e-4,0.001663319,1.802091e-4,0.00109152,0.001372365,5.544572e-4,8.986603e-4,0.001309309,0.002682665,0.002019459,0.0028693,0.00414877,0.003266302,0.00211143,0.004532726,0.004600064,0.004677356,0.00443702,0.003238282,0.003483028,0.00376482,0.003788201,0.00311879,0.001117537,0.003557573,0.004654932,0.002186858,0.003009976,0.002711289,0.00136707,7.215458e-4,0.002639515,0.003558631,0.001213221,0.002810604,0.003047358,4.760259e-4,0.003608313,0.002538413,0.003078643,0.001916884,0.002241507,0.002840709,0.001207333,0.001120442,0.001806986,0.00119662,0.00124864,0.001702162,0.001724505,0.002078682,0.001195592,0.001442786,0.001451448,0.001291718,0.001982243,0.001395094,0.001190435,7.64483e-4,0.001880972,9.284268e-4,9.032322e-4,0.001554614,9.894928e-4,9.096278e-4,7.565026e-4,9.700368e-4,0.001134802,8.486386e-4,8.970858e-4,5.190761e-4,3.944835e-4,9.127576e-4,1.564199e-4,5.261113e-4,4.13131e-4,5.594011e-4,9.178516e-4,3.334494e-4,5.864489e-4,5.67149e-4,2.764243e-4,5.8286e-4,5.476324e-4,8.506338e-4,6.162425e-4,3.688535e-4,8.324275e-4,4.97966e-4,0.00108563,0.001708128,0.002827804,0.004532253,0.005789909,0.006729007,0.00856731,0.01008438,0.01295966,0.0140305,0.0721237,0.3759206,0.27269,0.3405704,0.2371582,0.03673328,0.01569133,0.01771019,0.01839108,0.02036645,0.0235678,0.02701904,0.03164992,0.03577786,0.04024219,0.0466104,0.05303038,0.06000521,0.06720363,0.07318558,0.08093218,0.0896587,0.09741467,0.1045137,0.1116575,0.1200081,0.1273785,0.1318341,0.1401604,0.1452597,0.1512102,0.1565364,0.1638441,0.1675084,0.1728492,0.176052,0.1811809,0.1843888,0.1908278,0.1957426,0.2029636,0.2058184,0.2092965,0.2107524,0.2101062,0.2085905,0.2060497,0.202712,0.204049,0.1989551,0.2001596,0.1975251,0.2050457,0.2089899,0.2185627,0.2311117,0.243537,0.2583444,0.272956,0.2906349,0.3067609,0.3243828,0.3414423,0.3643898,0.3821382,0.4146796,0.4761421,0.5378981,0.9645254,1.703998
432.088,0.002500197,0.003228137,-0.001807402,-8.626074e-4,-0.003733713,-0.003793069,-0.002219258,-0.00330523,0.001263412,-8.878662e-4,3.219909e-4,-1.090409e-4,-0.001689153,3.32008e-4,-3.329008e-4,-0.00121529,-1.023575e-4,-0.001121861,-7.634738e-4,-3.113859e-5,-4.458512e-4,1.195314e-4,6.838226e-4,3.408851e-4,-1.906136e-4,-3.115971e-4,1.798983e-4,-3.624155e-4,-2.923398e-4,-5.512187e-4,-1.004158e-4,3.142884e-4,-0.00136164,7.887812e-4,-0.003211656,0.001452465,-7.859575e-4,-0.001122363,4.548336e-4,-4.801264e-5,-0.002038933,-0.001748521,-0.001404172,-9.440913e-4,1.815244e-4,-1.089746e-4,-3.386708e-4,-0.001437988,-0.001390206,3.262637e-4,-0.002196594,0.001153569,1.474717e-4,-9.958676e-4,-1.592876e-4,5.653736e-5,-0.001218913,-7.888605e-4,8.317301e-5,4.560344e-4,-0.001158981,-2.778724e-4,-6.247434e-4,-4.857738e-4,-1.387941e-4,-6.216816e-4,7.526793e-4,3.56652e-5,-3.645673e-4,6.199759e-4,4.332989e-4,8.956588e-5,2.193216e-4,-7.515546e-5,8.110756e-5,-0.001512955,2.523442e-4,5.562559e-4,3.675902e-4,-3.775476e-4,5.776274e-4,-3.747772e-5,-4.798271e-4,-3.033428e-4,3.403737e-4,-4.022885e-4,-2.588973e-4,4.061499e-4,1.614911e-4,1.306583e-4,-1.458963e-5,-5.80434e-4,6.395731e-5,3.437637e-4,-1.174817e-5,-4.077677e-5,-2.641914e-4,2.061675e-4,7.714963e-5,-1.975686e-4,1.503592e-4,8.789216e-5,8.056219e-5,2.258173e-4,-9.047914e-5,7.064288e-5,1.849435e-4,8.846518e-5,1.273527e-4,2.173182e-4,8.75169e-4,0.001143855,0.002189114,0.003667935,0.00462361,0.005580996,0.006890689,0.008084842,0.00997858,0.01345034,0.03914559,0.2909663,0.3086819,0.3215732,0.2862044,0.05719794,0.01556123,0.01543554,0.01708456,0.01881409,0.02112984,0.02451788,0.02838177,0.03320195,0.03790938,0.04269162,0.04972276,0.05536987,0.06326862,0.07011824,0.07709197,0.085328,0.09290233,0.09974428,0.1076562,0.1151413,0.1224862,0.1285023,0.1350382,0.1403601,0.1468692,0.1519964,0.1587999,0.163844,0.1691723,0.173501,0.175736,0.1804667,0.1844854,0.1897325,0.1953477,0.2017777,0.2040094,0.2078929,0.2092875,0.2077139,0.2072148,0.204875,0.2019581,0.1997852,0.1965684,0.199858,0.2008611,0.2040254,0.2090912,0.2180714,0.2310441,0.2438395,0.260218,0.2760694,0.2894236,0.3069567,0.3199958,0.3429388,0.3531869,0.3612731,0.3796084,0.3856804,0.4070595,0.5085188,0.9633129
434.396,0.004911223,0.006595542,0.006001193,0.008213862,0.008165697,0.007437937,0.006671623,0.005484431,0.005713459,0.007902534,0.006261632,0.002391349,0.003827194,0.004701661,0.005189017,0.007241996,0.002821347,0.001799105,0.002551793,0.002214555,0.002683185,9.730639e-4,0.001594824,0.001702809,0.001138549,9.469772e-4,0.002182977,0.002468601,0.002437551,0.002346671,0.002001504,0.005367075,0.004369203,0.003975501,0.001949713,0.0040259,0.003248936,6.342051e-4,0.003764118,0.001478554,0.004563074,0.004102353,0.002043785,0.002610292,0.002948826,0.002721691,0.004105592,0.003288251,0.00178891,0.002950455,0.002604365,0.003941954,0.002557133,0.002308176,0.00213606,0.003720086,0.001567154,0.003471986,0.001752862,0.003333137,0.002193634,0.002199109,0.002823341,-1.59577e-5,0.002358479,0.001234597,0.001241799,0.001578723,0.002376258,0.001957641,0.002132633,0.001972427,0.001905834,0.002085261,8.098494e-4,2.115558e-4,0.001727526,0.001568101,1.825047e-4,0.001011037,6.892556e-4,9.532722e-4,0.001278724,0.001258912,0.001063264,0.001521597,9.633589e-4,5.901154e-4,7.881426e-4,0.001425215,0.001066481,4.135899e-4,8.524908e-4,5.84688e-4,9.90195e-4,5.996794e-4,8.683592e-4,8.474417e-4,7.654459e-4,4.877415e-4,8.213087e-4,4.066609e-4,9.336887e-4,6.690737e-4,6.268642e-4,5.874547e-4,4.309056e-4,6.88415e-4,8.31005e-4,9.217717e-4,0.001410802,0.002057834,0.003418839,0.004604327,0.005356982,0.006207697,0.007444107,0.008962987,0.010858,0.02624727,0.2048119,0.3379537,0.3077254,0.4068284,0.07824838,0.01739893,0.01590295,0.01659658,0.01864194,0.02054929,0.02402497,0.02754896,0.03164056,0.036136,0.04139696,0.0463277,0.05409515,0.05978309,0.06637347,0.0735917,0.08156041,0.08871473,0.09715346,0.1046404,0.1114188,0.1188711,0.1254888,0.1315572,0.1375723,0.1431109,0.1498944,0.1549032,0.1604875,0.1668958,0.1711781,0.1752531,0.1786822,0.1814341,0.1866742,0.190541,0.1951395,0.201987,0.2059254,0.2076021,0.2105321,0.2091244,0.2084575,0.2063061,0.2014592,0.2003061,0.2011967,0.2006468,0.2025608,0.2075811,0.2123718,0.2229832,0.2331683,0.2500673,0.2638364,0.2771602,0.296585,0.3152992,0.3305145,0.3540582,0.3661807,0.3993849,0.4077314,0.4741751,0.5726035,0.8185578,0.631124
436.705,0.00115956,0.001136661,-0.001914476,4.531361e-5,0.003746952,5.375415e-4,0.001827807,-3.191606e-4,0.004325698,0.001337224,0.001045024,7.204623e-4,3.862726e-4,-5.126718e-4,7.323864e-5,7.731105e-4,0.001074068,0.001992542,1.986282e-4,0.002801079,5.649388e-4,9.367864e-4,1.539513e-4,1.95568e-4,-9.042356e-5,4.475732e-4,3.659084e-5,-3.006482e-4,1.316211e-4,2.703085e-4,5.095214e-4,0.001310094,0.003528182,6.460773e-4,0.002701413,-8.615245e-4,-3.963999e-4,0.001556426,-0.00138529,-4.208675e-4,9.822876e-4,0.002587915,7.505434e-6,-9.417949e-5,-3.351656e-4,0.003069946,0.002556997,-4.266525e-4,0.001247343,-0.001300887,0.001518715,3.911595e-4,-8.746873e-4,0.001072596,0.001468884,7.902572e-4,5.574619e-4,7.620128e-4,2.09174e-4,-4.30678e-4,2.284012e-4,0.001514129,-2.213536e-4,-5.022307e-4,8.246362e-4,5.739587e-4,5.643537e-4,7.922446e-4,-5.06733e-4,-2.227121e-4,-6.800107e-4,-4.286969e-5,7.390516e-4,4.587038e-4,3.689879e-5,7.843552e-4,4.500703e-4,3.216377e-4,-8.092868e-5,4.569217e-4,4.66748e-4,-3.973276e-4,4.45771e-4,6.121045e-4,3.862395e-4,8.301378e-4,3.611041e-4,3.022497e-4,7.287055e-4,4.47906e-4,-5.143601e-5,-2.338536e-4,8.827265e-4,2.027201e-4,4.753284e-5,-1.565785e-4,3.061914e-4,8.194908e-5,3.724298e-4,4.273848e-4,6.631551e-6,3.018315e-4,3.818497e-4,8.204574e-5,2.677127e-4,5.505161e-5,1.414656e-4,6.126805e-4,8.482802e-4,0.001013816,0.001463226,0.002903685,0.004076738,0.004799118,0.005500682,0.00645534,0.00782047,0.008821862,0.01518043,0.1260359,0.3817406,0.2935844,0.4279669,0.1347178,0.01988293,0.01489881,0.01611591,0.01766724,0.01959941,0.02251353,0.02491636,0.02954641,0.03423893,0.03886399,0.04387105,0.049214720000000003,0.05628557,0.06275566,0.07063081,0.07637718,0.08521882,0.0924022,0.1008242,0.1064223,0.1147919,0.1203799,0.1273165,0.1338219,0.1400132,0.1449478,0.1505805,0.1567634,0.1606052,0.1665578,0.1700758,0.1744612,0.178516,0.181383,0.1849658,0.1884035,0.1947985,0.1979204,0.2036608,0.2033994,0.2076081,0.2046763,0.2064612,0.2034014,0.1999133,0.2004615,0.1966005,0.1997369,0.2025831,0.2046306,0.212171,0.2277661,0.2369875,0.2491492,0.2622807,0.2791112,0.2948156,0.3063706,0.3323781,0.3386609,0.3665377,0.3820005,0.3996429,0.4287074,0.4569621,0.49879829999999997,0.4703365
439.015,-0.001311488,0.0021099,-0.00678625,-0.006932683,-0.002951903,-0.002278969,-0.001805115,-3.302608e-4,-0.002727746,-0.00330566,-0.00405371,-0.001483965,-9.15637e-4,-0.001416733,9.937315e-6,-0.001694603,-0.001701013,-4.347078e-4,1.56665e-4,-0.001809038,-8.448415e-4,-8.029796e-4,4.522331e-4,-5.003715e-4,-7.201886e-4,-2.811585e-4,-6.246733e-4,-9.682667e-4,-5.16759e-4,-2.432721e-4,-0.002983286,-0.001580771,-0.003971596,-0.002072161,-0.001844137,-0.00245124,-1.818365e-4,3.064162e-4,-0.002021563,-0.002118753,-4.002175e-5,-0.00270344,-0.001951503,-0.001155436,-0.001480736,-8.938559e-4,3.556475e-4,-0.001963537,-0.001683397,-0.001187297,-0.001439957,-0.001918804,-5.413792e-4,6.950212e-4,-0.001240088,-0.001870894,-0.002331446,-6.164541e-5,-9.788772e-4,-0.001090853,-0.002186923,-0.001119687,-2.437389e-4,-0.001007223,-6.841068e-4,-0.001071155,-8.536886e-4,3.984926e-5,-0.001342048,-6.849931e-5,-1.499647e-4,-0.001727621,-4.647246e-4,-7.952761e-4,-2.941055e-4,-0.001236508,-8.872141e-4,-1.465886e-4,-9.039683e-4,-3.67858e-4,-8.166999e-4,-1.61192e-4,1.514203e-4,-5.386715e-5,-2.212346e-4,-1.574025e-4,-3.24027e-4,-4.459889e-4,-3.99547e-4,-4.620515e-4,-8.714408e-4,4.223787e-4,-1.424696e-4,1.691962e-4,-3.613026e-4,-3.472854e-4,7.408351e-5,1.71614e-5,-3.813224e-4,-1.439651e-4,-1.499598e-4,1.4223e-4,-1.720701e-4,1.180205e-4,-1.052316e-4,-7.594044e-5,1.549338e-4,4.316812e-4,8.148063e-4,0.001543488,0.002358457,0.00333688,0.003998934,0.004954427,0.005575444,0.007311992,0.007550608,0.01023606,0.06945985,0.3947668,0.2883178,0.3841608,0.2144053,0.03039801,0.01431228,0.01512241,0.01680008,0.01889514,0.02112422,0.02384663,0.02730613,0.03208756,0.03687065,0.04195108,0.04725028,0.05225454,0.05800833,0.06543986,0.07208363,0.08035174,0.08673397,0.09382736,0.1013601,0.1089594,0.1154018,0.1233507,0.1296822,0.1345305,0.1401731,0.1457463,0.1520849,0.1557634,0.162237,0.1667971,0.1706474,0.1747479,0.1776845,0.1796145,0.1846992,0.1873338,0.1923865,0.1985895,0.2009208,0.2031392,0.2045764,0.2045405,0.203482,0.1998256,0.2006069,0.1967232,0.1984093,0.2008049,0.2016528,0.2063807,0.2160911,0.2268751,0.2384479,0.2510606,0.2683988,0.2786106,0.2940144,0.3108187,0.3219801,0.3417927,0.3582939,0.3766155,0.3612876,0.4217123,0.4352862,0.3955378,0.5500842
441.325,0.002387113,4.775621e-4,6.722447e-4,0.001680252,-4.311838e-4,0.005441002,0.003219637,0.001902603,6.935984e-4,0.002435495,4.660248e-5,6.024643e-4,-0.001862295,-5.554019e-4,-0.001310892,2.294175e-4,-2.315381e-4,0.00143285,-0.001443905,6.2597e-5,5.693081e-4,-5.643426e-4,-9.590677e-5,9.345231e-4,2.363422e-4,-1.728613e-4,-5.922392e-4,-5.22156e-4,-1.278241e-4,9.816727e-4,0.001128388,-4.61189e-4,-0.002421747,0.00181799599999999,-9.707353e-5,-3.664084e-4,0.002666419,-0.002098424,-2.708635e-4,6.723004e-4,0.001044628,-5.076099e-4,4.26378e-4,-2.391684e-4,6.825847e-4,-0.002034189,0.001130067,5.748634e-4,-6.584066e-4,0.001053834,-0.001277577,2.713813e-4,2.993134e-4,3.073749e-4,-6.933575e-4,0.001541183,8.444396e-5,-0.001694451,2.176413e-4,3.14219e-5,5.338961e-4,6.256383e-4,3.299086e-5,3.029415e-4,-4.790365e-4,0.001058867,-1.365751e-4,-6.97407e-4,5.520006e-4,-8.957082e-4,-1.816992e-5,1.571837e-4,2.837868e-5,6.756887e-5,-5.40884e-4,-1.545965e-4,7.231879e-4,2.368647e-4,-1.084788e-4,-1.35073e-4,1.586549e-5,6.290009e-4,3.259413e-4,-1.150447e-5,4.686156e-4,-3.976385e-4,1.420837e-4,-3.52353e-5,7.685016e-5,3.903235e-4,4.153081e-4,3.01302e-4,2.858692e-4,1.914443e-4,1.674974e-4,2.017117e-4,5.716674e-4,-4.21827e-5,-1.581892e-4,4.606411e-4,1.670899e-4,-1.069899e-5,5.217209e-5,4.714979e-4,6.347393e-4,1.005823e-4,2.742751e-4,0.001031374,0.001174852,0.002290044,0.003190755,0.00416363,0.004611424,0.005344596,0.006590031,0.007426422,0.008977349,0.03650636,0.2621783,0.2882911,0.3393152,0.309656,0.05083111,0.01548208,0.01530281,0.01631619,0.01875911,0.02033673,0.02302378,0.02638367,0.03020467,0.03480997,0.04004629,0.04402164,0.05005213,0.05591956,0.06189646,0.06838495,0.07586483,0.08337149,0.08947783,0.09618288,0.1035744,0.1109967,0.1175243,0.1252028,0.1301497,0.1369035,0.1422724,0.1472361,0.1520325,0.1566524,0.1608645,0.1664499,0.1707839,0.1727969,0.1760803,0.1812235,0.1841231,0.1855621,0.1919282,0.194503,0.1989236,0.2003099,0.2038164,0.2030976,0.2019891,0.1995666,0.1982627,0.1973954,0.1977115,0.1987968,0.2003803,0.206252,0.2155959,0.2262786,0.2395691,0.2540726,0.2653737,0.2805098,0.3000074,0.3133098,0.3301472,0.3413497,0.3561646,0.373115,0.393427,0.4568078,0.4017161,0.4991769,1.112432
443.636,0.009517408,0.002671426,6.737048e-4,8.446521e-4,0.002835794,0.001705848,0.006638231,0.003841566,0.002276276,0.002828869,6.895042e-5,-1.597349e-4,0.001449558,0.001836626,0.001526737,5.549457e-4,-1.758425e-4,0.001077263,1.749307e-4,0.001368696,-8.42095e-4,0.001209618,7.935839e-4,2.911977e-4,5.264845e-4,4.087422e-4,3.114818e-4,0.001152171,-3.238481e-4,0.001158702,9.062421e-4,0.003185016,0.002885859,0.003576616,1.065084e-4,0.002305104,0.002318065,-7.418855e-4,-2.587631e-4,4.948513e-4,-1.381191e-4,-1.262556e-4,0.002572824,-0.001269527,0.001607986,0.002806274,0.001863682,3.968701e-5,0.001399783,-5.195559e-4,-2.606315e-4,-4.464451e-5,5.882798e-4,-7.911837e-4,3.106094e-4,0.001802059,2.454842e-4,0.001887275,7.085058e-4,6.532185e-4,6.029236e-4,-1.399767e-5,-5.850215e-5,5.122675e-4,3.393729e-4,0.001672551,-9.084455e-5,8.19536e-4,0.001114089,1.026581e-5,5.381159e-4,4.311368e-4,0.001146921,7.990953e-4,3.281447e-4,7.352028e-4,5.927624e-5,0.00178447,0.001006667,6.458875e-4,7.236312e-4,4.442925e-4,9.116255e-4,-5.629702e-4,-1.377861e-4,2.118671e-4,-9.138507e-5,5.552481e-4,1.504229e-4,6.185436e-4,-3.828383e-4,4.249973e-4,2.879327e-4,6.993864e-4,2.652891e-4,2.172701e-4,3.004596e-4,4.338497e-4,1.319824e-4,2.327696e-4,1.929561e-4,4.379046e-4,3.289596e-4,1.633436e-4,4.084706e-4,5.231484e-4,5.509748e-4,0.001026902,0.001943545,0.003129516,0.003908409,0.004267534,0.005241111,0.005860861,0.007002823,0.007895745,0.02158079,0.1631051,0.277086,0.2974301,0.4685098,0.08249854,0.01656451,0.01485129,0.01592751,0.01783818,0.01962903,0.02219496,0.02532809,0.0293155,0.03365584,0.03742665,0.04214063,0.0480519,0.05385086,0.05882717,0.06462234,0.07260138,0.07866355,0.08614655,0.09235744,0.09880127,0.1056776,0.1138713,0.1193835,0.1262488,0.1321953,0.1364187,0.1414028,0.1467631,0.1518596,0.1582987,0.1621317,0.1660994,0.16845859999999999,0.1716149,0.1758707,0.1781706,0.1816867,0.1841697,0.1890078,0.1922075,0.194888,0.2003784,0.1991582,0.2003592,0.1993347,0.1981071,0.1964548,0.1933054,0.1933918,0.196998,0.2002186,0.2085889,0.2133844,0.22299,0.2398474,0.2521904,0.2687822,0.2841814,0.2985489,0.3153879,0.3296043,0.3470476,0.3622792,0.3805848,0.3976002,0.404573,0.498684,0.7659254,0.5816736
445.948,0.005858937,0.002242005,-0.001204881,0.005983327,3.629146e-4,0.002084937,0.006466958,0.002643976,0.00386913,0.003495975,0.001895811,4.329219e-4,0.002813804,0.003294271,0.001254238,0.001866695,0.002004104,0.001764163,9.596678e-4,9.553626e-4,7.005098e-4,6.953572e-4,-2.143279e-4,5.945174e-4,8.031858e-4,5.980335e-4,0.001095343,7.969813e-4,0.001686461,0.001587096,4.385006e-4,0.003708203,0.001253087,0.003570985,4.534362e-4,0.002837167,0.001046905,0.002093605,0.001117156,0.00104243,1.828915e-4,0.003401363,0.001525607,0.00256736,0.00260966,0.002469417,0.001024946,8.50267e-4,0.001094974,2.793243e-4,-5.865499e-4,0.002000977,8.520546e-4,2.353406e-4,-1.940755e-4,0.001380362,0.001213241,9.213216e-4,0.001049357,-5.98073e-4,0.001369141,3.044454e-4,8.152914e-5,0.002019331,3.071697e-4,0.001151938,1.91202e-4,-3.989648e-4,6.109916e-4,4.400534e-4,5.011881e-5,7.78001e-4,4.890975e-4,0.001101187,-3.289066e-7,0.001293149,0.001010046,3.82891e-4,7.644719e-4,9.103638e-4,8.516444e-4,5.432675e-4,1.643913e-4,4.829473e-4,2.269316e-4,3.619184e-4,3.426622e-4,4.645134e-4,6.989315e-4,7.927996e-5,3.873883e-4,3.797734e-4,2.418307e-4,-1.037723e-4,2.917803e-4,4.794499e-4,8.383907e-4,8.161305e-4,4.165026e-4,2.754049e-4,4.74754e-4,4.787416e-4,4.810799e-4,2.945476e-4,3.28418e-4,3.930058e-4,9.768078e-4,0.001923099,0.002926768,0.00350363,0.004359636,0.004623765,0.0056869,0.006411032,0.007730635,0.01405856,0.1138089,0.2509765,0.2466975,0.4158511,0.156661,0.0203542,0.01547227,0.01560069,0.01725503,0.01892742,0.02145152,0.02463373,0.02812264,0.03127169,0.03550935,0.03923908,0.0453382,0.05018648,0.05548538,0.0609328,0.06615424,0.07328389,0.0801776,0.08855044,0.09472033,0.1023158,0.1087093,0.1144968,0.1206537,0.1270293,0.132507,0.1373158,0.1420382,0.1468394,0.152164,0.1560591,0.1602349,0.1652011,0.1682297,0.1707005,0.173949,0.1770535,0.1788938,0.1816331,0.1852667,0.1906555,0.1931604,0.1964136,0.1950951,0.1969581,0.1966834,0.1937587,0.1916898,0.1927383,0.1919509,0.1959879,0.2000908,0.2060136,0.2154602,0.224906,0.2391683,0.2522172,0.2702644,0.284743,0.2987593,0.3134733,0.3311346,0.3446118,0.3652531,0.3810403,0.4241095,0.4508184,0.5659101,0.6489644,1.892421
448.26,0.001989549,-0.003741201,-8.036471e-4,-7.774997e-4,0.00107628,-0.00518606,-0.00308402,-0.001469781,-0.004592919,-0.002399164,-0.001699788,3.211476e-4,-0.001177214,0.001683703,-0.002231259,-0.001854214,-9.481047e-4,0.001714153,3.487834e-4,-0.001114796,-3.526616e-4,-0.001124704,-5.963154e-4,-2.936753e-4,-5.325271e-4,-0.001985202,-6.806589e-4,-2.003174e-4,-8.950547e-4,-0.001072188,3.990177e-4,-0.00155426,-0.004061702,-0.002061858,-1.107474e-4,-0.0010179640000000001,-9.923596e-4,-0.001032367,-0.002941488,-0.001084613,-3.50799e-4,6.241859e-4,-0.002611135,-0.00200582,-0.001314802,-0.002708253,-0.00201767,-5.04184e-5,-9.280125e-5,-0.001521691,-8.489385e-4,2.707329e-5,-8.220598e-5,-7.984782e-4,5.820793e-4,-1.348836e-6,-0.001025736,4.260943e-5,-9.425266e-4,-0.001551586,-4.015068e-4,1.445668e-4,-4.333113e-4,-6.616481e-5,-0.001533426,6.701714e-4,-6.630845e-4,5.397269e-4,-6.09336e-4,-5.643594e-4,-0.001022128,-1.079905e-4,-0.001042643,-5.315913e-4,-8.984381e-4,-6.169975e-4,-5.062341e-4,-4.766607e-4,-5.939205e-4,0.001234863,7.170113e-4,3.040302e-4,-4.091979e-4,2.107963e-4,-6.845105e-4,-3.274761e-4,-4.542525e-5,-9.84976e-4,-3.023362e-4,2.661656e-4,-5.256455e-4,-3.818254e-4,7.46827e-4,-3.505995e-4,5.14054e-4,-3.2186e-4,1.986549e-4,3.819095e-6,-5.0942e-4,-2.201387e-4,-1.705824e-4,-2.568972e-4,2.729935e-5,3.287479e-4,3.012993e-4,5.899198e-4,0.001183575,0.00210798,0.003317889,0.003978515,0.004152652,0.004910617,0.005713171,0.00650181,0.009911905,0.07217996,0.2421556,0.1783932,0.3333371,0.1948231,0.03066862,0.01449957,0.01497307,0.01659479,0.01801525,0.02038477,0.02283262,0.025806430000000002,0.0291118,0.03303638,0.03726409,0.04222673,0.04680043,0.05245226,0.05715961,0.06236748,0.0687841,0.07536037,0.08271125,0.08860749,0.09577394,0.1014248,0.1085201,0.1147966,0.1211993,0.1269605,0.1320064,0.1358555,0.1408058,0.1461358,0.1515909,0.1550413,0.1587316,0.1628818,0.1671167,0.1684074,0.1707851,0.1726088,0.17595,0.1785377,0.1820128,0.1852167,0.1874036,0.1915574,0.1931037,0.1910746,0.1909981,0.191525,0.1912701,0.190039,0.1898506,0.1940695,0.1975795,0.2044485,0.2111374,0.2248669,0.2379328,0.2489693,0.2653339,0.276495,0.2955165,0.3083734,0.3237008,0.3319025,0.354832,0.3538296,0.3895875,0.4036388,0.3707076,0.4067368,0.894107
450.573,0.002739039,-1.53253e-4,-0.006217935,-0.00254118,-2.152411e-4,-7.855488e-4,-9.622459e-4,-0.001137382,0.0022395,0.004786276,0.003206294,0.001424487,2.761084e-4,0.001989805,0.002889249,5.001599e-4,-3.121019e-4,5.314891e-4,4.797025e-4,0.002173226,-1.603751e-4,3.213845e-4,-8.801911e-4,9.968601e-4,3.269384e-4,6.061368e-5,-8.865167e-4,8.780212e-4,-5.501373e-5,6.832282e-4,-7.45627e-4,-0.001841439,8.030936e-4,9.380711e-4,-6.056112e-4,-0.002543766,-0.001676307,0.001641994,-1.85363e-4,4.322277e-6,4.960356e-4,0.00294182,-6.335574e-4,-8.54105e-4,-0.001314351,-0.001020961,0.001394958,3.232763e-4,-1.979439e-4,-6.379419e-4,-7.518655e-4,-4.317379e-4,2.24006e-4,-4.932589e-4,-8.426736e-4,-4.907756e-4,0.001309858,0.001241092,3.728276e-4,0.001140952,0.001074349,5.163959e-4,4.651975e-4,8.077027e-4,4.998533e-4,7.288783e-4,3.831763e-4,-2.671786e-4,-1.481766e-4,-3.376026e-4,4.639228e-4,6.965047e-4,0.001484306,-2.352273e-4,-2.609299e-4,-2.531397e-4,-9.489474e-5,-2.7294e-4,7.386275e-4,3.198001e-4,7.13683e-4,6.012546e-4,8.776299e-4,-1.761467e-4,5.546169e-4,-5.220999e-5,2.505424e-5,1.302893e-4,-4.860706e-4,3.107821e-4,3.017654e-4,7.728535e-4,2.014307e-4,-1.651478e-4,1.350984e-4,1.726383e-4,2.98254e-4,4.154462e-4,1.451298e-4,3.531823e-4,2.786517e-4,7.286938e-5,3.658077e-4,4.386604e-4,3.246409e-4,9.541425e-4,0.001985563,0.00296181,0.003548074,0.004301305,0.004851668,0.005343273,0.006435807,0.007859017,0.04385401,0.2418584,0.1578253,0.2365332,0.2300083,0.04384645,0.014416,0.01446673,0.01536809,0.0176027,0.01992483,0.02180306,0.02542425,0.02822665,0.03239024,0.03666341,0.04004596,0.04398844,0.04886116,0.05407987,0.06008295,0.06487525,0.07182026,0.0778232,0.08412759,0.09030565,0.09675587,0.1029354,0.1093954,0.1157463,0.1218856,0.1271573,0.1318047,0.1370581,0.1410823,0.1449983,0.1484732,0.1535955,0.1568757,0.1614634,0.1643977,0.1662431,0.1687424,0.1680493,0.1733946,0.1769325,0.1793096,0.1821197,0.184496,0.1880525,0.1893674,0.189397,0.188787,0.1890738,0.1861507,0.1879323,0.1882969,0.191168,0.1943474,0.2020631,0.2126273,0.2254184,0.2392522,0.2490723,0.2643192,0.2775134,0.2968284,0.3061174,0.3244815,0.3325801,0.3466195,0.375395,0.3805646,0.3749986,0.508697,0.5223683,1.572873
452.887,0.00613075,-0.003802816,-1.850198e-4,0.001800349,0.006162885,0.004183335,0.006049028,3.867538e-4,0.006366873,9.20239e-4,0.002440101,9.421288e-4,0.001148585,0.003893979,0.002487888,2.776731e-4,0.002284987,0.002977148,9.817727e-4,0.001447492,0.001379259,9.274321e-4,0.001148228,8.07292e-4,4.432105e-4,8.68578e-4,-5.542932e-4,0.001336764,4.499813e-4,0.002110888,0.002117896,0.00174499,0.001307332,0.007370225,0.004075191,0.002012427,0.002202157,0.001511552,0.002373478,0.001929764,7.957257e-4,0.00160839,0.002649124,-5.04896e-4,0.002390651,0.002143391,0.003471377,0.002773423,0.002793264,0.003376912,-5.113491e-5,8.851624e-4,0.001637461,0.001448026,0.001817014,0.001042255,9.486349e-4,-5.92971e-4,0.001582043,8.912335e-4,0.001554672,7.894447e-4,-6.226632e-4,7.172152e-4,0.001168661,4.121293e-4,0.001232341,0.001531706,5.717259e-4,0.001133058,-4.288011e-5,0.00183483,3.665432e-4,-3.849868e-4,9.812672e-4,1.018527e-4,0.001294285,7.465691e-4,-4.026203e-5,5.95265e-4,5.398717e-4,0.001222779,9.286276e-4,6.049174e-4,6.971757e-4,8.120623e-4,4.671575e-4,6.612921e-4,1.012148e-4,7.716171e-4,5.300226e-4,3.713646e-4,6.612982e-4,9.075595e-4,2.078823e-4,7.061457e-4,2.584775e-4,3.143124e-4,6.179634e-4,7.146251e-4,4.887179e-4,4.623971e-4,5.870694e-4,6.938095e-4,0.001254076,0.001896497,0.002846322,0.003640781,0.004292599,0.00457664,0.005633838,0.005808559,0.007296607,0.02754356,0.1763724,0.1613947,0.1920927,0.2706339,0.06022173,0.01540821,0.01429703,0.01513028,0.01725558,0.01829091,0.02144779,0.02393745,0.02776827,0.03059558,0.03457393,0.03892461,0.04218081,0.04704877,0.05273431,0.05655702,0.06161443,0.06758569,0.07391762,0.07903691,0.08572974,0.0920621,0.09983559,0.1046698,0.1098521,0.116545,0.122186,0.1267368,0.1323415,0.135841,0.1404373,0.1437638,0.1483166,0.1527612,0.1563988,0.158931,0.1619829,0.1645761,0.1648178,0.1684548,0.1707379,0.1728748,0.1757621,0.1800371,0.1824709,0.1837507,0.1850168,0.1847292,0.1855756,0.1867638,0.1850477,0.1858097,0.1873961,0.188851,0.1949409,0.2030296,0.2115587,0.2226232,0.2342249,0.2512075,0.2651498,0.2768808,0.2988742,0.3070456,0.3185478,0.3314024,0.3453708,0.3757474,0.3922679,0.4554654,0.4842515,0.7431635,1.938808
455.202,-0.00344099,-0.006911412,-0.002619969,-0.002735683,-0.007927645,-0.004953656,-0.00938181,-0.006212269,-0.004227638,-0.004967025,-0.002824713,-0.002963223,-8.446648e-5,2.977315e-4,-0.002311407,-0.001056117,-0.002505077,-0.00239264,-0.002912634,-0.001641958,-0.001032679,-6.369277e-4,-5.37365e-4,-0.001560093,-4.053488e-4,-5.872434e-4,-7.123341e-4,-4.412672e-4,-0.001157537,-0.00170482,-8.254132e-4,-0.001582749,-0.003691523,-0.001428918,-0.003695185,-0.004230404,-0.004202847,-9.371187e-4,-0.003172204,-0.001536947,-0.004605989,-0.00385548,-0.003289134,-0.002905223,-0.002661946,-0.002015925,-0.003733007,-0.002649539,-9.503985e-4,-0.002933365,-0.001793969,-0.001403088,-0.001187892,-0.001388502,-0.002066121,-0.002501538,-7.742166e-4,-0.001560235,-0.002258083,-0.001869935,-0.001872339,-0.00162609,-0.001544486,-9.91276e-4,-0.001183385,-0.001166895,-0.00150204,-0.001262586,-0.001279526,-7.720062e-4,-0.001534787,-0.001174308,-9.588864e-4,-8.184024e-4,-0.001511159,-0.0010292,-6.996381e-4,-7.157148e-4,-0.00156646,-9.142155e-4,-7.379855e-4,-4.442318e-4,-5.181803e-4,-5.546149e-4,-7.16535e-4,-9.166827e-4,-6.072735e-4,-9.768673e-4,-6.457962e-4,-5.50041e-4,-0.001145185,-9.341569e-4,-0.001000519,-2.353063e-4,-3.383523e-4,-4.174626e-4,-4.259866e-4,-6.079906e-4,2.583318e-4,-3.907039e-4,-4.862733e-4,-3.86768e-4,-3.105681e-4,1.242592e-4,8.557473e-4,0.002091937,0.003019898,0.00333008,0.004327793,0.004709128,0.005501562,0.005824296,0.01693648,0.1277644,0.1555833,0.1587692,0.2975721,0.07757461,0.01557796,0.01297995,0.01455084,0.01532271,0.01749936,0.01947983999999999,0.02249981,0.02547437,0.02853754,0.03227783,0.03599893,0.04013694,0.04375868,0.04902358,0.05468049,0.05794557999999999,0.06278093,0.06937336,0.07515615,0.08075233,0.08706783,0.09303224,0.1019167,0.1047273,0.1108808,0.1161103,0.1221665,0.1257295,0.13007,0.1347221,0.1390955,0.1439829,0.145509,0.1508232,0.1536686,0.1577639,0.1580026,0.1610176,0.1630402,0.1647561,0.1668877,0.1698261,0.1721943,0.1750724,0.1776651,0.179422,0.179501,0.1812895,0.1822021,0.179771,0.183073,0.1810512,0.183249,0.1879909,0.1917809,0.1968345,0.2109095,0.2205466,0.234533,0.247262,0.2577226,0.2722082,0.2855606,0.3010476,0.3121721,0.3274851,0.324327,0.3504818,0.3563086,0.3822488,0.4101626,0.2067074,0.3768032
457.517,0.004204511,6.002567e-4,0.004876101,0.002294864,0.001840505,0.006158367,-0.002046651,0.00320642,0.001500651,0.001867242,0.001571709,-0.001655355,9.772235e-4,5.186116e-4,4.518574e-4,0.00196243,4.59107e-4,-8.295236e-4,2.818545e-4,3.967927e-4,0.001382599,3.649137e-4,9.214255e-4,8.860577e-4,2.018105e-4,4.326699e-4,1.731675e-4,3.01548e-4,2.123423e-5,4.142567e-4,9.800284e-4,0.001308305,-6.453878e-4,-7.901782e-4,-0.002339811,0.001895347,0.003619802,0.00249491,0.001247502,-1.916541e-4,8.108694e-4,0.00116893,-9.503877e-4,6.786316e-4,-2.196357e-4,8.602866e-4,-7.148638e-4,0.00148217,0.001341505,-6.065374e-4,5.258077e-4,0.001160595,3.734501e-4,2.507835e-4,5.805647e-4,3.605109e-4,-7.629153e-4,9.474392e-5,-8.673917e-4,-0.001147641,3.352584e-4,9.942803e-4,6.31586e-4,3.943493e-4,6.928283e-4,-0.001368256,9.621197e-4,0.001188294,7.252665e-4,7.185997e-4,3.865074e-4,0.001006283,2.173946e-4,5.644546e-4,0.001317628,1.40087e-4,-2.583759e-4,1.085779e-5,8.280689e-4,3.007657e-4,2.204195e-4,5.625146e-4,7.726713e-4,1.770789e-4,1.430785e-4,-1.727918e-4,3.2914e-5,6.124905e-6,2.270184e-4,-1.913467e-4,2.390671e-4,-7.195425e-5,3.92725e-4,4.90558e-4,-1.87254e-4,1.038701e-4,8.796123e-5,2.72731e-4,-1.262582e-4,5.590528e-4,1.520318e-4,6.901897e-4,7.34634e-4,0.001341006,0.002182857,0.003321516,0.003764325,0.003872142,0.004516558,0.00529358,0.006298913,0.01166805,0.09012456,0.1592423,0.1261361,0.2454358,0.1094577,0.01881788,0.01200176,0.01410328,0.01561911,0.01645949,0.0188623,0.02235366,0.02470554,0.02745423,0.0310228,0.03501763,0.03809575,0.04270688,0.04656377,0.05144733,0.05625078,0.06081339,0.06550108,0.07156613,0.07710113,0.08226253,0.08760763,0.09426551,0.1001194,0.1052799,0.1103632,0.1165874,0.1215569,0.1253732,0.1310856,0.1347724,0.1377053,0.1410008,0.1461485,0.1491585,0.151507,0.1564644,0.1579716,0.1593665,0.1614161,0.1626237,0.1650865,0.1663752,0.1699061,0.1722767,0.1748557,0.178069,0.1759796,0.1797139,0.1789343,0.1783036,0.1785638,0.180985,0.1800087,0.1863847,0.1896427,0.1985805,0.2099443,0.2193661,0.2339688,0.2470977,0.2629243,0.2741127,0.2863017,0.3006313,0.3117212,0.3262814,0.3433066,0.355548,0.3802394,0.3696647,0.4546013,0.5930532,1.477712
459.833,0.008893966,0.00718626,0.002814913,0.005041511,0.003425807,0.005509545,0.004615179,0.006049214,0.004099364,0.005103203,0.003022408,0.002422488,9.219519e-4,2.603652e-5,0.002820191,0.004821889,0.001549087,0.002822457,9.554306e-4,7.179242e-4,0.001180802,9.079764e-4,0.001105577,2.294446e-4,-9.900013e-5,6.588629e-4,0.00105341,0.001287514,6.963275e-5,4.141807e-4,0.002286194,0.002457345,0.003869644,0.006907278,0.001788269,0.002195029,0.001125237,0.002787291,0.001782374,-1.399905e-4,0.001347123,0.004355142,8.202717e-4,0.001010785,-0.001141061,0.001862407,0.001449414,0.001726259,0.002532585,0.00130796,0.002466367,0.001323171,0.001118388,0.002076004,5.348216e-4,0.002218199,0.001705118,7.999501e-4,7.847118e-4,0.001025955,9.397717e-4,0.002403038,0.001679076,0.001104695,4.753344e-4,0.001005147,2.422178e-4,0.001043531,6.925588e-4,0.001662593,0.001066997,5.161388e-4,0.001284784,-2.114661e-4,3.841249e-4,9.05841e-4,8.304557e-4,0.001228425,4.908495e-4,0.001180477,-2.322458e-5,3.182749e-4,1.763566e-5,0.001044821,4.369418e-4,0.001175666,4.51561e-4,0.001015393,0.001802476,4.476946e-4,0.001033976,7.023684e-4,5.00684e-4,2.789127e-4,5.35342e-4,7.780665e-4,7.057021e-4,3.772787e-4,3.99844e-4,5.157561e-4,6.154894e-4,9.663873e-4,0.001247124,0.00233111,0.003300804,0.004020302,0.00430437,0.004603784,0.005593518,0.005991001,0.008752016,0.06354015,0.1680384,0.1054843,0.1956224,0.1469366,0.02549665,0.01139271,0.01236827,0.0147218,0.01626256,0.01825348,0.02070245,0.02352932,0.02624587,0.03030652,0.03342887,0.03675856,0.04094026,0.04467968,0.04895031,0.05348844,0.05803668,0.06283061,0.06839915,0.07350843,0.07961977,0.08465316,0.09026038,0.0951466,0.1007404,0.1067849,0.1120502,0.1174321,0.1220236,0.1260485,0.1304342,0.1340438,0.138056,0.141388,0.1448244,0.147378,0.1508905,0.1519291,0.1542304,0.1570508,0.1586824,0.1603522,0.1608564,0.1634645,0.1672512,0.1695406,0.1724407,0.1737949,0.1749044,0.1765696,0.175821,0.1773744,0.1759438,0.1788823,0.1802532,0.1844533,0.1890955,0.1990072,0.2110026,0.2184498,0.238662,0.2444252,0.260841,0.2729134,0.2872861,0.2964003,0.3111151,0.3256859,0.3428329,0.3667536,0.3833426,0.4138594,0.4713594,0.8290479,1.491441
462.15,5.773438e-4,-0.002117904,-0.002602236,-0.00106926399999999,0.00228974,-0.00337621,-0.001435014,-0.001967068,-3.961201e-4,2.577928e-4,9.071599e-4,0.001331748,2.588008e-4,0.001301548,8.77631e-4,-0.001143205,1.350188e-4,-1.632431e-4,-6.883947e-4,3.776998e-4,-0.001258004,-8.019122e-4,6.781729e-4,-6.677624e-4,1.274442e-4,-5.490923e-4,8.062733e-5,-3.94534e-5,-3.930079e-4,5.391949e-4,7.522752e-4,-3.797741e-4,-5.103046e-4,-8.115696e-4,5.504348e-4,6.112182e-4,-0.002804142,-0.001655544,0.001867012,3.892351e-4,3.866539e-4,-4.229e-4,0.002195793,-3.279409e-4,-9.922305e-4,4.595599e-4,7.494833e-4,-4.393853e-4,3.781272e-4,0.00170458,-6.093761e-4,-0.001859041,1.898146e-5,-2.133773e-4,0.001047903,-9.320745e-4,-0.0010612,2.783443e-4,9.246879e-4,-1.830893e-4,1.223193e-4,5.267467e-4,1.939211e-4,9.424991e-5,-0.001129144,-1.356544e-4,4.387985e-4,2.455954e-4,-0.001019994,4.586985e-4,-3.634904e-4,1.999816e-4,-9.680001e-5,-5.1593e-4,1.089009e-4,3.66882e-5,1.969364e-5,-7.671793e-4,7.304577e-5,7.901717e-4,1.32763e-4,-8.012541e-5,-2.259937e-5,-5.913463e-4,-3.996697e-4,4.041215e-4,-5.464923e-6,1.467914e-4,2.033942e-4,7.826618e-6,1.129927e-4,-8.79504e-5,1.672874e-4,2.606665e-5,-9.516419e-5,2.247504e-4,-1.69952e-4,1.970893e-5,-5.980712e-5,4.586881e-5,4.623457e-4,5.465096e-4,0.001838863,0.002088037,0.003358566,0.004032551,0.004192856,0.004896887,0.005445305,0.007005439,0.04119379,0.1829397,0.09705544,0.1520585,0.1818614,0.03522162,0.01050011,0.01149913,0.01236819,0.01449572,0.0166961,0.01899247,0.02195434,0.0246194,0.02822521,0.03135551,0.03462458,0.0382529,0.04195689,0.04600766,0.04974217,0.05505893,0.05976915,0.06428899,0.06953235,0.07354311,0.0785787,0.08469876,0.0898371,0.09547902,0.1006421,0.1065503,0.1119306,0.1162106,0.1214118,0.1253532,0.1296177,0.1324625,0.1357455,0.1392993,0.1414443,0.1444472,0.1474634,0.1498995,0.1525106,0.1540762,0.1554563,0.158409,0.1582218,0.1605484,0.1631351,0.1662916,0.1681614,0.1692913,0.17152,0.1712305,0.1730483,0.173539,0.1731069,0.1751983,0.1776866,0.1813052,0.1877068,0.1953933,0.2070438,0.2165501,0.2294986,0.244012,0.2545519,0.2692343,0.283168,0.293849,0.3026087,0.3217421,0.329023,0.3405701,0.3402796,0.3881322,0.4579018,0.5983305,1.306444
464.467,0.002187588,6.74008e-4,-4.594901e-4,-0.003123709,-3.136995e-4,0.002345761,8.419515e-4,0.001525034,-0.003629354,8.519762e-4,0.005161436,0.001016515,5.546488e-4,4.335817e-4,0.001544916,0.001051973,2.248255e-5,-8.753905e-4,8.413262e-4,-0.001102658,-5.108243e-5,5.135915e-4,9.382456e-5,2.437244e-5,2.556201e-4,1.718735e-4,-3.314772e-4,-5.415157e-4,7.133185e-4,0.001059602,-5.68881e-5,-8.422995e-4,-3.885025e-4,-2.731897e-4,-0.001635502,0.001117082,-0.002213692,-0.001615656,-0.001151196,6.02394e-4,-0.001332374,2.418723e-5,-0.001354785,-6.90987e-5,9.364383e-4,-0.00065794340000000005,0.001264896,-3.894257e-4,4.611285e-4,2.150992e-4,5.589647e-5,-6.812266e-4,-8.8823e-4,3.91177e-4,4.703632e-4,2.266399e-5,5.725281e-5,8.448186e-4,5.774984e-4,3.2387e-4,-5.573567e-4,-0.001192036,-1.732677e-4,4.267916e-5,-7.041846e-4,-5.959923e-4,-0.001000476,0.001100598,-3.564256e-4,-3.59792e-4,-9.545331e-4,-4.376837e-4,-8.354988e-5,-8.974197e-4,-5.995393e-4,7.196495e-4,3.523607e-4,-2.915926e-4,-7.338406e-4,-5.928782e-4,5.088506e-4,3.840346e-4,-8.30528e-4,-8.954006e-5,-2.974741e-4,3.972976e-4,-2.315693e-4,-2.914024e-4,-9.019743e-5,-3.332922e-4,-3.049309e-4,-7.901647e-5,1.654586e-4,-5.998066e-5,1.668375e-4,-1.837288e-4,2.852645e-4,8.858764e-5,4.119824e-4,4.51923e-4,0.001047911,0.001290507,0.002004717,0.002731842,0.004146934,0.004296645,0.004475676,0.005280262,0.006435799,0.03035099,0.1773402,0.09354219,0.1194805,0.2155435,0.05052948,0.011111,0.01039627,0.0112958,0.01317137,0.01528516,0.01768552,0.02043641,0.02305445,0.02588287,0.0294147,0.03255739,0.03645242,0.03980745,0.04346708,0.04770609,0.05181462,0.05549616,0.05990491,0.06471693,0.06952487,0.07470472,0.08041582,0.08451069,0.09022957,0.09490144,0.1006609,0.1062005,0.1102343,0.1156669,0.1204857,0.1235504,0.1268063,0.1304599,0.1334776,0.1366144,0.1395995,0.1420245,0.1449482,0.1461213,0.1493314,0.1508862,0.1516765,0.1537521,0.1540273,0.1563713,0.1598113,0.1619304,0.1643536,0.1646594,0.1681291,0.1665733,0.1683324,0.1678273,0.1704146,0.1716777,0.1739581,0.1779547,0.1853349,0.1888311,0.2032155,0.2145724,0.2279661,0.2418304,0.2555611,0.264615,0.2785474,0.289219,0.3009087,0.3126489,0.3311461,0.3439182,0.3674769,0.3473764,0.4752607,0.9100331,1.806588
466.786,0.001430466,0.002452708,0.001904688,0.006136565,7.778549e-4,0.003679311,0.002736603,0.004187256,0.005388752,0.004929279,1.041142e-4,1.006052e-4,0.001145804,0.001691097,0.001351469,0.002664942,-2.904261e-4,-1.233269e-4,-4.755932e-4,0.001053038,1.707006e-4,0.001280452,4.84937e-5,2.221593e-4,6.757733e-4,-2.329541e-4,2.758233e-4,7.807918e-4,-4.143184e-5,0.001022276,-3.23178e-4,7.541413e-4,1.500215e-4,3.45849e-4,4.435502e-4,-0.00246549,0.001594989,0.001675905,8.972159e-4,-6.157051e-4,0.001874877,0.002178847,0.001812106,0.001062145,0.001514592,2.884717e-4,-0.00148678,-3.342544e-5,-1.29824e-4,0.001863186,7.657507e-4,9.815645e-4,-3.284877e-4,8.119107e-4,-5.762405e-4,-1.969555e-4,0.001391887,2.309926e-4,8.211446e-4,-9.000265e-5,9.347512e-4,0.001391888,4.359581e-4,4.608785e-4,-1.584363e-5,5.530649e-4,-1.396992e-5,-9.877767e-4,3.394281e-4,0.001534644,-6.054022e-4,-7.389105e-4,0.001290329,7.29008e-4,-1.03586e-4,6.03423e-4,4.430168e-4,6.326803e-4,7.97351e-4,4.843913e-4,-4.987252e-5,8.815342e-4,1.850331e-4,1.516745e-4,-1.652607e-4,9.744042e-5,8.223171e-4,6.867253e-4,1.503994e-4,3.018678e-4,7.838713e-5,3.015574e-4,2.618774e-4,3.084818e-4,2.01661e-4,3.187566e-4,5.025748e-4,7.499638e-4,5.641424e-4,0.001186155,8.312796e-4,0.002120123,0.003203692,0.003466347,0.00478587,0.00467676,0.005221362,0.005960967,0.01771336,0.1378609,0.108727,0.09381561,0.2036064,0.06460463,0.01263758,0.009647383,0.01078811,0.01227441,0.01379363,0.01624571,0.018528,0.02107525,0.02475528,0.02769599,0.03118265,0.03428799,0.03772092,0.04108527,0.04501479,0.04827192,0.05329717,0.05710117,0.06178569,0.06643648,0.06998456,0.07430627,0.08056051,0.085286410000000007,0.08951807,0.09591078,0.1013288,0.1051309,0.1099279,0.1147331,0.1184384,0.1223361,0.1261028,0.1278847,0.1309212,0.1340027,0.1371097,0.1396519,0.1423628,0.1445027,0.1467044,0.1472309,0.1488859,0.1492276,0.1506042,0.152764,0.1553492,0.1570908,0.1595667,0.161693,0.1624361,0.162816,0.1633752,0.1670344,0.1686059,0.1686458,0.1725978,0.1763934,0.1811023,0.1891141,0.2001041,0.2128865,0.2271087,0.235489,0.2517234,0.2644173,0.2729414,0.2880761,0.2993476,0.3162682,0.3222932,0.3455153,0.3630295,0.4022436,0.5715757,1.102412,2.010316
469.104,0.006173466,0.002048813,0.005546643,0.001283059,0.002327072,0.007696619,0.005439769,-1.763597e-4,-0.001359678,5.80334e-4,0.004115129,0.002210071,5.508793e-5,1.852167e-4,0.002559402,-3.210395e-4,0.001435715,0.002782081,0.001692001,0.002569643,7.34177e-4,0.001353925,6.877249e-4,0.001209576,0.001072715,6.31724e-4,3.898124e-4,4.030444e-4,9.998327e-4,3.494968e-4,8.65085e-4,0.002098014,8.534838e-4,5.714381e-4,0.002257543,0.001682178,0.002697537,1.513445e-4,1.810437e-5,0.002088547,0.001061176,0.001725624,0.002243399,0.001597131,9.235186e-4,0.002887134,0.001041958,-1.865251e-4,0.001767558,2.709592e-4,0.001157765,0.001535851,0.002567274,0.001261418,-8.198526e-4,7.92435e-4,0.001868567,0.001703914,0.001721195,6.832111e-4,-2.18935e-4,0.001410498,6.162149e-4,3.626871e-4,4.172111e-4,0.001268632,0.001246775,-7.470503e-5,0.001161093,2.518127e-4,0.001413711,0.001234829,4.305457e-4,7.683011e-4,3.832923e-4,3.964039e-4,3.912516e-4,-2.935191e-5,-2.034484e-4,8.928302e-4,-6.986071e-5,-1.065477e-4,7.444547e-4,0.001157526,-2.567029e-4,7.354635e-4,3.770262e-4,4.820754e-4,4.224213e-4,6.417383e-4,0.001143515,9.982222e-4,7.313683e-4,5.044617e-4,6.905938e-4,5.898503e-4,7.269463e-4,3.878342e-4,5.072318e-4,0.001291506,0.001800905,0.003121689,0.003492159,0.004222271,0.005871182,0.005437282,0.005800894,0.01079013,0.1045843,0.1577463,0.09840224,0.179627,0.09577831,0.01516465,0.009121247,0.009935365,0.0117508,0.01303158,0.01444266,0.01686503,0.01938596,0.02262088,0.02527737,0.02873518,0.03254131,0.03585633,0.03968082,0.04230666,0.0465259,0.05028143,0.05390171,0.0583355,0.06275224,0.06773011,0.07242834,0.07506045,0.08059727,0.08542957,0.09097537,0.09578973,0.09980428,0.1054793,0.1102268,0.1141722,0.1176968,0.1213346,0.123991,0.1278132,0.1290748,0.131624,0.1333303,0.1384267,0.1391744,0.140167,0.1431466,0.1451023,0.1452942,0.1464499,0.1480607,0.1498657,0.152079,0.1546204,0.1560366,0.1586016,0.1595345,0.1598892,0.1619034,0.1634018,0.1651473,0.1665501,0.1690079,0.1761811,0.1785079,0.1896135,0.2001809,0.209376,0.222354,0.2383235,0.2470883,0.2595148,0.2727256,0.2834894,0.2972028,0.3091665,0.3256217,0.3433076,0.3627291,0.4243625,0.8544267,1.391065,2.289064
471.424,-0.003670411,-0.006945898,-6.83554e-4,-0.001497422,-0.001151797,-0.003776752,5.942799e-4,7.202259e-4,-0.001825845,-5.600383e-4,-8.854494e-4,-0.001099153,6.432267e-4,-8.731127e-4,7.307966e-4,-5.2485e-4,-1.805208e-4,-5.764292e-4,-6.310248e-4,-8.681335e-4,-8.251672e-4,-1.012549e-4,-4.747714e-4,-4.774539e-4,-4.537911e-4,-1.620251e-4,1.853216e-4,4.730426e-4,-7.08559e-4,-1.179168e-5,1.969195e-4,-0.001098964,-0.00100703,6.628472e-4,-3.43615e-4,-4.16478e-4,3.474442e-5,-9.046286e-4,4.842361e-4,-0.001407998,-2.120349e-4,-0.002118177,-8.203666e-4,0.001055056,-0.001977605,-5.879826e-4,0.001190859,-4.329491e-4,-0.001048721,8.090211e-4,-0.001527555,-8.810256e-4,-8.293046e-4,-3.134211e-4,-8.82249e-5,9.820733e-5,-4.188483e-4,-0.001058761,-7.448258e-4,-6.846979e-4,-1.799307e-4,-1.269721e-4,-9.54876e-4,-6.017644e-4,-4.042677e-4,-0.001123533,-4.810779e-4,-3.260429e-4,-0.001137489,-4.547505e-4,-1.121093e-4,-9.041635e-6,-9.449702e-4,-8.099852e-4,5.456054e-4,-9.607339e-4,1.94605e-4,-3.035738e-4,-7.623018e-4,-1.909427e-4,-9.178037e-4,-7.01216e-4,-9.960858e-5,2.069838e-4,-3.685477e-4,-6.730374e-4,-4.944039e-4,-1.370737e-4,-8.411788e-4,-3.79241e-4,1.07648e-4,-9.22405e-5,7.66275e-5,-5.874885e-4,-2.246482e-4,3.657253e-4,7.066689e-5,-1.307459e-4,9.14551e-4,0.001846461,0.001930216,0.003092495,0.003220125,0.004091204,0.006003291,0.005513911,0.007104054,0.06092565,0.225888,0.1177911,0.1741256,0.1097426,0.02176563,0.009004591,0.009351311,0.01031267,0.01145543,0.01346395,0.01494737,0.01799131,0.02019421,0.02301237,0.02623858,0.02967048,0.03318388,0.03638605,0.04048677,0.04351523,0.04745404,0.05080908,0.05509766,0.05946659,0.06348768,0.06777048,0.07281437,0.07611069,0.08126029,0.08655617,0.09026795,0.09542994,0.09885267,0.1025402,0.10772230000000001,0.112441,0.1155624,0.1189163,0.1225032,0.1250603,0.1273821,0.1283808,0.1318353,0.1343916,0.1358961,0.1377609,0.1395309,0.1401636,0.1412992,0.1430263,0.1445442,0.1448418,0.1475024,0.1500026,0.1527651,0.1528475,0.1564376,0.1581363,0.1581262,0.1590468,0.1615737,0.1645451,0.1660139,0.1709132,0.1776472,0.183003,0.1946198,0.2074453,0.2183553,0.2321408,0.2439229,0.2543197,0.2659604,0.2812304,0.2920099,0.3038258,0.305311,0.3187093,0.346126,0.4684075,0.9700367,1.506259,1.560949
473.744,0.007432569,0.002138736,-0.001038735,0.001237861,0.001347726,-0.005698393,-1.111535e-4,8.254614e-4,2.479919e-4,-7.773616e-4,-0.002556667,8.94711e-4,-0.001364742,-5.818129e-4,-0.001204023,-0.002081703,-3.826047e-4,-4.032441e-4,6.995769e-4,5.035349e-4,-1.472545e-4,5.794532e-4,2.332407e-5,2.614158e-4,-4.099615e-4,3.580097e-4,3.162077e-4,2.35869e-4,5.640856e-4,-3.195157e-4,4.904567e-4,-3.22699e-4,7.094818e-4,3.423946e-4,-0.001051956,0.001154163,-1.678133e-4,-0.001755428,0.001629159,8.686345e-4,-4.415319e-4,0.001536777,8.414815e-4,-5.707756e-4,-6.142348e-4,3.275386e-4,-7.078289e-4,-8.246746e-5,0.001076856,0.00112348,4.862402e-4,-2.86564e-4,-5.388242e-4,-6.667384e-5,6.778415e-4,8.194841e-4,-0.001408521,4.617428e-5,-1.277531e-4,0.001277034,-4.777216e-4,0.001324594,-2.010036e-4,1.367363e-5,-0.001438317,-1.087918e-4,-1.373581e-4,8.89183e-5,-5.355058e-4,-4.062754e-4,2.486149e-4,3.350312e-5,-5.41466e-4,5.534728e-4,1.685534e-4,3.013581e-4,2.446963e-4,1.426735e-4,-3.270329e-4,-5.268357e-5,-6.455505e-4,-6.831169e-4,2.284203e-4,-9.410712e-4,2.229774e-4,3.855048e-4,2.21988e-4,-3.40308e-4,2.582147e-4,-1.599871e-4,-2.559294e-4,3.475338e-4,-2.680243e-4,3.262614e-5,2.490818e-4,2.273495e-4,7.69164e-4,3.497246e-4,0.001318269,0.002211453,0.003081084,0.003247654,0.003906711,0.004241028,0.006475976,0.007056995,0.03335837,0.2079079,0.1685672,0.1796727,0.150701,0.02476511,0.008926584,0.009020059,0.01006415,0.01091545,0.01226678,0.01403793,0.01647846,0.01897703,0.02138488,0.02483486,0.0278226,0.03091965,0.0338531,0.0374766,0.04161948,0.04534146,0.04815238,0.05263584,0.05595711,0.06031273,0.06447923,0.06763195,0.07251182,0.07603728,0.08036594,0.0862324,0.09033983,0.09463,0.0981829,0.1033715,0.1080017,0.1111368,0.11414,0.1182733,0.1208497,0.1224168,0.1241616,0.1269283,0.1293409,0.1318,0.1345339,0.1355226,0.1366845,0.1378029,0.1390327,0.1399765,0.1403961,0.1429443,0.1449468,0.1469411,0.1483573,0.1516894,0.15310000000000001,0.1539076,0.1560435,0.1557927,0.1597776,0.1598023,0.1632819,0.1691042,0.1747153,0.1840963,0.1904125,0.2051184,0.2168353,0.2321005,0.2411393,0.2542147,0.2633817,0.2717929,0.2853742,0.2958802,0.3096582,0.3266066,0.3685324,0.5992945,1.240201,1.331349,0.4757929
476.065,0.001737183,-3.379226e-4,4.717405e-4,-0.00131196,8.395471e-4,0.008319546,-0.002672177,0.001111948,0.001262291,-0.002171548,0.001618749,2.473006e-4,-3.369827e-4,0.001237453,-7.766568e-4,-2.131883e-4,5.788703e-6,-4.031502e-4,2.104088e-4,-2.355504e-4,4.672983e-4,5.746412e-4,5.641342e-4,9.325086e-4,4.859638e-4,3.141352e-4,-2.823976e-4,6.251787e-4,-2.078169e-4,4.677992e-4,-0.001707906,0.001285165,2.134894e-4,-5.025501e-4,-0.001615236,0.003590916,0.001814917,6.046405e-4,-0.001355542,9.331221e-6,-0.001299033,-0.001772305,1.31591e-4,6.044034e-4,-0.003015366,0.001289231,-4.508082e-4,-7.871878e-4,-0.001049522,5.61806e-4,9.252665e-5,2.277976e-4,7.593021e-4,-2.817145e-4,-4.181842e-4,3.059156e-4,-5.030543e-4,-5.249251e-4,-2.335231e-4,7.731701e-5,6.912036e-4,8.33474e-4,1.364911e-4,1.616434e-4,0.001038648,-3.520256e-4,-1.356851e-4,3.416509e-4,-4.800115e-4,1.105587e-4,-6.527398e-4,5.204969e-6,7.69796e-5,9.396835e-4,-1.103362e-4,1.185595e-4,-1.057922e-4,4.159722e-4,4.63132e-4,1.466383e-4,8.045428e-4,5.78832e-4,-1.654613e-4,9.366885e-5,4.172312e-5,4.536308e-6,-3.305283e-4,-3.015771e-4,-7.425805e-5,1.299466e-4,3.95376e-4,-3.708541e-5,2.540466e-4,7.182639e-4,1.95509e-5,1.79261e-5,6.634025e-4,6.573001e-4,0.001193654,0.002681226,0.003581881,0.003351279,0.004094109,0.004952046,0.007392843,0.02534614,0.1525625,0.2379011,0.2160365,0.1858314,0.03904999,0.009372571,0.008796058,0.009375891,0.01055984,0.01168603,0.01285908,0.01450791,0.0175138,0.01951404,0.02265475,0.025875950000000002,0.02854302,0.03212886,0.0354856,0.03844033,0.04186173,0.04585045,0.04889052,0.05286037,0.05672802,0.06099455,0.06522459,0.06886711,0.07279665,0.07553569,0.08085165,0.08475412,0.08964947,0.0938917,0.09861757,0.1025624,0.1067045,0.1091377,0.1124978,0.1157464,0.1190816,0.1198645,0.1231485,0.1249196,0.1260792,0.1283164,0.1303004,0.1327206,0.1332899,0.1343517,0.1353978,0.1368749,0.1376628,0.140017,0.1415194,0.1448945,0.1461491,0.1479667,0.1487369,0.150381,0.1518709,0.1533369,0.1564199,0.1569297,0.1630066,0.1682196,0.1725825,0.1805097,0.191827,0.202842,0.2141328,0.224172,0.2380222,0.2495956,0.2628808,0.2707428,0.2778294,0.2909752,0.3075381,0.3164255,0.4237059,0.8093509,1.325508,1.372993,0.8653104
478.387,0.005779292,0.003609932,0.001283139,0.001801141,0.00568103,0.00803327,0.004983518,0.002774655,0.001543321,0.001810775,-1.967098e-4,4.424231e-4,0.002084237,0.001881318,0.001853652,0.001879785,0.002748823,0.001914372,9.639492e-6,9.179592e-4,8.416475e-4,9.373325e-4,-8.78398e-5,1.522003e-4,6.819324e-4,-2.151058e-4,5.297098e-4,2.141041e-4,5.355006e-4,0.001617049,0.001611709,0.001718961,0.001371383,0.002240304,-4.396061e-4,0.001363805,0.002503257,0.002579565,0.001952034,3.002517e-4,-0.001119542,0.004226871,-8.911266e-4,6.062647e-4,-3.164297e-5,8.177644e-5,-4.955867e-4,8.987958e-4,-8.910858e-4,0.002123056,8.300718e-4,0.002095274,0.002345172,0.0015166,3.698848e-4,0.001984041,0.001138422,9.958822e-4,0.00189288,7.71884e-4,-3.740977e-4,4.267424e-4,8.220837e-4,-2.63424e-4,7.934938e-4,-2.275574e-4,4.449906e-4,8.409469e-4,0.001405521,1.430082e-4,4.420124e-4,6.683404e-4,4.889596e-4,1.936177e-4,5.308504e-5,1.661341e-4,7.721766e-4,5.220787e-4,4.923395e-4,5.315585e-4,9.025146e-4,3.511441e-4,1.173244e-4,2.725058e-4,1.019172e-4,1.630833e-4,4.52514e-4,4.287382e-4,6.642942e-4,2.610698e-4,3.653025e-4,4.776056e-4,4.027692e-4,2.879747e-4,5.52169e-4,3.382126e-4,0.001084504,0.00196227,0.002334262,0.003451535,0.003670263,0.004172364,0.004843152,0.005567182,0.01797858,0.1281401,0.2649603,0.2385266,0.2355601,0.05383304,0.01084481,0.008581872,0.009208729,0.009631214,0.01079694,0.01229916,0.01400339,0.01583807,0.01860165,0.02101824,0.02426634,0.02686521,0.02993823,0.03358558,0.0370884,0.03931024,0.04347501,0.04695492,0.04948102,0.05337907,0.05700157,0.06021964,0.0650914,0.06944894,0.07284101,0.07623673,0.0807258,0.08548979,0.08922158,0.09336106,0.09638653,0.1000944,0.1044476,0.1089398,0.1112489,0.1126437,0.1165034,0.1189325,0.1201762,0.122393,0.1236544,0.1260073,0.1273666,0.1299123,0.1308277,0.1315506,0.1330102,0.1335409,0.1344029,0.1358966,0.1375837,0.1381121,0.1408043,0.1425504,0.1453362,0.1480551,0.1490224,0.1503769,0.1529798,0.1545839,0.1588844,0.1640843,0.1685264,0.1771378,0.186614,0.2000198,0.2111407,0.2239064,0.2324211,0.2407072,0.2549995,0.2674908,0.2800567,0.2940831,0.3044049,0.3257279,0.5371515,1.051318,1.367502,1.059187,1.03128
480.709,0.00331157,-9.737951e-4,6.979093e-4,3.440772e-4,3.619094e-4,0.003109866,-0.002310945,5.654035e-4,0.001223085,-0.0014104950000000001,9.064098e-4,-0.002410283,4.911552e-5,0.001815055,2.400714e-4,4.485823e-4,0.001194457,0.001085349,5.215252e-4,9.417389e-4,-3.965936e-4,-7.715903e-4,0.001521318,2.154352e-4,-8.366743e-5,-9.514389e-4,-1.085336e-4,7.602202e-4,8.169038e-4,4.90897e-4,0.001591604,3.353467e-4,-0.001079338,0.004109766,-0.00306169,-9.150273e-4,0.001472344,0.001429522,0.001206254,0.00135957,6.26591e-4,0.001737953,-0.002744648,-9.745079e-5,-0.001344824,5.740281e-4,2.03225e-4,-5.3138e-4,-7.573253e-4,-2.473321e-4,0.001260549,-2.049681e-4,3.368661e-4,1.69838e-4,-4.978829e-4,3.067752e-4,-7.225652e-4,4.970673e-4,7.385152e-5,6.6455e-4,-8.915423e-5,-1.493702e-4,-5.396775e-5,7.00539e-4,3.011441e-4,8.234504e-4,1.151955e-4,-1.344369e-4,4.059861e-4,2.421274e-4,2.26914e-4,-3.360106e-4,8.399311e-4,3.755356e-4,-2.699303e-4,7.577242e-4,-1.308529e-4,1.749369e-4,5.590393e-4,2.649727e-4,5.47895e-4,2.467788e-4,4.12343e-5,-3.935961e-4,-9.911214e-5,-3.5184e-4,2.021014e-4,1.493588e-4,9.603516e-4,1.296079e-4,2.29504e-4,2.885237e-4,8.621636e-4,3.908306e-4,7.012359e-4,0.00106583,0.002603093,0.002254688,0.002950482,0.003073609,0.003927986,0.004320296,0.005216258,0.008735679,0.1058109,0.3154751,0.2363561,0.3142038,0.08222873,0.01297979,0.008103222,0.008772851,0.009656242,0.01024998,0.01131378,0.01323608,0.01478484,0.01653726,0.01907645,0.02159341,0.02420907,0.02781687,0.03093933,0.03409873,0.03731099,0.04051976,0.04403638,0.04767644,0.05028363,0.05368796,0.05839694,0.06238817,0.06629685,0.06840663,0.07220261,0.07658378,0.08045879,0.08471089,0.08908883,0.09305375,0.09602381,0.09945419,0.1027365,0.1064228,0.1098394,0.1118845,0.1144443,0.1170945,0.1179423,0.1196339,0.1221232,0.123999,0.12453,0.1269182,0.1285088,0.1281268,0.1291689,0.1291215,0.1319391,0.1312447,0.1345323,0.1362011,0.1387669,0.1413488,0.1424195,0.1439881,0.1456244,0.1477533,0.1505476,0.1525322,0.1577671,0.1614413,0.1689712,0.1757784,0.1858198,0.1989229,0.2072988,0.2168903,0.2349379,0.2379911,0.2524201,0.2638402,0.2755788,0.2803092,0.2950694,0.3718095,0.6952444,1.167759,1.109174,0.7045259,1.045701
483.032,0.003467068,0.003489973,-0.002864369,0.004759325,0.00662495,8.306809e-4,0.006252121,0.004966246,0.004169058,0.003732757,4.523507e-4,7.864485e-4,0.001985213,2.996667e-4,0.003104556,0.001396696,0.001802507,0.001772978,0.002252712,0.001160938,0.001087777,0.001480661,6.72255e-4,1.09241e-4,4.631032e-4,9.660821e-4,8.796966e-4,8.315461e-4,0.001110809,8.392788e-5,6.608742e-4,8.922307e-4,0.003197006,0.002521887,0.005490083,0.003212102,0.001487711,9.768301e-4,0.001666508,0.001536853,-3.780512e-4,0.002859915,0.002844788,0.001820441,0.001737213,0.001238179,0.002326323,0.001289019,0.001543129,0.002163819,0.002000984,0.002304177,0.001636093,0.001598395,0.001185676,0.001973002,0.001286096,0.001663839,6.925922e-4,0.001134204,0.001431841,3.421987e-4,0.001658729,5.039155e-4,6.468716e-4,0.001265624,0.001905745,4.230379e-4,8.651059e-4,0.001055559,-3.78186e-5,2.598886e-4,6.503867e-4,4.973298e-4,5.14697e-4,8.790195e-4,0.0013077,4.784579e-4,8.561144e-4,3.195257e-5,-3.084144e-5,-1.624005e-4,3.033329e-4,7.577893e-4,6.465112e-4,8.877205e-4,4.043695e-4,6.857574e-4,4.77052e-4,7.891908e-4,4.897624e-4,9.475708e-4,7.856966e-4,9.177007e-4,0.00106223,0.001194841,0.003260211,0.003372715,0.003469952,0.004030285,0.00392552,0.005488177,0.007211938,0.05108423,0.3181883,0.2697492,0.3054414,0.1308876,0.01939175,0.008445825,0.008844221,0.009350556,0.01006062,0.01103857,0.0122067,0.01363384,0.01581554,0.0174513,0.02074031,0.023088,0.02627239,0.02895648,0.03202484,0.0352286,0.03860625,0.04153826,0.04466441,0.04763611,0.05119966,0.05499904,0.05797891,0.06306543,0.06623443,0.06858549,0.07291023,0.07604926,0.08055394,0.08425933,0.08724636,0.09246196,0.09611669,0.09895781,0.1029327,0.1051275,0.1076876,0.1107766,0.1125215,0.1148791,0.1164441,0.1183209,0.1203488,0.1224878,0.1232267,0.1235669,0.1255123,0.1263699,0.1264972,0.1270379,0.128126,0.1295683,0.1328607,0.1333925,0.1352202,0.1376136,0.1382077,0.1420155,0.1414223,0.1444096,0.1473614,0.1515982,0.1530785,0.1600289,0.1655753,0.1745237,0.1850445,0.1945281,0.208053,0.2169993,0.2292964,0.23872,0.251924,0.2641367,0.2771529,0.2866724,0.2989945,0.4419784,0.9268278,1.268669,0.8383313,0.6558338,0.7506602
485.356,-8.259589e-4,-8.440021e-4,0.001967822,-1.794116e-4,0.001578408,-0.002285682,2.356409e-4,-0.002812826,-2.604609e-4,-0.001302568,3.607131e-4,-9.376784e-7,-0.00159501,0.001886041,1.813331e-4,0.001294115,0.001009388,6.471018e-4,-7.120184e-4,-1.697733e-4,1.636216e-4,5.214841e-4,1.351706e-4,-2.067381e-5,3.952897e-4,-1.931852e-4,-5.412346e-4,-3.638897e-4,1.901351e-4,7.982367e-4,-4.13854e-4,1.154386e-5,2.887072e-4,0.001777083,-0.001825833,-0.001419702,-0.001627117,4.389332e-4,-8.982501e-4,1.300817e-4,-4.376537e-4,0.001470955,-3.128659e-5,1.83956e-4,2.021778e-5,-0.002278607,0.001823834,7.519202e-4,1.989583e-4,-3.658725e-5,0.001305906,6.218313e-5,9.327867e-4,0.001611751,3.02293e-4,2.420443e-4,0.001251128,4.63298e-4,6.970084e-4,5.084882e-4,3.270194e-4,-8.162892e-4,-3.009332e-4,1.101958e-4,3.74231e-4,8.439982e-6,6.478562e-4,-2.459232e-4,-9.648558e-4,0,-6.66204e-4,-2.553616e-4,4.445045e-4,-1.985741e-4,0.001058234,-5.987712e-5,3.512072e-5,-1.803574e-4,0.00056869380000000005,2.124723e-4,2.198159e-4,-9.328845e-5,2.282474e-4,3.635656e-4,-3.403809e-4,-3.794415e-4,-1.413588e-4,3.004971e-4,1.14971e-4,8.364083e-5,-1.051518e-4,2.783193e-4,3.236143e-4,5.789654e-4,8.526647e-4,0.001724853,0.002480029,0.003277473,0.003282599,0.004134527,0.004931217,0.00550559,0.03175798,0.1942129,0.320657,0.3215457,0.1702295,0.03108747,0.008353633,0.008500043,0.009057852,0.009719768,0.01049815,0.0117418,0.01292007,0.01451155,0.01670057,0.01836582,0.02127906,0.02413272,0.02658447,0.03020334,0.03311187,0.03562716,0.03919337,0.04187409,0.04550113,0.04866118,0.05195909,0.05488912,0.05874798,0.0618596,0.06610699,0.06986149,0.07198271,0.07551949,0.0794511,0.08331056,0.08730123,0.09151041,0.09408448,0.09777739,0.100312,0.1039456,0.1064739,0.1087396,0.1105547,0.1123053,0.1142637,0.1157325,0.1169925,0.1179112,0.1199361,0.1205612,0.1215826,0.1235218,0.1238747,0.1230343,0.126066,0.1280574,0.1291665,0.1298257,0.131795,0.1325139,0.136419,0.1375648,0.1391071,0.143373,0.145663,0.1481025,0.1512169,0.1570154,0.1624141,0.1718129,0.1814364,0.1902189,0.202414,0.2156054,0.226365,0.232898,0.2470059,0.254289,0.2646515,0.2747912,0.3190619,0.5735393,1.061229,1.094847,0.533374,0.5566862,0.5826831
487.68,0.002833268,-7.078209e-4,0.002783188,0.003870628,0.002031323,0.003118874,-5.76491e-4,9.077424e-4,-3.785214e-4,0.002319471,-0.001027312,0.001824107,0.002424966,3.573559e-4,-0.00107333,0.001174052,0.003944029,-8.039447e-4,4.46787e-4,-3.765287e-4,-6.375247e-4,6.249962e-4,4.541758e-5,2.166143e-4,-1.51424e-5,7.035839e-4,-4.798242e-4,6.945436e-4,-4.943301e-4,6.720286e-4,1.854862e-4,-9.964113e-5,-0.001260844,0.002302257,-5.182528e-4,9.384996e-4,-5.541205e-4,9.675364e-4,0.002237089,0.001658506,1.783541e-4,9.184662e-4,-2.028613e-4,-0.001411321,6.954117e-4,3.231841e-4,7.186215e-4,4.045181e-4,5.838929e-4,1.860451e-5,-0.002421018,-4.495539e-4,-1.990522e-4,-2.772488e-4,-4.223133e-4,0.001524056,5.975341e-4,5.063531e-4,-4.672885e-4,-6.55424e-4,-5.45652e-5,-2.363533e-4,2.232455e-5,-3.881971e-4,0.002141083,1.262471e-4,1.811781e-4,4.468343e-4,5.433869e-4,-2.24542e-4,-5.979165e-4,-2.846197e-4,-2.554972e-4,-5.781488e-4,7.177935e-4,-2.375679e-4,-4.64465e-4,3.967714e-4,1.776666e-4,1.086333e-4,-0.001207345,-1.467539e-4,3.384858e-4,-5.370429e-4,3.606111e-4,1.44783e-4,7.430264e-5,-2.204416e-4,-3.898331e-4,3.367978e-4,-8.173297e-6,4.780606e-4,6.10055e-4,7.636034e-4,0.001310752,0.002290766,0.003677495,0.003089437,0.003245413,0.004697124,0.005360353,0.01821809,0.1522112,0.3448099,0.3411684,0.2261518,0.04470213,0.009252575,0.008199752,0.008575059,0.009277227,0.01004374,0.01132655,0.01259227,0.01361781,0.01523235,0.01727216,0.01917001,0.02231366,0.02486881,0.02751353,0.03056797,0.03389941,0.037213,0.03889024,0.04290158,0.04662052,0.04973072,0.05287136,0.05541871,0.05918587,0.0622427,0.06560583,0.06886494,0.07238511,0.07584588,0.07872841,0.0834514,0.08634036,0.09016226,0.09376756,0.09662729,0.09914438,0.1025458,0.1054146,0.1063621,0.1089178,0.1096299,0.1116321,0.11304,0.1148075,0.1167888,0.1170898,0.1190214,0.118756,0.1195954,0.1212854,0.1216266,0.1225243,0.1236998,0.12574,0.1271347,0.1295424,0.1316715,0.1344392,0.1354062,0.1370861,0.1395758,0.14261,0.1456087,0.1485228,0.1542867,0.1589184,0.1691935,0.1766553,0.190153,0.202212,0.2127207,0.2235747,0.2291203,0.2457621,0.2549019,0.2650068,0.2770551,0.3651161,0.7466936,1.104612,0.8670814,0.4226429,0.4561251,0.2985525
490.005,-2.219245e-4,3.957537e-4,-0.003111701,0.001354535,0.002382919,0.001557794,-0.004982935,-1.880583e-4,-0.002561393,-4.064732e-4,-0.002622059,-0.001678742,9.80507e-5,-0.00327593,-1.774404e-4,-0.001033021,3.130383e-4,-0.002126083,-0.001556888,-9.722867e-4,3.130822e-4,-0.001266902,6.797128e-5,-7.537541e-4,-1.903027e-4,-6.272822e-4,5.079717e-4,-6.896518e-4,-3.071456e-4,-8.084808e-4,-0.001057431,-0.001155236,-0.003842265,-0.004369696,-5.987831e-4,-2.066944e-4,-0.002154966,-2.728932e-4,-0.002727424,1.321699e-4,-1.552619e-4,-0.001490364,-0.001228988,-0.003482524,-5.035452e-4,-7.046457e-4,-0.003431472,-3.923651e-4,-0.001615643,-0.001581731,-0.001077116,-4.198503e-4,1.689478e-4,-0.001894058,-0.002104604,-0.001675692,-0.001621844,-0.001090042,-0.00074666140000000005,-4.52444e-4,1.338864e-4,-2.983533e-4,-0.001021189,5.689124e-4,-2.097994e-5,-8.160429e-4,-3.115255e-4,-3.290587e-4,-8.584268e-4,-4.371551e-4,-6.776129e-5,-1.585302e-4,1.328366e-4,-9.249611e-4,-7.539475e-4,-8.233694e-4,-7.278094e-4,-8.22634e-4,-9.478285e-4,-6.361116e-4,-8.567608e-4,8.996606e-4,-1.981276e-4,-5.909735e-4,-3.589491e-4,-4.127234e-4,-3.026349e-5,-2.527005e-4,1.990026e-5,-5.388266e-4,-2.681436e-4,2.645864e-4,9.284491e-4,9.363887e-4,0.001767179,0.002049766,0.003373526,0.003888047,0.003861536,0.004859557,0.009250299,0.1070995,0.3742293,0.335688,0.3330977,0.06915772,0.01118285,0.007843752,0.008433193,0.008889366,0.009543317,0.0103996,0.01137167,0.01281245,0.01456231,0.01612296,0.01811358,0.02036187,0.02262496,0.02611718,0.02800053,0.03145278,0.03380767,0.03728438,0.04022369,0.04293228,0.04618466,0.04981534,0.05214887,0.05578713,0.0587402,0.06186552,0.0654811,0.06882589,0.07191751,0.07427558,0.07843205,0.08202547,0.08583425,0.08919254,0.09158268,0.09518051,0.09775531,0.100748,0.1021018,0.1043494,0.1059789,0.1087222,0.1094998,0.1117652,0.1120858,0.1127463,0.1146877,0.1154834,0.1166213,0.1173033,0.1189,0.1186013,0.1190729,0.1208457,0.121875,0.1243314,0.1264381,0.1274958,0.1309912,0.1330553,0.135068,0.1361787,0.1383689,0.1416288,0.1453793,0.1533491,0.1581885,0.1649401,0.1766879,0.185365,0.1977496,0.2090316,0.2196885,0.229046,0.2357315,0.2466917,0.2590761,0.2869707,0.4686456,0.8889962,1.015735,0.6132731,0.3119602,0.2831638,0.07116416
492.331,-9.400883e-4,-0.006639577,1.374475e-4,-0.003663529,0.001241491,-0.003379736,-0.00451589,2.861973e-4,-0.00222301,-0.002061961,-0.003637957,5.404801e-4,-0.001399445,-2.774155e-4,-0.00238639,-0.001500061,-0.002263566,-0.001023166,-0.001188112,-1.509584e-4,-0.00170985,-2.783753e-4,-7.835576e-4,2.820988e-4,-4.271421e-4,-5.749973e-4,-7.139857e-4,-3.821828e-4,1.979545e-4,-0.002373463,-0.001229413,-9.7452e-4,-0.001527725,-0.002904491,-0.005521821,-0.002264627,-3.284785e-5,-9.120448e-4,0.001279835,-0.001267402,-9.403156e-4,-2.116461e-5,-0.002426567,-6.860025e-4,-0.001428775,-8.895002e-4,-3.873555e-4,-0.001560648,-0.001843679,-0.002059487,-2.019304e-4,-1.837939e-4,-0.001570829,-0.00106869,-0.001423002,-8.323855e-4,-1.933698e-4,-3.362879e-4,-8.357889e-5,-6.433441e-4,-0.001857092,-8.869724e-4,-3.918737e-5,-0.001134224,-0.001028968,-7.796083e-4,-0.001719867,-0.001467651,-3.121634e-4,-1.33155e-4,-5.104215e-4,-2.288883e-4,-7.891307e-4,-8.251452e-4,-4.224008e-4,4.832546e-4,4.72459e-4,-5.285714e-4,-3.089059e-4,5.524618e-5,-2.248963e-4,-4.631648e-4,-1.189299e-4,-4.641971e-4,-0.001086107,4.59524e-5,-8.820425e-5,-7.634109e-4,-1.97639e-4,-8.492807e-5,6.365891e-5,2.720992e-4,6.176037e-4,0.001108028,0.001842511,0.002118113,0.003685008,0.003767315,0.004628359,0.006647219,0.05988727,0.3092643,0.3450307,0.3553201,0.1211844,0.01520444,0.008006386,0.008252335,0.008830504,0.009293208,0.01002688,0.01123297,0.01212142,0.0135732,0.01547808,0.01693952,0.01871534,0.02077245,0.02314082,0.02639714,0.02901595,0.03201007,0.03406216,0.03791886,0.04080233,0.04359497,0.04631198,0.04817774,0.05248347,0.05508676,0.05863344,0.06206004,0.06467098,0.06822387,0.07235097,0.07421086,0.07836828,0.0809499,0.08422288,0.08770408,0.08957897,0.09251446,0.09633181,0.09819557,0.100816,0.1025768,0.1041318,0.1056257,0.1067631,0.1086821,0.1096655,0.1104775,0.11205,0.1133307,0.1141461,0.1132154,0.1150459,0.1156528,0.116212,0.1178956,0.1198594,0.1221366,0.1243666,0.1253273,0.1279971,0.1296208,0.1324975,0.1342151,0.1372109,0.1392898,0.1450397,0.1493003,0.154333,0.1631353,0.1731762,0.1835965,0.1945794,0.2055569,0.2158322,0.2276533,0.23061,0.2435247,0.258941,0.3056633,0.6117132,0.9893166,0.8064211,0.4111428,0.2990667,0.1848181,0.4791541
494.657,-0.002042542,2.805849e-4,-0.004480986,5.952368e-4,-0.001946187,-0.005282421,-0.001961635,-2.802065e-4,-0.002904449,-3.961483e-4,-9.400982e-4,-4.940711e-4,-0.001108833,-5.743084e-4,4.207874e-4,-0.001013893,-9.76789e-4,-4.874079e-4,-0.002268657,-5.433808e-4,-8.222409e-4,4.191765e-4,-4.916627e-4,2.166883e-4,-6.653187e-4,6.187209e-4,-8.0292e-4,-3.625851e-4,-5.407455e-4,-2.809518e-4,-0.001858492,-0.002246311,-1.764674e-4,1.090442e-4,-0.002263698,9.130758e-6,-0.001435633,-2.936565e-5,7.566965e-4,0.002611506,-8.956647e-4,-0.002143087,-0.003254721,-0.002354025,-7.603154e-4,-6.379543e-4,-6.463097e-4,-6.765217e-4,1.581128e-4,-7.935772e-4,-0.00159403,-0.001373197,-7.357824e-4,5.098745e-4,2.070234e-5,-5.497461e-5,4.790101e-5,-7.985279e-4,6.637735e-4,8.76342e-4,-1.875735e-4,-0.001250543,5.376251e-5,3.779728e-4,-7.926787e-4,-6.66249e-4,-1.265727e-5,3.698798e-4,-3.456898e-4,0.001031148,-5.169409e-4,-8.366189e-5,-8.489148e-4,-4.980315e-4,5.551804e-4,-8.051935e-5,-3.420338e-5,-5.186613e-4,-6.774722e-5,-1.256357e-4,-1.324555e-5,1.830943e-4,2.111622e-4,1.492357e-4,-0.001056794,-1.434837e-4,2.540683e-4,2.055229e-4,3.499804e-4,1.973032e-4,2.115551e-6,8.634997e-4,0.001392193,0.00207944,0.002776788,0.002759107,0.004186097,0.004521445,0.006192603,0.03550486,0.2230321,0.397176,0.3947012,0.1464564,0.02590313,0.007782178,0.0080503,0.008215306,0.009246536,0.009583253,0.01092522,0.01180723,0.01300031,0.0143195,0.01576432,0.01740306,0.01952812,0.02179501,0.02421593,0.02674114,0.02991983,0.03226866,0.03627206,0.03792948,0.04130475,0.0439826,0.04723261,0.05055943,0.05269541,0.05516822,0.05860472,0.06156107,0.06466173,0.06689944,0.07123084,0.07296382,0.07687823,0.0803998,0.08367414,0.08633426,0.08862719,0.09192398,0.09433108,0.09688156,0.09854738,0.1007421,0.1021353,0.1024299,0.1035372,0.1052342,0.1069781,0.1072185,0.1095114,0.1103206,0.1111336,0.1108222,0.1112083,0.1119564,0.1139468,0.1152108,0.1164985,0.1178984,0.1200338,0.1234951,0.1253959,0.1266439,0.128199,0.1302901,0.13375889999999999,0.1365238,0.1424856,0.1468797,0.1511297,0.1589268,0.1697753,0.1807313,0.1906363,0.2025693,0.2115597,0.2256777,0.2310828,0.2391509,0.2500794,0.3803203,0.7549001,0.96873,0.5403246,0.2974137,0.2929845,0.4311212,0.1825244
496.984,-0.002159092,0.002988423,0.001382351,-3.077057e-4,-0.00103211,2.307605e-4,0.007495351,0.001874876,0.00391698,0.002040209,2.206158e-4,6.362622e-4,0.001110092,0.001869888,8.932787e-4,8.563997e-4,2.604172e-4,0.001183714,5.654069e-4,2.540282e-4,3.437285e-4,-7.318735e-5,-5.123824e-4,-8.443221e-5,2.795017e-5,7.676478e-4,-1.910342e-4,5.093741e-4,0.001001294,0.001254539,-2.401455e-4,0.003358835,-0.001594956,0.00176371,3.281617e-4,1.499543e-4,0.002887044,4.344279e-4,0.001148545,0.0024897780000000002,0.001819864,-1.454624e-4,0.00132646,0.001289181,-2.882566e-4,1.78771e-5,5.098933e-4,-4.736641e-4,-3.592398e-4,0.002696175,-2.930506e-4,3.129382e-4,7.549702e-4,3.39698e-4,0.00169049,0.003013457,1.876081e-4,-0.001007535,-2.597636e-4,0.001068707,2.97973e-4,0.001659564,-1.958651e-4,6.831015e-4,-9.384186e-4,2.733239e-4,-1.630042e-4,1.984922e-4,3.526986e-4,-5.068026e-4,-5.162931e-4,0.001635684,-5.810508e-5,2.602407e-4,6.659341e-4,-3.700892e-4,1.609519e-4,5.983922e-4,5.870718e-4,-5.288637e-4,5.638653e-6,3.668267e-4,2.268004e-4,3.616946e-4,7.962077e-4,4.514469e-4,2.382692e-4,-2.965618e-4,5.374773e-4,7.198782e-4,7.987281e-4,0.0015189,0.001585115,0.002007382,0.002602733,0.003432829,0.004760567,0.005854351,0.02309087,0.1758609,0.4368541,0.4355902,0.182884,0.03443598,0.008686925,0.007631361,0.008216905,0.008722254,0.009592169,0.01073658,0.01126243,0.01208862,0.01397112,0.01507209,0.01666742,0.01831542,0.02020482,0.02266777,0.02516904,0.02785054,0.03031332,0.03333965,0.03606951,0.03820304,0.04140346,0.04507856,0.04683115,0.05037965,0.05251344,0.05543905,0.05890137,0.06150245,0.06416033,0.06731918,0.07015994,0.07237568,0.07566589,0.07854563,0.08172635,0.08389023,0.08753029,0.08953089,0.09202351,0.09482991,0.09794697,0.09876002,0.1006284,0.1006784,0.1013185,0.1024927,0.1048904,0.1048608,0.1059915,0.1074789,0.1086083,0.1092027,0.1086122,0.1091101,0.1113999,0.1118011,0.1133158,0.1147646,0.1181873,0.1205041,0.1201775,0.1225835,0.1257253,0.1266331,0.1306473,0.1337851,0.1393988,0.1435463,0.1504763,0.1579316,0.1676486,0.1765603,0.1870816,0.1975311,0.2077634,0.2178609,0.2298386,0.2353589,0.2678726,0.4896947,0.875022,0.8121123,0.4061605,0.3149548,0.3212068,0.5346185,0.9616305
499.311,0.002846117,0.007521222,0.008040248,0.003434485,0.002396147,0.002977382,0.001387936,0.00102137,0.00502796,0.00126,0.002711162,0.001764262,0.003087144,0.004314517,0.002379309,-2.36995e-5,0.00174182,4.135177e-4,0.001408964,9.146657e-4,0.001845445,9.593512e-4,2.015877e-4,9.01491e-4,0.001371611,9.888295e-4,0.002099354,0.001055594,-4.572752e-5,0.001871685,4.515325e-4,0.001328426,0.001782613,-2.715484e-4,0.002181905,0.004761451,7.928644e-4,9.558066e-5,4.159066e-4,0.001979437,0.001992502,0.003791544,6.8817e-4,0.001235745,0.00224938,0.002303112,-1.906723e-4,1.13111e-4,0.001916565,0.01271023,6.97806e-4,2.745265e-4,0.002331029,3.086136e-4,0.001262515,0.001415962,0.001932706,4.309201e-4,0.001447313,0.0022458310000000002,4.622141e-4,0.001032602,0.001125844,2.00353e-4,0.001504744,0.001208543,8.427507e-4,3.369667e-4,9.16934e-4,4.785749e-4,0.001758234,5.253707e-4,0.00138982,9.81629e-4,7.494889e-5,0.001168186,7.514505e-4,8.776138e-4,5.032199e-4,6.307832e-4,7.021221e-4,5.002836e-4,6.706798e-4,7.379157e-4,7.068605e-4,9.576622e-4,4.190257e-4,6.712353e-4,6.17506e-4,0.001160723,0.001244977,0.001916348,0.002308699,0.002475066,0.003747588,0.004616936,0.005405202,0.01493118,0.1244195,0.4343581,0.4587289,0.2589739,0.04912844,0.008951304,0.007880843,0.00813201,0.008876299,0.009158638,0.01010021,0.0111556,0.01205828,0.013207,0.01486295,0.01582514,0.01774703,0.01926955,0.02158945,0.02351469,0.02602173,0.028536,0.03167879,0.03337108,0.03689817,0.03942196,0.04131364,0.04458839,0.047564,0.05019131,0.05267853,0.05554767,0.0588217,0.06100755,0.06375242,0.06696136,0.06944274,0.07187476,0.07491602,0.07775746,0.08049894,0.08339564,0.0857095,0.08843452,0.091122,0.09325393,0.09530591,0.09645921,0.09794835,0.09886846,0.09933634,0.1004514,0.1009214,0.1037123,0.1038896,0.1042736,0.1052727,0.1048027,0.1060669,0.1074911,0.1077363,0.1078087,0.1100869,0.112598,0.1145764,0.116888,0.117793,0.1205578,0.1227546,0.1252448,0.1294091,0.1318405,0.1378875,0.1407925,0.1466526,0.156376,0.1658678,0.1761559,0.1881817,0.1942898,0.2088454,0.2183461,0.22465860000000001,0.2395537,0.3149933,0.6316292,0.883934,0.6205471,0.3226613,0.3037907,0.3985853,0.4850211,1.311059
501.64,-0.001049577,-0.001329516,-6.790555e-4,-5.197359e-4,4.088241e-5,-0.003715763,3.493047e-4,-0.005624262,0.001155963,8.502775e-4,-5.320926e-4,-4.431203e-4,5.818503e-4,-4.5036e-4,-0.001544153,8.549833e-4,0.001599965,-4.441046e-4,0.001209065,-5.797562e-4,-5.077925e-4,5.553792e-5,4.026876e-4,-1.280182e-4,1.376254e-4,-3.671682e-5,5.988283e-4,5.321836e-4,-6.463092e-4,-0.001229603,-9.19888e-4,3.952782e-4,-0.002738369,8.599697e-4,6.521989e-4,-4.830086e-4,0.003271056,-0.001747677,-2.086495e-4,0.001201932,-0.001735212,-0.002312015,-0.002499165,-3.795246e-4,-0.002051323,2.219896e-4,-1.925929e-4,8.005698e-4,-7.989771e-4,-6.113624e-4,-1.22814e-4,0.001073029,-3.182479e-4,-5.028836e-4,9.507311e-4,8.539962e-4,8.090748e-4,-7.950027e-4,-0.001184259,-6.170175e-4,-2.474533e-4,-1.153746e-4,7.936172e-5,-2.235831e-4,-6.412276e-4,-5.796629e-4,3.819779e-4,3.697728e-4,-9.991349e-5,-4.429157e-5,-5.64743e-4,-0.001137158,-3.181771e-4,9.815833e-5,-3.92718e-5,-1.279638e-5,8.557226e-5,-7.019731e-4,-7.116358e-4,-8.904659e-5,-8.492028e-4,1.040279e-4,-3.78147e-4,5.955295e-4,-2.491279e-5,-8.398775e-6,-5.06008e-4,2.637304e-4,9.928592e-5,7.380174e-4,4.840408e-4,0.001611682,0.00186338,0.002283316,0.003360181,0.004407799,0.009367278,0.09111744,0.3385839,0.4750419,0.3414949,0.084553,0.01084892,0.00702349,0.007876134,0.00795728,0.008768974,0.009527341,0.01061837,0.01143382,0.01252415,0.01334615,0.01529629,0.01602763,0.01777485,0.01981179,0.02172703,0.0237233,0.0256882,0.02892225,0.03093473,0.0340501,0.03685076,0.03875912,0.04272377,0.04390198,0.04735636,0.04970682,0.05186604,0.05453586,0.05794223,0.06070247,0.0626022,0.06525118,0.06914775,0.07064108,0.07392546,0.07586873,0.07834727,0.08134385,0.08391738,0.08561448,0.08888331,0.09181522,0.09173375,0.09384751,0.0950948,0.09546852,0.09747322,0.09790588,0.09902623,0.09993249,0.1000303,0.1010414,0.1017332,0.1025435,0.1033464,0.1035791,0.1050715,0.1059449,0.1081511,0.1098726,0.1115854,0.1134185,0.1144398,0.1170184,0.1193411,0.1225774,0.1246426,0.1277954,0.1325956,0.1390082,0.1433156,0.151202,0.1609784,0.1707243,0.1814151,0.1906604,0.2035356,0.2112839,0.2194806,0.2370284,0.4033326,0.7328982,0.7721419,0.4254946,0.2641378,0.2426057,0.2835459,0.3282849,0.4623969
503.969,0.006018306,0.004467271,0.001165814,0.004429951,0.003943197,0.001897567,0.007152044,0.007470104,0.001962798,0.003216123,0.002982771,3.409317e-4,0.001833771,0.002050927,0.002855883,9.559264e-4,7.63364e-4,0.003579734,6.979265e-4,4.66796e-4,8.997744e-4,8.604803e-4,9.378469e-4,3.654874e-4,3.560994e-4,0.00142333,9.226522e-4,1.663402e-4,0.001318564,0.002005556,0.001130267,6.686054e-4,0.00124868,0.001935531,0.004035284,0.002568312,0.003399592,0.001464636,0.002802021,0.00148164,0.002167707,0.001685654,8.982575e-4,0.002404745,0.0028738600000000002,0.003223028,0.002020194,0.002712526,0.004866242,-1.93546e-4,0.00113082,0.002936253,0.002501516,5.89918e-4,9.225013e-4,0.001156138,0.001325745,0.002398058,0.002640895,9.340205e-4,2.36806e-4,0.001071634,0.001134872,-5.0235e-6,4.365328e-4,5.375956e-4,0.001191149,0.001145676,8.927575e-4,7.401942e-4,0.001049563,0.001162044,6.846183e-4,0.001105624,0.001878088,0.001238605,0.001182156,5.414343e-4,9.239898e-4,8.339717e-4,6.891839e-4,7.287016e-4,7.298086e-4,7.211665e-4,2.822311e-4,0.001232687,8.685781e-4,9.773934e-4,8.544319e-4,0.001828519,0.002670801,0.002817819,0.002969307,0.003668916,0.004515677,0.006609004,0.0591712,0.2902918,0.5022992,0.46572210000000003,0.1357561,0.01793368,0.007062972,0.007641352,0.008063384,0.008550124,0.009294366,0.01038009,0.01161022,0.01213383,0.01311232,0.01433226,0.01575188,0.01729626,0.01876632,0.02060178,0.02237619,0.02475582,0.02725721,0.02978514,0.03233837,0.03433985,0.03710188,0.0399141,0.041379,0.04475121,0.04738773,0.04954402,0.05221983,0.05476038,0.05702756,0.05963172,0.06287005,0.06541672,0.06737591,0.06938059,0.07304386,0.07528816,0.07798014,0.08034778,0.08324061,0.08524325,0.08694559,0.08937164,0.09083861,0.09134618,0.09304002,0.09333489,0.09480787,0.0960006,0.09633383,0.09705855,0.09907246,0.09928837,0.09986347,0.1001406,0.1008261,0.09997817,0.1030187,0.1035791,0.1052658,0.1073947,0.108789,0.1103541,0.1131507,0.1149056,0.1160614,0.1194939,0.1230536,0.1254646,0.1307902,0.1374281,0.1428797,0.1476355,0.1568792,0.168168,0.1799239,0.1912778,0.1994982,0.2090727,0.215032,0.2608742,0.5151478,0.7901748,0.6318804,0.3157404,0.2608393,0.262829,0.3604164,0.4245538,1.285837
506.298,0.002590399,0.001514801,-0.001472675,0.003205002,-0.001470372,-0.001564005,0.001038449,1.481145e-4,-0.003012078,0.0026066,0.001468237,-1.870177e-6,-0.00119881,0.002101572,1.803415e-4,0.00100722199999999,-7.718456e-4,7.723558e-4,-7.027432e-4,4.758712e-5,7.06564e-5,-9.791147e-5,-2.666492e-4,7.934098e-4,-4.478169e-4,-1.391525e-4,-2.943501e-4,-1.075002e-4,-2.827212e-4,-7.341836e-4,0.001430387,6.145573e-4,-3.085691e-4,4.157899e-4,-0.001870412,5.065656e-4,0.001672926,0.001381839,0.001038137,-0.001782194,-2.067217e-4,-0.001583866,-6.626616e-4,-2.780835e-4,3.270022e-4,3.236994e-4,5.091349e-4,-9.641844e-4,-0.002024898,9.75546e-4,-5.506133e-4,-5.29057e-4,-7.703341e-4,0.001192053,-0.001065867,0.001176978,-0.00139116,0.001203388,4.556787e-4,2.457241e-4,-5.960741e-4,2.73561e-4,-5.075479e-4,-2.257669e-4,-7.58627e-5,0.001028655,-4.335854e-5,3.592713e-5,-0.001436947,-7.623555e-4,-5.100156e-4,-3.061508e-4,-9.796167e-5,8.175655e-5,2.154604e-4,-2.790091e-4,2.755587e-4,-4.516306e-4,-4.184637e-4,6.080145e-4,2.202277e-4,-4.985827e-4,4.727128e-5,-2.634192e-4,1.353295e-4,-2.223761e-4,1.912582e-4,4.125915e-4,8.228231e-4,0.001734781,0.001752681,0.002477459,0.003606517,0.003865771,0.004618244,0.03091619,0.2462554,0.5085591,0.4469683,0.2060605,0.03004846,0.00639019,0.006682773,0.007039025,0.008437852,0.008693119,0.009657644,0.01031487,0.01172499,0.01269564,0.01388567,0.01494945,0.01625496,0.01771005,0.01939953,0.02072711,0.0225661,0.02414898,0.02687023,0.02897098,0.032116,0.03508919,0.03690455,0.03911376,0.04076451,0.0435883,0.04644136,0.04875289,0.05123295,0.05428741,0.05595097,0.05889458,0.06122616,0.06361238,0.06572352,0.06858754,0.07078722,0.07380016,0.07570204,0.079321,0.08077493,0.08186666,0.08534051,0.0860924,0.08797599,0.08914209,0.08993722,0.09139933,0.09108618,0.09180679,0.09392543,0.09454522,0.09558151,0.09638137,0.09662549,0.09724236,0.09723002,0.09773475,0.0984699,0.1000792,0.1013963,0.1038589,0.1042587,0.106594,0.1083734,0.1113954,0.1140987,0.1157561,0.1201759,0.1216754,0.126759,0.1328843,0.1392677,0.1462503,0.1527913,0.1652055,0.1740947,0.1859499,0.1934144,0.201105,0.2119719,0.3182728,0.6222092,0.7535167,0.4449107,0.2553978,0.2297775,0.2389094,0.257737,0.1626474,0.4079776
508.629,-0.001058266,-9.205782e-5,-0.001933498,-6.017175e-4,8.537809e-4,0.001063559,-1.128827e-4,0.003390067,0.003437724,-0.001193099,0.00261241,0.00165834,0.001872522,-2.772346e-4,7.705521e-4,-5.236304e-4,7.495647e-4,3.665953e-4,0.00112306,7.818231e-5,0.001621471,5.953193e-4,3.337456e-4,1.50237e-4,1.561023e-4,5.911227e-4,3.966744e-4,2.790023e-4,6.299648e-4,-2.425359e-4,5.347254e-4,0.001371001,0.002235354,-4.351822e-5,0.00117326,0.001351171,2.237016e-4,0.001324692,-6.614392e-4,9.108639e-4,0.001362609,3.580117e-4,-0.002123087,-3.459156e-5,0.002225956,0.00123344,-0.001343242,-7.211724e-4,-1.815706e-4,9.636052e-4,-4.211949e-4,0.001115134,0.001330676,-4.674973e-4,2.491851e-4,0.00210868,5.143623e-4,6.014234e-4,5.541905e-4,7.986076e-4,-3.082082e-4,-8.316072e-5,-4.168299e-4,3.475691e-4,-1.042893e-4,5.335026e-4,1.213796e-4,-7.544482e-5,-3.675421e-4,5.290585e-4,2.704871e-4,-1.31203e-4,2.512341e-4,7.568489e-5,5.252791e-5,-1.896922e-4,-1.369313e-4,7.670174e-4,1.810089e-4,-3.343947e-5,3.717407e-4,1.784379e-4,2.256713e-4,9.289194e-5,6.571246e-4,5.485324e-4,5.834742e-4,5.629852e-4,5.718636e-4,0.002111413,0.002181584,0.002247395,0.0037061,0.003545604,0.01449628,0.1468422,0.5371644,0.526765,0.232088,0.04938557,0.007703653,0.006319578,0.007402832,0.007618597,0.008265057,0.008559964,0.00955873,0.01076906,0.0121099,0.01313772,0.01429644,0.01537762,0.01694632,0.01795035,0.01968995,0.02120499,0.02311286,0.02533815,0.02681239,0.02987574,0.03254776,0.03483241,0.03678041,0.03926429,0.04201203,0.044590490000000003,0.04632496,0.048523,0.05118756,0.05336732,0.05565683,0.05828504,0.05955225,0.06247495,0.06403101,0.0666203,0.06895725,0.07194536,0.07354323,0.07617716,0.07813435,0.08065853,0.08252768,0.08450037,0.08637578,0.08783061,0.08732224,0.08878946,0.08893245,0.09016907,0.09033252,0.09198244,0.09238803,0.09319799,0.09363735,0.09440723,0.09413415,0.09578817,0.09596076,0.09729563,0.09860116,0.099965,0.1021222,0.1034573,0.1063554,0.1092522,0.1114055,0.1131157,0.1167847,0.1214669,0.1247138,0.1300626,0.1349013,0.1413894,0.1499522,0.1594833,0.1703189,0.1824867,0.1902371,0.1976074,0.2236515,0.4119154,0.7003123,0.6213545,0.3071873,0.2350869,0.2326295,0.2642746,0.2662033,0.2531012,1.08058
510.959,0.003037322,0.002201847,-4.443129e-4,0.00240076,0.003617552,0.00271641,0.001028189,0.001532805,0.003299654,0.002790308,-5.886445e-4,0.001601154,0.001147258,0.002481346,0.002297706,-7.304399e-4,0.002407919,0.001706984,-5.901117e-4,0.002173524,-2.325156e-4,0.0012812,6.632452e-4,-8.410318e-5,4.766108e-4,1.56587e-4,5.026523e-4,3.875563e-4,4.962688e-4,7.224401e-4,4.728097e-4,0.001154692,8.098311e-5,0.004567722,0.002147843,-0.002104898,2.725607e-4,1.236907e-4,7.358782e-4,0.0037413,0.001907346,0.001985019,0.001507554,0.003039166,0.001499728,6.637316e-4,5.282735e-6,-5.294229e-4,3.84328e-4,0.002478305,8.53915e-4,3.90132e-4,5.024891e-4,0.001857989,5.253768e-5,0.001417432,0.001187799,8.025428e-4,-3.621694e-4,5.270128e-4,9.254517e-4,0.001138994,0.001388555,5.852343e-4,0.001282665,9.877005e-4,0.00029256110000000003,3.386722e-6,0.001063462,5.456435e-4,8.224152e-5,6.338619e-4,2.904602e-4,6.527522e-4,5.669723e-4,2.695502e-4,5.670279e-6,0.001138759,-7.224854e-5,8.102318e-4,1.576987e-4,6.234908e-4,9.701362e-4,5.519575e-4,4.926055e-4,6.616793e-4,9.376973e-4,0.001402902,0.001668317,0.00228544,0.002636047,0.003177815,0.003976027,0.007782995,0.09000957,0.3567211,0.5755642,0.3298535,0.06899285,0.01055028,0.006290881,0.006459343,0.007012427,0.007715924,0.00791666,0.00953251,0.01007917,0.01108112,0.01303506,0.01362036,0.0150833,0.01600066,0.01704625,0.01864102,0.02002569,0.02169624,0.0233361,0.02498658,0.02767682,0.03069219,0.03266485,0.03495271,0.0367068,0.03943096,0.0403924,0.04326193,0.04598798,0.04766078,0.05026876,0.0530065,0.05533684,0.05708354,0.0590462,0.06135405,0.06361717,0.06532866,0.06792804,0.07026666,0.07231326,0.07473337,0.07651383,0.07818669,0.08053482,0.08165045,0.08310486,0.08430251,0.08523026,0.0860394,0.08687776,0.08730967,0.08757305,0.08906443,0.0890199,0.09042547,0.09115882,0.09068569,0.09105258,0.09238958,0.09349209,0.09464202,0.09579848,0.09879603,0.09995243,0.09985841,0.1034394,0.1041275,0.1078036,0.1097694,0.1140472,0.1169216,0.1204258,0.1253452,0.132093,0.139231,0.1481162,0.157977,0.1689094,0.1798461,0.1863609,0.1959735,0.2593607,0.5063343,0.6751306,0.4757549,0.2390628,0.2268403,0.2103852,0.2600712,0.2640509,0.6124821,1.605123
513.291,-0.00177273,0.00123591,0.001260209,-0.001039139,-0.0041417,-0.001188899,0.001141411,-0.002553469,1.548111e-4,-0.002228009,7.719567e-4,9.190721e-4,-0.00128342,-4.497566e-4,-2.329089e-4,-9.127772e-5,-0.001496829,5.395079e-4,-9.338593e-4,3.145246e-4,-8.310556e-5,-4.042865e-4,-0.001035186,-3.384341e-4,4.092192e-6,-6.802691e-4,-8.128629e-4,-4.127103e-5,-4.577105e-4,-0.001022545,-8.680066e-4,-0.001674782,-6.429885e-4,-0.003321493,-0.004228723,-0.002657519,-3.655343e-4,-2.13215e-4,2.244469e-4,-5.961363e-4,-7.682942e-4,-6.424231e-4,-0.001841663,-0.001021266,6.271241e-4,6.636368e-4,-0.002523887,-0.001350938,-0.00116255,-0.001052542,-2.896906e-4,-9.04225e-4,-9.361206e-4,-8.210844e-4,-9.090735e-4,-0.001170173,-0.001597391,-5.841991e-4,4.020529e-5,-7.035899e-4,-8.52744e-4,-7.024018e-4,1.409591e-4,-3.845773e-4,-0.001056264,-9.189036e-4,-0.002001755,4.166889e-4,-7.365699e-4,-6.03113e-4,2.908524e-5,-4.28188e-4,-6.639264e-4,-1.783155e-4,-0.001183293,-0.001266455,-5.254977e-4,-2.385089e-4,1.908253e-4,-5.109134e-5,1.574614e-4,4.350257e-4,-3.189081e-4,1.973763e-4,2.896181e-4,6.274529e-4,0.001102596,0.001226029,0.001435749,0.001417134,0.002334933,0.003220383,0.005355947,0.05170374,0.2736693,0.4847105,0.5203144,0.1201955,0.01370848,0.005801621,0.005968846,0.007352717,0.006966534,0.007617285,0.008442548,0.009144546,0.01027199,0.01164507,0.01248241,0.01372917,0.01518393,0.01652235,0.01732934,0.01886194,0.02003912,0.02156121,0.02308485,0.02493673,0.02703706,0.03003274,0.03201434,0.03436959,0.03671648,0.03885158,0.04089368,0.04247752,0.0449979,0.04698445,0.04899838,0.05077047,0.05329027,0.05546014,0.05771081,0.06002378,0.06178557,0.06329285,0.06527377,0.06792284,0.07020463,0.072242,0.07420299,0.07619241,0.07816828,0.07878428,0.07974216,0.08199098,0.08197786,0.08260795,0.0833712,0.08400309,0.08497289,0.08667835,0.08658368,0.08663309,0.0870022,0.08818334,0.08845415,0.08879544,0.08981305,0.09158002,0.09222811,0.0938561,0.09685548,0.09799199,0.1002707,0.1029778,0.1035688,0.1069133,0.1094193,0.1132853,0.1161833,0.1238069,0.1279177,0.1342047,0.1412508,0.1522155,0.1644523,0.1724868,0.1807455,0.1942144,0.3320004,0.5915655,0.6002548,0.3227234,0.2173939,0.2124077,0.2274927,0.206392,0.2687811,0.08675445,0.003471027
515.623,0.001849866,-0.00276041,0.001938308,0.006624754,0.006868997,0.004461155,0.002504169,0.001122918,0.001525247,0.00360664,0.001865873,0.001158563,0.001522654,1.896155e-4,0.001877614,0.001916559,7.528514e-4,4.523822e-4,-6.657818e-5,6.965198e-4,-1.429288e-4,-3.514695e-4,2.205975e-4,-3.370996e-4,1.986961e-4,2.417837e-4,7.15748e-4,3.882741e-6,4.731828e-4,1.131199e-4,7.285036e-4,2.825485e-4,8.879095e-4,0.001074033,0.001029656,-0.001246371,0.001409423,0.00288903,0.001921026,0.00101287,3.012591e-4,0.001823548,0.001317067,0.00189032,7.372419e-4,0.002387176,0.001843408,0.001514641,0.001428002,0.001421055,0.002095274,3.168463e-4,0.001323268,5.396342e-4,-1.658866e-4,4.687676e-4,0.001053556,0.001009716,3.815556e-4,7.916131e-4,6.205114e-4,7.508779e-4,8.150926e-4,0.001216055,1.682327e-4,5.025183e-4,-1.298339e-4,6.412115e-4,9.328226e-4,3.486324e-4,3.926922e-4,6.403754e-4,0.001161501,-1.060667e-5,2.812039e-4,6.657083e-4,6.977186e-4,4.07239e-4,1.20094e-4,8.639035e-4,8.31061e-4,5.731744e-4,7.882231e-4,9.591299e-4,7.598138e-4,0.001437418,0.001743347,0.002582812,0.002749431,0.002708662,0.004056476,0.005075329,0.03132864,0.201334,0.4544216,0.3913733,0.228399,0.02486328,0.006472481,0.006158544,0.006163484,0.007078422,0.007289943,0.008189754,0.008893527,0.01032341,0.01082544,0.01227464,0.0134937,0.01461597,0.01557282,0.01632377,0.01820739,0.01948036,0.0208645,0.02182323,0.02386244,0.02573956,0.02797634,0.03119998,0.03239592,0.0349575,0.03661449,0.03837884,0.04011103,0.04242368,0.04454218,0.04567174,0.04812835,0.05095715,0.05243014,0.05474012,0.05666861,0.05887036,0.0609656,0.06162587,0.06400918,0.06623954,0.06908049,0.07011993,0.07269651,0.07425242,0.07577996,0.07676696,0.07760305,0.07878983,0.08017864,0.0807205,0.08153443,0.08195182,0.08188066,0.08366928,0.08402975,0.08436432,0.08576442,0.08582603,0.08561906,0.08636065,0.08725583,0.08833005,0.09009896,0.09244099,0.09381717,0.09588795,0.09680438,0.09864443,0.101792,0.1039509,0.1072369,0.1108394,0.1158718,0.119958,0.1257769,0.13316,0.1397742,0.1519607,0.1610448,0.1712322,0.1764913,0.2094706,0.4209423,0.6187962,0.4713372,0.2442925,0.2066656,0.2149444,0.2188285,0.2043452,0.28505,0.3067492,1.097482
517.956,0.001221759,0.002088545,-0.002361382,0.003145133,0.005817442,0.002220134,0.002833812,0.001968715,9.270117e-4,0.002291929,9.63817e-4,0.001348011,9.612994e-5,9.822265e-4,3.524386e-4,0.00243306,3.97351e-4,-1.222826e-4,4.494805e-5,-4.697043e-4,0.00120875,1.278082e-4,4.170188e-4,9.692689e-4,4.496393e-4,6.683417e-4,9.504964e-4,4.089825e-4,5.44355e-4,8.087502e-4,-6.111007e-4,0.001354402,0.001140755,0.003207422,0.003572684,0.001192024,-0.001231172,0.001761294,1.649241e-5,0.001338081,0.002015421,7.783324e-4,9.193225e-4,-3.378359e-4,-9.504023e-4,5.670485e-4,0.001830732,0.00116664,0.00178429,0.001311449,0.001278497,0.001253008,8.630797e-4,7.257388e-4,2.031411e-4,0.002260226,7.605221e-4,5.620673e-4,6.120163e-4,0.001398056,4.504244e-4,2.220381e-4,4.166559e-4,7.317902e-4,6.287139e-4,8.658656e-4,3.222983e-5,0.001451569,4.989008e-6,0.001104771,3.56672e-4,-2.597263e-4,7.189303e-4,5.11798e-4,8.556253e-4,1.388425e-4,6.7179e-4,5.083072e-4,-7.449892e-6,7.179514e-4,6.521131e-4,7.906582e-4,6.743519e-4,0.00130497,0.001218171,0.002413172,0.001865213,0.001703006,0.002479112,0.003184217,0.004192698,0.0146798,0.1440164,0.3989316,0.4365532,0.1818754,0.0505144,0.006208525,0.006048713,0.006120074,0.006691717,0.00703218,0.007757546,0.008102614,0.009479091,0.01070914,0.01109711,0.01259494,0.0141037,0.01504939,0.01581663,0.01691517,0.01798936,0.01930178,0.02093642,0.02200507,0.0240432,0.02557921,0.02794516,0.02990833,0.0319643,0.0342243,0.03613215,0.03802954,0.03969043,0.04146195,0.04457931,0.04534467,0.04735575,0.04919997,0.05088712,0.05355478,0.05510096,0.05705779,0.05857765,0.06062098,0.06245311,0.0650379,0.06682261,0.06854907,0.07039927,0.07073238,0.07328717,0.07507078,0.07617744,0.07657036,0.077573,0.07764675,0.07840246,0.07886995,0.07992765,0.08054482,0.08115954,0.08224917,0.08219345,0.08366466,0.08399698,0.08419774,0.08525589,0.08614796,0.08683837,0.08965972,0.09024791,0.09306637,0.09348323,0.09547961,0.09880836,0.1011429,0.1043648,0.1076336,0.1116267,0.1161833,0.1191296,0.1292749,0.1365644,0.1473313,0.1567867,0.163993,0.1779095,0.2663943,0.494479,0.5756631,0.3430381,0.2036262,0.1948839,0.1928258,0.2112549,0.254159,0.2995637,0.4827029,0.4747552
520.289,0.003243998,-5.799796e-4,-0.001009345,-0.001262095,0.00578851,0.001748082,-2.250725e-4,-0.002754677,-0.002294407,-0.00170089,4.852227e-4,0.001780088,0.001230679,0.002120558,0.001051235,-7.881754e-4,6.330178e-4,0.001599188,0.001298809,9.946688e-4,5.784471e-4,6.616759e-4,0.001007832,1.273524e-4,-1.880607e-4,9.209614e-4,2.728201e-5,3.630869e-4,-2.783055e-4,0.001001402,5.590998e-4,7.615578e-4,0.00120543,0.001054496,1.750304e-4,4.263677e-4,0.001206318,2.571945e-4,-0.001042551,1.769568e-4,6.708986e-4,4.508244e-4,5.883349e-4,-0.001294831,0.001793636,0.001051002,4.471586e-4,0.001790786,-3.688826e-4,0.001203073,-6.316672e-4,-1.139792e-4,2.914181e-4,0.001160046,0.001501601,4.155082e-4,2.962457e-4,4.874866e-4,8.117535e-4,9.103127e-4,-3.73259e-4,2.032107e-4,-3.24087e-4,-0.001282363,-1.389666e-4,0.001411069,-7.79853e-5,3.604823e-4,-2.320681e-4,-7.030904e-4,-2.890286e-4,3.186269e-4,-1.822798e-4,3.243199e-4,-6.437547e-4,-2.337512e-4,-1.822389e-4,5.069228e-4,3.484576e-5,3.992429e-4,-4.145494e-4,4.906958e-4,8.706311e-4,8.648251e-4,0.001060962,0.001792869,0.00134671,0.002236845,0.003093481,0.003620815,0.007802867,0.09294744,0.3476248,0.4538317,0.2528536,0.0479259,0.008416864,0.00569636,0.005828832,0.006500545,0.006302858,0.006544148,0.007952479,0.008392025,0.009573774,0.01039394,0.01184465,0.01281199,0.014001,0.0152639,0.01613001,0.0173466,0.01843021,0.01961156,0.02099463,0.02215431,0.02370561,0.02546292,0.02834241,0.02983969,0.03219132,0.03381707,0.03601883,0.03719674,0.03927415,0.0410492,0.04325394,0.04439659,0.04637943,0.04831532,0.05064286,0.05180433,0.05437531,0.05553989,0.05721583,0.0593024,0.06137304,0.06304471,0.06421821,0.06616288,0.06820653,0.06967672,0.07122103,0.07255556,0.07260156,0.07487017,0.07473731,0.076157,0.07658037,0.0767538,0.0770271,0.0771521,0.07816707,0.07889242,0.08002748,0.08013468,0.07918195,0.08174371,0.08111793,0.08230141,0.08374894,0.08600155,0.08729958,0.09010924,0.0903391,0.09426789,0.09597925,0.09799893,0.101428,0.1047478,0.1068087,0.1135122,0.1182341,0.1249975,0.1330638,0.1435772,0.1527353,0.159809,0.1794007,0.3454027,0.5451445,0.4850075,0.2433501,0.1879486,0.1951334,0.1854935,0.1880031,0.2000555,0.2217025,0.3380011,0.8563931
522.623,0.005046032,-0.003609842,-0.001230884,-0.001590365,-0.002737761,-1.223175e-4,-0.001017955,-0.00115995,-0.00164652,-0.003087512,-0.001947116,9.563289e-5,-0.001086224,-0.002275019,1.758981e-4,-3.562928e-4,7.365653e-4,-3.060489e-4,8.563967e-5,-2.960105e-4,-8.042077e-4,8.401668e-4,1.318281e-4,-3.153012e-4,1.747272e-4,-6.299593e-4,-2.111472e-4,-1.996254e-4,-5.566945e-4,-1.206231e-4,-2.804774e-5,-0.00139888,-0.002161758,-1.170662e-4,-4.271486e-4,-4.832017e-4,2.727931e-4,-0.001255879,2.263306e-4,-8.706756e-4,-0.001874249,-0.002544077,-9.830953e-4,-0.001940586,-0.001457824,-2.775214e-4,-0.001521808,-4.248532e-4,-6.910445e-4,-2.311399e-5,7.676239e-4,-6.963641e-4,-0.00109627,-0.001576193,5.465822e-4,-4.971078e-5,-7.692636e-4,2.771392e-4,-0.001093192,1.685516e-4,-8.803205e-4,-4.239701e-4,5.53373e-4,3.409905e-4,-6.366506e-4,-1.927841e-4,2.627205e-4,-9.467493e-4,-9.42101e-4,7.992712e-5,-9.134133e-5,-3.74776e-4,-9.065654e-4,-1.492881e-4,3.622382e-4,-4.968443e-4,-7.32456e-4,3.629335e-4,2.140402e-4,-1.886356e-4,3.862546e-4,5.098086e-4,0.00034910540000000003,2.688364e-4,6.373517e-4,0.001598708,0.001672412,0.002163052,0.002403667,0.005161398,0.05601833,0.2778633,0.4524971,0.3053059,0.08117378,0.008481512,0.005979601,0.005437708,0.005348724,0.005415809,0.005988468,0.00709712,0.007742311,0.008484372,0.009676653,0.01061418,0.01179166,0.01286814,0.01406787,0.01523976,0.01638907,0.01740216,0.01842271,0.01978363,0.02063302,0.02209748,0.02430048,0.02535117,0.02751218,0.02949038,0.0317828,0.03384498,0.03525637,0.03716208,0.038792600000000003,0.03985498,0.04175822,0.04397435,0.04523043,0.04719048,0.04839187,0.05039701,0.05194903,0.0534711,0.05573755,0.05738222,0.05892202,0.0610071,0.06270455,0.06437419,0.06604347,0.06745357,0.06912488,0.07034365,0.07154462,0.07179823,0.07243049,0.07325656,0.07240591,0.07420394,0.07453956,0.07533132,0.0762516,0.07660264,0.07722321,0.07677904,0.07745991,0.07769389,0.07880637,0.08021096,0.08179432,0.08263694,0.08472318,0.08713901,0.08756036,0.09065405,0.09394953,0.09640182,0.09924772,0.1012167,0.1049735,0.1099115,0.1136402,0.1218463,0.1316259,0.1409625,0.1478041,0.1579562,0.2092902,0.404862,0.5310058,0.3590884,0.192454,0.1848987,0.1741491,0.1747818,0.1778999,0.1935709,0.1095597,0.2365504,0.09310545
524.958,-0.004353322,-0.004775282,-0.003010362,-0.004128641,9.499621e-4,-0.002926956,-0.002251493,-0.00541038,-0.005291769,-0.001672471,-0.001926092,-0.002016022,-7.978936e-4,-0.001980773,-4.627679e-4,-0.001469199,-0.001046347,-0.001406932,-0.001664747,-0.001041858,-5.565393e-4,-3.751552e-4,-1.520337e-4,-4.180474e-4,-1.416525e-4,-7.527078e-4,-5.052672e-4,-0.00104556,-0.001140344,-0.001035233,-0.002614974,-0.001168781,-8.387482e-4,-0.0025369,-0.003273643,-0.001999596,-0.003205239,-9.559353e-4,-2.593522e-4,-2.518705e-4,8.954156e-4,-0.001492647,-3.326396e-4,-0.002026239,-5.36424e-4,-0.003250472,-0.002055809,-0.001191503,-0.002817664,-0.00263526,-5.390661e-4,-4.749995e-4,-0.001491029,-0.002002857,-4.415052e-4,-0.001629652,-0.001184003,-0.00102105,-8.248991e-4,-0.001021437,-8.105178e-4,-0.001177749,-5.924271e-4,-5.17873e-4,-0.00115228,-4.48072e-4,-0.00027192060000000003,-0.001132039,-2.015874e-4,-7.946451e-4,-6.259956e-4,-4.914139e-4,-0.001050722,-2.629574e-4,4.746185e-4,-8.59517e-4,-7.897332e-4,-2.336555e-4,-8.299153e-4,-1.287516e-4,-6.929582e-4,-3.018759e-4,-6.233174e-5,6.714434e-4,8.533497e-4,0.001527441,0.001992288,0.002188796,0.003193559,0.0335224,0.2119435,0.4476219,0.3522591,0.1163938,0.01461229,0.004637086,0.005407649,0.005144944,0.005393871,0.005610855,0.006308748,0.007068818,0.007977447,0.008952572,0.009913796,0.0110503,0.01181261,0.01298128,0.0145079,0.01533088,0.01638448,0.01727,0.01837352,0.01974028,0.0207184,0.02206606,0.02384784,0.02494182,0.02691153,0.02882042,0.03027816,0.03302195,0.03438153,0.03610907,0.03753037,0.0393087,0.04099469,0.04216731,0.04405103,0.04627969,0.04718684,0.04885106,0.05132932,0.05247831,0.05367649,0.05473173,0.05713505,0.05933039,0.06055574,0.06213579,0.06429191,0.06509767,0.06653069,0.06720349,0.06854959,0.06894955,0.07018806,0.07044527,0.07105917,0.07099114,0.07034121,0.07246745,0.07302893,0.07370719,0.07406052,0.07398302,0.07369297,0.07586851,0.07576589,0.07629857,0.07818348,0.07968092,0.08216659,0.08408608,0.08488541,0.08796574,0.09045131,0.09217147,0.09522024,0.09752612,0.1016881,0.1054244,0.1131034,0.1183671,0.1272655,0.1364336,0.1442463,0.157407,0.2639622,0.4724358,0.4583868,0.2591373,0.1745771,0.1724463,0.1747807,0.1773633,0.1619061,0.1341224,0.1689631,0.1097085,-0.1092478
527.293,-2.057499e-4,8.649906e-4,0.001577331,9.792517e-4,0.007005543,4.533136e-4,-9.007352e-4,0.001303069,-1.300113e-4,8.775588e-4,-0.001932594,9.093931e-4,-0.001268536,0.001034245,0.001626954,-0.001540677,-7.150395e-4,3.592366e-4,-6.166896e-4,-0.001313863,-0.001369276,5.825291e-4,-2.61292e-4,-4.809604e-4,1.531993e-4,-1.413967e-4,2.170767e-4,-5.110122e-4,4.132522e-4,2.355312e-4,-0.001223308,-7.960617e-4,6.744166e-4,6.896796e-4,7.467468e-4,3.520688e-4,7.692416e-4,0.002906468,-3.755313e-5,-5.924328e-4,-9.75371e-5,-3.143611e-4,4.037041e-4,-4.020326e-4,0.001835612,1.209986e-4,7.427642e-4,-2.285652e-4,0.001126802,0.00117666,4.762243e-5,-0.001885246,-9.273854e-4,-0.001524998,7.069708e-4,-4.635448e-4,0.001634065,-1.646529e-4,-7.626037e-4,-1.217629e-4,4.837611e-4,0.001285774,-4.782238e-4,7.229996e-4,6.90794e-5,3.763291e-5,-1.32426e-4,-5.161782e-5,-1.281765e-4,3.260271e-5,-9.205867e-4,0.001057379,-1.453004e-4,-6.683553e-4,2.514551e-4,1.813512e-4,-4.928344e-4,4.966091e-5,1.493343e-4,3.036268e-4,3.466744e-4,9.060651e-4,0.001537876,0.001196128,0.001636326,0.002258894,0.002799997,0.003137977,0.01610276,0.1528423,0.4152534,0.4185226,0.1607118,0.02526752,0.0055791,0.005656466,0.005715302,0.005785524,0.0059109,0.006018689,0.007031943,0.00749541099999999,0.008030324,0.0090651,0.01020137,0.01143806,0.01248639,0.01307515,0.01441252,0.01582068,0.01668866,0.01727878,0.01878595,0.01965355,0.02105977,0.02212989,0.02412238,0.02540467,0.02705449,0.028834,0.03109783,0.03266773,0.03415292,0.03596366,0.03703372,0.03830892,0.04073789,0.04103589,0.04294218,0.04536557,0.04626458,0.04870714,0.04931542,0.05115139,0.05282798,0.05386785,0.05643243,0.05761593,0.05894192,0.06119636,0.06192817,0.06259635,0.06436912,0.0656897,0.06633987,0.06718094,0.06760043,0.05938844,0.06975401,0.06878403,0.06996411,0.07035338,0.07027618,0.07117191,0.07156339,0.07240807,0.07193039,0.07246761,0.07460084,0.07461514,0.07736463,0.07747425,0.07946505,0.0802656,0.08341568,0.08521452,0.08809728,0.09005615,0.09143433,0.09593549,0.1002424,0.1027469,0.1091558,0.1155067,0.1246471,0.1324317,0.1413912,0.1715622,0.3403055,0.4874257,0.3689958,0.1940435,0.1676827,0.1651503,0.1638237,0.1605218,0.1729057,0.1888797,0.1706625,0.1645362,0.7244261
529.629,-0.001886737,-0.002141983,-7.7602e-4,-0.005193551,-4.290272e-4,2.251494e-4,-0.001125711,0.001845767,-0.004042568,-0.00125811,0.00108636,-0.001727253,-0.001504617,-3.922965e-4,-4.052095e-4,6.097615e-4,-0.002840802,-2.606564e-4,-0.001314806,-8.054341e-4,6.014599e-6,3.305748e-4,-9.36687e-4,6.326244e-5,1.112611e-4,-3.718168e-5,-2.52128e-4,-7.797903e-4,1.833819e-4,-5.937556e-4,-0.001026409,-0.002028175,-0.001965579,-9.987835e-4,8.367499e-4,4.927412e-4,-0.001969931,2.734592e-5,0.001338755,-8.19279e-4,2.293372e-4,-0.001654037,-0.001493164,-8.496558e-4,-7.478573e-4,-0.001466906,-9.027577e-5,0.001735019,-8.750233e-4,-4.362883e-4,-7.093498e-4,-3.242825e-4,-3.592298e-4,-9.415347e-4,-0.001015336,2.318907e-4,0.001074527,-0.001224717,-1.554667e-4,7.104921e-5,-7.492671e-4,-2.037332e-4,-5.587852e-4,-0.001504246,-3.98936e-4,-0.001333725,-4.678382e-5,-7.675754e-5,-6.245521e-4,8.474014e-5,-5.985605e-4,-8.679756e-4,-4.292497e-4,-7.150308e-4,-6.020982e-5,-8.629418e-4,-1.028583e-4,-3.216988e-4,-2.098931e-4,-6.644895e-5,1.409615e-4,0.001567337,0.001074999,0.001057365,0.001463744,0.002826651,0.00286815,0.006759347,0.09915129,0.3586248,0.4702114,0.2298325,0.040092,0.005908102,0.005051585,0.005020049,0.005791312,0.005317984,0.005506512,0.005700232,0.007019615,0.007595638,0.008700296,0.009090544,0.01031846,0.01143566,0.01240107,0.01370252,0.01450704,0.01575349,0.01639477,0.01731695,0.01845893,0.01971739,0.02054165,0.02163434,0.02370202,0.02517593,0.02672455,0.02920141,0.03032798,0.03198419,0.03342014,0.03451461,0.03617039,0.03733827,0.03935446,0.04085242,0.04217309,0.04392919,0.04581086,0.04664705,0.04843601,0.04985553,0.05043894,0.05227882,0.05385047,0.05531107,0.05691397,0.05915459,0.05912782,0.06090658,0.06190546,0.06350526,0.06463976,0.06479993,0.06539979,0.0660428,0.0662026,0.06674601,0.06786956,0.06818822,0.06808474,0.06872718,0.06909314,0.06902828,0.07084192,0.07091221,0.07095207,0.0722071,0.0730401,0.07593638,0.07699682,0.07839114,0.07958087,0.08209149,0.0841181,0.08604979,0.09005245,0.09327165,0.09552085,0.1002209,0.1050858,0.1128059,0.1220098,0.1278744,0.1410702,0.211908,0.3953109,0.453454,0.2696186,0.1640209,0.1645327,0.1645703,0.1585252,0.1593053,0.1488711,0.166944,0.1080145,0.2205387,0.06593921
531.966,-0.004619005,0.001568241,0.001800608,6.640862e-4,8.133283e-4,-4.769396e-4,-1.122367e-4,0.001490413,-4.559901e-4,-0.001450242,0.001213947,-3.869695e-4,-9.895729e-4,5.172085e-4,2.330022e-4,4.352761e-4,3.922923e-4,0.001016973,-0.001401457,3.079602e-4,-5.654603e-5,-1.250096e-4,4.379344e-5,4.209928e-5,-2.534289e-4,3.840449e-4,-5.109198e-4,-0.001183547,-7.637917e-4,-2.158848e-4,1.804238e-4,1.107879e-4,7.364459e-4,-0.001828786,3.283788e-4,0.001879775,-0.001409308,-9.570551e-4,-0.002163048,-9.810735e-4,0.001556202,-0.001567727,-0.00115994,-7.588389e-4,-9.445751e-4,-5.816649e-4,5.924496e-4,4.386045e-4,-2.271512e-4,2.827922e-4,-0.0015984320000000001,-2.787263e-4,2.497966e-4,-1.116816e-4,-1.026047e-4,-3.549684e-4,5.299829e-4,1.071574e-4,-6.9401e-4,7.784555e-4,-6.575287e-4,-1.7544e-4,1.60715e-4,3.05668e-4,-5.446106e-5,-5.426837e-5,-9.723479e-4,-7.991839e-5,-1.546898e-4,4.62549e-4,-1.466506e-5,-3.311212e-4,7.392956e-5,-5.628458e-4,9.836275e-4,-7.566875e-4,1.103493e-4,4.210919e-4,3.715711e-4,3.560353e-4,4.613934e-4,0.001554819,0.001452236,0.001408917,0.002561234,0.003033269,0.004679582,0.06000563,0.2867053,0.4597537,0.3153618,0.06978194,0.007688632,0.004343048,0.004795201,0.005396642,0.005407587,0.005503573,0.005280057,0.006716158,0.007109958,0.007748957,0.008432074,0.009766061,0.01100029,0.01164558,0.01255795,0.01372415,0.01454893,0.01590185,0.01682615,0.01752661,0.01861487,0.02001632,0.0207352,0.0218979,0.02342695,0.02480843,0.0267415,0.02870635,0.03009474,0.03232021,0.03317285,0.03411105,0.03533127,0.03669054,0.03872607,0.0399613,0.04081067,0.04263825,0.04444879,0.04518263,0.04720923,0.04883975,0.04950135,0.05042751,0.0524476,0.05428637,0.05559815,0.05698935,0.05869295,0.05990139,0.05986449,0.0623429,0.06239518,0.06301477,0.06346794,0.06418322,0.06416738,0.06496071,0.06513528,0.0655399,0.06612946,0.06645744,0.06699722,0.06732176,0.06740144,0.06861545,0.06893727,0.07040967,0.07190485,0.07367952,0.07516634,0.07757754,0.07884126,0.07975229,0.08172888,0.08466711,0.08671676,0.09070094,0.09607467,0.09827819,0.1032975,0.1108312,0.1177854,0.1268252,0.1434677,0.2677156,0.4375324,0.377413,0.1963353,0.1581379,0.1527694,0.1648556,0.1555461,0.149082,0.1375553,0.1501729,0.1318899,0.1314185,-0.3011204
534.303,-4.573242e-4,-0.004815809,-0.004725973,1.437552e-4,4.828762e-4,-0.0013005,-0.001245963,0.002396493,0.001407326,0.003399424,9.629308e-4,0.00231244,0.001801052,-7.40517e-4,5.890095e-5,0.001030868,-3.653313e-5,4.9227e-4,-1.103735e-4,6.219818e-4,-1.413168e-4,1.803401e-4,1.097294e-4,-6.313424e-4,3.689571e-4,7.07765e-4,5.847415e-4,4.08281e-4,5.762663e-6,-2.16494e-4,5.930238e-4,6.545933e-4,0.00140494,0.001496473,9.316062e-5,-0.001459331,0.001017186,2.448988e-5,6.239102e-4,0.002381326,0.002062778,-0.002492608,0.001132402,0.001937651,3.172078e-4,0.001552508,-0.001278576,-2.367751e-4,-6.473363e-4,0.001892866,-1.197977e-4,-2.625373e-5,7.032903e-4,4.789808e-4,5.162906e-4,9.271893e-4,0.001003314,1.403899e-4,-6.263821e-5,1.990072e-4,-1.196813e-4,-1.434204e-4,-0.001328421,-8.56259e-4,1.281961e-4,3.20237e-4,6.262376e-4,6.064952e-4,5.046254e-4,-6.692459e-5,-1.802634e-4,7.722608e-4,5.192304e-4,0.001144927,-3.521761e-4,-4.968764e-4,7.9681489999999e-4,4.823679e-4,4.041444e-4,4.852354e-4,9.858868e-4,0.001914108,0.002005907,0.002032884,0.00237564,0.004189159,0.03272581,0.2171266,0.4401963,0.351884,0.1241415,0.01258604,0.004389181,0.004228414,0.004867135,0.005262425,0.005728516,0.006182694,0.006666594,0.006634594,0.007034045,0.008089224,0.008829736,0.01004612,0.01043578,0.01191547,0.01283427,0.01374006,0.01479548,0.0156157,0.01669558,0.01761446,0.01861599,0.01973894,0.02064309,0.02206026,0.02339498,0.02518247,0.02643169,0.02758584,0.02990249,0.03171704,0.03248586,0.03365951,0.03538683,0.03641174,0.03801469,0.03874097,0.04052014,0.04212592,0.04357923,0.0450179,0.04623711,0.04707228,0.04947154,0.04924778,0.05126252,0.05259827,0.05431833,0.05537754,0.05661915,0.05765358,0.05890217,0.059912,0.06076759,0.061082,0.06151923,0.06266871,0.0627898,0.06210809,0.06328281,0.06383913,0.06506317,0.06493074,0.06535472,0.06478765,0.06546273,0.06657244,0.06728985,0.06841613,0.07005915,0.07083502,0.07351851,0.07488989,0.07656781,0.07827848,0.08023187,0.08391554,0.0866901,0.08913382,0.09198569,0.09660478,0.1008406,0.1096685,0.1193388,0.1239099,0.165711,0.3335273,0.431351,0.2851694,0.161249,0.1497949,0.146566,0.1532498,0.1529227,0.1641571,0.1594778,0.1783296,0.230539,0.205102,0.5250977
536.641,0.004224392,-1.254052e-4,-2.250985e-4,-7.459554e-4,4.576272e-4,0.002482154,-3.419933e-4,-0.007991139,-0.001865303,7.750608e-4,7.424118e-5,6.301179e-4,3.333617e-4,-5.720687e-5,-4.67017e-7,4.951457e-4,3.963734e-4,-0.001609969,2.386643e-4,2.049185e-4,8.789582e-4,6.394104e-4,1.10415e-4,-4.241659e-4,4.0379e-5,-2.532498e-4,1.717646e-4,-4.201437e-5,1.830398e-4,4.527872e-4,-7.639168e-4,-3.798859e-4,-0.00172194,-0.001845374,0.001443776,-0.001543661,-3.21115e-4,6.844558e-5,-3.422719e-4,3.402465e-4,-8.950894e-4,-4.796395e-5,-9.131776e-5,0.001047782,-0.001544041,-0.001452329,-1.992203e-4,0.001464609,6.561071e-4,-7.119142e-4,0.001451111,-0.001283935,-2.855717e-4,5.193652e-4,1.591428e-4,0.001562004,3.1978e-4,0.001114931,7.444378e-4,-8.776395e-4,5.092416e-4,-5.67048e-4,8.630947e-5,3.689809e-4,-3.525674e-4,-9.530036e-4,4.275657e-4,3.023945e-4,4.252286e-4,9.230705e-4,1.107084e-4,-7.182173e-4,-3.959779e-4,3.699263e-4,7.485763e-4,0.00143419,3.415318e-4,5.099698e-4,9.213132e-5,0.001085841,0.001220733,0.001701135,0.001853946,0.003111903,0.003142408,0.01865063,0.1512142,0.408423,0.399888,0.1558361,0.02546013,0.004745173,0.003968827,0.004617501,0.004420598,0.005091973,0.005615867,0.005786133,0.006400463,0.006554435,0.007900702,0.008163099,0.008918711,0.01020088,0.01080316,0.01190768,0.01271096,0.01342151,0.01484853,0.01604626,0.0168081,0.01771599,0.0186828,0.01927705,0.02089949,0.02207834,0.02334712,0.02433235,0.02670823,0.02744947,0.02979201,0.03108441,0.03218305,0.03325373,0.03475835,0.03581363,0.03728497,0.03829756,0.040061190000000003,0.04147983,0.0423544,0.04369844,0.04504479,0.04591261,0.04712206,0.04879556,0.04983535,0.05167485,0.0530341,0.05363371,0.05498258,0.05650096,0.05723126,0.05763004,0.05993476,0.05979111,0.05975232,0.0604467,0.0600705,0.06122237,0.06156097,0.06218425,0.06268658,0.06282875,0.06291069,0.06412033,0.06452766,0.06440388,0.06517072,0.06725956,0.06865925,0.0691094,0.07118393,0.07294608,0.07361017,0.07577627,0.07836614,0.08072888,0.08346574,0.08610731,0.08916629,0.09470103,0.1017007,0.106836,0.114525,0.1252982,0.2166446,0.3904003,0.3804869,0.2084297,0.1460914,0.1476545,0.1453932,0.1470763,0.1525557,0.1518865,0.1615056,0.1717038,0.2321415,0.2875689,0.8689026
538.979,5.019353e-4,0.002102521,-0.001134312,0.001438654,-6.563186e-4,6.994298e-4,-0.002412328,0.002496791,-6.361857e-5,6.376511e-4,-1.996124e-4,-3.439481e-4,-0.001055103,-0.001156514,0.001895388,-4.178597e-4,-0.00255028,6.799683e-4,7.590651e-4,6.575364e-6,-8.764335e-4,5.425446e-4,4.002794e-4,4.703718e-4,-1.694643e-4,3.948528e-4,-3.664497e-4,-8.627436e-4,0.001017745,-4.478123e-4,0.001321869,0.001759578,0.00209184,0.001297271,0.00246593,4.771246e-6,-0.001249481,-4.864101e-5,0.00148129,-7.720154e-4,-0.00139946,-7.669356e-4,-0.001018164,-0.001289738,1.663078e-4,0.002384536,-4.938039e-4,7.882635e-4,-0.001169507,-0.001525256,-0.001156569,5.084699e-4,-7.694838e-5,-5.984676e-4,6.316196e-4,0.001132236,-4.557658e-4,3.219944e-4,0.001124932,0.00112282,-5.690154e-4,6.711464e-4,-0.001254546,9.424268e-4,-1.686401e-4,-9.271157e-4,9.465172e-4,-2.720344e-4,-9.309466e-4,-2.734804e-4,-4.427741e-4,2.944299e-4,-1.743371e-4,-4.784484e-4,9.882011e-5,5.105031e-4,9.418487e-4,6.822486e-4,5.280479e-4,0.001395151,0.002606017,0.00209845,0.002475077,0.00379574,0.008900356,0.1137592,0.3639573,0.4405368,0.2126996,0.03620732,0.005659998,0.004249626,0.005096177,0.004736228,0.004613423,0.004800843,0.005808688,0.005626067,0.006261917,0.007256765,0.007714686,0.008718163,0.009544392,0.01015711,0.01150717,0.01182062,0.01315887,0.01415441,0.01511934,0.0161049,0.01699286,0.0176675,0.01852201,0.01987988,0.02041701,0.02100601,0.0229591,0.02501567,0.02573683,0.02740476,0.02863437,0.030041000000000002,0.03102572,0.03299812,0.03414128,0.03515468,0.03639389,0.03763721,0.03860268,0.04028551,0.04140725,0.0427469,0.04339441,0.04573756,0.04668523,0.04747154,0.04885315,0.04918008,0.0517986,0.05190437,0.05386417,0.05535001,0.05538677,0.05696675,0.05748476,0.05846832,0.05804142,0.05847943,0.05872866,0.05949843,0.05966557,0.06064454,0.06108219,0.0615265,0.06171846,0.0616813,0.06257204,0.06262429,0.06366413,0.0644891,0.06545366,0.06714874,0.06921228,0.07006342,0.07192791,0.07461521,0.07626938,0.07846608,0.08108245,0.08424238,0.08929875,0.09355632,0.09909612,0.1053011,0.1133973,0.137178,0.2761722,0.4074483,0.3095867,0.1597905,0.1405159,0.1410505,0.1416815,0.1437257,0.1484041,0.1482246,0.1504951,0.1753483,0.152328,-5.751271e-4,0.5985254
541.318,-0.003375474,-0.004902573,3.50481e-4,0.001533718,-0.001381762,-0.004791707,3.464687e-4,0.001016463,-0.002832842,2.99942e-4,-8.063073e-4,-3.958042e-4,4.978341e-5,0.001757842,-0.00124965,-0.001181473,-4.324178e-4,5.495793e-4,-5.130174e-4,-9.319812e-4,-0.001094803,-6.690734e-4,-6.029788e-4,1.505268e-4,-1.275504e-4,-4.02161e-4,-7.135757e-4,1.393258e-4,-4.832595e-5,-2.068299e-5,-0.001393954,-8.74121e-4,0.00109622,-0.00171234,-4.178727e-4,-9.869574e-4,0.001363509,-4.439201e-4,-0.001344866,3.521791e-4,-8.898053e-4,-0.001147914,-0.002074187,-8.623936e-4,-9.628418e-4,0.001188943,-1.93107e-4,-0.001211333,-0.001979701,-3.93493e-4,-2.937771e-4,-3.703618e-4,-2.433287e-4,9.538982e-4,0.001232158,0.001778534,-0.001037661,-6.599855e-4,-0.001149865,-0.001567804,-6.398501e-4,-1.767435e-5,-0.001131423,-6.801162e-4,3.995622e-4,-1.671233e-4,-1.033864e-4,2.015918e-4,-2.372418e-4,-1.416209e-5,-3.808312e-5,3.529185e-4,-2.501651e-4,3.505724e-5,-7.647915e-4,1.851828e-4,-2.675746e-4,8.002972e-4,0.00113968,0.001165051,0.001862245,0.002167541,0.002788352,0.005708721,0.06514283,0.3255265,0.4769975,0.2784915,0.06137376,0.006713232,0.004313321,0.003572646,0.003934834,0.004577667,0.004688289,0.005104306,0.005566644,0.005438199,0.006479111,0.007187596,0.007398727,0.008530951,0.009446727,0.01000435,0.01095051,0.01184366,0.0132905,0.01402921,0.01487703,0.01588098,0.01688462,0.01757477,0.01845359,0.01954634,0.02079207,0.02127231,0.02284811,0.02348376,0.02522065,0.02670927,0.02805931,0.02914928,0.03083635,0.03236391,0.03295604,0.03414176,0.03625894,0.03657121,0.03744116,0.03936352,0.04082968,0.04148036,0.04239966,0.04407051,0.04527177,0.04634617,0.04718961,0.04835895,0.04981501,0.05091314,0.0522161,0.05289483,0.05426689,0.05474245,0.05560959,0.05592889,0.0572229,0.05672997,0.05707613,0.05686386,0.05709004,0.0573087,0.0587974,0.05943102,0.05927897,0.06006403,0.06051041,0.06075279,0.06184169,0.06338839,0.06368968,0.06532883,0.06716459,0.06832825,0.07028525,0.07169651,0.07353881,0.07599799,0.07896011,0.08223306,0.08595223,0.09169633,0.09565273,0.1032629,0.1095374,0.1728984,0.3352292,0.3782212,0.2264121,0.1373294,0.1336222,0.1351772,0.1408824,0.1408806,0.1377971,0.1317135,0.1426048,0.1259322,0.1570063,0.1193467,0.7218468
543.658,0.003199654,-0.001213813,0.004951103,-7.493508e-4,0.002018156,0.001432934,3.468848e-4,-0.001298521,0.003025921,0.00195777,1.758673e-5,0.001030309,0.001256714,-6.394742e-4,0.001729616,8.968124e-4,-5.851618e-4,9.665928e-5,-1.57483e-4,0.00059856830000000005,-7.31729e-4,-2.825223e-4,2.461976e-4,4.94705e-4,1.781457e-4,9.420432e-4,5.479325e-4,-4.330774e-5,4.229276e-4,3.344086e-4,6.953836e-4,2.849139e-4,4.113776e-4,0.002291892,0.001645278,4.338401e-4,7.07779e-4,1.242918e-4,7.983716e-4,0.001356963,-0.002040045,0.002614921,0.001472826,5.951613e-4,-9.354064e-5,-2.07029e-4,-1.980698e-4,8.425899e-4,8.604125e-4,6.569303e-5,3.502744e-4,6.052951e-4,8.813939e-4,-4.041089e-4,0.001999568,0.001514787,4.813255e-4,2.502167e-4,8.91279e-4,2.686804e-4,4.57311e-4,-1.185571e-4,5.384217e-4,0.001019419,0.001327884,3.849542e-4,2.64701e-4,0.001615164,-5.354275e-4,0.001563972,-2.16262e-4,5.200351e-4,1.755123e-4,0.001096789,0.001494056,6.741937e-4,0.002199465,0.001396825,0.001365925,0.001790474,0.003130238,0.003271355,0.004184383,0.04259417,0.2256392,0.5026901,0.3720089,0.09960971,0.01078145,0.004032256,0.00409996,0.004186693,0.004143397,0.004103462,0.00488119,0.005132283,0.005806436,0.006306448,0.00671543,0.007353093,0.008239976,0.00872039,0.009697178,0.01028087,0.01093192,0.0122093,0.01290862,0.01399398,0.01520186,0.01595191,0.01685486,0.01761686,0.01829838,0.01938062,0.02055674,0.02140631,0.02202031,0.02360335,0.02536768,0.02698638,0.0282718,0.029892,0.02996108,0.03086932,0.032529,0.03324776,0.03500813,0.03592963,0.03695463,0.03803543,0.03937551,0.04029335,0.04152142,0.04350157,0.04359019,0.045113,0.0464872,0.04728826,0.04834952,0.04973697,0.05051396,0.05161949,0.051991,0.05345356,0.05408741,0.05456019,0.05424035,0.05433959,0.05555583,0.05598335,0.05606836,0.05676714,0.05696442,0.05696315,0.05784248,0.05817807,0.0585106,0.05861552,0.05934081,0.06143068,0.061562070000000003,0.06378099,0.06465829,0.06672476,0.06812154,0.06933646,0.07184109,0.07417563,0.07795695,0.0790875,0.08373814,0.0882232,0.09431054,0.1004494,0.1133436,0.2232884,0.3675592,0.31538,0.1687024,0.1298626,0.1301022,0.1356545,0.1354349,0.1369579,0.1399003,0.1403574,0.1367236,0.1535692,0.2565613,0.1409938,-0.07296383
545.998,0.00232411,0.001850335,0.001842742,-0.003294688,8.231231e-4,2.371795e-4,-0.001622977,-1.049533e-4,7.066271e-4,-0.002738249,0.002346595,-0.001678575,-3.871839e-4,-5.813228e-4,7.173667e-4,5.15922e-5,4.532704e-5,-4.947818e-4,7.880993e-5,3.837743e-4,-5.682007e-5,-2.854657e-4,-5.832085e-4,4.308148e-4,-1.526321e-4,-2.632617e-4,2.850604e-4,2.319574e-4,5.270914e-4,4.566449e-4,2.967818e-4,0.002211259,-8.064061e-4,-0.002511441,0.001621209,-0.001921385,-0.001335508,9.003544e-4,9.644406e-4,-3.931386e-4,0.001363725,7.786693e-4,-8.140775e-4,7.388163e-4,6.186493e-6,-1.514978e-4,-0.002222531,-0.001477538,-2.377575e-4,4.559834e-4,7.387954e-4,-1.221411e-4,-0.001124811,-2.445441e-4,9.850347e-4,7.679749e-5,1.14771e-4,5.277707e-4,3.803254e-4,-2.598308e-4,6.467263e-5,-7.213801e-4,-6.534596e-4,-1.791616e-4,6.890917e-4,7.071144e-4,-4.894074e-4,2.211949e-4,0.001214118,-1.070288e-4,2.388429e-6,-6.321011e-4,3.677668e-4,-3.202816e-4,8.023228e-4,8.529004e-4,0.001167331,0.001586237,0.001035783,0.001426864,0.002670549,0.003377199,0.02471301,0.182523,0.404825,0.4596175,0.1766655,0.01886829,0.003941166,0.003588541,0.004888586,0.004263736,0.004146775,0.004651577,0.005359823,0.005083561,0.005488736,0.006288271,0.006633481,0.007561043,0.007754952,0.009079728,0.009576552,0.01025864,0.01112925,0.01196132,0.01282334,0.0138521,0.01449203,0.01594409,0.01647328,0.01739497,0.01789291,0.01897612,0.02026791,0.02087056,0.0220684,0.02360056,0.02447547,0.0263912,0.02720378,0.02860527,0.02987206,0.03107154,0.03162703,0.03239993,0.03299587,0.03461704,0.03588989,0.0370046,0.03831319,0.03921311,0.04034811,0.04097283,0.04192042,0.04314494,0.04416561,0.04593685,0.04662423,0.04727254,0.04814306,0.04941086,0.04996303,0.05143669,0.05095082,0.05178699,0.05268621,0.05224347,0.05386207,0.05321583,0.05389328,0.0546397,0.0550357,0.05528678,0.05575393,0.05712328,0.05706766,0.05739278,0.05789724,0.0591964,0.06101781,0.06173935,0.06289302,0.06503154,0.06562555,0.06683107,0.07063846,0.07116527,0.07417262,0.07783239,0.08222506,0.08687033,0.09287223,0.09820608,0.132766,0.2742121,0.3669095,0.2414096,0.1352978,0.1233314,0.12715,0.1289331,0.1287989,0.1349103,0.1373471,0.137995,0.1235596,0.1421314,0.131319,0.06464991,-0.4880424
548.339,0.004179746,0.00162288,0.004162158,2.333095e-4,9.647097e-4,0.001795474,0.002089506,5.671665e-4,0.005752897,-1.668313e-4,-0.00206523,0.001084262,0.001019453,0.001524305,2.394736e-4,0.001487387,0.001150417,0.001862509,4.898404e-4,1.109186e-4,9.269361e-4,6.511593e-4,-2.244273e-4,0.001208658,-1.085682e-4,8.782464e-4,0.001235009,3.709839e-4,0.001004826,0.001717308,1.526182e-5,6.167903e-4,0.00251949,3.815486e-4,0.001396994,-6.365036e-4,0.002514571,0.001973407,0.001604711,0.001139707,-0.00153765,-9.784885e-5,4.498611e-4,0.001331223,0.00141608,8.817666e-4,0.001620516,1.515388e-4,-3.775579e-4,-9.051457e-4,-3.445067e-4,0.001326253,-7.935393e-5,9.040396e-4,1.265948e-4,1.652643e-4,0.001531711,-4.22443e-4,-1.343966e-4,-3.246632e-4,-1.282706e-4,-9.259368e-5,-5.543849e-4,3.47741e-4,0.001087898,-5.631084e-5,2.051834e-4,3.654403e-4,6.756718e-4,4.249153e-4,0.001353468,6.645037e-4,6.266639e-4,6.850138e-4,1.676271e-4,8.345597e-4,0.001779699,9.554386e-4,0.002338973,0.002907973,0.004068089,0.01283941,0.130832,0.4035487,0.4169599,0.2440829,0.0486017,0.004715293,0.003866785,0.004119919,0.003385449,0.00475641,0.004401175,0.00509853,0.005089333,0.005422514,0.006528041,0.006353565,0.007068346,0.007435488,0.008299699,0.009182517,0.01001787,0.01028678,0.011668,0.01211326,0.01293623,0.01331823,0.01453644,0.01536444,0.01629965,0.01763042,0.01813101,0.0189703,0.01994437,0.0204103,0.02172698,0.02289956,0.02450817,0.02561663,0.02674063,0.02830616,0.02894623,0.02992245,0.03067298,0.03158067,0.03322846,0.03383812,0.03481295,0.03593228,0.03666083,0.03873267,0.0389333,0.04000508,0.040517450000000003,0.04136336,0.04278495,0.04478214,0.04514165,0.04656409,0.04647346,0.0485752,0.04893438,0.04942674,0.05000452,0.05107414,0.05113136,0.05149773,0.0511426,0.05133936,0.05188467,0.05237151,0.05295436,0.05317421,0.0536153,0.05414054,0.05471943,0.05489446,0.05658226,0.05665059,0.05834317,0.05996273,0.06133846,0.06232203,0.06358886,0.06603318,0.06863672,0.06928699,0.07273015,0.07690267,0.07938043,0.08463683,0.08956797,0.09861651,0.1729943,0.3188828,0.3195537,0.1736296,0.1213691,0.1196886,0.1209891,0.1252745,0.1242384,0.1284732,0.1302636,0.1471514,0.1311667,0.1588651,0.1915821,0.3738085,0.8262994
550.68,-4.761253e-4,0.002251467,-0.004393287,0.001011904,-1.027097e-4,-0.002666752,-0.006051385,2.243367e-4,1.737242e-4,-5.048164e-4,-7.548795e-4,-3.987022e-4,3.409666e-4,-0.002225145,1.802886e-4,-0.00109519,-0.001088084,-0.001221129,1.716516e-4,-0.001395679,0.00155107,-4.660753e-4,-3.601375e-4,-8.615146e-5,-2.134362e-4,-2.531024e-4,-3.502416e-4,2.558435e-4,3.494764e-4,-8.145349e-4,-9.761523e-4,-0.002935989,-7.324178e-4,6.959365e-4,-0.001927302,-8.544562e-4,0.001551134,9.621272e-4,3.5611e-4,-7.269133e-4,9.836793e-4,-9.939282e-4,-0.001443411,-0.001843247,3.153399e-4,-8.043038e-4,4.112972e-4,5.491208e-4,-0.001090936,-0.001860169,5.671763e-4,1.390593e-4,-3.698811e-4,-5.977155e-4,-6.744368e-5,-0.001386866,-3.892511e-4,-0.001091707,4.523703e-4,-2.519351e-4,3.920168e-4,8.010966e-4,-8.851888e-5,1.588103e-4,7.049922e-4,1.196527e-4,-7.967762e-5,6.461342e-4,-9.153847e-4,-4.195008e-5,1.659758e-4,-4.077388e-4,-1.056136e-5,2.224186e-4,5.605245e-4,2.177696e-4,8.97272e-4,0.001108113,0.002205946,0.002976334,0.009501021,0.09151777,0.326871,0.5077786,0.2525225,0.07193202,0.008125061,0.003741641,0.003779433,0.003294147,0.003533786,0.00352253,0.004162537,0.004390719,0.004924928,0.00505673,0.005929001,0.006268828,0.006703428,0.007559297,0.00815787,0.008623999,0.009681839,0.009844971,0.01116382,0.01197009,0.0124868,0.0138318,0.01474984,0.01544185,0.01625025,0.01700004,0.01795357,0.01832909,0.01917432,0.02040447,0.02080469,0.02245524,0.0236515,0.02503247,0.02666862,0.02640639,0.02814898,0.02907989,0.02965723,0.03028153,0.03166084,0.033044,0.03385122,0.03490528,0.03550796,0.03679096,0.03829222,0.038385,0.03935597,0.04088556,0.04114451,0.0425948,0.04357529,0.04396474,0.04555805,0.04613459,0.04701064,0.04782914,0.04828261,0.04871393,0.04925751,0.04922593,0.04997883,0.05033959,0.05047437,0.05031363,0.05051027,0.05109313,0.0520908,0.0525599,0.05240965,0.05265454,0.05322644,0.05527613,0.05632385,0.05677911,0.05861258,0.06073114,0.06151082,0.06453166,0.0655833,0.06652399,0.06987939,0.07258783,0.07787299,0.08370728,0.08697152,0.1043393,0.2232329,0.3351448,0.2496675,0.1321937,0.1122021,0.1164709,0.1195561,0.1167319,0.1220623,0.1203863,0.125101,0.1227924,0.1155577,0.1626297,0.1577303,0.1259731,-0.4476335
553.022,-0.001470542,-1.193403e-4,-5.800425e-4,-0.004294373,-4.528053e-4,-0.003871587,-0.004316118,2.460534e-4,-0.002897334,-0.005490342,-2.615752e-4,-5.967924e-4,-8.27528e-4,-7.024926e-4,-0.003787956,-0.003303151,-2.429552e-4,1.879576e-4,-0.001565772,-0.001220314,-3.352804e-4,-4.955253e-4,-2.255875e-4,-3.031853e-4,-0.00140157,-5.644127e-4,-2.161629e-4,-3.690111e-4,-4.957431e-4,1.72514e-4,-5.472587e-4,-0.001716662,-8.723573e-4,0.001382678,2.458757e-4,-0.003080645,-8.905683e-4,-0.001657885,-0.001602029,-8.462707e-4,-2.228908e-4,2.832293e-4,-0.001176564,-3.533844e-4,3.822865e-4,-0.001329996,-4.557088e-4,-0.00168614,-7.607865e-4,-4.463675e-4,8.976619e-5,-7.536095e-5,-0.002386516,-7.40705e-5,3.694527e-4,6.930062e-4,8.065342e-5,-6.36288e-4,-6.82126e-4,-0.001728522,-5.13087e-4,-9.201391e-4,3.169679e-4,-5.37609e-4,-4.168731e-4,-2.5926e-4,4.690069e-4,-3.052716e-4,-8.103926e-4,-3.38097e-4,-3.646845e-4,3.998978e-4,-6.487266e-5,6.21088e-4,-1.21605e-5,9.986764e-4,9.629067e-4,0.001887554,0.001810488,0.003276895,0.0978426,0.3052248,0.4420305,0.3747325,0.08266094,0.01093919,0.002633675,0.003045779,0.003106053,0.002930383,0.003559875,0.003973511,0.00415809,0.003935801,0.004823119,0.004871222,0.005858272,0.005938499,0.006533704,0.007073253,0.00807737,0.008343069,0.009178458,0.009960624,0.01064178,0.01158966,0.01248039,0.01344607,0.01449358,0.01535628,0.01556538,0.01653026,0.01709676,0.01765368,0.01858696,0.01962685,0.02063619,0.02190122,0.02244109,0.0241275,0.02546999,0.02638063,0.02696168,0.02773586,0.02821003,0.02965514,0.03090347,0.03185506,0.03278971,0.03294615,0.03452372,0.03492517,0.03618983,0.03674583,0.03767811,0.03829079,0.0392125,0.04039603,0.04194407,0.04284776,0.04344315,0.04430323,0.04498747,0.04500141,0.04582899,0.04710078,0.04690435,0.04685697,0.04767845,0.04741621,0.0477622,0.04880973,0.04942217,0.04946454,0.04978859,0.04946455,0.05019364,0.05081097,0.05189498,0.05244991,0.05411488,0.05455674,0.05627977,0.05820642,0.0588166,0.06085292,0.06365482,0.06620622,0.06739931,0.07058126,0.07444287,0.08010947,0.08414405,0.1274947,0.2667651,0.3109093,0.1868985,0.1091851,0.1059987,0.1091271,0.1116136,0.1142771,0.1130559,0.1183468,0.1092421,0.1192965,0.1161056,0.1167241,0.1091118,0.2098129,0.4676632
555.364,-0.002952129,6.24762e-4,-0.003481636,-0.00277398,-0.004868112,-0.002298965,-0.004786824,-0.002636377,-0.004823173,-0.005255142,-0.001050503,-4.47663e-4,-0.001560688,-5.889185e-4,-0.001264009,-0.003096965,-6.042969e-4,-0.002325769,-4.83747e-4,-0.003160989,-5.923921e-4,-9.407808e-4,-6.550089e-4,4.774209e-4,-8.788798e-4,-0.00107562,-0.001170689,1.754882e-6,-0.001318973,-0.001653652,-4.347865e-4,-0.001332252,-0.002649756,-0.001976192,-0.002324423,-0.003374562,-0.002071704,-0.002402303,-0.002295575,-0.002724525,-0.00200585,-0.00117516,-8.780258e-4,-8.927816e-4,-0.001830247,-0.004061414,-0.001934049,-0.001240174,-1.88587e-4,-0.002250539,-0.002228968,-0.001019854,-6.774243e-4,-7.289406e-4,8.11392e-5,1.527552e-4,-0.001644544,-0.002028318,-0.001030477,-3.979448e-4,3.469217e-5,-9.854302e-4,9.717903e-5,-0.001638523,-0.001400987,-0.001570848,-3.79405e-4,5.811622e-5,-3.251181e-4,-9.463845e-4,-0.001020035,2.013587e-4,-4.998484e-4,1.012775e-4,5.57012e-5,6.86803e-4,0.001549181,0.001475701,0.002714544,0.04770951,0.3647215,0.5269779,0.3450482,0.1532035,0.01435566,0.002777127,0.002601205,0.002584268,0.003059395,0.002649268,0.003192194,0.002908903,0.003165109,0.004095464,0.004861487,0.00512889,0.005231692,0.006150467,0.006965398,0.00697848,0.007817491,0.008328837,0.009328484,0.010176610000000001,0.01103674,0.01198407,0.01234317,0.01351803,0.01389292,0.01485117,0.0151171,0.01597334,0.01687596,0.01727689,0.01827352,0.01868422,0.02019305,0.02098659,0.02219031,0.02336426,0.02406384,0.02544591,0.0260986,0.02714215,0.02808215,0.02839744,0.02894932,0.03031596,0.03144073,0.03153665,0.03240874,0.03369947,0.03448174,0.03528743,0.03674848,0.03774911,0.03874028,0.03845522,0.04051757,0.04049101,0.04174295,0.04295032,0.04329883,0.04410733,0.0442937,0.04489391,0.04548714,0.04499646,0.04535439,0.04541233,0.04617316,0.04677841,0.04681048,0.04726311,0.04754444,0.04797508,0.04830953,0.04918424,0.05035586,0.05031538,0.0512322,0.0530798,0.05471943,0.05547497,0.05731727,0.05879399,0.0607754,0.06297115,0.06531588,0.06965763,0.07463644,0.0770368,0.08574449,0.1620755,0.296818,0.2571147,0.1355903,0.101165,0.1030006,0.1051358,0.1079643,0.1068342,0.1060685,0.106473,0.109479,0.1177762,0.110797,0.1128492,0.06512723,0.04404589,-0.285014
557.707,-0.002107257,-8.7271409999999e-4,-4.660624e-4,0.001320888,-0.003005026,0.003040116,-0.003751862,-0.002552326,-0.001931314,-5.502921e-4,5.652395e-4,-1.978226e-4,-5.391822e-4,2.342492e-4,-6.649498e-4,-0.001053069,-3.493308e-4,-0.001193723,-2.010332e-4,-0.001199021,1.242384e-4,-4.976934e-4,1.588083e-4,-7.848671e-4,-4.197978e-4,-4.649113e-4,-4.467912e-5,-3.968517e-4,-3.470224e-4,-3.96891e-4,-0.001603277,-9.511874e-4,0.001025656,-5.352934e-4,-0.002114641,-0.003099048,-0.001425442,-0.001138326,-0.002476007,0.001256928,-2.255309e-4,4.444251e-4,-0.002126003,-2.14758e-4,-0.001101368,3.621669e-4,-8.178952e-4,-6.442099e-4,-9.222055e-4,-0.001985195,-5.717876e-4,-0.001676293,-7.164284e-4,-8.155144e-4,-0.001033185,0.001058926,-5.244983e-4,-9.645285e-4,-3.72786e-5,-0.001603265,-0.001177086,-7.999793e-4,-0.001663666,2.805341e-4,-6.969488e-4,-1.470129e-4,2.929373e-4,2.516668e-4,-1.62689e-4,3.17419e-4,2.369796e-4,8.926992e-4,3.693559e-4,9.714079e-4,1.682467e-4,0.001842289,0.001470359,0.00295047,0.02199577,0.2086991,0.6673192,0.5210878,0.1515224,0.02775685,0.003610392,0.003453149,0.002220856,0.002956454,0.002989869,0.003410017,0.00353428,0.004147779,0.004021416,0.004578953,0.004854496,0.00532697,0.005491099,0.006163409,0.007091874,0.007675212,0.007839881,0.008628973,0.009584487,0.01025016,0.01047242,0.01122972,0.01242467,0.01327043,0.01390641,0.01473701,0.0154473,0.0162254,0.01636792,0.01718273,0.01778288,0.01874983,0.01977842,0.02052971,0.02172383,0.02293059,0.02370149,0.02488032,0.02584317,0.02658922,0.02661035,0.02828507,0.02883086,0.02961528,0.03018622,0.0310894,0.03167363,0.03334138,0.03337065,0.03481765,0.03483853,0.03580436,0.03741154,0.03739588,0.03897219,0.03930575,0.04031567,0.0415401,0.04224375,0.04291894,0.04315893,0.0431889,0.04394114,0.04381592,0.04449773,0.04483032,0.04477203,0.04510375,0.04549185,0.045315,0.04662092,0.04680978,0.04682165,0.04741747,0.04849205,0.04973371,0.05016973,0.05122269,0.05265153,0.05349227,0.05522442,0.05699158,0.05907026,0.06145249,0.06545754,0.06763118,0.07227909,0.07624798,0.0945944,0.2070622,0.2939092,0.1956125,0.1055437,0.09849492,0.1017351,0.1033479,0.1061976,0.1057283,0.1033836,0.1103929,0.1156924,0.113195,0.1081377,0.1113201,0.08952385,0.1826727,0.3318896
560.051,3.577206e-4,2.414583e-4,-0.002696575,8.708091e-4,-0.004337223,3.713335e-4,-0.002822543,-0.002904139,-2.628383e-4,5.894403e-4,-0.001978385,-0.001449772,-0.001916954,-0.001431072,6.021237e-5,-0.002293188,-5.620324e-4,4.54665e-4,-7.004898e-4,2.08149e-4,-8.803365e-4,-1.868165e-4,-2.731796e-4,-5.253963e-4,-4.422606e-5,-5.342054e-4,-6.910956e-4,-6.316924e-4,3.161981e-4,-9.04104e-4,1.224471e-4,-1.143674e-4,-0.002073923,-0.001929607,-0.003217081,-0.002460788,-4.611094e-4,-0.001340273,-7.044684e-4,-0.002069558,-1.812687e-4,-6.203595e-4,-0.001398899,-8.193856e-4,7.840332e-4,1.002696e-4,-0.001491035,-3.058117e-4,-2.519988e-4,-0.002787912,-1.361794e-4,-0.001166316,4.593715e-4,-0.001624745,-0.002188736,-3.135552e-4,-6.015351e-4,-0.00118171,-1.810673e-4,-0.001514831,6.554609e-4,-9.386096e-4,-3.869773e-4,-4.407063e-4,2.421355e-4,-4.506156e-4,-0.001377232,-8.498829e-4,3.796047e-4,-2.465605e-4,8.695823e-4,5.645634e-4,8.051097e-4,0.00147528,0.001334915,0.002298721,0.002709149,0.01047824,0.1234266,0.4206996,0.6509706,0.2898482,0.03675542,0.004673037,0.002794949,0.002307578,0.00283157,0.002070383,0.002741624,0.003351043,0.003496287,0.004059523,0.003921742,0.00464524,0.004921361,0.005490084,0.005374165,0.005847751,0.007101575,0.007233009,0.007433962,0.008227794,0.009125106,0.009355453,0.01034101,0.01140056,0.01207834,0.01292017,0.01362331,0.01438183,0.01518216,0.01590198,0.01630292,0.01694818,0.01789669,0.01828753,0.01938092,0.02007198,0.0212028,0.02263849,0.02316723,0.02401987,0.02483391,0.0255913,0.02642112,0.02667276,0.0281035,0.02876916,0.02935423,0.03033657,0.03101805,0.03192782,0.0330928,0.03400489,0.03393454,0.03533747,0.03679132,0.03615102,0.03718333,0.03804781,0.0393597,0.03990576,0.04015611,0.0412574,0.04130661,0.04167694,0.04144887,0.04249002,0.0427737,0.04196383,0.04300414,0.04371413,0.04397743,0.04449345,0.04417772,0.0447258,0.04572135,0.04593925,0.04643875,0.04783256,0.04823705,0.04929986,0.05071991,0.05236198,0.05349217,0.05611701,0.05717941,0.05958191,0.06236539,0.06567438,0.0695017,0.07409062,0.1203719,0.24724,0.2608977,0.1406876,0.09379543,0.09341145,0.0967017,0.09902348,0.1021762,0.09815787,0.1037473,0.1092563,0.1028846,0.0986511,0.1064664,0.07123683,0.1290068,0.001929292,0.7222797
562.395,-8.360535e-4,0.006183714,-9.318576e-4,0.002157466,-0.001898646,0.001093025,-3.547173e-4,0.004263185,-4.560896e-4,0.002991202,-0.00111064,-0.001007654,0.002567436,5.444314e-4,4.2669e-4,0.002987872,6.753795e-4,-1.782492e-4,-0.001583525,8.947406e-4,1.276149e-4,-3.933935e-4,7.541733e-4,7.24874e-4,-1.278979e-4,3.158159e-4,1.161946e-4,8.226919e-4,-2.666925e-4,5.120195e-4,0.001242585,0.001356965,0.002436231,-0.001275415,-0.002967238,0.00240501,-7.085044e-4,-0.00227914,0.002389759,-6.774699e-4,0.001115826,0.001428548,0.002236425,6.599468e-4,-9.623352e-5,7.377928e-4,5.210119e-4,3.035363e-4,1.201845e-5,-8.130626e-4,1.363441e-4,-0.001239891,0.001365328,9.187755e-4,8.575297e-4,6.358946e-4,-6.201519e-4,-8.952674e-4,-4.491296e-4,0.001152893,9.299924e-4,5.334369e-4,8.732855e-4,1.900587e-4,6.843307e-4,6.349758e-4,-4.642426e-4,6.572565e-4,-8.439784e-4,5.959002e-4,0.001285056,8.86903e-4,0.002052841,0.001136382,0.001234436,0.00245665,0.006999222,0.08378433,0.3180916,0.4779803,0.3588671,0.08480581,0.006004328,0.002986268,0.003357493,0.003430897,0.002563009,0.003077705,0.003639847,0.00289092,0.004361818,0.004443324,0.004630178,0.00484593,0.004973716,0.005676769,0.006521508,0.006660565,0.006791692,0.007598707,0.008340556,0.008857327,0.009499453,0.009831609,0.01060764,0.01142312,0.01234953,0.01301755,0.01345596,0.01448506,0.01449502,0.01526425,0.01614055,0.01678769,0.01725915,0.01823281,0.0188855,0.01980578,0.02075222,0.02209616,0.02304576,0.02345348,0.02440564,0.02510181,0.02586229,0.02647604,0.02743764,0.02798534,0.02807305,0.02911629,0.03039258,0.03114955,0.03204429,0.03236529,0.03257195,0.03403713,0.0347908,0.03518383,0.03598579,0.03775061,0.03748148,0.03900677,0.03917267,0.04015167,0.0402636,0.04056597,0.04078913,0.04079547,0.04102387,0.04179076,0.04211044,0.04199847,0.04308338,0.04268573,0.04357647,0.04411484,0.04381489,0.04459677,0.04580869,0.04577827,0.0472861,0.04901076,0.04969211,0.05134157,0.05230631,0.05376058,0.05551477,0.05762515,0.0617751,0.06538776,0.06819148,0.08139184,0.1576232,0.2704524,0.2053338,0.1045944,0.08827808,0.09178973,0.09628225,0.0956149,0.09669825,0.1013321,0.1010062,0.1011042,0.1084107,0.11183,0.1183883,0.1351543,0.2460228,0.1859518,0.7535824
564.74,3.273274e-5,0.001664909,-0.002705269,0.002816206,0.002950995,-1.334918e-5,-0.007226749,0.00137821,0.002312713,-0.003314119,2.27805e-4,0.02013926,2.976967e-4,0.002159042,0.001832229,-3.736563e-4,0.001183869,-9.636244e-4,0.001116159,-9.78943e-5,6.953957e-4,-2.241882e-5,-4.812908e-4,1.985837e-4,-1.701518e-4,-7.950676e-4,4.534017e-4,4.149815e-6,5.996268e-5,-4.901708e-4,6.219475e-4,5.720462e-4,-6.704441e-4,-0.001207172,-7.693868e-4,-0.002176356,-0.002068993,2.688348e-4,0.002634438,0.001738991,4.763367e-4,8.698078e-4,-0.002626631,-3.052859e-4,-0.001946836,-0.002124805,-9.600867e-5,-0.001551298,-0.001161314,0.001129499,1.821796e-4,-0.001894682,-4.216184e-4,0.001878684,0.001694772,7.467171e-4,6.406515e-4,-3.154128e-4,-0.001252707,3.11772e-4,8.329206e-4,-5.369112e-4,0.001157622,1.620228e-4,-6.048454e-4,-1.747318e-4,1.112284e-5,4.068637e-4,-6.550168e-4,9.246137e-4,1.829114e-4,0.001396092,0.001151646,0.001448424,0.00137891,0.004511152,0.06342239,0.2614026,0.4284032,0.3221182,0.104504,0.01134992,0.002713002,0.003120595,0.002966025,0.002972487,0.002803064,0.002573819,0.003698484,0.003131328,0.003987367,0.004294145,0.004444393,0.004726446,0.004834575,0.00551932,0.005889515,0.006669555,0.006789176,0.007404996,0.007619961,0.008753564,0.008676181,0.009775946,0.0103398,0.01142043,0.01160346,0.0130885,0.01382427,0.01387795,0.01475426,0.01508971,0.01537721,0.01621781,0.01701211,0.0175418,0.01856518,0.01933494,0.02027105,0.02079454,0.02177412,0.02267446,0.02364262,0.02399899,0.02487243,0.02540451,0.02636858,0.02693399,0.02730692,0.02850579,0.02966363,0.03039833,0.0304888,0.03141274,0.03172034,0.03308373,0.03372771,0.03458197,0.03493564,0.03536333,0.03675116,0.03692421,0.03810564,0.03769064,0.03864894,0.03932138,0.03982171,0.03959927,0.03978716,0.04041411,0.03987628,0.04091038,0.04059586,0.04101091,0.04230947,0.04182824,0.04264418,0.04307005,0.04257196,0.04455001,0.04629572,0.04670847,0.04677707,0.04932405,0.04915314,0.051181,0.05267799,0.05479297,0.05880883,0.06186244,0.06547908,0.09460208,0.19866,0.2555225,0.1454791,0.08451476,0.08346944,0.08555012,0.08814185,0.08979174,0.09124657,0.09022894,0.09334907,0.09058967,0.07909878,0.07774495,0.07000507,0.03055926,-0.03392361,-0.06669701,-1.441982
567.085,0.004540312,0.001658417,0.002845796,0.007009416,0.0032889,7.31537e-4,-5.950552e-4,1.129602e-4,0.001248102,0.001384273,0.002132716,7.58257e-4,1.99509e-4,0.001867349,8.590341e-4,0.001308879,0.001227509,6.534403e-4,4.514454e-4,0.001007374,5.999114e-4,0.001065897,-2.992669e-4,3.761363e-4,2.03925e-4,2.022783e-4,0.001240409,2.142449e-4,8.646838e-4,-3.006799e-4,-2.177033e-4,6.254798e-4,0.002576331,-9.360551e-4,0.00222749,0.001395559,8.010592e-4,0.002193491,-4.725054e-4,-0.002079757,-0.001220951,0.002010818,0.002942344,7.659506e-4,-3.100175e-4,3.192364e-4,-2.048547e-4,8.634102e-4,0.001524469,0.001367112,-0.0012882220000000001,4.890373e-5,9.904827e-4,3.762741e-4,-1.884321e-4,6.227286e-4,0.002471355,-3.602063e-4,1.131192e-4,4.433032e-4,-6.13549e-5,9.849288e-4,3.334518e-4,0.001037692,0.001109985,9.411419e-4,0.001157412,8.31401e-4,7.781143e-4,0.001957268,8.450994e-4,0.001895886,0.0022534,0.001962564,0.002822445,0.03622607,0.2362893,0.4245333,0.3430933,0.121236,0.01598934,0.004149824,0.003555577,0.00303999,0.004002741,0.002958728,0.003288607,0.00349827,0.003292518,0.004447391,0.003993986,0.004092043,0.004917129,0.004475073,0.005772893,0.005517619,0.006021916,0.006556782,0.007430982,0.007123338,0.007593213,0.008528551,0.008989936,0.009484445,0.01080463,0.01139903,0.01140073,0.01248611,0.01298737,0.01388178,0.0146153,0.01461325,0.01517346,0.01579254,0.01645641,0.01717156,0.01836958,0.01919399,0.0195351,0.02127195,0.02174989,0.0223309,0.0231174,0.02445642,0.02437339,0.02466743,0.02549665,0.02594803,0.02670983,0.02766627,0.02921562,0.02908055,0.03026104,0.03072098,0.03141431,0.03218167,0.03259335,0.03300437,0.03388857,0.03540249,0.03496202,0.03580718,0.03607746,0.03720392,0.03718021,0.03771349,0.03780802,0.03872353,0.03810822,0.03784427,0.03869732,0.03858513,0.03873081,0.04078988,0.04015747,0.04068271,0.04077996,0.04181271,0.04207298,0.04323787,0.04407005,0.04570111,0.04617097,0.04801332,0.0489359,0.04987067,0.05295203,0.05546153,0.05859392,0.06216845,0.06732658,0.1273585,0.228004,0.2195325,0.1075979,0.08172122,0.08259086,0.08768415,0.089158780000000007,0.0886527,0.09227457,0.09469801,0.09782939,0.09666362,0.0976137,0.0883067,0.1053254,0.1102482,0.128731,0.193849,0.4382148
569.431,-0.001501894,-0.002675745,-0.0023736,0.001001116,-0.005952165,-0.003470896,-0.005017377,-0.002039462,0.001473796,-0.003560199,-0.001932659,-0.002797474,-0.00229611,-0.002775808,-0.001847445,-0.001406992,-0.001532978,-0.001961588,-8.248669e-4,-0.001296427,1.34604e-6,-4.549182e-4,4.391341e-4,-9.549689e-4,-8.809789e-5,-6.469233e-4,9.166485e-5,-3.296692e-4,-6.756137e-4,-5.035406e-4,-0.00163399,-0.001192372,-0.003905742,-0.002654443,-0.003486771,-9.528704e-4,-7.356873e-4,-0.001459639,-0.003527994,-0.001099951,-0.001107837,-0.003151553,-0.001351185,-6.598596e-4,-0.002194593,-0.00173496,-0.001247923,-0.00228744,-0.002071485,-0.001737581,-0.001653253,-0.001053358,-0.002405724,-0.001923919,-3.301033e-4,-0.002095813,-0.001052619,-0.001089591,-0.002049821,-1.333318e-4,-0.001435963,1.334494e-4,-0.00109098,-0.001297037,4.638928e-4,-8.766341e-4,-1.734563e-4,-7.131095e-4,-8.101492e-5,-7.465357e-5,4.812017e-4,0.001850838,0.001283017,0.002596294,0.02211886,0.1542374,0.4352374,0.3940605,0.1525636,0.0231242,0.003202594,0.002139851,0.002323581,0.001955104,0.003015226,0.002318897,0.002531263,0.002222291,0.002331196,0.00296267,0.003527584,0.003518031,0.00414135,0.004478741,0.004581051,0.004859397,0.006020101,0.006184241,0.006674822,0.007087684,0.007624703,0.008191526,0.008434388,0.009244177,0.01005037,0.01029168,0.01101141,0.01216498,0.01256863,0.01318289999999999,0.01395156,0.01403096,0.01461369,0.01514004,0.01607105,0.01633061,0.01687287,0.01730387,0.01866337,0.01994342,0.0205775,0.0214904,0.02193352,0.02214093,0.02311316,0.02362812,0.02428338,0.0251919,0.02606597,0.02634649,0.02687616,0.0283498,0.02866106,0.02931789,0.02968846,0.03058554,0.03040558,0.03147062,0.0323737,0.03281484,0.03405213,0.03440887,0.03519186,0.03519734,0.03518055,0.03630684,0.036545,0.03630342,0.03664984,0.03631156,0.03678189,0.03692618,0.03815223,0.03753123,0.03853942,0.03907861,0.03909137,0.03947819,0.04031804,0.04130072,0.04256693,0.04331033,0.04487857,0.04558039,0.04738088,0.04836613,0.0507396,0.05366779,0.05750943,0.0596164,0.07525361,0.1649167,0.2391308,0.1672766,0.08052686,0.07639659,0.07936586,0.08172321,0.08509262,0.08216078,0.08733188,0.08715544,0.0879653,0.08208657,0.08869421,0.08334934,0.08846432,0.03448924,0.00809142,-0.09338951,-0.3723161
571.778,-0.004165783,-3.734828e-4,-0.005011664,-5.403366e-4,-0.001943821,-0.001251303,-0.00180089,-4.368943e-4,1.264863e-4,-0.001529702,-0.001712015,2.541571e-4,1.514924e-4,9.71395e-4,-8.661042e-4,-0.002088398,-0.001530288,3.316674e-4,2.089749e-4,-4.269622e-4,-0.001304194,-4.545485e-4,-2.786175e-4,6.686095e-5,-3.59412e-4,-4.472164e-4,-2.242348e-4,-6.177691e-4,-6.498572e-4,-0.002131361,-8.401208e-4,-1.670366e-4,-0.003910439,-0.00350324,-1.463012e-4,8.893875e-4,-0.002248994,-7.282612e-4,-5.116818e-5,-0.001572413,-8.197256e-4,-3.918838e-4,-4.243974e-5,-1.033561e-4,-0.002088274,2.176894e-4,-2.616766e-4,-4.50294e-4,-0.001820237,-0.001689292,4.075492e-4,4.461037e-4,8.242031e-4,-0.00108069,0.001059916,7.477604e-4,-4.454855e-4,-3.605756e-4,-0.00102247,-1.656414e-4,-4.037414e-4,-0.001372777,2.550966e-6,-1.154558e-4,-8.631354e-4,1.856409e-4,-3.808468e-4,-5.97389e-4,-1.040768e-4,7.020661e-5,0.001460473,0.001360667,0.001792177,0.01198796,0.1224894,0.3315416,0.4507643,0.2093767,0.03483698,0.003713828,0.002909185,0.002469111,0.002315859,0.002282929,0.00197933,0.002487851,0.003027223,0.002739174,0.002930715,0.003257119,0.003866521,0.003537858,0.003963058,0.004431884,0.004932049,0.00578124,0.00586692,0.006026482,0.006617121,0.007458135,0.00765005,0.008189345,0.008721283,0.009384358,0.009662193,0.01045406,0.01152832,0.0121722,0.01235478,0.01305843,0.01327369,0.01394617,0.01421675,0.01500474,0.01536063,0.01648447,0.01681142,0.01742623,0.01814794,0.01969209,0.02045833,0.02017195,0.02147873,0.02169518,0.0222701,0.02288605,0.02354032,0.02422635,0.02508593,0.0254567,0.0266612,0.02745613,0.02838734,0.02873209,0.02892216,0.02934594,0.03033005,0.03033097,0.0306693,0.03206479,0.03250965,0.03319112,0.03364952,0.03356822,0.0342843,0.034775060000000003,0.03496148,0.03504584,0.03542009,0.03515644,0.03500905,0.03636405,0.03660292,0.03712116,0.03721682,0.03737545,0.03757811,0.03828274,0.03955084,0.03971452,0.03978958,0.04170786,0.04305321,0.04410641,0.04537751,0.0476551,0.04978929,0.05251526,0.05580361,0.05933555,0.09866598,0.1963368,0.2200553,0.1208133,0.0732973,0.07322865,0.07678353,0.07987907,0.08319616,0.08347293,0.08462372,0.08304318,0.08425748,0.08707358,0.09031932,0.07715376,0.08194938,0.09483044,0.05929077,0.06954214,0.3079332
574.125,-0.005493492,-0.003084188,8.393021e-4,-0.002178026,-0.003461654,0.001256718,-0.003262454,-5.887075e-4,-0.00572962,-3.69395e-4,-0.00180472,-0.001285399,-0.00121221,3.650746e-4,-0.001619423,-0.00149757,-0.002027643,-0.001793115,-4.619564e-4,-8.005688e-4,-6.413466e-5,-0.001028543,-7.019973e-5,-1.571505e-4,-9.102591e-4,-4.097306e-4,-5.054252e-4,-2.66275e-4,-7.668871e-4,-7.521542e-4,-0.002326196,-0.001268266,-0.002258207,-0.002214458,-0.005225923,-0.002896048,-0.002273876,-7.999466e-4,-0.001196283,3.440692e-4,-0.001303704,-0.001741771,-7.474907e-4,-4.511796e-4,-8.661348e-4,-2.678238e-4,5.761655e-4,-0.002571555,-0.002041353,-0.001339866,-0.00225991,-0.001241735,-0.002655528,-2.605387e-4,-4.928463e-4,-9.476098e-4,1.887856e-4,-2.569635e-4,-0.001999463,-9.986642e-4,-0.001652693,-6.989404e-4,-5.23029e-4,-5.478691e-4,-0.001406626,-6.76987e-4,-3.582022e-4,8.699121e-4,-8.345286e-5,-4.84003e-5,-3.842912e-4,2.432933e-4,0.006121497,0.08548264,0.3023254,0.3923995,0.2669552,0.05911702,0.004535943,0.002646463,0.003087925,0.002900318,0.002230545,0.002971838,0.001872653,0.002274245,0.002781623,0.003018502,0.002570703,0.003663547,0.003367652,0.004230552,0.003832958,0.00469074,0.00509443,0.004914985,0.006114912,0.00598284,0.006365411,0.007252773,0.007207852,0.007805689,0.008562955,0.009487617,0.009529621,0.01025822,0.01032817,0.01138588,0.01220926,0.01260567,0.01307894,0.01365202,0.01416216,0.0149061,0.0150677,0.01584932,0.01606433,0.01673481,0.01763216,0.01855703,0.01961343,0.01996634,0.0204149,0.02116879,0.02133634,0.02214947,0.02310668,0.02340243,0.02390345,0.02483129,0.02548406,0.02651002,0.0271957,0.02708552,0.02765156,0.02853887,0.02922172,0.02981091,0.02985622,0.03051945,0.03121525,0.03163531,0.03207958,0.03268403,0.03392307,0.03363808,0.03388889,0.03396079,0.03380712,0.03402098,0.03449225,0.03479238,0.03511634,0.03478939,0.03594921,0.03616875,0.03651145,0.0372816,0.03771921,0.03905476,0.03928914,0.04147395,0.04202718,0.04279135,0.04426579,0.04590644,0.04798628,0.05136116,0.05370671,0.06369304,0.13066,0.220111,0.1822933,0.08616795,0.0708835,0.07294504,0.07431689,0.07831046,0.07887522,0.08368771,0.08150113,0.0801011,0.08450041,0.08203332,0.07871505,0.08982182,0.07674116,0.0632913,0.03204108,0.1327721,0.1370734
576.472,-0.001020596,0.005984005,8.438503e-4,-0.001348998,0.004575892,-0.002391504,0.002308543,0.002994731,-6.93593e-4,0.001772582,0.003702406,4.637142e-4,0.001726292,0.001046534,7.894032e-8,-1.094449e-4,7.37153e-4,-4.218112e-5,6.31237e-4,-5.840676e-4,3.733926e-6,9.792844e-4,6.583693e-4,3.390501e-4,1.141298e-4,3.253923e-4,4.16101e-4,-5.256533e-4,-4.389514e-4,0.001103506,9.882019e-4,4.645012e-4,8.414808e-5,8.596299e-5,0.001060759,-1.435015e-4,7.865202e-5,7.646336e-4,5.428332e-6,0.001480408,-0.001601373,-5.225967e-4,3.03562e-4,-1.554163e-4,-9.675518e-4,2.185261e-4,6.95278e-4,0.002642046,-7.999222e-4,0.001147035,2.342732e-4,6.158225e-6,5.08094e-5,6.852153e-4,3.689008e-4,-3.482221e-4,0.001794295,4.476046e-4,8.02188e-5,1.060198e-4,-3.062269e-5,0.001040385,-8.806519e-5,1.007857e-4,8.921978e-4,5.29432e-4,0.001849766,9.396565e-4,8.241232e-4,0.001434253,0.003052574,0.00434829,0.06005351,0.2511776,0.4003137,0.2677363,0.08790952,0.00866078,0.002840484,0.002139118,0.003209526,0.003173919,0.003507486,0.002478782,0.002731446,0.002709556,0.00274804,0.002737193,0.003825795,0.003134378,0.00458859,0.004477916,0.004614749,0.005134018,0.005048391,0.005992145,0.00532223,0.006766923,0.006416204,0.007175979,0.007428033,0.008589728,0.008516869,0.008931987,0.009886011,0.01039008,0.01053235,0.01153019,0.0117744,0.01249203,0.0130054,0.01335767,0.01350468,0.01412166,0.01476096,0.01519805,0.01584173,0.01681323,0.01714349,0.01877248,0.01916635,0.020058,0.02031817,0.02079253,0.02073244,0.02158131,0.02206742,0.02268858,0.02352711,0.02474607,0.02550748,0.02609768,0.02653998,0.02729724,0.02794456,0.02749157,0.02813699,0.02863211,0.02956576,0.03020586,0.02983706,0.03107888,0.03151804,0.03214083,0.03149241,0.03188951,0.03275046,0.03302745,0.03305871,0.03313452,0.03304083,0.03366305,0.03373401,0.03432459,0.03435438,0.03540092,0.03527018,0.03614664,0.03691026,0.03696115,0.03887097,0.03977346,0.03987602,0.04141356,0.04291914,0.04410462,0.04770431,0.05053452,0.05394526,0.07713764,0.1654791,0.2155463,0.1348875,0.0718171,0.06682335,0.07035016,0.07353112,0.07556354,0.07720036,0.07849577,0.08143131,0.07915819,0.08542483,0.08461206,0.08158263,0.0862539,0.1119262,0.07824874,0.08505668,0.1394963,0.4287743
578.821,5.329477e-4,-0.001293979,0.001094751,0.002913981,0.002259127,0.00188846,0.002804727,2.4892e-4,0.003296528,0.00272068,0.001110033,1.017726e-4,5.620949e-4,-4.242951e-4,-2.514256e-4,-7.941379e-4,1.692226e-4,-1.36636e-4,-0.001600092,-0.001570635,7.175272e-4,5.210726e-4,2.360668e-4,8.394379e-4,5.325246e-4,-2.44434e-4,2.124464e-4,1.460845e-4,8.740153e-5,3.533155e-4,-2.578826e-4,6.355139e-5,1.52532e-4,-2.114016e-4,0.002295599,7.5483e-4,-4.681556e-4,5.356148e-4,4.88861e-4,4.882702e-4,-3.521669e-4,-6.294382e-4,1.415442e-4,-1.667171e-4,0.002201191,0.0010211,0.001703699,0.001353024,-2.489294e-4,-4.129219e-4,0.001006248,0.002116074,2.706624e-4,-5.418832e-4,-0.001346811,-7.699273e-4,6.217087e-4,-2.897991e-4,-6.020896e-4,8.864771e-4,5.541903e-4,6.85597e-4,-3.489025e-4,7.484816e-4,6.129753e-4,0.001339795,0.00116273,5.389096e-4,0.001456763,0.002048741,0.002687439,0.03415711,0.2115794,0.3887732,0.308439,0.0995623,0.0143592,0.003303046,0.002043683,0.002150775,0.003037597,0.003108019,0.002277607,0.002792998,0.003138501,0.002582149,0.002724731,0.002854923,0.003709245,0.003054298,0.003764168,0.004949612,0.004880338,0.004460742,0.005135164,0.005695338,0.005800882,0.006829645,0.006279634,0.007127327,0.007334808,0.008327244,0.008896673,0.008647198,0.009305112,0.009744556,0.01090744,0.01074188,0.01165338,0.0122303,0.0126697,0.01281456,0.01319456,0.01390634,0.01440726,0.01508145,0.01545707,0.01636359,0.01725166,0.01736092,0.01860725,0.01902067,0.01979363,0.01933479,0.02017065,0.02057219,0.02132806,0.02276071,0.02287049,0.02374978,0.02446629,0.0251769,0.02609681,0.02599031,0.02647656,0.02682685,0.02704009,0.02701882,0.02821683,0.02884764,0.02967465,0.03028809,0.03015949,0.03078851,0.03125421,0.0314375,0.03071246,0.03133117,0.03169117,0.03220463,0.03217341,0.03326949,0.03276793,0.03314293,0.03392244,0.03446417,0.03405473,0.03447949,0.03513963,0.03619488,0.03658046,0.03790887,0.03871818,0.04057123,0.04099534,0.04358524,0.04653727,0.0493654,0.05289292,0.107312,0.1937636,0.1829353,0.09545829,0.06322666,0.06525472,0.06833837,0.07398868,0.07648601,0.07673704,0.07408833,0.07640394,0.0788972,0.0819576,0.07889617,0.08307366,0.08503483,0.08281853,0.09266929,0.09210737,0.1920547,0.2521831
581.169,-0.005536561,-0.002341727,-0.003411404,-0.002082734,-0.004716584,6.240496e-4,-0.002453307,-0.007872243,-7.980615e-4,-0.00389965,-0.001601162,-0.001619338,4.619857e-4,-0.001231472,6.330215e-5,7.609622e-4,-8.366879e-4,-0.001961279,-3.821428e-5,-0.001436418,-0.00133043,-0.001618329,-0.001636919,-9.573691e-4,9.540431e-5,-1.362801e-4,-8.329477e-4,-5.809823e-4,-0.001049589,-0.001449199,-4.844911e-4,-0.003149973,-0.001929901,-0.001586897,-6.919641e-5,-7.470611e-4,-0.001477161,8.020049e-5,-0.003609433,-0.001548629,3.659344e-4,-0.001702554,-0.002967514,-0.00133139,-0.001256008,9.19751e-4,-0.00277343599999999,-0.002965909,-0.001204949,-0.001092847,6.458392e-4,4.140685e-4,1.837556e-4,-0.002394562,-0.001312525,-0.001576937,1.997515e-4,-0.001000177,-1.80336e-4,-8.368637e-4,-0.001469297,-0.001429032,-2.543032e-4,-4.39273e-4,6.79336e-4,-5.219712e-4,-0.001298608,8.626092e-4,8.349478e-4,0.001043992,0.01641771,0.1534347,0.3771529,0.3399111,0.1344761,0.018016,0.00224906,0.001809342,0.002116572,0.002432294,0.00193401,0.002353821,0.001616583,0.002464745,0.001392574,0.002144487,0.002441053,0.002918598,0.002628548,0.003684627,0.003579842,0.003524505,0.004209564,0.004400719,0.004877228,0.005413946,0.005693342,0.00623974,0.006529254,0.007083109,0.007080797,0.007710819,0.007989873,0.008467534,0.009244699,0.009381951,0.01014734,0.01059034,0.01108851,0.01173191,0.01196543,0.01235816,0.0130967,0.01326446,0.0138056,0.01393124,0.01515093,0.01543104,0.01621109,0.0169549,0.0177184,0.01793746,0.01856735,0.01920738,0.01926339,0.01985094,0.02056625,0.02108166,0.02147528,0.02235929,0.02390105,0.02431217,0.02468546,0.02476415,0.02541359,0.02507951,0.02653715,0.02566673,0.0265157,0.0271252,0.02750174,0.02828254,0.02921092,0.02886725,0.03007936,0.0297208,0.02972697,0.029865,0.03049328,0.03044663,0.03062212,0.03127121,0.03172328,0.03134233,0.03136352,0.03237933,0.03315026,0.03354203,0.03373087,0.03411967,0.03494797,0.03641513,0.03716705,0.03842734,0.04023071,0.04264824,0.04316053,0.04676055,0.0628263,0.1376285,0.1998967,0.1421493,0.0680162,0.05874791,0.06287805,0.06457178,0.06903245,0.06921062,0.0714876,0.07455586,0.07363274,0.07436802,0.07806459,0.07278027,0.07592902,0.06360302,0.06622579,0.05797387,0.103257,-0.1079364,-0.06299771
583.519,0.004018194,-0.002091647,0.002199653,0.004545932,6.18316e-4,-0.002029885,8.605621e-4,0.001505044,1.802239e-4,0.003269924,0.001317463,7.858747e-4,-0.002308933,1.220121e-4,-0.001013082,-0.002326224,0.002209046,0.001297092,-0.001022691,-0.001002502,0.001137406,-9.094641e-4,4.039264e-4,0.001072883,6.435508e-4,-3.719318e-4,-5.611727e-4,-8.541167e-4,-5.322149e-4,-5.923472e-4,-5.160867e-5,-2.39782e-4,-0.001001399,-1.635602e-5,0.001391234,9.834989e-4,-0.001566306,-0.002195094,-6.263051e-5,1.224626e-4,5.361043e-4,-0.001248265,-4.613227e-4,-6.373815e-4,0.001046701,-0.001406239,7.999689e-4,-6.314212e-4,-0.001877277,-2.872473e-4,-8.288773e-4,-1.84313e-4,-6.189881e-4,0.001248202,-2.971371e-4,-3.336994e-4,-4.237135e-4,0.00164114,9.858552e-4,8.051148e-4,-7.890326e-4,2.028654e-4,-3.633697e-4,6.894249e-4,3.197848e-4,4.068728e-4,3.409038e-4,8.312875e-4,0.002203959,0.009750466,0.1039815,0.3340642,0.3832673,0.1696049,0.02972428,0.003360999,0.003317365,0.00256897,0.0028077,0.002936645,0.003214035,0.001722067,0.001892399,0.001930842,0.002596566,0.002715069,0.003584223,0.00333045,0.003611705,0.00347564,0.004489025,0.004461732,0.004430488,0.004797942,0.005502175,0.005599337,0.005823599,0.006066131,0.006789139,0.006682196,0.007061384,0.007468508,0.008252972,0.008389611,0.00816628,0.009787447,0.009981144,0.01039005,0.01092495,0.01134777,0.01200829,0.01240156,0.0124699,0.01293231,0.01333052,0.0142415,0.01450443,0.01469188,0.01560126,0.0161671,0.01746122,0.01751594,0.01832672,0.01854747,0.0194031,0.01870736,0.02018438,0.02018749,0.02096046,0.02145734,0.02336529,0.02380089,0.02370901,0.02397171,0.02403215,0.02396107,0.02424901,0.02593385,0.02593229,0.02652083,0.02608164,0.02780435,0.02775593,0.02826737,0.02844651,0.02876953,0.02922102,0.02890875,0.02926481,0.02947337,0.02986544,0.02948159,0.03021119,0.03049217,0.03145335,0.03120864,0.03142855,0.03195172,0.03243649,0.03339542,0.03444962,0.03492044,0.03652187,0.03732402,0.03929294,0.04177264,0.04402255,0.04771332,0.08313583,0.1655194,0.1839944,0.1033094,0.05788088,0.05893727,0.06164163,0.06383345,0.06697371,0.06869271,0.06868995,0.0730594,0.07396912,0.07259403,0.07046977,0.0778273,0.07473374,0.07400384,0.07857337,0.07403179,0.09924956,0.1315861,0.4491371
585.868,-7.672391e-4,6.660329e-4,-0.001839693,-0.003496371,-0.002620562,3.799422e-4,-0.007037884,-0.004907609,-0.003493194,-0.003672307,-0.00161722,-0.001525039,-0.002063208,-0.001308048,-5.091747e-4,-8.775778e-4,-0.001373429,-0.001106776,-5.929919e-4,-5.964702e-4,-1.328983e-4,4.434192e-4,-4.299959e-4,-3.212195e-4,-5.545029e-4,-0.00129723,-0.001191157,-9.059207e-4,8.492864e-5,-0.001359226,-7.263534e-4,-0.001646837,2.923068e-4,-6.4057e-4,-4.889057e-4,-0.002354365,-0.001430902,-0.001129771,5.486543e-4,-0.004393378,-4.771716e-4,-7.567238e-4,-2.811275e-4,-0.001619301,-8.877992e-4,-0.003422582,0.001560077,-5.696448e-4,-0.002594496,-9.191706e-4,-6.932917e-4,-0.002667358,-0.001550046,-1.697342e-4,-8.793294e-4,-0.001324637,-0.001315258,-4.831305e-4,-0.001748076,-8.06388e-4,-0.001754772,3.099073e-4,-2.902481e-5,4.36974e-4,-8.539034e-4,-2.450847e-4,-6.963472e-4,6.017588e-4,0.002833205,0.07048967,0.2762147,0.3984206,0.2178109,0.04156907,0.004153312,0.001517203,0.001555844,0.001560211,0.001373141,0.002830367,0.001529378,0.00175593,0.002240531,0.001176125,0.001930231,0.002376428,0.002363185,0.003107289,0.002544582,0.003017524,0.003800213,0.003573057,0.004540975,0.003981563,0.004923701,0.005280494,0.004922515,0.005530711,0.005749044,0.006330942,0.006820214,0.007128846,0.008206347,0.008187757,0.009034517,0.009216843,0.009641982,0.01005504,0.0104884,0.01086341,0.01136247,0.01192183,0.01223953,0.01250111,0.01303501,0.01328348,0.01398268,0.01425,0.01525386,0.01596022,0.01644783,0.0168652,0.01774226,0.01792921,0.01808999,0.01847348,0.01883184,0.01991681,0.02001883,0.02082186,0.02165674,0.02203518,0.0221293,0.02251947,0.02280704,0.02298416,0.02339509,0.02463386,0.02462144,0.0251479,0.02583408,0.0259372,0.0266342,0.02713872,0.0273392,0.02798816,0.02767931,0.02759446,0.02738434,0.02807145,0.02825661,0.02799656,0.0285311,0.02916442,0.02984781,0.03000555,0.02991811,0.03108399,0.03185677,0.03174017,0.03354219,0.0338775,0.03404354,0.03604643,0.03766408,0.04043128,0.04204902,0.04886633,0.1120841,0.1807761,0.1472539,0.0693692,0.05158286,0.05543639,0.05833893,0.06013982,0.06443766,0.06660397,0.06514859,0.06804653,0.06786116,0.06751729,0.06871049,0.06915077,0.06607573,0.06484404,0.0527962,0.06105055,0.08850139,-0.09383935,-0.5944208
588.219,6.612701e-4,1.628751e-5,0.005287835,0.002692666,0.007298156,0.003975714,0.003212791,0.003397472,0.003639457,-4.841218e-4,1.459538e-4,4.748566e-4,0.001290502,-9.352928e-4,-0.001019515,0.002352062,4.715445e-4,-4.329806e-4,5.548385e-4,9.303785e-4,4.270373e-4,1.111664e-4,2.869873e-4,7.124685e-4,7.206148e-4,3.719652e-4,5.624236e-4,3.17489e-4,1.968619e-4,0.002000486,2.787579e-6,0.001884496,5.098286e-4,0.001150363,-0.002137121,0.001443718,0.001506892,0.002202437,-2.447612e-4,0.001751713,-0.00278295,0.001071711,0.003286549,6.287943e-4,0.001772652,-0.001361735,0.002051076,5.783312e-4,-0.001673127,0.002682237,0.002265331,-6.843165e-4,0.001022522,-1.671349e-4,4.725943e-5,-5.57043e-4,4.285321e-4,-4.869175e-4,5.840028e-4,2.134433e-4,0.001211798,4.766201e-4,1.709501e-4,0.001483401,6.818505e-4,0.001827837,0.001639778,0.004649611,0.04763253,0.2290193,0.4014331,0.2757897,0.06878763,0.005791085,0.001629209,0.001705027,0.003109154,0.002262225,0.002982965,0.001838418,0.003505472,0.003505351,0.003541004,0.002483895,0.003072941,0.003116877,0.003378666,0.003592551,0.003754751,0.003851412,0.004443483,0.003790508,0.004750572,0.004725051,0.005075184,0.005165591,0.005608712,0.005996294,0.006324045,0.006316794,0.006768966,0.007729361,0.007786428,0.008120274,0.008553671,0.009255371,0.009653342,0.009738524,0.0105434,0.0105723,0.011466,0.01158303,0.01191259,0.01225042,0.01270294,0.01318425,0.01369816,0.01400811,0.01442801,0.01531939,0.01592662,0.01652311,0.01731825,0.01745712,0.01797673,0.01780267,0.01872887,0.01941242,0.01966049,0.02012993,0.02060858,0.02141018,0.02193788,0.0219467,0.02290793,0.02260372,0.02356587,0.02315911,0.0241134,0.02438195,0.02526545,0.02532389,0.02532605,0.02608162,0.02655406,0.02668239,0.02620812,0.02651738,0.0267969,0.02720323,0.02755225,0.02787697,0.02795996,0.02844065,0.02857101,0.0287211,0.02926055,0.02999093,0.03037605,0.03080217,0.03194963,0.03284204,0.03450451,0.03533032,0.0370835,0.03934164,0.04156609,0.06148541,0.1408915,0.1773206,0.1073842,0.0549068,0.05135094,0.05400977,0.05800304,0.06059404,0.06204493,0.06504089,0.06677067,0.06817911,0.06804155,0.06641788,0.06769323,0.07043088,0.07332419,0.06528689,0.07690069,0.0849965,0.156534,0.4655722,0.4261541
590.57,-0.001561297,-0.006488034,0.006185208,-3.501379e-4,0.003038524,0.004380228,-0.001742094,-5.824203e-4,-1.111118e-4,0.001714574,-1.474023e-4,-0.001536643,9.356482e-4,9.418004e-4,-6.602099e-9,-4.675356e-4,0.001384947,0.001073739,5.171309e-4,7.833753e-5,-6.247314e-4,5.634564e-5,-0.001130999,2.54343e-4,6.088875e-4,2.320821e-4,8.007382e-4,1.989308e-4,6.483755e-4,0.001546652,7.848685e-4,-8.278348e-4,-0.002540333,0.001542737,-4.101234e-4,0.001225837,-0.001775622,-2.442608e-4,0.001471069,-7.230157e-4,6.644041e-5,-0.002030836,0.001411805,5.741339e-4,-2.235783e-4,3.33107e-4,-0.002109299,-0.001534359,0.001127434,3.01352e-4,-0.00130102,-0.001230534,1.815565e-4,-6.057064e-4,0.001759938,0.001791312,0.002498798,8.745684e-4,8.145246e-4,-1.812834e-4,-2.721108e-4,2.735806e-4,2.05185e-4,0.001881557,5.911154e-4,0.001555108,0.001627965,0.02640548,0.176637,0.3769249,0.3351465,0.1026054,0.0108597,0.002025853,0.002272796,0.001791253,0.001890364,0.002636398,0.002932307,0.002025414,0.002208211,0.002624588,0.002549813,0.002614555,0.002341146,0.003029689,0.0030423,0.003549064,0.003338889,0.004203612,0.003998713,0.003449444,0.004514538,0.004063128,0.005094029,0.00544914,0.005265055,0.005827232,0.005919005,0.006379751,0.00646665,0.007470671,0.007593156,0.007950446,0.008836031,0.008707553,0.008876783,0.00953802,0.01037132,0.01048576,0.01080804,0.01132774,0.01152931,0.01192282,0.01246843,0.01285771,0.01337254,0.01347517,0.01407275,0.01528602,0.01565436,0.01589189,0.0165901,0.01649423,0.01706258,0.01719752,0.01783208,0.01846469,0.01885853,0.01943262,0.02056274,0.02071166,0.02069715,0.02079281,0.02180288,0.02139219,0.02205959,0.02276205,0.0229478,0.02377013,0.02385876,0.02407406,0.02462671,0.02507057,0.02519008,0.02551039,0.02588477,0.02526555,0.0261159,0.02607699,0.026296,0.02657222,0.02718483,0.0270795,0.0278955,0.02790572,0.02844657,0.02914828,0.02925946,0.0306744,0.02989125,0.03150848,0.03185181,0.03441411,0.03541391,0.03864299,0.04127333,0.08428084,0.1628035,0.1514812,0.07534838,0.04716827,0.04915627,0.05274104,0.05424055,0.05868738,0.06052779,0.06044142,0.06470948,0.06330194,0.06524904,0.06451513,0.06625726,0.06442159,0.06728634,0.07024561,0.09332167,0.09483837,0.09601374,0.01425794,0.03627841
592.921,0.005525065,0.002526918,0.002600019,0.001530242,0.002649555,7.640487e-4,-0.004977197,-9.325642e-4,-0.002006678,-7.659087e-4,8.923736e-4,-1.588719e-4,-0.00010362280000000001,-4.998571e-4,1.924246e-4,1.197491e-4,0.001337259,-0.002043724,-1.255192e-4,-8.181073e-4,0.001020946,4.186335e-4,-2.409115e-5,-9.254895e-5,1.184751e-4,-7.034821e-5,8.476022e-4,-7.143698e-5,8.557611e-5,1.428429e-4,0.001377109,2.078397e-6,0.002692025,-0.002928179,2.506611e-4,0.003369636,6.146461e-4,8.988024e-4,0.002939411,0.001219448,0.001157304,-2.966336e-4,-9.202968e-4,9.094022e-4,3.347951e-4,-0.00142417,2.712637e-4,-5.260416e-4,-7.613616e-4,2.606389e-4,-5.553409e-4,0.001370535,3.607045e-4,4.214901e-6,4.350912e-6,-4.837946e-4,-2.274487e-4,4.443514e-5,0.001544807,-0.001017265,-1.687516e-4,0.001307129,0.001911819,0.001331128,5.611576e-4,0.00155539,0.01162291,0.132836,0.3332685,0.350932,0.1555471,0.0191394,0.002864383,0.002569258,0.002499802,0.00303577,0.002612964,0.001867995,0.002637364,0.001896095,0.002565208,0.002792494,0.001978664,0.002051319,0.002627788,0.003101661,0.003630164,0.00389811,0.002679373,0.003726175,0.004173462,0.003713261,0.004473788,0.004067412,0.005053557,0.005448871,0.005442179,0.005781265,0.006168438,0.006227727,0.006726596,0.006742903,0.00710608,0.008127486,0.00829036,0.00860248,0.008900492,0.00932139,0.009775809,0.01014099,0.01046935,0.01072481,0.01120103,0.01150131,0.01153912,0.01198797,0.01257635,0.01314005,0.01373104,0.01414573,0.01413857,0.01566514,0.01519302,0.01596536,0.01647092,0.01658353,0.01734331,0.0176349,0.01834294,0.01867051,0.01917894,0.01995844,0.02023794,0.02022136,0.02019725,0.02081874,0.02118361,0.02132055,0.02198444,0.02269391,0.02284386,0.02304017,0.02401926,0.02396151,0.02443381,0.02398456,0.02442699,0.02465738,0.0246404,0.02494106,0.02530583,0.02564233,0.02559339,0.02618651,0.02671435,0.027299,0.02724216,0.02728106,0.02859515,0.02891164,0.02874419,0.03049243,0.03201328,0.0339615,0.03608127,0.03749001,0.04642963,0.1102206,0.1675106,0.1143967,0.05219903,0.04569495,0.04700622,0.05008882,0.05340952,0.05689701,0.0577102,0.05846459,0.05884011,0.06160282,0.06605852,0.06258643,0.06441189,0.06728836,0.06403006,0.07419917,0.06732027,0.08196316,0.09524859,-0.0149806,0.6567016
595.273,0.002911787,0.002821391,0.002614303,0.003562392,0.00536711,0.006712491,0.002873462,0.005332772,0.006179322,0.001738019,0.002177841,0.001166737,5.223093e-4,6.007579e-6,0.00128803,-5.069238e-5,0.001239917,6.399561e-4,0.002382016,4.216289e-4,2.012258e-4,9.242122e-4,8.45969e-4,8.129596e-4,7.781728e-4,4.723799e-4,6.63932e-4,5.229027e-4,-3.947828e-4,0.001164037,-8.19305e-4,-6.501407e-4,0.002555764,0.001721675,0.003916579,0.001462945,0.001592697,0.00167483,0.001846197,7.917776e-4,6.083891e-4,0.001274128,7.784132e-4,4.066526e-4,0.001472708,0.003307184,0.001420341,6.955682e-4,0.001599056,-5.330342e-4,0.001359957,-1.752028e-4,0.002701829,0.001449037,0.002073425,0.001473893,0.001964497,0.001870549,0.001114369,0.001115586,-3.728778e-4,0.001518337,0.001428567,0.002360039,0.001542963,0.006785501,0.08274298,0.2951697,0.3446975,0.1839454,0.03686181,0.002937834,0.00268523,0.002312857,0.003445721,0.003148821,0.002294582,0.002145085,0.00319117,0.003165474,0.002893167,0.002185728,0.00272211,0.002139874,0.003013909,0.002791663,0.003576175,0.003806431,0.003862053,0.00397619,0.004271867,0.004063281,0.00550949,0.005005338,0.004432398,0.0052111,0.005250243,0.006209044,0.005820706,0.006235231,0.006819308,0.006621116,0.007248904,0.007794959,0.008151744,0.008780059,0.00892552,0.00935357,0.009601942,0.01006289,0.01012409,0.01054943,0.01058144,0.01141014,0.01133402,0.01193742,0.01236301,0.01223239,0.01341577,0.01412216,0.01447529,0.01518184,0.01534449,0.01568173,0.01573673,0.01584406,0.01663885,0.01698674,0.01742793,0.01886193,0.01889764,0.01883664,0.01934646,0.01934728,0.01963566,0.0203119,0.02021853,0.02054494,0.02138412,0.02155772,0.02211495,0.02227735,0.02231169,0.02318399,0.02365566,0.02355503,0.02309474,0.02424826,0.02371675,0.02450085,0.02392793,0.02437863,0.02519897,0.02468273,0.02540168,0.02582066,0.025898,0.02569594,0.02722593,0.02822136,0.0284526,0.02941636,0.03097732,0.03278999,0.03533065,0.03695561,0.06115079,0.1389306,0.1517172,0.08003105,0.04311967,0.044377,0.04594868,0.04886272,0.0535926,0.05647567,0.05570647,0.05721483,0.05986742,0.06205558,0.06228776,0.06186668,0.0647873,0.06085515,0.06888214,0.05901515,0.06405988,0.09552161,0.1743482,0.09286314,0.7806654
597.625,0.002675429,0.002955016,0.005491917,-2.218762e-4,0.008441769,7.69756e-4,0.008900499,0.001677336,0.002222785,6.957526e-4,0.0021838,0.002664783,0.002515015,0.002979998,0.002326545,0.002152309,0.00205516,3.500131e-4,0.001612284,0.001134201,4.671784e-4,3.655023e-4,-7.281474e-5,-1.627337e-4,0.001041191,5.74968e-4,7.418373e-4,5.476618e-4,9.109321e-4,2.868008e-4,8.456038e-4,0.002272598,7.378125e-4,0.002976695,7.785387e-4,0.001392318,-5.440094e-4,0.003428247,0.001856353,0.001111023,5.253796e-6,0.003623567,0.001125579,0.003158561,6.557291e-5,0.003490094,0.001700893,0.001878545,5.768876e-4,0.001299763,0.003143987,0.001250008,8.173713e-4,0.001107963,0.001286562,0.001961533,8.371404e-4,0.00168719,0.001826998,0.002560098,0.001131172,0.001637095,0.002005585,0.001548563,0.004391887,0.05310541,0.233538,0.3539716,0.2009473,0.05180847,0.005518617,0.001434002,0.002616779,0.001864191,0.002145945,0.002410963,0.003235371,0.002253344,0.002446956,0.002889925,0.002862917,0.002159927,0.003253926,0.002636192,0.00331508,0.002983186,0.003448462,0.00345176,0.003741784,0.0040764420000000004,0.003939398,0.004464453,0.004537789,0.004650989,0.004862912,0.005334418,0.00551084,0.005384667,0.005786397,0.005982608,0.006238679,0.006914203,0.007310844,0.007003243,0.007938254,0.008176655,0.008585291,0.009027209,0.009124594,0.0094246280000000009,0.009838356,0.009947498,0.01052199,0.01065327,0.01104211,0.0111716,0.01200439,0.01231836,0.01310668,0.01337838,0.01417069,0.01441248,0.01372368,0.01459278,0.01535222,0.01570141,0.01629466,0.01632465,0.0170441,0.01799421,0.01794499,0.01816711,0.01802332,0.01845427,0.01926556,0.01907222,0.01947273,0.02003342,0.02061289,0.02023294,0.02120167,0.021256,0.02142629,0.0215988,0.0216578,0.02226158,0.02236622,0.02250991,0.02244588,0.02310371,0.02349959,0.02365909,0.02365242,0.02438607,0.02443274,0.02463254,0.02505817,0.02528731,0.0261892,0.0266393,0.0280579,0.02872876,0.02981882,0.03241974,0.03395462,0.03697843,0.08604947,0.1517616,0.1204165,0.05478665,0.04167932,0.04195365,0.04431996,0.04917134,0.04990872,0.05381756,0.05619145,0.05556889,0.05846337,0.05879909,0.05690597,0.06306389,0.06149505,0.0662236,0.06892255,0.06885625,0.06748662,0.07512282,0.1550183,0.1438747,0.08511667
599.978,-0.001323368,-0.003624683,0.001252627,-0.00438958,-0.001395316,-7.816526e-4,-0.002394019,-0.004644728,-4.132131e-4,4.964502e-4,-6.054409e-4,-2.692468e-4,-2.632049e-4,-6.351869e-4,-0.001558462,-7.141266e-4,7.620347e-4,0.001874199,-4.33029e-4,6.4143e-4,-1.649648e-4,-4.213605e-4,-2.925478e-4,3.981331e-4,4.965771e-4,2.855604e-4,2.552824e-5,-0.001072313,2.696721e-5,2.506117e-4,-3.103919e-4,-4.795913e-4,0.00228087,-2.361354e-4,0.001777311,0.002009908,-0.001108157,-0.001164554,0.001243353,-6.100056e-4,-0.002776783,-4.806573e-4,2.000031e-4,2.92869e-4,0.002774909,-0.001491218,8.231061e-4,0.001342643,0.001408339,0.001290878,-7.051456e-4,-0.001613752,0.00118319,4.530409e-5,-1.229385e-4,-6.058807e-4,2.828663e-4,0.001154561,0.001344004,0.001124826,-1.701154e-4,7.387633e-4,0.001977611,0.001720782,0.03064346,0.1829793,0.3410256,0.2480069,0.06495118,0.005981045,0.002198255,0.001512726,0.002021511,0.002826688,0.002026025,0.001224591,0.002610577,0.001630917,0.001100563,0.001196127,0.001726424,0.002349493,0.001960603,0.002099411,0.002348916,0.002719485,0.002773362,0.002992209,0.003005836,0.00308831,0.004098683,0.003736429,0.003931517,0.003982843,0.0042586,0.004547848,0.004497826,0.004657818,0.005674286,0.005721221,0.00604612,0.006342163,0.006802346,0.006767977,0.007495557,0.007650608,0.008402878,0.008692963,0.008882861,0.0088720340000000009,0.009598832,0.009557872,0.009876804,0.01026637,0.01052769,0.01089642,0.01131811,0.01168472,0.01243518,0.01282567,0.01290301,0.013729,0.01398813,0.01405978,0.01439458,0.01458245,0.01510446,0.01578384,0.0165236,0.01634557,0.0175814,0.01719331,0.0170369,0.0179333,0.01822064,0.01897611,0.01905537,0.0187963,0.01871892,0.0198974,0.01993763,0.01996475,0.02048701,0.02124712,0.02148902,0.02163329,0.02157485,0.02183116,0.0217754,0.02165225,0.02251719,0.02245224,0.02357935,0.02317238,0.02324938,0.02362057,0.02377145,0.02397671,0.02434821,0.02556615,0.02653986,0.027256,0.02940371,0.03075348,0.03251556,0.04360417,0.1120578,0.1499578,0.08679378,0.03979017,0.03713309,0.0402369,0.0432631,0.04572721,0.04766355,0.05225695,0.05276608,0.05646175,0.05650334,0.0559459,0.05512372,0.05284973,0.05555423,0.0546595,0.05478934,0.05425377,0.04790672,0.05568403,0.08817098,0.0213149,0.2867491
