Wavelength_nm,800,797,794,791,788,785,782,779,776,773,770,767,764,761,758,755,752,749,746,743,740,737,734,731,728,725,722,719,716,713,710,707,704,701,698,695,692,689,686,683,680,677,674,671,668,665,662,659,656,653,650,647,644,641,638,635,632,629,626,623,620,617,614,611,608,605,602,599,596,593,590,587,584,581,578,575,572,569,566,563,560,557,554,551,548,545,542,539,536,533,530,527,524,521,518,515,512,509,506,503,500,497,494,491,488,485,482,479,476,473,470,467,464,461,458,455,452,449,446,443,440,437,434,431,428,425,422,419,416,413,410,407,404,401,398,395,392,389,386,383,380,377,374,371,368,365,362,359,356,353,350,347,344,341,338,335,332,329,326,323,320,317,314,311,308,305,302,299,296,293,290,287,284,281,278,275,272,269,266,263,260,257,254,251,248,245,242,239,236,233,230
245.598,-0.01693238,-0.009073541,-0.01855428,-0.007427929,0.01049438,-0.006516834,-0.01211059,0.004443268,-0.01364188,-0.008293776,-0.005144476,-0.006458545,-0.004309097,0.00138987,-0.007193293,-0.002397867,-0.006495903,-0.005469194,-6.294497e-4,-5.777844e-4,-0.00127526,-6.972547e-4,-4.278121e-5,-0.002376125,-0.001042328,-0.001512482,3.143378e-4,-0.004030415,-0.004254199,-0.001510459,-0.004252215,-0.003850143,-0.004901108,-0.004827436,-0.008358399,4.312939e-4,-0.002647525,-0.005783387,9.362613e-6,-0.00607866,-0.003152173,-0.001030265,-0.002862691,-0.0051331,-0.007444551,-0.00124927,-0.005663399,-0.006028046,-0.004073239,-1.899673e-4,-0.001925318,-9.05603e-4,-0.00128896,-0.001263307,-0.003241632,-0.002418955,-0.001157401,-0.006094634,-5.561953e-5,-0.004291801,-0.001294914,-0.001636226,-8.070215e-4,0.00184661,-6.411951e-4,-0.00141773,-0.002043619,-0.004587472,-0.003193023,-0.001778533,-0.001626138,-9.930938e-4,-0.002501175,-2.363021e-4,-0.002285633,-0.001210265,3.492732e-4,-0.002034391,-0.002405956,-2.922491e-4,-0.001997485,-9.984009e-4,-0.002427313,-0.002135207,-5.937378e-4,-0.00246143,-0.002155753,-5.20227e-4,-5.684317e-4,-0.00170228,-1.140677e-4,-0.001164122,-3.80066e-4,-1.228819e-4,-1.742292e-4,-0.001590035,-0.00103678,-3.546386e-4,-7.064852e-4,-8.690069e-4,-6.885031e-6,-0.001322029,-0.001198221,-7.540454e-4,-7.999934e-4,-7.282454e-4,-3.12316e-4,-6.090028e-4,-5.824749e-4,-9.826502e-4,-1.837746e-4,-3.595842e-4,-1.343977e-4,1.041997e-4,-2.670894e-4,-7.192283e-4,-5.435378e-4,-2.32569e-4,-5.279674e-4,-8.818649e-5,-0.001153859,-7.94023e-4,-3.725821e-4,-4.718388e-4,-9.711689e-4,-3.403048e-4,-7.419322e-4,-8.764117e-4,-7.393877e-4,-0.001129222,-4.541584e-4,1.855454e-4,-0.001009454,-0.001865327,-0.001450921,-0.001128884,-0.001622268,-3.664285e-4,-6.119738e-4,-1.714066e-4,2.082585e-5,-9.56923e-4,-6.216402e-4,2.736045e-5,-6.879082e-4,3.081176e-4,-3.653433e-4,-3.460917e-4,-2.276135e-4,-6.357189e-4,-3.858771e-4,-7.831137e-5,-5.995821e-4,2.641117e-4,-1.743888e-4,-7.27933e-4,-0.001085454,-5.674113e-4,3.234959e-4,-4.583398e-4,-5.919969e-4,-0.001345431,-0.001825454,-0.00129826,-8.890529e-4,7.012742e-4,-4.780483e-4,4.073955e-4,-2.527257e-4,0.001244036,3.238902e-4,0.001835305,0.005451078,0.005036858,0.006475885,0.005431104,0.006384241,0.007078174,0.008045874,0.002779136,-5.017182e-4,-6.760023e-4,0.006951847,0.05535604,0.3646671,0.8302821,1.075309,0.377746,0.03106528,-0.5008353,0.1437246
247.837,0.005040574,-0.006810762,0.01313578,0.005022393,-0.002082059,-0.01082951,0.003534396,-0.006982647,0.003728191,0.002377901,0.003452301,-2.707258e-4,0.005267438,-0.001715262,0.002254169,0.0029617,1.975291e-4,-5.284537e-4,-0.001157495,-5.681836e-5,-0.00309081,3.552323e-5,-6.498926e-4,-8.682586e-4,-0.001073409,3.435725e-4,-1.345503e-4,-9.024722e-4,-0.002420515,0.002145651,6.189389e-4,-0.005881241,-0.00236785,0.002332281,-0.00759859,0.003327444,0.005363627,0.002856256,-0.005643805,0.001910964,-2.52876e-4,0.001550446,-0.004776031,-0.001020839,-0.001131412,0.001874933,2.319105e-4,-4.428596e-4,-0.00523395,-0.00621502,-0.004344458,-7.261679e-5,-0.002306968,-0.002658047,-0.001590344,-0.003148822,2.831973e-4,0.002484723,1.410817e-4,0.001382156,3.280732e-4,-0.001634184,-0.003561534,0.001536265,-0.002273152,-1.423523e-4,7.955653e-4,-0.001033972,0.003316564,-0.002716876,-0.001699938,-0.003856464,1.814676e-4,2.487475e-4,-1.145068e-4,-7.31053e-5,1.269672e-4,-0.001412107,-0.001454043,0.001447571,-0.001523122,-0.001049162,7.818951e-4,-0.001032525,5.265463e-4,-3.179135e-4,-3.443229e-4,-7.967147e-4,1.191559e-4,7.113312e-4,-3.630843e-4,5.258275e-4,-8.447681e-4,6.360845e-4,3.112721e-4,-3.141285e-4,1.38154e-4,4.036506e-4,7.920793e-4,-7.367389e-4,7.192943e-4,-5.201936e-4,4.921274e-4,1.586465e-4,2.688227e-4,-2.135261e-4,2.963078e-4,-2.709112e-4,-7.657495e-5,-1.532438e-4,-4.21525e-4,-4.955101e-4,-9.882382e-5,-2.850825e-4,-1.857902e-4,-3.190694e-4,1.563146e-4,-5.15808e-4,-8.925779e-4,-4.273438e-4,5.705461e-4,-4.181827e-4,6.975089e-5,-2.877981e-4,-9.644016e-4,5.286599e-4,5.845125e-4,9.783341e-4,9.229471e-5,9.083963e-5,-7.283755e-4,5.861088e-5,-1.483467e-4,-1.675785e-4,5.428221e-4,-2.104444e-4,1.024187e-5,1.757123e-4,0,-1.356711e-4,5.130518e-5,-3.910679e-4,5.496636e-4,3.981812e-4,5.234831e-4,5.925377e-4,8.716865e-4,6.611468e-4,-1.173307e-4,4.222554e-4,8.828128e-4,1.512945e-4,6.299907e-4,-2.864857e-4,6.277431e-5,-8.333424e-4,7.970617e-4,0.001199955,-1.600469e-4,5.381092e-4,2.596272e-4,8.637326e-5,-1.102821e-4,8.101513e-4,2.180279e-4,0.001735643,-2.049066e-4,8.508086e-4,5.040163e-4,0.002234511,0.00242497,0.004441224,0.008462383,0.006717011,0.009231789,0.008341887,0.005671803,0.01069814,0.006257986,0.007041297,0.01300538,0.02149948,0.04543436,0.28009,0.8484436,0.9580144,0.6490517,0.07474757,-0.1595508,0.2538394,1.897826
250.076,-0.00237795,-0.00206293,-8.219186e-4,0.01277028,-0.004863513,-0.005720903,-3.536496e-4,0.006700324,-0.01180779,-0.009089989,0.004973578,0.002493999,0.002701137,-0.004136946,-5.421483e-4,0.004287753,-0.002336588,0.002237929,0.002885227,-0.002372352,0.00323477,-9.400413e-4,0.001729968,-6.320582e-4,1.520681e-4,-8.785159e-4,1.260105e-4,-3.178118e-4,0.001223482,7.54461e-4,0.002639372,-0.002670614,0.009155393,-0.004505594,0.001947053,1.798042e-4,0.003691001,0.001401541,0.002746814,-9.344694e-4,-3.835088e-4,0.002881438,-0.006523475,0.003007663,0.002042127,0.003035526,0.009432989,0.005186173,0.01407444,0.001836664,0.001401816,2.264785e-4,0.003690256,0.002070712,0.005241632,1.247118e-4,-0.003662955,-4.387805e-4,-0.002958562,-5.854763e-4,0.004169981,-0.002545011,-0.002252435,0.002910885,0.002038256,0.007399814,0.001045764,0.003044799,-0.002985616,0.00140098,-0.002607571,5.582919e-5,-0.001082004,-0.001029612,0.001660238,-0.0040702,0.002579138,0.001547733,1.209487e-4,0.00181201,-0.002415987,-0.002981781,-5.113355e-5,-6.527134e-4,-2.298583e-4,-9.702942e-4,-3.180632e-4,0.002253993,7.57719e-4,0.00130802,0.00090655970000000005,-4.284063e-4,-4.279327e-4,5.332445e-4,-7.08481e-4,7.38679e-4,2.647904e-4,-5.664085e-4,8.734307e-4,2.879845e-4,2.923601e-4,0.001497661,9.601061e-4,8.094827e-5,3.291315e-4,-2.616419e-4,8.384535e-4,4.235011e-4,5.824496e-4,-1.878677e-4,-1.873272e-4,2.212653e-4,-2.631689e-5,7.560515e-4,2.512623e-5,8.540954e-4,1.196474e-4,8.444277e-4,0.001203348,-3.713749e-4,-3.196828e-4,5.094546e-5,4.946294e-4,0.001457003,-6.838712e-4,6.839801e-4,-3.001179e-5,3.669597e-5,8.519184e-4,1.973655e-4,0.001014576,6.281173e-4,-1.075629e-4,5.33647e-4,9.557017e-4,9.176736e-5,0.001231469,0.001457363,-6.747721e-4,2.009144e-4,9.221938e-4,1.092689e-4,-2.490585e-6,9.531874e-4,3.18007e-4,0.001119865,4.500257e-4,9.682983e-4,0.001351861,0.001134668,5.85887e-4,0.00107726,0.00105018,0.001957647,4.188626e-4,0.001071905,0.001277847,-2.18478e-4,2.658397e-4,6.843233e-4,0.001300023,0.001879296,-4.568816e-4,8.278007e-4,0.00157311,0.001076868,7.731362e-4,0.001119406,0.003166576,0.002351069,0.008806169,0.006455367,0.01291098,0.009949349,0.007921165,0.01875954,0.01461446,0.01599463,0.01104143,0.01519319,0.02585171,0.04707178,0.2667012,0.9680702,1.450626,0.832267,0.2656315,-0.1292051,0.2960674,-0.3066323,-1.599871
252.317,0.008814954,0.007569017,0.01100684,0.01036836,4.878137e-4,0.01920319,0.008037065,-0.00616701,0.002237669,0.001200159,-0.004748713,-0.001033671,0.001531531,3.726072e-4,-0.004234623,2.903281e-4,0.004662319,0.00656747,0.002769589,-3.278391e-4,0.004823762,9.303252e-4,-0.00139818,-1.546671e-4,4.075164e-4,-0.001092866,-6.229171e-4,-6.043551e-4,-5.555668e-5,-0.002137232,3.037775e-4,-3.293804e-4,-6.707883e-4,0.002829127,0.01065612,-0.003783071,-0.001181842,0.00844393,0.00735303,4.99499e-4,-0.003057078,0.001688665,0.002709867,0.001202739,-0.003471432,0.00146641,0.003539473,-6.946496e-4,0.003004397,-0.001769981,0.002156296,-0.001931205,0.00791299,0.001580749,0.002142424,-4.849104e-4,0.005045302,0.002861067,-0.001989553,0.001145213,0.00449902,0.002661848,1.487441e-5,0.002385792,-0.00536552,5.950118e-4,9.280134e-4,0.003813432,2.861741e-4,-4.815377e-4,-0.001287402,0.001158772,3.588055e-4,0.003486954,5.695812e-5,-0.002428441,5.380735e-5,-0.001848715,0.002770106,0.002880695,-2.975849e-4,0.002649542,2.435213e-4,2.958452e-4,0.002116164,0.001173196,-0.001111212,-0.001268001,-4.827992e-4,0.001172575,0.00136821,0.001284021,6.583644e-5,9.929131e-4,-3.244641e-4,0.001901339,-0.001146805,0.00331968,0.001136216,6.164333e-4,-4.316389e-4,-4.654999e-4,3.019878e-4,3.600034e-4,5.843867e-4,1.613279e-4,-1.223146e-4,3.233129e-4,-3.975922e-4,0.001051332,6.854058e-4,-1.300438e-4,4.611478e-4,5.804988e-4,1.616671e-4,4.936802e-4,-2.129172e-4,-4.592908e-5,-2.576488e-4,9.182424e-4,5.003234e-4,2.271059e-5,6.661101e-4,6.13253e-4,-2.669264e-4,7.567577e-4,5.835547e-4,8.997656e-4,1.253181e-4,-1.816654e-4,-1.367758e-4,-1.294401e-4,9.730864e-4,2.921193e-4,2.889326e-4,-7.882987e-5,1.456211e-5,4.344344e-4,5.93524e-4,-3.362214e-5,6.447823e-4,0.001177548,1.833988e-5,0.001346614,0.001681625,-1.088596e-4,-6.76328e-4,0.001685811,0.001593065,9.685312e-4,0.001255294,3.131107e-5,4.968278e-4,0.001559478,7.247055e-4,7.655024e-4,7.983815e-4,0.001131265,3.703338e-4,0.001940033,0.002441128,0.001542548,-0.001405082,3.315941e-4,0.002566566,0.003006555,0.001874479,0.002848358,0.003724067,0.005947152,0.01018383,0.008243815,0.01237671,0.01557189,0.01516001,0.01272548,0.0124091,0.01534526,0.01672757,0.01760773,0.03640455,0.1626969,0.6950078,1.255566,1.101772,0.4371589,0.06194397,0.1067509,0.1380702,0.777383,2.950329
254.558,0.001226593,0.01602958,-0.002664551,-8.430784e-4,0.003437222,-0.007082294,0.005638405,-0.003156936,0.006084579,0.002646479,0.003827009,0.002535987,-6.060226e-4,0.001289471,-0.002466474,2.72661e-4,0.002501766,6.766646e-4,0.001086608,0.001973701,0.001801389,-0.003925293,-7.176298e-4,0.004418599,0.002561419,0.001354045,6.27883e-4,-0.001258351,-0.001438071,0.002603482,0.002444251,-9.400942e-5,0.01013261,7.3189e-4,-0.007341432,-3.405582e-5,0.007681097,0.001160217,-0.004349899,-0.001206521,0.008235791,-4.637515e-4,1.140363e-4,0.005226844,0.001254455,8.879533e-5,-2.47465e-4,-8.842182e-4,0.001184598,0.00342689,0.00173699,-0.001933657,-0.001556004,-0.001783012,0.001982354,9.289456e-4,-0.005847098,0.00150572,-0.002484161,-0.001885769,0.002794535,-0.001117568,0.003107491,-7.771214e-4,2.41463e-4,1.330879e-4,0.003953559,0.003362163,0.001719136,0.002080859,0.001362767,8.514924e-4,0.003687984,-2.634832e-4,0.002556084,0.00280322,9.146672e-4,-0.001590673,-1.147999e-4,-0.001560393,7.361385e-4,0.001476044,0.002264504,4.483342e-4,0.001177087,-5.973249e-4,1.87489e-4,1.608248e-4,-6.649609e-4,-0.001019458,-0.0011577,2.345185e-4,0.001137613,0.001094286,0.001753949,0.001700503,-1.664835e-4,-8.093541e-4,-1.994018e-4,-5.275873e-4,-2.875278e-4,2.486316e-5,-6.491918e-5,6.967039e-5,3.964403e-4,1.71295e-4,-5.334275e-4,-6.832764e-4,-1.428814e-5,4.799669e-4,2.529548e-4,9.240631e-5,1.286772e-4,4.951355e-5,2.056404e-4,-1.145665e-4,-7.216177e-5,-0.001044456,1.816979e-4,-4.296494e-4,-4.251668e-4,3.916038e-4,-3.526273e-4,-5.139158e-4,-1.501968e-4,-2.640262e-4,-1.913304e-4,-2.097336e-4,7.551998e-5,0.001078484,4.294728e-4,-6.414225e-4,0.001152786,-3.244862e-5,0.001407194,3.913918e-4,4.790613e-4,7.536887e-4,-1.864646e-4,0.001338361,6.925284e-4,5.356166e-4,7.705231e-4,7.684643e-4,-1.489887e-4,-1.446412e-4,4.749561e-4,2.242677e-4,7.874167e-4,0.001176278,3.404885e-4,0.00145349,8.70188e-4,0.001911777,6.939831e-4,8.917149e-4,4.929368e-4,7.309326e-4,2.218843e-4,-9.707361e-5,0.001495909,0.001151276,0.001186989,0.001160827,0.001336989,0.00234584,0.00233646,0.003111242,0.003640746,0.005322365,0.009136126,0.01250823,0.006641021,0.00961038,0.01526266,0.01099851,0.01522232,0.009880335,0.03002348,0.02538502,0.1091166,0.4682232,1.092878,0.9659463,0.4736727,0.07531064,0.05504663,-0.07758081,0.02422521,0.157012,1.550616
256.8,-3.173384e-4,0.01535416,0.01068876,-0.005271243,-0.003760545,-0.01290231,9.702829e-4,0.00334132,0.0048236040000000004,0.005302829,-0.003682827,-0.001294274,0.004967202,0.01067507,-0.001842596,0.002162915,-0.003234559,0.002800688,0.001111516,3.234605e-4,-0.001841879,-0.002966943,-1.620072e-4,0.001382424,8.120843e-5,0.001386922,-4.69943e-4,0.003111042,-0.001526302,8.919861e-4,1.111991e-4,-0.005247022,-0.003481522,0.001478807,-0.003769366,-0.002269867,0.009674083,-0.003694467,8.403588e-4,8.550399e-4,-4.390972e-4,0.003181873,0.00718659,4.198061e-4,0.003227648,-0.006444685,-0.007475763,-0.002753654,-0.002494804,8.873239e-4,-0.002661104,0.001272322,-0.002185291,-0.002148036,-0.001297284,0.003266192,0.003141231,0.005330528,0.004654184,0.005101362,-0.001835911,-0.002374507,2.753857e-4,6.82432e-4,-0.00119814,9.675834e-4,0.001505951,-0.00125601,-2.733021e-5,6.936606e-4,-0.00189181,6.437434e-4,-0.00133908,-0.001755958,-0.001859178,0.002537429,-4.137183e-4,0.001319451,-0.001735319,0.001524866,0.002139313,-2.301467e-4,-0.002366747,0.00130221,-4.151207e-4,-4.871217e-4,-0.001464598,-3.998546e-4,4.926114e-4,7.378112e-4,-0.001492937,9.491309e-4,8.363197e-4,-8.623967e-4,6.585485e-4,-0.001119589,-0.001411836,-8.300421e-4,-0.001096662,0.001584841,4.730048e-5,-1.038242e-4,1.133318e-4,1.037899e-4,-4.268211e-4,1.960385e-4,2.361338e-5,4.875371e-5,2.322992e-4,5.013511e-4,3.318877e-4,4.915695e-4,-4.944796e-5,-1.028069e-4,-3.454684e-4,-7.235876e-4,-1.862342e-4,3.370202e-5,-1.531782e-4,-2.461998e-4,4.82745e-4,-6.463403e-4,-8.781681e-4,8.289939e-4,2.058887e-5,2.398835e-4,8.938761e-4,-2.438805e-4,2.157637e-4,1.689163e-4,0.001484877,1.763545e-4,8.281745e-4,4.886651e-4,3.514113e-4,6.65049e-4,-4.572159e-4,2.417583e-4,8.229378e-4,5.542467e-4,0.001477015,0.001249732,1.515944e-5,2.22388e-4,-3.53126e-4,-2.2532e-4,-2.32594e-4,0.001486964,6.617213e-4,-2.085243e-4,7.619298e-4,2.7769e-4,6.161015e-4,-3.012902e-4,-1.680231e-4,2.742933e-4,2.76753e-4,-1.622714e-4,7.265664e-4,5.370388e-4,5.476266e-4,2.364563e-4,-0.00167154,-6.678065e-4,0.001008081,-4.35336e-4,4.155811e-4,0.002640006,0.004585531,0.005377172,0.01436478,0.01146882,0.01203806,0.01017496,0.01462195,0.01432955,0.01524229,0.01133727,0.03202277,0.05822788,0.3382195,0.9163117,0.9314187,0.5444173,0.09324708,0.08925127,0.02794507,-0.01469444,0.2862259,-0.4271923,2.55325
259.043,0.01273757,0.01404989,0.01428093,0.0096662,0.001947628,0.01472974,0.009433808,0.02396946,0.009798803,0.005853421,0.01214367,0.006632574,0.005444135,0.001124858,0.003250481,0.009066656,8.586963e-4,0.007824107,0.002718315,-6.110387e-5,0.003773262,0.00156669,0.001782523,0.003321766,0.001831187,5.952083e-4,4.527825e-5,0.00258837,0.002962241,-1.790686e-4,0.005042641,0.008243904,0.009019979,0.006359637,-0.005487931,-0.001892992,0.006855193,0.001604903,0.001354731,-0.002578048,0.006494431,0.007840355,0.004538496,0.0010848330000000001,5.984009e-4,0.003676832,0.004900752,0.01079315,0.009622206,-0.004277395,-0.001809758,-2.860781e-4,0.01044783,0.005562623,0.004224415,0.00463406,0.007046703,0.002743534,0.002889778,0.004333226,0.001133075,0.002690673,0.007427169,0.00513635,0.004049197,0.002990533,0.001806127,0.004161639,4.842938e-4,0.00150432,8.466887e-4,0.005375812,0.001411441,0.003307934,-0.002766588,0.002258228,0.002617333,0.001154764,0.001446659,0.001973654,1.101041e-4,0.001100976,0.00272025,9.860668e-4,0.001022535,0.004179119,6.800025e-4,0.001477198,8.035628e-4,0.002331968,0.001058183,9.173859e-4,0.001018741,2.926103e-4,3.874122e-4,8.881306e-4,-9.976524e-4,0.001015355,5.621535e-4,0.001286269,9.629957e-4,7.603519e-4,5.255929e-4,6.610851e-4,8.952545e-4,0.00127395,0.001024341,2.762498e-4,5.021505e-4,8.674105e-5,3.710499e-4,1.441303e-4,8.179383e-6,4.625378e-4,4.337765e-4,0.001163177,-5.005234e-5,9.057805e-4,5.727049e-4,4.85912e-4,0.001016349,1.6653e-4,9.195095e-4,6.596048e-4,7.598175e-4,0.001593566,8.005957e-4,0.002323929,-4.810642e-4,-3.442369e-4,-5.154039e-4,0.001567155,2.047805e-4,0.001155769,0.001012791,0.001133373,8.743781e-4,7.618096e-4,0.001706133,1.00869e-4,-9.768684e-4,6.082597e-4,0.001516503,0.00176807,0.002403109,2.053539e-4,0.001693019,2.228508e-4,0.001059328,0.002162683,1.79692e-4,0.001715074,3.187958e-4,0.001381928,7.967522e-4,0.001104492,7.391766e-4,0.001457669,0.001591149,0.001206931,8.514621e-4,0.001204387,7.020824e-4,1.067891e-4,0.00355914,0.003909517,0.003101227,0.005153307,0.007002287,0.01090766,0.007792821,0.01085074,0.01141819,0.01641484,0.01565057,0.01733941,0.0181669,0.02324929,0.04622937,0.2080918,0.7687156,0.9783992,0.5824192,0.1593905,0.08263612,0.03816576,0.1196442,0.09654187,0.3589049,0.4705549,-0.3191354
261.287,-0.01725521,-0.01010663,-0.01551217,-0.01392317,-0.007007813,0.004446796,-0.005165112,-0.005480203,-0.01161082,-0.01786202,-0.001806809,-0.004345342,3.902465e-4,-0.00664704,0.001437006,-0.002168079,-0.006952244,-0.002569294,-0.005209208,-0.001234271,0.001222983,-0.001824946,-0.002589513,0.00132834,-0.001126693,-0.002036742,0.001899391,-7.212094e-4,-0.002060484,-0.004414716,-0.004137315,0.00366921,-0.004106782,-6.965033e-4,-0.003334423,-0.01270686,-0.005222556,-6.967716e-4,-0.009013714,-0.003546376,-0.01064555,-0.005799948,0.002174865,-0.004440175,-0.001547748,-0.005363227,-0.002102107,-0.005447142,-0.001113787,-1.721225e-5,0.002699516,0.0030857,0.001945285,-0.004950218,-0.005691309,0.001549745,-0.00182123,-0.001954624,-0.005574844,0.001746501,0.001634765,5.145705e-4,0.00184943,-0.002765184,0.001651847,-0.003281824,-0.004031378,-4.311209e-4,-0.001530223,-0.002021297,-0.001856782,-0.001474781,0.001812688,-0.00329239,-6.986125e-4,-0.00115543,0.001324875,-0.001784505,6.692677e-4,-2.084916e-4,0.001729582,-7.706139e-4,-0.001905893,-0.001155786,-0.002337881,-0.001647385,-0.00264138,-0.001412419,-4.293868e-4,0.001770448,-0.00111438,-2.875429e-4,-0.001485768,-9.648927e-4,4.245709e-4,-5.247731e-4,-6.413662e-4,-0.001831472,3.583017e-5,6.272816e-5,9.600038e-5,-9.751399e-4,-9.715554e-4,-3.633608e-4,5.233745e-4,-1.787849e-4,1.805933e-4,1.347344e-4,2.389102e-4,-1.476093e-4,-5.058558e-4,-3.808849e-4,-1.166085e-4,-6.224478e-4,-3.305944e-4,-6.359289e-4,-7.949511e-4,-6.711746e-4,-9.380564e-4,-8.835033e-4,7.95705e-4,-1.225941e-4,-3.883282e-4,1.481382e-5,-0.001048777,-3.037346e-4,-3.554543e-4,6.598151e-4,0.001127296,1.497926e-4,8.850835e-4,2.7863e-4,3.220838e-4,2.715699e-5,-0.001180408,-0.001954495,-7.432956e-4,-3.069345e-4,-6.377007e-4,-9.319417e-4,1.754778e-6,5.615836e-4,-9.608813e-4,-0.001203401,-1.820754e-4,-3.437618e-4,9.414577e-4,9.051647e-4,-4.341268e-4,-6.388462e-4,-9.143819e-4,9.763461e-4,0.001008177,-4.206835e-4,2.689945e-4,1.193285e-4,2.371542e-4,5.321419e-4,-4.899414e-4,4.71996e-4,0.001672982,-0.001543578,-0.001945015,0.001542594,0.00102304,0.001790233,0.004878526,0.006594628,0.007110563,0.007519254,0.005938239,0.01285315,0.01298591,0.01655052,0.01152683,0.02026953,0.0233667,0.04611442,0.1545364,0.5156738,0.8149935,0.6356298,0.1786526,0.03171952,0.02986867,-0.008927836,0.09743795,-0.203068,-0.1745286,-0.6316616,0.6055344
263.532,0.008402122,0.007177624,0.003907317,0.01431454,0.01029575,-0.005851732,1.006182e-4,0.004820669,-0.003296999,0.01062414,0.001171616,-0.001876407,-7.464368e-4,0.002836171,1.434537e-4,-0.001925352,1.624641e-4,0.008993857,-0.004862235,-0.002562129,0.00198124,0.002741845,-0.00102269,2.659895e-4,2.783742e-4,0.002298597,0.001426582,-0.00164681,-0.003145916,0.001816394,-4.914516e-4,0.002918464,0.008593934,0.003669798,0.003168636,0.00521883,0.001674199,0.004427613,6.980721e-5,-0.004319269,-1.80812e-4,0.003407327,1.990522e-4,0.00261874,-0.002977857,-0.001242032,-0.001034516,0.001810213,0.005452598,0.001604276,3.421738e-4,0.003443886,0.003349851,0.001658879,0.002995756,-0.001214279,0.001487257,-0.001599492,-5.757983e-4,0.004721084,4.18533e-4,0.002863174,2.639319e-4,0.001604133,0.002585848,-0.00297181,0.002526467,0.001192689,0.005289097,0.002336501,-6.062962e-4,7.562811e-4,-0.002001219,-0.00199514,7.662449e-5,-7.047203e-5,0.001834207,5.556285e-4,0.001225906,-8.73562e-4,1.294625e-4,0.001440314,-0.0012674610000000001,0.003714636,8.79536e-4,0.001134841,7.899324e-4,2.961779e-4,-3.789898e-4,-4.49063e-4,8.358079e-4,7.180935e-4,0.00111428,-7.637965e-5,8.017911e-4,0.002655188,0.001379417,-2.525223e-5,0.001194635,5.257411e-4,-0.001596185,0.001125531,0.001127328,-2.00111e-4,8.528457e-4,-2.37119e-5,5.37975e-4,-1.40354e-4,-2.160896e-4,1.171483e-4,-3.087562e-5,-2.91049e-4,8.947857e-4,9.927548e-5,8.070576e-4,4.505954e-4,-3.900786e-4,6.342078e-4,-1.276225e-4,8.133386e-4,-7.529252e-4,0.001049059,7.212584e-4,7.571812e-4,4.170495e-4,-2.122491e-4,7.902475e-4,-1.549262e-5,-1.594212e-4,-4.546264e-4,-1.733679e-4,0.001735184,-7.375341e-4,7.554073e-7,0.002009406,8.955534e-4,0.001762175,0.00102463,3.221719e-4,4.113437e-4,8.653475e-4,5.108652e-4,1.342111e-4,-3.786386e-4,9.557079e-4,0.001199114,3.524303e-4,6.134617e-4,3.782937e-4,0.001252346,2.517637e-4,8.934465e-4,0.001475498,0.00128182,0.002786539,8.763182e-4,0.001506916,0.001810948,0.002245557,0.001330921,0.001055492,0.00126067,-4.641353e-4,0.001661367,0.001245208,0.003791797,0.006117343,0.007282875,0.006259898,0.008818688,0.01136491,0.01184898,0.01378193,0.01631862,0.02023288,0.0268103,0.04100694,0.1080154,0.4004017,0.8343879,0.6806491,0.2848537,0.06535532,0.04662823,0.0369551,0.003031584,0.05378887,0.1072397,0.2822147,-0.01425514,2.329768
265.778,0.0181896,-0.01044859,1.819516e-4,0.005950375,-0.005838515,-0.008114208,0.005199252,0.01099807,0.003453422,0.001130246,0.004227531,-1.309789e-4,0.004109732,0.001408543,2.988335e-5,-0.001533194,0.006483181,-0.001498504,0.001793322,0.005296397,0.002781504,3.836169e-4,-6.082986e-4,1.895634e-4,-0.00163002,0.001087129,0.003332419,2.667226e-4,-0.003635075,-0.00100205,0.001720798,-0.001643477,0.002381956,-0.007362729,-0.003685218,7.727039e-4,-6.316633e-4,-0.001621495,0.005682218,0.001428645,-3.454149e-4,5.053573e-4,0.002802368,-0.002311075,4.109445e-4,5.47495e-4,4.25878e-4,5.240669e-4,-0.001690451,-5.852009e-4,-0.002603305,0.00292027,-6.745916e-4,0.003015015,-6.065737e-4,0.004721142,8.03614e-4,-6.214115e-4,-0.002250627,-0.001503794,7.312512e-4,0.001366317,8.050179e-4,1.246327e-4,0.001491253,0.003141854,0.002769063,0.003265615,0.001079876,-0.001822263,0.002940928,-0.00320283,0.001181766,-0.002308115,0.00105355,-3.187741e-4,4.096983e-4,-0.002299946,8.251625e-4,3.987596e-4,6.426257e-4,0.001423145,0.002565857,0.002077025,-0.001383387,-0.002121731,0.002058734,-8.158427e-4,-0.001044266,-0.001373889,9.883941e-4,8.324744e-4,-4.986869e-4,-1.891264e-5,8.309063e-5,-2.173432e-4,6.426708e-4,-2.900713e-4,-4.194003e-4,9.080535e-4,6.049287e-4,6.469392e-4,4.487714e-5,4.72918e-4,7.551551e-4,-2.032787e-4,-7.279227e-4,-6.046474e-4,-3.321842e-4,-2.772078e-4,1.322531e-4,6.843126e-5,-1.107338e-4,2.240893e-4,-2.746519e-4,-3.170978e-4,-8.875057e-5,-1.047545e-4,-2.150314e-5,1.802679e-4,2.768834e-4,2.616515e-4,3.922014e-4,9.172254e-4,-3.0729e-4,-3.600411e-4,5.190113e-4,1.150856e-4,5.537074e-4,-7.065848e-4,-0.001075725,4.444954e-4,7.309253e-4,1.243322e-4,8.068325e-4,7.718326e-4,-1.102911e-4,9.332196e-4,0.001185962,0.001001621,4.682587e-4,-4.510527e-4,8.425497e-4,0.001246422,-6.45893e-4,1.980422e-4,3.540606e-4,-1.797681e-4,0.001155006,2.214203e-4,2.911293e-4,4.414309e-4,-3.092256e-4,0.001414388,7.449827e-4,2.521218e-5,8.253573e-4,0.002177975,0.002197901,0.001108203,1.995185e-4,0.001573049,-0.001351353,0.002051868,0.00309926,0.005401332,0.006142575,0.006829164,0.01165588,0.01132021,0.0098222340000000009,0.009516604,0.01335937,0.0142867,0.02213548,0.02649267,0.08498705,0.316682,0.7071465,0.6928104,0.2914082,0.07425185,0.02336308,0.01839663,0.00854835,0.03883282,0.006687752,0.00526135,-0.02854711,1.218494,-0.1275471
268.025,-0.002047946,-0.005135672,-0.01046311,-0.001890891,-9.966464e-4,0.002594783,-0.0050317,0.01465625,-0.007550816,0.001716335,0.006294471,0.001936303,0.004554427,-0.004805363,0.003421914,-0.001607848,0.003652778,-2.367057e-4,0.002995048,-0.002367814,0.005172996,3.115807e-4,-0.001982326,-4.502636e-4,0.002834007,3.703891e-4,0.00108989,-6.976611e-4,5.892458e-5,9.913719e-4,0.001658549,-0.001914447,-0.001771616,0.01266556,0.004753845,0.001766833,-0.001092206,-0.0052875,-0.008741178,-0.006801998,-0.007227336,8.211172e-5,-0.00650641,0.005602562,-0.001309921,-6.472754e-4,-0.005318601,-0.001667853,-0.001980036,0.003539554,-0.001989667,5.945863e-4,-0.001920093,-4.988991e-4,0.001081527,-0.002497973,0.004186997,0.007085647,8.492738e-4,-9.530125e-4,-0.002051788,0.003095632,0.001192607,0.001393802,0.002572711,-0.001001974,9.941001e-4,9.415792e-4,4.727547e-4,-5.466113e-4,-6.60839e-4,-0.001859764,-0.001440715,0.001376423,4.551852e-4,0.001805016,0.001213563,-1.452833e-5,-5.778261e-4,0.001395681,-0.001176212,-7.431389e-5,-0.001583009,-2.183514e-4,-8.5136590000000007e-05,1.674704e-4,-9.026911e-4,0.00219401,9.161581e-5,-0.001467477,2.654089e-5,-0.001030066,-7.984373e-4,8.761782e-4,9.782573e-4,6.410361e-4,0.001746056,0.00153642,-1.732885e-4,-6.837036e-5,-2.31506e-4,6.186564e-4,1.215925e-5,-1.381038e-4,1.669921e-4,5.614676e-4,-6.213355e-4,-6.325101e-4,4.668203e-4,2.045129e-4,-2.805791e-4,-1.035356e-5,1.011445e-4,-2.121179e-4,4.271902e-4,-3.312506e-4,1.024796e-5,-3.787306e-4,6.082272e-4,3.265508e-4,3.990872e-4,-7.399806e-4,6.525239e-4,-2.790344e-4,4.834567e-4,4.949646e-4,8.063034e-4,9.407874e-4,-5.419006e-4,1.881431e-4,6.287878e-4,-5.118637e-4,4.604634e-4,0.001028263,9.029353e-4,7.076803e-4,3.022334e-4,0.001249886,-7.854674e-4,-2.935518e-4,5.53057e-4,9.143625e-4,0.001397732,8.454944e-4,4.230419e-4,8.266965e-4,4.416993e-4,-2.222173e-4,1.616418e-4,4.595407e-4,7.845973e-6,2.798179e-4,0.001487198,3.237028e-4,2.931826e-4,6.630523e-5,9.233587e-4,0.001768755,0.002042958,0.001525014,0.003409892,5.34684e-4,-4.049606e-5,2.046776e-5,0.004153245,0.006890858,0.01049569,0.008574032,0.0113825,0.01328167,0.01200787,0.01772857,0.01448019,0.01821967,0.02944646,0.05377786,0.2493677,0.6307077,0.7424829,0.382899,0.078103,0.01461382,0.02406184,0.02110735,-0.0513681,0.0382497,0.06554546,-0.009910813,-0.01609917,-1.054468,0.6698363
270.273,-0.02190956,-0.01956487,-0.002704554,-0.005891887,-0.01728891,-0.009485513,-1.283058e-4,-0.01257183,-0.002664547,-0.004441302,-0.001363404,-0.002015068,1.61916e-4,-0.002501532,0.001553022,-0.006090464,-0.006810263,-0.005456753,-0.002975256,8.355882e-5,-0.002282167,-0.001685039,0.001675639,-0.00285053,3.761032e-4,-0.001968491,-0.001181474,-9.678551e-4,-0.002989767,-0.001759462,-0.006383092,-3.533854e-4,-0.001734211,-0.01361453,-0.0053405,0.005645569,-0.009308322,0.001823172,-0.01216859,-0.005941667,-0.003697715,-0.001987668,-0.007811735,-0.004956243,-0.008872278,-0.00460876,-0.002090869,-5.15208e-4,0.001660483,-0.003253809,-1.733028e-4,-0.009450213,0.004936372,-0.003787915,0.005234534,4.283843e-4,-0.005678174,-0.005654159,-0.004302514,-0.001809776,-0.003609602,-0.005455427,-0.004796178,-0.00129583,-0.005299967,-0.001136644,1.920089e-4,1.959738e-4,-0.003003938,-2.181423e-4,0.001403398,0.001962548,-0.002915353,-0.001335382,-0.00218827,-0.002926431,-0.005836625,0.001500559,-0.003255298,-3.1084e-4,-0.002938458,-0.002590949,-9.203848e-4,-0.002985835,-0.001851899,-0.001748896,-3.612966e-4,-9.601136e-4,-0.001338337,-0.00343115,-0.00103842,-0.002373557,-0.001641123,2.026727e-4,-0.001500797,-0.001223874,-8.030563e-4,-4.851708e-4,-3.968668e-4,2.807241e-4,-7.945823e-4,-8.706619e-4,-0.001101173,-0.001925672,-0.001265418,7.321191e-5,-4.330131e-4,-8.423121e-4,-1.148127e-4,-8.032719e-5,9.669163e-5,-8.664807e-5,-6.291716e-4,-1.211111e-4,-3.71392e-4,4.83956e-4,1.710659e-4,-0.001036738,-6.765216e-4,-0.001779694,4.560633e-4,-3.008889e-5,4.233981e-4,-6.951412e-4,-9.78493e-4,2.353125e-4,-0.001294925,-3.613088e-4,-0.001845403,-1.494363e-4,-7.845206e-4,-0.001458761,9.53701e-4,-8.182847e-4,-6.059761e-4,3.786988e-4,-0.001300127,-7.768842e-4,-6.13776e-4,2.631448e-4,-7.366725e-4,-6.964002e-4,-5.246945e-4,-9.130661e-4,3.490058e-4,-9.398097e-4,3.103178e-4,9.661062e-4,-1.14733e-4,6.526464e-4,-3.981188e-4,-1.119054e-4,8.234779e-4,9.593534e-4,-7.231286e-5,8.798532e-5,-1.313786e-4,4.094674e-5,0.00195833,8.612163e-4,-2.969217e-4,-9.664052e-4,-7.901712e-4,-0.001796076,0.005871524,0.009515149,0.01188482,0.01146252,0.01086728,0.01106925,0.01107822,0.01087579,0.0123339,0.01459288,0.03473953,0.2006701,0.5854276,0.7722095,0.4891799,0.1091044,0.0240173,0.01495182,-0.002499884,-0.002824065,-0.03571343,-0.01963852,0.006610776,-0.08667898,-0.2279483,-0.6260537,-1.401797
272.522,-4.005428e-4,-0.006535727,0.01316034,0.007728363,0.008804428,0.0101624,0.006554512,0.003416231,0.02195929,0.006640821,0.004359179,-4.811061e-4,0.001111252,0.004094045,0.01055648,0.007750355,0.001799362,0.005442901,-0.001560178,0.004645528,3.38324e-4,8.671712e-5,0.00459465,0.003485777,0.002473965,0.003237968,2.550984e-4,0.00293335,4.807941e-4,0.005194238,0.01177499,0.007639985,0.002638364,0.002980119,0.007364981,-0.004190591,0.009754767,0.005887868,0.008264903,-3.36358e-4,0.005459618,0.008919993,-0.003415687,0.005463475,0.005633802,0.009590193,0.006148142,0.003448286,0.005481777,0.003054822,0.004809855,0.003341298,0.007010355,0.00840816,-7.386888e-6,-2.109815e-4,0.001836142,0.002759211,0.002717968,-0.001397432,0.004994512,0.004914874,0.00616677,0.001222955,0.001001721,-2.657574e-4,-2.279883e-4,0.005964547,0.001839471,0.004190916,5.063875e-4,0.004585936,0.002303231,0.003827361,0.001684661,0.001134135,0.003225108,0.003566917,0.001188537,-9.05455e-4,0.001483865,0.001020416,7.894625e-4,0.0022579,3.950433e-4,3.95485e-4,0.004278452,0.002772997,0.001010393,6.41975e-4,8.472191e-4,3.176297e-4,0.001142361,0.002542104,0.001728606,5.66167e-4,8.403745e-4,-1.357461e-4,1.3475e-4,7.487532e-4,-3.709456e-4,0.001212675,7.239237e-4,2.792005e-4,0.001346428,9.817862e-4,4.138878e-4,9.404305e-4,0.00114408,0.001160186,8.168731e-4,2.845485e-4,-1.113626e-4,6.284149e-4,5.991207e-4,4.718682e-4,4.215612e-4,8.048335e-4,4.685485e-4,7.839433e-4,0.00110009,0.001527427,0.00138116,0.001081119,1.559838e-4,3.952605e-4,2.58947e-4,7.164457e-4,0.001715472,0.001866268,0.001101144,0.001964402,6.881898e-4,-1.247103e-4,0.001251134,7.130914e-4,2.61516e-4,0.001093351,0.002385151,0.001872182,0.001083993,0.001444403,6.95596e-4,0.001581991,0.001525501,0.001675952,0.001390381,0.001844151,0.002258255,8.352747e-4,0.001198236,0.001593105,0.001561078,0.002378541,0.002063773,0.001901273,0.001635839,0.001843264,0.003068545,0.003348926,0.002589003,0.003090001,-0.001412878,-0.002711286,0.008244011,0.01108852,0.01255399,0.01213016,0.0122169,0.0123345,0.01426989,0.01606469,0.02572546,0.03240357,0.1382726,0.4924258,0.7887572,0.5647089,0.1680808,0.02628346,0.02838452,0.02249231,0.01695974,0.03040473,0.03368367,0.03495708,0.02617586,0.03467189,0.3779578,0.1611463,6.189544
274.772,-0.003841037,-0.02535801,-0.005747236,-0.009160556,-0.01197512,-0.01413529,-0.007501223,-0.01808801,-0.01776716,-0.006529052,-0.005826837,-0.004929186,-0.00106116,-8.207407e-4,-0.01139429,-0.01285942,-0.00317874,-0.002798719,4.134589e-4,-0.005949535,-0.002710761,-0.002874538,-0.001500838,-0.001999743,-7.781508e-4,-0.001918752,-0.002311985,-0.003289479,-0.003310188,0.002787861,-0.005863263,-0.002692189,-0.003791499,-0.004627302,0.007368261,-0.003448501,-0.007904381,-0.00245498,-0.003697071,-0.002068412,0.004069562,-0.006546576,-0.006681864,-0.00358619,6.010456e-4,-0.00407262,-6.036292e-4,-0.004633555,-0.007571216,-5.80304e-4,-0.001808827,0.003248029,-0.001221376,-0.003581668,-9.198638e-4,-0.007884864,2.749332e-4,-0.00636009,-0.002278773,-0.006052975,-0.00165528,-0.006369669,-0.003092999,-2.88397e-4,3.120577e-4,-0.001237603,-0.004530864,-0.003412543,5.291453e-5,-0.002692409,-8.329762e-4,-0.002521972,-0.003499658,-0.00330108,-0.001497646,0.002112268,-0.002223366,-0.002494999,-0.001523036,-0.00261747,-0.004401258,-0.001946654,2.959707e-4,2.918963e-4,-0.002482267,-0.002040818,-0.001006831,-0.001158647,4.075848e-4,-0.002239167,-0.001031425,-3.95348e-4,-0.001316344,-5.33882e-4,-0.002045434,7.69506e-4,-0.001342497,-0.001188153,-6.800076e-4,-0.001685481,-4.258051e-4,-9.250663e-4,-1.394674e-4,6.316831e-4,-0.001191997,-9.130732e-4,-5.770985e-4,-8.392935e-4,-7.724514e-4,-5.300529e-4,-2.675898e-4,-7.131797e-4,-2.906267e-4,-4.312475e-4,-3.008226e-4,-2.617796e-5,-9.380088e-4,-5.593496e-4,-7.188693e-4,7.706824e-5,-5.390838e-4,-3.313364e-4,-2.882234e-4,-0.001186979,-3.642798e-4,5.454012e-5,-4.98886e-4,-0.001273602,-0.001072069,2.418176e-4,-6.557023e-4,-7.189696e-5,-0.00162522,-0.001122972,4.633824e-4,-0.00164528,3.17374e-4,-1.052704e-4,3.405226e-4,2.574186e-4,5.672234e-4,3.16482e-4,-3.337892e-4,-9.284529e-4,0.001326704,-4.485315e-4,-3.473542e-4,1.413749e-4,4.536293e-6,-8.868037e-4,-9.581999e-4,-3.533464e-4,6.974334e-4,0.00148996,0.001477013,9.03236e-4,0.001222855,-4.745632e-4,2.851812e-4,0.001661174,5.39174e-4,0.003115162,-0.008134387,-0.008771779,0.007679629,0.01008851,0.009795709,0.008770196,0.009713872,0.01078105,0.01467005,0.0158368,0.01667206,0.07338507,0.3773194,0.7836668,0.6277713,0.2292943,0.04462275,0.01328884,0.02063322,-0.001601267,-0.01131345,-0.01853731,-0.02326273,0.02734321,-0.002105486,-0.1967394,-0.1255376,-0.439326,-3.387902
277.022,-0.003372621,0.006163432,4.595877e-4,0.003501067,4.981848e-4,-0.02357276,-0.01335359,-0.004524154,-8.332333e-4,-0.003002458,-0.007566491,7.266516e-4,-0.004410111,-0.006356224,-0.005334626,-0.004459207,-0.009507202,-0.005518616,0.002511345,-5.010333e-4,7.579439e-4,-4.695191e-4,-9.245964e-4,-0.00381496,-4.539167e-4,-4.140632e-4,0.001611925,-0.003485686,-0.002757701,0.002589805,-0.004941999,-0.006377296,-0.004257766,-0.01146872,0.003960477,-0.007349337,0.001269013,-0.003710482,-0.00203888,-0.01066328,-0.001901349,5.285082e-4,-4.749805e-4,-0.003879389,-0.00618579,-9.966522e-4,0,-0.001309632,8.211526e-4,-0.001829697,-9.11134e-4,-0.001656113,-0.004423215,-0.004374963,-0.003601768,-0.0017236040000000001,0.003605995,5.325398e-4,-0.002940934,-0.003815314,7.179577e-4,-0.001295769,-0.001095772,-8.46639e-4,-0.003134697,-0.004470437,-0.001640578,-0.004226546,-0.001518938,0.002208288,-0.002325708,-0.003195236,-0.001825391,0.001265405,-4.343728e-4,-0.001678966,-8.252448e-4,-0.001625208,-3.479971e-4,-0.002803732,-8.101246e-4,-0.002182062,-0.001203002,-0.001482601,-0.002550613,-9.875681e-4,-0.001996612,-0.001468144,-0.001745464,-5.372074e-4,-0.001444264,-5.147807e-4,-6.573238e-4,-0.001196026,7.40962e-4,-4.404059e-4,-2.756956e-4,-0.001601784,9.002105e-5,-0.001110338,-4.820211e-5,2.295366e-4,-4.805705e-4,-6.271127e-4,-6.440448e-4,-6.812959e-4,-8.3165e-4,-2.45455e-4,-3.505917e-4,1.833433e-4,-5.260943e-5,3.296222e-4,2.073353e-4,-3.609385e-4,9.399509e-5,-3.245755e-4,-8.132125e-4,7.185198e-4,-2.489631e-4,-8.799966e-4,4.918273e-4,9.540287e-5,4.610915e-4,-6.921401e-4,1.665827e-5,-8.970537e-4,2.206152e-4,-8.173847e-4,-0.001053383,-0.00133353,-7.00311e-4,-0.001016031,-2.539731e-4,-3.713427e-5,-7.924398e-4,5.158793e-5,-1.090964e-4,-7.078272e-4,3.211135e-4,-4.30552e-5,-7.455718e-4,7.960557e-4,1.386626e-4,2.292873e-4,1.112271e-4,-6.137524e-4,-8.440643e-4,6.183034e-4,-6.867309e-4,-4.662218e-4,4.58808e-5,3.078068e-4,4.430911e-4,9.155648e-4,0.001344576,0.001856225,0.001198894,0.001910503,-1.848908e-4,4.493447e-4,0.002699471,7.287943e-4,-0.01105529,-0.01098296,0.007938766,0.009638362,0.01049356,0.009222895,0.00687508,0.01311889,0.01605296,0.01898892,0.03909224,0.2131987,0.6700514,0.7088119,0.3024333,0.05799593,0.03421283,0.02192724,0.01199516,5.746249e-4,-0.01194804,-0.02460797,-0.01537289,-0.0122705,-0.04336242,-0.1490908,-0.08776114,-0.280698,-1.443403
279.274,0.004921973,-9.07953e-4,-2.955416e-4,0.0132912,-0.001378958,0.008027741,-0.006240136,-0.009465666,0.0038563960000000002,-0.001572038,-0.004740401,0.003527002,5.913781e-4,-0.003218246,-8.400008e-4,0.00143022,0.001120284,0.004534541,0.003796748,-0.002147945,0.002552373,-4.89462e-4,-5.49905e-4,-0.001221342,7.700421e-4,-0.001754519,-0.001434737,-2.462241e-5,-0.00102251,0.00327517,-0.001446613,-0.002634429,-0.004091085,-9.704251e-4,5.507366e-4,-0.009083498,0.008431533,-0.004158283,-0.001576868,0.001957572,0.003088376,7.49998e-4,-0.003621964,-0.001033936,6.486807e-4,-0.00136652,-1.770355e-4,-9.120802e-4,0.00855225,-0.002371835,4.963316e-4,0.00113054,-0.003354463,-0.004512518,0.001662683,0.001955727,0.001645147,0.00106726,-0.001890388,9.087378e-4,0.001676587,0.002296001,-0.001334971,-0.001258178,1.55434e-4,-0.003101554,0.001723703,5.705573e-4,-0.003276111,1.730286e-4,4.268251e-4,-0.001449269,-0.001132735,-0.002885384,-0.001108426,0.002789052,7.072973e-4,-1.170577e-4,-1.713789e-4,1.167908e-4,-9.068019e-4,3.140365e-4,3.28243e-4,8.951534e-4,9.647815e-4,-8.911519e-4,6.645858e-4,0.001764372,-1.709965e-4,-3.209096e-4,7.408201e-4,6.649832e-4,0.001531758,-2.193062e-4,0.002275258,1.712367e-4,-2.097935e-4,-5.293415e-4,-6.171384e-4,-0.002049438,-2.19835e-4,-6.330388e-4,3.252782e-4,-4.639695e-4,5.63135e-4,4.119196e-4,2.849803e-4,-4.869974e-4,-2.996437e-4,-1.031947e-4,4.478621e-4,2.628761e-4,1.830177e-4,4.792305e-5,-1.061848e-4,-4.301078e-4,-3.538846e-4,-2.28704e-5,6.858992e-4,-4.673098e-5,6.793457e-4,5.556089e-4,-4.802719e-4,3.931738e-4,-5.318103e-4,2.361762e-4,7.506778e-4,2.422966e-4,1.009238e-4,-1.972262e-4,4.088939e-4,-7.966442e-4,0.001394729,3.840271e-4,0.001256129,0.002119984,0.0611749,5.546603e-4,5.225085e-4,1.156676e-4,-3.8387e-4,-8.097283e-4,2.845458e-4,0.001714765,1.774897e-4,6.506197e-4,7.958448e-4,8.258183e-5,6.35659e-4,9.121705e-4,7.119975e-4,0.001076731,1.755863e-4,0.001167428,0.0011395,0.001389241,0.001569072,0.001750985,0.00145054,0.001927709,0.002924021,0.001075837,-0.01822737,-0.01209556,0.00603813,0.01098677,0.01287749,0.008793174,0.01407319,0.01487895,0.01632462,0.03246737,0.1186145,0.4337112,0.7304799,0.4029954,0.1079975,0.02683209,0.0278371,0.01905181,0.0122631,0.003326481,0.004734376,0.01337113,0.02293939,0.03742356,0.08355102,-0.03355305,-0.03872351,0.01174977,1.662399
281.526,-0.001469807,0.006892364,0.004055362,0.009317107,0.01154037,0.01066459,0.003541034,0.005572732,-2.36085e-4,0.002546301,0.002843428,-0.002805753,0.001059875,0.001493187,3.008062e-4,0.003906982,-0.001026712,0.003120422,6.913583e-5,-4.657346e-4,-3.282152e-5,0.003336725,9.688068e-4,-0.00164379,1.451542e-4,0.001017552,0.002589312,1.184991e-4,-1.765917e-4,0.0025555,4.23405e-5,-0.002489207,0.01142253,0.004540788,-0.006206797,0.005592664,0.002161615,-0.001452993,-0.003889144,0.007874062,-0.002121542,0.002461211,-0.00153322,0.003390295,0.001049813,0.004234443,0.004690295,-0.001105153,0.004093613,-0.001964763,0.002255609,0.002238489,0.003653869,2.519941e-4,0.005389242,0.002053662,4.554216e-4,-0.001041931,0.001182153,0.003843691,0.002228868,0.002126983,0.003146481,0.002404664,0.001530479,0.003600363,0.004619472,1.313413e-4,6.608615e-4,0.003103944,0.002282791,-0.001235167,0.00159804,-3.339099e-4,-4.311238e-4,0.003291955,0.002432607,0.001644039,0.001708983,0.001043102,0.002339818,5.131146e-4,0.001041091,0.001096211,-4.601684e-4,-7.001113e-4,9.086286e-4,0.001490485,2.587086e-4,0.001724935,-0.001320453,-2.12897e-4,0.001300555,-2.172311e-4,4.006321e-4,-2.582158e-4,1.767104e-4,8.678208e-4,2.637116e-4,3.104595e-4,0.001487103,1.011514e-4,2.75019e-4,7.143793e-4,-1.472631e-4,7.889004e-4,1.676612e-4,2.077879e-4,-2.646717e-4,-8.420437e-5,1.223953e-4,3.339814e-4,3.95606e-4,3.084575e-4,5.006646e-4,4.221445e-4,7.16555e-4,-2.563636e-6,6.757462e-4,8.526621e-5,-5.424762e-4,-6.755386e-4,3.00681e-4,6.781622e-4,-2.890182e-4,7.504785e-4,3.261098e-4,3.524886e-4,-0.001081159,8.080114e-7,-2.18715e-4,4.899644e-4,9.386349e-5,0.0014274,0.001154015,3.92293e-4,0.001890739,6.131584e-4,-3.700885e-4,4.568107e-4,0.00168299,0.001332416,0.00128289,0.00216995,7.102311e-4,9.778477e-4,0.001229257,7.794192e-4,0.001030616,0.00120571,4.527152e-4,7.726116e-4,0.001679578,0.001090895,0.001424289,0.002283726,0.00216966,0.002186368,0.002138769,0.005211453,0.004723526,5.390092e-4,-0.02320926,-0.01341899,0.009980474,0.01025871,0.01091962,0.01431203,0.01623559,0.0183204,0.03009698,0.08339849,0.3138618,0.583606,0.5052496,0.1361805,0.03690199,0.03480297,0.03578605,0.02874731,0.01843836,0.001090088,-0.01301462,0.01128925,0.01922395,0.06474823,-0.04927104,0.1912892,0.1871282,0.6032527,2.440404
283.779,0.01072685,0.004836725,0.0174748,0.003309815,-0.002977545,0.01049958,0.01591559,0.00664838,0.01391684,0.007105749,0.006031335,-0.001894088,5.762834e-4,0.004444711,0.001299931,0.002199632,0.003906795,0.004149381,0.003360346,0.006851939,0.001266467,2.64063e-4,2.984003e-5,0.00175324,-0.001330793,7.687616e-4,2.196416e-4,0.002875533,0.002146093,-5.631291e-4,-0.001041829,0.005267438,0.006911384,0.004158932,0.008864499,-0.001685019,0.006329787,0.00490391,-1.919517e-5,-0.001214423,0.003848193,4.696267e-4,-0.005324145,-0.002758669,3.174101e-4,0.004463714,0.008524674,-0.004139782,0.006607569,3.642008e-4,0.002159253,-2.482321e-5,-2.056921e-4,0.003689203,0.003781694,8.054677e-4,-1.396148e-4,0.00525998,0.003219106,0.001432706,0.004112682,0.001818799,0.003674586,-0.001819251,-0.001909163,0.003898548,2.259151e-4,0.005523312,0.004578936,6.595606e-4,4.47294e-4,0.001550746,0.003153383,-5.124866e-4,7.096914e-4,7.606937e-4,-0.001380106,-5.889748e-4,0.00263422,0.00121751,0.002334512,-2.419692e-4,2.169271e-4,2.231978e-4,-2.388853e-4,0.003141752,-2.318518e-4,1.80894e-4,2.24514e-4,-7.745924e-4,2.216008e-4,0.001054516,1.96729e-4,0.001695455,7.360713e-4,8.499674e-4,6.278888e-4,0.001164027,-6.011645e-4,5.376001e-4,5.090947e-4,0.00132291,8.256883e-4,9.160196e-4,-2.589206e-4,-4.603343e-4,7.149998e-4,5.105361e-4,-9.841347e-5,6.982844e-4,-7.201923e-5,-1.654778e-4,2.756788e-4,3.829538e-4,-5.637087e-5,0.001206005,1.421942e-4,9.807532e-4,2.975218e-4,0.001639791,0.001397693,0.001324074,5.845891e-4,2.372294e-4,8.713633e-4,7.199124e-5,4.99491e-4,6.939982e-5,7.153519e-4,7.121493e-4,-9.26483e-4,6.638002e-4,-5.907394e-4,8.112967e-4,-3.40305e-5,0.001081383,0.001244942,8.646747e-4,0.001417657,0.001383968,1.757316e-4,0.001297777,0.001205426,-1.979938e-5,5.933984e-4,1.413822e-5,8.106916e-4,7.417636e-4,5.930641e-4,7.916404e-4,0.001654501,0.001231224,0.001131163,8.047592e-4,0.002676817,0.00219997,9.571124e-4,0.002313791,0.002930405,0.007148071,0.007002467,7.454078e-5,-0.02934083,-0.009783167,0.01098113,0.01143818,0.009887916,0.0121835,0.01803033,0.02474516,0.06306205,0.2514765,0.5133794,0.5000519,0.2056281,0.0564722,0.04249383,0.04192973,0.04128612,0.02311031,0.03226041,0.02449131,0.03077975,0.02673166,0.04851591,0.0133195,0.09015114,0.02656445,0.2321347,0.7019535,0.5731449
286.034,-9.388774e-4,0.004232553,0.01028973,0.01675564,-0.007762341,0.001393455,0.01037203,0.02072811,-4.860742e-4,0.01058612,4.37884e-4,0.001945949,-0.002444517,7.902137e-4,-1.566835e-4,-0.002415569,2.466797e-4,0.004473371,6.594132e-4,-6.869595e-4,0.004876972,0.001059908,-2.813232e-4,0.001054955,-0.001013477,7.751984e-6,-7.449943e-4,6.112175e-4,-4.7886e-4,9.380533e-4,0.003958803,0.001659627,4.766845e-4,-0.001824197,0.001974745,-0.004037853,-0.005691762,0.002967133,-0.001350347,0.002509926,-0.001111619,-0.001416881,-5.195253e-4,0.005967291,3.026862e-5,-0.003105313,0.001216859,-0.002280298,-0.00320604,-3.419483e-4,-0.001019963,-5.158882e-4,-0.001085198,-0.004834748,-0.004149553,-3.654327e-4,0.00117242,0.002789975,0.001761314,-0.001326059,0.002518737,0.002840909,5.537053e-4,0.002683482,0.001456975,-0.001487113,-0.002528308,0.002012167,3.65436e-4,3.827859e-4,6.687146e-4,6.610049e-4,-7.161087e-4,-0.001697108,9.562251e-5,7.848637e-4,8.516445e-4,0.002140071,0.003466196,0.00192364,3.551919e-4,-0.00101856,0.002563775,0.001276897,-6.666765e-4,0.002221409,-4.889956e-5,-3.456177e-4,-0.001455003,-7.203328e-4,1.264192e-4,-9.618476e-4,7.425166e-4,-6.917641e-4,-4.652619e-4,5.062615e-4,0.001417469,-2.14714e-4,-2.540436e-5,0.001121922,7.364511e-5,-2.781779e-4,5.171277e-4,-6.416539e-4,-6.583706e-4,-0.001213581,7.198818e-5,-5.823319e-4,4.771035e-4,3.347759e-4,2.534549e-4,3.133689e-4,-8.165277e-5,4.106192e-4,7.330729e-4,-1.835308e-4,-7.999728e-6,-0.001054846,9.690111e-4,-2.703397e-4,-0.001086532,1.363688e-4,-1.165346e-4,1.727377e-4,8.417593e-4,5.606983e-5,-2.524251e-4,5.787884e-4,0.001193725,2.943835e-4,0.0010463,-3.460651e-4,6.17826e-4,3.266303e-4,-5.974116e-6,2.064243e-4,6.323537e-4,8.572273e-4,0.002295696,-2.723975e-4,7.852829e-4,0.001198841,-2.170245e-4,-1.28613e-5,2.602193e-4,5.638559e-5,5.740285e-4,-3.366174e-4,0.001183175,0.001761902,9.411692e-4,0.001703361,0.001232668,0.002194845,7.579709e-4,0.001453198,9.679255e-5,0.002000171,0.003353466,0.007585105,0.008968826,-0.002422,-0.0267567,-0.009809806,0.009973564,0.01055877,0.0104776,0.014679,0.01648074,0.03926505,0.189901,0.4402228,0.5156887,0.2530727,0.0713015,0.0532385,0.05086381,0.04635623,0.03964687,0.03442125,0.05060513,0.03696055,0.02575046,0.02119992,0.02355137,0.01354873,0.1058881,0.119851,0.008885043,0.1406048,-0.03013547
288.289,0.01925891,-0.00529262,-0.001848418,0.004881422,0.00244118,0.003448757,0.007294695,-6.63391e-4,0.007159473,0.006191551,0.001912768,0.01176355,9.467515e-4,0.002440526,0.005356762,-0.002203289,-9.38819e-4,-0.004770485,0.007722332,-0.002107709,0.00206335,-1.525045e-5,0.001472484,0.001778388,9.111993e-4,-5.272845e-4,0.002014041,-2.889383e-4,0.003190013,3.441232e-4,0.004345998,-0.002290111,0.002757115,0.00213351,0.002274546,3.433681e-4,0.005005621,-5.928321e-4,0.002764778,0.00223674,0.003258204,0.009702793,0.001746363,0.003143609,0.006987511,-3.150792e-4,0.004702528,-9.939203e-4,-3.214762e-4,-0.003341223,0.004560248,0.001109984,0.002700507,-0.001586576,0.002137271,9.551897e-4,0.002655887,0.004103175,0.001449413,3.275808e-4,0.003129415,0.002103758,0.003642086,0.00207721,-3.079608e-4,0.004861937,8.513977e-4,0.001310387,0.004829282,4.092577e-4,0.002029869,8.469799e-4,0.002560381,0.001179299,1.392687e-4,0.002793632,0.001024612,0.001718836,4.225107e-4,0.002612998,-8.911578e-4,8.471782e-4,2.829379e-4,0.002239829,3.038614e-5,5.537263e-4,5.730508e-4,0.00132843,0.001333207,0.002205811,2.279128e-4,0.001137047,-1.550015e-4,0.001616666,0.001847286,2.027935e-4,7.835665e-4,4.674454e-4,9.921629e-4,-2.746533e-4,-4.785684e-4,4.381809e-4,0.001658574,1.222015e-4,0.001159629,1.929614e-4,0.00162799,-3.88092e-4,6.65261e-4,3.526704e-4,-4.952834e-4,7.305807e-4,1.475023e-4,3.508467e-4,1.996693e-4,5.760878e-4,2.388967e-4,-1.616409e-4,1.524598e-4,0.001201529,7.178823e-4,0.001172668,7.825776e-4,1.26065e-4,-1.490382e-4,1.830615e-4,7.307637e-4,1.22531e-4,1.279292e-4,7.525004e-4,7.091479e-4,9.918406e-4,7.44092e-4,0.001451923,3.628385e-5,4.692556e-4,0.001418633,-1.726844e-4,-1.141347e-4,9.915347e-4,4.076428e-4,0.001326988,5.326148e-4,-8.657781e-5,3.541694e-4,8.617427e-4,0.001937026,0.001341206,0.001715066,6.229784e-4,0.001209077,0.001546437,0.001097846,0.002083048,0.001598496,0.002294629,0.001759018,0.003588677,0.005978655,0.008959446,0.01113133,1.144946e-4,-0.02023443,-7.594061e-4,0.01188453,0.01162688,0.01291067,0.01407887,0.03332046,0.1368613,0.3693021,0.5250167,0.3177917,0.1099987,0.0578248,0.062285889999999997,0.06384052,0.06017471,0.04083511,0.03188462,0.03205532,0.04879244,0.03354939,0.03762462,0.04417431,0.04467233,0.05366296,0.04511646,0.134112,0.2221595,0.04971087
290.545,-0.001431515,0.01491864,-0.004092049,-0.003101343,-0.01448403,-0.001918939,-0.005943214,0.004887104,-0.001687883,0.005437786,1.76321e-4,-0.001498119,-0.001525815,-0.003922737,0.003449378,-8.699779e-4,0.00318641,-0.00297576,3.008941e-4,0.0024974,0.002027884,0.001524659,0.004906372,-4.16902e-4,0.001584554,-0.001492983,7.093789e-4,0.001073462,0.001365957,-0.002188282,-0.002789882,0.001539046,-0.002392274,0.00556652,-0.003551236,0.004551996,0.005311397,-0.003094622,0.002250743,0.003007713,0.004445486,0.004478842,-0.003226573,7.04635e-4,0.002359751,0.005135258,0.002659292,0.002722195,-0.002463088,0.002579287,-0.006337949,1.550761e-4,0.001623781,0.005543277,-0.004395201,-4.866101e-4,0.004549425,0.003634404,-0.003606197,0.002158936,-3.298002e-4,-0.001163962,-0.001588899,0.003735936,-1.748226e-4,6.34505e-4,3.179799e-4,0.003774632,-2.68578e-4,0.001120501,8.878656e-5,0.00161203,8.777561e-4,-9.244984e-4,-0.002738345,0.001604623,0.001904633,-0.001804736,-0.001120589,9.990522e-4,0.001253859,3.411708e-4,1.163966e-4,-0.002254578,-6.847338e-4,6.804789e-4,-5.142619e-5,0.001145797,6.603262e-4,7.063075e-4,-1.481209e-4,0.001560319,-5.362825e-4,1.23399e-4,9.14742e-4,3.014185e-4,-1.429054e-4,7.491651e-4,6.782145e-4,-3.184018e-4,2.519958e-4,4.886501e-6,4.22193e-4,1.973784e-4,2.109197e-4,-5.659408e-4,9.331043e-4,-1.944209e-5,7.610154e-4,2.197979e-4,4.644663e-5,-4.81259e-5,6.737269e-4,-1.103739e-4,6.934948e-4,3.221185e-4,4.900797e-4,5.385115e-4,1.697703e-4,3.661302e-5,-1.118664e-4,6.530999e-4,2.020064e-4,4.833692e-4,-2.897554e-4,6.101305e-4,4.280629e-4,1.147226e-4,3.929504e-4,0.001112844,7.913981e-4,2.755379e-4,-3.36665e-4,0.001952471,4.418164e-4,6.002519e-4,4.632763e-4,-1.142929e-4,4.628746e-4,4.471061e-4,1.672863e-4,5.767184e-4,4.567769e-4,0.001089754,7.045891e-4,4.869881e-4,3.262636e-4,2.649847e-4,-7.719949e-5,7.595092e-4,0.001046323,4.272904e-4,0.001093301,0.002407411,0.001398814,0.00140251,0.003078284,0.005227115,0.009110336,0.01012246,0.008756266,-4.612633e-4,-0.0124303,0.002348206,0.01159907,0.01093618,0.01582142,0.02364562,0.0863265,0.2963222,0.4934403,0.3797618,0.1322752,0.06388434,0.06590649,0.06770629,0.06954749,0.05697812,0.04660632,0.05920315,0.0544266,0.04322387,0.02989226,0.04649898,0.003195356,0.02595704,0.04504786,0.1634258,0.4116044,1.186501,1.340048
292.802,-0.0164154,-0.009988263,-0.01680957,-0.00569644,-0.01297706,-0.008634026,-0.01062082,-0.005903458,-0.02277977,-0.02436501,-0.0117204,-0.007525419,-0.003081385,-0.01186272,-0.006636295,0.004771168,-0.006086233,-0.004246798,-0.003987995,-0.008670775,-0.00436277,-0.003106031,-0.001982412,-0.002008362,-0.003458002,-0.004271375,-0.001338491,-0.002072038,-0.00473749,-0.002890548,-0.004612967,-0.00924608,-0.009790093,-0.006406238,-0.01320798,-0.009740474,-0.01158578,-0.008062641,-0.01043974,-0.003071354,-0.004707413,-0.006584471,-0.01045928,-0.003361963,-0.007435878,-0.001750593,-0.01075377,-0.001921692,-0.001999694,-0.004150015,-0.008690865,-0.007352854,-0.007633241,-0.007376706,-0.005432112,-0.006867895,-0.005753237,-0.001976159,-0.004167126,-0.005146523,-0.005233993,-0.003899825,-0.005657013,-0.007514045,-0.00249157,-0.006666268,-0.003231714,-0.004721023,-0.00411052,-0.002887448,-0.005976159,-0.003489821,-0.004253255,-0.003194664,-0.003686373,-0.003222407,-0.002252369,-0.001703348,-0.004581237,-0.004271546,-0.001311071,-0.001631276,-0.002759434,-7.094645e-4,-0.0021554,1.374393e-4,-0.001603976,-0.00211768,-0.002479147,-0.001173598,-0.001197335,-0.001288474,-0.003228567,-0.001375013,-6.491782e-4,-0.001681097,-0.001870413,-0.001781136,-5.067322e-4,-4.753738e-5,5.38311e-5,-0.002026367,-2.634254e-4,-0.00106904,-0.001006685,-0.001477172,2.437793e-4,1.471816e-4,-5.880512e-4,-4.68174e-4,-4.646755e-4,-4.873906e-4,-3.140874e-4,-4.092286e-4,-6.646772e-4,-6.025011e-4,-0.001063258,-5.253514e-4,-5.548567e-4,-0.001012227,-0.001684635,-0.001327547,-6.123668e-4,-0.001181333,-0.001327222,-7.627172e-4,-0.00111317,-0.002134882,-5.728157e-4,-8.23207e-4,-6.57915e-4,-0.001497866,-4.307869e-4,-0.001891984,-0.001883182,-0.001802115,-4.593524e-4,-0.001335441,1.366844e-4,-5.219233e-4,-0.001421572,-1.052847e-4,-7.404115e-4,6.013787e-6,-0.001387825,-0.001129159,-8.898973e-4,6.346921e-5,-0.001385599,-5.791058e-4,-4.571234e-4,-4.546603e-4,-4.016082e-4,5.18966e-4,0.001059454,7.981554e-4,0.00387729,0.004747478,0.009551641,0.009221225,0.008294039,3.96244e-4,-0.004443013,0.004050883,0.008480681,0.01225728,0.01801255,0.05329625,0.2425283,0.4479785,0.3792966,0.1645242,0.05878738,0.06086511,0.07140476,0.07806614,0.07732464,0.04955194,0.05526193,0.05343706,0.04424055,0.04165502,0.03831685,0.02545297,-0.006872936,0.006941527,-0.02206489,-0.07032163,-0.160441,-1.28402,-2.551142
295.06,0.02267664,0.006000901,0.006857084,0.006157193,0.003601804,0.01022202,0.01003935,0.003122617,0.01009547,0.00678573,0.001598125,0.005215801,7.945137e-4,0.00526071,0.0059906,0.002403444,0.007255509,0.004110916,0.003822427,0.00247969,0.001464333,0.0016938,0.001072748,7.279277e-4,0.001805016,0.001390386,0.002983085,0.002278017,0.002111415,-9.274007e-4,0.002666902,0.008929576,0.003736175,0.006719627,0.006828847,0.01084267,0.004781118,7.221385e-4,0.003813449,0.005983869,0.005884521,0.004870084,0.004435162,0.005843321,0.004904934,0.002625167,0.006410008,0.001327161,0.004076233,0.005119322,0.002590338,0.007063023,0.008328523,0.004813981,0.003958663,0.006291504,0.003902114,0.001254318,5.859147e-4,0.002328062,0.003520593,5.980216e-4,0.002574802,0.001880327,-0.001568548,0.003509505,0.001809719,1.707924e-4,0.002627098,0.001512978,1.734706e-4,0.001372937,0.003715144,-6.356494e-5,0.00225079,6.747691e-4,0.001645678,-8.076021e-4,0.003363727,3.145839e-4,0.002780898,0.001644529,0.002009194,-5.228093e-5,0.002103739,0.001416376,7.293152e-4,0.001882911,0.002141396,0.002609493,0.001485203,7.383769e-4,2.371159e-4,3.66924e-4,2.554675e-4,0.001404301,9.32698e-4,8.605298e-4,5.128085e-4,4.159703e-4,7.46844e-4,-2.834588e-4,0.001184721,6.204044e-4,8.990666e-4,9.01458e-4,2.701774e-4,1.100251e-4,5.840725e-5,5.115512e-4,4.010033e-4,2.855948e-4,3.116633e-4,4.534691e-5,8.624464e-4,7.786013e-4,3.994309e-4,3.395752e-4,7.178271e-4,2.499093e-4,1.499733e-4,0.001035394,7.98326e-4,0.001233318,5.567547e-5,-5.862887e-5,6.679053e-4,0.001231878,0.001037636,0.001062054,4.115019e-4,2.444439e-4,0.001429268,6.163944e-4,1.299837e-4,7.034506e-5,0.001436459,0.001357361,0.001184033,8.647268e-4,4.323871e-4,0.001070701,9.633419e-4,0.001768029,0.001372571,5.532636e-4,0.001226075,0.001900755,0.002116431,0.001969023,0.001923233,0.002073569,0.002681505,0.001862722,0.003019422,0.004020326,0.00508706,0.009563556,0.01065635,0.0116322,0.01001458,0.002298171,0.002471875,0.007145056,0.01057667,0.01615414,0.0341305,0.1662076,0.422449,0.4259248,0.1975663,0.05840201,0.06209937,0.07758148,0.08689985,0.09202781,0.08727165,0.0828246,0.07519471,0.07955651,0.06743014,0.04860195,0.05628807,0.04763962,0.02722226,0.02943288,0.1350419,0.03575999,0.4083331,0.416254,3.356667
297.319,0.005391039,2.298132e-4,0.01223737,0.01680085,0.003287707,-0.006028887,0.01744803,0.007217825,0.01457965,0.008898396,0.006900481,-1.714104e-4,0.00264069,0.003077572,-7.813949e-4,4.08322e-5,0.003944431,0.006714854,0.004273665,0.002710129,0.001883221,-3.424532e-4,6.107803e-4,7.514794e-4,0.001283835,0.002446734,-0.001396292,9.931679e-4,0.001351711,0.002021039,0.00249597,0.007141885,0.005389506,0.007811147,0.006237867,0.009056865,0.001925801,0.001307214,0.001675119,0.003261466,0.00176491,0.00155417,0.001761842,0.003724236,0.004029984,-0.001870141,0.002378735,-1.449115e-4,0.007212413,0.002434459,-0.00165986,6.62061e-4,0.001083188,4.014294e-4,0.001920202,0.003919528,0.002671213,2.74755e-4,0.002601865,2.050721e-4,-0.001447086,0.002716599,0.002902569,0.004559192,3.220466e-4,-7.280799e-4,2.801244e-4,0.001061588,-4.229094e-4,0.001165303,0.001627735,0.002487366,8.886719e-4,0.002629116,3.577969e-4,7.618962e-4,0.001406302,0.001699839,5.053994e-4,-9.40519e-5,3.739893e-4,-8.855687e-6,0.002131137,0.002204404,0.002615826,0.001681794,3.976222e-4,0.001741933,5.0919e-5,0.001522147,8.393236e-4,1.318799e-4,-1.3218e-4,4.210276e-4,9.467491e-4,8.21308e-4,-1.628898e-4,0.001429016,9.392709e-4,-0.00103044,4.16417e-5,4.228688e-4,-6.000132e-4,2.024376e-5,-1.03128e-4,9.452411e-4,5.128013e-4,3.839138e-4,1.92861e-4,0.001128369,6.39885e-4,3.70108e-4,8.511352e-4,9.378694e-4,3.983293e-4,8.560274e-4,8.175233e-4,-1.654383e-4,9.651731e-4,4.478309e-4,9.574178e-4,4.596689e-4,4.538372e-4,1.225008e-4,3.646992e-4,5.06772e-4,6.0893e-4,0.001477341,0.001168005,5.75556e-4,0.001416329,-2.271901e-4,0.001162002,1.78977e-4,5.121373e-4,0.002654262,0.001175973,0.001651523,0.002006466,5.617503e-4,0.001266278,0.001015647,0.001588618,9.447784e-4,5.623545e-4,0.002173269,8.724937e-4,7.56061e-4,8.865597e-4,7.8004e-4,0.001576837,0.001309439,0.002050102,0.00321366,0.004349998,0.004969546,0.006701294,0.01023745,0.01352777,0.01217126,0.009545309,0.00547542,0.005951583,0.006052158,0.009075605,0.02303641,0.1114297,0.3350108,0.3983341,0.2294316,0.06685139,0.04874357,0.06834312,0.08313093,0.09920734,0.09448987,0.09354849,0.1020629,0.08736556,0.08995259,0.06625919,0.05904841,0.05114949,0.04764551,0.05970956,0.1059578,0.05412072,0.1702536,0.02798906,1.02935,0.2547103
299.578,-0.003992021,0.00280159,-0.006313689,9.441661e-4,0.006535693,4.317874e-4,0.004327228,-0.004102614,-0.00211033,0.006318877,-0.001497245,0.002631931,5.035655e-4,0.003725635,0.006971227,0.0027335,-0.003484407,8.620231e-4,7.233837e-4,-0.002786483,0.001919399,1.216774e-5,0.001878991,4.960853e-4,0.00138434,-1.570197e-4,7.193458e-4,5.456635e-4,0.001366699,0.001018399,9.610885e-4,0.001593134,0.003542176,0.003123726,0.001622186,0.00703535,-4.126846e-4,0.004712144,1.417931e-4,-7.875143e-5,0.003841194,0.006331588,-9.287253e-4,0.00111706,0.006704515,0.005283961,-9.082376e-4,-0.001136347,-1.795174e-4,0.004554015,-0.001998341,-0.001935832,0.001185653,0.004350474,0.002486091,-0.003688562,0.003600204,0.003355314,0.001728657,0.002595853,8.721354e-5,0.003237635,6.35091e-4,4.529979e-4,0.004495382,0.002267754,-1.347056e-4,0.001637715,3.954825e-4,0.001908034,0.004614935,-1.279635e-4,-0.001553793,-5.71355e-4,2.137111e-4,1.781234e-4,-7.146885e-5,6.327127e-4,0.001395807,7.222944e-4,0.001146316,0.002911938,-0.001071229,0.00223768,-7.677709e-4,3.83918e-4,-5.809026e-4,4.575397e-4,7.455888e-4,0.001182038,-8.057629e-5,0.001378588,0.001100521,3.535257e-4,3.527945e-4,-2.513348e-4,-8.22724e-4,8.840882e-4,-4.422316e-4,4.872056e-4,-7.844002e-4,-2.32068e-4,7.132645e-4,1.892324e-5,3.876538e-4,2.732583e-4,0.001011408,2.466909e-4,1.496598e-4,-5.971824e-4,4.17431e-4,-2.939967e-4,3.147076e-4,2.216997e-4,5.031852e-4,4.255722e-4,4.198306e-4,4.405901e-4,2.490185e-4,2.723553e-4,2.913542e-4,3.810826e-4,0.001119134,-3.695125e-4,2.544063e-4,2.450794e-4,9.493099e-5,4.954064e-4,-3.468318e-4,-3.247033e-4,0.001079658,2.021735e-4,4.615137e-4,2.817584e-5,0.00163014,6.814155e-4,-3.208329e-4,8.526934e-4,8.551992e-4,8.268519e-4,2.464945e-4,5.469632e-4,8.896237e-4,0.001167333,0.00115304,0.001396129,9.416011e-4,0.001833774,1.952878e-4,0.001014731,0.001018036,8.153474e-4,0.001450948,0.004163135,0.005035479,0.007086988,0.008448656,0.01011049,0.01387437,0.01080018,0.007594206,0.007034839,0.00469944,0.004207064,0.01342932,0.07212123,0.2723518,0.3963343,0.2582689,0.08817815,0.03963983,0.05379902,0.07361772,0.0889177,0.1065466,0.1035256,0.08859798,0.1029077,0.1063255,0.0845356,0.07780666,0.06243367,0.06068364,0.05426866,0.05235683,0.06103875,0.05539034,0.1142182,0.1089588,-0.1928136,1.22176
301.839,0.02019554,0.01663361,0.008390114,0.02782781,0.02370767,0.02070369,0.01773536,0.003515311,0.01056096,0.01244506,0.01014906,0.008147021,0.006429317,8.228707e-4,0.005819474,0.005258876,0.004894609,0.008302859,0.007742556,0.003487142,0.002080045,0.005301939,0.001536003,0.001301015,0.001537296,0.002809143,0.002359439,6.933035e-4,0.003780988,0.007335667,0.003243985,0.006060455,0.005198789,0.01917613,0.008602524,0.002846185,-0.001243132,0.006520937,0.006203889,0.005500394,0.004471236,0.008659971,0.005187285,0.003407434,0.01056319,0.006569147,0.006114957,0.005188178,0.01036328,0.004647811,0.004431009,0.005931191,0.003839002,0.00784141,0.003936107,0.004910099,0.001741314,0.005022073,0.003575058,0.002547288,0.004805131,0.00247014,0.003197799,0.002478262,0.003201443,0.008517792,0.003765486,2.350112e-4,0.003092136,0.00239466,0.002469824,0.002602875,0.003451856,0.002489895,0.002404156,0.002773612,0.0021052,0.002627591,0.002480701,0.003320056,0.002419275,0.002012511,0.002771007,0.002242397,0.003251452,4.941395e-4,0.001847059,0.002372142,0.002604042,0.003090391,0.003224493,0.002060911,0.001405883,0.001947058,0.002805296,0.00197301,0.001198426,0.001686033,0.001314228,0.001442009,0.001664262,0.001645644,0.001547718,0.001345428,0.001144815,4.569682e-4,7.765527e-4,0.001167201,3.315527e-4,-7.591428e-5,6.512009e-4,4.035624e-4,4.733654e-4,5.594153e-4,9.896601e-4,1.978925e-4,0.001061589,9.890881e-4,7.496218e-4,2.361765e-4,5.069639e-4,0.00123726,0.001887295,7.989966e-4,9.612941e-4,3.323561e-4,6.417462e-4,2.053741e-4,9.077476e-4,0.001148858,0.001007562,8.646679e-4,3.98644e-4,0.002163185,0.001774552,7.862902e-4,0.001356266,8.005931e-4,0.001117466,0.001085018,9.925602e-4,0.001580506,0.00146674,9.819759e-4,0.001338707,0.001737224,0.002052167,0.002644545,0.002020373,0.002201708,0.00174,0.00153998,0.002972004,0.004920049,0.006547779,0.007949698,0.009120322,0.01182711,0.01408381,0.01187975,0.009682165,0.006753419,0.00448622,0.003515618,0.0422988,0.2121665,0.4068136,0.3155391,0.1056316,0.03782639,0.0441352,0.0605699,0.08764218,0.1072712,0.1079618,0.1133951,0.119736,0.1306048,0.1125073,0.09924648,0.09051392,0.08550647,0.09098742,0.08015171,0.07587977,0.1046773,0.09012631,0.1894513,0.1926609,1.169854,5.751709
304.1,0.01195862,-0.009575701,-0.005672604,-0.01437622,-0.01022092,-0.007545256,-0.01235618,-0.01443466,-0.01661963,-0.004829891,-0.01299221,-0.002961151,-0.003497145,-0.00558081,-0.00993811,-0.003468472,-0.003223441,-8.039656e-4,-0.004358189,-0.0021338,-0.001947883,-1.034719e-4,4.680245e-4,-0.002155125,-0.002332207,-0.001627937,-0.001975037,-8.491309e-4,-0.001907128,2.872795e-4,4.31638e-4,0.002301149,-0.00720672,-0.004605608,-0.003502132,-0.00160526,-0.008253647,-0.01154526,-0.003888346,0.001228131,-0.00339169,-0.002202577,0.002183504,-0.006977492,4.31137e-4,-0.002324231,-0.003199127,-0.003308713,-0.003447962,0.003060271,-0.002699007,-0.006336263,-1.807262e-4,0.001032105,-0.003837515,-0.001522547,-0.001954656,-0.002015398,-9.149991e-4,-0.001481348,-0.00112552,7.565992e-4,-0.001962274,-0.001697051,-4.718281e-4,-0.004469453,-0.002569196,7.629381e-4,-0.004234212,-0.001062926,0.001885058,-0.002631807,-9.301686e-6,-9.872962e-4,-0.002506941,-0.002705616,-0.001792627,-0.001395584,-0.002030922,-0.001037156,-0.002105964,-0.003975941,-7.31011e-4,-5.074389e-4,-0.00166193,1.125806e-4,-9.364353e-4,-0.002933582,-0.00106355,-0.001935889,-0.002205435,-0.001670838,-9.773624e-4,-6.541302e-4,-9.681655e-4,3.022092e-4,-0.001546136,-0.00132168,-2.405985e-4,-0.001005197,-4.288723e-4,5.609486e-5,-2.34286e-4,-5.767497e-4,-0.001263556,-8.077312e-4,-7.062905e-5,-4.203975e-4,-2.763962e-4,-4.676036e-4,1.791928e-5,-4.767997e-4,-8.871229e-5,-7.143894e-4,-6.590305e-4,-2.648183e-4,-5.262276e-4,-4.245858e-4,-0.001212957,-8.314892e-4,-6.825498e-4,-1.237876e-4,-8.256039e-4,6.150883e-5,-0.001061892,-6.724704e-4,-8.601051e-4,-6.0397e-6,-2.927948e-4,-0.001144411,-6.459084e-5,-4.078308e-4,-0.001312206,7.341593e-6,-8.880358e-4,-3.870947e-4,-2.733944e-4,1.933714e-4,-1.023212e-4,4.25927e-4,-7.251016e-4,-3.421723e-4,7.460368e-4,9.480503e-4,7.473176e-4,4.837996e-4,0.001059669,-2.85382e-5,5.031077e-4,6.638812e-4,9.241286e-4,0.001489075,0.00261419,0.004731285,0.007677158,0.00788918,0.01148433,0.008147251,0.01140583,0.009733013,0.009503357,0.005461127,-6.039268e-4,-0.005602878,0.154092,0.384004,0.3750233,0.1399094,0.03643729,0.0378541,0.05035206,0.06326878,0.08716376,0.1047983,0.1142592,0.1326326,0.1377586,0.1266589,0.1106106,0.09663348,0.0859919,0.08207764,0.0679496,0.06757623,0.04162832,0.07330596,0.06339408,0.0197225,0.06477562,-0.5817624,-0.01459955
306.363,-0.002524423,-0.01007496,-0.008698486,0.004560136,-0.01177358,-0.005720651,-0.01350944,0.002204514,0.001424171,0.00157714,-6.17002e-4,-3.786863e-6,-0.005033153,-0.008604102,9.124391e-4,-0.004462703,-0.002458623,-0.005640379,0.003495983,-2.757765e-4,-1.567831e-5,0.002023377,5.81295e-4,-0.001595765,-4.710278e-4,3.2353e-4,-0.002156789,-7.333881e-4,-0.002179794,0.001690873,-0.001719852,0.001594874,-0.003337886,-0.005487816,-3.777414e-4,-0.01068646,-0.007750936,8.3968e-5,-0.001464508,-0.005760925,-0.008600385,0.004205423,0.002540911,-0.005043718,0.007127294,-0.005818306,-0.002950348,-0.005469179,0.002794108,-0.002393181,-0.007437681,-0.001166238,-3.859784e-4,-0.002861944,-6.405406e-4,2.169832e-4,1.895316e-4,-0.003902639,-0.005254835,-0.002102481,-0.003025519,-0.002434142,-0.002302924,-0.00322367,-0.003079706,-0.002674305,-0.004033913,9.070171e-5,-0.001487853,-0.002575072,-0.001700081,2.984453e-4,-0.00226408,-0.002270414,5.799396e-4,-0.001578283,-3.422106e-4,-5.485003e-4,3.383834e-4,-8.263669e-4,-2.277338e-4,-0.001101672,2.585953e-4,-7.700324e-4,2.922319e-4,8.417239e-4,-0.001902181,-3.905983e-4,9.351308e-5,-4.169976e-5,3.998214e-4,6.906535e-5,3.175501e-4,-3.521673e-4,2.663985e-4,-5.220147e-4,-5.966824e-4,4.718365e-4,-0.001769435,-9.941095e-4,9.040697e-5,-2.987384e-4,5.502847e-5,7.433505e-5,-6.692436e-4,5.074772e-4,-3.700917e-4,2.880594e-4,-3.068982e-4,-3.996522e-4,3.728343e-5,-2.072931e-4,-4.243768e-5,1.87808e-4,-1.98567e-4,2.03541e-4,-9.43234e-5,-6.31953e-4,4.828562e-4,-7.192731e-5,-5.807278e-4,-0.00025834159999999997,-2.626748e-6,-8.691567e-4,4.3617e-4,1.131328e-4,9.457019e-4,3.263968e-4,-9.171975e-4,2.444115e-4,-4.110934e-4,-4.620528e-4,-0.001144495,-3.900683e-4,-0.001385901,-0.00100552,1.028306e-4,1.591399e-4,0.001504565,5.589211e-4,-3.314548e-5,5.87785e-4,6.944429e-4,2.183189e-4,1.377597e-4,-1.202928e-4,7.902128e-4,8.1239e-4,3.457868e-4,0.00112623,0.001315548,0.002939178,0.003553447,0.006432313,0.008774177,0.007726789,0.01107569,0.01262491,0.01126865,0.01131211,0.01005816,0.001479907,7.342409e-4,-0.1201656,0.3387614,0.4246174,0.2039297,0.0456997,0.03418018,0.0423201,0.05449444,0.06769863,0.08889061,0.1088715,0.1169182,0.1226669,0.1322939,0.127215,0.1133459,0.1009172,0.09339215,0.08683437,0.0810226,0.07499006,0.06493898,0.06948215,0.07434143,0.1240899,0.1723421,-0.06220608,-1.628789
308.626,6.068515e-4,-0.01536941,-0.001572898,-0.009081754,-0.01097068,-0.007892073,-0.01705112,0.00762051,-0.003189769,-0.005112876,-0.002191184,-0.002410711,-0.002150391,4.96575e-4,0.001299652,-0.001200032,0.00112103,-0.001212011,-0.004235965,0.001301527,-0.001118685,-0.001027555,-0.00185103,-3.596129e-4,-0.0019999560000000002,0.001504569,-2.05928e-4,-0.001775493,-9.605398e-4,-0.001748621,-0.003955286,-0.002520783,0.004066148,-0.002570198,1.363213e-4,0.005914922,0.002108103,-0.002184825,-8.831509e-4,-0.004676639,-0.003060757,-0.007807616,-0.0073578030000000004,0.001826985,-0.007304854,-0.00302327,-0.009540671,-0.004056802,-0.00157251,-5.661697e-4,1.489731e-4,-0.00319029,-1.907061e-5,0.001909457,8.352515e-4,-0.001331577,-0.001124744,6.365109e-5,-0.002440111,7.697821e-4,-0.002535578,7.322918e-4,0.002826547,-3.270138e-4,6.114792e-4,-0.001381813,0.002218094,3.206507e-4,-0.001177719,0.001811995,-0.001335894,-0.001196925,-0.002429981,-0.00250696,-6.749193e-4,6.998986e-4,-8.423727e-4,-0.001171805,-4.640732e-4,-0.001800933,1.066772e-4,-0.002044066,-0.001138532,-5.150047e-4,-0.001117496,-0.001204801,-0.001346199,-8.031145e-4,-0.001200443,-6.381222e-4,-8.325466e-4,-5.900166e-4,-0.001238797,3.092122e-4,-5.542224e-4,5.392267e-4,-1.80459e-4,-0.001754714,-9.573527e-5,-8.53831e-4,-0.001205165,0.001209423,1.302287e-4,-7.541683e-4,-6.198402e-4,-4.271441e-4,5.932828e-5,-6.346875e-5,-3.187261e-5,-3.78552e-4,-3.505656e-4,-4.776957e-4,-7.488258e-4,-2.712025e-4,-2.146359e-4,2.172521e-4,6.986496e-4,2.004379e-4,4.798502e-5,-6.419649e-4,-9.157276e-4,-5.353896e-4,-4.417078e-4,-0.001141657,-1.887467e-4,-6.358009e-4,-2.518742e-4,1.032624e-5,4.634317e-5,-2.777335e-5,-8.252485e-4,-2.342491e-5,7.898618e-4,-7.114865e-4,9.807262e-4,4.047565e-4,-5.080534e-4,-2.608543e-4,-7.266527e-5,2.914083e-4,-1.413873e-4,1.78079e-4,0.001651969,7.185778e-4,5.250549e-4,-1.657274e-4,0.001002435,0.001104458,6.420657e-4,0.001649323,0.002390389,0.002368351,0.005636003,0.007997876,0.01191847,0.0117544,0.01261499,0.01297488,0.01300057,0.01345503,0.0122515,-0.005400748,-0.05225883,-0.3039361,0.4417408,0.3040808,0.07628541,0.0275832,0.0351528,0.04656112,0.05610954,0.07690519,0.09029546,0.1054432,0.128395,0.1340436,0.1367252,0.1222065,0.1157264,0.1047603,0.09950953,0.08124695,0.08015255,0.0722481,0.08674445,0.03993113,0.07505462,0.07771583,0.02555719,0.4087104,-0.9092172
310.89,0.001452641,-0.01029777,0.001093574,-0.008426364,-0.00366917,-6.405172e-4,-0.001834696,-0.001920347,-7.103932e-4,-0.002521113,0.001790071,0.001786981,0.00412585,-0.004706305,-0.001455463,-0.003415605,-0.004271203,-0.002282175,2.292084e-4,0.001036199,-7.092882e-4,-0.001393214,0.001360339,-0.002308938,1.639823e-4,3.751391e-4,0.001512112,-0.002848085,-0.001254851,0.002696873,1.703427e-5,-2.861128e-5,6.250548e-4,0,-0.006012228,-0.005904627,-8.446571e-4,-0.001736948,0.001504355,0.003203382,-3.135275e-4,-6.622949e-4,0.002046067,0.003240841,-0.002990647,1.681183e-4,-0.004171373,-0.004787842,-7.761966e-4,-7.572424e-4,-8.646809e-4,-0.00138104,0.002830635,-0.005276076,-5.467018e-4,-0.003367898,-3.871356e-4,6.090869e-4,0.002832785,-6.659703e-4,-0.002487649,-0.001643227,0.002301549,-0.001948267,-0.002275592,-0.001794229,-0.003909556,3.300923e-4,-2.246256e-4,5.944692e-4,-0.001621468,-0.003445049,-8.807584e-4,-0.001602029,-0.001175453,-7.116055e-4,5.442822e-4,-0.002028033,-0.001378505,-0.002539397,-0.001213362,-5.411338e-4,-3.289357e-4,-4.731387e-4,2.139205e-4,-8.44428e-4,7.861374e-4,-0.00173555,5.047934e-4,-0.001735824,-5.237019e-5,-3.330415e-4,0.001200302,-0.001188861,-6.691173e-4,-7.681469e-4,-2.137768e-4,7.655966e-4,-3.832636e-4,-3.07875e-6,-3.656106e-4,-5.052389e-5,-5.12863e-4,-3.62356e-4,-2.159142e-4,-1.073687e-4,-4.783709e-4,-8.767596e-4,1.777179e-4,-1.519583e-4,-1.354288e-4,-1.105511e-4,6.396735e-4,-5.119402e-4,-1.469144e-4,-2.492744e-4,-3.098425e-4,3.108971e-4,-1.250166e-4,6.367893e-4,-5.478472e-4,-7.709958e-4,-3.934834e-4,-4.50036e-5,-7.309564e-4,-2.364864e-4,1.651316e-4,-2.659186e-4,4.680179e-4,-0.00082065390000000005,-3.198867e-5,-6.53806e-4,-3.240623e-4,-9.089108e-4,8.463485e-4,6.994325e-4,-6.800908e-4,-6.411633e-4,-2.734064e-4,-6.355085e-4,0.001230537,0.001585472,7.479399e-4,0.001278167,0.001126531,8.713289e-4,6.465852e-4,8.840061e-4,6.569693e-4,0.001368508,0.002092791,0.004950887,0.005105612,0.008521885,0.01271551,0.0130584,0.011832,0.01048312,0.01418403,0.01374989,0.01591525,-0.01103094,-0.3396895,0.008229636,0.3587196,0.1149905,0.0285922,0.03212818,0.03972923,0.04819246,0.06430104,0.08135085,0.09533872,0.1185166,0.1342061,0.1381573,0.1352103,0.1233606,0.1210526,0.1135873,0.09568899,0.09247925,0.09606836,0.07892024,0.06363056,0.05687186,0.05113004,-0.03333054,0.1705413,-0.6316612,1.064427
313.155,-0.001849645,0.007206373,0.002144521,0.004349815,-0.001846122,0.006236753,0.001525492,0.003379633,-0.003191372,0.00932028,0.001109798,0.005374087,0.007788588,0.002515617,0.003950269,0.001021099,-2.918696e-5,0.002412438,-0.001306255,0.003220371,0.004786862,0.001843863,0.001237753,0.002070931,0.001167536,-3.95784e-4,1.60865e-4,0.001597079,-0.001049069,0.00112709,0.001379113,0.001819636,-0.003494236,0.007124945,4.068437e-4,0.00115827,-0.003797598,0.006920401,0.001457907,0.005885858,0.009316535,-3.885431e-4,0.002200178,-0.003665384,-3.78872e-4,0.008999028,0.003858192,0.004422591,0.001718098,-0.002773783,-2.965853e-4,-4.099467e-4,0.001077894,-0.003156253,-3.981694e-4,4.714276e-4,0.002010282,2.129961e-4,0.001984603,7.278483e-4,0.003931312,0.002643023,0.003474348,0.001338659,0.004156617,7.693441e-4,0.00300282,-0.002090319,1.228007e-4,-0.001185334,0.00244526,-8.511628e-4,-6.457635e-4,0.002766708,0.001031049,0.001317618,-8.089733e-5,-1.892405e-4,8.646732e-4,0.001191844,6.051929e-5,3.055657e-4,9.486579e-5,0.001953023,3.969882e-4,2.127114e-4,0.001425769,3.875363e-4,0.001955919,-3.469345e-5,0.001269088,9.220751e-4,7.31843e-4,0.001087536,0.001305113,6.593765e-4,4.65353e-4,1.618235e-4,5.84645e-4,-5.43595e-5,9.367013e-4,-2.467722e-4,8.228612e-4,-9.970027e-5,2.052806e-4,1.425876e-4,9.769965e-4,5.818114e-4,5.201673e-4,5.247468e-4,4.069211e-4,1.078616e-4,1.961566e-4,-6.00904e-5,9.953266e-4,7.437228e-4,3.692351e-4,5.536611e-4,8.300371e-4,-6.349759e-4,0.001411183,-9.775252e-4,9.057007e-4,0.001053719,5.708786e-5,4.224464e-5,0.001587876,0.001104108,9.400841e-4,8.14349e-4,3.240162e-4,6.277166e-4,-3.040715e-4,0.001838073,-3.258131e-4,8.746348e-4,9.124551e-4,9.977896e-4,6.519473e-4,9.764517e-4,0.001304218,5.233674e-4,0.00214893,0.001415769,9.518598e-4,0.001763587,0.002280561,0.00153388,0.002366988,0.002548963,0.003797891,0.007244576,0.007924222,0.01167802,0.01359023,0.01371245,0.01558747,0.01661463,0.01395554,0.01498633,0.02818667,-0.05100705,-0.1746859,-0.2591274,0.1706397,0.03703973,0.02694048,0.03578213,0.04451833,0.05524955,0.06855988,0.079862,0.1023007,0.1231005,0.1343663,0.1366065,0.1347105,0.1317847,0.124361,0.1109274,0.1067865,0.09556605,0.09591576,0.09434824,0.08632228,0.1222218,0.1176392,0.1350431,0.1699491,-0.003438147,2.007454
315.421,-0.01172341,0.004900513,-0.004502531,-0.00368329,-0.006291067,0.00274209,-0.00490931,-0.005608769,-0.009884201,0.00981775,2.865937e-4,-1.369492e-4,-0.003028197,-0.004751411,0.001509582,0.001083441,0.001400876,-0.001151944,-0.003562499,6.477547e-4,-0.002340374,-0.0014207,-0.001965679,-0.002043032,-4.283943e-4,-5.595882e-5,-9.822512e-4,-0.001103569,0.001460469,-1.795744e-4,-0.001224212,0.001255782,-5.974017e-4,-0.01053322,0.003426542,-0.002376601,-0.007419491,0.001845562,-0.005756718,0.008395591,-0.009477163,-0.003022492,-0.007703486,-5.75348e-4,-0.001174796,-5.851365e-4,4.098332e-4,-0.003728246,-4.319193e-4,-0.004803431,0.001474432,-0.001542653,-5.336875e-4,-9.424314e-4,-0.002577519,-0.003172686,-0.001882165,-0.001224062,-0.001031673,0.00105844,3.903741e-4,-0.003797238,3.216046e-4,-1.830451e-4,0.00167989,6.354516e-5,-5.171942e-4,-0.003286241,2.932991e-4,-9.427838e-4,-0.001244451,-0.001314717,-0.001164825,9.352321e-4,2.150263e-5,-0.001527845,-0.001310119,8.974725e-4,0.001455198,-0.001449584,-7.938644e-4,-0.001579133,-8.405012e-4,-0.001623553,-7.264273e-4,-3.762483e-4,-4.350531e-4,-6.91827e-5,8.434627e-4,-1.352959e-4,-0.002117366,0.001708634,-1.171602e-4,-0.0020109390000000002,-3.912811e-4,0.001537081,-0.001285731,2.829747e-4,-7.456683e-4,-1.744068e-4,-2.944925e-4,-3.194353e-4,-9.632376e-5,-5.67228e-4,5.358819e-4,-2.864209e-4,-3.411015e-4,1.455809e-5,-0.00043834260000000003,3.231105e-5,-1.80708e-4,-3.250438e-4,1.34381e-4,-3.275449e-7,3.333108e-4,7.042937e-5,-9.700458e-4,-1.348915e-4,-8.948501e-4,-6.746353e-4,-3.25236e-4,-5.480477e-4,-9.441645e-4,-9.893425e-5,-3.585189e-4,3.552142e-4,5.643594e-4,7.470356e-4,-3.048534e-4,-0.001093269,-4.039048e-4,9.44032e-4,5.375278e-6,-5.044844e-4,7.098026e-4,3.741186e-4,3.207647e-5,6.82194e-4,-5.831929e-4,6.581706e-4,0.001795583,0.001689231,0.001381184,0.001983281,6.76323e-4,-1.621834e-4,0.001549539,0.001261551,0.002853134,0.003397258,0.005151526,0.006659913,0.01014502,0.01248768,0.01406763,0.01543243,0.01535126,0.01270055,0.01500325,0.0223715,0.09358686,-0.1094003,-0.08681652,-0.06952155,0.05148916,0.02088056,0.03238624,0.03646766,0.04679217,0.05674225,0.0715296,0.08719083,0.101668,0.1224667,0.1290895,0.1350907,0.1359865,0.1267334,0.1245899,0.113989,0.1109699,0.09519589,0.09996418,0.07949884,0.07512118,0.06753443,0.1150554,0.03475677,0.08761725,-0.2434763,0.7344825
317.688,-0.007546495,-0.001722787,0.00283283,-3.280289e-4,0.001929328,-0.01891821,-0.002672279,0.002799317,0.001699613,0.002983328,0.008190993,5.376187e-4,-0.00201157,-0.001907017,0.002959504,6.121186e-4,0.001033037,0.002366455,-0.001005711,-0.002500456,0.002356677,-0.001095086,1.269736e-4,0.001249099,0.001025032,7.867297e-4,-4.398606e-4,0.001912099,-1.448758e-4,-7.299188e-4,-0.001889762,-0.001218766,2.04163e-4,-0.01061398,-0.00738422,-0.001372459,-0.003449294,0.001970166,0.005399562,0.003474342,-0.00450856,0.001209691,-0.001411449,-1.861431e-4,0.002784106,2.032354e-4,5.158266e-4,5.200966e-4,0.002134271,0.00414778,-0.001231522,-1.796132e-5,0.003559465,9.465798e-4,-1.170019e-4,-0.002514878,0.002727297,0.001857827,1.631649e-4,7.38753e-4,2.896185e-4,-0.001386607,5.051334e-4,-5.852856e-5,-2.526044e-4,-0.001518927,0.001262957,0.001422736,-1.519448e-4,-0.001249024,0.002199966,-0.00185384,5.866001e-4,-0.002047807,0.001684837,-0.001826893,0.001854392,8.978862e-4,-1.774435e-4,9.69685e-4,0.00193636,-1.683719e-4,0.002055222,-0.001120041,8.511892e-4,2.949247e-4,7.845307e-5,-7.445614e-4,-8.989802e-4,8.16203e-5,0.001129513,0.001011603,0.001368657,-7.921805e-5,0.001041393,0.001008826,-6.839126e-5,5.14538e-4,3.37951e-4,2.364137e-4,5.88239e-4,-4.709173e-5,3.609982e-4,4.314453e-5,-5.510953e-4,2.200088e-5,-5.804866e-5,3.851142e-4,-5.401311e-4,3.108687e-4,3.61616e-4,1.477169e-4,3.23891e-4,3.670385e-4,3.036947e-5,3.938953e-4,3.805075e-4,-8.600523e-5,3.009977e-4,4.479405e-4,-3.333015e-4,-4.255779e-4,5.834308e-4,-8.524789e-4,2.074315e-4,4.587248e-5,-2.269583e-4,3.228008e-4,9.196232e-5,0.001265529,6.619184e-4,-8.196986e-4,2.08466e-4,-6.197615e-5,9.783938e-4,0.001312228,8.462681e-4,3.230641e-4,7.027411e-4,4.213721e-4,9.614556e-4,0.001658799,0.001829581,0.001497141,8.511296e-4,8.341997e-4,0.002610443,0.002859594,0.003775238,0.005025624,0.005669442,0.01142994,0.01060044,0.01363669,0.0156174,0.01571783,0.01453639,0.01777036,0.01866186,0.06916732,0.250032,-0.01672388,-0.3502938,0.008820294,0.02287961,0.02588437,0.03237481,0.04182635,0.05041444,0.06332313,0.07548305,0.0927288,0.112033,0.1245093,0.1347015,0.1407771,0.1402608,0.1350738,0.1274826,0.1203569,0.1132645,0.1100159,0.1012539,0.112562,0.1095913,0.126979,0.131285,0.1190166,0.1359888,0.7633539,-1.312415
319.955,3.321089e-4,-0.006226932,0.001955465,0.002859032,-3.598708e-5,-0.004667018,0.001607448,-0.001278294,0.004962453,-0.004218219,0.004207587,-0.006212595,-4.725232e-5,7.90712e-4,-0.004555932,5.662189e-4,-0.002081696,-7.758684e-4,0.002406867,-4.980967e-4,-4.989013e-4,-5.942777e-4,7.610855e-4,-9.272645e-4,0.001411498,0.001448658,1.230436e-4,5.801924e-5,-0.001565455,-0.001862278,-0.00389976,-0.003215153,-0.004150413,-0.001884514,-0.005453415,0.002560179,7.313531e-4,-0.00620884,-0.002649335,-0.00220425,0.00368193,0.002718627,0.002685303,0.001763861,-0.0037923,-1.688201e-4,-0.002972358,-4.253241e-4,-0.004345485,-0.001367372,-3.218853e-4,-0.003797958,0.004117055,-0.00189829,-0.002762662,-0.001149657,0.002684049,-0.001882749,-0.001651649,-0.002970247,-0.001019893,0.002271398,0.003680878,-0.001543584,0.001216715,9.058696e-4,8.578682e-4,-2.225819e-4,1.524753e-4,-0.00209296,-5.635474e-4,-1.453285e-4,-4.136188e-4,-9.112816e-4,7.186032e-5,0.001353941,0.001883074,-8.182107e-4,8.453893e-4,-3.858518e-4,2.243048e-4,0.001405075,-1.15292e-4,0.00119472,-1.989443e-4,1.791386e-4,5.420284e-4,5.955976e-4,-8.424274e-4,-5.61716e-4,8.044624e-5,2.705277e-4,-8.830403e-5,-4.891484e-4,4.866629e-4,3.388092e-4,-5.982272e-4,1.898822e-4,-0.00140348,-3.870535e-4,-1.969898e-4,4.853405e-6,-2.378361e-4,-4.332848e-4,-5.269389e-4,8.10676e-5,-4.155273e-4,-8.866448e-5,-3.444195e-4,-4.413078e-5,-5.298902e-4,-6.794481e-4,3.138395e-4,-1.412255e-5,-5.281642e-4,1.002228e-4,3.771846e-4,1.503856e-4,-1.040597e-4,1.189959e-4,-4.819257e-4,-3.445027e-4,3.483153e-5,-6.057141e-5,-4.196305e-4,-2.73696e-5,-6.663406e-4,6.282634e-5,-3.718378e-4,4.508664e-4,-2.131994e-4,5.307657e-4,7.923163e-6,-4.525095e-4,4.721945e-4,7.721019e-4,-4.359634e-4,6.783362e-4,5.017788e-4,0.001300283,0.001030715,0.001337404,0.001022591,8.61788e-4,2.833898e-4,8.443393e-4,0.002031236,0.003076478,0.005125032,0.006061782,0.008155958,0.007554176,0.01010666,0.01390694,0.01451541,0.01293104,0.01417036,0.01554181,0.04305294,0.2119716,0.3980525,-0.01159192,-0.0737094,0.01124663,0.02107846,0.02922414,0.03483967,0.04506441,0.05782914,0.06421741,0.08180901,0.09733143,0.1162089,0.1231895,0.1298829,0.129669,0.1346067,0.1298463,0.128177,0.1156767,0.1156399,0.107013,0.1088347,0.09730284,0.08431581,0.1196048,0.1256287,0.1334205,-0.05394387,0.2802525,-0.04969759
322.224,-0.01966518,-0.02681325,-0.007937376,-0.01732544,-0.006512395,-0.01736856,-0.007406529,-0.01194242,-0.01218675,-0.01081921,-0.01318531,-0.01076025,-0.001551399,-0.008266164,-0.00869011,-0.005731114,-0.005896248,-0.001492718,-0.005660904,-0.001329682,-0.002471278,-0.00292513,-0.002937946,2.826669e-4,-2.897309e-4,-0.001958098,-0.004747138,-0.003524525,-8.092605e-5,-0.004471392,-0.00176903,-0.00127062,-0.006799152,0.001691797,-0.007368014,-0.003361489,-0.008744025,-0.007819375,-0.007607802,-2.801076e-4,-0.003832139,-0.007264609,-2.978809e-4,-3.433642e-4,-0.003466426,-0.002419462,-0.002413302,-9.499692e-4,-0.005086876,-0.01084921,-0.005038303,-0.00236156,-0.003472512,-0.001537473,-0.007621754,-0.00219656,-0.004896044,-0.004117709,-0.001146214,-0.002235802,-0.003679988,-0.00459683,-0.004277202,-0.00208964,-0.001158117,-0.002965421,-0.005560084,-0.001875806,-0.001283361,-0.00108113,-0.003378401,-9.129666e-4,-0.002135248,-0.003288735,-0.001642503,-0.00174607,-0.002071808,-7.683742e-4,-0.001224382,-0.002261344,-0.00159358,-0.002300766,-7.794406e-4,-4.62588e-4,-0.003251226,-0.00180954,-0.002804247,-8.953811e-4,-0.002120988,-0.001197992,4.108844e-6,-9.340632e-4,-0.001768705,-6.307107e-4,-0.001544319,-2.058691e-4,-0.001295077,-0.001816037,-1.350407e-4,-0.001152601,-0.001297359,-6.333968e-4,-3.850723e-4,-0.001879233,-7.294345e-4,-9.668775e-4,-8.239185e-4,-5.383021e-4,-6.44386e-4,-3.532458e-4,-1.808666e-4,-4.088683e-4,-5.948156e-4,8.256569e-5,-5.77409e-4,-6.117498e-4,-3.299476e-4,-4.383537e-4,-0.001013886,-7.480789e-4,-0.00104123,-7.862326e-4,-0.001407287,-0.001379467,-0.001065079,-0.001342611,-4.917891e-4,-6.88465e-4,-8.537499e-4,3.377856e-5,-0.001944538,-8.124431e-4,-7.20725e-4,-2.704719e-5,-0.001069093,-2.102506e-4,-8.777116e-4,-1.8929e-4,3.95679e-4,-1.804265e-4,1.626085e-4,-2.942825e-4,9.1903e-4,8.675036e-4,1.788352e-4,0.001677572,0.002399811,0.00384336,0.00533019,0.007737036,0.007637873,0.008475683,0.01120898,0.01316179,0.01350045,0.01548009,0.01581947,0.02961359,0.1542378,0.3988442,0.3834842,0.03093298,0.002278098,0.01355073,0.02283346,0.0300606,0.03878832,0.05027428,0.06174698,0.07010704,0.08756099,0.1036571,0.1156993,0.1294401,0.1371396,0.1390106,0.130159,0.1286067,0.1270334,0.1226349,0.1131338,0.09775093,0.102463,0.08219488,0.07825497,0.01514746,0.03246516,0.03425769,-0.06764417,-0.1972091,-1.255443
324.493,0.001977329,-0.007002637,0.02145398,-0.002173303,0.009812767,-0.002013513,-6.656661e-4,0.003351071,0.003348695,7.789151e-4,2.118035e-4,0.001719362,-0.001219274,0.002288012,3.408418e-4,5.889048e-4,-0.002146218,0.001776324,0.001258835,6.435268e-4,0.002547384,1.518815e-4,0.001045903,6.28901e-4,0.001429001,5.942691e-4,0.001092167,0.001000206,0.001522054,-7.615782e-4,0.001051277,-0.001098284,0.006381879,0.01059921,0.001064238,0.003954488,5.318847e-4,0.003591946,0.008631799,0.004458421,0.005251731,-0.002522237,0.006586609,-3.40419e-4,0.004757476,0.004324779,0.002647296,-0.004882895,0.001885376,0.006462066,0.002166467,0.001208468,0.002340075,-7.894194e-4,0.002940786,0.003741054,0.0020492040000000002,0.002540033,-8.589194e-4,0.006309734,0.005314971,0.004256005,3.633727e-4,8.400711e-4,-0.002349895,-8.834142e-5,0.002823671,0.001980837,0.003084606,0.002200756,0.002971369,8.126759e-5,0.00255575,0.002174699,0.001352943,4.50608e-4,9.031938e-4,0.002065029,0.001380597,8.361775e-4,2.191163e-4,4.753907e-4,0.001136617,8.452201e-4,6.011592e-5,9.096403e-5,0.002462271,-1.76315e-4,0.001159575,0.002526547,4.826421e-4,0.001505497,0.002010885,7.399747e-4,8.988783e-4,-4.487762e-4,9.345526e-4,6.408966e-4,3.394717e-4,5.942449e-4,-3.91912e-4,5.32304e-4,0.00128142,1.857261e-4,6.865842e-4,1.442489e-4,8.428978e-4,5.370128e-4,2.08888e-4,1.010883e-4,9.051628e-5,5.133904e-5,-1.165877e-4,9.55558e-4,4.342227e-4,4.364057e-4,0.001187675,7.517288e-4,5.472091e-4,7.879836e-4,2.496287e-4,1.956513e-4,1.921111e-4,3.991016e-4,5.118906e-4,4.596215e-4,-2.462908e-4,1.355186e-4,-1.448319e-4,2.279472e-4,2.403562e-4,0.001046168,0.001309144,5.672829e-4,1.289729e-4,5.542274e-4,0.00202885,0.001437805,0.001743854,0.002482022,0.001937547,0.001805597,0.00219332,0.001955864,0.002276715,0.003556975,0.006653246,0.008138858,0.009034467,0.007398198,0.009457221,0.01005738,0.01231888,0.01534253,0.01300534,0.01723417,0.02662336,0.1129113,0.3658012,0.4655759,0.2164529,0.02332413,0.01105267,0.01995138,0.0306696,0.03733927,0.04537734,0.05673825,0.0713149,0.08346985,0.09705556,0.1201947,0.1216114,0.1377843,0.1374251,0.1426774,0.1353086,0.1392444,0.130623,0.1359139,0.1312817,0.1313953,0.1336098,0.1256357,0.1008083,0.1351814,0.1860584,0.2162527,0.1646451,1.182717,1.184182
326.764,-0.001669904,0.01253879,-7.827688e-4,-0.007019867,-0.003521252,0.005148539,-0.004223788,-0.003372993,0.0047779780000000004,0.00327482,-7.581473e-4,-8.232042e-4,-0.006067508,-0.001430643,0.001833219,9.515993e-4,-0.004935284,-0.002769468,-0.001568294,0.003405335,0.004558207,-0.001932361,-6.596319e-4,-4.560125e-4,8.956003e-4,3.139065e-4,2.366135e-4,0.002392406,2.153885e-4,9.964051e-4,3.808541e-4,-0.007358629,-0.002792707,0.003053878,0.002828499,-0.005565244,-0.00364335,0.001650881,-0.002349348,0.00279861,-0.004796926,-0.003582484,0.001874803,0.00404067,8.065508e-4,0.003605421,-2.754873e-4,-0.001338445,3.043867e-4,0.00736529,0.002308882,0.002552678,0.00289917,4.476479e-4,-5.198888e-4,1.01567e-4,-0.003238284,0.004093315,-0.003221001,0.002491942,1.215568e-4,-0.002453635,7.222925e-4,0.001996735,0.00179547,-0.003398651,-0.001577414,0.001664968,-0.001429857,0.002856608,8.005695e-4,-0.001316895,8.813245e-4,-0.001244882,-2.578024e-4,-5.608394e-4,0.001093635,-8.069425e-5,-6.573144e-4,6.657448e-5,2.074324e-4,-0.001544566,6.412686e-4,-0.001057474,2.101866e-4,-5.16949e-4,4.683231e-4,-4.357582e-5,0.001199115,8.178992e-5,5.574442e-4,3.511295e-5,-6.658294e-5,-2.249564e-4,-2.474243e-4,8.062289e-4,1.336569e-5,4.048906e-4,-6.381845e-4,-2.264849e-4,-2.276041e-4,3.485413e-4,1.921866e-4,7.639369e-5,2.312155e-4,9.090624e-4,7.384849e-4,-1.888707e-4,5.957259e-4,2.99771e-4,3.375308e-5,-2.943765e-4,-4.688113e-5,3.32805e-4,-7.715026e-5,-3.222411e-4,8.90942e-5,5.563212e-4,-1.208739e-4,4.549109e-4,-2.438689e-4,-4.858294e-4,3.931795e-4,3.526636e-4,8.899073e-5,-1.521452e-4,3.774791e-4,8.810426e-5,1.685054e-4,0.001172586,5.781753e-5,5.161245e-4,-3.697216e-4,3.066004e-4,-1.301269e-4,8.651067e-4,4.356256e-4,3.289947e-4,0.001024401,0.00192647,9.664672e-4,0.00205814,0.001592828,0.002161703,0.001283298,0.004226709,0.00683694,0.008818779,0.009697762,0.008567464,0.009220751,0.01181421,0.0127963,0.01377972,0.01456851,0.01986995,0.072459,0.3002773,0.4587699,0.3232217,0.07489761,0.01915649,0.0174489,0.0271532,0.03527693,0.0442917,0.05408939,0.06228451,0.07517252,0.08614511,0.101538,0.1173475,0.1274411,0.1347294,0.1385986,0.1426176,0.1448207,0.1388127,0.1363485,0.1324002,0.1341572,0.1263696,0.1414097,0.131876,0.1339757,0.1201154,0.1941853,0.1874089,0.1554902,-0.2644038,0.596338
329.035,0.005779987,0.01032066,6.053037e-4,-0.006642017,0.004048396,3.582024e-4,-0.003949244,-0.006520212,-0.004460735,-0.002910836,-0.001339242,-5.511138e-4,-0.001804117,0.001890623,-0.00198974,0.004112183,1.54355e-4,-0.002254177,6.811872e-4,-0.001930703,-8.61605e-4,4.955741e-4,-2.883419e-4,6.109846e-4,-8.413543e-4,-0.00200804,6.416062e-4,-5.140756e-5,-8.502102e-4,8.511951e-6,-0.002716653,-0.003648887,0.002872375,-0.002303056,9.618347e-4,-4.152762e-4,4.242726e-4,-0.007065232,4.489224e-4,-0.003297123,-0.001208356,6.455015e-4,1.664712e-4,3.002371e-4,0.002206566,-0.003677879,-0.003411344,-0.002725284,0.002554547,-0.002113957,9.61404e-4,4.721282e-5,-0.00170233,-0.001749336,-0.002898435,-0.002786034,-0.001033812,1.285178e-4,0.001880237,-6.066574e-4,0.002042218,4.753735e-4,-0.001127957,-0.002862243,1.179691e-4,-6.520168e-4,-3.880201e-4,-3.118964e-4,0.002341027,-0.001818845,-0.002331998,9.87117e-4,-0.004712297,-0.001374372,-0.002556434,-0.001126244,0.00198993,-5.600624e-5,-8.145908e-4,-3.384287e-4,4.965738e-4,-0.001101011,1.650641e-4,-2.492066e-4,-8.896595e-5,-5.74968e-4,-0.001492161,9.109447e-4,-0.001564646,-0.001332306,-4.589549e-4,-1.121322e-4,2.252221e-4,-8.609944e-4,-9.905394e-5,-3.079812e-4,-5.585474e-4,7.762821e-4,-5.948546e-5,-5.847159e-4,-1.665952e-4,-7.289837e-5,4.101368e-4,5.612515e-4,-1.59425e-4,-1.457758e-4,-1.907017e-4,-4.793299e-4,-2.389671e-4,1.493875e-4,1.861205e-4,-3.546406e-4,9.227654e-5,-3.860715e-4,4.239235e-4,-2.59314e-4,2.989166e-4,5.166092e-4,5.472636e-4,-6.831366e-5,-9.011757e-4,1.744594e-4,1.709671e-4,-9.429097e-5,-5.102048e-4,2.45681e-4,-3.051644e-4,-3.633303e-4,-0.001231831,-5.261097e-4,4.865324e-4,-7.460889e-4,4.102067e-4,5.088883e-4,3.583039e-4,3.36058e-4,4.485565e-5,0.001308178,0.002156819,0.001640219,2.460426e-4,0.001213158,0.001068249,0.003324915,0.003001274,0.004917921,0.0073586,0.009864009,0.009819864,0.008807815,0.008664137,0.01092855,0.01193036,0.01413173,0.01699992,0.04825761,0.2196048,0.4804263,0.4203151,0.1360228,0.02608365,0.02176555,0.02395178,0.03191141,0.04183511,0.05015394,0.05959546,0.0664437,0.07824097,0.09674365,0.1100903,0.1193729,0.1301721,0.1362878,0.14844,0.1453271,0.1435338,0.1425711,0.1401265,0.1382684,0.1415371,0.1431039,0.1406993,0.1493775,0.1623055,0.1643653,0.1936026,0.2003881,0.03292781,0.05809048,-0.9710122
331.307,-0.001718737,0.02072973,-0.002263074,0.0100634,0.006891601,0.005676444,0.01665264,0.0102665,0.003859555,-0.002021494,0.003982603,4.82822e-4,0.004266417,0.004963289,0.005448544,0.004577771,-1.455272e-4,0.00326473,0.00145806,0.002217345,4.137414e-4,0.001201688,-6.026165e-6,0.001414816,0.001752043,0.00151823,0.001454794,0.003238698,-5.1961e-4,0.003868523,0.003073442,0.002936222,0.00526455,0.004043106,-0.004356515,0.006355722,0.005283236,0.00325222,0.005035533,0.003268966,0.009046353,0.002003047,0.0048692300000000004,-0.002262442,5.882028e-4,-6.164193e-4,0.003246575,-6.184174e-4,0.003241885,-0.004215752,0.00288939,5.409356e-4,0.001050461,0.001997284,0.001717613,0.003820443,0.001608689,0.003451942,-1.388966e-5,0.001549717,0.00106269,8.641058e-4,0.003868444,0.002954051,0.002966678,0.003573971,0.001884333,0.002123242,0.001656148,0.004597247,3.52431e-4,0.001375187,0.001431105,5.864794e-4,0.004049735,-2.076033e-4,0.004403292,0.001529156,7.044534e-4,8.598826e-4,0.003191873,0.001702591,0.00124176,0.002485374,-6.94889e-4,5.813075e-5,4.046419e-4,0.001177748,2.99817e-4,8.263412e-4,0.0014864190000000001,0.001114114,-4.212026e-4,-3.424952e-4,0.001144839,5.562732e-4,9.271378e-4,8.431572e-4,2.638882e-4,4.401181e-4,6.154028e-4,4.543366e-4,0.001192249,4.436657e-4,-3.012601e-4,-6.594284e-4,7.59398e-4,2.883171e-4,6.332259e-4,5.598796e-4,2.871523e-4,3.304318e-5,4.292967e-4,4.68665e-4,7.310046e-4,8.133089e-5,4.543835e-4,3.228329e-4,9.374835e-4,8.365804e-4,2.506963e-5,5.059118e-4,6.579224e-4,5.652379e-4,-6.448442e-6,3.214451e-4,6.050883e-5,3.900257e-4,2.097901e-4,6.312604e-4,0.001422101,0.00088293690000000005,0.002127489,0.001555572,0.001574238,0.001386248,8.22763e-4,9.618853e-4,0.00232057,0.001987566,0.001320599,0.002930406,0.002259125,0.005996915,0.004922942,0.006934023,0.0110712,0.01056737,0.01040197,0.009226864,0.01078113,0.01129201,0.01304199,0.01595595,0.03358786,0.1714958,0.4173988,0.4545226,0.2181436,0.0433958,0.02876959,0.03050027,0.03207469,0.03960545,0.05043846,0.05570191,0.06433835,0.07782183,0.08997477,0.1031963,0.1155498,0.1249738,0.1331311,0.1443359,0.1479311,0.1487746,0.1464052,0.1474691,0.1461427,0.1480854,0.14511,0.1469226,0.1592374,0.1659864,0.1864592,0.1468264,0.19561,0.1283632,0.2053505,0.3511341,3.650395
333.579,-0.003033409,-0.002679353,0.001905399,-0.001126418,0.008521777,0.009125471,0.01239028,0.01515159,0.003425247,0.004779987,-0.003440473,0.006977942,1.480363e-5,0.002428258,2.141905e-4,0.002901903,-0.002035173,0.002410013,-0.001088734,6.598871e-4,0.00180614,1.513471e-4,0.001925603,0.001191945,-8.872805e-4,6.6804e-4,0.001587083,0.001029437,8.785722e-4,0.001619519,0.003469392,0.001100499,0.005144617,-0.002945164,0.005092934,0.002839148,-8.785533e-4,3.613741e-4,3.663847e-4,-6.19002e-4,0.00287142,-0.001014834,9.443177e-4,0.001832159,0.002769918,1.477e-4,-0.001945105,4.445313e-5,0.003098111,0.005617676,-0.002488893,0.0016578,2.044824e-4,-0.001346263,5.380508e-4,0.002824865,8.973645e-4,0.001100805,0.003094559,0.00286231,1.236825e-4,0.001795495,0.002977057,0.003383162,-8.199342e-5,0.002867703,9.75245e-4,0.002377793,0.002186611,8.212895e-5,0.001644866,0.001112583,-0.001677984,0.002364921,1.967911e-4,0.001513405,9.135064e-4,3.180556e-4,-3.420669e-4,8.557499e-4,-0.001196824,-9.670948e-5,-7.161101e-4,0.002015025,-2.534924e-4,-0.002165697,-2.241217e-4,0.001412852,7.064594e-4,8.780893e-4,9.625141e-4,8.549477e-4,8.313432e-5,6.079827e-4,9.0873e-4,0.001068777,-6.174145e-5,4.009636e-5,7.121044e-4,-4.169328e-4,-1.145988e-4,0.00090731990000000005,-5.363973e-4,7.717717e-4,-1.061313e-4,0.001082756,5.167939e-4,6.203171e-5,4.498898e-4,2.350662e-4,-1.687782e-4,1.658992e-4,1.830348e-4,-9.328414e-6,6.913966e-4,4.966478e-5,7.331476e-4,-2.099289e-4,7.263001e-4,-2.046349e-4,-2.900738e-4,-4.091175e-4,8.548381e-4,5.675708e-4,0.00112343,4.883501e-4,2.286983e-4,9.121987e-4,0.001339958,5.969522e-5,0.00131709,3.795296e-4,-4.058268e-5,9.709128e-4,4.361081e-4,0.00168017,0.001225004,5.875237e-4,0.001448778,0.002469713,0.002211225,0.002228337,0.004777644,0.01003128,0.007143748,0.009688715,0.01438924,0.0124484,0.009510835,0.009033842,0.009807015,0.01218655,0.01451317,0.02756291,0.1273148,0.3687615,0.4665369,0.2566441,0.07087551,0.03180213,0.03223351,0.03327537,0.03898735,0.04746731,0.05698591,0.06303301,0.07176328,0.08229309,0.1035239,0.1123386,0.1232312,0.1287356,0.1391704,0.1443485,0.1478762,0.1463457,0.1537857,0.1591215,0.1534497,0.1555083,0.1576171,0.1563565,0.161716,0.1730685,0.1423798,0.1573806,0.1931812,0.3226593,0.3037923,0.3973839,0.5032304
335.853,0.009850405,0.008299899,0.002247783,0.009120821,0.004944267,0.005722455,0.007439017,0.01447618,0.002282682,-0.004726149,0.005738495,-2.525274e-4,0.008012012,-0.001247338,0.003302311,0.001074559,0.002996414,0.002002929,7.07584e-4,-9.743793e-4,-0.001824893,-4.513045e-5,0.001114992,3.579847e-4,-4.195958e-4,-0.001458195,0.001932641,0.001316407,0.00279546,1.651379e-4,8.342798e-4,0.004800897,-0.001549992,0.005233002,0.001944594,0.006132692,0.005228831,0.009661491,0.004686672,0.009395679,1.886939e-4,0.006846728,0.003619643,0.002223838,-0.005346068,0.003256953,0.001528083,0.001479279,0.002288263,0.001228356,0.003055716,0.001894834,0.005886794,0.003816069,0.004100494,0.003609928,0.004112287,7.898603e-4,0.003206918,7.360756e-4,0.001898976,0.004586329,0.002548109,0.004065316,0.002822241,8.216651e-4,0.002033161,-0.001094593,0.001663193,6.790602e-5,5.487699e-4,0.003223369,5.133039e-4,9.386265e-4,0.003694851,0.002138574,-3.708706e-4,0.003445805,0.002773515,-6.217008e-5,-2.208197e-4,0.001806742,-0.001178942,-9.221714e-5,0.001682672,-4.34373e-4,7.503183e-4,0.001281146,0.002127235,0.001499208,6.528049e-4,0.001808917,2.767853e-4,-1.86727e-4,1.080258e-4,-4.523584e-4,7.99159e-4,2.182956e-4,6.149788e-5,8.282712e-4,7.955431e-4,9.628462e-4,0.001138149,-2.816987e-4,-6.973111e-5,1.495044e-4,4.310962e-4,2.137095e-4,7.551622e-4,1.284202e-4,3.974738e-4,8.144356e-4,3.754563e-4,-2.624888e-4,3.314543e-5,4.0758e-4,1.227521e-6,3.0601e-4,4.546084e-4,8.02128e-4,5.854246e-4,2.953504e-4,2.646166e-5,9.834872e-4,-6.994023e-5,-2.121639e-4,6.343556e-4,3.45213e-4,7.720236e-4,8.319796e-5,0.001552077,0.001970929,8.473304e-4,3.138818e-4,6.889692e-4,9.397537e-4,8.275991e-4,0.001742968,0.001726196,0.001901012,0.002726259,0.0045761,0.008526073,0.01356051,0.008551091,0.0104703,0.01658666,0.01084426,0.009432239,0.01032519,0.01161897,0.01398962,0.01768604,0.09167284,0.3108415,0.4709309,0.2985384,0.09131672,0.03415422,0.03530751,0.04046813,0.04148198,0.04634709,0.05674224,0.06185199,0.06945182,0.08701695,0.09282036,0.1053689,0.1195322,0.1269974,0.1370848,0.1415236,0.1466892,0.1536489,0.1545553,0.1598948,0.1515118,0.152614,0.1600911,0.1665273,0.1718026,0.1808594,0.1855068,0.1740256,0.1976288,0.262912,0.1526838,0.3047601,0.4114697,1.423846
338.128,-0.007091329,-0.01040244,-0.001661725,-4.902816e-5,-0.001355718,-0.01647665,-0.007198418,-0.001254191,-0.01821263,-0.006413513,-0.005228657,-0.003764028,-0.003136739,-0.002137676,-3.442591e-4,-0.007708397,-2.531377e-5,-0.002021108,-0.00569126,-0.001172402,-0.003610709,-0.004373027,-3.27382e-4,-6.012182e-4,-0.001760149,-0.003478138,4.063487e-5,-0.001914879,-3.752117e-4,-0.005384346,-0.00404775,-0.006617234,-0.004591196,-0.005733022,-0.00428501,-0.01010316,-0.004614879,-6.709574e-4,-0.003933525,-0.006269885,-0.00307817,-0.006547472,-0.005879739,-0.004889036,-0.003494325,-0.003736346,-0.003170438,-0.001005389,-0.002030208,-0.003289797,0.001766697,-0.003833352,-0.007055949,-0.004961721,-0.002660342,-0.002791972,-0.006060335,-0.001992903,-0.001974026,2.403379e-4,-0.002339629,-0.002538521,-0.00590206,-0.001505637,-0.002743909,-0.005068869,-6.457311e-4,-0.002840419,-0.003084296,-0.001026671,-0.001785795,-6.924706e-5,0.00119915,-0.002903879,-0.002496429,-6.370264e-4,5.225932e-5,-0.001500073,-0.002212107,-0.003075701,-0.001050549,-0.001820858,-9.438307e-4,-0.002482469,4.994633e-4,-0.003738188,-0.001448673,1.249894e-4,-5.98261e-4,-5.242873e-4,-8.348638e-4,-0.001340302,-7.410375e-4,-0.001872281,-4.72386e-4,9.28917e-5,-9.930188e-4,-0.00140494,-0.001507001,-4.173392e-4,-3.235144e-4,-0.001640696,-9.748038e-4,1.844733e-4,-0.001170629,-7.799917e-4,-7.067287e-4,-6.925849e-4,-3.165474e-4,-1.656025e-4,-9.820071e-4,-4.86241e-4,-5.695611e-5,-1.674773e-4,-5.088892e-4,-2.315137e-4,3.111657e-4,-8.725541e-4,-6.682865e-4,-3.340865e-4,-0.001070535,-4.898695e-4,-3.655404e-4,-0.001622351,-4.234852e-4,-0.00132694,-1.643711e-4,-5.034092e-4,2.572461e-4,-5.751806e-5,-2.954836e-4,-1.97978e-4,-2.627236e-4,-4.320119e-4,-8.954473e-4,-9.860671e-4,7.411911e-4,2.093221e-5,5.186475e-4,6.908785e-4,0.001949419,0.007033349,0.01258888,0.0176405,0.00843905,0.01221958,0.02011965,0.01101113,0.008339523,0.01064919,0.01011675,0.01524806,0.05557994,0.2484137,0.46379,0.364935,0.1184043,0.03733773,0.03558752,0.03731039,0.04264111,0.0493414,0.05555334,0.06291985,0.06993262,0.08034452,0.09568916,0.1035425,0.1112566,0.1226712,0.1316967,0.1352114,0.1407831,0.1467251,0.1517254,0.1518636,0.1540218,0.1550968,0.1531175,0.1630062,0.1661335,0.1803134,0.170412,0.1800332,0.1514076,0.1571851,0.1696293,0.1409607,0.1882733,0.1132296,-1.251177
340.403,0.001340837,-0.006787772,0.001265141,0.007224032,-4.99833e-5,-0.01199186,-6.115751e-4,-0.004317713,-0.01357536,0.004416257,-0.005878302,4.114124e-4,-0.00113965,4.92352e-4,3.06147e-4,-0.001497358,0.001792597,0.004878927,-0.001094676,-0.002787543,0.001894881,-0.002561147,-9.658035e-4,8.196326e-4,-0.001737805,-9.605008e-4,-7.968348e-4,-0.001189366,-4.358182e-6,-0.001238559,-0.003772357,-0.002415071,-0.004492308,-0.005655784,-0.001744234,-9.692463e-4,-0.009469919,-0.001935708,-0.002509338,-2.797465e-4,0.001753238,0.006176328,0.004862085,0.001020106,0.001309737,-0.004145619,-0.005180395,-0.003455317,6.664985e-4,-0.001376499,-0.001192043,-0.00351766,0.003073427,-6.88284e-4,-0.00398414,0.001348127,-2.234645e-4,8.72483e-4,-0.001688974,-0.002189028,-0.003570932,-0.001904764,0.002455339,-9.755753e-6,-2.589379e-4,-6.766004e-4,4.041354e-4,-0.00125409,-5.15869e-4,-4.976367e-4,6.159919e-4,-6.056066e-4,-0.004339522,-4.05802e-4,-0.0033045,-6.26066e-5,-4.783758e-4,-0.001355894,-5.715449e-5,-0.00122384,-7.557805e-4,-0.001426626,-5.327368e-6,9.622173e-5,1.526545e-4,-0.00119398,-6.107966e-4,-0.001124011,-0.001008599,-8.052614e-4,-6.627054e-4,-4.774774e-4,-0.001898827,-0.00145676,-0.001137273,-5.449737e-4,2.003456e-4,-3.186543e-4,-4.029905e-4,2.057785e-4,3.441877e-4,-7.071449e-4,-7.443306e-5,-2.265795e-5,-7.273418e-4,6.077793e-4,5.514402e-5,-3.024188e-4,2.784631e-4,1.451179e-4,-3.779675e-4,1.481298e-4,1.182215e-4,4.254547e-4,4.858555e-5,-3.533418e-4,-4.687834e-4,1.703086e-4,2.407306e-5,-5.157352e-4,-8.396319e-4,-0.001052899,-7.737234e-4,7.602994e-5,1.768727e-4,7.975362e-4,4.447582e-4,3.640902e-4,5.586871e-4,-2.194524e-6,-5.297488e-4,3.717636e-4,3.254065e-4,-6.893467e-5,6.325751e-4,1.328227e-4,0.00114769,6.658524e-4,0.001218693,0.002598154,0.005537344,0.01134285,0.01873982,0.02207967,0.009772447,0.01642718,0.02137659,0.01125771,0.009256424,0.01080113,0.01521383,0.03529491,0.1703444,0.4253092,0.4271848,0.1790672,0.04561397,0.03668914,0.04201582,0.0472437,0.05285205,0.06055773,0.06435288,0.07302586,0.0781359,0.0915289,0.1028934,0.1111562,0.1194025,0.1299933,0.1350089,0.1482269,0.1479112,0.1518358,0.1555954,0.1540568,0.153338,0.1584475,0.1690669,0.1670923,0.170919,0.1880393,0.1918529,0.188113,0.1707494,0.2122735,0.2315647,0.2171896,0.1071402,-0.2750254,1.084578
342.679,0.0177881,0.01059862,0.0040747,0.0131938,0.01847829,0.00703252,0.00290456,0.007897774,0.01190181,0.009377401,0.007079769,0.008354797,-4.983891e-4,0.009620315,0.003307791,0.004224663,0.002160568,0.002878323,4.669847e-4,0.007253297,0.003143256,0.002062714,0.002635258,0.002704838,0.002206653,0.001040438,0.002671968,-6.26085e-4,0.001880545,-6.828138e-4,0.007856726,0.003216101,5.879332e-4,0.006735374,0.004261659,0.001996018,0.00472041,0.006319243,0.003586858,-9.255631e-4,0.005968043,0.006940156,0.009885307,0.006643143,0.004027676,0.001007979,0.001292914,0.002067453,0.002549579,0.00465191,-0.001062847,-8.088836e-4,-6.831958e-5,0.004931049,0.003425981,0.0029011,0.005174256,0.002063407,0.005922951,0.003042605,0.002698727,0.004944923,0.005493945,0.004747186,0.002809723,0.001815391,0.00138872,0.00256479,0.002327661,0.00316816,0.002879343,1.356481e-5,0.001327055,0.001639828,0.004324262,8.788686e-4,0.003313545,0.001183526,0.002879897,0.003425309,0.001534223,9.593605e-4,0.00113641,0.002060311,0.002092934,7.605659e-4,0.001221224,0.002446426,5.389708e-4,7.308076e-4,9.387294e-4,0.001718586,0.002599174,0.001260397,0.001219022,0.00219075,9.92414e-4,0.002034027,0.002193231,0.001414264,9.825736e-4,1.097409e-4,8.15555e-4,3.007775e-4,2.288217e-5,9.615863e-4,4.29549e-4,2.509516e-4,4.98027e-4,6.865009e-4,1.965396e-4,3.117418e-4,6.41619e-4,4.242645e-4,4.315423e-4,5.828846e-4,5.89427e-4,3.000946e-4,9.887941e-4,3.061589e-4,6.232784e-4,0.001092961,0.001205167,8.874039e-4,8.446524e-4,8.88618e-4,8.336988e-4,5.583095e-4,5.541635e-4,1.515908e-4,0.001728273,0.001178264,0.001736874,0.001766577,6.37022e-4,0.001685495,0.002041171,0.001565604,0.002609491,0.00414081,0.01087351,0.01795586,0.02640377,0.02518083,0.01196306,0.02390142,0.02737155,0.01324357,0.01140558,0.01403291,0.02579847,0.1181805,0.3240687,0.4367563,0.2444953,0.06406199,0.03811539,0.04392293,0.04939736,0.05618496,0.0636122,0.07127973,0.07689862,0.08230207,0.08830963,0.09883117,0.1140662,0.1200184,0.1297559,0.1380783,0.1448071,0.150115,0.1558138,0.1603085,0.166466,0.1581169,0.1597433,0.1632119,0.1769723,0.1759365,0.189993,0.1930653,0.2202542,0.2107888,0.2358699,0.2553233,0.2735269,0.339997,0.6115658,1.120141,3.491623
344.956,-4.026977e-4,0.01903629,0.01389855,0.004642999,0.01061846,0.02711067,0.02044533,0.01879534,0.01847493,0.005371672,0.008485714,0.007461921,0.004595854,0.009774096,0.01141006,0.006283838,0.009014389,0.007345348,0.007889856,0.005234763,0.004790812,0.002463524,0.004254101,0.003495642,0.001789436,0.004657932,0.002622343,0.00399892,0.004521058,9.346243e-4,0.006316679,0.009391875,0.006492286,0.01251401,0.01255804,0.01640734,0.01239785,0.004984483,0.0123972,0.009925178,0.008575015,0.01138264,0.005519311,0.01268288,0.003720332,0.01100262,0.008220247,0.002049346,0.006680648,0.008141885,0.004513908,0.003223631,0.004907244,0.004803433,0.006007573,0.004076186,0.00897392,0.003295625,0.005330377,0.004013226,0.003018385,0.002355885,0.002480262,0.007657597,0.006407911,0.006529216,0.004842357,0.005890245,0.001550247,0.00337038,0.003497557,0.004321142,0.003104701,0.00463638,0.002968825,0.006360071,0.00301345,0.002226725,0.003018525,0.001422839,0.003617643,0.004211391,0.002595934,0.003185525,0.003005744,0.001606301,0.001198501,0.001889681,0.004156844,0.002237768,0.002249178,0.001494924,0.001359565,0.002200243,0.001620965,0.002384165,0.001207649,0.001482796,0.001120848,0.001514039,0.001563681,0.001874745,0.001426934,0.001511149,0.001564664,0.00152201,7.537052e-4,8.595873e-4,7.459689e-4,8.11741e-4,6.436724e-4,9.605065e-4,3.55061e-4,7.894354e-4,7.653286e-4,6.591244e-4,0.001171045,9.500193e-4,0.001734075,0.001549978,0.001536012,5.276337e-4,9.80642e-4,0.001087389,0.001125352,0.0012882220000000001,6.840955e-4,5.12703e-4,9.688124e-4,0.001398308,0.001317259,0.001840013,0.002413188,0.0024373,0.001719894,0.001508248,0.002604083,0.001349792,0.004772427,0.008675726,0.01519459,0.02423512,0.02925794,0.02378553,0.01388004,0.02952893,0.02922588,0.01431112,0.01221014,0.02251543,0.08097422,0.2624987,0.3694264,0.2938936,0.09783928,0.04000841,0.0453208,0.05162023,0.06070343,0.06645177,0.0763551,0.080928,0.09015881,0.09932705,0.1052103,0.1151346,0.1223779,0.1303876,0.1396693,0.144196,0.1519019,0.157821,0.1630467,0.165112,0.1668021,0.1654686,0.1659235,0.1734307,0.1805455,0.1848293,0.19723,0.21467,0.2292457,0.2348224,0.2608692,0.2998735,0.226287,0.4367699,0.9535929,0.7467558,4.773607
347.234,0.00199473,-0.01264371,-0.00225835,0.003851166,-0.00547664,-0.002324637,-0.01216327,0.001833465,-0.001975646,-0.005398912,-0.002293638,-0.002112134,0.001949067,-0.002680732,8.239029e-4,-0.002574562,-0.003832126,9.894185e-4,-3.339879e-4,-0.001149926,-0.001789642,0.001336416,-0.001210101,4.634226e-4,-6.63675e-5,-0.00169271,-0.00121328,8.690846e-4,-4.907289e-4,-7.96671e-4,0.001989447,-7.925115e-4,-0.001296158,-0.002121711,-0.001038654,-0.003532555,0.001927978,0.007282293,-0.004208427,-0.001379533,-2.796404e-4,-0.001244426,-0.003088993,-0.003245441,-0.001442434,0.003218055,2.628512e-4,0.004507859,-2.639182e-4,-0.002397539,3.279309e-4,-0.002830071,0.00322025,-6.24461e-4,0.002259678,-0.001284532,-0.001621335,-4.279396e-4,0.001124181,-6.610311e-4,0.00167254,-2.681326e-4,0.001578523,-2.730168e-4,-0.001104989,-4.106129e-4,-1.099825e-4,-0.001480083,-0.002993156,2.282626e-4,-6.923599e-6,3.444499e-4,-4.732637e-4,-7.877807e-4,-0.001527996,-0.0037136030000000002,-0.002419941,-2.441959e-4,-0.002530405,-0.002356503,-0.001470731,-0.001424991,-3.111124e-4,-0.001057331,-8.322918e-4,-8.582876e-4,-2.46e-6,0.001610043,-5.755758e-4,4.128912e-4,-4.493677e-4,5.065343e-4,-0.001113589,-8.063251e-4,-4.662537e-4,-8.953643e-4,-1.326111e-4,9.328361e-5,-5.143239e-4,-2.346351e-4,-6.747094e-4,-7.113434e-4,-1.239985e-4,-6.697426e-4,-4.778144e-5,6.049508e-4,3.105569e-4,-2.041854e-4,-6.550008e-5,-1.059085e-4,-2.053347e-4,-1.001717e-5,-2.811053e-4,-8.177032e-5,-2.819386e-4,1.550248e-4,-3.441919e-4,2.98599e-4,-3.869042e-4,-5.342914e-4,1.154579e-4,-3.130094e-4,-0.001126095,-2.339032e-5,-7.503473e-4,-8.623684e-4,2.272395e-5,-5.106712e-4,2.793087e-5,-5.739911e-4,-8.319057e-4,0.001007474,0.001118374,8.086736e-4,0.001031141,8.230677e-4,0.001186251,0.002446091,0.003768498,0.01086849,0.01884778,0.02761083,0.02509467,0.01743134,0.01212215,0.03079924,0.02473318,0.01499381,0.01594917,0.05058527,0.1899624,0.3399136,0.2767514,0.1264629,0.04406512,0.04424878,0.05097752,0.05917598,0.06684868,0.07599931,0.08431699,0.09268205,0.09990217,0.1032082,0.1138618,0.1216856,0.1288747,0.1354924,0.145367,0.1495924,0.1553332,0.1566264,0.1619931,0.1631995,0.1671814,0.161933,0.1707193,0.1710353,0.1746485,0.1766087,0.1897056,0.2122978,0.2146228,0.2264632,0.2326273,0.1996901,0.2718067,0.3141626,-0.04742016,-0.3349292,-1.986801
349.513,0.01777903,-3.598456e-4,0.004460737,0.0135498,0.002907041,0.003289856,-0.005209834,-0.002754099,0.00497146,-0.005927303,0.004162351,-0.001057402,-0.003748589,0.002215315,6.57813e-4,0.00091154440000000005,0.001079069,8.717805e-4,6.509356e-4,0.002766114,7.530304e-4,0.001001912,0.001340354,4.79128e-4,3.658189e-4,-5.977034e-4,-3.783231e-4,-3.241534e-4,4.990903e-4,7.19064e-5,4.680485e-4,7.701932e-4,0.002966186,0.002704155,0.004036749,0.001933228,0.002808529,-4.83221e-4,4.602863e-4,-1.375173e-4,-0.001113735,-0.001441543,0.004483238,1.503458e-4,0.003431514,0.004569535,0.005030533,9.144411e-4,0.003982629,0.001508698,0.004542575,0.001750566,-0.001715357,6.517797e-4,0.001199396,0.00110359,-5.416401e-4,0.003613391,7.210645e-4,9.991917e-4,0.001420679,-0.001149436,-0.003212456,-7.863148e-4,-5.848579e-4,1.501837e-4,0.002940822,0.001170516,0.001946646,8.726876e-4,0.003163042,-0.001436302,4.714145e-4,-5.948769e-5,-0.001135961,-7.445869e-4,8.629081e-4,-5.969307e-4,0.001551366,6.09673e-4,0.001585091,-0.00111893,0.002273695,-4.907819e-5,-3.774198e-4,7.053709e-4,9.757337e-4,0.001894539,6.032147e-4,0.00118555,-7.852775e-4,5.522614e-4,7.375466e-4,4.018651e-4,0.001205238,0.001026998,1.600921e-4,6.37573e-4,6.412262e-4,2.568803e-4,5.853773e-4,8.178217e-4,7.619669e-4,6.472216e-4,4.062878e-4,4.817288e-4,3.690778e-4,-3.006282e-4,-2.353253e-5,9.924168e-5,-1.750057e-4,3.715196e-4,5.091201e-4,4.940699e-4,-4.897193e-4,9.197342e-4,1.738114e-5,3.192814e-4,-3.214875e-4,3.045669e-4,-4.813832e-4,1.97258e-4,2.626479e-4,1.096203e-4,4.711604e-4,9.954685e-4,3.268685e-4,-6.318044e-5,0.001072829,0.001023767,3.51654e-4,0.001062975,0.001218155,0.001336447,9.146259e-4,0.002585484,0.001614145,0.003802368,0.007543313,0.01677631,0.02584768,0.02824215,0.02207139,0.01444745,0.01576551,0.0296015,0.02352035,0.01659642,0.0381678,0.1471446,0.3034226,0.2883219,0.1345107,0.05419455,0.04503774,0.05275461,0.06121404,0.07156051,0.08000424,0.08947343,0.1000766,0.1061492,0.1099167,0.1197817,0.1288055,0.1343107,0.1408607,0.14877,0.154479,0.1551253,0.1611946,0.1649944,0.1660424,0.1700151,0.1720403,0.1713883,0.1806403,0.1784601,0.1834485,0.1915731,0.1937387,0.2236211,0.2234857,0.2407825,0.2521491,0.2622774,0.2724232,0.2742467,0.3817133,0.5954057,3.441552
351.793,0.001044477,-0.001366242,-0.01433748,-0.005062903,-0.008090263,-0.006660299,-0.01354688,-0.01132475,-0.008308784,-0.006160266,-0.005845835,-9.313144e-4,-0.002592887,-0.001557144,-0.007351529,-0.003285708,-0.00243098,-0.003889584,-0.004976206,-0.003249778,-0.001734458,-0.002064662,-9.627591e-4,-0.001216828,0.001022698,-2.771873e-4,-0.001135946,-0.001683176,-9.233485e-4,3.903712e-4,-0.005312385,4.703727e-4,-0.003165672,-0.006472033,-0.004681178,-0.003929376,-0.003140234,-1.333321e-4,-0.002805477,-0.006387252,-0.001066936,5.005789e-4,0.002282518,-0.004539916,-0.002166269,-0.009668177,-0.003799826,-0.004382478,-0.004662627,2.721063e-4,-0.006720782,-0.005700299,-0.002398205,-0.005699554,-0.002589255,-1.703874e-4,-0.004213376,-0.003395158,-8.628063e-4,-8.214969e-4,2.82209e-5,-0.001718195,-0.002417091,-1.751601e-4,-7.981376e-4,-0.002702912,0.00105957,-0.00218778,6.844475e-4,-0.001295949,1.214491e-5,-0.003820656,-5.278605e-4,7.225189e-4,-0.002605493,-9.30923e-4,-7.737207e-4,-4.025166e-4,-0.002414051,-0.003421137,-2.718869e-4,4.45307e-4,-0.001440442,-4.219845e-5,-3.384389e-4,-0.001083211,-0.001077403,1.885998e-4,-9.642058e-4,-1.124286e-4,0.001082168,-0.001150748,-0.001150117,-0.001585287,-0.00127656,-8.529338e-4,-2.910766e-4,-0.00024872130000000003,6.894558e-6,-0.00064592199999999995,-2.197454e-4,-5.710709e-4,2.780164e-5,-0.001295905,-9.33927e-4,-0.00100938,-3.285136e-5,2.956045e-4,-2.207077e-4,3.376667e-4,7.882007e-5,-1.982597e-4,-2.55977e-4,-6.453539e-4,7.790392e-5,-1.421316e-4,-4.67776e-4,-5.82184e-4,4.737074e-5,-3.942807e-4,-5.503908e-4,-9.496407e-4,7.53325e-4,-9.080402e-4,-1.292899e-4,-5.86555e-4,-3.602921e-5,-5.532365e-4,1.696431e-4,1.837551e-4,5.83776e-5,1.551654e-5,-8.827264e-4,1.978442e-4,0.001011801,9.331055e-4,0.001210068,0.005710379,0.01139223,0.0217324,0.02725519,0.02370842,0.01594278,0.01101854,0.01577597,0.02571247,0.02168054,0.03206533,0.1211099,0.2628115,0.2773121,0.1509299,0.05472988,0.04713717,0.05214968,0.06034373,0.07072494,0.08202192,0.09130851,0.1034094,0.1095806,0.1182892,0.1269203,0.1332772,0.1023775,0.1451544,0.1477917,0.1526564,0.1565947,0.1605566,0.16661020000000001,0.1646763,0.1650256,0.167219,0.1713236,0.1768589,0.1747,0.1806221,0.185837,0.1943461,0.1997704,0.2126084,0.238246,0.2402318,0.2384353,0.2098013,0.2417095,0.3787918,0.1217646,-0.1517874,0.2172558
354.073,0.01592988,0.008958678,0.004810907,0.01064919,0.01120761,7.439655e-4,-8.64269e-4,0.009855765,0.007284844,-0.003885192,-0.001272839,-0.001691423,-5.860201e-4,0.002755194,0.001842794,-0.001193275,0.002063985,0.0043088,0.002568644,-2.833828e-4,-0.001407708,0.001813844,0.001125298,4.929965e-4,0.003088437,0.001845319,1.810095e-4,9.743065e-4,0.001216678,0.003241103,0.006053181,-0.003834507,0.001161202,0.001085651,0.006950572,0.01097833,0.007611758,0.003463363,0.002689266,0.00146081,0.00429243,9.837724e-4,2.347511e-4,0.003868211,0.006986026,0.002180724,8.544607e-4,-0.001892252,0.00254029,0.003972901,0.002211207,0.002661229,0.001811004,0.002586556,0.005217142,0.003657685,0.004001983,0.001549498,0.002906691,0.00288537,0.001822107,0.003951593,0.003006998,-0.001879706,4.549004e-4,4.428406e-4,0.002382482,0.003296796,8.364323e-4,0.001755026,0.002994978,0.002136286,0.002152855,0.003816442,0.001217955,0.001260896,-8.318215e-4,0.002084176,9.377535e-4,8.022739e-5,0.00132067,4.96503e-4,0.001664433,-9.26853e-5,0.001439938,5.836443e-4,3.917071e-4,7.316854e-4,0.001074071,7.385992e-4,-7.382631e-5,0.003930505,-1.373419e-4,0.001534276,0.001152287,4.192742e-4,8.035946e-4,6.832466e-4,0.001595358,-2.38611e-4,5.155511e-4,0.001061708,8.763066e-4,7.001948e-4,1.394014e-4,7.890412e-4,7.048062e-4,7.29736e-4,-1.558328e-5,3.436061e-4,1.890179e-4,4.423018e-4,4.665749e-4,1.281782e-4,3.745134e-4,-2.426194e-4,4.894645e-4,3.099949e-4,9.576523e-4,7.898882e-4,3.926536e-4,5.65708e-4,8.054025e-4,-1.78217e-4,7.015513e-4,4.881148e-4,1.480416e-4,0.001297492,-7.957402e-5,3.85905e-4,0.001128104,6.93884e-4,0.001203899,0.001709309,0.001423976,0.003861477,0.005285504,0.008412915,0.0173456,0.02580834,0.02835954,0.02004824,0.01378344,0.01417293,0.0182955,0.02310009,0.0327748,0.1196481,0.2673094,0.2959212,0.1708322,0.06776169,0.0457408,0.05444237,0.06253195,0.07354172,0.08404449,0.09782804,0.1070668,0.116852,0.1296124,0.1350306,0.1401979,0.1473233,0.1506777,0.1542924,0.1625526,0.1649443,0.1663421,0.1735607,0.1712878,0.1750974,0.1738011,0.1795361,0.1792307,0.1748033,0.1871534,0.1855474,0.199761,0.2038506,0.2093091,0.2375467,0.2282844,0.2599753,0.2849405,0.2892654,0.3015743,0.298459,0.2791799,0.677748,-0.3512808
356.355,0.01147551,0.01209894,0.0153964,0.009691457,0.01764924,0.01507045,0.01784903,0.01384202,0.005863001,0.008958412,0.005581212,0.009419632,0.00270872,0.006369302,0.007232437,0.004685148,0.003290066,0.00531996,0.002661277,0.001748003,0.00452754,0.001674396,0.004635213,0.002596471,0.003369753,0.0021986,0.002972012,4.328198e-4,0.00381431,0.005521511,0.003334196,0.01089475,0.01697536,0.007431635,0.005622368,0.007156928,0.01375444,0.01146244,0.006896613,0.002963893,0.003508354,0.008740163,7.758866e-4,0.004473625,0.00929621,0.006985378,0.008749346,0.006386563,0.006542269,0.005859333,0.00903111,0.001426295,9.2311e-4,0.004817695,0.002754683,0.00275151,0.005902511,0.006392839,0.002764252,0.004807135,0.003702469,0.003980999,0.006089595,0.004100622,0.008727394,0.002961337,0.002729272,0.004632942,0.004289319,0.006034151,5.604798e-4,0.002118154,0.003554209,0.004518965,0.00237326,0.002556925,0.001750748,0.003102403,0.001510848,0.001641824,0.001264705,0.002843056,0.00233506,0.002670513,0.002311025,0.003105504,7.498984e-4,0.003097553,0.001150621,0.001454215,0.001212559,0.002215311,0.003852027,4.431392e-4,0.001330017,0.001204091,0.002061482,0.001214859,0.00116568,0.002272389,9.881171e-4,9.776926e-4,0.001154082,0.001141586,7.827662e-4,0.001419032,0.001134189,7.56864e-4,6.705894e-4,5.718456e-4,7.216487e-4,6.023729e-4,5.284854e-4,3.173461e-4,7.020818e-4,9.445252e-4,0.001253514,3.983889e-4,9.1088e-4,9.487553e-4,4.857781e-4,0.001056081,0.001095321,0.001268718,6.718309e-4,0.001240341,9.205046e-4,4.57254e-4,0.00121485,0.001593794,0.001638449,9.949334e-4,0.002537572,0.003184712,0.00306556,0.004751676,0.007153437,0.01101553,0.02255657,0.0273555,0.02470906,0.01662892,0.01426982,0.0155378,0.02268923,0.02938217,0.1375376,0.2773543,0.3462612,0.1996242,0.07580857,0.0440591,0.0535375,0.0662155,0.07521479,0.08692672,0.09977592,0.1098907,0.1207384,0.1285555,0.1448082,0.1485586,0.1557926,0.1584994,0.165419,0.1678722,0.1694098,0.1717023,0.1745101,0.1782908,0.1783796,0.1788154,0.1785222,0.1802307,0.1842139,0.1856513,0.1902376,0.1983361,0.2038205,0.2104285,0.2241448,0.2424759,0.2621226,0.2819252,0.2899242,0.3293991,0.3705293,0.4887945,0.7490686,0.7769094,4.348471
358.637,-0.01417929,-0.006206607,0.001990304,-0.009089742,0.001318053,-0.001640735,-0.004562556,-0.009834999,-0.00838533,-0.0115753,9.976121e-4,-0.001958291,4.056657e-4,0.001131624,-0.0027716249999999998,0.001052334,0.001103486,-0.004035009,-0.00235465,4.013377e-4,-0.002720898,0.001075245,-0.001234764,-0.001417869,-0.00143648,-6.68211e-4,-0.001821123,-4.531116e-4,-9.35781e-4,-0.003402603,-0.003425414,-0.003225041,-0.001718478,-0.004038543,-0.01162022,-0.008704151,-0.008617582,-0.005368551,-6.366914e-4,-1.597829e-4,-0.002516116,0.005298163,-6.431006e-4,-0.002787804,-0.003469409,0.001162476,8.007608e-4,-0.003887611,-3.788254e-4,0.001899058,-0.002548461,0.001552104,7.092365e-4,-9.570471e-5,-4.298159e-4,-0.001942999,-0.002865695,-0.004338988,-6.937364e-4,-0.001210406,-0.001563347,-4.589167e-4,-0.003729169,-0.00320283,-1.7409e-4,-0.002409046,-0.002337504,-7.021794e-4,1.737799e-6,0.001381577,-0.001636318,-2.813571e-4,-6.669177e-5,3.274397e-4,-9.572751e-4,-4.356834e-4,-0.002179369,-0.001368981,-0.00203004,-0.001517907,-0.00225347,-0.001812951,-9.869443e-4,-0.002267947,-0.001069815,-7.184895e-4,5.952985e-5,-4.522821e-4,3.557861e-4,-0.001110927,-0.001084052,-0.001039144,-8.074908e-4,-5.588922e-4,-7.901418e-4,-4.848376e-4,-0.001394405,6.049271e-5,4.664644e-4,-7.706551e-4,1.112964e-4,1.901392e-4,-0.001154484,2.58517e-4,6.640697e-4,-4.426867e-4,-5.110411e-4,5.624615e-5,-1.008913e-4,-2.587912e-5,-1.989542e-4,-1.142566e-6,1.182562e-5,-1.33677e-4,1.200359e-4,-3.731098e-4,-2.620023e-4,-5.876174e-4,1.104591e-4,-4.018048e-4,-7.98714e-4,2.707056e-4,-3.174552e-4,-1.157809e-4,4.681471e-4,-7.584132e-4,-7.710874e-5,2.847639e-4,2.369984e-4,5.116828e-4,-1.992291e-4,4.969377e-4,5.330056e-4,0.00179698,0.002463129,0.004115345,0.008579987,0.01370596,0.02159273,0.02473999,0.01850134,0.01251567,0.01205142,0.01352939,0.03522902,0.1161599,0.4186626,0.3899333,0.2714492,0.09239276,0.04332249,0.05089526,0.06104651,0.07439389,0.08689669,0.09935902,0.1116816,0.1247291,0.1367547,0.1452663,0.152737,0.1597738,0.1653432,0.1729956,0.1731765,0.1753193,0.1766909,0.1798215,0.1795001,0.1823464,0.1795932,0.1814321,0.1820258,0.1820714,0.1825549,0.1827593,0.1882319,0.1928849,0.2053186,0.2103033,0.2236663,0.2430712,0.2450837,0.2816739,0.2472342,0.3040851,0.3309351,0.3163446,0.4506722,0.2590988,-0.5908035
360.92,0.01219946,-0.007927798,0.005114527,0.007581483,0.0138286,0.006003368,-0.004537044,0.00891825,0.007516867,0.003689113,0.004965808,-0.002815124,0.001688436,-0.003337237,0.001802671,-9.053465e-4,0.00802627,-3.723102e-4,3.430509e-4,-0.002606063,0.00102429,1.959937e-4,-6.935498e-5,-5.250156e-4,6.681474e-4,2.395825e-4,0.001897724,0.001142298,0.001501765,-0.002422201,2.248233e-4,0.001378251,5.508671e-4,-0.007222835,0.001343785,-2.055284e-4,0.004228033,-4.745625e-4,0.00140581,3.121935e-4,-0.00635919,-0.00190338,9.288106e-4,-0.002059242,-0.003784615,0.006721096,-5.412813e-4,0.002898624,0.005101386,0.001902398,0.001913228,0.004727869,0.003201056,0.002136862,0.001024451,9.421105e-4,-2.418141e-4,0.003238312,0.002073224,-0.001742212,6.989396e-4,8.621201e-5,-0.001053484,0.001108057,-0.002284779,0.001913219,1.632687e-4,-0.001177769,0.002637654,0.001391641,-2.121395e-4,0.001924509,3.501853e-4,-4.604657e-4,0.001474518,7.47655e-4,4.219748e-4,-0.001069953,-5.825138e-4,-1.604048e-4,-0.001698683,0.001336346,0.001145443,5.13328e-4,0.001081908,9.518241e-5,5.616116e-4,0.001823913,6.9439e-4,0.001847892,-0.001123814,0.001406441,0.002047646,-1.521071e-4,-6.840202e-5,2.446621e-6,7.015709e-4,4.701302e-4,-6.10622e-4,1.473389e-4,2.560618e-4,-4.917552e-5,8.265067e-4,9.329505e-4,-2.383428e-5,2.126758e-4,8.214351e-4,1.387814e-4,-5.145344e-5,2.348745e-4,3.258465e-4,1.731502e-4,2.454967e-4,4.250791e-4,-2.370853e-4,2.088728e-4,-5.11992e-5,4.530843e-4,-3.909414e-4,3.111237e-4,-6.0945e-4,1.534532e-4,2.74409e-7,6.102031e-4,3.827683e-4,-4.760978e-4,6.980421e-4,1.999072e-4,-3.689068e-4,5.375697e-4,-7.067557e-5,0.001106622,0.001858048,0.001649074,0.004277402,0.007440903,0.01257591,0.01713885,0.02152938,0.01928768,0.01705787,0.01313502,0.01506236,0.01776617,0.0750147,0.3731378,0.7186954,0.3434159,0.1333407,0.04641683,0.04838147,0.06080814,0.07425106,0.08800673,0.1019305,0.113985,0.1293559,0.1391222,0.1527143,0.1649542,0.1703919,0.1778457,0.1826426,0.1827446,0.1864848,0.1867603,0.1871692,0.1896166,0.1889278,0.1858072,0.1870107,0.1869648,0.1869531,0.1879748,0.1876754,0.1896161,0.1930406,0.2064445,0.2089902,0.2169937,0.2295519,0.2523705,0.2773564,0.283952,0.3263354,0.3542375,0.3949733,0.4216829,0.4899627,0.9208547,0.2009557
363.203,0.009793407,3.624513e-4,0.008316791,-0.005474273,9.942442e-4,-0.0117075,-3.419185e-4,5.932683e-4,0.00780036,5.03147e-4,0.00191611,-0.004399706,5.030014e-4,0.00190686,-0.003759623,-7.592789e-4,0.002608417,0.001655191,0.005562368,0.002417808,9.569884e-4,0.003007857,-0.001225602,0.00104696,5.34116e-4,0.002728434,-0.001159353,-1.286744e-4,0.002440951,0.001438557,-0.001656383,-0.005391982,0.003967186,-0.004660543,0.00237203,-0.003989479,0.002810663,-0.008852771,0.001422668,0.00844106,-0.004141067,0.001543773,0.001716712,0.002496746,0.001592503,0.002841753,-0.002553808,0.006067865,-0.003595158,0.004063073,0.002404905,0.001156312,0.002475408,2.884365e-4,0.002969768,1.413775e-5,0.003690025,-0.002901601,-0.001295475,5.55522e-4,0.002059687,-6.427149e-4,6.048542e-4,0.002781409,0.00166506,0.003227466,1.449054e-4,3.118476e-4,0.001050688,-2.176863e-4,0.001198138,-0.002404998,-0.001083294,-6.708075e-4,0.001917442,-0.001067029,-8.520967e-4,7.649095e-4,0.001852833,-0.00152833,-9.364356e-4,-0.001544319,-4.362281e-6,-1.021612e-4,-0.002663731,0.00105352,5.404645e-5,-9.029733e-4,-1.806068e-4,-2.223977e-4,-5.03216e-4,-5.23871e-4,3.307773e-6,-5.612578e-4,-2.091426e-6,1.983896e-4,9.559294e-5,-1.314915e-4,0.001564612,-3.545195e-5,-1.174344e-4,7.41259e-4,4.911639e-5,-8.797078e-5,-4.117395e-4,-8.36137e-5,3.926995e-4,2.700659e-4,-4.461573e-4,4.558692e-5,-6.286613e-4,-4.858096e-5,3.598988e-4,4.152945e-4,8.966716e-5,2.299699e-4,5.734728e-4,4.351153e-4,2.369283e-4,-7.855705e-4,-5.591639e-4,2.693955e-4,-1.191235e-4,-1.397928e-4,8.282902e-4,7.450444e-4,4.693801e-4,3.464697e-4,4.238664e-4,1.578789e-4,9.703061e-4,4.947944e-4,0.003303594,0.003435897,0.006053152,0.01073713,0.01698535,0.01630976,0.01821886,0.01765947,0.01596542,0.01365514,0.01631088,0.03454383,0.1936347,0.7101727,0.7211976,0.181311,0.05770501,0.04622994,0.05750623,0.07212669,0.08452664,0.1007807,0.1176305,0.1298804,0.1439332,0.1594464,0.1678575,0.1782151,0.1869102,0.1909181,0.1954929,0.1990064,0.2011542,0.1982749,0.1973071,0.1928636,0.1944635,0.1917542,0.1937114,0.1923247,0.1906286,0.1859559,0.1896294,0.1984123,0.2042215,0.2079756,0.2166748,0.2292043,0.2483785,0.2609734,0.2815191,0.2775919,0.3302486,0.3253865,0.3233661,0.5425081,0.4130227,1.020366,0.7642514
365.488,-7.201131e-4,0.01192601,0.009151259,0.006879116,0.006471697,0.002642182,0.008624532,0.007327354,0.0130102,0.003154707,0.006428312,0.002767507,0.003442844,0.001545766,4.363214e-4,-0.0019621,0.001348944,8.539002e-4,-0.00288635,0.002758858,0.003798836,0.001198107,2.99684e-4,0.001638261,0.003694453,0.001975998,-0.001037647,0.00238506,0.002415952,-1.006355e-4,0.00904323,-0.00289826,0.002925971,0.004338502,0.002306897,0.004457239,0.001881149,0.002245294,0.005752909,-9.477236e-4,0.00530165,0.002271204,0.001605562,0.006899465,0.00330192,0.004240567,0.003485618,0.001587012,0.002881531,0.001633779,0.002376659,0.001037571,-0.00313798,0.002092731,0.003348464,0.002517785,0.005748163,0.00341402,0.00176391,-2.76025e-4,0.003204767,-0.002844271,6.541604e-4,-7.166512e-4,0.00256415,0.003672459,7.673767e-4,0.001166369,0.00366559,0.00295147,7.6646e-4,0.002242417,2.441664e-4,0.002854226,0.001325173,0.003726016,5.396262e-4,-1.263772e-4,-5.235978e-4,0.001900393,-5.656028e-5,0.001640445,4.060487e-4,0.001041952,0.00126953,2.173921e-4,0.001243864,0.002114984,3.485545e-4,5.918196e-4,0.001600663,0.001742502,-4.681401e-4,4.644363e-4,-4.026674e-4,2.322113e-4,7.58316e-4,2.767313e-4,1.147816e-4,-7.100144e-4,1.900888e-4,3.38111e-4,0.001122907,-9.778147e-5,-3.012853e-4,1.005146e-4,9.098239e-4,3.742675e-4,5.76935e-4,1.001502e-4,4.556444e-4,3.31852e-4,3.963248e-4,5.070027e-4,3.837434e-4,2.217366e-4,2.049607e-4,3.544354e-4,6.224205e-4,-1.179043e-4,5.513628e-4,9.214853e-4,6.98503e-4,3.69281e-4,1.555316e-4,7.984274e-4,2.069682e-4,2.375821e-4,8.326832e-4,0.001032036,0.001388305,0.002481959,0.004019107,0.003925209,0.008636681,0.01362747,0.01794308,0.01642355,0.01644489,0.01619491,0.01619707,0.01468389,0.02756526,0.1542794,0.3630016,0.7503561,0.4157098,0.07369399,0.04388529,0.0550607,0.06896481,0.08259467,0.09939597,0.1139136,0.1312379,0.1464256,0.1644197,0.173486,0.1865643,0.1964395,0.2037791,0.2036954,0.2098204,0.2123143,0.2118266,0.2104809,0.2084566,0.2035086,0.1994702,0.2035582,0.1979232,0.195967,0.1933963,0.1971215,0.2006663,0.2018696,0.205461,0.2159595,0.2246933,0.2342822,0.2560674,0.2800382,0.297004,0.312608,0.324118,0.343097,0.3784484,0.4139105,0.6748546,1.165332,1.729011
367.774,0.01070288,-0.002133102,0.01741774,0.0143496,8.985564e-4,-0.00337964,0.004431239,0.008188579,0.006052259,0.008046033,1.646202e-4,0.005513277,-7.930318e-4,5.918888e-4,0.005820788,0.004478121,0.001060118,0.004842281,5.286422e-4,0.003698394,0.002932175,-0.001012999,0.001076231,0.001553192,0.002615262,0.00166227,0.001003764,1.114909e-4,0.002398452,0.003165538,9.213722e-4,0.001655535,0.008219328,0.007130774,-0.001084221,0.004682959,0.005723638,0.004027713,-2.726572e-5,0.00522913,0.003113641,0.002452458,7.295863e-4,0.004215481,0.006882546,0.001954669,9.557375e-4,0.003941456,0.003948085,0.003622845,-1.504444e-4,0.002167608,0.008766541,-4.920339e-5,0.003687493,0.001622364,0.005213774,0.00261655,0.002125063,-4.176529e-5,-0.001536911,0.001291901,-0.002727724,0.002452042,-0.002108552,0.002303198,0.001466058,0.0013192430000000001,0.002525524,0.001080434,0.002160466,0.003178887,0.002767074,0.001097769,0.003602561,0.001663873,3.549268e-4,0.00145962,0.001890583,0.002507146,7.460064e-4,0.001309768,0.001327228,4.384333e-4,2.782786e-4,0.001173137,0.001652891,0.001200263,4.703365e-4,0.001133236,7.332366e-4,1.113435e-4,0.002018988,0.001141597,6.166895e-5,0.001152693,4.861301e-4,6.259748e-4,-2.491619e-4,0.002129384,0.00117042,6.763924e-4,1.419126e-5,4.803267e-4,6.295939e-4,3.94841e-4,7.748631e-4,2.258817e-4,5.896492e-4,8.41515e-4,3.745959e-4,3.56383e-4,3.663932e-4,6.599648e-5,5.012702e-4,-2.624626e-6,4.604596e-4,1.890749e-4,4.225283e-4,-2.632179e-5,4.511396e-4,6.545584e-4,7.137305e-4,9.236913e-4,0.001035281,0.001831068,6.078754e-4,-6.336834e-5,6.700407e-4,2.309746e-4,0.001439731,0.003091682,0.005621934,0.005127487,0.01028623,0.01750666,0.0162857,0.0172569,0.01563931,0.01574297,0.01676894,0.0223868,0.09702819,0.4453825,0.440312,0.5075065,0.1443636,0.04515562,0.05219557,0.06542789,0.08032191,0.0973732,0.1126929,0.1319298,0.1496292,0.164891,0.1792728,0.191562,0.2075511,0.2138216,0.2189855,0.2255251,0.2249391,0.2238313,0.2201599,0.2224803,0.2173962,0.2109728,0.211924,0.2067008,0.2044927,0.2041273,0.2006404,0.2031742,0.2009272,0.2116991,0.2156371,0.2231983,0.2350804,0.241636,0.2552854,0.2804509,0.3065629,0.3422477,0.3214688,0.3801896,0.4255649,0.4860164,0.7555184,1.427592,2.4991119999999998
370.06,-0.02844228,-0.02895209,-0.01721558,-0.02607129,-0.01402687,-0.02258251,-0.01583702,-0.008118055,-0.01934835,-0.01664972,-0.01458826,-0.009508882,-0.005703555,-0.009659956,-0.01302467,-0.008603886,-0.01114668,-0.008370502,-0.00664322,-0.006218701,-0.003833061,-0.00428796,-0.003714909,-0.002943479,-0.003294448,-0.002899609,-0.004520379,-0.004755817,-0.004765062,-0.005860283,-0.006955221,-0.007956794,-0.01271432,-0.01431166,-0.01919148,-0.006234993,-0.01117764,-0.01342061,-0.007651399,-0.00506708,-0.008035952,-0.01186756,-0.007398517,-0.01169095,-0.01005997,-0.001930346,-0.01089876,-0.005687934,-0.004678999,-0.009055342,-0.008484835,-0.009336966,-0.01002522,-0.003718082,-0.006895807,-0.004414964,-0.008333131,-0.00712282,-0.004946751,-0.003415471,-0.00350287,-0.001808566,-0.006319307,-0.00606748,-0.007519345,-0.006643102,-0.005453103,-0.002761766,-0.004267893,-0.005472562,-0.003655877,-0.002882082,-0.004525667,-0.004093588,-0.004500391,-0.004162061,-0.003267315,-0.00406902,-0.003228519,-0.00486497,-0.003548121,-0.005169171,-0.002125202,-0.003850492,-0.003551075,-0.002291782,-0.001682459,-0.001730264,-0.002854583,-0.002515924,-0.003322211,-0.003835827,-0.002611501,-0.002042243,-0.001055684,-7.726499e-4,-0.001655354,-0.001847116,-0.002458728,-0.00170466,-0.001404127,-0.002096408,-9.390808e-4,-0.0015897,-0.001184453,-0.001174775,-0.001205972,-8.587551e-4,-9.007257e-4,-0.001089999,-5.225156e-4,-5.715802e-4,-8.723103e-4,-2.945217e-4,-0.001249844,-7.795339e-4,-6.78478e-4,-0.00103425,-0.001545724,-0.002154366,-0.001468981,-0.001338717,-0.001895109,-0.001049457,-0.00143543,-4.633094e-4,-6.321361e-4,-0.001172967,-5.813773e-4,-0.001011704,-0.001639223,0.001129742,0.003191404,0.007523401,0.01137259,0.01746322,0.01520356,0.01382539,0.01305779,0.01383222,0.01920629,0.05814624,0.3369886,0.7203485,0.3257257,0.1907148,0.05059458,0.04814931,0.06046984,0.07471568,0.08998113,0.1099167,0.1280771,0.1451182,0.1640186,0.1782586,0.1949928,0.2097027,0.2197721,0.2292362,0.2329627,0.2383536,0.237429,0.2383179,0.2320208,0.2269741,0.2228411,0.2189861,0.2161262,0.2113289,0.2090975,0.2067513,0.2033061,0.2023321,0.2040172,0.2107313,0.2164411,0.2171514,0.2309905,0.246141,0.2548269,0.2711336,0.2937212,0.3156233,0.3118168,0.2874418,0.2450299,0.3560757,-0.0839939,-0.05633087,-0.3672445
372.347,-0.003951338,-0.01111038,-0.004712426,-0.01096839,-0.005425152,-0.009189668,-0.00759418,-0.007806051,-5.520046e-4,4.57478e-4,-1.024298e-5,-0.00131694,-2.497921e-4,0.003240224,9.447203e-4,-0.002954118,0.001073054,7.519548e-4,-0.00336803,-2.008474e-4,-0.00199136,0.001532375,-8.37516e-4,-0.001729488,-0.002636765,-6.598483e-6,-5.834506e-5,-0.002533073,-9.909924e-4,-0.00200364,-0.004056952,7.419971e-4,-0.002411194,-0.002517479,-0.002347712,-0.007574335,-6.967876e-4,-1.532719e-4,-0.005683288,7.502965e-4,-0.00476974,-6.69065e-4,-0.001356949,-4.687049e-4,1.147437e-4,-0.0030677120000000002,0.002746589,-0.003895928,-9.198768e-4,2.344605e-4,-0.002836532,-0.001394065,0.002519674,-0.005507908,6.071219e-4,0.00359786,-0.001722653,-2.896542e-4,-0.003708431,-0.003878186,-3.54629e-4,5.303925e-4,0.002053142,-1.725601e-4,-0.002732268,-0.05696401,-9.484362e-4,-7.655313e-4,-0.003454026,-7.137248e-4,-9.549019e-4,-2.641924e-4,-0.001513831,-0.002423988,1.830044e-4,-9.786231e-4,8.294095e-4,-0.00272569,-6.89472e-4,-9.399915e-4,-0.001565017,3.176573e-4,1.949089e-4,-0.002313851,-1.977095e-4,-5.421061e-5,5.397816e-4,-0.002134788,-5.603016e-4,0.00128614,3.617957e-4,-7.823137e-5,3.337662e-4,-7.271474e-4,-8.42124e-4,-3.715303e-4,-6.819963e-4,4.325642e-4,7.193008e-4,-1.738947e-4,2.504292e-4,-8.475905e-4,-7.543528e-5,-3.64851e-4,-2.276478e-4,-4.978258e-4,-6.893102e-4,-3.579367e-4,2.121274e-4,-4.435386e-4,-3.320242e-4,-5.014579e-4,-5.166043e-4,-1.439733e-5,1.750193e-4,2.989556e-5,-3.229584e-4,2.06901e-6,-5.043304e-4,4.787013e-4,-3.341488e-4,9.167776e-5,-2.493813e-5,4.572929e-6,8.091522e-4,-6.982815e-4,9.956724e-5,-1.763838e-5,-6.926157e-4,7.531494e-4,0.001520063,0.003010361,0.006958491,0.01010792,0.01865373,0.0202865,0.01597404,0.01450602,0.01454462,0.01838057,0.05345828,0.2570647,0.67692,0.6957975,0.1587024,0.05709511,0.04914245,0.05701377,0.06998358,0.08803964,0.1056617,0.1259555,0.1478204,0.1661542,0.1865361,0.2047922,0.2173813,0.2306008,0.2435947,0.2482851,0.254005,0.2571169,0.2547601,0.2539532,0.2500854,0.2443741,0.2369944,0.230472,0.2253625,0.2233699,0.2171463,0.2149677,0.2150013,0.2164256,0.2138427,0.2242283,0.2261838,0.2382575,0.2504575,0.2629873,0.2905093,0.2954024,0.3305853,0.3416744,0.3707461,0.3875663,0.4137531,0.4718494,0.391356,0.3360524,1.31157
374.635,0.01247864,0.001656188,0.007420063,0.007955108,2.638291e-4,0.01365916,0.001836758,0.01912428,0.005379852,0.002637677,-0.001698237,0.002818774,3.669293e-4,-2.184855e-5,0.008000686,0.007361502,-0.003409819,0.001710971,0.003873665,8.278588e-4,0.001141674,1.89576e-4,-2.574405e-4,6.692731e-4,0.001791247,3.938549e-4,0.001054342,0.001460276,0.001095745,0.00101921,0.002738338,0.004008334,0.00347678,0.008223085,0.00484063,0.003647764,0.008207098,0.00333655,0.003965568,0.003630658,0.00182035,-6.127177e-4,8.065952e-4,-3.198408e-4,-0.003271854,4.212313e-4,0.002318673,-1.443246e-4,7.599428e-4,0.001121537,-0.001553367,0.004907458,0.003809745,0.004349855,0.004120241,-0.001385533,0.001686541,-0.002118389,0.002057924,0.002830592,0.002587257,2.396583e-4,6.186232e-5,0.004748814,3.078787e-4,0.001748188,0.002085614,0.001753951,0.001169764,-4.253676e-4,0.005074214,0.002523764,-7.198886e-5,5.007194e-4,0.002044736,8.417759e-4,0.001644387,7.978678e-4,0.001804005,3.166425e-4,0.002611751,0.001133018,5.44816e-4,0.001316572,9.022633e-4,6.008667e-4,0.002255328,0.001276412,-3.119194e-4,2.83832e-4,5.933356e-4,6.845826e-5,0.00104415,8.290239e-4,0.001281072,0.001032781,1.537352e-4,0.00136778,3.220488e-4,7.100254e-4,-1.458779e-4,0.001235249,4.657281e-4,7.894286e-4,3.52312e-4,0.00106529,8.910611e-4,4.450478e-4,5.292927e-4,9.553806e-4,4.882591e-5,2.764473e-4,4.498234e-4,4.404473e-4,2.875207e-4,-4.445784e-4,-1.205781e-4,-3.838275e-5,8.837632e-4,5.938884e-4,7.123184e-5,9.998393e-4,3.281153e-4,2.755598e-4,9.973771e-4,0.001163898,7.753367e-4,7.622347e-4,4.42283e-4,8.822749e-4,0.002309209,0.00624487,0.009861246,0.01440947,0.02332609,0.02131099,0.01532812,0.01438904,0.01789645,0.03368439,0.226207,0.63162720000000006,0.7740758,0.3894121,0.06113781,0.04756294,0.05820895,0.06834285,0.08297141,0.1030227,0.1234797,0.1441388,0.1675347,0.1872642,0.2051607,0.2264581,0.239519,0.2519862,0.2631289,0.268712,0.2754721,0.2740849,0.2745642,0.2733763,0.2646678,0.2577856,0.2532718,0.24253160000000001,0.2396466,0.235534,0.2296823,0.227089,0.2253882,0.2263249,0.2234848,0.2343897,0.239481,0.2571496,0.2693887,0.2767728,0.3020191,0.3193663,0.3509977,0.3790414,0.4088305,0.4466374,0.4986716,0.5230822,0.8068252,0.8978455,3.736731
376.923,-0.007412862,-0.01048778,-0.008857665,-0.004590004,-0.007494172,-0.01880924,-0.01634078,-0.01140513,-0.00451657,-0.005620612,-0.006573251,-7.669874e-4,-0.00407817,-0.001686108,-0.008307995,0.001995998,-0.002876835,-0.002405814,-0.002437013,-0.001582642,-0.00471319,-0.001167015,-0.001933252,-6.177071e-4,-0.002627977,-0.001669306,-0.001865497,-0.002282707,-0.001231989,-0.002382934,-5.500868e-4,-0.003240136,-0.00197437,-0.007280452,-0.007001825,-0.007735477,-0.002848547,-0.007763799,-1.568155e-4,-0.004038231,-0.003039282,-0.005360994,-0.004345723,-0.006916475,-0.004573263,-0.00695101,-0.005371415,-0.006166011,-0.006968639,-0.004580498,-0.001378051,-0.004640838,-0.005792044,-2.334747e-4,-0.001841621,-0.001234932,-0.002816704,-0.001623237,-0.002335911,-0.001074417,7.899912e-4,-0.003295818,-9.137348e-4,-0.002449253,6.225698e-4,-0.00167552,0.00136494,-0.001865904,-0.001720937,-0.004017219,-0.004375866,-0.00164398,-0.003012023,-0.002245936,-5.518276e-4,1.209145e-4,0.00162053,-0.001239757,2.091391e-4,-0.001892034,-0.002611722,-1.062219e-4,-0.002270825,-0.001057599,-0.001962685,-0.002041362,-0.001116491,-0.002778632,-2.937353e-4,-0.002405064,-7.127631e-4,-0.001634879,-0.001727778,2.408027e-4,-3.417149e-4,-9.506506e-4,-1.569256e-4,-7.646221e-4,-2.973234e-4,-1.761002e-4,-4.852765e-4,-8.3326e-4,-0.001104193,-5.114853e-4,-8.304222e-4,-1.041404e-4,1.118943e-4,-6.34681e-4,-4.888951e-4,-3.50163e-4,-5.731586e-4,-4.591117e-5,-3.075782e-4,-3.801016e-4,-5.74903e-5,-1.103393e-4,-9.994542e-5,-1.821879e-4,-4.505588e-4,-9.645402e-7,-1.806497e-4,-9.775203e-4,-3.913747e-4,-1.507557e-4,-4.434229e-4,6.645298e-5,1.010592e-4,-2.56273e-4,5.560322e-4,3.347524e-4,0.002661074,0.006644496,0.00966539,0.01840809,0.02423638,0.02129476,0.01355483,0.01347777,0.02290665,0.1621952,0.597103,0.7375959,0.4952124,0.1315579,0.04230873,0.05277985,0.06527929,0.07820069,0.09468869,0.1152636,0.139716,0.162235,0.1822682,0.2051418,0.2245785,0.2376406,0.2600961,0.2724345,0.2791784,0.2844916,0.2875231,0.2875822,0.2829721,0.2788381,0.2728959,0.2651406,0.2582185,0.2499455,0.2418086,0.2396626,0.2328892,0.2330463,0.2282032,0.2261331,0.2312029,0.2397376,0.2472807,0.2626257,0.2687821,0.2850399,0.3118818,0.3255251,0.3374416,0.3856422,0.4228877,0.4340083,0.4004987,0.4598336,0.4032794,0.1469003,0.6965446
379.213,0.01768166,0.01383574,0.01371451,0.005714333,0.02230201,0.02187643,0.0214939,0.007174139,0.01977145,0.01937963,0.005886086,0.00484855,0.007247243,0.006995574,0.00598525,0.006789809,0.006046518,0.006830696,0.006844933,0.004140986,0.005499908,0.004221256,0.003545002,0.001589657,0.002245123,0.003629694,0.002547015,0.002295626,0.004484846,0.001585407,0.002224063,0.007601216,0.009689773,0.01501283,-5.813174e-4,0.005894658,0.005265929,0.009913549,0.001791038,0.005690546,0.006358569,0.003936561,0.006316587,0.005671957,0.00582015,0.007348465,0.001189615,0.007714488,0.007349425,0.003553687,0.005642134,0.007052553,0.004749867,0.003640254,0.005260419,0.001364749,0.005614438,0.005974497,0.001030336,0.005752173,0.003769374,0.005767091,0.003994563,0.003700254,0.002595839,0.002921007,0.006707552,0.002780774,-8.429679e-4,0.004407139,9.212025e-4,0.002113388,0.00118274,0.003301209,0.003161359,0.00536882,0.001931601,0.001998042,0.002206583,0.002799208,0.00318173,0.003438745,0.002654889,0.003202386,0.001838686,0.001645359,0.00165722,0.002801549,0.0011998,0.002444253,0.002435698,-4.169348e-4,0.001618871,0.002543885,0.00130631,0.001765993,0.001237676,0.001634602,0.001202395,0.001793749,0.001768286,0.001061811,4.720823e-4,6.285323e-4,0.001411351,0.001772797,0.001022549,0.001265319,0.001106511,9.182093e-4,6.858048e-4,0.001047036,6.391559e-4,3.203269e-4,2.641026e-4,0.00109188,8.125147e-4,0.001114954,9.50703e-4,7.298064e-4,0.001479009,0.001054553,0.002337099,0.00121448,0.001271082,0.001000283,0.001282875,0.001884437,0.001636865,0.002250724,0.004191889,0.009571038,0.0147309,0.024448750000000002,0.02840226,0.02086423,0.01397967,0.01903323,0.1094223,0.5262737,0.7269652,0.6408129,0.1847143,0.04724318,0.04903544,0.06070889,0.0753785,0.09121472,0.1114311,0.1303132,0.1548529,0.1782692,0.2023333,0.2220765,0.2445972,0.2574869,0.276811,0.2889197,0.2942386,0.3045231,0.3044915,0.30196,0.299603,0.2927725,0.2869165,0.2786027,0.2665129,0.2611687,0.2533034,0.2468534,0.239465,0.240428,0.2369263,0.2395094,0.2408201,0.2502159,0.2590966,0.2742615,0.2884211,0.3119227,0.3209344,0.3446632,0.3717769,0.4074035,0.4742357,0.5307971,0.5444802,0.7693686,0.8365475,1.290456,4.865454
381.503,-0.008765169,0.006054633,0.01103649,-0.003316986,-0.002720048,-6.195665e-4,-1.0871e-5,-0.001995222,-0.001546852,-0.005960986,0.002840425,-0.003331469,0.002394309,-5.877636e-4,3.284948e-4,0.002260503,5.211551e-4,0.004198213,-7.130711e-4,1.860259e-4,6.271763e-4,-7.281033e-4,-2.875326e-4,-3.777844e-4,-0.001383773,-1.765342e-4,9.057699e-4,-1.167478e-4,-3.375659e-4,-0.001566357,0.003404274,-0.003140801,0.002261278,-0.003531024,0.009205914,-0.003847054,-0.007019815,-0.001965812,-0.001304891,0.001457538,-1.598004e-4,0.002317843,-0.001658055,-0.00356485,1.955184e-5,-1.19845e-4,2.584932e-4,0.003572083,0.00123641,-2.477163e-4,-9.843736e-4,0.00230229,-0.002481679,-4.861144e-4,0.002060947,3.871514e-4,-0.004222021,3.776285e-4,-0.001764736,-5.098202e-4,0.002259447,-0.001904491,-0.001344658,-6.119195e-5,0.001271105,-0.00160174,-0.001066264,-1.451276e-4,7.735103e-4,0.003506434,0.001580465,0.00287066,-0.001434573,4.391272e-4,-2.333107e-4,-0.002837602,0.001413879,-4.932046e-4,-0.001396322,-4.769317e-4,-0.002286112,-5.365751e-4,-6.225242e-4,-8.399405e-4,8.231203e-4,3.924607e-4,-4.299289e-4,3.822268e-4,4.52828e-4,-4.715506e-4,-0.001882826,8.264607e-5,-4.27432e-4,-0.001410469,1.317846e-4,1.314391e-4,-3.399501e-4,-0.001186666,-1.123771e-4,3.584524e-4,5.531867e-4,-4.92201e-5,2.481425e-4,-3.673884e-4,5.274992e-7,1.982326e-5,4.735719e-4,-3.71142e-5,1.285685e-4,-1.07918e-4,2.063509e-4,-3.235705e-5,3.952581e-4,3.861814e-4,-1.412336e-5,3.164049e-4,1.154308e-4,1.070112e-4,-4.597917e-4,-5.932258e-4,-5.602685e-4,4.736789e-5,-4.467579e-4,5.077321e-4,4.844317e-4,2.09506e-4,5.998118e-4,6.221629e-4,0.002099143,0.001898869,0.004271726,0.01004221,0.01752514,0.02654098,0.02645114,0.01645659,0.01731693,0.06018731,0.4037277,0.7645916,0.7441921,0.2772775,0.0557163,0.04586194,0.05607575,0.0713041,0.0862828,0.1023641,0.1246364,0.1472423,0.1709568,0.1967737,0.2205101,0.2433064,0.2614466,0.2836542,0.299125,0.3046727,0.3128026,0.3213065,0.3206815,0.3180105,0.31071,0.3048537,0.301386,0.2899437,0.2788847,0.2714405,0.2602544,0.2561811,0.2504294,0.2452473,0.2464666,0.2501121,0.2448903,0.2612464,0.2714783,0.2749158,0.2997287,0.2988592,0.3395965,0.3553163,0.3935603,0.4244255,0.4223153,0.4772194,0.5075622,0.5266753,0.8868121,0.8734601,1.494218
383.794,0.008662602,-0.001868998,0.007633769,0.004181493,0.006910837,-0.001217549,0.001193244,0.002246713,-0.008127021,-0.00516451,-3.414164e-4,0.004642688,9.578847e-4,0.003485706,-0.001515773,-5.42729e-4,0.00655115,4.703299e-4,0.002749189,-8.704772e-4,0.001020366,-0.002088759,0.001681425,5.661288e-5,0.00126402,2.343687e-4,-2.171067e-4,-8.067446e-4,-4.478892e-4,-4.031184e-4,-4.026705e-6,0.003660968,0.003123152,-3.987011e-4,-0.001758581,-0.003781635,-0.0016101,-8.770016e-4,-0.001132386,-0.00299471,0.001714085,-0.002689586,-0.004135331,-0.001882411,-0.001830776,-0.001029296,-0.002300341,0.002918064,-1.119632e-4,7.080183e-4,0.003619351,0.003027413,-0.001203209,-2.537537e-5,8.030924e-4,0.001856082,0.00287203,5.704475e-4,0.00262114,9.538544e-4,0.001667086,0.002665779,-2.090462e-4,-0.002751073,-0.00222458,7.783136e-4,0.001925694,2.542992e-7,0.001033627,8.638334e-4,2.639439e-4,7.572259e-4,-7.330707e-4,3.149047e-4,1.80291e-4,2.9262e-4,-3.262651e-4,3.807186e-4,9.087445e-4,-6.118304e-4,0.001007982,-0.001309595,-8.790905e-5,-5.944792e-4,-0.001791971,0.001572212,7.29222e-4,0.001039232,1.611867e-4,1.17933e-4,-3.40351e-5,-7.276091e-4,-4.529106e-4,5.734857e-4,1.650491e-4,2.522465e-4,-1.453612e-4,5.239709e-4,2.742814e-5,-5.889971e-4,-3.117149e-4,2.457714e-4,-3.924295e-4,5.102348e-4,4.233863e-4,3.918056e-5,-3.21374e-4,8.238753e-4,-6.866289e-4,3.621386e-4,-1.896336e-4,-2.135143e-5,-1.039727e-4,2.390688e-4,2.316722e-4,7.722247e-5,-1.309157e-5,2.268079e-4,-2.340821e-4,7.586254e-4,0.001066293,-1.311236e-4,2.457309e-4,-7.623589e-4,5.589681e-4,-1.46436e-4,0.001044355,0.001661241,0.002675242,0.002948481,0.005243741,0.01241861,0.02151328,0.0270012,0.022581,0.01609676,0.03280759,0.2623869,0.7586914,0.814682,0.3567432,0.07582261,0.04283302,0.05153472,0.06438402,0.08052338,0.09951709,0.1186082,0.1393849,0.1638224,0.1891732,0.2140313,0.2380727,0.2644858,0.2819134,0.2985788,0.3125441,0.3226085,0.3282435,0.3335728,0.335431,0.3294171,0.3231332,0.3137197,0.3063285,0.2973104,0.2870784,0.2817056,0.2676153,0.2619116,0.2530273,0.2509486,0.2492184,0.2510642,0.2575827,0.262874,0.2792462,0.2884489,0.3060274,0.3278537,0.3417042,0.3752523,0.3883189,0.4163635,0.460821,0.4531627,0.6012848,0.6237685,0.5537356,1.251776,-0.1781135
386.086,-0.00336102,9.490232e-4,-0.008138677,0.001096137,-3.071309e-4,-0.009396764,0.004993964,-0.006129752,2.702642e-6,0.003587616,-0.00520954,0.001559413,-0.003038196,-0.008506201,-0.001635802,-0.003704684,-0.004747932,-2.188723e-4,-3.964233e-4,-0.001403976,-0.0045645700000000004,0.002477657,-0.001292048,-3.669405e-4,0.001310396,-0.002026533,2.764596e-4,-2.19653e-4,0.001103191,-0.004125748,-0.002466201,4.261171e-4,-0.001376398,-0.001329723,-2.193729e-4,-0.003232815,-0.004478022,-0.0056313,7.164285e-4,-0.001138484,-0.0067551,-0.004934274,5.402024e-4,0.001735949,-0.004461437,-0.004280607,-0.003708494,-0.001756014,-0.004333253,-0.001497699,2.369203e-4,-0.001933958,-0.004590814,-9.254718e-4,-0.002131341,-0.002704261,-8.404118e-4,5.275289e-4,-0.002163906,-0.001699884,-0.002842917,8.750534e-4,7.966819e-4,0.001463823,0.001835046,-0.003907564,-7.254144e-4,2.838741e-4,-7.503067e-4,-0.001579635,-0.001735076,6.871574e-5,-0.001515809,6.249567e-5,-9.804973e-4,5.631381e-4,4.391132e-4,-1.614623e-4,-7.865752e-4,-0.002204769,-0.00164123,-0.001162159,-0.001881695,4.973052e-4,3.649266e-4,-2.178332e-4,-5.123366e-4,-8.213986e-4,-5.565257e-4,-0.001324547,-3.23282e-6,2.203439e-4,-1.043328e-4,-0.00121631,-6.411834e-5,-1.206937e-4,9.460559e-5,-0.0010122,-3.901996e-4,-2.143491e-5,-5.404878e-4,-7.17197e-4,-6.989508e-4,-6.960329e-4,5.190792e-4,-5.835892e-5,1.748002e-4,-1.744242e-4,1.392758e-4,-1.705035e-4,-2.598073e-4,-1.362244e-4,1.659637e-4,-3.621491e-4,-2.553011e-4,-4.115051e-4,-3.310409e-4,-7.538303e-4,-7.923169e-5,-8.224033e-5,-3.516325e-4,-1.519683e-4,7.517062e-4,-4.831811e-4,4.368207e-6,-4.210523e-4,7.587127e-4,0.001289903,0.003005962,0.003254279,0.004820866,0.01256549,0.01981801,0.02425259,0.01879305,0.02391649,0.1752824,0.5791527,0.782869,0.4583771,0.1004321,0.04143432,0.04953923,0.06008957,0.07432143,0.09162222,0.1117434,0.1333539,0.1569133,0.1808711,0.2086573,0.2327452,0.2564785,0.2809132,0.3002569,0.3188018,0.3310168,0.3384523,0.3466438,0.3494231,0.3474369,0.3441851,0.338219,0.3275841,0.3195244,0.3077034,0.2967261,0.2851218,0.277823,0.2697578,0.2651775,0.2615001,0.2570385,0.2594756,0.2660746,0.269972,0.2871292,0.3008272,0.3191164,0.3365468,0.3529612,0.3847522,0.4250752,0.4128792,0.4803858,0.4744895,0.4860773,0.6628934,0.5821986,0.7946684,0.5452423
388.379,0.005639005,2.924172e-4,-0.008489847,-0.001348304,0.01611494,-0.002067679,0.002555013,0.009201353,0.002448693,0.002588559,-1.729655e-4,-8.20402e-4,0.00100524,0.007135936,-0.004784052,0.002134043,0.003252796,8.731033e-4,0.005686485,0.002618038,5.264594e-4,0.00112348,7.042402e-4,5.660462e-4,4.326391e-4,0.00203232,2.082309e-4,0.001278548,-0.001014314,0.002499281,0.005306319,-0.002846342,1.580849e-4,2.050338e-4,-7.687355e-4,5.155325e-4,0.002018795,-1.48181e-4,-0.001529052,0.001223478,-0.001698896,0.002854338,-5.555488e-4,0.005071923,-2.621363e-4,-0.004919469,-0.001369694,2.39825e-4,0.001142087,0.005468322,-0.001604501,1.711491e-4,-5.944029e-4,0.001996717,1.946388e-4,-7.752046e-4,0.002230802,-0.003388276,-3.44727e-4,0.001056432,-8.570125e-4,5.719726e-5,0.001266646,0.002507112,9.651044e-4,0.002776176,0.002484699,0.001174747,-0.001926047,0.001213898,-5.558213e-4,-0.001873562,-1.220448e-4,0.002766454,-5.864338e-5,2.1431e-4,0.001545664,4.698396e-4,0.001830624,-3.027545e-4,-6.379738e-4,-6.234852e-4,4.78455e-5,-4.739529e-5,-1.795898e-4,0.001263059,-2.06722e-4,4.397678e-4,-2.395879e-4,-4.058591e-5,9.800158e-4,4.870728e-4,5.057633e-4,0.001899591,2.16075e-6,-3.047161e-4,2.781776e-5,0.001064872,1.335873e-4,-2.122817e-4,-2.233557e-4,9.530881e-4,-8.938029e-5,2.041768e-4,-2.650118e-4,5.562231e-4,-1.78242e-5,3.484585e-4,1.026242e-4,-4.919769e-4,1.950764e-4,4.372565e-4,-6.939472e-5,3.622574e-4,2.623614e-4,-2.008003e-4,4.747978e-4,1.513548e-4,-1.52904e-4,-8.406251e-5,1.69715e-4,2.305107e-5,2.630829e-5,1.084231e-4,7.347035e-4,4.172709e-4,9.977753e-4,0.001609411,0.002864209,0.003328378,0.005331075,0.0161494,0.02019657,0.01962501,0.02112278,0.1125948,0.4582344,0.6826512,0.4809343,0.1413903,0.04254144,0.04694177,0.05704743,0.07023247,0.08411299,0.1042928,0.1252006,0.1463926,0.1701286,0.1964375,0.2204613,0.2455512,0.2704007,0.2925861,0.319749,0.3272577,0.3418842,0.349911,0.355651,0.3521917,0.3519414,0.3474153,0.3402255,0.329646,0.3214195,0.3140051,0.2983874,0.2896522,0.2801112,0.2721596,0.2682828,0.2637121,0.267205,0.2647064,0.2711243,0.276775,0.290867,0.3042182,0.3282907,0.339787,0.3665142,0.3971653,0.4297255,0.4499449,0.4765805,0.4934654,0.5172669,0.6870247,0.6056171,0.812826,1.371181
390.672,-0.007857093,-0.002952923,-0.004420323,-0.009648393,-0.004249124,-0.002023846,-0.006141864,-0.001323998,-0.005784719,-0.01190793,0.001622464,-2.384411e-4,-0.002218023,0.001771838,-0.002694809,-0.005101436,1.083156e-4,-0.003367601,-0.002388325,-0.00140841,-0.001911172,0.001105397,-0.001010682,-9.646516e-4,-3.864793e-6,-3.656933e-4,-0.002614639,1.050516e-4,-0.001542693,-6.888665e-4,-0.001331441,-0.006235355,-0.001457544,-0.006584639,-0.0129881,-5.041003e-4,-0.007742041,-0.00141838,-0.003792795,1.388292e-4,0.001355073,-7.849641e-4,-0.003930939,-0.002798154,-0.002622171,-0.002807995,-0.004645688,0.001065815,-0.002068523,-0.00524147,-0.004153414,-0.002445453,-0.001907399,-0.003175446,-0.001998257,4.293798e-4,0.002199323,-0.001618793,-0.001660373,-4.111957e-4,-0.001788413,0.001140857,-0.003236583,-2.977824e-4,-7.316047e-4,0.001134737,6.809735e-4,-0.002160136,5.174242e-4,-0.002377189,-0.00298524,-0.002479744,-8.674675e-4,-2.791394e-4,-9.979703e-4,-0.001566178,4.709131e-4,-0.001222373,-0.001748487,-0.001021944,-3.758861e-4,-0.001057808,-6.309746e-4,-0.001088986,-0.001227776,-2.003832e-4,-0.001286325,-0.001094647,8.414217e-4,-3.360182e-4,-2.180751e-4,-0.001067647,-0.001630789,-7.982972e-4,-5.523919e-4,5.5999e-4,-4.261947e-4,-0.001951747,-0.001058832,-4.593245e-4,-5.370458e-4,-4.992715e-4,-2.093277e-4,-8.227302e-4,-5.307063e-4,-2.006784e-4,-6.701144e-5,2.950156e-4,2.031843e-4,-1.395765e-4,-1.008313e-5,-3.758577e-4,-2.322642e-4,4.998376e-4,-2.689295e-4,4.845851e-7,4.606398e-5,-1.615995e-4,2.022865e-5,-7.732027e-4,2.9664e-4,-7.328595e-4,-6.210535e-4,1.303585e-4,-4.361623e-5,7.365149e-4,6.399013e-4,0.001749004,0.002167579,0.003284957,0.003987528,0.01386329,0.01720183,0.01740196,0.08646758,0.3884091,0.6504713,0.4798926,0.1722036,0.04372908,0.04423579,0.05373665,0.06411637,0.07963731,0.0967378,0.1147258,0.134945,0.1595298,0.1840952,0.2104894,0.2339958,0.2607835,0.2864064,0.3055946,0.3289312,0.3393303,0.3530931,0.3601354,0.3664722,0.3632159,0.3578243,0.3536787,0.3445656,0.3358838,0.3257561,0.315838,0.3038502,0.2926862,0.2828927,0.2750691,0.2715675,0.2710269,0.265217,0.2706593,0.2742347,0.2852754,0.2913036,0.3162028,0.3340334,0.3461545,0.3566577,0.3889515,0.4148941,0.482699,0.480555,0.5057173,0.5361427,0.5329279,0.4652528,0.7937177,-0.6104561
392.967,-0.007414372,8.699023e-4,0.007316604,0.002049391,-0.003848598,-0.001130328,-0.006024033,7.787051e-4,0.002348418,0.001045921,-9.621606e-4,-0.001024206,0.001113055,-0.00201417,-0.002091258,0.001269924,-4.566553e-4,-0.003194022,5.640857e-4,0.001469272,8.638649e-4,-0.002970323,-8.850052e-4,-0.003437946,-0.001067157,3.692664e-4,5.290882e-5,-0.002515611,7.247405e-4,-0.001889087,9.788894e-6,-0.002335998,-0.003820005,-0.002498054,0.001491385,-0.002857079,-0.004758652,0.003194627,-0.002257944,0.003712489,-1.224962e-6,-0.004604415,5.406078e-4,5.021057e-4,0.002083788,0.001933687,-0.001904477,0.001985749,-7.741444e-4,1.067926e-4,-0.00131206,9.730367e-4,0.001123892,-7.706767e-4,1.867918e-4,-1.791391e-4,-0.002484339,-0.003854645,4.147933e-4,-1.611719e-4,-0.002585467,2.219349e-4,-3.791345e-4,5.449641e-6,0.001213445,0.001404958,-0.003473303,-7.958706e-4,-6.414603e-5,3.064839e-4,5.115656e-5,0.002330324,-5.135976e-4,1.625999e-4,7.044527e-4,-0.001058603,7.224569e-4,-4.509324e-4,-0.001514888,-0.002207557,-5.995442e-4,-0.001168917,-9.170451e-4,-0.001152697,-8.299872e-5,4.785802e-4,-0.001504255,-0.001381538,-2.24643e-4,6.181599e-4,-0.001469652,5.775762e-4,-5.880504e-4,-0.001037851,-8.861715e-5,2.875119e-5,-9.227085e-4,-7.544337e-4,-4.628551e-4,7.712052e-5,-4.061639e-4,3.150274e-4,-2.632132e-4,-5.715235e-4,-7.856779e-5,1.067021e-4,6.605993e-4,5.323739e-4,1.4426e-5,3.726932e-4,-2.180029e-5,7.492999e-5,3.298341e-5,4.449838e-4,8.955246e-5,1.538976e-4,-1.30505e-4,1.652581e-6,3.478184e-4,-5.982943e-4,-5.719332e-4,7.686925e-4,2.239906e-5,0.001261263,9.085441e-4,0.001432896,0.002037459,0.002580013,0.003355162,0.004243871,0.006989225,0.01266221,0.01556889,0.05690359,0.3522973,0.7203391,0.552763,0.2004708,0.05186094,0.04193178,0.04991448,0.06098368,0.07411665,0.09201064,0.1090603,0.127476,0.1512496,0.1746371,0.1976313,0.2247101,0.251882,0.2773457,0.3003585,0.3228341,0.3395811,0.3520961,0.363744,0.3698581,0.37263810000000003,0.3726594,0.3680494,0.3582328,0.3528,0.3417104,0.3326767,0.3182173,0.3080482,0.2991501,0.2873326,0.2825941,0.2758666,0.2731023,0.2727547,0.2739077,0.277788,0.291754,0.305825,0.3214938,0.3355521,0.3610525,0.3963312,0.3992036,0.4445274,0.4652114,0.5232033,0.5337823,0.5612466,0.6772027,0.4348311,0.6270881,0.3934987
395.262,-0.00446003,0.005388254,-2.494891e-4,-0.001752771,-0.001114727,-0.002192253,0.009351855,-0.007090566,6.752869e-4,-0.003257419,-6.308493e-6,-5.488321e-4,-0.001809331,-0.00315101,-1.319038e-4,3.681841e-4,-1.040549e-4,0.00270483,9.750875e-5,-0.002290441,-7.704286e-4,4.065868e-4,-0.001120746,-1.500325e-4,-0.001147281,1.469425e-4,-0.00105454,5.689075e-4,6.018081e-5,-4.446913e-4,0.001845176,-0.004299638,-0.004509907,0.001395016,3.535819e-4,-9.858184e-4,-0.001312955,4.129983e-4,-5.233096e-4,-0.001430959,9.118679e-4,0.002176351,-6.754205e-4,0.00143675,-9.627802e-4,-6.031314e-4,-0.001518979,0.001019906,0.001860412,0.001559399,7.890484e-7,-0.001969914,-2.045345e-4,0.001747744,-0.001823496,8.873081e-4,-3.520697e-4,0.001213015,-3.309056e-4,-0.001839241,0.002296351,-5.073583e-4,4.383966e-4,4.184545e-4,-0.002455707,-0.001700385,1.919993e-4,-0.001871702,7.441754e-4,-1.797902e-4,-5.914676e-4,-7.926694e-4,-6.649509e-4,3.178664e-4,2.08354e-4,9.190789e-4,9.089445e-4,-0.001084147,-5.738686e-4,-5.665388e-4,5.404645e-4,-0.001185101,-5.501805e-4,-4.171462e-4,-2.390312e-4,-8.062672e-5,-5.608554e-6,1.486375e-4,-0.001057624,-0.001238335,3.284858e-5,2.25889e-4,-0.00102025,-0.001417287,-2.04812e-4,-2.528846e-4,-5.179596e-4,-6.829691e-4,5.117307e-5,1.447169e-4,-3.749823e-4,-0.001242176,-8.104085e-5,2.284445e-4,-6.791249e-4,-6.439259e-4,-3.399929e-4,-3.625003e-4,-1.283201e-4,-2.78719e-4,-2.114679e-5,-9.249488e-5,-1.062643e-4,-3.628805e-4,9.892121e-5,2.150618e-4,1.42807e-5,-1.080719e-4,-1.587293e-4,1.182328e-4,-1.198018e-4,-1.609945e-5,4.699442e-5,2.4913e-4,7.248075e-4,0.001545499,0.002743633,0.002146654,0.003033803,0.003530812,0.007075309,0.01110123,0.03391808,0.2675189,0.7383049,0.6860621,0.2770931,0.06280882,0.03754115,0.04668652,0.05501765,0.06848427,0.0834221,0.1006339,0.1168954,0.141059,0.1635704,0.1868955,0.2128078,0.2371022,0.2648357,0.2874917,0.3094418,0.3315328,0.3480608,0.3598441,0.362669,0.3734586,0.3774827,0.3749911,0.3697491,0.3660243,0.3525587,0.3460642,0.3337655,0.3223456,0.3054383,0.3009494,0.2899776,0.2825905,0.2789574,0.2744209,0.2745777,0.273645,0.2878043,0.2972195,0.3097908,0.3294208,0.3468335,0.371662,0.3891261,0.4226237,0.4649799,0.4841495,0.5220708,0.5764159,0.5872555,0.5504163,0.5455389,0.4373097,0.4892825
397.558,0.0128088,0.01278436,0.005185442,0.01296438,0.005006093,0.007290801,0.003126227,0.006191627,0.009216554,0.008763649,0.004491305,0.001622153,-0.001149791,7.732911e-4,0.003056134,0.003300277,0.002457969,0.001835983,-0.004213901,0.00404197,9.588306e-4,-1.168289e-4,3.530058e-4,0.001298037,6.297787e-4,5.562408e-4,9.287211e-4,6.658094e-4,-5.156824e-4,8.015274e-4,-0.002380444,0.002354939,0.008046728,0.001892589,-0.002058646,-0.001280373,0.002434444,-0.001048718,0.003297644,1.181503e-4,0.00448133,0.001763582,0.002931037,0.003228908,0.00212433,0.006004628,0.002626368,0.001335393,0.001843173,0.003597263,0.003885363,-7.565958e-4,0.003238661,9.266318e-4,-8.116305e-4,0.002858803,-5.718377e-5,0.00193732,9.206195e-4,0.001851648,2.262449e-4,0.001092171,0.00290476,-6.891109e-4,0.00199475,0.002941509,0.002165194,3.762892e-4,0.002607536,0.001464408,0.00228091,0.001273425,1.122469e-4,7.941884e-4,0.00257641,9.10897e-4,-3.400218e-4,0.00071859790000000005,0.001219327,8.670745e-4,0.002656688,0.001032179,5.032725e-4,1.207626e-4,0.001347015,-1.50758e-4,0.001244239,4.795551e-4,8.930335e-4,-6.901042e-4,4.676726e-4,2.891715e-4,6.808966e-5,5.397282e-4,0.001449343,8.083948e-4,1.891032e-4,3.897851e-4,7.188463e-4,9.316705e-4,4.583566e-4,4.494673e-4,6.412249e-4,2.645698e-4,2.779581e-4,3.622578e-5,-4.590978e-5,2.178171e-4,5.823496e-4,5.096163e-4,3.163401e-4,3.728614e-4,3.759305e-4,2.130485e-4,3.611673e-4,-1.550548e-4,0.001011212,-2.258168e-4,6.649585e-4,0.001223384,6.528253e-4,5.55632e-4,4.803015e-4,0.001142933,0.001781716,0.002800612,0.0028886,0.002783845,0.003787568,0.005064616,0.008539305,0.01758775,0.1581689,0.6259243,0.6526117,0.4702975,0.09164414,0.0355498,0.04284803,0.05401457,0.06388474,0.07718323,0.09356454,0.110787,0.1308381,0.1535338,0.1777103,0.2013572,0.2260022,0.2494785,0.2767506,0.3031447,0.318367,0.3404779,0.3534163,0.368105,0.3747507,0.3786647,0.3819947,0.3808413,0.3743861,0.3662539,0.356308,0.3437925,0.3362349,0.3242423,0.3111976,0.3015898,0.2946998,0.2856248,0.2826146,0.2805555,0.2794542,0.2818722,0.2885894,0.3045663,0.3172681,0.3291519,0.3578574,0.3809652,0.409507,0.4288284,0.4786908,0.4963336,0.5482381,0.5693916,0.6521792,0.6510998,0.6208109,0.6633215,1.167303
399.854,-0.003394873,-0.01544646,-0.01488384,-0.00513974,-0.02250327,-0.006473293,0.00273783,-0.006417872,-0.001084887,-0.007453495,-0.007557399,-0.003510946,-0.003395861,-0.001723426,-0.004211017,0.00235009,-0.007456569,-0.003226952,-0.005169415,-0.006712541,-0.001661963,-0.003543769,-0.003702667,3.743082e-5,-0.001295497,-0.001693573,-0.002872752,4.262339e-4,0.002866986,0.002389609,0.005739453,0.01052582,0.00738452,0.01141305,0.008583773,0.003790766,0.005004333,0.005781513,0.009445321,0.01379072,0.008272547,0.0107726,0.008327906,0.008286326,0.008815384,0.004271203,0.006624189,0.00588483,0.008204151,0.004085279,0.006868838,0.005139581,0.005554764,0.004749323,0.007886241,0.004111659,0.004198672,0.00399051,0.007008968,0.004411638,0.005670039,0.006165314,0.007646856,0.005087447,0.005306908,0.005072296,0.004808989,0.00322293,0.002906266,0.001740021,0.002934349,0.002841683,0.003657206,0.003029827,0.004390913,0.004627217,0.002943556,0.001592709,0.002625982,0.002821977,0.00274563,0.002707487,0.003552915,0.00208704,0.001624275,0.00220664,0.001786227,0.00399814,0.001629809,0.001383236,0.002327765,0.001725039,0.001235685,9.997746e-4,0.001682366,0.001189373,0.00145236,0.001472015,0.001556771,0.001386839,0.001260565,0.001916316,0.00176643,4.995188e-4,0.001607172,0.001364658,0.001357728,0.001082271,0.001082532,8.724013e-4,5.74031e-4,4.982415e-4,1.863079e-4,3.69443e-4,4.105236e-4,3.864219e-4,0.001275503,0.001197858,0.001419943,0.001332089,0.001425172,0.00177974,0.002014861,0.001787837,0.003778015,0.003631631,0.003589377,0.004006853,0.004507603,0.00522205,0.0117597,0.08426395,0.435082,0.655017,0.5668309,0.1713992,0.03697826,0.03886374,0.04888576,0.0585664,0.06958428,0.08386714,0.1025938,0.1205923,0.1407607,0.1651373,0.1869965,0.2099852,0.2321926,0.2568635,0.2804217,0.3038984,0.3263289,0.3425412,0.3585783,0.3661534,0.3755125,0.3778516,0.3828151,0.3786262,0.3714972,0.3634095,0.3516945,0.3427235,0.3297565,0.3216624,0.3068428,0.2986221,0.289559,0.2838204,0.278237,0.2784593,0.2812362,0.2835155,0.2921617,0.3024941,0.321126,0.3429814,0.362162,0.3834929,0.4090547,0.4357322,0.4591746,0.4927709,0.5541143,0.5862875,0.6506966,0.8810566,1.013762,1.63413,4.659334
402.152,0.009583115,7.85334e-4,0.007611896,0.004885256,2.447188e-4,0.0133468,-2.570177e-4,0.005183159,0.006425721,0.005292881,0.002770725,0.001838621,0.00506283,0.006341383,0.001634763,0.005230364,-7.399411e-4,-0.001457303,7.71157e-5,0.002511091,3.936831e-4,0.001984193,0.001226325,-8.624459e-4,3.211296e-4,2.259105e-4,8.824259e-4,0.001114904,0.003138334,0.001708793,0.002993821,2.300883e-4,-0.001726274,0.0019277160000000001,4.852861e-4,-0.004866865,0.002420103,7.401216e-4,4.740496e-4,0.001073999,0.00266374,8.259834e-4,-0.002555887,0.003515595,0.002442528,0.004057452,0.003665539,-6.185426e-4,-0.002447452,0.001935915,0.004068837,0.002516766,0.003445982,5.00884e-4,0.003096824,3.805936e-4,3.966545e-4,3.665553e-4,0.002545698,0.001715607,9.016996e-4,0.002157786,0.001139464,0.002373499,6.363124e-4,0.003993038,0.003208486,0.002344225,0.001096011,0.001337251,0.001084675,0.002313381,0.001286827,0.003112127,-2.455921e-4,6.20946e-4,7.468272e-4,0.001092738,0.001282758,-8.545878e-5,0.001301273,-2.878012e-4,2.398191e-4,-8.060732e-5,5.954508e-4,5.093761e-4,-2.845935e-4,2.096655e-4,0.001155675,1.281304e-4,8.249995e-4,-9.270632e-5,0.001184772,5.154691e-4,-3.578758e-4,8.69439e-4,9.965529e-5,-1.723456e-4,3.530331e-4,3.617719e-4,5.205457e-4,3.037144e-4,1.486898e-4,7.164198e-5,5.800155e-4,1.949393e-4,5.088508e-4,-1.915176e-4,5.130908e-4,1.470903e-4,3.212628e-4,1.022451e-5,4.366575e-4,-2.020875e-5,2.070588e-4,-1.110793e-4,-3.969743e-5,9.003306e-4,3.988195e-4,0.001381317,0.001272381,2.534419e-4,0.001489357,0.001970315,0.002188317,0.00339336,0.003199907,0.003086345,0.004532833,0.005691358,0.02830859,0.2655491,0.6512367,0.6014368,0.2284347,0.05074807,0.03751714,0.04350466,0.05387349,0.06692205,0.079811000000000007,0.0939577,0.1118282,0.1327666,0.1534158,0.1779073,0.2004323,0.222049,0.2468551,0.2729145,0.2967011,0.3148595,0.3372061,0.3529409,0.3692604,0.3759378,0.3815061,0.3851919,0.3850742,0.3845354,0.3762596,0.3675715,0.3559933,0.3450509,0.3362277,0.321101,0.3094514,0.3022999,0.2923136,0.2865134,0.2836505,0.2804143,0.2839917,0.2894767,0.2998787,0.308142,0.3261792,0.3448276,0.3673692,0.3915202,0.4146413,0.4435368,0.4765701,0.5123877,0.5379167,0.5993942,0.7083044,0.6538993,0.9691113,1.190185,2.425121
404.45,-0.001798511,-0.008653852,-0.007088471,-0.004607476,-0.008953735,0.001532923,-0.002473111,0.001640817,-0.003832535,-3.662891e-4,-0.00569746,-0.003358346,-0.002562285,-0.003519422,-0.002503697,-0.002082219,-0.001470733,-0.001919506,-5.091956e-4,-4.35395e-4,-1.967114e-4,-0.002244013,-4.220472e-4,-0.00112506,-1.798634e-4,-6.041188e-4,1.412676e-4,-0.001783532,-0.001316385,5.425114e-4,-0.005776672,-1.160744e-6,-0.002878192,-0.003702171,-0.005115622,-0.005436884,-0.001870184,-0.005095848,-1.146245e-4,-0.001662726,-0.00424377,-0.003319026,-2.071462e-4,-0.004842497,-6.601662e-4,-0.002502249,0.001840467,-0.004719631,-0.004163337,-0.0011612390000000001,-0.001196519,1.075202e-5,-0.001407207,-0.003774102,-6.590279e-4,-5.503067e-4,-0.002247464,-0.003328798,-0.001432217,2.675193e-4,0.00109853,9.534318e-4,-8.642878e-4,-0.001508105,-0.001796556,-0.002717403,-0.002096499,5.904371e-5,-0.002581409,6.653855e-4,-9.686072e-4,-5.232732e-4,-8.714741e-4,-0.001248533,-0.002145215,-8.557178e-4,-0.001249119,-0.001499598,-7.069827e-4,5.600893e-4,-0.001546132,-4.495409e-4,-8.020567e-5,-0.001228745,-0.001760846,-4.382832e-4,-3.929373e-4,-1.030922e-4,-0.001145946,-0.001309457,-0.001105585,-9.151308e-4,-3.19878e-4,1.778297e-7,-5.726211e-4,-2.347598e-4,-7.350337e-4,-0.001120134,-7.468876e-4,-9.232542e-4,-2.574943e-4,-4.823184e-4,-2.939473e-4,-1.615666e-4,-3.319784e-4,8.15396e-5,-3.422745e-4,-3.598556e-4,-1.810686e-4,-2.672084e-4,-3.86602e-5,-1.890208e-4,-3.142475e-4,1.80635e-4,-1.91656e-4,-2.949155e-4,-7.840217e-5,1.719572e-5,-1.293201e-4,9.694419e-5,8.462823e-5,8.900684e-4,7.489728e-4,0.001230279,0.002419741,0.003066257,0.002747044,0.003455688,0.005680502,0.01181793,0.08263896,0.4797447,0.5857396,0.2724791,0.06363788,0.03454574,0.03948478,0.05020621,0.06005206,0.07458881,0.08761472,0.1027911,0.1248174,0.1430075,0.1659223,0.1893659,0.2140417,0.2395205,0.2630527,0.2856251,0.3069586,0.3288305,0.3470742,0.363823,0.3777334,0.3871268,0.3916817,0.39196,0.3932053,0.3894906,0.3814715,0.3713301,0.3606627,0.3502126,0.3420346,0.3285761,0.3144251,0.3031269,0.2984727,0.2922584,0.2897742,0.2864788,0.2838396,0.2949142,0.3038036,0.3208221,0.3384858,0.3479358,0.3770437,0.3986505,0.4241381,0.4430419,0.4796003,0.5329493,0.5374969,0.5789394,0.6146882,0.6638106,0.4509112,0.2949572,0.5503349
406.749,0.008191122,0.003402886,0.0044083,0.00712813,0.007933051,0.005838165,0.01302206,0.002792272,0.002331216,0.002438512,0.002468106,0.001015363,0.004626958,0.004348449,6.26007e-4,0.003447147,6.337664e-4,0.002673734,0.001526982,0.003586086,0.003747148,0.002061303,0.001493968,0.001025137,8.212179e-4,0.002669566,0.001892397,-4.742268e-4,0.002994266,-2.702807e-4,0.002601568,0.004190974,0.005571998,0.001445505,0.00669941,0.004350882,0.006540372,6.17225e-4,0.002749186,-1.051286e-4,0.003970432,6.05088e-4,0.001625602,0.003575031,7.776418e-4,0.003159629,0.003526766,0.002204374,-1.914082e-4,0.002508994,0.002566259,0.002541447,-4.324228e-5,-1.377982e-4,0.00271693,0.001289694,0.001492032,-7.364192e-4,0.002323444,0.001427763,6.920552e-4,0.004438902,5.958327e-4,0.001316802,0.002238449,0.002145397,0.001410074,-3.571799e-4,9.126841e-4,0.001596616,0.001339794,0.001928658,6.15237e-4,0.001245329,-4.628679e-5,-2.489936e-7,9.759276e-4,4.968642e-4,9.462817e-6,-1.679199e-4,0.002997953,6.927472e-4,0.001140222,4.947293e-4,1.869628e-4,0.001049724,0.00152239,0.001104465,1.991944e-4,8.451478e-4,0.001318799,5.494773e-4,0.001375217,5.644672e-4,1.370599e-4,0.001121474,0.001058731,0.001069587,0.001325812,8.935464e-4,7.524879e-4,5.43245e-4,2.186749e-5,8.481121e-4,5.095324e-5,7.961303e-5,3.427184e-4,6.652967e-4,5.101826e-4,-1.551775e-4,4.129009e-5,6.620841e-4,5.190143e-4,2.423995e-4,5.761275e-4,2.476027e-4,2.905317e-4,3.895577e-4,-3.565166e-4,-6.651512e-5,5.304729e-4,0.001539367,0.001944695,0.003255455,0.003037753,0.003611397,0.003064932,0.00530892,0.008043678,0.03708185,0.1676944,0.4988875,0.3188795,0.07921815,0.03596112,0.03858404,0.04620176,0.05752881,0.0690672,0.08469235,0.09869604,0.1174177,0.1350558,0.1577015,0.1817112,0.2044269,0.2274791,0.2526226,0.2745826,0.3001553,0.320232,0.3435169,0.3607606,0.3748521,0.3847814,0.3938977,0.3971696,0.4021299,0.3983603,0.3932793,0.3882973,0.378334,0.3648974,0.3553904,0.340637,0.3329842,0.3224173,0.3094012,0.3027871,0.2962227,0.2978509,0.2945839,0.2986586,0.3021863,0.3189286,0.3311402,0.3514612,0.3683299,0.3979953,0.4126215,0.4453546,0.4797569,0.5050667,0.5245496,0.5612202,0.5999247,0.6898474,0.7181513,0.9437549,1.381622,2.233243
409.049,0.01368548,0.006444904,0.003831031,-0.003173558,-0.005411785,-0.003513439,2.441612e-4,-0.006680009,-4.224103e-4,-1.768842e-4,-0.002580256,0.00427884,-0.001063899,4.785199e-4,-0.002708669,-0.001027571,0.002161864,0.001503709,-1.757176e-4,-0.00115709,0.001216103,-1.732896e-4,8.285605e-4,-7.988998e-4,-0.001349911,-0.001546188,8.208378e-4,-8.541328e-4,-5.426474e-4,0.001138309,-0.002668191,-0.0014873,-9.89543e-4,-0.002377751,-0.001457792,0.04225889,2.691312e-4,-3.632606e-4,-9.445735e-4,-2.477823e-4,-0.002978489,0.001388647,0.00100207,-6.666279e-4,-0.002933202,-0.002044619,-0.003485531,-8.277933e-4,-5.028075e-4,-1.964059e-4,2.508059e-6,2.731253e-4,-2.611965e-4,0.002394962,-0.002389879,0.002476976,-0.002816662,2.813668e-4,-0.001154213,9.034129e-4,6.269845e-5,0.001726551,9.822374e-4,-0.003867022,-8.781512e-4,0.001493144,-6.720025e-4,-4.103123e-4,-0.001692777,-0.00141674,-0.001271853,-0.001131318,-2.554938e-4,-5.388061e-4,3.830132e-4,-0.001312255,-2.292742e-4,-4.637314e-5,-9.141244e-4,-0.001060797,3.314908e-4,-0.001000469,3.105707e-4,-7.204039e-4,-4.101975e-5,-3.845094e-5,3.849536e-4,0.001156656,-6.54416e-5,-0.001381177,-8.687488e-4,1.825211e-4,2.311161e-4,-7.518842e-4,-8.876923e-4,-5.299319e-5,-6.224567e-4,3.104625e-4,4.369194e-4,-3.084351e-4,-2.554142e-4,-2.591664e-4,1.988994e-4,-4.872874e-4,-3.394513e-5,-3.789877e-7,-3.826133e-4,2.410462e-6,-5.553043e-5,-2.424795e-4,-1.949495e-4,1.05289e-5,3.109116e-4,-1.961578e-4,-3.225688e-4,8.029759e-7,-5.107593e-5,3.004788e-4,7.837388e-4,0.001057009,0.001639308,0.001855639,0.00207439,0.002702839,0.002997494,0.004012199,0.003951438,0.006102666,0.02167336,0.0963617,0.1975975,0.3057997,0.1079402,0.03384486,0.03713599,0.0439545,0.05296492,0.06376442,0.07790125,0.09267383,0.1088603,0.128031,0.1472924,0.1692346,0.1921227,0.2183268,0.2398073,0.2659483,0.2862153,0.3107043,0.3304658,0.3503095,0.3646454,0.3818509,0.3927612,0.4005966,0.4031197,0.4004321,0.3995821,0.395037,0.3889108,0.3796362,0.3707253,0.357488,0.3433295,0.3339849,0.3223491,0.3109879,0.3033613,0.2995407,0.296423,0.2977799,0.2989065,0.313007,0.3209754,0.3354441,0.3468887,0.3728667,0.4021104,0.4212578,0.4491392,0.4854903,0.5104163,0.5425983,0.551189,0.613248,0.6559864,0.7440947,0.7532966,0.5035087,0.1696113
411.349,0.009492706,0.006865737,0.002848692,0.01322339,0.01257973,0.004459444,0.01172726,0.01203908,-8.290758e-4,0.01460884,0.003123,0.004121163,0.004115081,0.004938455,0.001575884,0.004258266,0.004802368,0.005581768,0.00254965,0.002492359,-4.966775e-4,0.002442522,-9.543134e-4,0.001962034,4.928988e-4,8.489273e-4,0.001340821,0.001122388,0.002490411,0.001056371,0.002536643,0.006013497,0.005010219,0.005957886,0.0106931,0.06350258,0.003257908,0.005559184,0.004170834,0.004050594,0.003267831,0.003463433,0.003914851,5.509353e-4,0.003646199,0.001054776,9.373088e-4,0.005185208,0.002949739,0.001018437,0.003123306,0.002778393,0.002217986,0.001036055,0.005313669,0.003525862,-1.6054e-4,0.002403492,0.005063397,0.004708319,2.525932e-4,0.003143003,0.002780704,5.751802e-4,0.001943028,0.002206408,0.003740614,0.00145121,1.112421e-4,0.001181761,0.004398221,0.002383408,0.001837331,0.002077446,0.001937395,0.001850369,0.00166638,0.001840185,5.14132e-4,0.002081596,0.001823945,0.001658958,0.001150889,0.002083527,0.001521293,0.001693649,0.001065704,0.001577341,7.196087e-4,8.532867e-4,0.001502633,8.911432e-4,9.932532e-4,3.567592e-4,0.001192448,7.354665e-4,0.001496553,0.001012534,9.9898e-4,6.332232e-4,5.434272e-4,8.579535e-4,0.001139371,2.576959e-4,4.912599e-4,6.874794e-4,3.905026e-4,7.188778e-4,5.96724e-4,1.413052e-4,7.891677e-5,3.599472e-4,4.210587e-4,8.295092e-5,3.537633e-4,3.987889e-4,9.527234e-4,9.404605e-4,0.001157621,0.00138146,0.001210941,0.002232132,0.003016745,0.003435646,0.003739582,0.005247656,0.005827197,0.01424263,0.0632824,0.1505149,0.1576581,0.1229285,0.04072546,0.03613443,0.04255856,0.05040774,0.06038096,0.07138974,0.08662648,0.102151,0.1179501,0.1380233,0.1617376,0.1824933,0.2062665,0.2291406,0.2513841,0.2770512,0.2981333,0.3187744,0.3378617,0.3587723,0.37333,0.3869934,0.3942514,0.4024469,0.4066434,0.4016379,0.4024211,0.397389,0.3893817,0.3804079,0.3692687,0.3549058,0.3480565,0.3361993,0.3268453,0.3166894,0.3091219,0.3020401,0.3022333,0.3040739,0.3070643,0.3167535,0.3283785,0.3479654,0.3682291,0.3846598,0.4070794,0.4313449,0.4699945,0.4927734,0.5230084,0.5597143,0.6044114,0.6475305,0.6668327,0.7779127,1.052866,2.076716,3.262375
413.651,0.002477091,5.029388e-4,4.563957e-4,-0.002445852,0.004310762,4.846817e-6,-0.002380407,0.004279563,-3.854005e-6,0.002350527,0.001396436,-0.003028878,-5.814101e-4,4.677897e-4,0.003495314,0.002332974,0.002621835,-5.538495e-4,-0.002126506,9.224673e-4,4.298573e-4,-6.847098e-4,0.001480208,3.064308e-4,-4.384849e-4,9.354003e-5,-4.544624e-4,4.50805e-5,0.001155775,0.001961126,-0.001648804,0.0030412,-9.731956e-4,0.003098373,-0.005533283,0.003921951,0.001933272,8.362055e-4,0.001960921,6.841334e-4,0.001292013,0.002849705,0.003888714,0.001074893,0.003295388,0.002720408,0.003820791,-0.001716916,-0.001069758,0.001104201,-9.750747e-5,0.001039046,-1.477084e-4,-6.162615e-4,0.002523196,0.001399167,9.706023e-4,0.002085654,0.002433069,0.001612279,0.00204598,0.001099807,-1.869408e-4,0.001011091,5.079828e-4,-3.671514e-4,-4.234423e-4,-4.029454e-4,3.861184e-4,-0.002130648,8.80756e-4,4.00921e-4,6.381711e-4,-1.900359e-4,-6.571213e-4,-2.278859e-4,-0.001961309,-4.796747e-4,0.001440653,0.001277958,-0.001650469,5.436131e-4,-6.079022e-4,-0.001180494,-2.862027e-4,-8.405182e-4,2.449792e-4,-2.685566e-4,0.001167084,3.760611e-4,2.738891e-4,7.293212e-4,1.951553e-4,-7.676186e-4,3.68507e-4,-4.900025e-5,-3.896374e-4,9.846383e-4,6.09656e-4,2.823182e-4,3.312952e-4,-3.896019e-5,1.932649e-4,3.228452e-4,1.8434e-5,1.239709e-4,4.727937e-4,2.520435e-4,3.793614e-4,3.556491e-4,8.651905e-5,2.387932e-4,1.521652e-4,2.42484e-4,2.191466e-4,1.20395e-4,2.822605e-4,5.046059e-4,7.067829e-4,7.800278e-4,0.002021511,0.002017418,0.00226731,0.003353357,0.004565202,0.004866191,0.007345458,0.04522616,0.1257353,0.1536158,0.08300058,0.04501535,0.03333578,0.03977802,0.04611723,0.05523353,0.06745604,0.08160853,0.09616725,0.1121707,0.130578,0.1495749,0.1704509,0.1939647,0.2170513,0.2410418,0.2634005,0.2862697,0.3069675,0.3273254,0.3480414,0.3659519,0.37840240000000003,0.3901734,0.4005474,0.4039555,0.4056211,0.4059444,0.4029086,0.3980811,0.3885099,0.3813879,0.3706216,0.3563021,0.3482944,0.3369402,0.3240835,0.3173381,0.308928,0.3056832,0.3074126,0.309271,0.3118073,0.3226012,0.3320493,0.348926,0.3709721,0.3932761,0.4139156,0.4403844,0.4647431,0.488164,0.5382463,0.5596921,0.5858898,0.6269935,0.6327183,0.7202246,0.7181292,1.045517,4.410478
415.953,-0.008810319,7.499737e-4,-0.004624728,-0.00392724,-0.00331453,-0.00751287,-0.009154916,-0.0144695,-0.002014356,-0.002138263,-0.003459779,-5.601084e-4,-0.005627384,-0.002401503,-0.001777782,0.001100345,-7.17341e-4,-0.002914842,-0.003140212,-8.382465e-4,-0.001546419,4.880337e-6,-8.444431e-5,-0.0013681,-0.001654451,-0.001268177,-6.949995e-4,-0.001874128,6.771574e-4,-1.990804e-4,-0.003676872,-0.006223937,-0.004902777,-0.004583335,-0.006401194,-0.001720783,-0.006498955,-0.003784168,-0.004315942,-0.003035678,-0.001936291,-0.002904973,-0.005125221,-0.003529166,-0.001980866,-0.002577837,-0.002950854,-0.002989296,-0.001724661,-0.00468058,2.663344e-4,-0.002900009,-5.46839e-4,-4.163141e-4,-0.001188684,-0.001913584,-0.004490074,-0.003143819,-0.002116624,-0.005459998,-0.002871368,-6.941175e-4,-0.003154977,-0.001308794,-0.00158382,-0.003172198,-0.002344413,-0.001820658,-2.014351e-7,-0.001210773,-0.001179076,-7.884697e-4,-0.001553905,-3.797576e-4,-8.781008e-4,-0.001582843,-9.219135e-4,-0.001458017,-0.00142316,-0.001145165,-3.56363e-4,-0.001268767,-7.116888e-4,-2.916572e-4,-4.601453e-4,-8.297649e-4,7.517619e-5,-9.194494e-4,-0.001921019,-3.421017e-4,-0.001498545,-2.321014e-4,-0.001143312,-0.001563482,-0.001790982,-3.487919e-4,3.604853e-4,-3.466247e-4,-4.450567e-4,-0.001109903,-9.827703e-4,-7.643532e-4,-8.894865e-4,-3.528627e-4,-0.001074849,-5.642853e-4,-8.769451e-4,-0.00067346630000000005,-1.220507e-4,-4.65557e-4,-1.013501e-4,-2.788119e-4,-1.755346e-4,-2.080451e-4,-1.80106e-4,1.406351e-5,-1.349671e-4,3.475276e-5,5.925745e-4,6.396306e-4,0.001018589,0.001927726,0.001723444,0.003173499,0.003612768,0.005831824,0.03046645,0.09469364,0.1454061,0.09547362,0.03682955,0.02758358,0.03585742,0.04347169,0.0509497,0.0614633,0.07464176,0.08840839,0.1038709,0.1215564,0.1399798,0.1600953,0.180884,0.2025369,0.2260672,0.2510598,0.2731703,0.2938433,0.3122305,0.3349898,0.3545427,0.370381,0.3862411,0.3950582,0.4005713,0.405869,0.4086322,0.4048682,0.4019074,0.3965934,0.3884813,0.376669,0.3663821,0.355375,0.3449995,0.3364786,0.3230915,0.3185198,0.3119671,0.3073026,0.3080637,0.3101374,0.3133462,0.3216951,0.3336561,0.3542506,0.3814018,0.4017112,0.4234047,0.4471327,0.4726733,0.5025591,0.5282169,0.5625107,0.6031896,0.6349905,0.6288679,0.6512876,0.6127126,0.9972287,1.200443
418.255,0.003861313,0.01425035,9.45298e-4,-0.003011461,0.004660645,0.004307964,0.004401978,8.762474e-4,-9.954174e-4,0.001959226,8.305996e-4,-0.003688453,-0.002403773,0.00125095,-0.001171998,0.00260865,-0.001457122,0.001902149,-0.001586177,-0.002332836,-9.62697e-4,9.762463e-4,-5.180624e-4,-4.149304e-4,-3.357194e-4,1.340458e-4,-3.782908e-5,8.122405e-6,0.001950046,-5.316522e-5,0.002283533,-0.004378385,-9.279202e-4,0.002148489,-0.004447768,-0.002532186,-0.003140462,0.001522228,-5.543295e-4,-0.004573105,-2.076751e-4,0.004669022,0.003374876,-0.002409537,-0.003512716,-0.002961734,-0.003516156,-0.001750839,-7.563485e-4,-0.003971617,-0.001629851,-0.001673256,2.261908e-4,0.002074301,0.00253897,3.291647e-4,-4.269654e-4,-0.002513587,5.296104e-4,-0.002092439,5.203847e-4,-0.001181046,-6.784409e-4,0.001231486,-5.847281e-4,0.002551192,-0.001191763,-8.9651e-4,2.682693e-4,-0.001607412,4.99948e-5,-0.00122398,-0.001528334,2.881343e-4,-0.001184531,-7.090401e-4,0.001136488,8.638877e-5,-4.946149e-4,4.477219e-4,1.585213e-4,-2.613147e-4,-7.123961e-5,7.75036e-5,0.001195276,2.065393e-4,-4.952306e-4,0.001073866,-7.539987e-4,2.4862e-4,3.33981e-6,3.289919e-5,6.081818e-4,6.137799e-4,2.853804e-4,4.183878e-4,-1.866028e-4,6.368047e-4,3.961888e-4,1.144153e-6,1.833376e-4,1.152344e-4,1.064264e-4,-5.801737e-4,-3.041153e-5,2.114248e-4,-6.688881e-5,-1.057902e-4,-3.153192e-4,-2.811254e-4,1.431301e-4,-1.490156e-4,2.699766e-4,5.169493e-5,1.100842e-4,7.015798e-4,0.001232393,8.071222e-4,0.001991753,0.00142878,0.001890935,0.003317124,0.002689971,0.002845702,0.005600435,0.02034027,0.07286333,0.1259824,0.1102101,0.04436807,0.02624145,0.03372401,0.04066593,0.04939742,0.05859054,0.06877555,0.08378997,0.09639411,0.1135803,0.1319399,0.1489816,0.1698849,0.1910034,0.2147569,0.2340291,0.2608775,0.2820575,0.3056473,0.3223233,0.3407651,0.3580389,0.3721588,0.3875059,0.3967948,0.4038226,0.4058777,0.4058984,0.4031252,0.3984359,0.392635,0.3869162,0.3766743,0.3645587,0.3550469,0.3451779,0.3330877,0.3229097,0.3196087,0.3115383,0.3118364,0.3123691,0.3156605,0.3185133,0.3302066,0.3415325,0.3614265,0.3916764,0.4033607,0.4327818,0.4582,0.479129,0.517671,0.5519081,0.5707452,0.6173474,0.6334297,0.6504631,0.680918,0.80786,1.014729,2.826655
420.559,0.007389358,0.009471084,0.003619505,0.01175729,0.006223839,-0.001177988,0.001149098,0.002818481,0.001570515,0.002272569,-0.00216179,0.002801219,-5.584348e-4,-0.001357837,0.001391214,0.002777421,-4.865232e-4,8.920298e-5,0.001258401,-5.439792e-4,3.670362e-4,0.001572418,-3.911969e-4,-5.327493e-4,2.908186e-4,1.354586e-4,0.001239081,4.923404e-4,-0.001420587,-6.28912e-4,4.115886e-4,-0.001084649,-0.004523587,-9.083822e-4,8.992463e-4,-4.175437e-4,0.004102026,0.001490989,0.002656747,-8.887934e-4,5.633783e-4,-0.003827391,6.548437e-4,0.004484282,0.002230485,0.001011342,-0.001299504,0.0012686,0.004322063,0.002859414,-0.003327614,4.99517e-4,8.548224e-4,-6.395773e-4,0.002344781,0.001927224,6.466444e-4,3.671498e-6,0.00222525,0.00144274,8.700119e-4,5.065879e-4,-8.677847e-4,7.364913e-4,-9.536547e-4,0.001228677,0.001550871,0.001271996,-6.901733e-4,-2.560467e-4,0.001395671,3.341364e-4,-6.133321e-4,0.001391623,-7.21121e-4,0.001060265,-4.288525e-4,0.001254422,-4.100565e-4,2.372549e-4,-0.001083148,-9.41497e-4,-1.453094e-4,0.001348036,-3.445848e-4,6.850338e-5,-3.260344e-4,5.135299e-4,1.250099e-4,-9.389596e-4,4.972887e-4,3.381217e-4,4.60108e-4,8.157751e-4,5.585189e-4,-2.938035e-7,7.109098e-5,-2.254971e-4,2.998681e-4,8.332375e-4,-3.195445e-4,6.33625e-4,-5.934836e-4,-5.083608e-4,8.11948e-5,4.776033e-4,-4.541644e-4,-1.623547e-4,-2.895773e-4,1.252854e-4,9.414761e-6,2.312168e-4,2.204419e-4,6.116379e-5,2.770336e-4,3.728575e-4,8.042128e-4,0.001093767,0.002293746,0.002584486,0.002696158,0.002802916,0.003415845,0.004340027,0.01411659,0.06154469,0.1178041,0.1089148,0.05887777,0.02490997,0.0285598,0.03754471,0.04409158,0.05591649,0.06527,0.07737712,0.08990626,0.105504,0.1241875,0.139519,0.1594186,0.1801352,0.2035599,0.2247419,0.2466222,0.2711171,0.2895402,0.3099465,0.3290784,0.3477323,0.3636446,0.3779263,0.3905476,0.4000068,0.4022047,0.4071966,0.4060017,0.403883,0.3991089,0.3903847,0.3819826,0.3729303,0.3624207,0.3539067,0.3436418,0.3368924,0.3236446,0.3189132,0.3141748,0.3123116,0.3149768,0.3175542,0.3226133,0.3335106,0.3473448,0.3681496,0.3929136,0.4135909,0.4368512,0.467908,0.4887546,0.5204612,0.5570559,0.5892683,0.6083478,0.6698154,0.6342351,0.6978634,0.833981,1.340127,2.394284
422.863,-0.00188799,0.004327889,-0.0011003,-0.005700851,4.565955e-4,-0.001161182,0.004084974,0.001925955,0.006045176,5.303587e-4,0.002548882,6.573416e-4,0.001545196,-0.0018864,0.002761979,0.002860915,-0.001443062,-7.790424e-4,6.99815e-4,6.133484e-4,2.424898e-4,-2.442724e-4,0.001252457,0.001073996,-4.097829e-4,-0.001691064,-7.221752e-4,8.417138e-4,4.499909e-4,-6.232838e-4,-0.001979098,0.003110599,0.003692502,0.003405585,0.001803201,0.004568367,4.983091e-4,0.001143793,3.334617e-4,0.004507908,3.497527e-4,0.001637988,8.626018e-4,8.39988e-4,-7.908289e-4,-4.864796e-4,0.001389391,5.822948e-4,7.55033e-4,-0.001584833,-9.11307e-4,5.94685e-4,7.755603e-4,-2.896031e-4,0.001400029,-0.001682545,0.001714971,0.001718269,3.982751e-4,8.420653e-5,0.00264608,-0.00054576030000000005,-1.139846e-4,3.058541e-4,0.001017133,0,8.199827e-6,-3.891812e-4,0.001839129,-5.077628e-4,5.025054e-4,-1.425678e-4,9.468156e-4,0.001464978,0.001163067,0.002227518,6.888419e-4,4.155601e-4,9.339307e-4,3.982782e-4,4.630294e-4,0.00119694,4.019147e-4,5.290296e-4,2.410572e-4,7.675263e-4,5.598836e-4,4.155745e-4,3.117601e-4,3.935374e-4,3.7894e-4,-3.3016e-4,4.585063e-4,2.365218e-4,1.507132e-4,2.596367e-5,9.436579e-5,2.708793e-4,-3.376254e-4,-3.920359e-5,1.401015e-4,3.508149e-4,3.030581e-4,8.15532e-5,1.620245e-4,-1.76452e-4,3.973708e-4,2.280704e-4,3.136317e-4,3.400509e-4,-1.053773e-4,1.760439e-4,7.470724e-5,3.890769e-4,3.698581e-4,0.001382805,0.001696672,0.002196216,0.002440665,0.002198565,0.003562171,0.003104832,0.003827234,0.008697806,0.05231793,0.11571,0.1146375,0.0616994,0.02951042,0.02626264,0.03380255,0.04080805,0.05122569,0.06258742,0.07340396,0.08380419,0.0982917,0.1166902,0.1329157,0.1503477,0.1702173,0.191535,0.2107656,0.2343617,0.2567003,0.2791429,0.296051,0.3152651,0.334444,0.3519244,0.3687273,0.3787195,0.3894178,0.3968114,0.4037335,0.4064988,0.4032984,0.403638,0.3979822,0.3906902,0.3841724,0.3712079,0.3609039,0.3521007,0.3466874,0.3335861,0.3261621,0.3187922,0.3153171,0.3122453,0.3154262,0.3216714,0.3276148,0.3388595,0.3503659,0.3708253,0.393374,0.4247633,0.4421461,0.4766892,0.503401,0.5344765,0.5636344,0.5834133,0.6120193,0.6659102,0.6454488,0.7734769,0.9029411,0.949285,3.150286
425.168,-0.003727345,-0.004744702,0.002452463,-0.003747171,-0.002469021,0.001854443,-0.009149391,-0.00742733,-0.008265709,-0.00373618,-0.002492844,-0.003198026,-0.003207142,5.699489e-4,-0.002944015,-0.00103814,8.672376e-4,-0.001389912,3.89566e-4,-0.001124646,1.839951e-4,-1.451338e-4,-2.504585e-4,-2.740862e-4,5.056577e-4,3.80853e-4,-8.323251e-4,-4.370908e-4,3.994349e-4,-0.001167631,-0.001213744,-0.001593225,9.133669e-4,1.481919e-5,-8.689255e-4,-0.001348702,-0.001701066,0.002034745,0.001193369,9.805018e-4,0.001994296,-0.001492249,-0.00602211,4.313662e-4,-0.004183907,9.068079e-4,-0.002139808,0.001074505,-0.001273403,0.002723614,-0.001161425,-3.905548e-4,-8.655966e-5,0.00185474,0.002309811,-2.801964e-4,-0.001242376,4.871826e-4,-4.539821e-4,-4.887667e-4,-8.012113e-4,0.001132053,1.332075e-4,-0.001239029,-0.002724949,-6.179966e-4,-0.002109875,-0.002115642,-0.001817875,6.007557e-4,6.905622e-4,-1.790833e-4,4.661476e-4,-2.201466e-4,-0.001632464,-4.119408e-5,-0.001673806,-2.85615e-4,-5.181676e-4,8.20841e-5,-0.001133524,1.524113e-4,2.891078e-4,-0.001562796,5.44412e-4,2.351144e-4,-0.002023196,-0.001503304,-8.220864e-4,-1.437787e-4,2.895835e-4,-1.653042e-4,-2.157777e-5,-9.934552e-5,-7.153498e-4,2.619247e-4,-2.943708e-4,-1.728908e-4,-6.330697e-4,6.769103e-4,5.964997e-5,1.556792e-6,-5.467255e-4,-9.565477e-5,3.375971e-5,-2.744875e-4,6.929522e-5,-2.606263e-4,1.577557e-4,1.128752e-4,2.174682e-5,-2.728967e-4,-1.742696e-4,1.956201e-4,7.885368e-4,0.001671518,0.002073635,0.001989213,0.001935949,0.002456204,0.002268843,0.003675075,0.006227516,0.03519869,0.1057208,0.1319979,0.07366484,0.03009804,0.02374054,0.03036056,0.03766878,0.04682382,0.05765401,0.0681041,0.0799899,0.09253557,0.109233,0.1239,0.1410557,0.1601113,0.1789555,0.1997458,0.2218793,0.2415973,0.2641352,0.2853116,0.3055888,0.3248007,0.3379609,0.3556616,0.3681568,0.3815096,0.3911562,0.3961869,0.4016348,0.4038365,0.4020165,0.3996591,0.393933,0.3851953,0.3794862,0.3729066,0.3598387,0.347588,0.3432317,0.3341777,0.3233236,0.3191821,0.3159292,0.3145129,0.3181306,0.3226411,0.3276669,0.3432628,0.3542621,0.3759772,0.4062033,0.4242825,0.4497866,0.4807712,0.5053993,0.5332277,0.5626885,0.5907428,0.5973863,0.6404709,0.6302783,0.7324284,0.7616045,1.292622,1.254428
427.474,-2.323104e-4,-0.003525538,-0.001974673,6.201206e-4,-0.01091318,-0.00502563,-0.007728551,-0.005444832,-0.00399891,-0.005389215,-0.001567853,-0.003354536,-8.022886e-4,-2.252059e-4,0.002797181,-0.003930843,5.554628e-4,-4.251583e-4,9.838655e-4,-0.001322958,-0.003025384,-0.001268361,9.579819e-4,-0.00169043,-0.001189029,-0.001080708,-0.001033806,-9.507527e-4,-0.001662723,-0.001397586,-0.00121273,-0.002625379,-0.002189314,-0.003615568,-0.001622131,3.965806e-4,-0.003369954,-5.571184e-4,-0.001715882,-0.002042993,-0.003360485,-0.002240236,0.001651545,-4.094779e-4,9.338643e-5,-0.002733462,-0.003270853,-8.488258e-4,-0.001276608,-0.002329646,-0.003534222,2.413181e-4,-0.004485723,-0.001827174,0.001048189,-0.001100654,-7.843583e-4,-1.413884e-4,-0.003772438,-0.001133018,0.001118413,-0.002151483,-0.001546906,-0.001527501,-0.001893864,5.28424e-5,-0.001326255,-0.002189277,-6.666155e-4,-0.001782967,-0.001688853,-0.001497283,9.081718e-4,-0.002502834,-0.001572192,-7.668388e-4,-2.946202e-4,-0.001457226,-0.001306511,-4.651314e-4,0.001496884,2.91276e-4,-5.119506e-7,-6.905676e-4,-2.665286e-4,-3.110205e-5,-3.787032e-5,2.156484e-4,-3.614566e-4,-7.917412e-4,-0.001047462,-8.196212e-4,-9.459827e-4,-3.32476e-4,-1.465254e-4,-4.934461e-4,-3.620817e-4,-7.612956e-4,-1.674701e-4,-1.00566e-4,-4.053418e-4,-7.397028e-4,-7.727042e-4,-4.909404e-4,-1.240724e-4,-2.722315e-4,-5.351293e-5,1.060023e-4,-1.381639e-4,1.609324e-4,-1.591262e-4,-1.597539e-4,1.135433e-5,3.263116e-4,6.989441e-4,0.002109059,0.002441451,0.002430571,0.002770412,0.002916385,0.00354689,0.005090697,0.02156924,0.08459741,0.1272797,0.09450873,0.03485972,0.02259734,0.02773534,0.03365521,0.043724,0.05387473,0.06303527,0.07458106,0.08755828,0.0998943,0.1157136,0.1309792,0.1495871,0.1679571,0.1874684,0.2059319,0.2279568,0.2523261,0.2689895,0.2886039,0.3099937,0.3269463,0.3420789,0.3583994,0.3729227,0.3800379,0.3908573,0.3983312,0.3990105,0.4016102,0.3980348,0.3953714,0.3908772,0.3832349,0.3748218,0.3677608,0.3585504,0.3471461,0.3382143,0.3309808,0.3242276,0.3160438,0.3147305,0.3154495,0.3165405,0.3201121,0.3290598,0.3418367,0.3590915,0.3807795,0.4067801,0.4356745,0.4516828,0.4871952,0.5082265,0.5465524,0.5676767,0.5995555,0.6108037,0.664094,0.6792975,0.7239738,0.6773597,0.7425311,1.757994
429.781,-0.009555466,0.001160325,-0.01293115,-0.01017198,-0.01120799,-0.01239501,-0.003039652,-0.0130402,-0.007692859,-0.00614936,-0.00294856,-0.004743858,-2.490419e-4,-0.002990084,-0.00530827,-0.00438645,-0.004169567,-0.003477852,-0.003144889,-0.003306748,-0.001024942,-0.001792312,-0.002769483,-0.002538009,-0.002224679,-0.001138317,-0.002779427,-0.002124728,-0.004783917,-5.358623e-4,-0.002303579,-0.005374891,-0.002155807,-0.008969912,-0.008842758,-0.009324389,-0.004033612,-0.005386684,-0.006761171,-0.003996192,-0.003617832,-0.003235644,-0.005400321,-0.004079411,-0.002623536,-0.005483681,-0.005116876,-0.001398729,-0.005281004,-0.00494309,-0.005924796,-0.005649875,-0.005302483,-0.004990903,-0.003999646,-0.004113779,-0.002674699,-0.003321043,-0.003432219,-0.002844055,-0.002539435,-0.003625927,-0.003657633,-8.681071e-4,-0.003070618,-0.001893675,-0.004562651,-0.003543215,-0.003648753,-4.892743e-4,-0.003993051,-0.00151798,-0.002842245,-0.002290885,-2.999092e-4,-0.001638708,-0.001307252,-0.001396778,-0.001361318,-0.001252701,-0.00202984,-0.001795058,-3.823523e-4,2.550086e-6,-0.002210564,-7.094492e-4,-0.001410798,-0.001866747,-0.001637392,-0.00167234,-0.001562673,-5.383313e-4,-0.001241734,-9.259549e-4,-6.750332e-4,-6.492294e-4,-9.592351e-4,-0.001244945,-0.001280274,-0.001032397,-7.234002e-4,-6.034505e-4,-8.901042e-4,-5.15992e-4,-6.152763e-4,-0.001023404,-5.9285e-4,-8.186359e-4,-2.640947e-4,-1.759841e-4,-1.554465e-4,-4.410835e-4,-2.111484e-4,2.226929e-4,8.66662e-4,0.001998924,0.00244827,0.001894998,0.002830274,0.002186115,0.00318268,0.01275322,0.06356447,0.1170183,0.09886999,0.04488265,0.02232111,0.02507864,0.0310515,0.03933493,0.04912341,0.0576435,0.06943839,0.08226742,0.09435425,0.1072242,0.1236188,0.1415844,0.1578342,0.1772892,0.1937367,0.2144632,0.2365179,0.2585464,0.2763984,0.2939437,0.3117521,0.3285492,0.343831,0.359061,0.3716651,0.3815024,0.3886179,0.3920366,0.3976778,0.3960913,0.3937693,0.3918731,0.3860586,0.3743256,0.3689675,0.3596739,0.3525552,0.3459223,0.3390888,0.3299531,0.3186415,0.3179813,0.3125165,0.3130002,0.3181512,0.3217561,0.3288395,0.3434064,0.3576751,0.3874002,0.4111181,0.4369566,0.46614,0.487745,0.5156691,0.5427419,0.5661558,0.5907148,0.6222538,0.6238553,0.6389421,0.6945885,0.7229181,0.4273226,-0.9184313
432.088,0.005887643,0.006225693,0.001930328,0.006702848,0.01007427,-0.002238674,0.004989938,0.01049791,0.00317968,0.006123552,0.001032019,0.002059889,0.003558719,0.003093413,0.004411467,0.006089657,0.002028397,0.004227858,0.003507543,2.669157e-4,-9.694814e-4,0.003176745,8.20165e-5,0.001076409,6.055e-4,0.001391107,0.001219037,0.001103865,9.607532e-4,7.814483e-4,0.003411057,0.003295674,5.113435e-6,0.005113927,0.00619932,0.004908636,0.00685377,1.03656e-4,0.004948896,0.00304236,0.004035252,0.001886895,0.003228976,-0.001764478,0.003408776,0.004605303,0.002179741,0.001659605,-0.001413293,-6.716093e-4,0.002349375,0.002549721,6.278831e-4,0.002475525,0.004214967,2.298136e-4,0.003482338,0.002307668,0.003207868,0.002725014,0.002108049,0.003162048,0.001470856,7.013797e-4,0.002895584,0.002722196,0.002326485,0.001574231,1.509665e-4,0.002239885,0.001707969,8.265285e-4,0.001668512,0.001009976,0.001199373,0.002804926,-6.51715e-4,7.579832e-4,0.001825447,0.001970283,0.001364226,-3.56931e-4,9.40079e-4,0.001218662,4.308239e-4,0.001412377,7.845105e-4,5.834332e-4,3.616938e-4,0.001436849,0.001473618,0.001075764,2.34148e-4,9.744371e-4,0.001442191,5.520272e-4,7.586735e-4,3.411453e-4,-2.051913e-5,1.593691e-4,4.55008e-4,6.368257e-4,4.69381e-4,2.965621e-4,-2.144417e-4,6.103635e-4,6.577016e-4,3.582708e-4,2.669521e-4,4.348233e-4,5.466637e-4,3.487743e-4,8.03974e-4,0.001279308,0.001613802,0.00298166,0.003568579,0.002548949,0.003602876,0.003890152,0.009253734,0.04731995,0.1065759,0.1026116,0.0548897,0.02421381,0.02485067,0.03139292,0.03739887,0.04578726,0.05497532,0.06610255,0.07857068,0.0906766,0.1043084,0.1179744,0.133907,0.1521706,0.1693747,0.1872845,0.2072049,0.2233948,0.2433893,0.2672692,0.2848177,0.30226189999999997,0.319955,0.3368862,0.3479426,0.3636619,0.3725956,0.3812734,0.3895372,0.3909013,0.3974556,0.3974099,0.3936389,0.3894997,0.3835186,0.3767364,0.3709575,0.3617942,0.3518372,0.3443905,0.3357063,0.3282548,0.3219313,0.3174418,0.3165638,0.3185992,0.3194172,0.3318925,0.3394228,0.353588,0.3753286,0.3935159,0.4193465,0.4476893,0.4769652,0.5067994,0.5269387,0.5556433,0.5845151,0.6093976,0.6550734,0.6989228,0.6954427,0.7768882,1.107201,1.21424,2.000221
434.396,-0.01265851,-0.01174095,-0.01413002,-0.01478693,-0.01420256,-0.00470208,-0.006054431,-0.011314630000000001,-0.01080652,-0.001639952,-0.006391788,-0.006493751,-0.003970289,-0.005209595,-0.007476882,-0.007090898,-0.001280712,-0.003613171,-0.003420477,-0.002374468,-0.001812199,-0.003591359,-0.002542406,-0.001931986,-5.953086e-4,-0.001902494,-0.001744059,-0.001432764,-0.004314079,-0.002808936,-0.001893341,-0.005231647,-0.01006479,-0.004392276,-0.01310291,-0.007139744,-0.007657122,-0.01103306,-0.003040616,-0.00564284,-0.005392706,-0.006322496,-0.004437913,-0.007596257,-0.007362412,-0.007355505,-0.004518457,-0.001823773,-0.003282646,-0.004828689,-0.004749312,-0.005836809,-0.003590814,-0.002637418,-0.004495696,-0.004142977,-0.004879892,-0.003212463,-0.00177201,-0.005277436,-0.004740705,-0.004848213,-0.003679536,-0.004255627,-1.553364e-4,-0.001094067,-0.003434195,-0.004302611,-0.003172526,-0.002139648,-0.002452719,-0.003715031,-0.001656405,-0.00297605,-0.001069276,-0.001918995,-0.002232889,-0.00206168,-1.897996e-4,-0.001239546,-0.003227742,-0.001992221,-0.001591849,-0.001815714,-0.001371899,-0.001464593,-0.001306067,-0.001489543,-4.401781e-4,-7.429368e-4,-0.001966345,-7.194809e-4,-3.851478e-4,-5.45534e-4,-0.001245528,-9.638278e-4,-0.001706019,-9.387021e-4,-0.001147198,-5.300401e-4,-6.591221e-4,-0.001093783,-0.001337127,-5.279184e-4,-4.891596e-4,-6.185485e-4,-8.081156e-4,-7.235282e-4,-5.463302e-4,-5.560551e-4,6.225634e-6,-5.122473e-5,3.22855e-4,2.467167e-4,0.001276731,0.002655297,0.00303171,0.002903113,0.00316498,0.005125556,0.02996522,0.08642986,0.1148055,0.06349124,0.02550684,0.02224781,0.02718256,0.03455791,0.04166567,0.04972977,0.05986945,0.07420422,0.08335688,0.09751621,0.1105488,0.1240074,0.1411969,0.1571379,0.1756176,0.1941886,0.2143074,0.2306504,0.2527087,0.2718228,0.2903361,0.3089379,0.3238687,0.3392205,0.3511052,0.3629865,0.374435,0.3834653,0.3889719,0.3941194,0.3939639,0.3959845,0.3933,0.3867859,0.3824867,0.3736621,0.3664547,0.3553617,0.3476023,0.3392888,0.3328206,0.3269479,0.321626,0.3196648,0.3169003,0.3186951,0.3243535,0.3314594,0.3341458,0.3511132,0.373376,0.3937849,0.4222347,0.4427896,0.48395,0.5076516,0.5245271,0.5563827,0.5701572,0.5910373,0.6288667,0.6396163,0.6557589,0.5692974,0.6430153,0.4995341,-1.342911
436.705,-0.005400656,-0.008247778,-0.001254358,-0.003200404,0.00132752,-2.124347e-4,-0.008388857,0.002033872,2.088249e-4,-0.002452451,0.001297462,-0.002281916,0.001672943,0.002250962,-0.002727878,7.193285e-4,0.003137906,-0.001742238,-0.001622463,4.65158e-4,-2.615269e-4,-8.433378e-4,-2.75057e-5,0.001624868,4.981995e-5,5.820848e-4,-0.001085516,4.959615e-5,7.720057e-4,-0.001062547,-0.002111261,9.340946e-4,-2.300521e-4,-0.002367592,0.001190549,-0.004201723,-0.003260719,-8.582256e-4,-0.002704574,-7.102724e-4,7.675456e-4,0.002506702,4.39967e-4,7.991336e-4,-7.414544e-4,0.002499964,1.052908e-4,0.002340478,-0.003897,0.001875472,0.001866941,2.758703e-4,-0.002406677,-1.54475e-4,7.146067e-4,-0.002492705,-0.001865781,8.784294e-4,6.553008e-4,0.002171365,-5.106296e-4,3.288856e-4,-7.268274e-4,-7.132509e-4,0.001313384,-9.642328e-4,7.295866e-4,7.773651e-4,-1.013683e-4,6.281693e-4,5.752525e-4,-1.646212e-4,-0.00142044,0.00236669,-7.639687e-4,-0.001034347,8.215566e-4,7.569015e-4,5.475053e-4,6.1127e-4,1.902158e-4,-0.002233785,-4.093747e-4,2.064404e-4,3.00112e-4,-0.001936742,-7.043564e-4,-2.669103e-4,3.015073e-4,-0.00110833,-9.641294e-4,1.899749e-4,-8.405643e-4,-1.936432e-4,-4.971282e-4,-1.078911e-4,-1.935955e-5,-4.015243e-4,1.687243e-4,-4.080334e-4,-4.303375e-4,9.233941e-5,7.426469e-4,1.259717e-4,6.139346e-4,-8.176233e-5,4.363429e-5,-2.87531e-4,7.163819e-4,1.122327e-4,1.485155e-4,5.184665e-4,8.419372e-4,0.00115968,0.002285727,0.003721385,0.004284041,0.003435393,0.004393027,0.01996143,0.07715556,0.1097257,0.0742092,0.03255317,0.02302621,0.02614364,0.03270606,0.03984359,0.04766677,0.05685892,0.06831181,0.08101184,0.0930834,0.1045798,0.1189552,0.1338757,0.1491872,0.1671799,0.1855807,0.2044456,0.2223869,0.2413723,0.2595829,0.2798142,0.2977416,0.315124,0.328176,0.3419084,0.3537726,0.3663098,0.3748558,0.383734,0.3874476,0.3921528,0.3940409,0.3959342,0.390077,0.3827149,0.3825456,0.371792,0.3640862,0.3554328,0.3475303,0.3387145,0.334607,0.3278494,0.3236844,0.3178916,0.321845,0.3212893,0.3282914,0.3394295,0.3455477,0.3617924,0.383275,0.4099994,0.4372371,0.4667913,0.4881769,0.5196663,0.541011,0.562302,0.599419,0.617066,0.6464369,0.6640309,0.6965298,0.7637041,0.8026869,1.307613,2.558831
439.015,0.008957483,0.001377381,0.01023378,0.008665521,6.728353e-4,0.006662731,0.01183044,0.008538212,0.007222611,0.0100059,0.001024657,0.003377407,0.0019980279999999998,0.004774039,0.002843312,0.004028993,0.004779009,0.002354575,0.002964741,0.001676042,0.002107807,0.002726456,0.002899457,9.573604e-4,0.001445745,0.001664582,0.002586483,8.466772e-4,0.003098288,0.002973711,0.006130321,0.004692651,0.006882521,0.00454253,0.006172259,0.004479377,0.003873564,2.240446e-4,0.002302135,0.003247534,0.002442459,0.00477051,0.00226716,0.003362411,0.004161932,0.001629754,0.004595682,0.0060604709999999996,0.002691213,0.002873052,0.001625063,0.001839207,0.001274537,0.004187276,0.001581773,0.00250159,0.002323749,0.001138065,5.495911e-4,8.905041e-4,0.002060835,0.001543813,0.00166278,0.002132629,0.00131795,0.002878177,0.001154569,3.033716e-4,0.001095137,0.003078942,7.613743e-4,0.001153162,0.003390214,0.001920268,0.002546549,5.036102e-4,1.329644e-4,0.001265497,1.227522e-4,0.001244607,7.347261e-4,0.001456093,3.491241e-4,-3.909439e-4,0.001085606,0.00149532,2.294929e-4,0.001512688,-8.125774e-5,0.001767117,0.001708515,5.380982e-4,7.493393e-4,9.915349e-4,0.0013342,0.001329359,8.173864e-4,4.690055e-4,6.743732e-4,2.992681e-4,8.090191e-4,4.587182e-4,3.573671e-4,3.10636e-4,9.740016e-4,7.028383e-4,7.040814e-4,0.001195666,4.758435e-4,4.552215e-4,7.146183e-4,8.238755e-4,0.001378612,0.002116607,0.003312744,0.005279399,0.00601353,0.004889316,0.016408,0.06121878,0.1092345,0.08746642,0.03996577,0.02240744,0.02568129,0.03049945,0.03771957,0.04509421,0.05323659,0.06240311,0.07552117,0.08746104,0.100229,0.1135215,0.12897,0.1407844,0.1598495,0.1759717,0.1942719,0.2107518,0.229819,0.2473518,0.2661302,0.2834695,0.3034884,0.3197083,0.3323314,0.3462346,0.356069,0.3669416,0.3772144,0.3812968,0.3869559,0.3934483,0.3901751,0.3878669,0.3840122,0.3839482,0.3778422,0.3687846,0.3619218,0.3532437,0.3464517,0.3402032,0.3375016,0.3292433,0.3236476,0.3239186,0.321493,0.3244171,0.331837,0.3388676,0.3542848,0.3650451,0.3892335,0.4101938,0.4404148,0.4693918,0.4940702,0.5199972,0.5431133,0.5805512,0.6021208,0.636362,0.6580072,0.6902126,0.7692253,0.6755856,0.9552582,1.109096,2.181049
441.325,0.009771685,0.01381288,0.006789558,0.007224262,3.579389e-5,2.336215e-4,4.517549e-4,0.005021542,0.001492505,0.00344033,0.001794879,0.002923661,5.485636e-4,-5.810038e-5,0.002179105,-3.762409e-4,0.003293676,0.001102628,0.001407667,8.913159e-5,0.001323391,4.522554e-4,0.001551079,0.001804085,5.700593e-4,0.001571163,0.001252148,9.797274e-5,0.001005259,0.002376986,3.309922e-4,7.263352e-4,0.002511664,0.004118535,0.00460223,0.00302279,0.006414266,-3.068691e-4,-4.939269e-4,0.003641495,0.001196565,0.001273534,0.002875333,0.005573601,0.001745674,0.004652089,7.669164e-4,0.001597495,0.00319584,6.173593e-4,0.004151771,0.003348835,-3.667353e-4,0.002588187,-5.724552e-4,4.736206e-4,4.05412e-4,-0.001296187,0.001189832,9.700891e-4,0.001873853,5.677495e-4,0.001538693,7.795498e-4,-2.868322e-4,-6.996286e-5,0.001738459,0.002873591,-8.939497e-4,7.123742e-4,0.001407074,0.001686358,-1.203185e-4,-3.195803e-5,-2.464153e-4,0.001859268,9.298168e-4,-1.086756e-4,0.001079347,3.482729e-4,0.001384327,0.001240661,9.614491e-4,0.001569597,5.942204e-4,2.027943e-4,2.958128e-4,5.482756e-4,-1.915891e-4,7.70074e-4,4.437041e-4,-1.240162e-4,1.174637e-5,3.356144e-5,2.694959e-4,-3.822796e-5,7.040509e-4,-1.598955e-4,9.568718e-4,-1.286529e-5,9.530424e-4,7.68732e-4,3.391349e-4,2.788322e-4,4.561593e-4,3.65376e-4,3.684928e-4,3.118846e-4,9.398864e-4,0.00115064,9.807011e-4,0.001240131,0.001727734,0.002313905,0.004704174,0.005903274,0.007634369,0.01197312,0.05870239,0.105556,0.09157875,0.04534858,0.02332993,0.02295869,0.02851245,0.03496634,0.04135046,0.04945274,0.05897663,0.06953608,0.08139613,0.09231245,0.1082104,0.1206513,0.1339636,0.147709,0.1658015,0.1822151,0.1990343,0.2185201,0.2325694,0.2531803,0.2707988,0.2900398,0.3052003,0.3222117,0.3329252,0.3484802,0.3540771,0.3655441,0.373194,0.381134,0.3842884,0.3885912,0.386876,0.3868248,0.381735,0.3746229,0.3689928,0.3606905,0.3568047,0.3492553,0.3417021,0.3367003,0.3303263,0.3236635,0.3217723,0.3197051,0.3220996,0.3268088,0.3305966,0.34041130000000003,0.3472826,0.3688295,0.3913046,0.4124269,0.4438984,0.4709332,0.4954188,0.5294388,0.5573623,0.5808303,0.6087893,0.6341131,0.6681186,0.7219258,0.7396127,0.7483237,1.037608,1.35958,2.999259
443.636,0.003303818,0.002926923,0.001304521,0.005188348,0.004933166,1.394959e-5,-0.002924699,0.004771741,-0.001969856,0.001472437,0.003029532,0.001171965,0.005195672,-7.778841e-4,0.003447927,0.003578609,0.001298008,0.003892683,2.247003e-5,4.694076e-4,8.16621e-4,2.166312e-4,0.002184238,1.758245e-4,6.84272e-4,0.001097086,4.920025e-4,4.688114e-4,0.001649729,0.001015226,9.502872e-4,0.001827714,0.001996881,0.0058666,2.203844e-4,-9.884413e-4,0.003030884,-0.001261454,0.002582512,0.002196819,0.001706599,0.006444554,-8.822329e-4,0.004205105,0.002877036,-0.001911693,3.921248e-4,0.002851206,0.001614493,-0.001367321,-0.001463589,-0.001215617,-2.346885e-4,0.002996878,3.636945e-4,0.0012095,0.00253701,0.00140065,0.001748814,2.443552e-4,8.709985e-4,0.004343123,0.00149105,-2.746772e-4,0.001645154,6.863554e-4,0.002204164,0.001563008,8.287883e-4,5.163294e-4,7.1125e-4,-3.747633e-4,4.115205e-4,4.035716e-4,6.288319e-4,0.001028924,0.001522561,0.001252005,5.509274e-5,0.001011076,5.153689e-4,5.359354e-4,-7.319759e-4,5.055699e-4,0.001326606,7.565428e-5,0.001022837,1.563837e-4,-2.18353e-4,2.057612e-4,3.611575e-5,0.001026393,0.001017235,2.50142e-4,5.485459e-4,-1.925998e-4,9.579463e-4,5.903764e-4,6.08635e-4,8.690308e-5,8.559428e-4,1.954011e-4,4.797843e-4,2.065429e-5,2.308961e-4,3.496199e-4,4.048404e-4,6.484014e-4,0.001147212,9.519946e-4,0.001044522,0.001395091,0.002383049,0.003100772,0.005311546,0.006302789,0.01651882,0.04569696,0.1141046,0.1077742,0.0544623,0.02365105,0.02117908,0.02579025,0.0314775,0.03669371,0.04590459,0.05395268,0.06353241,0.07440275,0.08609232,0.09904675,0.1129633,0.1269061,0.1411962,0.1560565,0.171776,0.187445,0.2055912,0.2258162,0.2397816,0.2558126,0.2761027,0.2942597,0.3070262,0.3235452,0.3356702,0.3455374,0.3551608,0.3635768,0.3686341,0.3786417,0.3797769,0.3810596,0.3824073,0.3800857,0.3762772,0.3703841,0.3661633,0.3567794,0.3518731,0.3440139,0.3355552,0.3310161,0.3254058,0.323521,0.3219903,0.3168882,0.3208326,0.3236844,0.3301053,0.3386677,0.3517653,0.36796450000000003,0.3945588,0.415678,0.4449796,0.4731685,0.5050388,0.5272686,0.5545095,0.5815995,0.6019284,0.6280575,0.6594476,0.7032731,0.7295717,0.8357949,0.9796054,1.073797,0.6796461
445.948,-0.05710156,0.002019261,0.006720286,0.007513301,-5.841281e-4,0.00630048,0.001301922,-0.002024836,0.004190064,0.00243343,0.004397435,8.212282e-4,0.001059002,0.004386688,3.404926e-4,0.003364823,0.001036231,0.001507269,0.003774691,0.001098463,0.001147273,0.001006919,9.021594e-4,6.733809e-4,0.001733415,0.00101813,9.640344e-4,-2.062908e-5,7.18389e-4,9.58027e-4,2.559159e-4,0.002511872,-1.952156e-4,0.004057131,-3.336518e-4,-8.321682e-5,0.001649329,0.003936398,0.002163738,6.644055e-4,-0.001475581,0.001774086,-8.697465e-5,5.344854e-4,0.001455042,0.001530789,-6.93807e-4,0.004175094,7.000679e-5,0.002424973,0.002305937,6.404682e-4,-0.001134044,0.001963356,0.001588586,-0.001215151,-4.823128e-4,0.003007942,8.82231e-5,4.999667e-4,0.001753991,0.001385061,-0.001446073,0.001074752,-4.864754e-4,0.001980659,0.001010924,7.367632e-4,-5.414639e-4,0.00107715,-2.567748e-5,0.001093652,0.001849145,2.729969e-4,4.749884e-5,0.002118786,0.001044704,2.863179e-4,-3.921882e-4,5.425341e-5,-4.496242e-4,-0.001153851,-1.514708e-4,0.001816585,0.001131409,0.001222907,-2.153369e-4,5.122429e-4,6.123291e-4,7.621311e-4,7.902413e-4,2.725205e-4,-5.357621e-4,4.917147e-4,2.902985e-4,1.447973e-4,-5.07843e-4,2.584903e-4,8.454502e-4,0.001101067,2.283838e-4,-7.881069e-5,4.753641e-4,3.069286e-4,5.266128e-4,1.979389e-4,5.567528e-4,4.249358e-4,0.001091297,0.001196845,0.001177369,0.001317368,0.001663205,0.004088699,0.006091606,0.01095985,0.06155185,0.105281,0.1336348,0.07454661,0.02648989,0.01888539,0.02372026,0.02834455,0.03559302,0.0416572,0.05012531,0.05898087,0.06825794,0.0798192,0.09368624,0.105972,0.1194823,0.1326806,0.1468409,0.1615123,0.1782306,0.1930305,0.2122003,0.2274615,0.2433354,0.2585415,0.2779204,0.2949965,0.3093039,0.3231907,0.3345849,0.3452231,0.3528156,0.3602582,0.3687762,0.3710507,0.3769406,0.3779573,0.3764071,0.3737585,0.3691206,0.3652073,0.3604691,0.3520346,0.3471906,0.3377345,0.3343722,0.3255868,0.3234642,0.3194214,0.3174283,0.3181907,0.3171883,0.3196306,0.326377,0.3402678,0.3531266,0.3711026,0.3922155,0.4222707,0.4456545,0.471865,0.5054483,0.5374548,0.553086,0.5734195,0.6058867,0.6458994,0.6573892,0.6814396,0.6997191,0.748066,0.8262809,0.8407421,3.178742
448.26,-6.511205e-4,-0.01121752,-0.001522976,-0.006701002,-0.00641738,-0.002118439,-0.005756504,-0.001238852,-0.005664007,-0.003271048,0.001775051,-0.00461513,-0.002080888,-5.298445e-4,-0.004280852,-0.001614008,-0.001239053,-0.002843483,1.751346e-4,-0.001551205,8.775507e-4,-6.495512e-4,-0.001261497,-1.538078e-4,-0.001428338,-8.834255e-4,-0.001566002,-7.815944e-4,-0.001071475,-0.001272914,-0.003373459,-0.002909515,-0.002225316,-0.003266831,0.0034303,-0.003487806,-0.003537188,5.524162e-4,-0.003073079,-5.33319e-4,-0.003263283,-0.001698284,-0.005245969,-0.001341086,-2.044475e-4,-0.003049395,-0.001396308,-0.001843527,-0.002651505,-0.002132325,-0.001641731,-0.00168285,-0.00238945,-1.515783e-4,-0.001551639,-0.002518622,-0.002220149,-0.001918321,-0.004729625,-3.636652e-4,8.603685e-5,-0.001727273,-0.00263013,-0.001944381,-9.874647e-4,-0.001307517,-0.004775204,-0.002135576,-0.001836153,-9.854877e-4,-6.516886e-4,0.001664818,-0.001255368,3.634414e-4,-0.001136778,-0.001418992,1.012959e-4,-4.747155e-4,5.100224e-4,-6.943803e-4,-0.001526899,-7.94897e-4,4.153461e-4,-0.001849506,-8.874013e-4,-0.001110579,-9.537165e-4,-0.001380058,-7.446323e-4,-9.019179e-5,-0.001204348,-5.977164e-4,-0.001090127,-0.001370199,-6.474686e-4,-0.001064398,-9.413424e-5,7.343666e-5,-0.001224007,-8.335435e-4,-5.872114e-4,-7.327268e-4,1.518028e-4,-3.945735e-4,7.268736e-4,-1.379889e-4,1.163554e-4,5.339982e-4,0.001086227,0.001178409,0.00100884,0.001131773,0.002087943,0.004018936,0.006251629,0.05159788,0.1392969,0.146054,0.09642559,0.03923652,0.01753932,0.02050891,0.02615316,0.03135755,0.03728141,0.04424012,0.05339354,0.06361539,0.07220347,0.08374797,0.09650164,0.1087678,0.1238702,0.1367265,0.151802,0.1647181,0.1816387,0.1986787,0.2152186,0.2310491,0.2465943,0.2607409,0.277852,0.2947178,0.3073533,0.321857,0.3325192,0.3416013,0.3485925,0.3566654,0.3623134,0.3649516,0.3675263,0.3697173,0.3702054,0.3657558,0.3617034,0.357038,0.350384,0.3440152,0.3383482,0.3320739,0.3275294,0.3211204,0.3185872,0.3084119,0.3113285,0.311352,0.3142652,0.3190464,0.3281051,0.3377966,0.3484307,0.3694385,0.3883454,0.4150233,0.440712,0.4768258,0.5021445,0.5223812,0.5463365,0.5726853,0.6017753,0.6097801,0.6515601,0.6522817,0.69182,0.7071923,0.6250967,0.7832092,0.04011229
450.573,2.101324e-4,-0.00260578,-0.004167225,-0.001809455,-0.006781075,-0.008478167,-0.005286065,-0.009613752,-0.01357288,-0.0071575,-0.004786367,-0.00160916,-3.280304e-4,-0.005461916,-0.003824688,-0.003811893,4.515855e-4,-0.0032188,-8.103567e-4,-0.001841342,-4.773459e-4,-0.002549815,-0.001013356,1.575216e-4,-0.00103221,-0.001412548,-4.690369e-4,5.090863e-4,-0.001562219,-0.001537818,-0.003866885,-0.005024869,-0.001125538,-0.005267277,-0.007388928,-0.005085462,-0.003738316,-0.001314705,0.003234809,-0.001020913,-0.004530883,-0.003056906,-0.004052551,-0.004885783,-0.004238701,-0.001646997,-4.915415e-4,-0.001991028,-0.001860161,-0.001217453,-2.447917e-4,-0.002341221,4.779893e-4,-0.002379282,-8.324604e-4,-0.00132075,-0.001163525,-0.002824938,-0.003468803,-5.602668e-5,-3.678016e-4,-0.001165892,-5.46348e-4,-0.003299547,4.12566e-4,-7.595664e-4,-0.002470374,-0.001872053,-0.001538773,-5.637358e-4,-0.001940818,-8.590739e-5,-6.427426e-4,2.994212e-5,-0.001614097,-8.920112e-4,-2.012305e-4,-0.001972657,-0.001367083,-0.001439771,-7.134239e-4,-0.00163012,-0.001130261,1.548571e-4,-5.18208e-6,-0.001127114,-0.001888888,-9.364622e-4,-9.342409e-4,-9.563744e-4,-3.255091e-4,-8.943098e-4,-0.001202138,-9.551381e-4,-4.371158e-4,-0.001295857,-4.298882e-4,-2.272398e-4,-0.001114203,-6.387148e-4,3.175595e-4,-7.765805e-4,-1.83915e-4,-1.704291e-4,-9.186724e-5,5.030474e-5,3.132457e-5,0.001046947,0.001191739,0.001740694,0.001412832,0.001430311,0.002248215,0.004792607,0.02398748,0.1488186,0.199118,0.125232,0.04925854,0.01842531,0.01709938,0.02323411,0.02851575,0.03511589,0.04225654,0.04825674,0.05793356,0.06650581,0.07686137,0.08874106,0.1015211,0.1158075,0.1267988,0.1422309,0.1542761,0.1715991,0.1866144,0.2009249,0.2185808,0.2318839,0.2479201,0.2650118,0.2796554,0.2962763,0.3058189,0.3189883,0.3307818,0.3386399,0.3432943,0.3516106,0.356726,0.3591295,0.3611027,0.3626895,0.3619306,0.3586693,0.3561654,0.3499263,0.3453561,0.3362148,0.3315182,0.3269371,0.3203477,0.3148302,0.3134939,0.3100973,0.3062667,0.3070427,0.31114000000000003,0.3173284,0.3257024,0.3362081,0.3462663,0.3655355,0.390442,0.418305,0.4426413,0.4699216,0.4930851,0.5224751,0.5386873,0.5726354,0.5890058,0.6129725,0.6440062,0.6062822,0.6581776,0.6457369,0.7765713,0.4728792,0.4897659
452.887,0.004461822,0.001312806,-0.002132914,6.468127e-4,0.002316771,0.005283471,-0.008310592,0.001880515,0.00284313,0.003619063,0.004514719,0.001233872,0.003571093,2.81482e-4,2.3303310000000002e-05,-8.240824e-4,6.780799e-5,5.244172e-4,0.001779854,0.001619694,0.001932965,-9.50049e-4,-0.001520198,0.001077255,-8.589926e-5,2.714629e-4,6.029933e-4,6.58435e-4,-0.001148389,3.768413e-5,0.002117583,-2.548045e-4,-0.002195436,5.01753e-4,0.002679694,1.753237e-4,-5.056115e-4,-0.001419043,-2.587951e-4,1.601063e-4,-5.280955e-4,0.001656162,0.003286239,0.004070523,0.002702888,0.001241826,-9.361113e-4,-3.36242e-4,-6.806682e-4,0.001180655,-9.443754e-4,-0.001282645,-1.51265e-4,0.003442929,6.435665e-5,8.759548e-4,-7.77341e-5,-0.001321517,3.742705e-4,-0.001003975,0.001099793,0.001978864,5.982416e-4,4.077011e-4,9.73962e-4,-6.123969e-4,0.00164462,-2.223776e-4,-2.450827e-4,6.327046e-4,-3.724393e-4,6.366954e-4,-2.215398e-4,-0.001379173,-5.953196e-4,0.001668258,0.001326769,5.311684e-5,9.384001e-4,2.034071e-4,3.29805e-4,1.906279e-4,0.001712453,4.977528e-4,-4.91801e-6,0.00143128,9.080649e-4,2.151708e-4,-4.839787e-4,7.218625e-4,-3.006653e-4,3.961647e-4,9.894724e-4,-2.227719e-4,2.182032e-4,8.581105e-4,6.16136e-4,8.975656e-4,5.143061e-4,-7.841282e-5,-9.668423e-5,7.417295e-5,-7.935221e-5,3.592852e-4,3.690552e-4,7.949627e-4,9.557323e-4,0.001518791,0.002491933,0.002125852,0.002016329,0.002309398,0.003437382,0.01413871,0.08920976,0.2590331,0.182762,0.06817232,0.02019867,0.01588566,0.02127281,0.0262176,0.03177135,0.03879552,0.04635727,0.0532342,0.06118615,0.07167404,0.08319591,0.09310718,0.1051983,0.1197455,0.1341197,0.1469762,0.1589316,0.1748446,0.1903437,0.2062844,0.2230647,0.2385111,0.2513209,0.2649727,0.2805566,0.293871,0.3063331,0.319056,0.3275885,0.3336623,0.3430413,0.347425,0.3510234,0.3567255,0.3568668,0.3592242,0.356562,0.3521371,0.3483244,0.3440837,0.3389171,0.3316415,0.3284994,0.322445,0.3177632,0.3120981,0.3063303,0.3050221,0.3068652,0.3075946,0.3109684,0.3162526,0.3256546,0.3389931,0.3491742,0.3651076,0.3919195,0.4158888,0.4437973,0.4721382,0.502224,0.5263648,0.5554398,0.5724364,0.5831997,0.6055353,0.6477636,0.6423781,0.6616395,0.6936053,0.7831849,1.122275,1.715267
455.202,-4.275835e-4,-0.001499083,-0.003128838,-0.009787093,-0.006096887,0.003579684,-0.004007978,-0.004481035,-0.005722448,-0.001969006,0.002815967,0.002550758,3.109219e-4,-7.249327e-4,4.388081e-4,0.00117033,-0.00261026,-0.002649821,-0.00101561,-0.002007802,-6.398353e-4,-0.001083387,4.916184e-4,-7.1076e-4,0.001119505,-9.119908e-4,-8.90562e-4,3.792967e-4,-6.533915e-4,-0.001418661,-0.00263214,0.00243679,4.405701e-5,-0.00204303,-0.003414946,-0.001432461,0.002810173,-0.001714852,-0.002619058,0.001926106,0.001266047,0.003787519,-6.16204e-4,-0.001223125,-9.379858e-4,0.002394679,-9.37164e-4,-7.74952e-4,-3.580425e-4,-0.001061083,-0.001012007,-0.002107317,-0.00292246,-0.001186353,-0.002289066,-0.0027989,9.552787e-4,-0.001516754,2.264755e-4,-7.184879e-5,-0.001784931,-0.002626782,0.001061783,3.552641e-4,-4.055696e-4,2.765544e-4,-7.830808e-4,-7.128533e-4,-3.359802e-4,-8.28809e-4,-0.001078407,-4.003457e-4,4.513613e-4,-6.757519e-4,-3.934865e-4,0.001190448,-9.150899e-5,-4.275653e-4,-3.792255e-4,5.586117e-4,-3.958961e-4,-4.584174e-5,-5.028556e-4,-5.809166e-4,-0.001301055,-8.471729e-4,-9.674295e-4,-9.250132e-4,-0.001204288,1.78659e-4,-2.477238e-4,2.913979e-4,2.84031e-4,-9.216371e-4,-8.172727e-4,-4.634449e-4,1.744188e-4,1.707391e-4,1.636322e-4,1.210111e-5,-5.735831e-4,-3.044725e-4,4.936532e-4,-4.452863e-4,-7.588295e-5,4.737474e-4,0.001308585,0.00201522,0.001913128,0.00231173,0.002199588,0.002741697,0.006730117,0.05518011,0.197228,0.2787654,0.1003349,0.024972,0.01568451,0.0185583,0.0222266,0.02789033,0.03423843,0.04130474,0.04756104,0.05705297,0.06562591,0.07519483,0.08563395,0.09713597,0.1109042,0.1253966,0.137118,0.1516504,0.1654184,0.1765077,0.194197,0.2080869,0.2238402,0.2363773,0.2506957,0.2684848,0.2810892,0.2943319,0.3044054,0.3151234,0.3243321,0.3314976,0.337093,0.341422,0.3452004,0.3483957,0.3505009,0.349338,0.3466668,0.3446836,0.3407636,0.3360358,0.3307224,0.326238,0.3190571,0.3172019,0.3108896,0.3081333,0.3039563,0.3033355,0.3035976,0.3028458,0.305725,0.3154306,0.3223023,0.3321599,0.3451179,0.3653703,0.3899798,0.4139355,0.4428614,0.4725883,0.4948317,0.5169713,0.5453583,0.5650191,0.585168,0.6125132,0.6148814,0.6552683,0.7148286,0.562493,0.7059274,0.3826808,1.675479
457.517,-0.005479098,-0.001279465,0.001066856,-0.00295441,-0.001991606,0.004392547,0.001044526,0.001491843,-0.005881685,-0.002895585,6.360454e-4,-0.003773138,2.85155e-4,5.443e-4,0.001453413,0.003043083,-0.002178276,-0.002792827,0.001405948,-6.327968e-4,-2.233652e-4,0.001147516,5.20402e-4,9.791056e-4,2.266435e-5,-5.020695e-4,0.001076194,-0.001203977,4.222561e-4,-2.437454e-5,-0.001078767,-0.001985893,0.001092942,3.442101e-4,-5.773963e-4,-0.001194914,1.467852e-4,0.001544033,0.004129954,9.172211e-4,0.004201737,0.001802402,-0.002923061,-1.298907e-4,-1.356217e-4,5.440822e-5,0.003460806,-0.001649529,2.943957e-4,-1.184969e-4,0.001088267,-6.526367e-4,4.046157e-4,9.434145e-4,-1.167183e-4,-7.621486e-4,2.116675e-4,3.187573e-4,3.111825e-4,6.414353e-4,1.728986e-4,0.001954343,-4.903553e-4,5.434024e-4,-0.001215106,-9.867634e-4,0.001052061,2.677679e-4,-8.494581e-4,-2.325141e-4,8.126764e-4,4.9211e-4,-4.332729e-4,1.766158e-4,3.629665e-4,2.064889e-4,-3.965898e-4,3.824918e-4,9.915521e-4,9.358515e-5,-6.03843e-4,1.807419e-4,-1.79444e-4,-0.001055089,4.478386e-4,-8.773029e-4,5.167751e-4,8.877919e-4,7.270355e-4,0.001135383,-8.689667e-4,-3.853722e-4,9.94129e-6,1.012027e-4,6.578189e-4,-6.547966e-4,-7.371427e-4,-3.88688e-4,1.613495e-4,2.676495e-4,5.518747e-4,2.208953e-5,-2.31456e-4,3.544564e-4,8.952393e-4,9.731077e-4,0.001154613,0.002007938,0.002917437,0.002295166,0.002892996,0.004240042,0.02477345,0.131714,0.2503008,0.1845598,0.03861347,0.0145357,0.01581104,0.02063275,0.02556837,0.03153194,0.03688072,0.04482937,0.05216442,0.05983672,0.06940777,0.07968482,0.08839064,0.10103,0.1154293,0.1293247,0.1420481,0.1570402,0.1686788,0.1823505,0.2017581,0.2105906,0.2259874,0.2388762,0.2512512,0.2667516,0.2782374,0.2923122,0.3038879,0.3139773,0.3221742,0.3304202,0.3342259,0.3363682,0.3410451,0.3426821,0.3452268,0.3431216,0.3412166,0.3399932,0.3345676,0.332094,0.3234686,0.3199917,0.31591,0.3104929,0.3069538,0.3028168,0.3004807,0.2994058,0.2969079,0.2994531,0.3059288,0.3067562,0.3218183,0.334099,0.3485984,0.3687585,0.3834619,0.4181081,0.4386207,0.463833,0.4908559,0.5188187,0.5462171,0.5646456,0.5884821,0.6159747,0.6210356,0.644712,0.6819065,0.6548525,0.9395813,0.7239124,1.102982
459.833,-4.235357e-4,2.207295e-4,-0.002735381,0.004569161,-0.004433723,0.001463108,8.269855e-4,0.00148962,-0.001012517,-0.001654316,0.001937299,-0.001614142,8.507325e-4,6.399561e-4,-2.944825e-4,0.004349935,0.002535456,5.765739e-4,1.4898540000000001e-05,9.913626e-4,0.002411786,5.645652e-4,9.534333e-5,5.005031e-4,1.716842e-4,4.442492e-4,3.138049e-4,0.00138705,1.485108e-4,0.002521105,0.002737892,0.002593175,0.002959075,-3.307433e-4,3.357017e-4,-9.734693e-5,0.004307139,-3.902382e-4,0.001677412,-0.003274386,0.002416463,0.002285455,-0.002994597,0.002603746,1.227103e-4,0.001451404,-0.002868654,0.003401111,0.002287026,-5.975146e-4,0.001746645,8.033443e-6,-0.001732862,0.001059008,-7.340244e-4,-4.375579e-5,-1.800735e-4,-0.001043792,-4.585024e-4,-2.117737e-4,3.465824e-6,-9.271521e-4,-0.001998934,4.8867e-4,2.070491e-4,7.627506e-4,2.002534e-4,5.163068e-4,-2.862481e-4,4.441524e-4,0.001290665,-6.004798e-5,1.458617e-4,2.556944e-4,-3.927694e-4,7.46429e-4,7.715156e-4,6.350352e-4,-1.265685e-4,-0.001558126,6.237139e-4,8.141732e-5,-1.839709e-4,-1.433107e-4,-3.228566e-4,2.815706e-4,-5.651654e-4,-5.825082e-4,9.977331e-4,-4.194535e-5,-9.368565e-5,-4.874253e-4,-3.596033e-5,-8.50969e-5,1.439401e-4,-8.439721e-4,-3.839164e-4,3.449171e-4,9.403318e-4,-3.38802e-4,7.798553e-4,5.626302e-5,2.77149e-4,7.573718e-4,6.364866e-4,3.927239e-4,0.001577617,0.003061076,0.003338435,0.003191039,0.004043836,0.01422566,0.06506363,0.1776994,0.1922489,0.0707729,0.01533594,0.01454632,0.01893207,0.02259514,0.02821547,0.03355129,0.04080676,0.04850654,0.0553717,0.06379492,0.0738111,0.08383263,0.09436683,0.1058599,0.1179674,0.1320767,0.1457592,0.1590167,0.1738662,0.1849025,0.2391915,0.2129657,0.2272429,0.2405555,0.2533743,0.2671658,0.2805471,0.2908882,0.3010245,0.3104134,0.3192055,0.3217404,0.3269106,0.3318316,0.3355107,0.3376423,0.3384906,0.3384233,0.3354925,0.3347396,0.3293384,0.3241978,0.317796,0.3151216,0.3101876,0.3074004,0.2985764,0.2994233,0.2957364,0.2967266,0.2974643,0.300428,0.3058887,0.3094821,0.3179014,0.3309815,0.3436891,0.3656964,0.3849888,0.41504,0.4424011,0.4671983,0.4964995,0.5171525,0.540843,0.5519114,0.572786,0.5956555,0.6175195,0.6353982,0.6511829,0.6575842,0.6926077,1.290249,3.704586
462.15,-0.005215495,-0.01358818,-0.005693261,-0.002208845,-0.006429032,0.003517801,0.002822795,-0.009504067,-0.002216911,-0.004702106,-0.002576767,-0.002518702,-3.692026e-4,-8.390433e-4,-0.003436404,-0.002974682,-0.001244794,-0.002927636,-0.004586385,-0.002119508,-0.003663718,-0.001484157,-0.001082189,1.272174e-4,-2.436612e-4,9.443221e-5,-7.692397e-4,-0.001549615,-9.184334e-4,-0.003617276,-0.004072597,-0.002922289,4.931161e-4,-0.001388589,-0.005932297,-0.006318442,-0.006390905,-0.002608207,-0.00366893,-0.005097533,-0.005337975,-0.003794983,-4.920261e-4,3.123174e-4,-0.006489987,-0.004642591,-0.002588699,-0.001226114,0.001014378,-0.002173918,-0.002288461,-0.001970748,2.181116e-4,-0.00189629,-9.681248e-4,-0.002747143,-0.003348629,-0.002131516,-4.201451e-4,-0.002719769,-5.745965e-4,-4.505979e-4,-0.001634139,-0.002406046,-0.002623755,-0.003585185,-0.002511496,-4.474311e-4,-0.001397666,-2.733996e-4,-0.001167445,-0.001499819,-0.001596611,-0.001685671,-0.001968506,-0.001687231,-0.001262886,-9.069305e-4,-0.002094637,-1.982866e-4,-0.002194782,-2.856244e-4,-3.100771e-4,2.894526e-4,-0.00180694,-0.00054810289999999995,-8.225601e-4,-4.412765e-4,-0.001193275,-0.001998964,-3.261927e-4,-0.001251897,-0.001845938,6.236603e-6,-6.57491e-4,-3.131511e-4,-7.510642e-4,-0.001018377,-2.196307e-4,-8.339357e-5,-3.615411e-4,-2.704915e-4,1.574027e-4,2.363878e-4,-1.152855e-4,8.471699e-4,0.001111399,0.002648715,0.00281158,0.003415233,0.01058059,0.04039311,0.09936101,0.1492655,0.08949093,0.01921852,0.0134626,0.01558849,0.01992495,0.02422573,0.02942366,0.03624619,0.04300046,0.05054826,0.05838231,0.06642829,0.07607203,0.08609896,0.09684201,0.108754,0.1223349,0.1354585,0.1462629,0.1621798,0.1739421,0.1870387,0.199153,0.2145751,0.22755,0.2412251,0.2529816,0.2651375,0.27822210000000003,0.2899717,0.2968641,0.306712,0.3124522,0.3170747,0.3225346,0.3267755,0.3288669,0.3286301,0.3326108,0.3304955,0.3286943,0.3257945,0.3202542,0.3165548,0.3104912,0.3066049,0.3034222,0.2989993,0.2962201,0.2930222,0.2897245,0.2890943,0.2914587,0.2962419,0.2995439,0.3042488,0.316571,0.3282137,0.3439376,0.3650175,0.3859491,0.4129296,0.4438016,0.4624787,0.4966158,0.5082418,0.5334886,0.5480651,0.576695,0.5914585,0.5957542,0.5768873,0.6209928,0.5383532,0.5934374,0.615142,0.3543794
464.467,-0.002899753,-0.001470973,-0.004471584,-0.004967064,-0.003583523,-0.002861775,-0.005924712,-0.001540368,-0.002884789,0.001539185,0.002136071,2.612964e-5,-1.180988e-4,-0.00181467,0.001323695,-0.003508355,-0.001314755,0.002184125,9.654306e-4,-2.162961e-4,8.265314e-5,-4.607752e-4,-6.267024e-4,-3.806662e-4,-2.065183e-4,-8.661912e-4,5.36864e-5,4.384678e-4,7.148304e-4,5.17148e-4,-0.00143966,6.761799e-4,0.002099502,-0.001650024,0.004559816,0.0018443,0.002838436,-0.002787907,-7.757184e-5,-0.0020779,-0.003172329,-0.00251046,-0.004552995,-0.003404616,-0.001293751,2.966288e-4,-4.954927e-4,-0.003912517,0.001252415,9.523195e-4,-0.001604863,-0.001815759,-0.001878899,2.697125e-4,-5.415186e-4,-0.001545731,2.42968e-4,0.003062027,0.001466636,-0.001183821,-0.003271623,6.938033e-4,-3.224002e-4,-4.256288e-4,-2.201399e-4,-4.660212e-4,0.001662348,-0.00193699,-8.340323e-4,-3.595627e-4,-3.791153e-4,-9.928041e-4,-0.001095543,-0.001712811,-7.416281e-5,4.277828e-4,3.095217e-4,-1.724908e-4,-8.753979e-4,-0.001023124,-4.597325e-4,-0.001621213,5.483168e-4,-9.450874e-4,-3.175655e-4,-9.554392e-4,7.041013e-4,-4.092853e-4,-2.071419e-4,-4.119522e-4,-3.991926e-4,-7.263335e-4,-2.994765e-4,-0.00154391,-6.514192e-4,-2.882166e-4,-3.599706e-4,-7.086992e-5,-2.390076e-4,-1.718901e-4,-1.323761e-4,3.96754e-4,2.623561e-4,0.001262763,5.878858e-4,0.001179151,0.002140269,0.003462741,0.003927623,0.009961984,0.03874836,0.07035425,0.09283608,0.07258664,0.0278463,0.01351605,0.01478475,0.01775384,0.02231929,0.02653879,0.03262567,0.03871689,0.04546018,0.05314742,0.06066037,0.07049147,0.07994852,0.08865957,0.1004286,0.1116983,0.123328,0.1374583,0.1506066,0.1643432,0.1757367,0.1879526,0.202068,0.2153853,0.2288397,0.2401292,0.2511223,0.2624832,0.2755389,0.2842619,0.2927296,0.3042465,0.3079632,0.314699,0.3174674,0.3209187,0.3213004,0.3233969,0.3238458,0.3247577,0.3221576,0.3172565,0.313416,0.3101893,0.304732,0.300283,0.2969553,0.2933506,0.2896211,0.2865818,0.2856169,0.2878494,0.2886735,0.2876378,0.2952725,0.30252830000000003,0.3138354,0.3259078,0.3405763,0.3614815,0.3778534,0.4047333,0.4329756,0.4629288,0.4833526,0.5112875,0.5346932,0.5484849,0.5638029,0.5884317,0.5945729,0.601676,0.6464822,0.6259804,0.706131,0.7472235,-0.0246495
466.786,0.001637925,2.778979e-6,0.009386212,0.006671963,-0.004739263,0.00590767,-0.004903348,0.007627134,3.561628e-4,0.001222116,-0.001364388,0.003507015,0.001681184,-0.002286478,-0.001284203,0.001765582,-4.749907e-4,0.00269641,0.001228717,0.002832537,5.477663e-4,2.363542e-4,-2.837435e-4,4.118352e-4,0.001695708,-2.372119e-4,-2.124284e-4,5.110456e-4,-6.416223e-4,0.001425075,5.197138e-4,-0.00110633,-4.276943e-4,3.053983e-4,-7.436298e-5,-0.002017962,0.004421169,5.07279e-4,-0.001033551,0.002508222,0.003019624,3.285353e-4,0.005057051,0.001112519,0.00232155,0.003415055,-0.00237959,0.002301384,-0.001913468,1.825072e-4,2.474369e-4,4.843912e-4,0.002214861,7.160855e-4,0.00228907,-2.731313e-4,0.00135859,-3.105224e-4,0.002087762,0.001385983,-1.7799e-4,-7.82593e-5,8.477907e-4,-4.804083e-4,4.947568e-4,1.351198e-4,5.352419e-4,6.563946e-4,-9.448809e-5,8.793657e-4,3.998041e-4,4.312536e-4,-6.471392e-5,8.468002e-4,-2.288167e-4,7.299025e-4,-9.74977e-5,-2.061119e-4,-3.771157e-4,0.001109627,-9.274841e-4,-9.300022e-4,5.127162e-4,7.449698e-4,2.439027e-4,6.47765e-4,-1.266565e-4,6.962393e-4,9.02724e-6,2.958583e-4,4.106977e-4,5.809119e-5,6.68318e-4,-1.97667e-4,-2.348108e-4,-5.77675e-4,2.886028e-4,6.643494e-4,-2.177249e-4,2.758983e-4,4.189112e-4,8.752896e-4,6.416136e-4,0.001027305,0.001461854,0.001878836,0.002796996,0.00375615,0.008350152,0.04787349,0.07736193,0.07489984,0.05496889,0.02369449,0.01238774,0.01405243,0.01680853,0.0203489,0.02387831,0.02876374,0.03444121,0.0416596,0.04869681,0.05569596,0.06473232,0.07169145,0.08217586,0.09234404,0.1025555,0.1130279,0.1262178,0.13983,0.1515346,0.1664606,0.1762481,0.1888332,0.2007562,0.2125208,0.2246023,0.2387417,0.2503273,0.2609131,0.2715872,0.2817489,0.2912017,0.299788,0.3034052,0.3077897,0.3079378,0.3120401,0.3147637,0.3162384,0.3153385,0.315221,0.310921,0.3109049,0.3077852,0.3020772,0.2974308,0.2933491,0.2910482,0.2853377,0.2845781,0.2801038,0.2809739,0.280402,0.281548,0.2835939,0.2898031,0.2976491,0.3078046,0.3230064,0.3343283,0.3584951,0.3829486,0.4022774,0.4295287,0.451376,0.4833543,0.5022333,0.5277346,0.5385218,0.5551328,0.5760881,0.5835478,0.6098529,0.6562172,0.5784071,0.6950796,0.6763959,2.368653
469.104,-2.075767e-4,0.008126692,0.002939083,0.008638381,0.006352441,0.006282871,9.975032e-4,0.008722851,-8.292828e-4,0.002254626,0.004887245,0.002362716,1.834823e-4,0.005514953,0.002891879,0.003316766,0.003360778,0.00519932,-5.302875e-4,0.001825233,3.269048e-4,0.001492323,-2.070078e-4,0.001867103,4.429772e-4,-3.122278e-4,4.865724e-4,-8.32293e-4,0.002526697,0.001859118,2.281914e-4,0.002422812,0.002073349,-6.073952e-4,0.004982938,0.002776804,0.006209506,0.002578794,0.002670339,9.70948e-4,0.003767024,3.814191e-5,4.984488e-4,0.001810279,2.911179e-4,0.00218142,0.001462233,0.00204382,0.003736579,0.002392963,0.002352837,0.001196079,0.003112861,0.001603211,0.003907759,0.002989951,0.002004337,0.001398406,0.003018357,0.002474557,0.003560646,0.00276807,0.001309868,0.001964251,-0.001409355,0.002785026,2.143494e-4,0.002838336,0.001819135,2.60192e-4,8.200814e-4,0.001715705,0.001554769,2.845636e-4,0.001897791,0.002046184,3.367235e-4,0.001405449,0.001653669,0.001237884,0.001865428,0.001846149,-0.00112186,-5.123507e-4,6.308569e-6,3.810566e-4,9.702486e-4,6.371011e-4,1.117924e-4,3.181309e-5,4.050154e-4,5.131083e-4,2.158909e-4,9.286433e-4,2.88819e-4,-3.698826e-4,2.445626e-4,0.001068117,-1.44235e-4,7.927211e-4,8.799472e-4,3.757772e-4,0.001355358,0.001063936,0.002178214,0.002753943,0.003032612,0.006098668,0.04903302,0.115521,0.08714649,0.04924197,0.02281892,0.01160458,0.01306237,0.01564243,0.01803932,0.0221283,0.02606828,0.03096246,0.03783842,0.04485777,0.05097084,0.05765741,0.06710199,0.07566521,0.08375931,0.09447576,0.1056612,0.1146026,0.1288715,0.1398239,0.1569869,0.1667316,0.1779272,0.1894054,0.2022635,0.2137769,0.2266326,0.2387867,0.2483563,0.259629,0.2687542,0.2783362,0.286883,0.2945839,0.2982176,0.3006595,0.3031818,0.3047785,0.3071658,0.30938330000000003,0.3093936,0.3099577,0.3055746,0.3025235,0.3001676,0.2955913,0.2923181,0.289313,0.2845167,0.2800337,0.2775251,0.2753282,0.274745,0.2760562,0.2773582,0.2815459,0.2870434,0.296497,0.3060214,0.3211629,0.3359828,0.3530683,0.3779675,0.4021793,0.4367612,0.4540841,0.4796765,0.5025004,0.510786,0.5340713,0.563058,0.5691815,0.5920007,0.6194893,0.6466212,0.6623049,0.7378403,1.626564,0.7388536
471.424,-0.002442764,-0.001860794,0.005623697,0.001483057,8.080894e-4,0.002017273,0.001573051,5.387526e-4,8.456885e-4,0.002537028,-0.003207291,0.001372557,0.001264146,-0.00218069,-9.80499e-4,-4.448386e-4,0.001183971,0.001387504,8.085978e-4,0.001928419,-6.99788e-4,0.001391456,-0.001617763,-6.174812e-5,0.001311793,-2.118685e-4,3.340694e-4,-2.202167e-4,2.688329e-4,-5.827665e-4,-0.004186282,-0.001282433,0.004435595,0.001694054,0.002484888,7.304789e-4,0.001184981,1.079465e-4,0.002466663,0.001527199,7.845187e-4,0.001334534,-0.002414681,0.004284242,8.919135e-4,6.225125e-4,-4.06501e-4,-4.648631e-4,-0.00110394,6.305798e-4,8.130011e-4,0.001300658,1.899808e-5,0.001513593,-4.774838e-4,-0.002065704,-7.047464e-4,0.001523555,3.308216e-4,0.001918302,0.002679264,-4.510109e-4,4.5048e-4,0.001214823,1.761923e-4,0.001213403,7.046416e-4,9.807331e-4,-5.91326e-4,-3.631451e-6,-7.418776e-5,5.052218e-4,0.00122215,6.761287e-4,0.001233147,-3.701038e-4,-1.366595e-4,-6.382892e-4,-2.647296e-5,-4.351084e-4,-0.001152455,-2.47266e-4,-8.904577e-5,0.001005613,9.770887e-5,3.227239e-4,3.800591e-5,3.045866e-4,9.597837e-4,9.352633e-4,-6.177389e-4,-6.899531e-5,-8.611989e-5,-4.446413e-4,-3.387767e-4,1.70144e-4,-1.951114e-4,-1.868464e-4,7.08275e-4,5.222688e-4,4.153187e-4,8.027924e-4,0.001405827,0.001312176,0.001836184,0.002232819,0.004039215,0.02746067,0.1334655,0.1475692,0.06320476,0.02292821,0.01062453,0.01191285,0.01372906,0.01676456,0.01961639,0.02282875,0.02709898,0.0332446,0.03935599,0.04577695,0.05280548,0.06128678,0.06926197,0.07689742,0.08578873,0.09611535,0.1077531,0.1175487,0.1300929,0.1441637,0.1556252,0.1670704,0.1788252,0.1910402,0.2018023,0.2139841,0.2264714,0.2362064,0.247055,0.2566424,0.2652732,0.2736283,0.2812018,0.2893639,0.2944329,0.2963874,0.2967346,0.3008352,0.2990867,0.3031903,0.301979,0.3010481,0.2984056,0.2938188,0.291585,0.2867195,0.2840659,0.2798856,0.2763425,0.2723306,0.2713299,0.2702406,0.2701074,0.2716918,0.2725071,0.2790806,0.2839016,0.2920152,0.3009271,0.3182519,0.3316677,0.351494,0.3773156,0.3961595,0.4266126,0.4521903,0.4748436,0.4904145,0.5100417,0.5321555,0.5419812,0.5631781,0.5953852,0.6122581,0.6094964,0.5945671,0.7927131,0.9699057,1.236195
473.744,-0.002027358,-0.006393136,-0.004959873,-0.001432822,-0.004691837,-3.996881e-4,-0.009309797,-0.008855558,-9.913967e-4,-0.004432927,5.839711e-4,0.001209437,-0.002084025,-6.471689e-4,-0.001962509,-0.004986015,4.352524e-4,-0.001272696,-8.59168e-4,-0.002069756,-8.58363e-4,-0.002616416,-0.002129803,-1.723431e-4,8.150494e-5,-0.00144564,-7.940215e-4,-9.029479e-4,-0.001110855,-0.002402369,-0.002262295,-9.147052e-4,-0.001331423,-0.001754517,7.951664e-4,-0.003430513,0.001072612,-0.004397798,6.674493e-4,-0.001212689,-0.002069725,-0.002863733,4.773121e-4,2.817054e-4,-0.003716358,-0.002559561,-0.003789781,-0.003697006,-0.002543699,-0.001737971,-0.002159608,-0.003634015,-3.802156e-4,0.001422904,1.687133e-4,-0.003643721,-0.002900451,-0.00257293,-0.001800464,-2.999115e-4,-0.001173792,-0.002474104,7.80012e-5,-0.002416538,-0.00226873,-0.00181677,-8.533998e-4,-0.001416248,-0.001985721,-2.195413e-4,-4.200983e-4,-3.169824e-4,-0.001198588,-0.001524416,-8.788611e-4,-0.001794743,-5.76204e-4,-0.001064203,-0.001556184,-0.001482846,-8.205347e-4,-3.142971e-4,-0.001083307,-7.799543e-4,4.443649e-4,-3.989536e-4,-6.867785e-4,3.126694e-5,-6.314035e-4,-0.001227914,-2.458408e-4,-8.114951e-4,-4.805154e-4,2.042291e-4,-0.001028384,-2.849924e-4,-4.532593e-4,2.153009e-4,7.996176e-5,-1.043718e-5,4.479933e-4,6.733264e-4,0.001056826,0.001783025,0.001516186,0.003417951,0.01531329,0.0916079,0.1930998,0.1110031,0.030107,0.01137531,0.01020518,0.01251388,0.01480076,0.01740478,0.02103509,0.02439276,0.02900209,0.03474641,0.04057183,0.0473889,0.05532376,0.06212849,0.07106404,0.07709312,0.08770866,0.0990456,0.1072733,0.1192822,0.1316775,0.144847,0.1570597,0.1681037,0.1792116,0.1869477,0.201046,0.2126205,0.22265,0.2345426,0.2417713,0.2547337,0.261379,0.2713278,0.2748649,0.2824318,0.2872738,0.2894268,0.2895355,0.2904601,0.2942584,0.2955679,0.2961362,0.2943215,0.2899677,0.28829,0.2860872,0.2819729,0.2751343,0.271907,0.2703655,0.2669466,0.266936,0.2651175,0.2633084,0.2653636,0.2695618,0.2727167,0.280832,0.2896027,0.297859,0.3122645,0.3269771,0.3456484,0.373462,0.3909852,0.4141598,0.4494085,0.4581378,0.4859265,0.4969476,0.5187221,0.5428569,0.5405023,0.5596569,0.5654608,0.5792764,0.5642324,0.7710041,0.393937,0.8333076
476.065,0.01794332,0.008836261,0.009004533,0.007439381,0.004699392,-9.95614e-4,0.01006668,0.004567683,0.004335932,0.005910265,0.005961934,0.003199053,0.00435024,0.005158655,0.002654258,0.004710039,0.004211678,0.005201874,0.003461769,0.00387514,0.00317254,0.001253461,6.722451e-4,0.001066045,0.002299391,1.600689e-4,0.002254492,6.892362e-4,0.001377012,0.004014355,0.002833168,0.002026553,0.002599492,0.005987222,0.006076749,0.004151981,0.003905002,0.006151249,0.003663676,0.003474277,0.003722799,0.002820697,0.003662381,0.002580379,0.004429975,0.004627591,0.003379277,5.166124e-4,0.003683265,0.003424796,0.003686864,0.004823666,0.001798855,0.00384289,1.589621e-4,0.0024395,0.001378822,0.00185928,0.001396322,3.052076e-5,0.001371073,0.001082232,0.001021478,0.001619794,0.001936894,0.001608886,0.00335292,9.256583e-4,0.002645653,6.466293e-4,7.705996e-4,5.046236e-4,0.00104673,0.001142501,0.001795504,9.756738e-4,4.0664e-4,0.00209451,0.001424945,0.00206328,0.001578374,0.001410049,0.001304697,0.002323183,-5.224737e-4,0.001689309,7.582109e-4,0.001471077,0.001059579,0.001154435,0.001091569,9.613536e-4,-3.877041e-4,5.364522e-4,0.001031505,8.467445e-4,7.955069e-4,8.64347e-4,6.296595e-4,0.001136787,0.001223933,9.749271e-4,0.001947465,0.002570138,0.002894837,0.01092929,0.06068843,0.1640904,0.1574003,0.04636384,0.01343933,0.009836626,0.01163183,0.01463773,0.01721122,0.02008325,0.02348219,0.02621675,0.0316782,0.03745282,0.04423969,0.05101192,0.05678311,0.06471068,0.07358896,0.08156926,0.0915374,0.1008557,0.1092131,0.12182,0.1329353,0.1451989,0.1579701,0.1659604,0.1797346,0.1908683,0.2016371,0.2115336,0.2226472,0.2317639,0.2395087,0.2517049,0.2591019,0.2652286,0.271003,0.2776239,0.2820704,0.2842382,0.2867747,0.288135,0.2894472,0.2882204,0.2878263,0.2872315,0.2835275,0.2816341,0.2809354,0.2758124,0.2713522,0.267577,0.2653933,0.2538607,0.2623527,0.2577399,0.2632053,0.262322,0.2659133,0.2689826,0.274916,0.2841095,0.2988802,0.3098149,0.3282714,0.346525,0.3694953,0.3922544,0.4175996,0.445076,0.4665835,0.4838043,0.5094341,0.5182576,0.5338955,0.5555754,0.5653652,0.5834929,0.6228552,0.6776018,0.9835019,1.252935,3.200037
478.387,-0.00461546,-0.005721299,-0.002839079,-0.005200903,-0.003681806,-0.002581724,-0.004797877,-0.001108755,-0.004793804,-0.004095331,-0.002255605,-0.003541431,0.001091621,-0.0023395,-0.004093534,-0.001341847,-0.002841527,-0.001709289,2.717536e-4,-0.002226439,-0.001204699,-0.001314648,-0.001129338,-0.001922976,-0.001169515,-8.930117e-4,-0.00129563,-8.583653e-4,-0.001955994,-8.980289e-4,-0.002946133,-7.213303e-4,-0.002336918,-0.003634444,-0.003945875,-8.110978e-4,0.001062024,-0.003681446,0.002430937,-7.442368e-4,-6.467061e-4,-0.00173494,-2.614081e-4,0.001676002,-0.004115004,-0.004824842,-6.620509e-4,-0.001380254,-0.003467721,-5.935977e-4,-0.002423216,-0.001661656,-4.238931e-4,-0.001676175,-0.001148315,-0.001552054,-0.001734454,6.600913e-4,-0.00120539,-0.001963631,-5.764786e-4,-0.002764379,9.395176e-4,1.783947e-4,-0.001142449,-3.34944e-4,-6.195865e-4,-0.001311064,-7.164183e-4,-5.630285e-4,0.001266421,-0.001830344,-6.717798e-4,1.197296e-4,-0.001820608,-3.698429e-4,-3.595553e-4,5.666989e-4,-1.666119e-4,-9.495052e-5,-4.860493e-4,2.257948e-4,-4.590425e-4,-5.655722e-4,-7.239413e-4,-3.645706e-4,-2.163214e-5,-8.358958e-4,-2.062089e-4,-3.793187e-4,-4.884599e-4,-6.874592e-4,-2.498466e-4,-4.184652e-4,-4.664548e-4,-4.86375e-4,2.600047e-4,-4.510951e-4,8.082984e-5,6.221783e-5,2.789187e-4,6.391441e-4,0.00206914,0.002558279,0.00555892,0.04268039,0.1210238,0.1709225,0.0836031,0.01601824,0.009353634,0.01064618,0.01258117,0.0154774,0.0181438,0.02048818,0.02397729,0.02789999,0.03257807,0.03829631,0.04415152,0.05129403,0.05896381,0.06560984,0.07427382,0.08281619,0.09080243,0.1007738,0.1104444,0.1227615,0.1323521,0.1448519,0.1557916,0.1670741,0.1752343,0.1879564,0.1976988,0.2081845,0.2177157,0.2284056,0.2370874,0.2446688,0.2538283,0.2611906,0.2656573,0.2703525,0.2739873,0.2759998,0.2766789,0.2788929,0.2795995,0.2790246,0.2789928,0.2770331,0.2760602,0.2719749,0.2691527,0.2659112,0.2620639,0.2608987,0.2575173,0.2553084,0.2537918,0.2531253,0.2528368,0.2554035,0.2593548,0.2615667,0.2687821,0.2755341,0.2880254,0.3057422,0.3215804,0.3369216,0.3582628,0.3911438,0.4050569,0.4304124,0.4536714,0.4736169,0.4807644,0.5044329,0.5083912,0.5266131,0.5481321,0.540364,0.5742869,0.6322147,0.880332,0.3131373,0.8328605
480.709,-0.002405842,-0.007546051,-0.003961298,-8.774852e-4,-0.006957124,-0.002576274,-0.003827454,-0.003833643,-0.005446557,-0.003069796,0.002281296,-0.002190383,-0.001363776,-0.003377431,1.904722e-6,-0.001787149,-0.001457096,-0.001485557,-0.00210461,-7.286266e-4,-0.00114711,-0.001099679,7.701306e-4,-0.001216595,-0.001058729,-3.533762e-4,-1.736006e-4,-5.587665e-4,-4.62934e-4,4.829897e-4,-0.002372347,-0.001355699,-0.003110835,9.00321e-4,-0.004074083,-0.006090802,-4.095688e-4,4.89259e-4,-0.003717213,3.873665e-4,-0.001585699,1.724477e-5,-0.002923931,-0.005144384,-0.004199595,-0.001434775,-4.100965e-4,9.767151e-5,-0.003937589,-0.0018749,-0.002208311,-0.001301621,-0.00123422,0.001263164,9.320401e-4,-0.001158983,2.106073e-5,-7.298972e-4,-8.592056e-5,3.05036e-4,-8.38419e-5,-1.922908e-4,-0.002619034,-0.001111208,-8.585379e-5,9.482708e-4,-6.57904e-4,-8.862843e-4,0.001112957,-0.001681722,9.256902e-4,-0.001010169,-2.329293e-4,8.964734e-4,-3.402279e-4,-2.552521e-4,-2.853128e-4,-4.870466e-4,-7.534483e-4,-5.925006e-5,-6.140675e-4,-6.278467e-4,6.191778e-4,-2.540043e-5,-4.642182e-4,2.05404e-4,-0.001157131,-6.97903e-4,2.665984e-4,-6.306134e-4,-1.692447e-4,-0.001659201,-4.28202e-5,1.36077e-4,-0.001143874,2.456075e-5,-1.32545e-4,2.145862e-4,2.271303e-4,4.503262e-4,9.319246e-4,0.00150252,0.002141197,0.004712636,0.02347654,0.08487727,0.1249435,0.11407,0.03198431,0.009591467,0.01040737,0.01199897,0.0135747,0.01677485,0.01883983,0.02180549,0.0253834,0.03007884,0.03445295,0.04055393,0.04658644,0.052993030000000003,0.06120815,0.0684062,0.07514879,0.08316104,0.09225359,0.1014966,0.1107131,0.1219569,0.1351766,0.144623,0.1553173,0.1661625,0.1775721,0.1857712,0.1957061,0.2049091,0.2150166,0.2265216,0.2322127,0.2421659,0.2484871,0.2550843,0.261714,0.2654265,0.2689729,0.2701265,0.2706525,0.2715651,0.2722111,0.2717059,0.2723469,0.2705166,0.2707823,0.2662137,0.262895,0.2600122,0.2586459,0.2529405,0.2505011,0.248099,0.2493127,0.24718300000000001,0.248824,0.2513162,0.2536025,0.2601411,0.2660497,0.276771,0.2840484,0.3006022,0.3143422,0.3330748,0.3551897,0.3772591,0.4012061,0.4227872,0.4459261,0.4632921,0.4781853,0.5010955,0.5132781,0.5270191,0.5191682,0.5309052,0.5622759,0.6426044,0.6941744,0.4739813,-0.1626314
483.032,5.965594e-4,-0.001428714,0.0019283,0.006301934,-0.002889652,0.002979572,-0.005943131,-0.007667021,-0.002477568,-0.003213784,0.006247185,-0.002448046,-0.001524379,-0.00309924,-8.726552e-4,-8.95094e-4,-0.004565454,-0.001258613,2.040271e-4,-7.902095e-4,5.672603e-4,0.00119855,-1.388757e-4,-3.06431e-4,-2.777316e-4,-8.244016e-4,2.197989e-4,-0.001347415,6.837252e-4,-0.001583204,-0.002450692,-0.005731102,2.316522e-4,-0.002363462,4.103441e-4,-3.39427e-4,-0.001348713,-0.00474503,-0.00297464,3.871956e-4,-0.001398786,-0.003291569,-0.001946681,-0.003054072,-9.337926e-4,2.658646e-4,-0.002836198,-8.729857e-4,-2.950267e-4,-2.906907e-4,0.002086635,0.001499447,0.002174539,-0.001985966,5.45816e-4,-0.002122239,-0.002882329,-0.002674772,-0.002169994,-8.512196e-4,-5.187687e-4,7.551515e-4,0.00121167,-4.957775e-4,-3.459109e-4,-0.001508387,-7.061092e-4,-0.002005861,8.613083e-5,-6.507367e-4,-3.318246e-4,3.339769e-4,-6.272144e-4,2.389551e-4,-6.054463e-4,-2.56659e-4,-8.244179e-4,-8.435471e-4,-7.522674e-4,-0.001636414,7.209831e-4,-3.74321e-4,-0.001042763,-2.911828e-4,-5.342448e-5,6.072621e-5,-1.600882e-4,5.643946e-5,-1.284094e-4,-6.074437e-4,-4.743552e-5,-4.5628e-5,-3.635246e-4,-3.501531e-4,-5.877962e-5,1.686006e-4,-6.051129e-4,1.39588e-4,8.428221e-5,6.969608e-4,3.650312e-4,0.001380187,0.003021913,0.02235645,0.05663181,0.09702911,0.08748047,0.0505471,0.01274217,0.009354462,0.01179,0.01288969,0.0153259,0.01745992,0.01997841,0.02385355,0.02712867,0.03183677,0.03633461,0.04284038,0.04788662,0.05508834,0.06094762,0.06842781,0.07770546,0.08366831,0.09399236,0.1035708,0.1127791,0.1225487,0.1319974,0.1445967,0.1554366,0.1664611,0.1755009,0.1853887,0.1952543,0.2053061,0.2140067,0.2218129,0.2296119,0.2400018,0.2457182,0.2517954,0.2559014,0.2598019,0.2632135,0.2633263,0.2648284,0.2644029,0.2661882,0.266365,0.2655754,0.2661974,0.2625148,0.2595311,0.2559378,0.2547635,0.2501361,0.2475734,0.2459565,0.2450277,0.2429169,0.244233,0.2463219,0.2483713,0.2509543,0.2553753,0.2622542,0.2704752,0.2823659,0.2999146,0.3122902,0.3287857,0.3507655,0.3739272,0.402646,0.414513,0.4414434,0.4555893,0.4747675,0.4908506,0.4879795,0.5171714,0.5065906,0.5439061,0.5863885,0.6315842,0.4988266,0.6520227,0.7125414
485.356,-0.003619382,-0.007977143,-0.01138777,-0.01474477,-0.01241983,-0.01133742,-0.003453037,-0.008045948,-0.008938359,-0.007620054,-0.004537293,-0.00282873,-0.004218654,-0.005198061,-0.001653427,-0.003141647,-0.004489574,-0.002232599,-0.002043773,-0.003027453,-0.001708943,-7.992079e-4,-7.932894e-4,-0.001076706,2.213259e-4,-0.001471219,-0.002772445,-1.836765e-4,-7.62615e-4,-0.001054104,-0.004282647,-0.001539695,6.855411e-4,-0.007027853,-0.002540106,-6.958346e-4,-0.004382633,-0.004169083,-0.002790043,-0.003241761,-0.002050722,-0.001824938,-0.002047856,-0.002356123,-5.777599e-4,-0.004149417,-0.002173543,-0.002098358,-0.003460398,-0.002922948,5.10238e-4,-0.002004598,-0.002604657,-6.596912e-4,1.630127e-4,-0.00221159,-0.001184697,-0.00190091,-0.001208521,-0.003161388,-0.001741319,-0.001350507,-6.002697e-4,-7.433623e-4,-0.001485271,-0.001353219,-0.003103325,-0.001541692,-0.002192656,-0.002551075,-0.002559188,-5.193663e-4,-0.002106905,-0.001356113,-0.002050451,-8.120141e-4,-8.980093e-4,-0.001900394,-3.388622e-4,-0.001239752,-4.840853e-4,-5.322134e-4,-0.001812314,-0.001341809,-0.001248257,-0.001246783,-0.001098502,-5.350172e-4,-7.851447e-4,-9.62453e-4,-6.119031e-4,-3.05826e-4,-9.792348e-4,-4.383965e-4,-0.001101002,-1.46761e-5,-5.262059e-4,-1.233584e-4,5.239225e-4,3.306567e-4,0.001074519,0.001512961,0.0148264,0.06657252,0.08189993,0.07286809,0.04496358,0.01849515,0.009206618,0.01077805,0.01185066,0.01380585,0.0164678,0.01879231,0.0217362,0.02426946,0.028309,0.03273294,0.03786095,0.04391232,0.05010841,0.05675505,0.06326193,0.07042313,0.07868863,0.08529251,0.09521195,0.1035792,0.1138374,0.1218388,0.1337707,0.1453376,0.1548305,0.164002,0.1745661,0.1845721,0.1934975,0.2016097,0.2107533,0.2200723,0.2273362,0.23467470000000001,0.2414907,0.2461382,0.2517709,0.2541197,0.2586836,0.2585527,0.2599358,0.2593277,0.2599863,0.2599532,0.2604986,0.2594204,0.2572662,0.2535848,0.252622,0.2479028,0.24466860000000001,0.2425718,0.24030580000000001,0.2395783,0.2381214,0.2404497,0.2387986,0.2442378,0.2463861,0.2522719,0.2592624,0.2658273,0.2770124,0.2912712,0.3088002,0.3216239,0.350625,0.3703617,0.3952497,0.4165627,0.4347055,0.4508151,0.4565955,0.4766642,0.4907719,0.4986733,0.4862529,0.5048087,0.5841746,0.5656325,0.5782876,0.3149105,0.9787721
487.68,-0.003621227,-0.008594192,-0.002441643,-0.01384058,-0.004839496,-0.005967869,-0.009229951,-0.001117765,-0.007943829,-0.004682774,-0.001460535,-0.001484654,-0.001286016,0.001148423,-9.716699e-4,-0.006026383,-0.003335351,5.383094e-4,-0.001314429,-9.829843e-5,-8.453128e-4,-0.001221181,4.488441e-4,-0.001288082,-6.703775e-4,1.561097e-4,-1.729237e-4,-0.00100528,-0.001527805,-5.187028e-4,-0.002171459,-0.003731805,-7.590257e-4,-0.004257077,-0.003674215,-0.002573951,-0.001873744,-0.002129383,-1.736649e-4,-0.003897066,-0.003463612,-0.001912567,0.001121986,-0.001208144,-0.003940837,-0.001681253,-2.425968e-4,-0.00225387,-0.001484196,5.410831e-4,-0.001851079,-0.001365371,-2.02207e-4,6.482767e-7,-0.002041528,-0.002146167,0.001066033,0.001030966,-3.933331e-4,-7.891306e-4,-0.001797583,-0.001809206,-8.537889e-4,-7.389419e-4,-5.868632e-4,-0.001600623,-8.40007e-4,1.768244e-4,-0.002640601,-3.052021e-4,-0.001506437,-0.00145526,-0.001225854,-6.538509e-4,-8.343425e-4,2.342864e-6,5.142673e-4,-5.945952e-4,-7.839803e-4,-2.252368e-4,-0.001954884,6.644374e-6,-8.899414e-4,-3.823983e-4,-0.00130504,-0.001045302,-4.595294e-4,-8.324017e-4,-4.935139e-4,-5.794653e-4,0.001113071,-1.833788e-4,-3.143591e-4,4.256908e-4,9.433434e-5,-6.260942e-4,7.966419e-4,-3.868215e-4,4.52517e-4,7.066792e-4,0.001010442,0.005010921,0.06501455,0.1180229,0.077474,0.03607946,0.01902529,0.01004582,0.01048983,0.0119076,0.01342764,0.01554812,0.0176189,0.0200559,0.02324897,0.02608683,0.02974522,0.0337006,0.03930274,0.04564564,0.0511783,0.05806781,0.06479908,0.07102084,0.07977982,0.08659142,0.09507266,0.1053508,0.1139752,0.1226956,0.1349954,0.145412,0.1538593,0.1643112,0.1735626,0.1825704,0.1909864,0.2009646,0.2069858,0.2168219,0.2231956,0.23042,0.2375748,0.2420488,0.2480151,0.2499228,0.2507836,0.2535785,0.2550102,0.2538771,0.2537498,0.2538305,0.2520283,0.2518679,0.2498043,0.2476035,0.2456052,0.2405143,0.2381318,0.239228,0.2345074,0.234206,0.2338717,0.2361673,0.2361466,0.2371013,0.2413802,0.2448412,0.2545178,0.265487,0.2748161,0.2870855,0.3054606,0.3236005,0.3442833,0.3656196,0.3866746,0.4110321,0.4303408,0.4369868,0.4598294,0.4718161,0.48165,0.4832038,0.5102757,0.5472261,0.5102734,0.5743378,0.4340451,0.1871111,-0.05983337
490.005,-0.003013494,-0.002455962,-0.003602382,0.008293557,-0.002906177,1.999568e-4,0.001160201,0.003462357,0.001002875,-0.006012529,0.001030407,0.001744767,0.002087668,9.59839e-4,-0.00263599,0.00378692,-4.83772e-4,3.754843e-4,-5.282045e-4,0.001726655,-0.001620329,-2.475184e-4,-5.050899e-4,-2.085322e-4,2.572012e-4,-3.354116e-5,-7.18933e-4,8.290199e-4,6.834504e-4,-4.774212e-4,-0.001968614,-0.001187095,-0.002451815,1.402856e-4,-0.001793896,0.001177003,0.005979087,0.003497204,-0.001215904,-0.003249837,0.002558307,-9.022262e-4,5.583095e-4,0.002374307,7.636615e-6,-9.272791e-4,-9.149844e-4,0.002719477,-9.351418e-4,0.001206468,0.00086806610000000005,-7.474388e-4,-3.775357e-4,9.791842e-4,1.965039e-4,-6.767836e-4,0.003590649,-2.789301e-4,0.001076622,4.556205e-4,-3.709409e-4,5.303521e-5,-1.903591e-4,-0.001315174,-2.967991e-4,-8.757286e-4,0.001061759,-9.823825e-4,-4.931416e-4,8.204171e-4,5.069067e-4,8.990624e-4,0.001238204,8.203012e-4,-3.028366e-4,7.443563e-4,-6.856371e-4,-6.681517e-4,-3.739684e-4,7.064513e-4,-0.001270903,5.719883e-4,1.558544e-4,6.633074e-4,-3.785547e-4,3.986855e-4,-0.001020137,5.157652e-4,-5.488216e-4,4.622441e-4,-2.197399e-4,3.374476e-4,-4.330632e-4,6.437982e-4,-1.023465e-4,8.257701e-4,0.001485641,0.001283791,0.001130301,7.765251e-4,0.001998469,0.02662214,0.1405618,0.1197501,0.04495935,0.01532037,0.009472158,0.009543048,0.01126438,0.01269352,0.01479126,0.01699889,0.01902073,0.02153867,0.02445816,0.0281719,0.03216856,0.03577862,0.04062317,0.04599095,0.0533412,0.05899455,0.06629778,0.07391045,0.08153177,0.08772024,0.09649645,0.105522,0.1138463,0.123418,0.1343283,0.143963,0.1530104,0.1608785,0.1723788,0.1811028,0.1900584,0.1987202,0.2057302,0.2137455,0.2193573,0.2265113,0.2331277,0.2373106,0.2415708,0.2439217,0.24691,0.2476552,0.2467817,0.2482651,0.2494978,0.2477854,0.2463458,0.2465188,0.2427153,0.2407697,0.2393157,0.2349465,0.2347097,0.2325555,0.2304715,0.227467,0.2297428,0.2310708,0.2318083,0.2356155,0.2387484,0.2441573,0.2526411,0.2601508,0.2720394,0.2815564,0.3019514,0.3173314,0.3373676,0.3654541,0.3809985,0.4039999,0.4245571,0.4441413,0.4589606,0.4663337,0.4764756,0.4777945,0.5102929,0.5655554,0.5935379,0.6261144,0.5703934,0.7397416,0.03512005
492.331,0.002808477,0.005729169,0.006491606,0.006317725,0.004089177,1.118822e-6,-7.545313e-4,-1.946582e-4,0.004976096,0.003530006,0.002743104,0.00229737,0.003783511,1.790565e-5,0.003623324,0.004420334,-2.300499e-4,6.857348e-4,8.67924e-4,9.286764e-4,0.001227573,1.46202e-5,8.054736e-4,3.56821e-4,4.757127e-4,0.001522902,5.808352e-4,0.001319483,-0.002123209,0.002080112,0.00261044,0.002199633,0.004038805,3.923118e-4,0.006304095,0.003300411,0.00137445,0.006027513,0.001223146,8.537036e-4,0.002562436,0.00677306,6.665219e-4,8.965245e-4,9.647076e-4,1.781626e-4,0.002354053,0.001669783,0.00262553,0.001363427,0.003882246,7.901573e-4,7.189527e-5,0.002839904,7.996865e-5,0.002242601,0.001718565,0.001650907,0.001505807,0.00220842,0.001092448,0.001389646,5.989109e-4,0.001705581,0.001068725,0.001203012,0.001213581,0.001808724,1.773205e-4,9.899754e-4,0.002739074,5.756638e-4,-3.914031e-4,9.011319e-4,0.002243315,8.201918e-4,7.698079e-5,1.462805e-4,-6.489438e-4,9.441569e-4,8.841827e-4,0.002066799,5.270854e-4,8.131602e-4,3.868828e-4,2.88541e-4,1.690409e-4,7.899271e-4,0.001502533,4.638987e-4,-1.92472e-4,6.240513e-4,6.927208e-4,0.00120114,7.758736e-4,4.805877e-4,0.001665282,0.001362639,0.002317395,0.002398816,0.009635213,0.06976521,0.1557832,0.08200559,0.02092261,0.008440567,0.009601886,0.0103899,0.01236342,0.01406927,0.01588368,0.01828644,0.01980719,0.02274978,0.02602756,0.02876264,0.03332733,0.03756906,0.04281227,0.04848735,0.05475805,0.0604914,0.0669302,0.07526755,0.08198144,0.08806511,0.0979049,0.1055306,0.114558,0.1235956,0.1339618,0.1447533,0.1518244,0.1621678,0.1713849,0.1787681,0.1868803,0.1953614,0.2022184,0.2104694,0.2166718,0.2226722,0.2301356,0.2338005,0.2370734,0.2393624,0.242195,0.2410013,0.2415557,0.2432415,0.2399119,0.2407581,0.2375089,0.2388593,0.2375138,0.2343073,0.2316652,0.2295361,0.2278071,0.2272107,0.2252953,0.2241559,0.2237166,0.2253764,0.2258216,0.2316534,0.2325636,0.2383951,0.2472114,0.2538473,0.2668442,0.2801973,0.2945827,0.3148808,0.3335767,0.3545631,0.3811174,0.3948761,0.4154979,0.4308507,0.442315,0.4566951,0.4591753,0.4800346,0.5346683,0.5650068,0.5552602,0.5972673,0.6377402,0.8068367,1.256126
494.657,0.006006643,0.002041709,0.005916504,5.560375e-4,5.986355e-4,0.004965057,0.00366127,-7.438486e-4,-4.879684e-4,7.378429e-4,0.002175892,4.071757e-4,-2.999519e-4,8.758362e-4,0.002250779,3.681227e-4,-2.350813e-4,0.00166171,0.001461595,0.001555114,5.175318e-4,-0.001901506,8.432248e-4,-4.841574e-4,-2.770945e-4,-2.074199e-4,-5.657585e-4,4.890236e-6,6.889762e-4,-2.013063e-4,0.00239271,-9.018597e-4,7.926821e-4,0.00140256,0.006544347,-0.003041536,0.00315134,0.002525544,7.046397e-6,0.001039896,-0.002798378,1.199009e-4,7.499474e-4,8.878361e-4,-4.932652e-4,0.003908878,0.001346645,0.0037141,4.077619e-4,0.001291272,6.55966e-4,5.288695e-4,5.992927e-4,0.001962877,-1.468499e-4,4.729653e-4,0.001409714,9.553933e-4,-3.073065e-4,0.002212018,-0.001098073,4.395936e-4,-8.060655e-5,0.00042051430000000003,1.633673e-4,-9.128598e-4,1.603134e-4,0.002179047,3.098539e-4,-4.353162e-4,0.001180985,-9.64273e-4,0.001238358,-3.440436e-4,-4.538842e-4,-5.523657e-4,-6.313e-5,-1.383888e-4,6.595351e-4,-3.644566e-4,4.277945e-4,-2.804666e-5,4.651742e-4,7.522579e-4,7.069989e-4,5.716031e-4,-1.026268e-4,0.001297928,-7.380768e-5,6.135896e-4,5.924763e-4,-1.623407e-4,2.115082e-4,7.790955e-4,0.001308415,0.001317771,7.39196e-4,0.001570439,0.001407216,0.006768161,0.03466419,0.09501907,0.1028172,0.03646711,0.009695794,0.008519906,0.009915655,0.01123952,0.01333635,0.01507753,0.01709461,0.01919789,0.02138539,0.02391714,0.02722834,0.03001587,0.03475295,0.03778358,0.04341789,0.04943892,0.05452881,0.0609167,0.06730932,0.075183,0.079766,0.08761092,0.09699568,0.1040679,0.1143739,0.1223386,0.1325734,0.1426194,0.149192,0.1588068,0.1674183,0.1757225,0.184735,0.1922602,0.1965799,0.2047069,0.2110107,0.2166467,0.2236005,0.2264427,0.2293709,0.2333669,0.2343472,0.2332945,0.2343388,0.2339578,0.234179,0.2331399,0.2346613,0.2316033,0.2298132,0.2290648,0.226676,0.2238192,0.2220289,0.2196134,0.2187505,0.2175325,0.2171541,0.2201335,0.2231631,0.2246624,0.2280709,0.2325774,0.2406251,0.2509668,0.259973,0.2731964,0.291058,0.3095786,0.3249507,0.3497179,0.3761888,0.3923042,0.4040492,0.4239333,0.4381454,0.4431774,0.4476938,0.4891085,0.526867,0.5270429,0.5864316,0.5732578,0.5561247,1.281393,1.006169
496.984,1.955901e-4,8.133688e-4,0.004004634,9.054282e-4,3.912392e-4,-0.004945222,0.003258166,0.002347618,0.001482857,0.003220693,0.001940585,-0.001873458,-9.059902e-4,-0.001214088,-9.366302e-5,-5.319168e-4,0.001971652,9.775902e-4,-5.211108e-4,-0.001358765,-7.367625e-4,-0.001054068,-2.490663e-4,-0.001940848,-3.847617e-4,7.267605e-4,-4.955161e-4,4.55235e-4,-2.957826e-4,-0.001420497,-0.001111333,0.001002135,0.001899567,0.003654372,-0.001880554,-0.003498288,-4.135682e-4,0.001164692,-6.458189e-4,-0.003696897,-0.00672304,0.002050004,0.001274368,0.002365479,0.002321811,-0.003530754,1.774939e-4,-0.005110148,-0.001874392,0.002555332,-2.732255e-4,-8.306863e-4,-6.885102e-4,-0.001999122,3.323687e-5,-2.102352e-4,8.01386e-4,-8.080702e-4,-0.001710606,-0.001951765,-2.565502e-4,-0.001402429,7.569685e-4,1.647433e-4,2.795086e-4,3.984663e-4,0.00149821,3.175954e-4,-0.001292063,-3.885512e-4,8.816634e-5,6.1367e-4,-6.695489e-4,-3.466014e-5,-3.775004e-4,7.665691e-5,4.341005e-4,-5.231861e-4,-0.001571126,3.380335e-4,8.779829e-4,8.570905e-4,4.642661e-4,-4.148277e-4,-5.053976e-5,3.046084e-5,-2.729807e-4,3.006874e-5,-9.941575e-5,3.283447e-6,5.6836e-4,-4.213843e-4,-1.274398e-4,7.32376e-4,-1.374964e-4,3.379417e-4,8.738608e-4,0.002039435,0.004067585,0.02891553,0.06548815,0.07893957,0.04476664,0.01192806,0.007799715,0.008709966,0.01082714,0.01219099,0.01369975,0.0160205,0.01799317,0.01952595,0.0219544,0.02501184,0.02753921,0.03141258,0.03497226,0.03930949,0.04415138,0.04914377,0.05574722,0.06333661,0.06845636,0.07436004,0.0820069,0.08937565,0.09784047,0.1053128,0.1116236,0.1203462,0.1305729,0.1389934,0.1484923,0.1565866,0.1648019,0.1732461,0.1794234,0.1870497,0.1925479,0.2004228,0.2058014,0.2102046,0.2169921,0.2207356,0.2230402,0.2286765,0.2274872,0.2270373,0.2282091,0.2261843,0.2270065,0.2259929,0.2264208,0.2244892,0.2233424,0.2214915,0.2181218,0.2180867,0.2159202,0.2136472,0.2120749,0.2112881,0.2120625,0.210397,0.2158187,0.2193737,0.2230829,0.2268433,0.231708,0.2431189,0.2551032,0.2695061,0.2847838,0.3006394,0.3188493,0.3410424,0.3614812,0.3778203,0.3948824,0.413502,0.4192388,0.4274348,0.439925,0.4701958,0.4982253,0.5506017,0.48016760000000003,0.5293336,0.5123417,0.8525613,1.501785
499.311,0.007185775,0.001423967,0.001146172,1.977387e-4,0.00676593,-9.89112e-4,0.006895235,0.005072164,0.004615862,-1.408774e-4,2.36031e-4,0.001430664,0.00391308,0.002554709,0.002627599,-0.002053228,8.7612e-5,0.003730922,0.002109394,0.002579943,5.625259e-4,0.001916297,4.412975e-4,6.369143e-4,0.001174288,0.001121564,-2.5027e-4,-1.831719e-4,0.001233838,9.050886e-4,-0.003282785,-8.209566e-5,0.001124187,0.007030139,-3.722767e-4,5.91534e-4,-4.097932e-4,-4.810579e-4,0.002232334,6.779753e-6,9.528695e-4,-8.121415e-4,0.001551586,2.755791e-4,0.001808691,-0.002268818,-0.001829211,0.004815629,0.001506808,-0.001864542,2.915504e-4,3.550812e-4,-0.001216763,0.002863526,0.001328145,-3.445061e-5,3.300793e-4,7.829043e-5,0.00180102,0.002368803,4.919063e-4,0.001330407,0.002441832,0.001129324,6.621842e-4,1.10503e-4,1.444982e-4,4.038707e-5,2.652094e-4,-8.895783e-5,-7.888519e-4,3.670949e-4,-7.492333e-4,-3.8188e-4,8.701821e-4,-1.082057e-4,0.001764147,-1.025849e-4,-3.700806e-4,9.058003e-4,0.001008812,3.82405e-4,-4.561249e-4,0.001851544,0.001541997,8.49718e-4,4.218528e-4,2.797251e-5,2.654148e-4,3.336777e-4,7.387366e-4,0.001025301,7.371577e-4,0.00130271,0.001643312,0.001133629,0.00181808,0.002673247,0.02142794,0.06738849,0.07057721,0.0420508,0.01573731,0.0071609280000000004,0.007756272,0.00992231,0.01090942,0.01319442,0.01465036,0.01698025,0.01895743,0.02092831,0.02354371,0.02564843,0.02885112,0.03288303,0.03620443,0.03991331,0.0454165,0.0506692,0.05648118,0.06261645,0.06918686,0.07552488,0.08134287,0.08787252,0.09591244,0.1041027,0.1115923,0.1199566,0.1294375,0.1387284,0.1455697,0.1546411,0.1620327,0.1694984,0.1783257,0.1841795,0.1892039,0.1959752,0.2020135,0.2062224,0.2110604,0.2157553,0.216831,0.2195598,0.222343,0.2218642,0.2188395,0.2204397,0.2205788,0.219486,0.2180639,0.2180865,0.2181538,0.2161717,0.2134352,0.2102461,0.2081688,0.2081671,0.2074941,0.2072544,0.2075819,0.2082353,0.2110984,0.2136688,0.217438,0.2257677,0.2309343,0.240946,0.2514214,0.266115,0.2780533,0.2958311,0.3167633,0.3366629,0.3553134,0.376247,0.3909879,0.4071286,0.4167412,0.4277534,0.4286427,0.4664431,0.5282618,0.5135169,0.4954897,0.5247256,0.5793155,0.7969039,2.604958
501.64,-0.001004695,-0.001425871,-0.00699179,-0.004813788,-0.005011002,-0.002573839,-0.005928637,-0.01019316,-0.006588459,-0.007587848,-5.537793e-4,4.88108e-4,0.001775193,-0.002900705,-8.713408e-4,-0.002503142,-0.004463879,-6.622658e-4,9.308145e-4,-0.001131644,6.224278e-4,2.229926e-4,-8.274386e-4,-2.720302e-4,-3.074279e-4,-5.973943e-4,-0.001718007,-7.061206e-4,-2.889029e-4,-4.633438e-5,-0.003213615,-0.002354977,0.005461986,-0.002106572,-2.227806e-4,1.318653e-5,2.190508e-4,-0.002893617,0.001775523,-0.003507462,0.001335697,-0.004026531,-5.004254e-4,-0.003211514,-0.00427153,-6.980277e-5,8.476683e-4,-0.003401721,-0.003672922,-0.002686312,-0.001983262,-0.003746476,-1.306257e-4,-0.002519181,-2.77548e-5,-5.109147e-4,-0.001767623,0.00206961,-9.384917e-4,-5.733992e-4,1.829917e-4,-0.002499437,-0.002177442,-6.896634e-4,0.001421495,-0.001291618,-5.514161e-4,7.332914e-4,-1.817074e-4,-0.001593648,-7.866636e-4,3.725827e-4,-6.282606e-4,-3.050054e-4,-0.001625487,-1.427645e-4,-1.364709e-4,-0.001046935,5.09984e-6,-6.621428e-4,-6.773021e-4,-5.636791e-4,-0.00186609,6.684415e-5,-7.177061e-4,-7.851865e-4,-5.673647e-4,-0.001636069,3.976745e-4,-6.818446e-5,-8.0428e-4,3.880563e-4,3.558217e-4,0.001220142,2.684095e-4,0.001340963,0.001259214,0.01365575,0.06651739,0.08732076,0.04818882,0.01716168,0.007991296,0.007478412,0.008263202,0.009879231,0.01154213,0.01311291,0.01588851,0.0176281,0.01966845,0.02224418,0.02397512,0.02708004,0.03003416,0.03279018,0.03682538,0.04070187,0.04571649,0.05071952,0.05696722,0.06237463,0.06899418,0.07709185,0.0822121,0.08735196,0.09499917,0.1035371,0.1098555,0.1194861,0.1265508,0.1365767,0.1434741,0.1503621,0.1600489,0.1639911,0.1708848,0.1790752,0.1839439,0.1913367,0.1974385,0.2018279,0.2057753,0.2080949,0.2108074,0.2123068,0.2148313,0.2153509,0.2140183,0.2136735,0.2143115,0.2135309,0.2129545,0.2130985,0.2087936,0.2079451,0.2051565,0.2027815,0.2027943,0.2005918,0.2025548,0.1994084,0.2021591,0.2015551,0.2040961,0.2078615,0.2116386,0.2164981,0.2260209,0.2348598,0.2421421,0.2592611,0.2728204,0.287401,0.31126,0.3256957,0.3459698,0.3687817,0.3801753,0.3923865,0.4025707,0.4165685,0.423471,0.4760486,0.50538,0.4634627,0.434467,0.4778755,0.5246115,0.5837033,-0.4765263
503.969,-0.003202484,0.002237152,-9.163017e-4,0.00736884,-0.003268567,1.822169e-7,0.001355005,-5.620581e-4,0.001325323,0.002202356,0.003187093,0.001825021,-0.001362152,8.636682e-4,-0.001356412,0.001264215,2.707263e-4,6.853828e-4,1.359464e-4,0.001216685,0.00157559,9.408445e-6,0.001278043,-2.332467e-5,7.557652e-4,2.613696e-4,7.971136e-6,-4.790693e-4,-6.723558e-4,-2.550583e-4,-7.568192e-4,0.001460883,0.001016687,0.001777186,0.003350852,3.68417e-4,6.433949e-4,0.003192446,-9.1992e-4,5.780343e-4,4.912847e-4,0.002684572,0.001664627,3.69179e-4,5.271785e-4,0.002049738,0.003348466,9.267212e-4,0.002070566,9.904666e-4,0.001228122,8.046033e-4,0.001679494,0.002096055,-6.874943e-4,-0.001525816,-6.901148e-4,4.891623e-4,7.234036e-5,-2.366242e-4,4.515106e-4,-6.023795e-4,-2.36644e-4,-1.958215e-5,0.001377838,-1.695923e-4,-1.310609e-4,0.001374867,0.00088667940000000005,9.396363e-4,3.833227e-4,5.383702e-4,0.001714868,0.00159263,-0.001320734,4.46987e-4,-2.802967e-4,5.659412e-4,-2.296109e-4,5.73484e-4,-1.902649e-4,-2.443388e-5,-5.664439e-5,1.551996e-4,4.976768e-4,-3.326835e-4,5.630936e-4,-4.993042e-5,1.372661e-4,3.355226e-4,9.855956e-4,7.676964e-4,6.515454e-4,7.481542e-5,0.001223746,0.001040491,0.00656878,0.04450391,0.09529986,0.06662636,0.02264436,0.008450445,0.006845222,0.008201668,0.00881229,0.01113258,0.01280561,0.01425662,0.01665337,0.01894674,0.02071226,0.02240088,0.02524343,0.02777402,0.03058694,0.03387633,0.03774724,0.04205281,0.04684109,0.05225645,0.05712218,0.06293494,0.06928433,0.07415554,0.08086389,0.08796784,0.09459216,0.1022433,0.1096043,0.1173962,0.1260256,0.1341611,0.1422011,0.149975,0.1562824,0.1628393,0.1679995,0.1745481,0.1822441,0.1876211,0.1920854,0.1962479,0.1988157,0.2045892,0.2064007,0.2089615,0.2075809,0.2101132,0.2083782,0.2072506,0.2056605,0.2085866,0.2067058,0.2043442,0.2037406,0.2018104,0.1991552,0.199587,0.1978354,0.1956198,0.1976807,0.1972577,0.1962099,0.1970645,0.199435,0.2021493,0.2085387,0.2133002,0.2220454,0.2295749,0.2411436,0.2546459,0.2692252,0.2849226,0.3057334,0.3243139,0.3392864,0.3560795,0.3717486,0.3821357,0.3977791,0.4040366,0.4477107,0.4882393,0.4580811,0.4604019,0.4725562,0.4577651,0.4004306,0.5720108,2.098658
506.298,0.003779576,0.005280526,0.004944346,-0.003192125,-0.002688589,0.002568232,-0.002668925,-0.002547966,-3.196985e-4,0.0020519,0.003177509,7.279778e-4,-0.00189028,-2.649174e-4,-0.002518766,0.002509887,6.636802e-4,-0.001625843,7.971441e-4,0.002120344,1.175176e-5,-7.310458e-5,-0.001118624,2.519203e-4,9.646295e-4,0.001121454,-0.001066106,-1.809842e-4,-7.093824e-4,0.001377958,0.00266168,-8.051984e-4,-3.229142e-4,-0.002349144,-0.005443534,-0.001969366,-0.00123019,-0.001727958,-0.003785252,-0.001281871,-0.0026931669999999998,1.231799e-4,6.776233e-4,-0.001378094,0.001042985,-3.986e-4,-0.001982883,-5.448873e-4,9.274243e-5,6.183827e-4,-0.00312208,-0.001853668,-4.799322e-4,-5.656669e-4,-8.727869e-4,-0.0014595,-8.716315e-4,6.63833e-4,-8.555647e-4,8.397389e-4,7.332262e-5,-4.390692e-4,2.761334e-5,-8.340179e-4,4.780055e-4,4.043792e-4,4.539553e-4,-0.001074919,-7.149477e-4,0.001154733,-0.001327378,-0.001369416,0.001314141,-7.097518e-5,2.648799e-4,6.319174e-4,4.015961e-4,-6.949622e-4,-0.001361619,4.141998e-5,0.001592147,3.190675e-4,4.022591e-4,1.848759e-4,-1.090221e-4,-5.853883e-4,-9.298301e-4,9.43604e-4,-3.848195e-4,0.001602959,1.543921e-4,-6.088846e-5,7.671799e-4,3.8692e-4,0.001840712,0.002903449,0.02453147,0.0779354,0.09058843,0.03211419,0.009242645,0.005624907,0.007218136,0.009107991,0.01029864,0.01171186,0.01364022,0.01482146,0.01669712,0.01908062,0.02104167,0.0238619,0.02576656,0.0292624,0.03093221,0.03480025,0.0379417,0.04177181,0.04684019,0.05166795,0.05719197,0.06272866,0.06790194,0.07504957,0.08124441,0.08621484,0.0941693,0.1015622,0.1081691,0.1164157,0.1222509,0.1306268,0.1378144,0.1456233,0.1527207,0.1589874,0.1662434,0.1724137,0.1772423,0.1813923,0.1870715,0.1922876,0.1940585,0.1979639,0.1982673,0.1999564,0.2028221,0.2016599,0.2028761,0.2012065,0.1994816,0.1991845,0.1999736,0.199081,0.1970043,0.1963075,0.1944655,0.1921574,0.1912098,0.1901078,0.189547,0.1901461,0.1919917,0.1923712,0.1944334,0.1998246,0.2014973,0.2108423,0.2140529,0.2250131,0.2352268,0.2471338,0.2616339,0.2756371,0.2917184,0.3143684,0.3327177,0.346484,0.3648022,0.3761278,0.3856229,0.3970767,0.4411969,0.4693817,0.4467119,0.4303084,0.4502743,0.3953933,0.4304546,1.004789,1.235275
508.629,3.90745e-4,-0.001824318,0.001907336,9.077396e-4,0.001355785,0.006499859,0.001722352,0.003055466,0.0014804,8.84701e-4,-0.001675738,0.001576832,-0.003337523,0.001885247,0.001556233,-0.001955226,5.893163e-4,-0.001767747,-7.793933e-4,-0.00186361,1.175539e-4,-6.640812e-4,-1.39577e-4,-7.18597e-4,-6.65431e-4,8.363508e-4,-6.008244e-4,4.150665e-4,5.950698e-4,-7.796537e-4,-0.001521895,-5.326786e-4,0.001009599,-0.001853567,6.50196e-4,0.001758823,0.002088982,0.003753855,-0.001003472,-4.426185e-4,-1.632799e-4,-7.079549e-4,0.001806834,-3.382262e-4,-9.252799e-4,-0.001499772,5.035051e-4,-0.003701521,1.814538e-4,0.00165348,-0.003398857,-0.003096995,-9.894047e-4,-0.001555523,-3.35854e-5,-2.913058e-4,-0.001405643,-0.001823895,-1.447625e-4,-7.255277e-4,4.878472e-4,5.011193e-4,-2.321819e-4,-1.835305e-4,2.406997e-5,5.585138e-4,-0.001601523,2.25074e-4,-0.001685286,4.025257e-5,1.316856e-4,1.701787e-4,-6.237624e-4,-9.202874e-4,-0.001541713,-1.802007e-4,4.343888e-4,-2.406181e-4,-8.767156e-4,5.051182e-4,-2.535031e-4,1.609002e-4,3.700864e-4,-1.747469e-4,-5.113435e-4,6.23099e-4,6.097822e-5,3.259856e-4,8.599376e-5,2.873092e-4,2.018878e-4,8.600807e-4,8.108164e-4,-1.177959e-4,0.002542516,0.01767932,0.05446055,0.07718508,0.05084659,0.01130806,0.005199999,0.007019657,0.008371166,0.009189359,0.01079312,0.01239792,0.01390901,0.0155427,0.0179726,0.02009679,0.0226211,0.02426128,0.02631875,0.02878319,0.03211831,0.03468613,0.03838999,0.04273771,0.04680176,0.05144565,0.05705891,0.06315868,0.06906731,0.0746467,0.08016254,0.08510648,0.09259788,0.09822232,0.1054525,0.1136767,0.1203254,0.1294044,0.1346556,0.1429366,0.1493601,0.1536866,0.1606296,0.1649116,0.1720173,0.1761342,0.1791508,0.1846931,0.1884335,0.1906521,0.1931232,0.193858,0.1961978,0.1949365,0.194965,0.1943877,0.1939355,0.1935826,0.1918681,0.1919853,0.1901732,0.1882121,0.1868735,0.1848578,0.1844117,0.1830213,0.1861552,0.1833508,0.1850996,0.1872756,0.188432,0.192497,0.1953437,0.2023022,0.2100188,0.2184133,0.2277745,0.2389272,0.2525736,0.2689705,0.2836845,0.3022269,0.3251242,0.3422627,0.3549667,0.3608166,0.3690232,0.3993378,0.430462,0.4456479,0.4156294,0.4066097,0.3946368,0.4317475,0.3855334,0.9487126,0.7328156
510.959,0.0037513859999999998,0.003020208,-0.002229703,-3.41628e-4,0.00575114,0.001762979,0.004561534,0.005547676,-0.002602108,0.00434374,0.007075582,-5.306276e-4,0.003126143,0.002905669,9.673346e-4,0.001871879,0.002830359,-2.095769e-4,7.215606e-4,6.29634e-4,9.104881e-4,0.001943744,0.001268794,0.001151488,0.001061464,1.13389e-4,0.001676832,0.002263287,5.990095e-4,0.002564756,7.495572e-5,0.002974849,0.002654538,0.005358847,0.004951937,-0.002537858,0.00485738,2.904309e-4,0.003225614,-0.001365803,0.002153353,0.003394874,0.003152847,0.002350714,7.788951e-4,-8.953786e-4,0.001413884,0.001470053,4.034966e-4,-0.001692212,1.236852e-5,0.001835024,0.002515431,1.582987e-4,0.001070777,9.195412e-4,0.001884095,0.001349356,0.001866971,0.002724809,-5.050802e-4,-7.709728e-5,0.001562977,0.001379713,9.219617e-4,4.620796e-4,0.001437859,0.001549813,0.00162517,8.45249e-4,0.001417307,1.301267e-4,5.189879e-4,-1.091521e-4,0.001423454,9.55313e-4,6.493129e-4,-9.981234e-5,7.465835e-5,9.977348e-4,0.001128573,3.802463e-4,7.949016e-4,0.001068719,-4.943476e-5,0.001097775,0.001046718,0.001363343,0.00101789,8.883052e-4,0.001949136,7.892711e-4,0.001010828,0.002397737,0.01074092,0.04769131,0.06293148,0.04983393,0.01925546,0.005711568,0.006012003,0.006857576,0.008271051,0.01013452,0.01120547,0.01291312,0.0148324,0.01660022,0.01906057,0.02062909,0.02273319,0.02506952,0.02674208,0.02964423,0.03179318,0.03513178,0.03940946,0.04302412,0.04777416,0.050604,0.05764191,0.06253717,0.06753959,0.07372028,0.07847186,0.08365806,0.09048368,0.0981102,0.1036678,0.1105018,0.1181134,0.1256157,0.1323871,0.1380822,0.146324,0.1510429,0.1551943,0.162046,0.1669461,0.1732033,0.1746659,0.1789256,0.1831277,0.1855144,0.1871486,0.1883348,0.1901746,0.1877146,0.1868693,0.1859865,0.1874909,0.1870726,0.1857021,0.1841051,0.1839859,0.1824205,0.1832535,0.1787456,0.1781225,0.1783586,0.1783412,0.1764293,0.1795141,0.1809129,0.1841957,0.1869309,0.1905334,0.1974783,0.2032449,0.2128007,0.2215762,0.2314894,0.247825,0.2590597,0.2814,0.298283,0.3158651,0.3294794,0.3421701,0.3564054,0.3683818,0.3980698,0.4304792,0.4326082,0.3925358,0.4004871,0.4016389,0.4193376,0.6080037,0.4508577,2.062094
513.291,-0.003753825,0.008240461,-0.006342103,0.008157307,-0.005714303,0.007428358,0.001903182,0.004832331,-8.076729e-4,0.005054872,0.004144137,-3.788025e-4,9.154353e-4,4.745955e-4,7.726629e-4,8.912439e-4,0.0010628,3.050182e-4,-8.371348e-4,6.340927e-4,-4.310763e-4,3.879092e-4,-2.473119e-4,0.002041021,2.879217e-4,6.482732e-4,0.001282226,4.466591e-4,0.001262125,-6.204253e-4,-4.089124e-4,0.001258833,0.001442402,0.002616746,-5.956283e-4,-0.001949614,0.001151278,0.002581612,3.76775e-4,-7.502112e-5,0.003996789,2.958284e-4,-7.517741e-4,-5.073295e-4,-0.003456836,0.001434859,-0.001055406,-0.001020078,0.001418141,0.001193707,0.001277424,2.490058e-4,-0.002653634,0.001923027,0.001375016,0.002126457,3.807084e-4,8.111444e-5,6.822618e-4,3.404747e-5,-6.147098e-4,-8.067706e-4,9.567444e-4,0.001323674,0.001390521,6.960764e-4,-0.00130076,3.099872e-4,6.555798e-4,0.001058159,0.001373027,3.30993e-4,4.392652e-4,0.001036819,0.001083355,5.490967e-4,-2.778687e-4,-2.71588e-4,2.422439e-4,0.001921598,-6.02449e-4,3.170516e-4,-3.272508e-4,9.169603e-4,3.289023e-5,7.751398e-6,-8.06213e-4,0.001492784,0.00158375,6.372824e-4,6.401117e-4,0.001090691,8.371486e-4,0.006075135,0.03202695,0.0607546,0.04754478,0.01960746,0.005603586,0.005460966,0.006608074,0.007738037,0.008939835,0.01043781,0.01171486,0.01325377,0.01497139,0.01683044,0.01911777,0.02114792,0.02361514,0.0255159,0.02748861,0.03012586,0.03293727,0.03526045,0.03893401,0.04229507,0.0466942,0.05140642,0.05788494,0.06191801,0.06764203,0.07250614,0.07724636,0.08266206,0.08916735,0.09481012,0.1019716,0.1086715,0.116078,0.1223067,0.1294153,0.1364457,0.1416583,0.1466925,0.1519357,0.157206,0.1610516,0.1665163,0.1694648,0.1733389,0.1763598,0.1792816,0.1794459,0.1816602,0.182379,0.1822765,0.1803947,0.1802391,0.1779198,0.1797187,0.1771287,0.1774416,0.1760437,0.1754618,0.1751642,0.1730523,0.1727459,0.1704396,0.1731799,0.1726834,0.1726037,0.1749497,0.180465,0.1809468,0.18727,0.1902722,0.1980496,0.2074543,0.2135052,0.2297787,0.2375124,0.2570929,0.2721748,0.2884784,0.3043424,0.3221207,0.3266248,0.3382544,0.360321,0.3886342,0.4101417,0.387351,0.3780125,0.4214735,0.4249114,0.4220358,0.5096016,0.9283434,0.06971484
515.623,-0.005520963,-0.002209731,9.600241e-4,1.923083e-4,1.93234e-4,0.004294395,0.001891022,-0.001274764,-1.6029e-4,7.28735e-4,-0.004674178,-0.001381447,-0.001271416,-2.594133e-4,-0.001530335,-0.001939741,-0.001192323,-8.683186e-4,7.836884e-4,1.222077e-4,-3.385726e-4,-3.648469e-4,-0.001390987,4.550929e-4,-2.414458e-4,-3.812854e-4,-4.524053e-4,-8.036523e-4,-8.762376e-4,-0.001242287,-7.547342e-4,0.00206601,-0.003944364,-0.002089056,0.001280816,5.869355e-4,-9.070037e-5,0.002290663,-0.002282349,0.002207808,-0.002188313,-0.002513501,-0.001025948,-0.002569109,0.002968719,0.001347842,0.001899901,-0.002064245,8.611014e-4,9.058884e-6,0.001979208,1.166599e-4,7.542368e-4,-8.309874e-4,0.001331104,-4.707877e-4,7.417621e-4,0.002317951,9.665217e-4,2.359562e-4,5.884718e-4,-3.746656e-5,4.865321e-4,-0.001540485,2.094595e-4,1.519722e-4,-5.509546e-4,-6.019405e-4,-5.29881e-4,-1.098775e-6,4.465611e-5,-0.001071332,-1.121445e-4,4.638194e-4,7.471147e-4,2.212819e-4,0.001529823,-1.693281e-4,-3.651089e-4,3.693903e-5,9.637151e-4,-5.571029e-5,-2.383746e-4,-5.402061e-5,8.663595e-4,-8.862078e-4,-5.601568e-4,8.278699e-4,3.427968e-4,0.001035625,0.001120557,0.001000271,0.003874016,0.02735727,0.05784204,0.05357981,0.02103543,0.006084325,0.004859672,0.006104185,0.006779418,0.008264618,0.009138198,0.01019233,0.01179096,0.01394952,0.01559992,0.01792184,0.01938043,0.02123013,0.02313136,0.02593929,0.02760892,0.03051018,0.03296053,0.03533283,0.03929434,0.04277765,0.04660655,0.05223067,0.05500943,0.06157012,0.06515646,0.07201544,0.07612771,0.08072543,0.08739788,0.09441179,0.09895459,0.106726,0.1128569,0.1197733,0.1268481,0.1317617,0.138587,0.1417187,0.1482816,0.1518724,0.1561267,0.1608593,0.163901,0.1665568,0.1704471,0.1715638,0.1740278,0.1746174,0.1754363,0.1745399,0.1732208,0.1724058,0.1728164,0.1722705,0.1722394,0.1718339,0.171086,0.169531,0.1674629,0.1667069,0.1667715,0.1664543,0.1665362,0.1672452,0.1671465,0.1705595,0.1738186,0.1769221,0.1788308,0.1870355,0.1920381,0.1963851,0.2081558,0.2200086,0.230803,0.2445222,0.2645905,0.2790828,0.2970276,0.304948,0.3177048,0.3321135,0.3561497,0.3849229,0.3873466,0.3586947,0.3587178,0.3791464,0.3838961,0.4240057,0.4853369,0.7553903,0.8770406
517.956,-2.031118e-4,-2.14089e-6,-0.003320334,0.002126539,-0.005302669,-0.005056994,-0.001120856,-0.005561128,-0.004204991,1.523369e-4,-0.002991816,-0.001608398,5.403122e-4,-4.33639e-4,-0.001043275,-0.003075098,-0.001741066,-0.001598134,0.001105896,-7.149504e-4,0.001051337,9.276872e-4,-1.698424e-4,-7.432612e-4,-2.018616e-4,-8.370903e-4,8.901595e-4,-5.820739e-4,-0.001034077,-8.191998e-4,0.001246028,-0.001417865,-0.00229104,7.527435e-4,-6.045807e-4,8.152658e-4,-0.003262404,-0.001038479,-0.001816555,-0.003534377,-0.002273887,-0.004851442,-8.25819e-4,0.001136197,3.574533e-4,0.001930658,3.382468e-4,-4.217784e-5,-0.001216341,0.001269174,-1.984691e-4,-3.169975e-4,-3.94487e-4,4.331736e-5,-4.790768e-4,-0.003177335,-5.012669e-4,-7.177846e-4,-0.002727831,-0.001101664,-8.733307e-4,-5.005179e-4,-6.788076e-4,-0.002028652,-2.296736e-4,-1.308205e-4,-7.769877e-4,-9.615011e-4,2.164064e-4,-9.327438e-4,-0.001759467,0.001007248,8.813653e-5,-7.153997e-4,-1.474439e-4,-6.139397e-4,-9.108465e-4,2.083515e-4,-6.10067e-5,-9.439632e-4,-9.21048e-4,5.651333e-4,2.445282e-4,3.667983e-5,-0.001330352,-5.483624e-4,-5.863197e-4,7.462578e-4,4.987491e-4,7.852546e-4,-6.613975e-4,7.73144e-4,0.01940972,0.06088708,0.05736619,0.02432527,0.007302642,0.004478644,0.004822042,0.006183453,0.006786128,0.008294694,0.009885913,0.01046472,0.01245305,0.01422807,0.01583944,0.0179769,0.01961767,0.02197733,0.02416259,0.0252601,0.02793165,0.03053782,0.03312054,0.03541673,0.03898286,0.04201062,0.04657439,0.05145523,0.05538721,0.06058215,0.06417973,0.07074167,0.07449737,0.07950581,0.08567421,0.09098149,0.09730068,0.1030839,0.1100192,0.1158386,0.1224431,0.1274575,0.1312996,0.1378794,0.1419115,0.1471992,0.1517374,0.1541573,0.158979,0.1617473,0.1633361,0.1658723,0.1669862,0.1675554,0.1673739,0.1687276,0.1689157,0.1669999,0.1666376,0.1675651,0.1663926,0.1640383,0.1646904,0.1636689,0.1615026,0.1586199,0.1616505,0.1597801,0.1614407,0.1612368,0.1639648,0.1643345,0.1673476,0.1710275,0.1733718,0.1806212,0.1882366,0.1922595,0.2006635,0.21058,0.2244531,0.2395346,0.2552165,0.2697996,0.2886135,0.3003368,0.3051116,0.3242053,0.3606593,0.3750974,0.3559411,0.3509617,0.3568323,0.32463,0.3810095,0.3778989,0.4120792,0.3563942,0.9086076
520.289,-0.003925667,-0.01338779,-0.01168913,-0.004556157,-3.71011e-4,-0.007189162,-0.002625234,-0.003050061,-0.002258304,5.813975e-4,-0.003208255,-9.10321e-4,-0.002162691,-0.001469147,-0.001525167,-0.001755947,-0.001100329,-0.002622201,-0.001546601,-0.002620699,-6.339878e-4,4.784233e-5,-0.001133136,-8.871466e-4,6.662842e-4,2.2337e-4,2.519872e-4,-3.615793e-4,-0.001785889,-7.145051e-4,-0.001916522,-0.004180039,-0.003154282,-7.185458e-4,-0.006738843,-0.002173389,-0.002854887,-0.001037545,-9.033487e-4,-1.746674e-4,-0.001452905,-6.215617e-4,-0.001481572,1.065261e-4,5.139567e-4,1.570181e-5,-0.00154658,-0.001907958,1.295226e-5,1.217377e-5,-0.001039505,-1.694194e-4,0.001844714,-2.214464e-4,-3.438122e-4,5.769082e-4,-0.002340407,-0.001522039,-6.943009e-5,-3.445954e-5,6.956985e-4,-0.001886366,-0.001138041,-9.83694e-4,4.682972e-4,2.556229e-4,-5.965671e-4,-4.615467e-4,-0.001881784,-1.28498e-4,-8.966992e-4,-4.678676e-4,-6.170205e-4,-4.108513e-4,-7.784132e-4,-6.11888e-4,-4.159588e-4,-0.001341343,-6.672846e-4,-9.761236e-4,3.599476e-6,-8.298751e-4,-7.481373e-4,-4.625739e-4,2.054456e-4,-0.00029962260000000003,-3.910765e-4,-4.153821e-4,3.697547e-5,3.394334e-4,2.848039e-4,0.01017408,0.04894032,0.06582334,0.0313645,0.008996594,0.003794627,0.003876969,0.004584402,0.006434308,0.006745641,0.008224497,0.009835433,0.01104826,0.01264114,0.01491351,0.01569769,0.01798314,0.02047449,0.02193902,0.02363057,0.02604775,0.0277993,0.03038835,0.03281282,0.03554355,0.03908746,0.0426562,0.04601184,0.05159556,0.05500681,0.05957225,0.06432879,0.0678843,0.07307594,0.07877094,0.08404887,0.08900365,0.09394022,0.1012735,0.1060818,0.112824,0.1188478,0.1235227,0.1273507,0.1344976,0.1371255,0.1416563,0.1456098,0.1502034,0.1528479,0.1547168,0.1586501,0.159209,0.1615731,0.163659,0.1619303,0.1617751,0.1609543,0.1608486,0.1614701,0.1602002,0.1594922,0.158806,0.1587617,0.1563054,0.1562588,0.1554277,0.1542001,0.1533734,0.1548089,0.1555852,0.1568163,0.1571534,0.1602607,0.1631811,0.169458,0.1738458,0.1787048,0.1873598,0.1965928,0.2079697,0.2166671,0.2306255,0.2488101,0.2637736,0.2780973,0.2870682,0.29528,0.3167125,0.3452772,0.34292,0.3323815,0.34916,0.3409643,0.3407096,0.3394769,0.2357206,0.1792155,0.2974222,0.1562089
522.623,-0.004713244,-8.006079e-4,-0.002587716,-0.006664193,-0.007770253,-0.004663728,-3.715913e-4,8.866851e-4,0.002269285,-0.002433711,-0.001542455,-0.001063756,0.002184258,7.515585e-4,-8.547295e-4,-0.001048145,-0.001830139,2.994661e-4,0.001428133,-7.774995e-4,-0.00256192,-0.00132748,-9.198086e-4,-4.737294e-4,-1.661723e-4,-5.168204e-4,-0.001266382,-1.041559e-4,-0.00170343,-0.001805171,-0.00267584,-0.001600228,2.325745e-4,0.001250833,-0.002984685,0.001848121,9.262131e-4,-0.001704957,0.001461865,-0.001255349,8.434899e-4,-0.001692393,-0.001912385,-3.357287e-4,-0.001165777,1.024755e-4,-0.001872836,0.001523272,0.001409384,-0.002047908,-0.001945304,-0.004987775,-0.001437857,-6.851302e-4,-0.001584142,-2.800533e-4,-3.960001e-4,2.465952e-4,-5.765224e-4,3.281353e-4,-0.002334789,0.00078528789999999995,-0.001391632,1.130497e-4,-3.364916e-5,6.400419e-4,-0.00116519,-0.001689614,-1.914773e-6,-8.509005e-5,-0.001140084,5.247394e-4,-9.292651e-4,-0.001021714,6.688948e-4,-0.001049509,-0.001158723,-2.74195e-4,7.254884e-5,-9.505707e-4,3.48191e-6,-4.308763e-4,-1.48468e-4,-0.001078489,9.167017e-5,3.682238e-5,6.389228e-4,4.840868e-4,2.439043e-4,2.419855e-4,0.007160523,0.03887331,0.06940375,0.04745428,0.01381025,0.003948635,0.003750935,0.004579346,0.005421627,0.006656206,0.008060123,0.008286169,0.01059286,0.01103524,0.01395817,0.01469446,0.01628006,0.01788234,0.02049695,0.02270885,0.02417141,0.02600692,0.02826672,0.03032729,0.03290134,0.03534909,0.03849761,0.04200697,0.04587391,0.05030955,0.05434443,0.05980522,0.0637607,0.06869139,0.07123961,0.07739899,0.08137616,0.08728356,0.09149731,0.09970207,0.1035424,0.1087373,0.1148399,0.1208729,0.1257968,0.1285991,0.1330661,0.1375002,0.1390649,0.1443462,0.1468288,0.1505331,0.1544086,0.1547865,0.1554009,0.1567445,0.1583813,0.1562302,0.1549703,0.1559563,0.1557234,0.1546939,0.1522796,0.1526599,0.1526178,0.1512747,0.1505746,0.150599,0.1489502,0.1483874,0.1513154,0.150054,0.1521873,0.1528254,0.1565167,0.1600223,0.1645426,0.1672596,0.1735725,0.1825285,0.1902654,0.2019058,0.2125789,0.2246529,0.2408465,0.256573,0.2710117,0.2832585,0.2963191,0.3133399,0.3396151,0.3157448,0.3199416,0.3203342,0.3204032,0.3389663,0.2800658,0.3906187,0.2560102,0.517051,-0.2591647
524.958,1.878037e-4,-0.004374361,7.526262e-4,0.002104118,0.00529005,9.656876e-4,9.430449e-4,-0.003918794,0.00676704,-7.072066e-4,0.002552691,0.001089353,-0.003270097,-0.00135803,-0.001895651,-0.001745298,-0.002060324,8.414589e-5,5.82387e-4,1.721153e-4,-0.001221515,-1.157494e-4,7.508432e-4,-9.823644e-5,5.570411e-4,3.920235e-4,-2.397883e-4,-3.252658e-4,-0.001485219,8.329596e-4,0.001989208,9.88836e-6,-0.002486341,-0.001201775,0.001761065,-6.788993e-4,0.001944239,1.915865e-4,-2.652793e-4,8.237692e-4,-0.002723274,-6.105647e-4,0.001615026,-0.001094495,8.442682e-4,-4.817157e-4,0.002121923,-0.00236864,6.367039e-4,-3.56811e-4,0.001961413,-1.686666e-4,0.002095569,0.001977343,8.531554e-4,0.002411756,4.965494e-4,4.177252e-4,0.001515954,1.771316e-4,4.781454e-4,9.965932e-6,2.890354e-4,4.580398e-4,0.001188977,2.538181e-4,0.001272478,5.811966e-4,-1.345063e-4,2.48109e-4,5.774478e-4,6.031196e-4,7.02749e-4,-2.217611e-4,-0.001107352,-6.92557e-5,-5.913424e-4,-0.001093933,-0.001098576,-1.599595e-4,-9.141079e-5,-4.570713e-4,-0.001492388,9.491051e-5,3.777056e-4,1.188084e-4,7.454944e-4,0.001714672,0.001012005,0.004713286,0.0305163,0.07237347,0.06064055,0.02003837,0.004080976,0.0047688,0.003577487,0.004887673,0.005889869,0.007491549,0.009064031,0.009404138,0.01103981,0.01225674,0.01409975,0.0150838,0.01714501,0.01843131,0.02106781,0.02254322,0.0242615,0.02661838,0.02799594,0.03088152,0.03245956,0.03530255,0.03876682,0.0413194,0.04484875,0.04926865,0.05413256,0.05752638,0.0630678,0.06676672,0.07113292,0.07524298,0.08011383,0.08556829,0.08938654,0.09482073,0.1005939,0.1060741,0.1110303,0.115861,0.1206306,0.1252952,0.1270561,0.1332257,0.1362479,0.1395367,0.1401725,0.1452949,0.1480523,0.1485151,0.1492545,0.1503132,0.1506694,0.149892,0.1483486,0.1483082,0.148952,0.1485533,0.1471789,0.148705,0.1463807,0.1452997,0.1446589,0.1446029,0.1443479,0.1439004,0.1452753,0.1472817,0.1474166,0.1484113,0.151067,0.1539965,0.1577607,0.1627134,0.1707012,0.1758246,0.1848929,0.1926725,0.2040588,0.2182745,0.232425,0.2508453,0.2606242,0.2704531,0.2878244,0.3161406,0.3188774,0.31201,0.2960965,0.3041155,0.3180599,0.3231828,0.312853,0.2745762,0.2652008,0.3326354,1.292671
527.293,5.786928e-4,0.003576862,0.002612658,0.006834457,0.005671357,0.01237482,0.005058847,0.005307465,0.004673636,0.008141492,0.002331499,-6.874601e-4,0.001729191,4.649301e-4,0.001618504,0.002106124,-7.780242e-4,0.001753706,0.00308899,8.990217e-4,0.00251405,-5.317345e-4,0.001923381,-1.965608e-4,-9.869665e-5,4.64505e-4,-2.036665e-4,0.001026639,8.762562e-4,0.00186748,0.001580318,0.002756322,0.007509604,0.003324376,0.003002241,0.002064341,0.00347922,0.002552632,5.501994e-4,0.003994696,2.822923e-4,0.001903061,-3.110987e-4,0.002496122,0.001943414,0.001418158,-1.550235e-4,6.684953e-4,0.0038565,0.002723091,0.001610282,2.385211e-4,0.002215734,7.038138e-4,0.002322119,-6.47741e-4,0.002377691,0.002534763,5.65823e-4,0.001351923,0.001986266,0.002380407,9.789036e-4,0.00115685,-8.194847e-4,0.001452535,6.250918e-4,4.43886e-4,8.22615e-4,0.001298491,-1.990189e-4,7.582053e-4,0.001787829,0.001366862,0.001625896,3.856003e-5,0.001725209,8.932201e-4,7.085211e-4,9.854581e-4,-2.5185e-4,6.220123e-4,0.001112519,0.001609525,3.18275e-4,0.002105393,0.001715611,0.002033817,0.00354698,0.02486953,0.06739277,0.06624009,0.02823772,0.007020149,0.003626322,0.004811057,0.005073603,0.00586798,0.006616922,0.007834116,0.008559262,0.009147147,0.0107362,0.01243436,0.01430232,0.01589315,0.01730864,0.01979249,0.02162215,0.02320361,0.02467627,0.02648757,0.02810054,0.03077087,0.03299581,0.03528646,0.03815945,0.0416549,0.04569946,0.04996617,0.053088,0.05764951,0.06200337,0.06470551,0.07001738,0.07386471,0.07837854,0.08256441,0.08787262,0.09314353,0.09926221,0.1042186,0.1092858,0.1135345,0.1168873,0.1218049,0.1257949,0.128394,0.1326318,0.1345369,0.1376073,0.1403173,0.1424401,0.1438185,0.1446716,0.1458753,0.1447473,0.1452623,0.1451095,0.1427121,0.1439251,0.1423718,0.1432015,0.1423472,0.1411164,0.1404863,0.1395848,0.1393044,0.1386497,0.1402247,0.1399282,0.1407732,0.1417908,0.1450147,0.146284,0.1505241,0.1533345,0.1612876,0.1660322,0.1704355,0.1792887,0.1894793,0.1968848,0.2132114,0.2259286,0.2433142,0.2545034,0.2640562,0.2888968,0.3029589,0.3120061,0.2940483,0.3005623,0.3125202,0.3236831,0.3023518,0.3383242,0.3214015,0.5796761,0.8950738,1.743285
529.629,-6.735033e-6,-0.002985453,9.377676e-4,0.00210988,-0.00433117,-0.003480847,-0.004852959,-0.006761432,-0.005628622,-0.004554972,9.003198e-4,-6.803022e-4,-0.003650409,-4.430793e-4,-0.001610408,-0.001832375,-0.003081326,4.437445e-4,-6.352386e-4,-0.002276614,-0.001370262,-8.191654e-4,-3.519571e-4,-6.074734e-4,-3.766379e-4,1.841657e-4,-4.506328e-4,-0.001566289,-6.981622e-4,-0.002156086,-0.001085281,7.161398e-4,-0.003142785,-0.001824792,-0.001599069,-0.001593936,0.001231052,-0.001600418,-0.001446119,0.00164277,-0.004452202,-0.001327286,0.001181198,-0.001860451,-0.002157696,-0.002798575,1.726711e-4,0.001513628,-0.002905388,0.002645522,-0.0020143,7.681472e-4,-5.580667e-4,-0.002080564,-6.588533e-4,3.945936e-4,2.035298e-4,6.486672e-4,0.001128003,9.815226e-4,1.210211e-4,1.123328e-4,-4.783226e-4,-6.417685e-4,1.199981e-4,5.488639e-4,5.247359e-4,-0.00199597,-9.161012e-4,-1.706863e-4,-6.460112e-4,-8.240247e-4,-6.916947e-4,3.821106e-4,2.963151e-4,-4.643226e-4,-5.198333e-4,1.396877e-4,-2.282222e-4,-4.489043e-4,0.001114137,-1.173686e-4,7.816277e-4,-2.260342e-4,9.743234e-4,3.963252e-4,5.054404e-4,7.81849e-4,0.01506141,0.06075156,0.07688314,0.03732013,0.009823158,0.003417515,0.0027748820000000002,0.003914824,0.005031861,0.005882834,0.00624405,0.007014333,0.008116481,0.009832368,0.0110134,0.01209593,0.01333374,0.01506067,0.01727193,0.01902905,0.02060376,0.02264611,0.02451828,0.02597554,0.0278927,0.03000734,0.03242321,0.03474028,0.03744321,0.04082037,0.04393265,0.04859694,0.05264367,0.05640564,0.05909943,0.06398589,0.06800311,0.06989885,0.07667496,0.07999165,0.08394472,0.08990466,0.09578007,0.1005289,0.104228,0.1090763,0.112269,0.1173165,0.1199488,0.1238198,0.128428,0.1297916,0.1313539,0.1354897,0.1370824,0.1380821,0.1391651,0.1403325,0.139635,0.136282,0.1380876,0.1386493,0.1370388,0.1371242,0.136277,0.136138,0.1364708,0.1342569,0.1337229,0.1325536,0.13362,0.1332341,0.1349542,0.1353065,0.137611,0.1381964,0.1420649,0.1436599,0.1460659,0.1520789,0.1576611,0.1645087,0.17219690000000001,0.1829563,0.1911754,0.2289284,0.21896090000000001,0.2287828,0.2419751,0.2622026,0.2816779,0.3000852,0.2860663,0.2800375,0.2800187,0.2893852,0.2779269,0.2999793,0.2459072,0.317146,0.2385619,-0.01762585,-0.4017594
531.966,0.008405488,0.002189697,0.00260208,0.004220745,0.006811143,5.80434e-4,0.006935463,0.008172666,0.005804782,0.004719393,0.001549733,0.002858793,-8.197851e-4,0.004048901,1.776308e-6,6.153167e-4,0.002800339,0.002629181,0.002320312,2.836612e-4,0.002075705,0.001084073,3.233422e-4,8.258036e-4,4.892586e-4,-5.955691e-4,0.002568432,0.001063217,8.551837e-5,0.002018494,-7.500769e-4,-5.315001e-4,0.002946486,0.004920097,0.006990826,0.001492723,0.002553035,0.003499717,0.005453325,0.00145716,7.456078e-4,0.002346226,0.001680636,0.001213027,7.621006e-4,0.004308365,-0.001221423,0.001046527,0.005550704,9.474612e-6,0.002663397,0.001580327,0.002744409,0.004370255,2.043734e-4,0.001788491,0.003079458,0.002702748,0.002053941,0.001461254,0.001002021,1.690757e-4,0.003158196,0.003193045,0.00123606,8.80913e-4,3.356611e-4,4.012778e-4,5.640757e-4,0.001299928,-1.659849e-4,9.174391e-4,0.001711466,4.94586e-4,6.293758e-4,0.00108528,7.423546e-4,2.081035e-4,0.001745733,1.653624e-4,5.117892e-4,0.0015781,8.12972e-4,0.001317433,7.479113e-4,7.276663e-4,0.001702776,0.0101275,0.05364576,0.0844183,0.05388623,0.0131137,0.004248436,0.003826744,0.005182035,0.005412516,0.005786931,0.006797322,0.007352594,0.008271233,0.009503212,0.01021587,0.01133783,0.01280275,0.01419003,0.01601389,0.01753794,0.01941541,0.02146221,0.02298895,0.02511231,0.02667734,0.0281341,0.03030754,0.03234727,0.03460165,0.03774253,0.04059314,0.04367234,0.04837744,0.05290939,0.05661265,0.05945229,0.06268984,0.06585724,0.07049422,0.07493811,0.07911818,0.0833826,0.08757907,0.09195097,0.09777466,0.102109,0.1062918,0.1104255,0.1132875,0.117551,0.119873,0.1226756,0.1266625,0.1282356,0.1300766,0.1320767,0.1338938,0.1339758,0.1362891,0.1351399,0.1343848,0.1334461,0.134904,0.1327424,0.131501,0.1323796,0.1330755,0.1320764,0.1321957,0.1303134,0.1306252,0.1297616,0.1304124,0.1320797,0.1320597,0.133872,0.1350615,0.1395244,0.141785,0.1449269,0.1468785,0.1568169,0.1606139,0.1683359,0.1764024,0.1849735,0.1948016,0.2131396,0.2273653,0.2365465,0.2588793,0.2868294,0.2875289,0.2770632,0.2817427,0.2848127,0.287104,0.3036999,0.2910652,0.3403592,0.3402667,0.4800791,0.8259008,2.066076
534.303,-0.00942909,0.002598282,-0.002024528,-0.002800158,-0.003405534,0.009918395,0.004713046,1.571731e-4,0.003405779,0.003021966,0.001231237,-9.903203e-4,5.480789e-4,-0.001928891,-1.872423e-4,0.00387985,8.792193e-5,-0.00255463,-2.521901e-4,-1.581862e-4,5.558481e-4,-8.258143e-4,-0.001419745,-4.043543e-4,4.318213e-5,-9.189153e-5,-0.001264577,3.754145e-4,-8.721641e-4,-4.247493e-5,-6.13072e-4,0.001346259,-0.002171442,0.002983232,-0.001354996,-0.001255639,0.002779007,0.001900615,0.004659211,4.704082e-4,0.001670123,-8.06136e-4,-0.00138208,-3.294307e-4,0.001358389,-0.003731997,-0.002775277,-0.003011858,-0.001848804,3.063629e-4,-5.50213e-4,-0.00182701,-0.001306542,-0.001358173,1.528817e-4,0.001685168,-0.001255812,3.049843e-4,-5.207821e-4,-2.588155e-4,-3.488377e-4,-0.001106953,-5.862671e-4,0.001812084,3.604192e-4,4.92645e-4,-7.159484e-5,8.13519e-4,-5.2806e-4,-0.001015791,3.738893e-4,-0.00106582,4.783671e-4,-3.230439e-5,-4.078425e-4,2.593068e-4,-9.16878e-4,-0.00106417,1.39686e-4,-3.528244e-4,-3.773281e-4,9.995369e-4,-2.440385e-5,-1.630958e-4,4.406787e-4,9.823518e-5,0.004564377,0.03825135,0.08528,0.06619296,0.02169877,0.003484836,0.002083172,0.003303144,0.00397917,0.004095189,0.005254474,0.006029554,0.006833691,0.007329284,0.009299544,0.01053732,0.01189331,0.01304871,0.01430593,0.01632868,0.01768424,0.0196863,0.02071743,0.02284232,0.02437723,0.02624244,0.0278385,0.0298572,0.03231608,0.0338353,0.03696016,0.03870776,0.04325878,0.04698257,0.05064862,0.05437077,0.05870648,0.06084915,0.06511791,0.06977635,0.07255953,0.07758163,0.08182144,0.08526987,0.09028655,0.09522645,0.09841467,0.1027916,0.1070116,0.1093628,0.1133581,0.1157893,0.1187096,0.1210968,0.12527750000000001,0.1260411,0.1271673,0.1298348,0.1282702,0.1299669,0.1288233,0.1289492,0.1301072,0.1288713,0.1275149,0.1274709,0.127898,0.126994,0.128272,0.1255456,0.1247506,0.1254482,0.125588,0.1268733,0.1259312,0.1278429,0.1291732,0.1299393,0.1335262,0.1345542,0.1402116,0.1445175,0.1485063,0.1563172,0.1622266,0.1717989,0.1824147,0.1904273,0.2086363,0.2168185,0.2309938,0.2510247,0.2784137,0.2680491,0.259638,0.2656465,0.2618536,0.2709666,0.2801422,0.2873749,0.2816782,0.2814298,0.3524404,0.4408917,0.6696206
536.641,5.847598e-4,-0.003023601,-0.005981509,0.001614462,0.002304353,0.01155424,-0.002453457,-0.002173482,0.002939168,5.841575e-4,-0.001779046,-0.001083121,-5.222471e-4,3.877024e-4,4.832976e-4,-3.487331e-4,0.001142755,-0.002129988,0.001566906,4.580086e-4,-0.001686888,-2.013235e-4,2.549375e-4,9.372345e-4,-0.001679604,5.009995e-4,-3.172435e-4,1.495101e-4,4.586689e-5,2.660497e-4,-2.696549e-4,-0.001973543,1.137171e-5,2.621826e-4,-0.002495419,0.00151343,-0.002264421,9.856433e-5,9.227438e-4,0.002399216,-0.001466463,-1.739763e-4,-0.001747343,2.649202e-4,6.927839e-4,-2.360898e-4,0.00313762,0.00227066,9.520482e-4,-0.002070879,9.256409e-4,0.001896752,-3.422984e-4,-3.338892e-5,0.002551929,0.002447978,0.002416584,0.001172549,6.868161e-4,0.001201367,-4.505177e-4,-9.593768e-4,2.215648e-4,-0.001398843,-5.367803e-4,0.001364508,1.579301e-5,4.487831e-4,4.815706e-4,-1.297153e-4,8.649752e-5,0.001132994,0.001925872,-1.112044e-4,-8.222096e-4,7.705848e-4,4.000293e-4,-6.562653e-5,2.758952e-4,2.371391e-4,7.037168e-5,6.003067e-4,-8.449316e-5,3.360009e-4,9.04708e-4,0.001756085,0.02220658,0.07605839,0.08198895,0.03199971,0.006083273,0.003348795,0.003201454,0.002996431,0.004189559,0.004526325,0.00546518,0.006668249,0.007258579,0.001921575,0.009015652,0.01088935,0.01201888,0.01334341,0.014727,0.0170603,0.01795386,0.01920996,0.02156589,0.02278646,0.02476942,0.02606786,0.02808776,0.03032188,0.03204878,0.03348004,0.03620984,0.04007663,0.04293063,0.04699928,0.05011923,0.05232878,0.05746698,0.06056375,0.06261824,0.06705091,0.07136768,0.07518095,0.07949585,0.08359392,0.08733316,0.09287868,0.09816554,0.1005896,0.1033228,0.1067826,0.1108138,0.1132352,0.1154596,0.118548,0.1199797,0.1223427,0.1234987,0.1244909,0.1253866,0.1262777,0.1266351,0.1252029,0.124781,0.1245921,0.1236758,0.1238722,0.1243758,0.1238898,0.1223942,0.1213595,0.1235358,0.122099,0.1218279,0.1219857,0.1232353,0.1246916,0.1243878,0.1259251,0.1295159,0.132449,0.1362257,0.1427969,0.1473374,0.1508688,0.15965,0.1680498,0.1758621,0.1890905,0.2011968,0.2144664,0.2332785,0.252959,0.2628594,0.2563524,0.2543632,0.2544967,0.2621003,0.2763588,0.280839,0.2906491,0.2700555,0.2861759,0.2753815,0.04350327,1.449149
538.979,-0.001797982,-0.002031998,-0.006580076,-0.003016396,0.001159789,-0.009861943,-0.007811958,-0.004181425,-1.599653e-4,-2.802636e-4,-6.638833e-4,-0.001002936,-0.002495932,-0.002612017,-0.001932019,-0.003117808,-8.713838e-4,0.002538508,-0.002746904,-5.576326e-4,7.727245e-4,-0.001002286,-2.099348e-4,-0.001347447,6.472673e-4,8.304688e-4,-9.242011e-4,5.273676e-4,-2.053013e-4,-4.123599e-4,-6.249669e-5,2.781305e-4,0.001227805,-0.004592021,-0.00377943,-0.002670954,-0.002382958,-0.001729614,-0.002765022,9.37456e-4,-0.003425576,7.605872e-4,-6.690781e-4,-7.670606e-4,-4.925124e-4,-7.311318e-4,0.00216791,-0.001753627,3.294122e-4,-0.00155523,-0.002614521,-0.00233704,4.106959e-4,0.001176188,-0.001206065,-0.003584404,-0.002724078,-0.002072037,-0.001712661,-0.003019375,-5.658676e-4,-0.001389466,-0.001276074,-0.001508796,-6.264428e-4,7.060399e-5,-2.160456e-4,-4.688616e-4,-1.824024e-4,-0.001031881,-7.447421e-4,-7.242758e-5,1.629715e-4,-8.419199e-4,-6.014204e-4,-3.280939e-4,-6.028306e-4,-0.001463404,-2.002099e-4,-9.007374e-5,4.155487e-5,5.433337e-4,4.66605e-4,4.309964e-4,5.544571e-4,0.01270208,0.05357953,0.08064374,0.04178453,0.007492068,0.0034129299999999998,0.00268438,0.003359579,0.003457262,0.00451753,0.005247767,0.005365673,0.007204739,0.007490241,0.008721748,0.009396919,0.01039035,0.01126363,0.01311996,0.01438248,0.01678064,0.01761794,0.01910638,0.02100443,0.023091070000000002,0.02439226,0.02597572,0.02779003,0.03009336,0.03127524,0.03345423,0.0368638,0.0394946,0.04305285,0.04596585,0.0491154,0.05193781,0.05582958,0.05878444,0.06186547,0.06626673,0.06911797,0.07418749,0.07783959,0.08255139,0.08654778,0.08997505,0.09314552,0.0979192,0.1009638,0.1042372,0.1071025,0.1097056,0.1102842,0.114272,0.1168131,0.1180996,0.1198119,0.1219703,0.1210049,0.12091,0.1214298,0.121199,0.1213787,0.1203318,0.120507,0.1195817,0.1195345,0.1191118,0.1198681,0.1182216,0.1176742,0.1190585,0.1178303,0.1175138,0.1183937,0.1208998,0.1202399,0.1226893,0.1267825,0.1296652,0.1316727,0.1377465,0.1417275,0.1483922,0.1561834,0.1622891,0.1682234,0.1840779,0.1936873,0.2061437,0.2270382,0.2548376,0.2536674,0.2384699,0.2465026,0.254968,0.2419997,0.2535585,0.2603422,0.2557557,0.257337,0.2310297,0.1708723,0.3351724,-0.6442823
541.318,0.01139676,-0.002038988,0.004759428,0.001627315,0.002912778,0.003962688,0.00537326,-0.00201963,-3.250007e-4,0.001615151,0.003633905,-7.741917e-4,-5.298581e-4,-5.508889e-4,0.001659561,0.00161912,9.139529e-4,0.002697783,1.985913e-4,-1.635748e-4,0.002434395,0.002725685,2.967325e-4,9.467848e-4,-6.691989e-4,0.002237823,3.63473e-4,8.034508e-5,-2.061978e-4,9.082958e-4,0.001686951,0.002185802,0.004688292,0.004666505,2.698586e-4,-4.605801e-4,-0.001241612,2.939178e-4,0.004374752,-2.633864e-4,0.001988945,6.608408e-4,0.001268726,0.001504478,4.434875e-4,0.0020498,-3.27239e-4,9.125202e-4,0.001271322,0.002414513,-2.045163e-4,0.003220197,0.001574123,-4.442829e-5,0.002244341,8.560585e-4,0.00133825,0.00124187,-3.5634e-4,4.048233e-4,8.217205e-4,6.36786e-4,3.907622e-4,5.202114e-4,2.062e-5,1.591063e-4,0.001213316,-7.036568e-4,0.002223523,7.273613e-4,-2.893279e-4,-3.321356e-5,6.420217e-4,-4.233098e-4,0.001552721,5.219595e-4,0.002273835,-1.723067e-4,0.001032938,0.00161204,3.315062e-4,6.41623e-4,8.989971e-4,0.00205247,0.008965546,0.04019598,0.06587819,0.04888621,0.01222808,0.002638302,0.00273775,0.003575132,0.004859427,0.003717137,0.004666215,0.005395791,0.00619695,0.007485631,0.008489645,0.009341295,0.01006305,0.01144181,0.01273334,0.01392925,0.01522977,0.01640103,0.01786817,0.01978778,0.02133187,0.02297103,0.02471538,0.02589346,0.02768377,0.02921737,0.03175903,0.03381262,0.03614708,0.03891192,0.04079107,0.04504347,0.04851003,0.05135637,0.05396709,0.0577939,0.06157696,0.06432813,0.06790404,0.07151965,0.07519023,0.08015808,0.08428855,0.08796026,0.09280466,0.09369576,0.09774873,0.09930815,0.1034065,0.105539,0.1086817,0.1100903,0.1122874,0.1140307,0.1165103,0.1183547,0.1180408,0.1185771,0.1161355,0.1183229,0.1183769,0.1165502,0.1164446,0.1166654,0.1156531,0.1151453,0.1144999,0.1144392,0.1148688,0.1132666,0.1138644,0.1134204,0.1156221,0.1160481,0.1194544,0.1207208,0.1237522,0.1243791,0.1280326,0.1317214,0.1375023,0.1438162,0.1504298,0.1588119,0.1654573,0.1760889,0.1924689,0.2068909,0.2261773,0.2451927,0.2369819,0.2332752,0.2367924,0.2431814,0.2362916,0.2543431,0.2539506,0.2472429,0.2578175,0.3172091,0.2973284,0.2672494,1.942052
543.658,0.004201847,0.01020303,0.00912512,0.005580439,-0.001544683,0.001983665,-0.001336872,-0.001459542,0.006615103,0.003812366,0.002733362,0.001745868,-1.445401e-4,0.002938275,0.006242711,-9.863166e-4,2.478691e-4,0.004118744,0.002049233,4.047196e-4,2.09424e-4,0.001197719,-1.787884e-4,9.813604e-4,0.001285623,9.094971e-4,6.520369e-4,0.001091617,0.00132071,0.001440216,9.116555e-4,0.001007065,0.002015818,0.003028522,1.536456e-5,0.00551866,0.004399913,-9.668532e-4,0.00223661,2.916647e-4,0.003759838,7.492999e-4,0.001009072,0.002121479,0.002328359,3.43151e-4,-0.001164876,0.00147253,-3.122733e-4,0.001586317,-5.640735e-4,0.00155411,0.00143848,-0.001117065,0.001378454,-2.862787e-4,0.003391615,0.001844638,-9.925737e-4,0.001003886,1.246913e-4,0.002383819,0.00396247,5.745773e-4,-2.393749e-4,-1.795815e-4,4.456942e-4,6.925856e-4,-0.001518839,8.375254e-5,0.00113774,-1.15781e-4,0.001276892,0.001171044,9.860043e-4,7.065374e-4,-0.001218925,0.001409198,-4.066232e-4,7.415978e-4,4.071334e-5,9.594352e-4,0.00142331,0.007242812,0.03001167,0.06535027,0.05023336,0.01805876,0.003570273,0.001948003,0.003254966,0.004313944,0.004453678,0.004361434,0.00530767,0.005625179,0.006657477,0.006548678,0.008046478,0.008513149,0.01079821,0.01133182,0.0124631,0.01408668,0.0152618,0.01632224,0.01805362,0.01962116,0.02147239,0.02300209,0.02447292,0.02558662,0.02771826,0.02903238,0.03170244,0.03299279,0.03551096,0.03806369,0.04125781,0.04412267,0.04812921,0.04994733,0.05311795,0.05673082,0.05959681,0.06253154,0.06691862,0.06876766,0.07335659,0.07746239,0.07985848,0.08430173,0.08822947,0.09152441,0.09593509,0.09723712,0.1002219,0.1025966,0.1060998,0.1072901,0.1075401,0.1105335,0.1130919,0.1128424,0.1128684,0.1132019,0.1134378,0.1125923,0.1116684,0.111604,0.1124246,0.1116614,0.1111045,0.1118414,0.1096518,0.1112708,0.1114172,0.1098416,0.110819,0.1103952,0.1125804,0.1133746,0.1151332,0.1151777,0.1181315,0.1198167,0.1240065,0.1290852,0.1332479,0.1373801,0.1447079,0.1533011,0.1598718,0.1726756,0.1837235,0.2058976,0.2305707,0.2372266,0.2236764,0.2251805,0.2282479,0.2304364,0.2452776,0.2329327,0.250891,0.2596518,0.2545501,0.2670606,0.2595629,1.073054,2.114971
545.998,-0.005428635,-0.007367809,-0.005699609,-0.005747353,-0.01223464,0.00318331,-9.587771e-4,-0.001653051,-0.01010342,-0.005573658,-0.001017637,-0.002525054,3.224277e-4,-0.002263139,-0.003515225,5.432586e-4,-0.003434879,-0.003068281,-0.002378998,-0.00171361,-7.043625e-4,-8.021461e-4,-7.972048e-4,-3.489026e-4,1.107144e-4,-0.00133009,-0.002703527,-0.001158342,-0.001233314,-0.002438922,-0.00351297,-0.006204688,-0.005589795,-0.003899365,-0.00368617,-0.001993396,-9.33557e-4,-0.002135336,-0.003166182,-0.004462115,-0.002627108,-0.005623448,-8.747917e-4,-0.001310403,-0.002570592,-0.002448324,-0.004266943,-0.00179529,-0.002130011,-5.966957e-4,-0.001067239,-0.004621122,-0.002440035,-0.003512501,-0.001220936,-0.001306697,-0.002831166,-0.003790599,-0.001057308,-0.001362714,-0.001325985,-0.001771335,-0.003417449,-0.001166782,-0.001649498,1.086086e-5,-0.001850602,-6.554148e-4,-0.001925403,-0.001513251,-0.00218055,7.422474e-4,-0.001072123,4.337063e-4,-8.358052e-4,-0.001074581,-6.80688e-4,-7.358619e-4,-0.001199351,-0.001398703,-0.001265898,-2.092637e-4,0.001158684,0.02484933,0.05970221,0.05418358,0.0220703,0.003359001,0.00154025,0.002410692,0.002229424,0.002704282,0.003522837,0.003819551,0.00378834,0.005845302,0.006084615,0.007249444,0.007117984,0.009237824,0.01027106,0.01137654,0.01186574,0.01347379,0.01417214,0.01592694,0.01782328,0.01944798,0.02110246,0.02219005,0.02369315,0.02555183,0.02663722,0.02842901,0.03028488,0.03227541,0.03495978,0.03749842,0.0397702,0.04301208,0.04630488,0.04913257,0.05168617,0.05459128,0.05758129,0.05979558,0.06356573,0.06732136,0.06923695,0.07386467,0.0778105,0.08071424,0.08445339,0.0886014,0.0900511,0.09408429,0.09552319,0.09948677,0.1002876,0.1024427,0.1031956,0.1057851,0.1068097,0.1091538,0.1077577,0.1096227,0.1084339,0.10791100000000001,0.1066102,0.1081033,0.1063973,0.1067591,0.106659,0.1065692,0.1044931,0.105652,0.104613,0.1057982,0.106466,0.10603,0.1083202,0.1089298,0.1105309,0.1120764,0.1131742,0.1150425,0.1186756,0.1235868,0.1275873,0.1329135,0.1403773,0.1477452,0.1561661,0.1641419,0.1757473,0.2066066,0.2212338,0.2128905,0.2140214,0.2100149,0.2152482,0.2152605,0.2218819,0.226612,0.2136753,0.2199153,0.171561,0.2168171,0.1372731,0.402937,0.1751187
548.339,-0.002824629,0.002048644,-7.525719e-4,-0.003763906,0.007789039,0.009762972,-0.004232437,0.001447992,0.003988359,-0.00528886,0.002858827,9.570567e-4,0.002014927,0.003807273,0.001763572,0.006858768,5.95492e-4,0.002928446,-0.001917329,0.001559087,0.001435143,0.001973455,0.00212755,-3.038847e-5,-8.539083e-4,0.001559124,5.112901e-4,-0.001352805,4.755371e-4,9.638416e-4,0.002827021,0.005219523,-0.001332843,0.002542821,-4.956623e-4,0.002604527,0.005572529,0.002434235,0.001873441,0.002996189,0.001520339,0.001029072,0.001473245,5.331123e-4,6.133036e-4,0.002483142,0.002610091,0.001660058,6.419924e-4,0.001215408,0.001513467,-0.001033262,9.014681e-4,-8.409644e-4,4.81897e-4,-1.015993e-4,0.001292096,9.741785e-4,0.002522776,9.526944e-4,-5.241692e-4,-0.002145435,2.791365e-4,-0.00060191210000000005,-8.266396e-5,0.00192863,0.00150092,0.002974068,0.001206771,6.02794e-4,0.0018159,4.537925e-4,-4.29799e-4,8.622863e-4,-3.744627e-5,8.232476e-4,0.001527319,9.961655e-4,0.002181062,0.001055039,6.960494e-4,8.636937e-4,0.01497358,0.05945735,0.06439075,0.03275174,0.00649168,0.002397371,0.001989143,0.00361201,0.003121058,0.004785005,0.004493026,0.004909255,0.005779323,0.005913644,0.006606551,0.007468989,0.0091412,0.0094817,0.01047188,0.01208547,0.01237089,0.0137969,0.0156106,0.01658935,0.01818407,0.0190295,0.02045556,0.02235404,0.02352272,0.02494596,0.02666399,0.02859209,0.03011571,0.03177728,0.03394031,0.03724553,0.03957912,0.04191346,0.045613,0.04764135,0.05106313,0.05360433,0.05578499,0.05871201,0.06168422,0.06484673,0.06835762,0.0721102,0.07487897,0.07892048,0.08308505,0.08579011,0.08778488,0.09039715,0.09346139,0.09476098,0.09575965,0.0973777,0.09962737,0.1021121,0.1023471,0.1052649,0.1044988,0.1046004,0.1052383,0.1038367,0.1041896,0.1039235,0.1021998,0.1042494,0.1016094,0.1017221,0.1028066,0.1025113,0.1021055,0.1032544,0.1030389,0.1038984,0.1052603,0.1059717,0.1057356,0.1076307,0.1106756,0.1119705,0.1140919,0.1201663,0.1244259,0.1294969,0.137986,0.1417252,0.1517724,0.1592834,0.1793949,0.2037895,0.215474,0.2047406,0.2021947,0.2053941,0.2158263,0.2179717,0.2200606,0.2188146,0.2302642,0.2278953,0.2455458,0.2905852,0.3031687,0.6188612,2.91188
550.68,0.001000552,-0.002056904,0.006514783,-3.515575e-4,0.005270919,7.982674e-4,-0.006754132,9.068167e-4,-0.004322769,0.0017715230000000001,0.001375502,0.001043339,-8.30888e-4,3.009818e-4,0.003044991,-0.002528704,-1.576914e-4,0.001813836,7.995912e-4,-5.101697e-4,-3.995676e-4,-8.177757e-5,8.456508e-4,2.151876e-4,5.438595e-4,9.150774e-4,4.356018e-4,1.531878e-4,-1.227405e-4,0.003308309,-0.001408251,-0.001001722,2.229732e-4,-0.001382711,0.001941274,0.001070261,-0.002408102,0.002342362,6.576557e-4,0.003377486,8.544745e-4,-4.543318e-4,-5.186934e-4,-3.472918e-4,-6.798201e-4,-4.487072e-7,6.765229e-4,1.86064e-4,0.001525948,-8.251423e-4,8.589175e-6,0.002775957,0.001783536,0.001409584,-2.278955e-4,0.002926296,0.001978145,-5.315268e-5,-6.639962e-4,-0.002189582,0.001084114,-0.001413911,4.816848e-4,4.27286e-4,0.001415946,-1.901798e-4,2.971949e-4,0.001024337,0.001164852,8.20068e-4,-6.67479e-4,-6.886805e-4,9.644308e-4,-5.020291e-4,7.25375e-4,4.013389e-5,7.872638e-5,8.51967e-4,8.049766e-4,-5.923793e-4,-5.061856e-4,0.00929832,0.04571038,0.06728488,0.0377397,0.01076038,0.002458274,0.002696917,0.00275745,0.002416781,0.003273875,0.003383583,0.003743312,0.005365908,0.005170088,0.005969745,0.006226208,0.007451444,0.008466172,0.009570823,0.01056386,0.01123136,0.01229837,0.01460736,0.01581128,0.01601228,0.01718797,0.01900867,0.02045502,0.02200776,0.0235989,0.02478792,0.02560294,0.02732783,0.029585,0.03158347,0.03353398,0.03584387,0.03818858,0.04079885,0.04412812,0.04723072,0.04931596,0.05255165,0.0544271,0.05664566,0.05954475,0.06266185,0.06650347,0.06963563,0.07195229,0.07681313,0.07889932,0.08133468,0.08448703,0.08644428,0.09017302,0.09144676,0.0929715,0.09349657,0.09605345,0.09748161,0.09887316,0.09974667,0.09875099,0.1007209,0.09917334,0.09948642,0.09989252,0.09901841,0.09806274,0.09768324,0.0968243,0.09934509,0.09913745,0.09826955,0.09818107,0.0981808,0.09875634,0.0982117,0.098841300000000007,0.1019055,0.1011721,0.1055338,0.1076187,0.1082847,0.1100958,0.1157505,0.1210471,0.1246785,0.1304825,0.1382828,0.144637,0.1574862,0.1750017,0.1997521,0.2020521,0.1926861,0.1934231,0.1957774,0.2027846,0.203328,0.1980953,0.1984586,0.2166388,0.1866644,0.2442592,0.2774266,0.1934174,0.02644324,0.288609
553.022,-6.063875e-4,-0.007000491,-0.01053302,9.024736e-4,-7.817515e-4,-0.004204822,-0.005805853,-0.004967592,-0.004668664,-0.002213535,-0.00458209,-0.003583519,-0.0026287,-0.002762089,-0.003442052,-0.004532601,0.001069454,-3.747165e-4,-6.658709e-4,-0.001785379,-0.001222875,-0.001626834,-0.001061547,-0.001200228,-0.001400702,-7.613649e-4,-3.215384e-4,-9.413767e-4,-9.845552e-4,4.263194e-4,-0.001699345,-0.002939854,-0.003259934,-0.003549955,5.25445e-4,-0.003909019,0.002006958,-0.006252348,-0.003189661,-0.002530608,-0.002075623,-3.664677e-4,-5.524162e-4,-0.002042803,-0.00225054,-7.700425e-4,-0.004805583,-9.117116e-4,-0.004622494,-0.002807009,-0.001296248,-0.003189917,-0.001746978,-0.00112639,-0.001183337,-0.001627416,-0.001339205,-8.807926e-4,-0.001072626,-0.001033894,-8.476185e-4,-6.414122e-4,-0.001892151,-0.001908574,-0.00232316,-1.497973e-4,-0.001829157,4.304403e-4,-0.002160505,-1.325861e-4,-0.001693916,8.460897e-5,-0.001120509,-0.001407028,-0.001223658,1.920514e-6,-5.427021e-4,-2.428674e-4,-4.759877e-4,-9.59771e-4,-0.01272826,0.04777358,0.07608758,0.04727406,0.01233875,0.001855116,0.001670251,0.001340931,0.003050802,0.002164622,0.0026871,0.002694303,0.003381986,0.003906647,0.004258819,0.005674075,0.006458008,0.006378276,0.008301181,0.009153101,0.009725518,0.01119407,0.01252984,0.01320883,0.01331387,0.01566961,0.01688944,0.01822,0.01976674,0.02102186,0.02328548,0.02419168,0.02472687,0.02691327,0.02881178,0.03021459,0.03202291,0.03340275,0.03726916,0.03930703,0.04145453,0.04472329,0.04747205,0.04916622,0.05275236,0.05470636,0.05730376,0.06014162,0.06399598,0.06648958,0.0696915,0.07255898,0.07572994,0.07768704,0.08157135,0.08393832,0.08386127,0.087601299999999993,0.08824502,0.08999011,0.0925683,0.09443569,0.09462195,0.09523452,0.0946535,0.09568488,0.09576399,0.0950707,0.09336525,0.09395541,0.09525801,0.09468128,0.09408546,0.09402322,0.09502104,0.09524668,0.09369291,0.09375316,0.09319862,0.09524726,0.09384732,0.09533347,0.09799513,0.09835931,0.1026908,0.1026117,0.105864,0.1092394,0.1158769,0.1183826,0.12473,0.1338493,0.1420358,0.1516091,0.1761352,0.1979082,0.1854721,0.1832176,0.1843833,0.1983071,0.192091,0.1956781,0.1850928,0.2060885,0.1979415,0.1939396,0.2127004,0.1424067,0.2010215,0.3880084,0.9793857
555.364,-2.067669e-4,0.002884199,0.002506727,-3.508764e-4,8.887373e-6,-0.006012996,5.858294e-4,-0.001299341,-0.00383545,0.00266378,-0.001361364,0.001286012,-0.002007237,0.003347327,-2.915169e-4,-0.002898981,-4.121381e-4,0.00257466,-6.455562e-5,0.001105263,-0.001170217,-2.903828e-4,-1.77612e-4,7.479802e-4,3.25569e-4,-0.001339625,-1.426002e-4,-6.041775e-4,4.31857e-4,-2.605423e-4,0.001420815,-0.004038665,-0.003940237,-0.001368659,-0.001918931,7.171064e-4,9.562255e-4,-0.003029839,4.758713e-4,-0.001492712,-5.535899e-4,-0.002127889,0.002385505,-6.082044e-4,0.001049334,-2.440412e-4,-5.846141e-4,0.002738285,-7.85502e-4,9.215033e-4,0.001808087,-0.00217615,-0.0018531,-0.001402676,-3.049685e-4,2.848889e-4,-0.001931667,-4.514185e-4,8.079968e-5,0.001392238,2.872911e-4,-4.111719e-4,-0.00099309900000000011,-6.497234e-4,-0.001464084,8.587097e-4,-0.00104566,5.077286e-4,1.775508e-4,9.119151e-4,6.393409e-4,-4.831572e-4,5.678436e-4,2.003622e-4,1.923374e-4,-8.170757e-4,6.626358e-4,0.001746015,4.63191e-4,0.004623933,-0.03760876,0.09703711,0.06656732,0.01956999,0.00298487,0.001446925,0.001673912,0.001889494,0.002635201,0.002811687,0.0028138,0.004568062,0.003270932,0.005271769,0.00480259,0.006525332,0.007082713,0.007569464,0.007942118,0.009144259,0.01070031,0.01128379,0.01249875,0.01336092,0.01429945,0.01572258,0.01722276,0.0183631,0.01910624,0.02075107,0.02292254,0.02353285,0.02523504,0.02577994,0.02799942,0.02946184,0.03168724,0.03377296,0.03586324,0.03874655,0.04121459,0.04356226,0.04590284,0.04882865,0.04995527,0.05298309,0.05580468,0.05889208,0.06105112,0.06403109,0.06732463,0.07134702,0.07239991,0.0762104,0.07800526,0.08025085,0.08046186,0.08391673,0.0855718,0.08736229,0.08962777,0.09004282,0.0909635,0.09115464,0.09148987,0.09112115,0.09098764,0.09139868,0.08996476,0.09066436,0.09094717,0.090597,0.09036608,0.09190467,0.09004299,0.08994703,0.08941273,0.09038377,0.0905921,0.0920275,0.09017375,0.093355,0.09440353,0.09446088,0.09715286,0.1003011,0.102554,0.1060286,0.1117748,0.1162217,0.119672,0.1298017,0.1335993,0.1491504,0.1800177,0.1818898,0.1728231,0.1711864,0.1817687,0.1839344,0.1891804,0.1895857,0.1804427,0.1890139,0.1878022,0.227197,0.1919464,0.1951023,0.1714829,0.4182929,-1.018154
557.707,0.004666088,0.006001719,0.009264625,0.009669194,0.01258143,0.008250751,0.01928131,0.007185813,2.633335e-6,0.00490698,0.002077369,0.002966921,0.0026498339999999998,0.004221775,0.003957244,4.611647e-4,0.002413199,0.002584958,0.002010375,0.002675796,4.714355e-4,-3.660784e-5,0.001817262,9.265444e-4,0.001451304,0.001897891,0.001279887,8.774785e-4,0.001556931,0.002208062,7.521674e-5,0.00258835,0.003402851,0.004474612,0.007791951,0.00310309,0.002872828,0.00442216,0.003118632,0.002646041,0.004302545,0.002822856,0.001934154,-4.394963e-4,0.006712347,0.006459145,0.003060861,0.002419168,0.00128855,0.00214002,-1.382971e-4,0.001862031,0.001921823,0.002371552,0.003598367,0.002254063,0.001908185,0.003435476,0.002525263,0.002821152,0.003212263,0.001622039,0.002003574,0.003116518,0.001994343,0.001898382,5.45066e-4,0.002679518,0.001807206,0.002224753,0.002092378,0.001406428,0.001259031,0.001696568,0.001461861,0.002709629,0.001141586,0.001400574,0.006958713,0.03545663,-0.06234565,0.1007293,0.03743346,0.004999015,0.003562712,0.003147384,0.002774807,0.002523178,0.00325601,0.003953814,0.00369631,0.004927081,0.005486156,0.005561509,0.006567749,0.006449276,0.007310001,0.00890864,0.008730891,0.009786648,0.01086366,0.0117446,0.01308614,0.01316422,0.01539326,0.01680543,0.01705885,0.01813407,0.01967136,0.02136105,0.02232854,0.02367176,0.02526269,0.02637499,0.02770076,0.02953621,0.03104771,0.03372107,0.03529744,0.03819665,0.04024736,0.04270064,0.04445973,0.04778858,0.04997428,0.05213212,0.05430863,0.0576999,0.06033722,0.06154674,0.06411891,0.06885784,0.07132911,0.07315362,0.07601886,0.07827755,0.0790188,0.08209775,0.08329829,0.08416476,0.08610158,0.08654755,0.08777953,0.08848324,0.08874874,0.08930133,0.08924648,0.08844383,0.08873485,0.08723946,0.08803722,0.0881126,0.08752492,0.08795794,0.08747999,0.08643891,0.08627752,0.08826827,0.08658768,0.0881919,0.08958569,0.09027132,0.091458,0.09356235,0.09448868,0.09834991,0.09997166,0.101731,0.1084626,0.1116858,0.1172,0.1250965,0.1303687,0.1502459,0.1710121,0.1614424,0.1637526,0.1693993,0.1755737,0.1817503,0.1855442,0.1879049,0.1846618,0.2028479,0.207613,0.2183673,0.2104857,0.3008175,0.394249,0.7061932,1.640008
560.051,0.003259471,-6.241734e-4,0.00309085,-0.006212396,0.003944156,0.002018703,0.002145564,-0.007967267,-6.710341e-4,0.001639342,0.001274043,-0.0013646,0.005079433,0.002305901,-0.001189511,-0.002922491,1.630711e-4,0.001370481,0.001205357,6.330373e-5,6.209405e-4,-8.212444e-4,-1.451974e-4,3.584763e-4,0.001453118,0.001099555,0.001721174,3.055967e-4,4.326867e-4,-2.717721e-4,-0.001142767,0.001298593,-3.117594e-6,-3.873244e-4,-0.001553604,0.003465566,0.002869457,9.855353e-4,-2.811477e-4,0.003119459,3.883501e-4,-1.80087e-4,0.002561116,0.002147397,-5.233758e-4,0.002590834,-2.562536e-4,0.003089262,-0.00152159,0.001304259,7.303301e-4,-3.450119e-4,-1.963176e-5,-7.08572e-4,7.362265e-4,5.812074e-4,0.001598061,0.001909481,-0.002529137,0.001663328,-3.753433e-4,0.001815478,0.001429503,-5.515218e-5,8.179623e-4,-8.589369e-5,0.001650986,8.020551e-4,-0.001178891,-1.756184e-4,0.001324777,9.565135e-4,0.001213354,0.002530637,8.105094e-4,3.033089e-4,-3.979777e-4,0.002133042,0.03715253,0.07868248,-0.05807315,0.05469131,0.01031142,0.001719049,0.001671215,0.002143732,0.001760598,0.002531053,0.003264769,0.003756621,0.003282597,0.003780195,0.004547765,0.004904853,0.005202737,0.006490607,0.007052573,0.007701573,0.008369939,0.009796304,0.01076134,0.01127117,0.0117754,0.013235,0.01447502,0.01586543,0.01637117,0.01747066,0.01938981,0.02019962,0.02190463,0.02222105,0.02371516,0.02514407,0.02691632,0.02878725,0.02998455,0.03210646,0.03367493,0.0368199,0.03961528,0.04143698,0.04382663,0.04564856,0.04784881,0.04943735,0.0522305,0.05497543,0.05709883,0.06069618,0.06103995,0.06601399,0.068626210000000007,0.07003872,0.07112859,0.072763,0.0757549,0.07855546,0.07882287,0.08127787,0.08112989,0.08194536,0.08219716,0.08418156,0.08500801,0.08496223,0.08578826,0.08412299,0.08454498,0.08455837,0.08375346,0.08302737,0.08317124,0.08236163,0.08387984,0.08380175,0.0839846,0.08406277,0.08383072,0.08570889,0.08629566,0.08515972,0.0890397,0.08875862,0.09100053,0.09411033,0.09349929,0.1001509,0.1042643,0.106968,0.1137129,0.1178789,0.1292468,0.1511971,0.1615181,0.1582564,0.156972,0.162263,0.1670788,0.1700827,0.178028,0.1727774,0.1776542,0.1789957,0.1866204,0.1872393,0.1537559,0.207595,0.2875991,0.0335913,1.40369
562.395,0.001021797,-0.0060493,0.004659871,-0.006776298,0.002575574,-0.004056475,0.001572264,-0.006702379,-0.003542108,-0.001943652,-0.003237824,-8.737769e-4,-0.002659071,-0.001140843,1.005049e-4,-0.005139654,-0.001160865,8.488047e-4,0.001285017,-0.001159622,-0.00205819,-9.062566e-4,-1.464373e-4,-0.001501,-9.455513e-4,-3.610588e-4,-3.656994e-4,-4.967437e-4,2.614886e-4,0.001190988,-0.001790122,9.3189e-4,0.001831522,-0.001415862,-0.002471978,-0.002273215,-0.002876559,1.976719e-4,-0.001803654,-0.003602666,-0.005661929,5.594558e-4,-0.001284747,-0.001518171,8.881943e-4,-4.219531e-4,-0.005891072,-0.001660979,-8.06859e-4,-0.002380718,-0.004234685,-0.001407316,-0.00197581,-8.665517e-4,-0.001853478,-5.596837e-4,-0.001474307,-0.002146048,-5.667892e-4,-0.001777396,-5.367922e-5,-3.111796e-4,-0.001157687,-8.275547e-4,-0.003172116,-4.425157e-4,-6.227694e-4,0.001089421,-0.001460852,-8.388053e-4,-7.6667e-4,-0.001782236,-3.605664e-4,4.012219e-4,-8.511663e-4,-0.001207478,0.001201292,0.01937058,0.09699095,0.1001834,-0.02424005,0.01520803,6.724462e-4,6.544272e-4,0.001469471,4.741746e-4,0.002080676,0.002348709,0.002580473,0.002969446,0.002794526,0.003359873,0.00335404,0.003910215,0.005571993,0.006141624,0.006920723,0.007520839,0.008071015,0.008873957,0.00921303,0.01074337,0.01217426,0.01316237,0.01364637,0.01516444,0.01621788,0.01759109,0.01853852,0.01946038,0.02053317,0.02260613,0.02325326,0.02466742,0.02598326,0.02722149,0.02942381,0.0314933,0.03293497,0.03501835,0.03762825,0.0402293,0.04187554,0.04422813,0.04564045,0.04814971,0.05071682,0.05236769,0.05478986,0.05859843,0.06028581,0.06247447,0.06496563,0.06776887,0.07036028,0.07065551,0.07292388,0.07471694,0.07511645,0.07710089,0.07729876,0.0789817,0.08055997,0.08166634,0.08112223,0.08061075,0.08185597,0.08040433,0.07995905,0.07971821,0.079989,0.08083035,0.08024923,0.08030597,0.08187057,0.080042,0.08002787,0.08036273,0.08069086,0.08155396,0.08262625,0.08272263,0.08293897,0.08702476,0.08861402,0.09070086,0.09250463,0.09581271,0.1000936,0.1047673,0.1081833,0.1175028,0.128002,0.1449428,0.1529597,0.1448277,0.1522093,0.155509,0.1555588,0.1626807,0.1633563,0.15934,0.1765013,0.1734852,0.1774053,0.1717628,0.1758492,0.1594244,0.152765,0.5645756,0.8425543
564.74,0.007792284,0.008988954,0.001958338,0.003871876,-0.003966445,-4.070428e-4,0.003347911,0.006516444,0.002713132,0.007957562,4.748743e-4,0.00308467,0.002457068,1.074371e-4,0.001800226,0.005988743,0.002617078,0.004445763,0.00135394,2.968854e-4,0.001614925,-0.001694987,2.287319e-4,3.255163e-4,9.911766e-4,0.00262249,2.628454e-4,0.002074826,7.448863e-4,9.291249e-4,0.003959591,0.003084772,0.006066925,0.006203086,0.002240094,0.002772016,0.00397082,0.001294256,3.867538e-4,0.001338725,0.001944556,0.001805114,0.001127486,0.001720985,0.002559351,0.001934242,0.003598138,0.004211189,-6.996274e-5,0.007251753,0.002357484,0.002818031,-4.942886e-4,0.00178238,0.002983346,0.002653807,0.002256051,0.001397252,-5.772522e-4,5.702321e-4,-6.402894e-4,0.002121179,0.002974243,0.001738947,0.002073642,-6.924677e-4,0.001978634,0.001428935,9.125887e-4,0.001850794,0.001424732,0.002174535,0.001640414,4.44795e-4,0.001438287,9.580758e-4,0.007318459,0.05797503,0.1237306,0.07606239,9.578002e-4,0.004412508,0.002369172,0.002313127,0.002936498,0.002564684,0.002346886,0.00279847,0.003368655,0.003758481,0.003534073,0.004075618,0.00463097,0.005642207,0.006114139,0.00777136,0.009664723,0.008847667,0.01013131,0.01101987,0.01197435,0.0125573,0.01359036,0.01460273,0.01538712,0.0163658,0.01738975,0.01866945,0.01910313,0.02140207,0.02161248,0.02225469,0.0240834,0.02524239,0.02639106,0.02817978,0.0298368,0.03123994,0.0338859,0.03621459,0.03837114,0.04021234,0.04176111,0.04439971,0.0465857,0.04854154,0.05019237,0.05245659,0.05424187,0.0582332,0.05963555,0.06335638,0.06473128,0.06687822,0.06977453,0.06998297,0.07316998,0.07363405,0.07384493,0.07668355,0.07750734,0.07876246,0.07827035,0.07982557,0.07965804,0.07939276,0.07987455,0.0795517,0.07825151,0.07907711,0.07916939,0.07844977,0.07910687,0.07897364,0.07896319,0.07847002,0.0779755,0.07894939,0.07930319,0.0803289,0.08068511,0.08250876,0.08531714,0.08659429,0.08623735,0.08803944,0.09142149,0.09618677,0.09825503,0.1030129,0.1087706,0.1173563,0.1325533,0.1474554,0.1464756,0.1447328,0.1500644,0.1600543,0.163502,0.1705309,0.1700533,0.1821293,0.1906987,0.1930459,0.2157624,0.2520296,0.3314831,0.2633213,0.8778419,1.332835,7.170406
567.085,0.01360812,-0.002099663,0.005082924,1.793005e-4,0.004985016,0.004290009,0.005139533,0.003378966,-1.698693e-4,-0.01069574,2.350471e-4,0.001386969,-2.366799e-4,0.001157386,0.003211255,-3.49604e-7,0.002281721,-7.721085e-4,0.001630114,7.058614e-4,-5.171227e-4,-2.227828e-4,-5.989323e-4,0.001410508,4.022107e-4,0.001739159,4.450997e-4,0.00111924,-8.591867e-5,0.00141826,8.642136e-4,-0.001873467,-1.168241e-4,0.003612435,0.001451284,0.003143437,0.002905881,6.980157e-4,7.665874e-4,-1.961335e-4,5.757481e-4,0.002270427,0.004796719,0.003781454,-0.002033983,6.994694e-4,0.001285944,-4.290501e-4,-9.028571e-4,-2.294445e-4,7.382064e-4,-0.001889041,-0.001498497,0.002078906,-0.001073417,-2.624013e-4,0.002000247,0.002663158,-6.020517e-5,0.002823202,0.001740377,9.238638e-4,6.439167e-4,0.001217855,0.001546893,0.001571404,4.007025e-4,2.845989e-4,4.591056e-4,3.081215e-4,1.727585e-4,-2.881073e-4,8.217378e-4,0.001122339,7.91651e-5,0.00389942,0.02813138,0.07554548,0.08783988,0.02595229,0.002876955,0.001019008,0.001332706,0.002161395,0.002287259,0.002517095,0.002065349,0.002281651,0.002356867,0.002623459,0.003422155,0.004408724,0.004906903,0.005825128,0.006665327,0.007174092,0.007254742,0.007636726,0.008090945,0.009281202,0.009730086,0.01088545,0.01102871,0.01273483,0.01353801,0.01499708,0.01551765,0.01688827,0.01856569,0.01960735,0.02038045,0.02128559,0.022753,0.02350836,0.02439251,0.0256172,0.0281909,0.02942901,0.03217697,0.03334096,0.03632023,0.03646814,0.03952077,0.04117461,0.04275256,0.04484222,0.0470357,0.04910233,0.05072792,0.05394923,0.05580928,0.05827756,0.06151134,0.06258614,0.06399742,0.06577412,0.06839076,0.06882589,0.07009317,0.07101053,0.07139766,0.07384011,0.07448134,0.07483797,0.07534653,0.07465858,0.07491072,0.0751762,0.0744185,0.0742101,0.07539941,0.07381353,0.07401181,0.0746186,0.07351559,0.07341035,0.07239737,0.07397155,0.075433,0.07692777,0.07750301,0.07751811,0.0790721,0.08050614,0.08133095,0.08359129,0.08620021,0.08973579,0.09318711,0.09644777,0.1027137,0.1101364,0.1280649,0.1304457,0.1296113,0.1365305,0.1383818,0.147577,0.1511037,0.1550532,0.1511442,0.1533375,0.1606502,0.1614087,0.1551286,0.1734624,0.1894713,0.2035093,0.2988057,0.03427725,2.517605
569.431,0.007449569,0.00885597,-7.836386e-4,0.01021156,0.002607959,0.009636319,0.009921969,0.007332756,0.01041779,0.00953851,0.008099223,0.00212916,0.005469819,0.004395874,0.006144853,0.005480082,0.002953033,0.003246339,0.001774316,0.002897506,0.001988621,0.001188597,0.001923191,0.002062586,0.002503569,0.002123143,0.001005723,0.001629394,0.001496355,0.001697055,0.00174218,0.006866723,0.005306988,0.005474188,0.004481659,0.00400725,2.22977e-4,0.003504412,0.00538735,0.002402978,0.006214631,-0.001041839,2.856351e-4,0.00290599,0.003102846,0.005087723,0.005529385,0.002870716,0.003350635,0.002174657,0.004288898,0.002913047,0.001969247,0.002572487,0.003773062,0.002027443,0.001440521,0.003449987,0.003803088,0.002721233,0.002158902,0.00271661,0.00118708,0.003647015,0.002177983,0.003059132,0.002132096,0.001679683,0.002624725,0.002802415,0.003383873,4.236449e-4,0.002965323,0.00301578,0.005804638,0.02118221,0.0491748,0.05903244,0.03580228,0.006569768,0.002130673,0.002037625,0.0028328,0.002943971,0.002808869,0.003257749,0.003360361,0.003737869,0.004586843,0.004812613,0.004808151,0.004745585,0.005422828,0.005712251,0.0069973809999999996,0.006740344,0.007426681,0.00891806,0.008839026,0.009878254,0.01007825,0.01115509,0.01157221,0.01332659,0.01377446,0.01546047,0.01635547,0.01714331,0.01837643,0.01919185,0.02033756,0.02112539,0.02245876,0.02309104,0.02424907,0.02580528,0.02711774,0.02936835,0.03101396,0.0325684,0.03593744,0.03681789,0.0390641,0.04048032,0.04158833,0.04377487,0.04514058,0.04758676,0.05037978,0.05266022,0.05417694,0.05672935,0.05956822,0.06130137,0.06164424,0.06390246,0.0649109,0.06703784,0.06966563,0.06791528,0.06889365,0.07003859,0.07197153,0.07077414,0.07032645,0.07233892,0.07142804,0.07230965,0.07145025,0.07207612,0.07135557,0.07131855,0.07129771,0.07193225,0.07197789,0.07078,0.07286708,0.07180717,0.07158068,0.07287403,0.07417079,0.07509024,0.07696125,0.07745236,0.07869999,0.08360459,0.08342382,0.08575511,0.09121917,0.09499421,0.101833,0.1135964,0.1272596,0.1292095,0.1235334,0.1323031,0.1362469,0.1390296,0.1471175,0.1461042,0.1525713,0.1554871,0.1628773,0.1581517,0.1706257,0.1803732,0.1927738,0.2593684,0.2760473,0.5793014,1.090511
571.778,-6.226041e-4,-0.003813159,-0.005511082,-0.006519146,-0.002406927,-0.004121712,-0.006577126,-0.001899887,-0.001197808,-0.007601304,3.539243e-4,0.001563852,-0.0016663890000000001,-0.001164845,2.023673e-4,9.630024e-5,6.814862e-4,7.249332e-6,0.00116553,-0.001660926,5.293134e-4,-7.874053e-4,-4.119715e-4,-0.001089448,-0.001442212,7.866323e-4,-3.783276e-5,-0.0015549,-6.606807e-4,-0.001593017,6.544348e-4,9.598182e-5,0.003483315,4.030688e-4,-0.003176181,-0.004626939,0.001953351,-0.004220002,-0.00154773,-0.002018626,-0.001071524,-0.004017042,-6.399775e-4,-0.002811812,-8.880575e-4,-6.089557e-4,-0.002513628,-7.442024e-4,0.001237714,-0.00218079,-0.001184987,0.001042422,-4.048106e-4,-7.347256e-4,-6.132568e-4,-0.00110482,-0.002360324,-3.530555e-4,-4.643269e-4,7.505778e-6,-4.43893e-4,-0.001238163,-0.001275571,-5.448619e-5,0.001254888,2.078733e-4,0.001396239,5.259395e-4,9.711733e-4,-4.935547e-4,-3.426835e-4,-3.296787e-4,7.080402e-4,0.00115575,0.01546389,0.04233397,0.04511554,0.02637221,0.006816648,8.54041e-4,-2.622789e-5,5.665628e-4,4.528682e-4,0.001929882,0.001732834,0.00177271,0.002023143,0.002050604,0.00250968,0.003569037,0.002864361,0.003193014,0.004071668,0.005417629,0.004890891,0.006133,0.006133885,0.006441212,0.007953463,0.008705619,0.01019492,0.01018225,0.0110786,0.01177096,0.01296763,0.013978580000000001,0.01445564,0.01564255,0.01748673,0.01837282,0.01935931,0.02051461,0.02104274,0.02233052,0.02374796,0.02425295,0.02601411,0.02713998,0.02889324,0.03096966,0.03341178,0.03489617,0.03654051,0.03858963,0.03981974,0.04137805,0.04358007,0.04572703,0.04689618,0.04971729,0.05176362,0.05327764,0.05617558,0.05742356,0.05921696,0.05998391,0.06147144,0.0623243,0.06307991,0.06649676,0.06636334,0.06677542,0.06758969,0.06841269,0.06914802,0.0690139,0.06925047,0.0689269,0.06719728,0.0679007,0.06718419,0.06750788,0.06773532,0.06825414,0.06821948,0.06820226,0.06774981,0.0674034,0.06827988,0.06924006,0.07041124,0.0713426,0.07171637,0.07284556,0.07470645,0.07769162,0.07937633,0.08238276,0.08711217,0.08852327,0.09665691,0.1168254,0.1229289,0.1165833,0.1199591,0.1215819,0.1329427,0.1352029,0.1321144,0.1397153,0.1342031,0.1457853,0.1404796,0.1498366,0.1576758,0.1345961,0.1503108,0.1282363,0.3497347,0.2799777,-1.144638
574.125,0.004607205,-6.394255e-4,0.006950693,0.00489161,4.032484e-4,-0.001866415,-0.007219686,0.003626116,0.006561279,-0.002139476,-4.721038e-4,7.362535e-4,-0.00223299,-4.909479e-4,-2.024706e-4,0.001501009,0.002050101,0.001094714,4.143972e-4,-7.178592e-4,-0.00163782,-8.006423e-4,0.001183458,2.938885e-4,-0.001784361,3.036022e-4,-1.858571e-4,1.168158e-4,-0.001820769,6.625031e-4,0.001250023,-0.001618172,-0.002221111,-0.002759585,0.00629403,-0.003553146,-0.005021283,-0.001719039,-0.001457816,3.904034e-4,9.797477e-4,7.733035e-4,0.002637325,0.001288682,-7.080931e-4,-0.001236658,-0.001916265,-0.001620323,-9.860573e-4,-0.002907472,2.952803e-4,9.668742e-4,0.001413204,7.711987e-4,0,-1.371129e-4,-7.55819e-4,-4.816988e-4,-1.795569e-6,-6.799158e-4,0.001404784,-0.001748974,-4.787777e-4,-0.001495174,0.001880602,-5.072925e-4,3.011084e-4,1.420261e-4,1.84865e-4,-2.271782e-4,3.982265e-4,-5.879129e-4,1.412366e-4,0.01039273,0.04382186,0.05586401,0.02668171,0.0056326910000000004,0.001415616,0.001586795,0.001944905,7.025724e-4,8.39506e-4,0.001444752,0.003355792,0.001901776,8.503509e-4,0.002907352,0.002636785,0.00269074,0.002600897,0.003086569,0.004863656,0.004760341,0.005188333,0.006344903,0.005353617,0.006564655,0.008101666,0.008305851,0.009632706,0.009758627,0.01089853,0.01151864,0.01274491,0.01423463,0.01464624,0.01514054,0.01701807,0.01747312,0.01859807,0.01917742,0.02027694,0.02199775,0.02271428,0.02409172,0.02542218,0.02626474,0.02840091,0.02967906,0.03224707,0.03365734,0.0359855,0.0379273,0.0381495,0.03960403,0.04187127,0.04242474,0.04586351,0.04751784,0.04974067,0.0525696,0.05446708,0.05611591,0.0565788,0.0577978,0.05895558,0.06077431,0.0611372,0.06266666,0.06330614,0.06444358,0.06579638,0.0655071,0.06591885,0.06500145,0.0665355,0.0656046,0.06540287,0.06583493,0.06524558,0.06481589,0.06570649,0.06507221,0.06472352,0.06438699,0.06450722,0.06439869,0.06666581,0.06641664,0.06887803,0.06751959,0.06913853,0.06911531,0.07209744,0.07535669,0.07677123,0.07920285,0.08101989,0.08794647,0.09838165,0.1123906,0.1128112,0.1056256,0.1117881,0.1188076,0.1217692,0.131199,0.1343591,0.1316295,0.1386529,0.1421462,0.1328636,0.1415081,0.1514964,0.1412036,0.1625144,0.1076156,0.1004071,0.09815139,0.4538732
576.472,-0.0035776,-0.01072422,0.005583091,-0.004343888,-0.001019311,0.005214523,-0.003635449,-0.00268248,0.003302272,-0.002768344,0.005233504,-0.001907493,-0.002100048,0.00297448,4.098546e-4,-0.003211798,0.001461606,-6.300341e-4,2.072575e-4,-0.00132002,-5.828218e-4,0.001383433,-3.089211e-4,2.579411e-4,-9.726737e-4,-7.978294e-4,5.303145e-4,-3.143102e-4,-0.0016539,-1.733789e-4,-0.00221553,-2.889242e-4,-0.001760135,-5.245422e-4,0.002810014,-0.004690523,0.001095026,-0.002647026,0.002344987,-0.001953528,-0.001873174,2.845428e-4,8.422943e-4,9.434071e-5,-2.662276e-4,-9.867852e-4,-0.002803509,-0.003347208,8.429727e-5,-0.00103037,-0.001730358,-7.975338e-4,-1.718701e-4,-0.002162307,-0.002206037,-3.255466e-4,-5.07901e-4,-6.287531e-4,-7.951893e-5,-6.350614e-4,-2.238079e-4,-7.798877e-4,8.675406e-4,5.329661e-4,5.905511e-5,0.001691625,-2.120213e-4,-0.0015589620000000001,3.734057e-4,-1.374873e-4,0.002514629,-6.291274e-4,0.003490552,0.02664096,0.05659948,0.03780166,0.01076317,0.002601767,0.001454591,7.526404e-4,-2.682004e-4,0.001137996,0.001006179,-5.559503e-5,0.001839819,0.001585342,0.0021298379999999998,0.002102848,0.003257173,0.002251065,0.004008501,0.004253622,0.004505356,0.004762817,0.00421088,0.005716261,0.006972076,0.006999545,0.007285543,0.008958149,0.009121533,0.009811621,0.01059833,0.01165702,0.01276421,0.01329504,0.01419438,0.01442471,0.01628555,0.01747274,0.01837418,0.0193697,0.01978531,0.02132795,0.02212636,0.02343618,0.02453605,0.025232,0.02761559,0.02989037,0.0307909,0.03317537,0.0339036,0.03660414,0.03749882,0.03864368,0.04135468,0.0429037,0.04356228,0.04703103,0.04738686,0.05023774,0.0535472,0.05289828,0.05462077,0.05594607,0.05658925,0.05747445,0.05903609,0.06024396,0.06040415,0.06204444,0.06273808,0.06371327,0.06302178,0.06308257,0.06353374,0.06271203,0.06206765,0.06313801,0.06260761,0.06131342,0.06288855,0.06304977,0.0632317,0.06288377,0.0634941,0.06358581,0.06481416,0.06486219,0.06494679,0.0651584,0.0657386,0.06855377,0.06944343,0.07160601,0.07427137,0.07826778,0.07841916,0.08710678,0.096947,0.1102081,0.1033188,0.1022954,0.10754,0.1121015,0.1183116,0.1231495,0.1249553,0.1314958,0.1293874,0.1367538,0.1333978,0.1376298,0.134422,0.1365999,0.1648332,0.1509419,0.1466079,-0.09738584,0.4369693
578.821,-0.003598942,-0.001940832,-9.803522e-4,-0.002822626,0.001231151,-0.006493422,0.001422617,-0.004052119,0.002967458,9.328222e-4,6.68221e-6,8.798926e-5,-6.379423e-4,-0.00139047,0.00164897,-0.00122451,-5.00459e-4,7.909565e-4,0.001051703,-5.364776e-4,-0.001326603,0.001135882,-3.196316e-5,-3.650603e-4,1.58589e-4,-4.114052e-4,-6.020477e-4,-3.084118e-4,-4.458058e-4,-0.002958848,5.216465e-4,-0.002103789,-0.001759943,0.004654158,-0.003219226,-0.001608607,-4.295689e-4,-0.004802355,-0.00412382,-0.004014029,-0.002459524,-0.002417624,-0.003405687,8.142855e-6,0.001099932,-0.001501548,-0.001936312,-9.373758e-4,-0.003575672,3.2368e-4,-0.001581339,-9.452291e-4,-0.002181848,0.001119899,2.199066e-4,-0.001169122,-0.001621866,-0.002759613,4.87413e-4,-0.001425855,-0.002745212,-0.002199147,0.001491275,-1.432439e-4,-4.632453e-4,-1.401482e-4,-2.232797e-4,-0.001629125,-2.858363e-4,4.492499e-4,-0.001671651,0.002500048,0.02210649,0.04486482,0.04612708,0.01439151,0.002392176,4.561578e-4,5.554369e-4,0.001282869,0.001828277,6.761468e-4,1.035803e-4,0.001013766,7.480288e-4,0.001173927,0.001621651,0.001458087,0.00313588,0.002424667,0.004288474,0.00352204,0.005104875,0.004646484,0.004859738,0.005139306,0.005986598,0.006828737,0.007278218,0.007814605,0.008878055,0.01003733,0.01019579,0.01163638,0.01157725,0.01347438,0.01405418,0.01490937,0.01585489,0.01681646,0.01770381,0.01813739,0.01943882,0.02064759,0.02135263,0.02229201,0.02425747,0.02449559,0.02689035,0.02833845,0.02974798,0.03192032,0.03287476,0.03434718,0.03560239,0.0367612,0.03913992,0.04070899,0.04289568,0.04481767,0.04516245,0.04782823,0.04886127,0.05071257,0.05295511,0.05357172,0.05495865,0.05551638,0.05642762,0.05769624,0.05875476,0.05860634,0.05955949,0.05954802,0.05987401,0.06055397,0.06044645,0.06098939,0.05901278,0.0600047,0.05930227,0.06023017,0.05896657,0.06016949,0.06032127,0.06003576,0.06065292,0.05975813,0.06076655,0.06210552,0.06124828,0.06286971,0.06311175,0.06506447,0.06773429,0.06784215,0.07137171,0.07423379,0.07694365,0.08535138,0.09807547,0.09957999,0.0964911,0.09603819,0.1059961,0.1066951,0.1130209,0.1156158,0.1200612,0.1233614,0.1227716,0.1253307,0.13353,0.1324462,0.1186264,0.1229781,0.1833119,0.1141503,0.206945,-0.1444442,1.515442
581.169,0.001271141,0.01406852,0.005848561,0.001913349,0.005555332,0.00315582,0.006924783,3.761546e-4,0.004561676,0.009167044,0.001694251,0.003107192,0.002532218,0.003518273,0.002792486,0.004390736,-4.18251e-4,1.640698e-4,9.818398e-4,0.003642934,0.002204989,6.38466e-4,4.292838e-4,0.001417927,6.453968e-4,-1.856253e-4,0.001645073,0.00111865,9.061419e-4,0.002417933,0.002087009,-8.649996e-4,0.006287564,0.001740694,0.003406675,0.0043639560000000004,0.00100354,0.002365145,0.004050399,0.002765346,0.003695626,0.002650207,0.00135766,0.003359192,0.004376654,0.002620136,0.002575888,0.003488577,0.002523142,8.851977e-5,0.005012467,0.001958189,5.798699e-4,0.003060395,0.004823008,-5.711563e-4,0.001497484,0.004968093,-4.106849e-5,4.835793e-4,0.002397441,0.001183683,0.001401879,7.684641e-4,0.001556738,0.002150759,0.0030155,0.001269136,8.480362e-4,0.002691031,0.002216005,0.01598131,0.0471171,0.04762466,0.02078295,0.004115785,0.002194747,0.002284333,0.001359062,5.814836e-4,0.0028729,0.003131115,0.001407457,0.00264,0.002817058,0.003585428,0.00417911,0.004496452,0.00431913,0.004809633,0.004777687,0.004545771,0.005129011,0.006003792,0.006145434,0.006829919,0.006351225,0.007305666,0.007159973,0.008522928,0.009243701,0.009722677,0.01132677,0.01158166,0.01249171,0.01303874,0.01472934,0.01481988,0.01578398,0.01672473,0.01759398,0.01857355,0.0188943,0.01984827,0.02118949,0.02259875,0.02363725,0.02433473,0.02619551,0.02719956,0.03005099,0.03048118,0.03235474,0.03374855,0.03496937,0.03641297,0.03792737,0.03939579,0.0413203,0.04238458,0.04473462,0.04683419,0.04898052,0.04954419,0.05090972,0.05182061,0.05207676,0.05402894,0.05508307,0.05583731,0.05597414,0.05768614,0.05817334,0.05801575,0.05810238,0.05840109,0.05835436,0.05746595,0.05724042,0.05761845,0.05761166,0.05809048,0.05730726,0.05693415,0.05792237,0.05788089,0.05853975,0.05911041,0.06011201,0.05921716,0.05938372,0.06130689,0.06280736,0.06338553,0.06682225,0.06826838,0.07023961,0.07052014,0.07274073,0.08567333,0.09771254,0.09856482,0.0937896,0.09802477,0.09928679,0.1090107,0.1109195,0.1105541,0.1192047,0.1245844,0.1213396,0.1222314,0.1298629,0.1365504,0.1386526,0.1604616,0.1438988,0.1033559,0.1971274,0.3815826,1.355963
583.519,-0.002135113,-0.008674158,-0.004831543,-0.007811843,-0.005552027,-0.01012051,-0.004684814,-0.007760265,-0.008248519,-0.005750801,-0.003976393,-0.00510681,-0.001788822,-8.919388e-4,-0.002899528,-9.535165e-4,-0.003541889,-0.003727998,-0.002660396,-0.002966646,-4.198842e-4,-3.55795e-4,-9.621421e-4,-7.403126e-4,-0.001132131,-6.873831e-4,-0.001565365,-0.00107143,-4.953663e-4,-0.001743427,-0.004543829,-9.162349e-5,-0.001415394,-0.006131813,-0.005822818,-0.005474284,-0.006098758,-0.006993544,-0.004247952,-0.003046334,-0.003086209,-0.003913463,-0.005428232,-0.002040073,-0.00318735,-0.002784589,-0.003729507,-0.002852822,-0.003763843,-0.002545873,-0.004016728,-8.730287e-4,-0.003507369,-0.003093221,-0.002705139,-3.754152e-4,-0.003307488,-0.002896542,-0.001903319,-0.002312528,-3.867011e-5,1.250632e-4,-0.002137609,9.278074e-4,-0.001318131,-0.001867133,-0.003394194,-0.002527449,-0.003273226,3.926341e-4,0.009251259,0.03592205,0.04281611,0.01842416,0.002746912,3.620623e-4,-1.804742e-4,-8.154019e-4,-0.001121434,-1.313392e-4,-8.580021e-4,4.569148e-5,-2.218889e-4,2.903081e-4,6.585493e-4,8.809487e-4,0.001662606,0.001468153,0.003102072,0.002008347,0.003376686,0.002457646,0.002954092,0.004443186,0.005004341,0.004978878,0.005462091,0.004901257,0.006532461,0.007533156,0.007761291,0.008441958,0.008676567,0.00984526,0.01101558,0.01167344,0.01279057,0.01384504,0.01488404,0.0155096,0.01613482,0.01676031,0.0177033,0.01919067,0.0195796,0.02101503,0.02127668,0.02346583,0.0240281,0.02622746,0.02773924,0.02872574,0.03055391,0.03225032,0.0326065,0.03349449,0.03663585,0.03674274,0.03856505,0.03974021,0.04135632,0.04304871,0.04543122,0.0458887,0.04732152,0.04980598,0.04920412,0.0501406,0.05027879,0.05209542,0.05284922,0.05415271,0.05421667,0.05437472,0.05496306,0.05477929,0.05436686,0.05302742,0.05399507,0.05383365,0.05463087,0.05438932,0.05555909,0.05436999,0.05431825,0.05465752,0.05565993,0.05475987,0.05600338,0.05534268,0.0569197,0.0588233,0.05814358,0.05900982,0.06118048,0.06278147,0.06391909,0.06855168,0.07198399,0.08223731,0.09081116,0.08339081,0.08458567,0.09275592,0.09130403,0.09906847,0.1031556,0.1043643,0.106061,0.1097438,0.1084685,0.1164679,0.1091455,0.1183546,0.116201,0.1096165,0.08441455,0.01103265,-0.05702064,-0.1678619,-2.166535
585.868,-0.002143912,-0.005885436,-0.003047294,-0.006897627,-0.002482915,-0.004027616,-0.006147904,-0.013048,-0.002467348,-7.820788e-4,-1.104976e-4,-0.003699405,-0.002700534,0.001321682,-0.004268278,-0.002777104,-0.002785987,-0.002393477,4.990817e-4,-0.002499069,-0.001080408,-0.002268636,-4.265045e-4,-0.001490565,-0.001407893,3.868656e-4,-6.92025e-4,1.605474e-4,-0.002680246,-2.817155e-4,-7.475154e-4,-0.001067128,-0.002618082,-0.008057713,-0.004631609,-0.00638506,-0.002900005,0.001036624,0.001392686,-0.003272107,-0.003207194,-0.005906446,5.984427e-4,-0.004205765,-0.001920988,-0.003071964,-8.850648e-4,7.920184e-4,-0.002789065,-0.00151735,-0.002134166,-0.00222719,-0.002217377,-0.0036843,-3.277177e-4,-0.003014567,-0.002702671,-0.002051707,7.336556e-6,-0.001395931,-8.483366e-4,-8.886791e-4,-8.809383e-4,-0.001200888,-0.002343167,-0.001721256,-0.001010209,-0.001346592,-0.001962117,0.008237029,0.03065547,0.04539487,0.02649895,0.002195075,9.3377e-4,-7.263188e-5,1.265818e-4,-6.706164e-4,8.10367e-5,-1.353675e-4,5.962533e-4,5.501113e-4,0.001512649,0.001892942,3.506893e-4,8.23722e-4,0.00101932,0.002252619,0.001407652,0.001472751,0.002106283,0.003358802,0.003723241,0.0039470420000000004,0.004734404,0.004305817,0.005806062,0.005674992,0.0060826710000000004,0.007683426,0.008108981,0.008488695,0.008638429,0.01052072,0.0110443,0.01090996,0.01219906,0.0126999,0.01415525,0.01436387,0.01589767,0.01663617,0.01735475,0.01854032,0.01964715,0.01996348,0.021072,0.0218174,0.02362119,0.02549659,0.02719415,0.02777993,0.02862664,0.03011823,0.03253871,0.03244755,0.03432696,0.03567012,0.03696955,0.0375954,0.03976558,0.04144876,0.04356617,0.04455753,0.04617549,0.04598242,0.04814077,0.04873776,0.05002358,0.05069084,0.05099519,0.05217131,0.05133854,0.05138563,0.05294604,0.05251711,0.0518719,0.05236838,0.05132343,0.05135759,0.05231341,0.05221537,0.05230446,0.05227879,0.052446,0.05220584,0.05202793,0.05252144,0.05230049,0.05388793,0.05504245,0.05583017,0.05567582,0.05627606,0.05775247,0.06230898,0.06373777,0.06418773,0.07203905,0.0865595,0.08776183,0.07974845,0.08203201,0.08476218,0.09023577,0.0933566,0.101088,0.102914,0.1073381,0.1086788,0.1072594,0.1051702,0.114359,0.107612,0.107584,0.09952208,0.07841604,0.02496178,0.08238969,-0.381865,-1.32453
588.219,-0.009001746,-0.01047667,-0.004049403,-0.008833464,-4.085243e-4,-0.005305778,-0.006566443,-0.00859697,-0.01077672,-0.003910672,-0.005328985,-0.007585253,-0.005243713,-0.003618544,-0.00249912,-0.007778601,-5.125462e-4,-0.004785651,-0.001829836,-0.003843483,-4.24783e-5,-0.001359313,-8.941428e-4,-0.002309826,-3.016427e-4,-3.763997e-4,-6.132075e-4,-0.001718809,-0.003498352,-0.002661824,-0.004497683,-0.00126145,-2.318513e-4,-0.005362011,2.702886e-4,-0.005137497,-0.009262974,-0.004970697,-0.002881512,-0.004363803,-0.003814434,-0.003730847,-0.001213748,1.919758e-4,-0.007522728,-0.002439776,-0.004910891,-0.006011185,-0.005571907,-0.002162273,-0.004656023,-0.005303401,-0.004752973,-0.004337109,-0.001665002,6.148112e-4,-0.00490386,-0.004285395,-0.002703083,-0.002917351,-0.004541189,-0.002728342,-0.002919799,-0.003421362,-4.710731e-4,-0.001970211,-0.001825733,0.001376582,0.002185141,0.02769565,0.04349841,0.03012252,0.007940267,-6.88195e-4,-0.001133842,-1.92606e-4,8.337775e-6,-5.592125e-4,-8.710315e-4,-2.078611e-4,-4.115519e-4,5.865487e-4,5.631463e-4,0.001254755,0.001346633,0.001673461,3.079175e-4,0.001277122,9.089555e-4,0.002973024,0.001637253,0.003184697,0.003999992,0.003927356,0.003947066,0.005051733,0.006022948,0.005379176,0.006029513,0.006755972,0.00785121,0.008519501,0.009159174,0.010669090000000001,0.009166467,0.01056719,0.01261472,0.01257818,0.0137259,0.01473336,0.01538344,0.01575107,0.01657307,0.01762456,0.01841363,0.01900759,0.02064425,0.02088218,0.02223475,0.0242637,0.02423563,0.02621368,0.0269839,0.02830688,0.0307794,0.03164201,0.03244068,0.03378412,0.03544525,0.03624946,0.0385394,0.03903976,0.04215037,0.04128713,0.04405876,0.04403102,0.04506865,0.04477832,0.046515720000000003,0.04728279,0.0475278,0.04935799,0.04902759,0.04936288,0.0499533,0.04894851,0.05018143,0.04952204,0.04915478,0.05011244,0.04974237,0.04863509,0.04919102,0.05024512,0.04947725,0.0495805,0.05044511,0.05052365,0.0516401,0.05044292,0.05233261,0.05213632,0.05287054,0.05385637,0.05589701,0.05880118,0.05934915,0.06448241,0.0741328,0.08108557,0.07782711,0.07305407,0.07762334,0.08147632,0.08428856,0.09115882,0.09188735,0.09687729,0.1012119,0.09926137,0.1010213,0.1000203,0.09782445,0.091006889999999993,0.1181579,0.09796957,0.05674342,0.01158925,-0.124904,-0.1778398,-0.2971503
590.57,0.004520763,0.007684474,0.004500563,2.01019e-4,0.005630464,0.002349354,0.008676326,0.01291396,0.002311038,0.006300042,0.003050609,0.003231889,0.002074279,0.005179617,0.00461497,0.003771845,-0.001044028,-3.967635e-4,0.003267041,0.00135446,7.661753e-4,0.002106609,0.001491132,9.074521e-4,4.650071e-4,4.295139e-4,-3.099112e-4,0.001133956,-6.818306e-4,0.003989649,0.002267542,0.005387179,0.004688546,0.004058135,0.001518446,-8.760433e-4,0.002701402,0.0017707,0.003104677,0.002704475,0.001922553,0.001798567,0.003116718,0.004532157,0.002589086,0.001366028,0.003149357,0.004406096,0.003825756,0.002271114,0.001310926,0.002957247,9.566454e-4,0.001942263,0.002391088,0.003329128,0.002619827,0.001404638,0.0020137,5.380281e-4,0.001503392,9.765489e-4,0.002521584,0.001391446,0.002063835,3.305486e-4,0.001154725,0.00282262,0.02475832,0.0490978,0.03857179,0.01236875,0.0023436,8.845593e-4,0.002978501,0.002515534,0.002645739,3.078821e-4,0.001079238,0.002564248,0.002139663,0.001231532,0.002052064,0.001807022,0.002353489,0.003817635,0.003051574,0.004501626,0.003788357,0.004382154,0.004527576,0.004715178,0.005080733,0.004522564,0.004402203,0.006158153,0.007032927,0.006899312,0.007535704,0.007912116,0.008226212,0.008847713,0.009470275,0.009947637,0.01077849,0.01221391,0.01267204,0.01335706,0.01374013,0.01493564,0.01566747,0.01556865,0.01662294,0.01715105,0.01859428,0.01974607,0.02050552,0.02152985,0.02245429,0.02454857,0.02545374,0.02679623,0.0275344,0.02859689,0.02884807,0.03098728,0.03236293,0.03397708,0.03524317,0.03658177,0.03743213,0.03863454,0.04067065,0.041541260000000003,0.04342787,0.04405035,0.04386497,0.04555866,0.04653625,0.04664259,0.04715956,0.04749958,0.04824256,0.04934009,0.04783295,0.04914738,0.04909303,0.0488134,0.04721382,0.04872275,0.04829217,0.04870008,0.04856213,0.04819696,0.04942184,0.04834864,0.04870334,0.04971199,0.04980528,0.05109829,0.05087709,0.05195065,0.05297207,0.05529253,0.05525358,0.05662068,0.05835486,0.0643751,0.07600912,0.07890132,0.07320913,0.07312224,0.07639495,0.08255343,0.08781261,0.09189921,0.09288372,0.1012371,0.09593327,0.1013081,0.1064352,0.1018123,0.1089219,0.109192,0.1130005,0.1364503,0.1330853,0.1491825,0.05297612,0.4956922,2.326094
592.921,-0.003014178,-0.001756451,-0.003681271,0.01236714,-0.00333756,0.002563773,0.00433414,-0.002346546,-0.004802156,6.319436e-4,-0.00244933,-0.003482997,-0.001158409,-0.001831285,-1.060268e-4,-0.003386257,0.002362664,-0.001207071,0.002623162,1.199523e-4,-0.001362178,-2.783032e-4,-3.507428e-4,-5.290716e-4,-8.452566e-4,7.365385e-4,6.190965e-4,0.001045537,-9.051921e-5,-2.313936e-4,-0.00173841,-0.002356492,0.001677854,-2.685799e-4,-0.001794045,-0.00101625,3.368814e-4,8.316385e-4,-1.030729e-4,-4.016628e-4,0.001406715,-0.001692409,-0.001556054,-0.004059016,-0.001018634,-0.002281827,3.559198e-4,7.887833e-4,8.119622e-5,-0.001706064,1.505086e-4,0.002776517,0.001179853,-0.00306641,-0.001792253,6.788804e-4,-0.001162133,-0.001007824,-3.684527e-4,-0.001356069,2.405692e-6,3.406058e-6,-0.001444279,-0.001313884,-9.098741e-4,-0.001101124,0.002655315,0.01209503,0.04041574,0.04374112,0.01657853,0.002334776,3.102707e-4,-1.657241e-4,-3.260978e-4,9.990141e-4,8.955045e-4,2.675044e-4,4.436511e-4,3.258322e-4,0.001648784,0.001163116,0.00142547,3.597216e-4,8.197227e-4,0.001161654,0.001200576,0.002065042,0.003362668,0.00211172,0.003047035,0.003738286,0.003356459,0.00449754,0.004494644,0.005523303,0.005679846,0.005187668,0.006400133,0.007068391,0.007582486,0.008417427,0.009319546,0.009323548,0.009984429,0.0108244,0.01120006,0.01161778,0.01282092,0.01391722,0.01483626,0.01515047,0.01555557,0.016318,0.01710844,0.0189126,0.01870502,0.02024462,0.02155096,0.02289301,0.02373966,0.02486911,0.02613277,0.02740778,0.02788936,0.02885855,0.03013444,0.03213235,0.03227876,0.03415525,0.03478405,0.03705166,0.03830229,0.03856028,0.03956373,0.04068939,0.042901,0.04251119,0.04247139,0.04321662,0.04408823,0.04544033,0.04609416,0.04592789,0.0456959,0.04643199,0.04624063,0.04613748,0.04533061,0.04602939,0.04526723,0.04572306,0.0450416,0.04620145,0.04723876,0.04611795,0.04663772,0.04732354,0.04761797,0.04629925,0.04917277,0.04881802,0.05045045,0.04997518,0.05232389,0.05379463,0.05568876,0.06225155,0.0747361,0.07004073,0.06509485,0.06983185,0.07248974,0.07809917,0.08171368,0.08527284,0.08955105,0.09146885,0.09623289,0.09584897,0.094478210000000007,0.1002206,0.09651991,0.1071079,0.08603246,0.08586474,0.08773776,0.008994125,-0.04388999,0.01890498,0.7817209
595.273,0.001077864,-0.001545557,-0.004500057,-0.003295899,0.001257278,0.004717681,-0.001863126,7.753064e-4,0.003394068,0.00364263,-0.005150758,1.760719e-4,0.001747704,-0.003455286,-3.134076e-4,0.003981778,-0.00175262,8.947959e-4,-0.001420448,0.001676863,-0.001246176,-0.001240798,8.163007e-5,-5.590169e-4,-8.444076e-4,-5.433901e-4,7.442205e-4,6.092751e-4,0.001840669,-6.830329e-4,-0.001207521,-4.883396e-4,-7.141759e-4,-0.003245954,0.005534673,-0.001515288,7.978624e-4,-7.304597e-4,-0.001306414,-3.951908e-4,0.001221667,0.001988671,-4.569679e-4,4.757216e-4,0.003531495,0.001841609,-0.002076068,-0.003248882,3.524803e-4,4.045708e-4,5.806558e-6,0.002287409,-4.12108e-4,0.001698768,-0.001500056,-5.307589e-4,-0.001294779,-5.723863e-4,-6.432289e-4,0.001432899,0.002020639,1.204433e-4,-3.355928e-5,8.410165e-4,-6.212581e-4,-0.001237982,0.01553764,0.03779177,0.03947319,0.02290913,0.004006567,8.955667e-4,-7.612408e-4,7.631276e-4,0.002377302,0.001284956,0.001060306,0.001107521,0.001491949,0.001199748,0.001341098,0.001854563,6.014278e-4,0.001623844,0.002212079,0.001906124,0.001958122,0.003211969,0.003040724,0.003440517,0.00337842,0.0039894,0.003125299,0.003992186,0.004376585,0.004839539,0.005172107,0.005723222,0.00698158,0.007689628,0.007837634,0.007931717,0.009296665,0.009476891,0.009961959,0.01048872,0.0109443,0.0118604,0.01279617,0.0132305,0.01396647,0.01422858,0.01513204,0.01612084,0.01686414,0.01723979,0.01800295,0.01945492,0.02036372,0.02134732,0.02340376,0.02387433,0.02526345,0.02567076,0.02653115,0.02784871,0.02875509,0.02944972,0.03091878,0.03331171,0.03379873,0.03538738,0.03599687,0.0382219,0.03807701,0.03976714,0.0404505,0.03971183,0.04113153,0.04346229,0.0418774,0.04296767,0.04269855,0.04312727,0.04385457,0.04409023,0.04402933,0.04352374,0.04330361,0.04337591,0.04351693,0.04375415,0.04458509,0.04378503,0.04390687,0.04441019,0.04441751,0.04480116,0.04497671,0.04468707,0.04557868,0.04656754,0.04773547,0.04766276,0.05096742,0.05123774,0.05505619,0.06369673,0.07168471,0.0661595,0.06284471,0.06563596,0.07002202,0.07314853,0.0791435,0.07810969,0.08755128,0.08653289,0.08815766,0.08664796,0.08970812,0.09112069,0.09443617,0.08957472,0.08882715,0.1077249,0.1682303,0.08542558,0.1285916,0.5062837,0.2292565
597.625,-0.009561048,2.187218e-4,-0.01049491,0.003114465,-0.001892474,0.009685645,-0.006870173,-0.007718427,-0.004300532,-0.002857022,-0.005782706,-0.001452042,-0.001677977,-0.001127912,-0.002324101,-0.004088847,-0.002208085,-0.002671138,-0.002576247,-0.001850438,-9.281398e-4,-8.276252e-4,-7.78413e-5,-0.001551618,-0.001235537,-9.338254e-4,-7.885868e-5,-0.001463684,-4.590015e-4,-0.001607156,-0.001596794,-0.003751908,0.001699185,-0.001758534,-0.002347031,-0.00432728,3.413943e-4,-0.002624514,-9.068287e-4,-0.003923712,-5.989834e-4,-0.003199418,-0.004485801,-6.574205e-4,-0.004460892,-0.003113587,-8.292527e-5,-0.004061677,-0.003340664,-0.002849626,-9.298177e-4,-3.568097e-4,-3.388587e-4,-0.002274828,-1.772408e-4,-0.002094446,-0.001419372,-0.001520442,-0.001932855,-0.001946465,-0.001322129,0.0020697240000000002,-9.870795e-4,-2.616633e-4,-0.001551243,0.004593898,0.04474055,0.04625191,0.02301401,0.007047863,2.411645e-4,4.079864e-4,3.575864e-4,-9.611019e-4,-0.001273777,-0.00160236,-0.001209843,-7.248403e-5,-4.777062e-4,0.001385064,7.094403e-4,1.07944e-4,2.388483e-4,-6.429659e-4,5.44095e-4,0.001665863,0.00139151,0.002902443,0.002140102,0.002516035,0.002297882,0.003897731,0.004051424,0.003574464,0.004323375,0.005013474,0.005639316,0.005024832,0.005844076,0.00647015,0.006795627,0.008249429,0.008375836,0.008666498,0.009194857,0.009546437,0.01056694,0.01105438,0.012286,0.01243497,0.01320501,0.01418071,0.01432756,0.01518966,0.01672986,0.0163054,0.01743962,0.018537,0.01933401,0.02041591,0.02181097,0.02284056,0.02324129,0.02468543,0.02517244,0.02676921,0.02695345,0.02894125,0.02907632,0.03041676,0.03290058,0.03283651,0.03437189,0.03476432,0.03631944,0.03751564,0.03766577,0.03900643,0.03905959,0.03885911,0.03932213,0.04213291,0.04091316,0.04082108,0.04191872,0.04115656,0.04177005,0.04136354,0.04204898,0.04131042,0.04034406,0.04121142,0.0415888,0.04085708,0.04258513,0.04221418,0.04237143,0.04103673,0.04159461,0.04313368,0.0427,0.04505206,0.04404551,0.04494132,0.04826789,0.05035533,0.05635785,0.06316304,0.06487657,0.05956206,0.0591961,0.06045563,0.06485479,0.06776352,0.07358636,0.07815105,0.08121772,0.08377936,0.08873387,0.0847242,0.09007872,0.08359523,0.09084871,0.08683956,0.0838466,0.0748163,0.09330547,0.02363394,0.07709028,-0.7850362,-0.6014259
599.978,0.002841698,-0.002666264,-0.007243529,-0.002170091,-0.004856299,8.664532e-4,0.00271627,1.937955e-4,5.376981e-4,-0.002075108,-2.281573e-6,8.703891e-5,-2.515255e-4,-0.00143479,-0.002973399,-0.004016191,0.002850256,-0.002848973,-0.001295589,6.835839e-4,-5.91464e-5,-0.00204417,-6.761181e-4,-2.674539e-4,-0.001048713,-1.202904e-4,-0.00157134,5.743039e-4,-7.895956e-4,6.291028e-4,-8.457018e-4,-0.003771862,-4.91642e-4,0.001229292,6.87542e-4,-0.005628198,-0.003309518,-0.001162285,-0.002030703,0.003733658,-7.25858e-4,-0.003814801,-3.973403e-4,-5.685515e-4,-0.001872373,-0.001582718,-0.002001063,-0.003571666,-0.002335117,-0.002383093,-0.003818868,5.232626e-4,-0.001377476,3.56412e-4,-0.003088396,-0.002803014,-0.001841391,-0.001097346,-3.046272e-4,-8.304187e-4,-0.001342394,-0.001478734,6.166865e-4,-6.632859e-4,0.004465916,0.02133506,0.0622463,0.03603094,0.007464352,-2.896883e-4,-0.001683754,4.983356e-5,-9.075645e-4,-2.094179e-4,0.001528652,1.239098e-4,0.001573729,-2.272195e-4,8.241926e-4,0.001203275,7.455654e-4,0.001038711,4.701288e-4,0.001013702,0.002129678,3.470469e-4,0.001396266,0.002121332,0.002659955,0.002720905,0.002790547,0.003318942,0.003845846,0.004166096,0.004896013,0.005145485,0.005086309,0.006102112,0.005654404,0.006161371,0.006961409,0.007943584,0.007954245,0.008792899,0.009368776,0.009753622,0.009881225,0.01099454,0.01140931,0.01209377,0.01328169,0.01377845,0.01408551,0.01483226,0.01489436,0.01599381,0.01687083,0.01791462,0.01834781,0.0198077,0.02159873,0.02199914,0.02310079,0.02373915,0.02435435,0.02554389,0.02735666,0.02780944,0.02845787,0.02876914,0.0298448,0.03249972,0.03288812,0.0341198,0.03533568,0.03494396,0.03530178,0.03625484,0.03749952,0.0383294,0.03839224,0.03896265,0.03923522,0.03958287,0.03946445,0.03946238,0.03926789,0.0396809,0.04016771,0.03959328,0.03898232,0.03933243,0.03900626,0.03994963,0.0399671,0.04014045,0.04012406,0.04056152,0.04060588,0.04204071,0.04280867,0.04328727,0.04243944,0.04453329,0.04548281,0.04682245,0.05620364,0.06214327,0.05994055,0.05613411,0.05663508,0.05984885,0.06318608,0.06601728,0.07138018,0.07258873,0.07803794,0.07760782,0.08386621,0.0846752,0.08369748,0.08264437,0.08863395,0.08267083,0.09230958,0.09730224,0.05652291,0.0488467,0.1628816,-0.09761345,0.1789095
