,800,797,794,791,788,785,782,779,776,773,770,767,764,761,758,755,752,749,746,743,740,737,734,731,728,725,722,719,716,713,710,707,704,701,698,695,692,689,686,683,680,677,674,671,668,665,662,659,656,653,650,647,644,641,638,635,632,629,626,623,620,617,614,611,608,605,602,599,596,593,590,587,584,581,578,575,572,569,566,563,560,557,554,551,548,545,542,539,536,533,530,527,524,521,518,515,512,509,506,503,500,497,494,491,488,485,482,479,476,473,470,467,464,461,458,455,452,449,446,443,440,437,434,431,428,425,422,419,416,413,410,407,404,401,398,395,392,389,386,383,380,377,374,371,368,365,362,359,356,353,350,347,344,341,338,335,332,329,326,323,320,317,314,311,308,305,302,299,296,293,290,287,284,281,278,275,272,269,266,263,260,257,254,251,248,245,242,239,236,233,230
245.598,-0.01865221,-0.03813478,-0.006864185,-0.06659321,-0.05860952,-0.0529852,-0.0679395,-0.03530493,-0.02120976,-0.04078157,-0.005295096,-0.01842424,-0.01753802,-0.01297746,-0.02641189,-0.02390752,-0.01340423,-0.02201644,-0.021863960000000002,-0.02572247,-0.01588316,-0.01300692,-0.01422193,-0.00653669,-0.005754699,-0.007774167,-0.009732024,-0.0100854,-0.007886465,-0.02121728,-0.02177568,-0.02605048,-0.02271692,-0.03591989,-0.04295155,-0.02808722,-0.03076961,-0.03573804,-0.02350434,-0.0133653,-0.02710794,-0.02007399,-0.006159647,-0.01573972,-0.02856581,-0.03148741,-0.02244313,-0.02666383,0.001311361,-0.03490771,-0.0216699,-0.01230042,-0.01631104,-0.02138117,-0.01245883,-0.01476988,-0.01925815,-0.008882348,-0.01121904,-0.01101913,-0.00844747,-0.01223389,-0.01529027,-0.007029449,-0.02271551,-0.01919894,-0.01903466,-0.01346033,-0.007623186,-0.007657711,-0.0135342,-0.007490966,-0.006600747,-0.01138226,-0.006044772,-0.00851081,-0.006855976,-0.007139603,-0.01088376,-0.00593085,-0.008053856,-0.007030351,-0.003331307,-0.01036418,-0.01004315,-0.005625216,-0.004537789,-0.00495878,-0.001844433,-0.005449486,-0.004167506,-0.006672735,-0.006432595,-0.00406026,-0.003212393,-0.002316101,-0.003749685,-0.003647629,-0.004454171,-0.006033246,-0.005076516,-0.002585621,-0.003930489,-0.004596042,-0.003463458,-0.001962486,-0.002231813,-0.003027748,-0.002430761,-0.003786246,-0.001107866,-0.002016152,-0.001804018,-0.002606649,-0.003342736,-5.974099e-4,-0.002658726,-0.003412599,-0.001969506,-0.001834051,-0.003155732,-2.745257e-4,-0.006673956,-0.002517089,-0.002091017,-0.00343795,-0.003613152,-0.003842893,-0.001492235,-0.005173844,-0.00102143,-0.003247975,-8.973878e-4,-0.003669559,-0.005355885,-0.004388432,-0.002828821,-0.004517526,-0.003709582,-0.002575158,-0.005025268,-0.003254115,-3.209062e-4,-8.343583e-4,-0.001802348,-0.0018800380000000001,-0.00181878,-8.61511e-4,-0.003717885,-0.00156218,-0.00243213,-0.001255088,-0.001089265,-0.001752074,1.085865e-4,-0.003793551,0.002156447,-0.002637134,-6.681948e-4,0.001099958,-0.001313191,-6.81257e-4,-0.00289378,-5.416445e-4,-0.002231219,-3.056337e-4,-0.003140569,-0.001031646,-0.002459285,-0.003139772,0.003451243,0.004579643,0.01947113,0.0157468,0.01442957,0.02135099,0.01857704,0.01531758,0.01968022,0.02687832,0.03219198,0.04872167,0.1079653,0.4028666,1.704761,3.002019,2.429151,0.8480954,0.005124115,-0.08368994,-0.1814274
247.837,-0.006142124,0.01293281,0.006655099,0.01208972,0.01821707,-9.54951e-4,0.001904474,0.02540441,-0.004986737,0.03312674,0.006607801,0.01150524,-0.003750799,-0.004602538,-0.001966252,0.005946271,-0.00429969,0.004325197,-0.00133179,0.002653785,0.001178089,0.006681346,0.002791339,0.003368149,3.116274e-4,0.006491808,0.001450147,0.008684714,0.006443315,-4.810756e-4,0.001094692,0.01030349,0.01782798,0.002064348,0.01770039,0.002925326,-0.007233841,0.003871047,0.001712083,0.0173156,0.001684872,-0.01911122,0.0118351,8.345174e-4,-0.00139232,-0.006793423,0.009871345,0.001495579,0.005069403,-0.005500207,0.01410606,0.01747817,-5.025901e-4,0.0012667,0.001311985,0.006312168,0.005334254,-0.001810408,0.002647828,1.81156e-4,0.01310388,0.002738372,-3.55117e-4,0.003431954,-0.003633392,0.003452621,-0.001802139,-0.00128612,-0.002564608,8.419235e-4,0.006622631,-0.005045928,0.008068157,0.003635619,6.075563e-4,0.0078537740000000009,0.001508578,0.002729535,0.003096053,9.635084e-5,-0.006731586,-0.00119147,-0.002367141,3.859058e-4,6.819848e-4,-3.970222e-4,-0.001734441,0.007449514,-2.372381e-4,-9.43012e-5,0.003210947,-0.002084838,6.918181e-4,0.006253098,-3.071831e-4,0.002415629,0.002747889,0.002380217,-0.001176073,0.003977877,6.613565e-4,0.002124897,6.350041e-4,0.00290404,0.001214415,3.552608e-4,-1.644382e-4,0.001556303,-2.726695e-4,0.001079927,7.052576e-4,6.81923e-4,-0.001135503,0.001346078,0.001716344,1.185767e-4,3.060325e-4,0.001283404,-5.663668e-4,0.001869823,5.840238e-4,0.003256758,1.523333e-4,-4.222574e-4,6.646771e-4,0.001343658,-3.812332e-4,0.001528822,0.001826207,0.001453579,0.001765577,0.001380577,0.00122346,0.003311675,-2.709489e-4,0.003595244,-0.001849328,0.002407271,0.002570237,0.001470122,0.001450062,0.002017975,8.226278e-4,0.002064271,0.004233769,9.084931e-4,0.00345498,0.002332376,0.001781307,0.002833902,0.005036624,-3.783265e-4,0.002019363,0.003923558,0.002495518,0.00361916,4.203564e-4,0.002681811,-1.805699e-5,0.004256412,0.005267642,0.005435687,0.005650683,0.006002589,0.008047665,0.009442198,0.005011324,0.005753715,0.009833044,0.004528865,0.01589585,0.02988279,0.02864415,0.0432779,0.03282178,0.04887221,0.03486029,0.03239052,0.04377168,0.06259321,0.05394615,0.07499863,0.2654089,1.254224,2.754077,2.755368,1.06606,0.3019192,0.1573643,0.1803308,-0.05340403
250.076,-0.06733195,-0.01535665,-0.05760464,-0.01855876,-0.02534916,-0.03368526,0.004505043,-0.02445395,-0.03720526,-0.02319132,-0.0174356,-0.02291986,-0.01918058,-0.02972968,-0.001240094,0.001347967,-0.00463349,-0.02562277,-0.00755118,-0.01684574,-0.003596883,-0.008481437,-0.009495631,-0.006600559,-0.004589797,-0.002179179,-0.004813592,-0.01440086,0.004993526,-0.001642811,-0.005589313,-0.02543493,-0.03670744,-0.02656786,-0.01960501,-0.04173785,-0.02895597,-0.006662058,-0.03298441,-0.02801714,0.005504566,-0.0058626320000000004,-0.03706808,-0.00975462,-0.0128951,-0.01611167,-0.0179955,-0.01222235,-0.004234769,0.0120954,-0.02583891,0.002934303,-0.01977804,-0.007656099,-0.01542482,-0.01249115,-0.00725953,-0.007078572,-0.01118694,-0.009260817,-0.0223492,-0.01216121,-0.01336217,-0.01546978,-0.005917405,-0.007767834,-0.01026107,-9.678679e-4,-0.008135756,-0.008805584,-0.003734517,1.213406e-4,-0.01477082,-0.01397555,-0.008436294,-0.001186314,-0.005420483,-0.007470083,-8.945743e-4,-0.01316968,-0.002778876,-3.388078e-4,-0.004905711,0.003919381,-0.003177481,-0.004864157,-0.001917865,-0.003637568,-0.007614561,-0.001078047,-0.002795717,-7.698166e-4,-0.003947398,-0.006768353,-0.004120339,-0.002687306,0.00166231,-0.002549621,-0.001625383,-0.006963737,-0.001495269,-0.002024023,-0.003537316,-0.004846527,-0.003721054,-0.002542813,6.107922e-4,-0.002869869,-0.001391394,-6.342954e-4,-0.001158603,-0.001488961,-0.001559906,-6.778108e-4,-7.302121e-4,-0.001512667,-0.002113724,-7.910239e-5,-0.002514409,-0.003308614,-0.001238699,-0.003201559,5.020403e-4,-0.001034141,6.449701e-4,2.994176e-4,-0.003105466,-0.001269573,-0.002427191,-0.005140989,1.098625e-4,-0.00108413,-2.630253e-4,-0.002365949,0.002034544,0.002007061,1.560683e-4,-0.004114172,-0.002364022,3.24629e-4,-3.093441e-4,5.535661e-5,0.002363739,-0.004354051,0.001691683,-0.002008478,-0.004145299,0.001656897,5.576553e-5,-3.065393e-4,-7.171564e-4,-3.059841e-4,1.875251e-4,0.002349237,0.002318447,6.624707e-4,5.766751e-4,0.001972888,2.459117e-4,7.157634e-4,0.003757769,0.001469848,0.004423192,3.885712e-5,-2.464244e-4,0.002304193,0.00625301,0.004375338,0.008468298,0.01402806,0.02517773,0.02870957,0.03275015,0.04075802,0.03682724,0.05869929,0.03619962,0.0230149,0.04156165,0.03703158,0.06056369,0.2248704,1.180464,3.018427,3.705864,1.775907,0.4340167,0.1335042,-0.01070815,0.1243131,-0.06103977
252.317,0.04905899,0.0109905,0.03253577,0.03199591,0.04801515,0.01395755,0.003560145,0.03239189,0.0157483,0.009538045,0.00790716,7.306089e-4,0.002040803,-0.005421893,0.006923951,0.0116273,-0.007537526,0.00342694,0.003337614,0.003225846,0.009515867,0.002903551,0.003188168,-0.002733602,0.009586548,0.00813304,0.005039335,0.01952006,-0.001482607,8.322322e-4,0.0135968,0.01494115,0.006512882,0.010119650000000001,0.01281264,-0.006604471,0.009102421,0.007672126,0.01220226,0.01003506,-0.002688473,0.009688956,-0.01268765,0.008928726,-0.002686532,0.02812262,0.02003669,0.01343348,0.01126873,0.007784514,-4.60949e-4,0.009376176,2.277712e-4,0.002017292,0.01531972,-0.005025621,-0.002760325,0.01321458,0.008233521,0.0018084590000000001,0.004418255,0.01252298,0.0104126,1.908462e-4,0.003520345,-0.002466021,-0.007273857,0.01275931,7.929195e-4,0.009444168,0.001885738,0.008717267,-0.004324519,-0.004691924,0.003018291,0.004570343,0.002731715,-0.005712988,-0.002996015,0.001471202,-0.005509407,0.003914921,-7.84144e-4,0.004427581,-0.002444637,0.004081402,-0.005573014,-0.00130434,-6.025543e-4,0.002959658,5.304651e-5,0.002765971,0.001852106,0.002511392,7.261399e-4,-0.001519015,-8.168048e-4,-0.003812226,0.001125564,0.002237757,-0.001465955,2.158373e-4,-1.090013e-4,8.39717e-4,2.114044e-4,-0.002834538,3.089298e-4,0.002395033,0.001594812,-4.105532e-4,8.049754e-5,0.001964879,-6.83348e-4,2.334339e-4,0.001382821,0.001868262,0.003302344,-1.402122e-4,-5.612716e-5,-5.290807e-4,0.00402415,0.002188003,0.003434831,-4.437101e-4,0.003134586,0.002210095,0.002827061,0.002462223,-0.001490094,0.001373353,0.002746148,6.026781e-4,0.005065519,0.002797249,-0.001283081,0.004766477,0.002252808,0.004126021,0.001076837,0.004461798,0.004338381,0.003293459,0.002979248,0.003508938,2.067656e-4,-0.001434258,0.002607787,0.001482287,0.002650698,-6.864191e-4,0.003751884,0.003089873,-9.532326e-4,0.002736178,0.001854756,0.005540241,0.003406656,0.006013858,0.005243685,0.008194737,0.009026914,0.009979046,0.009147473,0.009980601,0.007355965,0.003343997,0.007083954,0.01008105,0.01358399,0.02057254,0.03355577,0.04125949,0.03285271,0.0523698,0.04372119,0.05269129,0.05305908,0.07419582,0.07503358,0.09623552,0.1542925,0.8236844,2.512112,3.521407,2.062044,0.4751432,0.1030249,0.09463226,0.01851869,0.07722432,-0.01356255
254.558,0.06857591,0.0641472,0.02904592,0.04449895,0.003820742,0.04712398,0.04559218,0.01401338,0.05276549,0.07423898,0.01944755,0.008223841,0.02461261,0.0484027,-0.003446109,0.02203946,0.03672898,0.03436408,0.02608836,0.01292191,0.0104313,0.00903706,0.01598085,0.004482917,0.01348912,3.694252e-4,0.009757441,0.01096237,0.01191028,0.01708589,0.03167419,0.02673698,0.02121089,0.00971526,0.03362334,0.03720773,0.04614588,0.02079896,0.02797743,0.02982797,0.04631303,-0.009858726,0.0285407,0.03627397,0.03731328,0.04917954,0.03924475,0.02222835,0.01695584,0.01171921,0.01165838,0.01703546,0.02044623,0.01880664,0.02682712,0.01229854,0.01363619,0.001970069,0.01029288,0.008576991,0.02034391,0.01142271,0.003622296,0.01230065,0.01890129,0.01666069,0.01156618,0.01482981,0.009581559,0.0173388,0.008953268,0.01024878,0.01313997,0.009474932,0.00724171,0.00771191,0.01099491,0.005356034,0.019357,0.01094011,0.002906629,0.002350813,0.008041573,0.003812357,0.01227787,0.009099386,0.006886298,0.009266853,0.01247768,0.004317405,0.004943701,0.0148347,0.01051301,0.005083539,0.008364521,0.006604838,0.006138314,0.005458324,8.732675e-4,0.007183716,0.001195719,0.001842416,0.002458243,0.005511079,0.003010348,0.002824786,0.002074055,0.003273301,0.004051095,0.002721386,0.001219767,0.002207534,0.002638995,0.002821398,0.002752757,0.00265164499999999,0.003972556,0.004759243,0.003796382,0.004185097,0.002665685,0.003627204,0.002353198,0.004719106,0.006345336,0.004187462,0.002755075,0.003311824,0.004267305,0.004435149,0.003767211,0.005735538,0.002002389,0.004871075,0.008188239,0.007738647,0.001823862,0.005458952,0.007018066,0.005633814,0.007311159,0.006751359,0.01002464,0.006290449,0.00314837,0.004265006,0.003314769,0.003997788,0.00498739,0.005477559,0.004073737,0.006493894,0.008416016,0.005082438,0.007356204,0.007861834,0.003770991,0.006242805,0.006329754,0.01081956,0.01303501,0.01152642,0.01159756,0.01663138,0.006279858,0.009895063,0.01345311,0.01713402,0.02570791,0.03460638,0.04243272,0.05184501,0.04755977,0.06005585,0.05103243,0.05485835,0.07559401,0.06803375,0.08663265,0.1728224,0.5309994,1.952322,3.268327,2.478495,0.7016707,0.2184233,0.1534281,0.07815112,-0.00775778,0.08413443,-0.06508936
256.8,-0.02657023,-0.02846651,0.001700024,-0.01059545,-0.03494135,-0.01160273,0.003371006,-0.005451976,0.01411224,-0.02228642,-0.001353141,0.01678545,-0.02623217,0.003968623,-0.009220261,0.003982137,0.01310816,-1.538203e-4,0.005438697,-0.01261479,-0.001575687,-3.402099e-4,-0.004632752,-0.002299138,-0.007229676,-0.003057522,-0.001541056,-0.005262857,-0.004320095,5.86118e-4,-0.001842328,-0.00935056,0.00586264,0.01290705,0.02583041,-8.154812e-4,-0.0192362,-0.003214236,-0.00610428,0.009751246,0.002246773,-0.007022078,-0.006006727,-9.995899e-4,0.002509492,0.0208286,-0.007950127,0.006401983,-0.007163104,0.004105102,-0.003207059,-0.003447207,0.0032933,-0.001764432,0.00358568,-0.008213835,1.010993e-4,-0.002466755,-2.085948e-4,-0.01802854,0.004350211,-0.006150125,-0.006101113,0.002461912,0.001962897,9.483148e-4,-0.00561197,-0.001888317,-0.006705095,-0.008678143,-0.001746149,0.001463494,-9.59699e-4,-0.008320569,-0.003219404,-0.002488821,-0.002867018,0.001616383,-0.0095979600000000009,-0.003316908,-0.001589366,-0.003448967,-2.532547e-4,-0.0018986,-0.00679813,-0.004011556,0.004009409,-0.006605005,4.630908e-4,-0.008449559,-3.276155e-4,-0.003428507,-0.00256258,0.001142561,-4.403051e-4,0.00146081,-7.201794e-4,0.002485784,0.001005656,-0.001653954,-0.001101271,0.002812658,0.001488025,3.324303e-4,-0.001850292,0.001977237,-0.001053642,-3.814937e-4,-0.002471988,6.13309e-4,-0.001644682,-1.002916e-4,-2.634734e-4,-1.150057e-4,-0.00113186,-3.271096e-4,0.001022438,-8.097884e-4,0.002047802,-4.627028e-4,-0.003943145,8.641065e-4,-0.002445933,-0.003203436,0.001100627,-0.001316635,-0.002844094,0.001076934,0.002177213,-0.001371782,-0.00175993,3.266511e-4,0.002653574,1.810623e-4,0.002401872,-0.006805182,-1.484695e-4,-0.002115623,2.913243e-4,2.135712e-4,-7.625352e-4,-0.001940446,-9.720849e-4,5.258833e-4,0.001325962,0.001956346,0.002223008,0.001847325,1.549412e-4,0.001279979,0.00256781,0.002141895,0.001449585,0.002147886,0.003440994,-0.00199197,0.004366627,-0.001438271,0.00274945,0.004357245,0.003399037,0.006166229,0.00158555,0.003437097,0.01037899,0.004965343,0.006971594,0.008794314,0.02055952,0.02089738,0.04368766,0.04479768,0.05736362,0.05108525,0.05855616,0.04613535,0.04914715,0.05840611,0.1034033,0.4020787,1.465785,3.035486,2.76768,1.068952,0.1561272,0.04007515,0.07634796,-0.01636735,-0.09733447,-0.1582563,-0.03356353
259.043,0.006280622,-0.006306856,-0.005306593,0.009327308,0.01463938,-0.02057573,-0.010478,-0.04860009,0.01017971,-0.01762786,0.004296839,0.004596729,0.01140799,-0.01104321,-0.0102498,-0.003596715,-0.00699623,-0.007710988,0.003956085,-0.006065305,0.001084217,-0.001967424,-0.01273679,-0.00269507,-8.366082e-4,0.006046323,-0.005960035,-0.005369185,-0.005380419,-0.00278738,-0.010493,-0.02810548,-0.01460382,-0.02342226,-0.01387096,-0.005844191,-0.004165983,0.01075623,-0.002611736,0.02566885,0.003825191,-0.01601004,-0.002380803,0.009926743,0.004913534,-0.02715346,-0.01322262,-0.02778603,-0.005700198,-0.01065671,-0.006997096,-0.00449205,-0.003049151,-0.002570576,-0.01281076,-0.006962035,-0.01857171,4.124123e-4,-0.0167365,0.001437794,0.003507157,-0.00533156,0.01080817,0.001041419,-0.00646015,-0.01179118,-0.008451486,-0.01451444,-0.004878223,-0.007645126,5.581927e-4,-0.007467899,-0.007256907,0.007066973,-0.004200876,-0.002787377,-0.002235248,0.002398264,0.00222916,0.003190846,0.004029071,9.320324e-4,-0.001726792,-0.002151335,-0.002739964,-0.005133966,-0.001986959,-0.003355742,0.004271683,-0.004076387,5.719125e-4,-0.002609536,6.310307e-4,-0.002617169,-0.00187968,-3.158605e-4,-1.792167e-4,-6.953064e-4,-1.496257e-4,-3.081466e-4,0.002579897,0.002249276,-0.003015365,-0.001179061,-0.00106111,6.879765e-4,-2.877612e-5,-1.822262e-4,-0.002510149,2.216735e-4,-5.861586e-4,4.229604e-4,6.434624e-4,-2.416966e-4,-3.820619e-4,-0.002338836,-7.815513e-5,-0.001367756,-0.00253402,-0.003583898,-0.00100796,-4.211149e-5,-0.003361705,-2.375221e-4,-0.002328178,-0.001376735,-0.001204223,-9.719948e-4,-5.928854e-4,7.419151e-4,0.002371579,0.001391674,-1.235279e-5,-7.533347e-4,-7.462159e-4,-0.003181528,0.002150596,-0.002387436,-0.001748737,0.00273477,0.002116194,-2.412465e-4,7.071487e-5,1.579565e-4,0.001552994,9.144077e-4,0.003935084,0.002332133,0.001029573,0.006509479,0.003363442,0.001395119,0.001894933,6.355112e-4,9.645988e-4,0.004998678,9.565862e-6,0.003264218,0.001008945,0.004282843,0.005565304,0.003384984,0.006199079,0.001490222,0.006459203,0.006430072,0.01940061,0.01695981,0.03048216,0.03879758,0.04174647,0.04013938,0.04952359,0.04002199,0.04663029,0.03846642,0.04297787,0.09111387,0.2405438,1.344784,2.740634,3.099919,1.368562,0.2422635,0.0837631,0.04288664,-0.0131448,-0.07605913,0.09839997,-0.06567332,0.0996719
261.287,0.02478499,0.02252802,0.07516085,0.07272315,0.06576482,0.06785666,0.06951293,0.01783301,0.04041112,0.05192498,0.01318107,0.01771937,0.01854886,0.03546663,0.01950726,0.02311593,0.01580108,0.01354095,0.01801488,0.01497919,0.01055923,0.01389878,0.007549957,0.009617087,0.003679763,0.01748897,0.003981094,0.009236819,-1.022796e-4,0.01703204,0.01970118,0.02859616,0.04388976,0.009311516,0.02487716,0.02188055,0.01900921,0.01557882,0.04492329,0.01571647,0.01861336,0.02229657,0.03133648,0.01457088,0.0316875,0.02380294,0.01750525,0.02775945,0.01188393,0.02274124,0.01029856,0.04052585,0.029591,0.01714844,0.02847225,0.01834387,0.01580714,0.01829107,0.002505477,0.02071252,0.0233738,0.01761256,0.01189563,0.02207583,0.002704282,0.01895362,0.01175857,0.01036176,0.01090565,0.002788998,0.00768359,0.01699796,0.008866783,0.00562489,0.01105378,0.007703923,0.01560201,0.01152219,0.009201428,0.002991078,0.007130094,0.002469448,0.01064442,0.007272734,0.007606189,0.01067423,0.01504007,0.003947092,0.005607982,0.004303598,0.00194221,0.003618149,0.007639397,-0.001529357,0.007917736,0.005517915,0.004391058,0.002689894,0.004737974,0.005091463,0.001461389,0.003330364,0.005994271,0.001638467,0.004542125,0.001650595,0.001299678,3.728851e-4,0.003559394,0.0016489,4.331322e-4,4.187221e-4,0.002102665,0.001955694,0.001150639,0.002313065,-2.406885e-4,0.005823175,0.00462046,0.001147946,0.001706123,0.003556585,0.004960815,0.005744986,0.002055565,0.005095044,0.005096965,2.458924e-4,0.002153564,0.00367554,0.005422292,0.006886206,0.006563783,0.004985311,0.005086765,0.005618961,0.004326549,0.003489547,0.01108046,0.004992592,0.00394247,0.002766371,0.00915382,0.004066825,0.00870581,0.007096356,0.004223408,0.002541128,0.004236879,0.004811494,0.006057096,0.005210692,0.003720274,0.007532109,0.005531477,0.006817642,0.01034302,0.01070356,0.0110564,0.00944552,0.0140352,0.01400547,0.01441645,0.01635622,0.01057483,0.01517028,0.02670012,0.02331506,0.04845913,0.05374945,0.06421649,0.05127304,0.05788737,0.06047595,0.0696482,0.06332661,0.09096739,0.1934528,0.9063022,2.983725,3.136048,1.68508,0.3870117,0.1426514,0.1069574,0.1521714,0.1166865,0.02111226,0.1272241,0.1014645,0.2625078
263.532,-0.06629282,-0.07912287,-0.06391697,-0.05090961,-0.01839706,-0.04871411,-0.062794,-0.0476739,-0.07281383,-0.0437229,-0.01864379,-0.01605794,-0.01753064,-0.008777068,-0.02514974,-0.02981737,-0.0348431,-0.0197762,-0.008089934,-0.01736795,0.002591899,-0.02251931,-0.009120419,-0.01134708,-0.01339382,-0.008770025,-0.004092198,-0.01516924,-0.01748825,-0.005852063,-0.01887684,-0.02996081,-0.002810438,-0.02275825,-0.04855121,-0.0300864,-0.01008625,-0.008203769,-0.02460987,-0.03188867,-0.02763622,-0.02051506,-7.278098e-5,-0.03091476,-0.01212511,-0.01800959,-0.04116464,-0.01557987,-0.02718223,-0.002749436,-0.02060528,-0.02940375,-0.015166,-0.02474842,-0.02727817,-0.02310057,-0.02092659,-0.02293383,-0.01462417,-0.02106071,-0.01820021,-0.0211426,-0.00713437,-0.01211787,-0.01343575,-0.01773533,-0.01145576,-0.01024251,-0.01337947,-0.006088043,-0.01233816,-0.01169043,-0.01631122,-0.00756585,-0.01259237,-0.01008949,-0.003293975,-0.01889926,-0.008981097,-0.003094962,-0.006944996,-0.005250345,-0.0099023,-0.01350687,-0.005359231,0.001472723,-0.006481118,-0.004886119,-0.008731123,-0.00618451,-0.01284169,-0.005731549,-0.002865229,-5.463999e-4,-0.004233538,-0.006991648,-0.004441567,-0.005794466,-0.003429135,-0.002190709,-0.005416027,-0.005726869,-0.002766296,-0.00225875,-6.092031e-4,-0.003730531,-0.001555293,-0.00153249,3.865547e-4,-0.002422135,-4.084737e-4,-0.001297745,-0.003101709,-0.002620878,-0.003744277,-0.001259631,-9.859168e-4,-0.003638534,-0.006680396,-0.007892374,-4.171638e-4,-0.001318253,-6.050675e-4,-0.001414415,-0.001955957,-0.004200681,-0.005562467,-0.004252764,-0.00247508,-0.001537596,-0.004119258,-0.002009006,-0.002614755,-0.001697081,-0.007022672,5.399301e-4,-0.001065309,-0.002700527,-0.004245782,-5.16034e-5,-0.003101622,-0.00469154,-3.195851e-4,-0.004316835,-0.001852619,-0.005173982,-8.549431e-4,-0.003077018,3.374981e-4,-0.003084646,-0.001645793,-0.001745898,8.897322e-4,-0.002441218,-0.002157422,0.002432586,6.458958e-4,1.463683e-4,0.003199189,0.001934085,0.005543176,0.00609927,0.005137491,0.004511952,0.002327808,0.012900440000000001,0.01505109,0.02756887,0.03687849,0.03838546,0.04307458,0.03911771,0.05550623,0.03504734,0.04202911,0.0727985,0.1183007,0.4824112,2.147944,3.841792,2.04632,0.4968675,0.0712366,0.01293128,-0.03284224,-0.09154384,-0.1137767,-0.1213485,-0.08989792,-0.05557481,-0.06460249
265.778,0.02341476,0.07695215,-0.02111703,0.04547073,0.04901175,0.04086344,0.03351727,0.04838799,0.01040245,0.0286367,0.004956068,0.0227102,0.01739611,0.00491373,0.01435852,0.01529713,0.01971168,0.008558851,0.01735183,0.003814636,0.006360509,0.001710748,0.01634767,0.002249842,0.004720876,0.00475069,0.00358315,0.002643995,0.008143291,0.01184591,0.0015948,-0.003840519,0.01726813,0.02489948,0.0101386,0.02928976,0.01337954,-0.00292631,0.01694136,0.01993394,0.01212249,-0.003390153,0.02758084,-1.944741e-4,0.01136237,0.02113988,0.01523614,0.004223224,0.02239557999999999,0.004537673,0.01155335,0.01145983,0.007164114,0.0172067,0.003405918,0.00524985,0.007501031,0.01277808,0.01415785,0.007010818,0.007289245,0.005115392,0.01023823,8.675366e-4,0.014113530000000001,0.003810666,0.01214216,0.009269275,0.002356765,0.01376443,0.008675761,7.669353e-5,0.004050798,0.007621386,-8.900557e-4,0.005490719,0.00058680030000000005,-0.001771467,0.005833682,0.01052301,6.847716e-4,0.002223477,0.00266541,0.001839151,0.01330235,0.004635378,0.006176323,0.002983825,0.009154378,0.002079339,0.007784469,0.001672231,9.360365e-4,-8.601096e-4,0.005099096,0.001658738,0.00209555,0.006801406,0.002855233,-3.004866e-4,0.003935039,0.007041333,0.001064076,0.002059676,3.336576e-4,0.003315581,7.486524e-4,0.001620465,0.001003413,4.40296e-4,3.329164e-4,0.001559653,0.001291879,0.001607002,4.567476e-4,0.001735439,0.003368954,0.001107271,0.004292389,0.002421823,9.078509e-4,0.004087154,-0.00113225,-5.963778e-5,0.005931775,-0.001141344,0.001596954,0.002088845,0.002687968,0.002704941,0.006322026,0.001752466,0.005180146,0.009126155,0.002200746,0.003037432,0.00243786,0.00462067,0.004420161,0.006752458,9.312632e-4,0.00427858,0.001418788,0.002402433,0.002010325,0.003004739,0.001434793,0.004265859,0.003757354,0.006521423,0.003395586,0.003936595,0.005219821,0.004518769,0.006677486,0.005168235,0.009208807,0.00793699,0.01023755,0.008252315,0.008856774,0.01067788,0.01023189,0.01110798,0.01277059,0.02675641,0.03017932,0.0456354,0.04971196,0.04989744,0.063335,0.06231517,0.06188351,0.05587761,0.06194295,0.1019229,0.3384522,1.563459,3.248472,3.172116,0.8170353,0.1511461,0.08876619,0.07529683,0.05620766,-0.04026541,5.668935e-4,0.07394857,0.06412996,0.1753551,0.07384493
268.025,0.01980275,-0.001480791,0.0120738,-0.02292771,0.02629671,0.05381162,0.03300231,0.001369824,-0.01161456,0.04513793,0.02296669,0.01198845,0.01246593,0.006951122,0.01603111,0.02491734,0.01038452,0.01218693,0.01727593,0.01608317,0.01063325,-0.002708818,0.008109014,0.001560235,0.008922829,-5.954175e-4,0.005054126,0.00785449,-6.130955e-4,0.00164704,0.005421386,0.01512868,0.03787575,0.001994776,0.008270567,0.02662912,-0.006283522,0.009834099,0.006733285,-3.411916e-4,0.01334296,0.024921,0.01210437,-0.00684192,0.01547013,0.006726142,0.01074636,-6.162594e-4,0.01766971,0.01144757,0.01853746,0.01081313,0.00336815,0.01250088,0.01129596,3.137707e-4,3.073818e-4,-0.005168734,0.005846362,0.006809457,0.009413636,0.008932283,0.002414035,0.003121232,-0.004095576,0.01416743,0.00645493,-3.61868e-5,0.005531282,0.009380279,0.006879495,-0.005265307,0.003628837,0.002213842,0.004623167,-9.551807e-4,-0.00527829,0.01053507,-0.002813097,0.003475617,0.004528429,7.15826e-4,0.005032093,0.009767624,-5.511926e-4,0.002969233,0.007496287,0.002132014,-0.001372079,0.01079632,0.006696523,0.002939284,0.002388641,0.005103125,0.004478578,-0.001035869,0.001832301,8.881243e-4,3.677277e-4,0.001636781,2.390672e-4,-0.001297171,-3.201309e-4,0.001407808,3.715827e-4,0.00193394,0.002728003,0.00258617,0.001678484,3.762246e-4,0.003207855,0.002008363,0.00150556,9.300029e-4,0.00119846,0.001282024,0.004111487,9.344383e-4,0.002991738,0.002716262,0.004643207,0.001968328,0.003253575,0.003567559,0.002093348,9.521403e-4,0.001089929,0.003531597,0.003115067,0.002005382,0.002069549,0.004702421,0.004449279,0.001754758,0.004948892,-0.001025479,-3.594808e-4,0.002950323,0.00141629,2.076628e-4,0.001010278,0.003620208,0.00397411,0.002667565,0.007304487,0.002971479,0.003024938,0.001737861,0.004552235,0.00323626,0.003814402,0.00114325,0.003096836,0.001185521,0.007078009,0.007081851,0.009643113,9.891224e-4,0.009172299,0.007297533,0.007700571,0.003644958,0.01719714,0.01836429,0.02482964,0.03048848,0.04470904,0.04147237,0.04891871,0.05044723,0.0490284,0.0524593,0.06883775,0.07082925,0.09070068,0.2348123,1.139765,2.641228,2.899843,1.463072,0.1909413,0.09618398,0.02073641,-0.007015317,0.0696764,-0.05598153,-0.04895757,0.04283695,0.02484445,0.006890518,0.3015653
270.273,0.0279222,-0.01094052,-0.05902811,-0.02619686,-0.01659257,-0.05443061,-0.0250721,-0.01213828,-0.03856623,-0.05822583,-0.0378075,-0.0155516,-0.01853639,-0.008243556,-0.004560993,-0.03021708,-0.01225226999999999,0.001755519,0.001115159,0.002145472,-0.02240947,-0.008999339,-0.008198883,-0.003545194,-0.0108366,-0.004236073,-0.01077978,-0.01173221,-0.009431221,6.494215e-4,-0.01228023,-0.01075649,-0.0390859,-0.01392309,-0.02623344,-0.02442624,0.01534557,-0.04251847,-0.02271381,-0.02145262,-0.02506817,-0.01488702,-0.02553992,-0.01315756,-0.01618465,-0.0170491,-0.008885318,-0.005918943,-0.02875518,-0.02916079,-0.02934606,-0.002388014,-0.007964452,-0.02926955,-0.001620747,7.888864e-4,-0.006361173,-0.006046274,-0.01700403,-0.02301145,-0.01525622,-0.007110179,-0.005173117,-6.253945e-5,-0.02556924,-0.01761827,-0.0157151,-0.004741759,1.666742e-4,-0.0102564,-0.0034323,-0.007604382,-0.001990135,-0.005826841,-0.001486686,-0.008585319,-0.005795337,-0.007984545,-0.01012344,-0.009076901,-6.382533e-4,-0.001123575,-0.001257971,-0.005537377,-0.004722847,-0.005195786,-0.001523951,-0.00398207,-0.01109623,-0.00821905,-0.005856307,-0.007637285,-0.003861289,-0.002586881,-0.00279098,-0.003223633,-0.003809047,-0.001648268,-2.590079e-4,-0.002947877,-0.003128387,0.001905229,-0.003397176,-0.003492223,-0.003794801,-0.002071976,-0.002647218,6.749904e-4,-2.721071e-4,-0.001252393,-7.503814e-4,-0.001468674,9.205564e-5,1.987903e-4,-0.001300879,-0.001094965,-7.989646e-4,-0.002986315,0.002074168,-0.001208319,8.696268e-4,-0.002926734,-0.00119834,-0.004331585,-0.002826562,-1.790507e-4,9.207187e-4,-0.003776668,-8.776314e-5,-6.929475e-4,-9.96672e-4,-0.003129535,-0.004472654,-0.003936106,-0.004945817,-0.002717065,-3.2555e-5,-0.00125688,-0.004450608,0.004629411,-0.00208167,-6.535635e-4,-0.003330286,-0.002204684,-4.999137e-4,9.633285e-4,-7.981496e-4,0.00281224,-1.821205e-4,0.003010427,-1.058437e-4,0.00304124,-0.002921278,-6.934051e-4,0.004108003,0.004257438,4.298641e-4,0.002409511,9.022629e-5,0.003004979,0.01231582,0.003169044,0.008038274,0.01002186,0.02182749,0.03188414,0.03240685,0.04361308,0.04709801,0.04791991,0.04805699,0.05549878,0.04183469,0.06776312,0.1670314,0.7730041,2.264741,2.716947,1.56082,0.3482129,0.05666442,0.05003288999999999,0.04748627,-0.01649927,-0.09939037,-0.1721328,-0.1616179,-0.1079619,-0.02336714,-0.0940816,-0.09589613
272.522,0.05137536,0.02786212,-0.002410153,0.01803192,0.02493713,-0.007854072,0.03545086,0.02376426,-0.002363104,0.03670356,-0.005494883,0.01770942,0.002964378,-0.009823511,0.01922315,-0.003215041,0.004112765,0.02226189,-0.003972549,0.005444974,0.001090695,0.005276188,0.008765935,0.005089056,0.001956827,0.006606785,0.007725972,0.01061269,0.009969333,0.01145899,0.01667771,0.01134246,0.009419775,-0.004825173,0.01776173,-0.008077881,-0.001055234,0.02454732,0.01082585,-0.003270065,0.01432132,0.005874467,0.01673129,0.03381674,0.009355078,0.02686469,0.02445421,-6.170655e-5,0.01014336,0.02815738,0.02308189,0.01551304,0.01072013,0.01235935,-0.002968352,0.004345598,0.005491645,0.004202782,-0.0032429,0.009853495,2.273962e-4,0.01559853,-8.967783e-4,-0.004041909,0.007461912,0.004840303,0.01300673,0.006743509,0.01684824,0.004484598,0.006574626,-0.0041977510000000004,0.01122934,0.001926183,0.002678963,0.007097454,-0.002042878,0.01354475,0.003559624,0.003173057,-8.84345e-4,0.003511248,0.006303646,-2.907808e-5,0.006349009,0.00414222,0.004573989,-0.002915334,0.001443148,1.815158e-4,0.007578798,-4.200068e-4,1.104635e-4,0.005055138,0.006997313,0.005135712,0.002127917,0.003998863,-8.240441e-4,-0.007034326,-2.716226e-4,0.003415574,0.002640314,7.354172e-4,0.002635262,-3.660179e-4,0.002013926,0.002485551,4.844717e-5,0.001736376,-2.227179e-4,0.001324516,0.001310199,3.995189e-4,0.001502345,-1.474771e-4,0.001684545,0.004232099,0.001183293,-0.00187121,0.005667802,0.005304195,0.006161485,0.004326504,0.002070201,0.004793615,4.853082e-4,0.00477574,0.004190258,0.005075878,0.007020916,1.778773e-4,0.00372696,0.004169927,0.003062963,0.002371193,0.004825722,0.00478364,0.001484122,0.00502973,-0.001734201,0.001133763,0.004487468,-0.00260823,0.004940665,0.003820095,0.006359837,0.0045138,0.004022262,4.9193869999999e-4,0.004717066,0.008475462,0.005427811,0.005418135,0.007306022,0.00429473,0.007805516,0.005033146,0.0109869,0.01052397,0.01396708,0.01286128,0.02598398,0.02656914,0.03211553,0.04147913,0.05684551,0.04077699,0.05358715,0.04837038,0.05234615,0.06640329,0.07645902,0.1407491,0.5421765,1.793229,2.699089,1.819081,0.483142,0.1178776,0.0730534,0.04970787,0.02092567,0.0317043,-0.007598538,-0.07480484,0.0259336,0.06874554,0.0892428,0.1528865,0.2197368
274.772,-0.04403139,0.02379479,0.001356512,0.007023812,-0.01144096,0.02904086,-0.03279137,-0.02701937,-0.02791374,-0.02870877,-0.01085256,-0.009215099,-0.01795468,-0.008230812,-0.009027421,-0.0023835560000000002,-0.005815298,-0.02414898,-0.003877943,-0.015775,-0.005858382,-0.004189525,-0.00361092,0.002384,-0.003389944,-0.01337562,5.34692e-4,-8.200393e-4,-0.01064967,-0.002591364,-0.01191429,-0.01192182,-0.03689549,-0.01702296,-0.0163725,-0.009660797,0.005547638,0.001675694,-0.001507641,-0.01701393,-0.007492544,-0.01590609,-0.01024662,-0.015423890000000001,0.002946759,-0.01612505,-0.007413805,-0.006142778,-0.004923562,0.01917099,-0.01137809,0.01012488,0.001578085,-0.03124045,-0.005250573,0.001744901,0.003274328,-0.007487585,0.005119727,-0.01005862,-0.00735793,0.006683404,0.00389577,-0.006270988,-0.001193088,-0.002033089,-0.02106542,-0.00332135,-0.007696744,0.001631725,-0.002127692,-0.001939804,-0.00560169,-0.006787969,-0.005620687,-0.002099243,-0.00263268,-0.005880911,-0.00557356,-0.002578311,0.001297601,-0.008569399,-6.229532e-5,6.642378e-4,0.001372885,-5.143411e-4,-0.001633027,0.006684289,-0.00298583,-0.007019024,0.002441232,-0.004257224,7.630019e-4,-0.007233014,-0.003645681,-0.002575925,5.32677e-4,-0.001208414,-0.002629846,-7.665861e-5,-0.001296417,-0.003311322,6.434681e-4,-9.762898e-5,-6.625411e-4,-0.002435689,-0.002465184,-9.032887e-4,-0.001877688,4.490337e-4,-0.001247249,5.547578e-4,2.659351e-4,0.001539818,-3.218944e-5,-0.00168609,-0.001477444,-7.262513e-4,-4.571189e-4,-3.558087e-4,0.001450827,2.63698e-4,-0.002846626,-6.462369e-4,-0.0021495,6.445152e-5,-5.187185e-4,0.001073696,-0.002256373,-0.002332809,-7.809924e-4,0.001149155,0.001571433,-3.258256e-4,-0.002009087,0.002374979,-0.001456168,0.001462839,-0.002000239,0.001895295,-0.00142592,0.002731094,-2.14457e-4,-2.82373e-4,-0.002520775,8.657089e-4,0.002683324,-2.724919e-4,0.001582034,-0.001982053,0.001390023,0.002072799,0.004954716,0.001531004,0.006499698,-0.001425515,0.003406128,0.002239778,0.006992978,0.009090697,0.006523072,0.009785424,0.02245611,0.03143659,0.03507629,0.03982434,0.04502657,0.04733284,0.04265943,0.04882296,0.04980452,0.05472697,0.09871682,0.2735012,1.293874,2.528592,2.051284,0.6212553,0.1083093,0.08884345,0.06232547,0.02592182,-0.05514361,-0.07180749,-0.08055319,-0.03083633,0.003519232,0.06143271,0.01569772,-0.07798668,0.04706893
277.022,0.02107591,0.06851876,0.01376585,0.0161224,0.03096126,0.04934132,0.01739337,0.03611998,0.02535501,0.009796226,0.007537309,0.007294326,8.945054e-4,0.02304988,0.02013643,0.004214881,0.01721418,0.01012468,-0.00584184,0.01005906,0.005761314,0.006621467,0.008722417,0.008692741,-3.164808e-4,5.211763e-4,0.006276415,0.01066297,0.003476173,0.003623135,0.009858696,0.006927601,-0.003844573,0.02577584,0.02329447,0.007813512,0.00871082,0.008756405,-0.008189377,0.03227925,0.01602898,0.01415014,0.01488093,0.005055631,0.01608731,-0.005142975,0.01851151,0.001863206,0.007287366,0.004364824,4.743315e-4,0.01590737,0.003025121,0.01553679,0.005482174,0.006793835,0.01547032,0.002265278,0.009921454,0.01682875,0.00538416,0.004964639,0.003752215,0.01291881,5.261407e-4,-0.01114914,-0.00548423,-0.007317383,0.007288135,0.009250579,0.001058614,0.003844796,0.001686387,0.01401328,3.954158e-4,5.256373e-4,0.00721402,0.003073723,0.007804957,0.003764958,0.002393282,0.002876872,8.204927e-4,0.001817658,0.002710539,0.001453081,0.002071444,0.008070712,3.321755e-4,0.003693043,-5.704255e-4,-0.001781836,0.005970691,9.010594e-4,-6.683236e-4,0.002024821,0.001779064,0.00141072,0.001166618,0.00119467,0.004649219,0.001203883,-9.912939e-4,0.002072507,0.001514597,-5.317629e-4,-9.555832e-4,8.758736e-4,0.001524137,7.7885e-4,0.002861917,0.00211297,0.00138339,0.001899995,0.002662631,0.002122355,0.003367221,0.002869345,4.209635e-4,-1.961456e-5,0.002361979,-3.019836e-4,-0.001496739,0.003264818,0.003493655,0.001787754,5.8582e-4,0.001562509,0.00100426,0.001832133,0.00290369,-5.432986e-4,0.002074493,0.004673548,0.003024596,-7.557329e-4,0.001573255,0.002152906,0.00676729,0.001161219,3.063312e-4,0.004683602,0.00147801,0.003217156,0.003596193,0.003027879,0.003769145,0.003279038,0.005011261,0.002400858,0.00386271,0.002541241,0.005224259,0.00345764,0.006816498,0.004375648,0.009177429,0.008223972,0.008196366,0.010132,0.01482673,0.02732279,0.02774766,0.03973384,0.05254194,0.04469122,0.04860464,0.04747492,0.0470145,0.0438322,0.06839691,0.08690143,0.1923992,0.8896308,2.178689,2.155932,0.899384,0.1625052,0.07007625,0.08582587,0.04240612,0.03623295,-0.03582334,-0.003852961,-0.04671124,-0.01077235,0.1138515,0.04831387,0.04302406,0.1844142,0.07240365
279.274,-0.002581483,0.02463702,0.008663431,-0.01201379,0.03580047,-0.02031622,0.004593124,-0.005642264,0.02880393,0.00339197,0.0114824,-0.001582163,0.00101186,0.004910519,0.005854565,-0.008130034,0.01302988,0.01466359,0.01030168,0.01088108,-1.979574e-4,0.002132725,0.001548207,0.005215413,0.009710471,0.002842584,0.003256197,0.001754725,-0.004251773,-0.002415389,-0.004949743,0.009385852,0.006244061,-0.006690391,0.00359271,0.002692307,-0.007271119,0.007750377,0.008276929,0.001584935,-0.007954053,0.01030918,0.002441947,0.01388871,0.0202533,-0.01322905,-0.004350122,0.004482069,3.876034e-6,5.405433e-4,0.008415435,0.01205566,0.01751307,0.006251144,0.002284695,0.001505768,-9.369002e-4,-0.00606773,-0.002753345,-1.494979e-4,0.01118788,0.002291851,-0.004257315,0.01532295,0.002436649,0.00910639,0.007739471,0.006285598,0.001913181,-4.018996e-5,0.003917899,-0.003011024,0.005339891,0.005645437,-0.004993486,0.00114158,-0.002577639,0.01160034,0.003567355,0.002147408,-0.002628398,0.005528306,-0.001398051,0.008205555,0.006622028,3.875998e-4,0.002561415,0.007086866,3.144225e-4,2.623009e-5,-3.070564e-4,-0.002973234,0.002751238,1.303905e-4,2.534376e-4,0.001728885,-8.746177e-4,0.002990278,-5.315218e-4,-6.775615e-4,6.485261e-4,0.001298208,5.860722e-4,0.001550809,-0.001513732,0.003563284,8.639314e-4,-3.988696e-4,0.001296758,4.227879e-4,-0.001018083,-4.212525e-4,-1.824038e-5,-0.001411871,-1.277302e-4,0.00346434,0.001574485,0.001658276,0.00324387,9.398659e-4,0.003482282,8.793513e-4,5.386459e-4,0.00339494,0.00173336,0.001595167,1.666974e-4,0.002207359,6.059629e-4,0.001998392,0.001240466,5.647118e-4,0.001703022,0.001753601,0.001944175,6.82735e-4,0.001848466,-0.00136717,0.002956131,-8.615781e-4,0.004330221,0.003361869,0.002734631,0.003427545,9.702708e-4,0.002170019,0.003055598,0.003164631,0.006383679,0.004482307,0.001639466,0.003695788,0.00201713,0.004904507,0.006733679,0.005516792,0.009515641,0.008449371,0.007759961,0.008088523,0.02627425,0.03924268,0.0373034,0.03727013,0.04859168,0.05086177,0.04144192,0.04531822,0.05118697,0.05355741,0.06787372,0.1419301,0.5744362,1.748073,2.175706,1.118567,0.2084539,0.09076098,0.06345741,0.0556695,0.02362334,0.0294485,0.007380007,0.003350054,0.02055581,0.06001568,0.0617013,0.03091813,0.03988483,0.049727,0.07410453
281.526,-0.0186398,-0.01872743,-0.02262266,0.007199255,-0.003616411,0.008934153,0.02403788,0.005332445,6.596433e-4,0.01566018,-0.0258213,-0.01011807,-0.003012305,-0.006111816,1.279053e-4,0.006794044,-7.506975e-4,-0.0121395,-0.005570251,0.01233789,-0.002062236,-7.740919e-4,-0.005570074,0.001709583,-0.001488106,0.0017461,-0.002845059,-0.008828749,0.002932214,0.001196682,-0.01533161,-0.002136399,0.01308277,-8.750396e-4,0.02909842,-0.02039965,7.973452e-4,0.01087563,0.002016486,0.001425128,-0.001341523,-0.002496759,0.002391592,-0.005923905,0.01926698,-0.00309149,-0.004916315,-0.008891407,0.003601087,3.76741e-4,-0.005944196,0.01859224,-0.005981599,0.001355204,-0.007880136,-0.002300753,1.231845e-4,-0.007469724,0.005237703,-3.710183e-4,-0.01444023,-0.007874256,0.002341159,0.008738818,-0.00681531,-0.002162556,2.928076e-4,-0.002955927,-1.294092e-4,-0.007444833,0.006193265,0.003825978,-1.147849e-4,0.002761714,-0.003096848,-5.038371e-4,-8.81624e-4,-0.003383168,0.006363078,0.002378244,-0.001472696,0.003794756,-0.004479569,-0.005370285,-0.002136225,-0.0028889,-0.00394554,-0.002631117,-0.003076482,0.001540623,0.003499219,0.003568743,5.010023e-4,-0.004740822,0.00383358,0.001930205,0.001417111,4.52438e-4,0.002558844,-0.001851513,-0.001277299,-6.434532e-6,-0.0032257,0.002337925,3.329927e-4,0.001044835,0.001449625,6.152603e-5,3.654781e-4,-1.099142e-4,7.213592e-4,-2.452002e-4,4.42151e-4,-8.970164e-4,9.082482e-4,-0.00184259,-0.001511012,0.001396507,-0.001435366,9.236757e-4,9.732449e-4,3.539866e-4,7.934246e-4,5.314965e-4,-0.001026849,0.001528986,-6.653103e-4,-0.001366954,-0.001965234,1.71432e-4,0,0.002579904,-0.001387055,0.002961367,-0.00210571,0.001335334,-1.354613e-4,-0.003444303,-5.028838e-4,3.914737e-4,8.648612e-4,-0.003599936,0.001562029,0.003141517,0.001252334,0.002781316,0.004341127,0.002908683,3.384781e-4,5.228872e-4,0.004164182,0.001789557,0.001950849,0.002475061,9.293395e-4,0.003722277,0.006829597,0.004316107,0.009084359,0.01393971,0.03028246,0.04669427,0.03581196,0.04327531,0.04646607,0.0403022,0.04427065,0.0478444,0.03908084,0.06874203,0.1018297,0.4088879,1.323825,2.199246,1.322473,0.3388105,0.07533063,0.07098241,0.05922783,0.05607251,0.02207303,-0.04253835,-0.005099032,0.03306719,0.04986625,0.04369531,0.01334579,0.005263928,0.1108971,0.02185018,0.1790175
283.779,-0.02241713,0.008182415,0.007842811,0.03087206,-0.02145452,0.01871461,0.009981746,-0.0286829,0.001291005,0.007157494,0.002192077,-0.005394723,-0.008972852,0.001196288,-0.01572716,-0.02347922,-0.006669335,0.008671103,-0.003893987,0.005021468,0.002678662,-0.002867475,0.005118897,-0.004794771,6.034996e-4,-0.001146181,0.00116348,0.004396084,0.01268141,0.005045014,-0.0051275,0.002602127,-0.004135958,0.002898745,0.007626055,-0.006630661,-0.004625875,-0.01657944,-0.009377768,0.006689842,-0.004522052,-0.01367832,-0.007955376,-0.01221472,-0.01843348,-0.01627751,-0.01173888,-0.0121361,-0.02136265,3.019739e-4,-0.01258989,-0.008504206,-0.009717496,-0.001209889,-0.00795433,0.003976485,9.972663e-4,0.008866507,-0.005698113,-0.006944455,-0.003016329,-0.003105711,0.002230857,-0.007894475,-0.006306778,0.00467722,-0.008738694,0.007874614,-7.937164e-4,-0.005844745,-0.00760398,-0.004925058,0.001254412,0.003534092,-0.00393401399999999,-0.001169664,0.002781701,-3.560331e-4,0.007599636,-0.001141722,-0.001682794,0.003190264,-0.00507613,0.002785267,-0.003782436,2.488162e-4,-0.002540633,-0.003088008,8.245679e-4,-4.511183e-4,0.001607523,0.001162798,-0.00356766,0.001353851,-0.003842757,-0.001305871,0.003750178,0.002237587,3.001217e-4,-1.565123e-4,0.002232526,5.814229e-4,0.001225162,6.124473e-4,2.891767e-4,-1.883844e-5,4.444408e-5,-8.681562e-4,8.277586e-4,3.996097e-4,-3.923875e-4,-1.459223e-4,5.51962e-4,-0.001571179,7.939278e-4,1.492664e-4,0.002091794,-0.001258712,5.134436e-4,-3.825144e-4,-0.001526147,8.985142e-4,0.001126814,0.001560642,4.69743e-4,-3.242187e-4,0.001263258,5.146343e-5,0.001837906,0.001759699,0.002089409,4.611448e-5,2.831636e-4,-9.685574e-4,9.857216e-4,-0.002066844,0.005020164,-0.001777248,-9.445089e-5,-0.001937648,2.816914e-4,0.004011069,0.00163697,0.001922274,-3.863697e-4,0.002538104,8.699875e-4,0.005046712,0.002937534,0.002618468,0.004835361,0.002374017,0.003520804,0.004502969,0.00358988,0.00560734,0.005178864,0.006109377,0.01179996,0.02189698,0.04196435,0.06309798,0.04267308,0.04726978,0.04395633,0.04302057,0.04423782,0.05106705,0.05279662,0.08395569,0.2707489,1.036255,1.968238,1.654344,0.479356,0.1035854,0.09054673,0.06585576,0.07163501,0.04322003,-0.003167472,-0.005370132,0.01891318,0.02464188,0.05031735,0.01495261,0.04149986,-0.01891786,0.1094985,0.05791779,0.130513
286.034,-0.008754393,0.01555328,0.0275773,0.02390182,-0.00275994,-0.02646663,0.02146472,0.02773406,-0.001308197,0.01882067,-0.001405048,-0.0013301,0.009699319,0.02123836,-0.001059732,0.004222482,6.401702e-4,0.01342867,0.003813685,0.001758547,-0.007733906,-3.856421e-4,-8.911519e-4,0.005513559,-0.002031033,0.003863108,9.335281e-4,0.001675746,0.005194552,9.465662e-4,-0.004337735,-0.01811937,-0.01190528,-0.007648012,-0.02573425,-5.585033e-5,0.0173003,-0.007606504,0.01808086,0.007546333,0.001980817,0.01194267,-0.004696275,0.004361832,0.01978244,0.002621629,0.001095809,-0.001660149,0.01252439,0.001636702,-0.003429251,-0.002940334,-0.007123449,-0.01309148,0.004163821,0.01084712,-0.007023888,-0.002491697,-3.072873e-4,0.004940691,-0.006519395,0.003139149,0.01060274,0.006637417,0.006822749,6.524153e-4,-0.008040198,0.005442155,0.005136907,0.001868652,-0.004109595,-0.001718859,-0.001936007,-0.005317363,3.141064e-4,-0.001129256,0.001477189,0.005259263,-0.003240532,-0.004351341,9.375203e-4,0.001138873,-7.482342e-4,-0.001501048,5.728717e-5,-0.001091794,0.003888988,0.001726409,-0.00186083,-0.00404965,-0.003342978,0.00420772,0.002003108,-0.00139792,0.005010861,-2.178172e-4,-7.185657e-4,0.001864671,8.041165e-4,-7.19723e-4,-4.460854e-4,1.34658e-4,3.860241e-4,1.362436e-4,-0.001739098,-0.001564326,-0.00120884,-0.001090593,0.001094618,0.001235373,0.002022789,-3.533125e-5,-3.668096e-4,8.616642e-4,-7.217298e-4,0.002631736,0.001946237,0.001896024,0.003513682,0.003079282,0.002369842,-3.975877e-4,4.129475e-4,-2.110469e-4,0.002228552,8.125253e-4,5.394418e-4,0.001896831,0.001145359,0.002860099,0.003390961,3.700604e-4,0.0031726,-0.001991434,0.003147749,-0.001161507,0.001339659,0.001250103,0.003338996,0.002506334,0.001803093,0.00281601,0.004750137,6.945909e-4,0.001199513,0.001863558,0.002044772,0.001514661,0.004645423,0.005917598,0.00116091,0.003380302,0.006785869,0.005234313,0.004766753,0.005959029,0.004994396,0.01143415,0.01902423,0.02697915,0.04977451,0.07058895,0.04370108,0.04589398,0.04459065,0.04636253,0.04171482,0.05594812,0.0679337,0.1902794,0.7550571,1.729842,1.788854,0.7135254,0.1200907,0.1051172,0.08303327,0.07904216,0.07261053,0.04374945,0.05632345,0.03470581,0.0414224,0.007606297,0.005744437,0.04109638,0.06981271,0.1029435,0.04016842,0.1374951,0.06313661
288.289,0.02602454,0.006078297,0.005669646,0.02168941,0.008245759,-0.01882115,-0.01065421,-8.527328e-4,0.00206422,-0.007730786,-0.01250805,0.01103655,0.01228458,-0.002055184,9.15684e-4,0.00640107,-0.00377371699999999,0.00496183,-0.00835492,0.002524239,0.003892632,-0.005078607,0.004317745,-0.002385786,0.002309802,0.002620168,0.002607341,0.004594584,-0.008458156,0.003261208,-0.006315758,0.01105179,0.0107483,0.01092425,-0.001859019,0.01534365,0.003596371,0.003787819,-0.008104,0.001703516,0.008822496,0.005672892,0.007067895,0.01028711,0.005233942,-0.009253433,0.003055246,-3.222066e-5,0.004072635,0.00984638,0.008063155,0.01072137,0.0103915,0.01497827,-0.00861289,-0.001140772,-0.009239685,-0.008609114,-0.006249732,-2.973983e-4,-0.004832575,0.005455167,0.008025855,0.006650516,0.002224782,8.257893e-4,-0.00763692,0.01157492,0.01056969,0.007294697,-0.007619508,0.003462787,-0.001633582,0.01071937,4.474607e-4,-0.00185144,-0.001834195,-8.907993e-4,-0.003629439,0.003709872,-0.001287646,-0.003659233,0.003692265,0.003264284,0.002680131,-0.002100855,-0.007624009,-4.821664e-4,-4.793479e-4,0.0037035840000000002,5.692328e-4,7.299359e-5,-0.00364237,-6.941384e-4,-4.85567e-4,9.244797e-4,3.166332e-4,0.005605748,-4.899019e-4,-0.001909739,0.001984759,0.001427012,7.8508e-4,0.002196823,2.614852e-4,5.11515e-4,1.494891e-4,0.001789128,7.796376e-4,-0.00111569,0.001244709,0.001798587,-1.87785e-4,9.046487e-4,5.152334e-4,0.002982749,0.002107382,3.831266e-4,-1.642043e-5,-3.867706e-4,9.595763e-4,9.138722e-4,-0.00113139,-6.425548e-4,0.001659148,0.002307997,0.001093039,-3.747544e-4,0.001668126,0.002641696,0.001698651,0.001041376,0.001884794,-5.733144e-4,1.026483e-4,4.735583e-4,0.001449751,0.002643582,-5.735047e-4,5.686246e-4,0.003298397,4.328215e-4,0.00105383,0.002920644,0.004299345,0.001739852,-8.088544e-4,0.006620451,0.003432226,0.002964313,0.00418756,0.006957762,0.005944424,0.00542647,0.006784053,0.005974383,0.009249652,0.01414614,0.02638338,0.0330751,0.05975428,0.06914669,0.04968867,0.03830707,0.04147898,0.04602502,0.04895901,0.06762266,0.1237715,0.5856057,1.495842,1.779821,0.9803381,0.1998062,0.1021454,0.09465632,0.1062073,0.09134816,0.06572937,0.06859389,-0.009842645,0.04517004,0.05415514,0.04954346,0.02061041,0.04347166,0.09258222,0.06353261,0.1672455,0.2016878,0.2324559
290.545,0.04831326,0.05130952,0.0199501,0.02697019,0.01286168,0.02642149,0.04618355,8.366546e-4,0.04848541,0.01946795,0.03008989,0.003513345,0.00236935,0.02136978,0.02430989,-0.002895938,0.01647019,0.01802221,-8.631644e-4,0.01830721,0.01216217,0.009995448,0.006277849,0.005391082,0.001936034,0.01126799,0.001449455,0.004084639,0.008577784,0.005999836,0.006090463,0.01573058,0.01076332,-0.004385023,0.02860627,0.01765859,0.02182327,0.01844233,0.02926546,0.01732296,0.003575785,0.01413049,0.01428311,0.0047029,0.01639707,0.01966895,0.01007511,0.02548439,0.01458201,0.02291518,0.01976299,0.01168563,0.00170058,0.01944735,0.001909699,0.006568121,0.007104682,0.01303892,0.009925729,0.01131015,0.01739041,1.682594e-4,-0.00308577,0.005916471,0.005273296,0.01010697,0.01210411,0.009555617,0.003803989,0.01322282,0.004821906,0.006597473,0.006568583,4.493473e-4,0.005066291,0.006116568,0.009700796,0.01406568,0.01349418,0.006947128,0.006499176,9.634262e-4,0.005096391,0.001902974,0.00516613,0.003697874,0.007299926,0.005010939,0.005822407,0.004388205,0.008331554,0.002681904,0.004036911,0.002598076,0.002873113,0.004902776,0.003954875,0.002547087,6.04156e-4,-3.588036e-5,0.004173758,1.237733e-4,0.004570931,0.005210257,0.003217666,0.003812809,0.001598203,0.001042288,0.002085314,0.002602024,9.172331e-4,0.001897946,0.00189394,0.001545601,0.002956148,9.317594e-4,0.001855403,0.003558228,0.001852437,0.004812797,0.003122238,0.00332208,0.003990917,0.004215844,0.001464617,0.003231595,0.002923661,4.886614e-4,0.003487123,0.005077382,0.004688734,0.00261533,0.006133133,0.002283728,0.001415392,0.001377197,0.003096309,0.005379614,0.006862348,0.005430021,0.003486445,0.003576247,0.006843017,0.002912299,0.0024651,0.006049734,0.003854288,0.007517637,0.006685568,0.008918764,0.005888202,0.006493885,0.004801403,0.008510276,0.007497697,0.008821881,0.0132573,0.02033818,0.03465683,0.04330857,0.06609112,0.0729368,0.04951792,0.04025635,0.04655767,0.0459667,0.06077052,0.09776662,0.4307942,1.318384,1.795071,1.112802,0.3233033,0.1209786,0.1234961,0.137385,0.109133,0.1119958,0.04716942,0.06505567,0.09706123,0.07502559,0.08855022,0.06594099,0.1037087,0.069872600000000007,0.1427963,0.138873,0.2000444,0.270906,0.3689138
292.802,0.05575953,0.09641741,0.07744652,0.06041215,0.07505272,0.0602521,0.04899964,0.09351212,0.07384133,0.05701583,0.03823983,0.03365319,0.02198028,0.04049022,0.03755506,0.05692439,0.0329332,0.02329577,0.02590594,0.02593373,0.02448237,0.01899344,0.005483145,0.01641003,0.02097291,0.01573191,0.01770717,0.00593469,0.01011055,0.02201357,0.02501085,0.03267988,0.0312554,0.04853812,0.06995657,0.03582624,0.04002389,0.02536619,0.02272072,0.03619755,0.04104305,0.04148525,0.045532,0.06346909,0.04855754,0.02266232,0.03876188,0.02471345,0.02255641,0.02526636,0.02125242,0.02124115,0.0189598,0.01126709,0.0206685,0.03440589,0.02594604,0.01369428,0.02151477,0.02899582,0.01574416,0.02454016,0.02142807,0.02630151,0.01893124,0.02295569,0.02149826,0.01629421,0.01509223,0.02140016,0.01152844,0.01791778,0.01819531,0.01321257,0.01441779,0.02070224,0.01536597,0.01118499,0.008281589,0.005640314,0.006554525,0.01154489,0.0106019,0.01523902,0.009843937,0.0154561,0.005223129,0.006540527,0.01129181,0.007606231,0.009217579,0.005695747,0.007904294,0.007488956,0.005901531,0.008049771,0.008613947,0.007100356,0.007936379,0.004162599,0.007525758,0.006724737,0.00645603,0.005669463,0.004619293,0.002519603,0.003543633,0.007378757,0.003546039,0.0018574,0.002422831,0.004070378,0.002901899,0.002862335,0.002004603,0.005790633,0.003853513,0.004022131,0.00389088,0.004610992,0.002749692,0.005413556,0.002138897,0.005081229,0.006146468,0.006345903,0.004259042,0.006504896,0.004019564,0.004835747,0.005024327,0.005792589,0.006065356,0.008489605,0.004318933,0.005856753,0.007732516,0.01030328,0.006219334,0.006096477,0.007076728,0.00709985,0.007776432,0.005060436,0.00789395,0.007956275,0.01049109,0.006546844,0.009657051,0.008932187,0.01065764,0.01105452,0.009195188,0.008511827,0.0110322,0.02018211,0.02284041,0.02862294,0.04226617,0.05766455,0.078869,0.06595232,0.05306775,0.05190515,0.05080478,0.05514653,0.08044171,0.2770447,1.103922,1.769908,1.343279,0.4276793,0.1438757,0.1399908,0.1396584,0.1354204,0.1563334,0.1438281,0.1044396,0.07438186,0.1212512,0.115373,0.1133198,0.1223083,0.1550247,0.1592853,0.1495169,0.2187037,0.3220505,0.4249913,0.5416493
295.06,-0.027408,-0.00582042,0.0181603,0.02239015,0.009446064,-0.004353016,0.02655492,0.008773329,-0.01195554,-0.003622291,-0.03872384,-0.005205755,0.00617429,-0.007065846,-0.009740584,-0.01263049,-0.001853992,-0.01416508,7.227214e-4,-0.007484814,-0.007446262,-0.006450857,-0.006022593,-0.009435448,-0.007585419,0.003268559,-0.001173727,0.002056166,-0.004291421,-0.008045328,3.993738e-4,-0.01659952,-0.01037269,-0.01416241,-0.02025404,0.01956004,-0.007188928,-6.352199e-4,-0.01124213,-0.001439082,-0.008535121,-6.310183e-4,-0.01959737,-0.002055174,0.01385923,0.007308813,-0.01725374,-0.002578658,-0.01489359,-0.002956446,6.984147e-4,-0.00757896,-0.00564842,-0.007987196,-0.003575536,0.005011208,-0.01024849,-0.001766154,-0.009814641,0.002749886,-0.002014792,-0.004134682,-0.001664194,-0.007231965,0.002994084,-0.01935613,-0.001215233,6.338874e-4,0.002175529,0.001261225,-0.004066827,-7.544275e-4,-0.01131195,-0.001323414,0.001481055,-8.302804e-4,-0.006250456,-3.442032e-4,-0.005151024,3.464285e-6,4.106133e-4,4.80492e-4,0.001783606,-4.067708e-4,0.001066983,7.146386e-4,7.439321e-4,-5.29543e-4,-0.00408956,-0.001451565,-0.005012176,-0.003176723,-0.002404423,0.001387382,-9.620499e-4,-0.001347035,-0.001687689,-3.893412e-4,-4.86172e-4,0.005760102,-3.208684e-4,-0.001695053,0.001197603,-0.001081924,-4.932909e-4,9.137495e-4,0.001255351,-8.200676e-6,2.377257e-4,8.105895e-4,-0.001043773,-5.863274e-5,-2.686231e-4,-1.957554e-4,1.118866e-4,-9.672562e-6,-3.385417e-5,-0.001208087,-3.177372e-5,-0.004112084,7.222009e-4,-6.896401e-4,-0.001778089,-0.001038027,-2.713372e-4,1.554418e-4,-6.708124e-4,-0.00168701,-0.001301703,8.680342e-4,-0.001874144,2.194083e-4,9.891606e-4,-0.001409982,7.568976e-4,-4.673578e-4,0.0014103,1.848136e-4,6.261995e-4,2.040434e-4,4.67254e-4,0.00150023,9.401629e-4,0.001627864,2.054444e-4,-0.001068192,0.003288562,0.002659667,0.001627741,0.005033308,0.003792142,0.003719864,0.005505603,0.007513884,0.008708204,0.01358587,0.01850243,0.02419285,0.04361466,0.05303979,0.06221867,0.04623193,0.04531189,0.04523403,0.04581178,0.06540849,0.171717,0.7869262,1.66089,1.433236,0.5468255,0.1288937,0.1201509,0.1200237,0.1353781,0.1346616,0.1103096,0.07709032,0.06225987,0.07605445,0.07970913,0.07791128,0.05544829,0.04503806,0.04258852,0.009871387,0.1061335,0.08338023,0.1079432,0.1772979,0.4259854
297.319,-0.0013308,-0.05030193,0.00802047,-0.008963875,-0.004249232,0.003750727,-0.0145822,0.02001023,-0.03679975,-0.006202031,-0.009013235,-5.793021e-4,0.003566853,-0.004882364,-0.00753393,-0.004607818,-0.02538473,0.01157984,-0.006755445,-0.004670736,-0.005820659,-0.003004388,0.001588594,2.135183e-4,0.001681952,-0.002182645,-0.002489244,-0.001412198,0.006847199,0.002419649,0.00877083,0.003140675,7.962772e-4,-1.704059e-4,-0.00478041,-0.02181537,-0.007376551,0.00264611,-0.00496697,-0.01297844,-0.006474251,0.006101261,-0.004558757,-0.001612667,-0.002249244,-0.009715183,-0.00418742,0.006467048,0.0029657,0.01070965,-0.003689555,0.001987469,0.001388067,0.00455259,-6.452108e-4,0.006618699,0.005633791,0.01531192,-0.006051999,-0.00638057,0.003469574,0.004937622,-0.002659571,-0.01174995,-0.00139865,0.009362518,0.005406279,-0.002926394,0.001230447,-0.003871797,0.003604696,-0.002440959,-0.002311051,-0.003333533,0.003325421,-0.005795705,-0.001206877,0.005277685,0.001174126,0.002455915,-0.001765061,-0.001954335,-0.002743129,-0.001567755,-0.001301556,4.284102e-4,-0.003281765,-0.003231312,1.004467e-4,6.989237e-4,-0.001987777,2.004671e-4,0.003949887,-0.002217667,0.003785081,5.986337e-4,-0.001528617,-7.21133e-5,-0.001362139,-8.107552e-4,-0.002623927,-1.185231e-4,3.652086e-4,-6.728515e-4,-9.494271e-4,-8.290012e-4,0.001326805,-0.002075211,6.948535e-4,0.001976014,-2.859658e-4,4.770874e-5,-9.24602e-4,1.46597e-4,-9.089255e-4,-0.001257668,0.001308796,9.478198e-5,2.121444e-4,0.001859055,7.946455e-4,0.001295286,-2.502258e-4,0.001751829,5.158295e-4,4.562091e-7,2.451365e-4,0.00261905,-0.002163175,-6.509561e-4,0.003204571,2.034145e-4,-4.946035e-4,5.418153e-4,8.514392e-4,0.002183086,-3.965129e-5,0.001773971,0.002514359,0.001750959,-9.290412e-4,6.18797e-4,0.001824234,0.002363881,0.002390068,0.003688016,0.003495567,0.005004927,0.005075208,0.004963852,0.004640433,0.005199309,0.005396696,0.005059712,0.008973309,0.01734165,0.02301163,0.03347721,0.04716516,0.05051842,0.05181433,0.04926626,0.04133654,0.04476461,0.05876273,0.1004877,0.5415504,1.440388,1.607299,0.706039,0.1558729,0.09670828,0.1243453,0.1426268,0.1478226,0.142656,0.1463685,0.1040269,0.115923,0.1138352,0.1141573,0.105208,0.07177228,0.0503524,0.08236588,0.09807444,0.1257025,0.1724422,0.1604075,0.203196,0.268366
299.578,-0.03783126,-0.02597639,-0.01950241,-0.03276718,-0.05137866,-0.04878579,-0.002036061,-0.03602059,0.001089659,-0.01966448,-0.01154222,0.002044912,-0.010627,-0.007881368,-0.00966494,-0.01856687,-0.006391139,-0.01672084,-0.005534192,-0.00469316,-0.01144435,-0.01441472,-0.009248253,-0.006923223,-0.006551502,-0.004668121,-0.00323266,-0.006626531,-0.01180539,-0.01096046,-0.01747385,-0.01015926,-0.006702318,-0.02612516,-0.009257361,-0.01421961,-0.002072483,0.009221433,-0.003824747,-0.02092539,-0.006662742,-0.0148776,-0.01586573,-0.00448422,-0.01010738,-0.01330759,-0.01742723,-5.381027e-4,-0.003596706,-0.01998173,-0.00478235,-0.01279243,-0.005766486,-0.002300362,-0.01870824,-0.01520722,-0.0101768,-0.0033321,-0.009201426,-0.004915446,-0.01422173,-0.008167751,-0.00709992,-0.009407502,-0.01175401,-0.008683963,-0.006707209,-0.0091348,-0.009236594,-0.01431335,-0.007883875,-0.0102659,-0.003977393,-0.005672753,-0.004930135,-0.006508474,-0.006157894,-0.002303317,-0.004246754,-0.009917813,-0.006609472,-0.002863635,-0.004852718,-0.003314049,-0.006924725,-0.006413352,-0.001995888,-0.00266456,-0.002450609,-0.01143723,-0.006420579,-0.004658925,-0.003265238,-0.002947106,-0.00122054,-0.004908431,-0.007406021,-0.003083279,-0.003547691,-0.001877134,-0.00213553,-0.002409569,-0.002851825,6.494892e-5,-0.00255536,-0.002621166,-0.00116694,-0.001741336,-0.001478122,-0.001345112,-5.415473e-4,-0.002935962,-0.001688971,-1.728549e-4,-9.482979e-4,-0.001009084,-0.001096357,-0.001519061,-0.004389578,-0.003652613,-0.003218309,-0.001958853,-0.002690979,-0.002329323,-0.003007172,-9.440852e-4,-2.862765e-4,-9.184929e-4,-0.002560772,-0.001106844,-7.160552e-4,4.362825e-4,-0.001541975,-0.002607169,-0.00231069,-0.003416424,-0.00316972,-0.003837187,-0.003670378,-0.00290804,-6.096449e-4,-6.345216e-4,2.758674e-4,6.91156e-5,-7.965207e-4,-0.001667922,-6.982042e-4,3.037412e-4,0.001077917,0.003562316,0.002828879,0.001474113,0.004133733,0.007666768,0.01056967,0.02212691,0.02486206,0.03390234,0.04530741,0.04758128,0.04320642,0.0434235,0.03977375,0.05020305,0.08039721,0.3236074,1.184633,1.6642,0.93266,0.2219714,0.08773383,0.1090078,0.1311418,0.1354459,0.1540627,0.134599,0.09342795,0.1290678,0.1172274,0.1267089,0.08160723,0.06530191,0.05714213,0.06000535,0.06040849,0.063637,0.09180928,0.1151293,0.1380787,0.1854297,0.2826277
301.839,-0.007274454,-0.005860965,-0.02160971,-0.01562022,-0.01273909,-8.717778e-4,0.004155184,0.02427654,-0.01109727,0.01202605,0.01010439,0.005486944,-0.001681851,0.01625377,-0.01027666,-0.003827882,-0.001929782,-0.01503869,-0.00170342,0.009962564,1.163031e-4,0.00559628,0.002792261,-0.008763746,-0.002696069,0.002146076,-0.007479856,0.003096749,-0.002760105,0.005061691,-5.904593e-4,0.02041699,-0.01173401,0.007063963,0.01163151,0.00827035,0.009542324,0.007944863,3.089632e-4,0.007384008,-0.01351658,-0.01151257,-0.005830926,0.02215176,0.006874713,0.009375868,-0.007269007,-0.007906135,-0.003560976,-7.11019e-4,-0.007900382,0.002365955,-0.00383613,0.002714662,0.003714394,-0.001335145,-0.009504283,0.003278131,0.003054488,9.257436e-5,-0.003487888,-4.004812e-4,-0.00932535,0.009984537,-0.008536666,0.002572395,-0.003333795,-0.004660058,6.760479e-4,-0.006694978,0.002106895,-8.63078e-4,-0.007490414,0.003849168,4.107583e-4,0.001111452,0.002525119,0.003148839,3.434778e-4,-3.941497e-4,-0.00499756,-8.782097e-4,0.006845561,-0.001231528,-7.209537e-4,2.823826e-4,-0.002023832,0.001096339,9.537669e-4,-0.001989641,-0.005597803,-0.007159918,0.002307291,-6.859907e-4,0.003676136,9.263345e-4,8.333522e-5,-3.303925e-5,-0.001366265,-0.001486509,-0.001447717,4.051763e-4,7.033733e-5,2.919601e-4,-0.001506496,0.001626706,-0.001524331,0.001200985,-0.002064757,6.941543e-4,7.749324e-4,3.779363e-4,5.597126e-4,9.366506e-4,7.631751e-5,0.001496297,6.574529e-4,8.481752e-4,2.591504e-4,-0.001295002,-0.001548789,-0.002197187,-8.069452e-4,9.837688e-4,-9.196836e-4,0.001100522,7.181562e-5,0.001346412,8.762476e-4,0.001136851,0.001223021,0.00117989,-0.001334809,-0.002164631,0.002244265,-8.741564e-4,-6.580116e-4,-5.639193e-4,0.001321235,-0.001508034,0.002625006,0.001606585,0.005186151,0.002401017,0.003744056,0.003419377,0.002004346,0.003288048,0.004095111,0.001858963,0.004489403,0.003137643,0.008544295,0.01153121,0.02161342,0.02396681,0.0318832,0.04097104,0.04080382,0.04237292,0.05135413,0.04569865,0.04971993,0.06703082,0.2313332,0.8768169,1.549088,1.093753,0.3091053,0.09006773,0.09941671,0.1181565,0.1354135,0.1786018,0.1828442,0.1687941,0.1482281,0.156377,0.1616202,0.1472084,0.1384157,0.1059098,0.1219998,0.1242331,0.105136,0.09111215,0.1402602,0.0946007,0.2029443,0.2401067,0.3412047
304.1,0.01107975,0.01910684,0.02643069,0.002898654,0.0464647,0.03637854,0.02495431,0.03708531,0.04872163,0.03658966,0.0131219,0.01146985,0.01428691,0.005012682,0.02831868,0.02144922,0.01197183,0.02000212,0.003951168,0.01265809,0.002712284,0.006618292,0.005889293,0.001008616,0.00161114,0.004699183,0.002208587,0.003093687,0.008850461,0.008975801,0.002766224,0.008243678,0.02157174,0.0181116,0.01436694,0.01739066,0.02896416,0.005552209,-5.141298e-4,0.01770463,0.01721298,0.02903487,0.01887529,0.01371522,0.02428402,0.01379935,0.003736697,0.01384901,-0.001489325,0.01721977,0.01067427,0.01347399,0.006449077,0.00340834,0.01382614,0.00691854,0.009733433,0.01175426,0.006020937,0.01539099,0.01596792,0.0122288,0.009629639,0.01161698,0.006082895,0.01207417,0.006219838,0.007445966,0.003312832,0.009770163,0.01374622,0.006727554,0.01244122,-8.728923e-4,0.01031261,0.004522914,0.009461796,0.007450328,0.009966493,0.002010824,0.00534688,0.00546114,0.004870579,0.009076131,0.003849216,0.004300593,0.00521094,0.001709418,0.005207475,3.89831e-4,0.003700157,0.006779695,0.004475664,0.004854995,0.004157356,0.002145452,0.003800416,0.003074721,0.003312133,0.002849968,-1.413879e-5,0.002326359,0.003836543,0.001024766,0.004252354,2.280196e-4,0.004269321,0.002745101,0.003652306,-0.001024597,0.001409239,0.001204543,0.001624473,4.44505e-4,5.752895e-4,0.001056535,0.00192299,0.00292218,0.00386549,0.00349792,0.002871274,0.003103775,0.004939635,-1.489847e-4,0.001036232,0.00488531,0.002848051,0.003743835,0.001752494,0.001536364,0.002098209,0.002292303,0.002322443,0.006619379,0.003800638,0.001479858,0.006852974,0.003809816,0.003954271,0.004241274,0.005584135,0.004356477,0.005373988,0.004965554,0.005310806,0.004473946,0.004670581,0.005884318,0.007448524,0.004605316,0.007302667,0.008190832,0.01375679,0.019807,0.02855382,0.03667399,0.04055774,0.0462046,0.04485783,0.04598469,0.05202011,0.05068118,0.06449115,0.1583143,0.7076419,1.477769,1.2794,0.4682546,0.09966093,0.08396392,0.1056982,0.1311607,0.1570644,0.1824834,0.1801499,0.1727944,0.1860682,0.1739785,0.1973806,0.1724399,0.1476316,0.1455094,0.1266233,0.1331068,0.1531824,0.12213,0.1404586,0.2623824,0.2881431,0.3517662,0.5217323
306.363,0.01620081,0.04335263,-0.009468412,-0.01448361,0.007374155,-0.01669047,0.00443874,0.02236093,0.03511473,-0.02687425,0.0143611,0.01365199,0.01404274,-0.003373938,0.009740506,0.01247734,0.004114132,0.01428791,-0.007865155,-0.004397975,0.003608757,0.002417312,0.007337746,0.007218256,8.994261e-5,0.008061186,1.77113e-4,-5.401588e-4,4.294686e-5,-0.005208321,8.668058e-4,0.01211013,-0.004561288,0.01013498,0.01601425,-0.0098149,0.006670289,6.214964e-4,0.01633687,0.004726757,-0.007845333,0.01762951,-0.01018655,0.01443269,-0.006153253,0.007444923,-0.002565179,0.01874818,-0.001275388,0.01363925,0.004029296,0.004924156,0.004523719,0.01338098,0.01639492,0.01743433,0.01137652,0.01182321,0.0077502,0.001737623,-0.001827208,0.006424442,-0.002116466,0.007336651,0.001774847,0.009705987,0.007105091,0.01038042,0.01072663,-8.926225e-4,4.705703e-4,0.00386366,1.623272e-4,-0.001394943,0.001367733,-0.004297509,0.01260992,0.003434193,0.01057587,0.004733103,-0.002362488,-6.808469e-4,0.00457691,0.002384121,0.006574394,9.036795e-4,0.001651573,9.881309e-4,0.00434259,0.00256876,0.001742131,-0.003324221,0.003330775,0.001578702,0.00366122,-0.003145931,5.025883e-4,-0.004322517,0.002591465,6.672945e-4,0.002664434,-2.472565e-4,9.602952e-4,-1.300884e-4,0.001653332,3.361021e-4,0.001887137,6.790992e-4,0.001270013,0.001295428,7.904179e-4,8.836777e-4,-4.217989e-6,5.782107e-4,3.489075e-4,-7.804927e-5,0.002251628,-5.557995e-4,-1.87619e-4,0.001626798,0.001240314,2.439964e-4,-5.674028e-4,0.002520172,0.002119653,5.624511e-5,0.002113892,1.715691e-4,-7.723038e-4,6.961182e-4,0.002687678,0.003308091,0.003091141,-3.40014e-4,0.002919318,0.002270521,0.003804151,0.001178255,0.002423057,0.001237338,0.002963764,0.004693746,0.001760622,0.005614811,0.004000806,0.003762762,0.004428951,0.007323065,0.007367464,0.003835874,0.01024601,0.01219751,0.01969869,0.02229666,0.0288511,0.03842802,0.03867743,0.04680335,0.04577198,0.04548687,0.04749798,0.05969874,0.1117861,0.5154608,1.384343,1.504269,0.6258488,0.1116239,0.07696213,0.08807435,0.1242841,0.1421775,0.1621638,0.183043,0.183255,0.2004373,0.1936642,0.1922381,0.1765847,0.1643389,0.1506682,0.1523412,0.1441653,0.1313813,0.1289185,0.1435247,0.1458522,0.2277214,0.3287525,0.2605809,0.52391
308.626,0.03929404,-3.02736e-4,0.004282358,-0.006138438,-0.0027855,0.01254835,0.02735257,0.02989045,-9.513129e-4,0.007214885,0.01020459,0.005503313,0.00809881,0.006340081,0.01923132,0.01944107,-0.008317558,0.007895086,0.007725667,0.005860259,-0.001100107,0.001421276,0.004759521,0.005965596,0.003558117,0.001937872,-0.003220598,0.00802131,0.01095806,0.007402496,0.001149486,0.0145765,0.01541196,-0.003427088,-0.002718116,0.004856967,0.008378014,0.01105607,0.006804565,0.02801769,0.01539017,0.01832826,0.0203341,0.01293459,0.01044505,0.01276432,0.005573313,0.01521481,0.008622445,0.018211,0.006781889,0.01430263,0.004344811,-0.001758345,0.004190784,0.004051401,0.00892719,0.006941139,0.005967657,0.006793442,0.006264826,0.0211663,0.009262829,0.01013748,0.009594556,0.005038045,0.00547512,0.009577766,0.00266185,0.00897465,0.004032808,0.005537469,6.41067e-4,0.01018316,0.004862985,-2.339449e-4,0.002543296,0.007565804,0.006224621,0.006192816,0.002573647,9.005498e-4,0.004018552,0.004054605,0.002370325,-9.628924e-4,0.003638711,0.004784853,-0.001465122,0.00178142,0.004762536,0.004991072,0.002232383,0.00480516,0.003308342,0.001028733,0.001735368,0.003609438,-8.763183e-4,0.004095712,0.002824798,0.002528108,0.003391155,0.002150905,0.001341627,6.724488e-4,0.002365496,0.001188363,0.001475867,0.001598676,5.926973e-5,5.192814e-4,-5.555569e-7,9.806265e-4,0.00166254,0.003209021,0.001852386,0.002546843,6.483149e-4,0.002974207,0.004165202,0.001655489,0.002429736,0.001491057,0.004327106,0.001525662,0.001202761,0.003396434,1.016604e-4,0.002742405,0.002060757,0.003665023,0.003316954,0.005496417,0.004866274,0.002809044,0.004044524,0.003132978,0.003947067,0.003203846,0.004665836,0.003436976,0.004306883,0.003410165,0.005827029,0.004792645,0.0067148,0.00552502,0.004906916,0.008245621,0.010581,0.01493747,0.02051937,0.02878131,0.0363693,0.03654849,0.04108934,0.04602449,0.04071571,0.04821077,0.06073899,0.08776654,0.3444846,1.185315,1.625158,0.9249977,0.1884176,0.06422134,0.0813945,0.1039207,0.1169145,0.1408283,0.1785524,0.1951387,0.170553,0.1970693,0.2079074,0.2000525,0.2066532,0.1838828,0.1502327,0.1553074,0.1466789,0.1392204,0.1554054,0.1508029,0.1639895,0.2207737,0.2524647,0.3627257,0.5173324
310.89,0.003070314,-0.00180511,-0.0204633,-0.04335156,-6.452712e-4,-0.004900717,-0.04975078,-0.001657125,8.347818e-4,-0.004646976,0.002562006,-0.01117054,-0.0196596,-0.001288417,-0.005893468,-0.02068501,-0.005491426,-0.005160152,0.001458633,-0.004966698,-0.01094064,-0.009366503,0.003319174,-0.006744022,0.002395293,-0.007212749,7.24237e-4,-0.004356189,-0.009803787,-0.01566033,-0.01242632,0.006835334,-0.009993117,-0.01184194,-0.0113749,-0.02225401,-0.02017658,-0.005666302,-0.00377016,-0.01196948,-0.007022251,-0.009590615,-0.002148849,0.02153563,-0.008515208,-0.01452874,-0.00276724,-0.003200167,0.002450165,-0.005435154,-0.002348766,-0.006670846,-0.003001973,-0.007605593,-0.004696223,-0.01500129,-0.005850183,-0.01033069,-0.003235105,-0.006087142,-0.005187091,-0.003774314,-9.461627e-4,0.003315607,-0.003027121,0.001687301,-0.006605553,-0.00654513,-0.004204367,-0.002495047,-0.01024944,-9.462474e-4,0.003817767,8.661365e-4,-0.007095428,-0.003989141,-0.002477193,-0.008018296,0.005381829,-0.002812571,-0.007703893,-0.002139062,-0.006405533,-0.004468867,-0.007452525,-0.004152967,-0.005895363,-0.003465333,-9.626831e-4,-0.002845579,-0.00205418,-0.004104864,-0.005402472,-0.001378636,-0.002825115,-6.430463e-5,-0.00438219,-0.003915749,-0.002074573,-0.003700286,-0.00209215,-8.978743e-4,-8.677405e-4,-0.001930233,-6.667988e-4,-0.001061472,-5.815118e-4,-0.001244664,-3.996924e-4,-1.585235e-4,-0.001138464,7.026078e-4,-0.001322863,1.106657e-4,-4.406788e-4,-1.262928e-4,-1.274975e-6,-7.117658e-7,4.747257e-4,-9.517579e-4,-0.001206937,-0.001502292,4.709175e-5,-0.001490047,-4.311066e-4,-0.002031428,-0.00144968,-0.002013505,4.525428e-4,-0.00144607,-0.002503873,0.002316458,8.605034e-4,-1.186791e-4,-0.002204454,-0.001353281,-0.001205709,-4.882283e-4,3.107866e-4,-8.438452e-4,0.003773231,6.853126e-4,0.003396985,0.003369843,-3.529366e-4,0.001170654,0.001113283,0.003263547,0.004052882,0.005389225,0.008179918,0.01677457,0.02406335,0.03136161,0.03670257,0.03420933,0.03763476,0.04511005,0.04263749,0.03658409,0.07732498,0.2430862,0.9219979,1.606956,1.194993,0.3224308,0.06506975,0.06764269,0.08319772,0.09975521,0.1252287,0.1597871,0.1579525,0.179733,0.1972869,0.2233081,0.2094921,0.1965861,0.185084,0.1732058,0.1563998,0.1769116,0.1582552,0.1384745,0.1356306,0.1318718,0.1763789,0.1829094,0.1464613,0.3217306,0.5607903
313.155,0.008375994,0.01247483,-0.0064698,-0.01119973,-0.006686302,-0.01246846,0.003127439,-0.01548795,0.01297676,0.01232083,-2.2892e-4,0.008058293,0.001960308,-0.0148224,-0.01110768,-0.005342974,0.001133023,-0.001506948,0.002410038,-0.008352808,-5.269017e-4,3.86151e-4,0.001424368,0.001291763,-0.001574317,-0.002832007,-3.507172e-4,3.117377e-4,6.677514e-4,0.002270234,-0.008743155,1.279323e-4,-0.007323926,0.008429117,0.002468659,-0.00809917,0.006197659,-0.01993288,-0.01919586,0.004506379,-0.009840899,-0.009601539,-0.001417226,0.001085888,-0.002014659,0.003749895,0.004809215,0.008244898,0.001869903,-0.01120986,-0.002708985,-0.005347072,-4.263876e-5,0.001879045,0.004864695,-0.002197043,-0.002903827,-0.003696075,0.00158147,-0.002240296,-0.001060079,-0.00298671,0.006589023,0.001265649,0.00471162,0.001764305,-0.008940817,0.002270828,-0.003755889,-5.667844e-4,1.919296e-4,-0.001421303,-0.004874601,0.001812571,-0.001249311,0.002316123,-0.007086546,5.058297e-4,-0.00195585,5.500816e-4,-0.004838431,-1.675346e-5,0.00359477,-0.002266229,-0.001756475,3.296486e-4,0.001509227,3.238729e-4,-0.002566278,-0.001246215,-0.002937967,-9.564766e-4,-0.002243526,3.708776e-4,-0.001427044,0.002699919,1.122516e-4,-8.92568e-4,-1.687816e-4,0.002254198,0.001598144,0.002171712,6.428105e-4,2.38896e-4,-9.745704e-5,-5.294283e-4,0.001343518,9.435764e-4,-6.252367e-5,2.967339e-4,6.004245e-5,-6.334442e-4,-5.832801e-4,-0.001296965,4.337029e-6,-2.997221e-4,1.883647e-4,0.001299601,-0.002330627,0.001170062,3.958852e-4,-0.00139178,0.001152653,3.298225e-4,1.942119e-4,-4.135033e-4,6.419237e-5,0.0021599,0.001622495,-1.311551e-4,-0.001211027,1.589353e-4,8.750137e-4,0.002263496,-0.001175596,-0.001157485,-8.299071e-4,0.001727707,0.002028089,0.001458746,0.002205262,0.002197301,0.001988957,0.002206047,0.003049607,0.004756271,0.002628083,0.005622902,0.006019624,0.01263095,0.01304988,0.02321198,0.02843129,0.03660881,0.03609268,0.04010683,0.03917449,0.04343283,0.04255209,0.05489576,0.181221,0.7892468,1.506274,1.35352,0.4842067,0.08376198,0.06176237,0.06872285,0.08140961,0.108984,0.1311968,0.1593575,0.1791148,0.1912401,0.2023862,0.2220753,0.220835,0.2122358,0.1918767,0.1925491,0.1593664,0.154808,0.1632583,0.1503228,0.1544951,0.120765,0.1672327,0.1640344,0.2692258,0.3065381,0.266977
315.421,0.01240605,1.333797e-4,-0.008249105,0.04317194,-0.01397625,0.004269308,-0.007969069,0.002545202,0.009357976,0.006175843,0.001403205,-0.002075782,0.005437884,0.00200879,0.008065596,-0.01260437,-0.002672135,0.001816561,-0.002971262,0.007352387,-0.002225201,0.003607223,8.872305e-4,-2.36423e-4,0.004833191,0.001481011,-0.00161916,-0.002105969,-3.67758e-4,-0.002613583,0.004719336,0.007192037,0.01135698,-5.259927e-4,0.01976021,0.001098494,0.001509016,0.01180493,-6.011715e-4,0.003424039,0.005659493,0.01143901,-0.01167215999999999,0.007486675,0.007095168,0.01177379,0.003752338,0.01218468,0.004542608,-0.002516365,-0.00298482,0.01431076,-5.695075e-4,-0.001676986,-0.004544955,0.003613971,-0.001161947,0.006503549,-0.003830724,0.006528952,0.002755254,0,0.003937919,0.001759289,-7.936222e-4,-6.056913e-4,-0.002788582,-0.004380503,0.009240443,0.002514449,-0.001049908,0.005626836,0.004873921,0.004245988,-0.004558848,-0.002880823,3.487969e-4,0.001347983,-0.003845539,-0.004997804,-0.004388379,-0.002349213,0.003656617,-6.104402e-4,8.15956e-4,0.004995982,-3.950521e-4,-0.003612631,0.001694291,-0.001622222,-0.002555898,0.001725284,0.004318718,5.836374e-4,0.003701296,5.808703e-4,0.002067658,-0.001903196,-0.002630686,-3.896511e-4,0.00162603,0.001799805,-0.001558091,0.001863452,-1.262137e-4,8.484418e-4,7.880484e-4,-7.072814e-5,0.001838342,-0.001005105,1.442551e-4,0.001007052,1.018317e-4,8.867779e-5,-0.00152768,-9.946942e-4,5.474359e-4,0.001224341,0.001120534,0.001340756,0.001336087,4.281781e-4,4.916133e-4,0.002310576,8.533361e-4,0.00218834,-5.844077e-4,0.001147105,-0.002096946,9.347097e-4,0.001257148,0.003981906,-1.319924e-4,9.145043e-4,2.718035e-4,0.004200188,0.003098977,0.003515227,8.654644e-4,0.002249641,0.005013946,0.003776904,0.004159232,0.004639975,0.003924628,0.004927916,0.004775352,0.006239137,0.008768598,0.01331994,0.02117532,0.03091624,0.02967187,0.03585687,0.04015529,0.03588546,0.04138382,0.04344312,0.0568593,0.09814236,0.6468302,1.688859,1.545249,0.6743112,0.1312187,0.05999432,0.06876165,0.07516364,0.09634729,0.1114378,0.1472196,0.1743101,0.1812747,0.2017025,0.23383,0.2351878,0.2179529,0.2073782,0.2167756,0.1910738,0.1971044,0.1677694,0.1624194,0.1620056,0.1722542,0.1839845,0.1604532,0.2322425,0.2945162,0.3238603,0.5212853
317.688,0.01611454,0.01339791,-0.05053358,-0.002823245,0.01763179,-0.01468102,9.776465e-4,0.02428308,-0.004962574,0.00733249,0.001112292,0.002460487,-0.006300802,-0.02462918,0.002549983,-0.0056674,-0.003048034,-0.01072173,0.002730551,0.001741251,-3.328276e-4,-0.001828238,4.420632e-4,-0.003366233,-0.005329094,-0.001537624,-0.002720382,-9.154548e-4,4.305975e-4,-0.001587764,0.009088116,-0.01264032,-0.01716753,7.682217e-4,-0.002852506,-0.01870743,-0.008996803,-0.014049560000000001,-0.01123978,-0.009968662,-0.006154017,0.01050519,-0.03054759,-0.01176005,-0.009544777,0.008838896,-0.004858272,0.005351991,4.079974e-4,-0.006214792,-0.001448155,-0.005923904,-0.009517222,-0.009346455,-0.008091015,-0.004277129,-0.01388261,-7.477507e-4,-0.01126224,-0.003597845,-7.642852e-4,-0.004992525,-0.001640873,-0.002967061,-0.002191874,-0.001989157,-0.009539581,0.003850553,0.001431283,0.001050011,0.001308025,0.002686304,7.63751e-5,-0.001873315,0.003808831,-0.005587571,-0.002430953,0.002072018,-0.003833783,-0.003216328,0.001162887,-0.003912348,0.001042075,-0.001818437,-0.002156634,-2.513077e-4,-0.002522384,-0.004275078,8.782838e-4,0.00235652,-0.003502223,-0.001211232,5.237136e-4,-0.001427607,-0.001971374,0.002536939,3.93398e-4,-0.001743466,4.640808e-4,0.001598585,-0.001207026,-0.002833421,-1.329272e-4,0.001007097,1.826006e-4,-8.997667e-4,-1.930153e-4,7.576472e-5,-3.271709e-4,-8.85928e-4,-6.819578e-4,-0.001270324,-0.001197565,2.0458e-4,6.103049e-4,-9.35794e-4,0.001449932,-5.654317e-4,0.001349856,-7.358716e-4,9.862924e-4,0.001634756,-0.002005671,-4.05679e-6,-5.681562e-4,-0.002231308,4.663373e-4,-0.001194859,-2.901317e-4,-4.691867e-4,0.002077094,-8.86002e-5,-2.974467e-4,-0.001576714,-0.001373217,1.464724e-4,0.002041236,0.001063806,-2.863741e-4,0.004351118,0.001261897,0.003127766,-1.616126e-4,0.001942518,0.005507827,0.003182621,0.005044625,0.007301731,0.01393584,0.01789248,0.02579469,0.03345537,0.03639795,0.03498122,0.03368568,0.03837614,0.03984606,0.04666671,0.065721570000000007,0.3001804,1.573823,2.261061,0.9447813,0.1891627,0.05679342,0.06011072,0.0710236,0.08481016,0.1065942,0.128301,0.1518611,0.1622772,0.1898183,0.2067205,0.2379046,0.242758,0.2363962,0.2225734,0.2156649,0.2222177,0.2093004,0.1830533,0.1758884,0.1583774,0.1384813,0.1483093,0.1521814,0.2250581,0.3005551,0.3245124,0.5472163
319.955,-0.03986822,-0.05565659,-0.04333691,-0.05726782,-0.07338867,-0.01838425,-0.06120413,-0.04830506,-0.05560949,-0.0441131,-0.02706994,-0.01005868,-0.001901876,-0.02236466,-0.008963538,-0.0216427,-0.01801295,-0.01136415,-0.008148706,-0.008447349,-0.0159476,-0.01211129,-0.01141515,-0.00523558,-0.008193634,-0.008081058,-0.00714852,-0.005842191,-0.01203932,-0.01306504,-0.01168283,-0.03261921,-0.01811658,-0.03011594,-0.002972422,-0.009221021,-0.02380945,-0.02413357,-0.01953058,-0.01938144,-0.0158897,-0.00115502,-0.02677471,-0.01920836,-0.03329597,-0.005419915,-0.007109684,-0.01833416,-0.01145939,-0.02263049,-0.01907772,-0.01386584,-0.01647353,-0.009566181,-0.01620134,-0.01707818,-0.0178048,-0.01054414,-0.01220614,-0.009005821,-0.009285236,-0.01076857,-0.01572666,-0.004136828,-0.01077154,-0.008441068,-0.009123728,-5.525004e-4,-0.009315516,-0.002258329,-0.01420266,-0.009660893,-0.01084361,-0.008412208,-0.00669145,-0.00454768,-0.008334031,-0.009225263,-0.01012026,-0.005812466,-0.01138693,-0.006799377,-0.009281747,-0.004151068,-0.006812389,-0.004678843,-0.006947978,-0.001519956,-0.007214532,-0.009214217,-0.006485278,-0.001820279,-0.002828759,-0.006066357,-0.004766463,-0.004059141,-0.00844899,-0.003656526,-0.005209327,-0.004258457,-0.005703799,-0.006123016,-0.002760436,-0.003828358,-0.003836528,-0.002898399,-0.002620219,-0.002821323,-0.003006778,-0.001486895,-4.541166e-4,-0.001391347,-0.001798188,-0.001738114,2.437071e-4,-0.0029413350000000002,-0.002101674,-0.001550448,-0.003645929,-0.004431903,-0.002100563,-0.001997296,-0.001806664,-0.002084977,-0.001306261,-0.003171706,-0.002208898,-0.002548892,-0.001824197,-0.003501267,-0.001177945,-0.00236959,-0.004628553,-0.004043095,-0.001074844,-0.002517927,-0.003198794,-0.002532343,-0.004252022,-0.002156853,-0.002991478,4.01221e-4,1.06807e-4,-2.151561e-4,-2.953362e-4,1.062549e-4,0.005290961,0.007741798,0.01038592,0.01969378,0.02621619,0.02901559,0.03206372,0.03310311,0.03313502,0.03198183,0.04115129,0.04978582,0.1875951,0.8115754,2.296965,1.797429,0.3180035,0.05629149,0.06353681,0.05943471,0.07212302,0.09089426,0.1129011,0.1273005,0.1721735,0.1759369,0.1917739,0.2308138,0.2290268,0.2294575,0.2344992,0.2261948,0.2055791,0.1936215,0.1937669,0.1810411,0.1640274,0.1497395,0.1299903,0.1298111,0.08749597,0.1484766,0.211955,0.2400454,0.3596154
322.224,-0.02207506,-0.0323621,-0.02263875,-0.00803456,0.004424838,-0.008088055,-0.001179821,0.002658277,-0.007923773,-1.680826e-4,-0.009201336,-0.003271039,-0.004207203,0.002296745,0.005581208,-0.01204702,0.003233492,-0.01077707,0.004058701,-0.003658067,-0.007447082,0.003794678,-0.004609606,-0.001272912,6.794748e-4,-0.008911275,-5.987884e-4,-0.005670403,-0.007241373,0.002115041,-0.004584754,-0.01100989,-0.002911916,0.002311202,0.01132278,-0.009319811,-0.01727957,-0.008610199,-0.01414926,0.003569721,0.004474787,-0.01089373,-0.002898067,-0.002044268,0.001945422,-0.001389644,5.026845e-4,0.004280181,-0.002975437,0.01079629,-0.01249626,-0.004154989,0.003994238,-0.002781548,-0.004193247,1.319691e-4,-0.007512415,-0.008433901,-0.007363772,-0.004769458,-0.003298223,-0.006698084,2.785841e-4,-0.007448875,2.367737e-4,0.005584458,-0.009726102,0.004182262,-0.001553252,-0.003760237,-0.006849415,-0.004890841,6.825939e-4,2.517696e-4,-0.005070946,-5.963552e-4,-0.002541785,0.001051195,2.160264e-5,-3.196608e-4,-0.005069163,-0.01030796,0.001901809,-0.00223811,-0.001368122,-0.003299171,-0.001656761,-9.285627e-4,2.800834e-4,2.579363e-4,7.512552e-5,-0.002111852,-0.003118325,-8.321577e-4,-0.001801918,-0.002184902,-0.002223585,-9.635497e-4,6.73911e-4,-0.002761656,7.1729e-4,0.001081597,-0.001050021,0.002151144,1.051324e-4,6.695919e-4,7.306286e-4,-3.36502e-4,0.001645255,-1.517093e-4,-6.860084e-4,-7.092783e-4,-9.926505e-4,-6.190374e-4,-0.001454417,6.832683e-4,6.173241e-4,-0.001641119,0.001088627,-0.001612079,-2.399459e-4,-0.001864287,-0.00159048,0.002369974,8.130813e-4,-0.001731276,-4.601579e-4,-0.00179061,-0.002066193,-1.406461e-4,-0.002502647,8.868261e-4,1.210368e-4,0.001845758,0.001533181,8.301373e-4,-0.001295865,-8.333095e-4,0.001570198,-6.037517e-4,-0.001701846,0.003192113,0.00305985,0.003099019,0.004104898,0.009258638,0.009556326,0.0127044,0.02079911,0.02968588,0.03051569,0.03782443,0.03842827,0.03441049,0.03570787,0.03692127,0.05288977,0.1474289,0.6620867,1.464664,2.07973,0.8285112,0.09300713,0.06137487,0.06664012,0.07572552,0.08588748,0.1066699,0.1326099,0.1585518,0.164329,0.2024209,0.2321578,0.2463409,0.2501198,0.2421911,0.2451087,0.2400147,0.2496746,0.2180957,0.2016629,0.1980687,0.197199,0.1777252,0.1721208,0.199016,0.172292,0.214165,0.258739,0.3276663,0.461423
324.493,-0.01506111,-0.008946108,-0.02038818,-0.03951234,-0.0100614,-0.06013419,-0.0328488,0.001834447,-0.001201909,-0.02866536,8.032561e-4,-0.006645146,-0.01661604,-0.01355125,-0.007383218,-0.01119406,-0.01289018,-0.02060675,-0.00331548,-0.008424603,9.753204e-4,-0.001911069,-0.003944745,-0.00192084,8.72775e-4,-2.377857e-4,-0.001817912,-0.007640507,-0.008211328,-0.01120937,-0.01485878,0.001320838,-0.02362164,-0.008916438,-0.009604162,-0.01202419,-0.008166134,-0.01947195,-0.003927797,-0.001846097,-0.02873644,-0.004852667,-0.008996329,0.001148519,-0.00885845,-0.01935667,-0.01800109,-0.01690257,-0.001543255,-0.001514117,-0.01605655,-0.01360028,-0.01187906,-0.001475855,-0.003362415,0.001798743,-0.008681221,-0.005315792,-0.002291124,-0.006783048,-0.004481756,-0.01044405,-0.007991336,0.002589531,-0.008440921,-0.008838932,-0.004791921,-0.005538512,-0.00411529,-0.007088491,-0.001210412,-0.001707703,-0.008545308,-0.005065082,-0.001434297,-0.00984038,0.002278038,-0.002782834,-0.003905078,-0.005463482,-0.001569991,-0.005436275,-0.005885153,-0.005187082,-0.003672064,-0.002449243,-0.003315221,9.471312e-4,-0.001685106,-6.220076e-4,-0.001711743,-0.003941933,-0.001554789,-0.001917572,-0.003752472,-0.002269684,-0.002174611,-0.001734752,1.187766e-4,1.243681e-4,-4.399404e-4,-0.002152428,-0.001078924,-0.001985145,-0.00363701,-2.293573e-4,-0.001855925,6.72456e-6,-7.601079e-4,-0.00135585,-0.001073858,-4.517746e-4,-0.002163375,-8.075852e-4,1.742676e-5,-0.002237733,-0.001285202,3.138747e-4,-0.001581959,-0.002336847,-0.00235928,-9.508201e-4,-6.81511e-4,-0.001148429,-0.002758037,-0.001730619,-4.974873e-4,-0.001040829,-1.974179e-4,-0.00176898,-0.002516358,-0.003143934,-2.353526e-4,-0.003234389,-0.002981208,-0.001436328,0.00164505,0.001145294,0.001132783,0.001960861,0.001679019,0.001315665,-2.038924e-5,0.00476371,0.002275755,0.008891542,0.01122774,0.01638178,0.02368858,0.03296757,0.03719881,0.03225405,0.03659601,0.03843373,0.037692,0.04306844,0.09250489,0.5195204,1.367472,1.543375,1.072315,0.1969517,0.06230018,0.0604558,0.07252217,0.08439378,0.1015593,0.1260948,0.1394839,0.1644864,0.175848,0.2246824,0.2432186,0.2560967,0.2556286,0.2589304,0.2665799,0.2441057,0.2389468,0.2364032,0.2089201,0.2201498,0.1849326,0.1874339,0.1818788,0.163332,0.1818227,0.2022755,0.2810401,0.2865186,0.378753
326.764,0.02379248,0.02356403,0.03784901,0.0631248,0.02409181,0.03108002,0.04310409,0.04354026,0.00604948,0.02095373,0.01748267,0.004223986,0.01283682,0.008521744,0.01890869,0.001284669,-0.004252701,0.01406242,0.003965034,0.008647216,0.00879864,0.00219173,0.001695511,0.004927274,0.005267593,1.163711e-4,0.004601716,0.005517337,0.008409935,0.006573379,0.01706414,-0.008596287,0.004915637,0.01562356,0.0381146,0.01214601,0.009778899,0.001681123,0.01289847,0.02609017,0.008983104,0.02591954,0.003260582,0.007906628,0.01014394,0.009425828,0.01558643,0.01999669,0.004813044,0.01673555,0.001397948,0.0162963,0.001747981,0.003367626,0.01474247,0.003229633,0.006978326,0.00658531,0.003389592,8.856525e-5,0.00393745,0.01569372,0.009687856,0.007961847,0.01113661,0.01007444,0.005644784,0.009643856,0.004660283,0.006694271,0.003711662,0.007558957,0.006850962,0.001790356,-9.048909e-4,0.003028385,0.006152245,0.006655309,-1.537691e-4,0.005108153,0.002879402,0.007374912,0.005065256,0.006143743,0.004921089,0.004300624,0.003550386,0.001202027,0.006919709,0.002140102,0.001897247,0.00254435,0.007404512,2.120794e-4,0.002417508,0.003642547,0.00236117,0.002916651,9.8155e-4,0.004011966,-1.952018e-4,0.0014939,2.818321e-4,0.004409426,-1.059391e-5,0.002188287,0.003012897,-9.017852e-4,1.382144e-4,1.444424e-4,-7.007605e-4,3.5503e-4,8.766526e-4,4.843168e-4,2.716053e-4,0.00139373,0.001142652,7.841892e-4,-9.807164e-4,0.002155003,0.001833204,0.002498647,0.001715864,0.00281407,2.184591e-4,0.002556195,8.433056e-4,0.001564873,-6.517142e-4,0.002031292,0.002060176,0.001871922,0.001867607,0.003847165,0.003542838,0.002620662,0.004192948,0.001933708,0.002771073,0.003113635,0.005668968,0.004654179,0.008385128,0.008756897,0.01161029,0.01436647,0.02057586,0.02701472,0.03143905,0.03645098,0.03296198,0.03998154,0.03754192,0.04063332,0.04057988,0.06800605,0.3153577,1.156366,1.643771,1.004098,0.3142208,0.07492999,0.07329489,0.07950914,0.09316096,0.1044409,0.1237532,0.1378061,0.1736238,0.1835418,0.2200154,0.2453187,0.2545441,0.2728929,0.2739339,0.2869155,0.2823079,0.2712446,0.2536624,0.251316,0.2475576,0.2483778,0.2339162,0.2511558,0.2629044,0.2139609,0.2593284,0.3757782,0.4346406,0.593834,0.6615233
329.035,-0.01999028,-0.001802179,-0.007087416,-0.009946112,0.01830738,5.951331e-4,-0.01875591,-0.009464053,0.006092406,0.001715297,0.003616838,0.005081692,-0.01154694,0.01153835,-0.004512647,-0.008148913,-0.01037424,-0.001955943,-0.001496513,-0.009056641,-0.006296864,-0.002726747,-0.00165737,-0.003083469,0.001220525,-0.004250592,0.001560997,-0.001843233,0.001563129,-0.004740044,0.001672205,-1.662614e-4,-0.01497173,-0.002979902,-0.004686927,-0.005986881,-0.006151887,-0.00545385,0.004501322,-0.003969844,-0.001072558,-8.122197e-4,-9.755464e-4,-0.004728216,0.009907002,0.0132586,-0.009532549,-0.004451471,-0.002172818,-3.954661e-4,-0.01857301,0.005672762,-0.00969586,0.00339568,-0.002102355,-0.01490768,-0.002254905,-8.33747e-4,-6.709242e-4,-0.005538303,-0.002276058,0.005787171,-0.007868042,-0.009100654,-0.001667196,0.0022364,-0.003404445,-7.566861e-4,0.002134119,0.004130125,0.005719484,-0.002920065,0.003666769,0.004672051,-0.003291909,6.571769e-4,-0.001840252,-0.007974231,0.00279031,-0.002860895,-0.002374023,-6.293478e-7,-0.003979799,-0.005165827,-8.025304e-4,-0.002707625,-0.001029056,-5.076954e-4,-0.002079728,-3.552101e-4,-3.975926e-4,-5.62934e-4,-9.357566e-4,-9.59755e-5,-0.001006765,0.00213085,0.001090091,-0.002540238,5.505197e-4,-7.785785e-4,-7.933661e-4,-2.861182e-4,-0.001496664,-0.00170579,8.951778e-4,-0.001270609,5.763395e-4,7.059904e-4,0.001492886,-9.654881e-4,1.560644e-4,-4.64321e-4,-5.793829e-4,-0.00128441,-2.196059e-4,0.001112453,6.705208e-4,0.001372977,-3.014929e-4,5.946062e-4,7.521214e-4,0.002040638,3.898001e-4,-8.712292e-4,-5.790816e-4,1.261884e-4,6.490857e-4,5.259697e-4,0.001005528,0.001510591,-0.001828135,2.048753e-4,-5.898245e-4,-0.002335224,0.002419022,9.954911e-4,1.916889e-4,0.001266349,0.001261803,0.001200864,0.002712657,0.004931584,0.00336197,0.005502928,0.01178544,0.01380105,0.02433479,0.03137198,0.03421764,0.03598285,0.03992286,0.0372191,0.03886164,0.04164796,0.05124911,0.1745272,0.7705802,1.538816,1.204767,0.3669929,0.09362853,0.07150344,0.08301742,0.08767404,0.09401147,0.1132787,0.1296049,0.1468314,0.1737569,0.200913,0.2385509,0.260407,0.2700962,0.2924343,0.2794557,0.2819617,0.295376,0.2720959,0.2724071,0.2601946,0.2584825,0.2260812,0.222232,0.2471567,0.2329863,0.2371233,0.2507721,0.3082917,0.3393953,0.3992235,0.5117936
331.307,0.05247411,0.04161792,0.04240172,0.03876915,0.0295059,0.04779336,0.07805504,0.0447535,0.02781726,0.02784927,0.03622815,0.01897137,0.009180702,0.0297393,0.03520304,0.03488002,0.03172555,0.02985254,0.02457953,0.01553617,0.0152109,0.009928573,0.01446223,0.01406571,0.007347454,0.01307037,0.01052199,0.01314872,0.007508048,0.01630907,0.00625369,0.02293178,0.02122414,0.03087143,0.05368555,0.05153638,0.02766363,0.01937952,0.02539253,0.02233865,0.02756798,0.02186004,0.03089778,0.02589099,0.002221886,0.01369614,0.02047454,0.01824365,0.01432292,0.03571333,0.01781703,0.01888405,0.02391812,0.02049209,0.01254633,0.01664086,0.02124107,0.01303626,0.01451358,0.01861616,0.01691409,0.01636295,0.02043773,0.01062454,0.01791282,0.01031321,0.006079488,0.009711838,0.003252008,0.01032968,0.01042491,0.01429712,0.009345138,0.007225574,0.01291987,0.006841931,0.008714799,0.01826214,0.01151611,0.01364251,0.01016888,0.006190533,0.008787515,0.003176922,0.009259046,0.008004072,0.005741812,0.01105789,0.009541033,0.001908472,0.007938568,0.006263821,0.005092629,0.006576742,0.004368459,0.005919835,0.008148973,0.005813382,0.005825438,0.003305989,0.001621794,0.005969665,0.00462359,0.004481494,0.005547425,0.007115211,0.005180091,0.004887959,0.003581288,0.003354508,0.002325311,0.002407939,0.001515034,0.003656294,0.002428872,0.003164043,0.005002563,0.003478375,0.003748599,0.003645444,0.004671772,0.004590561,0.003937898,0.005821516,0.006948716,0.002746622,0.004644541,0.003481634,0.002991639,0.006997398,0.006898443,0.006402234,0.004492401,0.006529606,0.004675595,0.006395711,0.007208863,0.007647738,0.006245595,0.005405247,0.005173374,0.007390751,0.006994093,0.01305206,0.01868178,0.02611601,0.02820657,0.03790185,0.03851355,0.03919025,0.04205425,0.04708729,0.04245238,0.05382869,0.1224731,0.5286625,1.21332,1.263545,0.5122184,0.1079816,0.08555525,0.08711508,0.08945331,0.1078821,0.121906,0.1358103,0.1562918,0.1859389,0.2089279,0.2271158,0.2556844,0.2764965,0.2952061,0.3099298,0.3203779,0.311513,0.3049524,0.3054181,0.3129155,0.2943101,0.3063177,0.2995188,0.2847854,0.2828419,0.2649336,0.2939686,0.3891674,0.4224943,0.4753578,0.6270711,0.7494761
333.579,0.0205823,-0.01552355,0.004445093,-0.003867741,0.00482142,0.005631918,-0.006072724,-0.004348653,0.01460524,0.006849444,0.01395868,0.005145157,0.007949342,-0.002536342,0.0150758,0.0141073,0.00765243,0.01302136,0.00234033,0.004420588,0.002846137,0.005927722,-7.661671e-4,0.001078244,0.003664982,0.002284307,0.007339002,0.008103044,0.003123696,0.01086229,-0.007557352,0.009915389,0.03596201,0.007918331,0.004368961,0.002427289,0.003077391,0.007674568,0.007184099,0.009804347,-0.005704945,-0.00514529,0.002340842,0.01361859,-0.006461787,0.01846721,0.004702221,0.002354839,0.008720472,0.00939416,-0.004945232,0.009506653,0.001376303,0.01507776,-0.004177219,-9.678875e-5,-0.001518119,-0.005182173,-0.002389556,0.003191846,0.002221295,9.346919e-4,-0.002170164,0.001915118,9.186044e-4,0.001582127,2.374299e-4,0.009692547,0.003292598,-0.001766749,0.006545026,-8.009802e-4,-5.090432e-4,0.006388718,0.002243993,0.003193265,0.005350028,0.004858508,0.002418071,0.001005147,-0.001008661,0.001990318,0.00247452,-0.001234478,-0.00150281,-2.660268e-4,-0.002846489,0.003388047,0.003047636,-7.181831e-4,0.002870776,-5.471808e-4,-5.811685e-4,0.003460822,-3.641666e-4,-0.001056515,-7.802127e-4,7.768615e-4,0.002030123,5.95296e-4,0.00295871,0.001377907,0.001741053,0.001435016,0.00104573,0.00173523,9.364357e-4,0.001007291,9.468355e-4,7.709876e-4,-4.506549e-4,8.347286e-4,4.715012e-4,3.47162e-4,9.705654e-4,0.001251968,-1.455305e-4,5.12896e-4,0.003170983,9.46225e-4,-1.106935e-4,-9.526935e-4,-0.001092656,0.001177448,0.001182347,0.002152924,9.639701e-4,8.609467e-4,0.002990749,0.001890163,0.002392658,-7.773675e-5,0.003884527,0.002419061,0.004254423,-0.001738005,0.002159909,0.004573507,0.002621509,0.006679607,0.004595741,0.004994393,0.008791392,0.0133825,0.02134838,0.03105118,0.03183389,0.03341832,0.03528951,0.03620455,0.0377912,0.04250459,0.04992045,0.08650604,0.3917503,1.056113,1.258277,0.6117397,0.1462426,0.07221134,0.08312799,0.09120766,0.09929705,0.1218121,0.1329104,0.1544054,0.1725634,0.1824951,0.2197123,0.2412868,0.2579076,0.2849895,0.3080029,0.3052598,0.3131626,0.3137829,0.3084253,0.3105437,0.295815,0.2905023,0.2948013,0.2867031,0.2984727,0.2620259,0.2961764,0.3012668,0.2910606,0.3310196,0.3934623,0.5090623,0.619425
335.853,-0.01978694,-0.009676944,-0.01941787,-0.009806923,-0.03756387,-0.03404047,-0.0019637,-0.01262193,-0.01124616,0.01233857,-7.191781e-4,-0.00239213,-0.005622459,-0.001618167,-0.01676898,1.215456e-4,0.01264625,-0.00956336,-0.004223181,0.001606082,-0.003572041,-0.004817414,-0.003682375,6.138112e-4,1.463316e-4,-0.002190305,-0.004029172,-0.006191428,-0.002335569,-0.006593674,0.009467204,0.00511447,-0.01406922,-0.003713477,-0.001858155,-0.01244179,-0.00254765,-0.007336254,-0.013851,-0.01047463,-0.01084052,-0.003389035,-0.001528617,0.001061208,-7.722457e-4,-0.01069341,-0.0223939,-0.0015727,-0.01467671,-0.008870559,-0.01053542,-0.002071157,0.001888188,-0.006436013,-4.455743e-4,-0.006610448,8.233987e-4,0.002608763,-7.679079e-4,-0.005200044,0.0010584,-0.002858445,0.001986607,0.004179787,-0.004050969,-0.003445646,0.002686929,8.409687e-4,0.001474425,-0.004741166,5.787057e-4,-0.003824262,2.888596e-4,0.001358598,-0.005474361,-0.004062949,0.003654351,-8.275923e-4,-0.001549314,0.004093889,2.024336e-4,-0.002116245,-0.002492648,-4.307312e-5,-3.83016e-4,-6.880539e-4,-0.001215315,-0.002452433,-9.742565e-4,7.565298e-4,-0.001476332,-0.001841582,-0.001338254,-8.716681e-4,-9.003016e-4,-0.001301897,-0.00238627,6.18207e-4,0.002109553,-2.723442e-4,2.474296e-5,-3.728279e-4,-1.717267e-4,-1.36664e-5,-0.001845273,-3.500649e-4,-0.001391641,0.001438425,-7.700111e-4,-1.771851e-4,9.789406e-5,3.472058e-4,0.001249138,5.148974e-4,-4.430768e-4,0.001225186,8.810077e-6,3.222154e-4,-0.001233587,3.334371e-4,-7.511845e-4,5.342739e-4,-0.002417711,-7.304478e-4,-3.587397e-4,-2.347904e-4,1.835352e-4,4.556303e-5,0.003001546,-0.001431311,0.00157185,0.001048371,0.002258483,8.443156e-4,6.915827e-4,0.003666365,0.002321915,4.584998e-4,0.002421131,0.003971578,0.004628692,0.005812024,0.009569256,0.02169024,0.02264268,0.03155652,0.03376508,0.03424404,0.03501968,0.03806571,0.03562786,0.04365616,0.06712078,0.2740335,0.8872164,1.258614,0.7816846,0.2168692,0.0762813,0.08449147,0.09139877,0.1007056,0.1106073,0.1276621,0.1530914,0.1698097,0.1735709,0.1925611,0.2293838,0.2595084,0.2825614,0.2986446,0.3111154,0.3242998,0.3174865,0.3191835,0.3022194,0.3035714,0.3034192,0.2984693,0.2812286,0.2906487,0.301989,0.3140801,0.2713771,0.2753786,0.3129596,0.3601915,0.4356363,0.4864798,0.6514342
338.128,0.04243789,6.445869e-4,0.03775176,0.07288978,0.05471483,-0.003679789,0.0605767,0.02816942,0.03658614,0.03239444,0.02603048,0.002899709,0.003525668,0.0148522,-0.003128693,0.02223397,0.004400655,0.0123107,5.476024e-4,0.007641339,2.863622e-4,0.005644979,0.006492291,7.914889e-4,0.00271944,0.01431783,0.007371367,0.006991789,0.006331615,0.008214525,0.006294453,0.005939138,0.01546058,0.02505122,0.02915647,0.01263693,0.01148584,0.01605379,0.008408959,0.02890354,0.003400014,0.01472095,0.005261669,0.01215514,0.001439567,0.01459438,0.0187676,0.02132293,0.01607836,0.02027354,0.01416794,0.01215353,0.01370607,0.01232543,0.01623611,0.006729661,0.01210919,0.01188348,0.006719981,8.35514e-4,0.008266804,0.007408037,0.0096383,0.007886788,0.003606751,0.01656775,0.01429245,0.01341123,0.006109949,0.001401285,0.007742325,0.008893537,0.01072309,0.003650228,0.006761306,0.007145677,0.00204085,0.003119451,0.003450368,0.01335678,0.007761475,0.005007804,0.008638181,0.00410079,0.007600754,0.006357832,0.00713013,-7.153297e-4,0.003553452,0.004453469,0.002118357,9.48286e-4,0.005662306,0.001803781,0.002378114,0.005055787,0.003905713,0.002933646,0.003379875,0.005479321,0.00255413,0.001691943,0.00405138,0.00363272,0.004994058,0.00328605,0.003061616,3.733797e-4,0.002952339,0.001593932,7.681429e-4,0.001335746,0.001176936,7.329094e-4,0.001721432,3.054413e-4,0.002666403,0.003355586,0.00207434,0.00187739,0.002389532,0.001919376,0.002859766,0.0036922,5.480317e-4,0.002195705,0.002153415,0.001147281,0.004135707,0.001149092,0.002996239,0.002165353,0.004172065,0.004659672,0.004281889,0.003435604,0.002863462,0.005202154,0.003841055,0.004897506,0.008880221,0.01009681,0.01702968,0.02344866,0.03402507,0.03623275,0.03957216,0.03869869,0.03964162,0.0378879,0.04528675,0.06141051,0.1939136,0.7273286,1.224543,0.9571083,0.3060922,0.08571912,0.08881817,0.1014465,0.1141512,0.1252966,0.1403448,0.1579116,0.1628257,0.1848523,0.2088609,0.2232754,0.2633027,0.28559059999999997,0.2989601,0.3245727,0.3258957,0.3361559,0.3414361,0.3317289,0.3303271,0.3244541,0.3436042,0.3247738,0.3148953,0.3374164,0.3187143,0.335088,0.338814,0.3174064,0.3408568,0.4199149,0.4687603,0.5548456,0.8034989
340.403,-0.004425864,-0.004733495,-0.02966173,-0.01227372,-0.0228494,-0.01610268,-0.01358322,3.049354e-4,-0.017596090000000002,-0.008233896,-0.00827618,-0.003304306,0.001021847,0.003549877,-0.01993462,-0.01505622,-0.01218017,-0.01382394,0.007734176,-0.003825526,-0.002832233,-0.006058834,-0.004551118,-0.006866822,-0.003092533,-0.004230216,-8.169638e-4,-0.006117615,-5.545608e-4,-0.004018696,-0.003869737,-0.01512402,-0.02006056,-0.01555242,-0.00382578,-0.01532497,0.002164303,-0.003327176,-0.006603935,-0.004056281,-0.02655472,-0.0140909,-7.879346e-4,-0.003197683,-0.01017872,0.005153144,-0.0066022,6.996777e-5,-0.01498714,0.002586927,-0.008213764,-8.320377e-4,-0.0108532,-0.0120924,-0.008601868,-0.001108701,0.002650734,-0.009803981,-0.003014214,-0.004767424,-0.008302501,5.855718e-4,-0.004144042,-0.003854872,-0.005340043,-0.005463033,-0.0059585,0.002517821,-0.008098352,0.003435267,-0.005260282,-0.002415439,0.001951084,9.681682e-4,-0.001475733,-0.01041165,-3.77127e-4,0.001634846,7.97761e-4,0.002046814,-0.001536154,0.004002921,-0.00645598,-0.008841932,-0.001988008,-0.006980311,-0.002176951,8.480828e-4,3.489023e-4,-0.002834151,-0.002930804,6.32782e-4,-8.845043e-4,-0.003439826,8.300381e-4,5.889737e-4,-8.545531e-4,-4.453996e-4,-0.001969339,-5.726546e-4,9.598554e-4,-0.002401275,-9.052957e-4,0.002496928,-9.73278e-4,-4.861857e-5,-3.694104e-4,7.455096e-4,4.483198e-4,3.564554e-4,1.250709e-4,1.13291e-4,1.072761e-4,-5.982303e-4,-0.001623348,2.848466e-4,-3.691016e-4,-1.700466e-4,-4.9032e-4,-8.051641e-5,0.001750704,2.818711e-4,9.133853e-4,-0.001140414,0.003114196,-1.684101e-4,-4.714316e-4,0.001223711,-0.002710067,-4.313907e-4,0.002495961,-0.001450373,2.548336e-4,-0.00194695,-2.343222e-4,0.004864132,0.003926257,0.002945351,0.002092132,0.004693095,0.007502364,0.01096404,0.01934509,0.02706552,0.03308141,0.03196652,0.03470902,0.03437983,0.03498458,0.03748863,0.05138528,0.1326038,0.5456497,1.171868,1.066674,0.428262,0.1068379,0.08587908,0.09820554,0.1123224,0.1234449,0.1374631,0.1566678,0.172915,0.185674,0.2118681,0.2217594,0.2480027,0.2774717,0.2945421,0.3093302,0.3238669,0.3378302,0.336973,0.3298675,0.3417605,0.339913,0.3288353,0.3124275,0.3105485,0.3207456,0.3025465,0.3114234,0.3209875,0.3100255,0.3740429,0.3407351,0.4568854,0.5122047,0.5674123,0.6733306
342.679,-0.05129712,-0.03962755,-0.04897277,-0.05859802,-0.05670675,-0.05152165,-0.04276054,-0.03613746,-0.04085893,-0.02175151,-0.02512533,-0.02107256,-0.01902466,-0.001151415,-0.02623371,-0.01840251,-0.02103181,-0.01165004,-0.01468774,-0.001691272,-0.01416881,-0.01320129,-0.001128832,-0.009483647,-0.003916162,-0.003359029,-0.01098455,-0.010117,-0.01088934,-0.008942097,-0.01934972,-0.008993955,-0.02111287,-0.02066285,-0.03224922,-0.005596007,-0.01763395,-0.01666806,-0.01794019,-0.02249556,-0.01569968,-0.01362747,-0.02433964,-0.01864198,-0.02948165,-0.01530371,-0.02238007,-0.0199957,-0.018618,-0.02764,-0.01347189,-0.01599208,-0.0156094,-0.009739796,-0.018848030000000002,-0.02208345,-0.01732114,-0.006744677,-0.009964614,-0.007441097,-0.008114635,-0.02153236,-0.01442537,-0.01410725,-0.005131807,-0.01435789,-0.01145165,-0.005691553,-0.01069489,-0.005770477,-0.01063879,-0.006640419,-0.01099938,-0.009038836,-0.008696249,-0.01225159,-0.008117803,-0.006661443,-0.004822116,-7.406019e-4,-0.002198979,-0.007723653,-0.007970946,-0.006925951,-0.006005602,-0.009546592,-0.008575807,-0.003582352,-0.002926416,-0.003904009,-0.007219177,-0.007757063,-0.006269886,-0.004110335,-0.005090237,-0.002749905,-0.005933722,-0.00643917,-0.004858676,-0.003742558,-0.004927043,-0.005907854,-0.001217207,-0.002126539,-0.002830586,-0.001188067,-0.00163915,-0.003932478,-0.002390366,-0.001941458,-0.001753129,-0.001127142,-0.001327725,-0.00213701,-1.229401e-4,-0.001304716,-0.002105852,-0.002782619,-0.003255713,-0.005049727,-0.002022034,-0.005063961,-0.0029634,-0.001303299,-0.003795408,-0.002505171,-0.001178455,-0.002473906,-0.001437033,-0.002927885,-0.00329148,-0.001785537,-5.445449e-4,-0.001742427,-0.00157619,-0.001285245,-0.002814281,-3.175932e-4,0.002233311,0.002818876,0.009720454,0.01674594,0.02339343,0.02699844,0.0342514,0.03243176,0.03512708,0.03517217,0.03679781,0.0427731,0.09828551,0.4226914,1.039793,1.192382,0.5568677,0.1415982,0.091375,0.0953062,0.1126306,0.1298286,0.1408757,0.1578608,0.1800238,0.1905155,0.2106344,0.2211726,0.2534618,0.2720465,0.2958742,0.3064805,0.328642,0.3349874,0.3453746,0.3436071,0.3468224,0.3283194,0.3400811,0.3422108,0.321019,0.3155243,0.3108776,0.3311852,0.3197096,0.3205777,0.3151789,0.3426921,0.3169851,0.4206888,0.5088138,0.5430121,0.6424282
344.956,0.01465298,0.02102978,0.04414317,0.005774232,0.009244182,0.02018423,0.0164194,0.003402195,0.009841692,0.01210259,0.01305016,0.004182865,0.01070346,0.008197369,0.004802763,0.005197006,0.01053363,-0.005682003,-0.007112644,0.005006876,0.005234931,0.0042805,-0.003147199,0.004866614,-8.613464e-4,0.002639594,9.240626e-4,0.002494583,-2.086694e-4,0.004025797,0.003604576,6.595007e-4,0.02192503,0.01494549,-0.003929641,-0.0241257,5.491911e-4,0.00325395,0.003958589,0.03115395,-8.692482e-4,-0.003547006,0.007797833,0.01096048,0.01228207,0.002474473,0.001830786,-1.284399e-4,0.002821013,-0.01175887,0.004378465,-0.006579472,-0.004234494,0.005274231,0.001251321,0.002869013,-0.004778644,0.002798317,0.01122619,-0.003333379,0.008398606,0.008395685,-0.003078159,0.005775332,0.004871346,0.007087168,0.01129864,-0.001784873,0.003070407,0.002980161,-4.797855e-4,0.002812333,-0.003172363,0.006601938,9.685287e-4,-0.002412705,0.004784947,0.005752872,0.005515847,0.003389596,-6.254279e-4,0.007943253,0.007591872,0.005018334,0.003972339,0.005127464,0.003933861,0.005855259,0.005435473,0.003143767,0.004652149,0.003549585,-4.20647e-4,-0.001152148,0.001125975,0.002563697,7.380555e-4,4.476493e-4,0.001446595,-0.001826729,0.003888891,0.00133956,5.410923e-4,0.001880322,0.001098085,0.002638254,-5.420728e-4,6.326818e-4,0.001307115,7.512787e-4,4.371356e-4,7.938334e-4,-4.592469e-4,5.036681e-4,6.22975e-4,0.001012234,0.00127208,0.001428572,0.002102308,0.001087557,0.001418837,6.928045e-4,0.001108619,4.613844e-5,0.00238617,0.002439486,0.002314644,0.002429019,0.003796488,0.002069652,0.001518364,0.00183338,0.005329109,0.003550882,0.004174759,0.003404745,0.004319857,0.004844351,0.005521955,0.01159603,0.01759248,0.02452993,0.03072684,0.0341372,0.03728901,0.03546192,0.03788091,0.03671187,0.04428089,0.0747402,0.3315613,0.9299348,1.215178,0.736149,0.2011356,0.1037907,0.107691,0.1231779,0.1370735,0.1540445,0.1695919,0.1858716,0.2131167,0.2255747,0.2455101,0.2672639,0.278826,0.30615,0.3168325,0.3407823,0.3519812,0.3619959,0.3670504,0.3622704,0.3737287,0.3706813,0.373583,0.3764874,0.3717853,0.3738473,0.3837272,0.3737901,0.3740331,0.3652286,0.3864364,0.4499933,0.4758952,0.45973,0.5153617,0.6712288,0.7141869
347.234,-0.009309692,0.01173657,-0.001300352,-0.00867725,0.03330475,-0.0269409,0.02521033,0.02453225,0.0320185,-5.362495e-4,0.007952506,-0.002029647,-0.008403583,-3.384536e-5,0.01212882,-1.610586e-4,0.0100167,0.008176858,0.00408683,-0.002505783,0.003849538,0.001783479,-0.00240785,5.349788e-4,0.007289208,0.003547101,0.005495473,0.001837208,1.561603e-4,0.001325078,-0.00333151,-0.001204046,4.36204e-4,0.0203048,0.0107005,0.008436858,0.008280182,1.387603e-4,0.009037727,-0.003074239,-0.005257862,-0.003491339,0.01566335,0.006186908,0.004714963,0.005449436,0.007902109,0.005516069,0.001255674,-0.007808478,-0.002686254,0.009003503,0.006620969,0.01414392,-0.002980565,0.003986334,0.00468973,0.003795009,-0.003636692,0.004635288,-0.005636319,-0.00116128,0.007565865,0.007244789,0.003043055,0.001116115,0.002553241,-0.00160055,0.008612599,0.003946951,0.005377474,0.002976542,0.003953595,0.005027047,0.00255168,0.006873478,0.006490869,-0.001830559,0.003205189,-3.832691e-4,0.003523138,0.002010733,0.004371757,0.005041345,4.318273e-4,-0.001222109,0.00213451,-3.137886e-5,-0.002762279,0.001584999,0.001520531,-0.00244781,0.001457898,0.004689133,-0.002087264,4.770267e-4,-4.330188e-4,-3.015685e-4,0.002195494,-3.54901e-4,3.007046e-4,9.414292e-4,0.003940482,0.001086474,-7.780438e-4,0.001095665,-6.129979e-4,0.001856268,8.730505e-4,7.536961e-4,5.671498e-4,-3.720291e-4,7.716093e-4,3.821233e-4,8.775598e-4,-6.177051e-4,-1.250594e-4,9.726289e-4,0.002147327,0.00111311,1.630078e-4,-5.293101e-4,-6.445515e-4,0.003184429,0.00227655,0.00130618,0.001153382,0.00294769,8.962102e-4,5.326713e-4,-1.330269e-5,0.00265225,0.001319583,0.002772301,0.002019076,0.0017592,0.00548886,0.005735852,0.01069911,0.01521375,0.02448819,0.02839378,0.03065479,0.03477724,0.03247781,0.03613804,0.03808827,0.04393088,0.05926119,0.2296664,0.7776053,1.209149,0.8697552,0.2974674,0.1063674,0.1109798,0.1266732,0.1394204,0.1677165,0.183507,0.2055341,0.217633,0.2336507,0.2498366,0.2733012,0.2932308,0.3072959,0.3294888,0.342464,0.3584813,0.3685984,0.3821407,0.3891449,0.3898514,0.3785522,0.3973253,0.3778122,0.3959011,0.3932303,0.3933517,0.4027676,0.3884749,0.4226089,0.4516855,0.4539485,0.4450805,0.4477281,0.485802,0.6431208,0.6350225,0.8028949
349.513,-0.006072268,0.03492114,0.01872977,0.03769174,0.03840881,0.004812071,0.05109097,0.02263117,0.01972405,0.02327409,0.0101896,0.005249073,0.009755007,0.01205758,0.01322577,-0.001465821,0.01272999,0.007539494,-0.01264881,0.01112522,0.001464999,0.00844764,0.00309612,0.002579565,0.003901795,0.00781715,0.002329822,0.00316575,0.002230877,-7.039661e-4,0.006542629,0.006668437,-0.001168521,0.0184771,0.0308846,0.01643179,0.013547,0.01166854,0.00410996,0.01124995,-0.00125147,0.006444835,0.005127855,0.01215015,0.01393151,0.01821381,0.01126331,0.01384314,0.01361758,0.01122402,0.002214316,0.007348131,-0.006150543,0.01212857,0.004990263,0.01219187,0.008995286,0.005849,0.004993726,0.005228843,0.003009452,0.005866785,0.002269047,0.01442831,0.005354082,0.00626662,0.009200353,0.005074286,0.003647783,0.005424447,0.004916499,0.004310339,0.003499136,0.003914133,0.002518182,0.004419562,0.00451274,0.00646198,0.001291183,9.481717e-4,-0.002798754,0.005358769,0.001936932,0.002846992,0.005167746,0.004960689,0.001922022,-0.003594033,1.962054e-5,0.001851057,9.847761e-4,0.00313411,0.001936918,-0.002101796,0.002548925,-4.900086e-4,0.005644871,2.457738e-4,0.002100209,0.002284561,1.090758e-4,-0.00213977,0.002550344,0.002334015,0.002696632,0.003547995,1.560619e-4,0.002319585,0.001721821,0.002096108,4.893405e-4,8.458582e-4,0.001726579,5.460682e-4,5.857484e-4,0.001529517,0.003671933,5.271644e-4,0.003002378,5.723285e-4,0.001916802,0.001347071,8.095919e-4,0.00273905,0.002364675,0.001479271,8.093198e-4,0.002574996,0.002586163,0.003245283,0.004155171,0.005396083,0.00440969,0.002933937,0.005060277,0.004754577,0.007083125,0.01229452,0.01261185,0.02223839,0.03258441,0.03276231,0.03425729,0.03932506,0.03587107,0.03971235,0.04286996,0.05500749,0.1665282,0.6355405,1.134866,0.9927749,0.3928741,0.1297582,0.1174971,0.13151089999999999,0.1542734,0.1689273,0.1915742,0.214679,0.2364556,0.2554721,0.2763514,0.2930107,0.3134304,0.3342499,0.3449058,0.3515857,0.3705735,0.3799943,0.3961649,0.4068429,0.3993394,0.4029984,0.4136849,0.4171004,0.406179,0.4210826,0.4177361,0.4266172,0.4167817,0.430406,0.4435811,0.4831906,0.4976681,0.5082357,0.5578562,0.6240375,0.6921482,0.7926579,0.9009365
351.793,-0.01107072,0.002867476,0.0102285,0.001218678,0.001527304,0.03911527,-0.007382735,0.01972138,-0.00438529,-0.005162518,-0.004537001,-0.007028982,-0.002312199,-0.01636143,-0.003295834,-0.005775702,0.001784869,0.001387079,-0.01369558,0.00755261,0.003582682,9.889066e-4,0.002186079,-4.58357e-4,-0.004860854,-0.002770024,-6.297053e-4,1.125087e-5,-0.001218462,-0.007941671,-0.003782428,-0.01232645,0.008479739,0.003672873,-0.002253865,-0.01954665,-0.01376993,0.001686714,0.001201924,0.001710725,0.01478667,-0.006021868,-0.001858903,-0.002906316,8.99824e-4,0.00547263,-0.01500114,-0.01117241,0.00931652,0.001055224,-0.01120816,0.002842409,-0.002630061,-0.008560299,-0.004471027,-0.004642731,-0.01250277,0.003168348,-3.434854e-4,0.001248064,-0.003737323,0.007609345,0.003171984,0.005808198,-0.001607137,-0.00198235,-0.007175465,-0.008442474,0.005612972,0.00446989,-0.004393651,0.007681615,-0.001337962,-0.006019997,0.001294004,-0.004479159,-0.002330215,-0.003855866,-0.002465207,-4.79704e-4,-0.003821182,0.004169773,0.001078197,0.005047547,-0.005348143,-0.002065795,-6.927834e-4,-0.003527603,-0.005593032,-8.811251e-4,0.001651301,-0.003626926,0.001299499,5.124837e-4,0.001285001,-0.001770718,-0.005126362,-9.251905e-4,-0.001182065,-0.001831929,9.339039e-4,-0.001879345,-0.002815333,-0.002011276,1.64981e-4,-0.002294123,3.410971e-4,-0.001022747,0.00101313,5.251387e-4,-2.893477e-4,-1.50283e-4,0.001617277,-3.170793e-4,-0.001259631,-2.268489e-4,-4.993315e-4,7.557963e-4,2.969932e-4,-0.001620359,4.712958e-4,0.00104813,0.001095823,-6.685322e-5,-6.053758e-4,4.156391e-4,-0.001144052,5.58082e-5,-7.387069e-5,4.919143e-4,5.065615e-4,7.495191e-4,0.002837209,-0.001635958,1.314071e-4,0.004176841,0.005865118,0.009177367,0.01548105,0.02456619,0.03059927,0.02886872,0.03549734,0.03526589,0.03650384,0.03559646,0.0437766,0.1282851,0.4878097,1.070061,1.039127,0.5065218,0.1617042,0.1221768,0.1386107,0.1577372,0.1753439,0.1987154,0.2229922,0.2470041,0.271022,0.2787425,0.3070016,0.3180794,0.3447521,0.3503858,0.3659161,0.3808185,0.402248,0.3991113,0.4129841,0.4150199,0.4187477,0.4099844,0.4214159,0.4302913,0.4249547,0.4327404,0.4426017,0.4455086,0.4535552,0.4285974,0.4738644,0.4509002,0.5155798,0.5391291,0.5272434,0.6112343,0.6983117,0.7662731,0.7940716
354.073,0.02512275,0.04043462,0.008636622,0.008027065,0.01803975,-0.01578689,0.03130563,0.02521987,0.006530213,0.01425487,0.01527492,0.01454919,0.01506226,0.0205841,0.009315107,0.01835655,0.004537486,0.02168429,0.0262473,0.007232324,0.01045656,-0.002016448,0.002245804,0.007148014,0.007035651,0.002166813,0.001134468,0.003656688,3.997061e-4,-0.001363787,0.01204858,0.007485763,-0.003132245,0.02689466,0.017053,0.013533420000000001,0.004003329,0.02243371,0.01861768,0.02751577,0.009301121,0.008009465,0.01777446,0.02387252,0.00151558,0.008879593,0.01315179,0.001949901,0.002056407,0.006126513,0.01905256,0.001565392,0.005886879,0.009514649,0.01071176,0.002740077,0.01057072,0.003339838,0.001658415,0.001283996,0.001164959,0.005046371,0.003891531,0.002700755,0.005676076,0.01107964,0.001537816,0.006634428,0.006546475,0.007261336,0.004803623,0.005805031,0.001261724,0.004923613,0.007572799,0.003380776,0.001028579,-0.002058099,0.001000199,0.006048513,0.003067282,-0.003283078,0.006024971,0.004074099,0.003341461,0.006085478,-3.688177e-4,0.005912968,0.002620933,0.007584418,0.001017235,0.002080802,-4.750779e-4,0.002540916,0.003783264,0.004836735,0.001224465,6.769399e-5,0.005439071,0.003268228,0.001446846,5.759882e-4,0.001572956,0.002870739,0.0012494750000000001,0.001693768,0.001814779,0.001876127,0.00244094,-7.707821e-4,0.001231752,4.032584e-4,2.904203e-4,0.001075072,0.001299308,0.002353557,6.8971e-4,7.152759e-4,4.714555e-4,3.007067e-4,0.001404648,0.001900447,8.396582e-4,0.00191613,9.674884e-4,0.002519817,0.002672981,0.002052355,0.001773857,0.003633024,0.002485876,0.004512164,0.003262441,0.006582077,0.001890667,0.005433647,0.01012234,0.01954282,0.02377959,0.0299352,0.03013836,0.03094247,0.034572,0.03673409,0.04108371,0.04540698,0.09346316,0.4106938,0.935034,1.129175,0.5998323,0.1965211,0.1222509,0.1443358,0.1641813,0.1884343,0.2110565,0.2312715,0.257093,0.2847132,0.3034754,0.3185104,0.3395769,0.3594192,0.3829372,0.3916615,0.4086998,0.4175794,0.4196119,0.4220946,0.4352547,0.4418274,0.4479569,0.4547961,0.4575471,0.4506288,0.4554033,0.4705509,0.4549646,0.4830547,0.4829239,0.4989567,0.512514,0.5565702,0.5382517,0.6129949,0.6514533,0.6597749,0.6964881,0.8909575,1.004962
356.355,-0.04183465,-0.03583997,-0.02817597,-0.03297765,-0.06399277,-0.02834094,-0.01741603,-0.0311394,-0.03937593,-0.01398743,-0.004782341,-0.01624233,-0.01725711,-0.02248,-0.0208625,-0.003888387,0.008489916,-0.01321183,-0.01201491,-0.01051353,-0.01576625,-0.007989888,-0.009392915,-9.187857e-4,-0.00375345,-0.007726209,2.142264e-4,-0.005106876,-0.009157537,-0.008946709,-0.0122209,-0.006301001,-0.01677673,-0.02336374,-0.02851191,-0.01116532,-0.02007844,-0.02674315,-0.01198163,-0.01642647,-0.01058286,-0.02081754,-0.02439538,-0.01843363,-0.01305274,-0.003782081,-0.01330217,-0.01333666,-0.009658557,-2.667788e-4,-0.01203188,-0.007920919,-0.006824751,-0.01680226,-0.003368556,-0.01090385,2.68655e-4,-0.004432142,-0.01026843,-0.003522032,-0.00675716,-0.006403671,-0.007314543,-0.01181425,-0.005906974,-0.01073662,0.005100387,-0.001385752,-0.009122249,-0.008106316,-0.004848832,-0.006281366,-0.009366926,-0.003447655,-0.005720081,-0.01208206,-0.00495094,-0.008514869,-0.00630766,-0.004736538,-0.004697504,0.001984995,-0.006916541,-0.003851324,-0.005076672,-0.002024908,-0.008006318,1.002292e-4,-0.004897796,-4.911876e-4,-2.3196e-4,-0.003132107,-0.004709412,-0.00445117,-0.002915019,-0.002332506,-0.001373271,0.001277912,-0.002203496,-0.002452648,-0.00374522,-0.001974953,-0.004709413,-0.002786557,-0.002274807,-8.285331e-4,-0.003091279,1.4133e-4,-5.881005e-4,-9.764614e-4,-7.909478e-4,-1.521764e-4,-7.368479e-4,-0.001299501,-8.989556e-4,-0.00128068,-0.001714894,-6.226758e-4,-0.002561464,-0.002110582,-7.395443e-4,-5.204753e-4,5.457208e-4,-3.148292e-4,-8.68184e-4,-0.001106992,-6.869715e-4,-0.001389137,-2.950418e-4,0.001567503,-0.003047084,1.681057e-4,8.836165e-4,0.002663922,0.002182014,0.006862819,0.01131936,0.01468763,0.02542363,0.0286715,0.03222475,0.0315059,0.03574492,0.0375014,0.03870187,0.06367545,0.2986936,0.865669,1.134771,0.729704,0.2376681,0.1250922,0.1408802,0.1674539,0.1921154,0.2156772,0.2381133,0.2694665,0.2926414,0.3057766,0.3374535,0.3559736,0.3684375,0.3982654,0.4188564,0.418924,0.4276306,0.4329387,0.4431966,0.4482808,0.4453272,0.4535238,0.4516593,0.4395393,0.4564632,0.4512522,0.4560438,0.4734232,0.4750327,0.4811496,0.4918602,0.4875345,0.5170029,0.5156032,0.595586,0.5868839,0.6151613,0.6376849,0.6831208,0.7787657,0.745882
358.637,0.002116669,-0.03265804,-0.02186474,-0.01238696,-0.001858924,-0.04397661,-0.01564655,0.001443877,-0.009023531,0.004094474,-0.01363037,-0.003770139,-0.002166075,0.01172768,-0.007966043,0.002952717,-0.009957227,0.002169952,-0.01497962,-0.005911225,-0.001427166,-0.005065541,-8.883008e-4,-8.157159e-4,0.001584869,0.003927705,-0.003814603,7.388017e-4,-0.006603304,-0.004330697,-0.002840032,0.00191293,-0.01098498,-0.009802774,0.001547572,-0.01239087,0.009642293,0.01207881,-0.01427363,-0.008163292,7.9923e-5,-0.004297652,-0.00298764,0.006853477,0.005556032,-0.01167217,-9.408379e-4,-0.008009293,0.01060024,-0.008517236,-0.005682467,-0.01152111,-0.006736345,-0.01394374,-5.56166e-4,0.01120191,0.003817323,-0.01305922,0.005007383,-0.005352046,5.258082e-4,-0.003714655,-0.004519374,-0.001425668,-0.001764543,0.005186667,-0.008892123,-0.008795325,-9.813605e-4,-0.005733807,-0.004346552,-0.001611244,-0.003168703,-0.001061422,-0.001570697,-8.24013e-4,7.12252e-4,-1.339221e-4,-0.003983849,6.915161e-4,-0.003929025,0.002932407,-7.82927e-4,-3.807597e-4,-0.003588404,3.756932e-4,-0.002060925,-0.0042508,3.144265e-4,-7.417812e-4,-5.692281e-4,0.001621593,-0.001197419,-0.001360291,-7.076834e-5,-3.464801e-4,-7.856073e-5,-3.55473e-4,9.776701e-4,2.226648e-4,0.001677851,-3.88979e-4,0.001602209,-5.034734e-4,-4.494981e-4,-0.001118608,1.231243e-4,0.001516932,-0.001063848,-3.117867e-4,-8.729704e-4,-1.356484e-4,-6.067814e-4,8.619543e-4,-9.975841e-4,-9.179949e-4,-3.341302e-4,-3.607766e-5,0.002772914,8.01699e-4,-8.787137e-4,-2.889938e-4,-0.001063181,0.001545211,-1.965842e-4,0.001202434,-1.900098e-4,0.001017339,-7.566089e-4,-0.001498963,0.00175496,-2.937405e-4,-0.001742593,0.003277005,0.005079903,0.01003562,0.01807077,0.02278424,0.02691342,0.02876405,0.0297555,0.03277781,0.03700996,0.03661169,0.05456345,0.2056315,0.7070108,1.12621,0.8317608,0.3060998,0.1285079,0.1437537,0.1698909,0.1936411,0.2211294,0.2483517,0.2737559,0.3012363,0.3243006,0.3513195,0.3802906,0.3876871,0.4116899,0.4368188,0.4507079,0.4435395,0.4583959,0.4670162,0.4682531,0.4656941,0.4735625,0.4717931,0.4682304,0.4683657,0.4706016,0.4843136,0.4949792,0.4857623,0.4978715,0.4978087,0.517404,0.5264655,0.5571476,0.5972712,0.5975446,0.6683419,0.6720975,0.703679,0.8323774,0.8616875,0.9423894
360.92,-4.896382e-4,0.01067704,0.009232071,0.01344669,0.006891292,0.01683445,-0.01841346,0.006648766,0.01563427,0.007149396,-9.341432e-4,-6.446724e-4,0.01136521,-0.001183779,0.005861896,-2.530725e-5,-0.007797093,-0.004270404,0.003561904,0.002903542,0.001634861,0.003027622,-0.004433543,-0.001703629,3.370042e-4,0.002232408,0.002531089,3.010399e-4,-0.001006272,0.002317998,0.001947113,9.846465e-4,0.004328375,-2.214559e-4,-0.005985762,-0.007214311,0.01749989,0.005214326,0.008118208,0.007268888,0.008460656,-0.004411974,0.005733879,-0.003469926,-9.873288e-4,-0.01045911,1.243127e-4,0.005706602,-0.001333253,-9.57732e-4,0.006802447,-0.007921406,0.003387982,4.092025e-5,-0.003905404,0.007060559,-9.240929e-5,0.008728959,-0.00684062,0.003994861,-0.003821018,-0.004119278,-0.007107328,9.756834e-4,0.001047766,0.002038421,0.006310795,0.001274511,2.834693e-4,0.004802721,0.002628154,0.002224721,-0.005565894,0.003004467,0.005668406,-1.894065e-4,0.001792263,0.001134371,0.002560642,0.002549901,0.002480685,0.002651586,-0.00184089,-0.00228723,-0.002260816,7.528603e-4,0.00133299,0.002231881,0.002718716,1.851324e-4,0.002198371,0.002737027,-0.003020289,0.001626423,1.806909e-4,0.001026247,0.002251991,-0.001756034,-1.372739e-4,0.001200004,4.780423e-4,5.02934e-4,8.375945e-4,6.41402e-4,0.001709848,2.160572e-4,-7.537792e-4,-0.001229205,4.254399e-4,3.292389e-4,-6.393457e-4,3.802659e-4,6.202042e-4,-4.021818e-4,0.00109903,-2.899049e-4,0.001752565,0.001672722,-5.018114e-5,0.002709043,7.932026e-4,6.2999e-4,4.61276e-4,-8.792088e-4,7.864857e-4,-6.281898e-5,2.652385e-4,7.377791e-4,0.001460838,0.00143309,-4.150021e-4,-4.624714e-4,0.004415449,0.004788939,0.00817646,0.01798134,0.02362979,0.02999242,0.02766968,0.03339908,0.03411887,0.03727327,0.04214442,0.04976354,0.151656,0.5633813,1.06538,0.9253179,0.3838265,0.1432673,0.1369269,0.16579,0.1975396,0.228784,0.2604866,0.2872055,0.3123894,0.3434132,0.3698316,0.3919767,0.4193604,0.4428698,0.4592413,0.477457,0.4814905,0.4936333,0.4929635,0.4958905,0.49510150000000003,0.5073069,0.5100229,0.505777,0.5003235,0.4979906,0.5080587,0.5176633,0.5237599,0.5338834,0.5357791,0.5516359,0.5593062,0.6030767,0.5921034,0.6755672,0.6642933,0.7496573,0.7169124,0.8077202,0.8170634,0.995039,1.174284
363.203,0.03587465,-9.567881e-4,0.054473,0.02008381,-0.002886042,0.02555588,0.04942541,0.0168781,0.01747425,0.02936835,0.003477383,0.004185831,-0.001839938,0.006174429,0.009909447,0.01611451,-0.001435365,0.014236,0.007598731,0.007682744,2.764156e-4,0.002628237,0.002500737,0.003121055,0.001493217,1.986748e-5,0.00205413,-0.001861764,-0.00696427,0.009416283,0.006851546,-0.001008773,0.008644648,0.01650217,0.001844652,-0.01150679,0.01015764,0.005102939,0.01827468,0.004668123,0.01469286,0.002881601,0.009510013,-0.005121421,0.00386393,0.02185193,0.01699618,0.001702859,0.001370405,0.01700644,0.007400977,0.01004401,0.01093624,0.002453237,-0.00204201,0.01108997,-0.002777185,0.009365043,0.002328622,5.431127e-4,-3.640615e-4,6.892615e-4,0.00471791,-7.608642e-4,0.004326167,4.507083e-4,0.008055923,0.004825438,0.003334439,-3.453352e-4,0.007348783,0.004189172,0.003651806,0.003750592,0.0069811,0.005260523,0.002993155,0.002432142,0.002539864,0.002010369,-4.482376e-4,-0.001593285,-0.002382977,0.002409787,0.002932986,0.003947752,0.002383247,0.003673696,0.001019961,-1.547331e-5,0.004353611,0.002114651,0.001592519,-0.004390105,7.303345e-4,0.002412349,-0.001364675,7.35764e-4,0.003124559,-4.856016e-5,0.003243549,0.001537504,6.981458e-4,0.00153131,8.886849e-4,-4.265514e-4,5.870486e-4,0.001832421,0.00110289,0.001245009,0.001219544,4.852838e-4,9.663785e-4,0.001201752,-1.760311e-4,6.871075e-4,0.001640076,0.001487388,0.003249809,0.002267122,0.002659312,0.003271148,8.102463e-4,-7.422649e-4,2.074469e-5,9.775146e-4,7.513338e-4,0.00351767,0.004233932,0.003486721,0.003553694,0.002195327,0.006603349,0.01051541,0.01505873,0.01931749,0.02712726,0.02998144,0.03120531,0.03609479,0.03686299,0.03889673,0.04465274,0.1153052,0.4641128,0.9892282,1.020876,0.4699274,0.1644996,0.1363568,0.1628011,0.1974704,0.228859,0.2647472,0.3015932,0.3281836,0.3634024,0.3876064,0.4262536,0.4356689,0.4553143,0.4887823,0.499273,0.5181859,0.5178369,0.5287867,0.533284,0.5299244,0.5275744,0.5250677,0.5262934,0.5344496,0.5325182,0.5368929,0.5199336,0.553878,0.5463852,0.5745908,0.5654482,0.5953522,0.6115089,0.621233,0.6633789,0.6836485,0.7216838,0.7985357,0.8436102,0.9362518,0.880109,1.01228,1.165
365.488,0.01601193,-0.004198677,0.007611395,-0.02584437,-0.004820507,-0.005672195,0.005081073,0.001512975,0.00527327,-0.01816923,-0.01789504,0.003350535,0.001591944,0.003103834,0.002339225,0.003868531,0.01546024,-0.01647096,-0.01325419,-0.002402141,0.001154558,-0.006535087,0.001523658,-0.001584966,-5.412632e-4,-0.002231685,9.86953e-4,0.002584247,-0.002081537,-0.002935366,-0.01317325,0.004117544,5.170054e-4,-0.007289531,-0.01707217,0.005762172,3.659088e-4,0.01510516,-0.00772374,0.002991532,-0.008122549,-0.007681132,-0.001209423,-0.00457209,0.001695233,0.001379361,-0.002774195,-7.158895e-4,-0.007680747,-0.002066231,9.466423e-4,-0.003326146,-0.01244351,0.007132659,-1.611621e-4,-0.008478097,-0.003487728,0.003944499,-0.002341002,-0.00672262,-0.001973872,-0.002385666,-0.001900595,-0.003684693,-8.281982e-4,0.001501495,-0.002859961,-0.003445575,-0.001627768,-0.004448013,0.002519838,-0.003948727,-0.003026822,0.003156139,-0.002338352,-0.004191249,7.464338e-4,-4.377636e-4,0.00119669,-0.005573648,-0.002114373,0.003661451,-8.139889e-4,0.0019917480000000002,-0.0025247,-0.002695099,-0.001387451,-8.820785e-4,-7.38034e-6,-0.00217048,0.002666593,0.00116756,-0.004631098,0.001296589,-2.642739e-4,-1.443731e-4,-0.002589837,-0.001275043,-5.123973e-4,-0.003631626,8.955578e-4,-9.262657e-5,5.081424e-4,-7.137717e-4,-0.001276182,-2.554376e-4,-9.932891e-4,5.909268e-4,2.319835e-4,0.001235849,3.088924e-5,-8.032403e-4,-4.2518e-4,-6.027472e-5,-1.487724e-4,4.422944e-4,-1.6717e-4,0.001975116,-6.655385e-4,2.076467e-4,3.777857e-4,5.658858e-4,-0.001185966,-8.927492e-4,-0.001014345,-0.001024256,-6.752419e-4,-5.130109e-4,6.665822e-4,0.001073726,0.001742299,0.003741821,0.006743656,0.01279989,0.01767388,0.02561796,0.03043896,0.02804295,0.0288343,0.03342307,0.03682838,0.04190723,0.07453635,0.3561778,0.9125734,1.082268,0.5931468,0.1865484,0.1289254,0.1550199,0.1872697,0.2283254,0.2665793,0.2973602,0.3345014,0.3709779,0.3953192,0.4370802,0.4489953,0.4744311,0.4977816,0.5293277,0.5474135,0.5448381,0.5545815,0.5601553,0.5666634,0.560681,0.570564,0.5537352,0.5691684,0.5599215,0.5542266,0.5590774,0.5394259,0.5740741,0.578402,0.5822257,0.6064852,0.6415664,0.6545378,0.6666381,0.7069158,0.7299954,0.7782577,0.8247351,0.8240245,0.9194566,0.9202577,1.001984,1.015928
367.774,0.001122661,0.03394756,0.007365141,3.05514e-4,0.002952028,0.02382129,0.02574751,0.005631818,2.407923e-4,-0.003771257,0.01531028,0.007063896,-0.004770898,0.001748365,0.01425477,0.007395847,0.01075978,-0.006439783,0.002850432,0.009378678,0.002805725,0.002217663,-3.27955e-4,0.00274859,0.001790263,0.002014394,-6.50373e-4,0.001317859,0.002112829,-0.006679681,-0.002672039,0.002307309,-0.01295875,0.01959096,0.02067647,0.01475008,0.009567752,0.006740712,0.0109621,0.002886404,0.009947737,-0.009769,0.01189508,0.002989112,-4.851662e-4,0.006190351,0.02094249,-0.01195562,0.01661495,0.002230562,0.006557902,-4.665511e-4,0.004157946,0.001027759,0.004609867,0.01643319,0.00435764,-0.002475485,0.0123321,0.01019682,0.006671685,-0.002865489,0.002040704,-0.001152063,0.005630529,0.00455091,0.008505946,-0.003077045,0.004835995,0.004362417,0.001655756,6.953049e-4,0.004433938,-0.001934395,0.004189154,-1.495108e-4,-9.762755e-4,1.234794e-4,0.003541845,0.00496206,-4.625141e-4,0.002265805,0.0027238,0.001878253,0.002341878,0.004440438,0.002214103,-1.293249e-4,0.001916676,-0.0014456200000000001,0.001521698,-6.322796e-4,-1.471639e-4,3.460048e-4,0.002378131,0.00397498,0.004095737,-5.940239e-4,0.003813751,0.002881111,3.7107e-4,0.001080134,0.001754646,1.996105e-5,1.166386e-5,0.001252981,4.400369e-4,4.083948e-4,-3.945888e-4,9.32126e-4,9.665776e-4,-1.768923e-4,0.001430287,0.00107916,0.001634586,-2.026115e-4,0.00195094,0.001275113,5.657863e-4,0.001143846,-9.965483e-4,5.717262e-4,0.001343633,-0.001351357,0.001023479,4.830893e-4,0.001982323,4.369223e-4,0.005476999,0.002680693,0.004342121,0.005691038,0.00736645,0.01923528,0.02336623,0.02826481,0.03002005,0.03672147,0.03785606,0.03480123,0.04105886,0.05585928,0.258199,0.8257161,1.130784,0.7408171,0.2478881,0.1291123,0.1533241,0.1788988,0.2251825,0.2635468,0.3066941,0.3392537,0.3848522,0.4147675,0.4429109,0.4749341,0.513761,0.5285864,0.5515175,0.5740808,0.58497,0.6035308,0.6094422,0.6292234,0.6108327,0.612771,0.5955914,0.5951608,0.5869866,0.5874627,0.5912183,0.5993307,0.5989093,0.5909772,0.6198858,0.6332305,0.6682861,0.6913796,0.7157172,0.7584905,0.7556164,0.8092382,0.8681341,0.9131626,0.9541315,1.047748,1.080577,1.285012,1.229837
370.06,0.04566749,0.02317672,0.04217314,0.02363977,0.06529432,0.04126147,0.03285939,0.001115589,0.009970982,0.02607956,0.01704269,0.007503884,0.01393103,0.01353299,0.01365234,0.01808141,0.01749571,0.01392073,0.01089765,0.00387075,0.002509383,0.006647402,-5.10926e-5,0.007867132,0.005999404,0.001836688,0.005801547,0.002583416,0.007351553,0.001419276,0.01397068,0.004521466,0.01156426,-0.009697039,0.006727665,0.0167416,-0.002441376,-1.773024e-4,8.430397e-4,0.006934405,0.0114775,0.007766002,0.003270668,0.01108772,0.005861365,0.01533956,4.272096e-4,0.003053818,0.01179426,0.01136566,0.01622571,-0.00208103,0.01553187,0.01702826,0.007099062,0.005660341,0.006923278,0.004745587,0.004750024,0.006224563,0.01093693,0.006012432,-0.003412061,0.007173731,-0.005312147,0.0102735,0.01378903,0.008234582,0.0019109,0.00791407,0.005089521,9.348972e-4,0.01065322,0.007079024,0.007130456,0.01259633,0.00771452,0.004813299,0.005497418,0.002209038,0.005316527,0.00540095,0.00582996,0.004666788,0.003164295,0.00452783,-2.913842e-4,0.002951082,0.002092893,0.002526325,5.648494e-4,-9.811332e-4,0.001131224,0.002998285,0.003326984,0.002756132,0.002914653,0.003590318,0.00214016,0.00336054,7.451047e-5,2.159527e-4,0.00224041,0.002345694,8.452197e-4,-2.090603e-5,0.00362359,-1.681332e-4,0.001834739,0.001224246,7.957751e-4,0.001105207,4.518932e-4,0.002603664,7.404915e-4,0.001148568,0.001601753,0.002237018,0.003055117,0.001988459,0.001727628,0.002586602,0.002653657,0.004265517,0.00280447,0.00425933,0.002483643,0.005605135,0.003639102,0.002578679,0.004658838,0.01042678,0.01389778,0.02010762,0.02830029,0.02720123,0.03254437,0.03622393,0.03958322,0.03967843,0.04845359,0.1695762,0.6859123,1.134259,0.8987194,0.349164,0.1339329,0.1400752,0.1770172,0.214807,0.2525274,0.2994412,0.3471617,0.38847,0.4283947,0.4627929,0.4993086,0.531335,0.5570438,0.5847281,0.6080882,0.6265066,0.6539244,0.6479209,0.6539062,0.6491202,0.6515995,0.6458318,0.6390926,0.6309243,0.6216522,0.6257999,0.62909060000000006,0.621895,0.6329132,0.642783,0.6630308,0.6778672,0.7044817,0.7263461,0.7671545,0.7959519,0.8233666,0.8706331,0.961388,0.9647883,1.04203,1.110917,1.167192,1.195808,1.303808
372.347,-0.02270005,0.01130192,0.01282018,-0.01054893,0.007296706,-0.02069361,-0.02576486,0.005938964,-0.003403418,-0.006246782,-0.02868446,-1.609221e-4,-0.004890611,-0.009429698,-0.003491779,-0.01220742,-6.231688e-4,-0.0135963,-0.003065585,-4.092472e-4,0.00198353,-0.002527608,-0.003857182,0.00239259,0.00383511,0.004978394,-2.439523e-5,-0.002463366,-0.005326323,-0.008058081,-0.002750738,-0.002401052,-0.00923764,-0.008706598,-0.02934743,0.01142366,0.004980244,1.265373e-4,0.005481231,0.001344023,0.001668561,0.006027495,-0.003328948,-0.005484488,0.002879446,-0.01321117,-0.00452477,0.01222867,-0.01919599,0.001414098,-0.005476472,-0.002145348,-0.008613805,-0.01614975,-0.008933961,-0.006474225,-0.00712117,-5.066917e-4,-0.008584264,-0.008217764,-0.003162515,-0.005124124,-0.001989189,-5.303658e-4,-0.009858554,-0.004687318,-0.002110483,0.001414908,-0.001064447,-0.00769412,-0.004004892,-0.005403722,-0.004353424,-0.00772276,-0.002005944,-0.007969122,1.993264e-4,-0.004738044,0.001873462,-0.005839349,0.001287954,0.002132363,-0.001924015,6.054276e-4,-0.002330093,-0.002636104,-0.004456956,-0.001026071,-0.004162835,-0.002426795,-0.005197125,-7.1278e-4,-0.003374278,-6.889604e-4,-7.06202e-4,-7.083302e-4,-0.002367116,-0.001892836,-0.002384715,-3.574503e-4,3.912713e-5,-0.001095544,0.001511371,-2.268233e-4,-0.002318536,-7.132735e-4,-1.711966e-4,-9.506118e-4,-7.799575e-4,0.001588253,-3.168054e-4,-8.124913e-4,-5.789162e-4,1.552813e-5,-4.765443e-4,-8.784726e-4,-0.001350141,-4.920002e-4,-8.924802e-5,-0.001676865,-0.001827282,-7.906203e-4,-9.3783e-4,2.078331e-4,-1.704074e-4,-4.09203e-4,1.707495e-4,-2.280196e-4,9.127323e-4,0.003795428,0.00743664,0.007969389,0.01502229,0.02398678,0.02670111,0.02827589,0.030619650000000002,0.03080976,0.03534472,0.0419397,0.1246719,0.5072185,1.092455,0.9770274,0.4483544,0.1532919,0.1362855,0.1661596,0.2049383,0.243518,0.2928444,0.3396108,0.3900059,0.4329606,0.4854463,0.5169816,0.5447541,0.5871031,0.6211244,0.6474519,0.6722178,0.6748817,0.6934149,0.6944495,0.7052857,0.7027089,0.6865462,0.6865904,0.6763215,0.6743735,0.6763336,0.6625444,0.6545331,0.6515946,0.6579665,0.6734898,0.6934242,0.720391,0.7589622,0.7713032,0.7839498,0.8183999,0.8624741,0.9628578,0.99466,0.9956289,1.044264,1.102044,1.179778,1.306181,1.296389
374.635,0.01547259,0.02118887,0.01880986,-0.01173756,-0.03452027,-0.006743953,-0.007464132,-0.01134946,0.006683184,0.01764828,-0.00660565,0.006169411,0.006579976,0.01200108,-0.007390431,0.002301771,-0.003979287,0.00777431,0.01076586,-0.002239776,-0.003277294,-4.011398e-4,0.00395897,2.908377e-5,-0.004483578,-0.003622366,-0.001112659,-0.001153943,0.001541833,-6.682499e-4,-0.001305981,0.001875778,0.004334582,0.009085399,-0.004311961,-0.004982197,0.01403122,-0.006266929,0.005591643,-5.472204e-4,0.004515829,0.003865419,-0.001264506,-8.892134e-4,0.003356076,0.008918967,0.005119696,0.002129376,0.009394347,0.007558523,0.004599157,5.708409e-4,0.00553829,-0.006991386,-0.003876621,-7.847326e-4,0.006949142,0.00429678,0.006218383,-2.147787e-4,0.003498184,0.002751588,5.466448e-4,0.001553467,-0.001955461,-0.004021755,-0.003292635,-0.002768167,2.664012e-4,0.001356927,5.653386e-4,0.003194388,0.002823659,0.002515662,0.002102975,-0.003009692,-4.130057e-4,-0.001669466,0.002266397,3.520485e-4,-0.004843963,-0.001576404,-2.637041e-4,8.492622e-4,1.326177e-4,0.0017016,-0.002322236,0.00157401,8.97508e-4,0.004351604,-0.002621492,0.002157631,0.003112834,-0.002668935,1.03695e-5,1.310701e-4,8.413623e-4,0.001057141,0.005288228,-4.649622e-4,-0.001068278,0.002305193,6.306415e-4,6.085423e-4,0.001473632,2.424504e-4,0.001361442,0.001020152,0.001597571,5.567738e-4,0.001016206,6.234406e-4,0.001336366,6.546101e-4,-2.835111e-4,-6.353735e-4,0.001803568,4.973012e-4,-0.001221073,-7.873244e-4,-3.201238e-4,0.001317692,3.785061e-4,6.78426e-4,0.00153789,7.389385e-4,0.002325636,0.002537058,0.003964127,0.007141394,0.01093856,0.01556909,0.02300466,0.02474835,0.02638933,0.03436147,0.03572379,0.03578836,0.04159014,0.09180569,0.3955034,0.9521592,1.06726,0.538149,0.1822262,0.1340619,0.1613765,0.1958182,0.2439136,0.2905966,0.3361582,0.3911767,0.449846,0.4867534,0.5426022,0.5760074,0.6195763,0.654412,0.677281,0.7028167,0.729442,0.7500705,0.7567656,0.7628245,0.7653891,0.7593112,0.7472557,0.7355399,0.7266229,0.716837,0.6997726,0.7097308,0.6961246,0.6933254,0.7048038,0.7200268,0.7530096,0.7743276,0.7938957,0.8438049,0.8614484,0.905894,0.9665192,0.9880592,1.070072,1.127105,1.182553,1.237286,1.311182,1.386805,1.377022
376.923,0.00795034,-0.03961119,0.003125073,-0.01647391,-0.0406219,-0.01095296,-0.00843161,-0.009554816,-0.01919083,-0.01080463,-0.01057856,-0.006912175,0.001343879,-0.002309676,-0.00121741,-0.004024294,-0.007090125,-0.002947503,-0.005739812,5.053541e-4,0.001533131,-0.006502319,-0.0039486,-0.002463068,-0.007372148,-0.003711023,0.001076719,-0.006829961,-0.003169218,-3.295432e-4,-0.001667285,-0.005312726,-0.007642106,0.001551528,-0.01609758,-0.007350862,-0.01036978,-0.001446161,-0.01170381,-0.002353298,-0.005247628,-0.007965327,-5.556476e-4,-0.003901164,-0.007890159,-0.006718765,-0.0110459,-0.001073171,-0.01191758,-0.003490568,2.227587e-4,-0.01724236,-5.819928e-4,-0.005693781,2.054684e-4,-0.009736585,-0.00312324,1.649645e-4,0.003683558,-0.001985648,8.544394e-4,-0.004033397,-0.005736891,-0.001172847,-0.01250608,0.001496999,-0.002953232,-0.001708029,0.001783076,-0.002231174,-0.002153817,-0.005010352,-5.933171e-4,-0.003701785,-0.00169515,-0.00191521,-0.001200804,-0.004878291,-3.746924e-4,-0.001263999,-0.00116059,0,-0.001336704,-0.00485057,-0.002008974,-0.002839077,-6.682466e-5,-0.00316789,-2.656029e-4,0.00433941,-0.001692626,1.638617e-4,-9.025243e-4,0.001854313,-9.469093e-4,-9.130582e-4,-0.003363028,-4.931935e-4,-6.762626e-4,-0.005440096,2.690518e-4,-0.002480398,-0.001249017,0.001679534,-5.477518e-4,-7.920693e-4,-0.001231127,3.950042e-4,-7.721194e-4,-0.001473815,5.020972e-4,9.038796e-5,-3.145725e-4,2.005193e-6,-7.91702e-5,-0.002129367,-3.486596e-4,3.666624e-4,0.001938478,0.001311011,-2.17104e-4,4.930429e-5,0.001223583,2.47221e-4,-7.862061e-4,-4.137379e-4,0.001107167,0.002656778,0.001951818,0.006126978,0.009979658,0.01947687,0.02234887,0.02491204,0.02670111,0.03049296,0.03292442,0.03295534,0.06252214,0.3081628,0.8677478,1.091706,0.6632191,0.2086345,0.1264382,0.1485715,0.1859316,0.2245733,0.2745404,0.322716,0.3799471,0.4326534,0.4904019,0.5463134,0.5827398,0.6271205,0.666529,0.7037524,0.7264149,0.7580873,0.776686,0.7882312,0.8106742,0.8086198,0.8006183,0.7966105,0.7820959,0.7795855,0.7551102,0.755847,0.7412152,0.7292756,0.7360167,0.7280038,0.7432763,0.7590701,0.7814259,0.8212377,0.8485744,0.8777661,0.924935,0.9723308,1.007609,1.045728,1.136531,1.206407,1.314632,1.283616,1.33467,1.421678,1.549171
379.213,0.02662819,0.03076842,0.002886946,0.00669667,0.03071652,0.02204976,0.01133122,-0.009695097,0.02517029,-0.007399588,-0.006580626,0.01657352,-0.00118798,0.008561543,0.005075407,0.008417375,0.01529015,0.01175646,-0.009054291,-8.419603e-4,-0.00207915,3.275684e-4,0.006872271,0.002542224,0.005687549,0.006215969,0.006081529,0.004087472,0.004961251,0.006132257,0.003459342,0.01319547,4.433739e-4,0.005789201,0.02199702,0.02778532,-0.003022528,-0.001167864,-0.009401616,0.002497366,0.00288147,0.001007833,0.005003509,0.003730136,0.007657086,-0.002045825,0.00315229,0.00892783,0.01544426,8.846073e-4,0.002315209,0.002428395,0.01082379,0.001103506,0.01514239,0.001552471,0.002049045,0.00723179099999999,0.002883916,0.001142553,3.303386e-4,0.005475834,-0.003460958,-7.188203e-4,-0.001039826,0.003398986,2.708164e-4,-7.675934e-4,0.005684679,1.689627e-5,0.002365182,0.002796696,0.002823536,0.007942154,1.995036e-4,0.005838507,0.001809065,0.003125767,0.003403948,0.002251018,-4.177735e-4,-5.04468e-4,-0.001693899,0.004000829,0.003489047,0.004415371,0.00118689,0.002575627,0.004223243,1.275918e-4,-0.005638255,-6.558357e-4,-0.001527381,5.818287e-4,-0.001403174,0.001263061,0.003245923,0.001619827,0.003264099,4.836206e-4,0.001313421,0.00354836,-1.847915e-4,8.81736e-4,0.001083408,0.001427153,5.485104e-4,4.105356e-4,-6.375615e-4,6.332851e-4,8.73836e-4,0.001297898,0.00158758,-2.455924e-4,0.00111545,9.48736e-4,0.001536046,-2.451205e-4,0.001591036,-3.22149e-4,0.00274058,4.504526e-4,0.001623296,0.0036895,0.001098247,0.002707068,0.004019196,0.00334164,0.004748532,0.008527262,0.0149743,0.02227706,0.02112674,0.02757986,0.0280806,0.03095342,0.04052772,0.04565441,0.2154336,0.7547167,1.151983,0.7806897,0.2714089,0.1261708,0.1492667,0.1797884,0.2133586,0.2650541,0.3114108,0.3708594,0.4232887,0.4814203,0.5437192,0.5978231,0.6494706,0.6808262,0.725544,0.7570855,0.7834952,0.8095207,0.8302964,0.8414343,0.8523209,0.8569776,0.8602861,0.8537148,0.8259762,0.8246454,0.796995,0.7832702,0.7802948,0.7842345,0.7648128,0.773631,0.7943057,0.8195897,0.8334757,0.8487796,0.8908776,0.9321787,1.024326,1.03192,1.107217,1.178855,1.239909,1.320056,1.311484,1.379704,1.476487,1.619423,1.66604
381.503,0.011803,0.04310452,0.02044583,0.008325161,-2.327918e-4,0.00841316,0.01820819,0.03354686,-0.01334118,-0.005594229,0.004785094,0.001495585,-0.003846429,0.02482888,-0.004543854,0.01898052,0.006947962,-0.002445544,0.01168613,0.001455071,0.002614806,0.003063809,-0.003224166,0.003478257,0.004523994,-1.898751e-5,0.003645773,0.001701144,0.003710476,0.002300803,0.00216847,-0.006956356,-0.002882246,0.009978531,0.02265243,0.01058478,0.007851121,0.003529844,0.006568947,-4.324213e-4,0.01593669,0.01084268,0.007830203,0.01235303,0.01238498,0.007279039,0.01106663,0.01740291,0.01164275,-5.746904e-4,0.005060076,0.003186855,0.008088619,-0.005276476,0.007706678,0.004994204,0.006754088,0.001185458,-3.363161e-4,0.007127057,0.004100277,0.001307919,0.001573522,0.01303922,-0.001868058,-7.806235e-4,0.01016229,0.00572143,-0.001987423,6.837633e-4,0.00363119,0.003701601,0.001379833,0.003661165,0.005557207,0.002940545,-5.54481e-5,0.003074606,0.003488606,0.001201075,8.356037e-5,0.001139932,5.400292e-4,0.004511113,0.001429759,0.003401996,0.001563515,0.001763323,0.002757291,8.537956e-5,0.003953718,4.645063e-4,6.429532e-4,3.345008e-4,0.004316822,0.001729137,0.001433602,1.138192e-4,0.001899831,8.668651e-4,5.085098e-4,3.25435e-4,0.002212064,-7.342731e-4,0.001019352,-8.049693e-4,0.001616655,0.001661107,-7.670629e-4,4.28309e-5,6.925871e-4,-8.266586e-5,4.009961e-4,2.880565e-5,1.245473e-4,9.790959e-5,0.001976924,0.001718668,0.002362193,3.827474e-5,0.003285102,0.001400712,0.002707006,0.001841656,0.001705215,0.003326935,0.002500974,0.00529151,0.00602397,0.01182601,0.01808607,0.0246818,0.02857153,0.02792776,0.0336989,0.03534585,0.04684883,0.1360614,0.5945512,1.105132,0.9641986,0.3719419,0.1355683,0.1402697,0.1757521,0.207285,0.2545336,0.3021506,0.357478,0.4139298,0.4808399,0.5414413,0.5915785,0.6587759,0.7052106,0.7457342,0.7892672,0.8203414,0.8443441,0.8700598,0.8861731,0.9067347,0.9184287,0.9126385,0.9161576,0.9042963,0.8953062,0.8764771,0.8598656,0.8372778,0.8396087,0.8303464,0.8356743,0.8320094,0.8356293,0.8483471,0.8967956,0.9322605,0.9642537,1.036348,1.059215,1.11222,1.165659,1.26719,1.362795,1.37106,1.458749,1.496426,1.638004,1.666532,1.856633
383.794,-0.02844024,-0.01361081,-0.0226424,-0.007385483,-0.01527907,-0.01241311,0.003607566,-0.03505642,-0.01229613,-0.03110983,-0.008010673,-0.003185085,-0.005165919,-0.0195941,-0.007951815,-0.01051382,-0.01555103,-0.01456116,-9.417083e-5,-0.001496542,-0.007955406,-0.00329145,-2.400591e-5,-0.004990742,-0.003815737,-0.002085402,-0.003264497,-0.00708826,-0.00503518,8.862418e-5,-0.01491303,-0.01743528,-0.01549485,0.01074032,-0.01432505,-0.003183352,-0.008218085,-0.004404199,-0.01851378,-0.01263445,-0.002865674,0.00369952,-0.02141067,-0.01658445,-0.002969938,-0.004573857,0.001224995,0.003125505,-0.006142197,-0.004188416,-0.02174579,0.001364811,-0.001520233,-0.004792539,-0.007684689,-0.00487244,-0.005214728,0.001766109,-0.01515176,-0.002323042,-5.624343e-4,-0.004465519,-0.004719734,-0.005161678,-0.003573034,-0.005250162,-0.005570059,-0.004519771,-0.002369089,-0.002466489,-0.001964974,8.249354e-4,-0.003609828,-0.001407055,0.001419295,-0.00434596,-0.001135959,-0.006997252,-0.002374769,-0.002259556,-0.001713549,-8.212448e-4,-3.786217e-4,6.689236e-4,-0.001670967,-0.004707222,-0.003101714,-4.48245e-4,-0.004915322,-0.001622867,-0.004450044,-0.00255876,-0.002600109,-0.002789004,-0.001429745,-0.001252714,-0.002246794,-0.002885207,-1.927767e-4,-0.001272292,-0.001377004,-0.001822697,-4.598469e-4,-0.001333044,-0.001127098,-1.524665e-4,-0.002107352,-8.524621e-5,9.93773e-5,-0.001224294,-9.715546e-4,-9.32342e-5,-0.001649292,-3.825489e-4,2.033775e-4,5.356483e-4,-0.001038151,-1.174081e-4,-3.35909e-4,-0.001930221,-6.155721e-4,-8.34466e-4,-7.391673e-4,4.047196e-4,-4.585306e-4,-4.121746e-4,0.001208684,0.004641648,0.008907582,0.01687124,0.02066104,0.02203712,0.02169697,0.02848144,0.02798705,0.03873156,0.09198126,0.4228326,1.016182,1.022483,0.5005477,0.1528273,0.1287734,0.161218,0.1980262,0.2408716,0.2925594,0.3462267,0.4089133,0.4665683,0.5283947,0.5918733,0.6552886,0.7074365,0.7657041,0.8021688,0.8399091,0.8793074,0.9054492,0.9231863,0.9558329,0.9648438,0.9595208,0.9671032,0.9605382,0.9629025,0.9354921,0.9214191,0.904949,0.8843369,0.8795282,0.8592838,0.8654452,0.850551,0.8776248,0.8988701,0.9305086,0.9704223,1.035147,1.051694,1.12892,1.160811,1.244237,1.293602,1.352093,1.424838,1.538721,1.485165,1.675017,1.677915,1.760268
386.086,-0.02644557,-0.01441627,-0.03744305,0.009505624,-0.01755428,-0.03023678,-0.04542894,0.009335613,-0.001061647,-0.0262224,-0.003468779,-0.005595884,-0.005676005,-0.00723427,-0.01080725,-0.007666293,-0.003924323,-0.01555364,0.001956728,-3.516017e-4,-0.00382282,-0.006663498,-0.00419282,-2.138434e-5,0.001264349,-9.033074e-4,0.00164851,0.006369096,6.85431e-4,0.001414876,-7.523476e-4,3.470595e-4,-0.0209051,-0.002588916,-0.001443579,0.004669546,-0.002994522,-0.003254312,-0.01374811,-0.01168873,-0.001168775,-0.01297819,-0.004266846,-0.02332602,-4.52438e-4,7.836049e-4,0.001549296,-0.003675619,-0.002400186,-0.01136648,0.00441487,-0.005962161,-0.01144034,-0.009898409,0.002203761,-0.00410473,-0.007420605,-0.006944954,0.005066851,-5.342181e-4,-0.006233039,0.003407286,-0.005629225,-0.003087456,-3.680072e-4,-0.003540052,-0.006057428,-0.001087471,-2.653948e-4,-0.00237061,4.101353e-4,-0.005537799,-0.001853064,-0.001419955,-0.003584854,-0.005158514,-2.485229e-5,-0.003678343,-0.001920493,-0.001335619,-0.004413494,2.982561e-4,-0.005725626,-0.007593535,0.00200511,-7.530907e-4,-1.252067e-4,-0.0016427,0.003110294,-0.006572003,-0.003665502,-0.001175152,-7.383784e-5,-1.155985e-4,-0.004955804,-0.001811359,-0.002371827,1.635719e-4,-9.811469e-4,-6.903262e-4,3.266728e-4,-3.826143e-4,-9.047645e-4,2.995023e-4,0.001279637,5.773685e-5,-1.78679e-4,-4.978269e-4,0.001760355,-4.586618e-4,-3.830727e-5,-7.123072e-5,-8.289942e-4,2.849658e-4,-6.334363e-4,-4.533364e-4,0.001212879,2.64432e-4,-0.0012374040000000001,-0.001739152,6.58544e-4,1.581735e-4,7.705236e-4,-4.678122e-4,0.002969215,0.002529043,0.00452861,0.008023969,0.01294046,0.01901252,0.02197129,0.02609629,0.02549227,0.03014752,0.03411764,0.05932487,0.3289602,0.8669575,1.069764,0.5848238,0.2009941,0.1217524,0.1549623,0.190532,0.2341428,0.2804269,0.3347411,0.3910178,0.4551237,0.5220061,0.5881288,0.6535108,0.7098253,0.7602513,0.8196701,0.8783934,0.9042606,0.9381254,0.959503,0.9956353,1.014601,1.028893,1.033387,1.029855,1.019039,1.003484,0.98707,0.9659565,0.9549196,0.9404827,0.9271288,0.9191965,0.9167995,0.9150013,0.9151114,0.9292749,0.9891163,1.040356,1.096435,1.137986,1.213736,1.27471,1.336017,1.387834,1.457255,1.59194,1.633341,1.721965,1.777915,1.84106,1.941844
388.379,0.02839254,-0.003841589,0.01024529,0.005358431,0.03492708,0.002871117,-6.744067e-4,0.009974488,-0.00474284,0.01016293,0.01458047,-0.005548928,-0.001387426,0.003369276,0.002387074,0.007353171,0.006572028,0.008549826,0.006666177,0.005557718,0.002365426,0.00338588,-0.002849559,-3.137214e-4,-4.307101e-4,0.003246615,0.003807678,-0.002655808,0.002488706,0.006828007,0.004407393,0.006544061,-3.740425e-4,0.01844431,0.02215205,0.009734659,-0.002662131,-0.002000905,-0.001168039,0.005924146,0.001970532,-6.928403e-5,0.006699253,0.01521168,0.0144519,-0.002038795,0.00599026,0.004625033,0.005812579,0.01037698,0.005323442,0.0177582,3.556292e-4,-0.003787336,0.00741662,0.005139766,0.003885808,-0.00506809,0.00575753,-1.770147e-4,-4.260108e-4,-0.007770518,0.005919535,-0.005187204,0.008452586,0.00232518,-0.00390937,0.001691291,0.001568236,0.004401168,0.003349529,0.00260815,-6.826901e-4,1.473205e-4,0.0015461680000000001,-0.00108987,0.003576299,0.004118591,-0.00184768,0.00232553,0.005723472,-8.763576e-5,0.004268252,-9.80039e-4,0.001548057,0.005287702,0.002576872,0.00262432,3.864388e-4,0.003150702,-3.087814e-5,-7.763468e-4,-5.071709e-4,0.003667485,-7.100844e-5,0.002368269,7.724398e-4,4.877962e-4,6.314734e-4,-0.001816845,0.002777685,0.001535535,0.001528018,0.002264913,-3.744848e-4,0.00104874,5.596058e-4,-0.001380059,7.786331e-4,4.130732e-4,0.001293286,9.3841510000000007e-05,-5.325626e-5,1.084625e-5,-9.70357e-4,0.001569002,0.002431881,4.891638e-4,0.002133516,4.007035e-4,0.00236546,0.002922193,0.001003095,0.002037261,0.005046707,0.00477279,0.008058993,0.01075125,0.01636377,0.01988557,0.0189033,0.02613073,0.0318056,0.03289062,0.04624295,0.2088922,0.7579452,1.093576,0.7015831,0.2388826,0.1313559,0.1467754,0.181354,0.222002,0.266696,0.3198251,0.3751175,0.4374276,0.4972525,0.56279,0.6359178,0.6996555,0.7555261,0.8206743,0.8653637,0.9172041,0.9576062,0.9883645,1.010285,1.033882,1.049154,1.070868,1.061349,1.066307,1.061247,1.038716,1.025123,1.001406,0.9802429,0.966867,0.9557454,0.9316621,0.9316556,0.9397735,0.9618851,1.004331,1.053409,1.082071,1.149742,1.191832,1.277466,1.331045,1.409463,1.501341,1.57484,1.641441,1.701224,1.826856,1.927059,1.943137,2.020834
390.672,0.008575475,-0.02470898,0.00646243,-0.0218215,-0.007806807,-0.01300437,-0.02858085,-0.02435835,-0.01941593,0.003256437,0.006447833,0.002871453,0.002725845,-0.01409611,-0.01833979,-0.01131612,-0.004328069,-0.006844426,-0.007507496,-2.833124e-4,0.003171478,-0.002947294,-0.001561396,-0.004441654,-0.001533124,-0.003880046,-0.002249069,-0.00163695,-0.002676324,-0.002315731,-0.001398115,-0.006540374,-0.01807248,0.00100772,-0.01609639,-0.01073684,-0.009344258,-0.01420814,-0.01402835,0.001564948,0.002734067,-0.01376803,-0.00732561,-0.009684333,-0.002311366,-0.002111429,-3.824069e-4,-0.003267289,-0.006937055,-0.008274786,-4.055469e-5,-7.249518e-4,-0.007788384,-3.386056e-4,-0.004129898,-0.007263887,-0.006411881,-0.01080789,0.001274075,-0.006055916,0.001704603,-0.007809498,-0.005240049,0.00430701,-0.009463584,-0.003100978,-0.004656461,-0.003540276,-0.008211212,-0.002892932,0.004721546,-0.005440273,-0.002822834,-0.001121322,3.654597e-4,-0.002161023,-0.004521354,-0.002960931,2.452456e-4,-0.002847239,-0.005083928,-0.001000405,-0.004647723,-0.004034986,-0.004445472,-0.00190046,-9.582092e-4,-3.922378e-4,-0.00104182,-0.002586845,0.00175981,-0.001311789,0.001568196,-0.002769973,-0.001783376,-0.001775268,-2.237645e-4,0.001197409,5.289557e-4,-0.00106261,8.567277e-4,7.085185e-4,-0.001757104,-0.001498838,-4.211667e-4,-1.471739e-4,-0.001584057,-0.001810583,-7.389219e-4,8.858703e-4,2.143763e-5,-8.380119e-4,2.180575e-4,-1.622014e-4,-9.011652e-4,-3.424409e-4,6.01562e-4,-0.001041582,-8.750189e-4,-1.446665e-4,6.833904e-5,0.001409175,0.001436669,9.178257e-4,0.003731487,0.004683636,0.007684755,0.0112583,0.0171057,0.01885044,0.02197374,0.02601596,0.02881971,0.03693842,0.1438518,0.5650625,1.084499,0.8304341,0.3097988,0.1279841,0.1352084,0.1692585,0.2051024,0.2551687,0.300504,0.3617838,0.4155941,0.4803501,0.5438472,0.6169681,0.6830415,0.75596699999999994,0.8017137,0.8662315,0.9136278,0.9658163,1.000818,1.033355,1.054117,1.087189,1.099146,1.103241,1.100066,1.109148,1.088663,1.076516,1.051565,1.047187,1.011955,1.002383,0.9785791,0.9805007,0.9738112,0.9794528,1.002081,1.042295,1.079513,1.118706,1.193491,1.236021,1.324716,1.358991,1.456042,1.567704,1.605963,1.682003,1.777643,1.885708,1.914711,2.073821,2.207665
392.967,-0.005789619,0.01039015,0.005993921,0.003235294,-0.003776355,0.02352436,0.02555339,0.01291316,0.02127022,0.01013409,-0.01232031,0.006318525,-1.781463e-5,5.869715e-4,0.002703476,0.009526332,-0.006474376,-0.002497234,0.00366135,-6.793724e-4,-0.001805264,0.002575434,0.003320796,-7.045148e-4,0.006424459,0.003397061,0.001480293,-7.349947e-4,0.003667011,6.031739e-4,0.01110661,0.006221358,-0.003457734,0.006549661,-2.089493e-4,2.447896e-4,0.009327471,0.01340601,0.007046232,0.002841396,-5.913974e-4,0.004963352,-0.005477475,0.0135001,0.00358418,0.002717647,0.003484677,0.001357525,-0.00700663,0.006469431,0.006886664,0.004806714,-0.005938443,-0.002027065,4.65022e-4,0.003660328,-7.104353e-4,0.01140187,0.003061355,0.004238891,8.95517e-4,0.01034958,0.005007025,1.741789e-4,-0.002876455,0.005211165,-8.132909e-4,0.008997358,0.001756752,0.00188793,-0.001113858,0.002165967,0.006570829,0.002140183,-0.001708727,0.002174625,0.005413468,0.005608463,0.002029045,0.002263494,7.193046e-4,0.001598376,0.00282026,0.003908464,0.001275798,6.97218e-4,0.003891067,0.003843748,0.00223758,-5.35534e-4,0.002406247,0.003232457,0.001322363,0.001475066,8.001487e-4,0.002517371,0.001379036,-1.495684e-4,-0.003433609,0.001322834,1.445605e-4,1.976942e-4,0.001565493,2.272917e-4,8.562022e-4,4.331739e-4,1.413981e-4,-1.28062e-5,5.966516e-4,6.090787e-5,3.940207e-4,5.185942e-4,9.428987e-4,1.352615e-4,-6.187443e-5,5.746525e-4,4.084822e-4,3.067943e-4,6.023809e-4,0.002020348,0.001085872,0.001537282,0.003131497,0.004784642,0.007558297,0.007660749,0.0112363,0.01558268,0.01890177,0.02191246,0.02445629,0.02836372,0.03458308,0.0993996,0.4569172,0.9844237,0.9824008,0.4193771,0.1373675,0.1312911,0.1627663,0.1973988,0.2408034,0.2889217,0.3478194,0.4038048,0.4688632,0.5273814,0.5960037,0.666677,0.7334665,0.8008324,0.8693855,0.9247012,0.9779472,1.016535,1.042052,1.083751,1.113769,1.132212,1.147178,1.149672,1.149646,1.154768,1.137856,1.118187,1.095383,1.077666,1.060331,1.036043,1.035304,1.027567,1.025857,1.021346,1.036786,1.072115,1.120327,1.175992,1.234818,1.28563,1.369128,1.466822,1.552615,1.60717,1.732352,1.812164,1.885093,1.917579,2.011273,2.22939,2.418082
395.262,-0.02799776,-0.01651181,0.002601285,-0.01232386,-0.003260682,-0.00988322,-0.01589924,-0.004148524,4.688913e-4,-0.003156218,-0.01344056,-0.01070577,-0.00327511,-0.0102349,-0.004798224,0.001267507,0.001582484,-0.00780804,-0.002093711,-0.001329595,7.264168e-4,-0.002629751,-0.001904364,-0.001052139,-0.004672551,-0.002102447,0.005048455,6.966994e-4,-0.003529014,-0.00860794,-0.001749965,-0.009694147,-0.01917744,-0.01634716,-0.01731806,0.008192702,-0.002669838,-0.002493549,-0.00611652,-0.01821102,-0.004682313,1.348564e-4,-0.001639988,-0.003420711,0.001434471,-0.001401991,-0.007618881,6.01522e-5,-0.009385634,0.001202936,-0.01645007,-0.004598302,-0.008757417,-0.007942478,-0.004962,-0.007002126,-0.006206515,0.001387917,-0.005322995,-0.004643922,-0.009277116,-0.003064563,-0.001628481,-0.007124251,-0.003384551,-0.002640187,-0.00980415,-0.004593896,0.001041103,-0.003508144,-0.004082668,-0.002481527,-0.002505372,-0.002912194,-0.005502121,-7.882516e-4,-0.002269126,-1.205887e-4,-0.003812216,-0.002568054,-0.004598731,-0.002222464,-0.004646325,-0.003801203,9.65955e-4,-4.770092e-4,-0.001406365,-0.001928621,-5.335583e-5,-0.002380933,-4.029731e-4,-3.127948e-4,-6.876332e-4,-0.002447838,-7.618661e-4,-0.001573245,-0.001461366,-0.001454408,-8.628117e-4,-0.001472847,-0.001067343,-0.001538196,1.029401e-4,0.001391897,-8.446728e-4,-0.00103886,-7.266599e-4,-4.644454e-5,-4.806498e-4,-0.001028044,4.066631e-5,-1.766594e-4,1.81581e-4,-5.468213e-4,-0.001059305,1.449067e-4,1.245137e-4,-0.001123951,2.239178e-4,-0.001372487,6.701617e-4,0.001349227,0.001438851,0.002991647,0.005640318,0.009486405,0.01142804,0.0143104,0.01723117,0.02241515,0.0238511,0.02928266,0.06739323,0.3557463,0.8681099,1.053435,0.5445148,0.167345,0.1231281,0.1513681,0.1879994,0.22519,0.2725937,0.3219454,0.3777622,0.4523436,0.5091582,0.5738933,0.6454144,0.7052989,0.784399,0.8543582,0.9070019,0.9641868,1.017961,1.054448,1.081971,1.114618,1.127288,1.158947,1.170398,1.176646,1.183448,1.16855,1.162934,1.139445,1.12164,1.104186,1.074785,1.058202,1.054518,1.027023,1.051784,1.055937,1.058069,1.121275,1.159675,1.207584,1.279418,1.351921,1.404768,1.475143,1.605936,1.709092,1.755378,1.780048,1.911784,2.018148,2.066215,2.195102,2.266821
397.558,0.01407036,0.01020464,0.007335171,0.006199624,0.01287615,0.02428325,0.009336485,-0.007299206,-0.01457335,6.849272e-4,-9.050717e-5,0.01350258,0.006871413,4.61628e-4,0.006773938,0.01645752,0.009127288,-7.464237e-4,0.009255051,0.002232744,0.002917109,0.00309253,0.00193239,0.003081442,0.002656703,3.585384e-4,0.004024863,0.002281612,0.006004081,0.005255169,-0.006406398,0.01152882,-0.001128946,0.01009074,0.001998883,0.001060651,0.006823084,0.01546343,0.009744992,0.008123785,0.01158923,-5.310641e-4,0.007932576,0.006174965,-0.002384626,0.008238572,-0.004914683,0.01029969,0.002460389,0.005348133,8.413274e-4,0.01006411,0.007319888,0.003961653,0.004766093,-6.519459e-4,-0.002750518,0.00458883,0.008002967,0.01425249,0.006741732,0.003009269,0.001526237,8.726221e-4,8.692472e-4,-9.188759e-5,0.01040344,0.007321983,0.006484912,-0.001607801,0.001069686,8.191095e-4,-3.942883e-4,0.008602771,0.004793661,-8.222929e-4,0.002381297,0.005795481,0.0038535,-1.6689e-4,0.00524184,5.184982e-4,0.003375444,4.855627e-4,0.00291678,-8.9199e-4,-0.001862451,3.415377e-4,0.001631924,0.001607729,6.059059e-4,3.432492e-4,4.00057e-4,0.00153947,-0.001771884,0.001415328,-0.001185445,-8.466495e-5,0.002631167,0.001537975,-9.094968e-4,3.510537e-4,0.002122901,0.00112027,-9.209377e-4,0.001136356,0.001308123,5.709368e-4,3.525603e-4,3.37789e-4,5.868274e-4,9.53087e-5,-1.736863e-4,5.663092e-4,0.002168524,8.010512e-4,0.001941309,0.001366841,0.002121879,0.002660504,2.912595e-4,0.002503841,0.004541917,0.006926613,0.01032968,0.01103403,0.01334109,0.01608949,0.0207958,0.02414104,0.03035616,0.0499707,0.2549789,0.7694376,1.021576,0.7015221,0.2235945,0.1192645,0.1432664,0.1778487,0.2135717,0.2546278,0.3089672,0.3614541,0.428437,0.4921277,0.560629,0.6277564,0.6857985,0.7591104,0.8261313,0.8947176,0.9633152,1.018114,1.058689,1.095713,1.136905,1.163093,1.187015,1.188836,1.216563,1.218154,1.220465,1.218988,1.202957,1.174674,1.1507,1.139804,1.108149,1.102028,1.079264,1.072861,1.076485,1.080989,1.098435,1.149136,1.211573,1.275714,1.344003,1.417299,1.519604,1.565983,1.661471,1.774449,1.841992,1.946223,2.035078,2.110584,2.133985,2.224551,2.360172
399.854,0.014556,7.668985e-5,0.01163065,-0.02493573,0.002124481,0.0184375,-0.005592898,0.003110631,-0.004168341,0.02737975,0.01326136,1.026702e-4,0.002252095,0.008429665,0.006642668,0.004726158,0.002471747,0.002456379,0.004322064,-4.010423e-4,0.001157571,0.006620498,0.003146519,0.002278258,0.002159818,-0.006901821,2.15343e-4,-0.00543813,0.001129949,0.005274732,-0.00123205,-0.003899319,0.01186108,-0.004781602,0.009493688,0.00597136,0.008319909,0.01120506,-0.003070194,0.002101221,0.006122333,-4.175816e-4,-0.008393992,8.768948e-4,0.004549223,-0.003511102,5.315469e-5,0.001806887,-0.002560557,0.002342233,0.003740167,-0.003819607,-0.001758551,0.004673829,0.002291806,-0.002582054,0.00238202,-0.005385276,-0.002364099,0.001889074,0.001666941,0.001397309,-0.004184208,0.00201624,0.002364938,0.005266636,-0.002394254,-0.002721008,-0.001410308,-3.43937e-4,-0.002282049,-6.676667e-4,-0.002031138,0.001371689,-5.336482e-4,0.001140772,-6.827365e-4,0.004070209,-4.643561e-4,0.00172006,-0.001072554,-0.001379498,4.181167e-4,-8.70472e-4,-0.002904558,-7.133215e-4,0.002513273,-0.001103503,6.107907e-4,-5.849409e-4,-0.001839203,-0.001039606,-6.612945e-4,0.002588015,0.001110868,6.440701e-4,6.195596e-4,1.140344e-4,0.001854911,-6.58413e-4,8.170229e-4,-3.202191e-4,5.764519e-4,0.00139945,-1.072043e-4,2.205823e-5,-4.000809e-4,5.710249e-4,1.964488e-4,-2.431887e-4,-4.806653e-5,6.807654e-4,-0.001149082,3.99069e-4,0.001458981,2.856807e-4,7.198395e-4,2.739779e-4,0.001533913,0.004345809,0.00210269,0.002688853,0.004017053,0.007723567,0.01132978,0.01323656,0.01465339,0.01986509,0.02110267,0.02422271,0.03481993,0.16487,0.6075171,0.9888883,0.7268803,0.2964277,0.1209728,0.1287134,0.1655713,0.1957043,0.2368677,0.2857253,0.3425803,0.4043231,0.4639943,0.5239619,0.5887302,0.6562754,0.7202926,0.7950254,0.8597735,0.9183398,0.9761448,1.031802,1.079699,1.112581,1.14205,1.175814,1.184495,1.207738,1.233965,1.224862,1.224987,1.215186,1.205809,1.187625,1.147867,1.14078,1.110249,1.105295,1.078789,1.075979,1.086156,1.098242,1.118024,1.190314,1.230187,1.285438,1.34639,1.433873,1.521673,1.578137,1.658543,1.779826,1.856527,1.989884,2.018078,2.11762,2.146209,2.34846,2.418695
402.152,0.004155549,0.01825795,0.004972747,5.061307e-4,0.02238086,9.190432e-4,0.02346786,0.03251076,0.02299131,0.01060934,0.005172361,0.01871864,0.001872435,0.00232676,0.01668104,0.01786135,0.006303754,0.008327529,0.008193079,0.007054173,0.006914471,0.006495061,0.001985071,-4.067935e-4,-4.2329e-4,0.002928872,-7.757994e-4,2.998376e-4,-0.002149654,0.003009571,0.00512432,0.004437743,0.02207337,0.0292966,0.01034528,4.647777e-4,0.01243495,0.008445005,0.004543767,0.01871042,0.006369808,0.01331739,0.006820367,0.005899669,0.01772713,-7.770871e-4,0.001739289,0.009696714,0.001300188,0.007906847,-3.55799e-4,0.005579722,-0.001831298,0.00683777,0.005752009,0.003664323,0.005116932,-0.002801933,-0.002707303,0.003006098,0.004900168,0.004838706,0.0071489810000000004,0.006450763,0.003636978,0.001852356,-0.004326638,0.007018698,0.006484851,0.0104992,0.004194077,-0.001409144,0.005655786,0.009119042,-2.26957e-4,0.00626627,0.003667885,0.00175273,0.004464439,0.003823517,0.006124017,4.95709e-4,0.001288538,0.00135464,0.002200776,0.002621831,0.003961495,-7.958857e-4,0.003879243,0.001876154,0.00316636,0.001190302,0.001109162,0.002132337,-5.381663e-4,-1.754343e-4,0.001292854,0.003065233,0.001956683,0.001840762,8.731033e-4,0.002815044,0.001121976,0.002261936,0.001517178,7.745535e-4,-3.454894e-4,0.002534165,0.001101588,3.9663e-4,2.480986e-4,7.214706e-4,6.582428e-4,7.341348e-5,0.001400698,0.002412798,0.001230798,0.001471754,3.760114e-4,0.003137385,0.002509191,0.004489229,0.005707485,0.009532885,0.01399729,0.01416396,0.01644706,0.01970161,0.02129318,0.02892713,0.106126,0.465377,0.9414928,0.8237081,0.3543285,0.1357808,0.1289496,0.1561186,0.1892867,0.2311838,0.275422,0.3225814,0.3796783,0.4515175,0.5095715,0.581247,0.6471083,0.7142735,0.7842352,0.8494386,0.9151086,0.9728777,1.034655,1.09788,1.12559,1.166841,1.197213,1.222756,1.241247,1.252688,1.271402,1.268456,1.263003,1.256206,1.246829,1.225074,1.208275,1.181343,1.146597,1.137734,1.125148,1.126793,1.128989,1.13235,1.169334,1.221908,1.285956,1.354953,1.438896,1.481033,1.572256,1.654395,1.736247,1.830372,1.934859,2.023652,2.174755,2.204302,2.212957,2.374696,2.618835
404.45,0.02276225,-0.002244851,0.004092903,0.02130143,0.04007782,-0.001195829,0.00371717,0.007913908,0.02112314,0.02655432,0.01684396,0.003649358,0.005407179,0.005257412,0.01112803,0.01296393,0.01369761,0.01068844,0.002333998,0.00671877,0.002023931,0.005442668,6.614536e-4,0.003122864,0.003781576,0.001865308,0.003419274,0.007619662,0.002502156,0.002229628,0.004961345,0.01714865,0.006321028,-0.005679622,0.00925035,0.007547759,0.001854306,-0.004213994,0.01308314,0.01476876,-0.002254005,0.01359214,0.01595123,0.001324407,0.01667916,0.01087952,0.00932887,0.006704306,0.004083886,3.782957e-4,0.009063895,0.01007602,0.004727957,0.001573341,0.005823926,0.006926348,0.007157417,0.006935592,0.004666786,2.614015e-4,-0.001725948,0.005575663,0.001601761,0.006485898,0.007049543,0.006095971,0.004297309,0.00451894,0.006466308,0.008910155,0.001112174,0.004156661,0.005214192,5.091868e-5,0.002105306,0.006391863,0.006779874,0.004030881,0.002052853,0.001841265,0.002503634,0.005606492,0.00245225,0.008331477,0.003904454,0.003305829,0.004074358,0.002176642,0.00297264,0.004174027,0.003132416,0.003265124,0.002464972,0.0020027,0.002944869,-6.557321e-5,0.002574695,0.001439512,0.001015698,0.001264255,8.05905e-4,-9.240865e-5,0.002619995,2.653542e-4,9.389599e-4,0.002665784,0.002658456,3.98299e-4,0.001921314,0.001440325,7.665643e-4,8.559581e-4,0.001634831,6.854658e-4,8.105351e-4,0.001089972,6.473382e-4,0.00225439,0.003880238,0.003325617,0.004563392,0.005134561,0.01023532,0.01237262,0.0154454,0.01670379,0.01581716,0.02067909,0.02775806,0.06479228,0.3426316,0.8293425,0.880952,0.4403771,0.153735,0.1227912,0.1460766,0.1817158,0.2254134,0.2683309,0.3123191,0.3684823,0.4298634,0.5001391,0.5641961,0.6352393,0.7059871,0.7661736,0.8348392,0.9132301,0.9666195,1.036486,1.098658,1.142751,1.189621,1.226156,1.253128,1.281545,1.303119,1.314602,1.317258,1.326687,1.323385,1.305122,1.27709,1.266291,1.249079,1.223049,1.196698,1.173174,1.167634,1.16065,1.173607,1.178349,1.241646,1.267434,1.3424179999999999,1.416078,1.482001,1.587616,1.646516,1.765828,1.845859,1.94843,2.027057,2.143523,2.281728,2.294599,2.453758,2.558897,2.684529
406.749,-0.02173015,-0.05069004,-0.03275228,-0.03598044,-0.01217501,0.002425166,-0.03543219,-0.02885012,6.01646e-4,0.002520541,-0.01088536,-0.004503407,-0.005909517,-0.004738073,-0.0129936,-0.01247751,-0.01067085,-0.00921313,-3.129017e-4,-0.009791811,-0.006431992,-0.004117946,-0.002235839,-0.003655365,-0.004510503,-0.002569166,-9.252217e-4,0.002001325,-0.008346333,-0.009596706,-0.007802346,-0.007242077,-0.01073258,-0.004849721,-0.01504074,-0.014100970000000001,-0.006409361,-0.01185465,-0.003786274,-0.01035259,0.01063481,-0.008978253,-0.009745222,-0.01062312,-0.01691674,-0.009295967,-0.01221626,-0.004877089,-0.01693749,-0.003902189,-0.01336917,-0.01236731,-0.00435985,-0.005211608,-0.00898398,-0.00133715,-0.006292111,0.002389629,-0.001858018,-0.002051239,6.012562e-4,-0.004806601,-0.001127525,-0.003365858,-0.007995379,-0.003326754,-0.008086401,-0.009932032,-0.002483001,-0.004839567,-0.002809916,0.004177092,-0.003933237,-0.004543566,-0.004093482,-0.006350011,-0.008444672,-0.003681128,-0.007696882,-7.195868e-4,-0.005311421,-0.003551786,-0.005471544,-0.002905956,-0.00530803,2.405348e-4,-0.004169011,4.355784e-4,7.633143e-4,-0.003887234,-0.001122244,-0.003734612,-0.003590408,-0.002689135,-0.003541041,-0.002190683,-0.003734107,-0.002111548,-0.001576596,2.750854e-4,-2.771496e-4,-2.144166e-5,-0.00124607,4.969352e-4,-0.001595439,-0.002853222,-6.714405e-4,-0.001168101,-8.486742e-4,-7.594921e-4,-1.88368e-4,1.495218e-4,-1.910172e-5,-8.42848e-5,-3.820401e-4,-4.60398e-4,-2.465327e-4,1.529975e-4,-6.947579e-4,0.003924233,0.001129498,0.00700058,0.009064325,0.01092629,0.01308717,0.01403062,0.01690016,0.02191524,0.03830665,0.2156826,0.7115036,0.9243754,0.5310245,0.179392,0.1170943,0.1396652,0.1722925,0.206312,0.2559508,0.3010975,0.3527798,0.4079949,0.474495,0.5419224,0.6171323,0.6854482,0.7583357,0.8199765,0.8948215,0.9623626,1.032692,1.0908,1.143292,1.1956,1.240625,1.273804,1.298686,1.320513,1.339365,1.343964,1.353094,1.360829,1.358846,1.347887,1.327371,1.299777,1.280497,1.25722,1.225164,1.214738,1.210695,1.207248,1.215445,1.23258,1.258647,1.298903,1.383354,1.468202,1.537101,1.631918,1.691973,1.797439,1.875858,2.006987,2.05206,2.17209,2.2044,2.393711,2.390313,2.613631,2.552221
409.049,-0.01378164,0.01712768,0.004085311,0.01132087,0.02131593,0.003453352,-0.00953451,-0.003026051,0.00937766,0.009830443,6.416371e-5,6.627559e-4,0.01015446,-0.002762396,-0.00531824,-0.002098487,-5.610449e-4,-0.008967598,-7.699177e-4,0.004952173,0.002779928,-8.707071e-4,0.003646597,-0.002993243,7.339711e-4,-0.002531104,-0.002382882,0.003595413,-1.541831e-4,0.001347967,-0.001648605,7.67369e-4,0.001012197,0.005245534,0.01392117,0.01316353,-0.01135482,5.425897e-4,0.004274404,-0.008308436,8.222495e-4,-0.01363702,0.007109965,-0.004901231,0.001195924,-0.003054917,-0.00372947,0.005517493,3.880349e-4,0.004865554,-0.00530141,5.426244e-5,0.004111032,0.003678304,-0.00724863,-0.001234452,-0.002144819,-0.00307884,-0.004564636,0.004758486,-0.00238036,0.004505937,0.004502659,0.003019097,0.003424567,8.542925e-4,-0.001156784,0.003083898,-4.868203e-4,0.003393429,-0.001521235,-0.003753739,-0.001949776,0.003199577,-0.001045132,-0.00116045,-0.001003281,0.004971789,-0.00168786,-0.003321041,2.207575e-5,0.001480941,-0.001476419,0.001272451,0.001598216,9.592837e-4,0.003435616,0.002772302,0.002386187,-0.001013172,-4.921557e-4,-7.17825e-4,-7.251159e-4,-0.001116946,0.001234889,6.072067e-4,-1.463597e-4,-1.333857e-4,-7.938144e-4,-8.602674e-4,-1.298989e-4,-0.001383613,-2.918434e-4,-0.001044208,9.552874e-4,-1.210088e-4,-9.709842e-4,-2.661855e-4,5.255375e-4,4.933518e-4,8.143274e-5,6.56167e-4,1.8782e-5,3.746779e-6,9.076883e-4,0.00066936230000000005,0.001971486,0.001803905,0.002753407,0.005944548,0.005985991,0.008035271,0.009044723,0.0140645,0.01667007,0.01687895,0.0221567,0.02718124,0.1365197,0.5416624,0.9024501,0.6339969,0.2255905,0.1138596,0.1358149,0.1617353,0.1980993,0.2362979,0.288498,0.3413465,0.4005172,0.4612241,0.5268158,0.5913537,0.6650541,0.7397876,0.8199167,0.8734609,0.9481231,1.015608,1.074856,1.146378,1.191997,1.24613,1.283396,1.321547,1.337611,1.362782,1.384026,1.382727,1.406281,1.398279,1.391483,1.382482,1.366262,1.342433,1.3189,1.291081,1.270016,1.256431,1.236052,1.251035,1.260495,1.273875,1.305262,1.389133,1.434685,1.532273,1.615537,1.709499,1.790232,1.836912,1.963038,2.090448,2.209302,2.276836,2.348116,2.408226,2.556165,2.668562,2.719888
411.349,0.01565513,0.01440825,0.01956555,0.01390519,0.01307267,0.006512231,-0.008047999,0.004001732,-0.002766191,0.0113733,0.01634975,0.001512294,0.003345338,0.01228711,0.008350761,0.01030219,0.004050231,0.006159642,-0.004330352,0.009530052,-0.001014647,0.003659655,0.00324194,0.003253115,8.959729e-4,-2.509993e-4,0.00284167,-0.003527671,1.893072e-5,0.01109789,0.005071662,0.003648515,0.01037986,-0.003086611,0.006296107,3.577227e-4,0.001701001,0.003438198,0.006616955,-0.001842626,0.007292498,0.006112259,0.01054474,0.009198827,0.01330218,0.01383061,0.007167055,0.001387656,-0.003894742,0.01162825,0.009574344,0.001074726,0.01466522,0.009175957,0.003721971,-0.003563841,0.004683637,0.001884377,0.01028447,0.006662799,0.007551892,0.004483146,0.005450674,0.002318496,-1.725915e-4,0.007186996,0.003299949,0.003329983,3.707838e-4,0.001043583,0.001055025,0.002180507,0.003542122,0.004424372,3.339563e-4,0.004093741,-1.162801e-4,0.003433835,-1.8847e-4,0.005575973,-2.808836e-4,0.002921517,0.001526171,-0.001079883,-6.903736e-4,0.001362695,2.103992e-4,0.002834167,0.004570338,0.002881775,0.003536857,0.001328504,0.004418113,2.996921e-4,0.002749106,0.001567632,0.002148824,0.001843764,0.001618556,0.002523599,0.00349393,0.00314564,0.001542853,7.353648e-5,8.575754e-4,0.001839945,8.881368e-4,0.001507537,6.901701e-4,0.001215328,5.207468e-4,0.001010035,6.678365e-4,8.892865e-4,0.00108651,0.002561643,0.002070948,0.002482678,0.004191045,0.008634187,0.008592508,0.01268238,0.0126099,0.01739801,0.01950736,0.01943131,0.02480499,0.08404846,0.3843399,0.8217278,0.7286958,0.2866967,0.1192182,0.1261989,0.1563592,0.1856844,0.2245218,0.2742277,0.3281339,0.3805841,0.4388275,0.5018625,0.5691236,0.6441262,0.7173689,0.7840139,0.8598553,0.939656,0.993807,1.059867,1.116812,1.181018,1.239381,1.285088,1.326033,1.345751,1.385928,1.39594,1.416697,1.426496,1.431664,1.419024,1.418154,1.405959,1.389712,1.362816,1.333599,1.318419,1.287594,1.275091,1.280146,1.274876,1.280208,1.304336,1.350764,1.418802,1.486843,1.564236,1.65659,1.726267,1.869743,1.950915,2.031508,2.081379,2.259111,2.317439,2.426242,2.578944,2.551399,2.703203,2.852385
413.651,0.01210111,-0.02831112,-0.01147323999999999,-0.002828271,-0.02954433,-0.009785913,-0.00146138,0.002963145,-0.01580348,-0.00235735,-0.005968666,0.008934104,3.070751e-4,-0.002675806,-0.006317104,-0.005094451,-0.006231519,-0.008244329,0.007554025,-0.001819068,0.004324613,-0.003107775,-0.00264142,-0.001252201,-0.002996069,9.023219e-4,-6.110968e-4,-0.001509758,-0.002391591,-0.008076781,-0.003919185,3.233799e-4,-0.004029663,-0.0187675,0.003787292,-0.004221145,0.004487099,-0.003792034,-0.008361795,-0.008865023,0.005316509,-0.004026047,0.001376816,-0.0105621,-0.01010962,-0.006496748,-0.004728622,-0.002685715,-0.008377602,-0.006705756,-0.002342392,-6.333219e-4,-0.00277331,-0.007448173,-0.002413159,-0.005835532,0.001467061,-0.007554225,-0.001452958,0.002229879,-0.007440384,-0.003978463,-0.005153608,-0.00384692,-0.003204165,-0.007498867,-0.003520887,-0.003514304,-0.005978888,0.003498881,0.002186473,0.001317154,1.608969e-4,-0.003562855,-0.00548476,-0.002818158,-0.001159169,-5.542766e-4,-0.003811128,0.003734323,-4.902054e-4,8.381395e-5,6.244476e-4,-5.813531e-4,-0.001389957,-0.001725075,-0.002553809,-5.451673e-4,-0.003021565,-3.103675e-4,-0.001207417,-0.001025369,8.613303e-5,-0.001152212,2.010735e-5,5.109059e-4,-2.160048e-4,1.565311e-4,5.774097e-4,-0.002090276,-3.268029e-6,0.001131705,9.836555e-6,-3.803236e-4,-3.334079e-4,0.001494475,-5.865703e-4,-3.529569e-4,-2.557822e-4,5.048611e-4,9.645358e-4,1.270272e-4,7.278269e-4,1.705319e-4,3.828287e-4,7.608662e-4,6.856022e-4,0.001291434,0.003887677,0.007396706,0.008145077,0.01031179,0.01234185,0.01713862,0.02030032,0.02376956,0.05121296,0.2753297,0.6903819,0.789608,0.3726849,0.1292319,0.1198196,0.1481588,0.1768452,0.2137898,0.2584174,0.3047685,0.3612721,0.427383,0.4864164,0.5455422,0.61289,0.6959883,0.7669588,0.8359882,0.9080437,0.9798943,1.035847,1.112795,1.170131,1.223863,1.270683,1.318,1.368796,1.393975,1.414898,1.442405,1.456818,1.453163,1.453944,1.450649,1.443816,1.430699,1.405055,1.378724,1.365614,1.340965,1.321995,1.295767,1.286681,1.310098,1.312832,1.331534,1.379214,1.464294,1.544914,1.6122,1.702486,1.79667,1.905977,2.000615,2.097599,2.205954,2.291188,2.378277,2.477488,2.506861,2.569328,2.780865,2.820579
415.953,0.00567297,0.03448974,0.02673477,0.003714466,0.001806302,-0.01293647,-0.009313632,0.01803272,0.001440354,0.01090459,-0.009483123,-3.279546e-4,0.006921756,-0.005204339,-2.997156e-4,0.01301776,-2.431234e-4,0.008190052,-5.025882e-4,0.007561676,0.0046562,0.002921518,0.002620297,0.001433965,0.001160826,0.004250712,0.002643075,0.003774148,0.00219539,3.598191e-5,-0.001321956,0.01661752,0.00853708,-2.720231e-4,0.008266044,-0.01207802,-0.00234832,0.001085145,4.865223e-5,-2.484108e-5,0.007969559,-0.004401639,0.002215872,0.005263274,0.004504367,0.00448088,4.154195e-4,-0.004239366,-5.776123e-4,0.001951245,6.099557e-4,-7.768173e-4,0.007805168,0.004421818,0.009438976,0.002259086,0.00797361,0.00140893,0.004970358,-0.001869173,0.001908758,0.00645919,3.396306e-5,0.006954916,-0.001128202,-0.004048986,4.392644e-4,0.001875793,-3.015706e-4,0.003121114,0.001364365,-4.632836e-4,0.003185862,6.756589e-4,6.289047e-4,0.002815136,0.001011631,2.439039e-4,0.001147415,0.002432708,0.003249497,0.002028975,0.002932708,0.002412348,0.003342509,0.00372884,0.00209876,-0.001370733,0.001972803,-9.468577e-5,-2.69572e-4,3.184734e-4,-2.557877e-4,-0.001114459,1.693627e-4,0.001200238,7.912274e-4,-0.001070858,0.00202589,-9.498968e-4,2.661113e-4,-6.536043e-4,-3.191202e-4,-3.637588e-4,0.00112196,-4.099997e-4,8.84494e-4,0.001248258,-0.001185859,3.092843e-4,9.844357e-4,0.001165493,0.001020805,1.731879e-4,-3.266016e-4,0.001894675,0.002092074,0.003812933,0.008422954,0.01287869,0.0099776900000000009,0.01388779,0.01508252,0.01958869,0.02114683,0.03552305,0.174173,0.5596324,0.7685295,0.4700558,0.1566139,0.1141203,0.1411266,0.1744026,0.2079759,0.2441972,0.2969518,0.3471471,0.4050883,0.4643234,0.5288774,0.594745,0.6700495,0.7442329,0.8264611,0.8967464,0.9675269,1.022459,1.089076,1.148728,1.212657,1.26729,1.319152,1.36241,1.406307,1.426433,1.446276,1.466265,1.471064,1.479432,1.481231,1.483655,1.464617,1.445497,1.433497,1.40346,1.369356,1.364506,1.350102,1.331228,1.330227,1.328614,1.362155,1.385332,1.442078,1.492271,1.58704,1.673845,1.786265,1.835416,1.959525,2.045078,2.157498,2.276926,2.384934,2.417237,2.540747,2.578195,2.783876,2.845953,2.898887
418.255,-0.006951585,-0.02419404,0.007658874,2.07538e-5,0.007830489,0.005721351,-0.02215249,0.02151978,-0.01713937,-0.0115195,-0.01319711,0.001572457,-0.002891239,-0.001312148,0.001559925,-0.009161746,-0.008580576,-4.880486e-4,0.003777825,-0.005763989,-5.66687e-4,-0.001579897,0.001449896,-8.007146e-4,-0.001100401,-0.001249949,0.001177797,0.00196081,-4.594434e-4,-0.007833165,8.816628e-4,-0.003421393,-0.007801762,-7.683161e-4,0.01426178,-0.005939318,-2.77951e-4,0.0114443,1.199652e-4,-0.003220439,4.632287e-4,-0.001750839,-0.002653682,-0.002280143,0.002165707,0.009362188,-1.978135e-4,0.005339364,0.004413713,-0.003460339,-0.002714561,0.001163086,-0.008921432,-0.009775198,-4.868372e-4,-6.608179e-4,-0.003278088,0.001651014,-0.004990143,0.003295368,0.001255152,0.003525099,-0.003388929,-0.005375648,-9.044247e-4,-0.001501975,0.001321932,-0.002655101,-4.375283e-4,0.001703389,-6.193671e-4,-0.002016804,8.614708e-4,3.100791e-5,-0.002759511,-0.006613098,-0.001052526,3.087517e-4,-0.004393484,0.002340598,0.001303527,-0.00465151,-0.002623147,-0.001966182,-0.00165161,-0.001716047,-0.001568546,-0.001107168,-1.717742e-4,-0.00223359,-0.001200535,0.001238744,7.261829e-4,-9.174826e-4,3.352557e-4,-0.003456354,2.690942e-5,-9.346157e-4,-3.86277e-4,2.114406e-5,-0.0013403,-2.28169e-4,-9.647258e-4,-5.167629e-4,-8.196248e-4,-0.001330448,1.909454e-4,-8.170928e-4,3.444423e-4,3.416024e-4,-7.188644e-4,-4.575959e-5,6.296349e-4,9.536981e-5,3.570769e-4,6.203453e-4,0.002706612,0.004132935,0.007476611,0.01170144,0.01147322,0.01185428,0.01634777,0.01991659,0.02824955,0.1174677,0.4254334,0.732481,0.5471951,0.2027928,0.1086961,0.1301353,0.1627116,0.1956614,0.2340591,0.2793414,0.3279302,0.3813007,0.4417038,0.5134594,0.5684899,0.6418606,0.713649,0.7813624,0.8616447,0.9296056,1.000074,1.063208,1.123446,1.193832,1.250046,1.312691,1.351894,1.390901,1.422638,1.452607,1.471474,1.491592,1.498206,1.488785,1.500906,1.485095,1.483139,1.478912,1.448745,1.409432,1.397109,1.373523,1.361308,1.357206,1.348548,1.344569,1.368227,1.408959,1.465326,1.520643,1.611476,1.737931,1.81292,1.919613,2.022151,2.076342,2.187583,2.327001,2.389424,2.539443,2.583801,2.70592,2.772556,2.810583,3.082074
420.559,0.004582171,-6.963755e-4,-0.01642085,-0.01263106,-0.003971673,-0.007233306,-0.01919137,-0.03210715,-0.01202397,-0.003012111,0.005669985,-0.003868912,0.003711134,-0.003358533,0.002604507,0.005543518,0.003855594,-0.006289413,-8.118808e-4,-0.002000859,9.70794e-4,4.860941e-4,-0.001694749,-0.001503736,3.94925e-4,-8.605398e-4,-0.005520626,-0.001623284,-0.005396704,0.001580548,-0.007484317,-0.001722999,0.006433704,0.001431811,-4.433254e-5,-0.001324206,-0.003480837,-7.415328e-4,-0.003173093,-0.01255256,0.003263523,0.001001046,0.002467154,-0.003740746,-5.87822e-4,-0.01157548,0.005768803,-0.002477049,9.307442e-4,-0.01089877,-0.00339226,0.004290636,0.002947735,-0.002679099,0.006812017,-0.007561169,-0.001445717,0.00156602,0.001737846,0.005440024,-0.002691181,0.001188097,-4.410299e-4,-0.003173076,-0.001530798,0.001473972,-0.002993555,-0.001258836,-8.641188e-4,0.0021374,7.9668e-4,-0.004275069,-0.002453679,-1.833688e-4,-0.001632419,-2.568157e-5,-0.001840501,-5.588092e-4,5.020673e-4,-0.003745718,-0.001010057,-0.00463096,-0.001538105,-0.00141086,-0.001585394,0.001382922,5.264287e-4,1.697796e-4,-0.002838291,-0.003055068,-5.781285e-4,9.1476e-6,-0.004234107,-7.754823e-4,0.001618145,-7.734645e-4,-0.002803449,-5.097837e-4,-0.002451819,-7.212947e-6,7.557162e-4,-0.001739839,-9.289541e-4,-6.848078e-4,-0.001570684,0.001430343,-4.434288e-4,8.720484e-4,-1.894138e-4,-8.836104e-5,3.570284e-6,5.522505e-4,0.001380183,7.259021e-4,0.001023524,0.001817141,0.003743136,0.006687215,0.00916596,0.01184553,0.01142092,0.01343403,0.01620799,0.02203996,0.08700231,0.3414499,0.63813279999999994,0.5897699,0.251255,0.1134068,0.1261424,0.1523183,0.1849058,0.2251014,0.2678175,0.3058359,0.3621518,0.4173483,0.4854351,0.5459763,0.6118993,0.6799424,0.7530989,0.8351143,0.9088253,0.9771201,1.0507,1.106729,1.172085,1.231121,1.285236,1.341504,1.3779,1.427383,1.458059,1.488919,1.510342,1.512518,1.518262,1.519037,1.519036,1.517991,1.4928,1.473726,1.454963,1.439262,1.423591,1.387065,1.371477,1.367521,1.371895,1.396804,1.4061110000000001,1.433821,1.518143,1.586522,1.6817550000000001,1.770353,1.871586,1.955677,2.066516,2.130752,2.245863,2.37017,2.440877,2.527767,2.610255,2.674563,2.786237,2.896104,3.06367
422.863,0.0168205,0.0284585,0.03025814,-0.002174487,0.01198513,0.007788938,0.01436445,6.151199e-5,0.007749613,0.003423036,0.01096238,0.01196354,-8.172545e-4,0.004293051,0.003400118,0.00556351,0.01108054,0.008138625,-9.903705e-4,0.005264239,-0.006015737,0.003969499,-0.001670624,1.823963e-6,0.002045642,0.003077602,0.002947347,-8.833666e-4,0.003531283,1.508922e-5,0.008209565,0.003815566,0.01369448,0.005338509,0.003448411,0.003897449,0.008966053,0.009319487,-0.001713638,0.01061125,0.009364228,0.00669924,0.01096631,0.0127245,0.006269171,0.005237782,0.00414181,0.006049769,9.256873e-4,8.596017e-4,2.719005e-4,0.004049541,0.00156633,0.0021012270000000002,0.006756818,0.003530042,0.00671227,0.004268184,0.007986346,0.001446491,0.003466622,9.811455e-4,-0.001195507,0.002574721,0.008614434,5.432249e-4,0.005326324,0.003386828,0.003279028,0.00661205,-1.4735e-4,0.004004688,0.003451575,0.002216569,8.651833e-4,0.001828546,0.004572272,0.001577836,0.002637363,0.002179902,0.002195434,0.001217091,-0.001991997,0.003217215,0.001669974,0.005164223,0.001480581,-5.122337e-4,0.006075159,-0.001170461,0.003262719,0.003855647,6.851971e-4,0.001171603,6.585266e-4,-1.442798e-4,4.220728e-4,0.002215199,0.001034079,0.00206428,6.588244e-4,0.002140589,-0.001453683,0.001450214,0.001233122,0.001414003,9.203809e-4,-3.452381e-4,9.396093e-4,3.02191e-4,5.834346e-4,0.001507779,0.001682582,0.001896668,0.002295392,0.00225955,0.007930347,0.007597038,0.01238714,0.01417976,0.0148695,0.01937551,0.02297899,0.0550764,0.3131577,0.6284167,0.6035084,0.3068414,0.1245804,0.1181681,0.14419,0.1741222,0.2104279,0.2550489,0.3029725,0.3447161,0.4036639,0.4597157,0.529642,0.5944864,0.6614207,0.731972,0.8064632,0.8881849,0.9618128,1.027841,1.100947,1.155842,1.206953,1.271764,1.33359,1.375498,1.415002,1.452929,1.485726,1.505142,1.521501,1.528269,1.550373,1.553746,1.537923,1.531368,1.51393,1.489418,1.486647,1.451905,1.428853,1.41359,1.406509,1.405517,1.403039,1.408489,1.44389,1.485823,1.543145,1.622946,1.716868,1.809662,1.906895,2.016437,2.132021,2.20386,2.306448,2.429953,2.538481,2.570969,2.664796,2.743529,2.853844,2.955384,3.086434
425.168,0.004532331,-0.01565171,-0.01955011,-0.002636307,0.005295307,-0.01545376,-0.01479937999999999,-0.01142727,-0.0115649,-5.742079e-4,-0.007785213,-0.002866264,-0.005931781,-0.004608423,-3.855441e-4,0.004426927,-0.001554482,-0.01465975,-0.01245702,8.802839e-4,-0.00289803,-4.865095e-4,0.001121978,-0.001448241,-0.002292059,-0.003175555,-0.002229284,-0.002145703,-0.003806253,-0.001383358,-0.005180866,-0.008927543,-0.003814766,0.001112166,-0.01212805,-8.05659e-4,-0.003893115,-0.01701487,-0.01313606,-0.003808614,-0.01283141,0.002127307,-0.01081516,-0.003689025,-0.002292358,0.005500295,-0.01298514,-0.002774213,-0.005985909,-0.006008454,-0.004606723,-0.006071523,-0.005253283,-0.005650821,-0.00319911,0.003043971,-0.002551802,-0.009018912,-0.003457909,-0.003051859,-0.0065696010000000004,-0.003346466,-0.001972088,-0.003495055,-0.006682004,-0.001663455,1.610364e-4,0.001254562,-0.004397985,-0.005924802,-0.006470151,-0.001811325,-0.006269276,4.479011e-4,-9.774751e-4,-0.001849863,-0.001491775,-9.468138e-4,4.926512e-4,-3.33972e-4,-0.004417675,0.003949676,-0.001610662,-0.001122658,-0.001738352,-0.003095437,3.181521e-4,-0.003460208,-0.002850688,-0.002499671,7.235077e-4,5.546131e-4,-2.616659e-4,-0.001492802,-0.001909902,-0.0012198,0.002222851,-4.966503e-4,-0.001102282,-0.00137252,-0.001451594,-0.001166392,4.41881e-4,-8.524078e-5,4.258857e-6,-1.658284e-5,-4.62558e-4,-0.001473146,-0.001050913,3.54683e-4,-2.131621e-4,8.793727e-4,6.682295e-4,0.00126671,0.002356538,0.003246411,0.005922445,0.008819486,0.0131188,0.01348361,0.01544727,0.02078627,0.03590594,0.2134912,0.6347068,0.690824,0.3620837,0.1361907,0.1078538,0.1328185,0.1671987,0.201629,0.2419213,0.2856248,0.329605,0.382619,0.4409745,0.4990545,0.5675681,0.6374042,0.7041169,0.7714316,0.8493774,0.9122257,0.9977935,1.05661,1.132562,1.1863,1.242026,1.294848,1.350952,1.402004,1.43879,1.478316,1.511466,1.524312,1.545673,1.551712,1.55688,1.5499830000000001,1.551373,1.54743,1.517438,1.495716,1.496514,1.4634,1.450533,1.421392,1.425078,1.41103,1.424109,1.438484,1.452447,1.50551,1.568274,1.644103,1.75544,1.836952,1.958244,2.042443,2.17847,2.24946,2.340611,2.45118,2.564408,2.596765,2.672537,2.802319,2.857304,3.028828,3.171605
427.474,0.007425078,0.01549468,0.002236223,0.01005457,0.0265282,0.01613495,0.02141352,0.01543835,0.0185434,-0.005504579,0.008089676,0.008883224,0.0108565,0.009832172,0.006988142,4.132186e-4,0.005900764,0.00319225,0.002275358,0.00859166,0.003596218,0.003530179,2.959768e-4,0.003250618,0.00320399,0.002037727,6.76445e-4,0.005075118,0.002198423,0.00641188,0.002623187,0.009494847,0.007942047,0.01466268,0.006805836,0.009619777,0.02033652,0.01972211,0.01542169,0.008624675,0.005649187,0.02113852,0.01416123,0.008909672,0.01258413,0.007675274,-0.001522554,0.01578782,-0.001748269,0.007096754,0.006439664,0.0102069,0.01276479,0.005303825,-0.003647195,0.00280729,0.00974154,0.009144195,0.005496063,0.003054315,0.002175577,0.01076917,0.004702828,0.002685394,0.006985003,0.005721483,0.007325117,0.003850701,0.004868056,0.003399347,0.005923337,0.002437377,0.003571655,0.004784273,0.002542356,0.003723857,0.006860113,-3.803149e-4,0.003607536,0.003125172,0.002312412,0.00238124,0.001492801,0.001925112,0.004578837,0.002847332,0.002768179,0.001511266,0.003411886,0.003194578,-8.041107e-4,0.001938636,3.502409e-4,0.002206686,0.001961802,8.141363e-4,0.001839052,8.620927e-4,0.00178068,0.001170047,0.001059757,8.244857e-4,0.001937806,-5.035949e-5,5.124609e-4,-5.494888e-4,0.001543666,0.001714805,0.001401245,5.830851e-4,5.201856e-4,0.0010761430000000001,0.00180389,0.001945974,0.004679299,0.005862189,0.007779944,0.01355377,0.01294211,0.01501585,0.01913982,0.02697478,0.1192567,0.4820758,0.7574657,0.4846095,0.1713116,0.1069285,0.1294091,0.1579968,0.1914381,0.2315987,0.2691869,0.3192027,0.3658921,0.4208325,0.482746,0.545321,0.6053775,0.6801039,0.7456957,0.818022,0.8910791,0.9599561,1.038228,1.098023,1.162872,1.220158,1.273842,1.327547,1.375552,1.431152,1.470491,1.506809,1.52354,1.547986,1.564831,1.567196,1.572746,1.569174,1.562317,1.554141,1.535022,1.515888,1.503821,1.480008,1.457389,1.448752,1.438184,1.433601,1.443505,1.46151,1.488154,1.536298,1.589385,1.692257,1.801855,1.900173,1.981642,2.114715,2.210127,2.30275,2.398726,2.528933,2.624736,2.654332,2.83164,2.909226,3.014652,3.1361,3.324132
429.781,-0.009506209,-0.01193582,0.008673935,-0.007775284,0.005158323,-0.01414388,-0.01794937,-0.01512268,-0.02759524,-0.01312079,-0.006184439,0.006513583,-0.008502977,-0.009675902,0.002953747,-0.008987835,-0.009961176,-0.01200682,-0.009609156,-0.01010261,-0.005612888,-0.005826847,-0.004801648,0.001685798,-0.004320553,-0.002537238,-0.00201933,-0.003029229,-0.003353352,-0.00242602,-4.376189e-4,-0.009381861,-0.002752216,-0.003678744,-0.01274204,-0.002003596,-0.02039243,-0.006193984,-0.002707978,-0.01528798,0.006624983,-0.007156079,0.006365544,-0.004468687,-0.01676837,3.867498e-4,-0.007095764,-0.007236143,-0.01172092,-0.008860956,-0.008120248,-2.027481e-4,-0.0105075,0.001566678,-0.004795494,0.003280049,-0.00551622,-0.003629825,-0.00227478,-0.007338903,-0.004668128,-0.001328274,-0.002627119,-0.006554603,-0.003503319,5.893934e-4,-0.003145116,-0.002359715,-0.006399964,0.001762542,-0.006902849,-0.001313136,-0.002162912,-0.003416949,-0.003585157,-0.003238104,6.358196e-5,-0.001375635,-0.003794951,-5.927975e-4,0.003495232,-0.003219228,-3.350852e-4,-0.001629875,-0.004492198,-0.004586367,-0.004634171,0.002191161,-8.251455e-4,-0.002759158,5.4494e-4,1.05719e-4,-9.900633e-4,-0.003058879,-0.001253153,-0.001999918,-0.002934436,-9.639908e-4,-0.001316029,-0.001583904,-6.078213e-4,-0.001078115,-4.446271e-4,-3.359534e-4,-0.002150359,-0.002112049,-1.601806e-4,-8.88453e-4,5.814964e-4,3.607687e-4,1.925915e-4,2.475632e-4,0.002510828,0.002064728,0.003894551,0.004962021,0.007663605,0.01357721,0.01520626,0.01641124,0.02245717,0.07675801,0.3182695,0.6732013,0.5629227,0.2292145,0.1050987,0.1212771,0.1448006,0.1806327,0.2154344,0.25517,0.300313,0.3486588,0.3977865,0.4573096,0.5174296,0.5780477,0.6483878,0.7123508,0.7816508,0.8562578,0.9365221,0.9942722,1.069656,1.139023,1.198247,1.248921,1.297652,1.353828,1.395915,1.450491,1.492874,1.517648,1.543835,1.556223,1.565844,1.571813,1.569308,1.573936,1.561933,1.551956,1.536655,1.50836,1.510718,1.480602,1.464828,1.447503,1.453767,1.450622,1.444796,1.477153,1.522559,1.556115,1.621423,1.711809,1.814409,1.924747,2.022346,2.136192,2.215403,2.303516,2.429387,2.512437,2.641083,2.652027,2.803606,2.828299,2.866476,2.951349,3.189419
432.088,0.01166507,0.006875303,-0.01613374,-0.003294516,-0.006504891,-0.0014213,-0.03104627,0.005562008,0.01315828,0.007135038,-0.006258645,-0.003671957,0.007924841,-0.002411812,0.01624093,-0.007978804,-0.004826426,-0.003890471,7.594546e-4,0.002761607,-0.001670327,-0.001099793,0.001062736,-0.001140128,-7.754904e-4,5.438348e-4,-0.001314873,0.00705232,0.002912663,0.002070816,2.371879e-5,0.01129486,-0.002427883,0.01529881,-0.01646557,0.00428545,0.001120865,0.001385439,0.001680599,0.003383981,-0.001716037,0.003425683,0.006282669,-0.003558884,-0.005121066,0.009387668,-0.002150508,-1.910941e-5,-0.007580691,-0.007175556,0.004469975,-0.001021001,-0.001321617,0.006279985,0.002412094,-0.002282407,-8.920905e-4,-0.003202813,8.606159e-4,0.003970044,-0.003671892,-0.005947309,0.005338421,-0.002237402,9.168002e-4,0.005791231,-0.002799465,-3.56988e-4,0.002426628,9.303196e-4,9.312474e-4,0.002085296,7.25233e-4,-0.001839121,7.246849e-4,-9.858997e-6,-0.001937729,-0.001523253,-6.090883e-6,0.002568305,-0.00143384,4.603682e-4,-5.445117e-4,0.002614282,-8.736228e-5,-1.869059e-4,2.0001e-4,0.002049307,0.004124902,9.303047e-4,-0.001059211,6.191224e-4,-3.275587e-4,5.628886e-4,9.20603e-4,8.120111e-5,-0.002130697,-0.001239917,1.513725e-4,0.001285414,0.001896798,0.00175846,-5.70769e-4,-4.881511e-4,-8.300269e-4,-3.96751e-4,0.001128648,1.454502e-5,2.725487e-4,-1.995157e-4,9.279947e-4,0.002021759,0.002532594,0.004459051,0.005872263,0.00844943,0.01037903,0.0165168,0.01827016,0.02383709,0.05008134,0.24126330000000001,0.5556005,0.5894485,0.2853994,0.11867,0.1168337,0.1424597,0.1691774,0.2039555,0.2471569,0.2904403,0.3390326,0.387424,0.4415587,0.4938447,0.5555022,0.6197437,0.6955487,0.7566711,0.8332206,0.9064547,0.972612,1.04536,1.110093,1.177604,1.23282,1.282854,1.336206,1.386386,1.435154,1.473442,1.520071,1.546157,1.570476,1.579657,1.594033,1.601909,1.594766,1.592438,1.579977,1.570256,1.547297,1.528816,1.513196,1.498356,1.467206,1.4786,1.474006,1.460998,1.476418,1.523262,1.548622,1.593538,1.682883,1.755071,1.872558,1.969704,2.0678009999999998,2.195076,2.277836,2.363894,2.464636,2.547933,2.627218,2.73434,2.793312,2.871138,3.037951,3.114395,3.240424
434.396,5.385288e-5,-0.01204357,0.02396018,0.006721053,6.863106e-6,8.420911e-4,0.002205096,0.01316216,-0.00252253,0.001711135,0.007523059,0.006222818,0.002460151,-0.001321629,0.006148301,0.001015103,0.003385251,-0.004439434,0.004217875,0.001702176,0.005807821,0.001283166,3.046479e-5,-0.002542608,1.385772e-4,-0.00160036,9.420214e-4,1.361582e-5,0.001870039,0.005291025,-0.002457307,0.008994462,0.002108135,0.004691785,0.006247848,0.002244715,0.002287546,0.01492124,0.002403777,0.01117727,0.005584854,-0.005022496,0.001036226,0.006175831,0.00196604,-0.006183142,-6.28613e-4,0.001511956,-5.448155e-4,-0.002988654,-0.003920878,0.008475062,0.002068161,0.008287943,-0.008114891,-2.311367e-4,0.002237083,-0.002298623,-0.002674514,-0.002560545,0.003549773,9.806874e-4,0.001570001,0.001144676,0.001142789,0.001248033,0.003189788,8.934796e-4,-4.441884e-4,6.442954e-4,0.002748886,-0.001326511,-0.001960866,7.282086e-4,0.001123641,-0.005113298,-0.001169069,0.003005233,-5.95571e-4,0.002242749,-0.001041312,0.003712348,5.911467e-4,0.002523803,1.180625e-4,0.003329142,0.001333675,-0.001455618,0.001724755,-7.930422e-5,-0.001236735,5.290748e-4,-0.001884604,-6.09145e-4,0.001328273,0.002013857,0.001225046,5.044459e-4,7.446002e-4,0.001984568,5.073081e-4,0.001148107,9.890463e-4,2.849362e-6,-3.057187e-5,1.997262e-4,-5.294653e-4,9.973328e-4,5.359123e-5,7.198644e-4,0.001764214,0.002383759,0.004023452,0.004180977,0.005475489,0.007408743,0.01068005,0.01872014,0.01922462,0.04235507,0.1791036,0.5015431,0.6135958,0.3409396,0.1302503,0.1123536,0.1322342,0.1633116,0.1929522,0.2315745,0.276917,0.3225787,0.3727065,0.4247218,0.477402,0.5338228,0.5988471,0.6630925,0.7315021,0.8083563,0.8764837,0.9512966,1.021572,1.08017,1.159453,1.219101,1.269917,1.326861,1.362969,1.418772,1.463262,1.50572,1.540788,1.568459,1.591469,1.609182,1.621144,1.619615,1.609893,1.608431,1.600061,1.587591,1.561771,1.554454,1.534798,1.504758,1.489337,1.480631,1.48773,1.497633,1.503299,1.539132,1.574468,1.635341,1.706856,1.821696,1.929516,2.03729,2.124008,2.234532,2.333946,2.436947,2.520372,2.633025,2.713711,2.797765,2.876511,2.943496,3.035994,3.181727,3.33814
436.705,7.646012e-4,-0.003637212,0.01609593,0.004643457,-0.009276511,-0.02655974,-0.0143016,-0.002685728,0.005019263,-0.01185438,1.714945e-5,8.968288e-4,-4.965852e-4,7.394935e-4,-0.007817524,-2.962213e-4,0.007563347,-0.001903717,-7.231115e-4,-0.001845109,3.940251e-4,0.001762012,-9.219045e-4,4.00074e-4,-0.001799721,-0.001309019,-0.00489417,-0.003421137,-0.001078987,-0.004878459,-0.001015312,0.001361411,-7.354115e-4,-0.004950794,0.01038162,0.003066919,-0.01340887,0.002825458,-0.002644176,7.097836e-4,0.001834003,0.005126852,-0.01303637,-0.001857587,0.006964206,-0.004248841,0.005588312,3.272708e-4,-0.004293376,0.003952669,-0.002804117,-0.001235113,0.002826021,-0.001210099,0.006484378,-0.003860459,-0.001052031,-5.664992e-4,0.003131426,-0.00138181,-0.004393065,9.979698e-4,-0.003534113,0.002244436,-0.004541508,-0.00105153,8.980706e-4,-0.00166693,0.006531586,-0.00361284,0.002771044,-0.002337108,-0.002715244,-1.047754e-4,-3.777985e-4,0.001899184,8.163797e-4,-0.001262753,0.001655808,-0.005558919,-9.151649e-4,0.00356235,-0.002201868,4.519315e-4,-0.004109501,-6.028851e-4,2.256157e-4,3.837306e-5,-9.513742e-4,-4.38387e-4,8.262214e-4,7.928493e-4,2.477323e-4,1.140124e-4,0.001639389,5.287858e-4,2.306041e-4,2.341109e-4,2.089293e-4,1.434844e-4,7.495955e-5,6.299308e-5,-0.001014054,3.64746e-4,7.588946e-4,-1.225834e-4,9.802043e-4,0.001116638,0.00108552,5.543839e-4,0.002352723,0.003634594,0.00444094,0.005965724,0.006857101,0.009177076,0.01283388,0.01924386,0.02788233,0.1376841,0.4166408,0.6307185,0.4316022,0.163293,0.1081479,0.1273613,0.1531204,0.185618,0.2192588,0.2584024,0.3063061,0.3547921,0.4093702,0.4625955,0.51903030000000006,0.5766364,0.6453434,0.70498,0.772663,0.8504263,0.9123782,0.9843006,1.054253,1.127452,1.183504,1.249916,1.311033,1.351286,1.405681,1.444824,1.489844,1.527136,1.56144,1.595787,1.613774,1.621208,1.622073,1.624214,1.624576,1.618423,1.607861,1.580941,1.581073,1.561835,1.535094,1.522432,1.520935,1.508487,1.506897,1.519668,1.529345,1.575172,1.620453,1.668196,1.752392,1.829746,1.97955,2.076975,2.158553,2.29836,2.391336,2.465596,2.550815,2.678413,2.718169,2.821179,2.866694,2.995195,3.046566,3.139558,3.394042
439.015,0.002206454,0.01208828,0.01537659,0.005313031,0.04238254,0.01484978,0.0151236,0.007696432,0.006301522,0.0065974,0.01035003,0.003649537,0.005695167,-0.005760944,0.004327005,-0.00223549,0.006312937,0.002257939,0.008066294,0.008345174,0.003160915,0.002985341,0.003050761,2.676436e-4,0.001432073,0.002135306,0.003461715,0.00246226,0.001259021,5.10441e-5,0.005777784,0.003721638,0.003701839,0.002957769,0.006629107,0.008557607,0.006745827,0.007920504,0.0057179,0.004419085,0.008989516,-0.007646301,7.961158e-4,3.48567e-4,-0.003038356,0.003422013,0.005253483,0.009930803,8.73774e-5,0.005815457,0.003961936,0.002345002,0.003114003,0.003481451,0.003116461,9.413347e-4,0.003082489,-1.297692e-4,0.004715322,4.298875e-5,-0.003790576,0.001553991,0.002680053,0.003379321,0.004074308,0.003099391,0.00146352,4.013726e-4,1.973084e-4,0.003949982,0.002917601,-2.757533e-4,0.00175454,0.003099599,-0.00245415,0.001905082,0.005370097,-0.001891034,0.002283753,0.001976636,0.002397332,8.328449e-4,0.004137543,-0.00167989,-8.690893e-5,0.002474705,0.002099618,0.001767035,9.616089e-4,0.003618416,-1.500004e-4,3.094016e-4,-4.786671e-4,9.659176e-4,0.001400721,-1.298625e-4,1.17025e-4,0.001040786,4.775103e-4,0.001413003,8.072476e-4,-0.001224437,0.001246922,7.24367e-4,0.002159241,1.567552e-4,7.545608e-4,0.001681513,5.13453e-4,0.001352806,0.004403112,0.004686875,0.006075914,0.007483405,0.009307255,0.01135583,0.01638069,0.02609858,0.09266265,0.4024524,0.6104694,0.4972223,0.2140583,0.1133491,0.1205154,0.1462348,0.1763356,0.2102278,0.245893,0.2900769,0.340315,0.3907091,0.44057229999999997,0.4988528,0.5546152,0.6160048,0.6769641,0.7500893,0.8185029,0.8852449,0.9524276,1.023528,1.100845,1.157676,1.217156,1.286101,1.325904,1.391878,1.429183,1.470814,1.508916,1.5485,1.582814,1.612225,1.621482,1.629425,1.634246,1.636389,1.626657,1.617899,1.61289,1.588791,1.591016,1.565839,1.550672,1.53321,1.527498,1.52024,1.511898,1.5304,1.566452,1.608571,1.643208,1.705591,1.784094,1.911075,1.986051,2.110122,2.212286,2.313562,2.426653,2.549657,2.614548,2.704239,2.802195,2.847348,2.946137,2.988331,3.095888,3.154077,3.414219
441.325,-0.007025018,0.02464314,0.006425464,0.01184641,-0.003361712,-0.0181378,-0.003323164,0.00158869,0.007495021,0.004459346,-0.005615821,-0.002138552,0.005964167,-9.288836e-4,0.003218179,-5.451833e-4,0.001874531,0.003913585,0.004648949,2.785709e-4,0.002978511,-0.001345222,0.001881131,0.001263192,-7.353848e-4,4.370635e-4,5.583901e-4,-0.002512056,0.002463534,0.002820483,-0.001630396,0.00692702,0.003286523,-0.0029544,0.008913353,0.003451672,-0.003522593,1.025671e-4,0.001712491,-0.008535383,-0.001287298,0.01176267,0.007216447,0.003345518,-0.005451036,0.002579974,0.0106815,0.005139866,0.002725622,6.311937e-5,-1.661485e-4,-0.005184622,-0.003404495,0.00126947,-0.001565549,0.004584256,-0.001249142,0.00322066,5.032963e-4,0.001463636,0.00768652,0.001191722,-0.002538087,0.001164426,0.003688365,-0.004157094,0.004394494,0.001388809,5.159423e-4,-1.06271e-4,0.002894804,-0.001246319,-0.001057962,8.86928e-4,0.001419919,0.001235906,-0.003441444,7.974581e-4,-4.412305e-4,8.70259e-4,-0.001015014,0.002003875,0.001271454,-1.851442e-4,-0.002673148,-6.662929e-4,0.001332379,4.323942e-4,0.001444322,0.003305171,-4.871222e-4,-4.609956e-5,-0.002467342,7.397503e-4,-0.003142178,-0.001178798,-9.277929e-4,9.180335e-4,0.002197936,9.725226e-4,-9.295546e-4,-2.880621e-5,-6.257293e-4,-8.082152e-4,-3.185291e-4,-5.89559e-4,-4.186928e-4,0.001047794,0.002177286,0.003569362,0.005076782,0.005027557,0.005590582,0.007975112,0.01156976,0.01357805,0.01939095,0.06718844,0.2997041,0.7156223,0.5495305,0.2611895,0.1149677,0.1147465,0.1432145,0.1648899,0.1975753,0.2348822,0.2710963,0.3182955,0.3649851,0.4214023,0.4785794,0.5287026,0.5928103,0.653063,0.7156039,0.7794924,0.8490723,0.9191957,0.9808095,1.049634,1.121693,1.18827,1.249871,1.298757,1.35295,1.404958,1.447285,1.482882,1.520957,1.554836,1.593834,1.608601,1.62274,1.63901,1.644402,1.642109,1.632818,1.623882,1.612936,1.606741,1.58216,1.572388,1.54962,1.531781,1.528725,1.524129,1.52931,1.550279,1.57328,1.612371,1.644414,1.718599,1.809861,1.918544,2.023687,2.14636,2.260624,2.362114,2.439066,2.548471,2.624743,2.745485,2.780637,2.869958,2.924002,2.973159,3.133212,3.321437,3.395577
443.636,-0.02328777,-0.04023027,-0.02437904,-0.00368803,0.00928786,-0.01159189,-0.02792998,-0.01057386,-0.01145522,-0.01425734,1.024161e-4,-0.005140422,-0.002867997,4.379778e-4,-0.0061936,-0.01092307,-0.001683858,-0.001548677,-0.004486177,-0.001999858,-0.005579404,-0.003319949,-0.003085218,-0.001833104,-0.001610929,-0.003743516,0.002911942,-0.001440609,-0.002353729,-0.004380618,-9.391882e-4,0.001081472,-0.006706744,0.002424709,-0.00719013,-0.02028627,-0.01159379,-0.008313244,0.001373395,0.001078427,-0.004944963,0.001096124,-0.00212536,6.734472e-5,-0.001403321,-0.002987659,-0.009491831,0.005397995,-0.002447677,-0.009127265,-0.007825178,0.00308551,-0.002390948,-0.005748457,-0.007395301,7.241246e-5,-0.006176427,-0.007210028,-0.005738451,-0.001686973,8.100954e-4,-0.00439991,-0.003837802,-3.043789e-4,-0.004766738,0.004625473,-0.004708336,-0.006065459,-0.006812559,-0.002419618,0.003633989,-7.639655e-5,-0.002505549,-0.005760267,-0.001569503,-0.002336574,0.003125632,-0.001069741,-0.00336175,-0.001853293,-0.002373,-0.001405747,-7.074748e-4,-0.002186769,5.574274e-4,7.554284e-4,-8.387759e-4,-0.002812666,-8.962379e-4,-4.146158e-4,-0.003537307,-8.835609e-4,-0.001262041,-0.002151223,-0.001610509,0.001557896,-0.002264363,-2.356542e-5,2.848062e-4,-2.068637e-4,-8.54146e-4,-0.001177974,7.686956e-5,-1.008674e-5,-1.669489e-4,-1.411968e-4,-0.001013622,2.799232e-4,0.001999297,0.003384844,0.004628109,0.004262428,0.007346194,0.008534035,0.01178089,0.01573492,0.03466406,0.2365623,0.6080669,0.7813025,0.3293053,0.1272239,0.1088405,0.131866,0.1593374,0.1873295,0.2193604,0.2559595,0.2976218,0.3449052,0.3926134,0.4520334,0.5075266,0.565291,0.6268122,0.6783047,0.7474825,0.8112686,0.8814944,0.9481137,1.010149,1.082174,1.137898,1.213877,1.26666,1.321699,1.372063,1.404824,1.453471,1.485252,1.52277,1.562505,1.587917,1.608649,1.62379,1.639714,1.646455,1.635453,1.626102,1.619716,1.608853,1.594562,1.569667,1.566404,1.558672,1.536107,1.517853,1.524021,1.535098,1.543408,1.577504,1.619561,1.654182,1.720898,1.820275,1.928349,2.034054,2.149834,2.250173,2.365035,2.449357,2.553571,2.632626,2.72898,2.824411,2.803078,2.9631439999999998,2.927919,3.04995,3.191045,3.222663
445.948,0.02144866,2.844544e-4,-0.00449739,0.02441294,-0.01020704,0.008193828,0.004402281,-0.006415765,-0.003507445,-0.001926403,-0.001097862,-0.00532946,-0.00649603,-0.007904224,-0.00298614,-0.01170911,0.02085424,0.00147589,0.007443693,0.01065505,0.004063308,0.005093402,7.171765e-4,0.004490817,0.001322682,3.102333e-4,-0.003161429,-0.001929426,-0.003202892,2.690622e-4,-0.001852654,-0.001127827,0.00254044,0.01100865,0.001601606,-2.180261e-4,-0.001990581,-0.001179359,-0.001123156,0.005344598,0.00482814,-0.01065854,0.004928968,0.009850146,0.003234419,-0.005255884,0.00638992,-0.006898242,0.001582043,-0.005453746,0.001655135,-0.002119071,-6.179408e-4,0.00449252,0.003405852,-0.008995822,3.225114e-4,-9.02925e-4,0.003290381,0.003778953,4.445686e-4,-0.001592231,0.002516267,0.001687874,-0.00486814,-9.587396e-4,2.633671e-4,0.002578277,0.006118669,-0.0029804,-0.002109212,0.00281841,-0.001027504,0.0031009,8.925615e-4,-0.002270992,-0.004137142,-3.160703e-5,-0.001026344,5.360898e-4,9.900569e-4,0.002734025,0.001719856,0.001223456,-3.400196e-4,0.001456997,-0.002454815,0.002543275,-9.610675e-4,6.031147e-4,0.002235099,-0.001941721,-9.855361e-4,8.413932e-4,5.869668e-4,-9.559811e-4,0.001100945,0.001925426,0.001066691,9.02297e-4,3.408616e-4,-1.611512e-4,0.002398306,-1.417157e-4,7.054488e-4,0.001609705,3.808723e-4,9.025627e-4,0.003625066,0.004735015,0.007196352,0.006754569,0.008562615,0.01205475,0.01381179,0.02502848,0.1266273,0.5503421,0.7627423,0.5533896,0.1510592,0.10349,0.124292,0.1495887,0.1789629,0.2081195,0.2453087,0.2846994,0.3230379,0.3745986,0.424539,0.4816263,0.5400324,0.591927,0.6555174,0.7149671,0.7785571,0.8468425,0.9144118,0.9837885,1.038922,1.103204,1.171072,1.233153,1.290998,1.346369,1.388598,1.430209,1.466008,1.503214,1.541034,1.576567,1.597618,1.61694,1.637058,1.627991,1.642066,1.634118,1.633162,1.611114,1.609289,1.583116,1.580735,1.557535,1.548199,1.540051,1.534651,1.5258100000000001,1.53715,1.548822,1.594845,1.633754,1.70382,1.743407,1.854024,1.940376,2.07105,2.210004,2.283021,2.383127,2.482652,2.565449,2.67076,2.756355,2.84674,2.928467,2.976841,2.995395,3.144148,3.226537,3.373665
448.26,0.002263078,-0.009819037,0.01766217,-0.00787444,0.006552015,0.003109222,-0.005999645,0.004778228,0.007335836,0.005914415,-0.00306965,0.01242432,-0.002001549,-0.003829769,-0.002640178,0.005800457,0.002696606,0.00463359,-0.002265032,-0.003518414,2.625848e-4,8.154303e-4,-0.00133469,-0.001292247,0.002182627,4.467403e-4,0.004413516,-0.001250148,-0.004771511,-0.004229559,3.474751e-4,1.635303e-4,0.003299114,-0.001126345,0.001553471,0.009568391,0.003344637,4.801777e-4,-8.330023e-4,0.001443748,0.002162114,0.009868077,0.003628372,0.00408973,0.004108992,0.00819448,0.004874207,-1.392054e-4,0.005468816,-0.004336483,-0.001139473,0.001374671,-0.00400896,-3.264821e-4,0.005146457,-3.642354e-4,5.706595e-4,-0.00188843,-0.002812041,0.001250252,-0.00452196,-5.559635e-5,0.001380164,0.00223495,0.001333175,-0.001087669,-0.003770456,7.630996e-4,-0.001921853,5.455906e-4,0.001975455,2.364229e-4,7.615999e-4,9.174251e-4,-0.002282834,0.003069898,7.149159e-4,0.004133415,-0.001585493,-4.846826e-4,-3.793047e-4,-2.435321e-4,0.001038055,-3.478354e-4,-9.463433e-4,0.003327549,0.001609939,9.237967e-4,0.001252565,-0.001771412,5.595514e-4,0.002214371,0.002447013,1.239403e-4,0.00110194,8.386667e-4,0.001018192,0.001426928,-3.955613e-4,-6.881187e-4,-0.001983582,1.053874e-4,6.893853e-4,-2.372289e-4,7.659643e-4,6.486331e-4,0.002541741,0.003008607,0.004543692,0.00555775,0.007601838,0.00756907,0.009573689,0.01279479,0.019524,0.08066396,0.3338019,0.75119,0.5928372,0.2630243,0.1028675,0.113663,0.140766,0.1678503,0.1989886,0.230656,0.2714065,0.3068414,0.350813,0.3999673,0.4534954,0.5089911,0.5704365,0.6232536,0.6863411,0.7389036,0.8021844,0.8642852,0.9420723,0.9987763,1.061073,1.12652,1.183363,1.248095,1.295622,1.350491,1.395501,1.437055,1.470589,1.507333,1.543715,1.561702,1.596196,1.613401,1.624975,1.61979,1.627858,1.60835,1.606913,1.593571,1.584721,1.575102,1.564313,1.541667,1.54279,1.524465,1.524392,1.521922,1.54858,1.562117,1.583632,1.637306,1.679515,1.776267,1.863957,1.96826,2.103338,2.188671,2.2930450000000002,2.395749,2.447923,2.600118,2.645044,2.772081,2.806349,2.89744,2.924368,3.012269,3.126449,3.205344,3.416972
450.573,-0.01296989,2.492348e-4,9.598097e-4,-0.01463398,-0.02917504,-0.01031352,-0.003846501,-0.01469943,-0.004484392,-0.008070842,-0.0144822,-0.005487981,-1.626158e-4,-0.01001211,-0.00393536,-0.008369767,-0.003591968,-0.008621384,-0.003851325,-0.003894834,-0.00661694,-0.003055874,-0.006238987,-0.00488329,-0.00267154,1.993781e-4,-0.007688696,-0.003468859,-0.006462264,-4.158758e-4,-0.001559026,-0.001729505,-0.01182841,0.001985741,-0.00330694,-0.004665405,-0.004059337,-0.01487155,0.003028186,-0.006881839,-0.006281714,-0.002670583,-0.002289114,-0.006194601,-0.01298951,-0.00131779,-0.00358947,0.001869886,-0.009543132,-0.01432028,-0.007318091,-0.01223502,-0.001768988,-0.002651741,-0.006665522,-0.008767619,-0.003865114,-0.00327426,-0.007472114,-0.002902959,-0.00429587,-0.001165641,-0.002037438,0.002769395,-0.009501519,2.905721e-4,-0.004045324,-0.004891691,-0.001454778,-7.934991e-4,0.00225548,0.003032284,-0.003208767,-0.00312763,-0.001615505,-0.006441458,-0.004542573,-0.003556705,-0.001691966,-0.003265896,-7.977023e-4,-0.002762892,-0.001945557,-0.004883791,-0.005056321,-0.004122545,-8.914534e-4,-0.001518278,-0.002014552,-7.985013e-7,-0.00161088,-1.785514e-4,-0.002367726,-0.001536467,-0.001461828,-7.810866e-4,-0.001358763,-0.002148522,9.240414e-4,-9.543674e-4,2.292223e-4,-0.001287402,3.997597e-4,3.912246e-4,-3.177099e-4,0.001175214,6.719229e-4,0.002974991,0.00455946,0.004991647,0.008480228,0.008873386,0.01110384,0.01759214,0.04838737,0.2284906,0.5234278,0.6318782,0.288357,0.1105008,0.1029894,0.1281182,0.1533038,0.184645,0.216399,0.2476872,0.2907239,0.3292847,0.3758491,0.4239969,0.4800513,0.5375559,0.5935611,0.6557891,0.700887,0.760831,0.8329949,0.8894774,0.9591164,1.021723,1.072721,1.139703,1.199676,1.25502,1.308615,1.355314,1.392477,1.441214,1.465063,1.502278,1.531075,1.560453,1.584374,1.599039,1.609897,1.615924,1.611707,1.604227,1.593478,1.59094,1.572545,1.5508710000000001,1.549636,1.530857,1.524732,1.518139,1.512377,1.527665,1.535477,1.538425,1.586629,1.649934,1.692939,1.784418,1.846613,1.955204,2.087726,2.207904,2.321506,2.403024,2.478045,2.569684,2.647383,2.776628,2.784152,2.859492,2.883805,2.964635,3.028848,3.211894,3.269681
452.887,0.007720796,-0.04662823,-0.02221172,-0.004043087,-0.01267758,-0.03191413,-0.02555039,-0.005611143,-0.02563528,-0.01883956,-0.01125444,-0.004413881,-0.001701825,-0.007010342,-0.0046164,-0.01110873,-0.004761878,-0.002032569,-0.0123923,-0.003679628,-0.00290996,-0.003057149,-0.001816398,-0.006063375,-0.006224518,-0.00308038,-0.001565411,-8.407465e-4,-0.004694497,-0.006666828,-0.01455091,-0.003000753,-0.01219,-0.02107632,-0.009956336,-0.001442348,-0.002657271,-0.007652287,-0.01654581,-0.01383556,-0.009275342,-0.01413115,-0.01621877,-0.01917599,-0.009321753,-0.00569621,-0.002466771,-0.008369606,-0.006715509,-0.007183338,-0.008021227,-0.006149012,-0.007776601,-0.01252861,-0.0073364,-0.005925818,-0.006537103,-0.0107383,-0.00668035,-0.00852382,-0.001541272,8.177753e-4,-6.200373e-4,-0.004851898,-7.52543e-5,1.010912e-4,-0.01148286,-0.004841702,-0.002835641,-0.005577384,-0.004346512,-0.003394155,6.714336e-5,-0.003779702,-0.006668928,-0.002844815,-0.004778468,-0.005238444,-0.003685394,-0.002558357,-0.00284526,-0.004476559,-0.001286199,-8.421599e-4,-0.001832162,-0.002829911,-0.001266386,-0.001046053,-0.00154212,-5.534336e-4,-0.001720314,-0.003666256,-0.003845751,-0.005440009,-0.002330585,-0.003156423,-0.002914796,-3.490676e-4,4.914593e-4,-0.001085837,-0.00264859,1.566349e-4,-4.481838e-5,-0.001532236,-5.927508e-4,-6.379692e-4,0.002509143,0.002473209,0.004219012,0.006599679,0.009870698,0.0109963,0.01342997,0.03792224,0.1613145,0.4102815,0.5093637,0.3270632,0.1162466,0.09317578,0.114158,0.1423481,0.1674445,0.1990473,0.2354633,0.2677298,0.3115061,0.3567981,0.3961787,0.4526754,0.5019784,0.5605137,0.6205493,0.6698016,0.7323546,0.7809183,0.8538936,0.9125914,0.9776224,1.038971,1.095046,1.155841,1.21669,1.266188,1.322306,1.355257,1.399653,1.43579,1.470511,1.499169,1.532136,1.549442,1.580442,1.588978,1.594438,1.609739,1.602674,1.591116,1.579562,1.57277,1.553261,1.544668,1.523782,1.526551,1.509117,1.512051,1.503911,1.518788,1.540506,1.564061,1.582251,1.635905,1.702166,1.78598,1.877972,1.971891,2.071781,2.229168,2.313443,2.386527,2.487831,2.578353,2.646136,2.760117,2.781119,2.811835,2.869262,2.985832,3.091564,3.144191,3.210692
455.202,0.01181133,0.009415957,0.01006454,-0.005317141,-0.007896897,-5.560148e-4,-0.005181403,-0.01398255,-0.001607625,-0.01213864,-0.003801953,0.002149328,-0.005810891,0.002992567,0.007459873,0.001020527,8.134088e-5,-1.855126e-4,-0.002462105,-0.001708931,-9.928302e-4,-0.003640959,-0.003061907,0.003502847,-0.001421103,-0.003826662,-5.727851e-4,-0.001243764,-0.002967404,-0.003614264,-0.005080768,0.005366516,0.001657449,-0.004601311,-0.007311933,0.005335521,-0.006852181,0.004008055,0.001004532,-0.008086541,0.002073671,0.002990594,4.242635e-4,-1.63647e-4,4.472197e-4,-0.008311619,-0.002456947,-0.002451062,0.004520269,-0.007372034,-3.9542e-4,0.001992786,0.00272265,0.01297809,-0.001879913,-0.002046765,-0.001157291,-0.001892008,0.001048674,0.004738789,0.002246587,0.001150809,-2.58036e-4,0.00151558,-0.002486422,0.003275491,-9.04042e-4,-0.00437623,7.165301e-4,0.002893399,-0.001194152,-0.001866455,-0.002240847,-0.006567903,-0.003179461,0.002102624,-0.003859592,-0.00209127,5.1578e-4,-0.00131135,-0.002927828,0.00189778,0.002590527,-0.001376072,0.001754126,-0.003992686,-0.002103824,2.513872e-4,-4.627887e-5,0.001884022,-0.001283194,-1.807669e-4,-0.001335862,-3.017243e-5,8.545468e-4,-7.050086e-4,-4.17824e-4,1.7634e-4,6.622549e-4,-8.972418e-4,0.001018436,3.579428e-4,0.001254153,0.001770964,0.001162449,0.002399679,0.003589751,0.004354237,0.006605399,0.008092863,0.01285612,0.0143866,0.02806169,0.1286813,0.3353209,0.4508466,0.3133241,0.1371997,0.08849709,0.1047225,0.130729,0.1598551,0.1880449,0.2224657,0.2559755,0.2907067,0.3325323,0.379052,0.4247923,0.4705477,0.5288962,0.582444,0.6479643,0.6978422,0.759664,0.8121319,0.8715039,0.9317329,1.002875,1.048311,1.110477,1.1661,1.218341,1.273033,1.322752,1.369182,1.405948,1.437352,1.468529,1.498981,1.522656,1.553256,1.570188,1.579151,1.592436,1.587531,1.58252,1.575142,1.569815,1.555322,1.550226,1.540159,1.519524,1.503761,1.50771,1.508696,1.503374,1.506931,1.529214,1.567163,1.608657,1.655647,1.701355,1.795675,1.885365,1.986819,2.119668,2.214775,2.326217,2.433251,2.487508,2.570411,2.614122,2.710809,2.795986,2.869467,2.908792,2.97397,3.038131,3.070557,3.248954
457.517,-0.02440412,-0.03916695,-0.01617376,-0.009014777,-0.01127212,-0.01927245,-0.03406114,-0.02226287,-0.02886022,-0.02380475,-0.01699358,-0.0101194,-0.008062715,-0.01339232,-0.0186019,9.810152e-4,-0.006111432,-0.007460833,-0.00498698,-0.001131322,-0.002546782,-0.007139271,-0.004911722,-0.009453597,-0.001679224,2.843586e-4,-0.005448054,-0.00471224,-0.006678557,-0.008538108,-0.009976911,-0.01409418,-0.009828383,-0.02010108,-0.02131641,-0.01261437,-0.0232602,-0.004399076,-0.004572034,-0.005855143,-0.007247467,-0.01059855,-0.008497488,-0.003789666,-0.001673259,-0.008922016,-0.003634153,-0.009808636,-0.004525194,-0.003534238,-0.007223036,-0.008505661,-0.004196802,-0.013369,5.122125e-4,-0.006979144,-0.005268705,-0.00565265,-0.004346415,-0.003676181,-0.004090363,-0.01365346,-0.005738265,-0.002748152,-0.00677867,-0.003644465,-0.0014249,-0.002628217,-0.005131532,-0.004068793,-8.011605e-4,-0.001732069,-0.001299791,-0.001796409,-0.001886674,-0.001966815,-0.005351521,-0.002962321,-0.002290759,-0.004379302,-0.0034727960000000002,-0.002858516,4.622599e-4,-4.417655e-4,-0.004590027,-0.002939098,-0.001734003,-0.006795364,-0.003335881,-0.002623389,-6.3186e-4,-0.003334964,-0.003049741,-0.001453208,-0.002331713,-0.002112853,-0.001158297,-0.001424914,-0.002417092,-6.656338e-4,-0.001658391,-0.001019134,2.398579e-4,8.351774e-4,0.001700945,0.002421258,0.002332023,0.00475266,0.006144423,0.01039756,0.014588,0.02296577,0.09125703,0.2947184,0.4210542,0.3308426,0.1378359,0.08557765,0.09465898,0.1185008,0.1429405,0.175821,0.2038167,0.2359066,0.2737153,0.3135387,0.3507232,0.3940982,0.444564,0.4961665,0.5528477,0.6026446,0.6628572,0.715543,0.7763333,0.8344406,0.8958889,0.9466786,1.004038,1.06368,1.12386,1.173976,1.234201,1.283156,1.336643,1.368567,1.397741,1.434324,1.459017,1.489261,1.52571,1.544227,1.558079,1.575887,1.566733,1.571089,1.575367,1.557135,1.55539,1.541644,1.533413,1.515683,1.506684,1.496088,1.499138,1.485489,1.480768,1.513096,1.526934,1.55967,1.593962,1.648082,1.720013,1.794376,1.890107,2.005385,2.11753,2.192008,2.333879,2.406619,2.472254,2.557022,2.5889,2.725258,2.82327,2.844713,2.86465,2.920387,3.006946,3.103634,3.020672
459.833,0.006843154,-0.006252249,0.005317767,0.009850964,0.006796096,0.01317789,-0.002572152,-0.002469422,-0.003395246,0.00714038,8.192523e-4,0.003931796,7.937967e-4,6.840089e-4,0.004048565,0.00465188,-7.852213e-4,0.006240565,-0.0020085,0.003921057,-0.002569415,-9.931525e-4,-0.001208642,-9.295308e-4,0.002456351,-0.001206902,2.667541e-4,0.003463411,-0.002102499,0.002845696,0.001899662,7.854062e-5,-3.162759e-4,-0.003362026,9.836787e-4,0.008391883,0.003203285,-0.003453618,0.001629238,-0.002440493,0.003599043,0.004750318,0.002787047,0.002472512,-0.003163256,-0.002239672,0.004665698,0.004533792,-0.009433409,0.002369445,5.609198e-4,0.005976753,0.002143075,0.008359911,0.005824631,0.002161947,4.66189e-4,-0.002491977,-0.001108769,0.003526447,0.001668167,-0.004927227,2.331103e-4,0.002116696,0.001406172,0.002883222,0.001510493,0.003691778,0.001264114,-0.002879836,1.817398e-4,0.001274863,-0.002107718,-0.00167467,-0.001605028,0.001152257,-0.003744472,9.933693e-4,-5.421096e-4,0.001379784,3.647572e-4,-0.001665572,9.839431e-4,-0.001385236,0.002684711,-3.393546e-4,2.842232e-5,-0.00205666,-0.001995768,8.109656e-4,-1.360771e-4,9.869758e-4,0.001254455,6.238097e-4,-3.274298e-4,0.00265117,0.00160967,8.596977e-4,0.001071927,7.37255e-4,-8.186936e-4,2.943018e-4,0.001988649,0.003841341,0.002295638,0.003498082,0.005775203,0.00731996,0.009115707,0.0139704,0.02508377,0.07408085,0.2512749,0.4180538,0.3312414,0.1602213,0.08168642,0.08565523,0.1094939,0.1353105,0.1575799,0.1907783,0.2217466,0.2562635,0.2927526,0.3340422,0.3742973,0.4197387,0.4692191,0.517355,0.5755081,0.6264316,0.6861812,0.7492892,0.7981787,0.8526304,0.9085472,0.9659304,1.024597,1.08197,1.131531,1.195099,1.242436,1.286369,1.3334,1.366423,1.410845,1.438084,1.460031,1.487413,1.507173,1.526154,1.542689,1.567375,1.566262,1.563909,1.553184,1.556591,1.540289,1.532469,1.516493,1.509165,1.503661,1.499508,1.488749,1.490879,1.487597,1.506018,1.531281,1.557744,1.606875,1.646146,1.716922,1.809081,1.896167,2.013522,2.118657,2.229405,2.328422,2.42129,2.46689,2.570798,2.652569,2.749161,2.829912,2.876681,2.887301,2.934568,2.990141,3.078037,2.987249
462.15,-0.01067511,0.004323914,-0.008896787,-0.01009611,1.593866e-4,0.006286519,0.01207846,-0.02518775,-0.00105214,0.004128934,-0.005682539,0.00236286,-0.001442429,0.007072328,-2.404086e-4,0.002806524,-0.001867639,0.002614659,0.004797452,-0.003244402,-0.004245452,-0.003869453,4.008896e-4,-0.002316058,0.002318627,-3.357455e-4,1.644717e-4,-4.706514e-4,-0.001499234,0.001625009,0.004935103,-0.001726589,-0.005581273,-0.002406439,-0.0128483,9.23145e-4,0.01046493,0.004851808,-0.005769142,0.001347078,-0.007532322,0.001343276,-0.005001311,-0.001685298,0.007902605,-7.552067e-4,0.002677732,9.628526e-5,-0.003107968,-0.003511437,-0.001833622,1.089732e-4,-0.001070527,-8.575657e-4,-3.586803e-4,0.00261881,0.002900852,0.001665992,0.001791189,7.978613e-5,-6.492198e-4,2.428715e-4,-0.003604016,-0.003725783,-9.463729e-4,5.645174e-5,-0.004303076,0.003336365,-0.001749239,0.001508668,-0.002046157,0.001399182,-0.002080584,-0.001018796,-4.47442e-4,-8.166107e-4,-0.001277153,-0.001956574,-0.004309281,0.002410835,-0.00223881,-0.002169464,-6.697334e-4,-0.001646883,-6.417753e-4,-0.002226115,0.001343345,-0.001315515,0.001808654,5.614479e-4,5.348467e-4,-0.003132059,-4.186239e-4,-2.554447e-4,0.001033864,0.001132344,4.667676e-5,-6.041602e-4,9.557838e-4,7.951059e-4,-2.854043e-4,-4.722414e-4,0.001434142,0.003616996,0.00316407,0.005581801,0.006294716,0.007649165,0.01148912,0.01763451,0.07225161,0.2000123,0.3915018,0.3621597,0.1808328,0.08225001,0.07940522,0.09558844,0.1175057,0.1424751,0.1723959,0.205503,0.2375213,0.2747728,0.3109688,0.3495787,0.39344,0.4413826,0.4847284,0.535894,0.5921734,0.6478007,0.7055235,0.7590117,0.8193357,0.8648931,0.9173626,0.9792391,1.035159,1.086226,1.135176,1.192716,1.240843,1.287962,1.32283,1.359472,1.404783,1.427425,1.442415,1.475163,1.491989,1.518639,1.531937,1.543677,1.549485,1.550473,1.537265,1.528971,1.519683,1.511836,1.49975,1.496333,1.487901,1.470264,1.470951,1.474397,1.483421,1.493781,1.528585,1.557139,1.593293,1.644192,1.717123,1.802417,1.896446,1.985965,2.132295,2.238874,2.300728,2.398493,2.489818,2.568549,2.646237,2.745437,2.764828,2.846505,2.83745,2.941735,2.944607,2.939463,3.027479
464.467,-0.02003417,-0.01990278,-0.01274189,-0.008920319,-0.01447192,-0.003323405,-0.01319343,0.00382899,-0.01190881,-0.01142224,-0.001869619,-0.002295422,-7.153596e-4,-0.003744386,-0.007823397,-0.007252579,-0.005751521,-0.005064685,-0.01007939,0.00251607,-0.005270832,-8.581617e-4,-0.001802432,-0.002437566,-0.001180163,0.001358228,-0.001693464,-7.339215e-4,-0.002923098,-0.004129684,-0.001804588,-0.00998182,-0.01382203,0.01103429,-0.01324757,0.005904345,-0.001333899,0.001322472,-0.004562733,0.001306957,6.974507e-4,-0.003329895,-0.005359969,-0.003463141,-8.294521e-4,-0.009939133,0.001741341,-0.005760401,-4.758918e-4,-0.00604351,0.008878719,0.001914053,-0.00671604,-0.002691876,-0.002384144,0.001722905,0.005088405,-0.002886345,0.001735118,-0.001588063,-3.071087e-4,-8.395396e-4,-0.002742993,-0.002012866,0.002399224,-0.006558137,-4.606974e-4,-0.003999645,-1.164531e-4,4.61895e-4,-0.00415276,0.001920265,-0.004757958,-2.331771e-4,-0.003646813,-0.001588633,0.001723035,-0.001847299,9.374598e-4,-0.002885231,-0.003546344,0.002132526,-6.851592e-4,-1.799683e-4,-0.003569327,-0.004216947,-0.002826034,-0.00187221,-7.210621e-5,-0.002153132,-0.0020222,-6.116562e-4,-0.00240824,-0.001798845,-7.383083e-4,-0.001941426,2.847434e-4,-0.001229389,-9.988224e-4,3.692447e-4,5.873698e-4,0.001064025,0.003290781,0.00316317,0.003665595,0.005610217,0.006971002,0.01170258,0.01574148,0.04692273,0.230428,0.3845606,0.4160601,0.2013923,0.08647243,0.07156929,0.08809837,0.1074144,0.1277265,0.1549931,0.1867746,0.2194783,0.2550033,0.2896987,0.3263291,0.3674072,0.4069733,0.4501598,0.4943859,0.5515111,0.6104204,0.6642134,0.7128577,0.7639178,0.8220526,0.8728932,0.9324811,0.9911357,1.037183,1.095227,1.140159,1.188492,1.239965,1.287359,1.326085,1.353091,1.384987,1.408395,1.433959,1.455868,1.476255,1.502354,1.512448,1.516014,1.533033,1.519861,1.509206,1.502285,1.498193,1.491986,1.475108,1.463384,1.463484,1.465879,1.447321,1.459463,1.461346,1.480563,1.503852,1.554391,1.585856,1.638489,1.724386,1.794747,1.894508,1.982679,2.120787,2.216355,2.321087,2.384975,2.452403,2.524548,2.591441,2.668531,2.739385,2.761945,2.793705,2.893859,2.939646,2.912335,2.980903
466.786,-0.03108937,-0.01296163,-0.01839715,-0.007683796,-0.005174874,0.003441103,-0.01302464,0.004979387,-0.003953616,4.400388e-5,-0.001482084,-0.006340111,-0.004417202,-0.009662768,0.002307677,-0.003863609,-0.003523097,-0.005793683,-4.2513e-4,9.687814e-4,-6.447832e-4,0.002016891,-0.003123939,-0.001259882,-0.003896672,-0.002772016,-0.003621205,-9.856654e-4,-0.005261687,-3.275683e-4,0.005506072,-0.008983868,-0.008481125,-0.01417859,-0.01270779,-0.01001104,-0.006757149,-0.007494956,-0.00541008,-0.004846628,-0.01213657,-0.009463969,0.003000786,0.001774985,-0.002771111,-8.173513e-4,0.007055436,-0.007086532,3.303606e-5,-0.004491958,-0.008522675,-0.007172706,-1.807907e-4,-6.497748e-4,6.93313e-4,-1.624654e-4,-0.003760949,-0.004615912,-0.001844658,0.004002615,3.104484e-5,5.448934e-4,-0.001348954,-0.004032918,-0.001643622,0.002486868,-0.005867918,-0.00229484,7.851884e-4,0.003593329,-0.001909453,-0.003184396,-0.001290182,-0.002679776,-0.001712846,-3.453815e-4,-0.001406687,-9.26345e-4,-0.003504683,-0.001306385,-5.219964e-4,-0.004257902,5.284348e-4,-0.002750395,-0.002095707,-0.001474281,-0.001624125,0.001438346,-0.001972054,0.001113461,0.001552968,-7.573578e-4,-0.001194128,9.12399e-5,-8.918316e-4,-9.789265e-4,-0.001909357,-0.001160987,-2.109308e-4,1.954265e-5,4.246787e-4,0.001534943,0.00183454,0.0036485,0.003288005,0.008485014,0.009512356,0.01124129,0.02930607,0.161993,0.4276686,0.4662489,0.2970956,0.09379206,0.06654924,0.07967089,0.09801451,0.1152391,0.1429689,0.1706688,0.1977189,0.235686,0.2596865,0.302331,0.3395111,0.3756968,0.4236438,0.4663479,0.5148697,0.5626898,0.6166608,0.6734225,0.7319806,0.7833794,0.8334989,0.8811928,0.9356974,0.9900872,1.037816,1.08859,1.143304,1.176889,1.235746,1.277176,1.323378,1.346371,1.375529,1.400529,1.418987,1.433731,1.453327,1.474175,1.484938,1.502832,1.508053,1.489322,1.486936,1.481191,1.466803,1.465358,1.455794,1.448898,1.43899,1.434045,1.431331,1.43459,1.450747,1.464224,1.494515,1.535392,1.584807,1.641629,1.707432,1.764755,1.874066,1.975815,2.1109,2.197461,2.273331,2.390054,2.433237,2.532801,2.56595,2.643672,2.697935,2.746489,2.743812,2.793274,2.827848,2.74037,2.725956
469.104,0.01520636,0.007575733,-0.01193239,-0.003496798,-0.009082848,-0.006017311,0.001369512,-0.01793347,0.002280375,0.005439508,-0.009014558,-0.00150113,-0.00467011,-0.006202987,-0.01163336,0.005720362,-0.00516464,-0.006529367,-0.0011014900000000001,-0.001494463,-0.003013967,-0.004242766,6.163371e-4,3.552232e-4,-8.044549e-4,-0.002273743,-0.003850642,-0.002104597,-0.00344821,0.003075223,-0.005646156,-0.008351793,-0.001438363,0.005890212,-0.004196602,-0.001886564,0.003415067,0.001283065,-2.897353e-4,0.001566952,0.005360019,-0.008476878,0.001227432,-0.004047238,-0.002498822,-0.006442374,-0.001646756,-0.001576188,-0.01209354,0.004060025,-0.00776903,-0.003686298,-0.001125722,-0.001091627,-2.766889e-6,-0.002860861,-0.00215441,-0.004221817,0.002656881,-6.91183e-4,-0.00365513,-0.004463279,0.00156096,5.302777e-4,-0.005118394,-0.001272249,-2.923147e-4,4.803055e-4,-0.003535445,-0.002827817,-4.059919e-4,-0.001182624,-0.003649223,-0.002548337,-0.002217989,0.002456715,-0.001407355,-0.001026407,-0.003717359,-0.00282492,-0.003301007,0.003150702,5.30923e-4,-5.610527e-4,-6.477958e-4,-9.075879e-4,2.028805e-4,-0.003077217,2.795789e-4,-1.528918e-4,-3.187318e-4,6.353367e-4,-2.861765e-4,2.415133e-4,-9.411449e-4,-5.422773e-5,7.349641e-4,0.001136668,9.225429e-4,0.001127734,0.001577139,0.003121901,0.003038817,0.005932231,0.005936455,0.009760181,0.01189503,0.02116561,0.1097513,0.3490352,0.4848994,0.3605459,0.1526634,0.06359226,0.07326887,0.08771578,0.1060399,0.1259958,0.1526105,0.1807136,0.2163128,0.2500338,0.2799301,0.3164258,0.3582532,0.3944686,0.4363034,0.4842115,0.5310055,0.5783669,0.630057,0.6865735,0.7337191,0.7975708,0.8447567,0.8858704,0.9410734,0.9942548,1.039584,1.101831,1.140225,1.174865,1.22584,1.270037,1.305375,1.333509,1.366329,1.379204,1.394702,1.421181,1.437495,1.460419,1.47206,1.475559,1.474891,1.469168,1.469679,1.458297,1.453253,1.442154,1.431785,1.419186,1.428541,1.417372,1.424209,1.422254,1.427881,1.466773,1.47797,1.518697,1.566204,1.625892,1.694612,1.783721,1.867631,1.975107,2.097154,2.197202,2.289109,2.340656,2.395411,2.502711,2.538698,2.622186,2.682521,2.728115,2.746553,2.801924,2.777087,2.766303,3.018346
471.424,0.01642891,0.01564378,0.01324898,0.02887964,0.01365236,0.01006046,0.01687961,0.01725268,0.01793635,0.01619274,0.008993508,0.001511734,0.007849296,0.005270256,0.007737108,0.01248132,0.008679649,0.006277287,0.001539336,0.004710007,0.003683464,0.003112129,0.004418225,0.00297576,0.003399384,0.004436698,0.006002477,0.003468891,0.00151944,0.003566402,0.008594644,0.007763701,7.3744e-4,0.00872968,0.003402633,0.01227267,0.006390886,6.404869e-4,0.00663542,0.01154244,0.01672075,0.01335638,0.002970069,0.01388585,0.01357216,-5.524359e-4,2.826678e-5,0.01116392,0.007369022,0.01095803,0.004018759,0.005534592,-0.002974305,0.00111016,1.319098e-5,0.00187775,0.002588589,0.005208961,0.005354118,0.001981036,0.004027559,0.003116407,0.008007487,0.003550388,0.002337676,0.007776935,0.00488726,0.001678946,0.006188857,0.006389532,9.696841e-4,0.007203012,0.004824054,0.001407904,0.005857803,0.001460813,0.003797336,0.003694659,0.002494329,0.001552868,7.63046e-4,1.09823e-4,0.003220901,0.004799178,6.717966e-4,0.004822629,0.00253753,0.004412297,0.0024097,0.001912141,0.003291984,0.001950778,6.840841e-4,0.002872718,-6.022181e-4,0.003530406,0.0021312,0.001249478,0.001845994,0.003096963,0.002122963,0.004834644,0.006107344,0.007105273,0.00918873,0.01250304,0.01706698,0.06881703,0.2805023,0.4545644,0.3546037,0.1865908,0.07839783,0.06919375,0.08357465,0.09695852,0.1163811,0.1381979,0.163202,0.1939172,0.2279758,0.2576394,0.296999,0.3316718,0.3703028,0.4069717,0.4487233,0.4987941,0.539219,0.5914694,0.6458461,0.6986094,0.7491024,0.8061058,0.8482715,0.8927423,0.9454916,0.9922788,1.05111,1.094755,1.141293,1.178182,1.226104,1.258417,1.290049,1.317147,1.343556,1.36985,1.386769,1.401011,1.418264,1.436545,1.438452,1.447041,1.459847,1.448441,1.444389,1.429432,1.423578,1.415953,1.405837,1.398883,1.395158,1.400074,1.398496,1.402201,1.430723,1.448057,1.481063,1.507132,1.570544,1.633997,1.682274,1.78442,1.857132,1.976823,2.095116,2.152823,2.240262,2.344677,2.409456,2.457924,2.550818,2.59907,2.629869,2.683751,2.729541,2.741889,2.713334,2.768087,3.064086
473.744,0.003937275,0.01151843,0.02009504,0.02472816,0.01169555,0.02598074,0.02069514,0.0122853,0.009503969,0.01955154,-3.499312e-4,0.003022178,0.00707648,0.01019386,0.01348364,0.009209904,0.002191483,0.009474865,-8.572548e-4,0.009384914,0.002518926,0.002683244,0.001910348,0.003305383,0.003636059,0.001439453,9.704229e-4,0.003578071,0.005366456,-9.952622e-4,0.006994164,0.004769332,0.00805948,0.01037063,0.01175633,0.001547782,0.007402337,0.002175674,0.006008327,0.006673156,0.00494698,0.00999357,0.009396764,0.003757873,0.002032291,0.007831839,0.001134688,0.004621212,0.002123033,0.004486993,0.004243984,0.002790387,0.005275981,0.005593309,2.526641e-4,0.006998527,0.006724564,0.003833461,0.004450412,0.004452841,0.003645826,0.003796157,0.004096297,-0.001309279,0.00232593,0.003561825,0.003628953,0.002891563,0.001339064,0.002416704,0.002206454,0.001736604,0.001578964,0.002679701,0.001738665,0.004122326,0.003661923,0.005548869,1.369423e-4,0.003730442,0.001941388,0.00238895,0.003914918,0.001580125,0.001445319,0.001582485,0.002980201,0.001682863,0.0022293,0.001823782,6.587844e-4,0.001340193,9.76052e-4,1.629384e-4,0.001460461,0.003600176,0.001301707,0.001742252,0.003330586,0.003546918,0.003801256,0.004908904,0.00633039,0.01017152,0.01210865,0.01643818,0.04442198,0.1941934,0.4139852,0.3708726,0.1788948,0.08160297,0.06557084,0.07666898,0.09171854,0.1072281,0.1258044,0.1495414,0.1736621,0.2063452,0.2397836,0.2733053,0.3049959,0.3417177,0.3828941,0.417867,0.459286,0.5083407,0.549007,0.6032226,0.6533951,0.7053721,0.754986,0.8097697,0.858229,0.8995058,0.9526465,0.9929134,1.044347,1.087968,1.131261,1.171992,1.214082,1.244654,1.276505,1.304891,1.3278,1.342791,1.365309,1.387386,1.393747,1.409395,1.427767,1.433512,1.431719,1.429553,1.416669,1.413607,1.399091,1.401479,1.382535,1.383314,1.380002,1.377237,1.386043,1.394939,1.404321,1.430358,1.468009,1.502584,1.551072,1.608026,1.672092,1.765023,1.845955,1.958991,2.073972,2.145508,2.255062,2.298976,2.387589,2.439964,2.542183,2.594588,2.62638,2.643642,2.752356,2.681397,2.761846,2.750453,2.952335
476.065,-0.02339428,-0.02080202,-0.02557851,-0.01281083,-0.00512553,-0.006609364,-0.01475599,-0.01463374,-0.02993553,-0.0121413,-0.01556768,0.002255192,-0.003139256,-0.01103235,0.001285255,-0.007942418,5.642957e-4,-0.009907836,-0.006333998,-0.001857405,-0.004474667,-0.00167396,0.002265831,-7.868998e-4,-1.134107e-4,-0.004503953,-0.004749665,-9.726022e-4,-0.001901924,-0.005851895,-0.004448043,-0.007654668,-0.009463778,-0.008170119,-0.005817995,-0.01136694,-0.008304567,-0.003960916,-0.002667368,-0.002368511,-0.001199507,-0.009311858,-0.002312234,-0.003679174,-0.008679518,-0.004139322,-2.49385e-4,-0.003727307,0.003155005,3.684581e-5,-0.006280507,-0.007273963,-0.00496917,-0.003529303,-0.005525014,-6.055715e-4,-0.001357101,-0.00205007,-0.003468356,-0.002253897,-0.004315537,-0.004582417,-6.47305e-4,-0.002642792,-0.001943012,-0.00384103,-0.003889977,-0.003014787,-0.001013442,-0.00195142,-0.004736186,-0.003152562,-0.00244311,5.209093e-4,-0.001335755,-0.001671719,1.288533e-5,-0.003298311,6.154942e-6,-0.003034413,-9.934022e-5,-0.003692241,-0.002680706,3.011211e-4,-0.001696548,-0.003113547,-0.002230581,-8.65569e-4,0.001460684,1.054529e-4,-0.00134306,-0.003906079,-8.732843e-4,-0.00156343,-1.116631e-4,4.896241e-4,-0.001934208,2.039805e-4,0.001512125,0.001457358,0.002602941,0.003093998,0.005498678,0.007935278,0.01309711,0.03735067,0.1421448,0.3474003,0.390245,0.1921558,0.08417253,0.06343263,0.07124889,0.08575097,0.09842836,0.1165772,0.1342969,0.1563812,0.183882,0.21647,0.2495285,0.2840935,0.3175172,0.3565136,0.3940953,0.4313872,0.4694837,0.5123456,0.5573871,0.608673,0.6642881,0.7184704,0.7585217,0.806886,0.8540356,0.9000736,0.9446297,0.99335,1.036919,1.087698,1.12395,1.159153,1.198235,1.23682,1.271158,1.285537,1.313562,1.328171,1.345571,1.353304,1.379715,1.391645,1.393576,1.397078,1.400898,1.393675,1.396238,1.38934,1.374203,1.368784,1.357323,1.359827,1.3611,1.352461,1.371333,1.372925,1.398865,1.418516,1.453963,1.487374,1.532257,1.593029,1.670646,1.750009,1.834347,1.930566,2.026598,2.127966,2.194216,2.287351,2.334784,2.418392,2.467693,2.53476,2.563376,2.59066,2.650947,2.678198,2.672813,2.688731,2.863403
478.387,0.01749423,0.01472141,0.01682358,0.004087017,0.01537449,0.005302432,0.01089324,0.01948162,0.0231957,0.004852967,0.01366566,0.004722271,0.007963706,0.01162638,0.01364224,0.01408953,0.002682825,0.007901063,0.005671719,0.008556413,0.002833105,0.002936729,0.00389139,0.0039552,0.004170651,0.002716972,0.002025135,0.003061888,0.003005636,0.0075312,0.005813627,0.00500604,0.008375952,0.009831046,0.006674342,0.007958693,0.00732016,0.009183024,0.009789989,0.009898615,0.01191273,0.0033078,0.008458896,0.01056144,0.007845892,0.001958997,0.004952885,0.009927387,0.006479841,0.006175816,0.0123323,0.001843668,0.001357561,0.0104333,0.002355149,0.002454326,0.007650012,-0.003380209,0.001664875,0.007224212,0.004132555,0.003743906,0.006883734,0.002169752,0.004241317,0.007673445,0.001111308,0.006326842,0.002781319,0.004199133,0.006237771,0.001188838,-3.87897e-4,0.002029458,0.003698527,0.005278037,5.996361e-4,9.19508e-4,0.003112728,0.004890475,7.43336e-4,3.155553e-4,0.003478127,0.001648493,0.00161191,8.279861e-4,0.001164604,0.001062805,0.002372696,0.002799022,0.001188544,0.001310903,0.002734906,0.002496725,0.001862067,0.002042383,0.002549551,0.002642679,0.003895504,0.00364181,0.007508163,0.008847854,0.008759192,0.01268081,0.0276612,0.143062,0.3210626,0.4114629,0.2492693,0.08781755,0.06273522,0.06932793,0.08093603,0.0943039,0.1085574,0.1244848,0.1458836,0.1693593,0.1945734,0.228773,0.2587174,0.2925459,0.3316197,0.3657029,0.4001652,0.4380268,0.4849863,0.5256873,0.5694323,0.6160568,0.6708836,0.7153168,0.7639944,0.8116392,0.8582877,0.9008329,0.945194,0.9928649,1.033157,1.075749,1.118694,1.148311,1.182041,1.221769,1.250903,1.268224,1.29595,1.296418,1.315794,1.339596,1.342677,1.362779,1.369663,1.369892,1.375014,1.370585,1.367554,1.354292,1.348667,1.346828,1.347515,1.326997,1.325399,1.34154,1.338649,1.35691,1.375394,1.399496,1.435128,1.478187,1.513244,1.589013,1.654364,1.744727,1.814531,1.928028,2.024372,2.123869,2.167066,2.266614,2.310988,2.390591,2.442212,2.49525,2.560278,2.540367,2.530922,2.611196,2.642289,2.725791,2.988232
480.709,0.003870889,6.592506e-4,-0.01176752,-0.002880889,0.005101138,6.738637e-4,-0.001912578,-0.008503644,0.002758426,-0.01256079,0.01177403,-0.001729585,0.002416015,-0.005782702,9.440631e-4,-0.003217121,0.001878333,0.004927837,0.004777784,0.00445076,-0.001318327,9.80217e-4,-7.06355e-4,-0.00258351,-0.003928642,0.001652781,0.001774598,-0.003288929,-1.382084e-4,-6.011909e-6,4.414131e-4,-0.003812063,-0.007248748,-3.991796e-6,0.01204549,-0.003386661,0.006952074,0.001511493,0.001488784,0.004182451,0.01643515,-0.004773685,9.426378e-6,0.002559262,0.007228162,0.006061622,0.004632715,0.002142346,-0.002848894,0.004660302,-0.004845217,0.005208383,-2.110289e-4,0.005066775,8.546399e-4,0.003032296,1.970281e-4,-0.001704601,5.487328e-4,0.004926014,-0.001718203,-1.724581e-4,0.005697415,0.004786189,0.004073631,-0.002392411,0.003109755,-9.023486e-4,-0.001731113,1.364784e-4,9.470407e-4,-6.468869e-4,0.002946064,-9.979522e-4,4.917103e-4,3.538273e-4,0.002801756,-0.001592807,-5.546685e-4,3.34192e-4,-0.001878082,-1.031383e-4,0.00178729,0.001149093,-0.001300133,9.96649e-4,0.001152189,-0.001201988,0.001093439,3.350135e-4,8.716471e-4,6.167301e-4,0.001103098,1.527219e-4,7.652424e-4,0.001970381,3.948301e-4,0.002769861,0.00393749,0.00268419,0.006252519,0.008299296,0.01035128,0.01715106,0.09449483,0.3489007,0.4150862,0.3039215,0.1181714,0.05933017,0.0662641,0.07736726,0.08936491,0.1023486,0.1174199,0.1342952,0.1543384,0.180747,0.2069777,0.2393667,0.2679634,0.3074137,0.339492,0.37173,0.4113408,0.4490798,0.4923243,0.5318061,0.577696,0.6233784,0.6679406,0.723719,0.7659563,0.8170809,0.8509002,0.8936473,0.9467731,0.9844818,1.030622,1.06986,1.099027,1.137842,1.167726,1.203239,1.227681,1.2498,1.272128,1.28909,1.294486,1.312647,1.341973,1.340027,1.337438,1.349711,1.350497,1.346884,1.342776,1.328951,1.322897,1.322992,1.31522,1.31243,1.318572,1.322919,1.323697,1.332054,1.359504,1.374044,1.41967,1.471909,1.510242,1.574935,1.640661,1.705445,1.80663,1.898315,2.006648,2.110842,2.171909,2.251543,2.284391,2.338227,2.402657,2.479478,2.4899810000000002,2.546911,2.542719,2.519733,2.645472,2.698005,2.823072
483.032,-0.00644236,0.01536876,-0.001228693,-0.001143937,-0.009567485,0.006608401,0.01597477,0.01216334,0.006631439,0.006768801,-0.002940105,-0.003710927,-0.00769965,-0.005183337,-0.002845884,0.002355658,0.00294854,-0.00368651,-0.006517988,0.004085884,7.36817e-6,-9.684373e-4,0.002477967,9.036024e-4,0.003458595,-0.001528503,4.770724e-4,0.001834362,-8.060985e-4,-9.840251e-4,-0.002656986,0.003533689,0.005461574,0.007377315,0.00208578,0.009070313,-9.846277e-4,0.007675807,-0.002067134,0.006885992,-0.004850052,-2.6545e-4,0.002336382,-0.004511482,0.004477887,0.00775139,0.00329359,-0.001335528,-0.005149847,7.365613e-4,4.732545e-4,-0.001573064,-4.351584e-4,-0.003956543,-0.0044395220000000004,-0.002028083,-0.00272415,3.952026e-4,-8.992009e-4,-0.00103642,0.002397558,6.808449e-4,-0.00366786,3.32753e-4,-0.002757654,-0.002057498,-3.054406e-4,-4.419672e-4,0.003347005,2.941125e-4,-0.004037015,0.001592168,-8.904543e-4,-8.64643e-4,2.616375e-4,6.11525e-4,-0.001735698,0.002276594,-4.296238e-4,0.002264666,-3.062073e-4,-0.001323573,-0.001079853,-4.734228e-4,-1.713816e-4,-8.163388e-5,-7.046064e-4,-3.455865e-4,-6.705114e-4,7.498766e-4,-6.851417e-5,-0.001598125,-0.001235587,0.001719778,6.991392e-4,0.001514394,0.001615115,0.004650259,0.004888705,0.006112025,0.007620109,0.0109306,0.01299352,0.06040864,0.2488699,0.4669159,0.3340826,0.1521646,0.06615525,0.0637174,0.07518881,0.08474192,0.0962571,0.109632,0.1263395,0.1429829,0.1665149,0.1908416,0.2179388,0.245677,0.2800674,0.3099639,0.3456323,0.384744,0.4212026,0.4553812,0.4952442,0.5379771,0.5834214,0.6271701,0.6765237,0.7203266,0.7699586,0.8130829,0.8570652,0.8990259,0.9394639,0.9790548,1.024526,1.057112,1.090453,1.127137,1.166198,1.190344,1.213793,1.233534,1.257157,1.270379,1.275638,1.287703,1.307162,1.315428,1.316216,1.328155,1.321665,1.314514,1.31193,1.310453,1.302514,1.297255,1.29742,1.296063,1.30533,1.299186,1.309824,1.313489,1.337149,1.372419,1.40876,1.458263,1.496094,1.55427,1.617529,1.692224,1.788879,1.903721,1.991228,2.073462,2.128467,2.215034,2.287809,2.294108,2.38324,2.425525,2.478968,2.493114,2.548226,2.457472,2.587674,2.69487,2.782945
485.356,-0.004526251,0.009394511,0.01494758,0.01165256,0.0153961,0.008608957,0.0102613,0.007319646,-0.002740468,0.007764449,-7.292974e-4,9.956552e-4,0.007255129,0.006734952,0.005086593,0.002656237,0.004033972,0.007169449,0.005449874,-0.002231489,0.002984241,-1.305364e-4,0.001301696,-2.221058e-4,6.961935e-4,-9.433514e-4,0.003795824,0.003059893,0.002462675,0.003357597,4.611244e-4,-0.002038207,-0.002895883,-0.007729254,-0.001656053,-0.004904274,0.005656469,0.005528279,0.005956151,0.002417118,-2.723277e-4,-0.001777759,8.952943e-4,-5.353466e-4,0.005868798,0.008588575,-2.493136e-4,0.001639786,0.001337549,-0.002925571,0.003502105,0.004784265,7.051096e-4,0.001343238,0.00213538,0.0024532,-0.00154494,0.005322342,0.004928821,0.004602558,0.002244917,0.001197438,0.005546947,-4.827542e-4,-0.001128638,0.001126235,-0.001546872,9.170408e-4,0.001462194,0.005176789,1.603012e-5,0.001972238,0.003482766,0.001137664,1.520937e-5,-0.001556441,2.496773e-4,0.001262462,0.002898817,0.00390815,0.003383557,0.001962122,0.001804128,-0.001138613,-0.003093992,-0.001644226,0.003400085,0.002181229,4.505978e-4,0.001982637,1.328216e-5,-0.00128143,0.001565568,5.845148e-4,1.489547e-4,0.003176784,0.002748278,0.004736714,0.004499696,0.007715638,0.009653834,0.01233108,0.03979365,0.1832482,0.3857096,0.3906677,0.1736872,0.07356376,0.06350825,0.07146733,0.08224858,0.09329248,0.1039597,0.1193116,0.1358306,0.151661,0.1742113,0.197637,0.227769,0.2580932,0.29157690000000003,0.3247535,0.3573296,0.3942198,0.4327201,0.4637977,0.5079248,0.5426937,0.5917171,0.6391812,0.6775734,0.7280614,0.7745752,0.8219293,0.8583034,0.8965693,0.9389492,0.980218,1.01014,1.057706,1.082012,1.11549,1.149941,1.177642,1.196855,1.214817,1.236206,1.253622,1.258909,1.270371,1.286147,1.290375,1.296998,1.30414,1.296097,1.299812,1.29409,1.288621,1.288312,1.283203,1.270812,1.272201,1.28299,1.281054,1.292368,1.306972,1.334515,1.358945,1.38996,1.43415,1.476055,1.550686,1.610755,1.696177,1.769982,1.880586,1.972682,2.049807,2.152933,2.198031,2.247667,2.281024,2.363296,2.414365,2.459111,2.443769,2.506776,2.560097,2.538631,2.691588,2.750385
487.68,-0.03303401,-6.385498e-4,-0.01925468,-0.01916128,-0.005762137,0.01586041,0.003861594,-0.01215076,-0.006063025,0.008732416,-0.009224578,-0.001487292,-2.325201e-4,-0.01007277,3.247575e-4,-0.004098929,-0.005344426,-0.001716845,6.587237e-4,0.002238573,-3.226902e-4,-5.521292e-4,-6.994189e-4,-0.001122306,0.001511291,0.001076907,-9.393498e-4,-6.016768e-4,-0.001481993,0.001177948,0.001796386,0.004410659,3.926656e-4,0.003322854,-0.01161539,0.004566383,-0.005609899,-0.00152465,-8.753113e-4,-0.002069782,0.004584501,-0.005085116,-0.004338682,0.002014567,0.001408089,-0.001364349,-5.374047e-4,0.002162807,0.005464515,-0.001702137,-0.006933603,-0.005439813,-0.003592882,0.005116199,-0.003376936,-0.00546307,-0.001953201,-0.003382408,0.001103469,9.030737e-4,0.001040889,3.544632e-4,6.929241e-4,-0.007274536,-0.001945862,6.473703e-4,9.377088e-4,0.001810558,1.533402e-4,0.001128454,0.001378953,-0.00208591,7.781221e-4,0.002025736,7.469116e-4,-0.002493195,4.812104e-4,-9.945969e-5,5.509048e-4,-0.00648711,7.431917e-4,-0.001936808,-8.645007e-4,-0.003161661,2.456718e-5,-9.963805e-4,-0.002029864,-6.835074e-4,5.120094e-4,0.002464471,-5.520776e-4,-0.001592548,-0.002996118,-8.215446e-4,0.003109422,0.001809137,4.83369e-4,0.003397407,0.00468878,0.01031336,0.01183388,0.03107915,0.1382749,0.3519234,0.3903611,0.2073829,0.0784082,0.05644687,0.06928197,0.07694245,0.09055045,0.1005055,0.1124656,0.1281345,0.1448138,0.1616522,0.1841535,0.2079584,0.2354646,0.2672007,0.3007235,0.3300029,0.3641239,0.4001317,0.4351243,0.4709505,0.5101079,0.5509525,0.5873612,0.6347603,0.6798349,0.729813,0.7706856,0.8176977,0.8580056,0.8927245,0.9321686,0.9637722,1.006507,1.041376,1.078279,1.108068,1.132555,1.158398,1.182622,1.20415,1.219995,1.229585,1.243435,1.256397,1.257578,1.267703,1.276861,1.275295,1.27574,1.264304,1.267299,1.258442,1.253093,1.252326,1.262091,1.26469,1.2551,1.258471,1.276977,1.293903,1.304318,1.33603,1.385448,1.416959,1.466287,1.535336,1.598023,1.672885,1.751117,1.858537,1.947066,2.043963,2.090502,2.196781,2.235353,2.259668,2.334221,2.37413,2.397851,2.358828,2.410377,2.414547,2.495085,2.602562,2.685494
490.005,0.01166825,0.0267856,0.02675823,0.02852711,1.416455e-5,0.005280181,0.02430347,0.009749342,0.01823368,0.00823884,0.01810361,0.006459667,0.006043685,0.008557272,0.01080219,0.008223962,0.01044403,0.006674924,0.004138376,0.003531625,0.002486076,0.003068684,0.004130484,0.002143225,0.003243806,0.002728743,0.002615257,0.002683482,0.006667616,0.004518779,0.002680188,0.01234443,0.02288924,0.007782027,0.01166398,0.01892816,0.0026552,0.006438056,0.0065213170000000004,0.01706303,0.006417686,0.01051768,8.938677e-4,0.0076998810000000004,0.008969522,0.01714441,2.840168e-4,0.006718392,0.004668924,0.00470374,0.00997527,0.00840869,0.003388812,0.009940421,0.006176034,0.002450027,0.002752901,0.004368105,0.004194159,0.005998461,0.007738876,0.004590061,0.002345203,0.004311345,0.007862366,0.003358809,0.00778805,0.003459602,0.002037372,0.003370616,0.00488198,7.936338e-4,7.817955e-4,0.002522828,0.003079899,0.001808885,0.003049282,0.005024323,0.00446302,0.005425527,0.004733682,0.002982427,5.928384e-4,0.002811532,0.00385457,0.003560809,0.002677413,0.001309622,0.002121505,-7.259482e-5,0.002620928,0.001690298,0.004075294,0.003918334,0.003994349,0.005417487,0.005792963,0.007240847,0.009604111,0.01268835,0.01949463,0.1026838,0.3218702,0.4154904,0.2483235,0.09156878,0.05554173,0.0628253,0.07315201,0.08595462,0.09820295,0.1085868,0.1217048,0.1356524,0.1517298,0.1720957,0.1921042,0.2165618,0.2430571,0.276068,0.3134257,0.3419588,0.3717427,0.4048228,0.4467384,0.4767063,0.5145142,0.5569525,0.5959569,0.6400085,0.6882198,0.7308454,0.7771711,0.8149598,0.8513897,0.8874404,0.9281688,0.9654829,0.995704,1.031773,1.056012,1.091998,1.115435,1.15176,1.159576,1.179758,1.196821,1.208032,1.218254,1.223777,1.237088,1.247359,1.248202,1.256236,1.25519,1.248199,1.231759,1.235288,1.229086,1.231614,1.230503,1.233163,1.243892,1.238935,1.252521,1.272117,1.302332,1.332529,1.36857,1.416319,1.472273,1.519984,1.577008,1.66543,1.750111,1.826627,1.936524,2.003484,2.093158,2.149861,2.190835,2.255809,2.290173,2.359483,2.335584,2.384946,2.359684,2.455186,2.52042,2.541291,2.641482
492.331,0.005833343,0.01741028,0.02364334,-0.005813373,1.611445e-5,0.001324525,-0.005747834,0.02008541,0.008289834,0.001453568,0.00590961,4.991247e-4,0.003630215,0.001836871,0.009842313,5.987582e-4,0.00161757,-2.419174e-4,-8.673322e-4,0.005204978,0.001820467,-1.313364e-4,0.002247324,0.004287957,5.803624e-4,0.002838424,0.002728616,0.001591997,-0.002444698,-6.519918e-4,0.007128582,-5.744295e-4,0.004005187,0.001252021,0.00125465,0.003793604,0.001684703,0.001549283,-2.831783e-4,-0.002075845,0.01070316,0.001504014,0.007003542,0.005416453,0.007529982,0.004158877,0.00629783,-0.002409255,0.005447947,-7.231444e-4,0.006035864,0.002295514,-0.002932748,0.00775258,0.002562192,0.002243986,-0.00350929,2.020423e-4,-0.0025464,8.954172e-4,8.643987e-4,0.00646917,0.003194061,0.004154074,8.243796e-4,0.005434073,-6.198056e-4,0.005574807,0.002184362,0.001548256,-2.671139e-4,-0.001308409,0.00347087,0.003536477,-0.00294058,0.001558749,8.160375e-4,1.623468e-5,0.002123239,0.004117578,-0.001138967,-2.957945e-4,0.004484244,0.001639943,-3.652403e-4,0.00310929,0.004194332,3.583988e-4,-2.428731e-4,9.172717e-4,0.002390658,0.00101017,4.552588e-4,0.005136617,0.004475262,0.003639167,0.004615711,0.007259977,0.009615515,0.01569398,0.07351812,0.2522427,0.4099086,0.2976179,0.1174143,0.05477185,0.05927694,0.0703049,0.08101417,0.0917539,0.1038169,0.1144524,0.1286977,0.1428076,0.1596287,0.1783438,0.1997486,0.2233798,0.2545391,0.2864387,0.313713,0.3463908,0.3771838,0.410314,0.4447265,0.4735564,0.5215385,0.5579304,0.5983766,0.6344278,0.6837354,0.7240631,0.7650525,0.8094388,0.8452366,0.8820985,0.9146253,0.9452842,0.9841139,1.019221,1.047174,1.073678,1.102878,1.130727,1.143936,1.159826,1.170532,1.176027,1.190288,1.195071,1.20699,1.212819,1.222001,1.225234,1.2192,1.222776,1.221972,1.213143,1.216009,1.206505,1.198818,1.200082,1.222095,1.229334,1.23385,1.255251,1.284018,1.303588,1.356059,1.387011,1.438514,1.506754,1.560194,1.648322,1.727818,1.814873,1.908657,1.992263,2.06515,2.102389,2.1747,2.206077,2.250639,2.303323,2.313738,2.322344,2.317774,2.375909,2.443884,2.442737,2.689519
494.657,-0.01292496,0.001349678,-0.002458608,-0.002297866,-0.001266521,-0.002619315,0.001285081,-0.009705913,-5.4788e-4,-0.01351581,-0.007733045,2.506863e-4,7.262075e-4,-2.888631e-4,-0.001574651,-0.004971261,-0.008267746,-0.004424711,-0.003472525,1.928845e-4,-0.001310534,-1.371669e-4,-0.002935228,0.001694777,1.220272e-4,-8.191971e-4,1.241573e-4,-7.198369e-4,0.004351542,-8.224722e-4,-0.005334452,0.009679141,3.831064e-4,-0.00364507,0.004188361,0.008703624,-0.002973702,-0.003342167,0.007423511,0.004501724,-0.004854436,0.001828324,-0.003173684,0.00769199,8.626732e-4,-0.003009754,2.449662e-5,-7.824123e-4,0.004150756,-0.003177696,-2.133948e-4,-0.00835674,-0.004711628,-0.01058754,-0.004864175,-0.007282898,0.005681325,1.990746e-4,-5.235003e-4,0.001412895,0.00155535,0.003901669,-0.002819849,-0.005290549,-0.00403817,-3.036709e-4,-0.003864106,0.001516335,1.498953e-4,-6.757016e-4,5.522612e-4,-5.080853e-4,0.002438011,3.896154e-4,-0.002569459,-5.917575e-4,0.001646762,-1.113218e-4,-0.003085128,0.003246457,7.432281e-4,-0.003455752,-0.002075226,3.128639e-4,0.001595347,-6.229737e-4,-0.00274656,0.002093087,-6.655165e-4,-8.944408e-4,-1.42253e-4,1.728045e-4,-1.229488e-4,-3.765223e-5,0.002771822,0.006457773,0.006507424,0.007371284,0.01073772,0.05039644,0.2249716,0.3630497,0.3181976,0.1365607,0.05846656,0.05618388,0.06427661,0.07469144,0.08645805,0.09741137,0.1098388,0.121477,0.133232,0.1497766,0.1667999,0.1868559,0.2068083,0.2323,0.2574455,0.2865364,0.3202808,0.3540627,0.3839405,0.4173695,0.4485195,0.4817964,0.5202271,0.5595368,0.592946,0.6400583,0.6778908,0.7171311,0.7556219,0.7987462,0.8332898,0.8655797,0.907703,0.9416171,0.9693962,0.9950644,1.027435,1.057458,1.078504,1.10217,1.116257,1.136555,1.146632,1.151641,1.155974,1.162193,1.180102,1.189271,1.190371,1.191717,1.192671,1.188855,1.19034,1.178387,1.17876,1.178057,1.179404,1.179729,1.190045,1.197354,1.210375,1.23429,1.25502,1.288337,1.327937,1.371652,1.417057,1.483733,1.532666,1.607457,1.691852,1.780744,1.85893,1.930755,2.011452,2.092799,2.120469,2.140984,2.174837,2.258554,2.295088,2.293722,2.299771,2.370103,2.343862,2.362651,2.493789
496.984,-0.01352215,-0.01062245,-0.009267215,-0.01096715,-0.006980526,0.002627486,6.557677e-4,-0.004225442,-0.02470055,-0.009137768,-0.01101065,-0.002714142,5.653047e-6,-0.008193654,-0.003784238,-0.008456462,1.216744e-5,-2.387098e-4,-0.006923203,-0.004976833,-0.002622435,-0.002350393,-9.314109e-4,0.001462316,0.001498227,1.234439e-4,-6.991272e-4,0.001945158,-9.298858e-4,-0.001147181,-6.506532e-4,-0.01428399,-6.92713e-4,0.004520092,2.015167e-5,0.009046612,-0.003277803,0.009149471,0.001482903,-0.007134582,-3.039057e-4,-0.004735815,0.004345313,0.005674368,-0.001643484,-0.001334442,-0.005426293,-0.004773023,0.008787929,-0.006827558,-0.005046389,-0.006739595,-0.00650541,-0.002393456,0.00339176,-0.003613467,-0.004657672,0.002291767,-0.001798738,-0.004525035,-0.003567051,-0.002843868,-3.266903e-4,3.482181e-4,-0.001607535,-0.004114157,3.234524e-4,-0.002233155,-0.001569683,-6.887509e-4,0.001225152,-0.003116769,-7.481796e-4,-0.003737385,-0.001324344,-0.001528795,-0.001259314,-0.002357553,-2.079136e-4,6.592406e-4,-2.977799e-4,-5.919824e-4,-0.001070073,-0.00104557,5.73881e-4,-0.002438569,-9.596216e-4,6.11054e-4,-0.00175227,-9.57545e-4,-5.347099e-4,0.002072482,0.001709408,0.003496245,0.003708415,0.006449603,0.007621603,0.01045568,0.02944989,0.175487,0.3957348,0.3415755,0.1640425,0.05911487,0.05001939,0.06009714,0.06820545,0.07845644,0.09251063,0.1030919,0.1167114,0.1283261,0.1405302,0.155774,0.174163,0.1913969,0.2145228,0.2352969,0.2639478,0.2950073,0.3239975,0.3560497,0.3858666,0.4174025,0.4541671,0.480505,0.5201753,0.555915,0.5889467,0.6349577,0.6756082,0.7146097,0.7534989,0.7857048,0.8261404,0.851931,0.8924266,0.9187872,0.9471389,0.9790533,1.005015,1.02874,1.054408,1.076112,1.093126,1.110427,1.113331,1.125118,1.138253,1.142503,1.148111,1.152998,1.157256,1.160236,1.159108,1.157224,1.147285,1.148736,1.146871,1.140793,1.146908,1.156301,1.165437,1.174877,1.183361,1.210545,1.229332,1.26855,1.291465,1.352188,1.383973,1.437369,1.507598,1.582328,1.66146,1.749638,1.820155,1.919367,1.973501,1.997504,2.082558,2.100967,2.168739,2.190852,2.259907,2.230985,2.230102,2.27401,2.345061,2.384501,2.433473
499.311,-0.007086363,0.005998216,-0.01667519,-0.02890421,-0.01717675,-0.01114198,-0.007618705,-6.010847e-4,-0.008235509,-0.006251265,-0.006604803,-0.004936263,-0.001674749,-0.003334437,-0.003149608,-0.004082202,-0.001056621,-0.01251301,-0.002376341,-0.005356876,-0.004760777,-0.004706644,-5.80196e-4,-8.94691e-4,-0.003102614,-0.004106122,-0.002937966,7.380749e-6,-0.004316302,-4.794945e-4,-0.01173311,-0.002034378,-0.006842927,-0.008928117,-0.001645648,-0.001485716,-0.006243009,0.003978153,-0.007062759,-0.004460693,0.001521815,0.002397965,-0.009231358,-0.007612683,-0.003022307,-0.0106917,-5.347648e-4,5.563766e-4,-0.002556,-7.152001e-4,-0.004830671,-0.002009855,0.002501401,-0.004369047,-0.001884114,-0.00787407,-0.003876855,-0.003372386,-0.005070523,-3.462145e-4,-0.006312512,-0.007741426,-0.005503784,-0.003448745,-0.003384187,0.001600449,-0.003241739,4.542489e-4,-5.584079e-4,-5.549314e-4,-6.553911e-4,-0.002729759,-0.002666039,-0.001482491,-0.002920747,-0.002376634,-0.003469761,-4.410311e-4,-7.603776e-4,-0.001393193,-0.002897998,-0.002429953,-0.002944456,-0.005268053,-0.002043526,-9.900999e-4,-0.003182727,-5.12616e-4,-4.861521e-4,-6.066153e-5,-0.002498825,-1.338246e-4,0.002150194,0.003363884,0.003646821,0.005804156,0.008007855,0.0194222,0.1163664,0.3690772,0.4246727,0.2080264,0.06818881,0.04890729,0.05578526,0.06375932,0.07390985,0.08505147,0.09763276,0.1101894,0.1208824,0.134176,0.1467064,0.1614051,0.1790645,0.1967124,0.2195008,0.2408414,0.2683083,0.3004556,0.3258735,0.3643231,0.3867786,0.4194824,0.4520326,0.4798226,0.5134304,0.5515301,0.5908921,0.6244174,0.6683137,0.710403,0.7499594,0.779148,0.8094328,0.8385377,0.8716103,0.9058826,0.9304823,0.9605338,0.9868372,1.004886,1.032325,1.050152,1.065912,1.083134,1.0923,1.093623,1.101826,1.112844,1.116422,1.125969,1.13186,1.131292,1.129451,1.127412,1.121334,1.12719,1.120701,1.121264,1.125806,1.12963,1.135147,1.140521,1.162991,1.186829,1.205623,1.245644,1.279457,1.320927,1.363108,1.419879,1.48905,1.56531,1.639295,1.716921,1.80904,1.855466,1.928154,1.96682,2.012897,2.091861,2.108516,2.097298,2.124241,2.181146,2.194151,2.302808,2.258094,2.263756,2.295337
501.64,-6.457136e-4,-0.008647445,-0.01360792,-0.01041054,-0.01847633,-0.01312279,-0.008906394,0.002420993,-0.01208817,-0.01493081,-0.002572577,-0.003457867,0.005290188,-6.06717e-4,-0.004105822,-0.003797036,-0.005054468,-0.00147121,-0.001516787,0.001667853,-0.003780914,-0.001246788,-0.007387264,-0.001119297,-0.004145202,-0.003054736,-1.16353e-4,-0.004496232,-0.001081405,-0.001825427,-0.002655668,-0.001752166,0.00433133,-0.004898795,0.003315953,-0.008288834,9.922584e-4,-0.007297378,-0.007364993,-0.0107245,-0.002121569,-0.006851915,-0.006935796,-0.001981153,-0.003331731,-0.004665219,5.44644e-4,-0.007208867,-0.002320427,-0.004633039,0.002776921,0.001125169,-0.01327856,-0.002642026,-0.003163761,-0.002024388,-0.002338353,-0.001129881,-0.001091517,0.001933342,0.004955124,-0.006573751,-9.931306e-4,-9.923399e-4,-6.445234e-4,-3.184525e-4,-0.001394868,-0.001648596,-0.001148717,-1.432286e-4,-0.004300922,-0.001694653,-6.315886e-4,-0.001615155,0.001097939,-3.546879e-4,-0.003255826,-0.002044607,0.002647417,-0.001934618,0.001676703,5.110812e-4,-0.002747069,-0.002688671,0.001497887,7.254459e-4,-0.001416677,0.003131526,5.427484e-7,-6.488664e-4,0.002614206,8.624748e-4,3.160556e-4,0.0054615,0.006721052,0.007565911,0.01656585,0.08077859,0.2806189,0.431255,0.2756321,0.09294298,0.04822441,0.05159913,0.060492,0.06968439,0.0791094,0.09001457,0.1038547,0.114758,0.1298485,0.1394442,0.1529654,0.1678764,0.1844557,0.2031798,0.223369,0.2463427,0.2764136,0.305653,0.3292353,0.3600125,0.3913333,0.4235283,0.4540006,0.4823792,0.5156658,0.5518881,0.5867483,0.6250932,0.6612041,0.6984393,0.7364719,0.7718085,0.7991235,0.831197,0.867912,0.886244,0.9173,0.9451106,0.9627217,0.9955673,1.015611,1.032051,1.045881,1.0489,1.067635,1.075648,1.078598,1.083538,1.092229,1.094242,1.096985,1.101309,1.106261,1.100163,1.10378,1.099225,1.098386,1.089576,1.097549,1.105926,1.112981,1.131115,1.14535,1.158957,1.18475,1.230582,1.259918,1.289435,1.335259,1.410848,1.462531,1.524149,1.609361,1.67667,1.771935,1.836759,1.887401,1.960747,1.988115,2.031888,2.059345,2.112657,2.131879,2.118764,2.144112,2.174843,2.26114,2.259799,2.256282
503.969,-0.01095335,-0.01329097,-0.01730689,0.0144692,-0.01527178,-0.0176986,-0.01079889,-0.02359084,-0.02471027,-0.008179313,-3.66323e-4,-0.005184074,-0.006960018,-0.009411648,-0.002837647,0.003503607,-0.008773851,-0.004415839,-0.005409716,-5.503505e-4,-0.002296349,-0.004151625,1.231823e-4,-0.001904718,3.505314e-4,-0.004344424,-1.161071e-4,-0.002788082,1.384477e-4,-0.003325795,-0.008184984,-0.01136976,-0.003600313,-0.01176956,0.009523273,-0.00938332,-0.00725806,-0.01153676,-0.01386096,-0.01249218,0.002135829,0.002100239,0.003478882,-0.0110346,0.003915495,-0.008497657,-0.005683913,-0.001585237,-0.01157342,-0.006108318,-0.001826286,-6.577868e-4,-0.004043709,-0.007225739,-0.002518182,-0.006248639,-0.005252287,-0.005814632,-0.007960591,-0.003665376,-0.005288465,-0.003360615,-0.003821842,-0.004443477,-0.005511211,-0.003792666,-0.002613101,-0.003877817,-0.002431709,-0.003740572,-0.006986098,-0.0055995,-0.001258906,1.941296e-5,-0.005979275,0.003464986,-6.847154e-4,-0.003614732,-0.002313873,-0.00300045,-0.003002209,0.001432907,-9.61708e-4,-5.644635e-4,1.590505e-5,2.859308e-4,-0.002022176,-0.001633005,-0.002842071,-1.436771e-4,0.001599081,0.002545888,0.003258831,0.005058011,0.005301638,0.009619483,0.06393829,0.2306656,0.4004647,0.3206185,0.1240255,0.04977189,0.04885796,0.0564624,0.06710423,0.07392772,0.08336221,0.09549437,0.109873,0.1195958,0.1321667,0.1454854,0.1598746,0.1741302,0.1913952,0.2076117,0.2300358,0.2511867,0.2777243,0.3023939,0.3336409,0.3601695,0.3906715,0.4218286,0.4507545,0.4793375,0.5124662,0.547476,0.5817469,0.6174259,0.6469488,0.6862287,0.7218052,0.7572026,0.7847614,0.815932,0.8392224,0.8673148,0.8961722,0.9254614,0.9546091,0.9691411,0.9945985,1.004332,1.023405,1.031305,1.035398,1.054124,1.050808,1.056906,1.06921,1.062958,1.077783,1.079822,1.080406,1.075976,1.069359,1.068829,1.062866,1.058108,1.075492,1.082998,1.088634,1.098898,1.113762,1.129084,1.163923,1.187612,1.226342,1.269447,1.322345,1.371642,1.438848,1.494357,1.584319,1.667909,1.725497,1.809375,1.85915,1.926198,1.949615,1.979674,2.045193,2.043682,2.053092,2.07425,2.069252,2.150257,2.136922,2.105301,2.268451
506.298,0.01413509,0.001994162,0.006796308,0.008667495,0.003818419,0.0150575,0.01461026,0.008457167,0.007123191,-9.597371e-4,-0.004397899,0.003941691,0.007916226,0.003945328,0.006306585,0.00175096,0.005589064,-4.84016e-4,0.001514257,0.003877649,6.636835e-4,0.00346136,0.001171799,0.001010196,0.003680991,0.002583172,0.001062903,0.002427213,9.520575e-4,-0.001150144,0.001337011,0.006138742,0.01046997,0.01018836,0.007863079,0.004895039,0.01319625,6.271861e-4,0.009727762,-8.685805e-4,-2.755202e-4,0.001806022,3.084167e-4,0.005107055,0.003893187,-0.002715506,-0.001062011,0.003467019,-0.005388226,0.004905485,0.00185028,0.002725779,-0.00176844,0.003090747,-0.003996243,0.002236299,0.00543989,0.004898067,0.005998532,0.00105861,-0.001343176,-4.887892e-4,1.942844e-5,0.003133122,0.005830402,0.002391134,0.002789408,0.004044115,1.476728e-4,0.003487651,0.002695774,7.953204e-4,0.002553211,0.001514496,0.001964074,0.004885344,0.001284236,1.181444e-4,0.002994354,-4.181056e-4,-8.290614e-4,0.001951488,1.03771e-4,4.875633e-4,1.724131e-6,0.002917717,0.001070855,-4.206535e-4,0.002284091,0.003435187,8.030744e-4,0.004285201,0.005239513,0.00795406,0.01167838,0.04672256,0.2076356,0.3925646,0.3492062,0.1605753,0.05395204,0.04464323,0.05256714,0.06313503,0.07062684,0.08013795,0.08883892,0.1011698,0.1144293,0.1269765,0.1387083,0.1496846,0.1624364,0.1804693,0.1987179,0.2115303,0.2319807,0.2576936,0.2823575,0.3098352,0.335721,0.3666367,0.3912991,0.4192795,0.449041,0.4744459,0.5114478,0.5431089,0.5741262,0.6071355,0.6494718,0.683217,0.715824,0.7436109,0.7706225,0.7966949,0.8228181,0.8539916,0.8753794,0.9072725,0.9232066,0.9421159,0.9663575,0.9843764,0.9968774,0.996724,1.014082,1.021335,1.032088,1.023552,1.030966,1.039043,1.044826,1.041736,1.052886,1.040825,1.046254,1.044254,1.041592,1.04345,1.047729,1.057852,1.070704,1.076554,1.095765,1.117844,1.143189,1.173493,1.211864,1.238408,1.302207,1.352972,1.415316,1.478637,1.560168,1.63059,1.706868,1.771777,1.829626,1.866498,1.91488,1.947272,1.959406,2.007252,2.04608,2.049322,2.087126,2.128722,2.219881,2.121583,2.249098
508.629,-0.01153664,-0.01521656,-0.02276915,-0.01149608,-0.007600972,-0.01239879,-0.01138728,-0.005418908,-0.01857993,-4.790392e-4,-0.005115515,7.365965e-4,-0.001673254,-0.005140048,-0.004711058,-0.00406469,-0.0100579,7.335483e-4,-0.003877585,-0.001653467,-4.892848e-4,5.536659e-4,-8.159491e-4,-0.00457639,-0.003666732,0.002690151,-0.002104868,2.510768e-6,-0.002821312,0.002649711,-0.007264026,-0.001732841,-0.009690278,-0.008087723,0.004939792,-0.00822644,-9.839866e-4,0.006662126,-0.007628307,-0.00769138,-0.003935486,-0.007119832,-0.004034542,-0.001682751,-0.002748032,5.38954e-4,-0.006219115,0.001335384,5.246227e-4,-0.007292659,0.002299512,9.203624e-4,-0.005586377,-0.003928573,-0.001465117,-0.003809256,0.002519594,-0.001302175,-0.001980767,-0.003298419,-1.690048e-4,-0.004024004,-0.004979108,-0.001794417,0.001464844,-4.755948e-4,-9.19875e-4,-0.002388118,0.002582796,-0.002343785,-0.002266399,-0.001813763,-0.002922955,1.246134e-4,-0.001212047,-0.004025604,-0.001039879,9.073161e-4,-0.001644802,-3.158837e-4,-4.042444e-4,5.140774e-4,-0.002060687,-3.732841e-4,8.327737e-4,-0.001892712,0.002643588,-7.624828e-4,0.001267127,0.002697571,0.001515133,0.003965178,0.004346256,0.007233104,0.02137839,0.1788153,0.374077,0.377218,0.1858648,0.06057892,0.04134393,0.04787508,0.05475977,0.064435,0.07338454,0.08274684,0.09322231,0.10507,0.1177684,0.1300315,0.1423057,0.1559529,0.1669707,0.1807773,0.197633,0.2143971,0.2387573,0.2572801,0.2815604,0.3093135,0.3369827,0.3645125,0.3908675,0.4146071,0.4431149,0.4731159,0.5045232,0.5343669,0.5651411,0.595813,0.6322621,0.6659726,0.6960989,0.7299305,0.7529467,0.7832056,0.8163123,0.8359183,0.8627908,0.8783794,0.9044246,0.9167441,0.944879,0.9555602,0.9634504,0.9776254,0.9812463,0.98709,0.9894531,1.000078,1.006922,1.009794,1.014407,1.012126,1.013636,1.007859,1.009492,1.014132,1.003483,1.008578,1.016094,1.026599,1.034558,1.042464,1.061854,1.09092,1.111207,1.139905,1.177875,1.222104,1.258567,1.329068,1.377076,1.434675,1.50256,1.577907,1.649913,1.724831,1.771203,1.818297,1.867879,1.8828260000000001,1.892337,1.911234,1.958968,1.949942,1.969245,2.041129,2.062968,2.052411,2.088416
510.959,-0.001293351,-0.01710347,-0.001212591,-0.02058843,-0.01070749,-0.03180947,-0.01824946,-0.01317671,-0.014683,0.004763168,-0.01017802,-0.0097771,-0.003326261,-0.009319719,-0.001560275,-0.005775183,-0.004212095,-0.007286076,-0.00407116,-0.00475118,-0.006341293,-0.007265063,-0.003011149,-0.002219114,-0.001131931,-2.294524e-4,-2.281562e-4,-0.005762389,-0.004275923,-0.003609281,-0.00854437,-0.004321527,-0.01499792,-0.00965927,-0.01309661,-3.673197e-4,6.787978e-4,6.108186e-4,8.17586e-6,-0.005288485,-0.01139638,-0.01886694,-0.0048436,-0.008663104,-0.007116212,-0.008954659,0.001099978,-0.00419153,0.004100793,-0.009897033,-0.001122804,-0.003788829,-0.005094452,-0.0019423210000000001,-0.003123242,-0.008584511,-0.004797109,-0.001666889,-0.005905663,-0.001546808,-0.006416908,-0.01133687,-0.005110264,-0.009283138,-0.003043811,-0.001247722,-0.005961911,-0.005167981,-0.003413106,-0.005628843,1.551969e-4,-0.00231643,-0.001251695,-0.003082098,-0.001308976,-0.003295133,-0.003088261,-0.004928786,-0.001623369,-0.004347265,-0.006295091,-0.003199732,1.222629e-4,-0.005396505,0.001405923,-0.003491458,-0.001473974,2.833873e-4,-6.370631e-4,0.003499446,0.001047859,0.002832488,0.003978509,0.01172151,0.108849,0.3895819,0.4038748,0.2301113,0.07124844,0.03544777,0.04494734,0.0508961,0.0587141,0.06714918,0.07759491,0.08682807,0.09761648,0.1094907,0.121918,0.1329623,0.144804,0.157894,0.1694737,0.1854131,0.2007022,0.2136691,0.2345511,0.2572771,0.2803738,0.3065251,0.3374784,0.3636809,0.3882451,0.413561,0.4397292,0.4661574,0.4959454,0.5214605,0.5544567,0.5875419,0.6197941,0.6506011,0.6850651,0.7095179,0.738208,0.7635104,0.7793949,0.8063814,0.8258369,0.8526562,0.8731892,0.8909784,0.90883,0.9217099,0.9319272,0.9387111,0.9467539,0.9591757,0.9568933,0.9642893,0.9658687,0.9711204,0.9718344,0.9749887,0.9848271,0.9728877,0.9732223,0.9739038,0.9763039,0.9818667,0.986636,0.9911029,1.008012,1.018928,1.041057,1.060572,1.081892,1.112235,1.15272,1.175881,1.227784,1.286705,1.328609,1.399805,1.464173,1.53333,1.597386,1.674999,1.712179,1.748551,1.807671,1.826839,1.868062,1.873572,1.89936,1.907409,1.921855,1.982681,1.993931,1.921043,2.10518
513.291,-0.004449068,-0.01181938,0.01221593,-0.01599197,-0.01132155,-0.00518195,0.02198318,-0.004781655,0.01084427,-9.512621e-4,0.00652527,0.002924854,-9.488003e-4,0.006000112,-0.001870789,0.002017874,0.002376122,-0.002664703,0.00128258,0.002554376,0.002272838,0.001916394,0.005440776,-4.41791e-4,0.002274441,3.508622e-4,2.326954e-4,-0.001674278,0.002137087,-9.743488e-4,0,0.004618727,0.006775771,0.003240208,0.01144162,-0.004454992,-0.004560087,0.00361233,-0.005233793,0.001469481,0.006292951,2.980969e-4,0.005719967,0.009797461,0.002475787,-0.003521709,0.002952306,-5.255858e-4,-0.003822955,0.001708144,-9.062263e-4,0.004913954,0.001556961,-2.157504e-4,0.00375291,0.003001451,-7.679565e-4,1.366633e-5,7.241791e-4,-0.00224016,0.001686832,0.003168194,-0.003949604,0.007979173,-7.89253e-4,6.120955e-6,-9.101608e-4,0.001037023,0.001567668,-8.17661e-4,9.338934e-4,7.738663e-4,8.802341e-4,0.002226819,6.177056e-4,0.002240231,0.002640787,0.001237224,0.00163385,4.29593e-4,0.001139141,-0.004614491,3.146735e-4,0.002373463,0.002493695,0.002161066,0.001153156,0.002835213,0.002003179,0.004771162,0.008585427,0.007619991,0.009547054,0.06621527,0.3007308,0.4955765,0.2821436,0.09297843,0.03795895,0.04234606,0.04606745,0.05559579,0.06488798,0.07102187,0.08074689,0.09227427,0.1015615,0.1139005,0.1273527,0.1393417,0.1506944,0.1619208,0.1741943,0.1884466,0.2032497,0.2187399,0.2385477,0.2576006,0.2784505,0.303922,0.3331264,0.3623554,0.3854246,0.4091054,0.4357859,0.4554947,0.490397,0.5231741,0.5436673,0.5786148,0.6084317,0.6364446,0.6668507,0.6923821,0.7198192,0.7460835,0.7649642,0.7934851,0.8097991,0.8352253,0.8572002,0.863895,0.8876963,0.9006111,0.9067665,0.9186585,0.9207517,0.9223512,0.9311603,0.9340353,0.9375138,0.94807110000000006,0.9445359,0.9490585,0.9472041,0.9475513,0.9511808,0.9460722,0.9516707,0.9550624,0.9641719,0.9657714,0.9805076,0.998788,1.00912,1.033907,1.057557,1.092848,1.120245,1.157567,1.207754,1.2542,1.295852,1.362757,1.43601,1.498462,1.578002,1.627403,1.679334,1.718949,1.751921,1.810026,1.856995,1.859098,1.891888,1.897748,1.907359,1.872966,1.907369,1.854117,1.997366
515.623,0.02412821,-6.548587e-4,0.007322461,-0.003985795,-0.006905337,0.004526673,0.008153371,0.005964708,-0.005421417,0.0161378,7.23927e-4,4.837996e-4,-0.004025244,0.004494214,-0.003424078,0.009497297,-0.002621713,9.686928e-4,-4.272301e-4,9.135087e-4,-0.001295334,0.001230314,0.00219772,0.002547784,-0.001132612,8.124779e-4,-0.001160845,-0.001314338,0.002937229,0.001143807,4.384214e-4,-0.001720395,0.006059783,0.006833002,0.00204174,0.0155851,-0.001297967,4.114699e-6,-0.01367211,0.001477087,-5.8623e-4,0.005290955,5.9475e-6,-0.006413521,0.002212209,0.004609061,0.001623932,-0.002105037,0.007381265,0.001448577,0.004560796,0.004017314,0.001555525,-0.004763051,-6.18061e-4,0.002800522,-0.002101579,0.001874125,0.002152089,1.762327e-4,-3.305267e-4,-0.005150752,-0.002786623,-8.126626e-4,4.913026e-4,0.001106565,-0.001966571,1.596978e-4,-0.001412725,-9.555785e-4,4.057904e-4,-0.003466505,0.002647758,-0.00528466,-0.002519148,0.002592741,-8.048515e-4,0.002349449,-9.667773e-4,-0.002117408,2.196726e-4,-0.001996674,0.002246744,0.001603617,0.001851365,5.414967e-4,0.00132629,0.002570707,0.004741215,0.00227872,0.006170682,0.008900115,0.03464083,0.2170264,0.4664944,0.3925033,0.1246819,0.03930357,0.03574096,0.04222253,0.04795383,0.05679904,0.06608787,0.07604488,0.08580828,0.0949997,0.1047085,0.1175167,0.1311087,0.1409573,0.1517979,0.1655877,0.1765314,0.1907365,0.2057502,0.2207268,0.2405422,0.261076,0.2812307,0.3090479,0.3317081,0.3596171,0.3793628,0.4049325,0.4258177,0.4528761,0.4798059,0.5077073,0.5351855,0.5655383,0.594367,0.6269052,0.6522304,0.6818716,0.7029008,0.721613,0.7472618,0.770902,0.7845059,0.8085134,0.8309441,0.8437275,0.8566603,0.8790575,0.886134,0.886914,0.8952018,0.9046697,0.8960232,0.9063811,0.9100208,0.9151342,0.9207847,0.9217614,0.9156032,0.9211233,0.9187844,0.9209374,0.9166,0.9284282,0.9319388,0.9451354,0.9530438,0.9649983,0.9835548,1.00061,1.027616,1.055775,1.093251,1.137768,1.186662,1.230592,1.272895,1.347602,1.394505,1.481684,1.521046,1.583094,1.622227,1.672938,1.72343,1.771602,1.74558,1.807055,1.830581,1.793448,1.835585,1.86789,1.803397,1.887809,2.034887
517.956,0.006323477,0.01632723,0.01579419,3.632595e-6,0.01438716,0.01417165,0.02561131,0.02020479,0.009161014,0.006616684,-0.00360692,0.00557318,0.00495523,0.009848204,0.003409745,0.00774009,0.004445803,0.003375554,0.007227696,-7.244152e-4,0.005489313,0.005989534,0.004376645,0.004189762,6.786566e-4,0.004386944,0.001620637,0.002746281,0.006508681,0.003598235,0.005010658,0.009466857,0.01029495,0.00321401,0.01462939,0.004435491,0.007468228,0.004485752,0.004929719,0.007025852,0.006281498,0.005576564,5.836078e-4,0.009762744,0.006295814,0.01376729,0.007479115,-5.161031e-4,0.005334337,0.003369627,0.003412559,-0.001319124,0.003550785,0.001518912,0.006853928,0.005764813,-1.89368e-4,0.005176653,0.003748725,1.413179e-5,0.002530776,0.003326795,0.004268274,0.00729984,0.00430782,7.853082e-4,0.005473132,0.004712538,0.003680538,-4.031903e-4,0.003700497,9.073238e-4,0.001008039,0.00147456,0.004318257,0.003402446,0.00366643,0.002680068,0.002178258,0.002864704,0.006166372,0.003394793,0.003879468,0.004619441,0.003689029,0.005628853,0.003408266,0.004769301,0.004068308,0.006749566,0.007701195,0.02069964,0.1443454,0.3988534,0.4413831,0.1864911,0.04767282,0.03276836,0.04166415,0.04822923,0.05478926,0.06134594,0.070429050000000007,0.07847533,0.0884498,0.09693107,0.1079465,0.1206439,0.1318383,0.1426286,0.1547688,0.1659264,0.1782998,0.1920929,0.2057252,0.2199521,0.2397883,0.2605517,0.2825821,0.3054486,0.3266529,0.3609071,0.3775168,0.399309,0.4266009,0.4438887,0.4715757,0.5015254,0.5276963,0.5572744,0.5826007,0.6146502,0.6311734,0.6671152,0.6860828,0.7083824,0.7273068,0.7423447,0.7723973,0.7839153,0.7968349,0.8152249,0.8294698,0.8444432,0.8492109,0.8587137,0.864955,0.8689532,0.8754061,0.8733093,0.8780856,0.8858934,0.8892549,0.8899352,0.8892605,0.8924476,0.8914627,0.8888527,0.8866603,0.9002144,0.9174725,0.9143488,0.9257269,0.9406822,0.9602534,0.9749423,0.997659,1.031588,1.069107,1.104453,1.143019,1.192204,1.242952,1.294698,1.365205,1.435287,1.485563,1.561174,1.588463,1.65233,1.696269,1.721462,1.704799,1.750623,1.795797,1.794271,1.794108,1.727778,1.855999,1.928444,1.907391
520.289,-0.02086435,-0.01696467,-0.01213469,-0.002831896,-0.01124835,-0.001933276,-0.0205924,0.002374585,-0.01509851,9.419826e-4,-0.003246107,-7.29923e-4,0.001886147,-5.964507e-4,-0.002169542,-0.001718371,-0.007831666,-0.001685135,-0.001063808,-0.004895901,-0.001128089,-0.002855166,-2.258222e-4,4.41624e-4,-0.003271031,-0.003917724,-0.00103785,2.385343e-4,-0.001984707,4.892313e-4,-0.002387336,-0.002859399,-0.01062421,-0.01196722,-0.01217044,-0.004421102,-0.003229347,-0.008652903,-2.820855e-4,-0.00612516,-0.01040701,-2.920082e-4,-0.00254554,-0.01470476,-0.001634985,-0.00107124,-0.004264488,-0.005743283,-2.382065e-4,-0.009828171,-0.004069099,-0.003541673,-0.001312218,-0.005379814,-0.002064051,-0.005348541,-0.005339331,7.006164e-6,-0.002658703,-0.003251088,0.001347825,-0.002643292,-0.004090719,-0.00177452,-0.006193596,0.001563745,-1.459028e-4,-0.005868001,-0.001265157,-2.715053e-4,-0.002901323,7.797008e-4,-3.678176e-4,-0.003674734,-0.002028052,-0.003037569,-0.00158134,2.32336e-4,-0.003783355,-0.00158737,-0.00184323,-0.0010838,-3.80803e-4,-0.001872768,-5.43791e-4,5.482349e-4,-7.661911e-4,0.002056369,0.004977696,0.005876162,0.01244805,0.08814519,0.3054553,0.4341484,0.2498829,0.06261022,0.03046004,0.03427582,0.03956842,0.04653198,0.05557943,0.0635947,0.07058963,0.08039169,0.08917589,0.09917673,0.1102609,0.123649,0.1355627,0.1461715,0.1587263,0.1679248,0.1790091,0.190347,0.2064347,0.2168167,0.2377999,0.2562139,0.2789434,0.2998958,0.3276899,0.3543933,0.3712498,0.3940399,0.4135419,0.4335843,0.460477,0.4910403,0.5127646,0.5437066,0.5726887,0.5893719,0.6161783,0.6464059,0.6662256,0.6821183,0.7088327,0.7215533,0.7451704,0.7610856,0.7762531,0.7882727,0.8046312,0.8115706,0.8280197,0.8273888,0.8365774,0.839956,0.8441006,0.8456243,0.8531869,0.8563927,0.8615628,0.8558712,0.862429,0.857268,0.8614605,0.8614727,0.8616647,0.8696411,0.8810312,0.8883253,0.8989766,0.909154,0.9312178,0.9453633,0.9730469,1.000932,1.031672,1.076137,1.112,1.166776,1.214764,1.260947,1.31243,1.378947,1.44255,1.511369,1.523251,1.619152,1.62857,1.616678,1.654072,1.694852,1.703952,1.700856,1.678642,1.69481,1.713485,1.859141,1.873209
522.623,-0.0076033,-0.01566131,-0.01213646,-0.02496813,-0.01812486,-0.006433848,-0.01685073,-5.032515e-6,-0.00486088,-0.0089799,-0.006843748,-0.002665122,-0.006600544,-0.004472758,-0.003408695,-0.005442165,-0.007570976,-0.00481641,-0.006160793,-0.002901216,-0.004029026,0.001224938,-0.002299566,-0.003962468,-0.001353569,-0.002766469,0.002317179,-0.003929733,1.370611e-4,-0.004071262,-0.004777606,0.002008595,-0.007086223,-0.01237214,-0.006485977,0.007752925,-0.009066868,-0.007154798,-0.004625054,-0.01664524,-0.003567856,-0.003788716,0.002844324,8.309001e-4,-0.0127977,-0.004850137,-0.009587339,7.939929e-4,-0.004290976,4.837141e-4,-0.005198826,-0.001311466,-4.360761e-4,-0.002146263,-0.007033378,-0.00673606,-0.002665536,-0.004971375,-0.004800976,0.001721598,-0.00468409,-0.003965364,-0.00212029,-0.005981941,1.76003e-4,0.001414631,-0.003338878,-7.257876e-4,-0.003535358,-0.00736144,0.001196286,-6.34434e-4,-1.166185e-4,-0.002565829,-0.002631025,-0.002681231,-7.898338e-4,-3.251404e-4,-0.001191281,-0.001878899,-0.002139924,-0.002378948,-0.002124373,-0.002151632,0.004326931,0.00225026,0.003322194,0.002824478,0.005966183,0.005338973,0.06121615,0.2390671,0.3936228,0.283651,0.09229395,0.02811916,0.0316265,0.03666383,0.04351742,0.04927526,0.05626427,0.06654165,0.07276978,0.08224552,0.09338522,0.1013276,0.1130144,0.1243537,0.1362367,0.1457941,0.157656,0.1688362,0.1804588,0.1917862,0.2054588,0.2203216,0.2354726,0.2540611,0.2798166,0.3009211,0.3225311,0.3456493,0.3661208,0.3846524,0.4102732,0.4295384,0.4561181,0.4772272,0.5013974,0.529863,0.5575931,0.5797994,0.6085742,0.6257802,0.6502412,0.6652737,0.6845963,0.7034578,0.7252029,0.7423919,0.7569728,0.7649021,0.7826669,0.7903038,0.7981887,0.8107778,0.8108702,0.8101945,0.8143325,0.8172177,0.8202343,0.832511,0.8301425,0.8293046,0.8353244,0.8312015,0.8270972,0.8349563,0.8396328,0.8474519,0.8552644,0.8645242,0.8692184,0.891165,0.9038982,0.9308782,0.9502376,0.9839897,1.011756,1.038631,1.077623,1.119313,1.170199,1.228437,1.2869,1.333256,1.405141,1.464902,1.524526,1.572113,1.613494,1.579795,1.596311,1.65063,1.64013,1.648531,1.661222,1.626331,1.709722,1.714322,1.728878
524.958,0.03079851,0.03764754,0.02112649,0.0152441,0.02673127,0.02752553,0.02793637,0.02244124,0.01393023,0.02443341,0.02150397,0.004329318,0.007269484,0.0112707,0.00739583,0.0227915,0.009873481,0.002156179,0.004224633,0.007035929,0.006421969,0.005682025,0.004122513,0.005587385,0.00258649,0.005621331,0.002761736,0.00556952,0.001980764,0.004548421,0.004108801,0.01111406,0.01198608,0.008753012,0.006470134,0.01102028,0.01644391,0.008031895,0.005478057,0.01104923,0.00652863,0.009322472,0.009056084,0.01134499,0.01004833,5.472772e-4,0.01725802,0.01300948,0.007299181,0.006218206,0.006992359,0.009489365,0.008134272,0.008159124,0.01319432,0.007909323,0.006086113,0.007717935,0.006907895,0.008205052,0.003174075,0.002149973,0.005546916,0.006607283,0.005868401,0.005273134,0.009517291,0.005994605,0.004653658,0.004619624,0.007879857,0.00293745,0.001998669,0.002820461,0.005014109,0.003265018,0.006346506,0.001999325,0.006157393,0.005360745,0.002972097,0.001890248,0.006648453,0.004971188,0.006765243,0.004187005,0.005648947,0.006611555,0.009878992,0.04457498,0.2127341,0.365889,0.3114017,0.1144089,0.03440373,0.03037511,0.03630987,0.04079532,0.04913804,0.05557752,0.06069482,0.07145687,0.07806298,0.08689185,0.09612201,0.1073892,0.1160533,0.1262418,0.1415733,0.1491051,0.1585196,0.168986,0.1808758,0.1937452,0.2049309,0.2203865,0.2367169,0.2545637,0.2733413,0.2978335,0.3170876,0.3393494,0.3587724,0.3802591,0.4015165,0.4190281,0.4446065,0.4673464,0.4900003,0.5176788,0.5434951,0.5680764,0.5917842,0.6091827,0.6385056,0.6487172,0.6700351,0.6862721,0.7075839,0.7136202,0.7327886,0.7461313,0.7585154,0.7686104,0.7712769,0.7768249,0.781684,0.786284,0.7878563,0.7872945,0.7938835,0.8019167,0.8045518,0.8018391,0.8055552,0.8040498,0.8050971,0.805496,0.8055325,0.8160288,0.8180075,0.8348769,0.8467438,0.8616863,0.8866625,0.9027128,0.9248935,0.9528534,0.9810848,1.021907,1.050872,1.098675,1.132556,1.192848,1.240971,1.309863,1.371069,1.431536,1.483741,1.562104,1.546949,1.559167,1.575767,1.604776,1.645667,1.642319,1.663489,1.714269,1.743772,1.821212,1.801411
527.293,-0.01762615,-0.03181967,-0.01389105,0.01072993,0.008703733,0.001283716,-0.008074173,-0.0206775,0.003206768,-0.01080279,-0.006817497,-7.249569e-4,-0.002111257,-0.005935723,-0.007707145,-2.873467e-4,-0.004935899,-0.001678344,-8.469928e-4,0.004150182,-0.003692868,-1.347698e-4,-0.001942982,-1.085454e-4,-2.214574e-4,-5.722247e-4,1.142244e-4,-0.002011385,-0.001055101,-0.002107323,-0.003024087,-5.688876e-4,-0.005643768,-0.007161876,-0.009684222,-0.01138246,0.006453112,-0.002073634,0.00518656,5.791938e-4,-5.902896e-4,0.001458297,0.003671573,-0.002483155,-0.006217194,0.001885048,-0.001584154,-0.007800296,7.561386e-4,-7.119902e-4,-0.001572385,-0.007926613,-0.007227968,-0.00729468,-0.001235697,-0.006909583,-0.002467677,-0.002930987,1.844354e-4,-0.00495085,0.002172894,0.002974256,-0.001299351,0.003545699,9.543863e-4,-0.001551202,-0.002564446,-0.003066868,-0.00266217,-0.002436369,0.001448855,-1.246666e-4,3.71784e-4,-0.001710179,-1.169688e-4,2.364575e-4,-0.001581507,-0.001877316,0.003458751,-3.033275e-4,9.252776e-4,0.002885847,2.985231e-4,0.002069472,0.002658294,0.002684885,0.005132737,0.004512332,0.01973955,0.1526135,0.3760593,0.3221665,0.1479436,0.03854784,0.02546903,0.03306105,0.03822683,0.03991604,0.04772966,0.05477074,0.06297176,0.0694338,0.08026437,0.08799498,0.09627001,0.1063273,0.1149622,0.1250727,0.1400367,0.1493227,0.1579591,0.1687516,0.1805128,0.1919246,0.2045673,0.2165868,0.2339684,0.2542945,0.2711245,0.2929905,0.3181703,0.3360936,0.3514638,0.3723053,0.3927634,0.4104421,0.4353407,0.4577973,0.4770329,0.4982014,0.5253341,0.5509894,0.5717783,0.589309,0.6069082,0.6279923,0.6460349,0.660605,0.6776317,0.6910751,0.7058647,0.7162595,0.7340478,0.7421942,0.7417072,0.7485803,0.7532185,0.764193,0.7640091,0.7622593,0.7635758,0.7728337,0.7768807,0.7806491,0.7738188,0.7754174,0.7819876,0.7801098,0.7884713,0.786333,0.7977299,0.8174465,0.8231309,0.8301202,0.8575604,0.8613715,0.8926631,0.9199575,0.9439336,0.9859762,1.02818,1.063019,1.11359,1.149936,1.21468,1.2689,1.324833,1.355319,1.453995,1.507107,1.480979,1.487544,1.482831,1.556027,1.55137,1.557465,1.549926,1.598228,1.573663,1.615948,1.709627
529.629,-0.01953178,-0.03960451,-0.02596313,-0.01072625,-0.01244433,-0.03522643,-0.03539273,-0.02363867,-0.02628648,-0.01317751,-0.01112412,-0.007962777,-4.712899e-4,-0.0201701,-0.01757101,-0.00940649,-0.01688504,-0.008386739,-0.002541173,-0.01064355,-0.003690113,-0.01014532,-0.004917851,-0.006351833,-0.003931591,-0.00584876,-0.006208581,-0.007223342,-0.005273168,-0.006480528,-0.006479802,-0.01509307,-0.01409745,-0.02622258,-0.0177519,-0.01284461,-0.01706979,-0.02078871,-0.02244809,-0.02061584,-0.01953237,-0.003770247,-0.01410201,-0.006891531,-0.00675599,-0.0101774,-0.0116536,-0.01039583,-0.01331539,-0.01669359,-0.01260336,-0.008350433,-0.01117238,-0.007925211,-0.01235375,-0.008865645,-0.010058,-0.006585345,-0.009550748,-0.006642317,-0.00682487,-0.006580642,-0.006832955,-0.007069182,-0.007112805,-0.01316709,-0.00768533,-0.006998068,-0.006044031,-0.009353127,-0.002870816,-0.002156615,-0.005219141,-0.004374355,-0.007500616,-0.002428946,-0.005311841,-0.002971153,-0.004621954,-0.00229801,-0.004060198,-0.001465332,-0.003242899,-0.002031297,-0.001802111,0.001006727,0.001944799,0.005558913,0.09628021,0.3393983,0.408023,0.1720957,0.04275396,0.02085793,0.02678845,0.03096242,0.03571376,0.04251543,0.04744551,0.05667621,0.06227916,0.07009884,0.07874624,0.08841617,0.09579183,0.1053033,0.1178479,0.1265613,0.140643,0.1470463,0.1581303,0.1683402,0.1782154,0.1906294,0.1978454,0.2177751,0.2308012,0.2488819,0.2630208,0.2854617,0.3073046,0.3272541,0.3401561,0.3674956,0.3819282,0.4011273,0.4198072,0.4435564,0.4673736,0.485953,0.5098932,0.5313884,0.5583725,0.5695305,0.5960729,0.6061489,0.6238313,0.6389638,0.6581305,0.6688221,0.6800418,0.6928077,0.7079727,0.7136892,0.7212363,0.7315521,0.7297939,0.7354516,0.7322936,0.7389472,0.7392112,0.7421495,0.7452437,0.7429635,0.7476405,0.7499251,0.7553409,0.7580529,0.7568264,0.7588571,0.779138,0.7836295,0.7916022,0.7986263,0.830399,0.8467082,0.8696664,0.8937583,0.9290159,0.9562463,0.9976772,1.035123,1.071265,1.111463,1.174878,1.224313,1.272105,1.317262,1.387238,1.419091,1.394389,1.42586,1.45421,1.481674,1.45535,1.456189,1.491621,1.47964,1.539505,1.53278,1.5558670000000001
531.966,0.004383181,-0.008464506,-0.007869997,0.0107438,-0.01183645,0.02692486,-0.01181739,-0.002383536,0.001605962,0.00186395,-0.003954774,-0.001456925,0.001877667,0.009206388,-0.003091151,-0.002001642,2.866268e-7,7.18187e-4,0.002960782,0.001625616,-0.001445666,-9.485393e-4,-4.564681e-4,-0.001754486,6.754075e-4,-0.001722573,-2.300755e-4,-0.00379677,-0.001848316,-3.20481e-4,-4.271441e-4,0.005995717,-0.009877966,-0.01233311,-0.009699719,-0.004407278,0.005495574,-0.005349898,-0.003744271,-0.001739039,0.001781864,-0.004943208,0.003964871,-0.002755847,-0.004328275,-0.003212615,-2.596082e-4,-0.001809987,-0.001250105,-0.001426234,0.003848085,-0.004181885,-0.005258881,-0.004057644,-0.001440258,-0.002748849,-7.53623e-4,-0.002187108,-5.167302e-4,-0.002553192,6.581119e-6,-8.206256e-4,9.874898e-4,-1.56366e-4,-0.003645957,6.268683e-4,-2.971886e-4,-0.005843698,-0.003090537,4.184896e-4,-0.001047645,-0.003050649,-2.469698e-4,-9.681495e-4,0.001198063,-4.601919e-4,-1.020748e-4,-0.001322385,0.001958149,0.001589168,3.216811e-4,2.224939e-4,0.001945023,0.002178199,0.004869495,0.003596526,0.007847495,0.05456888,0.2614723,0.4262714,0.2586981,0.060891,0.02409212,0.02640397,0.02875913,0.03374758,0.03982585,0.04679395,0.05162391,0.05664706,0.06547915,0.07334851,0.08086461,0.09015117,0.09835127,0.1091914,0.119364,0.1280008,0.1404517,0.1497614,0.1593748,0.1678254,0.1781497,0.191005,0.2032716,0.2167697,0.2313814,0.2445398,0.2634273,0.2873552,0.301847,0.3230319,0.3389387,0.3569293,0.3749724,0.3935746,0.4157625,0.4349168,0.4553251,0.4802579,0.4970832,0.5231581,0.5404902,0.5571591,0.5807989,0.58674,0.6108525,0.6180313,0.6400195,0.649599,0.659106,0.6742446,0.682445,0.697033,0.696579,0.6986142,0.7052516,0.711927,0.7082105,0.7152961,0.7215149,0.7184814,0.7228391,0.7329835,0.7283906,0.7309262,0.728886,0.73183260000000006,0.734907,0.7456301,0.7576586,0.7641492,0.776779,0.7952722,0.7986254,0.8198702,0.8494234,0.8766144,0.9063451,0.9413671,0.9635868,1.004885,1.054244,1.101912,1.139362,1.201348,1.253742,1.318502,1.374498,1.387183,1.387439,1.408262,1.420073,1.455734,1.482877,1.456673,1.489508,1.495325,1.475142,1.534998,1.634785
534.303,-0.01016157,-0.01437,-8.056893e-6,-0.006248335,0.02251143,0.001268028,-1.29474e-6,0.005347699,-0.002173699,0.0170088,0.01117165,-0.002916816,-0.006607871,-0.003584764,0.005888834,0.006302974,-2.615074e-4,0.005059004,0.002337162,-0.001271796,0.002261153,0.004218231,-0.001610872,-0.001321969,0.003732497,1.155631e-4,0.001968477,-1.169843e-4,-0.001857249,0.003273043,0.004787894,-0.001721675,0.005685287,1.058252e-5,-0.00405743,-3.649604e-4,-0.002267699,6.026251e-4,-0.003182645,5.210441e-6,0.007751743,0.00235142,0.002560454,0.001677891,-5.329851e-4,-5.374227e-4,-0.00185903599999999,0.001575503,0.007859371,0.003126283,-0.004067271,0.003553849,-6.530302e-4,-4.214419e-4,0.006233927,0.003974854,-0.001136515,-0.001649263,0.002147421,-0.001707741,0.003696498,8.358013e-4,3.324689e-4,-6.383657e-4,0.00192051,0.002188568,0.002130304,-7.302413e-4,-0.001124375,5.501535e-4,-0.001574031,-0.001148519,0.002015118,-4.84054e-4,-2.303889e-4,0.002810347,-6.762029e-4,8.975489e-4,-0.001294815,1.158105e-4,2.194222e-4,1.240804e-4,0.002540382,0.00444492,0.004333529,0.007352309,0.02737456,0.1715028,0.3882431,0.3169999,0.101465,0.02445605,0.02245839,0.02936212,0.03201747,0.03639015,0.04198499,0.04711543,0.0537866,0.05898497,0.06886969,0.07690119,0.08526278,0.09316294,0.100734,0.1094641,0.1211704,0.1277191,0.1401241,0.1522706,0.1592177,0.1678349,0.1792637,0.1908739,0.2017789,0.2130742,0.2287352,0.2453108,0.2612686,0.2818055,0.3000295,0.3155768,0.3342596,0.3552907,0.3727993,0.3853828,0.4096138,0.4272707,0.4487253,0.4654888,0.4902247,0.5115111,0.5291833,0.5457267,0.5686501,0.5799851,0.5913951,0.6034405,0.6234657,0.6282634,0.6408197,0.6541124,0.6674406,0.6701994,0.6807827,0.6847658,0.6851594,0.6884061,0.6862365,0.6924545,0.7001747,0.7047891,0.6961802,0.7045673,0.7038866,0.7115169,0.7063504,0.7126099,0.7178796,0.725591,0.7296388,0.7437053,0.7587005,0.7743494,0.7817077,0.805321,0.8244297,0.8518825,0.8824385,0.9072444,0.9425835,0.9836968,1.020174,1.06757,1.115891,1.176165,1.221781,1.316314,1.35165,1.328751,1.353837,1.35832,1.399797,1.419457,1.448083,1.404085,1.421079,1.441367,1.495307,1.498614,1.519696
536.641,-0.006374695,-0.01117622,-0.01589619,-0.01258173,-0.01889083,-0.02140359,-0.006287051,-0.01197312,-0.02336693,-0.005717702,-0.0159683,-0.009768539,-0.006888453,-0.003603124,-0.0074941,-0.001443808,0.006578494,-0.003156443,-0.008560878,-0.0060308,4.003131e-7,-0.00438467,0.00139129,1.110142e-4,-0.002616573,-0.003950384,-0.003611991,-0.002641018,-0.005079705,-0.004436362,-0.00218905,-0.00519492,-0.01107097,-0.001616164,-0.009815442,-0.01041033,-0.01338633,-0.009027373,-0.00495644,-0.004704945,-8.9759e-4,-0.01060303,-0.003717554,-0.002803362,-0.005215828,-0.002978864,-0.005905377,-0.009747038,-0.005609843,0.003144103,-0.005696409,-0.004919217,-0.001101049,0.002601307,-0.00271503,-0.00459512,-7.714345e-4,-0.008920091,-0.006635758,-1.197995e-6,-0.004898272,-0.006335438,0.001152413,-0.003425141,-0.005617687,-0.005493552,-0.00152403,-0.002662208,-0.005418876,-0.001786459,0.001600818,-0.005420876,-0.003405903,-0.001727663,-0.001809795,-0.001766586,-9.14225e-4,-0.003472392,-0.004040807,-5.204321e-4,-0.002363241,-5.987495e-4,0.002058228,0.002202982,8.590713e-4,0.01827952,0.1164104,0.3033558,0.3333636,0.1370381,0.03003903,0.01946565,0.02318411,0.02927361,0.03082145,0.03656968,0.04200743,0.0498383,0.05495631,0.06061126,0.06860621,0.07697954,0.08432791,0.09293456,0.1027522,0.1115827,0.1213479,0.1291383,0.1400519,0.1505046,0.1609297,0.16844,0.1793429,0.1897175,0.2001432,0.2119945,0.2262299,0.2410177,0.2587079,0.2719767,0.2951045,0.3158219,0.3309381,0.3437924,0.3611991,0.3763121,0.4009276,0.4188002,0.4382723,0.45966630000000003,0.4765996,0.4924628,0.5163341,0.53363,0.5512053,0.5568401,0.5794033,0.5934909,0.6047149,0.6117227,0.6240049,0.6349558,0.6483399,0.6569225,0.6623854,0.6628337,0.6697883,0.6698944,0.6716864,0.6702544,0.673666,0.6794981,0.6867947,0.6838111,0.6849662,0.6917634,0.6898075,0.6893555,0.6974387,0.7042976,0.7177976,0.7301497,0.7395791,0.7481176,0.7651211,0.7848155,0.8083308,0.8307079,0.8565814,0.8909389,0.9259171,0.9632902,0.9905973,1.046054,1.080374,1.144055,1.191379,1.264711,1.295803,1.30138,1.298576,1.344764,1.324658,1.403183,1.335375,1.356209,1.383528,1.425488,1.407359,1.442779,1.388754
538.979,-0.01732267,-0.00398405,0.001227411,-0.001151569,-0.01712205,-0.01503213,-0.039258,-0.01567764,-0.006579859,-0.01822033,-0.009148509,-0.007624133,-0.002392644,-0.01452401,-0.001578369,-0.01453086,-0.0108637,0.001706611,-0.01034953,-0.002760711,-0.004746154,-0.001931862,-0.002566607,0.001675672,-0.005041646,5.853702e-4,-0.004105039,-0.004227894,-0.002287145,-0.002968108,-0.004407733,-0.008133893,-0.01293961,-0.01337401,-0.01028886,-0.01086078,-0.009204168,-0.009999293,-0.008221931,0.001188553,-0.001203044,0.002080972,-0.008638597,-0.006480555,-0.006082814,-0.004913575,-0.004318962,-0.00822282,-0.002559683,0.001218525,-0.003208217,-0.005382784,-0.01142114,-0.005246584,-0.002307596,-0.004217702,-0.007548788,-0.008414181,-0.00686037,-0.007833421,3.457704e-4,0.001351796,-0.006636906,-6.576239e-4,-0.003231495,-0.002683683,3.156407e-4,3.033413e-4,-0.00546091,-0.00553446,-0.001997969,-0.005325116,-8.810008e-4,-0.002488795,-0.002183068,-0.002487875,-0.004268321,-0.002025523,-0.00119462,0.00279295,-0.001960586,-8.228475e-5,-0.003313516,0.003560136,0.007782121,0.08215537,0.2578091,0.3281117,0.1802772,0.03820873,0.01771025,0.02232478,0.02648518,0.02814452,0.03394632,0.04020721,0.04505493,0.04963501,0.0557422,0.06208725,0.06811565,0.0775654,0.08824849,0.0947534,0.1035452,0.1132922,0.1200533,0.1308858,0.1421388,0.1523245,0.159351,0.1700712,0.1790272,0.1857545,0.1994171,0.2102523,0.2231802,0.2389999,0.2545592,0.2740176,0.2897742,0.3068843,0.3236251,0.3426518,0.358773,0.3735954,0.3908011,0.4097579,0.427162,0.4486781,0.4681914,0.4857928,0.5069371,0.5205033,0.531437,0.5454119,0.5621442,0.5708909,0.5844134,0.5961089,0.6103642,0.6233944,0.633779,0.6349319,0.6391389,0.6447598,0.645544,0.6419156,0.6492274,0.6546608,0.6525444,0.6580193,0.6603591,0.6683754,0.6626471,0.6669983,0.6671982,0.6724925,0.6815117,0.6823719,0.6939554,0.7063282,0.7160779,0.7371991,0.745184,0.7707813,0.7872169,0.8114641,0.839366,0.8673719,0.8929999,0.9347183,0.980179,1.016377,1.068955,1.113488,1.17639,1.244824,1.227281,1.266849,1.258709,1.287081,1.303258,1.322877,1.320558,1.346912,1.302709,1.377649,1.383715,1.421476,1.492525
541.318,0.005154507,-0.001995594,-0.00989859,0.01215165,0.004459502,0.006557498,0.008273617,-0.003017737,-0.005488262,0.00288392,0.00624361,-0.004688426,0.00721113,0.009421035,0.001265304,0.005843608,-0.001065466,-0.001471437,6.5031e-4,1.859495e-4,-0.001973875,-0.001386689,0.003401513,-0.00157169,1.149462e-4,0.002586304,-0.001060744,-4.857113e-4,0.003516896,0.002330098,4.422882e-4,-0.004090688,-0.007589391,-0.001632092,-0.00868916,0.001882347,-1.168923e-6,0.004565499,5.89863e-4,-0.004466028,-0.001820843,0.006261242,0.005499367,0.002832224,-0.001106747,-0.00219638,0.006253865,-2.635424e-4,-0.006964923,9.765355e-4,0.005076861,-2.251544e-4,-6.746717e-4,-0.002631382,0.00232102,-0.006878031,0.003110878,0.002822766,0.002722495,-0.001746748,-0.003419521,-0.002197488,-0.001000277,-0.00198102,-0.003089754,7.986562e-4,3.102906e-4,-0.004193155,-0.001009143,0.002784133,-0.004301412,-0.0014366,-6.45114e-4,8.764421e-4,2.258233e-6,5.97528e-4,-0.00173762,0.00227467,2.26228e-4,0.00194198,-9.257568e-4,0.002255779,0.006230478,0.008484618,0.05337305,0.2194717,0.3365456,0.2194715,0.06078145,0.02197523,0.02118342,0.02357218,0.03085972,0.03315568,0.03655064,0.04367223,0.04861911,0.05442259,0.05880822,0.06624794,0.07295438,0.07984551,0.09122062,0.09595891,0.1028697,0.1147621,0.1212628,0.1321304,0.1413621,0.1483409,0.1595242,0.1690469,0.1756945,0.1879137,0.1965872,0.2063267,0.2217413,0.2357325,0.2501083,0.2698521,0.2855205,0.3071474,0.3236422,0.3339316,0.3465749,0.365382,0.3842351,0.3994806,0.4179903,0.4389421,0.4569453,0.4699136,0.4869505,0.5105166,0.5242001,0.5327592,0.5472189,0.566339,0.5719923,0.5855225,0.590322,0.5981405,0.6092363,0.6136342,0.6202109,0.6264177,0.6269057,0.6273906,0.6245841,0.6350294,0.6362346,0.6353689,0.6423562,0.6427061,0.6462519,0.6471725,0.6492348,0.6512859,0.6593281,0.6724372,0.6744898,0.6856587,0.6985789,0.7105504,0.7282252,0.745144,0.7680423,0.7905501,0.8245995,0.8455527,0.872787,0.9152775,0.9595196,0.9925835,1.034455,1.091609,1.154314,1.219713,1.214217,1.217424,1.238119,1.252201,1.296818,1.30631,1.303078,1.309143,1.320663,1.336905,1.35824,1.365095,1.431064
543.658,-0.007121062,-0.01533399,-0.03098211,-0.01274928,-0.01148921,-0.01577394,-0.0038277,-0.0218284,-0.01433388,-0.00964974899999999,-0.008102485,-0.00791675,2.386386e-4,-0.0115734,-0.015190210000000001,-0.01579363,-0.003199053,-4.956624e-4,-0.001956523,-0.007223259,3.293151e-4,-0.00319404,-0.005755359,-0.003934698,-0.004036198,-0.005415318,-0.00318677,-0.00450001,-0.004332324,-0.008827787,-0.007100104,-0.01023674,-0.01338677,-4.087908e-4,-0.004969877,0.001131262,-0.01653965,-0.007318941,-0.003838226,-0.004765865,-0.004868027,-0.01015157,-0.005796408,-0.01134685,-0.016691,-0.007700892,-0.004078096,-0.009343013,-0.006967119,-0.01150525,-0.009704476,-0.009271159,-0.007198948,-0.002195334,-0.01205602,-0.006272122,-0.003111166,-0.003011675,-0.001821575,-0.004552708,-0.008897207,-0.002534159,-0.004013231,-0.002310217,-0.004879343,-0.003182064,-0.003094454,-0.007191615,-0.004045154,-0.005293982,-5.396456e-4,-0.006147114,-0.005111294,-0.00136963,-0.001337364,-0.006204711,2.390126e-4,-9.047989e-4,3.385645e-4,0.004433541,-5.117855e-4,-6.903343e-4,-2.572926e-4,0.03690191,0.167148,0.3178119,0.2429139,0.07815322,0.01951707,0.01874191,0.01994454,0.02498201,0.02753474,0.03079058,0.0366735,0.04125164,0.04742803,0.05225874,0.05638901,0.06577861,0.07139246,0.07874506,0.08848859,0.09684345,0.1033222,0.1120894,0.121054,0.1290847,0.1400241,0.1473803,0.1591841,0.1640704,0.1726816,0.185093,0.1941971,0.2026772,0.2171235,0.2313377,0.2448825,0.2640661,0.2831094,0.294796,0.3102327,0.3260677,0.3382021,0.3535823,0.3713053,0.3897142,0.4046281,0.4187256,0.4394483,0.4554422,0.4729679,0.4875564,0.5033048,0.5157345,0.5256243,0.5426846,0.5468271,0.5566007,0.5652084,0.5745672,0.5848022,0.5900474,0.602519,0.6042332,0.6013941,0.6041137,0.6036086,0.6106017,0.6161858,0.6133409,0.6201327,0.6229478,0.6220528,0.6272183,0.6263307,0.630413,0.635944,0.6347685,0.6574907,0.6611327,0.6770587,0.6902616,0.7054864,0.7219637,0.7393017,0.7652063,0.7897239,0.8099239,0.8425809,0.8872048,0.9169332,0.962094,0.9966472,1.0568,1.12397,1.165326,1.143078,1.163907,1.172846,1.207052,1.244168,1.219168,1.216441,1.252901,1.299792,1.250681,1.303627,1.292108,1.375665
545.998,-0.00518425,-0.004671208,0.001866951,-0.01452567,0.005119247,6.518801e-4,1.42068e-6,-0.0133745,-0.01820929,-0.007739195,0.003690484,-0.001246335,2.421517e-4,-0.008240736,0.004444731,0.003518533,-0.003475388,-0.003450736,-0.005434817,-0.002414858,-0.00247749,0.001391283,-0.003297348,3.385114e-4,3.468624e-4,2.361283e-4,0.001302126,-7.311033e-4,-0.00488719,5.030484e-4,-0.002670962,0.01084764,-0.00326309,-0.002860733,-4.151641e-4,-0.001889247,-3.321892e-4,0.003669079,-0.002666612,0.005083274,-0.00396694,0.003594076,0.001456496,0.002273309,-0.004184261,-0.01076003,0.002723699,-0.001875271,0.00285117,0.002456155,0.004634028,-0.001816138,2.24196e-4,-0.002430791,-0.001909294,-0.003243988,-9.772461e-4,-0.001705239,0.001461268,3.4757e-6,-0.002742995,-0.001689447,0.001338159,0.004642339,-0.00195166,-4.804415e-4,-6.231595e-4,-0.002709546,0.001600605,0.002796437,-0.00202273,-0.002749719,-0.001152869,-0.002008657,0.001479081,0.002394126,1.20166e-4,0.001481652,0.001784469,0.001530837,0.004210048,0.005122237,0.02421727,0.1487767,0.2945143,0.2791559,0.1159168,0.02484193,0.0165043,0.01927371,0.02299932,0.0248918,0.03061327,0.03335911,0.03759136,0.04312471,0.05008507,0.05329578,0.06097615,0.06477206,0.07470227,0.08059797,0.09012374,0.09730756,0.1036223,0.1132956,0.1199232,0.1280318,0.1410001,0.1493425,0.1547169,0.1635639,0.1709613,0.1819511,0.1914313,0.2042812,0.2129142,0.2270504,0.2416848,0.2577739,0.2750131,0.2902537,0.3051425,0.3170127,0.3316865,0.3433787,0.3614938,0.3789459,0.3939387,0.4090638,0.4252429,0.4441207,0.4578901,0.475199,0.4887259,0.4984019,0.5077655,0.5226702,0.5338526,0.5457683,0.5498957,0.554307,0.564496,0.5774518,0.5771044,0.5875722,0.5820489,0.5872514,0.5803339,0.5875857,0.5945941,0.5938112,0.5970732,0.5994212,0.6005312,0.6050988,0.6053318,0.6179055,0.6166032,0.6170058,0.6333536,0.6421728,0.6561262,0.6652028,0.6791012,0.702824,0.7162456,0.7514969,0.7769568,0.7961865,0.8286192,0.8651068,0.8955547,0.9387763,0.9889636,1.055912,1.092041,1.117163,1.127677,1.135824,1.157146,1.193781,1.182466,1.16755,1.21132,1.247439,1.252438,1.212075,1.207291,1.31,1.236328
548.339,-0.01296526,-0.00602862,0.003104373,0.003486056,-0.01730277,0.003948593,0.005754925,-0.01401663,-0.01380454,-0.007261112,-0.008870034,-0.007699781,-0.007007937,0.003970545,-0.005080081,-5.882012e-4,-0.008833526,-0.006172253,-0.004356979,-0.005205348,-4.963513e-4,-0.002230487,-0.002829846,-0.001015532,-0.002431273,0.002482025,-1.185083e-4,-7.325635e-4,-0.002583371,-0.001501496,0.001338213,-0.008808587,-0.004360922,0.003685928,-0.006240023,-0.001134628,-0.006641722,0.003061058,-0.007122575,0.005388777,-0.008852129,-0.004788989,-0.005813338,-0.009966485,-0.001119301,-0.00662616,-0.005466615,3.99294e-6,-0.007001004,-0.003193324,-0.004870279,-7.193971e-6,-0.004522256,-0.00597183,0.002550097,-0.002442552,-0.005084095,-0.006049921,0.001458066,6.838303e-7,-0.003606167,-0.008481719,-3.375438e-4,0.001327194,-0.00472504,-0.001273754,6.258637e-4,-0.001650768,-0.00566079,-0.00475421,0.00108353,0.001706059,-0.002697679,0.002137287,-0.004052082,-7.131878e-4,5.890315e-4,0.001147253,-0.001100268,0.003041663,0.005699797,0.01121157,0.1093001,0.3120545,0.3022352,0.1490694,0.03312564,0.01343911,0.01567885,0.02167331,0.02581173,0.02706325,0.03095569,0.0348212,0.03867482,0.04417185,0.05046401,0.05325958,0.05883629,0.06513575,0.07373162,0.0807091,0.08974224,0.09770654,0.102765,0.1130904,0.1177535,0.1270086,0.1375559,0.1436307,0.154218,0.1621278,0.1682439,0.1769858,0.1896627,0.1989208,0.2092832,0.2223773,0.2366797,0.2498486,0.2656258,0.2829082,0.2927468,0.3093596,0.3206433,0.3338525,0.3493251,0.3672162,0.3805058,0.3965197,0.4148021,0.430048,0.4448767,0.4572564,0.4677144,0.4825743,0.4872351,0.5020115,0.5198537,0.5261941,0.5303245,0.538994,0.551124,0.5546275,0.5609619,0.5574123,0.565138,0.5643875,0.5684033,0.5701259,0.5704209,0.5695768,0.5745596,0.57713,0.5814862,0.5880985,0.5841551,0.5877322,0.5976703,0.6057615,0.6144125,0.6191409,0.6295017,0.6466372,0.6640141,0.6833177,0.7032404,0.7265264,0.7431548,0.7630959,0.8048334,0.8308614,0.86434009999999994,0.9038079,0.9549447,1.015691,1.069783,1.045359,1.081645,1.090921,1.121517,1.141331,1.123342,1.157116,1.172145,1.181262,1.21378,1.228804,1.194355,1.236406,1.272796
550.68,-0.003919638,0.01944181,0.009978243,0.02332503,0.001292502,0.006598542,6.226069e-4,0.02622252,0.009413271,0.004356588,-7.490722e-4,-0.001498048,-9.726762e-4,1.460052e-6,9.537831e-4,0.009416599,-0.001610551,0.00816644,-0.001094835,0.002795451,0.005470831,0.003912197,-4.730319e-4,0.001923512,0.002320843,0.001658995,-0.001187831,7.351845e-4,2.731203e-4,-0.001841162,8.923785e-4,8.862114e-4,-0.004367697,-0.007382701,0.00375377,3.797488e-4,0.003663868,-0.001532558,0.007142708,0.008105178,0.01255177,3.041288e-4,-0.001166314,0.01171485,0.003083757,-8.213773e-4,0.001101837,0.00161006,0.002077804,-0.001480015,-0.001854254,0.002510617,0.005209967,0.005109424,-0.002342999,0.007744492,0.008242047,0.00133224,0.002927177,-0.001233973,-8.533542e-4,0.003234073,0.001514834,0.001829279,1.657548e-4,0.004167729,0.001248546,0.001059786,-0.002176412,0.00126459,8.152398e-4,0.001195945,0.001165403,-0.00137544,1.261088e-4,0.002768378,0.002934265,9.27275e-4,0.003366759,0.00316639,0.0103713,0.06990961,0.2569234,0.3520489,0.1964385,0.04515752,0.01631457,0.01660833,0.01987719,0.02123807,0.02532346,0.02829196,0.03258962,0.03783822,0.04397903,0.04632981,0.05256202,0.05981578,0.06057306,0.06784863,0.07408924,0.08253694,0.09309672,0.09582649,0.1018474,0.1116928,0.1191707,0.1245359,0.1377952,0.1439056,0.1535643,0.1601022,0.1660193,0.1744656,0.1841081,0.1952794,0.2043763,0.2167497,0.2282489,0.2461567,0.2602166,0.2741028,0.287573,0.2998716,0.3146988,0.3236912,0.3394298,0.3546392,0.3680606,0.3894609,0.4025454,0.411209,0.4262488,0.4435734,0.4555226,0.4648377,0.4777547,0.4873327,0.4956229,0.5056019,0.5180764,0.5191997,0.5307498,0.5386763,0.5371664,0.5404705,0.5454504,0.5449084,0.5435072,0.5496575,0.5574085,0.5480805,0.5570872,0.5553922,0.5603102,0.5647262,0.5662503,0.5708366,0.5744072,0.5844487,0.5903324,0.6036306,0.6113175,0.6312208,0.6432094,0.6597972,0.6765218,0.7035189,0.7293617,0.7597044,0.7874758,0.8056219,0.8410006,0.8869444,0.9359767,0.9972417,1.013524,1.014942,1.038031,1.072983,1.084833,1.109306,1.124477,1.114562,1.182455,1.155555,1.177692,1.164536,1.21163,1.206498,1.274963
553.022,-0.01044829,-0.01010212,0.005610606,0.008758811,-0.003873117,0.01390487,-0.009007828,0.003661145,0.004421296,0.005842085,-0.007793631,0.002486804,-0.003888818,-0.007991299,-9.647364e-4,-0.006196727,-0.001078928,0.002978403,-0.001535929,0.001866901,-0.006480663,1.393172e-4,-0.003673036,-4.537989e-4,-0.002094157,1.183367e-4,7.148145e-4,3.377734e-7,0.002734218,-0.00335831,-0.004475576,-0.00708003,-7.277235e-4,0.006593254,-0.01881028,-7.601398e-4,0.008011087,0.006460224,-0.003575077,0.01023324,0.00399578,-0.004216169,-0.00174922,-0.01230391,-0.005611659,0.001116888,-0.002741355,-0.002684308,0.004958211,-0.003214671,7.015952e-4,-0.007068212,-0.002267731,0.003787061,-0.00127769,-0.002447421,-0.001566948,3.824886e-4,-5.451573e-4,-0.001410992,-0.004660293,0.002901103,-0.001848216,6.489589e-6,-0.002131184,-0.002410611,-0.001404264,3.29716e-6,-0.004368105,-0.001816922,-9.492169e-4,-3.89245e-4,-0.003865134,1.300015e-4,-8.545464e-4,-0.001077049,-0.00221145,0.004593223,4.657347e-4,0.008727102,0.05237707,0.2073168,0.3269368,0.2421883,0.07003135,0.01706282,0.01357548,0.01708104,0.01881896,0.02294007,0.02681092,0.02704753,0.02992574,0.03607112,0.04194435,0.04748641,0.05306438,0.05805611,0.06147431,0.06675265,0.0747322,0.08129856,0.08865835,0.09844588,0.1017134,0.1069266,0.1179375,0.1255023,0.1351642,0.1422304,0.1516711,0.1548644,0.1627224,0.1702682,0.180927,0.1896666,0.2014786,0.2137933,0.2232511,0.2391511,0.2544985,0.2676237,0.2787269,0.2902055,0.3027357,0.3142095,0.3304861,0.3447011,0.3564835,0.3719885,0.3882892,0.4026339,0.4156045,0.4334073,0.4371008,0.4489313,0.4586276,0.4725742,0.4775008,0.4825735,0.4922804,0.5001799,0.5061918,0.5110037,0.518017,0.5204997,0.5238937,0.5255989,0.5271127,0.526747,0.5282538,0.5305896,0.5363139,0.5369559,0.5473588,0.5442105,0.541682,0.5495216,0.5578086,0.5620535,0.5742717,0.5821134,0.5911318,0.5987916,0.6146145,0.6373922,0.6525873,0.6626206,0.6998298,0.7342487,0.7627311,0.7858688,0.816339,0.8499326,0.9069062,0.9566458,0.9724215,0.9839816,1.006205,1.023734,1.025398,1.044741,1.051995,1.075374,1.088754,1.106653,1.083917,1.109933,1.193395,1.129026,1.214086
555.364,-0.02279639,-0.01683066,-0.01501464,0.01228702999999999,-0.007709307,-0.002647579,-0.01030041,0.007354811,0.00443969,6.700193e-6,5.352908e-6,-0.01198636,0.001217381,0.009839522,0.008942855,-8.830591e-4,-0.004037562,-0.00198245,-0.003939794,-0.002801088,-0.001164027,1.414807e-4,-0.001660212,-6.802714e-4,6.986363e-4,6.244055e-7,0.001549523,-7.368337e-4,-5.467567e-4,3.388646e-4,-0.006945751,8.857718e-4,0.003654076,8.207533e-4,-0.007111962,-0.00798955,-0.004008361,8.104179e-8,0.001492416,0.004818987,-1.766635e-6,-0.008442906,-0.007318908,0.002005364,1.685331e-6,-0.004724318,5.466247e-4,0.003772791,0.001822661,-7.427501e-4,2.23629e-4,0.001367511,2.196634e-4,8.889102e-4,-0.006409034,-0.001233749,-0.00157993,-0.00609748,7.334506e-4,-0.001414632,-0.001383053,-0.003583061,0.002024493,6.664776e-4,-0.002130517,-8.812023e-7,-0.003131102,-6.112933e-4,-5.825101e-4,-1.420348e-4,-1.329596e-4,-1.371893e-4,-0.002199853,0.005688475,0.001238243,0.001562254,0.00141303,0.002869409,0.004710069,0.03390752,0.1946623,0.3266223,0.2536315,0.09572858,0.0193567,0.01097731,0.01124264,0.01796362,0.01993058,0.02326425,0.02682562,0.02729363,0.03149566,0.03694438,0.03984182,0.04612049,0.05252854,0.05752902,0.06257722,0.06617319,0.07293274,0.07867174,0.08623763,0.09253998,0.101253,0.1091247,0.1151908,0.1232866,0.1324023,0.1397826,0.145418,0.1536729,0.1597043,0.1664374,0.1773126,0.1850215,0.1953714,0.2067931,0.2194369,0.2345197,0.2467093,0.2609225,0.2697168,0.2827452,0.294101,0.3066168,0.3211139,0.3298562,0.3441632,0.3590147,0.3733441,0.3905421,0.3996658,0.4117812,0.425277,0.4314512,0.4419617,0.4502586,0.4594347,0.4680676,0.4720676,0.4829026,0.4854434,0.4919218,0.4932676,0.5042667,0.4989953,0.5069292,0.5020813,0.5050808,0.5103175,0.5122607,0.5151731,0.5152237,0.5202917,0.5219792,0.5300678,0.5305287,0.5364021,0.5433865,0.550443,0.5570436,0.5695625,0.5824362,0.5964219,0.6145373,0.6333637,0.6533274,0.6804045,0.7032822,0.7271277,0.7606044,0.7748927,0.8141603,0.8945146,0.9162146,0.937447,0.9566038,0.9676342,0.9936916,0.9901653,0.9961614,1.009825,1.043749,1.081509,1.094843,1.071632,1.085732,1.099702,1.071212,1.14117
557.707,0.02940788,0.01485716,0.01444076,0.01644247,0.01616987,0.02332175,-0.001932942,-7.341388e-6,0.007814821,0.02445135,0.01864371,0.007520598,0.004634021,0.00586039,0.009299726,0.0165987,0.008647373,0.007980067,0.005278664,0.009384233,0.001669834,0.005346787,0.003453368,0.005355674,0.003624617,0.005370855,0.004667997,0.004931956,0.003020755,0.006078062,0.006525335,0.0112671,0.01284151,0.006620373,0.01470374,0.01490108,0.002683335,0.004328121,0.00539354,0.015725,-6.162218e-4,-0.003329452,0.006469634,0.012655,0.009594502,0.01283367,0.002759081,0.002706369,0.01047143,0.01018116,0.00867362,0.00550418,0.004108924,0.005145244,0.004717901,0.003489542,0.004746963,0.002877617,0.005533136,0.007286837,0.009372874,1.70963e-4,0.004744761,0.004686744,0.007913224,0.008714905,0.00329834,0.005170391,0.003959935,0.006925619,0.005880499,0.004242912,0.007003936,0.006225707,0.005586855,0.006421826,0.004607876,0.005531065,0.02538276,0.1308871,0.3543474,0.3070388,0.1231488,0.02826913,0.01522633,0.01527003,0.01587461,0.02023861,0.02445031,0.02576666,0.02901828,0.03235435,0.03720631,0.03989706,0.04173184,0.04943846,0.05152837,0.05894208,0.06762657,0.07036655,0.0749728,0.08229547,0.08862214,0.09355214,0.1005359,0.108286,0.1165346,0.1235372,0.1289795,0.1389796,0.1454191,0.1501217,0.1591022,0.165571,0.1719918,0.1830181,0.1944012,0.2026197,0.2119828,0.2279895,0.2427184,0.2540364,0.2634304,0.2757435,0.288019,0.2950038,0.3114717,0.3231938,0.3321562,0.349291,0.3598593,0.376915,0.3913927,0.4012546,0.4076782,0.4236318,0.4286179,0.4361668,0.4460183,0.456143,0.4624832,0.4650345,0.4727245,0.4789452,0.481062,0.4859639,0.4837931,0.4828445,0.4889312,0.4847042,0.492409,0.4956598,0.4939431,0.4989756,0.5056309,0.5058209,0.5112613,0.5092251,0.5235099,0.5300051,0.5365069,0.5440203,0.5521564,0.5698636,0.577318,0.5952727,0.6136987,0.641969,0.6581489,0.6778915,0.7034558,0.7294167,0.7653895,0.8222313,0.8661187,0.8849616,0.8902199,0.9289102,0.9444504,0.9601554,0.9781252,0.9678127,0.9774664,1.023299,1.049665,1.019945,1.058777,1.100787,1.06141,1.100575,1.209003
560.051,0.003277676,0.002716069,0.004413829,-0.001775489,0.01753501,-0.004684903,0.01814077,0.03947878,0.004479221,0.007370411,0.005253658,0.005530941,0.005386654,0.006808005,-6.401602e-4,0.00238678,0.00732164,0.003500201,0.007943964,0.001691845,0.003349763,0.005367415,0.001433707,0.001372502,-0.002815385,-5.988164e-4,0.002761919,-3.710685e-4,0.003305501,0.003898272,0.0063204,0.008328738,0.008833424,-0.00497974,0.01137963,0.007666374,0.008412627,3.101448e-4,-9.023447e-4,0.002427306,0.01113328,0.002735855,-0.001771051,0.004613259,0.003394208,-0.001961837,0.006643669,0.008962203,-0.001049446,-0.002987548,0.001646773,0.001839193,0.001143217,0.003359453,0.005380654,8.286001e-4,0.001585876,0.00421326,0.008312498,0.005169947,0.001044841,0.002062801,0.002208973,0.001679992,0.002478409,0.002756354,0.007247741,0.002896153,5.897979e-4,0.001980317,0.003972459,0.001332686,0.002467389,0.005351911,0.001500989,0.006809895,0.005096299,0.01598834,0.09540378,0.2763988,0.3939088,0.1794989,0.04173587,0.01442021,0.01755418,0.01791034,0.01818551,0.01986144,0.02461259,0.0259272,0.02726368,0.0312093,0.03643063,0.03829727,0.04367074,0.04900547,0.05266052,0.06018855,0.06196046,0.06717273,0.07570916,0.08164196,0.08857622,0.09550813,0.09546328,0.1059187,0.112183,0.1202988,0.1292815,0.137176,0.1422347,0.1482301,0.1553021,0.16127,0.169403,0.1765421,0.1869868,0.1959114,0.209001,0.2252762,0.2325044,0.2472629,0.2568169,0.2685134,0.2777718,0.285661,0.2977349,0.3099835,0.330036,0.3408839,0.3501103,0.363074,0.3761897,0.3866591,0.3914814,0.4045681,0.408775,0.4185958,0.4256628,0.4340395,0.4416403,0.4495056,0.4511315,0.4582018,0.4647206,0.4585109,0.4648722,0.4628712,0.4728491,0.468058,0.4718785,0.4762933,0.4806525,0.480744,0.4857934,0.4930527,0.4854373,0.4901512,0.4946716,0.5084099,0.5163757,0.5192416,0.5356734,0.5483378,0.5674659,0.5733736,0.5888469,0.6124714,0.6398008,0.6521364,0.687607,0.7142207,0.7476416,0.797829,0.8259597,0.8459362,0.8593479,0.8858283,0.9067124,0.9474491,0.9330329,0.9454971,0.9566872,0.96888,0.9757527,1.026458,0.9958123,1.031743,1.07492,1.034639,1.076667
562.395,-0.01845052,-0.02246641,-0.04051065,-0.02367873,-0.01302261,-0.03287727,-0.01886922,-0.01177079,-0.02079028,-0.02119236,-0.01917615,-0.008336577,-0.01278945,-0.01213021,-0.01583092,-0.003292602,-0.005450148,-0.0135661,-0.006424194,-0.007187786,-0.001514031,-9.931303e-4,1.200797e-4,-0.004707795,-0.001766853,-0.004208023,-0.00337572,-0.005589164,-0.006777007,-0.00850735,-0.007252882,-0.005376709,-0.01182651,0.002087679,-0.01608204,-0.01308627,-0.008785206,-0.008096911,-0.008452665,-0.009138553,-0.01769602,-0.008838254,-0.009769142,-0.005214514,-0.01307112,-0.002810293,-0.01028196,-0.001091895,-0.01160247,-0.006001554,-0.006379372,-0.007619443,-0.00759031,-0.01146742,-0.006482846,-0.004343223,-0.007365584,-0.008275782,-0.01261591,-0.003402169,-0.01171521,-0.005352052,-0.003927594,-0.0055706490000000004,-0.008466194,-0.005848741,-0.008699428,-0.006429926,-0.003984315,-0.006544086,-0.001237493,-0.003474796,-0.002478585,-0.001401097,-0.003869355,-0.001694278,0.005016741,0.07367763,0.219223,0.322561,0.2562454,0.05354958,0.008520249,0.007490507,0.009980214,0.01008769,0.01236256,0.01773082,0.01792355,0.01903953,0.02680979,0.02785336,0.03306277,0.04048042,0.04037375,0.04399084,0.04984915,0.05404105,0.06293856,0.06624515,0.07097362,0.07686763,0.08313472,0.08864162,0.0964351,0.1029057,0.1112602,0.1137927,0.1263021,0.13091,0.1366024,0.1438853,0.1493673,0.1565666,0.1639463,0.170241,0.1815908,0.1927445,0.2025524,0.2143938,0.2246181,0.2371238,0.2462664,0.2561241,0.2704554,0.2749695,0.2892153,0.3021219,0.3123711,0.3251227,0.335858,0.3472006,0.3522823,0.3672364,0.3756045,0.3848429,0.395016,0.4020551,0.4114685,0.4116855,0.4205129,0.4267815,0.4361518,0.4411634,0.4434383,0.4450757,0.4440335,0.447563,0.4565816,0.4468017,0.4523052,0.4594463,0.4635808,0.4592761,0.4658412,0.4666461,0.470162,0.4672169,0.4794398,0.4845272,0.4912345,0.5039961,0.517024,0.5303442,0.5439769,0.5483884,0.5735933,0.5903811,0.6134525,0.6410486,0.6586277,0.6980272,0.7244441,0.7842323,0.7767048,0.7969527,0.8254382,0.8412034,0.8731502,0.8831234,0.885844,0.8908484,0.9183026,0.9156292,0.9150063,0.932856,0.9381302,0.9524015,0.9679486,0.9180588,0.9358944
564.74,-6.970022e-4,-0.01432968,-0.0114273,0.01127837,-0.007211011,0.009428789,0.005199985,-0.01491303,-0.02422026,0.003947638,0.005272953,0.001012781,-3.684741e-7,0.007476251,0.01199462,-0.006590977,0.003005605,0.003020007,-0.007784367,-0.007016076,0.001011066,-0.002414554,-0.00276708,1.062589e-6,-0.002244407,0.0025322640000000002,0.00193458,-0.003985829,-0.002358024,0.00153546,2.273135e-4,-0.01108336,-0.001482111,-0.01128201,-0.002546259,0.01235045,5.943607e-7,0.0031233,0.002724667,-0.008248827,-0.002804569,0.007031157,-0.001487525,-0.005230144,0.004562057,-0.005637142,-0.003344776,0.002462562,0.00290877,0.007775617,0.003081686,-0.006014963,-0.001839928,-0.006094453,-0.004550956,-0.004975894,0.004000208,5.731371e-4,-0.002790565,0.002334177,-0.001050438,-0.005194124,0.001026421,-0.004227879,9.93025e-4,-0.00342175,-0.001429307,-7.713861e-4,-0.004144657,0.004852661,-0.001789883,0.001344886,5.300362e-4,0.004745449,0.005650327,0.00270621,0.05715923,0.1992427,0.2933119,0.2172551,0.1043222,0.01475132,0.008613588,0.01126051,0.008853249,0.01673233,0.02095456,0.02088769,0.02237424,0.02619581,0.02688792,0.03111788,0.03449883,0.03610073,0.0443271,0.04625387,0.05360055,0.05829601,0.06299375,0.06717751,0.07187606,0.07795092,0.08438377,0.09178377,0.09510371,0.1016368,0.1087056,0.1155655,0.1214452,0.1305041,0.1350495,0.1409853,0.1469477,0.1520761,0.160825,0.1674202,0.1769502,0.1884528,0.1988469,0.2131015,0.2222579,0.2331911,0.2425581,0.2501588,0.2586435,0.2668588,0.2809623,0.292475,0.3001167,0.3132032,0.3232397,0.3365314,0.3466238,0.35957480000000003,0.364716,0.3746208,0.3823318,0.3858049,0.393682,0.402145,0.4058752,0.4176383,0.4199929,0.4263994,0.427685,0.4267028,0.4294602,0.4339134,0.4356156,0.4332685,0.4367324,0.4405109,0.4414932,0.4457575,0.4463354,0.4464472,0.4533197,0.4594722,0.4583576,0.4734781,0.4766859,0.4838571,0.4946067,0.511266,0.5222134,0.5344052,0.5511468,0.574331,0.59123,0.6219592,0.6441996,0.6672475,0.7194309,0.7512423,0.7506117,0.7775641,0.8021649,0.824564,0.8507618,0.8389418,0.8436585,0.8793956,0.8652032,0.9063866,0.9247568,0.8949219,0.8829384,0.9103441,0.9570284,0.9364235,0.9472693
567.085,-0.02057059,-0.02811598,-0.01786273,-0.005366272,-6.515167e-4,-0.0108212,-0.02884409,-0.01311328,-0.002272165,-0.00198387,-0.01363467,-0.005842708,-0.00173539,-0.00407272,-0.001633157,-0.007817394,-0.0106991,-7.61886e-4,-0.005357125,-0.004193273,-5.084718e-4,-0.002574526,-0.001570629,-0.002892959,-4.747305e-4,-0.00436137,-0.003765979,-0.002127284,-0.008778144,-0.002571201,-0.004795252,-0.004211247,0.005584541,-0.003357919,-0.009806567,-0.01473337,-0.01633785,-0.005962014,-0.008818975,-0.001227173,9.395917e-4,-0.006450562,-0.005368389,-0.001749671,-0.01030733,-0.01387013,-0.00252027,-0.009891214,-0.004781189,-0.003526258,-2.341157e-4,-0.004654278,-0.004166282,2.308479e-4,-0.005223827,-0.003539258,-0.003413367,-0.001363327,-0.003739751,-0.001440683,-0.005105529,-0.00451852,-8.620015e-4,-0.002547978,-0.003674927,-0.003272526,-0.009561972,7.711994e-4,-0.002372084,-0.00473073,-0.00304705,-0.001877565,-0.001833155,-3.814675e-4,0.001524563,0.03821022,0.1787324,0.2984737,0.2259745,0.08828185,0.02366538,0.006516739,0.009486634,0.009825247,0.01034027,0.01034625,0.01273438,0.0183964,0.01770623,0.02497054,0.02473902,0.02860083,0.03240039,0.0388831,0.03878378,0.04464819,0.0507907,0.0540634,0.05943476,0.06350095,0.06981195,0.07706966,0.08220404,0.08679327,0.09512246,0.09993749,0.104325,0.1134261,0.1188551,0.1252692,0.1318963,0.1360653,0.1421779,0.1478476,0.1561248,0.1645693,0.1717988,0.1830788,0.1930192,0.2033841,0.2109389,0.2202216,0.2322714,0.2388167,0.2517097,0.2575476,0.2705425,0.2812547,0.2888944,0.303144,0.3121914,0.3216729,0.3353336,0.3375505,0.3499243,0.361127,0.3640348,0.373687,0.3822332,0.3858145,0.3950935,0.3970396,0.4019629,0.4077468,0.4117209,0.4108173,0.4146044,0.4149346,0.4139016,0.4205053,0.4235407,0.4264912,0.4245096,0.4326841,0.4309156,0.4359983,0.436577,0.4459455,0.4472624,0.4506731,0.4565957,0.473523,0.48085869999999997,0.4946634,0.5015273,0.5141884,0.5305782,0.5527444,0.5709512,0.5950437,0.6103496,0.655143,0.7031745,0.726175,0.7132359,0.7495669,0.7816581,0.7917828,0.8049431,0.8267731,0.8267797,0.8358151,0.8586922,0.8683997,0.8681572,0.8890086,0.9028853,0.8865111,0.8407549,0.8467532,0.9224492
569.431,0.001339363,0.02268426,0.00639172,-0.00958967,6.515663e-4,0.006781413,0.001316319,-0.005646779,-0.00228712,4.91777e-4,-0.001154309,7.709494e-4,0.004467971,-0.001887718,-0.003276084,0.004524635,0.00330036,0.00304567,-9.074451e-4,0.005355455,-0.004084433,0.004014391,-0.00230525,0.001509091,0.001785758,0.003524957,0.003170483,-0.001130634,0.001258871,-0.002752361,0.001604348,9.047856e-4,0.005232397,0.005480826,0.01283773,-0.001946636,0.01230183,-0.001260624,-0.01099052,0.004929813,-0.005337982,-3.047031e-4,0.0107801,0.004395988,-0.006897814,0.001423697,0.006472875,0.002207906,-0.003194981,0.003291641,0.002395469,0.00467231,-0.007448043,4.588853e-4,-0.00109163,-4.181243e-4,-0.005634904,0.002731073,0.004326379,0.004710249,0.001947623,0.001573619,-0.002760089,-6.807369e-4,0.003363061,0.006578198,0.005443877,-0.003251178,0.008218086,0.003026202,0.003063219,5.463779e-4,0.005423798,0.004924491,0.02258221,0.1565951,0.3159478,0.2669726,0.1032267,0.02712841,0.008354453,0.009593427,0.01319047,0.01145835,0.01715468,0.01856729,0.01865177,0.01999,0.02542489,0.02506597,0.03110667,0.0312239,0.03600502,0.04034979,0.04519616,0.04799692,0.05190599,0.05571073,0.05900066,0.06448791,0.07141865,0.07622204,0.0834022,0.08689208,0.09208513,0.09721351,0.1056213,0.1109978,0.1188159,0.1234197,0.1465029,0.134874,0.1397375,0.1482402,0.1513608,0.1600238,0.166562,0.1761419,0.1832992,0.1993886,0.2083622,0.2171066,0.2285042,0.2318144,0.2432368,0.2474663,0.2607178,0.272046,0.2809554,0.2946359,0.3052034,0.3100803,0.3221159,0.3333397,0.3383878,0.3440373,0.3527863,0.357138,0.3657121,0.3734761,0.3791286,0.38742,0.3865847,0.3918685,0.3961537,0.3935695,0.3989765,0.403366,0.3971597,0.4039828,0.400305,0.4066937,0.4112974,0.4124286,0.4168921,0.4174835,0.4262902,0.4235542,0.4318885,0.4404384,0.4502029,0.4574319,0.463049,0.4756088,0.486685,0.5006766,0.5177663,0.5346434,0.5479755,0.5750208,0.5982327,0.6508345,0.6860285,0.6994652,0.6999897,0.7221179,0.7530411,0.7511302,0.7770873,0.794368,0.8004553,0.8065616,0.8253659,0.8622696,0.8483293,0.8518703,0.8287304,0.8845744,0.8668337,0.8971371,0.9437044
571.778,0.003985135,0.0186711,0.01671624,0.005410584,0.01257653,-0.001381027,0.008590569,0.01006766,0.01084905,0.02302124,0.004577523,0.0020416,-0.001004889,-0.00378967,-0.001644105,0.00575556,-5.552608e-4,0.005359442,-6.765431e-4,0.006340098,0.002051018,7.182249e-4,-9.748808e-4,0.002798262,-3.594447e-4,0.001221471,-7.350188e-4,0.002270748,0.002107901,0.001902287,0.002993641,9.101516e-4,0.007884759,0.003813034,8.56764e-4,-0.003131233,0.01441786,-6.341203e-4,-9.201474e-4,0.004952125,0.007574407,-0.003095193,0.009324123,0.009127017,0.004335106,0.009426413,-0.008188767,0.009698826,0.001076513,0.001019936,0.001680506,-0.00281366,0.004448832,0.009600297,0.009440147,0.004417509,8.105334e-4,-0.003322764,-0.002073802,0.001818453,-7.645384e-7,-1.736688e-4,0.002429403,-3.581803e-7,0.005574162,1.697132e-4,0.001126406,9.343821e-4,7.499983e-4,0.004052773,-2.784623e-4,0.004350413,0.004122567,0.01342462,0.1039806,0.3060234,0.2977794,0.1404104,0.02644481,0.006294529,0.0109927,0.0115353,0.01478087,0.0154888,0.01684297,0.01562624,0.01653167,0.02178859,0.02126676,0.02747287,0.02904773,0.03429602,0.03563685,0.03898742,0.04546656,0.04821373,0.05148477,0.05527297,0.06072108,0.06432605,0.069177,0.07350178,0.08260722,0.08505279,0.09260655,0.09833758,0.101191,0.1084368,0.1142982,0.1195006,0.1246264,0.131762,0.1364488,0.1425537,0.1483467,0.15545900000000001,0.1637005,0.1715143,0.1815458,0.1923223,0.2034458,0.2077774,0.221374,0.2251524,0.2360461,0.2462929,0.2544078,0.2633788,0.2710067,0.2845741,0.2921668,0.3041864,0.3101422,0.3168505,0.3243063,0.3374952,0.3426323,0.3497527,0.3560861,0.3529321,0.3629362,0.3686715,0.3761177,0.3781655,0.3813918,0.382926,0.3828062,0.3868797,0.3879808,0.3886254,0.3911185,0.3931867,0.3960496,0.3999411,0.4000308,0.3988857,0.4126763,0.4170697,0.4174891,0.4187919,0.4351043,0.4401054,0.448076,0.4579464,0.4712862,0.4892459,0.5037843,0.5218034,0.5310277,0.5529506,0.5902819,0.6337572,0.6520415,0.6568301,0.672677,0.6999788,0.7169779,0.733361,0.76289,0.7782765,0.7656429,0.7782255,0.7874892,0.7880375,0.8232446,0.8490804,0.8475654,0.8101936,0.9190123,0.8912072,0.8911796
574.125,0.01281021,-0.006948569,0.0207139,0.002417118,0.01066333,0.004813973,-0.008670775,0.001899179,0.00112599,-0.01109975,-7.656993e-4,0.003882665,-0.00100877,-6.336451e-4,-0.001984504,-0.008860042,2.766863e-4,-0.001286701,0.001356979,-0.001356643,5.146318e-4,0.002178414,7.35494e-4,-7.052476e-4,2.412278e-4,3.694836e-4,-0.00110919,-2.536472e-4,0.003819148,6.966539e-4,-0.003941048,1.395632e-7,0.00604871,0.003838041,0.008655952,-2.160021e-6,-0.006911789,0.007963825,0.004940031,9.346796e-4,-0.002857005,-0.005925376,0.001815098,-2.96447e-4,0.006975446,0.001148379,0.003699213,0.005578931,-0.00350659,-0.001024129,0.00652071,0.005200846,-0.002120195,-0.003443921,0.002430441,-0.00444084,0.006104473,0.004126934,-1.620829e-6,-0.003479242,-5.396597e-4,-0.001942949,-0.001743069,-0.003797525,-0.00118983,-8.275963e-4,4.891887e-4,6.314886e-4,-0.00150612,5.873058e-4,0.00408812,0.008344732,0.006026005,0.07632766,0.2386665,0.3246695,0.1661349,0.0379566,0.008129269,0.004865102,0.008219954,0.01214468,0.014876,0.01569387,0.01675185,0.01373653,0.01820856,0.01921517,0.02333612,0.02824342,0.02667746,0.03236429,0.03664081,0.03784463,0.04405582,0.04423024,0.04984305,0.05550757,0.05984012,0.06439635,0.06963599,0.07461811,0.0779167,0.0828975,0.09113948,0.09418658,0.1019475,0.1038479,0.1149171,0.1154357,0.1216539,0.1283072,0.1327881,0.1389702,0.1440112,0.1516038,0.1572266,0.1674657,0.1753661,0.1854095,0.1948872,0.205243,0.2100315,0.218043,0.228876,0.2361734,0.2448598,0.2506583,0.2589914,0.2715754,0.2836889,0.2929447,0.3004875,0.3125942,0.3123465,0.3192004,0.3264038,0.3322694,0.3422027,0.3445223,0.3551511,0.3593783,0.3573709,0.3606438,0.3665364,0.3684989,0.3678874,0.3687153,0.3699026,0.3733668,0.3721729,0.3766363,0.3799047,0.3820981,0.3838858,0.3882173,0.3879981,0.395314,0.3965044,0.4073516,0.4180365,0.4270406,0.4360527,0.4415889,0.4560452,0.4673488,0.483714,0.5017979,0.518876,0.5391054,0.5835151,0.6214272,0.6291692,0.6272121,0.6331992,0.6664966,0.6894094,0.7093266,0.724609,0.7373179,0.7261562,0.7665119,0.7885497,0.7748577,0.7905529,0.8043145,0.7672529,0.8315144,0.8077355,0.8265883,0.8489139
576.472,-0.002687774,-0.006985815,-0.01170414,0.009738158,0.002677248,0.01518962,-0.01673289,-0.01081186,-0.01792701,-0.002535061,-0.005017514,0.005720839,-0.001260869,-0.005438367,-0.003650313,0.001232268,-0.009797949,5.218919e-4,-0.008195121,-0.003111637,-0.006921305,-8.760676e-4,-0.001356281,0.002244236,-3.625752e-4,6.190322e-4,0.002479733,0.003065927,-0.001707045,-0.001051139,-0.005128064,-0.001844357,0.007222411,0.01243154,0.004351726,-3.966895e-4,0.009384066,0.006085803,0.001552089,-0.004386281,-0.001278738,0.008155482,-0.001830135,-0.002978746,-0.003795696,-0.006357381,-0.007150089,-0.005609342,0.004609701,-0.00180388,0.002188855,0.00332722,-0.005211352,-0.006247714,-0.002667057,-0.006171043,-0.004304916,0.004354905,-0.004200196,0.003312744,-7.224582e-4,0.001244226,0.001053354,0.002951448,0.001879829,0.004178888,-0.002605357,1.573619e-4,-0.004397928,0.006148691,0.004248372,0.001528886,0.04566996,0.2007056,0.2991816,0.2146442,0.05282291,0.006823059,0.005367895,0.004998738,0.008264422,0.006540316,0.01132456,0.0151658,0.01133378,0.01457582,0.01682372,0.02268656,0.02488523,0.02514466,0.02541636,0.03102759,0.03537751,0.03879644,0.04315713,0.04852822,0.05112346,0.05435017,0.05569855,0.06339666,0.06600153,0.07403251,0.07692088,0.08298826,0.08737171,0.09318629,0.09585722,0.102045,0.1085689,0.1146705,0.1202024,0.1239058,0.1275056,0.1343764,0.1385745,0.1449355,0.152657,0.1607758,0.1693945,0.1780673,0.1890829,0.19741619999999999,0.2066145,0.2116741,0.2152511,0.2245473,0.2353433,0.2420575,0.2537277,0.2649306,0.2727246,0.2829128,0.2858167,0.291582,0.3004437,0.3055493,0.3166287,0.3194209,0.3278664,0.3312128,0.3347605,0.3457023,0.3452127,0.3464619,0.3504899,0.3519466,0.3541225,0.3552353,0.3580949,0.3586135,0.3579346,0.3626731,0.3678161,0.3693781,0.3720704,0.3751598,0.3755121,0.3833203,0.3882629,0.3972797,0.4006628,0.4079034,0.415195,0.430465,0.435259,0.4450552,0.4612447,0.4848982,0.4970863,0.5253063,0.5554635,0.5839357,0.5920022,0.5941624,0.6159178,0.6397207,0.6688269,0.6808958,0.698779,0.7015521,0.7217323,0.7325146,0.7390583,0.7417759,0.7571371,0.7515749,0.7403974,0.7719112,0.7414468,0.8473624,0.8090265
578.821,0.02109511,0.03021367,0.009152064,0.0110024,0.01817125,0.009021744,0.009404154,0.02174732,0.02379544,0.02644833,0.003491976,-2.56018e-4,0.005077297,-6.440608e-4,0.01533912,0.006478308,0.00281933,-0.00103347,0.005033656,0.001563003,0.003995868,0.007619034,0.004212944,0.004505055,0.003162512,0.003726393,0.004359303,0.001538981,0.005713471,0.008784508,0.002808528,0.00277823,0.005724736,0.002150663,0.002627639,0.01192503,-6.972149e-4,-3.223869e-4,0.007481153,0.007865158,0.006091743,0.01102445,0.006724419,0.003587065,0.006160252,-0.001451867,0.01004854,0.01154952,0.00680736,0.006456614,0.003657289,0.004771356,0.008791709,0.009988175,0.003794647,-8.531728e-4,0.001229475,0.004571813,0.005368001,0.001664506,0.00180368,0.002315864,0.005470043,5.225458e-4,0.001029419,0.004865975,0.004250746,0.004113669,0.008539379,0.003232828,0.002848886,0.0365208,0.1679424,0.3133447,0.221778,0.07588538,0.01340591,0.008636681,0.01006216,0.009449103,0.01095175,0.01354138,0.0166849,0.01696033,0.01573201,0.01664555,0.02081422,0.02013315,0.02320688,0.025762030000000002,0.0318438,0.03461327,0.03412995,0.039401,0.04462681,0.04678537,0.05105904,0.05463124,0.05948359,0.06104748,0.06671824,0.07548956,0.07705034,0.08050784,0.08558603,0.08970561,0.09522633,0.1005232,0.1080291,0.1115337,0.1178406,0.120901,0.1258484,0.1307413,0.1354897,0.1433785,0.1498978,0.1570906,0.1649879,0.1766055,0.1839666,0.1890476,0.2001475,0.2055646,0.2117662,0.2200779,0.2261726,0.2375122,0.2434296,0.2541074,0.263394,0.272186,0.2783045,0.2867021,0.2958878,0.2956776,0.3013987,0.3082257,0.3175762,0.3220264,0.3249634,0.3255371,0.3322884,0.3402927,0.3376502,0.3379144,0.3395007,0.3415108,0.3470858,0.344247,0.3476573,0.3482464,0.3515462,0.3553107,0.3623458,0.3592899,0.3629745,0.3661697,0.3721498,0.3777685,0.3781676,0.3991369,0.3986692,0.4134789,0.4208458,0.4331892,0.4518903,0.4626201,0.4885419,0.5080271,0.570381,0.581254,0.5723934,0.5875044,0.593344,0.6268738,0.6526475,0.6666363,0.679402,0.6811535,0.6911261,0.7019895,0.7337586,0.7338585,0.7636488,0.7628775,0.7700789,0.7913005,0.7168554,0.8007183,0.8888958
581.169,-0.006147618,0.02685091,0.005252533,0.002449088,-0.004730465,0.01880345,0.002724715,-0.003220949,6.009664e-4,0.01586022,-0.006622646,0.004722461,0.005109178,-0.004841849,-0.005710423,0.006818448,-0.002251235,0.003914377,-6.851948e-4,0.00255,0.004888454,0.002942436,0.001245387,2.393657e-4,2.443802e-4,0.004368138,3.75649e-4,-3.871873e-4,-8.614861e-4,0.006535023,0.004470847,0.005270607,-1.252343e-6,8.66838e-4,0.008785026,0.006790858,0.008418643,-9.690901e-4,-0.002507454,0.002529558,-0.008058078,-0.0132931,7.393564e-7,-0.004210103,-0.007371536,0.00408309,0.001442538,0.009908832,-0.003283518,-5.182331e-4,9.80705e-4,0.002875753,-0.006933659,0.002099511,0.003363382,0.006656811,1.045394e-6,0.002397954,1.913042e-4,-0.002415199,0.003810919,-1.794185e-4,0.00123976,0.005078789,0.004825903,6.758082e-4,-0.001804196,0.0023912,0.004445614,-0.003835845,0.02805257,0.1429229,0.2780527,0.2696753,0.09173794,0.01535505,0.009139397,0.00651516,0.009765003,0.01133139,0.01088868,0.01102553,0.01488969,0.01378512,0.01610619,0.01885998,0.02092775,0.02198131,0.02458028,0.02589108,0.03008115,0.03138821,0.03585791,0.03952727,0.04074113,0.04328431,0.04722775,0.05425553,0.05583016,0.05993954,0.06494995,0.06833733,0.07575575,0.07728017,0.08183449,0.0891925,0.09216658,0.09747596,0.1024791,0.1088451,0.1134337,0.1169856,0.1224163,0.1273388,0.1317214,0.1371104,0.1452597,0.1497907,0.1581637,0.1699033,0.1754727,0.1857909,0.1912119,0.2008822,0.2041747,0.2072734,0.2150541,0.2256713,0.2362298,0.2432091,0.2491094,0.2584647,0.2662041,0.2726841,0.2768491,0.2860728,0.290393,0.2996786,0.3015718,0.3057814,0.3126117,0.3146551,0.3199701,0.3233809,0.3278465,0.3260634,0.3257658,0.3256612,0.3284591,0.3317374,0.3308991,0.3358354,0.3389825,0.3414825,0.3429387,0.3468464,0.3515936,0.3536369,0.3606926,0.366255,0.3691021,0.3821546,0.3906671,0.391813,0.4072755,0.4178768,0.4326625,0.450035,0.4680894,0.5071932,0.5404521,0.5360906,0.5386562,0.5629793,0.5766879,0.5981506,0.6247115,0.6322528,0.6363071,0.6713617,0.6753543,0.6656568,0.6892385,0.6998535,0.731847,0.72551,0.7043551,0.7179504,0.7959579,0.6911481,0.7629622
583.519,0.002001743,0.009933436,0.01512165,-0.003071005,6.767905e-4,0.009046247,0.006776439,0.007088328,0.01345115,-0.01282291,0.008980524,0.006289093,0.004081753,0.006789236,0.006375982,0.01800694,0.005946869,-0.001824085,4.538144e-4,0.00491388,0.006995129,0.004422986,3.736861e-4,0.002386671,0.001712516,0.002998646,0.001001515,-1.293728e-4,0.00186914,0.002477209,0.003063321,0.006521494,-0.003459751,0.01169857,0.003519291,0.01000116,-0.004215718,0.001294139,-0.003138622,0.007600531,1.462109e-6,0.01140944,-0.001843832,-9.042908e-4,0.004139671,0.001753252,0.006356887,-5.650472e-4,0.006584504,0.0137791,0.007363544,0.004082813,0.003109289,-0.003038491,0.002246964,-6.445242e-4,2.048529e-4,0.006003524,-5.726614e-4,0.004467152,-1.796843e-4,0.00466773,0.001423827,9.703556e-7,0.001040612,0.00186131,0.003785238,0.005101981,0.006455461,0.008306072,0.1267113,0.2829168,0.2821063,0.1301704,0.02085377,0.006734959,0.008532091,0.01050805,0.007905539,0.009062025,0.01357336,0.01233934,0.01176269,0.01584613,0.01543926,0.01637083,0.02124079,0.02330155,0.02282587,0.02463285,0.02954349,0.03160012,0.03325697,0.03673453,0.04288222,0.04577715,0.04837874,0.05370226,0.05665684,0.05889263,0.06418996,0.06732952,0.07366089,0.07946424,0.07819808,0.08495484,0.08723371,0.0959085,0.101272,0.1038613,0.1096832,0.1159481,0.1170761,0.1245554,0.1265576,0.1330915,0.1374782,0.1483508,0.1529818,0.1636956,0.1731504,0.1764344,0.1841033,0.1917899,0.1976787,0.201047,0.2121327,0.2186213,0.2275515,0.2343242,0.2437101,0.2473749,0.2564482,0.26224,0.2685067,0.2762484,0.2779303,0.2833174,0.2893618,0.2947663,0.2985193,0.3061675,0.3065699,0.3072229,0.3125755,0.3127637,0.3150424,0.3148622,0.3159169,0.3148564,0.3146003,0.3190558,0.320573,0.3294677,0.3279188,0.3317976,0.3307335,0.3401824,0.3433318,0.3524798,0.3519393,0.3608311,0.3726922,0.38165,0.3944705,0.3996485,0.412812,0.4321652,0.4596496,0.5029822,0.5246645,0.5062471,0.5150689,0.5289226,0.5564324,0.5824562,0.6081081,0.6174756,0.6318908,0.6338802,0.6472758,0.651148,0.6686107,0.6653165,0.6777622,0.6801918,0.6762835,0.72829410000000006,0.7247138,0.7004963,0.818957
585.868,-0.02964817,-0.002863315,-0.0205081,-0.006811271,-0.002054035,-0.009138097,0.00747275,-0.01619379,-0.002960689,-0.01081362,-0.003149339,-0.003714156,-0.004376747,-0.01041007,-0.004390504,-0.005629275,-0.008256681,-7.985644e-4,-4.070026e-6,5.948206e-4,-0.002462023,-4.47426e-4,8.778564e-4,-1.230097e-4,-0.001969032,-0.004649514,-0.002772334,0.001946017,-0.003180725,-0.004444677,-0.005212618,-0.01716953,-0.001158713,-0.009146868,-0.008846573,-0.01488542,-0.002824502,-0.01106733,-0.003787816,-0.01241815,0.00227351,-0.001909678,-0.01515354,-0.005751877,-0.004754693,-0.003522088,-0.00609792,-8.553982e-4,-0.01047356,-0.002089938,-0.008389761,9.698913e-4,0.004332315,-0.007286097,0.003839355,-0.006700177,0.001041241,0.001815676,-0.004459016,-0.001121242,-0.00602772,-0.002345131,-0.001962567,0.002293845,-0.003120282,-0.002206519,-8.228076e-4,-0.003352712,-4.484661e-4,0.06377904,0.2791661,0.2960604,0.1520073,0.03656343,0.007076761,0.004732238,0.005596793,0.003289775,0.0071168,0.007614895,0.008285358,0.01033857,0.01340848,0.01552278,0.0146261,0.01394011,0.01832262,0.02250196,0.0235834,0.02528961,0.02818837,0.0307139,0.03446049,0.03534754,0.04050615,0.04280947,0.04251086,0.04983936,0.05415864,0.05519784,0.0621797,0.06620138,0.07022657,0.07453952,0.07906342,0.08300469,0.08715378,0.09022638,0.09773951,0.1010472,0.104396,0.1092301,0.1133717,0.1186377,0.1229139,0.1286371,0.1328498,0.1411037,0.1458216,0.1570242,0.1630864,0.1725486,0.1762006,0.1803011,0.191586,0.1959416,0.2048887,0.2103352,0.2160871,0.2246707,0.2321832,0.2377985,0.2503701,0.2475086,0.2558608,0.263399,0.2693946,0.2733174,0.2758279,0.2820944,0.2820806,0.2888524,0.2932602,0.2950436,0.2975265,0.294262,0.2994014,0.3021416,0.3004823,0.3048164,0.3040294,0.3053963,0.3090411,0.3111396,0.3180353,0.3198097,0.3188788,0.3256032,0.3270991,0.3395311,0.3438348,0.3512563,0.3623417,0.3649302,0.3749983,0.3856213,0.4066354,0.4098793,0.449672,0.4785412,0.4948689,0.4789108,0.4919496,0.5089738,0.5323214,0.5619142,0.5752674,0.5817119,0.5913101,0.6065034,0.5965964,0.6286705,0.6311806,0.6294147,0.6492934,0.6421849,0.6456072,0.6888437,0.6803959,0.6347897,0.6029348
588.219,-0.0303754,-0.01069789,0.01386801,0.003087767,-0.004787035,-0.008434494,-0.0333832,-0.01878681,-0.01530963,0.007722274,0.01021241,0.002374652,5.047641e-4,-0.001638652,6.673922e-4,0.007805102,-0.001426191,-0.002115417,-7.045944e-4,-0.003172218,-0.002642523,0.001923099,0.002885486,2.39556e-4,3.688772e-4,0.002264733,-3.786219e-4,-0.002860175,8.669352e-4,0.003740436,-0.004508041,0.004998802,-0.006189278,-0.009593161,0.007077771,-0.003220115,0.003889853,-3.287158e-4,-0.00505542,0.005416353,-9.744831e-4,0.005423884,-0.009907219,3.074525e-4,-0.005342369,-0.00352753,-0.004944643,-0.0054213,-0.00138161,5.242557e-4,0.003456948,0.001934399,-0.004330398,-0.00423533,-0.004293266,0.006498464,-0.001873708,-0.002406853,-0.002907184,2.916378e-6,-0.002559085,-0.005958749,-0.001250494,0.002650008,-0.002251499,0.00255048,6.652082e-4,0.005618319,0.0414926,0.1952501,0.3598272,0.1848424,0.04930908,0.003897516,0.008118083,0.005621357,0.004859196,0.007174526,0.009013851,0.008890888,0.008967599,0.009055142,0.009515332,0.01574888,0.01564413,0.0154056,0.01748972,0.01817269,0.0215392,0.02689224,0.02736943,0.03090996,0.03505071,0.03447188,0.03654231,0.04250664,0.04484755,0.04871344,0.0519037,0.05436787,0.06156036,0.06424749,0.06901165,0.07153525,0.07645155,0.08081783,0.0850675,0.08742282,0.09297009,0.09665717,0.1045275,0.1052746,0.1094,0.113416,0.1189583,0.1233803,0.1272133,0.1358094,0.1428289,0.1509435,0.1577737,0.1634388,0.172368,0.176476,0.1789884,0.1856488,0.1933589,0.2026826,0.209911,0.2152116,0.22334590000000001,0.2330539,0.2364975,0.2431307,0.2487617,0.2503636,0.2540186,0.2612994,0.2640825,0.2680111,0.2708087,0.2752838,0.2804058,0.2850399,0.2855983,0.2866979,0.2859547,0.2860795,0.2899065,0.2922071,0.2940771,0.2929699,0.2979844,0.2987613,0.3039022,0.3055978,0.3089474,0.3130373,0.3119878,0.3223499,0.3294524,0.3347663,0.3440174,0.3494876,0.3593239,0.3735721,0.3876495,0.4036785,0.4415629,0.4662955,0.4576602,0.4599617,0.4711061,0.4916013,0.513456,0.5322516,0.5475655,0.5600038,0.5658039,0.5803436,0.5887748,0.5987598,0.6120835,0.6314933,0.6329857,0.5981299,0.6453849,0.6326635,0.6209012,0.6531069,0.7132236
590.57,-0.03193392,-0.0265049,0.002663617,-0.01496269,-0.04803738,-0.007782789,-0.02946208,-0.01369434,-0.01300853,-0.007796691,-0.01186541,-0.0133011,-0.01552485,-0.009169462,-0.003051743,-0.01101037,-0.004309333,-0.008456202,-0.001864756,-0.01035228,-0.003012267,-4.503489e-4,-0.003915151,-0.002416085,-0.004464748,-0.007468085,-0.004316435,-0.004314371,-0.003932022,-0.005016483,-0.008830663,-0.00943701,-0.007393562,-0.01316237,-0.01069342,-0.006081623,-0.007469391,-0.01377267,-0.01239569,-0.004491193,-0.01634621,-0.01380402,-0.009973358,-0.009456005,-0.01017002,-0.004140367,-0.003220421,-0.002581666,-0.009720157,-0.010795,-0.008203089,-0.00778307,0.003637763,-0.008055035,-0.007050428,-0.001525004,-6.218808e-4,-0.007698489,-0.00859544,-0.00923563,-0.002391162,-0.003450182,-0.003955966,-5.327455e-4,-0.00611866,1.739089e-4,-0.006159607,0.01358559,0.1377008,0.3053806,0.2404351,0.06092817,0.00593491,0.002569847,0.001331794,0.002192017,0.004765049,0.003798819,0.001571236,0.006274782,0.006438563,0.00746513,0.01064408,0.0147047,0.01312065,0.0124703,0.01673277,0.01605367,0.02094635,0.02293396,0.02448388,0.0272542,0.0295049,0.03194337,0.03677141,0.04052107,0.04403412,0.04673032,0.05085255,0.050662,0.05927663,0.06104517,0.0643048,0.06973116,0.07115281,0.07782964,0.08154975,0.08620193,0.09164515,0.09591177,0.09900129,0.1009146,0.1059928,0.1093583,0.113842,0.1187241,0.1231957,0.1302226,0.1380461,0.1421876,0.1493424,0.1575992,0.1628396,0.1684076,0.1743681,0.1791846,0.1854222,0.1923638,0.1980478,0.2056775,0.2129782,0.2182097,0.223003,0.2340607,0.2318191,0.242982,0.2461786,0.2504892,0.2501111,0.2627047,0.2590061,0.2674803,0.2691695,0.2691535,0.2747665,0.2721208,0.2721688,0.2771189,0.278324,0.27877,0.2833986,0.2826695,0.2826052,0.2851161,0.2904786,0.293065,0.2944556,0.2994145,0.2995659,0.3082879,0.3140509,0.3201338,0.3267829,0.3423848,0.3507582,0.3603635,0.3674591,0.3895599,0.4310042,0.4381829,0.4299545,0.4480289,0.4476243,0.4725075,0.4817257,0.5070573,0.5324972,0.5447055,0.5371235,0.5481718,0.5627458,0.5655925,0.5658242,0.5740323,0.5924006,0.5856776,0.5723521,0.5625905,0.6106567,0.5589959,0.5736241
592.921,-0.00345508,-0.01003574,0.005987838,-0.009982737,0.002020514,-0.00920677,6.876245e-4,0.01040351,-0.005320693,0.00570283,0.001188855,-0.01171161,-0.005959268,-0.008519809,-0.002038862,-0.004411875,-5.771301e-4,-0.002117597,-0.001168744,-0.009163658,0.002833727,-0.001795975,-3.79953e-4,6.026619e-4,0.001610243,0.00252975,-1.286476e-4,-0.004446947,-0.003787526,-8.957868e-4,-0.01050391,-0.002831727,-0.002723442,-0.01185036,0.005343137,-0.002433805,-0.01103257,-0.003279951,-0.00222702,0.004172487,0.006213561,-0.01027218,0.003743774,3.082484e-4,-0.001789708,-0.01479606,-0.004096868,-0.001434939,0.001388254,-0.006057247,-0.002486933,9.741396e-4,-2.411805e-4,-2.339179e-4,-0.002047562,6.510864e-4,-0.003981188,-0.001619677,-1.942456e-4,-0.00377086,0.001291583,-0.002907245,-8.975416e-4,0.001245424,0.002801045,-0.005302039,0.007842833,0.100822,0.2683855,0.280383,0.1029648,0.01016048,0.003451193,0.009572395,0.008175926,0.005013965,0.006148925,0.007464294,0.01026068,0.008716868,0.005646154,0.01184116,0.0082113040000000009,0.01388312,0.01584055,0.01795686,0.01693688,0.0216497,0.02176776,0.02389678,0.02610076,0.02963799,0.0308517,0.03514933,0.03729503,0.04144181,0.04099583,0.0476592,0.04954216,0.05411568,0.05444597,0.06108236,0.06853791,0.06902029,0.06938025,0.07607711,0.0796192,0.08517393,0.08872717,0.0912689,0.09559628,0.09937472,0.1019499,0.1052347,0.1095155,0.1148775,0.1202296,0.1228369,0.1312704,0.14053,0.1447584,0.1522502,0.1576657,0.1647866,0.1660949,0.1714682,0.1796816,0.1833514,0.1918412,0.1955846,0.2010667,0.2097902,0.2184015,0.2214496,0.2246534,0.2304097,0.2327312,0.2368706,0.2433949,0.2456099,0.2480568,0.2514013,0.2557215,0.2594077,0.2621136,0.2621523,0.2637305,0.2622566,0.2649956,0.2723738,0.2724832,0.2697882,0.2740405,0.2738208,0.276913,0.28246,0.2823089,0.2879152,0.2903208,0.2891477,0.3045974,0.3069621,0.3179992,0.3293331,0.3335727,0.3448257,0.3652379,0.3937719,0.4184343,0.4066867,0.408926,0.4142839,0.4380303,0.464758,0.4683173,0.4889105,0.5074596,0.5097408,0.5339315,0.5376301,0.5412714,0.5428627,0.5498891,0.5740506,0.5723578,0.5746365,0.5685075,0.5805395,0.5683516,0.57804,0.6047248
595.273,0.01674136,0.0158235,0.01540922,0.009395619,0.01309156,0.007794327,0.008945754,0.01505587,0.02320059,0.02031598,0.005559381,2.599368e-4,-7.796301e-4,9.845203e-4,0.009566227,0.006948358,0.01036577,0.01035676,-0.00539505,0.006198264,0.006583152,0.004947979,0.005453022,0.00400794,0.001993158,0.002543288,0.003569325,0.005252708,0.003510274,0.001440565,0.003594286,0.01263476,-3.93325e-4,0.001762841,0.008955198,0.01465554,0.001430362,0.01613723,-0.006061887,0.01320812,-0.002627268,0.002902207,0.002817959,0.01317593,0.00631187,0.01218299,0.009703708,0.01268943,-0.005301705,0.007139896,0.01023834,-0.001463477,0.001697725,-3.051422e-6,0.002741518,0.003280309,0.004845209,0.009362827,0.003924511,0.0018933,0.005733222,0.001643179,0.005418784,0.004639862,0.006672652,0.01203697,0.07534489,0.2298395,0.2708627,0.1485879,0.02827593,0.002975788,0.007055112,0.00744378,0.007013377,0.008131718,0.01194325,0.008593025,0.01186266,0.01049364,0.01188679,0.01287419,0.01505245,0.01808785,0.02055896,0.02501302,0.01987431,0.02276245,0.02357903,0.02302689,0.02731332,0.03271488,0.03500657,0.03681592,0.03831769,0.04457033,0.04414866,0.04627553,0.04917974,0.05366577,0.05908112,0.05943989,0.06413431,0.06775431,0.07211782,0.0718174,0.07774299,0.08254368,0.08703841,0.09022859,0.09222345,0.09581355,0.09891554,0.1029655,0.1065432,0.1122291,0.1168577,0.1205351,0.1313559,0.1382007,0.1416716,0.1516123,0.1513615,0.155339,0.1600588,0.1698873,0.1727845,0.177225,0.1847595,0.1919837,0.1967352,0.2051419,0.2086026,0.2113215,0.2189152,0.2256186,0.2273421,0.2288631,0.2336256,0.2372161,0.2390866,0.241807,0.246058,0.2479719,0.2515599,0.2495612,0.2550422,0.2551367,0.2576742,0.2581279,0.2601811,0.2615137,0.2654884,0.2662209,0.2673267,0.2713153,0.2748929,0.2775469,0.28094,0.2851201,0.2925821,0.2980997,0.3034964,0.3167469,0.3286601,0.3344411,0.3526161,0.3870943,0.4003171,0.3931522,0.3944523,0.4019829,0.4158994,0.4376508,0.4570652,0.4681597,0.4735449,0.5038239,0.5170143,0.5310137,0.5226367,0.5421975,0.5539421,0.5567657,0.5633233,0.5636867,0.5736122,0.5799666,0.5730297,0.6763716,0.6478653
597.625,-0.03014667,0.003592273,-0.01480846,-0.003802697,-0.02147554,0.01278988,-0.002099405,-0.01776648,-0.01314007,-5.759862e-4,-0.002813006,-0.005111398,-0.00575107,-0.01058122,-0.006186924,-0.003504176,-0.005208296,-0.01253835,9.250914e-4,-6.088204e-4,-7.165592e-4,-0.004367438,6.34301e-4,6.039507e-4,-0.003501422,-0.00434153,-0.004223956,-0.001848011,-0.003523953,-0.006138299,-0.001687951,0.001896707,-0.006673261,-0.004865078,-0.002260462,-0.005725176,-0.003230148,-0.001656586,-0.01057435,-0.005822431,-0.005931017,-0.002586581,-0.00439438,-0.001840497,-0.006031815,-0.008348476,-0.00501122,-0.01215368,-0.005875912,-0.006368388,-0.00175029,-0.006860857,-0.006828702,-0.003337389,-0.01054532,-0.006581186,-0.003804964,-0.003465401,-0.003540639,-0.002276155,5.62639e-4,-0.003478536,-3.578376e-4,-8.922146e-4,-0.005449714,0.04041161,0.1870032,0.2588022,0.1440783,0.03825971,0.004250114,0.003840091,0.005831793,0.003947722,0.001604242,0.008041303,0.003167674,0.001121674,0.00242231,0.006558934,0.009102547,0.01183174,0.008378459,0.01180469,0.01231176,0.01444335,0.0167756,0.01571073,0.01901114,0.02055262,0.02305816,0.02762573,0.02687112,0.03120251,0.03498479,0.0372222,0.03980319,0.0439372,0.04436299,0.05023123,0.05406058,0.05792491,0.05808576,0.06386275,0.0666743,0.06995715,0.07370895,0.07918404,0.08208025,0.08532339,0.08904432,0.09061831,0.09414878,0.09839476,0.1013544,0.1047235,0.1105797,0.1158644,0.1217235,0.1268075,0.1358139,0.1418604,0.1437307,0.1498067,0.1535438,0.1563197,0.1655009,0.167597,0.1745128,0.1830076,0.1866361,0.1917385,0.1967928,0.2022916,0.2029554,0.2088239,0.2155299,0.2203456,0.222091,0.2258513,0.227964,0.2282339,0.2353919,0.2351049,0.2392672,0.2357073,0.2403829,0.2434102,0.2459132,0.2428208,0.2455849,0.2499777,0.2487992,0.2507843,0.2539528,0.2591297,0.2588003,0.2611634,0.2673943,0.2747881,0.2792173,0.2820592,0.2887812,0.2969148,0.3081031,0.3146318,0.3440971,0.3754525,0.3755892,0.3642288,0.379729,0.3924642,0.4030964,0.420273,0.4306095,0.4531836,0.4588152,0.479045,0.485738,0.4875604,0.4780282,0.4989731,0.4991496,0.5110911,0.5135054,0.5364616,0.5155071,0.5167366,0.5231186,0.5458527,0.543862
599.978,0.01336754,0.007974525,-0.008779802,0.001886744,0.004174019,7.227109e-4,-0.01249011,0.01383159,-6.079475e-4,0.001570305,-0.001604962,-8.059072e-4,-2.647089e-4,0.01359074,0.004127292,0.004457565,0.001738763,-0.001068335,0.003305816,0.00181767,-0.001792219,-9.090523e-4,7.676727e-4,8.582474e-4,2.524928e-4,-0.002052067,0.003856065,0.001589086,5.360867e-7,0.003446995,-0.001449241,-0.001593137,1.794469e-6,0.003998991,0.003161869,0.00943756,0.001080962,-0.003652976,0.003540306,0.003246919,0.008277215,9.7564e-4,0.01104747,0.00710685999999999,0.003638403,0.00599249,0.009189242,0.007560423,0.006187601,0.00346739,0.008055873,0.00517508,0.008833775,0.002157349,0.003225222,0.001987954,0.004459152,-2.049913e-4,0.00356422,0.00382022,0.00354137,0.002392669,5.482922e-4,0.007017533,0.03598739,0.1425996,0.2695825,0.1900028,0.05674795,0.006989944,0.005142111,0.006134852,0.006688492,0.006276301,0.008535223,0.004692416,0.006850589,0.01052255,0.007731692,0.009992033,0.01198274,0.0091125,0.01077212,0.01404979,0.01593334,0.01708519,0.01751849,0.01936256,0.02477736,0.02162253,0.02711043,0.02841616,0.03074515,0.0335739,0.03373643,0.0394566,0.04093653,0.04195907,0.04641331,0.04888389,0.05384089,0.05360362,0.05804152,0.06317429,0.06521438,0.06932041,0.07316539,0.07568757,0.08029662,0.08331073,0.08643699,0.08887785,0.09315016,0.09597334,0.1000942,0.1019675,0.1088286,0.1128109,0.1167793,0.1222334,0.1311583,0.133287,0.1402934,0.141622,0.147626,0.1538509,0.1564472,0.1650396,0.1686617,0.1768519,0.1814265,0.1870283,0.1912596,0.1970977,0.2010652,0.2004557,0.2062152,0.212933,0.2139368,0.2178939,0.2186973,0.2217791,0.2273657,0.2296677,0.2327749,0.2287504,0.2304032,0.2281386,0.2325694,0.2357214,0.2322782,0.2399431,0.2413116,0.2393963,0.2434712,0.2473843,0.2515906,0.2510523,0.2598142,0.265125,0.2672224,0.2744518,0.2795845,0.2902645,0.2979114,0.3107901,0.3411023,0.3550798,0.3564841,0.3520371,0.3646106,0.3771729,0.3904421,0.4005438,0.4207086,0.427107,0.4496582,0.4487804,0.4597498,0.4857338,0.4862656,0.4968006,0.4901774,0.4916985,0.4858605,0.5267673,0.5400452,0.5112415,0.5809515,0.510264,0.5480816
