Wavelength_nm,800,797,794,791,788,785,782,779,776,773,770,767,764,761,758,755,752,749,746,743,740,737,734,731,728,725,722,719,716,713,710,707,704,701,698,695,692,689,686,683,680,677,674,671,668,665,662,659,656,653,650,647,644,641,638,635,632,629,626,623,620,617,614,611,608,605,602,599,596,593,590,587,584,581,578,575,572,569,566,563,560,557,554,551,548,545,542,539,536,533,530,527,524,521,518,515,512,509,506,503,500,497,494,491,488,485,482,479,476,473,470,467,464,461,458,455,452,449,446,443,440,437,434,431,428,425,422,419,416,413,410,407,404,401,398,395,392,389,386,383,380,377,374,371,368,365,362,359,356,353,350,347,344,341,338,335,332,329,326,323,320,317,314,311,308,305,302,299,296,293,290,287,284,281,278,275,272,269,266,263,260,257,254,251,248,245,242,239,236,233,230
245.598,0.02050959,-0.01479932,0.01200327,0.004090312,-0.009045757,0.01991956,0.01797152,0.02178083,-0.01105586,0.005525814,0.009384906,0.0011475,0.004048871,0.001140181,-0.008350363,-0.009426637,0.006024038,-8.157619e-4,-0.001180249,-2.242125e-4,0.01147171,0.003292968,-0.001387109,-0.003937103,6.975167e-4,0.002523592,3.925354e-4,-6.599183e-4,0.001147949,0.005393869,0.01037922,0.00424848,-0.01741718,4.548912e-4,0.007018815,0.01222916,-0.01201327,-5.844834e-4,0.002179985,0.006775058,-4.917323e-4,-0.002106561,-0.006370814,-0.005206008,0.005224397,-0.002691937,-0.005929862,-0.003233558,-0.001821103,0.001783369,-0.006042724,0.001535887,-0.001587342,0.00180151,0.0011784,0.002484246,-0.002417571,0.0055042550000000004,-2.774299e-4,0.003756584,-0.005048309,0.00117812,0.004052634,6.686054e-4,0.00536326,0.006246365,-1.99167e-4,0.004146869,-0.004332837,0.002381033,0.007484596,-0.003607715,0.001808802,-0.002287111,0.003679228,0.004372182,-0.00290713,-1.206529e-4,0.001378451,0.001600874,0.003633808,0.002176936,0.002358411,-0.003493237,3.639935e-4,-0.004410247,-0.002171854,-0.002592335,0.005585242,3.054501e-4,0.001993694,-0.002578525,3.259955e-4,-1.716373e-4,0.002712822,0.001564097,5.811678e-4,-0.004587169,6.381028e-4,-6.026786e-4,-0.001910174,0.001195098,9.089812e-4,-8.953886e-4,0.001763862,0.003014579,0.001756481,-8.820239e-4,-0.001334849,7.950275e-4,-6.533786e-4,-1.834527e-4,6.201756e-4,5.498756e-4,-1.864884e-4,0.00124478,1.630388e-4,-0.00106072,-1.49439e-4,-3.952289e-4,-6.138803e-4,-6.289137e-4,-0.001798996,0.001684257,-9.454964e-4,-0.001036935,7.548086e-4,-0.002226611,7.907144e-4,0.002634694,9.455423e-4,0.001702612,6.317357e-4,0.001089807,-6.897892e-4,0.001053747,4.374084e-4,0.001054225,0.001262408,7.269207e-4,0.00137009,0.001705612,6.254702e-4,0.001849588,6.780064e-4,-7.095099e-4,0.002853653,9.360486e-4,0.001869617,-6.930291e-5,0.001942425,0.001241394,0.002599329,-4.026119e-4,0.00153781,0.003879096,0.004223752,8.717069e-4,0.002689516,6.478235e-4,0.00216464,0.002116919,0.002473054,0.002946833,4.187421e-4,0.001435395,0.00205948,0.002687912,0.008828027,0.005893334,0.01144205,0.01021847,0.01135425,0.01331093,0.02119745,0.0133417,0.02220722,0.006917539,0.02093701,0.02587337,0.01245352,0.04073329,0.0642829,0.2428573,1.13967,1.89633,1.605693,0.6126661,0.09598726,4.097494e-5,-0.008402597
247.837,-0.04146064,-0.003736026,-0.01284674,-9.905723e-4,-0.02431807,-0.02868302,-0.03153143,-0.002660636,-0.01827242,-0.02472682,-0.001799377,-0.01084262,-0.00930587,-0.01242259,-0.007044303,-0.006370062,0.003919427,0.005777236,-0.006585794,-0.003863421,2.015624e-4,-0.01013842,-0.00933114,-6.06425e-4,-7.619088e-4,-8.114524e-4,-0.003922178,-0.002946358,-0.004983324,-0.01187628,-0.008953517,-0.009682277,0.003548341,0.004582615,-0.009940942,-6.61497e-4,-0.01257203,-0.01077734,0.004713099,0.01199316,0.004843402,0.008033156,7.081126e-4,-0.007512543,-0.005536308,-0.01241587,-0.007412673,-0.01236375,0.002141843,-0.009970865,-0.009883566,-0.002558177,-0.002601774,-0.006910781,-0.009749074,-0.003782324,-0.009328975,-0.00300755,-0.005855104,-0.007882591,-0.0124764,-0.01148868,-0.003693834,0.01000919,5.956702e-4,-0.004015536,-0.001862202,-2.042068e-6,-0.002553672,-0.007926102,0.001487817,-7.465261e-4,0.002383082,-0.001689676,-0.003782237,-0.006963731,-0.005510276,-8.390357e-4,8.34029e-4,-0.003602224,-0.002207602,-0.001674032,-0.002354069,-3.752197e-4,0.003857217,-2.917597e-4,0.001406161,0.004321273,-0.002310282,-0.001475936,-0.001902274,0.001345312,-0.00443106,4.137373e-4,-5.825719e-4,-0.00131349,-2.41138e-4,-2.552201e-4,-0.002729246,0.001534786,3.82957e-4,-2.601282e-4,-0.003364539,-7.69329e-4,6.106215e-5,-0.001022665,4.953195e-4,3.639436e-5,-1.374207e-4,7.662519e-4,-0.001061496,-4.549132e-4,-2.286651e-4,-8.412542e-4,-4.190145e-5,1.236967e-4,-4.981462e-4,-5.01087e-4,-0.001154783,-0.001808581,-5.971435e-4,-0.001303116,-2.48546e-4,-1.6047e-5,-8.924089e-4,-5.241804e-4,0.001153947,-2.347651e-4,-2.267554e-4,0.001537224,-2.741495e-4,-5.960774e-4,-9.85918e-4,-1.387257e-5,-1.178006e-4,-0.001290677,-0.001600763,-0.002589633,-0.002141043,3.916207e-4,-2.165659e-4,3.101791e-6,-0.001474298,1.586311e-4,-4.255129e-4,-0.001066783,-5.294621e-4,-0.001614173,-2.856309e-4,-3.811436e-4,-0.001390542,-6.012058e-4,0.00159225,-0.001250882,-0.001297663,-0.001040894,-9.952099e-4,-1.397596e-4,-1.125294e-4,7.710098e-5,-5.578837e-4,0.001434041,3.067877e-4,-0.001195697,2.770242e-4,0.001126889,5.954235e-4,0.001818913,0.004691258,0.001582881,0.009350326,0.008158804,0.01309177,0.01419533,0.02399914,0.01776151,0.01624389,-3.669018e-4,0.01252845,0.02690831,0.01788589,0.04911652,0.1355772,0.7498753,1.599497,1.703103,0.7097909,0.1731606,0.05207829,0.0382771,-0.007767558
250.076,0.02209616,-0.02470877,0.01946191,0.0111306,0.02000613,-0.008223848,0.004174245,-0.00378331,-0.00626326,-0.003493547,-0.007404868,7.476045e-4,0.005382423,-0.013623,-0.006435698,0.00999123,-0.004485448,9.313406e-4,-0.004469013,0.02002942,-0.001864759,0.007095519,0.007896657,-4.095426e-4,2.64888e-4,0.007772352,-0.002749766,-0.004349275,-0.001788332,0.004643671,0.01059184,-0.005516392,0.01639114,-0.01633962,-0.01737005,-0.008140435,3.914559e-4,0.01490901,-0.002043203,-0.004728667,0.006927782,-0.008700976,0.01309288,0.0167759,-0.008640093,-0.0274454,-0.005743454,1.440601e-4,-0.006639563,-0.001108351,0.003666451,0.00272559,0.005354439,0.00310782,-0.00607002,0.01648615,0.005631875,0.003496723,0.004268836,0.009204661,-0.002968218,5.585687e-4,0.002068417,-2.424139e-4,0.01507448,-0.004435562,-7.082174e-5,0.003741273,0.006425407,0.001654676,0.004635317,0.00407921,-0.001703682,0.004020235,3.541919e-4,0.00629916,-0.001779879,0.001940504,5.635206e-4,0.005192311,0.001670681,0.001143303,0.002149772,3.140947e-4,0.003586074,-0.00179429,-3.791062e-4,3.03544e-4,0.003709899,0.004904169,-0.001247591,4.832941e-4,-5.505614e-4,-0.002010265,3.69367e-4,0.004249197,-8.589138e-4,2.706577e-4,0.001408383,-7.418492e-4,-0.001315651,-0.001593094,1.165429e-4,7.657427e-4,-4.3229e-4,0.002093057,0.001540751,-9.420468e-4,-0.001187381,5.250636e-4,7.043209e-4,0.001644744,-2.771695e-4,-5.49231e-5,0.001370875,-2.412292e-4,6.55582e-4,-9.975105e-5,0.002226439,0.001723752,0.002607053,0.001384855,0.003337172,0.001255472,0.002722152,0.003660395,0.002023264,0.001110739,3.109807e-4,-0.002555933,-7.90317e-4,0.002774836,0.003049812,-3.078959e-4,0.001981859,0.00358192,0.003211088,0.00159317,2.451874e-4,-0.002719593,5.242412e-4,-5.83711e-4,5.790935e-5,9.000157e-4,9.712528e-4,0.002429877,0.003477118,0.00133175,0.001258778,0.003083165,0.001458496,0.003233207,6.715427e-4,0.002320183,-0.001657937,0.00327855,0.003258483,-0.001073681,0.005282154,-0.001789461,0.002159254,0.005027044,0.005962114,0.007893598,0.002608092,0.002871725,0.004939884,0.006427657,0.003901931,0.01169474,0.01300791,0.01589546,0.01853331,0.03019746,0.03440222,0.01835018,0.02930225,0.02143398,0.03412702,0.02259778,0.05953169,0.1187311,0.6668295,1.868888,2.262791,1.170709,0.2334677,0.1597034,0.1178087,0.1122263,-0.05321322
252.317,0.004662799,-0.01434864,-0.05367244,0.0157301,0.02519871,-0.01635968,-0.01890647,0.03949873,0.002086775,-0.00307182,-0.00651424,-0.005503709,-0.001841566,-0.008368964,-0.01586618,0.004627743,0.009058806,0.006936491,0.002072892,-0.006637815,0.001053683,-3.348146e-4,-0.005762784,-0.004006507,0.006922121,7.744459e-4,0.002591937,4.620091e-4,-0.003310542,-0.009907671,-0.009006114,0.003288519,-0.0220993,0.01459467,-0.02658141,-0.007687129,0.005234938,-0.02016218,0.006753015,-0.009497169,-0.009621804,-0.001549055,-0.01538263,-0.01294375,-0.01899436,2.1842e-4,-0.002671565,-1.069309e-4,-0.01436945,-0.01083684,-0.01826175,-0.01541511,0.003113867,-0.0112036,0.001949204,-0.01461755,-0.01629041,-0.004569138,0.008309223,0.005766705,0.001546919,-6.073087e-4,-0.01091909,-0.01144562,0.003514306,0.005860776,-4.653336e-4,-0.005911783,-0.004806039,-0.006445434,0.005640583,-0.008388971,0.00158772,-0.007368422,-0.00335501,0.002055497,-0.002373317,-0.001454384,-1.572757e-4,-0.004961403,7.982857e-4,-0.001672451,-6.942177e-4,-0.001416984,-0.006653484,0.002790302,-6.773954e-5,6.561473e-4,1.340098e-4,-2.284377e-4,-0.005035163,1.846598e-4,-0.002024048,8.471144e-4,-0.001620941,2.374576e-4,-0.00184372,-0.001339415,-4.410359e-4,-0.001181775,-0.001042116,6.089955e-4,0.001012893,4.941597e-4,9.994419e-4,-0.001377144,0.002023944,-0.001121781,-0.001530339,-0.00059271529999999995,7.663878e-4,5.326726e-4,-5.99132e-4,4.004491e-4,-6.224866e-4,8.935458e-4,3.293144e-4,7.919025e-4,0.00121766,-2.915382e-4,7.248271e-4,-8.156446e-4,-9.79342e-4,-3.156193e-4,-0.002646085,0.001389522,-0.001799757,3.749181e-4,0.002957745,-0.002391908,-0.001912883,-0.001201852,-0.001456007,0.001909449,-1.037006e-4,-1.92915e-4,-0.002827784,7.85695e-5,-0.0051496,0.003367826,0.001243781,-0.001758443,-0.001038856,0.001385617,8.508303e-4,-6.407662e-4,0.001850857,-0.001074402,-9.933412e-5,-0.001777604,0.001025206,0.003070478,-0.001659611,0.003089036,-7.186983e-4,0.001090846,0.004607886,0.006228332,-0.001411091,7.895814e-4,0.002625359,8.43184e-4,-0.001822687,-5.863447e-4,0.003375711,0.003253942,0.001614462,5.684393e-4,0.005594866,0.01647308,0.01868454,0.01231998,0.02689723,0.0243258,0.02116575,0.02890131,0.0324774,0.02040049,0.04266234,0.05125423,0.07099801,0.4316076,1.455044,2.056468,1.257597,0.3851201,0.05378948,-0.02552604,-0.1052166,0.1919753,0.06543865
254.558,0.05451728,0.07300689,0.03305308,0.02704721,0.01184081,0.04504207,0.06616734,0.02462505,0.02779317,0.03023987,0.005902756,0.01114045,0.02101791,0.01712972,0.03250851,0.01642311,0.0103806,-6.785407e-4,0.02271318,0.0142055,0.01501618,0.008923216,0.007809334,0.01548751,0.006349952,0.01217007,0.008740995,0.007808452,0.01294935,0.01629601,0.004274874,0.02452895,0.04154077,0.02678516,0.02501812,-0.00207928,0.01111523,0.03924401,0.02565142,0.01575172,0.01570198,0.01708449,0.01754004,0.01690059,0.01873025,0.02712619,0.0171822,0.01136751,0.005512145,0.01626902,0.01501568,0.01593977,0.01256253,0.01246192,0.008124649,0.01038054,0.01171821,0.02079333,0.004395817,0.009552525,0.006494722,0.01389532,0.01929705,0.009753702,0.009450114,0.01535644,0.007817099,0.01057419,0.01146109,0.01374909,0.006628248,0.002037803,0.005876958,0.006552492,0.005210333,0.00960073,0.00771085,0.01028644,0.009486348,0.01057937,0.00657602,0.004500512,-8.035579e-4,0.01062083,0.006685228,0.005608281,0.007405221,0.005151529,0.002962277,0.005353007,0.00654823,0.009898183,0.00141384,0.009305881,0.001871329,0.00238661,0.004523433,0.003345373,0.003525229,0.00246493,0.006814076,0.004231754,0.003982815,0.003296881,0.003305625,0.002496795,0.001730441,0.002019956,0.002557617,0.001749672,0.002824743,0.002010885,0.002178591,0.001323672,0.001502176,0.002559231,0.001759573,0.001718269,0.002471735,0.001931904,0.004252861,0.003811049,0.003210271,0.003469103,0.003957797,0.001129466,9.965879e-4,0.00407836,0.003507996,0.001760719,0.003573226,0.005088487,0.007427488,0.001846336,0.001782699,0.003593871,0.003414053,0.008509681,0.003086303,0.004492496,0.002964583,0.005872801,0.004136298,0.005223048,0.004628555,0.003054264,0.003769483,0.006625581,0.003912937,0.004497051,0.002551259,0.003680741,0.00513386,0.001815438,0.003819469,0.005726124,0.008571959,0.005887468,0.003537743,0.007658075,0.005664318,0.008444012,0.006492038,0.006658594,0.007601106,0.01037304,0.007412514,0.01068216,0.01468763,0.02099786,0.02620287,0.03388721,0.03584517,0.04076429,0.04447118,0.03187887,0.03821051,0.04989259,0.05747051,0.07634104,0.3160451,1.088125,2.051032,1.644307,0.5408881,0.1630778,0.09985458,0.1261796,0.0436643,0.05223232,0.1349676
256.8,0.03300086,0.02377753,0.003972539,0.02460038,0.007628357,0.03321415,0.04092149,0.002869884,0.01088583,0.01029699,0.01964421,0.0118086,0.001046938,0.01754347,0.002958697,0.00104901,0.009109126,0.008943619,0.01383403,-0.001301543,0.003449209,-7.895603e-5,0.004094,-0.001937943,0.003426879,0.008286061,-1.834276e-4,0.001463569,0.010260150000000001,0.003584107,0.002797022,1.461053e-4,-0.002025995,0.001299763,0.02465234,0.02090357,-5.665589e-4,-3.247393e-4,0.005416714,0.01372148,0.005890936,0.002414502,0.004037065,-0.003279861,0.006098562,0.01077853,-0.007535354,-0.00488908,0.006706373,-0.008934052,-0.002413166,0.00811427,0.01680236,0.01277147,0.01013277,0.005428574,0.004401697,-0.004299705,0.004608801,0.004502241,0.001982044,0.005138349,0.005984052,-0.00465563,-0.001984833,0.008498286,-0.001879432,0.01056581,0.002791048,0.003450546,0.005862452,0.003679056,-0.001508806,0.003416883,-0.002180654,0.003401878,0.009298497,0.008011674,0.005340568,-0.001719329,0.004310278,0.004375465,0.005442274,-0.003021157,0.002218041,3.100725e-4,4.731634e-4,0.005620849,0.003168743,0.002917735,0.001100204,-0.00118609,9.582402e-4,0.006386521,-0.00364122,0.002463147,8.297043e-4,0.003615599,0.001184109,-2.90772e-4,0.002709399,7.722973e-4,0.001079544,4.312725e-4,0.003251379,0.001797926,0.001730061,-1.05377e-4,0.001263123,0.001214681,0.001675848,-1.214956e-4,4.055786e-4,4.897667e-4,7.339444e-4,-9.67603e-4,-1.052836e-4,2.720415e-4,5.639746e-4,0.0030066,0.00147169,0.003279409,4.949896e-4,5.127153e-4,5.214973e-4,0.001363998,0.001718511,2.762539e-4,4.414209e-4,0.003086303,0.004634515,0.003576105,0.00239642,0.002034538,0.002410722,0.001361662,0.003415395,9.091773e-4,0.001926488,0.001812103,0.003623375,0.003379694,0.001570321,0.002240155,0.0035464,-2.970842e-4,0.001126375,-2.332431e-4,0.001229041,0.002007293,0.003304409,7.487569e-4,0.001590534,7.018803e-4,7.895148e-4,0.006893386,0.002728949,0.004936102,0.004348695,0.001382982,0.007642405,0.001646758,0.001790785,0.005623906,0.00439868,0.001289667,0.007793812,0.009867113,0.01376104,0.01452408,0.02608905,0.02881587,0.0299698,0.03496415,0.02852176,0.03378638,0.0325617,0.05297146,0.06128275,0.2179542,0.8804547,1.762466,1.746711,0.6899458,0.0940425,0.04803619,0.09301921,0.009814283,-0.07095807,0.1218223,0.2035125
259.043,0.03070437,0.004470838,-0.01976668,-0.01428079,-0.001082876,0.02056633,0.004627714,0.005731671,-0.01355629,-0.02431817,-0.01729102,-0.007780386,-0.005975977,0.006845714,0.02465971,-0.004430464,-0.00869657,-0.007454812,-0.01789516,4.137509e-4,-0.007509003,0.005304496,-0.002045091,-0.00404459,5.177741e-4,1.970743e-4,-0.00714441,-0.001641854,-0.001295316,-0.001032848,-8.823403e-4,0.0064064,-0.004475447,0.004810831,0.01670375,0.008655242,-0.007829423,-0.00805946,0.004485919,-0.004871313,-0.009405013,8.38342e-4,0.01841046,0.01751667,0.02173305,-0.01841099,0.009631323,-0.02145328,0.001582396,0.003289726,5.251013e-4,7.491672e-4,0.01064904,-0.007307104,0.001425314,5.521007e-4,-0.003730254,-0.002862431,0.005016746,-0.01095259,0.001534543,0.002656124,0.001030655,0.002507025,-1.874729e-4,-0.002512794,-1.824079e-4,-0.001771071,0.005604801,-0.001335412,0.001739605,7.920458e-4,-0.004099852,0.00196279,0.001581255,0.001149054,-0.004316204,4.433101e-6,6.229989e-4,0.003377996,-0.001174277,-5.726535e-4,3.304365e-4,0.003880445,0.002734059,0.005835484,0.001181113,-0.001128919,-0.001943619,5.45042e-4,4.404897e-4,-0.002705418,0.002462392,-0.002239353,0.004162873,1.495204e-4,9.819334e-4,0.00251656,0.001540146,-3.21529e-5,-0.002862758,0.003870412,0.001451469,-1.461498e-4,0.001576287,-0.001959082,0.001450627,1.782569e-5,-0.001046449,-7.657539e-4,0.001056124,-6.792448e-4,1.746228e-4,5.577442e-4,-3.435497e-4,2.225134e-4,0.003008254,0.002602462,2.340334e-4,-4.398824e-5,-0.002689342,3.874981e-4,-0.0022651,-0.001951868,2.209786e-5,-2.127151e-4,0.001043539,-2.505069e-4,0.001779093,9.149249e-4,-0.001880546,-0.004437624,-0.001534734,3.886043e-4,0.00153354,5.053458e-5,0.001326185,0.002390161,-0.002745057,0.00267576,0.001274056,-0.001035862,-0.002556945,0.003309298,4.272343e-4,1.2627e-4,-0.002403794,3.59388e-4,0.001863258,-0.001229115,-2.67772e-4,0.004745395,5.604425e-4,0.001462623,0.003127257,0.002867318,6.558218e-4,0.005710492,0.003312542,0.003460623,5.590184e-4,0.001131944,0.003634059,0.00404466,0.01053305,0.004933655,0.007951672,0.008689812,0.0159547,0.01818602,0.02595447,0.02933621,0.03480513,0.03184549,0.04035419,0.02547536,0.03404089,0.04976236,0.1335958,0.6732677,1.650033,1.707952,0.7809917,0.169094,0.05889728,0.03465192,0.01748615,0.002627148,0.003941922,-0.1182022,-0.06725542
261.287,0.01210347,0.04310911,-0.004859512,0.04434873,0.06641588,0.02172202,0.05495193,0.005570294,0.01423302,0.01938714,0.01524415,0.01551179,0.01204299,0.01323716,-0.006182215,0.007098463,-0.008367586,0.00337415,0.002012106,0.008845937,-0.003231755,9.185872e-4,0.008369938,3.564204e-4,0.008518719,0.01046446,0.002853837,0.006695827,1.116725e-4,0.01170673,0.001062179,0.009702389,0.04207099,0.001337241,0.03221872,0.03435512,0.009175652,0.002003756,0.009053826,0.01325233,0.01249088,0.01260779,0.009364168,0.02479276,0.01268078,0.01575187,-4.705947e-4,0.005344888,0.009601704,0.02029998,-0.004536221,0.008806762,0.02663097,0.0122579,0.007173372,0.002580289,0.00540734,0.004811662,0.004143148,0.01094251,0.004173049,0.002235855,0.008287009,0.01184946,-0.005994722,0.008939686,0.009373918,0.0111071,0.004007636,0.009938919,0.001928818,0.003336705,0.002632339,0.006053509,0.002919319,0.002789499,4.455395e-4,0.004547436,0.004251948,0.001188161,0.004188924,0.003504105,0.01011553,0.002817222,0.006306331,0.002126209,0.002071548,0.003038657,0.006469938,7.21726e-4,0.004387418,0.005722662,9.335262e-4,0.004213443,3.401635e-4,0.006406389,0.005649929,0.001892619,0.001201962,0.00355238,0.001885703,0.001613769,2.786805e-4,0.001840951,0.002537008,0.001259415,-1.828563e-4,0.001048479,-5.018561e-4,-9.784427e-4,8.799532e-4,0.001712049,0.001003802,7.452143e-4,0.001188652,0.001648409,0.002028599,0.00175058,0.003334238,6.995739e-4,0.001307319,-2.111514e-4,0.001661061,0.001376121,0.001084162,0.001554919,0.00190196,0.002604758,-9.476361e-4,2.698112e-4,0.002881797,0.001986001,0.002288687,0.002335769,0.001485724,0.003204878,0.004126719,8.04757e-4,0.003373185,3.380695e-4,0.002546079,0.001029217,0.001462344,-0.00198072,0.003191542,0.003570226,0.002538815,0.002233028,8.038518e-4,0.002020949,0.003213862,0.003635765,0.001404726,0.005146775,0.003343867,0.0066437070000000004,0.004165417,0.004597194,0.004707511,0.002406413,0.006800607,0.004886395,0.006101837,0.005017617,0.009616837,0.008839891,0.01742146,0.01968689,0.02525955,0.02085143,0.02560382,0.02910018,0.03026597,0.03296379,0.04872529,0.05087321,0.06500657,0.08749817,0.4859278,1.324213,1.85775,1.091209,0.2328397,0.06187036,0.0913421,0.09894016,0.0220544,0.07542524,-0.05251633,0.06142175,0.1829655
263.532,-0.01158678,-0.0132621,0.005985259,-0.02143858,-0.03963865,0.03590466,-0.0144941,0.01035032,-0.007091856,0.009173576,-0.014458,-0.003007668,0.00980505,3.289578e-4,-0.008515672,-0.025363,-0.001982495,0.004214269,-0.005865222,0.004617986,-0.009100925,-0.001452863,-0.001331198,-0.001334533,-0.006215595,-0.004126556,-0.004022611,0.004725326,0.004575444,0.002341967,-0.008885887,0.01350461,0.01051046,0.0064607,-0.005576809,-0.01891738,-7.492029e-4,-0.008362673,0.001022596,-0.009821641,-0.003119259,-0.0045368,-0.008633896,-0.01085964,-0.01624036,-0.009766104,0.006578098,-0.006909349,-0.003036399,-0.01120109,-0.006768846,0.006812483,-0.001285963,-0.00891128,0.003561485,-0.003854149,-0.006166953,0.003642991,0.001549506,0.005196779,-0.002476431,-0.001897706,0.007743853,6.948107e-4,-0.01225582,-2.051956e-4,-0.003093666,-0.0132487,-0.0050543920000000004,0.00785212,9.57439e-4,2.965198e-4,0.006819197,-0.00252557,3.302937e-4,-4.289439e-4,0.001461876,-0.00370928,-0.009472799,0.001746277,0.003203076,-0.006975512,-0.004657923,0.00275172,1.691029e-4,0.002095637,0.003764365,-0.00448411,0.00294083,-0.002153472,-0.003677425,0.002564745,9.605116e-4,-1.931044e-4,-0.001175077,-3.058098e-4,-0.001867617,-7.521829e-4,-0.001448204,-0.00119887,0.001364208,-4.754765e-4,-7.648173e-4,-5.9173e-4,-1.519362e-4,-0.001230245,0.001010284,0.001015037,0.002155967,1.863596e-4,-0.00133874,1.696231e-4,-1.354111e-4,-5.189241e-4,3.077362e-5,3.06631e-4,9.783066e-4,-5.902421e-5,-0.001897751,-0.002300934,0.002380216,-0.00244917,-0.001052527,-6.674385e-4,0.00195196,0.003113829,-0.002263929,6.49505e-4,0.001958278,-0.00177104,0.002382927,-8.000518e-4,-0.001781229,-8.63209e-4,-6.93196e-4,0.00134193,-0.004966737,-0.00132404,0.001772144,0.001943002,0.001924239,0.002256694,-3.268693e-5,0.001052919,-0.00131392,4.345644e-5,0.001352517,0.002254757,-0.001179264,-6.219821e-4,-5.86175e-4,8.547516e-4,0.002044188,0.002883229,0.001056624,-2.630239e-4,0.003457205,-4.211989e-4,3.95146e-4,0.00359032,0.007455623,0.00422898,0.003710711,0.003376839,0.007736736,0.01399252,0.01412116,0.01442158,0.02030371,0.03136854,0.02586996,0.01854677,0.02927019,0.02954527,0.03412957,0.03668954,0.08833527,0.2894573,1.101361,1.883305,1.250439,0.3625665,0.06458828,0.03254832,-0.00848462,-0.001159761,-0.08601281,-0.09295118,-0.02528389,-0.05086457,-0.02618391
265.778,0.0087598,0.002916852,0.02580719,0.01098697,-0.02573772,-0.009809846,-0.001335092,-0.05336054,-0.01701636,-0.00318633,1.915547e-4,0.002251128,-0.002739835,0.005540221,0.009541715,-0.02109616,-8.371916e-4,-0.006219117,0.01587936,0.009605155,-0.003594924,0.004505938,0.001476958,-0.002924722,0.001247495,0.003276394,-7.39279e-4,0.004426568,-0.005745984,5.61554e-4,0.00781214,-0.007455667,0.01541817,0.0152869,0.02627314,0.00419741,0.008709828,-6.390636e-4,0.01590951,0.02031684,-0.006951874,0.005575551,0.01169236,0.007473822,-0.006946969,0.004081865,0.001377877,0.006282464,0.00225091,4.270699e-4,0.001088742,0.0015345790000000001,-8.337969e-4,-0.01461055,-0.01388803,0.007430876,0.002315495,0.005005308,0.004760442,0.002140471,-0.003080748,-0.002629151,0.01419339,0.008796038,-0.004283932,0.005940596,2.595779e-5,0.008009283,0.01557243,-8.309166e-4,-0.003321521,-1.859952e-4,0.005292843,0.002403202,-0.006171307,0.00727104,-0.003778299,-0.003866944,-4.094361e-4,0.002897817,0.004657474,-9.448428e-4,0.001186201,-0.002322723,-6.366121e-4,-0.002160074,-0.009002699,0.003517158,-4.259838e-4,0.002159846,6.544748e-4,-0.001387637,-0.002488968,0.003550277,0.006682737,-0.001218745,6.2151e-4,0.002981048,-0.003662953,0.003514471,-0.001439944,5.31688e-4,8.91141e-5,-0.001870513,0.002452364,8.225757e-5,5.938767e-4,5.590512e-4,1.843559e-4,6.046947e-4,-2.675472e-4,-0.001073091,2.987152e-4,1.173327e-5,-5.736741e-4,0.002203289,4.153084e-4,-2.379569e-4,5.690469e-4,-0.00257294,1.776565e-4,5.450469e-4,0.001455763,-0.002047772,0.001970737,-0.001095698,9.380768e-4,0.001484624,-0.001266821,-1.591842e-4,7.235118e-4,0.001152907,-1.531614e-4,-0.001327044,8.517783e-4,5.646239e-4,6.172844e-4,0.004161438,0.0010950930000000001,-0.001035842,-2.845794e-4,-6.041284e-4,-6.201669e-4,0.001213397,0.002655468,0.00126718,0.001727839,0.001740422,-7.864772e-4,0.002427873,0.00193554,0.0013659,0.001801781,0.002447948,0.003402542,0.0018932,0.005582367,0.001157274,0.00204439,0.001761741,0.001433189,0.006209913,0.003011295,0.001622684,0.009101628,0.01283759,0.02093615,0.02407636,0.0319026,0.02811353,0.03374908,0.03044966,0.0235755,0.03125544,0.04318576,0.07269257,0.1826832,0.8509673,1.665608,1.510997,0.5005199,0.1280911,0.04494573,0.01914275,0.03836792,-0.01688472,-0.0613691,-0.04656435,0.01307519,-0.005341862,0.04112347
268.025,0.04176361,0.009515041,0.0352178,0.008135433,-0.02529012,0.03667395,-0.001260379,-0.007142802,0.02536684,0.01643911,0.04423367,0.02244643,0.01252538,0.002071873,0.01517814,0.01873544,-0.0015909,-0.002165827,0.006706841,0.003034249,0.0213081,-0.001992806,0.002452684,1.682842e-4,0.002813863,0.01186599,0.006631281,-0.005896253,0.005899332,0.008030951,0.01894,3.665118e-4,0.02348981,0.02439309,0.02121544,0.0256453,0.008642527,0.02319663,-0.003270087,0.0122437,0.0164538,0.01230911,0.005917039,0.01491161,0.00182367,-0.004143889,0.006020572,0.01747057,0.01240799,0.009124156,0.005471933,0.001087978,-0.0134353,-1.717821e-4,0.01730063,0.009183665,0.008981209,0.003554857,0.004115626,0.007249301,0.01198588,0.003193702,0.01095095,0.01073287,-3.300963e-4,0.00307729,0.01173497,0.002193065,0.003745327,0.005714967,0.003727829,0.005577214,0.0044726,0.006230464,0.008460459,0.007715343,0.003237986,0.00523191,0.003536468,0.001029493,0.009212975,0.009322915,0.009195829,0.005888741,0.004895109,0.002478545,-0.001548911,0.001128405,0.00391495,6.182594e-4,-1.543263e-4,-0.001085942,0.006068843,0.00471103,0.004887679,0.002676978,-1.746663e-4,9.273784e-4,0.0025478,9.521361e-4,3.156539e-4,4.41118e-4,3.387785e-4,0.002121384,0.00422975,0.001304334,0.001881399,0.002285366,0.001681187,0.001714272,-1.347593e-4,6.80403e-4,9.386248e-4,-8.946217e-4,0.001282959,9.356764e-4,2.294668e-4,0.002353106,0.002106626,0.003220245,5.402069e-4,0.003543455,-2.730645e-4,0.001865013,0.001905263,-0.00143135,0.002971309,3.998365e-4,0.00317291,0.004124383,0.003339959,-0.001002351,0.006197874,0.003755406,0.005139891,0.002898365,0.002959792,0.004615888,0.002827955,0.003240366,0.002446559,0.00294814,0.001820134,0.004135651,0.003789051,0.003096489,4.277698e-4,0.003305218,-2.640245e-4,0.006561928,0.003089698,7.242038e-4,2.461911e-4,0.006089778,0.005172223,0.005593906,0.005314079,0.004387832,0.006445925,0.00807972,0.008061993,0.007701291,0.005048882,0.008196306,0.01191724,0.01968391,0.02437214,0.02792317,0.03383232,0.03321719,0.03244302,0.02704522,0.04202817,0.03332592,0.075026,0.1576924,0.6670977,1.482213,1.583223,0.6864093,0.126207,0.06010452,0.02521455,-0.02129092,-0.008143237,-0.03220271,-0.008674626,0.08642763,0.04094476,0.05366411,0.01020725
270.273,-0.01701215,-0.05377974,-0.07153035,-0.01747967,0.009786316,-0.02658799,-0.01195935,-0.002502194,-0.01485481,-0.04515835,-0.04523743,-0.01281443,0.006480902,-0.007411087,-0.02785254,0.007607291,-0.02210021,-0.005215081,-0.01019727,0.001031889,-0.01168251,-0.01551291,-0.003995739,-0.006695633,-0.00371555,-0.004460396,-0.004784016,-0.007675237,5.952366e-4,-0.007044201,0.006119281,-0.0173816,-0.01735044,-0.01832916,-0.01868392,-0.03484958,-0.01120571,-8.161824e-4,0.002693584,-0.009640753,-0.03113088,-0.01777843,7.972223e-4,-0.006715365,0.003167371,-0.02186058,-0.01080019,-0.01952134,9.121245e-4,-0.01279429,-0.007887971,-0.01494137,-0.01830591,-0.008416368,-0.01682977,-0.02257181,-0.01366032,-0.006468481,-0.01511279,-0.0128972,-0.009091001,-0.007924664,-0.006464394,-0.00767627,-0.008123208,-0.008887633,-0.006676826,-0.006628186,7.10481e-4,-0.00567517,-0.004195917,-0.01131659,-0.004098345,-0.003848098,-0.00374806,-0.001593091,-0.005106834,-0.00264832,-0.005465844,-0.002911007,-0.006171483,-0.007630933,0.002569913,-0.008629731,4.83425e-4,-0.001219826,-0.00422228,-0.002818851,0.001323195,-0.004635061,-0.00409148,-0.006746235,-8.854826e-4,-0.004658291,-0.004688656,-0.00294718,-9.833474e-4,-0.00461676,2.479111e-4,-8.40646e-4,-0.00130406,-4.995165e-4,-0.001929609,-0.001717208,2.074894e-4,3.075321e-5,-0.001175867,-0.002075635,-0.001163073,-0.002587546,4.856785e-4,-0.001603236,-0.001311843,-0.001767367,4.105917e-4,-0.002699231,0.00108333,-2.441361e-4,-0.002569425,-0.001571488,-1.103135e-4,0.001034054,-0.001835284,-0.002851378,-0.003028279,-7.881804e-4,-0.001595212,0.001365106,-0.001242969,-0.002199047,-0.001593266,-0.002229033,-0.003596729,-0.004713745,3.716927e-4,-0.00152571,-0.001342982,-0.00209057,-0.004686964,-6.567991e-4,-0.00329208,-7.259135e-5,-1.627815e-4,-0.004603803,7.121089e-5,0.001042676,-0.001535579,-8.04795e-4,-7.868605e-5,-0.001583185,0.001012705,-0.001099964,0.001733272,-0.001536466,3.881366e-4,5.979162e-4,-0.002081859,0.00101258,0.005150786,-4.419626e-4,0.00197065,0.003197032,0.007432985,0.008471514,0.01235946,0.02142358,0.02605865,0.02378191,0.02199162,0.02608012,0.03238598,0.02853101,0.02618274,0.05220991,0.08411232,0.4387513,1.260315,1.54591,0.932185,0.1412165,0.02456963,0.02543591,0.01017958,-0.008596194,0.04005427,-0.06396884,0.06539445,-0.06316738,-5.825818e-4,-0.0823913,0.1265445
272.522,-0.004444354,-0.001828053,-0.03558786,0.04436587,0.02875568,-0.008413427,0.009275599,9.901798e-4,0.01587181,-0.005518752,-0.02696298,-0.005678229,-0.008949971,0.005523795,-0.01167333,-0.01049475,0.008806369,0.005730289,0.01166214,-0.001435167,0.007306681,0.006955033,-2.469165e-4,-0.004548224,-5.318499e-5,-0.002804111,0.001953824,-0.001263592,0.008568967,-0.01098095,-0.001735479,2.405833e-4,0.002859101,0.0400217,-0.004265471,-0.01619409,-0.01397072,-0.006512159,0.006797567,0.002188223,-0.01194241,0.01329141,-0.002454756,-0.003781059,-0.01310099,-0.009031041,0.008778207,0.004023585,0.002156494,0.0068763,0.007464655,-0.00139204,6.775999e-4,0.00355476,-0.008736363,-9.877816e-4,0.003938339,0.001750859,0.00225909,0.002850507,0.009840707,0.004788662,-0.0102446,-0.004290454,-0.00375098,-1.473532e-4,0.003790423,-1.386545e-4,0.005787112,0.001016008,-0.005191064,0.00117026,-0.003071394,0.001597503,-0.006908652,-0.001966503,-0.001529765,-0.004733712,-0.002149156,0.00107248,0.004694781,-0.004414667,0.004645215,5.112344e-4,-6.433895e-4,0.006970364,6.562531e-4,-0.005359829,-0.002445203,-0.001853411,-0.001484343,7.904381e-4,9.253985e-5,-0.003397401,-0.001090939,4.739767e-4,0.001217777,8.005794e-4,9.614781e-4,-7.911245e-5,-4.811034e-4,0.002406355,0.001958913,5.724601e-4,-3.009451e-4,-0.001829412,-0.001902594,-8.61716e-4,3.019522e-4,-0.001935884,-3.360722e-4,7.419683e-4,7.837236e-4,-3.604633e-4,9.538653e-6,-0.001874778,6.570013e-4,8.400324e-4,0.002322472,0.002712316,0.003386461,7.779052e-4,2.537828e-4,6.628746e-4,1.564673e-4,0.002241914,-0.002461547,7.2696e-4,9.682029e-4,-0.001224304,-6.796835e-4,-0.00125421,-5.090192e-4,0.001325312,-5.694436e-4,0.001814598,0.002023465,-5.591872e-4,2.785563e-4,-0.001398967,-0.001078774,-4.689448e-4,7.241938e-4,0,0.001205387,4.415703e-4,4.768122e-4,7.670465e-4,-4.391005e-4,-8.278163e-4,-5.926614e-4,0.002231853,0.001537436,0.007098817,0.001855929,-7.737055e-4,0.001674944,-0.001957644,0.004579411,0.001125132,-0.001797715,0.00568793,0.007224611,0.01565102,0.01509681,0.02212966,0.02113696,0.02145333,0.03034021,0.02004811,0.03094334,0.03011772,0.04500494,0.0657726,0.309148,1.033019,1.594997,1.06031,0.2688049,0.05411512,0.03221307,0.04741631,0.006842976,0.02477323,-0.01134938,-0.02411432,0.02808918,-0.01237535,0.1243031,0.07171774,0.1042461
274.772,-0.04351862,-0.02059574,-0.007138322,-0.04084676,-0.04198097,-0.064299,-0.03304899,-0.02158426,-0.01324328,-0.003093498,-0.005524584,0.003529452,-0.002060038,-0.01289736,-0.01934668,-0.006922578,-0.01493871,-0.003798074,-0.005780443,0.008558291,0.01016884,-0.006940835,-5.065151e-4,-0.005234715,-0.005713614,-0.00384033,8.188634e-4,-0.001138168,-0.002806572,-0.01254612,-0.03017208,-0.01134336,-0.01966917,-0.008435468,-0.005347251,-0.01153074,-0.006545093,-0.01514946,-0.0146699,-0.02383035,-0.01245032,-0.01543797,-0.007472992,-7.266253e-4,-0.001789543,-0.01006295,0.001081617,-0.01185939,-0.005675742,-0.01733208,-0.006982252,-0.0156202,-0.01309608,-0.02043266,-0.001274954,-0.004446543,-0.005807142,-0.001620028,0.004649903,0.006408386,-0.004731286,-0.005396084,-0.001286903,-0.005124243,0.002189877,-0.004449946,-0.009677353,-0.01222857,-0.003484995,-0.006789596,-0.006168377,-6.096218e-4,-0.005398783,-0.01063755,-0.003792983,0.003657607,-0.005256623,-0.00605719,-0.001234662,-0.006586125,-0.005997707,-0.001135415,-0.007575711,-9.096009e-4,-4.4445e-4,-0.002196203,-0.003357288,7.711782e-4,-0.003864864,-0.003048022,-0.005605048,-0.001146078,-0.001642604,-6.928457e-4,0.002868324,-0.002294315,6.050451e-5,-0.002712116,-0.001419545,0.001286156,-0.003433145,-4.69185e-4,2.441214e-4,0.00102856,-0.001499294,-2.019024e-4,-0.00100195,0.001631562,-0.002401322,-8.288002e-5,-6.291047e-4,1.959031e-4,-5.811683e-4,-3.079e-4,2.814791e-4,-0.001461944,-7.682987e-4,-0.001017715,-0.002516778,1.635869e-5,-9.310219e-4,3.441363e-4,-0.001780649,-0.003162796,-0.001626191,0.001725665,8.335708e-4,-0.001405978,-2.569767e-4,-0.002546979,-0.002146912,-4.296178e-4,-0.00263192,-0.001287464,-0.00316715,-6.316717e-4,6.47861e-4,-0.002768429,-0.002741483,-7.162113e-4,-0.001210193,-0.001370938,-0.001114228,4.914218e-5,6.256792e-4,-9.719768e-5,1.62786e-4,-3.896688e-4,-0.001241779,-4.299118e-4,-0.001733432,0.003030694,7.116496e-5,3.026103e-4,0.001106871,0.002333288,0.002013217,-9.377717e-4,0.002037403,0.003981547,0.0037190360000000002,0.006584198,0.00711524,0.01401923,0.01871766,0.02414146,0.02163595,0.02575762,0.02487239,0.0284959,0.02110522,0.03133195,0.04593234,0.1858272,0.8083918,1.510316,1.227084,0.401145,0.07366222,0.02112733,0.01206895,-0.01488814,-7.897492e-5,0.0109605,5.416787e-4,-0.01707086,0.0366349,-0.0481764,-0.05140146,-0.06585936,0.007358554
277.022,0.04405305,0.07805283,0.01356558,0.00537509,0.01426293,0.01050866,0.04105766,0.03216116,0.008605367,0.04003617,0.006510084,0.002414498,0.00679269,-0.01002667,0.003069238,-0.005763083,-3.320047e-4,0.00810281,0.02188887,-0.00462548,-0.001162845,5.935163e-4,0.001937558,-3.201968e-4,0.004188431,0.0082427,-7.426433e-4,0.002252544,0.008328739,0.00197801,0.008583671,0.01014515,0.007201298,0.01279338,0.009996675,0.01863217,-0.003207203,0.01730803,0.003285037,0.0166591,0.02339321,0.02148771,0.02108799,0.0129207,0.004599411,0.003371853,0.007835059,0.01378523,-5.281267e-4,0.003010196,0.007917457,0.001729273,-0.005047534,-0.005298343,0.01781444,-0.002405836,0.002228721,0.007350361,0.002612165,0.005797463,0.002847707,0.002563922,9.172692e-4,0.006368976,0.003921618,0.00235829,0.004140465,0.002933671,0.007470497,0.004248581,0.002513184,0.003494816,5.087999e-6,0.001855913,0.005380977,0.002114775,1.95662e-4,-0.004170867,0.004639492,0.009066203,0.002349029,0.001680675,0.005470401,4.530259e-5,0.001070767,0.002079354,-2.62479e-4,-4.760471e-4,6.407301e-4,-9.263115e-4,0.00580349,5.14761e-4,9.610285e-4,0.001495263,0.002245436,-0.003121795,0.002343943,0.005258177,-0.001035224,0.001843407,0.002655827,8.857582e-4,-0.001074185,0.002381369,6.956938e-4,-4.70621e-4,4.644216e-4,0.001097536,0.001161531,0.002433256,5.548106e-4,-5.860102e-5,4.971188e-4,9.612747e-4,0.001834378,0.002148745,0.001845133,0.001653615,0.002091129,-9.425593e-4,0.001479471,3.135108e-4,-1.359468e-4,7.969073e-4,-0.001289624,7.935401e-4,0.002293404,0.001314253,-6.955074e-4,0.002522034,7.791386e-4,0.002032539,0.006370239,0.001763189,0.003146781,0.003013468,0.003495186,8.956378e-4,0.005604083,0.002749257,0.001505567,0.001996917,0.001164746,0.001250068,0.002662776,0.002283612,0.001483002,0.001725094,4.150144e-4,0.002824306,0.005067523,0.001583097,8.490973e-4,0.006011774,0.002076363,0.003836718,0.004902795,0.004890926,0.004421277,0.007889748,0.007086797,0.01405342,0.01721944,0.02103186,0.02355459,0.02760761,0.02780391,0.02951657,0.02993104,0.0324882,0.03598004,0.04608982,0.1237677,0.5497507,1.336187,1.27564,0.5238006,0.1064881,0.05945008,0.05851636,0.0172332,0.03937521,-0.00371307,0.03130001,0.0660365,0.04277242,0.03897442,0.05994918,0.05188819,0.1711652,0.1752745
279.274,0.01142944,-0.008602811,0.02414506,-0.04941869,-0.008013911,2.285565e-4,-0.0104433,0.003043711,-0.05045527,0.01629155,-0.01153554,-0.01670429,0.004863352,0.004071403,0.01999925,0.002578507,0.007673222,-0.001528448,-0.00722313,-0.003936622,-0.004682489,0.003463482,0.003977996,-4.091517e-4,0.004528681,0.009070587,-0.006271065,-0.002897099,-0.004359981,-0.005376104,1.744386e-4,0.009673983,0.006571656,-0.01511567,0.006354647,0.01374836,-0.009143954,0.004910644,0.003150367,0.01482081,0.0155458,-0.01330825,-0.008072248,0.004227933,0.01208668,0.007141406,-3.986915e-4,-0.001554575,0.008584171,0.01582965,0.008408627,-0.00666162,0.00547664,0.005111116,-0.01493225,0.00424079,0.00119329,0.008545467,0.003593661,-0.005131136,-0.002554977,-8.149406e-4,0.002954093,0.002871089,0.007059098,0.001649057,0.002170719,-0.001672643,-0.003168935,0.003882734,0.003605197,0.00184821,-0.006907236,-3.355699e-4,0.003393577,-4.006778e-4,0.005438025,-6.15084e-4,0.003167245,0.003148804,0.001983585,0.003485765,-0.002445863,0.004155692,0.002587515,-0.004243765,9.960087e-4,0.001184909,-3.423797e-4,7.169193e-5,0.001494644,-0.00226652,3.328679e-4,3.491137e-4,0.002054411,0.002825665,0.005563059,-0.001903261,-0.003444693,-0.001082591,-0.001067466,2.8673e-4,-4.323729e-4,0.001540089,0.001876141,-1.279066e-4,-6.539809e-4,0.001296002,0.00104176,3.377097e-5,-8.4085e-4,-1.722458e-4,-3.467257e-4,0.001585843,-8.995163e-4,-4.977432e-4,3.577975e-4,0.00110116,0.001791948,0.001721288,-8.630038e-4,6.620812e-4,-1.890939e-4,-9.285452e-4,0.002257841,4.552657e-4,0.002601013,-7.230979e-4,0.001881546,0.002660551,-4.396131e-4,0.001317878,-0.00273761,-0.001316125,0.002106558,0.002586874,-0.002083921,0.001655693,-5.778469e-5,7.484668e-4,0.001219805,-4.145281e-4,-0.001242641,0.001774602,0.001967757,0.002014252,4.943194e-4,6.123328e-4,0.001611587,0.002097381,0.002784171,5.610488e-4,-1.415901e-5,0.003017535,0.00493865,0.004640279,0.003812338,0.002823147,0.003140743,0.005471551,0.01198883,0.01596898,0.01716413,0.02115829,0.02303375,0.02352916,0.02114885,0.02592741,0.0274556,0.03147687,0.04804693,0.0786431,0.3399607,1.033612,1.31451,0.670321,0.140954,0.03683227,0.03899788,0.02843043,0.01574892,0.04388472,0.01986601,0.009446115,0.01437078,0.02310127,0.03906685,0.04937089,-0.01860691,0.04725038,0.2099156
281.526,-0.01630575,0.01839638,0.01676005,-0.01912668,0.04435875,0.01657362,0.01606779,-0.02030752,-0.009530143,-0.02000596,-0.006639097,-0.01211811,-0.002236722,-0.007680139,0.004326994,0.01442551,-0.005419826,0.004364638,-0.01266612,1.025122e-4,-0.007103545,-0.0044973,0.001630617,-0.001769234,-0.001535351,0.00178182,-0.003178589,0,-0.001279441,-0.004830829,-0.003090016,-4.873158e-4,-0.01392974,-0.004296513,0.005362654,0.00390329,0.007224048,-0.02321654,-0.003613955,-0.01071383,0.004783812,-0.007948167,-0.01378265,0.005668743,-0.008390121,0.006416997,-0.002215643,-0.008456026,-0.01031976,0.006435072,-0.008179078,0.002310322,-0.01198219,-0.005542741,-0.007906821,-0.01111013,0.006608535,0.004643741,-0.01134739,0.001530768,-2.527238e-4,-0.00892286,-0.004613245,-0.004064492,0.004032308,-0.00906579,-0.001690981,-0.001940696,-0.005432392,0.001372454,-7.457514e-4,-0.007007375,0.006393927,-7.20074e-4,-3.373911e-4,-2.873765e-4,-0.004412105,-3.76141e-4,-0.001409554,-0.001337688,-0.008926882,-3.376708e-4,0.004184292,0.001665975,-0.003751,-0.006080655,0.001642882,0.001701818,0.003618256,-0.002845364,-0.00328223,0.001020922,-0.001649257,-0.001676289,0.002669402,-0.001632713,-0.001106861,0.002108948,-0.001818338,0.002950861,0.001273836,-8.291495e-4,-4.720589e-4,-0.001104816,-8.404143e-4,-7.12633e-4,-0.002225041,5.465838e-4,8.757074e-4,-5.23531e-4,1.222772e-4,-6.789e-4,3.627316e-4,-1.656416e-4,-8.230249e-5,-7.265482e-5,2.878697e-4,-7.853163e-4,-0.002128113,-0.002130004,0.001446296,-0.001252261,8.79591e-4,2.455154e-4,-3.706007e-4,0.00328052,8.881486e-4,7.105027e-4,2.644094e-4,5.121676e-4,-0.001524137,6.846528e-4,0.001100854,6.21504e-4,0.00174913,-0.00185124,0.001847495,-2.544197e-4,-0.001148198,-2.640875e-4,-0.001144904,0.002960059,-3.19637e-4,-0.003126425,1.302691e-4,0.001075908,-5.259527e-4,-0.001644797,-3.516662e-4,0.001345124,-0.001101265,0.001689026,0.003921238,0.002210755,0.002800052,3.877883e-4,0.002715279,0.001054737,0.00315657,0.005633239,0.01268513,0.0177174,0.01801697,0.02755064,0.02347204,0.025637,0.02502926,0.0267176,0.02680562,0.03439333,0.05778042,0.2428366,0.8298693,1.315102,0.8046364,0.1975118,0.0628738,0.04935904,0.04181999,0.02271492,0.01710884,0.007190176,0.009480211,0.01440999,0.00636074,0.01388204,0.02675287,0.02215425,0.0871936,0.02450768,0.11719
283.779,0.02903788,0.03017565,-0.01340306,0.002624623,0.01899458,0.03235192,0.05590016,0.02403172,0.0471442,-9.131159e-4,-0.001078937,-0.001287274,0.002036888,0.002892373,0.0193311,-0.001041101,0.0200248,0.001752913,0.004872147,0.01751791,-0.002286151,0.001835843,0.006805501,0.004441768,-0.002800912,-0.001170928,0.003738839,0.004582535,0.004965569,-0.005603292,0.002052189,0.004521296,0.0115299,0.02709268,-0.002826485,0.01134376,0.0127683,0.01918979,0.004705046,0.005937088,0.0047009,0.01233068,0.01897164,-0.002802184,0.007664551,0.01302935,0.01551181,0.002503711,0.005115257,2.316034e-4,0.01037376,0.01232195,0.005347832,-0.00162671,0.001333363,0.01289343,0.002377556,0.009310745,0.006128919,0.008530906,0.01444871,0.01396914,0.007904841,0.005870616,0.008841205,0.009549256,-8.398323e-4,0.01130485,0.007158405,0.007410958,0.005771639,0.001950999,0.008331672,0.006427971,0.003339798,0.002533911,0.001488425,0.001302821,0.002871853,0.001984925,0.009368501,0.004144165,0.005015805,0.001064932,0.00133019,0.008132713,0.003805096,0.003826959,0.003970353,5.919384e-4,3.629852e-4,-0.001104761,0.001361418,-4.978893e-4,0.004403749,0.003536678,0.003038506,0.002387967,0.001273581,0.001949936,0.00360225,0.003192388,0.001697631,0.002703809,0.001048966,0.00113069,7.646466e-4,0.002695819,6.402332e-4,0.00148962,7.809909e-4,0.001088533,8.541668e-4,0.001121049,6.749315e-4,0.002799262,0.001127361,0.002319932,0.002516489,9.333281e-5,0.002907978,0.001309939,0.002615234,3.643348e-4,0.002830756,8.566309e-4,7.447471e-4,0.003621091,0.002524977,2.13177e-4,0.00113826,1.027543e-4,-0.002424255,5.561346e-4,0.001627314,0.001797231,-8.859266e-4,0.0028178,0.001928232,0.002608709,0.003108537,0.001361264,0.002112348,0.00279862,0.001853727,0.003630897,0.001410984,0.003898628,0.004580362,0.002886612,0.00369315,6.799036e-4,0.003930974,0.00625323,0.004237159,0.003857864,0.003238097,0.005332311,0.01098277,0.01418575,0.01254358,0.02300462,0.0235615,0.02420166,0.0297096,0.03284917,0.029938179999999998,0.03438163,0.03929726,0.05251118,0.151644,0.6001025,1.148684,0.9815364,0.2862699,0.07866328,0.06526029,0.05604742,0.0447981,0.05297497,0.01203751,0.02306153,0.008815237,0.02959026,0.05204521,0.02141067,0.04599188,0.07001951,0.01267689,0.09563404,0.234691
286.034,-0.01052112,-0.009737448,0.0128622,-0.005680835,-1.318199e-5,0.004884396,0.03426629,0.01926287,-0.00770382,-0.01365185,-0.01710624,-0.01129602,0.01033042,-0.0117486,-0.008352913,0.005997008,-0.001466518,-0.01099364,-0.002127262,0.00119578,-0.001510446,-4.968379e-4,0.007393677,-0.001064564,-0.002263976,-0.002834261,-0.002458533,9.489394e-4,-0.003405827,0.003487216,-0.005454567,0.006683212,-8.267156e-4,0.02004648,0.002401757,-0.01274165,0.02068916,-0.002208832,-0.009270812,-0.00790105,0.002078952,0.004850151,-0.0132564,0.01433626,-0.005464619,0.01597997,0.009488117,0.002421397,0.00638932,0.002158139,0.002262252,-0.003482202,0.01248287,0.009420294,0.008145616,0.003623935,0.005533235,-0.001174477,0.002974454,0.01128057,0.002789105,4.943105e-4,0.005514712,-0.003612948,-0.002390613,0.005238225,0.00155963,-0.006016247,0.001082615,0.005626964,0.006064711,0.002215772,0.002293695,-0.006585047,-0.001880261,-0.00207415,5.253643e-4,0.003248379,-0.004009014,-0.002464483,0.002523176,0.003316808,0.00278815,0.001031903,5.121898e-4,0.00402812,0.005457904,-0.002017375,0.005811315,-0.0020584,6.422608e-4,0.002227978,0.001648237,0.004005861,0.001249285,0.001407062,-0.001271602,-4.684992e-4,0.003645788,-9.293331e-4,0.002544788,7.569074e-4,4.15486e-4,8.146639e-5,0.001042361,7.987855e-4,-0.001650893,-1.612862e-4,-3.870191e-4,4.919813e-4,-5.04096e-5,2.694094e-4,-7.270651e-4,-2.152197e-4,8.536766e-4,2.13534e-4,-4.823728e-4,-7.106628e-4,8.177048e-4,-8.624116e-5,-0.002022864,7.670828e-4,-0.001157658,0.001983645,-6.328245e-4,9.34674e-5,0.002981513,0.001002816,0.002214907,6.376092e-4,-5.878443e-4,0.001112023,0.002687507,0.003001975,0.001426578,0.001190441,0.001859311,-1.605742e-4,0.002440874,-5.363527e-4,0.001252551,1.53987e-4,5.797986e-5,7.917757e-4,5.683421e-4,-1.972021e-5,0.002811446,0.001654884,0.002057918,5.722847e-4,9.2287e-4,-4.142632e-4,0.003282145,0.003684564,0.002979317,0.004338852,0.002045103,0.006481638,0.00992756,0.0113289,0.01810962,0.02060209,0.02511864,0.02552718,0.02447868,0.02341968,0.03227752,0.02889732,0.05278518,0.1155835,0.47725070000000003,1.049986,1.051229,0.4077957,0.086120940000000007,0.06353604,0.05495918,0.05990788,0.02924377,0.01959827,0.03617084,0.02293365,0.03885806,0.04520903,4.870859e-4,0.01523981,0.04849867,0.01834815,0.06043881,0.1242981,0.09406075
288.289,-0.03136682,-0.001487594,-0.01564451,-0.02469331,-0.01794286,-0.008417688,-0.01770887,0.01563576,0.03844336,-0.006014449,-0.004729897,0.01468122,-0.01528109,-0.01017502,0.009734803,0.002238389,0.004612641,-0.01199162,0.008250493,6.612831e-5,-0.006778074,-0.008780823,-0.003584625,4.06624e-5,-0.004219237,-9.382055e-4,-0.008270661,-0.007636973,-0.003520122,0.00482876,-9.859609e-6,0.004670669,-0.02925394,0.006286091,0.01593686,0.001094624,0.01093945,0.002752084,-0.001991306,0.002302711,0.001965647,-0.01455942,-0.008293746,-0.01347273,1.754874e-4,0.005036473,0.002023769,-0.002834144,0.01078096,-0.008260447,-0.00156579,-0.0116253,-0.006585994,-0.00452607,-0.003190293,-0.002151809,0.001517325,-0.002295196,-2.275248e-4,-0.01009184,-0.005996607,-0.008204973,0.007686493,-0.003343171,-0.01168204,-8.143245e-4,0.004969474,-0.002207611,0.001906155,-0.002149706,0.001214442,-0.003828212,-9.468225e-4,-0.007347377,0.002590682,-3.814352e-4,6.349251e-4,-0.001930262,0.003094064,-0.005261965,0.002721898,-0.003066,6.979786e-4,0.007897302,0.00150279,-0.002689423,0.001138852,1.673494e-4,-6.208517e-4,0.001203396,0.005010311,6.107137e-4,6.35337e-4,2.041371e-4,-0.003779485,5.030854e-4,-0.001879649,0.001244978,-8.978247e-4,-7.358824e-4,-2.250098e-4,-7.990939e-4,-0.001004988,-0.002400053,0.001030243,8.901871e-5,-0.001697508,0.001400722,-2.295202e-4,4.219017e-5,2.375004e-4,-0.001592181,-6.93778e-4,-1.238184e-4,2.758017e-4,9.664983e-4,-4.804039e-4,0.001095668,-8.05802e-4,-0.001540481,-0.002182398,-0.001881527,-0.001321286,8.821806e-4,0.00183492,1.898006e-4,-6.923645e-4,-0.001112382,5.26036e-5,0.001178347,-0.002882219,0.001610455,-8.426026e-5,0.001174125,5.469608e-4,-0.001501198,-4.404229e-4,-1.789546e-4,-0.003626098,-6.217145e-4,-4.78559e-4,0.00335879,0.002339152,0.002427843,-5.147606e-4,-0.002159944,6.917519e-4,1.637212e-4,0.00106831,0.001343003,-3.090199e-4,0.001686677,0.001320269,0.002902323,0.004710413,5.704285e-4,0.004772832,0.006328462,0.009343443,0.01638563,0.01931493,0.0248312,0.02017232,0.02258868,0.02184344,0.02139587,0.02570233,0.03555319,0.07835804,0.3587014,0.9152417,1.107752,0.5923917,0.1269435,0.07689673,0.06535295,0.04069182,0.05778005,0.03862374,0.01221618,0.01498064,0.0394292,0.03263199,0.01624932,0.06145417,0.01387556,0.02817444,0.02527413,0.05342307,0.08996721,0.1343436
290.545,0.03334323,0.006769106,0.02719654,0.01938005,0.04533539,0.03127811,0.01043888,-0.01378221,0.02418073,0.008636218,0.01637989,-8.369593e-4,0.006736514,0.01596858,0.002689954,0.00388072,0.008669026,0.006525338,0.01308787,0.007789772,0.009214052,0.006098476,0.004118523,-0.002423275,0.008768056,0.002834825,0.003030474,0.007923593,0.004887053,0.01599315,0.00513639,0.01302928,0.01109691,0.01374872,0.0238679,0.02217076,0.009140763,0.01841145,0.01137533,0.0103709,0.01199724,0.006226099,0.01091041,0.005549857,4.444247e-4,0.01398476,0.01481144,0.01313422,0.01513163,0.01063745,0.01966664,0.01383202,0.01205286,0.01588025,0.007541918,0.002156869,-5.278298e-4,2.067937e-4,0.01113728,0.006432915,0.004124112,0.01061167,0.005597185,0.003448187,0.009168405,0.01208621,0.002486632,0.01152934,0.007060763,0.005930108,0.006229891,0.007686565,0.007589234,0.005861116,0.00107359,0.01118994,0.002609014,4.645862e-4,0.007050311,0.006968834,0.00419792,0.00971425,0.005725998,0.004558323,-2.840145e-5,0.003928592,0.002466602,0.002680476,0.007326787,0.002871219,0.003449138,0.003905721,0.006423904,0.001762098,0.005469085,9.502176e-4,0.005868248,0.005276099,6.05132e-4,0.0035758780000000002,0.003740623,0.001132861,8.720972e-4,0.00364207,-7.063798e-4,0.001809723,0.002477057,0.001204326,4.895352e-4,0.001716547,0.001404746,0.001713411,0.001078261,0.00187096,6.517044e-4,0.00149724,0.002680668,0.002841827,0.003743891,0.002637018,0.001000891,0.002213845,0.003256766,0.001501999,0.001523479,5.984884e-4,0.001629556,0.003057076,0.002923404,0.00409284,0.001952997,0.004269547,0.002752853,0.003056919,0.002171092,0.004788884,0.002666126,0.004243658,-1.726727e-4,0.001725515,9.080939e-4,0.00104071,0.002421245,-1.774919e-4,0.001788053,0.004149026,0.00482947,0.004268014,0.003225501,0.003257762,0.00250851,0.002471361,0.005437984,0.00269497,0.003858877,0.005491075,0.005242723,0.01390819,0.01326746,0.02490125,0.02262285,0.02460316,0.02799856,0.0301968,0.02661541,0.029640529999999998,0.03294011,0.05928656,0.2650967,0.7945409,1.075544,0.7153312,0.2127771,0.08247115,0.08661058,0.07780971,0.07716412,0.08500105,0.04879161,0.06173008,0.0495956,0.0336199,0.05750342,0.04694278,0.07686469,0.04060115,0.06633309,0.1032337,0.1698897,0.2675148,0.3392497
292.802,-0.0268422,-0.004153397,-0.01850258,-0.02043275,-0.03315218,0.002913384,-0.008050019,-0.02637147,-0.008772486,-0.009223518,-0.008404128,-0.00246242,-0.002623713,-3.165309e-4,-0.008021941,0.007015177,0,-0.006349832,-0.01047321,2.947623e-4,-0.005853009,-0.002906758,-0.004970695,-0.002548215,-0.005194385,-0.003915434,-0.002632628,-0.00409813,-0.004930711,0.002464508,0.005330131,-0.002579414,-0.001004918,-0.01059178,-0.002035208,-1.085615e-4,4.935709e-5,-0.008328033,-0.003202475,-0.01120805,-0.007649008,0.003835641,-0.01578126,-0.0226014,-0.003576706,-0.01601092,-0.007035278,-0.01437099,-0.01334295,-0.006470554,-0.01236697,4.904491e-4,0.003128413,-0.002384692,-0.004827328,2.351992e-4,-0.001042454,9.514411e-4,-0.009065754,-2.435334e-5,-0.005295907,-0.002170711,0.006279801,-0.006920187,-0.00347358,-0.01120812,-0.008543301,-0.002838535,-0.006347249,-0.007589052,-0.003406158,-0.007713974,0.00112562,-0.003289927,0.002524959,-0.006084445,-0.003373143,3.97096e-4,-0.003977882,-0.004421459,-0.005030171,-0.004036526,-3.991307e-4,-0.001469182,-0.003106213,-0.001904909,-0.003367848,6.141365e-4,0.003042891,-0.001195233,-0.001334379,-0.002229024,-0.001885801,-0.001735103,-0.002261556,-1.144722e-5,-0.002129203,-0.002230803,-0.00323931,-5.129451e-4,-2.698792e-4,4.967179e-4,-0.002848153,-0.002835565,-7.552961e-4,0.001039091,-8.777561e-4,5.567928e-4,-7.07079e-4,-0.001371801,-2.193159e-4,-3.200166e-4,6.066814e-5,-7.919671e-4,-0.001201929,2.308745e-4,-8.699335e-4,-2.411716e-4,-0.001830402,-0.001201295,-0.003220434,2.414423e-4,-0.002189534,-8.049408e-4,-0.001376414,-0.001388117,-0.001307681,3.577798e-4,4.418907e-5,-0.002378641,9.132901e-4,-3.393333e-4,-0.001513551,0.001284257,-0.001985311,0.00281627,8.673668e-4,-0.002168001,6.017816e-4,-4.188377e-4,2.606891e-4,0.001378564,5.774417e-4,-0.001433878,-0.00119377,-1.385914e-5,-6.052387e-5,-0.002896699,-7.063184e-4,6.406958e-4,-8.017902e-4,0.001783158,3.390024e-4,0.00260105,5.307656e-4,0.003353667,0.007127398,0.00914482,0.01841549,0.02062097,0.01858293,0.02344574,0.02467523,0.02433391,0.02807088,0.0275115,0.0412827,0.1615574,0.6414206,1.05183,0.8089725,0.2610035,0.07315715,0.06693586,0.06683152,0.07321656,0.07639392,0.06347687,0.04441129,0.05857348,0.05539873,0.0402869,0.04392843,0.0322307,0.02608157,0.02285983,0.06039635,0.03106828,0.08360175,0.1240744,0.275261
295.06,8.365849e-4,0.01538989,0.0093747670000000009,0.00563515,-0.01196068,0.02872872,-0.005575577,-0.001543897,-0.01113528,-0.007764011,0.007895744,-0.009978429,0.001504878,-0.004683031,0.003320619,-0.01818438,-0.006975036,0.005229512,0.004049372,0.006597357,-0.00296629,8.048872e-4,-0.001650118,-0.002437558,0.00245401,-0.003282178,9.308807e-4,0.004056217,-6.535698e-4,0.003786748,-0.005755883,0.002741398,0.00225627,-0.005414879,-0.008857411,-0.02215593,-0.01040766,-0.005597253,-0.001555135,0.005011329,9.221403e-4,0.005107765,-0.002257564,0.003579281,-0.008066896,0.001370481,0.002803799,-0.002821871,-2.115744e-4,0.01259589,0.01050128,0.001667903,-0.004543275,0.001953813,-0.003190177,0.001286945,0.004898653,3.878332e-5,-0.003951049,0.004458247,0.007844975,0.001364435,-0.01386634,-0.002772501,-0.003448526,-0.002528391,0.003919681,-0.01038131,0.002238425,-0.006003121,-5.431713e-4,0.002554772,0.009077611,-0.003740143,-0.005232064,-0.004236747,-3.313294e-4,-0.005702546,-0.004614321,-2.873626e-4,0.001155712,-0.005861427,0.003379212,-0.004812184,-0.002747879,-0.003429192,0.002561227,0.002888851,-3.798143e-4,-0.00146896,-0.002451823,-2.541936e-4,9.030412e-4,-0.001366434,-0.002439493,1.088476e-4,0.001901977,-0.001592492,-7.525901e-6,0.003317595,-4.084037e-4,2.80519e-5,-0.001569276,-3.727079e-5,-2.875444e-4,0.001348058,7.792892e-5,2.192793e-4,-5.148674e-4,-0.001027474,7.069377e-5,3.357069e-4,-8.82514e-4,0.001248033,3.226972e-4,-1.848044e-4,-5.051244e-4,-9.076865e-4,-7.293532e-4,-0.002359486,0.00106791,-0.001192649,0.003237805,-8.249552e-4,-4.063894e-4,-0.001173929,-1.479528e-4,-0.002236984,-1.845347e-4,6.815941e-4,-0.001182849,-0.001011633,2.9697e-4,-8.831811e-4,-1.963755e-4,-0.002447428,-8.87063e-4,4.563483e-4,0.002179843,-0.001810158,-6.453586e-4,0.002136646,0.001265766,0.001501471,-3.173728e-4,0.001065184,-4.392084e-4,0.002077048,0.00194105,4.348153e-4,0.004621719,0.002394003,8.036576e-4,6.767806e-4,0.005721792,0.00518965,0.008872987,0.01132618,0.0221242,0.02716332,0.02120899,0.01962962,0.0243744,0.01964551,0.02576094,0.04101226,0.09976805,0.4500384,0.9660376,0.8708292,0.3259743,0.08434845,0.06864743,0.0738354,0.08514307,0.08719432,0.07715764,0.0771675,0.07393548,0.07567398,0.05842188,0.05997342,0.03785316,0.02813156,0.05822649,0.03835178,0.07175364,0.09152478,0.1461643,0.1584332,0.1394109
297.319,0.009135305,-0.02249231,-0.02549426,-0.009110883,-0.02204962,-0.0263753,-0.004423874,-0.008112818,0.01090608,-0.003107957,-0.007857894,-0.01317317,-0.004378991,0.0035482,-0.00686701,-0.01238394,-0.004475406,-2.543642e-4,-0.01036317,-0.004601732,-0.007883502,-0.004056065,-0.003129415,-0.004331843,-0.005842356,-0.005643875,-0.001248062,-0.002855389,-0.008266633,-0.00177367,-0.01940025,0.00521424,0.003462168,0.005897348,-0.007057542,-0.02325484,0.00111839,-0.007344731,0.003445571,-0.005712453,-0.002284671,-0.006403618,-0.01581111,0.003371277,-0.00791397,0.002418171,-0.007389948,-0.00213908,0.002003913,0.003736385,-0.01256712,-0.01012812,7.026555e-4,-0.009055985,-0.008261208,-0.008908598,-0.002068912,-0.005561124,0.0025923779999999998,-0.00726613,-0.004476276,-0.007220329,-4.764194e-4,0.00111091,-0.003108599,-5.751772e-4,-0.008089702,-0.005893768,-0.002727873,-0.005948249,-0.005715516,0.002914896,-0.003275552,0.00433718,-0.001802585,-0.008550047,-0.001471745,-0.00287572,0.001403961,-0.004904438,-0.002593372,-0.007681719,-0.002701451,2.668703e-4,-0.004791407,0.001179484,-0.003644234,-0.004024544,0.002963113,-0.003517317,-0.005175293,-0.001848016,-0.00179698,-3.61859e-4,-0.002333599,-0.002078468,-0.001820827,-0.002474707,-0.002878174,-0.003709599,-0.001131532,-0.001941661,6.640833e-4,-0.002035161,-0.003077161,-6.458624e-4,3.079636e-4,-4.134089e-4,-0.002432638,-0.001357865,7.939738e-5,-1.412435e-4,7.816818e-4,-1.608166e-4,0.001229675,-0.001704431,-0.001669887,-2.73699e-4,-6.581714e-4,-0.002918902,-0.001736356,-0.001758159,-0.003477748,0.001169912,-0.001897966,-0.001205646,-8.963068e-4,0.001197443,-5.364079e-4,-0.002856598,-0.001293374,-0.001836228,-9.243318e-4,-0.002534283,-0.001716958,-1.987672e-4,-0.002119536,-0.001225263,6.783612e-4,0.001078805,6.481319e-4,-0.001447728,0.001315239,-3.375388e-4,-0.003588712,-0.001008708,0.001152461,1.934914e-4,0.002072829,0.001983348,0.001725861,8.918695e-4,0.002192955,0.002759416,0.005594481,0.006203578,0.009287258,0.01893799,0.01721389,0.01843917,0.01997777,0.02029457,0.02457576,0.02159404,0.02968486,0.05872194,0.3326636,0.8542688,0.9191816,0.4345278,0.09828417,0.05505484,0.07818451,0.08830975,0.08736022,0.07682749,0.07456497,0.067027,0.0814819,0.07191245,0.07734867,0.0784485,0.05978822,0.04252457,0.05070358,0.0615388,0.02299979,0.06484763,0.08910314,0.1963998,0.07421454
299.578,0.002367453,0.008748014,0.01510044,0.01021673,0.03279101,0.02252508,-0.002480093,0.01234252,0.002783202,6.626385e-4,-0.002339169,0.01790511,0.003028524,-0.001734571,0.0163658,0.007528782,0.001672269,0.01006055,0.006966338,0.01120968,0.004641278,0.005125548,0.001443227,0.002393161,0.0036611,0.00793793,-6.644277e-4,0.004878014,0.003372578,0.004746061,0.001257513,0.002106828,0.01410064,-0.01309971,0.002717069,0.02674154,0.005275201,0.01551646,0.006298061,0.0122174,-0.0032111,0.006031943,-0.004839751,0.002092084,0.01189605,0.001894482,0.001604721,0.01155906,0.016822610000000002,0.006443106,-8.470196e-4,-2.118721e-4,0.00377265,0.001149731,0.0143125,4.660316e-4,0.008548906,0.005854018,-4.638635e-4,9.696977e-5,0.003520413,8.345482e-5,-0.001588767,0.006993597,-8.774862e-4,3.257265e-4,0.007862715,0.003387608,0.00519599,0.003539224,0.002827716,-2.941882e-4,0.003207319,-1.322087e-4,5.919812e-4,0.003823222,0.00378428,-4.17056e-4,0.001935465,-0.001442582,-0.002473325,-0.001383258,2.023208e-4,0.002135237,0.002474426,0.004879711,-0.001913394,0.003261318,-7.774661e-4,-0.001171642,0.004587212,0.001483161,0.003572292,0.001758668,0.002145694,-0.001122793,6.471322e-4,7.626765e-4,0.0021067,2.435664e-4,0.001872924,0.00104913,1.977722e-4,0.002752582,-4.997033e-4,0.002193363,0.001074871,-1.1155e-4,5.069434e-4,0.001617351,-1.05975e-4,-6.742241e-4,0.001038764,0.001477928,0.002165368,-2.245647e-5,0.001484737,0.002217156,0.003819252,0.002445066,2.235848e-4,0.001464064,-8.050708e-4,0.002560766,0.002561882,0.001858836,0.002026547,-1.810191e-4,0.002774636,0.002843678,0.004108796,0.001007474,0.001958922,0.00198381,-2.97256e-4,0.001902186,-7.790908e-5,0.003393849,0.0019832,0.002383701,0.00238936,0.001765907,0.001010096,0.002539453,8.388861e-4,0.001580729,0.003155248,0.002760904,0.001155942,0.002798544,0.003091915,0.00371698,0.003383334,0.007683631,0.009185075,0.01370683,0.01865273,0.01943028,0.0245231,0.0224148,0.02901843,0.02490839,0.0295356,0.0304479,0.04549236,0.2115966,0.7150868,0.9589716,0.5204945,0.1369824,0.06505596,0.0748329,0.08701325,0.1022891,0.1181471,0.1252946,0.09434325,0.09226436,0.08830659,0.08440862,0.07462778,0.06198808,0.05881592,0.07195168,0.07423129,0.1389927,0.08679086,0.1022734,0.1652668,0.2272479,0.2652687
301.839,-0.004054398,0.002317379,0.008955275,-0.001579249,-0.01938286,-0.005443904,-0.04995825,-0.0234021,0.003013562,-0.02127388,0.007853573,-0.01274254,-3.751573e-4,-0.002398027,0.005943162,-0.002138549,0.002253663,0.005268506,-0.005309424,-0.002092909,-0.00315615,-0.00431228,-0.00805929,8.463977e-4,-0.001030001,2.953205e-4,6.307642e-4,-0.003997402,-8.30746e-5,-0.005432306,0.00328869,0.003316179,0.002450777,5.356489e-4,0.006901123,0.0123238,-0.006422376,-0.001194122,-0.006613524,0.004056108,1.860399e-4,-0.006385285,0.01360764,-0.002295092,-0.003079004,-0.004027874,0.006874047,0.007688307,-0.003963648,0.003473685,0.003253574,0.01065204,-0.008652145,-1.276726e-4,0.001639264,0.002654871,-9.068062e-4,-0.006352167,0.003119951,0.003157211,-0.001490811,-0.006366953,-0.003283766,-0.002201946,0.004432748,-0.001325376,0.001383608,0.0044494239999999996,-5.069987e-5,-8.313904e-4,-7.057379e-4,-0.002089988,-0.00449271,-0.001460663,-5.955003e-4,-0.003283794,0.003517075,7.557798e-4,0.007448937,0.005631294,-5.124538e-4,4.233859e-4,-2.657663e-5,-0.004065283,-0.001728932,-0.003233157,-0.001732993,-0.00109474,-2.113105e-4,-0.001834088,-0.003361786,-0.002628111,-0.001913413,2.180414e-4,4.634778e-4,-3.058987e-4,-7.864739e-4,-0.002011385,-5.905144e-4,0.001912185,-7.877839e-5,2.667767e-4,-3.818583e-4,-1.433303e-4,-8.306511e-4,3.016572e-4,3.928545e-4,-2.196915e-4,4.936567e-4,0.001259453,-4.120862e-4,6.214048e-4,2.624336e-4,0.001040684,-2.102685e-4,8.636894e-4,-8.730218e-4,8.471259e-4,-0.001154415,-0.001308216,-0.001592916,0.001323882,-3.835874e-4,6.571772e-4,5.156375e-4,7.972911e-4,1.965488e-4,2.338094e-4,-6.022297e-4,7.746989e-4,-8.734785e-4,2.789763e-4,0.001344555,-6.638396e-4,0.002514102,-0.002418595,0.002339201,0.001652914,-0.001689539,0.001150086,-0.001297321,0.001266931,0.001373811,0.002065952,0.003185485,0.001985966,-1.314976e-4,-6.487437e-4,0.002799239,0.00284524,5.077975e-4,0.002042753,0.005847427,0.006269207,0.01033904,0.01364998,0.01203546,0.01824971,0.0183262,0.0222731,0.02095872,0.02282093,0.02508022,0.04246814,0.1287334,0.5396979,0.9480465,0.6715208,0.1915281,0.05470009,0.06491021,0.07766506,0.08916343,0.1115955,0.1064299,0.1007472,0.1017795,0.1025032,0.07928893,0.09150086,0.09666123,0.07219674,0.05452172,0.06585794,0.04148265,0.05671346,0.06642028,0.124436,0.1650614,0.1955212,0.197105
304.1,-0.007878255,-0.00384029,0.01721825,-0.01949949,0.01284552,-0.002632736,0.01954725,-0.004042295,0.003026036,-0.002573057,6.282511e-4,4.288124e-4,-8.167664e-4,0.004126585,-0.009539505,0.004405952,-7.228076e-4,-0.006223878,0.007738601,0.002589177,-0.00231287,-0.003642456,0.005972312,0.003168611,-0.002666014,0.001457711,0.001567897,-0.003186835,-7.552472e-4,0.001594188,-0.006129056,0.004922513,-0.006676302,-0.005521122,-0.01847133,0.01284225,0.004259148,-0.007870517,1.999734e-4,0.001841392,-0.002980545,0.001513325,0.001728157,-0.001034292,-0.003288075,-0.00520428,-0.003031852,-0.01310927,-0.003509884,-0.002728121,-0.009898245,0.002101555,-0.002864426,-0.002012369,7.028666e-4,0.001067892,-0.001783619,-0.008932483,-0.01160954,9.655607e-4,-0.008305761,-0.001921092,-0.002602461,0.006045795,0.001036281,0.001266997,8.178258e-4,0.001727363,-0.001071556,0.002408757,0.004488894,-9.659938e-4,-0.002676203,-0.001871849,-3.557302e-4,-6.468761e-4,-0.002928999,8.232321e-4,-0.002805844,-0.005209142,-0.001191535,-0.001787414,-5.478085e-4,4.189119e-5,-0.001398419,-2.666177e-4,9.567999e-4,0.001053239,0.003092044,-0.003532296,-9.531483e-4,0.002367788,-0.001587725,-0.001296481,-0.001595535,-5.989866e-4,4.117852e-4,0.001252339,0.001636508,-2.870093e-4,3.92773e-4,3.100577e-5,-0.001524562,-8.872057e-4,5.771912e-4,0.001882315,-3.218979e-4,-4.430577e-4,2.550297e-4,-2.210454e-4,-3.952613e-4,-6.21471e-4,-2.642185e-5,8.434929e-5,-5.340822e-4,-2.561131e-4,0.00057231580000000005,5.328922e-4,-1.23526e-4,0.001744113,0.001283823,-0.001446693,-9.247407e-4,-0.001246873,1.471012e-4,-4.095661e-4,-5.252135e-4,0.001497488,-8.747504e-4,0.002011788,0.001350277,0.001597555,-7.444802e-4,0.001058958,-0.001515855,3.728884e-4,7.338556e-4,2.161281e-4,-0.001899314,-0.002774291,6.806397e-4,1.261621e-4,0.002819164,0.002907558,9.180366e-4,1.625338e-4,0.001594532,0.001247141,0.001405653,-2.877277e-4,0.002693561,0.007304951,0.006086095,0.008529161,0.01419761,0.0177031,0.02286914,0.02008669,0.02247096,0.02325692,0.02372155,0.02580273,0.03748278,0.08667807,0.4158169,0.8781104,0.7940511,0.2657982,0.04730257,0.06006077,0.05990653,0.08058045,0.09482708,0.1065391,0.1117182,0.1106022,0.1181588,0.1135548,0.0995324,0.09681509,0.08058316,0.08578982,0.06186052,0.07131529,0.04655892,0.05013571,0.07658673,0.1058577,0.1396112,0.1592533,0.2875694
306.363,0.002276452,-0.02387966,0.003538045,-0.01416321,3.00107e-4,-1.926048e-4,-0.004447015,0.003414767,8.508187e-4,-0.007529459,-0.02418129,-0.00877846,-0.0131359,0.00390162,-0.01080998,-0.01373896,-0.0137032,-3.202405e-4,-0.005224698,8.691861e-5,-0.003206455,-0.001133092,-0.002134027,-0.004838524,-0.00514337,-0.004560157,-0.00163547,5.681909e-5,-0.001462265,-0.005907759,-0.003786352,-0.0226235,-0.003982267,-0.004854109,-0.01296299,-0.003993416,-0.007894677,-0.001003349,-6.401297e-5,-0.01054845,0.007784509,-0.002304541,-0.01466597,-0.01139604,-0.00866965,-0.009914122,-0.007214389,-0.004532266,-0.0130596,-0.01022252,-0.01028008,-0.006204597,0.003337199,-0.013043,0.006535628,-0.00935946,0.0014654,0.001838227,-0.01057208,-7.364612e-4,-0.004887607,-0.003512394,9.54733e-4,-0.002077122,-0.003913725,9.479206e-4,-0.006090175,-0.001656733,-0.002427846,-0.002587126,-0.003422696,-0.0038177,-0.01001081,-7.187095e-4,9.154602e-4,-0.002637445,-0.002208687,-0.002005387,-0.005233447,-0.002331371,-0.00376797,-0.001146499,-0.002158891,-0.003987884,-0.00341201,-0.002112506,-0.002098293,-0.003786423,-0.001820889,-0.004533508,-0.001531914,-0.003545083,-9.074821e-4,-0.003231015,-0.001594488,-4.042372e-4,-0.001390758,1.342736e-4,-0.00198161,-3.713223e-4,-4.293029e-4,-0.002202568,-0.002494604,-9.133256e-4,-0.001829837,3.651942e-4,-8.928949e-4,-0.001650696,-0.001094539,-0.001560787,-1.764481e-4,3.940068e-4,-8.108235e-4,2.362546e-4,-2.621904e-4,1.772814e-4,-7.910076e-4,9.347237e-4,2.90441e-4,-0.001899725,-6.972857e-4,8.647887e-4,-7.984215e-4,-0.00102886,-0.001609353,0.001400641,-6.748928e-4,-2.315348e-4,-2.269525e-4,-0.002396094,-0.001531464,2.663531e-5,-0.001222006,-0.002834464,-0.001186944,-7.891924e-4,-0.001693756,-0.001160197,3.357312e-4,-0.002120178,0.002634915,-0.001912607,-3.765019e-4,0.00239697,-0.001712784,-6.205463e-4,3.952192e-5,-6.70523e-4,0.001657776,0.002832641,0.001511369,0.006910286,0.006035593,0.01207438,0.01815035,0.0171986,0.01671767,0.01850095,0.0169352,0.02354286,0.02065497,0.02614892,0.05316442,0.2829134,0.7749981,0.8740598,0.3784284,0.07325892,0.04339334,0.0536199,0.07344571,0.07802042,0.0966502,0.1189149,0.1084693,0.122677,0.1294546,0.123243,0.1089256,0.09447523,0.07652228,0.08345255,0.07253693,0.08187775,0.05612765,0.06653666,0.09445582,0.09299125,0.1763741,0.1608466,0.3079823
308.626,9.983841e-4,-0.0152085,-0.02610109,0.01060452,0.01516932,-0.01080415,-0.006879176,-0.009965528,-0.004527584,-0.01196091,-0.00900335,-6.886881e-4,0.003469423,-0.007821944,0.002642369,9.657671e-4,-3.567539e-4,0.001571674,0.005727033,0.004476699,-7.151947e-4,-0.001234401,-0.002730159,7.315573e-4,0.005749126,-0.00161277,-8.147582e-4,-5.634607e-4,0.003429632,0.004491029,-0.002966534,-0.002900307,0.005458727,5.84955e-4,-0.006370628,-0.01613127,0.004504874,-0.008354169,-0.006204052,-0.005362319,-0.003957747,-0.009025379,-0.002967455,8.777773e-4,-0.004145913,0.003012095,-0.005376048,0.001683265,0.005198831,-0.003190998,0.005444923,-0.001315319,-0.003496284,0.002797847,-8.824437e-5,-0.005475432,-0.002779765,-0.006683827,0.002259832,-0.01281184,0.00136174,-0.01027475,-4.857003e-4,0.002453204,-0.003156921,5.722999e-4,-0.00317047,0.002815884,0.003346845,0.00286588,-1.855438e-4,2.120116e-4,-0.004083912,-8.043734e-4,-0.003627865,0.002788207,-0.001624203,-0.001464785,0.00218938,-0.00167063,0.00343601,-8.573231e-5,-3.399461e-4,-0.001086699,-0.003967386,-4.160594e-4,0.002195473,-0.001021159,9.9254e-4,0.002085309,0.001675319,0.001365939,-3.472209e-4,9.909224e-4,7.327929e-4,-4.891005e-4,-0.002586293,2.665997e-4,0.00085513920000000005,-4.775803e-4,-3.473902e-5,7.202619e-4,2.487522e-4,5.580131e-4,-0.00190327,-0.00106396,0.001069119,-3.950408e-4,-1.069668e-4,4.63008e-4,4.446273e-4,6.250137e-4,4.55115e-4,-3.873077e-4,4.518419e-4,0.001098717,-0.001869088,8.14689e-4,-0.001590678,1.69886e-5,0.001661472,-0.001275935,0.001109092,1.887229e-4,-2.277936e-4,2.925441e-4,0.001131681,-8.316433e-4,-0.001744065,-4.369984e-4,0.002076764,5.898298e-4,0.001009876,0.001435483,-1.70125e-4,0.001333467,5.44329e-4,2.639753e-4,0.001801223,0.002934935,0.001019988,-0.001073086,0.001426805,0.001152794,0.00224886,0.002003568,0.002181541,0.001176442,0.002083291,0.002816973,0.003495034,0.006893368,0.01071045,0.01548248,0.01649786,0.01691944,0.02051868,0.02379829,0.02052114,0.02494288,0.02786273,0.04191454,0.1860453,0.6528099,0.8945632,0.5347474,0.1119693,0.04355399,0.04558797,0.05837741,0.07559674,0.08488608,0.1105921,0.1144152,0.1332189,0.1301095,0.1262154,0.1132037,0.1130477,0.1050353,0.09390306,0.09127403,0.08995611,0.08816118,0.09769499,0.1303668,0.06413798,0.1291886,0.12861620000000001,0.2516703,0.25533
310.89,0.02189005,8.983737e-4,0.005997658,0.02704556,-2.466584e-5,0.01954942,-0.004966136,0.005747006,0.01512175,0.01743892,-0.004202855,0.007636542,0.006614597,0.006702503,-0.002999007,0.003968853,-0.007310327,-0.007308247,0.006692325,6.575386e-5,0.002459675,-0.002861467,-0.00225836,-0.002214067,0.001611058,0.001898039,2.471162e-4,0.004789853,0.002319482,0.004901174,-0.007878446,0.01022341,-0.003233871,-0.003801948,-0.004024958,-0.01364073,0.003000517,-0.003031282,-0.01143398,-0.00464581,-0.002438423,0.001907183,0.007960812,-0.00779626,0.002860862,-0.008611077,-0.001480871,1.069641e-4,0.01073322,0.003911986,0.002332954,-0.00422743,-0.00478608,0.00399087,-2.117733e-4,-0.002492082,0.001938505,0.006930653,0.01051178,-0.001627636,0.004559116,-0.002902885,-0.001461712,-0.001063952,0.002117175,0.01069368,0.003516738,0.001047913,0.004554405,0.005664512,0.006700359,0.003816877,0.001660585,-4.873615e-4,0.003272006,0.004313192,-8.590102e-4,0.004306618,0.004290822,-6.869862e-4,-0.001511578,0.001166668,-8.214953e-4,4.1083e-4,1.899617e-5,-3.177517e-4,-0.002174928,0.002575446,0.00282314,6.181526e-4,3.233096e-4,-2.107055e-4,2.281261e-5,7.176974e-4,-5.021895e-4,-7.576824e-4,0.001195263,0.00231376,-3.117695e-4,8.540719e-4,1.982585e-4,-2.359923e-4,-9.163884e-4,0.001054425,0.002229412,8.853886e-4,8.08915e-4,-0.001026143,6.544291e-4,5.961222e-5,8.479793e-4,2.847681e-4,4.521683e-4,-7.66528e-5,4.379872e-4,-0.00107816,6.559422e-4,0.001244064,-0.001101882,4.919821e-4,7.209857e-4,0.003099773,-5.235408e-4,3.70744e-4,0.001115856,0.001041008,0.001194469,-0.001024444,5.349705e-4,0.001541132,-3.603446e-4,0.003362601,0.003858312,-0.00145389,4.280721e-5,6.562984e-4,3.875914e-4,0.003207823,-3.899345e-4,3.953032e-4,0.002407914,3.153299e-4,9.648589e-4,0.001361866,0.0017697,-4.297877e-4,0.001866655,0.003078286,0.003012495,0.005933354,0.005865452,0.009319987,0.01430658,0.01806492,0.02131197,0.02169362,0.01997343,0.02267211,0.02500102,0.02197599,0.03829914,0.1256664,0.4973259,0.9173457,0.6543436,0.1779409,0.04167745,0.04154193,0.04747956,0.065438,0.0794979,0.1016824,0.1054734,0.1288069,0.1374662,0.1515029,0.1388348,0.1354553,0.1106822,0.1298943,0.1067671,0.1121698,0.1167007,0.08484282,0.1166783,0.1088104,0.1239535,0.1298504,0.1811969,0.3193853,0.2684494
313.155,-0.01538307,-0.03600085,-0.02205574,-0.007005324,-0.008814727,0.01293924,-0.01013109,-0.01542822,0.003367662,-0.01277293,-0.009951438,-0.007952162,-0.01061628,-0.01961646,0.00195055,3.734444e-4,-0.01455652,-0.007048447,-0.008544883,-0.01444248,0.002151585,-0.005396396,-0.001969031,-0.00361731,-0.003794413,-0.001787851,-0.005771874,-0.001379318,-0.004279097,-0.009578307,-0.00274855,-0.01024054,-0.01407164,0.001325549,0.002708165,0.01302548,-0.01145784,-0.004173204,-0.01902016,-0.01102881,-0.01025376,-0.01274405,-0.0133308,-0.009328967,-0.003803131,-0.01503503,-0.009950224,-0.007190413,-0.01068004,-0.001369269,-0.01082176,3.038665e-4,-0.009541579,0.003896371,0.003134266,-0.007255581,-0.01137453,-0.003847078,0.005463897,-0.008649591,-0.002013106,-0.006188357,0.001318631,-0.01115873,-0.005379656,-0.001284436,-0.002682665,-7.222941e-4,4.996163e-4,-0.004237826,-6.758743e-4,-0.005140138,-0.003251918,-0.003660582,-3.770574e-4,-0.005466552,-0.002885093,-0.001394845,5.132574e-4,-0.003897988,-0.003301461,-0.00138973,-3.60891e-4,0.003393851,0.00304493,-0.003293314,-0.001908265,-0.001483469,-0.002718873,-0.004025683,-6.497642e-4,-0.00342471,-0.001844848,-0.004592823,-0.00142594,-9.168585e-4,-0.003564071,-0.001339236,-0.002132411,-0.001654102,0.002111172,-0.001088072,-0.001759994,-0.001473238,-0.003144327,-0.001162661,5.626678e-4,-0.002411182,-4.234056e-4,-9.193862e-4,-1.210238e-5,-0.00157755,-6.586058e-4,-8.267e-4,-8.375349e-4,-4.215091e-4,-0.00040359150000000003,6.723025e-4,-7.383138e-4,1.001054e-4,-0.001026571,-0.001603169,-0.00192503,4.333688e-4,-0.003426229,-0.002288224,-0.001964692,-0.001236678,-9.955472e-4,0.002942807,-0.003076143,-0.003262039,-0.001321504,-6.419794e-4,-0.00304075,8.576836e-4,-0.00207205,-0.001879849,-0.001169894,-0.002515259,-7.708309e-5,-0.001049894,5.074749e-4,-3.912879e-5,9.577818e-4,0.002221374,0.001309133,0.001506889,0.002943593,0.00467349,0.006840648,0.01038704,0.01455017,0.01689082,0.01724648,0.02130764,0.01835066,0.01894602,0.02150224,0.02593534,0.07299868,0.3729043,0.8193948,0.7609425,0.2617989,0.05281966,0.03537926,0.04246017,0.05586906,0.07566511,0.08937722,0.09603667,0.1143343,0.12769,0.135398,0.1405384,0.1331279,0.1211884,0.1198668,0.106372,0.09848804,0.1074594,0.09772308,0.09644537,0.09193895,0.06552529,0.05539148,0.1546481,0.1880036,0.1822681,0.3642227
315.421,0.0109297,0.02104226,0.03609235,0.006513056,0.01745572,0.03880508,0.01878077,0.04735654,0.01573673,0.0230681,0.005027071,0.01075958,0.004593279,0.002219385,0.003472965,0.01501757,0.008526124,-0.001471992,0.005414918,0.008286964,0.002935366,0.00170303,5.242268e-4,0.005191773,0.001561148,-0.001767625,0.004086047,0.001730565,2.459253e-4,0.00461489,0.002793617,0.005370571,0.004669128,0.006445355,-0.00619904,0.005349958,0.01688211,-0.006933702,0.007315681,0.005264293,0.005971183,-4.330701e-4,0.004963326,0.01013176,0.006813381,0.003058409,0.005497484,0.003518595,0.001412594,-4.860278e-4,0.007746039,0.01293462,0.002459602,0.005548824,-0.003940022,0.00518632,0.01463362,0.007358474,0.002221475,0.004556331,-3.869514e-4,0.009858364,0.01070875,-0.001409034,0.01098277,0.00783969,0.005416568,0.005208691,0.008206113,0.006590337,0.006411892,0.008733083,-6.393317e-4,0.007636186,-5.978611e-4,-1.179264e-4,0.00468963,0.005014921,0.003003134,0.006488641,9.690128e-4,0.004980625,-0.004441239,0.004202368,-2.182879e-4,0.001846804,0.005124251,6.931812e-4,0.002527043,0.003940814,-3.244721e-6,0.00148589,0.001725749,-8.684291e-4,0.0014706,0.00648431,0.001852147,0.001310645,0.001950126,0.001892184,0.001704688,0.002118701,0.001293007,9.006387e-4,0.001839804,0.001568296,0.001765702,9.684681e-4,9.62884e-4,0.001498192,4.419355e-4,0.001553716,7.074952e-4,7.035915e-4,9.136462e-4,0.001224005,8.811225e-4,5.151326e-4,0.00160159,0.002849065,0.003243498,0.003347127,0.001704319,-2.193899e-4,0.001488375,0.001040596,0.001504852,0.00230511,0.001499819,8.591846e-4,0.003012979,0.001228824,1.431186e-4,0.001879258,4.159938e-4,0.00265287,0.003644479,0.003686573,9.332254e-4,0.002172622,0.002494702,0.001143085,0.004025702,0.002186157,0.003566602,0.003942965,0.002041731,0.004579075,0.006983758,0.008501421,0.01128761,0.01686811,0.01732041,0.01855728,0.01773521,0.0220126,0.0247313,0.02241981,0.03106247,0.05246934,0.2563653,0.7102376,0.8387852,0.362521,0.06923748,0.03600665,0.04280629,0.04830528,0.06524828,0.0794791,0.09171342,0.1054356,0.1270902,0.1454527,0.1561788,0.1542984,0.148736,0.1418508,0.1454909,0.127464,0.1110068,0.1283533,0.1181524,0.09592444,0.1062515,0.1263886,0.1407217,0.1885057,0.2930821,0.3282362,0.4803606
317.688,-0.04785103,-0.03497177,-0.05576597,-0.02689846,-0.01516265,-0.03737244,-0.04558672,-0.03261161,-0.04404776,-0.03506976,-0.004525208,-0.01039345,-0.01597771,-0.0105344,-0.04337728,-0.02236542,-0.02537745,-0.01476737,-0.01528609,-0.005948018,-0.006483071,-0.01423406,-0.00649517,-0.005946996,-0.008013009,-0.006466206,-0.009715321,-0.005606392,-0.0114744,-0.009984403,-0.02163699,-0.02190784,-0.02522356,0.003850101,-0.0327491,-0.03321357,-0.02663806,-0.01971531,-0.01341393,-0.02254394,-0.02966171,-0.02535155,-0.01598749,-0.01883207,-0.01486533,-0.01761813,-0.01803858,-0.008624905,-0.02313647,-0.005351465,-0.004967623,-0.02224626,-0.01209048,-0.01308602,-0.008792517,-0.007455018,-0.01407115,-0.01467588,-0.01284618,-0.009415121,-0.01047967,-0.006621726,-0.01760777,-0.008029147,-0.01479312,-0.01279224,-0.01056382,-0.007491104,-0.003650002,-0.008875785,-0.01036752,-0.01219258,-0.0063744200000000004,-0.01132794,-0.006148696,-0.01558062,-0.0113213,-0.006558839,-0.007335512,-0.006273886,-0.005667068,-0.008680472,-0.007521667,-0.001465463,-0.006490536,-0.007380051,-0.004893535,-0.004252749,-0.006151702,-0.004265428,-0.005593021,-0.001591309,-0.003747063,-0.003274751,-0.003527943,-0.005305552,-0.003264021,-0.001338678,-7.974671e-4,-0.003335043,-0.003687265,-0.002889817,-0.001756812,-0.002238654,-0.001847029,-0.001238587,-0.001221413,-0.004416648,-0.002120302,-0.002365898,-0.001591619,-0.001653674,-6.2255e-4,-0.001365747,-0.002324352,-0.003539289,-0.002023735,-0.001779256,-0.002802782,-0.002894244,-0.003614188,-0.003460567,-0.001316185,-0.001037498,-0.002101882,-0.002090819,-0.001594751,-5.60375e-4,-0.001514281,-0.001493624,-0.001930253,-0.004281377,-0.001670517,-0.004453473,-0.003641577,-0.00432104,-0.001731106,-0.003940807,9.375859e-4,4.677026e-4,-0.001065036,-0.00158762,-0.002553279,2.411304e-4,-7.765055e-4,-9.153276e-4,0.001690447,0.00377974,0.003435162,0.006021442,0.009542287,0.01342642,0.02032918,0.01803843,0.01822122,0.02150326,0.01862777,0.02454277,0.03157191,0.1592191,0.5782229,0.82436449999999994,0.4881355,0.1028633,0.03493231,0.03614276,0.04129513,0.04720483,0.06758872,0.08319291,0.08991353,0.1109884,0.1417827,0.1419591,0.1596761,0.1519246,0.1518322,0.1495094,0.1370361,0.1162681,0.1166066,0.09851958,0.09860966,0.1121219,0.06588729,0.07671517,0.0812355,0.05787532,0.08957278,0.1773809,0.2172116
319.955,-0.01828813,-0.02131455,-0.003742419,-0.0295515,-0.01293266,-0.01450537,-0.02622315,-0.008843165,-0.004052318,-0.0192478,-0.00542993,-0.00623461,-0.007568294,0.005966347,0.00127156,-0.007969232,-0.003668349,0.003391239,-0.008339637,-0.009814259,0.00132777,-0.001471567,-5.356021e-4,0.001570766,-0.001510815,-6.317732e-4,-0.001406392,0.002019452,-0.005562683,-0.003597559,-0.00723566,-0.01847237,-0.009544157,0.008232993,-0.007797813,-0.02786435,6.161889e-4,-0.006159445,6.071071e-4,0.00277005,-0.007110348,-0.01411712,-0.007954593,0.0013858710000000001,-0.01464909,-0.004679377,-0.001149401,0.006911432,7.348849e-4,-0.01228363,0.001790287,-0.001902314,0.001062167,-0.003441886,0.002383701,-0.004505586,-0.004627706,-0.006760578,-0.008085325,-0.002219524,-0.007905604,-3.128494e-4,0.001834591,0.001756132,0.001560845,0.004277797,-0.003699295,-0.002347272,-0.009321063,0.003026709,-0.00140661,-6.787332e-5,0.001377649,-1.276816e-4,-0.005044971,-0.005364277,-6.065274e-4,-0.004736134,-0.002030616,0.002356985,0.001549611,-0.005188838,-0.004768001,0.002742712,-0.002379384,-0.001027343,0.001223585,-8.463555e-4,-5.753108e-5,-0.001891844,4.245774e-4,-0.001572318,-0.004207353,-1.188467e-4,-0.001307648,8.677304e-4,-0.002194708,-0.002691962,-8.535061e-4,-0.001946422,-0.001348996,0.001386662,-0.001970033,-0.001064833,-0.002803435,0.001137084,-7.95665e-4,-5.35474e-4,-0.002153216,7.298543e-4,-8.728319e-5,1.228995e-5,-2.15415e-4,-2.730856e-4,3.682706e-4,-0.001169477,-0.001254267,1.114164e-4,4.153145e-4,-0.001229372,-7.436468e-4,6.459602e-4,-9.201471e-4,-0.002488133,-5.434834e-4,1.881719e-4,6.00753e-4,-8.244636e-4,-6.759489e-4,-0.001397638,-0.003877163,6.344032e-4,0.002006729,0.001171362,-0.001528592,0.001411528,-4.447238e-4,0.001279513,0.001446054,0.001485734,-0.001335003,-4.02265e-4,4.294312e-4,9.368749e-4,0.002610036,0.002965053,0.003335957,0.006586475,0.008517296,0.01281461,0.01763734,0.01631559,0.02121769,0.02114063,0.01949393,0.01933592,0.02123933,0.03252666,0.09577219,0.4308452,0.8099853,0.601678,0.1705624,0.03614369,0.03770492,0.03985122,0.05024443,0.05802701,0.07872673,0.09125664,0.1105176,0.1308976,0.1420188,0.159791,0.1695119,0.174283,0.1608536,0.1554674,0.1377118,0.1325131,0.1287283,0.1230535,0.1046286,0.1061214,0.1084198,0.1509673,0.1070343,0.1717427,0.1883998,0.3132627,0.3083672
322.224,0.01053188,0.01462964,0.02631133,0.02442757,0.01728543,0.02954809,0.01497986,0.02364452,0.01178271,0.03513446,0.01556432,0.01487771,0.006379199,-2.928209e-4,-0.004519275,0.0104486,0.005673319,0.008863803,0.0126716,0.01239177,0.007368109,0.002397525,0.001188246,4.772891e-5,0.008055139,0.006846734,0.005117681,0.003954568,0.008976794,0.01491239,0.01116053,0.01791824,0.006463506,0.02110873,0.01965679,0.01539655,0.007048287,0.01197066,0.01201081,0.0190234,0.01830838,0.001911124,0.009802446,0.01164621,0.01381173,0.01485626,0.004395396,0.01763502,0.01102198,0.01586933,0.007977123,0.01454543,0.01022345,0.01978416,0.01683381,0.007199096,0.01558797,0.007977793,0.008016516,0.008558712,0.006391147,0.00260857,9.907151e-4,0.002520827,0.001272671,0.009524116,0.009061327,0.01092641,0.003477556,0.00462331,0.01073635,0.0029386,0.003212484,0.003102048,0.009742736,0.004931782,0.007907992,0.009632594,0.006876221,0.004432865,0.004196414,0.005287459,0.00673044,0.006988897,0.003287741,1.09142e-4,0.006536823,0.002857324,0.003870009,0.003198755,2.241046e-4,0.001777835,0.004255272,0.004747269,0.001000603,0.00124868,0.003270291,0.004417766,0.002757528,0.001390553,8.080919e-4,0.002032839,7.284554e-4,8.624916e-4,4.172798e-4,0.001672946,0.002832509,0.00291545,0.001522919,0.0023036,0.001753804,0.001344405,0.001140107,0.001405611,0.0014836,0.001821199,3.159946e-4,8.766073e-4,0.001001116,0.001062719,0.001490092,0.001760182,-6.099439e-4,0.00262331,6.855968e-4,7.215537e-4,0.002657457,-3.7336780000000003e-05,0.001391842,0.003129424,0.002964035,0.003027026,0.002373316,0.001094378,0.001974424,4.824597e-4,0.002298588,0.001424171,0.002153523,0.003142896,0.004536639,0.003227252,0.002779336,0.004195259,0.00481078,0.003389806,0.007269352,0.01240273,0.0152952,0.01853689,0.02059913,0.01950905,0.02375152,0.02170805,0.02449589,0.02725801,0.03472878,0.06717766,0.3013245,0.7423749,0.6876827,0.2485279,0.05342046,0.04473174,0.04525761,0.0534599,0.06456265,0.07157689,0.0892903,0.1074597,0.1392084,0.1510165,0.1665256,0.1861532,0.1826405,0.2014816,0.1800125,0.176848,0.1785494,0.1683553,0.1725453,0.1700954,0.1411454,0.1317572,0.1717404,0.1795852,0.2159914,0.2061147,0.2663995,0.3780514,0.5480136
324.493,0.01704698,0.0303367,0.01365668,0.01190749,0.03419153,0.02046021,0.02769442,-0.01551575,0.02648996,5.931576e-4,0.01032551,0.006360853,0.006896071,0.0160349,0.0162454,0.007472773,0.007222715,0.00662457,0.01171431,0.004307092,0.004979504,0.00120474,0.006427307,-0.001656755,0.00680372,0.003891954,-9.854015e-4,0.002651094,0.005124115,0.004429439,0.008661195,0.01609316,0.0111579,0.004861821,0.02095844,0.01907343,-4.084922e-4,9.918652e-4,0.01558948,0.01401484,0.01159297,0.01091071,0.01370298,0.01309491,0.01802533,0.003539106,0.008437384,0.01418687,0.006761386,1.891402e-4,0.00132558,0.008210617,-0.003642093,9.55858e-4,-0.002424574,0.001977274,-0.004083509,0.001169708,0.007446649,0.004000159,-0.002708933,0.003329751,0.005134027,0.009244836,-0.007556198,0.004733528,0.002760489,0.004043166,-3.590712e-4,-0.003307093,0.004929877,0.001764559,0.006266343,0.007740764,0.005232421,0.005477687,0.001174693,0.003164067,0.007050511,0.00654626,0.003228504,-3.627619e-4,0.001622628,0.003909955,0.007285479,-4.506052e-4,0.005611135,0.003569065,3.538965e-4,8.353362e-4,-5.280002e-4,-7.085382e-4,0.00124795,9.21275e-4,0.002205485,5.07371e-4,0.002060573,6.974955e-4,0.003652426,0.005406987,0.001004845,0.001794059,-1.171775e-4,-3.27937e-4,0.001504998,0.001139078,2.177663e-4,0.001226164,0.002506021,0.001125922,7.735543e-4,-7.400927e-4,6.738615e-4,8.125269e-4,1.729689e-4,1.173565e-4,2.726008e-4,0.001323042,0.001053967,8.503064e-4,-5.319975e-5,1.572609e-4,0.002800793,0.001004526,0.001720945,-6.010785e-4,-4.090314e-5,0.001594091,0.001301615,0.001436157,0.002249593,0.002889307,0.002720812,0.002447814,0.00252966,0.001825497,0.001299866,0.003237549,0.002940307,0.004121117,0.003077921,0.002461505,0.003840327,0.00310988,0.003632237,0.005282645,0.007507893,0.01253081,0.01874371,0.01982901,0.01678802,0.02142684,0.02397138,0.02332581,0.02243411,0.03070627,0.04412976,0.2192613,0.642689,0.760832,0.3525403,0.07602279,0.04190355,0.04907122,0.0538521,0.06166911,0.07260649,0.08501995,0.09588007,0.1261592,0.1472773,0.1630933,0.1746203,0.1966285,0.1970111,0.1987061,0.1908864,0.1720576,0.1745944,0.1807518,0.1588846,0.1818128,0.1599882,0.1397208,0.1370952,0.1686407,0.1856099,0.2361726,0.286957,0.4030609,0.475566
326.764,0.002334603,-0.002136164,-0.004802396,0.01867068,0.006185189,0.02165352,-0.003436082,0.006585174,0.01969473,0.01070649,-0.003263654,-0.002774013,-0.005153911,0.00467027,0.001359323,-3.703972e-4,-0.005299741,-0.001458711,-0.003861038,3.028158e-4,-0.00945979,-0.002598867,-0.001239263,0.001795547,-0.004134728,9.421113e-4,0.002543075,0.004514876,-0.002950388,0.007467779,-0.003456377,-0.003954901,0.008465782,-0.003903516,0.002982887,0.00285272,0.01812635,0.007957951,-0.003626418,-2.884259e-4,0.0155149,0.01284883,-0.005967883,-0.002253031,-0.007170069,-0.01015689,-0.01012884,0.01094539,-0.007131462,0.002384342,-0.003127529,-0.003173689,0.007482542,-5.55166e-4,-0.004570536,0.005520298,-0.004518247,0.002215086,0.004141466,0.003369163,0.00448051,-0.005127101,-0.002062719,0.004984366,-7.109177e-4,-8.149369e-4,-0.001345663,-0.003173382,-1.384609e-4,0.001485753,-0.004001868,-0.001932833,-0.002843179,0.002129949,-0.002342202,5.395042e-4,-0.0012615460000000001,2.25256e-4,-0.002607581,-7.192299e-4,-0.002321994,-7.565588e-4,-0.001456031,-0.00151779,0.002727156,-0.002724668,-0.001940623,-0.002052904,8.475593e-4,-6.824027e-4,-1.482719e-4,-5.783273e-4,-0.001171157,-0.001457359,-3.587213e-4,6.986632e-4,-2.442625e-4,-6.502381e-5,0.001635,-0.001793637,-0.002237543,-0.00269744,-1.330594e-4,1.707014e-4,3.704404e-4,0.001141365,4.673918e-4,-6.026628e-4,3.545644e-4,-7.493504e-4,6.658932e-4,6.983635e-4,5.758934e-4,3.137759e-4,-3.352878e-4,-0.001196897,2.71134e-4,-7.222764e-4,2.252806e-4,0.001008225,2.228345e-4,-1.166117e-4,-1.49812e-5,0.00126607,-2.745243e-5,-0.001571563,7.104844e-4,8.883919e-5,1.041594e-4,-6.773518e-4,0.001509638,-0.002202728,-5.835725e-4,0.001015422,0.001001747,-8.611844e-4,-6.960388e-4,-3.875689e-5,7.941947e-4,7.019987e-4,6.981908e-4,0.00151075,0.001204877,0.001952304,0.004691562,0.008321327,0.01102042,0.01353628,0.01669859,0.01995727,0.01970172,0.0212421,0.01828053,0.02411066,0.02607966,0.03647934,0.1476485,0.5030217,0.7795011,0.4848393,0.1143585,0.04061232,0.04856948,0.0521153,0.05982316,0.07084156,0.07941524,0.09418228,0.1141709,0.1206195,0.1493292,0.1745805,0.189065,0.1868447,0.1909562,0.2128827,0.2118534,0.1909481,0.1803571,0.1775697,0.1852978,0.163579,0.1729882,0.1605552,0.1321833,0.1678505,0.2048753,0.1896918,0.3223834,0.3476764,0.5759398
329.035,-0.03175621,-0.03804469,-0.04240108,-0.002809513,-0.03910741,-0.02565482,-0.01213546,-0.01875961,-0.007896346,8.845234e-4,-0.005906951,-0.009378975,-0.007417252,-0.01354726,-0.01333868,0.002840001,-0.00418688,-0.009294605,-0.01230226,-0.008303507,-0.00402334,-0.008698682,6.658304e-5,0.001797282,-0.001480764,-0.0033347,-0.001915039,-0.007584587,-2.700908e-4,-0.005551196,-0.01096267,0.002129211,-0.005007361,-0.01482874,-0.02449861,-0.01569382,-0.02490617,-0.004011151,-0.01925561,-0.009582585,-0.008374991,0.001616044,-0.01333527,0.001534791,-0.01981813,-7.125005e-4,-0.009328348,-0.008124632,-0.01257533,-0.01423128,-0.01077615,-0.003651865,-0.008540784,-0.009969062,-0.00145798,-0.006747013,-0.0130378,-0.001699309,-0.004249426,-0.01426946,0.002419039,-0.006688314,-0.007308212,-0.004766324,-0.003180669,-0.005543305,-0.001904192,-0.004687247,-0.001614083,-0.008325436,0.001998332,-0.005688086,6.367897e-4,-0.006917667,-0.00550162,-0.004249303,-0.001104513,-0.003412584,-0.007098525,-0.003296181,-0.002127287,-0.002899243,-0.003440377,-0.002010529,-0.001931588,-0.003850999,-0.002828275,-0.00302307,-0.003190375,-0.002460961,-0.001118466,9.043005e-4,-0.002065209,7.93068e-4,-0.002115966,-0.002417707,-0.001016646,-5.148536e-4,-6.121008e-4,-6.122042e-4,-8.959972e-4,-0.00103339,0.001360565,-9.536515e-4,-9.995751e-4,-0.001091101,-6.435225e-4,-0.001376657,-0.001036497,-2.145705e-4,-4.069293e-4,-9.120221e-4,-0.001251451,-3.265314e-4,-1.378845e-4,-8.600079e-4,9.40852e-4,-8.198152e-4,-0.001857896,8.736943e-4,2.126423e-4,-0.003054229,-0.003708154,4.649025e-4,-4.164968e-4,7.613238e-5,-0.00262027,1.01663e-4,2.416494e-4,-0.003104022,3.598332e-4,1.032527e-4,-0.003420885,-4.847862e-4,-0.001307061,0.001600229,3.865843e-5,-0.001740854,0.002655279,5.424974e-5,-4.94287e-4,-3.558375e-4,0.001510293,0.003334927,0.004121316,0.006237367,0.01165234,0.01618417,0.01602775,0.01732031,0.01999249,0.02118526,0.02007383,0.02410843,0.03297102,0.0937141,0.3863963,0.7433696,0.5796074,0.1800592,0.04134657,0.0448537,0.05295616,0.05386713,0.06270204,0.08097159,0.09276762,0.1041904,0.1197544,0.1434252,0.1642613,0.1816602,0.1848154,0.2018549,0.2075934,0.2057514,0.1936844,0.1953993,0.1903266,0.1770162,0.1724143,0.1640155,0.1645339,0.1353361,0.1531133,0.1716524,0.1854399,0.1868851,0.2346551,0.454351,0.5377455
331.307,-0.03173115,0.005503396,0.001365612,0.02702658,-0.02413348,0.02902738,0.01615547,0.00805768,0.006191735,0.005135816,-0.002804323,-0.002828553,-0.005282698,0.002613149,-0.004912337,9.592558e-5,0.0144313,-0.002137388,-5.930229e-4,-0.003453881,-0.001342622,3.845108e-5,5.480792e-4,-0.002211036,-4.811715e-4,0.001118613,-0.002940774,0.001263419,7.610869e-4,0.002631109,-0.01148715,0.005692231,-0.004834235,0.009214257,0.004956887,0.004666921,-0.007500371,0.003473326,-0.001579805,-0.006379316,-4.375652e-4,-0.003840991,-0.003231803,-0.009187085,0.005471996,0.003488469,0.0114986,0.004100272,-0.008505397,0.001665889,0.006953418,-0.001550519,0.00549617,0.001905149,-5.681058e-4,-0.002923429,0.006283947,-0.004486957,0.002252611,0.001956181,-0.004519974,0.003200131,0.001455767,-0.01308338,3.233998e-4,0.009310658,-0.003110669,0.005086013,-5.61466e-4,0.00216669,-0.002844258,0.001153785,8.521074e-4,0.001193159,-0.001935834,0.002735643,-0.002022002,-0.002992135,0.003108521,-7.80112e-5,0.002730189,4.773868e-4,-6.045155e-4,0.002271489,0.001947223,-5.968572e-4,-0.003855351,0.002652654,-0.002602836,-0.002089712,-4.157481e-4,-0.001897773,0.001023768,0.001491338,0,-5.491532e-4,8.079216e-4,8.573978e-4,4.805357e-4,-0.002796442,-0.002530932,-2.483297e-4,0.001055871,-0.001008786,-9.993295e-4,-4.230539e-4,-0.001162085,5.573626e-4,4.298515e-4,-5.384674e-4,-5.383024e-4,0.001146292,-1.200362e-4,-4.093942e-4,-8.083617e-4,2.873411e-4,-1.052728e-4,6.132991e-4,0.001288283,9.04134e-5,0.001576776,5.951673e-4,7.464878e-4,6.368135e-5,2.533473e-4,-6.902845e-5,-4.38665e-4,-5.781436e-4,-8.304008e-4,1.346322e-4,7.602095e-4,2.144973e-4,0.001267778,6.645236e-4,3.71005e-4,0.001365293,-7.868825e-4,0.002157524,0.00435533,2.646248e-4,0.002068339,0.001692769,0.002962703,0.005779222,0.007743745,0.01029598,0.01569983,0.02077689,0.01976686,0.01937666,0.02166019,0.0233445,0.02699954,0.02830971,0.06784327,0.3063003,0.6695872,0.6439723,0.2743966,0.0567587,0.04982356,0.0553914,0.05834689,0.06962595,0.07572953,0.08751245,0.1005712,0.1124145,0.132987,0.1608917,0.1796006,0.1914887,0.2123188,0.2089145,0.2132257,0.2233834,0.2123272,0.2063273,0.1913937,0.1965231,0.1862815,0.1884878,0.1885151,0.1845984,0.1861691,0.2085493,0.2280004,0.2850554,0.311464,0.4925794,0.7089731
333.579,0.007454135,-0.03809989,-0.01395569,0.006920293,-0.006869667,-0.008265249,-0.01435059,-0.02016889,-0.003968635,-0.02043868,0.006510122,0.008885349,-0.009900909,-0.01386909,-0.01701182,-0.005883254,-0.001787711,-5.141532e-4,-0.006847235,1.931991e-6,0.006661296,-0.00331013,-0.003234669,-0.003642705,-8.043712e-4,-0.006830572,-0.003981839,-0.004185626,-0.006300237,-0.003720906,-0.005952417,-0.01675772,-0.003432016,9.674643e-4,-0.0184094,-0.01517355,-0.006925277,-0.006593633,-0.01173012,-0.005658445,-0.01514056,-0.02074208,-0.0133244,-0.001309487,-0.001354373,-0.01866348,-0.01526895,-0.00291807,-0.01002246,-0.0127086,-0.008348498,-0.01401563,-0.002050457,-0.004205291,-0.004627445,-0.004380772,-0.006734905,-0.01202541,0.002277518,-0.005778541,-0.004783678,-0.002071941,0.002952616,-0.01014284,-0.005157622,-0.01139706,-0.002832167,-0.001579717,-5.679851e-4,-0.003727682,1.945476e-4,-0.003548629,-5.742175e-4,0.001368738,0.003656475,-2.042152e-4,-0.001383757,-0.007084711,-2.194252e-4,-0.004603503,-0.001158977,-7.651822e-4,-0.001586481,-0.00438395,-0.003021471,-0.002191506,-0.003269076,-0.003605755,-0.002008964,-9.746883e-4,-0.004587897,-0.002814672,-0.004637782,6.233975e-4,-9.113479e-4,-7.597935e-4,-0.001369675,-0.001708219,-0.001814785,-0.00341033,-0.001725335,-0.002880599,-5.999947e-4,-9.758801e-4,6.525968e-4,-0.001390321,-8.989553e-4,2.461802e-4,-0.002096499,-4.893334e-4,-2.301658e-4,-7.66916e-4,3.707801e-4,1.083725e-4,-2.930045e-4,-0.001415648,-9.661712e-4,-6.190413e-4,-4.425137e-4,3.288498e-4,-0.001609035,-2.761272e-4,-0.001432607,6.306695e-4,-0.002165759,-8.103941e-4,-0.00160405,-2.291623e-4,-0.001518611,-0.001626758,-0.001643047,-0.0019405100000000001,-0.001305995,-8.507443e-4,7.620011e-4,1.555284e-4,-0.002011862,-0.001014172,7.453057e-5,0.001086161,8.291161e-4,0.00151937,0.004023588,0.007389363,0.007772083,0.01319937,0.01864278,0.01940334,0.01945245,0.02120658,0.02037845,0.02289832,0.02377351,0.04570891,0.2307719,0.6101446,0.7021678,0.3405468,0.08637674,0.04663109,0.05018887,0.06060437,0.06458934,0.07749222,0.08692324,0.09972282,0.1084406,0.1348542,0.1554023,0.1737139,0.1852944,0.2002882,0.2168973,0.2219416,0.2245988,0.2115456,0.2182605,0.2052958,0.2093381,0.1896291,0.2053173,0.1887071,0.1889814,0.1663384,0.1879982,0.2150784,0.2107983,0.2984538,0.3793157,0.4682309,0.6501537
335.853,-0.009797873,1.66126e-4,-0.0114565,-0.04150969,-0.05646023,-0.01611336,-0.01969946,-0.01787235,-0.02025632,-0.01205265,-0.02089574,-0.003827325,-0.006203436,-0.01158706,-0.01325457,-0.002346033,-0.002407449,-0.00110063,-0.008637677,-0.005609429,-0.00618443,-0.003166991,-0.006890843,-0.004086255,-0.002709212,-0.003277849,-0.005502784,-0.005888686,-0.002483769,0.00112736,-0.007092261,-0.004640259,-0.02618742,-0.02669925,0.02107308,-0.01075276,-0.00312845,-0.0112474,-0.004619067,-0.007431179,-0.004863181,0.001602401,0.002015051,-0.0103398,0.005718941,-0.001337955,0.003772359,-0.009737811,-0.007144655,-0.00665194,-0.002823112,-0.003417332,-0.01407076,-0.007364366,0.003356486,-0.003588283,-0.009292518,-0.007787769,-0.01837167,-0.006769208,-0.006475344,6.631801e-4,-0.005266045,-0.006003733,-0.003242974,-0.008410553,-0.006538711,-0.005532456,-0.005346319,-0.002521739,-0.004380671,-0.004996992,-0.002450056,-0.002658292,0.001121568,-0.006775801,-0.003216237,-0.003213153,2.754582e-4,-0.004082796,-0.005406284,-0.002562388,-0.002756707,-0.006682114,8.219517e-4,-5.951813e-4,-0.00398901,-0.005557733,-8.465612e-4,9.821266e-4,-0.001777509,-7.574134e-4,1.637639e-4,-0.004501235,-0.00240909,-4.451257e-4,-0.005076014,0.00110579,-2.344215e-4,-0.001099429,2.262404e-4,-0.001412223,-0.001962799,-0.001146407,-0.001799584,-0.002871629,-2.770214e-4,-6.084657e-4,-6.419873e-4,2.295738e-4,-6.590002e-4,-6.429904e-4,-0.001612804,-0.001007747,-6.017382e-4,5.067004e-4,-5.412486e-4,-0.002042922,-3.711148e-4,-0.00164259,-0.001962401,-0.002328463,-0.00119563,-0.001626658,5.135178e-4,-2.378276e-4,-7.703317e-4,-2.642771e-4,5.411588e-5,6.560474e-4,-8.362575e-4,-6.676806e-4,-0.002147097,-0.002611055,-0.001023734,7.136814e-5,-3.992061e-5,8.46079e-5,-5.873328e-4,-5.348677e-4,0.002429466,0.003985025,0.006762115,0.007587321,0.01209202,0.01503234,0.01862954,0.01649285,0.01934323,0.01975255,0.01994978,0.02421271,0.03512133,0.1622397,0.5293593,0.7185296,0.4415391,0.1161729,0.04926381,0.05679323,0.0608413,0.06691824,0.07698665,0.09306647,0.09980093,0.1161978,0.1209775,0.1368775,0.1641499,0.1852733,0.2021349,0.2061444,0.2225618,0.2419405,0.2290279,0.2250943,0.2249902,0.2132993,0.2115383,0.213287,0.1924479,0.1886634,0.1932016,0.206101,0.2076393,0.2217691,0.295756,0.3099869,0.4116702,0.3996353,0.6435181
338.128,0.004703178,0.00581631,-0.007804694,-0.002536114,0.0057286460000000004,0.02857445,0.003628572,-0.001981697,0.002801664,-0.009419077,-0.01074527,-0.009539281,0.002796214,-0.004905289,-0.0143799,-0.003726289,-0.009922646,2.079241e-4,-0.00174056,-0.001060453,0.001725245,-2.706319e-4,5.435145e-4,0.002751789,-0.00265212,-6.432171e-4,0.002577834,3.987733e-4,0.003167815,0.00136056,0.003659601,-0.01296338,0.02498123,-0.005756232,0.002367889,-0.002712792,0.005829655,-0.002638686,0.01113261,7.992109e-4,-8.155388e-4,-2.902677e-4,0.009034338,0.005073404,-0.009252524,-5.026609e-4,0.002348271,-0.003347194,-0.01716634,0.002468833,0.001600036,-0.002293103,1.007937e-4,-0.004801817,0.001107635,0.006098174,-0.009674183,-0.004205463,0.004785934,-0.00400455,-0.001502185,0.002657217,0.001099864,0.003138029,0.002452185,0.002632055,-6.998342e-4,-0.001296165,-6.53422e-4,-8.060487e-4,-0.00277271,0.002072746,-0.002229322,0.002240756,0.001577212,2.563455e-5,-0.00142975,0.004929874,-0.001710339,0.001346441,9.77594e-4,0.002836539,0.001593957,1.778238e-4,6.49321e-4,6.236266e-5,0.001392485,0.001958745,-0.002362979,-2.054828e-4,-5.667412e-4,1.519686e-4,-4.677266e-5,-0.00147618,-3.453046e-4,0.0050078,1.393881e-4,-2.546065e-4,9.903634e-4,1.167556e-4,-1.331653e-4,0.001180448,0.001939012,0.001288113,-0.001522773,2.327271e-4,1.824348e-4,-0.001178892,8.788848e-5,-4.652288e-4,-1.086583e-4,-8.213305e-4,5.283056e-4,5.579998e-4,-7.867438e-4,-6.92541e-4,4.404057e-4,-9.638002e-6,0.001438048,0.001584944,4.294606e-4,0.00158758,-4.566307e-4,3.543546e-4,6.596545e-4,2.327824e-4,6.682321e-5,-0.001029653,3.658421e-4,4.514559e-4,0.002566038,-1.773615e-4,1.517219e-4,3.029958e-5,0.002424313,0.001509764,0.001541798,0.001533572,6.107838e-4,7.572806e-4,0.003910999,0.005851937,0.005400537,0.01113684,0.01457782,0.01958561,0.0193253,0.01841198,0.02076048,0.02089815,0.02261081,0.03460789,0.1102203,0.4268856,0.7368269,0.5300176,0.1766512,0.05540617,0.05374088,0.06208941,0.06829562,0.08193811,0.09141247,0.1041671,0.1188787,0.1250826,0.1442772,0.1537359,0.179141,0.1973904,0.2027385,0.2328231,0.2429042,0.2266169,0.2258197,0.2396436,0.243311,0.2411953,0.223587,0.2284743,0.1988583,0.2223676,0.2108354,0.2160469,0.234356,0.2695092,0.2685174,0.3166199,0.4241965,0.5592452,0.675962
340.403,-0.01128089,-0.01215154,-0.02752215,0.007058439,-0.01162482,0.01005278,0.01418764,-0.02129027,0.0355206,0.004720011,-0.002739559,-0.005172883,0.01218021,0.002141081,-0.001899507,0.001091537,0.006320851,0.001579668,-0.003975231,0.00654237,0.00486463,0.004617676,0.003627236,-0.004594227,7.816951e-4,-3.288469e-4,5.846392e-4,-0.003624647,0.001776027,-0.002042123,0.005896239,0.006787884,-0.004923779,-4.051511e-4,-0.005899578,6.378631e-4,0.006649098,0.01035126,0.003787571,-0.00743144,0.002473101,-0.00320805,0.002182913,0.002155096,-0.008947685,0.01018295,0.007510704,0.002619078,-0.001768728,-0.006099696,-0.006021874,0.001838539,0.006763524,0.006336345,-9.970988e-5,0.002796592,0.0121962,-0.00280213,0.001806662,0.002270971,0.005640246,-0.001701512,-0.002778349,-0.003796645,0.005605071,-0.004602257,0.003278111,-0.003752196,-6.840688e-4,0.002834297,-7.751183e-4,-0.003009393,0.003425707,0.003506575,6.93997e-4,-0.002842228,-0.00796109,-0.00373308,1.475906e-4,-0.00138093,7.704446e-5,6.6521e-4,0.001133979,1.718725e-4,-8.49128e-4,0.005374934,0.00175996,1.066254e-4,-6.831125e-4,0.001024415,0.001487619,0.00439932,-6.90852e-4,0.001274058,0.001290125,9.563024e-4,-0.001668234,0.002560219,0.001127286,0.001139536,1.854357e-4,3.215926e-4,0.001036647,6.526208e-4,0.002469835,6.222498e-4,-8.215357e-4,6.844949e-4,3.785346e-4,-5.541877e-4,-3.685612e-4,2.544754e-4,1.802859e-4,4.454231e-4,-2.759678e-4,6.76167e-4,5.34428e-5,0.001086135,-6.411288e-4,-0.001786055,2.689995e-4,2.331773e-4,6.751062e-4,-2.452651e-5,2.399773e-4,0.001418839,-4.196958e-4,8.813837e-4,1.105999e-4,-8.763918e-4,8.785056e-4,-2.903759e-4,0.001283822,0.002334784,0.001387404,0.001390257,0.002686153,9.816697e-4,0.002172698,0.004257501,0.004073798,0.007237618,0.01293959,0.01482078,0.01704218,0.01972914,0.02073686,0.02267871,0.02348258,0.02798555,0.02784779,0.07855777,0.3244238,0.6798464,0.6170492,0.239731,0.06574114,0.05642717,0.06520448,0.07312042,0.08855566,0.09259365,0.09712127,0.1189853,0.1230254,0.1434493,0.1589045,0.1712351,0.1953383,0.2105248,0.2187038,0.2350634,0.2449394,0.2379938,0.2414241,0.2458503,0.2465671,0.2323985,0.2345051,0.2221787,0.228689,0.2218307,0.2223863,0.2387163,0.235127,0.2685872,0.3248025,0.3537033,0.4384345,0.6150735,0.7354615
342.679,-0.02907488,0.007931095,0.02194866,0.01647363,-0.01403848,0.01031549,0.01921489,-6.838636e-4,-0.001731135,-0.005742008,0.01935579,-0.001645074,-0.003836601,-0.002580594,-0.00242601,0.002073054,-6.596525e-4,0.004099228,0.008325323,0.001525359,-0.002470954,-0.005585968,-0.00968124,4.83201e-4,-0.002454837,-0.003598061,-0.004296532,-0.004131007,-0.003483973,-6.572877e-4,0.002060786,-0.01170514,-0.01117956,-0.00854052,-0.003821835,-0.001187363,-0.01029192,-0.002064981,-0.001303581,0.001042725,-6.496171e-4,0.006691346,3.283667e-5,-0.008342855,0.005080651,-7.450871e-4,-0.006965072,-0.001804447,-0.02013721,0.006128294,-0.003288131,-0.007350266,0.001471806,-0.005041135,0.003029919,9.172766e-4,-0.004399893,-0.001701185,-3.023794e-4,-0.008907999,-0.003728924,5.533952e-4,0.005582301,-7.824403e-4,-0.001080715,-0.006346954,-0.001761767,0.003870978,-0.006209876,-0.003094665,-0.003585247,-7.088774e-4,-0.00478884,-0.004416335,5.928798e-4,0.00589425,-0.001415413,-0.005028799,-0.002036297,-0.001567937,-0.002595864,-0.003372459,-0.005254448,7.123642e-4,-0.002257358,-0.005388193,3.114159e-5,8.561467e-4,-0.004218864,4.59847e-4,-0.001290106,-9.529376e-4,-0.002852166,0.001320974,3.021967e-4,-0.001590126,-0.002207798,-5.477922e-4,-9.123301e-4,-0.002316055,-3.885543e-4,-7.872335e-4,0.001650006,8.691569e-4,-0.0016119,-8.10634e-4,-5.136662e-4,-7.475177e-4,0.001155995,-1.391005e-4,1.826247e-5,-7.019324e-4,-5.496356e-4,4.666894e-4,2.169367e-4,0.001721387,-5.099953e-4,-7.182739e-4,4.413857e-4,-0.001176749,-5.929303e-4,7.80333e-4,-3.381892e-5,-0.001134593,-6.303365e-4,0.001300777,0.001042659,5.525439e-4,0.002481971,-7.106235e-4,-9.161946e-4,-7.6264480000000007e-05,-3.662343e-4,-1.078603e-4,-4.340311e-4,0.002507978,-0.001020537,0.001604537,0.002600682,0.006297802,0.005671673,0.007239316,0.01245141,0.01564545,0.01823709,0.01793424,0.02061998,0.01901012,0.02214085,0.02737423,0.05473241,0.2448751,0.6127074,0.6695298,0.3093839,0.07803545,0.05579237,0.06447521,0.0728501,0.0788801,0.09199065,0.1040201,0.1140078,0.1273394,0.1386906,0.16126,0.1737306,0.1837589,0.2031468,0.2217642,0.2308058,0.2355198,0.2479854,0.2479758,0.2561338,0.2502605,0.2465293,0.247943,0.2318466,0.232662,0.2280757,0.2343098,0.2389221,0.2655487,0.3010578,0.3075429,0.3500495,0.37797,0.4171059,0.6718252,0.6428965
344.956,0.03149594,0.02625606,0.02099489,-4.361681e-4,0.02320301,0.008198722,0.02582232,0.005719607,0.009188292,5.019192e-4,0.01155492,0.003492805,0.01111939,-0.003483536,0.0112674,-0.004530289,0.01343362,0.01070793,0.004363716,-0.003246039,0.004170904,0.007510172,0.00229156,0.001708171,-0.001423226,0.002898881,0.002889566,1.136509e-4,0.001929349,0.009188711,0.001246362,0.01148057,0.007826205,0.001625008,0.01147713,0.007763762,0.015965879999999998,0.002992666,0.008679809,0.006859571,0.0093055,0.001376695,-0.001624731,0.01241122,0.0191701,0.009463909,0.00389831,0.00614178,0.01862891,7.73348e-4,0.00726873,0.01068332,0.007547036,0.001225442,0.00571148,0.002988319,-0.004469685,0.004484381,0.01427833,0.001815529,0.009997699,-0.001500066,0.0035452219999999998,0.004828941,0.006004324,0.005504946,0.006093758,0.005588087,-0.001565129,0.005657541,0.001547966,0.001167156,0.001189871,0.00102891,0.001958011,-0.002065622,0.003919982,7.000135e-4,0.003212352,0.001441517,0.005163416,0.002391091,0.004692956,0.002773867,0.002913349,-0.002516615,-7.971885e-4,0.002245973,-6.657252e-5,0.002790972,0.003215525,-0.001188139,0.003294087,0.003215233,9.700324e-4,0.001841919,0.002326828,0.001873035,0.002464925,0.003170451,5.484194e-4,4.57771e-4,2.947562e-4,0.002024,0.001109837,-9.423535e-5,0.00111718,7.110523e-4,9.526962e-4,-3.40421e-4,6.928808e-4,4.042236e-4,0.001462837,-3.992741e-5,1.556132e-4,-4.081981e-4,4.542834e-4,5.598591e-4,0.003647966,9.732341e-4,-3.22086e-4,4.541957e-4,0.003093355,0.002879093,6.82498e-4,7.321101e-4,0.001804593,0.0019433,0.001507786,0.00286735,0.002459949,3.586496e-4,0.001875741,0.003250531,0.002751052,0.002030421,0.00372024,0.004096104,0.003937404,0.008645259,0.01022867,0.01499162,0.01341168,0.01903363,0.01933656,0.02336284,0.02585181,0.02224478,0.02917642,0.04240274,0.1951179,0.5306389,0.6936468,0.4017948,0.1078908,0.0617546,0.06785695,0.0739446,0.08633253,0.09830928,0.1119692,0.1234687,0.1326717,0.1525462,0.1557686,0.1759596,0.1882359,0.2071355,0.2203553,0.2299263,0.2477262,0.2571293,0.257193,0.268898,0.2658912,0.2552211,0.2624123,0.2583314,0.2589802,0.2541428,0.2574659,0.245026,0.2781369,0.2801996,0.2713337,0.3185055,0.3365139,0.4482828,0.5740777,0.672049,0.655104
347.234,-0.001415011,0.02019572,0.008386847,-7.684504e-5,-0.01207273,-0.005788295,-6.574268e-5,-0.01024454,-0.02924425,-0.01501987,-0.0211738,1.655801e-4,7.307791e-4,0.003470008,-0.004654812,0.001509723,-0.004019229,0.002666788,0.002261432,0.004780865,-0.005751394,0.001434939,0.001708244,-0.003544767,0.001533307,9.266469e-4,-0.0013541,-0.001639004,-0.002920419,0.002924889,-0.001925714,-7.185509e-4,0.01579751,-0.009839892,-0.004930399,-0.00789779,-0.002198616,-0.01491648,-7.564044e-4,-0.01258517,3.269719e-4,-0.00224313,0.00853114,-0.007318106,-0.01194611,0.00165016,-0.01130417,0.009709432,-0.003513339,0.004700385,-0.007423966,0.003822085,-0.0142451,0.001503797,0.005286938,0.001432734,-3.700751e-4,6.370433e-4,-0.01002039,-0.005018975,-0.003401395,-0.008121243,-0.004151766,8.321384e-4,-0.001029674,-0.002953696,-0.002988998,0.002196028,-0.005150923,-0.001690889,-0.001193974,-0.003729077,3.657835e-4,-8.452657e-4,4.893269e-4,-0.002844636,-7.006395e-4,-0.001519009,0.002207475,-1.143501e-5,-0.002152002,0.004797675,-0.003258836,-0.001753847,-0.004007572,0.001797197,0.003405364,-0.001661537,0.002887376,0.001133746,2.913231e-4,5.213571e-4,-7.415384e-4,-0.002878389,-0.001346832,4.476089e-4,4.451659e-4,-6.006288e-5,0.00234604,0.001588945,-4.279544e-5,4.478019e-4,0.002407832,-7.751105e-4,-2.479354e-4,-4.798761e-4,0.001390183,8.677826e-4,-1.898754e-4,1.708143e-4,-0.001020774,-0.001391815,1.383951e-5,-1.261717e-4,7.009058e-4,-3.612066e-4,4.935192e-4,-9.267651e-4,-0.001163628,0.001191643,-6.304009e-4,0.001678289,0.001386198,5.131595e-4,-5.406063e-5,3.139714e-4,-4.694755e-4,-6.48818e-4,-3.168251e-4,0.001115401,-7.385398e-4,5.473125e-4,7.560045e-4,-8.346171e-4,0.002259933,3.632431e-4,0.00270855,0.004536247,0.004852434,0.005958176,0.01074322,0.01621843,0.01803861,0.01897316,0.02032635,0.02305932,0.02228768,0.02181938,0.03587555,0.1314084,0.4512264,0.6940486,0.4835864,0.1577627,0.06165839,0.06395327,0.07216405,0.08943509,0.09977998,0.1128349,0.1269051,0.1369556,0.1504559,0.1606205,0.1807878,0.192233,0.2026664,0.2203848,0.231847,0.2383163,0.2463729,0.2613461,0.2651049,0.2693787,0.2676438,0.2671434,0.2706891,0.2775721,0.2549808,0.2570084,0.2501228,0.2492297,0.2640826,0.2901308,0.2934631,0.3469587,0.4001301,0.466416,0.5284336,0.6256054,0.7824665
349.513,-0.02825332,-0.003290581,-0.02971422,-0.003114807,-0.00965152,-0.007565776,-0.01088074,0.010116,0.02226046,-0.003692733,0.005411748,-0.01332494,-0.009216911,-0.001036003,-0.004919492,-0.003461651,-0.004467418,-0.01074341,-0.005751734,-0.006677163,-0.002154829,-0.001926362,3.98897e-4,8.746486e-4,-0.004844088,-0.003292424,0.003347325,-0.007304213,0.001717599,-0.00470427,0.002979378,-0.003442386,-8.283378e-4,0.01126577,-0.006565131,-4.932939e-4,-0.007733451,-0.004723989,-0.007061623,-0.005035937,-0.006040475,0.001160528,-0.005645245,0.003312437,-0.005557005,-3.84356e-4,8.965411e-4,-0.01550667,-0.01291203,0.002785779,-0.002590586,0.005882783,-0.00150612,-0.002749178,-0.00908229,-0.00381186,-0.007365754,-0.005236319,-0.002685123,-0.005451457,-0.003969055,-3.039904e-4,-0.01374807,-0.004949406,-0.004592284,-0.01445334,-0.003944896,-0.004670982,-0.00490993,-0.005387638,-0.00172349,-0.003883151,0.003449546,-0.004786352,-0.002112671,-0.00611528,0.001158633,-0.007329924,0.002792872,-8.857837e-4,0.001532854,-0.001087752,2.022732e-4,0.001694534,0.001211779,-8.859972e-4,-0.004443256,-0.003180381,-7.749961e-4,-0.002733043,1.607143e-4,4.356721e-4,-0.002561657,-5.24663e-4,0.001369352,5.877315e-4,-0.001947184,8.411827e-4,-0.002633212,-0.002018138,-0.00311353,-7.777277e-4,-0.002220015,0.001243742,0.001569245,-0.001009279,-5.636918e-4,-9.10544e-4,-0.001175681,-0.001039236,-8.087578e-4,3.299219e-4,-6.448475e-4,-4.677213e-4,4.9443e-4,-7.0883e-4,-2.391719e-4,-5.229163e-4,-0.001748192,3.361545e-4,-2.237667e-4,-0.002108577,-0.003032221,9.195062e-4,0.001025292,-0.001325318,-4.187189e-4,6.461568e-4,-0.001204756,1.212319e-4,-0.002400154,-0.00103166,4.16272e-4,0.002653118,0.001024575,0.001374693,0.001338601,-4.047382e-4,0.006080697,0.009550995,0.01179444,0.01821876,0.01767192,0.01841307,0.01914347,0.02240439,0.02467795,0.02782519,0.09419044,0.3615454,0.6645062,0.548538,0.2176372,0.06895603,0.06777427,0.0754372,0.08948668,0.1003446,0.1163684,0.1338086,0.1465404,0.1559943,0.1725441,0.1801636,0.1926412,0.2035301,0.2228409,0.236104,0.2477846,0.2488618,0.2617218,0.2690407,0.2739371,0.2660393,0.2763932,0.2688711,0.2694963,0.2605779,0.2752795,0.2706631,0.2561029,0.2756804,0.2588255,0.282833,0.3242029,0.36923280000000003,0.3982131,0.4789921,0.5636331,0.6798426,0.7440711
351.793,-0.003404497,-0.01837312,-0.002786851,-0.01304782,0.004628824,-0.01049556,0.01520631,-0.01111797,0.006009127,-0.03006117,-0.003981632,-0.004741789,-0.004134549,0.01347283,-0.007641376,-0.006457308,-0.004853236,-0.002971587,0.001473564,-9.671328e-4,-0.001527446,-0.00126046,-0.003354629,-0.001849497,-0.003160342,-0.004058586,-3.015965e-4,-0.0053212,0.0017415,0.001247089,-0.008543417,-0.01855127,-0.0140229,-0.01088857,-0.0267493,-0.01180827,-0.01189402,-0.003838657,-0.01048878,-3.42004e-4,-0.007184838,-0.01217995,-0.01496905,-0.009543184,-0.005419001,-0.004210937,1.051308e-4,0.00451035,-0.009003334,-0.007755168,-0.008073107,-0.01479382,-8.556351e-4,-7.278533e-4,-0.00301014,-0.007720015,0.003838139,0.00197934,-0.002474279,-0.001549715,-0.001457044,-0.006763361,-0.008127629,-0.007215281,-0.002841708,-1.627194e-4,-0.005416511,-0.004339329,-4.635703e-4,-0.001699601,-4.452345e-4,6.432255e-5,2.052471e-4,-0.007253131,-0.003689415,-0.004533841,-0.004868238,-0.003129425,-2.430283e-4,-0.001000607,-0.001724459,-0.003142688,-0.002436386,-0.002520243,-3.739534e-4,-6.015779e-4,-0.003899856,7.788568e-4,-6.569193e-4,-6.426442e-4,-0.002166172,-9.831001e-5,-0.001398873,-4.943041e-4,0.001060682,-4.513545e-4,-8.320597e-5,-0.00291919,-3.65047e-4,-0.002492388,-8.231785e-4,8.772527e-4,-1.006272e-4,-4.006528e-4,-0.001298135,2.560521e-4,-8.490669e-4,-3.134861e-4,-0.001406674,-2.451054e-4,-9.575324e-4,-4.994458e-6,3.659158e-4,-0.001239491,6.285687e-4,-6.410648e-5,2.246296e-4,-0.001699431,-0.00128588,2.148791e-4,3.629191e-4,5.322658e-4,7.674925e-5,4.496833e-4,-3.770955e-4,7.055829e-4,0.001302755,6.020042e-4,7.732088e-4,-0.001307454,-7.345189e-4,2.179388e-4,-0.001187987,8.221422e-4,6.434405e-4,0.002452039,0.001081854,0.003615181,0.007784935,0.01395935,0.01508598,0.01622897,0.02058947,0.021032,0.02114183,0.02263542,0.03115161,0.07786622,0.2895337,0.6207492,0.5981156,0.2630096,0.08781671,0.07029464,0.07668183,0.08917711,0.1066842,0.118615,0.1338593,0.1489739,0.1623404,0.1719069,0.1911947,0.2050699,0.2078404,0.2245763,0.2329635,0.2466945,0.2605324,0.2615352,0.2694852,0.2680221,0.2771698,0.2856204,0.2841593,0.2858204,0.2834412,0.2785302,0.2777917,0.2948808,0.2854592,0.2972048,0.3055738,0.3036369,0.3482494,0.3969996,0.4067978,0.5072715,0.6147148,0.6665277,0.7536714
354.073,-0.003412818,0.00184693,0.001738771,-0.02074164,-5.833905e-5,0.003708745,-0.0226933,-0.002003729,0.00669931,0.01452181,-0.0148514,0.007400666,0.001606657,0.002985158,0.01181704,0.007826387,-0.004338475,0.002279171,-0.00291888,0.001017325,0.00482782,-0.003286729,-0.001301085,4.045837e-4,-0.003296903,-1.784435e-4,-0.001237674,0.006186407,-0.001231433,-0.003471159,-0.01273826,-0.002782731,-0.00247203,-0.02170988,-0.01042064,0.01515985,1.24804e-4,-0.004310162,-0.008480465,0.001665784,-0.005416231,-0.004583693,-0.00340919,-0.006293403,0.01310864,-0.004064005,-0.007096099,-0.001166397,-0.007907426,0.00343528,3.082725e-4,0.002424914,-0.01064245,2.533054e-4,0.008340001,-0.001479791,-0.008138032,-0.002236845,8.104998e-4,0.006058196,-0.001336099,-0.00580839,0.004315842,-0.004041009,0.001018524,-0.003736977,0.003374948,-3.115223e-4,0.001436975,-0.00124223,-9.833149e-4,-0.002085303,-0.003494838,-0.004615091,0.001461552,-0.001584607,-4.302463e-4,-0.002646726,-0.002853377,2.454313e-4,2.582904e-4,9.55291e-4,0.003379028,6.813783e-4,-0.001960782,0.003064818,-6.653513e-4,-0.002436859,0.00146718,9.97702e-4,-0.001869523,3.592773e-4,5.356558e-4,8.571043e-4,0.002380203,-0.002328882,-0.001760465,2.126706e-4,-0.001143794,0.001635676,6.292176e-4,2.448205e-4,-2.292212e-5,-2.112324e-4,7.457674e-4,-0.002724546,0.001374037,-1.99141e-4,3.165807e-4,3.231761e-5,5.331384e-4,-1.839517e-4,3.583119e-4,0.001254341,-3.81147e-4,7.607878e-4,1.722394e-5,4.441089e-4,6.980301e-4,7.51518e-4,-2.414408e-4,0.001359552,-2.059564e-4,-0.001076586,-1.268696e-4,9.273694e-5,-1.171128e-4,-7.399212e-4,2.042681e-4,0.001101462,-4.857405e-4,3.154389e-4,0.003771419,0.004259145,5.567604e-4,0.001851758,0.005253752,0.00852508,0.01190951,0.01772337,0.01447005,0.01652722,0.02331431,0.02134957,0.02203349,0.02515636,0.05374576,0.236736,0.5583692,0.6644695,0.3400172,0.1108042,0.07021064,0.08147255,0.0937337,0.1074745,0.1218936,0.1384106,0.1542761,0.1741506,0.1784647,0.198621,0.2099228,0.2229874,0.2329447,0.245386,0.2553512,0.2600002,0.2809728,0.2801367,0.2849085,0.2915505,0.2936408,0.2824423,0.2927002,0.2933159,0.3061062,0.2957306,0.3033622,0.2967299,0.3239169,0.3184006,0.3283291,0.3368394,0.3731001,0.4214375,0.4692128,0.5362267,0.6003867,0.6885111,0.8124242
356.355,-0.01783051,-0.004943667,0.005598524,-0.003487057,0.01756904,0.01189604,0.01259775,2.127834e-4,-0.01021096,-0.001813723,0.02059075,-0.002287002,-5.840471e-4,1.897325e-4,0.02488062,0.001253235,0.01030347,0.004153039,0.001967063,-0.002283768,0.003275092,0.002309716,-0.003319277,0.0053511,0.00285128,1.576181e-4,-9.015446e-4,-3.504486e-4,0.001272219,0.01168509,0.006729352,0.005312096,-5.556876e-4,0.001537914,0.01834283,4.742808e-4,0.01053901,0.002223545,5.844235e-4,0.0107087,-0.004922749,-0.001935459,0.01533877,0.006071089,0.004029905,0.003935824,0.006026178,0.001656706,0.003787289,0.01628217,0.0067067,0.006928052,0.005517785,0.001843948,0.001446058,0.008191526,0.001035799,0.003377587,-0.001177599,-0.007094861,0.006013132,-9.428308e-4,0.002950491,0.002125351,0.002661084,-0.002118653,-0.006034326,0.004802492,0.004553949,0.006649379,0.002086205,0.005207335,0.002003424,0.006724354,0,0.003222863,0.006604441,-0.002562018,0.002662727,0.003044547,0.001855349,0.00489106,9.344298e-4,-0.001190472,0.003414691,-0.00120998,0.003928211,0.002216206,4.769285e-5,-7.18223e-4,0.002653884,8.655994e-4,-6.327607e-4,0.002225347,0.002285151,0.002099678,0.00266352,0.002111566,9.562692e-4,0.002258395,0.002581589,-5.763197e-4,6.894607e-4,-6.147329e-4,5.990705e-4,9.201399e-4,0.002085244,9.476968e-4,3.47542e-4,8.327304e-5,-1.139279e-4,1.271535e-4,5.616285e-4,0.001537906,-5.675398e-4,0.001719821,-1.807e-4,7.537471e-4,0.00123346,0.001890545,-5.88162e-4,0.001930841,-2.516323e-4,0.001613428,0.002176013,-6.615208e-4,0.001737702,0.001416313,3.14021e-4,0.002174059,0.002624813,0.002259724,8.636526e-4,3.913364e-4,0.006995471,0.006823791,0.008494075,0.01180513,0.01670615,0.01552557,0.01933087,0.01877801,0.0232317,0.02251794,0.02661379,0.03684752,0.1824974,0.506195,0.6721697,0.4310136,0.1323717,0.07187311,0.08986289,0.0957971,0.1110968,0.1230515,0.1422312,0.1621068,0.1727935,0.1857982,0.2009428,0.2133881,0.2335748,0.246338,0.2552968,0.2600411,0.2715781,0.2817979,0.2858119,0.2926132,0.291393,0.2985997,0.3037427,0.3056503,0.2976054,0.3016079,0.3176499,0.3186648,0.3143094,0.3143664,0.3290048,0.3369554,0.3594715,0.387531,0.4105464,0.4734992,0.480026,0.5715319,0.6806253,0.7402733,0.7928585
358.637,-0.006274298,-0.007888296,-0.02270044,-0.007651733,-0.008751009,1.659922e-4,0.008556029,-0.03390862,-0.003793272,-0.01334735,0.001096437,-0.001545368,5.361231e-4,0.001877489,-0.004533367,-0.00124255,-0.001798149,0.002729504,0.003868489,-0.00435415,-5.493126e-4,-4.760147e-5,0.002450512,-7.501076e-4,-0.004807247,-2.207601e-4,-0.005017172,-0.002571698,-0.004414648,0.005376224,-0.003882162,-3.5203e-4,0.005934343,-0.015006,0.005973906,0.009842202,-0.003114781,-0.01414001,-0.01446638,-0.01767579,-0.007826426,0.004615027,0.00646584,0.005380637,0.005922035,0.001810703,-0.003558394,0.003671166,0.003288726,-0.01367069,0.005698623,-0.003889216,-0.002801198,-0.002541197,-0.00519025,0.007247465,-0.004085602,-0.002902324,0.001099793,-0.003946438,0.0068391,-0.002588863,4.141978e-4,0.005578889,0.006710428,-0.005329496,-8.208379e-4,0.003191159,-0.002680849,-0.003609044,-0.003458134,-0.00322393,0.004866577,-0.001936249,-0.002550939,2.039686e-4,-0.002047847,0.003161003,9.229887e-4,0.003039636,-0.001026399,0.001582381,0.002881593,-4.207948e-4,-5.461219e-4,-4.909727e-4,0.002367292,0.001943778,0.001361324,-1.463176e-4,-2.903875e-4,-0.001812577,-4.473923e-4,-2.412634e-4,-0.003515433,0.002336144,-9.614883e-4,-0.00114078,-4.641473e-4,-6.520697e-4,7.473708e-4,4.159912e-4,-0.001275337,-5.495117e-4,-5.042256e-4,-2.661904e-4,-6.967448e-5,2.633084e-4,-0.001779728,2.063899e-4,0.00130335,-0.001232784,1.550482e-4,4.075614e-4,-0.001155468,-5.241518e-4,2.540217e-4,-7.732071e-5,8.81821e-4,-0.001035462,3.859392e-4,-0.002465179,1.737459e-4,0.001238941,3.994652e-4,1.512963e-4,7.0587e-4,-3.754e-4,-5.525831e-4,4.170579e-4,0.001866702,5.074496e-4,0.002716735,0.002285962,0.005242131,0.005174623,0.01076615,0.01186842,0.01686413,0.01670762,0.02088023,0.02347007,0.02342558,0.02280419,0.03197066,0.1277123,0.4289507,0.6656985,0.4903939,0.1782691,0.07469311,0.08436149,0.09215163,0.1119782,0.1298091,0.1445432,0.1591697,0.1839164,0.1954696,0.2033005,0.2177053,0.24324,0.254342,0.2559635,0.2755932,0.2869669,0.28645929999999997,0.2888197,0.297228,0.3058319,0.3074519,0.3086741,0.3019691,0.3083013,0.3101101,0.2939726,0.3125565,0.3288306,0.3348134,0.3240586,0.3602518,0.3589665,0.3644458,0.4097961,0.4064293,0.4877366,0.5363398,0.5084442,0.5425166,0.6787104,0.841359
360.92,-0.004663917,-0.006762791,-0.03359892,-0.01228916,-0.01445723,-0.009375728,9.276207e-4,-0.0100748,-0.004688384,-0.02271153,-0.001790846,-0.00442987,-0.003329534,0.00656693,-7.702868e-4,0.001256939,-0.004232504,0.001123238,-0.01046793,-9.059015e-4,-0.003665574,0.003055848,0.00172366,-0.00668015,-0.002263518,-0.002428749,-0.002224145,0.001809232,-0.005920024,-0.0035404,3.810574e-4,0.006413995,-0.01580749,0.02420136,-0.006334665,-0.002087455,-0.009675172,-0.005175515,0.002700523,0.007514469,0.005304316,-0.005930453,0.003399401,-0.0087345,-8.14673e-4,0.016999,0.004904152,-0.009506295,-0.00441679,0.001216454,-0.002771991,7.181533e-4,0.003680456,0.007614129,0.001640636,-0.004905503,0.004313089,0.0017383,-0.001836665,0.005267942,0.006828702,-0.005321781,-0.003941069,-1.874961e-4,0.001430538,-4.654113e-4,0.001085558,-0.001124765,-0.002250402,-0.001503678,-0.00466803,-0.004644447,-0.003212488,-0.002417808,-0.002102961,-0.001837607,-0.005685031,-0.004684487,-0.001968007,-0.004190016,0.002227028,-0.004227872,-0.001400723,1.566464e-4,-0.003776661,9.336783e-4,-0.002622892,-6.018547e-4,-0.002458565,-8.492292e-4,4.072149e-5,-0.001346521,-0.001477503,-0.003526536,-4.207026e-4,4.86151e-4,-0.002965275,-2.569054e-4,-7.274034e-4,-0.001206237,-3.473373e-4,-3.67478e-4,-0.001674489,7.945599e-4,3.930805e-4,-2.450373e-4,-5.43859e-4,-3.870363e-4,4.539148e-4,-2.215591e-4,-0.001427778,-2.685771e-4,-0.001611672,3.687078e-4,-2.952496e-4,1.14014e-4,0.001012922,-2.528536e-4,8.609107e-4,-5.150172e-4,0.002059677,-0.001422608,7.139084e-4,-1.638951e-4,-4.960975e-4,-6.077578e-4,-0.001932042,0.001069942,0.001296764,1.575393e-5,-0.001275681,2.352179e-4,7.495671e-4,0.004371917,0.001365934,0.008308891,0.01398009,0.01271115,0.01332113,0.01802123,0.0192087,0.01980877,0.02495291,0.02507479,0.08863729,0.3419072,0.6508877,0.5443539,0.2248706,0.07913444,0.07945041,0.09360611,0.1107137,0.1287724,0.1492101,0.1626882,0.1861994,0.1962169,0.2153996,0.2283766,0.2469206,0.2610826,0.2761853,0.2867703,0.3001795,0.2996426,0.3059961,0.3087589,0.3120688,0.3114172,0.3230488,0.3227699,0.31568,0.3249909,0.3178545,0.3272948,0.3375453,0.3426487,0.3655221,0.3800344,0.3727377,0.3770324,0.3901898,0.3782819,0.475158,0.4803387,0.5026649,0.5730722,0.6543722,0.6989831,0.7843828
363.203,-0.02460224,-0.02166831,-0.0101473,0.0113201,-0.03791287,-0.01189182,-0.034385400000000003,-0.01162479,0.005664514,-0.004892494,5.69002e-4,-0.005515052,-0.01334252,-0.01482775,-0.007636424,-0.01782277,-0.00204644,-0.01055978,0.003350757,0.001412146,-0.001535671,-0.008814371,-0.003014089,-0.006477099,-8.153398e-4,-0.009331142,-0.007325045,-9.234841e-4,0.001211414,-0.005649328,-2.081068e-4,-0.007959444,-0.004952028,-0.01120917,-0.01369541,-0.01512551,0.003145871,-0.006738238,-0.02613134,-0.01180766,-0.01558241,0.004289685,-0.01255117,-0.004097185,-0.01025386,-0.01599615,-0.00289224,-0.01250688,-0.01141371,-0.001042685,-0.0123037,-0.01247653,0.002476845,-0.002601609,-0.00886574,-0.005147989,-1.473491e-4,-0.007111455,-0.001615618,0.002771705,-0.004674954,-0.008114389,-0.006814658,-0.005919863,-0.0045226,0.00214275,-0.007185608,-0.003029777,-0.001730348,-0.0040609900000000004,-0.008402772,5.637652e-4,-0.004506584,-0.00383226,-0.006200283,-0.008840106,0.001892946,8.499019e-4,-0.006186564,-0.004891462,-0.004504089,-0.004711175,-0.00378294,-0.002677175,-0.00303833,-0.002556138,-0.002711398,-0.002053613,-0.002929522,-0.003120618,-0.003668028,-0.002591674,-0.001645495,-0.001780449,-0.001521805,-0.001488063,-0.00173057,-1.604634e-4,-0.001098024,-0.002508741,-0.003906238,8.519101e-4,-1.813281e-5,-0.001603783,-9.93818e-4,-7.459475e-4,-2.870832e-4,-6.148813e-5,-0.002793291,-8.63995e-4,-8.513257e-4,2.235467e-4,-9.698615e-4,-8.520985e-4,3.782487e-5,-2.132465e-4,-0.003262043,-0.002655338,-0.001246388,-8.492679e-4,-0.001965861,-0.002202108,-0.001311968,4.441363e-5,-0.001471723,-5.656117e-4,7.13848e-4,4.992129e-4,0.001143573,-2.779623e-4,-4.942118e-4,9.956411e-4,-6.04193e-4,0.00402482,0.004687885,0.01036583,0.0147444,0.01549761,0.01693323,0.01708831,0.01947387,0.02298487,0.02368669,0.05961482,0.2658804,0.587723,0.5890626,0.2749773,0.09142079,0.07548934,0.09350657,0.1060837,0.1252752,0.1463633,0.1641258,0.1821278,0.2040146,0.2225257,0.239079,0.2559492,0.267683,0.2860745,0.2912209,0.3089765,0.3097915,0.3184391,0.3162884,0.3192214,0.3359787,0.3294462,0.3359302,0.3188074,0.3318254,0.3246267,0.3368063,0.339893,0.3440664,0.3550107,0.3665748,0.3781779,0.3868067,0.4157367,0.4232382,0.4507277,0.4413067,0.5189156,0.5340386,0.6087297,0.6660251,0.6991118,0.8248495
365.488,0.03465805,8.392902e-4,0.01011943,0.004187275,0.009822253,-0.002658063,-0.003230625,0.02094657,0.02101714,0.004119369,0.01401981,0.006448325,0.00484175,0.009137334,0.006139116,0.01128733,-0.003188268,0.005704107,0.007685122,0.002875808,0.008709036,0.007358721,-6.166503e-4,3.236878e-4,-0.001371384,4.253782e-4,6.788342e-4,-5.915725e-4,-0.002463577,0.001542083,0.004344891,0.006896315,-0.01415131,-0.008132809,0.01219641,0.02447028,-0.001584873,0.009790028,-0.002339724,0.0136539,-0.008902211,0.003196826,0.001073183,0.007314201,-0.002795394,0.01909755,0.007225366,0.003416514,0.003451049,-0.002247007,0.00405625,0.008004662,7.481892e-4,0.008483672,-0.001390163,-0.002504398,-0.002711351,0.004517137,0.001939019,0.001585845,2.784727e-4,8.501989e-4,0.006159339,0.003650618,-0.003037723,0.001717725,0.002462415,0.00595155,0.002309974,0.002443297,-0.001216727,0.00601517,-0.001020122,0.001035274,0.001528867,-2.483958e-4,-0.002299635,0.001831803,-0.005820492,-3.074856e-4,0.001866451,-2.201625e-4,0.004352662,0.00352307,-0.002311061,4.492155e-4,0.002895622,0.001790349,0.001073752,0.001835824,0.001923424,-0.001162082,-4.31783e-4,2.398779e-4,0.001556179,0.003298189,4.729043e-4,-9.792849e-5,2.215253e-4,5.780039e-4,0.001136465,0.001268561,0.00159021,-6.63556e-4,-4.990091e-4,-6.30281e-4,-1.649069e-4,-8.835302e-4,1.18214e-4,8.628791e-4,7.035253e-4,9.610209e-5,-1.433621e-4,5.314155e-4,4.203758e-4,2.222351e-4,1.659216e-4,0.00112592,0.001156921,1.911707e-4,8.315908e-4,-6.949626e-4,0.001893457,0.001631715,6.327571e-4,-1.127134e-4,-8.389351e-4,0.00074947360000000005,0.001831564,2.850686e-4,0.002944513,0.002940956,0.004363492,0.006865574,0.01152521,0.01593527,0.01645182,0.01854053,0.01684853,0.02001065,0.02076188,0.0252163,0.04388597,0.2087726,0.5341694,0.6173222,0.3400984,0.1024215,0.07457598,0.08534182,0.1096853,0.1272475,0.1477181,0.1696812,0.1923761,0.2104567,0.2326228,0.2514643,0.2695067,0.2849428,0.3001071,0.3184924,0.3222283,0.3310107,0.3416234,0.3449837,0.3525346,0.3462647,0.3501269,0.3568713,0.3510936,0.3453347,0.3568062,0.3546332,0.36902,0.3553408,0.3825709,0.3870993,0.4051327,0.3949888,0.4217543,0.448588,0.4771796,0.5041506,0.5744203,0.6077349,0.5684892,0.6850546,0.7453533,0.8639409,0.9925273
367.774,0.008712064,0.02841037,0.01690695,-0.004655847,-0.01116777,0.008438908,0.04184148,-0.02870966,0.01518772,-0.01556062,0.01133853,0.00641528,0.00559254,-0.003381973,0.01345694,-0.007065715,-0.001485429,-0.008544322,-0.002063044,-0.003188859,-6.515918e-4,-2.249765e-4,-0.008852396,0.002133498,-0.002129731,0.001183099,0.002986863,0.001608464,0.001873658,0.008231504,-0.006235151,0.006437743,0.006329703,-0.01667024,0.01283515,-0.01150535,-0.006422597,0.005318837,0.001544547,0.003178743,0.007766387,-0.006059644,0.006125025,4.799567e-4,-0.001201242,-0.002971313,-0.006652977,-5.794612e-5,0.01385902,0.01298779,0.005841613,-0.004745557,-0.00545538,0.009215138,0.009339429,0.007723933,-4.85417e-4,0.001528842,-0.007402287,-0.005243128,4.879736e-5,-0.001443909,0.01156637,0.003367591,0.001041419,-9.79254e-4,-8.534443e-4,0.003088396,0.001478535,0.004510996,-0.001990513,-0.001820235,0.005224783,-2.838561e-4,0.003770064,-0.001062017,0.003232886,-0.002685987,0.00616336,-6.386896e-5,8.69427e-4,0.001945951,0.00386888,5.071973e-4,-5.098324e-4,0.002490324,-6.334413e-4,0.003981763,0.002326688,-6.300383e-4,0.001060275,-0.002583008,3.436482e-4,-2.766589e-4,8.312808e-4,0.00463582,-0.001354278,0.001178849,0.001132458,0.001172312,-0.001488393,-0.001900149,0.001395946,9.225832e-4,6.610475e-4,1.272878e-4,0.002147338,-6.264629e-4,-4.068414e-4,-5.869074e-4,9.181827e-5,-8.239763e-4,0.001287115,8.762565e-4,-2.418472e-4,0.001290894,-2.844053e-4,-6.489441e-4,-3.096769e-4,0.001980768,3.29316e-5,8.748705e-4,0.001472446,0.002310713,0.002737769,5.650329e-5,0.002743848,3.589874e-4,0.001346724,4.199579e-4,0.002312332,0.002961466,0.006188094,0.01119661,0.01465116,0.0152777,0.0183683,0.01673937,0.0223583,0.02068533,0.0206621,0.03351976,0.1477369,0.4788584,0.6372793,0.4007503,0.1333351,0.0717122,0.08629893,0.1019506,0.1207388,0.1436351,0.1679505,0.1930725,0.2177166,0.2390308,0.2538574,0.2718645,0.2931151,0.3102795,0.3260176,0.3375513,0.352923,0.3627302,0.3664347,0.3679255,0.3643428,0.3689099,0.3709509,0.363875,0.3725085,0.3643058,0.3728718,0.3699781,0.3814069,0.3731723,0.401815,0.3998157,0.4085723,0.4318676,0.449124,0.4742244,0.5274956,0.5194033,0.5772611,0.6488976,0.6560839,0.6456444,0.7391952,0.8208791,0.8993576
370.06,-0.007490134,-0.008031878,-0.01484522,-0.008120207,-0.03727029,-0.02589349,0.001102679,0.00508345,-0.019319,-0.006203759,-3.437515e-4,-0.004913203,-0.01387794,-0.005083931,-0.006403624,-0.01013769,0.007522301,-9.380233e-4,0.002738932,-0.003211007,0.002226886,0.004068762,9.275756e-4,-0.003062008,-0.002976579,0.001381658,0.003368771,-0.00159089,7.071482e-4,-0.005078087,-0.01221576,-0.002505085,0.003919887,-0.01856052,-0.008935101,0.00629249,-0.02799671,-0.001839516,-0.002474906,-0.01217974,-0.001058035,-0.01738238,-0.007044649,-6.080023e-4,-0.01846842,-0.003793113,-0.003352754,-0.001429852,-0.01102105,-0.009852358,-0.003350477,-0.004636499,-0.01059706,0.00225501,-0.007162558,-0.00393968,0.006997845,-0.003521774,-0.001648032,-0.002654105,3.212145e-4,-0.005626031,-0.002764894,-0.002729724,9.372147e-4,-0.001362392,-0.00348322,-8.131039e-4,-0.004401571,-4.855213e-4,-0.003643122,-0.001933605,-0.001977889,-0.003049702,6.136543e-4,-0.001787795,-0.003435106,-6.616054e-4,-0.001518877,-0.006536542,-0.00158868,-0.002175189,-0.003340976,-0.001778448,3.658467e-4,-0.003483812,-7.086624e-4,-0.003914215,-0.002028344,8.510616e-4,-0.001174024,-9.779155e-4,-0.002443111,-0.003899629,-0.001709491,-0.002347539,-6.216946e-4,-0.003196352,-0.001041741,-0.001217058,-0.004367706,3.711303e-4,-0.001798174,-0.001227352,-0.001030663,-0.001347529,-8.692687e-4,-7.761918e-4,-8.091358e-4,7.861718e-4,-9.019994e-4,-0.001137697,-9.324839e-4,-0.001151529,-1.511387e-4,6.207858e-4,3.586229e-4,-5.146888e-4,-0.001380845,0.001624943,4.72763e-4,-4.361298e-4,-0.001780377,-5.671364e-4,-0.001758115,-8.576253e-4,5.555366e-4,3.731296e-5,-0.002361264,7.691281e-4,0.002472222,0.004446857,0.006287467,0.01345339,0.01337384,0.01491856,0.01733116,0.01750147,0.01749609,0.01999631,0.02412934,0.09946684,0.3858533,0.656967,0.477286,0.1696186,0.07136179,0.07723508,0.09775651,0.1187889,0.1393445,0.1656699,0.1924548,0.2140905,0.2438252,0.2611656,0.2768822,0.3013018,0.3241099,0.3359432,0.3571698,0.367432,0.379221,0.3861425,0.3851519,0.3939383,0.397534,0.3864166,0.387431,0.3836031,0.3851023,0.3862394,0.3903156,0.3842267,0.3918086,0.3970081,0.4145761,0.4297638,0.4465677,0.4589859,0.4633077,0.5154549,0.5200457,0.5451716,0.5995562,0.6545673,0.6925502,0.6690668,0.7709269,0.8199073,0.9755658
372.347,-0.006646892,-0.0153882,-0.02175674,-0.02570229,-0.02293836,-0.01246233,-0.04438466,-0.0184642,-0.01543664,-0.01045748,-0.02682179,-0.01273815,-0.00465458,-0.00552511,-0.01518445,-0.007137928,-0.02224368,-0.01315508,-0.002669171,-0.01292964,-0.006219885,0.004936952,-0.003643216,-0.005947665,-0.002840567,-0.006833902,-0.001835256,-0.004611159,-0.009726239,-0.01000789,-0.004931251,-0.006700942,-0.01524247,-0.0129714,-0.01691248,-0.0128788,-0.007814683,-0.006956744,-0.01472104,-0.01635992,-0.005893798,-0.01512802,-0.005330857,-0.01339851,-0.005108142,-0.006678098,-0.01272406,-0.0127113,-0.02114948,-0.00875728,-0.008740282,0.002252104,-0.01474396,-3.391436e-4,-0.01552699,-0.007777857,-0.001040474,-3.514858e-4,-0.007431476,-0.008998024,-0.008173833,-0.01165322,-0.008228173,-0.001357481,-0.01007003,-0.006660036,-0.006065662,0.001290047,-0.003288033,-0.006344178,-0.007762179,-0.002481265,-0.002628802,-0.004267298,-0.003886541,-0.004069717,-0.005555111,-0.006065602,-0.004971418,-0.005161556,-0.004859717,-0.004719042,-0.001007745,-0.003465438,-0.002729642,0.001574336,-3.692486e-4,8.652393e-4,-0.004230623,-0.004835534,-3.88907e-4,-0.003408014,-0.0029728380000000002,-0.004554204,-0.0025905,-0.002222561,-0.002138187,-0.002875867,-0.004056153,-0.003500701,-0.002237772,-0.003310865,-0.002241868,-0.001522034,-0.002729515,-0.001564498,-8.059174e-4,-0.002280463,-0.001050479,-6.618228e-4,-0.00112555,-7.824731e-4,-0.002289125,-0.001681846,-1.31243e-4,-9.444655e-4,-5.921725e-4,-9.445836e-4,-0.001585619,-0.002432513,-2.601723e-4,-0.002051673,-0.0016284890000000001,-0.001239874,-6.075795e-4,-0.001463464,-2.738146e-4,-0.001484986,-1.114181e-4,6.042703e-4,0.002531815,0.002401598,0.01010625,0.01157981,0.01489169,0.0163467,0.01459657,0.0188461,0.01986875,0.02158061,0.06598232,0.3019894,0.6478358,0.5791865,0.2213683,0.0771174,0.07403037,0.09523455,0.1100348,0.1394695,0.1616706,0.1836575,0.2119467,0.2433228,0.2711278,0.286885,0.31619390000000003,0.3328041,0.3544024,0.371235,0.3900585,0.3929889,0.4092139,0.4136703,0.4154883,0.4192404,0.4283738,0.4170758,0.4192773,0.4107628,0.4127959,0.4104898,0.4069987,0.409432,0.4121419,0.4183153,0.4441014,0.4772405,0.4740589,0.5039319,0.5149066,0.5351229,0.5603253,0.5916373,0.6432276,0.6541513,0.7055705,0.7655809,0.8345012,0.8307452,0.8536867
374.635,0.01539433,0.006467539,0.01260165,0.01216897,0.02365553,0.005437495,0.02978027,0.0292345,0.02503942,-0.003489799,0.02043421,0.013822,-0.003751069,0.01389243,0.01700503,0.003835983,0.009777016,0.008595656,0.005018112,0.003115812,0.005116501,0.002129029,0.002736308,0.001422039,0.001896156,0.00450299,0.002130857,0.009192703,0.004517811,0.004590605,0.003798343,0.0016011,0.01393501,0.01217113,0.01156516,-0.002854221,0.01861668,-0.001616426,-0.003025173,0.001786233,0.005822575,0.006964675,-0.001862119,0.01002601,0.00971755,0.01837264,0.01187029,0.007492696,0.008236653,0.01147836,0.006528756,5.972004e-4,0.01030478,0.001818085,0.008118439,0.006143432,-0.002477581,0.007553513,0.006713006,0.002302055,0.01354265,-0.003771639,0.00878074,0.01132799,0.003732951,0.006397361,0.005198896,0.002448047,0.004327928,0.006737378,0.00787003,0.002402778,6.147867e-4,0.003978237,0.00011253230000000001,0.01236093,0.004674201,0.005837168,0.003148544,0.004042808,0.002802786,0.002250734,-6.689028e-4,5.596678e-4,0.002458461,0.004748702,0.003512205,0.001384565,0.004935215,0.003059461,-0.001009418,0.002410855,9.982397e-4,0.002370802,0.004100114,8.377816e-4,7.151415e-4,-4.273337e-4,0.002065683,0.001310361,0.002334345,0.002068982,0.00124456,8.024467e-4,8.889943e-4,8.590501e-4,0.001298018,0.00242097,-5.364328e-5,0.001054952,2.754373e-5,2.133025e-5,6.415691e-4,8.906673e-4,0.00124633,4.455182e-6,-1.257761e-4,1.304104e-5,0.001547451,0.001089949,0.001877518,8.605547e-4,9.119985e-4,0.002213844,-7.019882e-6,9.307604e-4,0.002176339,0.004252566,0.001140369,0.002687451,0.007221826,0.00962859,0.01448121,0.01810657,0.01920177,0.01836531,0.02150998,0.02264429,0.02510101,0.04924263,0.2279627,0.5733827,0.659064,0.3168265,0.09631979,0.0750083,0.0900486,0.1129027,0.1354571,0.1632169,0.1881903,0.2208245,0.2466715,0.2740153,0.3043397,0.3300372,0.3513819,0.3746751,0.3865254,0.4097561,0.4263385,0.4322224,0.4447788,0.4497677,0.4531378,0.4565763,0.458358,0.4544449,0.4563124,0.4347862,0.4420322,0.4420965,0.4334463,0.4259026,0.4479577,0.4547889,0.4789965,0.4927554,0.5106967,0.553813,0.5793556,0.6060452,0.6340486,0.6719763,0.7614136,0.7642241,0.7748533,0.9418558,0.9143595,1.002062,1.046721
376.923,0.01571118,0.03815316,0.03488643,0.008863035,0.0439144,-0.01204199,-0.004675055,0.02369856,-0.002738302,0.01483534,0.02239141,0.006509043,0.01256753,0.0100941,0.006260595,0.01635132,0.004860602,0.004954579,0.01370871,-1.959194e-4,0.01645281,0.00385721,0.001993347,0.004129463,0.004536204,0.005068221,0.00663284,0.004619405,0.001362257,0.006136631,0.005424912,0.01645839,-6.093411e-5,-6.16516e-4,0.01221251,0.02476199,0.0144654,0.02411575,0.0191253,0.02052484,0.00570507,-0.001976413,0.002022858,9.232482e-4,0.009251166,8.799509e-4,8.861082e-4,0.001380717,0.005252186,0.01061907,0.009285176,0.003001092,-0.008774862,-1.779439e-4,0.01607448,0.01448553,0.002585835,0.005231515,0.01315784,0.002919639,0.002339687,0.001169184,0.007488585,0.001806392,0.005025511,2.311892e-4,0.008292047,0.002972331,0.003614448,0.009423515,0.003964523,0.005412035,0.004834768,0.004787541,0.007060623,0.004509706,0.005329708,0.003658048,0.010336679999999999,8.698195e-4,0.004368659,0.002219682,0.001831913,0.008678811,0.001116789,0.003301875,-1.71709e-4,0.005486945,7.88907e-4,-2.846784e-4,4.934126e-4,0.003029912,0.004069581,0.001528586,0.003024959,2.578654e-4,0.002570375,-1.333446e-4,9.723454e-4,0.002690706,0.001077856,0.001338085,9.719627e-4,0.0018564,0.001630596,0.003339782,0.002373002,2.77967e-4,0.001730232,9.679164e-4,5.330279e-4,1.837468e-4,8.317054e-4,0.001007107,0.001673933,0.001698632,-4.747534e-5,0.001702869,0.003213651,0.001263817,0.002256881,0.002143766,4.585119e-4,0.001165821,0.001947663,0.001473779,0.001641654,0.002432853,0.005129773,0.005341776,0.00891631,0.01592402,0.01498659,0.01392543,0.01647537,0.02030876,0.02320232,0.02289887,0.0403123,0.1758978,0.4965457,0.6557165,0.4080198,0.1226849,0.07145339,0.08369363,0.1043437,0.126575,0.1522556,0.1863393,0.2064416,0.2452792,0.2718106,0.2985495,0.3284109,0.3583577,0.3807376,0.3944821,0.4254736,0.4431784,0.451646,0.4626456,0.4709231,0.4798163,0.4754447,0.4870412,0.4836718,0.4787801,0.480477,0.46761200000000003,0.4642365,0.4591563,0.4604882,0.462147,0.4828309,0.4788994,0.5191606,0.5290549,0.55377,0.5819841,0.6090631,0.6495574,0.6831904,0.7108352,0.768968,0.8145393,0.8936366,0.9285847,0.8935825,0.9990285,1.100753
379.213,0.01116311,-0.02092773,-0.03221301,-0.02081995,-0.02284374,0.01795408,-0.02702159,-0.03565575,-0.01630129,-0.02907962,-0.01791141,-0.009746038,-0.009727262,-0.01267372,-0.01208451,-0.006338065,-0.003191903,-8.773666e-4,-0.009292406,-0.003166669,-0.002139903,-0.007981444,-0.005165909,-0.006259589,-0.009722829,-0.003273902,-0.00573577,-0.004398436,0.00416939,1.202013e-4,-7.941669e-4,-0.007923177,-0.005950745,-0.01565903,-0.008850954,-0.006916353,-0.01857426,-0.01041485,-0.01179657,-0.01078516,-0.01349978,-0.001508185,-0.007131636,-0.01997031,-9.336433e-4,-0.0113238,-0.01378018,-0.007459564,-0.001377183,-0.004122619,-0.004280414,-0.01107857,-0.009015648,-0.002193317,-4.302756e-4,-0.002088563,0.002727674,-0.002220719,-0.006592385,-6.974563e-4,-0.006212259,-0.007311529,-7.181713e-5,0.003254895,-0.007726676,-0.00276438,-0.008608561,-0.002531442,-3.4191e-4,-0.006209226,-0.005600421,-0.006191105,-0.006048286,-0.003112948,-1.467004e-4,-0.004710685,-0.00257132,-2.06985e-4,7.188596e-4,-0.001846609,-0.003790799,1.910867e-4,-0.005038757,-0.004646772,-0.002804999,-0.00315488,-0.004821907,-0.004553188,-0.002339581,-8.305466e-4,-0.001554053,-0.002501835,-0.002869084,-0.003813053,-0.001394826,-0.002058621,-4.312243e-4,-0.002176795,-1.066857e-5,1.410665e-4,-0.001870745,8.829685e-4,-0.001569532,-0.001740766,-0.001175875,-8.61053e-4,-5.099986e-4,-0.001242681,8.774829e-4,-0.001303777,-7.227405e-4,3.064273e-5,-1.408766e-5,9.294998e-4,-3.016569e-4,-9.707842e-4,-7.537705e-4,-3.122545e-4,-0.001008809,-1.817384e-4,-0.002444282,-2.736446e-4,-8.74713e-4,-0.002059621,1.581327e-5,3.798461e-4,0.001013602,-0.001152605,0.001805027,0.007329951,0.008559118,0.009756373,0.01250364,0.01610997,0.01458966,0.01586744,0.01878068,0.02752593,0.1211646,0.4211634,0.6315682,0.4547569,0.160475,0.06939368,0.07855709,0.09837221,0.1180154,0.1420317,0.1734221,0.2047295,0.2378334,0.2671519,0.3012009,0.3253971,0.3581065,0.3853745,0.4034655,0.424736,0.4467638,0.460715,0.4744627,0.4890787,0.4990609,0.5118027,0.5133433,0.5137552,0.503835,0.4954956,0.4876684,0.4888017,0.4809082,0.4747058,0.4730159,0.4839361,0.4866169,0.4973629,0.5249104,0.537564,0.5610539,0.6076292,0.6425835,0.6431456,0.6742741,0.7413718,0.7771348,0.8050324,0.8646925,0.9467655,0.9661965,0.9985396,0.9947695
381.503,-0.002461467,-0.00628485,-0.001486761,-0.01096449,-0.00595583,0.006189469,-0.01021357,-0.006136825,-0.005659719,-0.01558702,0.004497516,-7.418127e-5,-0.006234002,-0.009401076,0.003850152,-0.001404885,-0.005655654,0.0034943,-0.005063506,-0.005166597,-0.004308277,-0.004084738,-0.001220109,-0.002726896,-0.001132127,-3.539344e-4,-0.001757735,-0.002576405,-0.004180858,-0.004342602,-0.002961366,-0.002991045,-0.009477124,-0.01655013,-0.01483523,0.009469525,0.00260503,0.004826501,-0.01196067,-0.003480606,-0.00614295,-0.01020901,-0.007795731,-0.002902248,-0.001012098,-0.005336263,0.001224588,-0.009546006,-0.005959987,0.002680313,0.005602977,-0.006294148,-0.002562323,0.0045757,-0.005792171,-0.001982528,-0.009495961,-0.005385947,-0.004522318,-0.002589537,-0.004901362,-0.004959951,-0.00659211,-0.004346788,0.003667283,-0.001620915,-0.005419344,0.004319721,-0.002711392,-0.003655438,-0.003532806,-6.786514e-4,-0.002658034,6.215209e-4,0.00254728,-0.002706386,-0.00399033,-0.002715564,-0.003768088,-0.001146599,-0.003590162,4.783758e-4,-0.002427189,-0.001749958,-8.029123e-4,-0.001776514,0.001520621,7.777688e-5,-0.003135961,4.449275e-6,-0.002817334,-0.00323149,-0.001031633,-0.001039062,-2.387866e-4,-0.001916958,-0.002346829,-0.002572763,-0.002935572,1.866341e-4,-9.121137e-5,6.723032e-5,-7.65697e-4,7.547629e-4,-3.839299e-4,-4.961914e-4,-4.917845e-4,-1.207477e-4,4.604142e-4,4.31424e-4,-9.132029e-4,-5.171993e-4,-9.059414e-4,-0.001561589,-2.667721e-4,-3.936386e-4,4.238615e-5,-1.086119e-4,-5.924711e-4,0.001527107,0.001180572,-8.837778e-4,-0.001307989,-0.001476406,-3.071134e-4,2.463289e-4,1.967224e-5,0.001403434,0.005034724,0.005907172,0.009066068,0.0122354,0.01251875,0.01722764,0.01845373,0.01928,0.02501951,0.08289632,0.3534788,0.6267141,0.5199437,0.2116198,0.07374857,0.07816628,0.09589674,0.1164239,0.1374852,0.166201,0.1982943,0.2294133,0.2657076,0.2953762,0.328594,0.3629434,0.3885536,0.4116993,0.4335822,0.4616273,0.482612,0.4937887,0.5114121,0.5217955,0.5366526,0.5441418,0.5543721,0.5408678,0.537183,0.5253505,0.5191608,0.5147581,0.5115975,0.5018216,0.5045335,0.5018303,0.5310589,0.5427733,0.5682286,0.607033,0.5943064,0.6478128,0.6743922,0.7103079,0.7659352,0.8062332,0.8384967,0.8892326,0.920139,1.032883,0.98284,0.9999576,1.1236679999999999
383.794,-0.00179658,0.004702709,-0.01272199,-0.003665283,0.01526477,-0.009097952,0.007267935,-0.02534701,-0.006043766,0.01470043,-0.007735392,-9.954011e-4,-0.01109068,0.004944268,-0.01679331,-0.01074274,-0.008761017,-0.003010089,-0.008839351,0.002088441,-0.003789017,0.001659779,-0.002948129,-0.004413319,-0.004899883,-0.003327631,-1.212658e-4,-0.004595475,-0.007488441,-9.289002e-4,-0.004890892,-0.009321055,-0.005140249,-0.004992084,-0.01231268,0.001305252,-0.005665151,-0.002354712,0.001009461,-0.008971947,0.00509869,0.0040699279999999996,-0.004979712,-0.001164162,-0.002213604,5.904142e-4,-0.005353463,-0.007864011,-0.01133924,-0.00336984,-0.002249059,-0.005135061,4.62796e-5,-0.01173994,0.009035732,-0.002225704,-0.006026054,-0.004981615,0.004097104,-0.005588848,0.00332797,-0.002195513,-0.00126651,-2.500104e-4,-0.005495468,-0.006544295,-0.003113525,-0.006850559,0.002773943,-0.004751861,0.00130957,-0.004147983,-0.00276673,-0.004404975,-0.006364107,0.003089301,-0.00471086,-0.001587626,-0.004669993,1.9014e-4,-2.733481e-4,-0.002879695,-2.318144e-4,-0.001821339,-0.001290537,-0.002159438,-0.003257125,0.001308165,-0.002755586,-0.00162251,7.955801e-4,-7.697666e-4,-0.001154999,-2.668967e-4,-0.002591048,-0.001935837,-0.002962762,-0.001776331,-0.001546254,-0.001802348,-0.002602102,-7.49477e-5,2.323189e-4,-3.786755e-4,2.417653e-4,-5.683381e-4,-5.637426e-4,2.023362e-4,-8.662708e-4,-2.799697e-4,4.775186e-4,-9.800152e-5,-5.930678e-4,3.022283e-4,2.675122e-4,-1.277085e-4,3.893244e-4,2.990503e-4,-7.48973e-4,-0.001851593,5.598282e-4,-2.17259e-4,-5.943009e-4,-2.26706e-4,-1.806449e-5,5.479087e-4,9.998486e-4,0.004350851,0.005630084,0.009527394,0.01141256,0.01351898,0.01324182,0.01693982,0.01788821,0.02038464,0.05268027,0.2506407,0.6019268,0.574318,0.2639727,0.08396408,0.07466583,0.091515,0.1076866,0.1345637,0.1630962,0.191851,0.2211037,0.2595375,0.2909214,0.3256131,0.3557913,0.3909179,0.4154464,0.4459312,0.4721007,0.4890343,0.5177044,0.5302888,0.5445664,0.5620676,0.5691928,0.5739672,0.5767286,0.571566,0.5669816,0.5543503,0.5463712,0.5370777,0.5311245,0.5337619,0.534613,0.5363382,0.5432034,0.5739653,0.5897043,0.6201785,0.6651228,0.6780762,0.7269999,0.7809136,0.8110314,0.8496904,0.8912701,0.9448057,0.9611272,1.087683,1.081975,1.187635,1.237002
386.086,-0.01049295,-0.008377283,0.004889224,0.005612438,-0.002841927,-0.01457317,-0.02880204,-0.02102902,-0.008542824,-0.01200446,-0.01031697,0.005376017,-0.003868056,-0.01507056,-0.0026329359999999998,-0.009290308,-0.0050636,-0.008444888,0.003061305,-0.005870955,-0.003598172,0.002815994,-0.00368562,6.66933e-4,-0.002958118,-0.001162171,-0.004065559,-3.927948e-4,0.001014141,-0.005790319,0.001441305,-0.004587656,-0.01409193,0.007595552,-0.01495183,-0.003180157,0.008247852,-0.01103638,-0.002360676,-0.008979266,-0.004728954,-0.009288346,-0.01490579,0.005726757,-0.01281499,-0.002144977,0.004678125,9.522231e-4,0.008765024,-0.00510468,-0.002228345,4.576425e-4,7.093162e-4,-0.01046559,-0.00839452,0.005102814,0.001484173,-0.01040837,-0.001470881,-0.001113309,-2.656061e-4,-0.004866941,0.001830778,-3.479489e-4,-0.004921498,-9.711289e-4,-0.001963533,-0.003555256,-0.00271591,0.002375199,0.003797639,4.433724e-4,-0.002968714,-0.004325808,-0.001234226,-0.004136613,-5.746599e-4,-0.001768104,-0.001237826,-0.001997159,6.381483e-4,-0.002679303,-6.501877e-4,0.001665903,-0.001785343,-0.001409475,3.129605e-5,-5.267155e-4,1.087627e-4,-0.001134863,7.111211e-5,-7.103558e-4,-8.461277e-4,-0.004876867,-8.774729e-4,-0.001901205,-9.283536e-4,3.720736e-4,-0.001909894,2.389887e-4,-1.028635e-4,-2.234233e-4,-7.303213e-6,-7.311336e-4,1.415067e-5,-9.455082e-4,-1.196778e-4,2.665374e-4,-1.594039e-4,-4.785353e-4,7.202245e-5,-7.119108e-5,-4.489683e-4,-6.958283e-4,0.001126532,-1.875349e-4,0.001261915,5.522022e-4,-6.331028e-4,-0.00118996,-0.00221863,0.001886096,5.774531e-4,5.105401e-4,-2.231188e-4,0.001227798,0.002219739,0.004807996,0.00569587,0.008950544,0.009350904,0.0153676,0.0151973,0.01817278,0.01877976,0.03839371,0.1849298,0.5293446,0.6329259,0.3273923,0.1053492,0.07134963,0.08865377,0.1059425,0.1323745,0.1543491,0.1880399,0.2163491,0.2532842,0.2876094,0.3227499,0.3601863,0.3948264,0.4233831,0.4575642,0.4774136,0.5054757,0.5254769,0.5494399,0.5686561,0.5808195,0.5995732,0.6125916,0.6122419,0.6104637,0.608138,0.5959137,0.591648,0.5794219,0.5755738,0.5681312,0.5700501,0.5713053,0.5667328,0.5790156,0.5982628,0.6248363,0.6588612,0.6913029,0.7366145,0.7621343,0.8139248,0.8840386,0.9166806,0.9867264,1.029775,1.021837,1.176151,1.16289,1.180024,1.229788
388.379,-0.005684867,0.02720567,-0.004537705,-0.00432844,-0.01957276,-0.01404517,-0.003547181,8.328521e-4,-0.02090262,-0.004366209,-0.003482501,-0.006519843,4.153093e-4,-0.01131388,-0.009219144,-0.007166676,-0.01864696,-0.008950218,0.001287883,-2.400333e-4,7.731605e-4,-0.005505247,-0.002873834,-0.004082809,-0.003267067,-0.001561252,-7.29351e-4,-9.196264e-4,-1.705091e-4,3.391754e-5,3.544364e-4,-0.003564837,-0.01166907,0.003139556,-0.01196714,0.00531689,-0.004046095,-0.01121212,3.96255e-4,-0.006760617,-0.005872229,-0.01139234,-0.006590857,-0.006350985,-0.001246101,-0.01209781,-0.01367862,-0.005594304,-0.003501449,-0.00745537,-0.003867326,-0.01129934,-0.00515475,-0.002874294,0.002541613,-8.618759e-4,0.001150523,-0.006076792,2.496667e-4,-0.004287471,-0.004376514,-0.003074813,-0.001225573,-0.003564783,-0.00314853,0.001396935,-7.339396e-4,0.002130348,-0.005791583,0.001564003,-0.002484549,-0.005338061,-0.003471375,-0.001902678,-0.001869945,-0.002538975,-0.001230864,-0.003054619,0.003586479,-0.002463331,-0.001613917,0.00170436,-0.003387742,-0.003034559,-0.001999151,-2.984609e-5,-0.001360087,4.1654e-6,1.600208e-5,-0.001865539,-0.00128735,-9.377183e-4,4.724772e-4,2.260683e-4,-0.003091896,-0.001087648,-5.835419e-4,-5.880684e-5,-7.266293e-4,-0.002576999,-4.71091e-4,-9.420679e-4,-0.001247543,-0.002704509,-0.002243117,-0.001553003,-7.921777e-4,-5.477e-4,-2.738067e-5,-5.785932e-4,-5.379324e-4,5.937925e-5,5.131495e-5,-0.001109879,-1.257588e-4,-3.499508e-4,-4.82006e-4,-5.308024e-4,-7.301983e-4,-3.80685e-4,-0.00117332,-7.560184e-4,1.099804e-4,-7.030594e-4,8.257351e-4,-2.161371e-5,0.003035186,0.005031948,0.009453788,0.009987234,0.01079335,0.01384355,0.01463742,0.01765454,0.02523652,0.1196686,0.4406147,0.6668098,0.4094051,0.1228011,0.06941122,0.08176911,0.09950187,0.1221894,0.148239,0.1745239,0.2047444,0.2386194,0.2733424,0.3086154,0.345579,0.3797561,0.4209256,0.4489842,0.4761547,0.5056564,0.5240315,0.5506205,0.5687169,0.5931917,0.6026339,0.6179934,0.6195448,0.6269056,0.6144182,0.6294985,0.6149571,0.6041611,0.5975668,0.5924909,0.5847711,0.5781539,0.5759678,0.5910808,0.5802724,0.6177012,0.6462293,0.6693662,0.7071201,0.7529908,0.8003758,0.841509,0.8925594,0.9498543,1.032515,1.029641,1.113184,1.15737,1.102294,1.202585,1.266271
390.672,-0.01549261,-0.01484716,2.973821e-4,-0.02822292,0.001898901,-0.01317831,-0.01872054,-0.03596714,-0.01719082,-0.02787722,-0.01147507,-0.01063062,-0.00870123,-0.01583512,-9.555184e-4,-0.007749065,0.005068505,-0.002161804,-1.912355e-4,-0.003231995,-0.004454991,-0.00245952,-0.001211926,-0.001491353,-0.002877918,-5.185999e-4,-0.003855392,-0.00501515,-0.005440247,-0.008642503,-0.003040454,-0.009132392,-0.006863325,-0.02126583,-0.01457221,-0.002140585,-0.01023115,-0.006673722,-0.01665055,8.912063e-4,-0.006924968,-0.004465582,0.002217973,-0.006300704,-0.01583387,-0.001205071,-0.009255484,-0.004268727,0.001943256,-0.009388912,3.219913e-4,0.001315438,-0.009586387,-0.004094589,-0.002155816,-0.005032535,-0.00442213,-0.006445566,-0.003613421,-0.003310468,-0.007137462,-0.005787081,-3.06277e-4,-0.009066464,-0.003364556,-0.006201295,-0.00359947,-0.002907956,0.002839625,-6.216291e-4,-0.005366193,-0.00469885,1.54074e-5,-0.002551073,-0.002902829,-0.002958866,-0.002742974,-0.003654562,0.001681397,-0.00286875,-0.003081194,-0.002991967,-0.001034053,-0.002277249,-0.002861348,-0.004725259,-0.00372039,-0.002349908,-2.024653e-4,-0.001688556,7.949762e-4,-0.003381492,-0.003159881,-0.002504608,-0.00444735,-0.001074371,-0.002986432,-4.347689e-4,-0.001439185,-0.001731082,-8.853693e-4,0.001533655,-0.001814062,7.338496e-4,-0.0025813,5.122316e-4,-2.087294e-4,-0.00123994,2.476098e-4,-9.221136e-4,9.968692e-6,-0.001508514,1.162673e-4,1.455793e-5,-0.001583272,-0.001050417,-5.989942e-4,-1.618767e-4,-6.258085e-4,4.869529e-4,-0.001473835,-0.001480349,2.763361e-4,-3.06976e-4,2.882921e-4,2.842674e-5,0.002871736,0.005748502,0.009735052,0.009688498,0.01132172,0.01530253,0.01592543,0.0219642,0.08422313,0.3420158,0.6384596,0.5053849,0.1801619,0.07122308,0.07651225,0.09677353,0.1157992,0.1406541,0.1697442,0.1962797,0.2292602,0.2641872,0.2991144,0.3355702,0.3727637,0.4069022,0.4429573,0.4759586,0.507975,0.5325007,0.5602924,0.5788714,0.5950583,0.612275,0.6340261,0.6414331,0.6466961,0.6588152,0.6650224,0.6451736,0.6342414,0.6301678,0.6149385,0.6134939,0.5996331,0.6008551,0.5967854,0.6065392,0.6150322,0.6429742,0.6585513,0.7030561,0.7405462,0.7618651,0.8287023,0.8669521,0.913737,0.9653544,1.024535,1.106982,1.096341,1.169224,1.223897,1.231148,1.363919
392.967,-0.01045158,-0.00991226,-9.845932e-4,0.004047855,1.404569e-4,-0.002108864,0.004727396,-0.006419374,-0.01203404,-0.01620543,-0.01441475,-0.006868558,-0.003560644,-0.01613666,-0.02170338,-0.01587286,-0.00199661,-0.00758448,-0.008381569,-0.006805867,0.001424309,-0.003307554,-0.006500214,-0.002107303,-0.00203543,8.916582e-6,-0.001418848,-0.003542861,-0.004158674,0.002278376,-0.007211715,-0.00643572,-0.02434339,-0.01029386,-0.01404173,-0.0148561,0.01162469,-0.01163195,-0.005280375,-0.005724182,-0.01208493,-0.007546743,-0.009834165,-0.01001667,-0.003283484,-0.002481813,-0.002300857,-0.01090943,-0.00910053,-0.001901758,-0.007093697,-0.004690046,-0.002761227,-0.004192664,-0.009278874,-0.005380871,0.004902503,-0.001205781,-0.004794283,-0.0020934,-0.003757558,0.002466961,-0.002688088,-0.001937409,-0.002598359,-0.002567357,9.43622e-4,-0.002414678,-0.006204377,-6.268208e-4,-0.007060681,2.572005e-5,-0.004880667,0.001791784,-0.006640367,-0.0059671,-1.727965e-4,-0.002323723,-0.004511723,-0.002518047,-0.002764937,-0.002962763,-0.004602212,4.166581e-4,0.001071152,-0.006263203,9.376495e-4,-0.00268051,-0.002462857,0.001026446,-0.001380089,-0.002032819,8.656329e-4,-0.003810229,-0.001179639,-0.001820275,2.808427e-4,-3.607379e-4,-0.002599064,0.001002377,-0.001634282,-0.001832819,-0.001461873,0.001041104,-3.103197e-4,0.001450961,-8.223179e-4,-3.726515e-4,-8.170672e-4,-4.257796e-4,-3.564016e-4,6.058179e-4,-7.358144e-5,7.97401e-4,-3.023173e-4,-0.001202823,-0.001140808,-3.50542e-4,-5.840996e-5,-4.27998e-4,6.320047e-4,0.002220968,0.001672917,3.33978e-4,7.905018e-4,0.002340005,0.005240337,0.007565608,0.007100509,0.008059045,0.01210978,0.01412944,0.02041488,0.05705662,0.2750536,0.5973215,0.5737782,0.2467552,0.07885957,0.07324642,0.09114335,0.1080512,0.1331798,0.1595588,0.1909949,0.2232031,0.2548633,0.2929279,0.3277786,0.3637015,0.4024565,0.4381996,0.4709365,0.5003854,0.5388281,0.5505494,0.5829927,0.6068867,0.6211094,0.6449349,0.6552618,0.6677652,0.6822401,0.6800324,0.6792751,0.6640105,0.665461,0.6594173,0.6304162,0.6343196,0.6264792,0.6238746,0.6185851,0.6214609,0.6522563,0.6829476,0.6957329,0.7290163,0.7724611,0.8254389,0.8785708,0.9098617,0.9621007,1.027852,1.084702,1.107258,1.19347,1.200693,1.317058,1.29174,1.271248
395.262,-0.01212157,0.01112255,-0.02654131,-9.160417e-4,-0.002886194,-0.01598696,0.004400029,-0.005474614,-0.01739355,0.007287008,-0.003325928,-0.003943185,-0.004905576,-5.259208e-4,-0.00368173,-0.007464908,0.001126499,0.003750185,-0.003844245,-6.122673e-4,0.00166075,-0.003008934,-0.004554992,9.056842e-4,-0.002996982,6.659299e-4,0.00115305,-5.469396e-4,3.456107e-4,0.003717928,-0.004212091,-0.00720288,-0.007427336,-0.009332235,0.008337344,-0.002256213,-0.005261261,-0.007698908,-0.003928401,-0.009894998,-0.01772219,-0.001261966,-0.01112746,-0.005716349,-4.510834e-4,-0.00245319,-0.004327021,0.004099412,-0.001602424,-0.01022037,-0.002693448,-0.009795262,0.002473558,-0.002895707,-0.003982929,4.894787e-4,2.053413e-4,-0.001369806,-4.696766e-5,-5.126976e-5,-0.006884891,-0.003224016,-0.006457473,-0.003581768,-9.568399e-4,-0.004698938,-0.002053491,-0.003973429,-0.004990354,-0.001364747,-5.297602e-5,-0.006729962,0.001195513,-0.004315027,-0.001108348,-0.00531938,0.001319058,-0.001839852,-9.606031e-4,0.001314181,-0.00362026,-0.001294211,-0.001754284,6.70469e-4,-2.884288e-4,0.002176315,0.001120587,-3.689298e-4,-0.001092616,-6.043533e-4,-0.002181977,-6.158296e-4,7.855538e-4,0.00211441,-0.001589768,-1.021108e-4,-8.549179e-4,-5.512304e-4,-0.00151084,-0.002184887,6.553635e-4,0.001178318,0.001410563,-7.137338e-4,-6.252636e-4,-3.606266e-4,-2.662767e-4,-8.873857e-4,2.109924e-4,-0.001151088,3.181853e-5,2.513802e-5,-4.250038e-4,-6.230742e-4,-2.200678e-4,0.001171125,0.001008548,7.222777e-5,-2.335692e-4,-3.419385e-4,5.707094e-4,7.302581e-4,3.961458e-4,0.002682607,0.003534237,0.004996433,0.007809223,0.007556857,0.008970797,0.01147478,0.01307264,0.01626335,0.04033816,0.2127703,0.5370183,0.6231815,0.3149573,0.0935369,0.07035768,0.08791752,0.1057892,0.1258085,0.1526142,0.1822183,0.2124745,0.2420405,0.280716,0.3187457,0.3483097,0.3866794,0.4299256,0.4653045,0.5004429,0.5314577,0.5529125,0.5807379,0.6022251,0.6297108,0.6512473,0.6661232,0.6730137,0.6855719,0.6947713,0.6987661,0.6960764,0.6952268,0.6801696,0.6648001,0.651878,0.6407667,0.6324559,0.6279933,0.6393231,0.6366754,0.6623104,0.6908989,0.7175789,0.7586578,0.799138,0.8423216,0.8918022,0.9632125,1.002778,1.036987,1.1123,1.151614,1.225093,1.249972,1.296022,1.364409,1.464218
397.558,-0.01461006,0.003786301,0.003460868,0.001383728,-0.0134246,-8.809152e-4,-0.00251719,0.003366401,0.004588214,0.009864818,-0.002525768,-0.003147602,6.125757e-4,-0.004650963,-0.003030553,7.970436e-4,-0.00329736,0.004098849,0.002710451,0.002056879,0.001639452,-5.468885e-4,0.003137014,0.001890442,-1.515584e-4,-0.002100171,0.001815844,0.003901025,-0.005087962,-0.003814591,-0.0056513,7.604438e-4,-0.003179522,0.006769908,-0.002268091,0.00883536,0.008689524,-0.002967618,-0.006190376,0.013319,-0.003337797,0.005924373,-0.006328413,0.001826076,0.003097863,9.059185e-6,0.005033919,-3.321089e-4,-0.002093203,-2.446902e-5,-0.003215601,-0.004783251,0.002533646,0.004557341,0.001508485,8.315088e-4,-0.003274669,3.100755e-4,0.002365315,-0.005894992,-0.001609961,-0.003072554,0.00390219,-8.952659e-4,0.0082151600000000009,0.003311746,-0.001307534,1.822678e-4,4.328269e-4,1.873164e-4,0.002058402,0.001259242,-0.002513064,0.001915675,-0.002912792,-0.00102415,7.96908e-4,-0.003159661,-4.967785e-4,0.001058407,9.804492e-4,-0.003412694,-0.001772131,-2.824876e-4,-0.002378542,-0.001092407,-1.449444e-4,0.001678293,-9.614625e-4,-0.00127215,4.259629e-4,-0.00139333,-0.001568604,3.893713e-4,-0.001699776,8.360848e-4,-0.002025029,-0.001787928,-7.925223e-4,-3.142146e-4,1.435811e-4,-4.765706e-4,2.459573e-4,-6.08535e-4,-6.652043e-5,-0.001051928,0.001182007,3.953227e-4,-8.996944e-4,-6.039678e-4,-0.001012793,3.840782e-4,2.210646e-4,-3.914146e-4,4.217474e-4,-7.157749e-4,-4.980795e-4,6.766384e-4,1.466025e-4,-3.482627e-4,-3.605417e-4,4.49016e-4,0.001796729,0.003677401,0.005203697,0.006165145,0.00949301,0.008246825,0.01142415,0.012997,0.01660297,0.02810405,0.1438096,0.4589803,0.63053,0.4083977,0.1211147,0.06826274,0.08502847,0.09896725,0.1199548,0.1436142,0.1696679,0.2037734,0.2319319,0.2685025,0.3068853,0.3418216,0.3764343,0.4205833,0.4466849,0.487762,0.5204895,0.5534001,0.5768832,0.6045702,0.6310648,0.6400701,0.6705174,0.6833232,0.7065949,0.7052177,0.7102168,0.7133607,0.7159882,0.7129504,0.7000465,0.6909396,0.6714518,0.6642377,0.6610738,0.6467776,0.658104,0.6692578,0.694314,0.6917225,0.7329339,0.7724911,0.8417909,0.8863865,0.9494227,0.9769917,1.02676,1.096857,1.173884,1.24298,1.240691,1.295487,1.341001,1.371479,1.528973
399.854,0.02148622,-9.167357e-4,0.02210264,-0.005336133,0.01351055,-0.01679694,0.02286305,0.01126835,0.006416186,0.01534184,-0.002500843,0.004191185,0.01220798,0.009413675,0.005911854,0.004247499,0.002853044,0.008953479,0.01037762,0.002459013,0.005508768,-0.001328659,-0.002690629,0.002386027,-9.396893e-4,0.004530472,0.002648155,0.002223811,0.008348099,0.001964506,0.002862586,0.007799585,8.638715e-4,0.001618176,0.007678038,0.006487655,0.005160414,-0.001680824,0.00519056,-0.002863734,0.01224491,0.01043771,0.001097328,0.004113089,0.005242019,-0.003651404,0.008354778,0.007113707,0.005833605,0.001666011,0.007724895,-0.003444945,0.002975376,0.00497777,0.007041275,-5.171883e-4,0.008559099,0.001231692,0.006243811,0.003939549,0.003156012,0.003665081,0.00491932,0.009472238,1.80162e-4,0.001640673,0.007071167,0.004444897,0.001526812,3.7788e-4,0.005046141,0.003342485,-0.001401847,-2.681013e-5,0.0025835,0.004494812,0.005944258,0.002551498,0.005058327,0.001408095,0.001688439,0.00367464,0.002647303,-0.002685268,0.001519651,6.081809e-4,0.00247485,7.796401e-4,-6.785343e-5,0.002846221,0.002424272,0.0014958,0.001145512,0.001897593,0.002544919,9.235519e-4,0.001735055,4.199494e-4,0.001303807,5.804792e-5,5.769335e-4,2.527087e-4,4.807263e-4,0.002292577,-7.052767e-4,5.822422e-4,6.362334e-4,0.001477388,3.777689e-4,7.304698e-4,0.001362194,2.469107e-4,0.001232932,7.796992e-4,3.374236e-4,6.506056e-4,-5.080916e-4,0.001180379,-4.36281e-4,0.001919878,0.002283788,0.00180434,0.00214414,0.003615938,0.005588133,0.007065228,0.008174899,0.008747628,0.01187001,0.01520885,0.0216075,0.08951404,0.3747639,0.6145707,0.4486349,0.1655027,0.06971647,0.07948734,0.09391766,0.113299,0.1351248,0.1577447,0.1915942,0.2203733,0.2535432,0.2908611,0.3265263,0.3594581,0.396383,0.4325645,0.4716259,0.502689,0.5375196,0.5660529,0.5919129,0.6170497,0.6440225,0.6592761,0.6726687,0.6891643,0.7045076,0.7140821,0.7216272,0.7169826,0.7152119,0.7133741,0.7017244,0.6862232,0.6777268,0.675577,0.6630474,0.6639096,0.6608089,0.6643306,0.6866783,0.7194957,0.7563705,0.7955277,0.84905,0.8789012,0.9426455,1.005235,1.043083,1.111156,1.222415,1.217456,1.308446,1.347272,1.397187,1.467302,1.551867
402.152,-0.002337237,-0.008676647,0.005154466,-4.246559e-4,0.004298008,-0.002556092,-0.004604628,0.009633394,0.007468869,-0.001206874,0.01183541,-0.005144292,0.002910175,-0.005268192,9.08072e-4,-0.004218495,0.004938987,0.01047277,0.006939456,4.198004e-5,0.002642038,0.001663543,0.003617017,-0.001316032,0.001114164,0.003137842,0.002829545,9.589458e-4,0.002755098,-0.005254224,0.005360925,0.004762812,0.00932644,0.008159054,0.003339696,0.01254322,0.001904405,-3.225767e-4,0.003975601,-0.001116288,0.002887963,0.008289207,0.008556242,-0.009004945,0.003406953,-0.004309559,8.672545e-5,7.786931e-4,-0.001972269,0.001620989,-1.6711e-4,0.001539042,-0.006173777,-0.002550815,-0.001301561,0.007321618,0.001029742,0.0030963,0.0029254010000000002,-0.007863676,-4.449326e-4,-0.004455741,-0.001289179,0.002273435,0.004558852,-0.003330245,-0.001178359,0.003812235,0.005953907,0.00130973,-1.214117e-4,-0.001018741,-0.002325117,0.00289421,2.961231e-4,5.125631e-4,7.355177e-6,0.001534009,0.001776208,-9.427332e-4,0.001851534,0.001828706,-0.003883267,-0.002005498,-2.221083e-4,-0.00151933,-9.242506e-4,0.00299142,0.002362284,-0.002021066,-0.001346011,1.171112e-4,0.001008344,0.002081153,-6.038485e-4,1.964827e-4,-2.227249e-4,-3.156901e-4,2.789442e-4,-5.76279e-4,-0.001183816,-1.769417e-4,-3.338682e-4,-0.001152843,0.001151658,-1.41451e-4,-1.442517e-4,3.464222e-4,-5.942772e-5,-4.202382e-4,4.232043e-4,4.315906e-4,3.615231e-4,2.19808e-4,4.115779e-4,-4.03621e-4,-1.005737e-5,3.684222e-4,0.001003658,9.9226e-4,0.002303131,0.001120955,0.005343397,0.004252844,0.005955613,0.007482172,0.008634183,0.009866648,0.01248354,0.01715836,0.0563951,0.2601535,0.5600291,0.4954206,0.2136484,0.07508184,0.07069757,0.0891702,0.1079019,0.1313041,0.1554568,0.1834923,0.2133664,0.2486836,0.2844226,0.3191774,0.3533097,0.386209,0.428187,0.4623317,0.4946018,0.5315267,0.5671558,0.590725,0.6190406,0.6485842,0.6668056,0.6832731,0.6991836,0.7196916,0.7282865,0.7400873,0.7403585,0.7527457,0.7464373,0.7406516,0.7289529,0.7092655,0.6936188,0.6944841,0.6884297,0.6766401,0.6844315,0.7000357,0.7036087,0.7457866,0.7917677,0.8138365,0.8894647,0.926474,1.003037,1.042694,1.120961,1.172839,1.24,1.280915,1.328399,1.33419,1.400583,1.550617,1.60937
404.45,0.01305505,0.01851883,0.004961105,-0.006849225,0.005200809,0.008796008,0.009376311,0.009526724,-0.003590907,-0.00249599,-0.006214096,-0.001962191,4.058747e-4,-0.004398721,0.004652695,-0.001877024,-0.004939231,0.0014102540000000001,2.480308e-4,5.489426e-5,-0.004991532,0.003140996,7.764222e-4,-0.00231039,-0.001040861,-0.001645718,-0.002165847,0.002108158,-0.002119952,-0.002174418,3.323713e-4,8.877045e-4,0.00430958,-0.002115951,0.003959669,-0.004482921,-0.006408509,-0.003993011,0.005108864,0.0015663,-0.003573902,-2.781024e-4,-0.008058398,-0.001010358,4.244014e-4,-0.002529064,-6.129411e-4,-0.01337368,-0.002666589,0.01127413,-2.825424e-4,0.005080492,0.006569022,-0.005816409,-0.004094654,0.003473502,0.005948831,0.001314132,0.001493146,5.136343e-4,-1.865253e-4,0.003781879,2.25867e-5,0.002197523,-0.002540504,-0.002906158,-5.716631e-4,0.001410967,0.004400782,-0.001074802,-3.480339e-4,-0.001028786,-0.002334605,0.004806768,-1.562537e-4,-4.570465e-4,3.383545e-4,9.183846e-4,9.153877e-4,0.005275354,0.001268261,-8.992775e-4,2.937675e-5,-1.325667e-4,-0.001379046,0.002650627,-0.001505738,-8.241827e-5,5.641214e-4,-5.187907e-4,8.413945e-4,9.257713e-4,-0.001041855,6.842929e-4,-5.472551e-4,0.001309362,-0.001375251,-0.001161517,5.031777e-4,0.002448179,7.937203e-4,-5.278641e-4,-4.040803e-4,3.012109e-4,0.002405154,-0.001130898,5.312028e-4,-4.147213e-4,4.752373e-4,1.16488e-4,0,2.857658e-4,7.956146e-4,2.407381e-5,-7.533026e-4,2.481131e-4,7.746994e-4,-5.864419e-4,9.806261e-4,6.26733e-4,0.00144705,0.003428632,0.003805343,0.006375881,0.00726743,0.007617721,0.01015834,0.01200722,0.01236969,0.02932626,0.1822139,0.4731711,0.5381982,0.268796,0.0875032,0.06895135,0.08554985,0.1026716,0.1231995,0.1460491,0.1765325,0.204714,0.2367612,0.2697212,0.308909,0.3444625,0.3789285,0.4155087,0.4532195,0.4882045,0.5281494,0.5611822,0.5891584,0.6241036,0.6551539,0.6816664,0.6960744,0.7193256,0.7251001,0.7462113,0.7621206,0.7661649,0.7705604,0.774897,0.7703392,0.7626294,0.7518236,0.737658,0.7172198,0.7192511,0.716462,0.7088323,0.7205433,0.7252291,0.7454774,0.7739749,0.8184677,0.8738257,0.9241687,0.966636,1.02832,1.095303,1.134781,1.227571,1.303768,1.303007,1.401382,1.447518,1.513902,1.516856,1.678707
406.749,-0.01022337,-0.01307607,0.01379549,0.00440477,0.005565348,-0.001178748,-0.001103544,0.01409515,-0.001379785,0.02133879,-1.870712e-4,0.003219123,0.006640716,0.00108535,0.005256182,0.01103375,0.00369581,-7.266035e-4,3.084687e-4,0.008614422,-4.662556e-5,0.001976718,0.005959388,0.003189713,5.745912e-4,0.003810837,0.00287814,0.002190897,0.002992678,0.001036359,0.005793599,0.009910994,0.002194915,0.01753109,0.01341988,-0.003495915,-6.62637e-4,0.005821834,0.005772987,0.008918838,0.004325258,0.01625175,-8.292268e-4,0.008827368,-0.003386015,0.006052542,0.01246239,0.01217404,0.003245521,0.005010182,0.009861839,2.632439e-4,0.005894599,0.004634061,0.003298088,0.004725077,0.002999648,-3.185753e-4,0.005907699,0.002053653,0.003747713,-0.001153313,0.003285586,3.854341e-4,0.004434249,0.004365223,0.002811689,0.001917783,0.002429867,0.002187743,0.004366217,-2.877371e-5,4.811976e-4,6.361509e-4,0.002852175,4.028486e-4,5.757734e-4,2.745783e-4,0.003012493,0.004477514,6.60626e-4,9.20396e-4,0.001028997,0.002884262,0.004617371,0.002589566,8.955124e-4,6.670939e-4,0.00150529,0.002867683,0.002732554,8.717038e-5,0.001313906,9.94247e-4,5.184014e-4,-1.345802e-5,-7.754688e-4,-2.280114e-4,9.706238e-4,2.876954e-4,5.26912e-4,0.001805511,6.012368e-5,0.001786504,0.001907925,0.001438763,1.789401e-4,0.001265488,1.149856e-4,1.027935e-4,7.210979e-4,3.663389e-4,3.812253e-4,-3.5854e-5,6.713735e-4,-5.171313e-4,8.271747e-4,0.001527308,7.562764e-4,0.001188147,0.003100909,0.004107496,0.00529589,0.006595536,0.008133115,0.008947909,0.01109884,0.01423281,0.02364503,0.1165776,0.3834451,0.536914,0.319178,0.1112428,0.06815843,0.08335833,0.09963918,0.117847,0.1434156,0.1686558,0.1996289,0.2261989,0.2644685,0.3032445,0.339304,0.3776568,0.4080121,0.4499478,0.4831401,0.5235114,0.5589475,0.5928213,0.6201551,0.6494156,0.6732405,0.7014848,0.7238594,0.7409157,0.7588612,0.7782522,0.7812627,0.7894638,0.8045434,0.7987105,0.7922828,0.775422,0.7667021,0.7613267,0.7514439,0.7352857,0.7251893,0.7213356,0.7357702,0.7447088,0.7715229,0.8145924,0.8524225,0.8995544,0.9592725,1.008669,1.07187,1.131039,1.219305,1.269999,1.328427,1.37602,1.389477,1.497528,1.536533,1.577975,1.720895
409.049,0.0167494,0.01739465,0.005674761,0.02100799,0.002540664,0.01105394,0.01497205,0.0158756,0.005812157,0.006239339,-0.002750296,0.004807834,-0.006489993,0.008829023,-0.005656483,-0.002585869,-0.003649805,0.00291117,0.007382338,8.51336e-5,-0.003540366,4.250145e-4,0.001986908,-0.001754123,0.002113453,-0.001491828,4.645948e-4,0.002686675,2.027535e-4,0.001808591,0.002297936,-0.002963575,4.987287e-4,0.005902063,-0.004237258,-0.004290636,-0.002453649,0.01039815,0.002379055,0.005869832,0.007615784,-0.001403742,4.747627e-4,3.848325e-4,8.953355e-5,0.001229107,-6.380872e-4,-0.002034765,0.001461182,-0.002823113,-0.002621249,-0.004040078,0.004404831,0.008260581,-0.001576518,0.001895268,-0.00217029,-4.844093e-4,0.002378159,5.461733e-5,-6.30845e-4,0.004217193,0.003023966,-6.282194e-4,0.002785197,-0.003867546,-4.295691e-5,2.549411e-4,0.005058791,3.798069e-4,-0.003976092,-9.87743e-4,0.001566748,0.001641147,-7.546315e-4,0.003296787,0.002154666,9.252577e-6,7.66434e-4,3.164702e-4,8.027602e-4,0.003581667,-2.3995e-4,1.318928e-4,2.527587e-5,0.001193003,0.001065841,0.001910895,0.003394082,-0.001353479,0.002170813,-9.472499e-4,0.001075228,0.002228343,-3.528684e-4,-4.004509e-4,7.498437e-4,0.001132546,-0.001389446,-4.782624e-4,-5.744911e-5,-0.001726413,8.919473e-4,-7.170043e-4,0.001184293,-3.437295e-4,-2.561937e-4,-3.717128e-4,-1.04075e-4,6.884474e-4,8.887797e-4,4.86471e-4,1.731963e-4,7.415898e-4,9.215969e-5,0.001494014,6.035376e-5,0.002211416,0.001852887,0.002781567,0.003662332,0.005347415,0.004651022,0.006018842,0.00769542,0.01029058,0.011530200000000001,0.01706432,0.07648145,0.3035096,0.4938138,0.3683968,0.1329728,0.06551567,0.07670021,0.0930353,0.1120963,0.1339437,0.1653882,0.1902081,0.2227948,0.2535929,0.2882006,0.3305018,0.3644076,0.3986834,0.4390039,0.474773,0.5149421,0.5471348,0.5767055,0.6176427,0.6539952,0.6788901,0.7007739,0.7180816,0.7414036,0.76107,0.7728078,0.7854413,0.8031427,0.8158137,0.8175702,0.8155539,0.8106464,0.8029036,0.7922318,0.769406,0.752782,0.7536506,0.7556093,0.7527985,0.7540917,0.7697077,0.8024825,0.821917,0.8855144,0.9347363,0.9909925,1.060025,1.110872,1.168321,1.221826,1.280839,1.386856,1.40524,1.463688,1.516853,1.556171,1.699879,1.810104
411.349,2.996274e-4,-0.004087612,-0.003612728,-0.003669287,0.006725795,-0.01730722,0.002790431,-0.002917682,-0.003889819,0.005583822,-0.00266474,-1.934218e-4,-0.01075529,-0.004973235,-0.005563776,0.001599247,-0.002187096,0.002284844,-0.001899994,-0.001578614,0.003439169,-3.38463e-4,-0.004319087,-0.001356194,0.001912438,9.076666e-4,-0.002052561,-0.002745254,-0.001854705,-7.721282e-4,-0.003005058,0.00309342,-0.001263012,-0.002531644,0.002828396,0.002146054,-0.004483732,1.53522e-4,-0.01501823,0.004250222,-0.002587233,-0.00608231,0.002394864,-4.559975e-5,0.005066734,3.610427e-4,-2.681291e-4,0.004573976,0.01202373,-0.003931064,-0.002348964,9.573424e-4,-0.007681908,-0.001337647,0.001934391,0.001357533,-1.865799e-4,-0.005682661,2.934342e-4,-0.005549914,-0.004291201,0.001988942,-0.001410106,9.405308e-4,-7.80468e-4,0.001088821,-0.002888415,-0.003030061,-6.562449e-4,2.45884e-4,7.696004e-5,-0.001449114,-0.001569053,-0.001551886,0.001000755,0.0014143,-8.429085e-4,-0.003010274,-0.002063443,5.937467e-4,0.002977499,-0.002056892,-0.00134559,-9.716465e-5,0.001581961,-0.001484382,3.835657e-4,-0.001854407,-4.815773e-4,-0.001540543,-0.001262934,6.221115e-4,8.948041e-4,7.524302e-4,0.002112667,-7.56976e-4,9.043766e-4,-5.118082e-5,-4.685301e-5,7.374738e-4,-1.864861e-4,-9.375935e-4,-6.04507e-4,6.909788e-4,-4.060413e-4,-2.475049e-4,1.107858e-4,4.799535e-4,-0.001059334,1.637482e-4,-3.801884e-5,7.18344e-4,1.624321e-4,-3.075302e-4,5.522532e-4,-2.740033e-4,5.334517e-4,-3.62865e-5,0.001728998,0.002892637,0.003763972,0.004425748,0.004314562,0.007386394,0.00765765,0.009700839,0.01380016,0.04542914,0.2125675,0.4561409,0.3980062,0.1654886,0.06597336,0.0700414,0.0865413,0.1061182,0.1290697,0.1561673,0.1816407,0.2149471,0.2424263,0.2800423,0.3130325,0.3564766,0.3887223,0.4311154,0.4664725,0.5052791,0.5393057,0.5766479,0.6126519,0.6341781,0.6727408,0.6917843,0.7231831,0.7424758,0.7647885,0.783658,0.7958395,0.8128727,0.8186542,0.8261752,0.8201417,0.8217318,0.8131702,0.8129383,0.7974874,0.7832218,0.7720855,0.7694763,0.7622136,0.7585994,0.7764867,0.7843374,0.8082076,0.8523233,0.8996052,0.9530705,1.014935,1.070894,1.136229,1.188111,1.284097,1.334438,1.400131,1.456835,1.512155,1.558271,1.62422,1.690963,1.777943
413.651,0.009949404,0.004126579,0.02965284,0.008714594,0.01525064,0.01979773,0.02083503,0.02288016,0.01165945,0.002454506,0.01026401,0.01279796,0.008504065,0.008905401,0.006709497,0.002544019,0.00301471,0.01150284,0.004909271,0.01244101,0.0101398,0.005615854,0.005811658,0.004991611,0.004657785,0.003111599,8.632043e-4,0.001843706,0.004637797,0.003632822,0.00596597,0.007457415,0.007369472,0.00563448,9.927963e-4,0.00763345,0.0189413,0.01350612,0.006706673,0.01016126,0.006155619,0.01438427,0.0131511,-0.001461022,0.002506479,0.004556936,0.005478897,0.006082327,0.005514323,0.008348457,0.005313391,5.271248e-4,0.007342044,0.008673705,0.003964484,0.005922041,0.00414089,0.002123115,0.006698854,-4.202635e-4,0.004528973,0.006013073,0.006153493,0.003584567,8.268371e-4,0.001825221,-0.00276685,0.003787938,0.001250799,0.002630038,0.00304524,-5.204811e-4,0.003883155,-1.57118e-4,0.00340787,0.0039276,-0.001478243,0.002424746,0.003909079,0.004899044,9.36367e-4,0.0054004,0.001114352,0.003894525,-9.119289e-4,7.079589e-4,0.005048835,0.001857551,0.003624907,0.002473086,-5.970452e-4,0.001833606,0.002327276,0.001878448,-0.002482478,0.001310224,-7.241068e-5,7.51718e-4,0.002204504,0.003752181,-3.420356e-4,9.521102e-4,0.001435957,7.481583e-6,0.002292192,0.001749014,0.001293241,8.169054e-4,8.54399e-4,0.001189982,4.88767e-4,6.160788e-4,0.00118442,6.804222e-4,-6.90009e-5,0.001959302,0.001758571,0.001325131,0.003613207,0.004441431,0.005380675,0.008517757,0.009731743,0.007973945,0.01064041,0.0125697,0.0293293,0.149416,0.4002229,0.436889,0.2048345,0.07378688,0.07053382,0.08545754,0.104495,0.1239131,0.1491621,0.1785525,0.2036963,0.2370675,0.2704195,0.3076667,0.342016,0.3802525,0.4199044,0.459355,0.4943188,0.5244018,0.5676789,0.5971871,0.635419,0.6595047,0.6943768,0.7250183,0.7485509,0.7643144,0.78545450000000006,0.8034123,0.8220058,0.8216706,0.836212,0.8408176,0.8509174,0.8453707,0.8328593,0.8286062,0.8230816,0.8043861,0.8082513,0.7884792,0.7828036,0.7939578,0.804483,0.8249516,0.8425842,0.8895771,0.9460958,1.001831,1.072588,1.117086,1.175739,1.248561,1.321139,1.390289,1.472279,1.506082,1.535087,1.646385,1.680386,1.762956,1.895155
415.953,6.367449e-5,0.004345048,0.006165949,-0.01595607,0.01205009,0.01554148,-0.006194632,0.01058226,0.01110739,-0.01556626,0.007320198,-0.001518909,-0.003584355,0.003432327,-0.003241459,4.297779e-4,0.003633647,-0.003646594,-0.004889452,-0.004804229,-0.004731494,-3.55937e-4,-0.001610599,-0.001696492,-0.00346186,-0.003951928,0.001607693,7.748965e-4,-0.002023336,-1.948093e-4,0.002843203,-0.009189876,0.00451889,0.004193002,-9.914892e-4,-0.0122623,-0.002922044,0.006121253,-0.00666757,-0.006354054,0.003773671,0.01222982,0.002969312,-0.004191851,-0.0034744,-0.001023887,0.004131152,-0.00133501,-0.008069783,-0.004283034,-0.002004408,0.002817667,-3.15551e-4,-0.003306069,-0.002085703,0.002298186,-7.175313e-4,-6.547316e-4,9.594274e-4,0.002352264,-0.001459827,0.002556337,-0.001061745,4.133471e-4,0.001991343,-0.001922312,0.004917517,-0.00187244,-0.002541407,5.278372e-4,-1.642814e-4,-0.001304573,0.001134934,-0.001718233,-4.706064e-4,-8.619974e-4,0.001459852,8.674037e-4,0.002103538,-0.001354955,-7.924415e-4,5.390746e-4,-0.001948342,4.997064e-4,0.00152103,8.311336e-4,-4.287745e-4,0.0013316,6.169626e-4,-1.321562e-5,2.98606e-4,-2.622185e-4,-0.002814661,-7.019916e-4,-1.804552e-4,4.171318e-4,-0.002364284,-1.501508e-4,5.857857e-4,-8.289511e-4,-0.002353089,8.863818e-4,-8.36655e-4,5.321497e-5,6.567717e-4,-4.449599e-4,9.750212e-4,-0.001254113,-9.5764e-5,2.909912e-5,1.008436e-4,4.85644e-4,-5.866231e-4,3.682453e-4,-2.353265e-4,9.514079e-5,9.663354e-4,0.001897773,0.004369238,0.002895928,0.003892169,0.005471405,0.008850146,0.009945464,0.01214589,0.01873559,0.1007927,0.3249721,0.4506532,0.2607187,0.08496223,0.06432374,0.08192093,0.09437317,0.1148283,0.1398299,0.1639295,0.1894384,0.2288176,0.2578288,0.2935374,0.3274977,0.3669641,0.4080577,0.4486971,0.4796302,0.5203532,0.5534497,0.5867652,0.6234115,0.6571934,0.6873113,0.7202793,0.7424646,0.7680674,0.7902525,0.8028815,0.8099882,0.8334747,0.8366884,0.8452035,0.8586927,0.8599836,0.8562369,0.8487173,0.8329579,0.8186507,0.8092462,0.8035113,0.8026872,0.7881425,0.8113488,0.819563,0.8255583,0.858965,0.8990383,0.9574413,0.9995152,1.091273,1.135792,1.199631,1.244657,1.341513,1.391393,1.48203,1.529453,1.562651,1.602378,1.721066,1.737418,1.839327
418.255,-0.02852107,0.004091722,-0.01066282,-0.01933144,-0.03528459,-0.02173412,0.001460866,-0.00293637,-0.002029661,-0.0165619,-0.01085247,-0.002133171,-0.00326377,-0.008643089,-0.00659855,-0.003612934,-0.005930581,-0.006366828,-0.001881948,0.002717226,-0.006679863,0.001001266,0.002732919,-0.00166191,5.634271e-4,-8.696269e-4,-0.001022292,-0.001346185,-0.003007186,-0.002070316,-0.005472065,-0.003954889,-0.006240081,-0.01056445,-0.009152769,-0.002359412,0.005705307,0.004949783,-0.007617216,-0.005544717,-0.004878463,0.001133236,-0.006050226,6.054863e-5,-0.00475427,-5.914588e-4,-0.006356851,-0.009593732,-0.007626639,-0.006037769,-0.00546232,-0.006412974,0.001120677,-0.001085269,-3.051752e-4,-7.684565e-4,-0.007412828,-0.006279981,-2.068352e-4,-0.007314228,6.0831e-4,0.001256763,-0.002054461,-0.001426351,-0.001786959,-1.943358e-4,-6.176768e-4,-0.005159975,-0.004451461,-0.001391635,-0.002346335,-0.003711445,-0.002852024,-1.454655e-4,-0.003003705,-0.003827933,-5.599583e-4,0.001770703,-0.001489072,1.155136e-5,-0.002855989,-7.346518e-4,-0.003041093,-0.004516692,-4.69418e-4,-0.002352312,0.00173586,-0.001713998,-0.003316508,-4.970822e-4,-0.003991082,-0.002061831,2.768095e-4,-0.001492052,-5.973407e-4,-0.001696288,-1.477556e-4,-0.001332744,4.289614e-4,-0.0011521,-0.001121879,-8.141744e-4,0.001005206,-9.738369e-4,-0.001431033,3.366501e-4,7.788475e-4,-0.001017584,-8.65194e-4,-6.373859e-4,-7.747782e-4,-1.963938e-5,3.658551e-4,5.773421e-4,1.828867e-4,-5.767548e-5,0.001291645,0.002228057,0.003300756,0.003647975,0.004114534,0.007558079,0.006740995,0.01037623,0.01512765,0.06108064,0.2482845,0.4146575,0.3130159,0.1145485,0.06377746,0.07452964,0.09297441,0.1110178,0.1360289,0.15436,0.1848895,0.2160703,0.2470613,0.2846657,0.3142603,0.3509312,0.3915754,0.4315853,0.4679822,0.506834,0.5417994,0.5749823,0.6079081,0.6378855,0.6735179,0.7080324,0.7298874,0.7586734,0.7838354,0.7932422,0.807488,0.8271317,0.8363247,0.8479353,0.8600475,0.8695901,0.8614753,0.8595568,0.8572976,0.8476622,0.8352261,0.814931,0.8191895,0.7989866,0.8101216,0.8181382,0.828672,0.8508568,0.8830317,0.9169144,0.9946313,1.026056,1.097251,1.182167,1.21423,1.273775,1.339965,1.439035,1.493526,1.582599,1.558107,1.681402,1.662193,1.706721,1.807577
420.559,-3.402722e-5,-0.01282618,0.00154703,-0.02040808,0.01382448,-0.0183052,-7.539226e-4,-0.009551531,-0.01539045,-0.002331911,-0.009328132,-0.003009862,-5.801148e-4,-0.003392807,-0.007355443,-0.002104074,-0.01491453,0.00415693,0.001316981,-6.381813e-4,-0.003002454,1.366373e-4,-8.585843e-4,0.003254591,-0.001709255,1.285226e-4,-3.102541e-4,4.355322e-4,0.001006951,7.861036e-4,2.530907e-4,0.002808267,-9.320756e-4,0.002499202,0.001414752,0.003211889,-0.003236494,-0.003018728,-0.00899041,-0.008033025,7.461737e-4,0.001479731,-0.001034167,-0.001807542,-3.125943e-5,0.002977599,0.002328212,-0.002246688,-9.065021e-4,-0.007740553,-0.001407418,-0.00770885,-0.002773899,-0.002690852,0.003847172,-0.003461111,-0.002383733,-0.001143558,-0.002868736,-0.002375243,6.2765e-4,-3.876101e-4,-0.001014275,0.001981501,-0.002764778,-0.007373239,0.001725859,-0.001820693,-3.549967e-4,0.002040344,-9.721052e-4,-4.745562e-4,-2.830687e-4,-0.00533682,-4.365295e-4,0.003026151,0.002421039,-0.004309123,-1.382533e-4,-5.402669e-4,0.00150171,-0.001135162,-0.002566953,-0.002089939,-7.91225e-4,8.614885e-4,-0.003123966,-9.634561e-4,2.068245e-4,-5.899805e-4,8.616033e-4,8.365134e-4,-0.001278964,-0.001722929,-3.361889e-4,-0.001201077,8.386404e-4,0.00148829,6.330175e-5,-0.001028237,-0.001248971,-0.001090881,1.026867e-4,-9.94997e-5,-4.71728e-4,-4.907429e-4,4.974929e-4,-4.856588e-4,-9.854117e-4,3.381596e-4,0.00144465,2.282824e-4,-3.189656e-4,-3.64105e-4,1.892627e-5,0.001375068,0.002308937,0.003678005,0.00412918,0.004322496,0.007489245,0.009035467,0.008400697,0.01224848,0.04183561,0.1812401,0.3798789,0.3317482,0.1504848,0.06695577,0.07074819,0.08750512,0.1069984,0.1286967,0.1497454,0.1757199,0.2057108,0.238847,0.2717521,0.3035918,0.3417434,0.3830907,0.4168544,0.4564402,0.494131,0.5285662,0.5674494,0.598778,0.6317417,0.6611552,0.6961433,0.7195457,0.7547237,0.7721795,0.7990453,0.8166861,0.8244568,0.83939,0.8473415,0.859166,0.8674991,0.883109,0.8703801,0.871393,0.8612722,0.85649,0.8330457,0.8337132,0.8295181,0.8231952,0.8208224,0.8371543,0.8555662,0.8590142,0.8872313,0.968599,1.001377,1.070493,1.128618,1.203576,1.301773,1.342088,1.427261,1.459869,1.541367,1.600776,1.581946,1.643344,1.694735,1.791723,1.850142
422.863,0.0149364,0.004722532,0.006754446,0.001402548,0.007683751,0.01648217,0.003868788,0.007491781,0.002622182,5.417127e-4,0.009707627,0.002411159,0.007602715,7.196122e-4,0.01336047,0.002451714,0.01024635,0.003894207,0.001555012,0.007173604,0.003774067,0.001677742,-0.002251376,9.68232e-4,0.005139687,0.003848846,0.002847624,0.002335191,9.686149e-4,0.003227527,0.004608719,0.004239695,-0.004763863,0.008320471,0.002444365,-0.003587141,-1.857006e-5,0.008479225,-0.006049211,3.519527e-4,3.792592e-4,0.0140812,0.0105237,0.001062238,0.009428363,3.437257e-4,0.0029498,-9.282157e-4,0.01090514,-8.391353e-4,0.003104702,0.004957802,-0.00518252,0.004251038,-0.001503121,0.007341766,2.404573e-4,0.001573093,-0.004800863,-0.003825868,4.308891e-4,-0.001428568,-0.002808366,0.002212395,0.002129393,0.007687259,0.002961019,0.001266253,0.001260668,8.656018e-4,-6.35061e-4,-0.00126999,-0.001832275,-8.8714e-4,0.002939466,-0.001585761,4.192084e-4,-4.113724e-4,0.0022515,0.001294246,0.001277348,0.003836342,0.001079527,0.001509463,0.004296083,0.003093373,9.684838e-4,-0.001580542,-3.104684e-4,4.915161e-4,0.001983094,-9.169142e-4,-5.284924e-4,8.368005e-4,0.002547761,1.669362e-4,0.001210082,6.637401e-4,0.001709615,0.001209973,3.325551e-4,5.609693e-5,2.81135e-4,-7.293906e-4,0.001617524,6.798202e-4,0.001686418,3.441556e-4,7.145641e-4,0.001042884,-1.785213e-5,-1.610904e-5,5.321641e-4,0.001832391,8.83931e-4,0.002355269,0.002619824,0.005006375,0.006199023,0.006157485,0.007179611,0.009045853,0.01300487,0.02896685,0.1400498,0.3246525,0.3545311,0.1736055,0.072338,0.07094856,0.0830148,0.1034907,0.1213867,0.145774,0.1698654,0.1955537,0.2278772,0.2625245,0.2969347,0.3290094,0.3658545,0.4061085,0.4468487,0.4874478,0.5243521,0.5598694,0.5912669,0.6221532,0.6490407,0.6847405,0.7143495,0.7445008,0.7692292,0.7894034,0.8208616,0.8257643,0.8411467,0.8519559,0.8628885,0.87376,0.8770638,0.8770829,0.8778362,0.8753545,0.8750789,0.8627259,0.8516247,0.8407252,0.840677,0.8420346,0.8406844,0.8414156,0.8562816,0.8894549,0.9278748,0.9817498,1.036683,1.088143,1.168433,1.24019,1.291496,1.363395,1.417754,1.481518,1.552772,1.575785,1.680932,1.724548,1.74603,1.861288,1.958745
425.168,-0.003102421,-0.004646975,-0.01902579,-0.01306706,0.008277569,0.01238441,0.001358759,-0.007897992,-0.01112366,-0.006814625,-0.009646415,0.001737723,0.001471448,0.00110219,-7.766328e-4,0.002784799,9.397047e-4,-3.476968e-4,0.003093192,0.001326003,0.002950802,-0.002500145,8.523731e-4,-0.00280019,6.624572e-4,5.52656e-4,-0.003647815,-4.520792e-4,-9.740713e-4,-0.001771238,0.004751362,0,-8.612902e-4,9.494548e-4,0.002952966,9.346103e-4,-0.005103902,0.002565476,0.00704273,-0.01029635,-0.002866562,-0.005026913,-0.002070162,-0.007740587,-6.013541e-4,-0.001978564,-7.122731e-4,0.002814209,-0.00648505,-0.001434252,-0.001685166,-8.657715e-4,0.003748191,0.00319374,7.826073e-4,-0.003164407,0.004647418,0.001413748,-0.003035715,0.001901388,-0.001029531,0.00179968,-7.827801e-4,5.885534e-4,-0.00289417,-0.006065563,-0.001447857,0.002860266,0.001208397,-0.002158215,-0.002566779,-0.005781864,-0.00308411,-0.001798241,0.004367297,-0.002719313,-2.947072e-4,4.191951e-4,1.307043e-4,7.534325e-4,-6.294615e-4,1.126533e-4,0.00234044,0.001026653,-3.368714e-4,9.690222e-4,8.321077e-4,-0.002171165,0.00200613,-2.837941e-4,4.790392e-4,-8.218735e-4,5.072374e-4,-0.001438981,0.001305831,-4.819493e-4,-4.35519e-4,6.411686e-4,3.446388e-4,9.865278e-4,6.961955e-4,0.001612869,-5.365129e-4,-9.320091e-4,-5.151189e-4,9.069285e-4,-3.109147e-4,-4.665883e-4,2.709978e-4,5.577965e-4,7.295034e-4,3.412005e-4,-1.325239e-4,0.001045889,0.001409528,0.002451994,0.002952098,0.004119955,0.005301776,0.006846516,0.009559527,0.01144834,0.01866958,0.08770175,0.2754086,0.3598669,0.2127081,0.07892805,0.06454936,0.07945551,0.09463671,0.1157582,0.1374992,0.1596615,0.1890862,0.2169876,0.2474629,0.2801124,0.3268399,0.3521354,0.3937728,0.4238382,0.4658001,0.50911,0.5460126,0.580864,0.6082953,0.6399082,0.6656248,0.6997641,0.727843,0.751081,0.7776283,0.7982875,0.824924,0.8319205,0.8479386,0.8615481,0.864662,0.8826636,0.883868,0.8852068,0.8873296,0.8852217,0.8707644,0.8704954,0.8511642,0.8537882,0.8449595,0.8421638,0.8492907,0.8627614,0.8766329,0.9072331,0.9401338,0.9981701,1.064061,1.120303,1.191281,1.261648,1.308252,1.363782,1.447938,1.506122,1.559576,1.60836,1.662802,1.6949,1.724298,1.782861,1.937219
427.474,-0.01583812,0.002373264,-0.0231755,-0.01295601,6.846781e-4,0.001487396,-0.01490101,0.01406814,0.01284964,-0.002229939,-0.0065117,-0.001754457,0.002270079,-0.00395916,0.00479201,0.002064417,-0.001866097,-0.004617886,-0.004061422,-2.250263e-4,-9.750957e-4,6.328955e-4,6.898488e-4,5.136118e-4,-9.512004e-4,-0.002506423,0.00149487,-4.289144e-4,-0.001122464,-0.002743816,-0.003435593,-0.001721786,-0.003376918,0.001909467,-0.001925252,-4.640665e-4,-7.556055e-4,-0.008271609,-4.974229e-5,-0.002128097,0.001384592,0.004941524,-0.004448199,-0.00129359,-0.004940823,-0.004260491,-0.002560383,-0.006244163,-6.322675e-4,-0.002605354,0.002440088,-0.001083824,0.003723571,-0.002085982,0.00123182,-0.001165715,-0.003417128,-4.49685e-4,-0.003408138,0.004494632,4.136871e-4,-0.001406734,-0.005344189,-7.559954e-4,-0.004032607,-0.001645835,-0.001118114,-0.004072893,-0.001386366,-0.002970157,3.192081e-4,-0.001852249,-7.491801e-4,-4.304118e-4,-2.7578e-4,-0.004483417,5.211682e-4,-0.003346865,3.974146e-4,-0.001657358,-8.824858e-4,-0.001426896,-3.508954e-4,-7.860988e-4,5.393475e-4,-0.001065505,-0.00124979,-0.00119361,-0.001602567,8.865514e-6,-1.970666e-4,0.00267648,-1.76609e-4,-0.001995604,-7.222454e-4,-7.704825e-4,-6.558965e-4,-5.034068e-4,7.395932e-5,5.280378e-4,-1.786787e-4,5.219653e-4,-0.001976763,7.382435e-4,7.67696e-4,8.619585e-5,0.00100171,-0.001852908,-1.506712e-4,3.469862e-5,3.167696e-4,7.446561e-4,7.999238e-4,0.00114036,0.00234687,0.002578241,0.003235599,0.004203861,0.006313521,0.007087767,0.01191215,0.01547306,0.0587702,0.2202203,0.3486049,0.2451459,0.09736711,0.06313881,0.07401233,0.08919584,0.1107241,0.1289562,0.1565256,0.1820877,0.2120776,0.2374136,0.2695756,0.3040907,0.3419923,0.3767899,0.4181596,0.4514718,0.4880775,0.5252678,0.5637639,0.5888463,0.6257105,0.6573031,0.6892518,0.7191185,0.7436692,0.7695484,0.7920308,0.8156983,0.8268909,0.8461497,0.861822,0.8637578,0.8784714,0.8824653,0.8862196,0.8857065,0.8881467,0.8838405,0.8764608,0.8863702,0.8580894,0.8555063,0.8560234,0.8428016,0.8510968,0.8747972,0.8903689,0.9166983,0.9430247,1.016446,1.067302,1.146754,1.217001,1.292332,1.373021,1.419786,1.473079,1.542965,1.591295,1.605983,1.704067,1.693015,1.809125,1.849024,1.903696
429.781,0.02315411,0.007755945,0.01149373,0.006671942,0.005144493,0.004619742,0.02648493,0.01688789,-0.006281358,0.002238425,0.003021394,0.002879682,-0.001945361,0.01032764,0.003297873,0.002391249,-0.001551959,0.002830195,-7.685341e-4,-0.00106876,0.001735093,-0.001118691,-8.270856e-4,6.379708e-6,-0.001487761,0.001219941,9.621732e-4,0.001431905,0.003150633,0.004865062,-0.004103563,0.006483614,0.003330586,-9.097079e-4,4.45862e-4,0.004322492,0.02152674,0.009255016,-0.008889152,0.003834862,7.234976e-4,4.043568e-4,-0.00607695,-0.001019256,9.712644e-4,0.006727344,-0.003131263,-9.231634e-4,0.00150065,2.258782e-5,-0.004011501,5.472426e-4,0.001819018,0.005392136,0.002694017,-0.002347368,0.002265306,0.003078006,-0.001282892,2.278836e-5,0.006771875,0.003374819,0.002920013,0.002690831,9.672554e-4,0.001112912,-8.906625e-4,0.002803465,0.002363988,0.003724065,0.001258349,0.003187589,3.859727e-6,0.003803472,-9.857021e-4,-1.338178e-4,0.002308329,0.003922787,-0.001407166,0.002021384,3.758808e-4,-0.001885319,-0.002647218,-7.595321e-6,7.615944e-4,6.261221e-4,3.258574e-4,0.002325203,0.002739995,-5.630866e-4,0.001651725,0.002829623,5.361978e-4,0.002138472,5.550698e-4,4.680118e-4,2.994573e-4,0.001371197,0.002618942,7.154754e-4,-0.002922869,0.001733016,6.353894e-4,6.19089e-4,3.097717e-4,-2.285034e-4,6.47592e-4,3.8784e-4,4.185718e-4,5.492645e-4,0.001136533,0.001114885,0.001246266,0.001701513,0.002465075,0.004271487,0.0035724,0.005846503,0.006060852,0.008681193,0.01362498,0.03987239,0.1643827,0.3348388,0.2753158,0.1219872,0.06456518,0.07251803,0.08555841,0.104187,0.1255318,0.1500325,0.1758506,0.2036102,0.228444,0.2588139,0.2919569,0.3244573,0.3602434,0.4046066,0.4353727,0.4710965,0.5084634,0.5487614,0.5811282,0.6156489,0.6469101,0.6740985,0.7074495,0.7276829,0.7560576,0.7863343,0.8020828,0.8274453,0.8447841,0.8581351,0.8687071,0.8727381,0.8859164,0.887209,0.8900827,0.8928956,0.8878712,0.8885633,0.8747076,0.8708376,0.8708185,0.8531234,0.8545064,0.8523832,0.8610461,0.8910425,0.9021887,0.9378105,0.9824932,1.028371,1.103495,1.163574,1.249965,1.298809,1.385945,1.432835,1.519292,1.586584,1.614843,1.618616,1.715114,1.717666,1.804511,1.822999,1.982232
432.088,-0.004971709,-0.01214266,-4.450712e-5,0.004137267,-0.01089063,-0.005128858,-0.007255462,-0.009676201,0.01905349,0.01112729,-0.002912256,3.067946e-4,-0.002227207,-6.230628e-4,-0.003610019,3.76742e-5,0.001562914,3.166373e-5,-4.615474e-4,-0.003805808,4.294658e-4,-3.166879e-4,5.429039e-4,0.002477574,6.760043e-4,0.003147886,-0.002289438,-8.289797e-4,-0.003762519,0.001571746,0.006748324,-3.041497e-4,-0.002875394,-0.01216536,0.00430831,9.978939e-4,-0.004935235,-0.002765096,-0.006075001,0.003137424,0.002477698,0.002780847,-0.003616642,-0.003223355,-0.001564783,0.005772581,-0.008111875,-0.001773786,0.00539827,-0.003625396,-0.002908479,-0.004927344,-2.36571e-4,-0.003255373,5.450479e-4,-0.002055327,-0.00105573,-0.003881917,-0.002914572,-0.004601672,-0.001899567,2.580119e-5,0.003298571,0.001543714,5.73967e-4,-6.976564e-4,0.002555518,-6.736448e-4,-0.002478649,3.332925e-5,1.647498e-4,9.342777e-4,-0.0021904,-4.2372e-4,4.552445e-4,-0.003030019,8.235548e-4,-7.713573e-4,0.00333196,-0.004961147,0.003533334,7.331035e-4,0.002981222,0.001224199,-0.002033723,-8.304571e-4,0.002682507,9.370456e-4,-8.679908e-4,0.001149116,5.731049e-4,-0.001906564,3.555103e-4,8.936337e-4,-2.995917e-4,-4.561179e-4,-7.894e-4,-6.343993e-4,6.873492e-4,-8.294202e-4,1.999437e-4,-2.25589e-4,8.532577e-4,-1.395276e-4,1.203569e-4,-1.677789e-4,1.01197e-4,-6.192349e-4,5.341745e-4,2.686336e-4,6.394426e-4,2.625002e-4,0.001389592,0.002023528,0.002269164,0.004084011,0.004230155,0.005796796,0.007998329,0.01336025,0.02464663,0.1256523,0.2966243,0.3155598,0.1455167,0.06766777,0.0682494,0.0826851,0.09634516,0.1170536,0.142099,0.1674833,0.1941003,0.2217975,0.2510439,0.2816543,0.3132683,0.3493796,0.3892483,0.4242572,0.4603845,0.4983151,0.5350117,0.56787,0.5940187,0.6381896,0.6618754,0.6904606,0.7213921,0.7471428,0.7707998,0.7943821,0.8151333,0.8451793,0.8606776,0.8673006,0.8751105,0.8801721,0.8942066,0.8904491,0.9009175,0.9012427,0.8989135,0.895664,0.8855455,0.8791166,0.863875,0.8735583,0.8665416,0.8702282,0.8829166,0.8948872,0.9155087,0.9516114,1.004775,1.064531,1.136321,1.193679,1.269281,1.341307,1.377065,1.446761,1.568106,1.580792,1.622026,1.691701,1.690063,1.769587,1.848959,1.887596,1.95366
434.396,-0.01037487,-0.006151996,-0.008569175,-0.009341428,-0.003694845,0.003790268,-0.002966573,-0.01387315,-0.01070673,0.007231252,8.444187e-4,-0.01081636,-0.002787315,-0.003152701,0.003299815,-0.001364885,0.002129487,-5.160629e-4,4.937892e-4,-0.004690164,-5.510755e-4,-0.002074081,-0.00283185,-0.001536943,0.001726795,-2.492652e-4,-1.174115e-4,-0.001385971,-0.00139167,7.747997e-4,0.001012199,-0.004348565,0.00584613,-0.007086833,0.007578479,-0.002156313,-0.006837574,-0.00389023,0.003064833,0.005493528,-0.001057939,6.682822e-4,-0.003014907,-0.003912101,0.003504181,-0.002245511,0.004382764,-0.004586663,0.007162553,0.008201009,-0.00507995,-0.001573205,-0.005999104,-0.005079766,-0.00123633,9.412907e-4,0.001117941,-0.002399493,0.001270246,-0.004449627,0.002361796,-0.002142454,-0.002328601,2.122598e-4,-0.001122064,3.668159e-4,-0.004272958,0.001555129,-0.0018289790000000001,-4.705284e-4,6.332871e-4,-0.001979779,-0.001475412,0.002312861,-7.009577e-4,-9.468734e-4,9.435043e-6,-0.002338806,6.356162e-4,0.001229072,0.003629723,-1.099594e-5,0.001152397,4.549576e-4,-0.002371725,-0.00126607,1.01529e-4,0.001788742,0.001753634,-0.003183659,-0.001086996,5.342269e-4,-0.001016806,-4.032474e-4,-3.055282e-4,0.001139057,1.452129e-4,-1.321871e-4,7.435792e-4,0.00148895,6.138799e-4,-0.001549353,3.145388e-4,-0.001617415,-8.062777e-4,-9.571402e-4,4.518654e-6,-3.516338e-5,0.001057116,3.288197e-4,4.015968e-4,0.001085496,0.001895351,0.002686297,0.003596683,0.004223899,0.004658151,0.006902801,0.01104113,0.01869001,0.08962781,0.2758028,0.3441458,0.191346,0.07368599,0.06391563,0.07795538,0.09470375,0.1111572,0.1347072,0.160721,0.1839807,0.2141799,0.2455201,0.2773115,0.3003594,0.3382595,0.3763764,0.4033274,0.4457034,0.4816252,0.5224671,0.556065,0.5937472,0.6245798,0.6574915,0.6830835,0.7170162,0.7378673,0.7651236,0.7852142,0.8131968,0.8355687,0.8507513,0.865982,0.8795686,0.8822091,0.8900808,0.8942666,0.8987201,0.9070075,0.9035728,0.9095497,0.9053225,0.8946208,0.8863752,0.8802746,0.8818497,0.8827544,0.8775547,0.899009,0.9182895,0.9418263,0.981243,1.017109,1.079221,1.152507,1.239656,1.293224,1.366055,1.439682,1.502126,1.577928,1.602644,1.68614,1.726097,1.756677,1.825902,1.893548,1.976197,1.915665
436.705,-0.008813533,-0.002181199,-0.006976487,-0.006501975,0.00525628,-0.008111986,-0.01010027,-0.01103721,-0.01127277,-0.006009256,4.506443e-4,-0.002819314,-0.004685825,-0.006270981,-0.006472201,4.778312e-5,-0.00121943,-0.002791414,-0.002720194,-0.004016506,-0.002457947,-0.003170651,-0.002012121,2.595353e-4,-0.00223101,-7.863168e-4,-0.004720037,-0.001669881,-0.001702289,-3.703636e-4,0.001561627,-0.002323453,-0.009077906,-0.003228897,-0.01039034,5.421994e-4,6.086439e-5,-0.005920127,0.001395851,-0.001628142,-0.005235263,-0.006133485,-0.004950619,-0.005877923,3.655347e-4,-0.01262086,-0.00592096,0.001243606,-0.002367509,-0.006155384,-0.006858607,0.00157545,-0.007991886,-7.251945e-4,-0.007741352,4.978375e-4,2.279926e-4,-0.002368739,-0.006654274,-0.002008514,8.200389e-4,1.925356e-5,-0.001324206,-0.001519748,-0.001477186,0.001121246,1.95797e-4,-0.002410045,-8.11245e-4,0.002255077,-0.002305611,9.303514e-4,0.001932346,1.680043e-4,-9.592125e-4,-0.001234224,-0.001313123,-0.001150559,-0.001122865,-0.00195032,-0.002512839,-5.622699e-4,-4.353175e-4,-2.104778e-4,0.00122281,0.001560011,-3.842994e-4,-0.001678067,1.028893e-4,7.566765e-4,-5.36844e-4,-3.531635e-4,-0.002839639,2.53209e-4,8.911347e-5,-5.180528e-4,-0.002878918,7.810912e-4,2.189679e-4,-3.066711e-4,-9.77161e-4,-2.785588e-4,5.58451e-5,-1.009652e-4,3.081101e-4,-9.898445e-4,-8.760557e-4,5.99623e-4,1.664629e-4,1.469412e-4,6.958056e-4,0.001201036,0.001978128,0.002925138,0.002615065,0.004325793,0.006758682,0.009093873,0.01367516,0.06202272,0.2141953,0.3526004,0.2447677,0.09653931,0.06414581,0.07656008,0.091146,0.1082136,0.1297034,0.1513218,0.1813179,0.2050812,0.2335331,0.2637012,0.297059,0.323982,0.3599005,0.3955879,0.4318493,0.4699637,0.5003945,0.5382131,0.5789003,0.6101539,0.6435774,0.6776367,0.7045399,0.7308145,0.7499992,0.7758239,0.7996269,0.8166701,0.8403146,0.8647519,0.8722256,0.8801751,0.8901668,0.8960347,0.9024586,0.9000124,0.9019225,0.9187482,0.90362,0.904707,0.8952732,0.8849895,0.88192,0.8851945,0.8863986,0.8961537,0.9054695,0.9220312,0.9610106,0.997711,1.048212,1.09565,1.187429,1.256158,1.330203,1.412496,1.450453,1.521363,1.590179,1.638593,1.700441,1.75472,1.708044,1.794565,1.819746,1.877682,2.003295
439.015,-0.02118364,-0.03176236,-0.02593702,-0.01712304,-0.01528306,-0.009564552,-0.02014894,-0.01912034,-0.009927417,-0.01741074,-0.01873552,-0.001372361,6.338781e-5,-0.006557099,-0.006419535,-0.01095059,-0.001172788,-0.0131392,-0.007862516,-0.008229181,-0.001112314,-0.005025059,-0.003458778,-4.937041e-4,-0.007741689,-0.003599611,-0.003477042,-0.002886937,-0.004769726,-0.006836795,-0.005564543,-0.009653566,-0.01520225,-0.01806725,-0.01740692,-0.01456181,-0.01803385,-6.558345e-4,-0.005694272,-0.006791133,-0.01142969,-0.003683011,0.003033617,-0.00896535,-0.00980227,-0.01192172,-0.003412692,-0.00849034,-0.01174121,-0.007268139,-0.01523806,-0.00305695,0.007248847,-0.005014924,-0.009407165,-0.001596221,-0.004199898,-0.005135318,-0.005159611,-0.001572482,-0.003922623,-0.003453694,-0.007028935,-0.002986628,-0.004244769,-0.007585049,-0.007037642,-0.00511836,-0.001958128,-0.005074951,-0.003200563,-0.00522218,-0.001442939,-8.205307e-4,-0.001109238,-0.00379937,-0.002756917,-0.004788394,-0.005912661,-2.153628e-4,-0.003095503,-0.005210857,-0.002790641,-0.002395473,-0.002760493,-4.073368e-4,-0.001097844,2.843551e-5,-0.003827086,-0.003334649,-3.421482e-4,-0.002055448,-0.001315742,-0.002579241,-0.00294447,-5.833214e-4,-0.001273625,-0.001449066,-7.125146e-4,-1.787012e-4,-0.002318813,-8.499822e-4,-0.002380637,-0.002204624,-0.001421215,-5.428181e-4,-7.359851e-4,-0.001176102,2.776918e-4,-4.112995e-4,0.001113083,0.002014714,0.002022593,0.002331568,0.004101335,0.005319217,0.007728556,0.01069406,0.04115926,0.1629396,0.3284164,0.2867342,0.1229776,0.06488043,0.07066933,0.08528562,0.1039569,0.1231632,0.1403149,0.1660717,0.1919973,0.2221876,0.2516786,0.2846577,0.3100245,0.3437523,0.3865528,0.416112,0.4547075,0.4878304,0.5248918,0.5604236,0.593068,0.6316966,0.6634175,0.6914225,0.7204232,0.740753,0.7652594,0.7911238,0.8126478,0.8326566,0.8531773,0.8612352,0.8820174,0.893466,0.8931783,0.9006399,0.9009366,0.9063861,0.9155941,0.9041271,0.9038196,0.8996536,0.9049627,0.8962371,0.8910887,0.8940577,0.8964998,0.896037,0.9113792,0.9401932,0.9596524,1.014548,1.050342,1.127389,1.176012,1.269478,1.33978,1.415451,1.493396,1.514822,1.592206,1.638218,1.681311,1.736321,1.771594,1.809969,1.870352,1.874401,1.946166
441.325,0.01029075,0.01806174,0.0106574,0.01322175,0.01021073,-0.002885715,0.002323019,0.01722762,0.002554831,0.004428077,0.01037529,0.004788615,8.740556e-4,0.009381514,-2.966099e-4,0.008959364,-0.005371769,0.001150128,0.001515124,0.005275567,0.004900461,0.004119772,0.004144758,0.003186989,0.002885395,8.197599e-4,8.303964e-4,1.266857e-5,0.001879173,0.004948387,0.004054611,0.01231241,0.0102724,0.01434224,-0.009802141,0.01414203,0.01018077,0.009709065,-0.002255511,-2.986364e-4,0.0100109,0.003358916,-0.009144198,0.002284747,0.001959784,0.006887367,0.004039507,0.004311226,0.004179239,0.002253247,0.00818452,-0.001234395,0.006901021,0.01152857,-0.002353094,0.004874086,0.004658066,0.002591768,0.002535011,0.005617909,0.001599549,0.00483617,0.005135262,0.006006383,0.002611028,3.490933e-5,0.001626758,0.004769737,0.002502653,0.002399711,0.003066433,1.680368e-4,0.001746997,-0.001683335,8.232362e-4,0.001770962,0.002423962,0.002720283,0.001792371,0.002596718,0.004038382,3.175509e-5,0.002921609,0.001748602,0.002663798,0.004445833,-1.835567e-4,0.002470131,0.001452355,0.001581253,0.001797065,0.003377627,0.001346298,0.003532139,0.002328026,-5.720089e-4,0.002292162,0.001174101,0.002514503,4.049075e-4,0.001171651,0.001129726,7.920574e-4,8.048334e-4,2.623511e-4,-7.574161e-5,0.001103829,0.001069128,0.001163747,0.001682416,0.001693981,0.003108916,0.003237231,0.004732031,0.006386974,0.007226976,0.01164952,0.02523286,0.124736,0.2895911,0.3089323,0.1529573,0.07004309,0.06870361,0.08474849,0.09829068,0.1178879,0.13661,0.1574934,0.1845739,0.2135163,0.2415253,0.2727062,0.3034384,0.3385425,0.3650659,0.4025399,0.4401027,0.4690563,0.5112732,0.5451314,0.5766973,0.6146167,0.6447732,0.6767654,0.7025102,0.7264462,0.754373,0.7737894,0.7979018,0.8226183,0.8383613,0.8557432,0.8809839,0.8885749,0.8912485,0.9016234,0.9046823,0.9049158,0.9025324,0.9078092,0.9090002,0.9023812,0.9121279,0.8920234,0.8954471,0.8978471,0.8995345,0.8973997,0.9236551,0.9205371,0.9465154,0.9877485,1.020223,1.076178,1.147185,1.215186,1.298848,1.352923,1.435299,1.504264,1.558611,1.631529,1.666527,1.705329,1.748004,1.806241,1.827866,1.890414,2.026031,2.112997
443.636,0.0218102,0.01879887,0.00916282,0.009287365,-0.00127099,-0.01215379,0.003682698,0.002926866,0.01736943,0.02010732,0.006298102,0.009463423,0.00575551,0.007269125,0.009004644,0.004019782,0.001910391,0.003408472,0.001991359,0.00193127,2.296258e-4,0.003340436,0.001741813,-0.003251424,-0.003204284,0.001902298,-1.040397e-4,0.002758125,0.004909218,0.00304271,0.003555914,0.01290297,-3.184255e-4,0.004283757,0.01269324,9.866968e-4,0.002313429,0.008336542,0.003079284,0.006134774,0.006595502,0.004125478,0.009217522,4.33411e-4,-0.001125007,0.001614131,0.004994179,0.004338303,0.005830906,0.008615519,0.001616906,0.005949987,-0.001195288,-0.002153472,0.009801681,0.004154909,-0.002546875,0.001771364,0.001890538,0.005595029,-0.001276841,0.002322443,0.005686774,2.052575e-4,0.003532908,0.001807294,0.003695284,1.993785e-4,-0.001406625,0.007726986,0.002908777,0.004151504,0.002360095,-1.035555e-4,0.002660186,0.001262031,0.002776488,-3.398034e-4,0.001786247,0.001740465,8.688636e-4,0.002741105,0.004466104,0.001209276,7.761429e-4,0.001369295,0.003027048,3.327342e-4,-5.331269e-4,0.001219443,-2.21303e-4,2.449148e-5,0.001091303,0.001218827,0.001330866,4.677708e-4,2.254793e-4,0.00105236,-6.254439e-4,0.001269414,0.001411744,-3.180009e-4,6.913335e-4,0.001160844,0.001482705,0.002565359,0.001716872,0.001131924,0.001678873,0.00218193,0.003712111,0.003330685,0.003902003,0.005576666,0.007009513,0.009629662,0.01934019,0.08026517,0.2402116,0.3157639,0.1857232,0.07625852,0.0641835,0.07752962,0.09233993,0.1084338,0.1309309,0.1494301,0.1744514,0.1988684,0.2292623,0.2594557,0.2904353,0.317321,0.3579971,0.3861318,0.4196359,0.4534027,0.495442,0.5219604,0.5594575,0.5908081,0.6245382,0.6547281,0.68679,0.716646,0.7429142,0.7630457,0.7801632,0.7998264,0.8205901,0.8475432,0.8595729,0.8694233,0.8813879,0.8969906,0.9012371,0.9029116,0.9022119,0.9007677,0.9048203,0.9031023,0.9044573,0.9007124,0.8988852,0.8922271,0.896206,0.8947113,0.9062965,0.9227731,0.9243198,0.9521579,0.9883978,1.026115,1.087079,1.1585,1.232583,1.318875,1.381115,1.423758,1.490541,1.57045,1.609105,1.689259,1.734981,1.783041,1.803514,1.843022,1.906423,1.981158,2.075856
445.948,0.003652105,0.01126885,0.002834997,0.003298484,0.01069341,0.003773552,1.591551e-4,0.00745842,-0.02012357,0.001121418,-0.004381537,-0.004371992,3.052576e-4,-0.003679389,-3.223222e-4,0.00427747,0.003014627,-0.003522038,-0.001880553,-0.001633043,0.002754336,-0.003389319,-0.001809384,2.464536e-5,-0.003334451,-0.00156209,-0.001828579,0.004342192,-0.00389857,0.00448945,0.00423426,-0.005521244,-0.009635444,9.641224e-4,0.01294435,0.003010898,-0.002923308,0.01164689,-0.001900505,0.00437528,-0.002019025,0.00800427,-0.001863302,-0.007226945,0.001882383,-2.428599e-4,0.004914802,-0.002911136,-0.002536954,-0.003792108,0.001852717,-0.00274433,8.040422e-4,0.005181752,-0.002553161,6.1384e-5,0.003714231,-0.001036196,0.004057894,7.998215e-4,-0.001307298,4.103748e-4,-0.001455348,-0.003285088,-6.92016e-4,-0.00492082,0.002611834,-0.001502074,0.002922964,0.003287011,-0.001014529,-2.87252e-4,-5.428661e-4,0.001695245,2.767936e-4,0.001346148,-0.001524822,-0.001617174,0.001269228,0.001111186,0.002802469,-8.784678e-4,7.912459e-4,-3.030605e-4,-8.035762e-4,0.001645342,5.157924e-4,0.001197029,-3.47742e-4,-9.791623e-4,-8.107832e-5,-0.00100069,2.148307e-5,1.703478e-4,-2.876644e-4,0.001118659,0.001697217,2.731257e-4,8.623062e-5,3.262442e-4,-0.00213898,7.395623e-4,-7.911308e-4,-5.637246e-4,1.422303e-4,4.676216e-4,5.030426e-4,0.001190346,0.001921516,0.002991078,0.002657169,0.00282088,0.004816586,0.006949345,0.008573518,0.01367128,0.06051279,0.1891294,0.291803,0.2152345,0.09045566,0.062486,0.07343801,0.08971152,0.1061418,0.1229474,0.1417116,0.1647962,0.1901191,0.2166705,0.2462098,0.2760898,0.3088329,0.3378379,0.3715056,0.3985807,0.4385257,0.4701601,0.5069774,0.5397379,0.5717676,0.6037438,0.641268,0.6702176,0.6903569,0.7155229,0.7525439,0.7684819,0.7916213,0.8087301,0.8247353,0.8463885,0.8643886,0.8739377,0.8862075,0.8860223,0.8923763,0.9001504,0.8991974,0.901793,0.9081491,0.894869,0.904558,0.8939387,0.9062167,0.8925375,0.8935414,0.8963301,0.9019526,0.9083605,0.935457,0.956749,0.9904432,1.047199,1.102582,1.154088,1.235258,1.319676,1.382458,1.454854,1.521332,1.57682,1.621462,1.702026,1.730834,1.74876,1.81162,1.834989,1.912326,1.947877,2.027177
448.26,-0.01408182,-0.01811654,-0.03713552,-0.02461644,-0.02504171,-0.009908304,-0.01585601,-0.009828655,-0.01376743,-0.008802694,-0.003963776,-0.006472702,0.001922925,-0.004656189,-0.005162235,-0.002198201,-0.004338005,-0.01074164,-0.01067777,-0.005059714,-0.006481049,-0.006397431,-0.002295576,-0.005682952,-0.005192836,-0.002405555,-0.001004672,-0.006134062,-0.003703853,-0.005682849,-0.0114662,-0.00250753,-0.004688203,-0.01333961,-0.01033254,-0.01016546,8.161946e-5,-0.01104905,-0.00612958,-0.00289794,-0.008630261,-0.01307502,-0.01302885,-0.01239956,-0.01341032,-0.01055333,-0.0125246,-0.003161942,-0.0121907,-0.005860753,-0.01064664,-6.751925e-4,-0.002971389,-1.779348e-4,-0.006247301,-0.007996033,-0.005959629,-0.004334778,-0.00774791,-0.005162758,-0.004484298,-0.003693031,-0.001080618,-0.003424058,-0.004618717,-0.003106067,-0.003534397,-0.003759317,-0.005390959,-0.001195496,-0.004860325,-0.004415905,-0.001655435,-5.290748e-4,-7.863973e-4,-0.004962183,-0.001239446,-0.006087121,3.355105e-5,-0.001754864,-0.004120283,-6.494828e-4,-0.003763411,-0.002522093,-0.002642396,2.022593e-5,6.258369e-4,-0.001951266,-0.001554056,-0.002024992,-0.003354359,-0.001570953,-2.29938e-4,-0.004964801,-5.83488e-4,-0.002058151,-0.001640214,-0.001704072,7.311603e-4,-0.002255325,-0.001635753,-9.637507e-4,-0.002369119,7.722496e-5,-4.934151e-4,2.232767e-5,-5.41396e-4,-7.118053e-4,8.450187e-4,0.002303425,0.001509695,0.002648266,0.004214655,0.007072627,0.01144645,0.04282733,0.1614394,0.2786296,0.2338377,0.1025813,0.05794639,0.06893579,0.07901409,0.09636772,0.1149742,0.1299702,0.1525839,0.1768562,0.2020847,0.2279711,0.2569929,0.2863931,0.3192119,0.3537174,0.3849687,0.4133367,0.4532119,0.481193,0.5194872,0.5540594,0.5835926,0.6165326,0.6476422,0.6741923,0.7010688,0.7278718,0.7425065,0.761049,0.7913073,0.8029399,0.8300477,0.8384295,0.8583006,0.8706861,0.8794914,0.8872201,0.8836034,0.8846618,0.8904589,0.8902963,0.8876147,0.8819862,0.8883792,0.8809723,0.8823633,0.888827,0.8826387,0.887431,0.9013688,0.9079046,0.922583,0.9615308,0.9846828,1.043345,1.093326,1.15955,1.247203,1.300949,1.379897,1.457799,1.528127,1.570079,1.610886,1.699699,1.710635,1.709747,1.751595,1.80397,1.848246,1.915163,1.92487
450.573,0.0148717,0.02691975,0.05268513,0.03481666,0.02102771,0.02518702,0.01406906,0.02987921,0.02826567,0.03371648,0.02008768,0.01060291,0.0066979,0.02106781,0.01248982,0.01377692,0.01606558,0.009987871,0.01143052,0.01017501,0.008852805,0.006243458,0.00349999,0.004082671,0.002162037,0.004895828,0.001171657,0.003994333,0.004016673,0.007159344,0.007836005,0.0083573,0.006013403,0.0134771,0.01725897,0.01370228,0.01312039,0.0120993,0.01395393,0.01217544,0.02069261,0.009515273,0.0123942,0.009698555,0.009200704,0.01239162,0.004241097,0.02337583,0.01362993,0.01183668,0.009918238,0.008260868,0.01116542,0.0116228,0.009511402,0.01027308,0.006241909,0.01242072,0.004236886,0.008486149,0.01202688,0.01113351,0.004274045,0.009243539,0.006088421,0.00751504,0.002584723,0.009877065,0.00573704,0.007356996,0.004898626,0.01004797,0.003944868,0.005356956,0.004849568,0.003824155,0.003865493,0.003393362,0.003181311,0.003796857,0.005169544,0.002918006,0.004983678,0.004638585,0.003602608,0.004819097,0.003035608,0.003819091,0.002968652,0.004996098,0.003055912,0.004023956,0.004433721,0.002812578,0.003361486,0.002232855,0.00224148,0.003267979,0.003470564,0.002603202,0.003305537,0.001930248,0.003533489,0.002086613,0.003011267,0.003147282,0.002925724,0.002651199,0.003955288,0.004393509,0.005434326,0.005684541,0.007856988,0.01132379,0.03108613,0.1210076,0.2557535,0.2558085,0.1291692,0.06001553,0.06406702,0.07829812,0.0930524,0.1118411,0.1301363,0.1465025,0.1689922,0.1912714,0.2191417,0.2454806,0.2780142,0.3038254,0.340892,0.3686274,0.401272,0.4413915,0.4645691,0.4947567,0.5334909,0.5649878,0.5975729,0.6277527,0.6564449,0.6891395,0.7110361,0.7330071,0.7527561,0.7682828,0.7918062,0.8099471,0.8254204,0.8415542,0.8542476,0.8696926,0.8730999,0.8816435,0.8813957,0.8897238,0.8798578,0.8819426,0.8882873,0.8883601,0.8788441,0.8810042,0.8780189,0.8787515,0.8800015,0.8906863,0.8953678,0.9193983,0.9436289,0.9704631,1.003276,1.057798,1.104254,1.184915,1.249595,1.331663,1.409307,1.477701,1.538847,1.572666,1.656014,1.71219,1.716928,1.770489,1.791895,1.805639,1.939508,1.983357,2.109125
452.887,0.01137944,-0.01623734,-0.006409381,-0.009742209,-0.00247817,-0.008190408,-0.004521092,0.01650927,0.01148319,-0.003469067,0.001359097,0.007846538,-0.005395103,7.561976e-4,0.003180211,-0.005901139,0.002707079,-0.005229881,8.976466e-5,-0.004358112,-0.003499893,5.015513e-4,0.001957354,2.714624e-4,-0.002962115,-0.002501311,-0.001877124,1.649649e-4,0.002972067,-0.005028625,-0.001847181,-0.001793305,-0.00692694,-0.002533118,-0.009698893,-0.0100185,-9.20304e-4,-0.00484895,-0.0085637,-0.001842106,0.009057126,-0.006664938,-0.00333322,-0.005120369,-0.006219125,0.004534864,-0.01079432,0.002183144,-0.01019822,-0.003330109,-0.006151773,-0.001627907,-0.003051231,-8.759489e-4,-0.004535557,-0.002095611,-0.002016029,-0.004008205,-0.003067381,-0.005224989,2.614775e-4,-0.003777912,-0.003396751,-0.001193175,-0.004177083,6.886476e-5,-2.487271e-4,-0.003033596,-0.001506875,0.003382055,0.001665657,-2.216313e-4,-0.004249142,5.158846e-5,-0.001521079,-0.001882048,0.002064676,-6.881367e-4,0.00293806,7.55854e-4,0.002323631,-9.316901e-4,-0.002417182,0.001692737,-0.001776832,0.002122113,0.001973084,8.795533e-4,-7.848604e-4,-0.001547333,-3.082928e-4,-1.171656e-4,-5.926265e-4,-0.00203372,-2.622954e-4,0.001161753,-7.261441e-4,-6.229277e-4,-0.001677225,-0.002624826,9.048052e-4,-0.001475682,3.269706e-4,-0.001150445,-5.509518e-6,3.790686e-4,0.001527615,6.696565e-4,0.003906052,0.003396902,0.004073393,0.007159548,0.007642293,0.01993557,0.08937841,0.2139551,0.2508931,0.1440037,0.06153898,0.05408062,0.06842802,0.08368973,0.1020506,0.1185861,0.139803,0.1570283,0.1791824,0.2057154,0.2295759,0.2550872,0.2863016,0.3179338,0.3486191,0.3801233,0.4128132,0.4424601,0.475873,0.5078892,0.5469526,0.5753294,0.60322,0.6319912,0.6570795,0.6840293,0.7127195,0.7364005,0.757908,0.7730378,0.7846524,0.807802,0.8202714,0.8376468,0.849362,0.859266,0.8722565,0.8732139,0.8729461,0.8695703,0.8746682,0.8727725,0.8659683,0.8774715,0.8769384,0.8743731,0.8777177,0.8751045,0.8854956,0.8783262,0.897852,0.900311,0.9327753,0.970928,0.9974682,1.050945,1.117417,1.181942,1.256426,1.322486,1.411098,1.453944,1.52164,1.586458,1.596016,1.658121,1.71589,1.749013,1.72018,1.786096,1.816537,1.884565,1.964382
455.202,0.005753634,0.01663982,0.02078437,0.006996699,0.01322305,0.002318339,0.01249881,0.01386049,0.004338064,0.01772104,0.006825895,0.006205186,0.008664604,0.007680795,0.003526353,0.009828359,0.009269386,8.760542e-5,0.007529686,0.002649039,0.001646204,0.004689484,0.003462545,-9.428171e-4,2.73768e-4,0.001046288,9.197203e-4,-0.002722189,0.00297981,0.008519086,-0.005956163,0.005767661,0.005560699,0.01507857,0.013955,0.01310197,0.0154578,9.527243e-5,0.008395105,-0.003480639,0.003374521,0.002673707,0.003537471,0.002863396,0.007292547,3.790215e-4,0.003889126,0.006990122,0.003133487,0.008023864,0.001081919,0.00154694,0.002492926,0.0100236,0.008712206,0.01078241,0.00679136,0.004941004,0.006738273,6.320606e-4,0.003189485,0.00606898,0.00707346,0.002718191,0.001121921,0.002270232,0.002561525,0.006193851,0.00596018,0.009508444,0.002653119,0.004023423,0.003354258,-9.406608e-5,0.005179006,0.003906387,0.001670364,0.001399861,0.002069308,0.001911225,0.002626345,0.004409377,0.002600711,6.500214e-4,0.001037486,0.00169761,0.001850296,0.003110312,8.536401e-4,0.003018079,0.002338244,0.003313106,0.001773176,0.002020747,0.001658949,0.001150102,0.002126385,0.001793977,0.001353153,6.833604e-4,0.001997787,8.351642e-4,9.126889e-4,0.003672726,9.639619e-4,0.002898997,0.002861909,0.003753188,0.004060007,0.00513477,0.006912013,0.008005743,0.0147842,0.06495924,0.1822467,0.2395697,0.1528195,0.06630231,0.05298674,0.06457889,0.07868529,0.09523229,0.1123882,0.130436,0.1514085,0.1693182,0.1954986,0.2213139,0.2454969,0.2692688,0.3024386,0.3324514,0.3635023,0.3953972,0.4252791,0.4540139,0.4909001,0.5170181,0.5539672,0.5839997,0.6132091,0.6418802,0.6664399,0.7000001,0.7174833,0.7379618,0.7528186,0.7715648,0.784054,0.8048138,0.8197641,0.8359802,0.8459916,0.8558679,0.8605807,0.8618988,0.8659815,0.8643869,0.8651705,0.8695525,0.8711675,0.865031,0.8646817,0.8670864,0.8691529,0.8653084,0.8749356,0.8777645,0.894109,0.90795,0.9331724,0.9696548,1.021424,1.064178,1.098992,1.185691,1.27255,1.3397,1.389486,1.470559,1.519128,1.60017,1.633984,1.669711,1.747022,1.782457,1.761702,1.810447,1.907832,1.994187,1.898314
457.517,0.01534067,0.01580426,-0.005745906,0.003911359,-0.001226505,0.01281969,0.01585482,-0.006837517,0.005984222,-0.003911365,0.002863741,-0.005241455,-0.003337269,-0.001866007,-5.843616e-4,0.001950472,0.002084016,0.001674967,0.001004018,-7.427602e-4,0.006770788,-0.00353584,5.423675e-4,0.001842812,-0.003304944,0.001410462,-9.638907e-4,0.001074914,-6.978626e-4,0.001469502,5.278218e-4,0.00323023,-2.955582e-4,0.004051527,0.00545232,0.002563741,-0.00129271,-0.006474602,7.841143e-5,0.002011543,-0.003841591,-0.008544719,-0.002380673,-0.004180112,0.002490692,-8.03537e-4,0.001558021,9.478048e-5,3.930425e-4,-0.004403782,0.005526252,-0.004299003,-0.002569021,0.005047997,-0.001296649,0.001798991,4.786437e-4,-0.001349719,-0.001301725,0.002531692,4.247974e-4,0.001482716,0.004161307,-0.005617567,0.002313841,0.002255754,-0.001443214,-2.732403e-4,0.003772267,-0.003840166,0.003077338,0.0015925,-0.001050127,0.002861973,0.003177945,4.399062e-4,0.002546649,0.001762788,0.004307377,-6.613474e-4,0.001051705,0.001228647,0.001107283,9.522572e-4,0.001753177,-8.440913e-4,6.122592e-4,0.001796537,-2.312721e-4,2.066881e-4,-1.378975e-4,-0.001520014,0.001058791,3.192123e-5,-3.337772e-4,7.300707e-4,-0.001127143,-0.001011258,5.945741e-4,-1.539871e-4,2.597686e-4,-2.338781e-4,-6.946647e-4,6.014265e-4,0.001849644,0.002379544,0.003573954,0.003128819,0.004010879,0.005890377,0.007306717,0.01045829,0.0458071,0.1432896,0.2260612,0.1726042,0.07601802,0.04631646,0.05635856,0.06890869,0.08717015,0.1032868,0.1216015,0.1388963,0.1605151,0.180108,0.2046763,0.2314033,0.2572786,0.2873304,0.3160804,0.347166,0.3769627,0.4071333,0.4398819,0.4669532,0.5022283,0.5308531,0.5601826,0.5912037,0.6183604,0.6459331,0.674062,0.6973021,0.7187427,0.7422269,0.7533793,0.7724881,0.7877568,0.797813,0.8115708,0.8295419,0.8413867,0.8558407,0.8572752,0.8559292,0.8548118,0.8599972,0.8588728,0.8586574,0.8549367,0.8568062,0.8562237,0.8500433,0.8625278,0.8521218,0.8667332,0.8784209,0.884265,0.9084284,0.9252968,0.9833478,1.004042,1.065093,1.12335,1.190967,1.268206,1.345196,1.40356,1.467063,1.537691,1.568621,1.605011,1.614486,1.703159,1.722163,1.754858,1.801177,1.910516,1.828836,1.938873
459.833,-0.003369889,7.287198e-4,0.03027487,0.008074758,0.02387804,0.02445987,0.01699349,0.003309823,6.421543e-4,-0.007641168,-0.001924775,0.00398642,0.00415429,0.004914306,-9.872079e-4,0.009385799,0.00599503,5.448845e-4,0.006025349,0.005177781,0.005281111,0.001797292,0.003026059,8.52613e-4,-0.001344348,2.715741e-4,8.854965e-4,3.891704e-4,0.001888791,7.371312e-4,0.003347517,0.004412482,0.007401321,-0.01082101,-0.001735695,-0.006354633,0.008160904,0.005913671,0.002885889,0.00417154,-0.007776207,-0.001260285,0.004051508,0.00214824,0.001806057,0.003870876,-0.001447632,0.001461018,0.005814816,0.007355763,0.003473112,0.00246454,0.01060303,0.009665004,-6.458876e-4,0.008466241,0.004587217,0.00444012,0.001959273,0.002640145,0.002773013,0.00634744,0.001277956,0.00160806,0.005400163,0.002386093,0.003330913,9.668733e-4,0.005412874,0.002846959,0.003177468,0.001139771,0.006441575,0.005768463,0.001069996,0.001544958,5.114127e-4,-0.001198795,0.001431932,0.004284116,0.001687025,0.001750748,1.260258e-4,0.001446548,-9.881597e-4,6.09463e-4,0.002847423,0.002686998,0.001635697,0.00183758,7.664801e-4,4.301084e-4,4.133016e-6,8.368797e-4,-9.283205e-4,0.001401509,0.001764217,0.001047961,0.001635615,8.486862e-4,0.00149702,0.001454986,0.001180092,0.002326407,0.002115108,0.00303929,0.004679443,0.004426241,0.006701383,0.00713823,0.01062693,0.03552395,0.1176402,0.208596,0.1810141,0.08323056,0.04698907,0.05111987,0.06272828,0.0803014,0.09518475,0.1154197,0.1295835,0.149659,0.1732752,0.1939687,0.2181063,0.2445068,0.2652514,0.2962097,0.3282629,0.360835,0.3885506,0.4215801,0.44676,0.4741388,0.5060305,0.5386847,0.5718383,0.5958047,0.6265323,0.6532908,0.6754461,0.7064992,0.7210241,0.7305664,0.7540408,0.768079,0.7821085,0.7942815,0.8064461,0.8256327,0.837262,0.8430673,0.8522991,0.85403,0.8432068,0.8525205,0.852773,0.8569774,0.8492719,0.8483873,0.8439187,0.8541953,0.8594149,0.8576948,0.8659014,0.8726129,0.8881234,0.9152274,0.932296,0.9721226,1.005751,1.068388,1.123883,1.191636,1.270602,1.334298,1.413397,1.471402,1.519981,1.568288,1.609914,1.645206,1.725199,1.72897,1.716029,1.777879,1.79742,1.81699,1.92939
462.15,-0.02110211,-0.01544088,-0.003212965,0.00378427,-0.02493909,-0.01586166,-0.003293478,-0.01461195,-0.009217006,0.006183974,-0.004629643,-0.001802516,-0.00764048,0.001373154,-0.005667367,-0.006781346,-5.421602e-4,-0.006239534,-0.003892169,-0.004890838,-0.001721907,-0.002936131,-0.001230084,-0.002143673,-0.00427146,-0.003101345,-0.002857298,-0.002304575,-0.002279105,-0.004767643,-0.00705162,-0.003678504,-0.01036424,-0.007743414,-0.01137084,-0.01232189,-0.006255202,-0.01615447,-9.125759e-4,-0.005977794,-0.006728526,-0.0072524,-0.009173221,-0.004777319,-0.005014047,-0.005227553,-0.007176288,-0.01245027,-0.005722282,-0.007497187,-0.003652343,-0.003574459,-0.002372993,-0.004186391,-0.002430394,-0.008131515,-0.003890522,-0.0041704,-0.003844246,-0.002395039,0.001462645,-3.312919e-4,-0.002629555,-0.003316401,-0.004465139,-0.003198579,-0.004566944,-0.001404633,4.731385e-4,-0.003084032,8.707523e-4,-0.004698805,-0.001076109,-0.003178796,-0.001030472,-0.004411172,-0.004052437,-0.001300142,-0.003382471,-0.00100299,-0.006436058,-5.250198e-4,-0.003759781,-0.002536641,-0.003850649,-8.517606e-4,-0.004878258,-0.002737401,-1.61709e-4,-0.00145417,-0.001574545,-0.002645562,-0.002085516,-0.00245521,-0.002296348,8.920611e-5,-0.00225923,5.328025e-4,1.915686e-4,-0.001516836,-0.001640723,-7.772202e-4,6.7229e-5,0.001617473,0.001691561,0.002695451,0.002944831,0.00459408,0.005843522,0.008299309,0.02506967,0.09240872,0.1859843,0.1855275,0.09770535,0.04563713,0.04716562,0.05693966,0.07213784,0.08547438,0.1030426,0.1219304,0.1409819,0.1591154,0.1819741,0.2056673,0.2281562,0.2532629,0.2772835,0.3096249,0.3414347,0.3684851,0.3980243,0.4300197,0.4571067,0.4879781,0.5153594,0.5408479,0.5727397,0.600641,0.6269576,0.6552934,0.6724437,0.6964574,0.7229564,0.7280009,0.7485699,0.761584,0.7690765,0.7911595,0.8006936,0.8136251,0.8248836,0.8297773,0.8395365,0.8417465,0.8405019,0.8379015,0.8407595,0.8318581,0.8398007,0.8486561,0.8335391,0.8335842,0.8439876,0.8532436,0.8515293,0.8677065,0.883531,0.907378,0.919718,0.9742474,1.011281,1.056187,1.112574,1.180567,1.273309,1.337181,1.392869,1.453747,1.516025,1.570135,1.615758,1.649531,1.668625,1.693172,1.686205,1.720863,1.77582,1.77554,1.820055
464.467,0.01900829,0.0105382,0.002708901,0.01953708,0.008768475,0.006266384,0.001368681,0.01207435,0.006965558,0.002055173,-0.001905506,0.005222918,-0.004060971,0.004176809,0.007701546,0.002177325,0.001720767,0.002103032,2.548717e-4,-0.003878043,0.003504072,0.003967492,3.825854e-4,-0.001285999,0.001095121,7.488105e-4,8.805586e-4,0.001278539,5.44125e-6,0.001592345,-0.001837772,2.406684e-5,0.007645167,0.007745289,0.003942959,0.004400005,0.00388449,0.003557095,0.004685285,0.01291026,-3.15076e-4,9.892564e-4,0.01039191,0.008405011,-0.00262746,-0.002324291,-0.00111076,0.003148159,0.006294585,0.002872351,0.007593823,0.001699954,-0.00209581,0.005818238,-0.001775754,4.413245e-4,-6.295369e-6,0.002407181,-7.406891e-4,-0.001834117,-1.57106e-4,0.001979578,0.003887197,0.001068106,0.002751084,6.849718e-4,-4.774371e-4,0.004120145,-0.004689612,0.003827194,-0.001975352,0.003457374,9.611967e-4,-0.001446536,-0.002303315,7.673447e-4,0.004433349,-9.449773e-4,0.001529458,6.984804e-4,0.003971037,-0.001902033,0.001890917,0.002436618,8.965475e-4,0.001443507,0.002069629,0.002117074,-7.182655e-5,-2.607917e-4,0.004064398,8.191138e-4,7.028705e-4,0.00201342,0.001798952,8.361966e-4,-2.563895e-4,8.465443e-4,0.00136258,0.001253834,0.001590932,0.00111775,0.001271017,0.002953845,0.002916731,0.003256696,0.004513478,0.006244299,0.008315707,0.02287054,0.08336299,0.1718712,0.1899871,0.1081263,0.04948896,0.04428524,0.05334365,0.06397442,0.07786734,0.09235616,0.1101967,0.1293752,0.1477548,0.1702214,0.1925226,0.2144753,0.2387033,0.2634787,0.2871707,0.3168902,0.3449731,0.3746989,0.4079571,0.4344888,0.4646077,0.4882763,0.5179741,0.5477063,0.5776791,0.6063448,0.6270416,0.6575106,0.6777951,0.6968,0.7128364,0.7311571,0.746793,0.7517752,0.7753198,0.7809216,0.794725,0.8004564,0.8119462,0.8200607,0.8280594,0.837681,0.8228318,0.8275876,0.8271104,0.8307651,0.8203482,0.8277823,0.8274488,0.8315068,0.83346,0.8396837,0.8495588,0.8563641,0.8828865,0.9039331,0.9263052,0.9648902,1.01316,1.057598,1.127674,1.19611,1.262616,1.323104,1.414138,1.459377,1.512649,1.550164,1.563236,1.641484,1.670473,1.667183,1.674478,1.718457,1.821844,1.77486,1.813092
466.786,0.01016924,0.006230999,0.00328614,-0.004198981,0.01329563,-0.02597715,0.004685372,-0.004344495,-0.008546841,0.009606889,3.915644e-4,0.004131485,0.002292624,0.004154421,0.004981132,-0.003341098,3.081883e-5,-0.003314174,0.00498348,0.003112611,0.001562154,2.95281e-4,-0.001348889,-0.001518637,-0.001072755,-0.001216004,-0.002707615,-0.003546574,0.00142168,7.034528e-4,-4.639097e-4,0.005529922,0.006069925,8.802566e-4,0.007807642,-0.0113389,-0.002411163,0.00128905,0.00340099,0.001869371,-0.002822226,-0.001238995,0.006080942,0.007119263,0.001175649,0.002898012,3.09798e-4,-0.005849737,0.00675867,-2.346688e-4,0.003652135,-0.001405772,7.3041e-4,-0.002282931,-0.001072613,0.002568947,0.007159731,0.004754862,0.004191384,-0.001067689,3.63065e-6,0.002483671,0.002289227,0.002774315,-6.472563e-4,0.002175077,0.002924783,0.001103039,0.003345396,0.001331513,0.003799464,0.002479299,5.499078e-4,0.001171396,0.003194087,0.002879948,0.001468427,-4.669929e-4,0.001975516,-0.001007378,0.001431608,0.001596859,3.190561e-4,7.101245e-4,0.00138187,-0.00114122,0.001224424,-7.171402e-4,8.025033e-4,3.465265e-4,-9.835128e-4,2.460686e-4,0.001144413,8.121662e-4,7.843482e-4,2.17561e-4,0.001916212,7.653318e-4,-0.001385333,3.05609e-4,0.001977582,0.001476677,0.002070738,0.001971756,0.00257667,0.004196951,0.005146236,0.007365928,0.01495341,0.07012681,0.1641319,0.1961638,0.1268776,0.0515879,0.03944364,0.04909392,0.0578025,0.07024167,0.08469491,0.1004961,0.1184215,0.1405265,0.1554982,0.1796191,0.2007879,0.2215249,0.2479336,0.2715066,0.2949086,0.3251111,0.3546835,0.3802599,0.4162382,0.4448825,0.4703634,0.4973883,0.5237596,0.5512126,0.5779408,0.6069732,0.625712,0.6498084,0.674384,0.694463,0.7115734,0.7253795,0.7432516,0.747146,0.7651295,0.7752687,0.7870508,0.7951609,0.8048736,0.8053324,0.8112449,0.8167278,0.8150443,0.8141516,0.8136407,0.8097979,0.804671,0.8076576,0.8096025,0.8189672,0.8163112,0.8305294,0.8400718,0.852744,0.8702942,0.894299,0.9260014,0.9534529,1.000562,1.043331,1.114185,1.17509,1.25037,1.31551,1.371395,1.453132,1.482658,1.541244,1.561146,1.631995,1.63061,1.686558,1.690728,1.711283,1.686924,1.733846,1.834554
469.104,-0.01664301,-0.008935494,-0.001195034,-0.001743989,-0.02045948,-0.01082909,-0.01970024,-0.004245565,-0.01359325,-4.406057e-4,-0.009855524,-0.006133367,-0.006770538,-0.0078926,0.003639557,-0.004837236,-0.003012143,-0.001253369,-0.00538814,-0.00153251,-0.005469818,0.00117625,-0.001090672,-0.003025182,-0.003104493,-0.001333489,-0.004524229,-0.002516905,-0.002107417,-0.006064222,-0.004858761,-0.00118431,-0.00370609,-0.01647774,0.002153147,-0.01129917,-0.007160274,-0.006321994,-0.002112209,-0.009917123,-0.005048343,-0.003989613,-0.001123492,3.877431e-6,-0.007784967,-0.01341586,-0.003912778,-0.005234611,-0.00455273,-0.005575923,-0.00502614,-0.004678114,-0.01051561,-6.572719e-4,-0.00524202,-0.006934969,-0.00648247,-0.00332208,-0.003180989,-0.01056923,-0.003542955,-0.005436833,-0.003806777,-0.004630213,-9.919558e-4,-0.003627471,-7.925058e-4,-4.468756e-4,-0.001342873,-0.001145315,-0.001379464,-9.480346e-4,-0.001044473,-0.002852007,-0.00354367,-0.003218443,-3.387732e-4,-0.002812273,-4.344828e-4,-0.002120586,2.356255e-4,-0.001573238,1.13706e-4,-0.002182537,2.040175e-4,-0.003574273,-0.002479447,9.993986e-4,0.00165972,-0.00168461,8.096146e-6,-8.544248e-4,-4.37965e-4,-7.973614e-4,-0.001542382,-0.001348586,-9.690429e-4,-0.001312914,-3.52259e-4,8.338847e-4,2.473101e-4,3.2812e-4,0.001640435,0.003164942,0.003387143,0.004601108,0.006593063,0.01227737,0.05760265,0.1530245,0.1894447,0.134923,0.0643297,0.03886223,0.0447062,0.05279442,0.06162635,0.07625268,0.09298984,0.1087491,0.1264728,0.1463854,0.1634701,0.18363,0.2101551,0.226338,0.2548132,0.2788161,0.3045671,0.3322366,0.359658,0.3863558,0.4167265,0.4454127,0.4731018,0.4985947,0.5271354,0.5514806,0.5815989,0.6022966,0.6230496,0.6501584,0.6714901,0.6908444,0.7086068,0.7156715,0.7336862,0.7414627,0.7529804,0.7620565,0.771445,0.7772017,0.7895702,0.7970475,0.8002939,0.7971743,0.7987798,0.7998,0.7960563,0.8038575,0.7972296,0.8060274,0.8030366,0.8071283,0.8164785,0.8255544,0.8271382,0.8493038,0.8637361,0.8897011,0.9178278,0.9571853,0.995347,1.044689,1.104623,1.178467,1.228741,1.310664,1.369969,1.433976,1.473355,1.492759,1.560387,1.596358,1.644319,1.596885,1.613855,1.661541,1.627302,1.646956,1.821069
471.424,-0.01197666,0.009637223,-2.10063e-5,-0.001194424,0.01183177,0.008779489,-0.006559591,-0.009415497,-5.783223e-4,-0.008922607,0.00190321,-0.005887125,0.001005602,6.29021e-4,-6.492712e-4,0.001202876,-0.003016906,-0.003309197,-0.002015949,-0.002864268,-8.393551e-4,-0.001573374,0.001456155,-0.003027563,-0.001308787,0.003032615,-1.24298e-4,0.001753692,-0.003223561,-0.002076675,0.004857992,-0.001195451,0.0037536,-0.01220609,-0.007275092,0.001954739,-0.007502015,-0.005027476,-0.006437628,-0.001856607,-3.153255e-4,3.074275e-4,-0.009006419,-0.002953845,-0.003444272,-0.003704498,-5.553018e-4,-0.004164034,-0.007995875,-1.71965e-6,-0.001204224,-0.001626207,-0.001162614,4.524464e-4,0.002391869,-0.002711242,-0.001026166,1.995452e-4,9.605608e-4,1.092616e-5,-0.002473418,0.001918025,-0.003294602,-0.004272347,-0.00166631,1.661099e-4,-0.003349698,-9.94857e-7,-9.032453e-4,1.446997e-4,-0.001099292,1.445876e-5,-0.001190102,-2.59686e-4,-0.006080392,4.882081e-4,-9.627397e-4,-8.176807e-4,-8.053399e-4,2.254495e-4,-0.00118619,3.361938e-6,-0.00213944,0.001189952,-0.001261736,2.854108e-4,2.712963e-4,0.00053152920000000005,-0.001654817,0.001083492,2.591246e-4,-3.914341e-4,2.995913e-4,1.529248e-4,-1.43501e-4,-2.701083e-4,7.232371e-4,0.00169619,1.040185e-5,7.011583e-4,0.001073042,0.001155063,0.002887414,0.003081847,0.004669413,0.006537839,0.008664955,0.03650568,0.1468872,0.2119181,0.139931,0.06523176,0.03928111,0.04205086,0.04961857,0.05912721,0.06962491,0.08224746,0.09663485,0.1171185,0.1360216,0.1546781,0.1748768,0.1942364,0.2161331,0.2373633,0.2582893,0.2863891,0.3106826,0.3373298,0.3674524,0.3957242,0.4241639,0.4496837,0.4729162,0.499334,0.5239366,0.5586295,0.5760543,0.6033207,0.621091,0.6472181,0.6608345,0.681619,0.6975656,0.7098017,0.7233271,0.733995,0.7443126,0.7478334,0.7602917,0.7689999,0.7744855,0.7825725,0.7865942,0.7857653,0.789869,0.7800243,0.7881619,0.7883248,0.7853823,0.7875852,0.7867885,0.7941124,0.8004093,0.8101029,0.8285949,0.8333192,0.8552082,0.8777432,0.9089679,0.9554134,0.9894282,1.045475,1.096268,1.180578,1.23294,1.289756,1.349309,1.418617,1.457305,1.530026,1.539709,1.558744,1.605951,1.61115,1.613264,1.647226,1.705025,1.71718,1.793522
473.744,0.01386384,0.01367377,0.01332347,0.006535952,-0.003272766,0.007370126,0.01888879,0.02416609,0.0152481,0.01235966,0.01619457,0.004856523,0.003739934,0.007548508,0.009431523,0.01083826,0.009037852,0.00480099,0.008480552,0.00323586,6.685702e-4,0.005140165,0.0033845,0.005204948,-3.599489e-4,0.002289219,0.003037134,0.002624102,0.002791099,8.611064e-4,0.004581345,0.006928832,0.0111439,0.01675578,0.008551823,0.009661144,0.00816188,-0.001280467,0.003949005,9.122498e-4,-9.109961e-4,0.001526421,0.01074664,0.00118979,0.001706832,0.0116196,0.004778201,0.009615403,0.002627629,-0.00379619,4.834321e-4,4.568391e-4,0.006499225,0.006363011,0.001081759,0.001439326,0.003608097,0.003695428,0.002983987,0.005259654,0.00476731,0.003476042,0.007238484,0.005098531,0.007364504,0.002132606,0.003017768,0.002002702,0.005058287,0.003730474,-5.422671e-4,0.003772035,0.006719729,-0.00154723,0.001008006,-0.001113215,0.001200781,0.00116013,0.004325707,0.00343919,0.002485519,-1.092993e-4,5.129725e-4,6.853546e-4,0.00357123,0.002154409,0.003190753,0.0021483,0.002333205,0.001508565,0.001211512,0.004854052,0.00316857,0.001675925,0.002447951,0.002285167,5.822221e-4,0.00175334,0.003545969,0.003639664,0.002564628,0.003004119,0.004983258,0.006706374,0.006485154,0.01007623,0.02720207,0.1056141,0.2174585,0.1794205,0.07615456,0.03956999,0.04000983,0.04759271,0.05537324,0.06574791,0.07893891,0.08869686,0.1047148,0.1244078,0.1456364,0.1635902,0.1834121,0.2059808,0.2235102,0.244481,0.2708695,0.2974065,0.3177855,0.345273,0.372285,0.4033623,0.4240193,0.4566625,0.4833613,0.5037948,0.5326245,0.5551931,0.5736126,0.5990495,0.6197822,0.6477206,0.6630743,0.6796531,0.694133,0.7117459,0.7168372,0.7264238,0.7390494,0.7425031,0.7583752,0.7627026,0.7705115,0.7719979,0.781394,0.7765193,0.7725593,0.7743226,0.7763589,0.7742061,0.7705177,0.7834569,0.7842827,0.7778132,0.7901344,0.803648,0.8149941,0.8356819,0.8427134,0.8704593,0.9098249,0.943956,0.9911877,1.032499,1.101603,1.163816,1.237339,1.29618,1.356969,1.411596,1.476787,1.495221,1.547688,1.564777,1.598155,1.621863,1.659132,1.670979,1.723611,1.719102,1.805474
476.065,-0.003304244,0.006818239,-0.01263102,0.002381282,-0.01174029,-0.01004584,3.209152e-5,-5.859504e-4,0.007332628,-0.009329466,-7.319412e-4,-0.001272152,-9.96002e-4,-6.151015e-4,-0.003238106,5.962739e-4,-0.01011705,0.00404599,0.001112798,-0.006848784,-8.426426e-4,0.001432708,-0.001205999,6.957144e-4,2.311385e-4,8.415442e-4,-2.441751e-4,0.001619808,-0.001250814,-5.146862e-4,0.003883312,-0.002680309,-0.002983066,0.004994928,-0.0029709,0.01003981,-0.003060422,-9.1851e-4,0.005466959,-3.000997e-4,0.002833687,0.006753157,-0.00206519,1.199429e-5,0.001422768,-0.001951029,-0.004170214,-0.00384656,-0.002903851,4.896977e-4,-0.002349544,0.001634592,0.002539753,-0.0024779480000000002,0.004121845,-0.001648873,-9.922721e-4,-0.003087061,7.563878e-4,-0.0028798,-0.002633132,0.00780714,6.895227e-4,5.211647e-6,-0.001499882,-0.002451119,-9.615911e-4,-0.002317906,-8.929452e-4,0.001160074,-5.540269e-4,0.00296222,-2.489384e-4,9.065098e-4,-0.001495512,-0.00146105,0.001310638,-0.002224288,-3.49943e-4,-9.893315e-4,7.253402e-6,-0.004067824,4.034905e-4,-3.944621e-4,-5.693408e-4,0.00158275,-0.001728377,0.001688189,-7.787866e-4,-0.002254611,-0.002334899,-2.309875e-4,-7.553203e-5,1.565475e-4,-6.300018e-4,0.00100769,9.633034e-4,-4.667119e-5,9.756405e-4,5.360869e-4,0.002611802,0.002847665,0.003768512,0.005021079,0.007493316,0.01966441,0.08660692,0.1888072,0.2044459,0.09730546,0.04197533,0.03794361,0.04388884,0.0526783,0.06137646,0.07081936,0.08160538,0.09623693,0.1114233,0.1304549,0.1504587,0.1691138,0.1889606,0.2073097,0.2278127,0.2455961,0.2716257,0.3017832,0.3213761,0.3501476,0.3769838,0.4060666,0.4300746,0.4573804,0.4799431,0.5046098,0.5284501,0.5550768,0.577947,0.6012062,0.6215431,0.6333199,0.6580635,0.6774476,0.6793527,0.6953257,0.7072745,0.7096901,0.7256176,0.7335914,0.744373,0.7414142,0.7555944,0.7585302,0.7602191,0.7634567,0.7659868,0.7637915,0.7573761,0.7643364,0.7608031,0.7616779,0.7701984,0.7773219,0.7773204,0.7932424,0.8017867,0.8208926,0.8396589,0.8703947,0.8885315,0.9417512,0.9764651,1.032653,1.095918,1.161184,1.222061,1.294101,1.334745,1.38867,1.43437,1.487708,1.531335,1.550281,1.565737,1.56188,1.544387,1.623356,1.686497,1.626679,1.740822
478.387,-0.006545973,-0.01215662,-0.008739065,0.00413451,-0.01298814,-0.01329015,-0.0135674,-0.01105047,-0.003332981,-0.004851009,-0.006706253,-0.006794051,4.95886e-4,-0.00839945,-9.594014e-4,-5.891167e-4,-0.00352997,2.746408e-4,5.90519e-6,-7.436875e-4,-0.002367716,0,-2.279939e-4,-0.002517975,-8.164647e-4,-0.001436813,-0.002763691,-0.003842011,-0.001240644,-0.002037263,-0.001797807,-0.002390563,0.005907298,-0.006628946,-0.005038686,0.005373189,0.002054849,1.908358e-5,-5.813468e-4,-0.002435713,-0.008367841,-3.051201e-4,-0.009743626,-2.803145e-4,0.003437078,-0.00560666,0.001961509,-0.003811576,-7.797008e-4,-0.00248337,0.00237096,-0.003010261,-0.002045387,-8.936787e-4,-0.004736015,0.001033628,-1.934364e-4,-0.003062831,0.001492166,-0.001249948,-8.589324e-4,-1.618864e-4,0.00171375,-8.434599e-4,0.003318337,-0.002420006,6.958484e-6,-9.170966e-4,0.001196138,-0.001840501,2.828663e-4,0.001207645,-1.248207e-4,-0.004204919,-8.717559e-4,-0.001336121,-0.001539004,4.739504e-4,0.001590619,2.214707e-4,-0.0018132,0.00114859,-0.001399389,5.92991e-4,-7.516354e-4,-0.002132592,-0.002352948,-7.728076e-5,2.640178e-4,-4.041939e-4,-6.350645e-4,-1.532162e-4,-0.001642197,0.001296022,7.014276e-4,-4.572243e-4,3.946127e-4,-2.907213e-4,0.002220468,0.00201713,0.002103515,0.003094047,0.005370864,0.006755987,0.01450571,0.07391045,0.1943917,0.2234599,0.1229173,0.04514601,0.03719471,0.04251493,0.04912063,0.0573577,0.06532066,0.07558116,0.08848303,0.1021958,0.1187272,0.1351128,0.1543826,0.1743446,0.1950733,0.2162774,0.2353725,0.2534059,0.2805727,0.3027514,0.326399,0.3563613,0.3846365,0.4055053,0.4302816,0.46004660000000003,0.481802,0.4984003,0.527424,0.5464694,0.5735637,0.5973387,0.6085523,0.6306635,0.6447695,0.6647056,0.6736227,0.6885741,0.6934213,0.7016415,0.7061099,0.7192058,0.7269126,0.732052,0.7438547,0.7445974,0.7468958,0.7437709,0.7458184,0.74443,0.7379715,0.7491209,0.7420265,0.7511262,0.7577807,0.7625706,0.7689702,0.7805107,0.7905998,0.8069319,0.8346055,0.8519442,0.8949831,0.9198932,0.9637865,1.020132,1.081157,1.143895,1.211089,1.261789,1.327427,1.378668,1.410472,1.469482,1.502792,1.536611,1.54955,1.545258,1.530736,1.606747,1.58272,1.682374,1.700803
480.709,0.001306695,0.003998506,0.007500948,-0.004129212,-0.009709627,0.006615807,-0.002625223,-0.006776878,0.006100623,0.004879474,0.002603009,0.001737426,0.007123621,0.009324372,0.01090756,0.006846427,0.008946345,4.989164e-4,4.365641e-4,-0.002469995,0.001162183,0.003658882,4.71663e-4,0.001369387,-0.001410626,0.002623958,-3.616214e-4,3.590572e-4,0.001103278,0.004260064,2.296234e-4,-3.279499e-4,-3.675926e-4,-0.01453198,0.01554138,-0.001157686,0.008774303,0.004644825,0.00722634,0.001810541,0.002459205,0.004842302,0.002941189,-0.002593112,-5.617843e-4,-0.006732102,-0.006088031,0.004342333,0.001294891,9.768684e-4,2.277081e-4,0.001389213,-7.029867e-4,0.005825146,0.004097953,0.002690209,0.002971034,0.002666499,-7.476695e-4,0.001236906,-0.002281033,0.001554396,0.002374256,-5.061971e-4,-0.00149277,0.001770636,0.003936494,0.003052902,0.00072679350000000005,9.803315e-4,0.001094731,0.00293094,0.001423989,0.002289764,0.001985592,0.00412336,-8.283461e-4,3.295144e-4,0.002584685,-7.738113e-4,3.2005e-4,-6.609719e-6,0.002003734,0.001365008,0.001809275,-0.001938408,-2.247795e-6,0.001145283,0.002219408,-0.001411888,0.001774857,0.001552801,0.001939426,3.540475e-4,-8.700518e-6,9.322302e-4,6.328132e-5,0.002039651,0.002805602,0.00406579,0.003474489,0.006085288,0.005726892,0.01064083,0.04892517,0.1771331,0.258352,0.16388,0.06075274,0.03784121,0.04130993,0.04828934,0.05398275,0.06236421,0.07228886,0.08253875,0.09367675,0.1074494,0.1226957,0.143779,0.1626164,0.1826258,0.2011786,0.2191432,0.2402802,0.2589808,0.2849359,0.3065992,0.3307786,0.3569551,0.385252,0.405932,0.4351088,0.4578048,0.4812106,0.4986956,0.5261327,0.5462915,0.5669986,0.5895586,0.605695,0.6244561,0.643807,0.6504194,0.6663035,0.6806377,0.6859468,0.6907356,0.6982814,0.6991176,0.7204419,0.7289356,0.7323556,0.7341174,0.7375491,0.7339624,0.7314286,0.7314646,0.733414,0.7333943,0.734441,0.7434614,0.7440096,0.7552219,0.7624272,0.772104,0.7798478,0.8043897,0.8255108,0.8540255,0.8785316,0.9170036,0.9641858,1.012653,1.0756,1.147987,1.195346,1.278457,1.325276,1.365543,1.396081,1.425245,1.488118,1.481413,1.515573,1.524543,1.544897,1.618687,1.572834,1.645449,1.664752
483.032,0.004644541,0.004083943,-0.004989383,-0.00289341,-5.772213e-4,0.02468637,-0.006407636,-0.01228022,0.01902411,-0.004383169,-0.002975774,0.003282643,7.661607e-4,9.615591e-4,-0.00255399,-0.0071402,0.002190175,0.001287603,0.001111831,0.001145391,7.864922e-6,0.003545536,0.002398453,8.141338e-4,-3.485493e-4,-0.002266536,2.491213e-4,5.060602e-4,-0.001501794,-3.326201e-4,0.001153029,-2.747847e-4,0.004438621,8.62678e-4,-0.002939837,2.464277e-5,-0.003346152,0.001263605,0.004823215,6.172874e-4,-0.009582544,0.004897436,-0.002651191,-2.548353e-4,-0.003651049,-0.009777184,8.515186e-4,0.007904615,3.015635e-6,0.001761907,0.001431001,-0.002728855,-0.003431162,6.777338e-4,-0.002576312,-0.002254496,0.001790149,-3.665612e-4,0.001492517,-0.001588264,0.002095562,0.003112832,3.559162e-4,0.003552516,0.003641734,0.00147683,-0.001887602,-0.001980507,-7.233608e-4,-0.002133602,-0.004664263,9.512139e-4,-0.002858114,0.002937226,0.001505818,8.603137e-4,8.344447e-4,2.567424e-6,0.00114021,0.001646666,5.438591e-4,0.001044244,8.186759e-4,-4.878211e-4,8.6725e-4,9.638557e-6,0.001183513,0.001779669,-0.001278598,6.718646e-4,0.001450461,0.001714307,-3.639653e-4,7.94885e-4,4.992107e-4,4.806693e-4,-1.731825e-4,0.00422888,0.003530169,0.003230791,0.003872611,0.006771478,0.008773338,0.03198437,0.1367175,0.2470248,0.2025075,0.08195754,0.03755727,0.04047904,0.04589926,0.05184639,0.06140862,0.06691066,0.07775038,0.0885009,0.1034096,0.1140249,0.1300187,0.1506811,0.1690981,0.1872441,0.2097023,0.2251304,0.244474,0.2640987,0.2902324,0.3143943,0.3321483,0.3584998,0.3885935,0.4124342,0.4350576,0.4571611,0.4786743,0.5039413,0.5268056,0.5475428,0.5668978,0.5838346,0.6060977,0.6183873,0.6342314,0.6438597,0.6603548,0.6726191,0.679788,0.6832426,0.6909027,0.6983309,0.7026594,0.7099077,0.7121428,0.7265102,0.7187778,0.7219555,0.7167734,0.7197719,0.7209855,0.7226511,0.7306869,0.7273753,0.7317059,0.7409393,0.7524908,0.7631553,0.7736855,0.7958612,0.8176633,0.8392742,0.8746057,0.9181904,0.9605918,1.010594,1.063207,1.131544,1.194853,1.243593,1.30595,1.361282,1.393373,1.416765,1.424312,1.49632,1.481134,1.533053,1.593055,1.56762,1.548896,1.562343,1.668601
485.356,0.01114521,0.02777309,0.008848564,-0.00119217,0.003226232,0.001319246,0.01100391,0.01110154,0.01231416,0.0127237,0.002616091,0.004276158,0.005442627,0.01369645,0.003214613,0.004780258,0.007352189,0.003255045,0.001772338,0.003588258,8.43268e-4,5.631605e-4,0.006362059,-6.913757e-4,0.00164006,0.001676163,0.004085086,2.397522e-4,0.0033172090000000002,3.444402e-4,0.001591808,0.008054675,0.007387768,1.252873e-5,0.005064721,0.008059331,0.0148406,0.0121621,5.999472e-4,-0.005482789,0.007124471,0.00577111,0.002356167,0.008975968,-0.001981854,0.002521853,0.008076951,0.004899401,0.00818081,0.003749904,0.002141612,0.003466079,-2.29415e-4,-0.001806348,0.007987799,0.002083455,-0.001607356,0.001156801,0.002229952,0.00484735,0.002274037,0.004143957,0.003924523,0.00286496,0.003818758,0.00163296,3.207857e-4,0.00168218,0.003555292,0.002416616,0.002751106,4.117425e-4,7.749312e-4,0.001526685,0.001372829,0.002312464,0.001058422,0.003588673,0.001466598,-5.533753e-4,0.001075631,0.001145398,0.001713195,-2.932722e-4,0.002576233,0.003064874,0.001630838,9.181288e-5,0.001464375,0.002406892,-0.001129917,6.214857e-4,0.002102927,0.002175115,0.003415497,0.001539398,0.002006632,0.004472321,0.006090619,0.00579467,0.006565054,0.01040641,0.0217989,0.1017009,0.2176718,0.2114259,0.1031254,0.04141768,0.03929037,0.04520305,0.05104828,0.05707153,0.0641693,0.07401622,0.08292995,0.09461393,0.1109719,0.1195895,0.1367459,0.1566984,0.1758343,0.1965885,0.21137040000000001,0.2351473,0.2523817,0.272981,0.2968057,0.3204097,0.3391214,0.3669792,0.3876877,0.4160181,0.4372163,0.4612704,0.4885538,0.5019488,0.5230964,0.544624,0.5629823,0.5838314,0.5981885,0.622377,0.6279932,0.643357,0.6573891,0.6638286,0.6636738,0.675512,0.6764279,0.6870224,0.690309,0.700443,0.7096268,0.7091373,0.7044287,0.7083548,0.7114601,0.7080541,0.7110096,0.708688,0.7160965,0.723737,0.7243414,0.7264161,0.7446693,0.7554819,0.7613437,0.7952878,0.8092545,0.8408881,0.87905,0.9067241,0.9479035,1.008942,1.066695,1.132872,1.172831,1.247492,1.295572,1.318733,1.355707,1.41204,1.434868,1.451254,1.473343,1.510616,1.563577,1.514781,1.603113,1.670441,1.595263
487.68,0.01512105,0.01220068,0.01133457,0.01241212,-0.002585825,-0.005290039,0.002621927,0.009268778,0.01959465,-0.001942009,0.001506331,0.008829425,0.007397382,0.005288852,0.001614807,0.006570555,-0.004355798,0.004508778,0.003323636,0.002276017,0.004374359,7.11377e-4,0.001197752,9.215962e-4,5.930992e-4,0.001312996,0.001921178,8.688631e-4,5.807989e-7,0.003757856,0.003410236,0.001804068,0.004803595,0.005397313,0.01012162,0.004982852,0.001361578,-0.002809493,-8.194885e-6,0.00700181,0.002496913,0.002747673,0.01126296,-0.00231962,0.005391246,0.01098015,0.003331614,0.003543524,0.004248164,0.004014974,0.00237744,-0.001396761,-0.001373899,0.001581022,4.356742e-4,0.003540173,0.001396522,0.002699495,0.00111527,0.002329935,0.001228849,0.00448829,0.00701781,0.004216752,0.002310304,-8.143831e-4,0.0022215,0.001224401,0.004880494,0.002279985,8.199582e-4,-0.002019762,0.001171151,0.003590926,0.001624406,0.002570589,0.002616896,0.003601084,0.002497163,0.004289022,0.002563666,2.112475e-4,4.975626e-4,0.002551038,0.001731395,0.001766617,2.756032e-4,0.00300313,0.003442151,0.001250183,0.001292335,6.334445e-4,1.767536e-6,0.002389411,0.002443026,0.003484686,0.003300287,0.004358549,0.00491266,0.004838932,0.008497831,0.01644837,0.07835396,0.1953721,0.2199296,0.1172848,0.0469251,0.03649748,0.04286607,0.04903285,0.05651028,0.06278222,0.0707912,0.07947921,0.08889672,0.1007498,0.113708,0.1294753,0.1450324,0.1623351,0.1813832,0.2031135,0.2177285,0.2360557,0.257128,0.2779923,0.2993312,0.3196876,0.3403019,0.3654558,0.3894564,0.4176829,0.4380178,0.4605947,0.4802738,0.5017064,0.52225220000000006,0.544485,0.5619591,0.577143,0.5926913,0.6143638,0.6232796,0.6377791,0.6431997,0.6537522,0.6630135,0.6650083,0.6750572,0.6710813,0.6859003,0.687627,0.689329,0.6928651,0.6995093,0.7008874,0.6939303,0.6967727,0.6979901,0.6994063,0.6996839,0.7106528,0.7144919,0.713882,0.7316353,0.7451592,0.7561742,0.7739978,0.8085068,0.8350049,0.853136,0.905291,0.941592,0.9920717,1.049943,1.106843,1.167685,1.233179,1.29697,1.317198,1.339341,1.372512,1.409953,1.441712,1.48223,1.487149,1.482941,1.518287,1.584526,1.535148,1.676394
490.005,0.001303248,0.006814053,0.001308507,-5.653242e-4,0.006505468,2.301238e-5,-0.005148911,-0.006153232,2.928819e-5,-0.009327893,3.883093e-4,-0.003018314,-0.003706248,-3.24102e-4,0.001949959,0.003590169,8.324181e-4,-0.00424835,-0.002430172,0.0018993,-0.002356137,1.421343e-4,-0.003360365,-0.002291211,0.001179748,0.002403401,-1.154298e-4,7.464044e-4,-1.364765e-4,0.003421895,-6.727471e-4,-0.0011776,3.820488e-4,-0.004145308,0.005926024,0.01155198,-9.934222e-4,0.001887934,-6.044553e-4,0.003975119,-0.008072805,0.00243062,-0.002937366,-0.00145292,-0.004536016,-0.004228699,0.005287398,2.922143e-4,0.004223142,0.001021073,-0.002591331,0.003487783,-0.005074095,0.002254287,0.001731176,-0.002890604,1.060369e-6,-0.00153592,-0.001471269,-0.001421307,-0.001052602,-0.004138779,-0.004606847,-8.326162e-4,-0.001820357,-0.001463437,-0.00189167,1.55712e-4,0.001192638,9.981418e-4,0.001247607,4.072718e-4,-0.002214469,-7.651759e-4,-0.00261776,3.772149e-4,-5.859334e-4,-6.337604e-6,6.799038e-4,-0.001643463,6.500956e-4,-8.282709e-4,6.719099e-6,-0.003130665,5.736918e-4,1.853282e-4,-6.270089e-4,6.265084e-4,-6.841456e-4,-4.985274e-4,-4.774392e-4,1.699937e-4,6.804881e-4,-2.78793e-4,3.598534e-4,-5.927258e-4,0.004393834,0.003436147,0.00521622,0.006614598,0.01222828,0.06087667,0.1785356,0.2346899,0.1444851,0.05332726,0.03476176,0.04090012,0.04662732,0.05337689,0.06022109,0.06726229,0.0749773,0.08426645,0.09284061,0.107005,0.1200239,0.1318953,0.1480425,0.1661811,0.1864999,0.2057643,0.2227503,0.2398258,0.2616362,0.2796709,0.2995439,0.3215248,0.3405198,0.368791,0.3891267,0.4153171,0.4355686,0.4608957,0.4775759,0.4937478,0.5140807,0.5323131,0.5552755,0.5705215,0.5888441,0.6004501,0.6142479,0.6202549,0.6350929,0.641201,0.6486654,0.656919,0.65800670000000006,0.6632305,0.6666591,0.6768092,0.6837124,0.6897129,0.6785843,0.6853292,0.6853475,0.680813,0.6894459,0.6818137,0.6902773,0.693452,0.7019154,0.709739,0.7249749,0.7363144,0.7556363,0.7702101,0.7936088,0.8186321,0.8569033,0.9009461,0.9276067,0.981819,1.037986,1.090714,1.16104,1.207484,1.254771,1.2963,1.335463,1.35658,1.380237,1.437637,1.474405,1.509021,1.523817,1.498167,1.511347,1.567595,1.552296
492.331,0.008561767,0.01966733,0.02015779,0.003558636,0.009139548,-0.001967783,0.0161763,-0.003660369,0.01065754,0.01034193,0.004129502,7.622186e-4,0.009883846,0.01153722,0.004199012,0.00836224,0.004364531,0.006275157,-0.001756174,-1.788656e-4,0.001690612,0.004115302,0.003124362,0.002992071,5.931035e-4,0.004561445,0.002282461,9.981749e-4,0.002359494,0.002394816,-0.001127503,0.005400869,0.004449095,-0.005378114,0.004268199,0.005385354,0.005435062,0.001885239,0.009988102,0.004270742,0.003733715,0.00274903,0.006241786,8.862545e-4,0.003422839,0.001134326,0.004737505,2.745685e-4,0.001852404,5.199557e-4,0.003785498,2.244591e-4,0.003684878,0.004504472,0.004773486,0.001659802,0.003791813,0.003277949,0.002614922,0.002700305,-0.002253685,0.002592881,8.688631e-4,6.917928e-4,0.001840698,9.913124e-4,0.005382511,3.132424e-4,0.002221948,0.003424139,0.001106764,-0.001862662,0.001047016,0.002048675,0.001006578,-7.326529e-4,0.001312893,0.004525077,0.001141136,0.004289422,-0.00192002,0.002189398,0.002928056,0.004409719,0.002212386,-4.456354e-4,0.003350503,0.002399994,0.001810431,0.001261276,0.001129151,0.001099488,0.002104711,0.001673924,0.002313623,0.004028805,0.003563219,0.004616705,0.007365416,0.01000037,0.03815306,0.14946,0.2345731,0.1717182,0.06743861,0.03541186,0.03830752,0.0452107,0.05251009,0.05925303,0.06665937,0.07134002,0.08000202,0.09027617,0.09858187,0.1103796,0.1245604,0.137749,0.1549396,0.1705679,0.1943029,0.2080234,0.2285777,0.2453458,0.2615189,0.2850132,0.3035257,0.3269284,0.344339,0.3702554,0.3916476,0.4160725,0.4356298,0.4542166,0.4715101,0.4908157,0.5122405,0.5316011,0.5471892,0.565362,0.580762,0.5914907,0.603162,0.6205401,0.6280108,0.6344243,0.6377997,0.6419511,0.6412315,0.6492613,0.6572727,0.6611467,0.6612035,0.6656578,0.6736192,0.6643702,0.6672297,0.6684571,0.6726268,0.6737632,0.6802632,0.6876662,0.6893016,0.6978362,0.7112994,0.729247,0.7490192,0.7678823,0.7872427,0.8102775,0.8436601,0.8854229,0.9235531,0.9590296,1.01692,1.080765,1.152687,1.202145,1.249628,1.273849,1.305811,1.353024,1.385098,1.415087,1.441569,1.424509,1.471423,1.447598,1.534273,1.510814,1.589577
494.657,0.009870381,0.0101678,0.002540326,0.01356557,0.01750751,0.01932683,0.005167878,0.01783367,0.01620881,5.07081e-4,-0.003348993,7.68525e-4,0.001235878,0.004667534,-0.002891804,0.001202838,0.001090215,0.003524609,0.00134196,5.802047e-4,0.003527896,0.002411156,-5.918344e-4,0.002983234,7.093263e-4,-1.067372e-4,0.004195846,0.003340548,0.002346515,0.003407413,-0.002930001,0.01401185,0.01142854,0.001685241,0.005935314,-0.001510902,-0.001333719,0.002509358,0.004825961,-0.001211161,0.003406719,0.0027465,-0.003224566,5.967432e-4,0.005116066,8.518498e-4,0.006394881,0.008423201,-0.002094047,5.07422e-4,0.003783324,0.005549082,7.15582e-4,-4.344248e-4,0.003462897,0.003113427,0.001206677,0.0021264,0.00297664,0.005916847,0.004721073,0.004147449,0.002055079,0.00489511,0.004638664,0.001150341,8.012481e-4,-0.002127384,0.00148292,-0.001412902,0.001790597,0.004147168,0.002097175,0.002434378,-4.997152e-4,0.001702094,-7.04487e-4,0.003234122,0.001020367,0.004277656,0.002886771,0.001352573,0.002316919,-1.897117e-4,4.857006e-4,0.001123206,0.003714625,9.822865e-4,9.459223e-4,0.003571878,3.26184e-4,0.001865142,0.00165797,1.603731e-4,0.002374083,0.00341902,0.005228946,0.007273381,0.009977388,0.02461537,0.1157216,0.2211101,0.1847073,0.0829363,0.03875461,0.03519563,0.04130306,0.04864921,0.05555018,0.06236872,0.06951786,0.07781877,0.08615123,0.09451507,0.1052812,0.1147989,0.1284538,0.1429048,0.1583049,0.1774821,0.198667,0.2097706,0.2317203,0.2471969,0.2684256,0.2868678,0.3015651,0.3240553,0.3432426,0.3665741,0.3906304,0.4102581,0.4326523,0.4557919,0.4733008,0.4909716,0.5060309,0.5205906,0.5346727,0.5509517,0.5713977,0.5796322,0.5965545,0.6115259,0.6160843,0.6251852,0.6224239,0.6270026,0.6302529,0.6339334,0.6405895,0.6470634,0.6552046,0.6562017,0.6529739,0.6561206,0.6589101,0.6514382,0.6587644,0.6594388,0.6658615,0.6684034,0.6819374,0.6873785,0.7013769,0.7221454,0.731387,0.7497754,0.7697601,0.8087134,0.8345162,0.8600662,0.915316,0.9523681,1.013254,1.074413,1.118281,1.188894,1.227352,1.250987,1.300005,1.334611,1.370136,1.393597,1.433399,1.452803,1.440467,1.41583,1.463564,1.517451,1.599633
496.984,0.002004208,-0.001324402,0.01565185,5.589406e-4,-0.003218172,0.01128091,0.01671941,0.01226341,2.590989e-5,0.01221682,0.002977695,0.002754571,0.005161415,-0.001239064,0.001289149,0.009782111,0.006225832,-0.002488178,0.004610284,0.002072046,0.003016555,0.001264601,0.001429679,0.001141224,0.002450291,-3.532204e-4,0.002511726,0.003576112,1.945958e-6,0.003055156,0.003398128,0.003270682,0.001484494,-0.001242966,4.225178e-4,1.832349e-6,0.001685236,0.001248255,-8.899753e-4,-0.002125532,9.36805e-4,-2.801083e-4,0.002657758,0.008932558,-0.001410206,0.003080068,0.007739635,0.002443498,0.001061649,0.00198273,0.01010401,0.001615211,0.005504926,-8.883529e-4,-0.001078362,0.001864165,9.954736e-4,0.002289382,0.002399959,-3.536124e-4,0.005566397,0.004464583,0.00374798,0.003868336,3.291298e-4,0.005329565,0.002205455,0.002287241,0.001771259,0.003830863,0.004649281,0.001603087,1.301594e-4,0.001021084,8.69399e-4,0.001821558,-2.337331e-4,-1.118798e-4,-1.051753e-4,3.335256e-4,0.001277094,-0.001342495,-4.895458e-4,5.83334e-4,7.571641e-4,0.002410116,0.001630665,0.002727753,1.752396e-4,0.001498793,0.001284528,0.004173664,0.003061021,0.002314917,0.004651098,0.004202943,0.004635401,0.007074554,0.01531673,0.08273682,0.2176079,0.2037177,0.0902933,0.03878238,0.03332164,0.03884756,0.04522441,0.05234996,0.05995641,0.06779373,0.07474034,0.08180214,0.08991835,0.09922412,0.1099442,0.120458,0.1332045,0.1483494,0.1651731,0.1814531,0.1987041,0.2161038,0.2353578,0.2537937,0.2685588,0.2828835,0.3048593,0.3253199,0.3470973,0.3630435,0.3874364,0.4104312,0.429747,0.4426715,0.4653854,0.4806187,0.5019715,0.5097723,0.5321478,0.5422719,0.5605836,0.5663233,0.5808629,0.5930685,0.5953118,0.6063104,0.6056373,0.6169644,0.6151391,0.6185297,0.6295384,0.6316052,0.6339115,0.6326493,0.6379372,0.636764,0.6370602,0.6437155,0.6355395,0.6462814,0.6542048,0.6609451,0.6576753,0.6798443,0.6904656,0.7024875,0.7111602,0.7338632,0.7556989,0.7917012,0.824022,0.8553886,0.9023787,0.9494283,0.9903958,1.055576,1.117668,1.157536,1.18978,1.244209,1.278944,1.291484,1.329459,1.372403,1.382247,1.397977,1.368375,1.379075,1.4036,1.470385,1.494108
499.311,0.003283842,0.002034867,-0.01810844,-0.01637807,0.002577229,0.007308541,-0.008989419,0.003066203,5.551484e-4,0.005372222,-0.01040543,-0.00451039,-0.004173207,-6.235985e-6,-0.001272633,-0.002669562,-0.007022584,-0.001239228,-0.00176155,0.002258585,-0.003338754,-9.771012e-4,-0.004889913,-0.001482896,-0.00176005,-2.388009e-4,-0.002024343,-0.001227354,-0.002341405,-0.001013356,0.002035511,0.004463073,-0.006968294,0.001659129,-0.003775863,-0.00113112,-0.003004915,-0.001863024,-0.001190464,3.114886e-4,-0.00153998,-0.006945974,-0.002638468,-0.001144511,5.686112e-4,-0.002796918,-0.00718715,-8.133199e-4,0.002893022,5.217539e-4,-0.004939134,4.619952e-4,-0.006629268,-0.00133313,-0.002148008,-0.002266973,-0.005539733,-0.002483739,-0.007758279,0.002327409,-0.002595833,-0.002051886,0.001362208,-0.001676774,-8.268025e-4,-3.236758e-4,0.002357462,-0.005174596,-0.001759568,-0.001837986,0.001373607,0.001192644,-0.003635529,-0.003300601,-0.00272927,0.001103196,-0.001541751,2.138821e-6,0,-8.731941e-4,6.446471e-4,7.181988e-4,-0.001093697,-0.002430989,-0.001900671,0.001659596,-0.001347271,0.001240848,6.193114e-6,-1.587674e-4,0.001293953,-9.91152e-4,-4.33933e-4,0.001809441,0.002022283,0.003207353,0.004451455,0.01212115,0.05561692,0.19683610000000001,0.2365525,0.1188556,0.04085528,0.02949502,0.03525574,0.04211444,0.0482772,0.0542791,0.06313552,0.07027701,0.07828997,0.08538694,0.09337712,0.1035973,0.1132783,0.1231158,0.1363152,0.1493703,0.1668221,0.1816196,0.1995156,0.2178166,0.2298892,0.2535173,0.2660884,0.2829436,0.301919,0.3202391,0.3389915,0.3656699,0.3850272,0.4032702,0.4196588,0.4370998,0.4576175,0.4764427,0.4950812,0.5035758,0.5199777,0.536169,0.5450699,0.5551823,0.5687688,0.579717,0.5889388,0.595399,0.5964968,0.5977052,0.6054477,0.6042143,0.6090954,0.6108648,0.6208576,0.6220699,0.6225523,0.6270258,0.6206151,0.615527,0.62222,0.6293097,0.6341721,0.6362146,0.6477916,0.6508578,0.6701683,0.6829991,0.7046979,0.7224509,0.7547859,0.7711318,0.8036818,0.8483441,0.8824146,0.9204666,0.978779,1.026114,1.084036,1.134191,1.181949,1.213819,1.265677,1.2796400000000001,1.308102,1.350152,1.398026,1.343063,1.360396,1.317785,1.366076,1.335735,1.36287
501.64,-0.007170998,-0.005373047,0.01563487,0.004121036,0.01357126,0.01329486,0.01097082,-0.004284121,0.007253622,-0.005840481,-7.452806e-4,-0.003767685,0.002458125,-0.003714172,0.004493586,-0.004153133,0.00271721,0.002013593,0.001764098,-0.001122227,-0.003015293,0.00337894,-0.001192673,9.197729e-4,0.00198829,0.001076714,-2.348743e-4,-0.00233866,4.118807e-4,-6.816398e-4,-0.002040765,0.004762038,0.002199683,-0.006210904,4.089566e-4,0.003839972,0.006031148,7.079601e-6,0.01112168,0.006674258,-0.009886034,0.001522892,0.009739506,-0.004890628,0.005645901,0.004471001,0.008574538,-0.005697792,0.007361235,0.002243733,0.005174449,-0.003905629,4.580731e-4,-0.002464518,0.001068488,-6.119475e-4,0.002381983,-0.002874306,9.258845e-4,1.833618e-4,-6.922373e-4,3.474572e-4,-6.727832e-4,-0.002343648,-1.690766e-4,0.001140452,0.002212631,0.00350434,-0.002778606,-0.001840693,5.570346e-4,0.003058633,2.647387e-4,-0.002281129,8.711505e-4,-1.156328e-4,0.001776556,0.002884112,-7.855268e-4,0.001207275,-0.001693833,0.001355035,0.001305149,0.00126991,-1.83445e-4,4.689389e-4,6.34651e-4,0.001940143,0.001799452,6.736794e-4,0.00169359,0.00124639,2.313513e-4,9.497384e-4,0.006036135,0.005014212,0.009915959,0.04588587,0.1609025,0.285369,0.1642139,0.04955482,0.0304202,0.0320664,0.03849517,0.04560655,0.05148274,0.0587638,0.06777208,0.07483622,0.08157559,0.09089234,0.09901852,0.1068687,0.118187,0.1289257,0.1425471,0.1553335,0.1722113,0.1833848,0.2040809,0.2216008,0.237016,0.2490681,0.2687336,0.2858938,0.3044355,0.3222118,0.3393493,0.3601008,0.3774151,0.3957969,0.4203612,0.4338857,0.4503881,0.4658051,0.4826735,0.4983125,0.5142682,0.5217569,0.5342371,0.5512551,0.5642175,0.5707693,0.5753816,0.5738645,0.5880012,0.5910254,0.5908319,0.5890164,0.597799,0.6035629,0.6100542,0.6032549,0.6081231,0.6100885,0.609848,0.6111973,0.6133413,0.6195501,0.6233332,0.6362873,0.6486574,0.6474233,0.6677725,0.6789338,0.6955419,0.7151588,0.7358033,0.7681865,0.7929566,0.8305262,0.8720906,0.920051,0.9620139,1.010183,1.061303,1.109269,1.158388,1.184708,1.212858,1.243109,1.275814,1.304248,1.332174,1.307271,1.341305,1.341652,1.357439,1.379654,1.339302
503.969,0.01176696,-0.002000492,-0.00562109,-0.00585475,-0.01287837,-0.005261648,-0.01027895,-0.003021742,-0.01499958,0.004406407,-0.01896521,-0.003756803,-0.002438842,-0.002164575,-0.009924088,4.742595e-6,-0.003501285,-0.003718033,0.001545526,-0.005817304,-0.002843721,-4.151279e-4,4.838762e-4,-0.00159356,-0.003155289,-0.002017982,-8.308581e-4,-1.170764e-4,6.36786e-6,3.4503e-4,-0.002248373,0.00417233,7.48024e-4,-0.006158983,-0.01046784,0.005751106,-0.002997614,2.273287e-5,-0.004496803,-0.006647388,-0.002763197,-0.01057811,0.006194089,0.001176271,8.673002e-4,-0.006134039,-0.007731215,0.01002775,-0.002875528,-0.002483861,-0.003281468,-0.001348947,7.129396e-4,-2.169285e-4,0.002157041,0.001447578,0.002787691,-0.003629231,0.001306239,0.001081034,-0.002599195,1.803619e-6,9.279818e-6,0.001850834,0.001657465,-8.002347e-4,-0.002664909,0.001526856,2.994017e-4,-5.541094e-4,-0.004508159,2.792692e-4,-6.456e-4,0.001271724,-0.002106562,8.542982e-4,-2.324855e-4,-2.21534e-4,-0.001902431,4.428183e-4,-0.001690573,-3.007146e-4,-0.001805587,4.883219e-4,-0.001137579,-7.304886e-4,9.628456e-5,-6.146927e-4,-3.267763e-4,0.001077845,-3.880698e-4,4.793588e-4,0.0014307,0.003613479,0.002869619,0.008404856,0.03357193,0.1354874,0.2512612,0.2395344,0.07672565,0.02873003,0.03210404,0.03593616,0.04190256,0.05101498,0.05571366,0.06372659,0.07283588,0.07762591,0.08730652,0.09433661,0.1007854,0.1117289,0.1199641,0.1293292,0.1445455,0.1576211,0.1721004,0.1881112,0.2063069,0.2207769,0.2357902,0.2542759,0.2704397,0.2826197,0.3055345,0.3217951,0.3377212,0.3567894,0.3788057,0.395252,0.4107095,0.4277859,0.4461294,0.4590666,0.4748898,0.4919004,0.5012468,0.5087036,0.5257156,0.5309894,0.5460195,0.5534436,0.5591891,0.5686242,0.566462,0.5685268,0.5731402,0.5778544,0.5832298,0.5857318,0.5893733,0.5921435,0.5907174,0.5949185,0.5947711,0.5935359,0.5988454,0.6063914,0.6137254,0.6145809,0.6263477,0.6348746,0.6507203,0.6603103,0.6803615,0.7102018,0.7220869,0.7522768,0.7817022,0.8179202,0.8569207,0.8981736,0.9547472,0.9889143,1.055464,1.099045,1.136789,1.175225,1.184835,1.224184,1.25409,1.287609,1.35979,1.264998,1.308638,1.326107,1.311253,1.316494,1.33141
506.298,-6.332241e-4,0.001346274,-2.900655e-5,0.01230652,0.0116067,0.01260756,-0.004518999,-0.001228088,0.001110421,0.002935097,-0.005203992,0.003504268,0.005395838,6.174561e-4,0.004156528,0.004743521,0.001877562,2.475683e-4,0.001103687,0.00093590260000000005,-0.0030020480000000002,0.002114223,0.001313689,-7.960578e-4,4.640532e-4,0.002736059,0.004649382,7.412164e-4,0.001375829,-0.001861994,0.001349288,-2.913566e-4,3.640633e-4,-0.00331291,0.008367693,0.00305268,0.009037917,0.008342076,0.004490598,0.002423353,0.00461322,0.00210948,0.001766661,0.006901027,-0.002252571,0.004175889,0.007172193,0.002713477,0.00942616,0.004945404,0.002120078,0.00664955,0.001581355,0.003353996,2.130923e-4,0.001024831,0.003172151,0.004972578,5.650039e-4,0.005339075,0.005040755,-0.002057386,6.788453e-4,0.003521464,-8.313017e-4,0.002263263,0.003456525,-0.001070209,0.002335353,0.003816604,0.001497757,2.699881e-4,0.001034409,0.002286944,0.003472065,-0.001818837,-8.203262e-4,-1.173192e-4,0.002464376,0.002512269,2.07106e-4,0.001138525,0.003003089,0.001261235,0.002847631,0.001487666,0.001704095,0.003602216,0.001798542,0.001411279,0.002479862,0.002791476,0.003805704,0.008125282,0.008103679,0.02037589,0.1093565,0.266737,0.2684724,0.1348717,0.0343543,0.02844015,0.03485385,0.04145583,0.04755575,0.0536932,0.05812263,0.06529654,0.0760029,0.08286174,0.09117406,0.09800996,0.105773,0.1148758,0.1254742,0.1337246,0.1489376,0.1583067,0.1762498,0.1919894,0.2080012,0.2239217,0.2361194,0.2505348,0.2680019,0.2800935,0.3010935,0.3171336,0.337162,0.349598,0.3729349,0.3876967,0.41157,0.421014,0.440595,0.4499725,0.4664114,0.4770736,0.4967461,0.5053404,0.5175353,0.5292462,0.5404737,0.5407318,0.5502229,0.5529632,0.5514944,0.5572298,0.5569253,0.5611329,0.5614714,0.5735068,0.5703208,0.5797272,0.5755003,0.5781865,0.5787251,0.5824106,0.5848062,0.5940098,0.5967745,0.604309,0.6153965,0.617201,0.6325819,0.6505063,0.6660221,0.6917129,0.7092264,0.740213,0.7693628,0.8001852,0.8407515,0.8826459,0.9248249,0.9759298,1.034697,1.087639,1.119151,1.146088,1.171464,1.195802,1.265979,1.255183,1.278656,1.267343,1.283564,1.252097,1.315391,1.270909,1.328629
508.629,0.007815044,-0.001989759,-5.651426e-4,0.01284236,0.001960227,-0.01384368,0.01347963,0.004904308,-0.003299871,0.009736621,0.002234456,-0.004491046,0.005626856,0.001553055,2.220399e-5,-0.005010489,8.125892e-4,-0.0057020940000000004,0.001317902,-3.662167e-4,-0.001820474,-0.003495877,-0.001307592,-0.002157186,-9.288639e-4,-0.00201165,-5.89135e-4,-0.002080329,-2.699403e-4,-0.001183925,6.846159e-4,-0.004123976,3.773396e-4,-3.851228e-4,-0.003753444,3.903736e-4,-0.001314124,-0.00553861,-0.005968544,-0.002697288,-6.044951e-4,-0.001208216,-0.004099539,-0.00513165,-0.006748009,-0.001378202,-0.005213067,-2.577731e-4,0.004196225,-7.349081e-4,7.09102e-4,4.585567e-4,-6.681171e-4,0.001124804,-8.438535e-4,-0.003470978,-0.003333595,-0.007427774,-0.001464688,-5.243652e-4,0.001739724,-0.0013529,0.004231011,-1.584324e-4,0.002807484,0.002259354,-0.00171385,4.60755e-4,0.001905675,0.001000602,-0.003129313,-0.003564452,5.28077e-6,0.001143892,-0.001110104,-0.002412686,0.001536525,0.001150995,-5.619331e-4,-9.749419e-4,1.11974e-4,-0.002975595,-8.864342e-4,4.858664e-4,0.001231343,-2.636243e-4,-0.001063951,0.002636389,0.00214155,0.002804874,0.001772118,0.003245984,0.002247453,0.004388062,0.0119352,0.07686408,0.2243483,0.3131884,0.1823252,0.04981647,0.02501626,0.03113273,0.03599204,0.0422652,0.04780639,0.05707051,0.06104281,0.06890931,0.07830643,0.08638539,0.0937287,0.1007306,0.1089685,0.1166521,0.1271395,0.135877,0.1477643,0.1602522,0.1758415,0.19213,0.2071284,0.2213269,0.2346091,0.2526364,0.2669899,0.2786917,0.2964527,0.3126185,0.3342339,0.3464672,0.3687476,0.3821688,0.3976926,0.4075133,0.4250847,0.4400411,0.4546196,0.466816,0.48421959999999997,0.4944448,0.4986079,0.5123901,0.5173567,0.5259878,0.5332826,0.5378405,0.5398158,0.5417294,0.5440829,0.5493583,0.5464454,0.5541444,0.5556477,0.5564431,0.5598277,0.5596519,0.5633118,0.5626038,0.571221,0.5784224,0.5844954,0.5865716,0.5972302,0.6046384,0.6207193,0.6303072,0.6521692,0.6704109,0.6940864,0.7173157,0.7494301,0.785527,0.82084,0.8572624,0.8994324,0.965106,1.003307,1.029445,1.088459,1.121012,1.163541,1.181425,1.199369,1.250752,1.221974,1.231229,1.243604,1.23308,1.243004,1.339395,1.314244
510.959,0.02198672,0.01866387,0.0192443,0.003500228,0.01791852,0.01052531,0.02357299,0.01336604,0.002234431,1.094935e-5,0.006647356,0.004475917,0.002668236,0.01257777,-6.242479e-4,0.002057475,0.003762047,0.001738329,0.004579553,0.00391596,0.002823603,0.001400628,-5.898526e-4,0.002260896,0.004515461,0.004837466,4.804054e-4,9.786872e-4,0.001361592,0.003027931,0.003133247,0.0152884,0.004366907,0.01353504,0.01288775,0.009093585,0.003982592,0.008899022,0.00536711,0.003609018,0.004295564,0.00720395,0.004092177,0.003717746,0.00391696,0.00139299,-8.089941e-4,0.002150791,0.006235865,0.006170288,0.006287694,-0.005225228,-9.075697e-4,-0.0015427870000000001,0.003832526,0.002247707,0.003924901,0.001334473,0.006033857,0.003187254,0.003445981,0.004937823,0.004207358,3.369729e-4,0.005875314,-0.001113786,0.001721925,-0.001049946,-8.684378e-4,0.001405955,0.004881375,0.004741079,0.004121431,0.002015629,0.002097608,0.005041348,0.002116174,0.002521483,0.003680398,-2.10018e-4,0.002733392,4.075504e-4,0.002288049,-9.516845e-5,7.587211e-4,0.001197812,0.002772519,0.004015753,0.001790003,0.003696216,0.00453421,0.00323596,0.006291879,0.008789762,0.04692432,0.1787392,0.2646934,0.2186108,0.08262775,0.02848535,0.02915137,0.03653806,0.03991012,0.04660811,0.05200197,0.0597542,0.06526938,0.07130586,0.08044095,0.08925608,0.09432576,0.1034231,0.1105577,0.1202716,0.1300203,0.1387653,0.1507296,0.1632027,0.1762948,0.1933174,0.2078423,0.224116,0.2347289,0.2519918,0.2607599,0.2768499,0.2929651,0.3093665,0.3230004,0.3402542,0.3589759,0.377336,0.3900575,0.4082656,0.4202272,0.4304836,0.4428844,0.4564267,0.4696191,0.4769976,0.4896156,0.4996068,0.5072219,0.5142315,0.5153934,0.5245353,0.5275404,0.5280215,0.5314223,0.5320881,0.5352868,0.541127,0.5438965,0.5399907,0.5486488,0.5498867,0.5482564,0.5444907,0.5568451,0.5539447,0.5650645,0.5775736,0.5772938,0.5932794,0.6097692,0.6193637,0.6363634,0.6534843,0.6801687,0.7058602,0.7403255,0.7706171,0.8059626,0.8357101,0.8941276,0.9379448,0.9797263,1.021101,1.052971,1.096525,1.110608,1.156881,1.210522,1.18834,1.209395,1.19063,1.212599,1.233191,1.269309,1.201625,1.30812
513.291,0.008404954,0.0312841,0.0228744,0.01274038,0.01085664,0.03146818,0.02733851,0.02480459,0.007135252,0.01736086,-0.002552343,0.003722135,0.004608851,0.007043341,0.01109271,0.009082995,0.005619554,0.006657026,0.00717001,0.002984956,0.003142831,-5.449909e-4,0.003305818,0.004171568,0.002083386,0.00106349,-0.00329582,0.003046045,0.004079859,0.008721066,0.01094393,0.01379303,0.009081002,0.005717986,0.01617175,0.006057568,0.01329178,0.005218064,0.007434576,0.008086745,0.003362125,0.005687555,0.01366724,0.008823378,0.00669854,0.004415077,0.008457012,0.003744554,0.004931133,0.01031348,0.003492206,0.008862541,0.00747115,0.004202732,0.01082454,0.006109954,0.005476072,0.004162871,0.004211272,0.003697963,0.002753396,0.001871737,0.003863453,0.005305663,0.004405955,0.006862626,4.679959e-4,0.006471211,0.003774756,0.005872284,0.004465148,-7.836406e-4,0.004627845,0.005401957,0.004053901,0.00466914,0.006295667,0.004328257,0.006115102,0.005080828,0.004093866,0.002760185,0.00494962,0.005484377,0.004507652,0.001554563,0.001251569,0.003483049,0.003555252,0.003527463,0.005554601,0.005831914,0.009520169,0.03421087,0.1263321,0.2412961,0.1856254,0.09535945,0.03385795,0.0289201,0.03209875,0.03729929,0.04296463,0.04813286,0.05488072,0.06145057,0.06884875,0.07727246,0.08550143,0.09217551,0.09922576,0.1051078,0.1139589,0.1227878,0.1305405,0.1381912,0.1513717,0.1652263,0.1795574,0.1957351,0.2074743,0.2220782,0.2343731,0.2460529,0.2625998,0.2744139,0.2912678,0.3034765,0.3222061,0.3393703,0.3536287,0.3731573,0.3819598,0.39757,0.4143853,0.4195628,0.435147,0.4474175,0.4607997,0.4652193,0.4736354,0.4867045,0.4916836,0.498782,0.5010321,0.5094434,0.5140744,0.5087624,0.5152817,0.5123295,0.5159317,0.5223639,0.5231138,0.5257541,0.5337081,0.5309946,0.5280287,0.5357282,0.5408486,0.5465133,0.54600630000000006,0.5608764,0.5667875,0.5814338,0.593596,0.6069734,0.624262,0.6417047,0.6727236,0.689589,0.7254015,0.7474462,0.7876632,0.8263278,0.8652682,0.9170358,0.9546171,1.01053,1.031952,1.053569,1.11721,1.12727,1.152871,1.154481,1.146301,1.1673230000000001,1.195607,1.184727,1.202404,1.216324,1.291889
515.623,-0.005144986,0.009973726,-0.002465627,-0.01152762,-0.004449743,-0.01767129,-0.00504469,-0.01508853,-0.008771149,-0.006730126,-0.009158582,6.467006e-6,-9.626301e-4,-0.006406307,0.00126556,2.968847e-4,-0.001593597,7.36663e-4,0.001735371,-3.72645e-4,-0.002142146,-0.002358059,5.900687e-4,2.291825e-4,-1.142212e-4,-0.001398594,0.002238669,-0.001093775,1.361808e-4,-4.972346e-4,-0.001550444,0.001180606,-0.006513998,8.320918e-4,-0.005372013,-0.004900069,-0.007934192,-6.168208e-4,-0.00177989,-0.004485986,6.129207e-4,-0.006266174,-5.727014e-4,0.001703337,5.619079e-4,-0.006613216,-0.007615241,-0.003471384,0.003868943,-0.002455261,-0.002548898,-0.001360247,-0.00137356,-0.003961264,-0.006780089,0.002236071,-0.001370697,-0.001881754,-9.03129e-4,-6.956547e-4,-0.001027727,3.456052e-4,-0.002008078,-0.00148576,-0.001625846,-0.001430627,3.154005e-4,-0.001048216,-0.001593863,-0.002645753,4.599202e-6,-0.001566339,-7.630456e-4,-0.002506363,-0.001592705,-0.00345866,-0.001279595,-9.06419e-4,-5.521839e-4,1.10715e-4,-8.321656e-4,-1.983985e-4,-6.839951e-4,-1.909035e-4,-0.001492731,9.105718e-4,5.38658e-4,0.00269287,0.001523778,0.00360661,0.002697102,0.004679322,0.01976124,0.08837368,0.196605,0.1939377,0.08175989,0.02886289,0.02716916,0.02999616,0.03210552,0.0380017,0.04289679,0.05106115,0.05566653,0.06349955,0.06922857,0.07672421,0.08563404,0.09311362,0.09886475,0.1080126,0.1148493,0.1219697,0.13195490000000001,0.1402208,0.1502737,0.1612782,0.177138,0.1899019,0.2056884,0.2193005,0.2307961,0.2457562,0.2581408,0.2686962,0.2832649,0.2997866,0.312934,0.3278441,0.3435352,0.360267,0.3742917,0.386694,0.3980252,0.4100075,0.428072,0.4339944,0.4417516,0.4502284,0.4642211,0.4712487,0.4797387,0.4863091,0.488771,0.4911556,0.4943999,0.4966661,0.4990878,0.4990156,0.4998502,0.5098988,0.5090287,0.5087894,0.5141918,0.5136844,0.513611,0.5169205,0.5212368,0.5277372,0.5350733,0.542181,0.5486363,0.5664101,0.5773491,0.5916275,0.6091996,0.6268404,0.649617,0.6757737,0.7019573,0.7411544,0.7595211,0.8014317,0.8477008,0.8975084,0.9333979,0.9724834,1.027878,1.032983,1.06633,1.116784,1.112236,1.110479,1.119588,1.153719,1.145391,1.139604,1.1281080000000001,1.114764,1.201222
517.956,0.004489357,0.004641567,-0.007984046,0.004043093,-0.01961268,-0.009762514,-0.00885341,-5.940667e-4,-0.00598568,0.009132482,0.004762171,7.474523e-4,-0.003611901,-0.002430292,-0.009755264,-0.004945163,0.002396575,-0.001707687,-0.002807196,0.003889512,8.335832e-4,0.001939449,8.266885e-4,3.368027e-4,-0.002298054,-1.140266e-4,8.238611e-4,-5.977284e-4,0.001491917,-9.985682e-4,1.090453e-5,5.929287e-4,0.003975871,-0.003231814,0.005372789,-0.002967199,0.005629992,0.003351776,0.003840482,-0.006247467,0.005460186,0.002985547,-0.0043321,-0.004521241,0.006661629,-0.003830325,0.004352428,-0.00291892,0.001298583,-0.005603202,-0.002064327,0.004748902,0.004054011,-4.350628e-4,-0.003584547,-0.001206149,-7.733485e-4,-0.002450569,-0.004889788,0.001408427,0.002568228,5.605863e-6,0.001342176,0.001489321,-1.497876e-4,-7.884826e-4,-1.496619e-4,-0.001635961,7.255595e-4,0.002654082,-0.002416354,-0.001038067,0.001917592,6.303537e-4,0.001101492,-0.001666212,0.001170187,-0.001581952,0.00122982,-0.001394115,5.230323e-4,-0.001821122,7.879341e-6,-8.597798e-4,0.001127327,6.495508e-4,0.002397413,4.438512e-4,0.003122264,0.003754638,0.004897589,0.0115438,0.06692481,0.1786722,0.1857683,0.09266478,0.0299741,0.02222357,0.02730231,0.03094834,0.03461043,0.04179275,0.04495413,0.05324121,0.05849087,0.06558731,0.07234583,0.07989749,0.0877038,0.09470882,0.1019416,0.1087593,0.115741,0.1243554,0.1311085,0.1386224,0.1520991,0.1637524,0.1750828,0.1908373,0.20311,0.2176721,0.2267315,0.239624,0.2529697,0.2620828,0.2792013,0.2942543,0.3059826,0.3233319,0.3359182,0.3548204,0.3657162,0.3794708,0.3905185,0.3961066,0.4083348,0.4222476,0.42910740000000003,0.4408018,0.448876,0.4550878,0.4635209,0.4770689,0.4692583,0.4742866,0.4779287,0.4786934,0.4865388,0.4806422,0.4798685,0.492259,0.4908977,0.4910697,0.4954898,0.5002311,0.5017068,0.5048052,0.5036635,0.5170968,0.5225987,0.5273736,0.5377177,0.5518165,0.5629258,0.5763033,0.591017,0.6125321,0.6311385,0.6651421,0.6834893,0.7215196,0.7475025,0.784463,0.8347432,0.8663942,0.9078311,0.94809,0.9631952,1.019454,1.051861,1.082008,1.065681,1.06924,1.108573,1.121465,1.128345,1.081101,1.092695,1.114075,1.147944
520.289,0.002580828,0.011239,0.008620219,0.01153601,0.003802339,0.005887031,0.002571519,0.02043331,0.01474915,0.00192533,0.01133116,0.002959925,0.001219198,0.01126722,0.003785915,0.001462415,0.003461693,0.01005579,0.003892063,0.004992798,8.257081e-4,0.002218419,-0.002570594,0.001905231,0.001723051,0.003275601,0.001057346,0.003512778,0.003242219,8.352225e-4,-0.00154953,0.006707742,7.233942e-4,0.01055533,0.008673337,0.01089736,-0.001962041,0.007006314,0.001782345,0.003580877,0.004256301,0.001793465,0.005507207,0.009905491,-0.002475965,0.002200678,0.004894528,0.009053059,5.335731e-4,0.007082428,0.006010699,-0.002702271,0.002936794,0.007239533,0.00464771,-0.001204278,0.007196879,0.00470885,0.003463722,0.005260927,0.005467983,0.003887586,0.005675548,0.002137255,0.002110658,-3.084844e-4,0.001395057,0.001799412,7.282774e-4,0.001252251,0.002822906,0.002617628,-2.494232e-4,-0.001865902,-0.001820562,4.83144e-4,0.002442813,0.001697767,0.005079074,4.396483e-4,0.003861639,0.001225417,0.002166212,9.585965e-4,0.001588457,0.005824093,0.002837955,0.00398222,0.002869134,0.004076226,0.006879355,0.04520139,0.1496844,0.1983668,0.1168457,0.03374712,0.02166814,0.02365768,0.02843193,0.03130888,0.0382768,0.04339356,0.04898304,0.0551226,0.05937409,0.06765822,0.07194269,0.08219591,0.08867795,0.09755603,0.1045582,0.1117145,0.1186797,0.1240212,0.1338335,0.142984,0.1521686,0.1621117,0.175581,0.1900922,0.2033535,0.2140535,0.2269488,0.2379234,0.2513611,0.2620645,0.2771821,0.2872438,0.3010018,0.3165124,0.330254,0.3430691,0.3553974,0.3701114,0.3806127,0.3913481,0.4001344,0.4099104,0.4205531,0.4288624,0.4389445,0.445112,0.4525052,0.4593665,0.4630187,0.4639375,0.4680121,0.4662249,0.4684727,0.4699766,0.4733499,0.4715494,0.4782081,0.4786946,0.4821243,0.4906093,0.4817914,0.4877301,0.4920626,0.5020785,0.5067811,0.5177773,0.5208384,0.5365271,0.5466033,0.5636222,0.5750019,0.5990813,0.625142,0.6366647,0.6661025,0.7022047,0.7392778,0.778198,0.7973934,0.8427684,0.8914541,0.9240763,0.9517508,0.9854637,1.046122,1.029434,1.063673,1.072368,1.07041,1.080732,1.074002,1.111432,1.138297,1.082116,1.170771
522.623,-0.007687224,-0.02114495,-0.02331917,-0.01610153,-0.01519298,-0.007802998,-0.02397325,0.002416256,-0.01091148,0.005748403,-0.002921407,-0.004920651,-4.745957e-4,-0.003031339,-0.005342789,5.86933e-4,-0.007423139,-0.006108878,-0.003238887,-0.001843538,-1.566763e-4,1.689648e-6,-0.001167609,-0.003247811,-6.901128e-4,2.357215e-4,-0.001873736,-0.001326601,6.790168e-4,-0.001995345,-0.005990705,0.00466684,-0.008637028,-0.004047363,-0.005766001,-0.001485777,-0.004280783,-0.008809495,-0.003824131,-0.005934198,-9.052653e-4,-0.001189396,-0.001153391,-0.01185878,-0.008585918,-0.001641615,-0.005968113,-0.005307058,-0.00205011,-0.008528227,-0.001381405,-0.008784003,-0.006506811,-2.177977e-4,-8.404247e-4,-1.9151e-4,-0.002905585,-0.004131339,-0.004883344,-0.004197121,-0.002560219,-0.002529,-3.32056e-4,-0.002140469,-0.002588034,-7.90072e-4,-0.001385385,-0.004333294,-0.001723412,-0.001243196,5.432436e-4,-1.211345e-4,-3.788151e-4,-0.002865437,-0.00231308,0.001077436,0.001044761,0.001363402,-0.00109465,3.256393e-4,-4.115198e-4,-4.019584e-4,0.001485988,0.001340187,-0.001954342,-0.001171123,0.003019658,0.001052459,0.001114298,0.005629002,0.02716617,0.1205835,0.1903841,0.1325919,0.04381113,0.01829442,0.02410856,0.02668515,0.02796493,0.03214368,0.03923789,0.04334382,0.05120435,0.05472469,0.06045958,0.06932236,0.07568641,0.08283946,0.09110997,0.09858052,0.1035858,0.1104243,0.1190171,0.1247669,0.1339782,0.1415731,0.1515374,0.1615113,0.1750866,0.1879607,0.198758,0.2127268,0.2230145,0.2348651,0.2450809,0.2565761,0.272835,0.2815692,0.2941773,0.3060297,0.3247534,0.3340786,0.3446802,0.3637324,0.3681786,0.3802437,0.3885054,0.4004926,0.4052852,0.4159573,0.4222719,0.4313807,0.4379313,0.4451771,0.4449709,0.4454988,0.4494116,0.4557455,0.4517695,0.4528656,0.4559606,0.4602337,0.4634087,0.4600544,0.4647478,0.472299,0.4700987,0.4730353,0.4753356,0.4794354,0.4923154,0.5032072,0.50847850000000006,0.5228472,0.5315614,0.5473979,0.5548169,0.5730847,0.6056187,0.6295376,0.6404567,0.6841368,0.7066293,0.7437732,0.7872595,0.8233113,0.8715309,0.8915405,0.9147748,0.9597918,1.001457,1.007118,1.015847,1.031446,1.020018,1.018699,1.01151,1.014022,1.018822,1.063442,1.047503
524.958,-0.01018096,0.01185388,-0.004852207,-0.004567386,-0.003144686,6.714535e-4,-0.01567929,0.0143539,0.02607584,0.004772469,-0.001438038,-0.001213695,0.002884947,-0.008771745,0.01065519,-0.007530622,0.002914667,0.003901245,-0.001066015,-0.003482655,-9.795112e-4,-0.002747868,3.509405e-6,3.096072e-6,-0.001712044,8.166286e-4,-0.001746525,8.429661e-4,-3.995668e-4,-3.267464e-4,-0.003082766,-0.001151456,-3.576224e-4,0.001623761,0.002885547,0.001878124,-0.006546642,-0.003927568,0.005872265,8.877417e-4,-0.001498502,0.003558181,-0.001418781,1.602355e-5,0.005516227,0.002192998,8.090365e-4,-0.004214193,-0.001524786,6.13608e-6,0.00184441,-0.001103849,-0.003786684,-0.003921806,6.110457e-6,-0.003210769,9.686444e-4,1.922732e-4,0.001984124,-0.001041055,1.750956e-4,-0.001672423,-0.001485972,-0.003105944,-1.4788e-4,-0.004728518,-0.003219703,5.974518e-4,-0.003300883,-0.001104388,-1.275709e-4,0.001300184,1.318161e-4,-0.001483917,9.72681e-4,-0.002475025,-2.23547e-4,-0.001787621,4.424507e-4,4.341952e-4,-0.002693895,0.001522127,0.001672522,0.002475113,-3.641475e-4,6.434007e-4,8.880134e-4,0.004563492,0.004862126,0.01740028,0.09101777,0.1753811,0.1491527,0.05687863,0.01946121,0.01994129,0.02292437,0.02678863,0.03077816,0.03469685,0.0404248,0.04580301,0.05229569,0.05685385,0.06216691,0.07014785,0.07657626,0.08453373,0.09121824,0.09845189,0.1054651,0.1129514,0.1192821,0.1253739,0.1323342,0.1414472,0.1516415,0.1615676,0.1746894,0.1855558,0.1967742,0.2070887,0.2182733,0.2311125,0.2392344,0.2474856,0.2686623,0.2747372,0.2895663,0.3002424,0.3168489,0.3231395,0.3324491,0.3511359,0.3585286,0.3681718,0.3770427,0.3866795,0.3960662,0.401561,0.4107802,0.4151896,0.4223247,0.4237111,0.4310072,0.4305734,0.4335787,0.4368525,0.4321596,0.4394695,0.4404154,0.4394618,0.4507866,0.4512019,0.4508529,0.4529699,0.4540355,0.4553649,0.4640158,0.4732619,0.4747713,0.4825814,0.4929162,0.5057083,0.521361,0.5263331,0.5467207,0.5662076,0.5828638,0.6037741,0.6376354,0.6598083,0.6911193,0.7251385,0.7664428,0.8006062,0.8398613,0.8602231,0.9143486,0.9410157,0.9773727,0.9715366,0.9651762,0.9946989,1.00309,1.008365,0.9908555,0.9857101,1.029739,1.04402,1.04279
527.293,-0.006997774,-0.02366554,-0.0256608,-0.01314645,-0.01068693,-0.02916112,-0.007521037,-0.005375582,-0.01682585,-0.01284194,-0.0090668,-0.009796912,-0.005272751,-0.01027785,-0.007193721,-0.01070862,0.001063405,-0.003405477,-0.00600709,-5.44587e-4,4.944849e-4,-0.001921725,-0.002911152,-0.003899827,-0.002395994,-8.065938e-4,-6.96559e-4,-0.005412539,-0.002285132,-0.002977223,-0.003968852,-8.636492e-4,-0.008598558,-0.0157437,-0.009001169,-0.005954515,-0.002278784,-8.961385e-4,-0.01143388,-0.01064496,-0.00421657,-0.005022979,-0.002005024,-0.00308639,-0.006617899,-0.01718081,-0.0075456,-0.01084075,-0.005374858,-0.008494857,-0.007569189,0.002697264,4.590547e-4,-0.01091601,-0.007548252,-0.004218012,-0.004062805,-0.002995039,-0.001790665,-0.004170877,-6.752171e-4,-0.004354842,-0.004635855,-9.731247e-4,-0.007567935,-0.004092197,-0.005829481,-0.005496784,-0.002572787,-6.868462e-4,-0.003607081,-0.001939307,-0.005578498,-0.002355998,-0.005452397,-0.002359047,-0.003452418,5.740363e-4,-0.00174477,-9.932579e-5,-3.053555e-4,-6.9579e-4,-0.001652528,-0.003231905,-0.001004445,7.425428e-4,0.002223749,0.003373575,0.008182651,0.0619949,0.162574,0.1700626,0.07532584,0.02077659,0.01485076,0.01910979,0.02374903,0.02769948,0.03119306,0.03603915,0.04033152,0.04764441,0.05243302,0.0586204,0.0652865,0.07047734,0.07889438,0.08379807,0.09188527,0.09962322,0.1057313,0.1110226,0.1183981,0.125067,0.1354584,0.1420905,0.1494457,0.1584858,0.1712583,0.1842297,0.1948625,0.2042845,0.2138356,0.2254519,0.2342791,0.2449277,0.2593059,0.2711089,0.2788115,0.2943431,0.3063453,0.3118951,0.3281439,0.3388851,0.3486952,0.355199,0.3675595,0.373509,0.3817257,0.3905846,0.3981445,0.4049566,0.4086997,0.4128219,0.4140817,0.4196202,0.4199108,0.4199914,0.4299551,0.420347,0.4244682,0.4260593,0.4312253,0.4368496,0.4392681,0.4346427,0.4374544,0.4419837,0.4464343,0.4556715,0.4697678,0.4670948,0.4801083,0.4959934,0.5039801,0.5127408,0.5319866,0.5531669,0.570526,0.5871682,0.6165826,0.6457928,0.6639691,0.7075286,0.7535613,0.7766378,0.8014135,0.8467806,0.8801093,0.9262658,0.91639,0.9279941,0.9324878,0.9403947,0.9515831,0.9726303,1.000956,0.937191,0.9665266,0.9761484,1.016787
529.629,0.00128962,-0.003936798,-0.01339887,0.01720015,-0.01888962,0.003284877,0.005065181,0.02093654,0.003823331,-0.00092884110000000005,-0.001807515,-0.001706869,0.004325316,1.666349e-5,0.004707947,0.004056274,-0.00289216,0.005362543,0.004732205,0.004229359,0.001644497,0.001796877,0.00116896,-1.057186e-4,-7.91583e-4,-0.001039252,0.001054206,0.001808748,2.731263e-4,0.001327335,-0.005290601,-0.002305491,-0.007885219,0.00122679,0.004522935,0.005604072,0.005596682,-0.008158741,0.008803861,-0.002943939,0.003620452,9.043538e-4,-5.609046e-4,0.002256352,2.939118e-4,0.01173183,-0.00106544,0.003979597,-0.004591531,0.001709605,0.001167037,-0.001327459,9.056684e-4,0.002410962,-2.055814e-4,8.132163e-4,-0.003084024,-1.784735e-4,0.003986002,0.002799882,0.002892756,0.002018743,-1.588685e-4,0.00295634,0.002909799,0.002217023,3.138159e-4,0.003132283,-8.55923e-4,0.002501463,-5.289797e-4,-0.001162594,-2.491878e-4,0.001869237,-8.41456e-4,0.001071364,-1.065998e-4,0.003272021,-7.630169e-4,1.159195e-4,1.073749e-4,9.230224e-6,7.916311e-4,0.001713963,0.002986876,0.003446935,0.003100023,0.008116649,0.04893323,0.1491541,0.1799571,0.09611786,0.02644306,0.01799793,0.01949951,0.02208681,0.02642844,0.03154395,0.03430297,0.03897132,0.04335814,0.05095187,0.05611309,0.05938962,0.06655829,0.07297409,0.0799317,0.08592651,0.09440237,0.09983858,0.1057196,0.1127524,0.1174099,0.1262483,0.1314919,0.1392079,0.1475701,0.1590771,0.1727817,0.1819596,0.1937606,0.2029748,0.2166513,0.2231411,0.2342055,0.2415934,0.2522782,0.2679362,0.2757954,0.2885792,0.3023052,0.3125986,0.3180437,0.3336517,0.3373904,0.3466708,0.3554689,0.3647241,0.3730949,0.3781235,0.3882122,0.3923508,0.399811,0.4021008,0.4044228,0.4066165,0.4111665,0.4129215,0.4102908,0.4125659,0.4100524,0.4179514,0.421414,0.420803,0.4229356,0.4292225,0.4319709,0.4341733,0.4356511,0.4442382,0.4496359,0.4557845,0.4655789,0.4763395,0.4879599,0.5058709,0.5182711,0.5396308,0.5565887,0.5818618,0.6079716,0.6280179,0.6528389,0.6876434,0.7245169,0.7612415,0.7948342,0.8376681,0.8892187,0.9069607,0.8844219,0.9191928,0.9151363,0.9410805,0.9303541,0.9600658,0.9408366,0.9495928,0.9740036,0.9958935,1.032642
531.966,-0.004457059,0.006587788,-0.004277137,0.002859413,0.002532887,-0.009066818,-0.01384486,0.005410998,0.00817372,-0.005236267,0.004010959,4.956467e-4,-0.001201793,-0.001512534,-0.005954336,5.803041e-4,5.335756e-4,-0.004133939,-0.002359915,-0.002571696,0.002296192,2.210517e-6,4.713216e-4,3.356339e-4,0.002746525,4.673916e-4,-0.001632213,-4.798958e-4,0.001212785,0.001826028,-0.001321172,-0.003775181,0.003241248,-0.00242674,-0.003674563,0.006731452,-0.008522566,0.003334969,-0.00909673,0.002374109,0.002412321,2.970547e-4,8.765971e-4,0.002254423,-0.004964635,0.001377017,-0.004309351,0.003456106,5.260798e-4,0.003652493,-0.008270096,2.331521e-4,-0.002006667,4.061424e-6,2.134918e-4,2.138609e-4,-0.00483396,-0.001863691,0.00633075,8.733862e-4,-3.394624e-4,0.001345624,0.001501104,-0.001469734,-1.582859e-4,1.644716e-4,-0.001224138,-0.002228261,4.375787e-4,-0.001929712,9.440765e-4,0.002087183,-0.002281473,3.158091e-6,-0.001942237,0.001901271,0.001390378,-2.217198e-4,8.830901e-4,-3.154836e-4,0.001978185,-8.042245e-4,1.036844e-5,0.004287341,0.002518396,0.002729182,0.003285209,0.02749825,0.1240302,0.1836757,0.1246185,0.03616203,0.01534617,0.01689706,0.01993209,0.02218762,0.02639951,0.03177893,0.03424172,0.0385957,0.04508379,0.0503401,0.05427005,0.06092961,0.06727221,0.07415527,0.08002854,0.08484379,0.09465742,0.1017008,0.1065697,0.1126358,0.1186787,0.1241097,0.1313563,0.1387984,0.150874,0.1572015,0.167747,0.1768121,0.1915732,0.201895,0.2096527,0.2206082,0.2272961,0.2357256,0.2476465,0.2579738,0.2706681,0.2782398,0.2906787,0.3014513,0.3137614,0.3221421,0.3267373,0.3429092,0.3516545,0.3559565,0.3629135,0.36968,0.3719556,0.3812011,0.3844595,0.3907751,0.3970229,0.3953161,0.3982609,0.3980245,0.3982309,0.3984118,0.4029637,0.4021083,0.4073274,0.4159007,0.4109277,0.4103019,0.4163279,0.4165628,0.4245198,0.431785,0.4375545,0.4471149,0.4498082,0.4669541,0.4771356,0.49053,0.5006626,0.5262834,0.5452567,0.5684983,0.5903696,0.6157821,0.6388667,0.671502,0.7030472,0.7555526,0.7876001,0.8304056,0.8697635,0.8779325,0.8704686,0.8548553,0.8870757,0.8870353,0.9537284,0.9049783,0.9129584,0.9219872,0.9401623,0.9376465,0.8423053
534.303,0.01283845,-9.109267e-6,0.009834708,0.001713969,0.001902659,0.01172561,0.007585671,0.009622169,0.0131068,0.02395571,0.006940834,0.004678661,0.003859557,0.003041811,0.006621918,0.01252747,0.007174281,0.003921469,0.01058192,0.005725504,0.007559674,-2.796985e-4,0.002694389,0.003699367,0.00356313,0.001166985,2.378323e-4,9.676032e-4,0.001351129,0.008499507,0.006433103,0.007584468,0.007939519,0.007721928,0.01278212,0.01576107,0.00593948,0.01035941,0.0109184,0.01160024,0.003942726,0.004462695,0.00288919,0.006506401,0.01137253,0.003292512,0.009493788,0.00611549,0.01132984,0.0148929,0.009005033,0.004743645,0.007413289,0.003739882,-2.058501e-4,-0.002234786,0.003889461,-0.002254611,0.005805505,0.00280304,0.003584149,0.002191131,0.003677941,6.535094e-4,0.004215263,0.005872239,0.002772186,0.004784477,0.005770365,0.001254153,0.004702802,0.003255431,0.002808628,0.003492528,0.005975702,0.002858031,1.156788e-4,0.002035688,0.00386884,0.003227888,0.003234698,0.003253727,0.004435171,0.003636325,0.004209668,0.003735521,0.0203015,0.09692859,0.1834105,0.1522101,0.05135118,0.01744076,0.01839543,0.02168784,0.02423454,0.02658157,0.02908843,0.03360417,0.03647484,0.04343705,0.04587102,0.05254178,0.05880189,0.0640412,0.0688963,0.07676264,0.08297275,0.08811943,0.0961915,0.1029275,0.1080619,0.1128175,0.1202836,0.1270272,0.1327617,0.1394639,0.1470812,0.1585463,0.1668638,0.176691,0.1878609,0.1956367,0.2076531,0.2169501,0.2213267,0.2293814,0.2445326,0.2537882,0.2658752,0.2744668,0.2855924,0.2941038,0.3083578,0.3157761,0.3231032,0.3306768,0.3394517,0.3472781,0.3523491,0.36157,0.367966,0.3688584,0.3780008,0.3789047,0.3820638,0.3844576,0.3848945,0.3885356,0.3875433,0.3869436,0.3926489,0.3890409,0.3992524,0.3989858,0.4055084,0.3998445,0.4034745,0.4101597,0.4108393,0.4214797,0.4285197,0.4387785,0.4475993,0.4554491,0.46751,0.4786781,0.4943064,0.5144799,0.5313344,0.550355,0.576889,0.5965704,0.624894,0.6559845,0.6786561,0.7198478,0.7651778,0.8048168,0.8447883,0.8404875,0.85723800000000006,0.8571108,0.8731826,0.8775523,0.8972451,0.8855014,0.9051341,0.9111867,0.8974274,0.9695697,1.036308
536.641,0.007765527,0.005333805,0.002487267,0.004071014,0.01659722,0.005925085,6.467168e-4,-0.001798299,0.01156387,0.00773306,-0.001091145,0.005465772,-0.003884289,-0.003366245,-0.001263765,5.462893e-6,0.002680945,-7.379511e-4,-0.001302312,0.002054309,0.003312013,0.001254211,4.838043e-6,3.416111e-4,6.979531e-4,0.002715224,-2.357175e-4,0.002191994,0.001501191,6.734849e-4,0.00179538,5.111709e-6,7.316571e-4,4.19392e-4,0.01122385,0.001896283,-0.008300925,0.003374396,3.399907e-6,-0.002988487,0.003361345,0.003602684,0.009618542,0.005976095,0.003635798,-0.001923532,0.001920521,0.005104177,0.001816958,-0.004172417,0.002101247,0.005231142,0.002499997,0.003325962,0.003192264,0.00264468,1.984528e-4,0.007769671,-0.001090381,0.001231549,0.005857063,0.004933365,-0.0031867,0.00116574,0.00293941,4.848981e-4,0.005292357,0.00166159,2.912265e-4,-0.00265462,0.002442512,0.003683099,-3.789716e-4,0.002517631,0.002953603,-0.001192357,-0.001392458,-3.31012e-4,0.003448138,9.82718e-4,0.003370084,-9.098577e-4,0.002586407,0.005782088,0.003026548,0.01150281,0.06987922,0.1722655,0.1716938,0.06271218,0.01906493,0.01379872,0.01712829,0.02063794,0.02180589,0.02465994,0.03044202,0.03347735,0.03796551,0.04054082,0.04812621,0.05552385,0.0598986,0.06515308,0.06915139,0.07789146,0.0822106,0.08851039,0.09783259,0.1017541,0.107172,0.113108,0.1181918,0.1248914,0.1318031,0.1381964,0.1474437,0.1555002,0.1641337,0.1777454,0.1846824,0.1954125,0.202971,0.212923,0.2215406,0.2262271,0.2404753,0.2466905,0.2624487,0.2711723,0.2795835,0.2905885,0.2966444,0.3006571,0.3215275,0.3222635,0.3285801,0.334119,0.3453401,0.3511955,0.3526737,0.3669406,0.3637387,0.3698248,0.372414,0.3722664,0.3738602,0.3745962,0.3754686,0.3784702,0.38211,0.3811453,0.3822546,0.3897098,0.3897086,0.3944248,0.3934119,0.3990906,0.404802,0.4107692,0.4179698,0.4290252,0.4396465,0.4472494,0.4608527,0.469162,0.48448600000000003,0.5014344,0.5172165,0.5393997,0.560618,0.5837596,0.6147291,0.6497936,0.6738527,0.6926078,0.7576882,0.800576,0.8277835,0.8016879,0.8366424,0.8225753,0.8456423,0.8582874,0.8687735,0.8523501,0.8668135,0.8805703,0.9376574,0.9098616,0.8791926
538.979,0.005851541,0.01073199,0.006841187,0.0128464,-6.387676e-4,-0.006603752,-0.007694947,-0.01095497,-0.009969204,-0.008252008,-0.005185971,-0.003252687,-4.448014e-7,3.142008e-4,-0.001596641,-0.003838108,0.001345185,-0.003227255,-0.001968827,-0.005802822,-0.001831724,5.582623e-4,-0.001188286,-0.003748865,-0.005826266,-7.090579e-4,5.942568e-4,-1.222719e-4,-0.002875486,-0.0020286,0.008333997,-0.007688129,4.780295e-6,-0.007013435,-0.001673275,-0.002656276,0.002002462,-0.008017525,0.004481151,-0.01206047,-0.004922271,0.002111476,-2.951896e-4,-8.578019e-4,-0.01125989,-0.006946614,0.003301412,-0.001887146,-0.001299724,-2.478931e-4,0.001647345,2.31976e-4,0.001817977,8.998046e-4,-0.00513298,-0.002048992,-0.00118681,-0.003051612,-5.503154e-4,-0.002129185,-0.001209456,0.003249679,1.679233e-4,0.001341242,-0.00361928,6.410999e-4,0.001406771,0.001061649,0.001753817,-0.002115418,-6.846302e-4,-0.001851163,-6.484555e-4,-0.001768011,-0.001235975,-4.808021e-4,-0.002463003,0.001036139,-0.001452779,-0.001088812,-6.283334e-4,0.002678766,0.002607262,0.003202444,0.00590181,0.05142652,0.1526557,0.183831,0.09147941,0.0235522,0.0120751,0.01419854,0.01961462,0.02142002,0.02470671,0.02668057,0.03281095,0.03462671,0.0389327,0.0442181,0.04584506,0.05483911,0.05998266,0.06590883,0.07107555,0.07761536,0.08336824,0.09035786,0.09721486,0.1025856,0.1084864,0.1128497,0.1203681,0.1256033,0.1310622,0.1373381,0.1429124,0.155702,0.1647761,0.1728886,0.1817995,0.1949781,0.2024975,0.2102393,0.2152254,0.2246697,0.2342918,0.2442646,0.2528834,0.2643962,0.2738559,0.282708,0.2916716,0.2997062,0.3063241,0.3106664,0.318719,0.3278932,0.33378,0.3399616,0.3435598,0.3501071,0.3562663,0.3581237,0.3593817,0.3622938,0.3632773,0.3646622,0.3669609,0.367101,0.3721789,0.3657689,0.3752911,0.3759136,0.3821016,0.3803215,0.3819047,0.3867918,0.3946823,0.4009544,0.4053712,0.4128154,0.4259378,0.4321773,0.4467493,0.4563424,0.4755176,0.4962542,0.5064414,0.5271507,0.549735,0.5722096,0.6085899,0.6289598,0.6674577,0.6938391,0.7384943,0.7916961,0.7867804,0.7820445,0.7956385,0.8157,0.834702,0.8442812,0.841162,0.828579,0.8586107,0.8733626,0.8673437,0.886211,0.8936226
541.318,-0.02027158,-0.02157024,-0.0125008,-0.004693875,-0.005180932,-0.009966211,-4.579465e-6,-0.006125803,-0.01669923,-0.01317496,-0.01004959,-0.004519925,-0.005647961,-0.002168201,-0.01443804,-0.008605036,-0.006220334,-0.005744425,-0.01232309,-0.004332925,-0.004688908,1.379034e-4,-0.004178217,-0.003884424,-0.002577231,-0.002980533,-0.003108021,-0.003696539,-0.003167251,-0.002208311,-0.005430428,-0.006241799,-0.01471223,-0.01199816,-0.01092793,0.00229714,-0.0114222,-0.004346159,-9.063137e-4,-0.007577443,-0.009883318,-0.0069693690000000004,-0.01207037,-0.004608279,-0.007349365,-0.003070975,-0.004422767,-0.003805118,-0.008395902,-0.008466265,-0.007290565,-0.009895748,-0.005501358,-0.003128395,-0.004942802,-0.006591814,-0.007732358,-0.001152305,-0.001480589,-0.00517905,-0.005051444,-0.004299062,-0.00713754,-0.001518199,-0.001980492,-0.003880459,-0.005667034,-0.004413964,-0.001324047,-0.003395338,-0.002049258,7.924691e-4,-0.004682931,-0.002414877,-0.002860744,-0.002063087,-0.002127516,-0.001610572,-0.003933472,-7.611486e-4,0.001489673,-4.054636e-4,-2.921232e-4,0.003024322,0.03327412,0.1265477,0.1932087,0.1150958,0.03324917,0.01004719,0.01188654,0.01511954,0.01703582,0.02102094,0.02337771,0.02528727,0.03085882,0.03522671,0.03877133,0.04460548,0.04814554,0.05353605,0.06101755,0.06515238,0.07032148,0.07772256,0.08243229,0.08727465,0.09482138,0.1012411,0.1066067,0.1114388,0.1164072,0.1234715,0.1295579,0.1353435,0.1429643,0.1496422,0.1592602,0.1696616,0.1803326,0.1877132,0.1960867,0.204863,0.2101637,0.2182578,0.2291713,0.2376288,0.2467344,0.2545568,0.2663041,0.2739841,0.2817406,0.291352,0.2966707,0.3052506,0.3164178,0.3183663,0.3248361,0.3309251,0.3370379,0.3413824,0.347408,0.3467819,0.3495656,0.3517632,0.3543867,0.3506017,0.3531931,0.3557896,0.3580173,0.3615048,0.3661068,0.3634243,0.3696653,0.3728441,0.3766671,0.3720348,0.3824437,0.3901463,0.3917711,0.4049555,0.412321,0.4216206,0.4331148,0.4432842,0.4622526,0.4727362,0.5006194,0.5126033,0.5365781,0.5566236,0.5842669,0.6160016,0.6436199,0.6779849,0.7161972,0.7591118,0.7471277,0.7622973,0.782083,0.7826807,0.7897503,0.8091607,0.814642,0.8291043,0.8219434,0.836955,0.7948194,0.8112574,0.9035101
543.658,0.007193904,0.002032801,-0.003744528,-0.001747885,0.009703407,0.005994728,-0.01286818,0.00307881,0.009478544,-9.749143e-4,-7.409537e-4,-7.516468e-4,0.00246211,-9.292944e-4,-0.001925175,0.002376838,0.004606204,0.002505321,-0.002200938,1.741975e-6,-0.001507174,0.005229861,-3.57208e-4,0.001259174,-0.001405969,5.953663e-4,1.872997e-6,-4.909041e-4,-0.003721561,0.001021253,6.804978e-4,0.004464343,-0.005151186,0.002903016,-4.064164e-4,0.006130835,0.00773595,0.001872273,0.001814693,0.003644114,0.01114011,0.00576513,0.01327081,0.005783639,-0.001125197,0.003924582,-0.001101243,0.001905739,0.0052588,-0.001494248,0.001884735,0.001393225,-0.001380739,-6.660277e-4,-0.006455586,-0.002672227,-0.001782575,9.642455e-4,-3.594768e-4,0.001078225,5.245497e-4,-0.001542238,-0.001698985,0.001014747,-0.003799652,0.001458564,-0.001895872,9.156502e-4,0.00147194,5.70873e-4,2.721012e-4,0.004932422,0.003778702,-0.001014491,-0.001116864,8.546861e-4,5.938026e-4,0,-1.753852e-6,0.002419568,0.003201313,0.002495751,0.00373154,0.02256031,0.1023588,0.1919749,0.140759,0.0451655,0.01357778,0.01560739,0.01495918,0.01708518,0.01884731,0.02364564,0.02729029,0.03077322,0.03410667,0.03688718,0.0410775,0.0448984,0.05111219,0.05752144,0.06068437,0.06631883,0.07045846,0.07560663,0.08377923,0.08963787,0.09592999,0.1023063,0.1051374,0.1116818,0.1169876,0.1215864,0.1303517,0.1370701,0.1414869,0.1499326,0.160026,0.1686595,0.1765803,0.1844021,0.1918265,0.1968872,0.2084175,0.214942,0.2253174,0.2299961,0.2402658,0.2511402,0.2585748,0.2687937,0.2751773,0.2830525,0.2954636,0.2949784,0.3032858,0.3113434,0.3161433,0.3209108,0.3245245,0.331049,0.3327245,0.3384316,0.3364909,0.3437889,0.3418854,0.3450726,0.3451234,0.3432591,0.3429744,0.3482381,0.3517484,0.3544777,0.3557012,0.3632225,0.3662035,0.367922,0.3739366,0.3805161,0.38441,0.3913357,0.4055446,0.4131787,0.4183626,0.4378661,0.4480717,0.4660758,0.4833669,0.5112045,0.5249195,0.5487339,0.5803918,0.6064636,0.6149089,0.6743045,0.7159614,0.7367349,0.7277168,0.7456096,0.7463314,0.7752887,0.7658777,0.7886657,0.7773594,0.825794,0.827222,0.8175963,0.8364464,0.8102362,0.824692
545.998,0.0131196,0.009467604,-0.005657642,-0.01826182,0.01103171,0.01067065,0.001301287,-0.007993698,-0.0139673,0.011274319999999999,0.002249436,0.003022969,-0.001975648,0.004352155,0.01031164,0.001488252,0.003534425,-2.539751e-4,0.004411762,-0.001323738,-8.420709e-4,-0.002407808,-7.209609e-4,-3.433563e-4,0.002466581,-0.001080246,8.394008e-4,-0.002723558,0.004834352,-1.021895e-7,0.004091127,-0.001790116,0.001105295,-8.365107e-4,0.01432687,0.01151393,-0.002707831,0.003428137,0.006339275,3.015996e-4,-0.004963005,6.041791e-4,-0.005029162,0.00723512,-0.003123548,-0.002804263,0.001665249,0.003261198,7.91579e-4,0.004250326,-0.005437468,0.001153946,-0.003224108,0.001119264,0.001728145,2.010361e-4,0.002984503,0.001931954,0.001298575,-1.771737e-4,0.001397958,8.61508e-4,0.002046728,-1.691001e-4,0.001326953,-4.88455e-4,0.002371571,-0.001373347,0.001626489,7.137507e-4,1.366117e-4,0.00119941,-0.002348157,0.003320834,-3.744631e-4,0.002315096,0.003446416,0.001394593,0.001020328,7.726572e-4,0.002139031,6.361888e-4,0.01305832,0.0786188,0.1765703,0.1647365,0.06546061,0.01224541,0.01265395,0.01232709,0.01507592,0.01774147,0.02308091,0.02398963,0.02749494,0.03025493,0.03471064,0.03839838,0.04142084,0.04586512,0.05162668,0.05618937,0.06343543,0.06698314,0.07227224,0.07854773,0.08342792,0.08871865,0.09531812,0.1001982,0.1056345,0.107616,0.1162016,0.1206776,0.1270319,0.1308961,0.1392919,0.146493,0.1544093,0.1658029,0.1732503,0.1820569,0.1895568,0.1951581,0.2017146,0.2085764,0.2217235,0.2246965,0.2318676,0.2468158,0.2513393,0.2604813,0.2690995,0.2765626,0.2776257,0.2884282,0.2960424,0.3013781,0.3085163,0.3105601,0.3143562,0.3151049,0.3257478,0.3247905,0.3243086,0.3296802,0.3350397,0.3298141,0.3351632,0.3351031,0.3332963,0.3349989,0.3391833,0.3450941,0.3440347,0.3479686,0.3496411,0.3546007,0.3617531,0.3695906,0.3772295,0.3784847,0.390286,0.4052375,0.4118873,0.424887,0.4361877,0.4517518,0.4747263,0.4934807,0.5106053,0.5323771,0.5515562,0.573719,0.6179507,0.6626709,0.710383,0.7023251,0.6986067,0.7192478,0.7361202,0.7425594,0.7781972,0.7766508,0.7818938,0.7980032,0.8008163,0.784084,0.7436261,0.8087613,0.8084313
548.339,-0.02561291,-0.03252271,-0.0314678,-0.01475664,-0.01688323,-0.02470328,-0.04013213,-0.02586489,-0.003361822,-0.02061033,-0.0127077,-0.008579286,-0.01086001,-0.008722985,-0.01128262,-0.00447229,-0.008158191,-0.006523773,-0.005967888,-0.004728344,-0.007401259,-0.00481675,-0.006599166,-0.008497326,-0.008239638,-0.003952114,-0.004687405,-0.003219866,-0.008304753,-0.004608319,-0.005232012,-0.01404153,-0.01737173,-0.013711,-0.01097465,-0.0015290289999999999,-0.01384076,-0.008726121,-0.01178472,-0.0127965,-0.003729723,-0.008222939,-0.0121323,-0.01418952,-0.01080036,-0.01292183,-0.009164776,-0.0111563,-0.01160417,-0.01150321,-0.006611278,-0.001385916,-0.01703424,-0.01079599,-0.007989229,-0.005383795,-0.003382183,-0.002697411,-0.008923129,-0.008069204,-0.008222479,-0.007775243,-0.005640973,-3.299981e-4,-0.005810397,-0.006010621,-0.004112376,-0.002753633,-0.002213083,-0.005831863,-0.006049852,-0.003614707,-0.005878635,-0.001916492,-0.002000225,-0.00243299,-0.003204003,-0.002540969,3.513057e-4,-0.001531805,8.64806e-4,0.004400343,0.05162583,0.1577276,0.1765696,0.08517132,0.01675821,0.008441488,0.006828912,0.009265529,0.01373099,0.0159864,0.02079452,0.020129,0.02538505,0.02882966,0.03231423,0.03535734,0.0408298,0.04729871,0.04912049,0.05433781,0.06013181,0.06635665,0.06940737,0.07561872,0.08287129,0.08666192,0.09399648,0.09960741,0.1033332,0.1074691,0.1112521,0.1183183,0.1240709,0.1267621,0.1351229,0.1436341,0.1485834,0.1594756,0.1686323,0.1758315,0.183045,0.187503,0.1938409,0.2018801,0.2132518,0.2182698,0.2255031,0.2313016,0.2412029,0.2485667,0.2607326,0.2617772,0.2701983,0.2779931,0.2838453,0.2886911,0.2919107,0.2959022,0.3024476,0.3095747,0.3103006,0.3124754,0.3118663,0.3182231,0.3166887,0.3147745,0.3209104,0.3185721,0.3198982,0.3239079,0.3264452,0.3299573,0.3321279,0.3377847,0.3339946,0.3425387,0.3472697,0.3539488,0.3569749,0.3732238,0.3769535,0.3852389,0.3968079,0.4041465,0.4224594,0.4412899,0.4560882,0.471989,0.4901872,0.506244,0.5286764,0.5570323,0.5965777,0.639563,0.6640045,0.6775664,0.6627217,0.6742237,0.6984,0.699989,0.7192414,0.7146887,0.7128474,0.7350702,0.7538048,0.7238423,0.7495164,0.7324323,0.6886892
550.68,0.01052961,0.009507737,1.432067e-5,0.0159725,-0.01237668,-0.008020092,-0.005857408,-6.313811e-4,-0.002247062,-0.003453025,0.001128057,-0.005567089,0.001481377,0.003123027,-0.002263342,-0.00239528,-8.203891e-4,-0.001766913,-0.00754095,-0.00133213,-0.001183432,-0.002556495,-0.001566919,-0.003568481,-0.003422753,-1.168226e-4,-0.002287774,9.948609e-4,0.001942397,-0.001027281,9.100912e-4,-2.942138e-4,-0.001485216,0.01168322,0.00295504,-0.003088986,-0.004399278,-0.00375152,-9.13087e-4,-0.001833168,0.003113072,6.076765e-4,0.003555326,2.93756e-4,0.003988431,0.001692018,8.316154e-4,-0.001100261,-0.003968798,0.003008252,0.002373175,-0.004410885,0.002306817,-0.002939436,-4.383342e-4,-0.00186801,0.002795795,-0.001158194,7.399297e-4,0.003411128,0.002455937,-0.001041721,-0.003939959,0.003382923,-0.003327108,-0.00211986,-0.002225937,6.138307e-4,-0.001925999,0.001426953,-0.001105149,-0.001742038,1.308762e-4,-5.15475e-4,0.004384773,8.546987e-4,9.539145e-4,-3.49692e-4,0.003858201,0.00342725,0.006453771,0.04134097,0.131864,0.1837351,0.1074181,0.02855921,0.01092352,0.01093828,0.0108086,0.01345448,0.01827788,0.02108729,0.02197137,0.02386501,0.02766849,0.0320338,0.03632641,0.03873141,0.04437547,0.04677622,0.05115423,0.05746957,0.06329816,0.06416029,0.07147269,0.07717167,0.08222499,0.08723126,0.09454157,0.09882092,0.103055,0.1078792,0.1119797,0.117918,0.121388,0.1262944,0.1341513,0.141184,0.1482086,0.1583272,0.164481,0.1725661,0.1806601,0.183861,0.190059,0.1959297,0.205843,0.2126173,0.2189168,0.2280067,0.2368071,0.2428238,0.2533877,0.261348,0.2647803,0.2694157,0.2780749,0.2777339,0.2832327,0.2848467,0.2926423,0.3008732,0.3035298,0.3040501,0.3058129,0.3064593,0.305114,0.3103521,0.3072551,0.3107909,0.3089724,0.3149657,0.3154598,0.3162824,0.318733,0.3240502,0.3285062,0.3311011,0.3386514,0.3472107,0.348463,0.3582829,0.3725197,0.3779436,0.3865664,0.3963658,0.4116437,0.42928500000000003,0.4461401,0.4608424,0.4805999,0.5016184,0.5239614,0.5520151,0.5837056,0.6345238,0.637651,0.6586363,0.6539069,0.6698835,0.6835168,0.692379,0.6879139,0.6851571,0.717424,0.712421,0.7085807,0.7182611,0.7070648,0.7263083,0.777513
553.022,-0.015177,-0.01429178,-0.003150067,-0.01423133,-0.0247985,-0.01810829,-0.01820395,-0.01608026,-0.014606,-0.009858376,-0.01315362,-0.006340155,-0.001728771,-0.01095357,-0.01523448,-0.01528261,-0.008470003,-0.003780391,-0.008889122,-0.005322124,-0.006762334,2.863582e-4,-3.624227e-4,-5.762171e-4,-0.003430894,-0.003849109,0.001452956,-0.003109167,-0.002780943,-0.003428579,-0.004794978,-0.004495219,-0.00742453,-0.004185714,-0.01357348,-0.01003475,-0.004063124,-0.005321866,3.11636e-4,-0.004588169,-0.007801146,-0.008261734,-0.01010846,-0.008434244,-0.008275932,-0.008749612,-0.005859272,-0.001370951,-0.009797071,-0.01231339,-0.003565203,-0.006272228,-0.003009478,-0.003837938,-0.007377676,-0.004996715,-0.002196706,-0.005609514,-0.006912749,-0.005404285,-0.004744248,-0.001212122,-0.004461828,-0.002029876,-0.005666363,-0.003259158,6.85548e-6,-0.004770932,-0.006374607,-1.390667e-4,-0.003592675,-0.002140624,-0.003150665,-0.005008951,-0.003386494,0.001103809,-0.00202216,-4.539806e-4,0.002053704,0.001567353,0.02450999,0.1098444,0.1767179,0.1237898,0.03887948,0.00844838,0.006306528,0.009546586,0.01143609,0.01282237,0.01743728,0.0181701,0.02127661,0.02399778,0.02920859,0.03239258,0.03331052,0.03857492,0.04316905,0.04631528,0.05183328,0.05735273,0.05934638,0.06508443,0.0704505,0.07560498,0.07845434,0.08495308,0.09094175,0.09660434,0.1010197,0.1058689,0.1082296,0.112538,0.1194423,0.1246752,0.1318858,0.1376093,0.1441362,0.1522084,0.1584079,0.1679448,0.1731692,0.1794947,0.1851011,0.1929609,0.1991396,0.2051957,0.2137958,0.2166707,0.2266278,0.2367392,0.2400029,0.2459195,0.2511313,0.2558466,0.2663976,0.2694897,0.2775591,0.2760653,0.280136,0.2829034,0.2891144,0.2950619,0.2943942,0.2936357,0.2978135,0.2945659,0.2985772,0.2971135,0.3011898,0.3013474,0.3048792,0.309203,0.3076132,0.3134286,0.3150613,0.3220052,0.3254843,0.32981,0.3382162,0.3431849,0.354635,0.3594711,0.3763408,0.3840692,0.4000259,0.4100759,0.4246543,0.4507393,0.4615703,0.4855908,0.5056707,0.5392321,0.578611,0.5999871,0.6123192,0.6289804,0.6302432,0.6341442,0.6650514,0.6753658,0.6664893,0.6815735,0.6827991,0.6794534,0.6955331,0.6927724,0.6926661,0.6652082,0.7712887
555.364,0.006610465,0.004093214,-0.005675283,0.01307297,-0.005877591,-0.001333224,-0.00781591,0.01116077,-0.001118559,0.006417249,0.001513009,0.005332629,2.494678e-4,6.322556e-4,-9.720239e-4,-0.002396903,-0.00246075,5.561195e-6,0.004450025,-7.612695e-4,0.003723757,0.00299615,1.222249e-4,-2.312472e-4,1.179621e-4,-0.001686355,-9.651381e-4,-6.212471e-4,0.002506569,8.582794e-4,0.00320691,-5.95933e-4,-0.005572127,0.007539381,0.008074775,0.007738423,-0.002032529,0.003765688,0.008518938,-0.001531965,-0.002186267,0.003063746,0.002985852,-0.009316845,0.005432481,-8.344589e-4,0.001961452,5.533573e-4,0.001067667,0.002022653,-2.346141e-4,-0.001157541,0.001858573,4.559989e-4,0.005224842,-6.206868e-4,-0.002001401,3.924875e-4,-0.00317381,-5.383138e-4,-0.001932537,-0.001908438,0.003268605,-5.067081e-4,-4.991568e-4,3.292018e-4,0.001912861,0.002002803,0.001632351,0.001149838,5.535418e-4,-1.287112e-4,0.002896291,0.001420141,0.001388137,-0.001096824,0.002759912,0.001526695,4.556548e-4,0.0214483,0.09500321,0.1818854,0.1456147,0.05134709,0.0113868,0.010413,0.009325935,0.01426841,0.01464617,0.01484186,0.01947147,0.0209223,0.02295011,0.02677797,0.02964769,0.03228327,0.03404572,0.04078848,0.04309029,0.04595287,0.05276136,0.05571196,0.06009526,0.06522665,0.0676486,0.07448723,0.079466030000000007,0.0857283,0.09101927,0.09663886,0.09954304,0.1032256,0.1070443,0.1135523,0.1166279,0.1220398,0.127019,0.1316419,0.1411532,0.1496297,0.1567035,0.162449,0.1690788,0.1756946,0.1779065,0.1830702,0.195441,0.1986574,0.203837,0.2114282,0.2173315,0.229841,0.2364738,0.244138,0.2458089,0.2500735,0.2543143,0.2595467,0.2653404,0.2699503,0.2714769,0.2758992,0.2748587,0.2807212,0.2818871,0.2856782,0.2842649,0.286483,0.2891523,0.2866414,0.2908832,0.2918285,0.2932597,0.2945591,0.294807,0.3031605,0.3051511,0.3115477,0.3152055,0.3218309,0.3297535,0.3403197,0.3408222,0.356265,0.360534,0.3715881,0.3888376,0.3983012,0.4190662,0.4412007,0.4618316,0.4790391,0.4931764,0.5228576,0.5679759,0.593901,0.5854977,0.5939954,0.6068157,0.6274175,0.6501555,0.6620288,0.6488887,0.6553463,0.6603377,0.6837341,0.6755964,0.7015018,0.6840551,0.6939953,0.6917141
557.707,0.005973447,0.02258273,0.01080631,-0.006562955,0.01245829,-0.006079182,0.007179258,0.008702398,0.01072869,-0.002974409,0.007177002,0.007134422,0.002741992,-0.001263774,0.002933771,0.006325333,0.003571353,0.004559664,0.004469228,0.001719609,0.003225575,1.422489e-4,0.001452486,0.002551393,0.001186697,8.479561e-4,-2.421217e-4,-2.872249e-6,0.00265419,0.0027576,6.86985e-4,0.007236091,0.002610976,-1.061443e-5,0.01535525,0.00814804,0.005442012,0.005668108,0.002747109,0.001536755,0.002823889,0.007074389,0.002081223,0.004965992,0.002877769,0.001133259,0.00533333,0.008528494,0.006925358,0.002524484,0.008352089,0.005375993,0.00534231,0.006585911,-8.730001e-4,0.00459925,0.00362586,-0.001360239,0.001881382,0.00253499,0.005129135,0.002442377,8.612385e-4,0.00375264,0.004523832,0.001147313,0.001117075,0.005875826,0.001941961,0.001005063,0.003059329,0.002429138,3.958354e-4,0.002064043,0.002401106,0.004190107,0.003480462,0.002698921,0.0139832,0.08110813,0.1738017,0.1698228,0.0714304,0.01355748,0.01122056,0.01420338,0.0145764,0.01601007,0.01713916,0.0204438,0.01678488,0.02178869,0.0233432,0.02600832,0.02780292,0.03443251,0.03964599,0.039327,0.04681353,0.0486203,0.05396582,0.05830594,0.05996316,0.06412392,0.07002256,0.07458169,0.07860732,0.08406302,0.08972321,0.09419989,0.1004116,0.1015914,0.1070164,0.1108755,0.1148676,0.1207264,0.1269086,0.1316318,0.1386902,0.1446294,0.1515988,0.1598931,0.1661379,0.1717646,0.1771572,0.1826311,0.1874163,0.1968419,0.2002449,0.2084392,0.2149436,0.2233364,0.2269582,0.2334695,0.2392295,0.2406791,0.2461218,0.2534757,0.2536583,0.2609216,0.2609633,0.2671166,0.2718777,0.2730001,0.275927,0.2792711,0.2783046,0.2727646,0.2788453,0.274496,0.2798685,0.2800033,0.2841353,0.2880991,0.2896118,0.2940048,0.2962795,0.2991496,0.3059209,0.3130322,0.3206706,0.3253376,0.3372154,0.3417824,0.3539212,0.3637088,0.3720272,0.3875112,0.407894,0.4254084,0.4447439,0.4590251,0.483948,0.51727,0.5653745,0.5615283,0.5778148,0.5799449,0.5969641,0.6155432,0.6183725,0.6315273,0.6323655,0.6618109,0.6729125,0.6857596,0.6329056,0.7052203,0.6871445,0.7148184,0.7634083
560.051,-0.0359449,-0.01441657,-0.02806319,-6.070047e-4,-0.03093223,-0.01420822,-0.01247066,-0.01684197,-0.01532555,-0.009941636,-0.01932783,-0.007158439,-7.557506e-4,-0.007894393,-0.009479528,-0.005742089,-0.001383342,-0.008897209,-0.01210484,-0.00805798,-0.006138604,-0.004599666,-0.003284059,-0.001744801,-0.002861875,-0.002063201,-0.00267885,-0.003014292,-0.002383817,-0.00588077,4.537784e-4,-0.01483467,-0.00824122,-0.009697228,-0.003851291,-0.01246062,-0.007529618,-0.007264313,-6.127811e-4,-0.01080803,-0.009757042,-0.01049543,-0.006899462,-0.006461294,-0.004316788,-0.009398355,-0.001690643,-0.00608057,-0.004544727,-0.0121685,-2.381839e-4,-0.00281702,-0.009105773,9.150507e-4,-0.004162275,-0.001895419,-0.005046278,0.001555177,-0.005278766,-0.005631931,-0.006209375,-0.003328804,-0.004502079,-0.003420246,-0.002860617,-0.006089818,0.001918089,-6.209643e-4,-0.001500419,-0.003749806,-0.006134512,-0.005283222,-0.002382748,0.002721145,-0.001516539,9.860586e-4,-2.322273e-4,0.007427776,0.05695923,0.156815,0.1761853,0.0917161,0.01814909,0.004963889,0.007868379,0.00747177,0.01030909,0.01159541,0.01318522,0.01359906,0.01765798,0.02068018,0.02197716,0.02529802,0.0279637,0.03339677,0.03488198,0.03989163,0.04104569,0.04431958,0.05019825,0.05389111,0.05818223,0.06141639,0.06729294,0.07232095,0.07611858,0.0806786,0.08686684,0.09245863,0.0964806,0.09898081,0.1039181,0.1069349,0.1111703,0.1162723,0.1219736,0.1257786,0.133751,0.1428366,0.1462257,0.1557968,0.160287,0.1637421,0.1693941,0.1746658,0.1800198,0.1889375,0.1942972,0.1967535,0.2053389,0.2081497,0.2189466,0.2262771,0.2288608,0.2311424,0.2338725,0.2417379,0.2442023,0.2463376,0.2569948,0.2543938,0.26014930000000003,0.2617891,0.263298,0.2635116,0.2622107,0.264666,0.2658219,0.2670256,0.2697355,0.2714863,0.2751621,0.2772626,0.2795308,0.279218,0.2826854,0.2889693,0.292924,0.2962143,0.3033968,0.3105111,0.3206931,0.3271389,0.341037,0.34992,0.3547418,0.3778418,0.3938441,0.4166942,0.4255874,0.4486701,0.4688021,0.506871,0.5256384,0.5380106,0.5427765,0.5608499,0.5577312,0.5922884,0.5931985,0.5970687,0.6038015,0.5933967,0.604151,0.6185623,0.5998979,0.6148794,0.5640733,0.6146419,0.6168292
562.395,0.0294096,0.03515624,0.02049231,0.01802594,0.0165196,0.03939891,0.01054808,0.03070513,0.02447718,0.01897686,0.01408096,0.007189334,0.004774634,0.0136293,0.01181399,0.01335192,0.0127298,0.009447739,0.005176327,0.007893812,0.006335905,0.004904167,0.004517461,0.003505968,0.002394331,0.002560171,0.005501106,0.004035408,0.005632761,0.00468843,0.006016198,0.01154805,0.02068162,0.006350144,0.004303814,0.005874375,0.01410801,0.007608866,0.005225941,0.009611743,0.01453756,0.01085109,-0.001509269,0.01178823,0.01156407,0.01229122,0.009339797,0.009704839,0.009925789,0.005089328,0.004573843,0.006827252,0.007260905,0.00297208,0.003961045,0.005904557,0.006896752,0.002936953,0.006806051,0.002370981,0.00818958,0.004043338,0.001562151,0.005495594,0.005908237,0.002812163,0.007563985,0.004830636,0.003755986,0.003187087,0.002102724,0.005580163,0.004387259,0.004033233,0.005850136,0.005213797,0.01197877,0.05077942,0.1675001,0.1960285,0.1108301,0.03308242,0.01069075,0.01235955,0.01421738,0.01412396,0.01505018,0.01595863,0.01831125,0.02068171,0.02289887,0.02527425,0.02526816,0.02737493,0.03402743,0.0337405,0.04164109,0.04389678,0.04557517,0.05036907,0.05185201,0.05862172,0.05983567,0.06564797,0.07026705,0.07318915,0.07976408,0.08172501,0.08773746,0.09051526,0.095167,0.09767859,0.1036216,0.1049361,0.1098892,0.1142919,0.1199834,0.126834,0.1314057,0.1368291,0.1471892,0.1537426,0.1565678,0.1619946,0.1663938,0.1721859,0.1768901,0.1830768,0.1885809,0.1955626,0.203289,0.2080257,0.2121919,0.2198471,0.2233632,0.22737,0.2322404,0.239931,0.2391282,0.2411399,0.2465194,0.2478465,0.2528691,0.252552,0.2555772,0.2549886,0.2594057,0.2565462,0.2540805,0.2594417,0.2641389,0.2639512,0.2689578,0.2699534,0.2725186,0.2708542,0.276284,0.2828372,0.2868251,0.2969068,0.2979877,0.3089921,0.3129264,0.3269689,0.3282658,0.3411562,0.3563041,0.3687744,0.3873498,0.4025856,0.4257615,0.4411852,0.465509,0.5012437,0.5051218,0.5181595,0.5363733,0.5460938,0.5651916,0.5821078,0.5880326,0.5785626,0.6028924,0.6135983,0.6210914,0.6472579,0.6250266,0.6592332,0.6959153,0.6780819,0.7094848
564.74,0.01474249,6.93609e-4,-0.005784414,-0.004823198,-0.001987392,0.001360193,0.01585269,-6.391796e-6,-0.001709784,0.01002004,0.005727297,0.005666495,0.003275747,0.005725571,0.007239793,0.003958083,0.004995398,-0.005888589,0.003385811,7.715458e-4,-0.001884187,5.801174e-4,0.001592931,-1.167997e-4,-0.00120171,0.001958284,-8.594601e-4,2.540963e-4,1.401403e-4,8.708658e-4,-6.967309e-4,-0.002133243,-0.006033496,0.006797469,-0.005169353,-0.001179358,0.00793025,0.01432143,-0.001846594,-0.0027989,0.003166354,6.254102e-4,0.002115174,-0.00383471,-0.00289808,0.004302746,0.003692393,0.005839199,0.002692408,5.069629e-4,-0.001445285,0.001420147,0.002355086,4.598661e-4,-0.00154322,-0.003586846,0.001219531,-1.960958e-4,-0.002837498,0.002195071,0.001070648,0.004584849,0.001572684,0.001200121,6.777625e-4,-4.964758e-4,0.001131355,0.001716845,7.552214e-4,0.001452411,-4.230577e-4,0.001643292,-0.001466189,0.001828153,0.003190576,0.00535883,0.03189478,0.1467093,0.2171777,0.1360745,0.03566631,0.008829069,0.008148084,0.007397104,0.01035778,0.01208355,0.01426358,0.01428988,0.01406165,0.01514002,0.02246822,0.02503157,0.02427059,0.02768052,0.03142675,0.03322153,0.03656599,0.0433434,0.04291486,0.04544195,0.05183126,0.05619148,0.05967428,0.06542366,0.06699182,0.0702638,0.07607603,0.08000988,0.08529051,0.08714259,0.09372567,0.09606334,0.09875945,0.1034742,0.1083644,0.1110657,0.1165311,0.1223539,0.1260149,0.1343038,0.1414344,0.1477226,0.1505298,0.1558865,0.1597118,0.1655643,0.1712644,0.1750952,0.1799959,0.1854586,0.1921259,0.19807,0.2025271,0.2105188,0.2158481,0.2177347,0.2241355,0.2241977,0.2289169,0.2333226,0.2385488,0.240375,0.2390853,0.2439987,0.2465548,0.2488631,0.2472679,0.2436864,0.2505165,0.2453147,0.2484648,0.2502818,0.2572004,0.2596302,0.2597661,0.265733,0.2674898,0.2702471,0.2747289,0.281088,0.2855781,0.2979097,0.3029708,0.3075438,0.3206291,0.3286329,0.340168,0.3547819,0.3693954,0.3820653,0.4047822,0.4257115,0.464847,0.478233,0.4816995,0.487538,0.5094814,0.5171254,0.5448401,0.5453315,0.55513,0.5745075,0.5526976,0.58217,0.5711829,0.600519,0.586291,0.5994755,0.5683411,0.6701746,0.6292955
567.085,0.02288988,0.01388889,0.01870268,0.004246816,0.0133128,0.009583479,0.01593393,0.01199098,0.02236256,0.01006552,0.004218593,0.009313675,0.006071933,0.008303028,3.312898e-4,0.006725318,0.004460174,0.006689213,0.003172867,0.003882591,0.006037618,0.004218887,0.001230167,7.052205e-4,2.411546e-4,-0.001722147,8.628263e-4,0.002666335,-0.001277949,0.002274441,-0.001167345,0.004594575,0.004922849,0.01024154,0.006061639,0.005912208,0.006232527,0.009904636,0.01300966,0.008747904,3.190782e-4,0.008120739,0.003340098,0.005354256,0.01077525,0.008069471,0.002569295,-0.003631124,0.01053617,0.005901404,0.005818689,0.001901163,0.004723757,0.004382533,0.005984529,8.43711e-4,0.003270595,0.002966658,-0.001133899,0.004783146,-0.001971608,0.00371823,0.00437898,0.005708166,0.004425003,-0.004161701,0.005026155,0.003924298,0.001362884,0.001609105,0.002118326,0.002743712,0.005090927,0.004981107,0.005255795,0.02130566,0.1091632,0.2313962,0.1850708,0.05655202,0.01120225,0.01119367,0.009521231,0.01174828,0.007663919,0.01260636,0.01284941,0.01553185,0.01782979,0.01955545,0.02149556,0.02250815,0.02545842,0.03054254,0.03071468,0.03583438,0.03805331,0.04257744,0.04499927,0.04664325,0.05071792,0.05601997,0.06189162,0.06308722,0.06579619,0.07029125,0.0761634,0.07991941,0.08360514,0.08581597,0.09025874,0.09379932,0.09540425,0.1011088,0.1058601,0.1071065,0.1127381,0.1202462,0.1269509,0.1316892,0.1381486,0.1436191,0.1487759,0.1517343,0.1531792,0.160575,0.1667944,0.1703183,0.1775544,0.1828874,0.187741,0.1924498,0.1994328,0.2044241,0.2053967,0.2098128,0.2141023,0.2143342,0.2251133,0.2263816,0.2293305,0.22958,0.2339435,0.2309529,0.2343988,0.2421399,0.2375861,0.2386649,0.239538,0.2393406,0.2407066,0.243163,0.2495122,0.2511639,0.2538463,0.2530814,0.2556818,0.2602394,0.2656686,0.270837,0.2776614,0.2830474,0.2942365,0.2963301,0.3082324,0.3184024,0.329119,0.3427037,0.3572189,0.3771747,0.3927323,0.4196166,0.4508403,0.458726,0.4581859,0.4818536,0.4977049,0.5066664,0.5250835,0.5257313,0.5468279,0.5432249,0.5535579,0.5865664,0.5744788,0.5662434,0.5707878,0.6117326,0.6431968,0.5952485,0.572242
569.431,0.001347278,0.004880446,0.01879197,0.01093721,0.01670678,0.02061406,0.01132217,0.01204718,5.77852e-4,-0.004038845,0.006540393,0.002077282,-5.090959e-4,-0.001284631,0.01261246,0.01012775,0.006160426,-0.002064263,0.008192343,-0.001946373,-0.001038921,0.003209309,-0.001976504,4.721656e-4,0.003270393,0.005673397,0.00111339,0.001529396,0.00370316,0.004039316,0.007017231,0.007377019,0.007986226,-2.271228e-6,0.004782281,0.009103543,-0.005920389,0.001603326,9.3461e-4,0.01097634,0.003196081,-3.161029e-4,0.003353605,0.01281439,0.01286459,-1.785491e-6,0.01087729,0.001960379,0.004075822,0.003348659,0.005346398,0.004283494,0.001181296,0.006019256,0.001777147,0.006175967,8.197654e-4,-3.971733e-4,-1.867001e-4,0.002767536,0.005403572,0.003555365,0.001055435,6.931768e-4,0.002905146,0.004347243,0.003582497,0.003153268,0.005621317,8.816327e-4,0.002410653,0.005369674,0.007396424,0.004606967,0.01481166,0.08551938,0.1890536,0.2042451,0.08679598,0.01056226,0.00484975,0.008141378,0.01070305,0.01098696,0.00985716,0.01055309,0.01550306,0.01631779,0.01967204,0.02151488,0.01892794,0.02348012,0.02717273,0.02761639,0.0317633,0.03631625,0.03727064,0.03904017,0.04400839,0.04840817,0.05039608,0.05361569,0.05735375,0.05907138,0.06504255,0.06952641,0.07289842,0.07738827,0.08095022,0.08476748,0.08951572,0.09165046,0.09338963,0.0982793,0.1016134,0.1067863,0.110453,0.1141484,0.1228207,0.1274609,0.1320153,0.1358282,0.1422354,0.1457291,0.1496982,0.1546027,0.1607781,0.1647531,0.1707971,0.174962,0.1795154,0.1849865,0.1885841,0.2002953,0.198838,0.2026263,0.2084327,0.2130278,0.2134816,0.2144909,0.2200926,0.2214041,0.2232636,0.2278293,0.2291127,0.2313044,0.2287984,0.2309708,0.2283681,0.2326048,0.2326576,0.2369184,0.2366205,0.2420537,0.2417779,0.2480936,0.2473578,0.2559767,0.2586046,0.2634601,0.2688252,0.2745257,0.2810365,0.2980682,0.2958922,0.3087911,0.3196347,0.3306516,0.3500172,0.3615137,0.3832625,0.4072598,0.4397145,0.4379244,0.444701,0.4622024,0.4796825,0.504775,0.5023038,0.510054,0.5162043,0.5213301,0.5291108,0.5305267,0.5549964,0.5547796,0.5773638,0.5608094,0.583527,0.5543258,0.615972
571.778,-0.003394162,0.01260748,-0.005200637,-0.0109667,-0.0067085,-0.01242101,-0.00200327,-0.01464772,0.005786985,-0.002022599,-0.01160359,-0.003394216,-5.07486e-4,-0.002255684,-0.004332518,-6.173444e-4,-0.001402775,-0.002595286,-0.004575336,-0.003132271,-0.001391216,-0.001759571,-0.002356752,-0.001662427,-0.006326999,-0.00136298,-0.002359452,-0.005508664,-0.003863725,-0.002293658,-0.006580502,-0.001853377,-0.004966006,-0.006017189,0.001314765,-0.009128914,-0.007336554,-0.005799809,-3.122436e-4,-0.006932092,-0.003531139,-0.009133657,-0.003062715,-0.00359687,-0.005282192,-0.005517191,-0.006899023,-0.002535217,-0.001908178,-0.006207014,2.441528e-4,-0.004538176,-0.003566544,-6.953392e-4,-0.00312576,-0.002789952,-0.001235573,-0.004982601,-0.003843076,-9.23564e-4,-0.003254372,-0.003037658,0,-5.210262e-4,-8.561839e-4,0.001008759,-0.003271397,-6.304061e-4,-0.001373281,-0.001766726,-0.003417028,-0.00414067,0.002568876,0.007548105,0.06159804,0.159722,0.1769889,0.09880579,0.01583456,0.003539706,0.004102061,0.005169594,0.005126207,0.005771714,0.006147305,0.01136925,0.01164195,0.01411517,0.01478615,0.01765677,0.0207642,0.02085688,0.02497633,0.02438191,0.02960522,0.03164976,0.03358714,0.03851519,0.04057933,0.04496783,0.04671792,0.05011562,0.05646806,0.06008607,0.0623253,0.06909629,0.07110569,0.07519561,0.07880626,0.08265968,0.08609202,0.0893584,0.09108958,0.09523257,0.09740353,0.1032322,0.1083088,0.1102777,0.1156544,0.1246998,0.1285661,0.1340229,0.137381,0.1411905,0.1417509,0.1451382,0.1541983,0.1583621,0.1637329,0.1727474,0.1736863,0.1777988,0.1820429,0.1858066,0.1931661,0.1953672,0.1984447,0.1984017,0.2064422,0.2067314,0.2106694,0.2119834,0.2162726,0.2139155,0.2192074,0.2217851,0.2224522,0.2205689,0.2197573,0.2241365,0.2238757,0.2279917,0.2275697,0.22897,0.2320267,0.2392284,0.238681,0.2414792,0.246684,0.2515094,0.2585341,0.2653336,0.2690098,0.2782547,0.289854,0.289745,0.3064659,0.3193096,0.3379357,0.3487639,0.3693255,0.4004518,0.4192442,0.411921,0.4225219,0.4421716,0.4598414,0.4733313,0.4845317,0.4878195,0.4987182,0.4965466,0.5021092,0.5228319,0.5392022,0.5226621,0.5316205,0.5216871,0.5200353,0.5910072,0.540258
574.125,0.008197167,-0.007756205,-0.007209568,0.01043765,0.02093951,0.00346407,0.02422751,0.01666285,0.01105707,0.008166371,-7.834157e-4,0.004202552,0.006678212,0.003566864,0.002347506,0.007759346,0.006783678,0.002870463,0.004142862,0.001967149,0.003151408,0.001179113,0.003119942,0.003345405,0.002081566,7.468632e-4,0.004249588,0.002578801,0.003456464,0.003196943,0.007571509,0.01025589,0.007304882,0.004329862,0.005712795,0.007199347,0.002102353,0.009401453,0.00439969,0.005388783,0.005492611,0.001583095,0.003998008,-0.001203935,0.005614331,0.006428499,0.006070275,0.001693884,0.004933919,0.008580139,0.008118692,0.006255837,0.004314074,0.00256792,0.001124561,0.001503032,0.001446205,0.004209343,0.002509626,0.005590471,0.006011365,0.004134968,0.005509512,0.004914776,0.005177947,0.003041712,0.002467729,0.003505025,0.002763083,0.004147122,0.003010619,0.004178292,0.009524082,0.04664938,0.1557639,0.1840318,0.1073941,0.03012788,0.006953108,0.008139489,0.009796723,0.01028574,0.006211678,0.01090714,0.0135459,0.01337823,0.0168068,0.01750854,0.01809981,0.01967887,0.02467122,0.02260851,0.02576188,0.02822495,0.03327009,0.03567787,0.03708822,0.04070404,0.04455961,0.04603378,0.04947774,0.05187484,0.05726975,0.06043402,0.06379551,0.06614234,0.07103169,0.07298794,0.07733901,0.08125681,0.08378324,0.08726654,0.09002546,0.09427272,0.09783443,0.09931797,0.106168,0.1064734,0.1162277,0.1217305,0.1260619,0.1294306,0.1330465,0.138736,0.1413792,0.1436081,0.1506894,0.154345,0.1607919,0.1593177,0.1671307,0.1754049,0.1794442,0.1826813,0.1864134,0.1875384,0.1940725,0.1943989,0.1967106,0.2046517,0.2059092,0.2072596,0.210491,0.2103126,0.2094436,0.2098834,0.2137165,0.2157781,0.2151024,0.2130002,0.21689,0.2186184,0.2207571,0.2247955,0.2259818,0.2275773,0.2317224,0.2383549,0.2393852,0.2437833,0.2530862,0.262049,0.2644154,0.2765664,0.2834974,0.293692,0.2994673,0.3119733,0.3259634,0.3438622,0.3692833,0.3979709,0.4015239,0.3977031,0.4060749,0.4288732,0.4525251,0.4620797,0.4775609,0.4855637,0.496041,0.4784953,0.5007938,0.5021416,0.5102728,0.5043747,0.5516854,0.5068511,0.5541408,0.5730954,0.5667635
576.472,-0.006189585,0.001418259,-0.003950575,0.00555064,-0.001355655,-0.01606696,0.006086359,-0.005158703,-0.001167841,-0.006675999,0.002348853,7.92094e-4,0.003874471,0.006521493,-0.002362067,-0.003121291,-0.004841147,0.001313023,0.001154979,-0.003763305,-8.812211e-4,-5.949701e-4,-8.797511e-4,-0.00108258,1.231132e-4,-0.00137892,-0.003772356,6.491739e-4,-7.241532e-4,-0.0023217,-0.002380424,-0.008128834,-0.001547571,-0.003484465,-0.001771095,-0.007651904,-0.003531919,0.001960834,-8.462322e-7,-0.003193554,-6.75354e-7,-9.54798e-4,-0.004338535,-0.002116733,1.351522e-6,0.002939531,-0.002906893,-5.741616e-4,-0.003313351,3.525727e-6,0.002725159,-0.005088495,7.210633e-4,-9.416671e-4,-6.805931e-4,-0.002817898,1.563039e-6,-0.003024392,-0.001169708,1.910854e-4,0.004214767,0.002169372,-3.594536e-4,1.783193e-4,-0.002080965,-0.001188705,-0.001490888,-4.802641e-4,-0.001543151,-0.00223194,0.00129892,0.001267247,0.02493965,0.1158176,0.1935718,0.1204727,0.03155577,0.009843607,0.006757588,0.005535691,0.007732453,0.006751476,0.008137998,0.00738023,0.01322385,0.01219007,0.01187494,0.01521091,0.0161334,0.01700232,0.01907983,0.02135243,0.02379253,0.02792332,0.02894123,0.03120239,0.03393147,0.03646072,0.04125635,0.04330508,0.04837851,0.04944663,0.05298353,0.05644897,0.06129104,0.06313738,0.06788705,0.07072246,0.0760555,0.07804596,0.07954487,0.08439422,0.08693764,0.09070981,0.09370933,0.09820179,0.1008076,0.1056009,0.1114799,0.1179315,0.1195412,0.1248639,0.1285277,0.1334302,0.13666,0.1391248,0.1439225,0.1501791,0.1537225,0.1567786,0.1635694,0.1645376,0.1664671,0.171005,0.1770994,0.1830192,0.1811883,0.1868237,0.1915693,0.1922192,0.1928275,0.1999802,0.1999498,0.2022837,0.2031409,0.2024811,0.2048095,0.2083042,0.2041444,0.2079394,0.2109859,0.2081433,0.2120062,0.2125235,0.216246,0.2197996,0.2208365,0.2250668,0.2317762,0.2355966,0.2439889,0.245331,0.2546533,0.2643667,0.2704117,0.2781138,0.2848259,0.2989325,0.3094697,0.3364679,0.3603588,0.3832123,0.3715176,0.3765576,0.3889163,0.4071423,0.4280256,0.4436601,0.4539856,0.4557427,0.4539647,0.4726259,0.4907447,0.4965189,0.4922283,0.473247,0.4903394,0.5191624,0.5027617,0.5065035,0.4872692
578.821,-0.007597785,-0.01067927,-0.0119178,-0.01736103,-0.008188058,-0.007712547,-0.02110431,-0.01617241,-0.007639868,0.003087323,-0.0224023,-0.01246571,-0.01115409,-0.006555001,-0.007116513,-0.003447422,-0.008573136,2.631216e-4,-0.01162454,-0.005369022,-0.007957926,-0.00178698,-0.002396094,-0.002293743,-0.005317485,-8.826746e-4,-0.001009264,-0.003646187,-0.003637834,0.001434825,-0.00310623,-0.002823707,-0.01281648,-0.008746141,-0.005329368,-0.007278956,-0.006752023,-0.005572773,-0.006036374,-0.005765491,-0.01860717,-0.01376454,-0.009023612,-0.01186604,-0.00985553,-0.007979048,-0.0029207,-0.004870011,8.309215e-4,-0.007623381,-0.005713138,-0.004617029,-0.0125808,-0.00708991,-4.56082e-4,-0.004133916,-0.001462463,-0.002434566,9.778794e-4,-0.005849182,-0.001840871,-0.002178834,-0.004669474,-0.004611293,-0.002796421,-0.00511953,-8.306213e-4,-0.006112826,-0.004656973,-0.005537655,0.001592745,0.01241966,0.09806282,0.182468,0.1376852,0.04544996,0.003883569,0.004759587,0.003935161,5.911311e-4,0.005178678,0.002849101,0.005626311,0.006895832,0.007753275,0.009405111,0.01163975,0.01545985,0.01448564,0.01672351,0.01983388,0.01899278,0.02380948,0.0272122,0.02753446,0.03090763,0.03467396,0.03523262,0.03873847,0.04306057,0.04718918,0.04964919,0.05232209,0.05384447,0.05940619,0.06271782,0.06452486,0.06824056,0.07203053,0.07587084,0.07968504,0.08190978,0.08460934,0.0875183,0.08921918,0.09319015,0.09668557,0.10074,0.1039771,0.1109666,0.1161156,0.1182192,0.1250646,0.128199,0.1296029,0.1325029,0.1393856,0.1434175,0.1452794,0.1496928,0.1565942,0.1590126,0.1653147,0.1655898,0.1693866,0.1727076,0.1782921,0.178465,0.1798403,0.1851436,0.1880463,0.1922789,0.1921522,0.1950276,0.1945263,0.193531,0.1949072,0.1945507,0.1984666,0.1970966,0.1991519,0.2018036,0.2035589,0.2030381,0.2065126,0.2109407,0.2116507,0.218411,0.2201577,0.2272674,0.229866,0.2384212,0.2455921,0.2482104,0.2631715,0.262772,0.2791427,0.2911044,0.3004867,0.3215257,0.3536602,0.3661715,0.3570041,0.3601719,0.3771653,0.394374,0.3957963,0.4186917,0.4230559,0.4212009,0.4539024,0.4486543,0.43693,0.4562151,0.4675992,0.4676106,0.4417044,0.4468357,0.4329739,0.3989072,0.4851679
581.169,0.01110634,0.01216438,0.00332096,0.0180803,0.003429759,0.02891108,0.02597284,0.01691514,0.008866472,0.006221019,0.007105511,0.002132328,0.007302099,0.001645329,0.008175804,0.01039448,0.006893518,5.130428e-6,2.329353e-4,0.003199046,-8.892812e-4,0.006588057,0.001140656,0.002062112,0.00161528,0.004050062,-0.001774485,6.546739e-4,0.003069519,0.005407513,0.00264004,0.007887783,0.005072889,0.01406234,-0.001337278,-8.181872e-4,-0.004639493,0.005925738,0.001597677,0.008048124,0.006561686,0.004824476,0.009068182,0.00550427,0.007205439,0.0035575,0.004991333,0.006329295,0.005017199,0.003694172,0.009738062,0.007083374,0.00267768,0.00569909,0.004795029,0.00744045,0.004207503,0.003054243,-3.941416e-4,3.735416e-4,0.005916315,0.003650493,0.002346178,5.32795e-4,0.005960739,0.004974365,0.005348538,0.007602998,0.004058624,0.002562242,0.01500164,0.08058223,0.1723569,0.1543062,0.06224095,0.01238277,0.009917524,0.009435265,0.008490668,0.00953834,0.01085064,0.0113182,0.01044883,0.0129307,0.01243849,0.01288954,0.01227553,0.0162789,0.01991338,0.01988636,0.02104135,0.02319468,0.02503523,0.02864515,0.03244275,0.03353426,0.03512062,0.03921325,0.04069171,0.04327202,0.04678748,0.04957669,0.05376062,0.05535711,0.056525,0.06221163,0.0633264,0.06919133,0.07378052,0.07502405,0.07722259,0.08059719,0.08231372,0.08576836,0.08942734,0.09221583,0.09609461,0.09899968,0.1041875,0.1074766,0.1129965,0.1171121,0.1220531,0.1225513,0.1271183,0.1296834,0.1341091,0.1380914,0.1419939,0.1467872,0.152717,0.1575378,0.1595603,0.1648068,0.1659139,0.168382,0.1714944,0.17566,0.1744072,0.1789138,0.1822714,0.1855547,0.1844654,0.1900925,0.1877258,0.1905568,0.1898461,0.1934953,0.192708,0.1932802,0.1950182,0.1972065,0.1988048,0.1975142,0.2017123,0.2038937,0.2062058,0.2086943,0.218946,0.219059,0.2248914,0.2333103,0.2341195,0.2461577,0.2522235,0.2592871,0.2722389,0.280769,0.2982473,0.3228334,0.3471783,0.3442541,0.3416587,0.3536378,0.3707301,0.3837943,0.4034199,0.4108095,0.432847,0.4266405,0.4355059,0.4409655,0.4488424,0.4552886,0.4512036,0.4709019,0.4697277,0.4791082,0.4862045,0.4958369,0.5668682
583.519,0.002089342,-0.0100336,-0.01197677,-0.01684275,6.90964e-4,-0.008468906,0.001383252,-0.02084037,-0.01419826,-0.005699797,0.003165104,-0.001600522,-0.003914904,-0.006916691,0.002389288,-0.001261835,-0.001143287,2.658875e-4,-0.007018605,-0.004396849,0.00231417,-0.003294126,-0.001649654,-0.001335262,-4.959307e-4,2.571669e-4,-0.00114221,-0.005241728,0.004685774,-0.004514138,4.845223e-4,-0.01010933,-0.003513335,-0.01319766,-0.01116019,-0.002430259,-0.003554707,-0.00889977,-6.380696e-4,-0.006123046,-0.004269799,-0.004186837,-0.004695812,-0.002135621,-0.009013243,-0.001776242,2.992852e-4,-0.008646123,-0.002227086,0.00106228,-0.004254642,-0.001461713,1.222489e-5,0.004288448,-0.00707608,0.001545274,-0.003157014,-0.003256197,-5.805916e-4,-0.003215266,-0.003329206,-0.001824608,0.003075614,-0.00606632,-8.765268e-4,-0.003948173,-0.004010312,1.653145e-4,0.002349041,0.001984743,0.04903897,0.1556151,0.1764767,0.07070366,0.01191645,0.00116965,0.003661929,0.001118966,0.002770247,0.00396919,0.003970969,0.008478289,0.005564909,0.01077396,0.008115728,0.0126175,0.01354662,0.01359803,0.01649779,0.01789449,0.01656139,0.02109579,0.0226249,0.0246393,0.02801153,0.03033193,0.03116087,0.03474935,0.03861729,0.04316373,0.04349727,0.04743983,0.04801853,0.05378557,0.05667199,0.05861781,0.06305668,0.06600452,0.06957601,0.0712078,0.07358661,0.07704782,0.08080889,0.08279139,0.08385317,0.08838667,0.09142957,0.09404619,0.1003036,0.1051391,0.1083437,0.1108097,0.1150813,0.1178397,0.1202176,0.1237349,0.1280596,0.1316044,0.1373265,0.1396032,0.1427172,0.150596,0.1475801,0.1547022,0.1554712,0.1581614,0.1641727,0.1644451,0.1673463,0.1709606,0.1720548,0.1752238,0.1778658,0.1783943,0.1814751,0.1836176,0.181645,0.1813469,0.1846535,0.1835165,0.1836477,0.1907613,0.1867393,0.191747,0.1934187,0.1951303,0.2005768,0.2023766,0.2078032,0.2122288,0.217449,0.223171,0.2311803,0.2336332,0.2402032,0.2484574,0.2576786,0.2645796,0.2914298,0.3113826,0.32615,0.3214113,0.3298925,0.3340183,0.3542607,0.3620752,0.3687541,0.3846485,0.4042839,0.411431,0.4105536,0.4227213,0.4302647,0.4443963,0.4507903,0.4273087,0.4596901,0.4146381,0.4096504,0.4261151,0.4829418
585.868,0.01397114,0.01801336,0.004010251,0.01694676,0.01449889,-0.009941558,0.01031139,0.007853383,0.01069949,0.00156526,0.007951753,0.003489153,0.008139628,0.004637242,-0.00343134,0.001903069,0.002308653,0.002400256,0.004704213,0.001608886,-7.170824e-4,0.001808133,2.546662e-4,0.002930489,-7.517006e-4,0,0.00306731,0.001448394,-0.001177833,0.002904445,0.001690296,0.006987086,0.005895454,0.007515367,0.004487505,0.006534813,0.008617667,0.005964859,0.005142927,-6.479256e-4,0.002311185,0.003237078,-0.001900894,0.006155748,0.008155458,0.009556198,0.004137553,5.015938e-7,-0.001123711,0.006915607,0.008553151,0.001714016,0.003914457,0.003347353,0.002292467,-4.510733e-4,-4.23453e-4,0.005324741,1.979161e-4,0.005914026,0.001858934,0.004776763,0.005449957,-4.778957e-7,0.002647976,0.002071967,0.004540792,-4.897852e-4,0.003771393,0.03947974,0.1258582,0.1806546,0.09782435,0.02354557,0.005852253,0.0054514,0.002152693,0.007651939,0.005660101,0.008201182,0.008077375,0.008518967,0.009235189,0.01281196,0.01424951,0.01308079,0.01823069,0.01704353,0.01968073,0.02046055,0.02169843,0.02301511,0.02711997,0.02745301,0.02970439,0.03254661,0.03365172,0.03717368,0.03931442,0.0376227,0.04500634,0.04763916,0.04970034,0.0526365,0.0566788,0.05891572,0.0614907,0.06398961,0.06937006,0.07170041,0.07225026,0.07617506,0.07591408,0.08071423,0.08360151,0.08724387,0.08886751,0.09285514,0.09807781,0.1019083,0.1063213,0.1085291,0.1132008,0.1143327,0.1192349,0.1208245,0.1244908,0.1277865,0.1330074,0.136482,0.1397273,0.143984,0.1492813,0.1487711,0.1533461,0.1535966,0.1583569,0.1588212,0.1631752,0.167494,0.1661368,0.1715452,0.170957,0.1704017,0.1721808,0.1749283,0.1756897,0.1752435,0.1744561,0.1756197,0.1777897,0.1812264,0.1843432,0.1855816,0.1871988,0.1887099,0.1862706,0.1950481,0.203229,0.2005873,0.2073232,0.2141574,0.2210119,0.2284542,0.2334178,0.2461011,0.2499554,0.2633553,0.2839322,0.3099067,0.3101595,0.3100659,0.318979,0.3228727,0.3411527,0.3530872,0.363674,0.3809254,0.3907023,0.3992086,0.4020118,0.407416,0.4090465,0.404295,0.429033,0.4359486,0.4394894,0.4304086,0.4230092,0.4662861,0.5008418
588.219,0.0461562,0.0151484,0.01809605,0.01319791,0.007599583,0.01847784,0.01792079,0.01901135,0.01906825,0.01358721,0.0155251,0.004030432,0.009987306,0.01625797,0.006525637,0.00222248,0.008394441,0.004808538,0.006359545,2.020667e-4,0.005551162,7.532136e-4,0.003704423,0.001222079,0.005262137,0.002168338,0.00396382,0.00290202,1.468985e-4,0.00472465,0.001694298,0.005407023,0.007474712,0.01549879,0.01259254,0.01104904,0.00863357,0.01161736,0.008043666,0.004865543,0.0105821,0.01232282,-0.001579129,0.006784279,0.008165619,3.00799e-4,0.001477613,0.004354232,0.005607244,0.01145221,0.005533892,0.009109774,0.008581481,0.01221169,0.005985064,0.005725037,0.008486267,0.005334801,0.008700914,0.00572871,0.006892165,0.005886461,0.01164245,0.004131231,0.005655075,0.008132389,0.0070749920000000004,0.004892014,0.02898277,0.1080867,0.16931,0.1144781,0.02911521,0.009805158,0.007452056,0.01181837,0.01037882,0.004207048,0.01180266,0.01137452,0.01104664,0.01317877,0.009675155,0.01115688,0.01253375,0.01695203,0.01554927,0.01697742,0.0196973,0.01897903,0.02223487,0.02254786,0.02220342,0.02825049,0.02722248,0.03194524,0.03498578,0.03483364,0.04177632,0.04185716,0.04505933,0.04623344,0.04867993,0.05116432,0.05598109,0.056861,0.06103054,0.06436351,0.06758067,0.06925114,0.07159106,0.07414586,0.07591813,0.07809543,0.0808939,0.08337037,0.08507176,0.08962428,0.09219996,0.09974327,0.1007393,0.1078009,0.1073698,0.1124788,0.1143899,0.1157537,0.1190673,0.1246085,0.1283141,0.1296242,0.1338271,0.1416686,0.1425093,0.1457843,0.147033,0.1502121,0.1531002,0.1568993,0.1549109,0.161086,0.1598696,0.160257,0.1677167,0.1671435,0.1660655,0.1654653,0.1712874,0.1686766,0.1680535,0.1728752,0.1700203,0.1744313,0.180262,0.1757753,0.184309,0.1833855,0.1861811,0.1903912,0.1937986,0.20086589999999999,0.2005806,0.2070895,0.2137236,0.2188271,0.226089,0.2299365,0.2352141,0.2552382,0.2835953,0.3035067,0.2954877,0.2961678,0.3132132,0.3161572,0.3332399,0.3508513,0.3550702,0.3695622,0.3824423,0.3803219,0.3931038,0.4017672,0.4061686,0.4237084,0.4231109,0.4294964,0.4234047,0.4496611,0.4246267,0.5009604,0.492977
590.57,0.02392395,0.01306541,0.01550815,0.01517438,0.01321506,0.01572852,0.02634071,0.01252966,0.01378843,0.02312599,0.01402036,0.005947454,0.003702971,0.00400294,0.01727458,0.009584753,0.002334973,0.004840532,0.01160906,0.005271022,0.00198559,0.00728948,0.001671489,7.377779e-4,0.003782233,0.004363774,0.005018472,5.304602e-4,0.006671837,0.001462793,0.006331491,-3.187138e-4,0.01187583,0.017824,0.009040518,0.006595055,0.002170198,0.01803152,0.007445718,0.01273028,0.004990515,6.517985e-4,0.004440883,0.01272205,0.003046322,-0.001510491,0.005655379,0.008464017,0.0118674,0.009915146,0.007849254,0.004708869,0.009616735,0.002891988,0.004627367,0.006661622,0.00469701,0.003302599,0.007569077,0.003456464,0.004499851,0.005922137,0.008055334,0.004156694,0.001426559,0.004176254,0.005085993,0.02298622,0.09318969,0.1619877,0.1395912,0.04465067,0.009385456,0.002193861,0.008299409,0.005879716,0.00904386,0.007330565,0.007880292,0.01097098,0.0123772,0.007465474,0.01362089,0.01059646,0.01363904,0.01516537,0.01477342,0.01632791,0.01991971,0.01918076,0.02254284,0.02268301,0.0265871,0.0272645,0.02984825,0.03293293,0.03506165,0.03450995,0.03807018,0.03947121,0.04539375,0.04504411,0.04778714,0.05089591,0.05190247,0.05498492,0.06010776,0.06246674,0.06492635,0.06581292,0.0680591,0.07141075,0.07323099,0.07407046,0.07823929,0.08050582,0.08470617,0.08773733,0.08836327,0.09703644,0.09990015,0.1022369,0.1037801,0.1079001,0.1087496,0.1122033,0.1185041,0.118757,0.1211101,0.1262382,0.1273985,0.1301885,0.1350519,0.1379401,0.1436421,0.1454545,0.1452197,0.1510455,0.1506595,0.15451,0.1555693,0.1570474,0.1591389,0.1593137,0.1593443,0.157207,0.163218,0.1614708,0.1632557,0.1640521,0.1681518,0.1654226,0.1665511,0.1718426,0.1742712,0.1757228,0.1800319,0.1804177,0.1863785,0.1860069,0.1973284,0.2009077,0.2053863,0.2156225,0.2159072,0.2238244,0.2294568,0.2490046,0.2766561,0.285952,0.2783575,0.2861996,0.2861064,0.3146643,0.3192994,0.3335404,0.3342601,0.3485819,0.3509238,0.3642991,0.3804213,0.3733799,0.3797234,0.3881688,0.405279,0.4111083,0.4240107,0.4274124,0.3941032,0.4489912,0.465018
592.921,4.726813e-7,0.0065323000000000004,0.002701513,0.006337753,-0.01948242,-0.001432838,-0.01732649,-0.00791489,-0.002400091,-0.008936962,-0.00360408,-0.004326966,-0.008729222,-0.004009406,-0.01002185,-0.006072062,-0.002619966,-0.008876247,-0.003552981,-0.001822839,-0.001442682,0.001216378,-0.003985963,-3.687892e-4,-8.822159e-4,-0.001799699,-0.003604762,1.347739e-4,-0.001482951,-9.149551e-4,-0.001460786,-0.001921021,-0.004356025,-0.005347863,-0.004975467,-0.006592014,-0.01086126,0.004676203,-0.008740273,-0.004898579,-0.007321635,-0.007507998,-0.001268572,-0.005273203,0.002434528,-0.00241032,0.001490368,8.786423e-4,-0.005082173,-2.678113e-4,-0.003802372,0.004462805,-0.004680905,-2.403453e-4,2.361662e-4,-0.001108666,-0.001283182,0.002478823,-0.001784732,0.001345887,-0.0046884199999999996,-0.001665816,0.001464987,-0.001444227,5.37307e-4,0.005051474,0.005946555,0.06391543,0.1598021,0.1445839,0.05689213,0.008907621,7.037621e-4,0.0023329,0.004422826,0.002359113,0.006882859,0.006719947,0.007763915,0.008501911,0.007343035,0.006360275,0.01070909,0.008079479,0.01200703,0.01088318,0.01041513,0.01205897,0.01375538,0.01767385,0.01875511,0.02227783,0.02049881,0.02309812,0.02516256,0.02929317,0.0316979,0.03293309,0.03617618,0.03796705,0.03959192,0.03900113,0.04572156,0.04719595,0.04920055,0.05118358,0.05512237,0.0576186,0.06293429,0.06290305,0.06468194,0.06718354,0.06904923,0.07204717,0.07266241,0.07680153,0.08068095,0.08137035,0.08553857,0.09155957,0.09200155,0.09634015,0.09925369,0.09984192,0.1012595,0.1058171,0.1070612,0.1114094,0.1165971,0.1187707,0.1214175,0.1249639,0.1272428,0.1308107,0.131813,0.1335793,0.1358471,0.1420027,0.1421826,0.1448622,0.1482792,0.1460932,0.1513365,0.1494025,0.1519711,0.1505216,0.1542085,0.1500692,0.1530367,0.154327,0.1538443,0.1574927,0.1610071,0.1632689,0.1637515,0.1679466,0.1698561,0.1698336,0.1774745,0.1793896,0.1867098,0.1894887,0.1967562,0.1990239,0.207836,0.2099054,0.222933,0.250247,0.2671719,0.2653534,0.2662662,0.2725251,0.2727166,0.2925756,0.3057175,0.3149279,0.3319594,0.3272332,0.3358249,0.3365023,0.3567003,0.3568691,0.3630416,0.3599609,0.362025,0.3887589,0.3928846,0.3502213,0.3475098,0.33419,0.3638753
595.273,-0.02402967,0.002186149,-0.02235981,-0.01396549,0.003493252,-0.01077806,-0.01742091,-0.0265045,-0.004215443,-0.011621,-3.570014e-6,-0.005703005,-0.005843575,-0.01677161,-0.009370714,-0.004171958,0.003218006,-8.106181e-4,-0.004997576,-0.003259114,-0.004891535,-0.006103121,-9.04781e-4,-8.648105e-4,-0.006078783,5.16165e-4,3.879876e-4,-0.005334009,5.959822e-4,-0.001101996,-0.002200918,0.001605853,-0.005964028,-0.007162875,-0.01226714,-0.003308337,-0.008361543,-0.002016816,-0.002278951,-0.004920915,3.356516e-4,-0.008521048,-0.003188922,-0.002807424,-0.009788002,-0.00726037,-0.006579749,-0.002347177,-0.003121977,-0.004306788,-0.005343892,-9.979008e-4,-0.003964915,-0.002905989,0.00208835,0.002895168,-6.447217e-4,-0.003940855,-0.005199965,-0.004049443,5.629719e-4,-0.001300778,-0.002388765,0.001452826,-0.001786613,-0.001042818,0.03888194,0.1426952,0.1607709,0.07402873,0.01320299,0.002023257,2.845164e-4,0.001104029,0.001615192,-0.001701405,0.003332587,0.003625841,0.00499751,0.006645232,0.006793972,0.006943377,0.007392247,0.007691759,0.009169775,0.009222652,0.01074938,0.01306393,0.01649267,0.01514795,0.01813832,0.01843492,0.02146618,0.02404354,0.02691271,0.02603575,0.02760158,0.0333296,0.03189976,0.0350449,0.03716247,0.0396526,0.04295644,0.04733343,0.04934966,0.05095052,0.05482627,0.05562541,0.0590731,0.06140038,0.06235345,0.06570057,0.06774786,0.06894891,0.07000657,0.07382622,0.07807149,0.07840673,0.08217186,0.08508428,0.08920277,0.09223043,0.09471186,0.09918173,0.1007563,0.09923771,0.1064093,0.1092404,0.1112145,0.1136186,0.1187529,0.1213191,0.1231452,0.1263316,0.1260931,0.1300091,0.1313912,0.1340135,0.1347079,0.1366413,0.1399916,0.1388045,0.1458432,0.1441198,0.1451308,0.1454245,0.1478115,0.1491008,0.1482956,0.1501924,0.149501,0.1513086,0.1546199,0.1544957,0.1582119,0.158274,0.1608612,0.1657363,0.1699445,0.169213,0.1783394,0.180876,0.1873099,0.1895018,0.2012244,0.2036687,0.2157849,0.2387472,0.2578368,0.247287,0.2484741,0.259936,0.2664469,0.2724913,0.2864374,0.2981947,0.3042061,0.3180544,0.3290524,0.3226567,0.3347027,0.3470145,0.3394953,0.3554085,0.330731,0.31078,0.3448875,0.3668029,0.3527968,0.297481,0.323241
597.625,-0.02624398,-0.02194819,-0.002723512,-0.01147066,-0.02103642,-0.002884541,-0.01258496,0.001991201,-0.02839753,-0.005828377,-0.02140443,-0.002452963,-0.01012973,-0.001687882,-0.01149378,-0.006118031,-0.01321735,-0.002985774,-1.386787e-6,-0.007968931,-0.001455084,-0.001226318,-0.003239129,-0.002851974,-0.003051014,-0.001554564,2.179836e-7,-0.004951859,-0.00358686,-0.007370524,-0.00466719,-0.01257949,-0.008779337,0.003140382,-0.01094084,-0.007886963,-0.004379429,-0.005387377,-0.005222205,-0.01612874,-0.001007805,-0.01085535,-0.002239666,-0.00750822,-0.01166101,-0.008496145,-0.003904095,-0.002359937,-0.007689364,-0.009720978,-0.01531338,-0.01048606,-0.002737335,-0.009715355,-0.004668051,-0.0026865,-0.009469847,-0.004164431,-0.004620984,-0.001936509,-0.002834316,-0.002800191,-0.003874217,-0.002733076,-0.005374052,0.021088,0.1069442,0.1733035,0.09773736,0.02218912,-5.891192e-4,-0.001871835,8.482826e-4,2.781981e-4,0.002159122,0.002237942,-2.494223e-4,0.002508665,0.005131037,0.005829233,0.003931959,0.005507151,0.004799955,0.008248381,0.007550702,0.009358318,0.01146467,0.01511434,0.0145958,0.0163694,0.01689852,0.02017821,0.02049224,0.02006568,0.02512012,0.02792413,0.02769547,0.0293615,0.03201229,0.03535416,0.0358096,0.0403427,0.04054507,0.04510527,0.04721851,0.04845601,0.05143777,0.05278724,0.05666305,0.05944703,0.06135789,0.06394025,0.06374464,0.06737377,0.06735102,0.0695893,0.07357237,0.07611576,0.08011127,0.08365074,0.08670124,0.08859341,0.09072978,0.09353791,0.09545073,0.09750341,0.09816022,0.1024296,0.1073533,0.1119208,0.1118647,0.1132731,0.1160002,0.1195076,0.1201147,0.1259969,0.1251149,0.1272839,0.1296174,0.1292675,0.131469,0.1362558,0.1360696,0.1381679,0.1393271,0.1383176,0.1384248,0.1405193,0.1395842,0.1438006,0.1422621,0.1484208,0.145728,0.1493688,0.1473623,0.154055,0.1558139,0.1541013,0.1595453,0.1647823,0.1710436,0.1767688,0.1806108,0.1871427,0.1848729,0.2005638,0.2164778,0.2374556,0.2330747,0.2363666,0.2412055,0.2454459,0.2552942,0.2646164,0.2753009,0.2792259,0.2909121,0.3108877,0.3165915,0.3302634,0.3212007,0.3203398,0.322363,0.3197686,0.3427749,0.3268004,0.3450272,0.3326489,0.2763078,0.264088,0.3227309
599.978,0.0163912,0.003674446,0.002728793,0.005122618,4.912243e-6,-7.188409e-4,0.002109895,-0.005342771,0.006072822,0.01064961,0.008929045,5.478852e-4,-5.364819e-4,0.004393186,0.001399989,-0.003236085,-0.007672752,0.004357489,0.005040026,0.00656961,0.001095815,0.002616106,-0.002343264,-6.228749e-4,-0.00319208,1.297789e-4,0.001563829,9.42829e-4,0.002552512,-0.002221795,4.937946e-4,0.001621176,4.011333e-4,-0.003156642,-0.004122222,0.007508544,0.003664364,0.004059925,0.007213809,0.003968567,0.01617427,0.002645075,0.005462597,-3.126926e-4,-6.190542e-4,3.037678e-4,0.00271346,0.001480304,0.002859661,0.005694364,0.006156608,-0.003765382,-0.002746324,0.003169971,4.675697e-4,6.707234e-4,6.49688e-4,0.004599755,6.10771e-4,0.001553436,0.003416742,0.003000759,0.006674151,-0.00274429,0.01785081,0.08771948,0.1655329,0.1140892,0.03321169,0.004488423,0.002692695,0.002909476,0.004682181,0.006659992,0.003798781,0.008074208,0.005421843,0.00755344,0.01068252,0.0101601,0.009517976,0.007336892,0.01182763,0.01338662,0.01506192,0.01374654,0.01201559,0.0171991,0.01624848,0.01509267,0.02003436,0.0212846,0.02367905,0.02385091,0.02358243,0.02762609,0.03103609,0.03159331,0.03281102,0.03552546,0.03818141,0.03765806,0.04264019,0.04467289,0.04551237,0.049170320000000003,0.05160107,0.05315521,0.05563485,0.0573743,0.05754976,0.05978544,0.06258396,0.06578481,0.06589009,0.06905138,0.07163538,0.07584581,0.07710591,0.0815281,0.08397058,0.08912035,0.08929255,0.09089458,0.09330284,0.0938453,0.09966198,0.1008652,0.1024068,0.1061288,0.1073452,0.111786,0.1151226,0.117566,0.1178167,0.1215578,0.1210224,0.1230046,0.1262488,0.1268362,0.1280901,0.1306286,0.1316884,0.1329809,0.1333764,0.1343713,0.1346462,0.1352397,0.1354731,0.1369459,0.139221,0.1424578,0.1431489,0.1436282,0.1466199,0.1461757,0.1493042,0.1553459,0.1567072,0.1612554,0.1637459,0.1696598,0.1687246,0.1802919,0.1867018,0.196011,0.2110785,0.2351189,0.2255652,0.2246714,0.2364922,0.2414897,0.2522207,0.2562413,0.2688383,0.2813308,0.2868292,0.2956943,0.3120608,0.3208627,0.3202653,0.3231294,0.3356067,0.3514893,0.329417,0.3194804,0.3326832,0.3029531,0.3525548,0.3509076,0.3772985
