Wavelength_nm,800,797,794,791,788,785,782,779,776,773,770,767,764,761,758,755,752,749,746,743,740,737,734,731,728,725,722,719,716,713,710,707,704,701,698,695,692,689,686,683,680,677,674,671,668,665,662,659,656,653,650,647,644,641,638,635,632,629,626,623,620,617,614,611,608,605,602,599,596,593,590,587,584,581,578,575,572,569,566,563,560,557,554,551,548,545,542,539,536,533,530,527,524,521,518,515,512,509,506,503,500,497,494,491,488,485,482,479,476,473,470,467,464,461,458,455,452,449,446,443,440,437,434,431,428,425,422,419,416,413,410,407,404,401,398,395,392,389,386,383,380,377,374,371,368,365,362,359,356,353,350,347,344,341,338,335,332,329,326,323,320,317,314,311,308,305,302,299,296,293,290,287,284,281,278,275,272,269,266,263,260,257,254,251,248,245,242,239,236,233,230
245.598,-0.01192442,-0.03145452,-0.008627194,-0.02480953,-0.05808402,-0.03519067,-0.03196434,-0.03841331,-0.03099947,-0.02221938,-0.02109774,-0.009830251,-0.0114529,-0.02223595,0.002973909,-0.01701516,-0.02241792,-0.001550988,-0.01272417,-0.01019456,-0.01191354,-4.306057e-4,-0.009020998,-0.009153978,-0.005596753,-0.001260512,-0.002331774,0.006400274,-0.008255616,-0.01051256,-0.00737781,9.653174e-4,-0.005781277,-0.01120228,-0.02109714,-0.02144771,-0.02001484,-0.01119063,-0.01358865,-0.02390115,-6.098963e-5,-0.01279516,-0.004479296,-0.01774146,-0.01637578,-0.02287517,-0.02182818,-0.01426878,-0.02530801,-0.01350827,-0.01110209,-0.01197008,-0.01970125,-0.01003794,-0.01464729,-0.01697399,-0.0171918,-1.460386e-4,-0.002666363,-0.01038011,-0.005826317,-0.01313624,-0.001163625,-0.007475776,-0.008406684,-0.009030041,-0.009504755,8.895e-4,-0.006741355,-0.007292198,-0.00590838,-0.005653623,-0.008247231,-0.003200141,-0.00310768,0.002634027,-0.01176263,-0.003603043,0.002594586,-0.004973903,-0.005484809,-0.003505522,-0.006088562,-0.001719273,-0.009668901,-0.00524883,-0.005909256,-0.00145439,-0.004325435,-0.005752534,-0.003348783,-0.003204389,-0.003178988,-0.00728279,-0.002500026,-0.003593592,-0.001869728,-0.004276774,-0.004078854,-0.005264774,-0.003860141,-0.001786375,-0.001471083,-0.003306683,-0.00128345,-7.356551e-4,3.933305e-6,-8.087908e-4,-0.001237936,-0.001343524,-4.606425e-4,-9.263795e-4,-0.002828822,-0.002111605,-0.001720337,-0.001088305,-0.001712735,-5.483421e-4,-0.003896904,-0.003833663,-0.001297824,-0.003721339,-0.001607449,-0.002374847,-0.003415893,-9.966989e-4,-1.272215e-4,-0.002380496,-0.002098023,-0.003331528,-0.002917969,-0.001377902,-8.821932e-4,-0.002892802,-0.001079287,-0.001869056,-0.001648076,-0.002689496,-0.003027624,-0.002919783,-0.001083517,-0.003337624,1.905744e-4,-5.483175e-4,-0.001714129,-0.003267962,-0.001639548,-0.001326579,-1.3123e-4,-0.002743391,-0.001329272,1.963352e-4,5.284817e-4,-0.001293216,-7.629835e-4,2.800734e-4,4.539978e-4,-0.001229693,5.078273e-4,0.002706128,0.002902127,0.001475064,0.004020265,0.005457276,0.007652716,0.002111191,0.00734679,0.006849705,0.007179112,0.01294253,0.02137892,0.03826988,0.06906596,0.0944522,0.09549168,0.09482952,0.1209798,0.09724122,0.09968347,0.09735969,0.1313085,0.2027884,0.3358231,1.548068,6.955914,12.77837,10.07643,3.646617,0.6764875,0.4245018,0.3843542
247.837,-0.008688142,-0.01946438,-0.02466329,0.02178054,0.01204459,0.01767208,-0.008120613,-0.008960378,-8.055564e-4,-0.001033732,0.01877128,-0.005981543,6.957361e-4,-0.007376667,-0.001260946,-0.003975403,0.008502911,0.007061843,-0.001764278,0.001836227,-0.00523566,-0.00661416,-0.00283014,-0.001073176,-0.001421566,0.007959786,-6.332845e-4,-5.467897e-4,-0.003624327,0.006699642,0.005809485,-0.003800892,0.007666771,-0.002901928,-0.007018882,-0.008192373,0.01221443,0.003125798,0.006216771,0.002865613,0.001031604,-5.744749e-4,-0.00705066,-0.009388251,2.269357e-4,0.003590196,-0.004392443,-0.00218452,-0.0110493,0.005227643,0.01136762,0.008936697,0.008056202,-0.005923414,0.002619009,2.970817e-4,5.140349e-4,-0.002835306,0.001671371,-0.003530997,-0.001968425,0.002404648,-0.001627208,7.327726e-5,0.001891382,-0.006300034,-0.002326574,0.002176035,0.001128935,0.002618829,0.006449824,-0.001475195,0.003627609,-0.003527674,0.002765662,-0.004228084,-0.001018663,-0.003392371,0.001035281,0.001745486,8.413716e-4,-8.310327e-4,-0.002405899,0.001768483,0.001405267,7.434807e-4,-0.001377495,5.604218e-4,-0.003138881,7.060573e-4,-4.236256e-4,-0.001438239,-4.676468e-4,1.429351e-5,-0.001197244,0.002183358,6.704297e-4,-0.003606031,-4.692568e-4,-9.281406e-4,0.001564037,3.978081e-5,-9.297598e-4,0.001242809,0.002483504,-7.949979e-4,-1.058757e-4,0,-6.853155e-4,-2.240075e-4,-1.227239e-4,-2.403168e-4,0.0013947,-2.957403e-5,5.479262e-4,-6.159091e-4,5.142688e-4,-9.469122e-4,-2.416688e-4,9.268685e-4,1.941254e-4,0.002025952,-0.001610758,6.162188e-4,-2.927887e-4,-1.795514e-4,-6.065247e-4,-7.320439e-4,0.001746044,-8.834878e-4,-2.78157e-4,-8.291832e-4,9.699987e-4,7.466241e-4,5.647706e-5,6.931428e-4,-5.792582e-4,-0.002691875,0.004014442,0.001047987,-8.335027e-5,0.001653047,0.001419001,-0.001069265,7.172466e-4,1.71289e-4,0.002469748,0.001753561,-8.60976e-4,-1.353063e-5,3.198186e-6,0.001019466,3.185002e-4,0.002750212,0.004438126,-1.062258e-4,0.004094016,0.004240252,0.005248373,0.005266408,0.004559225,0.002717645,0.009753552,0.005408243,0.008351143,0.01065598,0.006058837,0.009786191,0.01653653,0.01883883,0.0419439,0.05835893,0.0876827,0.09852956,0.1128359,0.1145935,0.1137113,0.1220722,0.1057647,0.1273007,0.16921,0.3053051,1.045192,4.915182,11.20278,10.99465,4.395293,0.9323349,0.3821053,0.3195704,0.3917285
250.076,0.0360241,-0.04679227,0.002268696,0.01041877,0.02169772,-0.0186363,0.02567961,-0.002463455,0.008840383,0.003092706,1.317323e-4,0.003982695,-0.0102436,0.02480099,0.009593476,-0.008314149,0.006569266,0.01215303,-0.003486569,-0.00208434,-0.001789935,-0.002022538,0.002952898,0.004126204,0.00823977,6.653677e-4,-0.001793557,-4.485107e-4,-0.001926756,0.009241542,0.001337864,-0.01714934,-0.002568041,-0.01278168,1.558366e-4,-0.004915671,-0.02854404,-0.006615607,-0.004974741,0.00614337,-0.001361537,0.01137882,-0.005737747,-0.005920041,0.003850599,0.008111738,-0.01278646,-0.003785281,-0.008289835,0.004668554,0.004754721,-0.003376389,-0.007745327,9.114259e-5,-0.002366205,-0.009161014,-0.005251917,-0.0078123,-0.003726449,-0.002548763,0.003138687,-0.002013515,-0.002387963,-0.003087711,0.00321594,0.0016731,2.869045e-4,-0.002336938,-0.009322692,-0.006344466,0.006433843,0.001071215,0.001011173,-0.001493871,0.003120883,-0.005024167,0.003864964,-0.001231621,-0.006548459,0.00201982,-0.003425865,0.001629661,-0.003055701,-0.003403256,-8.406498e-4,-7.830577e-4,-5.944898e-4,0.003838666,-0.003236289,-0.003881805,-7.646978e-4,-1.459083e-4,0.002216225,-0.00104936,7.036808e-4,-0.001941668,0.001583814,-0.001199133,0.001307535,-0.004736795,-0.003143205,-0.00108221,-0.001183048,-7.662062e-4,-0.001225522,-0.002213961,0.001410808,6.651724e-5,8.813333e-5,2.483541e-4,1.337041e-4,-0.001243359,4.885605e-4,-9.711197e-4,-0.001612014,7.795538e-4,-1.803201e-4,1.78772e-5,-0.002428291,-0.001038162,4.335228e-4,-7.101238e-4,-6.487309e-5,-8.817722e-4,-3.277529e-5,8.383867e-4,0.001226815,0.001774557,-3.564601e-4,2.437975e-4,-0.002069641,-5.69339e-4,-4.795612e-4,-0.001345995,4.139646e-4,-0.001351901,4.281402e-5,-0.0024554,-0.00230058,7.911197e-4,-0.001051142,8.487084e-4,-1.448081e-4,0.003509364,-1.25325e-4,-0.001151552,-0.001391588,0.003157218,0.001732586,0.002087263,0.001278313,0.003253484,8.800662e-4,-8.356869e-4,0.002273057,0.00271183,0.001796461,0.00383109,0.006079778,0.00570358,0.007073425,0.007220796,0.008087252,0.007032305,0.01433638,0.01081115,0.01258767,0.01851378,0.02508305,0.04365201,0.0701931,0.09683077,0.1236072,0.1470452,0.1549842,0.1431707,0.1476601,0.1546518,0.1513395,0.2115337,0.3207582,0.8187303,4.567889,12.55353,14.77205,7.393294,1.406045,0.3703001,0.3919376,0.4476838,0.34036689999999997
252.317,-0.03827251,0.01404111,0.0137184,0.01750136,0.03013118,-0.05269193,0.009714939,-0.01757155,0.002188286,-0.003666868,-0.01413889,0.01703177,0.002289865,-0.01198675,-0.01531367,0.001915189,0.007755262,0.005187156,0.00638918,-5.384611e-4,0.00359022,-6.062177e-4,-9.825211e-4,-0.00343412,-0.005612719,0.002900311,-0.004912102,4.394694e-4,-0.005219535,-0.003099755,0.007994124,0.002013034,0.01695845,-0.02783126,0.01457584,0.01419484,-0.01922241,-0.003526201,0.01513779,-0.004219133,-0.004420219,0.02101272,-8.36218e-4,0.01492716,0.007779317,0.01587987,0.001981031,0.008912705,0.01629253,0.003293826,-0.002025773,-0.00157127,0.01872881,-0.002713316,-0.008521122,0.001325511,-0.001275457,-0.002326478,0.006991041,3.822194e-4,0.004910614,0.002516904,-0.009281665,-0.002336672,0.001532967,0.004382362,0.002638224,0.005326876,0.002463864,0.004193963,0.00571675,0.001661653,0.007841117,-0.001996541,0.002129974,0.004198901,-0.003076859,-0.00304573,-9.607813e-4,0.002811583,0.004095083,-0.001954282,0.005046123,-0.001044791,0.00383287,0.001715302,-0.001479096,0.001726203,-0.002957698,0.003749903,9.15818e-4,-0.001929896,0.004756519,0.002150292,-0.001579524,-0.003977833,7.731948e-4,-5.490154e-4,0.001812846,0.002919726,-7.529042e-5,0.002277945,0.001280118,-0.001163846,0.001285538,0.001616126,-3.067135e-4,1.831748e-4,-2.689389e-4,-2.984596e-4,-8.44916e-4,7.592452e-4,5.006404e-4,0.001371413,-7.198529e-4,-0.001695375,0.001592962,0.001308013,-0.002069195,0.002425138,-1.151297e-4,-0.00118495,0.002214383,-0.00125137,-0.001642518,0.001656763,-7.242923e-4,7.19457e-4,-4.061705e-4,0.003625684,-1.694017e-4,-0.00102549,4.753767e-4,0.003086251,0.001165131,0.001303769,0.001369069,0.001958987,-1.494241e-4,-5.874762e-5,7.575083e-4,1.349662e-4,0.002401466,0.003089919,-9.593438e-4,0.001786156,0.003041968,0.001307315,0.001365504,3.769735e-4,0.002899026,0.003492432,0.002349169,0.002479857,0.004299406,0.005444436,0.007518678,0.004142862,0.006942102,0.0068358789999999996,0.00898542,0.01025477,0.01114586,0.01003417,0.01036807,0.01271412,0.01280476,0.01960533,0.03676591,0.06987581,0.08700265,0.1116198,0.1440053,0.1611544,0.1446115,0.1497468,0.1640562,0.1538151,0.1827381,0.2940217,0.5673752,3.020186,10.16133,14.50532,8.741614,2.020899,0.4415271,0.2609923,0.273407,0.3404423,0.4759348
254.558,0.02000345,0.06680466,0.0138823,0.05620437,-0.03959424,0.01403826,8.567548e-5,0.02190584,6.447578e-4,-0.001160198,0.002893363,0.005300574,0.007335529,0.006074964,-0.00530188,-0.003214859,0.007841396,-0.00586875,-0.008925813,1.656543e-4,-4.598876e-4,0.008215338,0.005213603,-0.002651466,0.001054726,-2.895113e-4,0.002887972,-2.893029e-4,-3.872679e-4,0.002422525,-0.003102761,0.0107635,0.01006207,0.03676031,0.01236405,-6.267672e-4,0.002053433,0.007734833,0.01204262,-0.006802581,0.009107048,0.02433043,0.01219064,-0.004168844,0.004934593,0.00823593,-0.006917948,-0.005787069,-0.002875334,1.167614e-4,-0.001196888,0.004443507,0.01190028,-0.001221746,0.006781667,0.003147904,0.003667529,0.01219127,0.01477881,0.004042565,-2.942605e-4,0.001290484,0.01032628,0.009212269,0.009805188,0.007327429,0.01183915,0.004640641,-0.003974544,-0.003851401,0.003444065,0.006354462,0.003779463,0.001352579,0.003562558,0.005062705,0.001968589,0.003918298,0.001512242,9.318517e-4,0.004471328,0.004205056,0.001671406,0.002006364,0.00206269,6.924127e-4,0.005097656,-0.001753086,2.162423e-4,-2.306921e-4,0.002437623,0.0034941,2.15774e-4,0.001217837,0.0023205500000000002,0.001830195,-0.001689816,0.001915353,-0.001267797,-3.997851e-4,0.001155541,8.598073e-4,3.756054e-4,2.868875e-4,0.001552464,0.003617956,0.001120994,2.461136e-4,9.73934e-4,0.001193283,4.855541e-4,7.425274e-4,6.930086e-4,-5.558662e-5,0.001371158,0.001290732,-1.271581e-4,3.00483e-4,0.001057759,-9.226699e-4,0.002319044,0.003832449,0.001991425,0.001468456,0.002480579,0.001271333,0.002621608,0.002195698,-3.633319e-4,0.001170787,6.228682e-4,0.001805192,0.002361203,0.004303877,0.002795968,-4.590752e-4,0.001702311,0.002060357,0.001112372,0.002150337,-4.869837e-4,1.659518e-4,4.85936e-4,0.003757331,0.003934709,0.002796435,2.584075e-4,0.003532207,0.00342541,0.002871575,0.004927189,0.004770706,0.004358034,0.001941381,0.00557263,0.002500695,0.004341625,0.004432655,0.008383127,0.008128831,0.008041767,0.008096012,0.01253681,0.008720553,0.0101261,0.01078235,0.02063176,0.03073874,0.05617683,0.07847338,0.1011191,0.1384118,0.1367794,0.1519684,0.1396334,0.1500293,0.1585334,0.1809536,0.2205266,0.425717,2.024492,7.770408,13.58233,10.24951,2.811565,0.4670449,0.2886736,0.2257366,0.1718753,0.2172157,0.4398538
256.8,-3.818627e-4,0.01525794,0.008352014,0.006385806,-0.006001185,0.01263497,-0.01866974,-0.01504511,-0.002960679,0.002049825,-0.01229061,-0.003239342,0.002860948,-7.712345e-4,0.01975004,-3.034193e-4,0.0026009,0.0109487,-0.01050261,0.005849993,-0.001361277,-0.003519913,1.746368e-4,-0.001988882,-1.198351e-4,-2.985545e-5,0.009947767,4.865744e-4,2.020978e-4,-0.007104389,0.006146397,0.02591368,0.01048894,0.01264153,0.0206095,0.005991851,-0.0012479,0.007108402,0.01888376,0.01087553,-0.01984624,-0.006765473,1.999552e-4,0.0114295,0.001269077,0.01014793,-0.003738893,0.004948341,0.01045886,0.006954106,-0.00416002,0.008216279,0.01409222,9.804552e-4,0.004819187,0.009473331,-0.001117496,0.002396314,0.00260053,0.001404937,0.004005436,-0.003526538,1.890393e-4,0.005426062,-0.01249848,-0.003814527,6.597977e-4,0.007580473,-7.374904e-5,0.002712925,0.003394516,-0.002683949,0.002933443,0.00490158,0.002349076,0.005434338,2.223622e-4,9.769741e-4,0.003231579,0.003256345,0.002344405,0.002853022,0.002752694,0.001401778,-3.004564e-4,-0.001185636,0.007957834,1.478898e-5,0.006801073,-0.004264374,-0.001048389,0.001075617,0.001169793,-0.002160565,-2.004958e-4,0.00332866,0.002040298,-5.650036e-4,1.631839e-4,7.045194e-4,2.5165e-4,0.001116774,7.902977e-4,-9.01668e-4,1.525243e-5,2.985671e-5,0.001089924,0.00223806,-0.001013902,1.289912e-4,4.189117e-4,2.758685e-4,0.001387079,3.422978e-4,1.896603e-4,0.00136395,0.001699231,-2.53546e-4,1.562453e-5,-7.171105e-4,0.002499183,-7.068107e-4,0.002612891,0.00160734,-4.940038e-4,0.001136247,0.00194628,0.001391777,-3.27867e-4,8.047838e-4,0.002839556,-2.304734e-5,0.00467512,0.001709924,-8.367465e-4,-9.242214e-5,-0.002142872,-4.382325e-4,0.002252445,0.00193228,0.001686711,0.001796569,4.524973e-4,0.001980119,0.001792851,5.908903e-4,0.002704637,0.002577477,0.003034646,0.001449938,0.004550719,-1.246883e-4,0.002858996,0.002241637,0.002198157,0.002573015,0.005167343,0.005942564,0.008187074,0.0106516,0.01290587,0.01237106,0.008477015,0.01209524,0.01323009,0.01455936,0.01950254,0.04675053,0.07824517,0.09993588,0.1229994,0.1473725,0.1683855,0.1460889,0.1612411,0.1678491,0.1761015,0.2207736,0.3752647,1.242242,6.048238,12.54482,11.36802,4.326256,0.6243989,0.2209794,0.2114396,0.1516507,0.1009642,0.06982065,0.3767441
259.043,0.010950090000000001,-0.001019287,-0.01431259,-0.01082751,0.02217086,-0.03032144,0.02111817,0.05276003,-0.01363975,0.009065605,0.0227487,-0.006234805,0.005101908,0.009525931,0.03929143,-6.508103e-4,0.0147512,0.007286444,0.002371376,0.01028309,0.007226425,0.0109121,0.003405339,-0.007981653,0.002169982,0.005265846,0.001975173,0.0056232,0.001158922,0.008230798,0.01907249,0.01300596,-0.005506322,-0.003484229,0.01273144,0.01016542,0.003564126,-0.002974512,0.01528232,0.00270675,0.007430859,0.001017214,0.002175477,-0.01333319,0.007137036,0.01947505,0.01669727,0.005199984,0.00224274,-0.004182569,0.008937754,0.008822118,0.01055492,-0.00644094,0.007965976,0.01313764,0.007439461,6.429345e-4,0.009266198,-0.003394679,-7.958693e-4,0.010087,5.909501e-4,-5.617237e-4,0.001104891,-3.184663e-4,6.532843e-4,0.007502483,0.004338952,0.006491901,0.004053141,0.005073371,-0.003520673,0.003737998,0.00227209,-9.182365e-4,1.772052e-4,6.219534e-4,5.679501e-4,0.001470027,0.005185112,5.146933e-4,0.001970098,0.004114109,1.941534e-4,0.0046467,0.001487609,0.00302816,0.004471542,-0.001186244,-4.513448e-4,-0.00117919,0.003767757,7.080776e-4,5.609769e-5,0.001081588,0.001482716,-5.008857e-4,0.003168461,6.130954e-4,8.50699e-4,-6.976824e-4,0.003789742,3.383359e-4,4.682519e-4,8.022555e-4,0.001567516,1.015737e-4,0.001013901,0.002019184,5.701338e-4,1.039698e-4,3.848106e-4,5.834532e-4,1.120217e-4,0.00325747,-1.138747e-5,0.001672833,0.00103079,0.001833892,-0.001544413,0.001253489,-1.164157e-4,0.00112464,-7.148313e-4,-0.001618684,-3.469832e-4,-0.00163809,0.001141895,-2.214828e-4,4.731312e-4,5.578536e-4,-2.779798e-4,0.001444432,-0.001138744,0.004277842,-7.229526e-5,0.003580291,0.003930056,0.003611373,0.002250436,0.005167643,0.001442033,0.002305601,5.558713e-4,8.701928e-4,0.001467537,0.003318503,0.001652763,0.002792177,0.005087234,0.003471449,3.076914e-4,0.004672765,0.004027463,0.002204665,0.008775919,0.008687937,0.006872736,0.01188323,0.01106354,0.006452216,0.010915,0.01576053,0.01582405,0.0214381,0.04171823,0.06585339,0.1024136,0.1186982,0.1464502,0.1669144,0.160738,0.1590506,0.1631409,0.1817334,0.2146119,0.329693,0.8001522,4.421885,11.31405,12.43818,5.651097,1.097466,0.2905298,0.2401974,0.08979936,0.1175191,0.07113541,0.1854396,0.3519302
261.287,0.003767707,-0.02424534,0.0185329,0.0115577,0.004877909,-0.02498079,0.02302584,7.656354e-5,0.00669713,-0.004194899,-0.00219443,-0.005568312,0.007135409,0.01573944,-0.01146267,-0.005964913,6.797237e-4,0.005419749,0.002546367,-9.061281e-4,0.008564467,-0.003722607,0.002878611,0.004076388,0.001307166,-0.001755211,-0.003041258,-0.001554815,-0.002833778,0.008208502,0.006082427,0.00693367,0.01609142,0.01256255,0.01450495,0.00703287,-0.004500878,-0.001522241,0.00501137,0.003102815,-0.004163699,3.603091e-4,9.311769e-4,0.01300979,4.444625e-4,0.00359366,-0.003007438,0.00141302,-0.01187085,-0.002787401,-0.003348113,-0.00522972,0.001690394,-0.007282854,0.007110826,-0.006410145,0.01018695,0.004217109,-0.003336589,-0.003936105,-0.007764607,7.997233e-5,-3.691978e-4,3.647181e-4,0.001817444,0.00518086,-0.005020488,-1.517762e-4,-0.001886898,0.001704629,0.007383743,0.004510968,0.001368289,-0.007198934,1.650407e-4,-0.004461359,0.003252757,0.002732763,-6.573547e-4,0.006174941,0.005767975,0.002586195,0.00376565,0.003323788,2.02036e-4,0.003392036,-0.001144099,0.001540595,0.001840243,-0.001187792,0.002928382,-0.001664301,0.001540849,-4.670275e-4,5.420177e-4,0.002514951,0.002552299,-4.214271e-4,-8.480494e-4,2.751988e-5,-0.003787266,0.001953322,4.382755e-4,6.66657e-5,0.001643793,-6.643415e-4,5.921565e-4,-6.285664e-4,-4.206361e-4,-5.104114e-5,1.567195e-4,0.001257682,0.001515232,-5.271852e-6,7.935361e-4,-1.246078e-4,0.002229347,-2.271925e-4,0.001713305,0.001163167,0.002831496,0.002575766,0.001457039,-7.181947e-4,0.001416444,-5.930929e-4,0.00251614,4.738621e-4,-0.002422171,0.002844635,-0.00101568,9.925817e-4,0.002601255,-0.00147408,-3.067359e-4,0.001250933,0.005589101,-5.596453e-5,0.002832083,0.001618686,0.00457639,0.0041633,-8.353597e-4,0.001323895,-6.212628e-4,0.001479241,0.002193336,-2.47467e-4,0.001757207,0.002479036,0.004631975,0.003476701,0.002578626,0.004903351,0.002354794,0.004499595,0.003056933,0.007529415,0.009871764,0.007567902,0.01115273,0.008698281,0.008301352,0.0121471,0.01642412,0.02993286,0.05380432,0.0818288,0.1208417,0.1492677,0.160955,0.1580462,0.1568126,0.172188,0.1804832,0.2121226,0.2717935,0.6148659,2.973001,9.572492,12.60272,7.156278,1.506606,0.3705419,0.2426836,0.1547681,0.07370669,0.2084506,0.03509005,0.2623921,0.2707472
263.532,-0.003015308,0.006029125,-0.009862097,0.01734128,-0.02459598,0.004240051,0.04070399,0.01244682,0.01833719,-0.008481126,-0.004582848,-0.001258828,-0.01586584,0.02027051,-0.008734338,-0.003551915,0.002853408,5.523108e-4,0.009280539,0.00157797,0.003394466,0.004159663,-0.001651666,-0.005949292,2.002158e-4,-0.003041044,6.540564e-4,-0.003313285,-0.005063734,-7.849614e-4,0.001949037,-0.02297809,-0.003126648,-0.009503561,0.02322882,-0.00349818,0.001935388,-0.01027716,0.005246145,4.901279e-4,-0.006814425,-0.01948091,-3.826478e-4,-0.003981472,-0.002532127,-0.005367234,0.01469758,-0.004167534,-6.633527e-4,-6.135984e-4,-0.01274644,-0.01442606,-0.01837607,0.002845892,-0.006491487,-0.001162634,-0.002610892,0.004029136,0.01138465,0.004235277,-4.103429e-4,-0.002595198,0.01089967,1.231063e-4,-0.003179465,-0.001210926,0.003147424,-0.003218104,-0.001185397,-0.001963883,-0.005035568,-8.355072e-4,-0.003275835,-6.725931e-4,-6.989036e-4,0.001691921,0.001947107,0.002789139,0.002338598,3.486635e-4,-6.562542e-4,0.001752499,7.697291e-4,-0.00288047,-0.004070019,-8.141415e-4,-0.004790142,-0.001519546,-5.360876e-4,0.001155327,0.001841631,2.465127e-4,-9.582578e-4,-0.002201244,-0.001552668,3.503752e-4,0.00127338,-0.0010349,0.003979826,-0.001165345,0.001800464,-0.002964091,3.036604e-4,1.717712e-4,-0.002688337,0.001140659,-9.892421e-4,-3.173502e-4,9.928999e-4,-0.001562201,-0.001587501,4.61367e-4,-0.001032666,5.257155e-4,-0.002006399,-7.298179e-5,0.003116549,-8.661692e-4,0.001005924,-6.162207e-4,0.001188818,1.264822e-4,0.00141556,1.153121e-4,9.413253e-4,-0.002945934,-0.001860971,0.001086095,-0.001859406,-3.53626e-4,-7.710044e-4,4.793235e-4,-0.001526041,0.002816248,0.001910871,8.604992e-4,-6.368455e-4,-9.207708e-4,6.174115e-4,-0.004617628,-6.565222e-4,0.001549357,0.001472163,3.347395e-4,-7.033252e-4,-7.698556e-5,-0.00112784,8.106892e-4,-0.001114283,0.001983842,0.003652994,0.003811091,0.002535025,9.017921e-4,0.00188444,0.001363201,0.004482609,0.007391609,0.007298939,0.00249121,0.01091832,0.01078483,0.01248062,0.01162845,0.02233693,0.0494255,0.07291327,0.0996056,0.138986,0.1542753,0.1558203,0.1579595,0.1613591,0.1726788,0.2053391,0.2518521,0.4559809,2.152265,7.675938,12.61246,8.601393,2.360259,0.4031915,0.2025531,0.1661115,0.0585032,0.08879937,0.0143419,0.09352699,0.1740604,0.2343655
265.778,0.03816898,-0.01366743,0.01712012,0.02346355,0.007788227,0.008839812,-0.01572339,0.006210692,0.0229184,-0.01545544,0.01389939,0.005171859,0.007468439,0.003727936,0.001524557,-0.002441672,0.00171363,-0.0079774,-0.009056721,0.001726748,-0.003016611,0.002496431,0.002871144,0.001194852,-5.922794e-4,3.821037e-4,0.001890104,0.003893258,-0.002566805,-0.01115229,-3.575298e-4,0.01989546,0.007078937,0.01643634,0.004507655,-0.007249866,0.01665953,0.003222936,-0.002661025,-0.001054664,0.004192067,0.009373018,-0.01235692,0.01509262,0.008386081,0.002385583,4.3477e-4,-0.002651741,-0.001322014,-0.001727579,0.007045227,0.001087449,-0.004404389,0.01503842,-0.006099303,0.008906639,0.006192448,0.005501399,0.01527418,0.006586491,0.003686393,0.002112479,0.002469979,-0.001528956,0.008801608,-0.003727171,0.007043534,0.004618647,0.00519219,-0.003702662,0.01502192,0.001509421,0.001150294,0.006054271,0.003531003,0.01082494,0.00134006,0.006443174,0.00178047,0.003621935,0.00932376,0.002151567,-1.205357e-4,0.005450727,0.00323685,-1.430817e-4,0.001622932,0.001606798,0.00352702,0.001020909,0.001823104,2.164397e-4,0.001503348,0.001568369,8.081736e-4,-9.352264e-4,0.002181457,-1.12093e-4,5.268313e-4,0.001077503,0.001464937,-2.20607e-4,-1.290613e-4,-4.906714e-4,-3.444923e-4,2.190013e-4,0.001587823,2.182239e-4,8.522115e-4,1.032788e-4,0.001289351,8.746854e-4,5.834281e-4,0.001152904,-6.584102e-5,-0.001620016,-2.331968e-4,1.531643e-5,0.00138696,0.001798913,-4.349029e-4,7.392443e-5,-3.516189e-4,-1.148231e-4,4.91278e-4,3.254696e-4,3.288557e-4,0.002189637,0.003577776,-0.001107341,0.001919755,-8.80414e-4,0.002602973,8.691764e-4,0.001045143,0.001605032,-5.971903e-4,0.002983368,3.519768e-4,0.002972869,0.001936255,0.003919462,0.001711655,5.028716e-4,3.635302e-5,7.564724e-4,0.002521967,0.003817242,-1.81886e-4,0.002508139,0.002903812,0.003472916,0.006246468,0.002813125,0.00691662,0.006072526,0.006353237,0.007648891,0.01082257,0.01095057,0.01449079,0.01615457,0.01669663,0.02172019,0.04155289,0.06103596,0.09262055,0.126029,0.1548838,0.1650611,0.1625212,0.1591857,0.1754391,0.1981363,0.2435283,0.3885873,1.384804,6.144096,11.80741,10.04153,3.33334,0.5173979,0.235678,0.1480607,0.08526141,0.07053341,0.02273691,0.05412702,0.1042673,0.152694,0.2078787
268.025,-0.0415392,-0.00409145,-0.04489825,-0.05112699,-0.06534593,-0.03112038,-0.03666796,-0.03905938,-0.03319133,-0.00945914,-0.02866458,-0.02402153,0.001737828,-0.013681,-0.01380001,-0.02103861,-0.0226183,-0.01346759,-0.01193952,-0.004886854,-0.00544305,-0.004497801,0.002775394,-0.005590813,-0.003176769,-0.007464791,-0.002669671,-0.006899612,-0.00651165,-0.007318908,-0.006378894,-0.02516935,-0.0292583,-0.04036171,-0.02551772,-0.009299092,-0.009019961,-0.0126931,-0.01796263,-0.01602311,-0.01593612,-0.0010947,-0.01988802,-0.01985158,-0.01660191,-0.01785865,-0.02144441,-0.03235813,-0.00752104,-0.01938889,-0.01692748,-0.002424699,-0.01528255,-6.554936e-4,-0.01438254,-0.01631093,-0.009909378,-0.004208657,-0.003380008,-0.01070017,-0.01138429,-0.004046461,0.002977032,-0.01606967,-0.008508063,-0.008982211,-0.001043155,-0.006887434,-0.001072646,-0.00551358,0.002613957,-0.01241294,-0.01101301,-0.002763983,-0.01041756,-0.01020596,-0.006863328,-0.0123805,-0.003143611,-0.01343032,-0.006105355,-0.01083441,-0.001980813,-0.01102895,-0.002985272,-0.004065735,-0.004612331,-0.003950858,-0.004991977,-0.003846411,-0.00831755,-0.001068483,-0.008876879,-0.002993874,-0.003534462,-0.003250556,-0.003011457,-0.003806409,-9.477198e-4,-0.003348486,-0.003506229,-0.001955825,-0.001302371,-0.002649996,9.652955e-4,-6.809414e-4,-0.001815233,-6.887911e-5,-5.97247e-4,-0.002469366,-0.001519192,-5.575432e-4,-0.00100389,-7.478881e-4,-8.146822e-4,-0.001232358,-0.001132309,-0.00266646,-0.001377507,-0.003734281,-0.001685515,-0.004027035,-9.480952e-4,-0.005245086,0.001815166,-0.001671797,-0.001116137,-0.003119298,-8.302773e-4,0.001181524,0.002900131,-0.002170045,-8.783166e-4,-0.001809889,-0.003798386,-0.001186852,-0.002183638,-0.004489466,-0.001423285,-0.004111639,-0.00521131,-0.001142205,4.79046e-4,7.856115e-4,9.225397e-4,0.00121075,-8.005899e-4,0.001156451,-0.001304537,-0.001799086,-1.960705e-5,2.883228e-4,0.001088365,-2.780996e-5,0.003799628,0.001886612,0.003710725,0.007535294,0.009613672,0.004072321,0.008560087,0.01040196,0.01346795,0.02274729,0.05262323,0.07988446,0.1104547,0.1403143,0.1537512,0.1634508,0.1599445,0.1683774,0.1674669,0.2033413,0.3398756,0.9048428,4.438282,10.71621,10.94003,4.577989,0.6903006,0.2369475,0.1499954,0.06306063,0.02089871,0.04323127,-0.02858492,0.0319156,0.004533396,0.04681522,-0.02583321
270.273,-0.01456568,-0.0105481,0.005277247,0.01263355,-0.003815629,-0.04365067,-0.01528525,-0.02246679,3.122308e-4,0.01926868,0.006519534,-0.00617397,-0.0064406,0.004554894,-0.006761494,0.009869745,2.304728e-4,0.01020724,-0.01095015,0.006530117,7.314303e-5,2.05774e-4,-0.003568296,-0.003530895,-0.001553576,-0.00183693,-0.006593034,0.001664434,-0.00711466,-0.004410676,-8.971582e-4,0.006237846,0.02033396,-0.01069038,-0.007891417,0.01228242,-0.0211103,-0.01252134,-0.008736286,0.003783416,-0.01803008,0.001013791,-0.008814614,0.01863082,2.508678e-4,-0.01328986,0.005228099,4.802804e-4,-0.0135356,-0.001894542,0.009449524,-5.421247e-4,0.01850367,-0.01837815,0.01510578,-0.001149527,1.116773e-4,0.005598252,-0.01260025,-0.004660895,-0.002015874,0.01083871,0.004409492,-0.008690198,0.003687606,-0.002789318,-8.319505e-4,0.003480605,-0.002869846,4.526698e-4,0.002226633,0.003450975,9.203933e-4,-0.00544298,-0.002393238,-0.002590955,7.780188e-4,-0.004684227,5.171009e-4,0.003897206,2.97011e-4,-1.960737e-4,0.003183085,0.00601841,-0.006183139,0.002074284,0.002265858,0.001105412,-0.001176346,-5.694322e-4,9.194907e-4,-0.002868541,-2.440161e-4,-0.001176338,-3.460967e-5,-5.765363e-4,-0.002887941,0.001196633,-0.001139331,6.875388e-4,0.001294384,8.235868e-4,0.001222203,-4.414438e-4,-8.643706e-4,0.002009141,-2.455381e-4,-6.868571e-4,2.276802e-4,0.001265971,-4.386493e-4,-9.509316e-4,-6.250059e-6,0.002135781,7.093105e-4,0.001725967,1.997385e-5,0.001080494,-3.979396e-4,-4.214362e-4,-0.00103674,-3.32704e-4,0.002644766,-4.162417e-4,-7.771835e-4,0.002077552,-8.466732e-5,-6.32207e-4,0.002791656,-0.001533295,8.144746e-4,-0.001046868,-1.373238e-4,6.623684e-4,1.09699e-5,2.354888e-4,5.198638e-5,-8.284389e-4,-6.112779e-4,-0.001957075,1.141856e-4,0.001068323,-0.001263416,0.003438519,6.90779e-4,0.003245759,0.001121546,0.002841958,0.004960944,0.001596169,5.147805e-4,8.669083e-4,0.003878405,0.002896653,0.007744917,0.005399997,0.00703156,0.005837493,0.009104675,0.01036552,0.01042641,0.0155866,0.02429261,0.05008574,0.07497925,0.101739,0.135327,0.1523979,0.15855,0.1710492,0.1716273,0.1811429,0.197171,0.2923105,0.6312708,3.17585,9.097923,11.32748,6.053979,1.198557,0.2577573,0.1648425,0.1060081,0.1042505,0.08924621,0.07948408,0.08329753,0.05476371,0.05805946,0.1789375,0.219107
272.522,0.0322498,-0.006953974,-0.02954828,-0.01254882,0.005447459,0.01368343,0.04857324,-0.01532419,-0.001619988,0.007129316,-0.0135536,-0.001763987,0.003978465,-0.005772031,-0.001561598,-0.009223701,8.326261e-4,0.01206642,0.001482729,-0.005633427,-0.001347628,4.60142e-4,0.003962211,0.002649463,0.004047565,2.225496e-4,0.006290451,0.004683071,-0.003425293,4.714972e-5,-0.003290622,9.692345e-4,0.01301383,0.02028342,-5.827429e-4,6.350265e-4,0.01401871,0.01195007,-0.009433438,-0.005799697,-8.977091e-4,0.005794287,-0.008295676,0.01943261,-0.002135019,-0.00182483,0.001493495,0.01107549,0.002566407,0.001789306,-0.002587615,-0.005557166,-0.00786118,0.004924459,0.004653259,0.01220088,-0.002497473,-0.004896934,0.001050298,-0.001429978,-0.008375442,-0.001457964,-7.468406e-4,-3.127235e-4,0.001508427,0.007014057,0.01098122,0.001760534,-0.001382704,0.006492036,0.002553687,0.003448163,0.00597259,0.004460159,0.003903897,-8.137141e-4,7.05571e-4,7.222738e-4,0.003899338,-6.412627e-4,5.026021e-4,-0.00400654,0.001701512,-4.456933e-4,0.007715255,0.002746783,9.143301e-4,0.00413812,-0.002572268,2.00578e-4,-0.002388412,-0.002812503,3.49255e-4,2.254593e-4,-0.001636124,-0.00370235,0.002746456,-8.797483e-5,0.001821118,0.002608368,-0.002200665,4.326429e-5,-0.002378267,1.227049e-4,3.258256e-4,2.232811e-4,7.431727e-5,-0.003312814,-0.001046725,7.381001e-4,3.226486e-4,-5.972459e-4,1.079495e-4,8.773341e-4,6.866553e-4,-4.506142e-4,-7.78334e-4,-0.001255249,0.002147137,0.002423201,-1.653679e-4,0.001336031,0.002672298,-0.001130955,0.00155517,-4.845463e-4,0.002588632,0.003051587,6.532142e-5,6.744373e-4,-1.244883e-4,-0.001874093,0.001534911,9.644124e-4,0.002418955,0.001622962,0.00259358,-0.001021032,-6.681346e-4,0.002650813,1.190037e-4,0.001592199,1.174224e-4,0.001328364,-5.079006e-4,0.002579375,0.002719262,0.002234171,0.003041365,0.001826861,0.002259171,0.004568695,0.00341444,0.005307963,0.007757672,0.009176985,0.01059705,0.00901979,0.01216674,0.008885039,0.01436979,0.02146996,0.04151936,0.06907784,0.08945219,0.1209755,0.1354201,0.152588,0.1551646,0.1660526,0.1739469,0.1896735,0.2437725,0.4415944,2.088848,7.266206,11.10095,7.112875,1.829407,0.2856363,0.1736772,0.09975464,0.0823813,0.04757901,0.05843016,-0.00646341,0.04949679,0.02789469,0.06367773,0.1223405,0.1035139
274.772,-0.02791046,-0.01742277,-0.03167305,0.005262054,-0.01089594,-0.01697605,-0.03733395,0.004517256,0.006452627,0.01554965,-2.995342e-4,-0.008133728,-0.01584254,-0.009379587,-0.002789188,0.003677724,-0.008610135,-0.003744987,-0.00260149,-0.002276611,-0.007262018,-0.003150597,-0.003479532,-0.006188428,-0.006028422,-0.005193892,-9.080107e-4,-0.001423472,-0.004049112,-0.004188997,-0.00367967,3.908601e-4,-0.002509925,-0.02987021,0.01620487,-0.003916711,-0.01535035,-0.01206023,-0.02232541,-0.02411674,-0.0140168,-0.00627594,-0.01080997,-0.004155089,-0.01045184,-0.003515759,-5.800382e-4,0.006398255,-0.01505158,-0.009459199,-0.01158833,-0.003317613,-0.02420215,-0.001697234,-0.007489482,-0.01593875,-0.008422676,-0.01029894,-0.002519681,-0.01238904,-0.004146839,-0.003917596,-2.65726e-4,-3.00008e-4,0.00649832,-0.01256314,-0.0161624,-0.006264003,-0.01069481,-0.01161129,-0.01033152,-0.001912425,-0.004964637,-0.007765998,-0.001524889,0.001816643,-0.003247651,0.001541551,0.004905364,-0.002603329,4.541364e-4,0.002060156,-0.003357798,-0.006262022,0.002242766,-0.005614716,-0.00401035,4.208715e-4,0.001099812,6.559872e-4,0.001623696,2.03172e-4,-0.002453109,9.283309e-4,0.00181262,-0.00272065,4.3582e-4,-4.363081e-4,-0.002099348,-4.611513e-5,-0.003369475,-0.003196372,9.091326e-4,-0.002407663,-5.304378e-5,-7.204636e-4,9.211671e-4,-0.001129197,-0.002210704,-0.00196811,1.580625e-5,1.571149e-4,-0.001569829,9.811619e-4,-0.001285495,-0.001576162,4.826375e-4,-9.334783e-4,5.645092e-4,-0.001139337,-0.001499129,-0.001107468,-6.904545e-4,-7.034738e-4,-0.001155746,-0.00268933,-0.001849441,-7.969945e-4,0.001202117,-0.001247254,2.05159e-4,9.510809e-4,-0.001614007,-0.005322188,-0.003642713,-0.003274159,-0.002105705,0.001058957,-0.00248789,8.907467e-4,-0.001256936,-4.258291e-4,0.001809647,0.00143508,-0.002577655,-0.00366444,-0.00138728,1.575248e-4,7.509803e-4,0.001528073,0.004493697,0.002178632,0.002421077,0.0014731,0.002818823,0.003470018,0.004798832,0.005735387,0.006476994,0.007833376,0.01557527,0.03341048,0.05556594,0.07889083,0.1204666,0.129854,0.1347222,0.1507162,0.1552316,0.1653904,0.1830481,0.2210961,0.3405382,1.215972,5.523811,10.20239,8.280201,2.514686,0.3472237,0.1699247,0.1390678,0.09794553,0.05091374,0.04709557,0.03464459,0.03125238,0.004184197,0.02106705,-0.008125883,0.1109229,0.1214656
277.022,-0.006735945,-2.064301e-4,-0.0171812,-0.01773006,-0.01196265,-0.01646521,-0.02546659,-0.003651642,-0.0104688,-0.02571128,-0.03042026,0.001056845,-0.008381074,-0.002975079,-0.008531769,-0.008555582,-0.005104892,-2.684921e-4,-0.01827513,-0.007569571,-0.002297898,-0.004279606,-0.001689712,-0.0100753,-9.963491e-4,-0.004885554,-0.002765016,9.475463e-4,-0.003967882,-0.002566167,-0.01138927,0.008343683,0.01074453,0.001362473,-0.01037095,-0.02120374,-0.002164341,-0.01470538,-0.002579088,-0.0107663,-1.531931e-4,-0.02900853,-0.009841457,-0.01474156,-0.01707615,-0.00389591,-0.009512243,-0.01749393,0.002768173,-3.892332e-4,-0.005841099,-0.001005703,-0.007668457,0.003354282,-0.005023304,0.007171222,-8.813529e-4,0.001363809,-7.286301e-4,-0.01220778,-0.01002451,-0.00785697,-0.00274937,-0.01890372,0.008411268,-0.007060229,-0.002386336,-0.01154595,-0.01034963,-0.00297551,-0.001575102,-7.884514e-4,-0.00664656,6.930504e-4,-0.002371208,-0.002180623,-0.008719919,-0.003169971,-0.001933875,-0.001430339,-0.002897697,0.0018787,-0.002649743,-0.001484377,-0.004510688,-0.00462379,-0.004311328,-0.002437615,0.001625862,-0.00762704,-2.255034e-5,-0.003454579,-0.003998888,-0.006342865,0.001382336,2.193619e-4,-0.005569949,4.728214e-5,6.133252e-5,-0.002786656,-0.002955765,-0.002627922,6.761064e-4,-0.001640536,0.001242531,2.785558e-4,-6.432164e-4,-1.599988e-4,1.934648e-4,4.308535e-4,-4.92587e-4,-5.228052e-4,-0.001365033,-0.001047097,6.413825e-5,-0.001526946,-6.278518e-4,4.0146e-4,-0.002048388,-0.005177736,6.471744e-4,7.505113e-4,-4.716785e-4,-0.001735839,0.001590475,-0.001353727,-1.697356e-5,0.001289835,-2.927379e-4,0.002915612,4.059385e-4,-3.842443e-4,-7.033236e-4,-8.429864e-4,0.001798311,-0.001734125,-0.001061219,-0.001235157,-0.002503191,2.014934e-4,-9.960102e-4,-0.001507664,-3.497922e-4,-0.001193017,6.908138e-4,-1.663166e-4,-0.00123534,-8.640101e-5,2.772154e-4,4.617357e-4,0.004091614,0.003671675,0.005239093,0.006276981,0.004856565,0.004909194,0.009592729,0.004772107,0.008525641,0.01497007,0.02867177,0.04951152,0.07510916,0.09921283,0.1273667,0.1402934,0.1337104,0.1532953,0.1548226,0.1684333,0.2075624,0.2959531,0.7006551,3.744057,9.065185,8.871594,3.508585,0.5133427,0.1838903,0.1262282,0.1125385,0.07328833,0.06619701,0.06710277,0.0409961,0.0425896,0.06670618,0.06716326,-0.004065866,0.05874938,0.0979184
279.274,-0.02401281,-0.02821852,-0.05184169,-0.05932026,-0.0512377,-0.05162415,-0.04568219,3.44222e-4,-0.02890211,-0.02610402,-0.02709692,-0.008795644,-0.01626099,-0.02010044,-0.005154595,-0.02641704,-0.01558387,-0.01195872,-0.01508987,-0.009045874,-0.00454824,-0.01127125,-0.004387185,-0.005543906,0.002394233,-0.006247133,-0.004058661,-0.01077284,-0.00620714,-0.003946243,-0.01237228,-0.02437567,-0.01448381,-0.03266428,-0.05592629,-0.0106631,-0.001358236,-0.01311846,-0.002499604,-0.004384098,-0.006789411,-0.01290427,-0.01132073,-0.01880017,-0.0284763,-0.003189036,-0.008288625,-0.02229623,-0.01776066,-0.01673215,-0.01287457,-0.01661271,-0.01092262,-0.01053349,-0.011654,-0.01227349,-0.01737727,-0.00763705,-0.01443195,-0.006514127,-0.01053091,-0.01114739,-0.007879952,-0.01586449,-0.007910504,-0.002261038,-0.002593701,-0.005201404,-0.002054475,-0.002233607,-0.004950718,-0.004888477,-0.009955742,-0.004190481,-0.007708746,-0.01151654,-0.00777242,-0.009874276,7.831971e-4,-0.004878374,-0.006931671,-0.004593439,-0.008798132,-0.001724535,-7.545012e-4,-0.003901213,3.417578e-4,-0.005305282,-0.005025934,-0.005002026,-0.005269328,-9.152831e-4,-0.003062261,-0.002645405,-0.004751274,-0.002494448,-0.003418885,-0.002687129,-0.005167157,-0.003963158,-1.273458e-4,0.001085454,-0.002965389,5.091646e-4,-0.004342696,-0.001643949,-0.003959337,-0.00201404,-5.091463e-4,-5.207849e-4,-0.001944667,-0.001031932,-0.001358912,-3.258763e-4,-0.002632775,-0.001812612,-4.468201e-4,-0.003055711,-0.001092412,-0.002222126,-0.005679992,-0.003822275,-0.001673885,-0.002494545,4.555082e-4,-0.001772462,-2.410766e-4,-0.001440807,-0.001121631,-0.003160923,-0.001351397,-0.002629229,-0.002516092,-0.002554974,-0.00290627,-0.001749127,-0.003842455,-0.004864546,-0.0024826,-0.001386581,-3.593389e-4,2.632407e-4,-7.670189e-4,-0.001204529,5.90948e-4,2.147227e-4,-2.398306e-4,-0.001562527,5.511089e-4,0.001007428,0.00411988,0.004537278,0.002149133,0.00317449,0.004045322,0.005884401,0.006574307,0.003973562,0.0101942,0.02410258,0.03788418,0.06417273,0.0855937,0.1123713,0.1301027,0.1344161,0.1349163,0.1413838,0.15264,0.1737287,0.2499126,0.5354533,2.344894,7.368377,9.065314,4.490241,0.8166438,0.1983623,0.1568577,0.08067227,0.04510011,0.04261708,0.07409892,0.01556895,0.04378957,0.02079306,-0.003616306,-0.01788271,-0.0498651,-0.005126103,0.005964577
281.526,-7.198755e-4,-0.009241531,0.01414753,-0.02559883,0.008147048,-0.01836588,0.01125098,-0.02003583,-0.02607257,-0.01012968,0.0152905,0.002277574,0.01107169,6.161861e-4,-0.005319848,-0.01389062,-0.006452379,0.002754782,-0.001214323,-0.002617668,-0.00291715,0.001926968,0.003084036,-0.003630898,-0.00562586,-0.008093784,-0.002578241,-0.002688909,-0.00230515,-0.002770165,0.002293046,-0.001768245,-0.02485817,-0.01713259,0.01850224,0.01498565,-0.02406165,-0.02951968,-0.006026071,0.003136722,-0.004084199,-0.01134293,-0.0170483,-9.512657e-4,-0.01543004,-0.01840618,-0.005536187,-0.001611178,0.00946561,-0.003394944,0.01164137,-0.003391688,-0.003170435,-0.004725448,-0.01523301,0.002721975,0.0022690090000000002,-0.005818144,0.003009908,0.00137864,-0.007855326,-0.002191193,-0.002017309,-0.001918297,-0.005844638,0.003706823,-0.00781957,0.003795817,0.004590589,-0.007911403,-6.260127e-4,-0.009128606,-0.003768957,-0.00704552,-0.00532996,-0.001571574,0.001171563,-0.003197833,-0.003779498,-0.001657307,-0.005115465,-0.005543578,6.174238e-4,-0.00246894,9.401291e-4,8.753247e-4,-0.005391469,-6.169249e-4,-0.0013167,5.128686e-4,-0.003803524,3.980947e-6,-0.001304021,-0.002523553,0.001335255,0.001022724,-0.003372333,-0.003045342,0.002299448,-3.709502e-4,-0.002145031,-4.118256e-4,0.00326072,6.202974e-5,6.309899e-4,-3.844125e-4,8.384758e-4,0.001410532,1.329452e-4,-0.001650747,-0.001176486,-5.238901e-4,5.992357e-4,-9.126053e-4,-0.001249834,-4.743107e-4,3.511719e-4,5.080728e-4,-0.001316541,-6.520128e-4,0.002279166,8.97317e-4,-0.001189058,0.002070387,-0.00145239,3.137399e-4,-0.002539305,-1.638354e-4,-3.580306e-4,-2.810388e-4,-0.001090219,-0.00110886,0.001319745,-6.042373e-4,6.304248e-4,-4.784854e-4,-0.001219533,-9.909089e-4,9.439447e-4,-0.001052643,-7.450653e-4,-2.5393e-4,0.001367117,0.001389644,-4.60168e-5,0.002471257,0.002884754,0.001981723,7.16287e-4,0.00482527,0.003716319,0.005340142,0.006738221,0.008521898,0.006545135,0.006657026,0.008307792,0.009469898,0.01925119,0.03319924,0.05951509,0.08904244,0.1104597,0.1270486,0.1322749,0.1316871,0.1417014,0.1477858,0.1747781,0.2207525,0.4040179,1.668233,5.544952,8.928278,5.437341,1.235543,0.2463898,0.162219,0.1234172,0.07355391,0.05731066,0.04213896,0.02467037,0.06300039,0.02810329,0.04611494,0.07879584,0.04553387,0.0593347,0.1809659,0.05067331
283.779,0.002361802,-0.01705267,-0.007856895,0.006338327,0.009096611,-8.866631e-4,-0.01442598,-0.007606767,-0.02039447,0.01253215,-0.006451861,-0.002864282,-9.581601e-4,-0.007187765,-0.02744147,-0.004048463,-0.006216175,-0.01024188,9.031771e-4,0.006737298,0.003259073,-0.006575701,0.001176778,-0.00386662,-0.004579434,0.001382135,-0.002056011,8.457288e-4,0.003071355,0.001164119,-0.003702457,0.004532998,-0.004177417,0.00621945,-0.006449371,-0.005202896,0.001887303,0.004150171,-0.005383542,-0.02426926,2.201519e-4,0.007535698,0.001117263,0.006453491,-0.01095657,-0.007209447,-0.001837516,0.007514594,0.002176059,0.002035177,-0.0108413,-0.01180661,0.003747364,-0.005075948,-0.004829545,0.007881777,-0.003263304,-6.08759e-4,-0.008841908,-0.006070957,0.006298533,-0.003655921,-0.003191244,2.214973e-4,0.003020777,-0.002584595,0.002093458,-0.001108628,0.005107504,4.904487e-4,-0.001565102,-0.002064826,-0.006817561,-0.004051772,6.457027e-4,-0.003344329,2.946707e-4,-8.156737e-4,0.001944369,-0.001387353,-0.002121788,0.001839267,9.101252e-4,-0.002927257,-0.003371004,-0.003233267,-0.001897501,0.004159549,0.002727066,-9.969779e-4,-0.004842798,2.634934e-4,1.182577e-5,-0.004228563,-0.002215941,-0.001783627,-0.001856316,-2.796392e-4,5.080413e-4,0.00195133,-0.001772144,-0.001186604,-0.0024995,5.545891e-4,-6.905027e-4,-0.001340358,-0.001790504,-0.001740668,4.665274e-4,-1.200429e-4,-1.904766e-4,-9.152398e-4,0.001111243,9.432703e-4,3.604944e-5,-0.00083245909999999995,-0.001826805,-0.001056338,-3.624301e-4,-5.894264e-4,0.002097305,0.001257032,3.303832e-4,0.001193157,5.093952e-4,3.19935e-4,-4.61298e-4,0.001696318,8.978559e-4,0.002317525,0.002915177,-0.001535695,0.001406603,-3.836635e-4,0.00234287,-0.001714102,0.001545994,-4.128488e-5,-8.90621e-4,-6.73572e-4,-4.581542e-4,0.001720971,2.904368e-4,6.340646e-4,0.002869784,5.12525e-4,0.002943524,0.003575795,0.002606932,0.002094868,0.005310187,0.003630875,0.006147969,0.005759715,0.005827125,0.009131482,0.007480083,0.01140138,0.02566183,0.04864792,0.07560371,0.1046606,0.1250945,0.131444,0.1322733,0.1370186,0.1436404,0.155743,0.1943504,0.3159375,1.108969,4.431234,8.207384,6.577099,1.830159,0.3104811,0.1763433,0.138249,0.08740062,0.06764241,0.04623958,0.01963474,0.04030255,0.06843446,0.02183414,0.03159035,0.04426532,0.05453135,0.0750446,0.1269773,0.074557
286.034,-0.01388521,0.002577886,-0.002517553,0.006740832,-0.02671964,0.0120734,-0.04066751,-0.009617026,0.02733666,-0.004945951,-6.396378e-4,0.00225327,-0.004418938,0.005387373,-7.988166e-4,-0.004080988,-7.708922e-4,-0.0116758,-0.01366385,-0.005679356,-0.00265173,-6.442121e-4,-0.00282939,-0.003210344,-0.003214642,-0.001776016,0.001773324,-7.936641e-4,0.001022867,-0.006020038,-0.00189657,-0.005317286,-1.358707e-4,-0.005434177,-0.0128901,0.008155357,0.01197492,-0.01460305,-0.006361602,0.002194215,-0.01029828,-0.008827188,-0.004833081,0.007955033,0.007484479,0.004734554,-0.007791497,-0.00232509,0.002097002,0.008617478,-0.006851678,-0.002060496,-7.462714e-4,0.002120777,-0.004412965,-2.384345e-4,0.004417519,0.003936907,0.00562552,-0.003357324,0.002715704,-0.005042657,-0.00255995,-0.008843564,0.006317698,-0.004158862,-0.005235784,-0.003562457,-0.005088805,0.003237498,-0.00495712,-0.006327067,-0.003022254,-0.003798269,-0.01075805,-0.001524702,8.594356e-5,4.531564e-5,-0.001406295,-0.005030981,-0.003564886,-0.0028494,-0.006142295,-0.004052688,-0.001718202,-0.00131964,-5.311636e-4,6.680862e-4,-0.001790982,-0.002946673,0.002119422,-0.001959274,5.872686e-5,0.001412765,-0.002109004,-0.002126037,3.801612e-5,3.073495e-4,-0.002125285,0.001150895,3.268046e-4,-0.001583025,3.826568e-4,-0.001088428,-5.258451e-5,-3.533737e-4,-5.666727e-4,-0.001415604,-2.95855e-4,-0.001804855,1.81579e-4,-6.491402e-4,8.219562e-5,-8.273099e-5,-0.00112805,1.156057e-4,-0.001751779,-8.823146e-4,8.458085e-4,-5.020677e-4,-7.750143e-4,5.161809e-4,-8.6987e-4,-0.00111968,-7.80885e-4,3.970352e-4,9.105466e-4,-0.001197436,1.933555e-4,-0.001487653,-2.543712e-4,1.002888e-4,-5.533095e-4,-9.406767e-4,-0.001064669,0.001753757,4.785857e-5,-0.002311957,-0.003702031,1.504433e-4,2.731718e-4,0.001136939,0.001781403,4.694249e-4,-6.20169e-4,0.001466466,-3.686993e-5,-1.5809e-4,0.003747835,0.003366281,0.005275575,0.003416119,0.007503471,0.006514735,0.005983873,0.008183343,0.01223733,0.02144973,0.03752447,0.0677136,0.09953113,0.1214639,0.1215755,0.1285221,0.1271392,0.1311046,0.146265,0.1590236,0.2654593,0.7737257,3.280994,7.331506,7.405866,2.730214,0.3800347,0.1851858,0.1501962,0.1163927,0.08381316,0.08707539,0.07401548,0.06250277,0.04740133,0.0609942,0.03591621,0.03595075,0.0653312,0.1100669,0.09736481,0.1625197,0.1575217
288.289,-0.01529053,-0.003689557,-0.02184476,-0.006187865,-0.8512281,-0.01216512,-0.01399067,-0.02627665,-0.008596462,-0.03096163,-3.853998e-4,-0.01068203,-0.005092783,-0.02253211,-0.001890815,0.004635387,-0.002410402,-0.006294817,-0.007752725,0.006325902,-3.249837e-4,-0.006438252,1.804741e-4,-0.01483889,-0.003344848,-3.375759e-4,-0.005762057,-0.001390012,-0.001552721,-0.01567714,-6.310228e-4,-8.451199e-4,-0.02578323,-0.004219842,-0.007664929,-0.02173326,0.006621685,3.317047e-5,-0.004338123,-0.007114678,-0.01656426,-8.181015e-4,-0.006134629,-0.003404138,-0.001540123,-0.001214938,-0.01222671,0.001352505,-0.01077923,-0.002256582,5.272903e-4,-2.518514e-4,0.002654761,-0.01425963,0.003305909,-0.001122762,-0.005692026,0.007300054,-4.1456e-4,-0.011004419999999999,-0.01001756,-0.004350055,-0.005353874,-0.005732747,0.003620122,-0.002119941,4.414658e-4,-0.001941866,-0.007679809,-0.005336095,-0.002589066,-0.005659683,4.388869e-4,0.002048884,0.004005834,-0.001860995,-0.004272873,-0.01063387,0.004993845,-0.005474122,-0.003007566,-0.004588813,-0.002875681,0.002231611,-0.00635508,-0.002408804,-6.950589e-4,-0.003607355,-8.967627e-4,-0.001332861,1.650575e-4,-0.00238854,-0.003151554,-0.004743987,-0.001075051,5.221112e-4,-0.002887121,-0.001948274,1.323213e-4,-0.00145377,-0.002307206,-5.035804e-4,-0.002475988,-0.001699053,-0.001276022,-0.001376971,3.996039e-7,-5.066833e-4,-7.568603e-4,-4.632411e-4,1.5223e-4,-6.652347e-4,9.200289e-5,6.809516e-4,-6.959802e-4,1.178844e-5,-7.179243e-4,-2.731693e-4,-2.067797e-4,-0.001284018,-8.007121e-4,6.010065e-4,-0.001312023,-0.001456439,3.316509e-4,-8.870242e-4,0.002956568,3.478867e-4,-4.640193e-4,0.001270508,-0.002144598,-0.001044055,-0.002088499,-3.620283e-4,-0.001809106,0.001212043,7.572468e-4,-0.002519624,3.233761e-4,-0.002850936,-8.870217e-4,-3.691631e-4,-0.001390724,4.38781e-4,0.001004499,-7.801432e-4,0.001308924,0.001610002,0.00369994,0.005717593,0.005175383,0.005060985,0.0055704,0.005857195,0.005807212,0.007196083,0.01455424,0.02972951,0.05011971,0.08800024,0.1140656,0.1261025,0.1253506,0.1260871,0.1269097,0.1328205,0.1473565,0.2145491,0.5336172,2.496349,6.430613,7.487473,3.905056,0.6764683,0.1985586,0.1611553,0.1308257,0.1124134,0.1012479,0.07485127,0.072026,0.06689189,0.04504164,0.03883955,0.04080557,0.04399305,0.02290348,0.04368334,0.06753868,0.05121122,0.1103104
290.545,-0.05706854,-0.02030356,0.003374699,-0.04864297,-0.0416392,-0.03893783,-0.02994655,-0.009016974,-0.001161924,-0.037109,-0.0196596,-0.01823732,-0.004354541,-0.02726414,-0.007061915,-0.01642906,-0.02013173,-0.01904032,-0.01186648,-0.007647287,-0.006978988,-0.008791563,-0.00471948,0.001731774,-0.006348874,-0.006190709,-0.003025907,-0.008396051,-0.007306011,-0.004373005,-0.004647787,-0.0121704,-0.0382287,-0.01267435,-0.03585295,-0.0272098,-0.02173132,-0.01560691,-0.01057235,-0.0308214,0.008118586,-0.01922535,-0.007426704,-0.02906877,-0.009088285,-0.01041323,-0.02385036,-0.008543283,-0.01011053,-0.01142746,-0.03072681,-0.003596852,-0.01464726,-0.01167344,-0.006553184,-0.008526118,-0.02087988,-0.01510673,-0.01218844,-0.01292666,-0.00263012,0.006613135,-0.001747228,-0.01435776,-0.01080381,-0.01084083,-0.009368354,-0.01226666,-0.004642907,-0.01186452,-0.00186336,-0.0098591560000000009,-0.009315033,-0.002334567,-0.004683517,-0.007262466,-0.002873444,4.456706e-4,-0.001877757,-0.005650138,-0.009931089,-0.007783602,-0.005803068,-0.00234848,-0.002978766,-0.0024752,-0.001708689,-7.649182e-4,-0.004382058,-0.00624819,-0.001365615,-0.00138663,-0.001870677,-0.002029622,-0.003998972,-0.003135086,-9.310528e-4,-0.002444945,-0.004454427,-5.102566e-4,-0.002323584,-0.003639699,-0.00188544,-0.001990041,-0.004097023,-0.002482671,-0.002326139,-3.093527e-4,-8.402639e-4,-8.224805e-4,-0.002062792,-0.001586362,-9.498319e-4,-0.001465218,-0.001028367,-9.867448e-4,-0.001927263,-0.002075708,-0.002433237,-0.001760591,-0.001328433,-9.805751e-4,-0.002430639,-0.001111698,-0.003047755,-2.882777e-4,-0.00166731,-0.003950819,6.014271e-4,-0.003065302,6.262615e-4,5.943129e-4,-0.002457473,-0.003176552,-7.422435e-5,1.385484e-4,-0.001976532,-0.002561346,-0.001777285,6.395343e-4,-0.001013108,-2.171146e-4,-0.003097066,4.753449e-4,3.408713e-4,0.001099712,8.090627e-4,0.002268328,0.001340451,0.001850611,0.002662404,0.003199151,0.003748758,0.005013426,0.0045827,0.01080372,0.01941209,0.04002758,0.06521031,0.1056134,0.1283647,0.1276897,0.1193092,0.1253462,0.1253761,0.1425042,0.1734106,0.3386797,1.782713,5.507521,7.504612,4.604294,1.148689,0.2246166,0.1767987,0.1496479,0.1325327,0.1025271,0.09819761,0.05968649,0.04081641,0.05820016,0.0463879,0.0415477,0.04325234,0.02116071,0.05576567,0.01743924,0.06906926,0.1323703,0.2086303
292.802,-0.00884871,-0.02554426,-0.001984615,-0.02764971,-0.05490556,-0.01298077,-0.01603022,-0.01676058,-0.02747936,-0.009684384,-0.003976014,0.006323303,-0.003767246,-0.0039794,0.004376058,-0.004307815,-0.002663734,-0.01480203,-0.001213343,-0.005962523,-0.001396869,-0.002910907,-0.004730623,0.001216647,-0.003739611,-0.003390496,-5.362921e-4,-0.004877713,0.001830843,0.005297676,-4.13638e-4,-0.002627895,-0.01350863,-0.003028672,0.005091338,-0.002035434,-0.007037385,0.003743158,-0.01829317,-0.003516736,-0.005133245,0.004021435,0.00933729,0.01143795,-5.676904e-4,-0.01249439,-0.001885903,0.001347115,0.006487784,-0.001282383,-0.001955434,0.003927842,0.001787257,-0.009180368,-0.001962962,0.00550882,-0.002601428,-6.08766e-4,-0.01215217,-0.002902241,-4.037781e-4,0.002081122,-0.001210828,0.006574031,-0.007509042,0.004183982,2.134328e-4,0.00247831,0.00116995,0.002278665,-0.003657452,0.001081723,0.002006085,-0.005146242,-0.002268407,0.004065259,-0.002683999,-0.003214653,7.89243e-4,-0.002411398,0.001589336,6.877527e-5,-3.994293e-4,-0.002494497,-2.047605e-4,0.001088972,-5.907862e-5,0,-0.001757485,6.196407e-4,7.056986e-4,-8.688751e-4,-0.006173549,-0.001137734,-5.838656e-4,1.121116e-5,-4.078572e-5,-0.002626482,-0.002919662,-0.00252178,-5.960796e-4,5.970133e-4,3.255209e-5,2.680455e-4,-1.526847e-4,-0.001858224,-6.802658e-5,-0.001153362,-3.2499e-4,-3.80429e-4,-6.654301e-4,-4.604361e-4,6.666939e-4,-0.00011490570000000001,-3.127542e-4,-2.395364e-6,0.001439381,0.001771967,3.809186e-6,1.523411e-4,0.001190018,8.647206e-4,-0.001270682,0.00198239,4.300345e-4,0.001222538,-6.895451e-4,-2.350493e-4,-0.002871532,-0.001739506,-8.851376e-4,4.050524e-4,0.002392251,-7.00611e-4,-0.002456249,-0.001478495,-3.427994e-4,0.001583894,6.68512e-4,0.001421983,7.444609e-4,-7.483148e-4,2.993386e-4,0.002002195,9.603835e-4,0.00205999,0.003570169,0.006480815,0.005736609,0.004961289,0.005160027,0.006461127,0.007024371,0.01082029,0.01382322,0.02224495,0.03398363,0.0580845,0.08602661,0.1232187,0.1359867,0.1260833,0.1290266,0.1272032,0.1405093,0.1572102,0.2514844,1.094536,4.457367,7.330274,5.38291,1.599623,0.2960633,0.2022628,0.1711771,0.1606968,0.125313,0.1119886,0.12238,0.1095637,0.07772968,0.1030175,0.08172422,0.08288566,0.04956932,0.07498326,0.0946204,0.1039501,0.03355044,0.1826105,0.2940362
295.06,0.02571225,-0.007815126,0.01668073,0.01191571,-1.522635,0.01549064,0.002155416,0.01254776,0.002693812,-0.01034654,-0.006658915,0.001863701,0.007858522,0.005720762,-0.01021655,-0.004593191,5.040365e-4,-0.008647119,0.002888233,-0.005145726,0.001761914,-0.001701881,-0.001119299,0.00129332,0.001096514,8.286675e-4,-0.001481616,-2.593236e-4,-0.001639276,0.002420088,0.006770716,0.005046255,0.01552866,-0.007553514,0.004672594,-4.519005e-4,0.003082112,0.001680383,0.01242289,0.007368816,0.01101633,-0.01110256,0.008583344,0.01030554,0.006913019,0.01037303,0.00549595,0.00975409,0.004614249,0.01938572,0.005012212,-0.009591631,-0.001499906,0.003832793,0.005159412,0.006419909,0.006634992,-0.001043136,5.882533e-4,9.721332e-5,0.001586378,-6.425995e-4,-0.002263488,0.002065583,0.003266931,-3.146569e-4,-0.004945216,0.003071253,0.00407229,0.005613808,0.00137564,9.528264e-4,0.002086405,0.001626519,-1.714607e-4,0.004458549,-0.003713704,0.002064511,0.001900191,0.002856438,-0.001969381,1.526239e-4,0.003584059,0.008138136,-0.001021085,-0.002728136,8.205317e-4,-7.039042e-4,0.002986169,0.00105839,0.001518251,0.006128378,0.002339869,-0.001828334,0.003873268,-0.00106831,0.00141904,0.001009269,0.002189846,0.003863389,-8.421392e-4,-0.004393724,-4.231486e-4,0.001384903,4.707765e-4,-9.133878e-5,8.127396e-4,-6.364774e-4,3.204511e-4,5.632468e-4,7.153484e-4,-6.875276e-4,4.769209e-4,-4.63611e-4,0.001757401,2.628901e-4,6.39955e-4,8.274222e-4,0.001956285,0.001651675,0.001218083,3.894534e-4,0.001327233,0.001017069,4.351982e-4,1.04522e-4,-1.003111e-4,-6.730376e-4,7.033803e-4,0.001317891,-7.774259e-4,3.208737e-4,0.001734768,0.002498589,0.003395188,0.00103188,0.001092327,-0.001946662,4.253142e-4,0.002476179,0.002588865,0.001432823,1.767873e-4,0.001815311,0.005118231,0.002839284,0.002462863,0.005355106,0.00597673,0.004590077,0.004209484,0.006541586,0.005171989,0.01082081,0.01691515,0.03048869,0.04821824,0.071111,0.1090305,0.1284446,0.1324492,0.1245794,0.1336787,0.1303485,0.1442779,0.2043954,0.6290059,3.160956,6.734143,5.961237,2.16578,0.3578954,0.2090324,0.1939458,0.1699908,0.1713576,0.1480685,0.1423506,0.1555196,0.113717,0.09510075,0.08606357,0.08379824,0.08825595,0.0687545,0.1013976,0.09600582,0.05268949,0.1396158,0.2589524,0.3359411
297.319,0.03994806,0.009547004,0.02123929,0.02452207,-0.005719942,-0.02447124,0.03269469,-7.043209e-4,0.01779145,0.01359223,0.008182752,0.002258262,-0.002780427,0.002830448,0.00993846,0.003320972,-0.003146235,3.690971e-4,-0.003077084,0.007176379,0.007906662,0.004070426,0.004268045,-0.003076886,3.271509e-4,-0.004574742,-9.831401e-4,-2.329407e-4,-0.004908051,0.002498424,0.003059401,0.007121953,-0.0110625,-0.01372898,-0.003145598,0.00156843,0.01091201,0.009039797,0.003797822,-0.007118713,-0.00299009,0.005428334,4.758523e-4,-0.007012821,2.096457e-4,4.341767e-5,0.01310657,8.421725e-4,0.006887507,0.01022583,0.008040313,0.00854971,-2.342565e-4,0.004169506,-0.006056982,-0.009584954,-0.001368534,-0.004160451,0.00605062,0.00235542,0.005108297,0.00552241,0.001020381,0.007828773,-0.001018561,-6.403131e-4,0.005858398,0.005294294,-0.005083309,-0.0038237,-2.159501e-5,-0.002263346,-8.400862e-4,-0.001845905,0.001420375,0.004125911,0.004363915,0.002571728,0.0019102,-0.002086977,0.004236033,-0.001484647,0.003043679,0.002389203,0.001964906,0.002032349,0.002073644,0.003595711,-9.548675e-4,0.002179324,0.001701796,-0.002471425,6.406559e-4,0.00423665,0.001812471,-9.855944e-4,-3.68917e-4,0.001227439,7.005903e-4,-0.001685882,7.992336e-4,9.692703e-4,0.002347876,0.001965092,-1.744677e-4,0.001853822,0.001022987,-6.229012e-4,-2.612054e-4,-1.845704e-4,-2.27272e-4,4.070226e-4,4.812185e-4,2.455218e-4,-1.7226e-5,3.698964e-4,-3.948718e-4,6.59467e-4,0.002933891,-5.546842e-4,0.002295375,-8.628138e-4,0.002851073,0.001668536,0.001377204,0.002171046,0.001868553,0.002388024,0.002050606,0.001510148,-0.001858951,0.003298585,-2.100192e-4,-0.00104718,8.321182e-4,-6.521659e-5,0.00163511,0.002317581,3.770497e-4,8.111446e-4,2.470513e-4,-6.396702e-4,0.003793028,0.003680391,0.003425309,0.004177867,0.004459939,0.002870065,0.007019779,0.006590457,0.007089245,0.00841695,0.009166653,0.0144541,0.02513194,0.04657,0.06201763,0.0882884,0.1143173,0.132676,0.1327601,0.1280959,0.1260125,0.129863,0.1662147,0.3848287,2.100129,5.765445,6.251265,2.793382,0.5155167,0.2050723,0.189821,0.1910921,0.169318,0.174114,0.1553583,0.1561849,0.142309,0.1138752,0.1151327,0.0942416,0.1114412,0.09504712,0.0665116,0.08328137,0.1014243,0.1212882,0.2182331,0.2882586,0.4214337
299.578,-0.01680214,-0.02344909,0.004320783,-0.007891656,0.001464619,-0.01575576,-0.03249023,-0.02856049,-0.02135863,-0.01125637,-0.01729078,-0.007327285,0.001888151,0.008377187,-0.007395577,-0.007293818,-0.001916197,-0.01016997,-0.004438907,-0.006092209,0.002485538,-0.00133556,0.001216792,-0.001274254,0.004181511,-0.001070975,0.0036779960000000002,-0.0037836,0.00312523,-0.004221872,-0.008468612,0.001317202,-0.002742637,0.008486763,-0.01769714,0.003707938,0.00186068,-4.677782e-5,-0.01210699,-0.007664746,-0.0039601,-0.009895144,0.007018393,-0.01097447,-8.483158e-4,0.006625353,0.00175775,-0.007650673,0.001305067,-0.004140175,-0.002698761,-0.005343766,0.005744226,-0.001642327,-7.574199e-5,-9.786838e-4,-0.001187662,0.006113032,0.004779157,-0.00119942,0.004546555,0.004356913,0.001521147,2.352329e-4,4.735693e-4,-0.002703658,-0.01121482,-0.00413947,4.109696e-4,-2.877424e-4,4.719132e-5,-0.004209435,-0.006660626,-0.0025727,9.646203e-4,-0.001689614,1.971821e-4,-0.003091753,-0.003695505,0.001768835,-0.0050245,-5.066537e-4,-0.001706038,-7.242663e-4,-6.255925e-4,-0.001947642,-0.005221376,-0.002475367,-0.00199106,-0.002600335,0.002497936,-0.002539409,-0.002857356,-0.003686022,1.404305e-4,-0.002663616,-6.047018e-4,-0.001524178,-0.002305243,-0.003189589,-0.001039852,-7.809422e-4,-0.001998022,2.997829e-4,-0.001746409,0.00111156,1.056589e-6,2.559413e-4,9.321492e-4,2.397454e-4,2.219449e-4,7.0785e-4,-4.944001e-4,0.001042529,-6.437535e-4,-7.125861e-5,4.798828e-6,-8.142812e-4,-0.001058869,-3.537073e-4,-0.002927314,-4.174833e-4,-0.00211349,-5.616654e-4,-0.001597725,2.924217e-4,-8.586484e-4,-0.001348262,6.951223e-5,-0.002739232,-1.505981e-4,0.001368158,7.723084e-4,-0.003839088,-0.00155432,2.146783e-4,-4.192733e-4,9.072403e-4,0.001560286,0.002555901,0.003284604,8.318005e-6,0.002872105,0.001678978,0.0044524330000000004,0.001723056,0.003063511,0.006772793,0.006130067,0.005766117,0.004185494,0.007007365,0.01282644,0.02143912,0.03674108,0.05911971,0.0772336,0.1023475,0.1142416,0.1327215,0.1256194,0.1254717,0.128841,0.1536307,0.2715269,1.309259,4.618902,6.376244,3.443472,0.7566575,0.1976431,0.1921552,0.1774156,0.1801805,0.1915102,0.1805695,0.1629889,0.1562307,0.1481623,0.11658109999999999,0.120304,0.1037132,0.1127995,0.09796234,0.06739502,0.1067081,0.09105301,0.1195643,0.1719707,0.2690845,0.315557
301.839,0.01283693,0.03733115,-0.006819211,0.003489134,0.03126561,0.01285877,0.03910055,0.006419538,0.01577145,0.01441295,0.01013972,-0.004486301,0.001157433,0.02017264,-0.01356519,-0.006325937,0.00214601,-0.001437632,-5.836624e-5,0.01024771,0.002467084,-0.001247872,-0.00798524,0.006617279,0.002352373,0.004391019,0.00193519,0.003446863,-0.001252809,0.00535904,0.004892895,0.01120836,0.00619252,-0.00392312,0.01631168,-6.15727e-4,-0.006788017,-0.006605782,0.005796353,0.006970327,0.02197337,-0.004497347,0.005976924,0.01900133,0.01273304,0.001982418,-0.003775657,0.01232495,0.00434678,0.002596472,0.008896224,0.006462196,0.0086933,0.009544769,0.008909006,0.009514458,0.005784825,0.007636168,-7.157699e-4,0.01485689,-0.003607049,0.009970611,0.01308316,0.002467336,0.005142486,0.004359256,0.003806066,0.002788775,0.004337467,2.840181e-4,0.004207335,0.005955064,0.00559395,-3.729511e-4,6.143307e-4,0.003500327,0.006566183,0.00241913,0.005740882,0.004137216,0.005821536,0.00167037,3.61788e-4,0.003795438,0.001054002,0.005495791,6.379644e-4,2.10932e-4,0.005935522,-9.828823e-4,-1.281684e-4,0.002406069,0.002109643,0.002109396,5.471851e-5,0.003574462,-1.022463e-4,0.002482279,3.780074e-4,4.01714e-4,-2.611722e-4,-0.001135708,-9.71679e-4,4.179511e-4,7.260031e-4,-1.449636e-4,-0.001136353,7.139142e-4,1.231596e-4,1.897496e-4,4.216082e-4,-9.776084e-6,0.001068177,0.001337212,6.57335e-4,7.870025e-4,9.024227e-4,-0.001883329,0.001566699,0.001802175,0.001022615,9.351648e-5,0.001765083,0.001554964,0.001666319,9.652486e-4,-9.521069e-4,-8.00463e-5,0.0021025,6.690857e-4,-2.078967e-4,0.002175806,0.002010236,0.002809295,0.002113892,0.001330528,0.002585827,-3.286744e-4,0.003768506,0.002462754,0.00024006520000000001,0.004217832,0.002849492,0.003971989,0.00348761,0.005884806,0.007306529,0.007076026,0.007718304,0.006896726,0.01033817,0.01091452,0.01830703,0.03348846,0.05310021,0.07340313,0.09791699,0.11313,0.12184,0.1321022,0.1339769,0.1341191,0.1452927,0.2142463,0.8260277,3.455439,6.148387,4.317486,1.088516,0.2116615,0.1810555,0.1837011,0.1936556,0.1960837,0.2218953,0.195939,0.2032509,0.1900833,0.1731862,0.1498221,0.1314105,0.1250822,0.1110314,0.1247453,0.1120327,0.08924064,0.1120265,-0.7018212,0.2046962,0.3371818,0.4099444
304.1,-0.01478662,0.007450561,-0.01384601,-0.003711055,0.01184818,-0.01919873,-0.007596253,0.006838018,-0.01988046,-0.0030967,-0.005032014,-8.712509e-4,-0.006735201,-0.007109087,-0.004774133,0.003085719,-0.001040158,-0.002197241,-0.004044037,0.003776083,-6.258622e-5,-6.644232e-4,0.00306422,-8.924788e-4,0.002528926,-2.973458e-4,0.005208189,0.007359197,0.008080636,0.001404403,3.309564e-4,-0.00379041,-0.006361103,0.00229931,-0.01074512,-0.007981833,-0.01432726,0.007972576,-0.001414956,-0.005621278,0.002438274,0.007139729,0.005039373,-0.003665048,0.001953162,5.782299e-4,9.508473e-4,0.007901334,5.623268e-5,0.003712163,-0.005979666,-0.005055511,-0.005575418,0.01143076,0.001855453,0.002543256,0.001955766,0.001341686,-0.004085071,0.001471772,-0.00320421,-0.005919756,-0.002541046,0.001073358,-0.002870372,0.001218288,0.005879946,-0.002258,8.910332e-4,0.004080365,0.001897512,-8.842246e-4,-0.003886922,-0.001505626,0.005273377,6.054489e-4,-9.507675e-4,0.005201493,-0.001100369,7.406201e-4,-0.005176116,0.002712822,-0.001153092,3.116786e-4,-4.24578e-4,0.002881762,2.415994e-4,-8.481188e-4,2.285655e-4,-0.001764852,-8.768195e-4,5.42786e-4,8.596773e-4,0.00106384,-5.565942e-4,-0.002107943,0.003270859,-1.222401e-4,5.247125e-4,-1.352252e-4,-2.808923e-4,4.921488e-4,-8.950926e-5,-3.54151e-4,8.274903e-4,3.034942e-4,-7.764697e-4,8.442324e-4,-6.582036e-4,-7.927603e-4,4.661908e-4,2.788983e-4,2.477165e-4,2.09541e-4,2.88606e-5,-4.535803e-4,5.732372e-4,9.332124e-4,-4.79607e-4,-0.001191908,6.954562e-4,0.001992576,-0.001262461,-2.872408e-5,-9.162341e-4,-2.57575e-4,-0.001529378,-7.511224e-5,-7.890332e-4,-0.002577745,0.00213607,0.001419927,0.001498219,-3.264246e-4,-4.36919e-4,-0.001853319,0.002595588,6.130876e-4,0.002894889,0.001001369,6.169602e-4,0.005009606,0.003751361,0.00482909,0.004015906,0.004838248,0.005905465,0.005318347,0.006321187,0.008117899,0.007481201,0.01517701,0.02882127,0.04370179,0.06674533,0.0895685,0.1039325,0.110609,0.121081,0.1344169,0.1306228,0.1308319,0.1842663,0.5204869,2.557412,5.593813,5.005351,1.638184,0.240697,0.1628607,0.1720694,0.1845008,0.198056,0.217193,0.2053786,0.2119187,0.2118428,0.1825741,0.160417,0.1558919,0.1290156,0.1376268,0.1247413,0.1158832,0.1063837,0.1337907,0.1384211,-0.8746882,0.2156413,0.2851314,0.3412604
306.363,-0.03611498,-4.945698e-4,-0.008584736,-0.01550091,-0.03398514,-0.04689681,-0.03174407,-0.02778122,-0.01977823,-0.004513953,-0.008475465,0.005058695,-0.008994459,0.003176375,-0.02338332,-0.009837456,-0.0152401,-0.0096816,-0.002520376,-0.007747331,-0.003836889,-0.007118187,0.001676854,-0.003445653,-0.00319878,-0.002889807,-0.00100005,-0.009229479,-9.087101e-4,-0.002685643,-0.01322627,-0.001857326,-0.01171019,-0.006095248,-0.01910249,-0.02457882,-0.01078681,-0.008463267,-0.02601685,-0.02278312,-0.006442193,-0.002452029,2.128631e-4,-0.007568342,-0.01827022,-0.003741388,-0.004482911,-0.003528054,-0.01140295,-0.01050811,-0.003576262,-0.00711804,-0.001577014,-0.008026597,-0.01190856,-0.00571755,-0.01116177,-0.005110452,-0.004624151,-0.01032282,0.002866978,-0.001391122,-0.003444533,0.001300626,-0.007909632,-0.006844961,-0.0122685,-0.002188482,-0.00328151,-0.002886817,-0.006185966,8.502417e-4,-0.007741166,-0.004886787,-8.089984e-4,-0.003170935,-6.381598e-4,-0.001601196,-0.003552384,-2.824912e-4,-0.00280699,-0.003360524,-0.00544236,-0.002324927,-0.004083069,-0.001656925,-0.003495627,-0.004501197,-0.001248628,4.662149e-4,-3.546964e-4,-0.002912869,-0.002751769,0.001472063,-0.001968818,-0.00154803,-4.413073e-4,-2.812157e-4,8.842389e-4,3.59185e-5,-0.002477361,-0.003657472,2.716911e-4,-0.001267451,0.001126448,-6.311123e-4,-7.562663e-4,-0.003206119,-5.329123e-4,7.058552e-5,-2.213412e-5,-0.001439002,-0.001326502,-5.050841e-4,-5.743111e-4,-0.001708108,2.518179e-5,-0.001206266,-0.001262045,-5.265708e-4,9.687189e-5,-5.374057e-4,-9.220264e-4,-0.00400075,-0.00187914,-0.00115394,-4.560724e-4,-5.061848e-4,-0.001252701,-3.035986e-4,-0.001473268,-1.206467e-4,-0.001092417,4.82715e-4,-0.001487334,-1.420477e-4,7.832423e-4,1.71446e-4,4.499139e-4,7.485405e-4,0.002833644,3.728952e-4,-0.001568797,0.002421529,0.001318579,0.002433034,0.003378059,0.00592883,0.006193582,0.005857808,0.01120409,0.02206003,0.03746162,0.054661,0.08457384,0.09844434,0.1039706,0.1067526,0.1211365,0.1327797,0.1332159,0.1583353,0.3333448,1.796709,4.904815,5.516282,2.387586,0.3598882,0.1434121,0.1502237,0.1620381,0.1814669,0.2027108,0.222541,0.22479,0.2103931,0.2157693,0.1902183,0.1910467,0.1505018,0.1423056,0.137414,0.108263,0.08995377,0.0838354,0.1219621,0.1004489,0.1523363,0.1988,0.2576255,0.4265619
308.626,0.02634093,0.04260253,0.007715682,0.02931719,-0.008436501,0.02539157,0.0417969,0.005459325,0.01304982,0.002567134,-0.01221486,0.005542813,-0.001320307,0.009282926,0.02627493,0.006103459,0.007018449,0.004051777,0.01267472,0.001569443,0.009214161,0.005119573,0.007073458,0.003511077,-0.003880449,0.001385548,0.003012065,0.008574096,0.01103623,0.008787911,0.00899654,0.01351976,0.02271319,0.03773192,0.01872639,0.00910789,0.02061605,0.01337482,0.0106573,0.01424345,0.001795552,0.009842404,0.01126999,0.002657389,-0.001903648,0.01656343,0.003716415,-0.007504161,0.01248523,2.827998e-4,0.008595551,0.009064813,0.007173399,0.01027045,0.004645973,0.004975489,0.00322862,0.01202412,0.007658178,0.004624353,0.003349694,-5.915672e-4,-0.001958422,0.002689157,0.006462171,0.006879927,0.006764272,0.002849595,0.005245365,0.004199365,0.002754887,0.006216319,0.002981962,0.008547466,0.003875284,0.002732316,0.005023723,0.001844987,0.006870993,5.917427e-4,0.00674414,0.001462701,0.001609958,0.006199178,0.00518177,0.001924565,0.005823255,0.003076771,0.004330613,0.003015028,0.004826601,-0.002444511,0.002865775,0.004678208,0.001978683,0.002875085,0.002871906,0.004479333,0.00102152,-0.001125645,0.002606019,0.002547426,-1.78878e-4,0.002437382,0.001091322,0.001085462,0.001425759,0.001296874,0.002427005,9.139599e-4,9.958243e-4,7.791544e-4,6.284048e-4,0.001423711,7.104115e-4,6.632906e-4,1.934712e-4,0.001601547,0.002994628,6.174987e-4,8.112098e-4,0.001868542,0.001893639,7.427291e-4,0.001338347,0.002917054,9.214736e-4,0.002438901,0.002413631,0.00155308,-0.002043854,0.002837404,0.002941429,0.002490781,7.079615e-4,0.002722978,0.003714175,0.001318332,0.002409217,0.004153107,0.003023491,0.003465266,0.006393654,0.00732512,0.007056179,0.006949584,0.007917634,0.006400508,0.009742785,0.01267061,0.02064082,0.03541937,0.0514574,0.07890465,0.09424345,0.1051999,0.1108138,0.1135584,0.1318763,0.1368525,0.1487687,0.2478991,1.177393,4.082838,5.648244,3.209077,0.619528,0.1399291,0.1349998,0.1490533,0.1633977,0.1962431,0.2126353,0.2407637,0.2630197,0.2336428,0.2316004,0.203002,0.2046132,0.1727565,0.1669978,0.1512197,0.1509519,0.1508667,0.1811735,0.1420724,0.1272249,0.19066,0.2459152,0.3956276,0.4617478
310.89,0.03080373,0.009872774,2.001353e-4,-0.006023489,-0.013996,0.007101853,-0.04039734,-0.001146644,0.003157042,-0.009342373,0.006813213,0.002131601,2.968902e-4,0.006891729,-0.01140011,-0.01110467,-0.01067603,-0.01570404,0.003549039,0.003540728,-0.001123417,-0.009472718,-0.001251491,-0.006125687,0.002280024,-8.681215e-4,0.001746091,1.894024e-4,-0.007226688,-0.006776615,0.002195585,0.008582186,-0.006762297,-0.008804367,-9.726607e-4,0.01123913,0.005586834,-0.01902562,-0.001239241,-0.003349101,0.002472085,-0.001661609,1.946482e-4,0.00994204,-0.001268841,0.001920425,0.002802958,-0.003361032,-0.001464656,-0.01052161,-2.710334e-4,-0.007722474,0.01306699,0.002430282,-0.005455403,-5.634931e-5,-0.005307514,4.735786e-4,-9.222361e-4,-0.004421673,0.001673467,-0.002184069,0.005807679,0.001172891,0.001494481,-5.457765e-5,-0.00119364,0.001411706,2.295706e-4,0.002593989,-0.0027438,-0.001929519,5.851391e-5,0.003050426,0.0017584,-0.001552923,-0.003488975,0.00191861,-0.003778627,-0.001882317,-0.004269729,-0.002142086,0.001644803,-0.004120682,6.431106e-4,-0.005431376,-6.029099e-4,-0.001392614,-0.002146269,-0.002293188,-0.002346893,-0.003059565,-0.001675852,-0.003157592,0.001798095,-3.150271e-4,-4.605546e-4,-3.892691e-4,1.286556e-4,-0.001231606,9.138791e-4,-5.944644e-4,-0.001932499,-0.00100581,-0.001609077,0.001111085,-0.001168439,0.001575402,5.051546e-4,-0.001021473,5.039281e-5,-4.359219e-4,-8.249675e-4,-0.001231386,9.690208e-5,-2.781399e-4,5.259652e-4,-8.227975e-4,5.11713e-4,-9.564259e-4,1.612886e-4,-5.254146e-4,-3.929222e-4,-1.759418e-4,-2.411706e-5,1.121543e-4,-4.680112e-4,3.317399e-4,0.001647635,-0.001405514,9.519815e-4,6.759661e-4,5.76737e-4,7.890128e-4,-0.001159471,0.001342926,4.570041e-5,0.002231634,-0.001115481,0.001637623,7.886842e-4,0.002506001,0.00382089,0.004963368,0.003997083,0.004828974,0.007639643,0.007851795,0.009678064,0.01511107,0.0280466,0.04577039,0.06425791,0.08648725,0.09884872,0.1053425,0.1070359,0.1180165,0.1273878,0.1355487,0.1971067,0.785238,3.135079,5.527624,3.974524,1.050831,0.1447213,0.1175273,0.1217344,0.143226,0.1733558,0.1917386,0.2145757,0.2386893,0.2469604,0.2420988,0.2275204,0.2268698,0.2017033,0.1688935,0.1595685,0.1630502,0.1569555,0.132121,0.1278218,0.1198422,0.1075888,0.1805993,0.1945281,0.3536523,0.5077125
313.155,0.01627959,0.006070792,0.02243059,0.007718669,0.03297993,0.04409271,0.0459597,0.02936442,0.03526539,0.0235939,0.013697,0.001674526,0.001067448,0.0168449,0.003427526,0.007279081,0.003891702,0.007602454,0.01081843,0.009251585,0.003622548,0.005152488,0.001160549,0.00864234,-0.001891116,0.005711401,0.001865102,0.005408713,-4.934439e-4,0.004563763,0.008344149,0.01579932,0.007092144,0.01170829,0.03277062,0.007057605,0.02452404,0.01695676,0.01958687,0.01445034,0.01402998,0.002650885,0,0.003672606,0.01590634,0.01812281,0.003493853,0.008541453,0.0102226,-1.818774e-4,0.01496261,0.01095686,0.01131821,0.004384583,0.002898011,0.006620968,0.006307946,0.007753826,0.002862154,-0.00133283,2.747002e-4,0.001449252,0.002003526,0.007919265,0.005545442,1.389256e-4,0.002801123,0.001904329,0.003650662,0.008351044,0.006399955,0.00236782,-0.001452698,0.002961098,0.001255857,0.003384077,0.006778217,0.005673297,-0.001562932,-9.090984e-4,0.0062093,0.001883039,-5.172975e-4,0.002136229,0.001351261,0.002510042,0.005076136,0.00449013,0.002907897,0.001612097,0.002152079,0.004588951,0.002375816,0.001778887,0.001616319,7.349571e-4,0.002839022,3.038799e-4,0.002762392,0.00152011,0.001783861,0.001248403,0.001549773,0.00354745,5.173715e-4,0.002548893,0.001237515,4.141902e-4,0.001237837,0.001785151,4.629516e-4,5.737521e-4,9.052739e-4,0.001035161,0.001406449,-2.395785e-4,7.440193e-4,4.103846e-4,8.704455e-4,0.001591916,0.001973138,-0.001081715,0.003332872,0.001227617,0.002944939,7.177417e-4,2.066078e-4,7.789023e-4,0.002317708,9.668968e-4,0.001920668,0.001112875,0.004164993,-4.572521e-4,5.62234e-4,0.002122007,0.001054003,0.004402778,0.002505216,0.003853316,0.005551462,0.003946709,0.004410923,0.006417696,0.007340247,0.006940297,0.00880163,0.009763359,0.01586411,0.02883098,0.03982075,0.06254672,0.08307834,0.09869089,0.1004893,0.1039344,0.1108278,0.1160524,0.1301913,0.1668432,0.4752758,2.398643,5.102942,4.563094,1.577973,0.2127311,0.1147507,0.1087425,0.1190184,0.1506269,0.1789285,0.2123001,0.2530908,0.2631546,0.2685959,0.2594884,0.2572872,0.220021,0.2039975,0.2019945,0.1750478,0.1748644,0.1622133,0.1548311,0.14909,0.1697673,0.2095656,0.2198976,0.3173446,0.3481998,0.5266773
315.421,0.03229775,0.004724304,0.03297075,0.0276628,0.02420246,0.03656223,0.0305199,0.003640637,-0.002102459,0.0254182,0.02360715,0.00698399,0.01680008,0.01497348,0.0265051,0.01675121,0.01111224,0.007006458,-5.493664e-4,0.006794683,0.002206566,9.502145e-4,0.003320576,0.005931696,0.01100365,0.006655373,0.007646361,0.007004543,0.01068368,0.006165001,0.01716464,0.001910353,0.01076805,0.006679633,0.002366707,0.01997213,-0.006452996,0.0168308,0.008595869,0,0.002565892,0.01037027,0.01478564,0.01236741,0.009747829,0.005582167,0.01355925,0.005249907,0.01145467,0.01027787,0.007577222,0.01860556,0.01168317,0.008052085,0.006771476,0.009349511,0.00223312,0.002762962,0.007725416,0.009975981,-1.24899e-4,0.01343439,0.008376809,0.009870432,-0.001706448,0.005372005,0.004719039,0.003943786,0.001755593,0.01002115,2.210524e-4,0.003850144,0.00881427,0.001082192,0.001145449,0.001504401,0.004769287,0.005418463,0.002004389,0.003591714,0.002854571,0.00760364,0.001284527,0.006220155,0.003910342,0.003200666,0.008416427,0.003835027,0.00454057,0.003199829,0.00473461,0.006778292,0.001248302,0.00588643,0.004237135,-2.711728e-4,0.002848016,0.002270506,0.003518138,0.002408648,0.001403809,0.001841551,0.001013545,0.002055485,0.002316209,0.001982899,0.002510062,0.002781243,0.002706442,0.002179466,4.755423e-4,8.224761e-4,0.001542581,5.285495e-4,-4.249144e-4,0.001371597,0.003551377,9.487211e-4,-2.782448e-4,0.001504871,0.004796998,0.00238335,0.001153327,0.001736439,0.001692083,0.002091234,0.002071613,0.003006154,4.26001e-4,0.002543812,0.004033341,0.003126549,0.002901244,0.002696212,0.00434096,0.003302664,0.002708338,0.005564957,0.003917855,0.005303681,0.005310988,0.006693957,0.004977635,0.006323663,0.006946168,0.008839341,0.009529261,0.01575117,0.02278444,0.03555816,0.0559842,0.07779755,0.0937242,0.1055965,0.1081652,0.1080009,0.1081012,0.1181478,0.1431146,0.2928962,1.668018,4.673507,5.071014,2.19283,0.3474796,0.1174979,0.09900373,0.09752282,0.1248833,0.149146,0.1940677,0.2153527,0.2553962,0.2685252,0.2805125,0.2625509,0.2585581,0.2330911,0.2372403,0.207748,0.190576,0.1806347,0.1803815,0.1720397,0.1718906,0.1611592,0.2069496,0.2393745,0.3071498,0.4579536,0.5025998
317.688,-0.009862464,0.004662427,0.007043578,0.005154159,-0.007005442,0.001718069,0.01009632,-0.01652774,0.008020564,-0.01163225,-0.001708386,-4.374746e-4,-0.003094857,-0.00402254,-0.008914836,-0.003011222,-0.0076961,0.004994451,0.004968189,-0.009646969,0.009847307,-0.002103595,-0.0031821419999999998,0.002948581,-9.331253e-4,-0.001113214,-0.001725221,-0.003715763,6.904626e-4,-0.001848379,-0.003368235,0.00791846,0.00303666,0.01456538,0.00792314,-0.001603877,4.022398e-4,0.001638003,0.004751098,-0.002431542,-0.006750692,-0.001955925,-0.005720341,0.004026474,-0.005128474,-0.007347242,-1.844472e-4,0.008314403,-0.003444342,0.001399188,-0.009871026,-6.59578e-5,-0.006294281,-0.00109873,0.004557596,-0.01011544,-0.004276447,-0.002971765,-0.003042975,-0.004340145,-0.002596462,2.199861e-4,-7.841463e-4,0.001037915,-0.002607801,-0.001301003,-0.003027489,-0.002674744,-0.003039186,-0.004765615,-4.297442e-4,-0.005127452,-8.170181e-4,-0.005515881,7.18561e-4,0.004020736,7.528583e-4,3.822356e-4,-0.003046932,-0.003382362,-0.003598265,-0.001003143,-0.001780325,-0.005590585,-0.003001325,-0.003100176,-0.00159152,-0.001517454,0.001347424,0.00369125,-0.001195613,5.07177e-4,-0.001438589,-3.691948e-4,-2.24902e-4,-4.887836e-4,-0.00191383,-0.003385165,9.845385e-4,-3.896854e-4,2.112284e-4,-0.001045578,0.001000346,-0.001284397,-0.001654888,-3.626746e-4,9.605485e-4,4.530383e-4,-0.001244243,8.360127e-6,6.62299e-4,8.122928e-4,-2.951999e-4,-3.318789e-4,-7.566223e-5,-9.35866e-4,1.116827e-4,4.773658e-4,-4.790797e-4,3.83231e-4,-0.001674282,0.001696545,-6.363141e-4,9.888324e-5,-3.653951e-5,-9.585217e-4,-9.885088e-4,9.809816e-5,1.794436e-4,-1.618841e-4,0,1.513252e-4,0.001024937,-6.27426e-4,-2.648522e-4,4.956706e-5,0.001231499,0.001173887,1.294138e-4,0.003085407,0.004098638,0.002680774,0.003240715,0.005096189,0.004023371,0.004762906,0.009894587,0.0194781,0.03173805,0.04818879,0.06813739,0.08771878,0.09612743,0.1018229,0.1046126,0.1024321,0.1072799,0.1255762,0.2017998,1.062784,3.896347,5.440477,2.993464,0.5756252,0.1160087,0.09072927,0.0926654,0.1007432,0.123438,0.1642808,0.1884379,0.2281011,0.2618701,0.2707619,0.2765271,0.2663804,0.2595686,0.2397483,0.2198888,0.2143667,0.1972642,0.1960331,0.1731592,0.1653782,0.1616428,0.1463191,0.170205,0.1909819,0.2535832,0.4006676,0.4710005
319.955,-0.004791337,-0.01382364,0.003891013,0.003817746,-0.01892189,0.001766036,-0.003660124,0.0307504,-0.01907907,-0.01187118,-0.01078157,0.001331972,-1.141954e-4,-0.0167948,0.002199738,0,0.002867432,-0.004606007,0.00106544,-0.004400615,0.003987459,-0.002342521,-0.001275504,0.004454002,0.003150433,0.00168662,-8.059021e-4,-0.003325976,0.00105562,0.006033968,0.004020008,6.761161e-4,4.709166e-4,-0.005301143,-0.005354043,-0.01490418,-0.001744859,-0.004528729,-0.002330259,-0.004505534,0.01133872,0.002042466,-0.009867908,0.004144474,-0.002677027,0.001044467,-0.01243751,-0.007258339,0.004702983,0.001698808,-3.002202e-4,0.007769633,0.01230412,3.257537e-4,-7.440295e-4,3.377568e-4,0.00045064220000000003,0.00478128,-0.002842708,-0.002971064,-4.409443e-4,-2.973161e-4,-0.004315659,5.961456e-4,0.005141655,9.368536e-4,0.004024209,-0.001873225,-0.001379004,-0.001722329,0.003814256,0.001935495,-0.001476973,0.007693733,-0.003133163,0.005472718,-0.002568309,-0.003321805,0.001255914,0.001555505,0.002772609,0.001458322,-1.921013e-4,-4.792067e-4,0.003719168,-0.001296042,-3.789013e-4,-7.357568e-4,-0.001677543,4.94521e-4,0.001980364,-9.067057e-4,-0.001189435,4.761096e-4,0.001386361,0.001359035,0.001925014,-9.592324e-4,-0.001205016,8.028697e-4,-8.072307e-4,7.110027e-4,6.025946e-4,0.001027356,0.001077688,5.410899e-4,-4.596608e-4,6.513739e-4,3.188978e-4,1.535675e-4,-3.055296e-4,0.001023056,-2.292346e-4,6.843671e-4,1.078991e-4,0.00105353,3.027611e-4,-6.678903e-4,0.002157993,9.630596e-4,-0.001885222,-6.373361e-4,9.669397e-4,0.001271478,8.177034e-5,6.409512e-4,9.885591e-5,3.67779e-4,1.704549e-4,-5.39463e-4,7.531539e-4,0.001550678,-0.001540722,0.002687619,0.002307836,5.540782e-4,0.001243774,0.001388609,0.003409541,0.002853544,0.00621833,0.005329819,0.005715891,0.003178586,0.005562622,0.007637974,0.01626402,0.02593324,0.04175139,0.05908098,0.08496123,0.09173365,0.09928831,0.1002265,0.1044421,0.10349,0.114119,0.1614581,0.6103756,2.953593,5.419979,3.798835,0.9866145,0.1277836,0.09289377,0.08366304,0.08925579,0.1019214,0.134901,0.1632991,0.1946781,0.235944,0.2498744,0.2744735,0.273334,0.2754959,0.2607156,0.2423365,0.2229373,0.2111307,0.2039256,0.196041,0.1681775,0.1934521,0.1775309,0.1584099,0.1881456,0.173264,0.3201875,0.4124326,0.583499
322.224,-0.003953552,0.00830781,-0.01936644,-2.062318e-4,-0.01134359,0.008810521,-0.03226867,-0.02179953,0.001549262,0.01085548,-0.01054694,-0.006374833,0.009787452,0.002784057,0.001203847,-0.009701859,0.002687283,0.004306526,-0.008540796,0.005165702,6.704483e-4,-2.455474e-4,-0.001258862,-0.004906826,0.002598422,0.004439338,0.001007622,0.001715547,0.002166656,-0.001372488,0.003380794,0.004365432,0.001757326,-0.003559168,-0.003397013,-1.324963e-4,-0.005580436,0.001325144,-0.002429667,-0.00503501,-0.004053502,-0.002320821,-0.00606401,0.00115315,0.002090127,0.004786765,-0.00040808180000000003,1.190891e-4,0.01015762,-0.00583412,0.007002774,0.002935818,-0.007819996,-0.004218094,-0.005020124,-0.006155883,-0.002704027,0.005843158,0.006853177,-9.141193e-4,-0.004633316,-0.002205984,0.005178925,0.007388122,-0.002715716,0.001152563,0.002432525,0.006132882,-0.002970182,7.768591e-4,-9.884705e-4,3.550322e-4,-0.003614527,0.002024938,0.003972363,0.003338874,-0.002615109,-3.485101e-4,8.335806e-4,-0.003423055,-0.004269272,-8.882906e-4,-0.003917572,7.598117e-4,-0.003578319,-4.65185e-4,0.001071522,-2.419469e-4,0.001563466,-0.002694215,-0.002886908,2.971285e-4,-0.002342576,-0.002383161,9.607293e-4,6.676712e-4,-8.078016e-4,4.283201e-4,9.084792e-4,-0.002940987,5.432715e-4,4.583264e-5,3.7487e-4,-0.00129952,0.001502181,0.001753098,-3.85767e-4,7.19618e-4,0.001615022,3.296191e-4,-5.460635e-5,-2.418539e-4,1.394681e-5,-1.731691e-4,0.001035325,4.658259e-4,8.654249e-4,-2.548324e-4,6.595461e-4,6.822976e-4,-2.537254e-4,0.001950697,-3.671395e-4,-1.546237e-4,-8.035898e-4,-3.577129e-4,7.31053e-4,-6.878564e-4,-6.014027e-4,-8.804989e-4,-3.138032e-4,0.002851216,-5.211074e-4,-0.001568704,9.53812e-4,0.001191343,0.001224495,0.002889376,0.001318253,0.001263281,0.003035242,0.004907137,0.006060865,0.005632359,0.004746805,0.01365974,0.02244436,0.03880985,0.05715213,0.07717129,0.09196651,0.0996045,0.09676526,0.1031212,0.1066863,0.1062815,0.1336699,0.3809689,2.016474,5.097662,4.689718,1.567429,0.1963662,0.095272,0.08126871,0.08183404,0.09497445,0.1142503,0.1403972,0.1749615,0.2107822,0.2560836,0.2702991,0.2780786,0.288476,0.2758073,0.2657964,0.2622578,0.2305236,0.2324868,0.2129857,0.2002321,0.1879165,0.1790543,0.1822156,0.1763101,0.193041,0.2207589,0.271285,0.3482646,0.497401
324.493,0.02696607,0.01449448,0.03412295,0.01489483,0.01146411,0.02646959,0.02299138,0.004632663,0.01438336,0.002871032,0.00362682,0.006760088,-0.006105451,0.01331559,-0.008935413,-2.03807e-4,0.001281833,0.02194887,0.008848665,0.008192925,8.073794e-4,0.004082907,0.002830763,3.288642e-5,0.004391451,0.002376549,0.002777214,0.006967175,-2.287455e-4,0.007657637,-0.002163965,0.01273389,0.01878128,0.01828452,0.00869196,0.009080922,-1.973391e-4,0.004150404,0.008284412,0.01383026,0.005692854,0.008498611,0.009998652,0.004953239,0.004342272,0.009599845,-0.004386098,0.005444935,0.01174563,0.003365995,8.001653e-4,0.01132244,0.01343632,-0.002284514,0.001369948,0.01701711,0.01061243,0.004451565,0.001808118,0.003004047,0.008809889,-0.005459572,0.004076759,0.006472102,0.005517305,0.001873847,4.149881e-5,0.009285868,0.003022974,9.014529e-4,0.006865618,0.007170562,0.004625133,0.002982628,0.006678287,2.746954e-4,0.003626114,1.402419e-4,5.550348e-4,-1.523063e-4,0.001427257,0.001793323,0.005037527,2.892183e-4,0.001972552,-4.836085e-4,0.001814898,0.001908796,0.001915294,0.004680125,2.012186e-4,3.838331e-4,0.001422004,-7.834111e-4,-0.002085845,0.002538745,0.003281806,-0.001176759,0.002837685,-1.302041e-4,0.003462515,0.001611361,9.642602e-4,0.001986808,0.001385915,0.002666822,0.002106829,-3.341203e-5,7.999896e-4,0.001345857,7.051419e-4,6.833734e-4,8.694572e-4,7.140994e-5,5.110804e-4,1.700986e-4,5.197928e-4,8.237272e-4,8.26805e-4,3.310216e-4,-5.259885e-4,0.001541885,2.629372e-4,-4.272336e-4,0.001994299,0.001335987,0.001034826,0.001361665,0.002705588,0.001759615,0.00136219,0.00171732,0.002399702,0.002072474,-0.001209553,0.003738771,0.002051502,0.005394164,0.00456258,0.005038009,0.003785038,0.003463514,0.007604748,0.009569173,0.01334289,0.02207293,0.033791,0.05457847,0.07243103,0.08911959,0.0973922,0.09907938,0.09893458,0.1066008,0.1040032,0.1190145,0.240424,1.340133,4.145781,5.305666,2.361443,0.3432395,0.09805048,0.09091824,0.08192461,0.08906494,0.0992612,0.1264832,0.152032,0.1928115,0.2297681,0.2618937,0.2806893,0.2948274,0.3011502,0.2917137,0.2878682,0.2705438,0.2498709,0.2377376,0.2279838,0.2016484,0.2070812,0.1981663,0.2057761,0.2152664,0.2347244,0.2522612,0.3180534,0.4233541,0.6248759
326.764,0.02032506,-0.007662336,0.02834756,0.03830813,-0.007823828,-0.004874539,0.02233311,0.005567234,0.03417572,0.01840441,0.003727723,0.005724271,-0.004772054,0.006028131,0.00513576,0.004752987,0.001626391,0.007830673,0.00697338,5.968495e-4,2.654547e-4,8.940878e-4,-0.001074016,0.003636604,0.003547602,0.00371989,0.003159927,-9.096943e-5,0.006735322,0.002232802,-0.002202592,-0.003380959,0.004863913,0.005903633,0.00861108,-0.001488358,-0.002851097,0.004033319,0.003109325,-9.845196e-5,0.006140075,0.01282189,0.007832457,0.00907947,-0.002135982,0.008205522,0.003655358,-0.01297662,0.003922566,-1.017652e-4,-0.003613767,-0.00322822,-0.01368391,0.004219977,9.994146e-4,9.600791e-4,-2.323419e-4,0.003743839,-0.005464787,-0.002623278,0.001357931,-0.001099382,0.00684409,-0.006860124,-0.001728343,0.00266825,-8.90313e-4,-3.819951e-4,0.005865051,-5.421055e-4,0.002080164,-5.30881e-4,-0.001233027,0.004242394,-0.00123816,-0.003223754,3.025707e-4,8.786381e-4,6.401284e-4,0.001624939,-9.454739e-4,-9.270662e-4,2.738403e-4,-0.003048252,0.00296654,0.00163366,-9.429943e-4,1.459196e-4,1.814147e-4,3.19698e-4,-2.635079e-4,0.001787921,0.003144809,0.002542272,0.002928315,-0.004441654,0.001367746,0.002536277,-1.339135e-4,5.747059e-4,3.992687e-4,0.001777363,2.133377e-4,-0.001921785,-4.301947e-4,4.627268e-4,2.964856e-4,3.926806e-4,7.890343e-4,3.347117e-4,2.103867e-4,4.670382e-4,2.931241e-4,8.855355e-4,3.528479e-4,9.511753e-4,0.001643758,0.001332965,-1.128178e-4,6.208009e-4,0.001146427,1.268283e-4,0.002145917,-1.467702e-4,1.275804e-4,2.636089e-4,1.005053e-4,7.858252e-4,-7.405711e-4,0.002380478,0.002091015,0.002282441,-3.902986e-5,-0.001188982,0.003270749,0.004219246,0.003729319,0.003679618,0.003961731,0.003257438,0.006654992,0.005230811,0.005259782,0.01062245,0.01730771,0.03040182,0.04618243,0.06846368,0.08416228,0.09774311,0.095903,0.1000793,0.1008148,0.1057746,0.1119006,0.1830273,0.8597102,3.179735,5.07461,3.246533,0.6371969,0.1098825,0.08806073,0.07558475,0.0726124,0.09439646,0.1025438,0.1330775,0.1559712,0.2020624,0.2496122,0.26199480000000003,0.2845996,0.3001895,0.3019934,0.2895413,0.2965397,0.2719508,0.2645978,0.2406489,0.212076,0.2273194,0.2078869,0.20691,0.2031304,0.1850865,0.2730161,0.2862014,0.3748705,0.4353662,0.6047865
329.035,0.01476358,0.008228736,0.02524034,0.02716466,0.01901263,0.01821578,0.02110117,0.007661935,0.0272647,0.03253934,9.432607e-4,0.01032544,0.007943827,0.01021608,-0.01004368,0.004512147,0.008378844,0.005979755,0.01687013,0.004897261,0.002740317,0.009094472,-0.00131139,0.001790746,0.006320267,0.003904209,0.00499909,0.005100893,0.00757628,0.006093717,0.003269895,-0.001747708,0.01120849,-5.00154e-4,0.004533453,0.008067799,0.008005898,6.851436e-4,0.006134462,0.01232937,0.0089232100000000009,0.001996041,0.01142513,0.02156085,0.0137264,0.002817713,0.02112474,0.01090664,0.01437621,0.007599333,4.660353e-4,-0.001023023,-8.180246e-4,-0.005238299,0.01178512,0.001193338,0.008179481,0.0113274,0.006978278,0.002787953,0.008284248,0.01372676,0.003718204,0.008346174,0.001977396,0.003331598,0.004930868,0.003331801,0.002444101,0.005759575,6.166326e-4,5.181588e-4,0.005221817,0.004314083,0.005146903,0.003588126,0.005834161,0.00427817,0.003684105,-2.18049e-4,0.005594477,0.00474228,0.006121076,0.001152579,6.326474e-4,-0.001369159,0.002083662,-0.002711548,0.001207435,0.006595506,0.005173872,0.001194956,-6.126578e-4,0.005064105,0.001172009,0.002372104,0.001063012,0.001694691,8.842919e-4,0.002118835,9.500441e-4,9.559638e-4,6.505987e-5,0.001986922,4.301276e-5,0.002799496,0.001532402,0.002381137,7.209905e-4,0.001130445,8.167764e-4,0.001734641,8.416209e-4,0.001006939,-2.882699e-4,7.995487e-4,0.00144761,-1.80406e-4,6.465025e-4,8.56374e-4,0.001290913,0.002608715,0.001609451,0.001781597,0.00116473,-8.996624e-4,0.001585392,0.001935459,0.002778683,0.002297421,4.74431e-4,0.005128237,-7.200287e-4,0.004071853,0.004451916,0.004314937,0.003809576,0.00331437,0.004985289,0.004695702,0.006768579,0.007651609,0.01063341,0.01586742,0.02586534,0.04039322,0.06401857,0.08371434,0.09336171,0.09580231,0.09736934,0.09733505,0.1023007,0.1084683,0.1452594,0.5812286,2.390231,4.527732,3.831429,1.125385,0.1379623,0.0963366,0.08159534,0.08289626,0.08580847,0.103917,0.1210539,0.1469516,0.1746366,0.2128898,0.2510333,0.286981,0.3020221,0.31020759999999997,0.3126449,0.3087242,0.2910294,0.2697139,0.274471,0.2476805,0.2528292,0.2414545,0.2304192,0.2177187,0.2321244,0.2207763,0.2524504,0.2802852,0.4629393,0.5059726,0.7279661
331.307,0.02840285,0.04254387,0.01951921,0.024064,-0.01461725,0.01967361,-0.008433358,0.01468189,0.03819156,0.01678401,0.02417404,0.01181301,0.005364519,0.002852692,0.01677031,0.01279486,0.00588141,0.003660519,0.0133202,0.008168112,0.002936834,0.003480268,0.005151795,0.006182562,0.002567644,-5.406572e-4,-0.001186124,0.001103764,-4.179316e-4,-0.001300448,0.005846995,0.00381084,0.01273756,0.02279975,-0.00923836,0.01069206,0.009452977,0.006088341,0.0159797,0.001930572,0.007280864,0.007467497,0.01497908,0.01616132,0.02339592,0.004030128,1.884192e-4,-0.003163149,0.003280994,0.00211119,0.008069577,0.01425641,0.009753069,0.01509124,0.00772067,0.008277063,0.002749459,0.01047007,0.005181863,0.004836572,0.01373083,0.005392589,0.004551356,0.008165219,0.006371008,-0.002675866,0.006420569,-0.001194947,0.00362978,-7.636351e-4,0.002289382,0.006293995,0.004398098,0.001964903,0.004905649,0.0029021060000000002,-0.001704109,0.0050368,0.002229376,2.517305e-4,0.005205897,0.001725982,0.003344651,0.002080141,0.004172727,0.002892293,2.139774e-4,0.005258953,0.008496668,-0.001893343,0.003776853,0.006148297,6.429212e-4,0.00394529,5.313778e-4,0.002066632,0.003921219,0.001089229,0.00420226,0.002047102,0.001951008,8.957125e-4,4.163167e-4,0.002159189,0.001168382,0.002006888,2.966096e-4,2.06826e-4,2.350515e-4,9.779821e-4,5.885377e-4,9.31044e-4,9.97689e-4,0.001496134,2.534384e-4,2.817947e-4,-5.778623e-4,0.002713684,0.00327361,0.001542464,0.002710906,0.001119911,0.001459439,0.001457496,0.003162575,0.001446372,0.001287415,0.00196014,0.002538491,0.001819891,9.817982e-4,0.002839865,2.657853e-4,0.005115236,0.003088019,0.003233023,0.005395479,0.005674494,0.004957183,0.007941767,0.008455946,0.009441446,0.01636988,0.02232565,0.0397211,0.0586279,0.07856804,0.09053469,0.09448556,0.09640456,0.09860995,0.09930769,0.105334,0.1268995,0.3703765,1.816559,4.04602,3.93805,1.631095,0.2149447,0.1015339,0.08665687,0.07970766,0.07989311,0.09233831,0.1063512,0.1265651,0.1583323,0.1916289,0.2219817,0.2570686,0.2794873,0.3024837,0.3029919,0.3232162,0.3125847,0.2934032,0.2873746,0.2783739,0.2609362,0.2483177,0.2467932,0.2368047,0.2332964,0.2334023,0.2570025,0.2836251,0.3235067,0.4212753,0.4452565,0.6836012
333.579,-0.02874638,0.003436029,-0.01276819,0.008851268,-0.006730544,0.02374161,-0.01467952,0.01534418,-0.01348489,0.008453399,-0.008201197,-0.01070779,0.002108479,0.00993688,0.002565708,-0.007120293,3.918268e-4,0.001814619,9.854544e-5,-8.329356e-5,-0.001702063,6.857651e-4,0.001023311,0.001403763,0.003168893,-7.952434e-4,0.003656628,1.055125e-4,4.993599e-4,0.006906528,0.01546173,0.003643952,-0.01298268,0.006901709,-0.02613762,0.001302468,-0.003582519,0.009405339,0.008041392,0.008134952,0.01479739,-0.01168004,0.002583639,-0.0060153,-0.009240234,0.006200845,-0.007972264,0.00593136,-0.001766343,-0.006271402,-0.004204024,0.001633958,2.960571e-4,0.005672338,-0.004017616,-0.009274286,5.876209e-4,-0.005873529,4.37956e-4,0.008595283,0.004425124,-0.007712118,-0.002108585,-0.005483963,-6.493308e-4,-0.002674888,0.008650813,-0.003975156,-0.002698933,3.845872e-4,0.001201033,-0.007957419,-0.002231533,-4.131093e-4,-0.003517314,-0.003961883,-0.001018345,-0.001351623,-0.001291271,-0.00142187,3.124549e-4,7.050329e-5,6.376611e-4,2.236504e-5,-0.001444615,9.365449e-4,4.495399e-4,-0.001050318,0.001020852,-6.620431e-4,0.003003779,-0.001350734,-0.003108405,4.712509e-4,-0.001101036,5.773575e-4,3.699153e-4,8.274546e-5,3.789937e-4,-0.001105484,0.002234057,-4.646792e-4,-0.001013054,-0.001908512,-3.025925e-4,6.476607e-6,1.09371e-4,-1.97156e-4,-2.397971e-4,7.279067e-4,-3.881027e-5,3.143775e-4,3.300858e-4,3.827022e-4,-7.562096e-4,-4.806423e-4,-5.362142e-6,-1.623374e-4,0.001275092,8.35331e-4,-0.001648535,-0.002292673,-7.902379e-4,-0.001102958,-0.001551991,0.001245796,0.001197136,-1.971615e-4,6.306878e-4,6.019421e-4,0.001196964,0.001625033,0.00172925,0.001192829,0.00143441,0.001797446,0.003102761,0.002939917,0.003388496,0.005363776,0.006389469,0.01070923,0.01903975,0.03131548,0.04800229,0.07209088,0.09119587,0.09021886,0.09554341,0.09485768,0.09693234,0.09638444,0.1142774,0.2412107,1.329806,3.607871,4.152385,1.998314,0.3798543,0.1032457,0.08626715,0.08325486,0.08213454,0.08915779,0.1038132,0.1141035,0.1393143,0.1687261,0.1991543,0.2360497,0.263636,0.2839892,0.302252,0.3227331,0.3166995,0.3032917,0.303162,0.2932912,0.2638243,0.2626195,0.2588871,0.22785,0.2272616,0.2261861,0.2394383,0.240543,0.2554065,0.3209158,0.3694136,0.4766745,0.5261553
335.853,-0.007639311,-0.01574573,-0.04157349,-0.01205522,-0.01931396,-0.03141005,-0.01769688,-0.02508085,-0.03044436,-0.006860588,-0.00871331,-0.002458409,-0.009348535,-0.01349543,-0.008183987,-0.003545718,0.006193894,-0.004644897,-0.008715732,-0.003461482,-0.006225588,-0.004224865,-0.003100552,-0.003389087,-0.004587797,8.971155e-4,-0.00794126,-8.458956e-4,0.0036333,7.748645e-4,-0.007914325,-0.01571307,0.001196104,-0.02212771,-0.001888201,0.005744505,0.007220881,-0.005696429,-0.002742896,-0.01113152,0.003165614,-0.0047672,-0.003527703,0.006760468,0.003179755,-0.008437203,-0.01588357,-0.0104314,-0.007606977,-0.009589408,0.008314198,-0.007720256,-0.004644725,-0.005974565,0.001767861,0.001070373,-0.01258059,2.223046e-4,-0.003681503,-0.002149247,-5.139198e-4,0.001227559,7.482998e-5,5.324612e-4,-0.005360179,-0.001702648,-7.009917e-4,2.862752e-4,0.001948487,-0.004607575,-9.280653e-4,-0.002763569,-0.004013178,-0.003035871,-0.00484114,-0.004835559,-0.001166412,-0.00629827,-0.002651211,-0.003824766,-0.003402617,-0.003599894,-7.238856e-4,0.001654021,-0.003022294,-0.001338863,-0.002721712,-0.001894598,5.725845e-5,-0.001133795,-0.004770997,-2.385898e-4,-4.654747e-4,-0.002474658,-0.003069963,0.003318036,-8.172971e-5,-0.002110216,-0.001188394,6.711467e-4,6.93326e-5,1.985517e-4,-0.001248502,-0.00193478,-0.001357499,-5.291185e-4,-4.411331e-4,-0.001111291,-9.402007e-4,2.884956e-4,-0.001244257,-3.556161e-4,-9.997676e-4,2.004281e-4,7.358933e-4,-4.08377e-4,-3.665203e-4,6.174784e-5,-1.94104e-4,-6.235666e-4,-0.001699249,-5.54621e-4,-0.001782263,-0.002874852,1.754433e-5,-4.207089e-4,-0.001025665,-7.934942e-4,0.00135004,-0.001823748,7.597701e-4,4.12785e-4,-0.001435922,4.807873e-4,-7.102948e-4,0.003675192,0.001184682,0.003037648,0.003780243,0.0043364400000000004,0.009919841,0.01592105,0.02688773,0.04623772,0.06554881,0.08067957,0.09241276,0.09411273,0.0898862,0.09503271,0.0951241,0.1025294,0.1713642,0.8930075,3.033,4.253579,2.548152,0.569353,0.1137247,0.08841606,0.08616003,0.08153224,0.08780959,0.098295660000000007,0.1141686,0.1275011,0.1430343,0.1742327,0.2065779,0.237773,0.2762725,0.2988659,0.3021717,0.315981,0.3236361,0.3070317,0.2926137,0.280334,0.2771931,0.265013,0.2446559,0.2313399,0.2318608,0.2193706,0.2209293,0.2355286,0.2217737,0.3314422,0.3515773,0.4923949,0.6709886
338.128,0.01998956,0.003323187,0.03650907,0.02402603,-0.001166582,0.008629977,0.02419155,-0.004848375,0.00644976,0.005926779,-8.463851e-4,-0.003520253,0.007582466,-0.004276532,-0.01266507,-0.002572151,0.005853526,0.006232072,6.713122e-4,9.027277e-5,4.887822e-4,-7.801393e-4,4.635945e-4,0.004266775,0.002196598,0.008457703,0.003404636,-0.001082653,0.002361051,0.002008038,-2.986973e-4,0.010566,-6.850354e-4,0.004041666,0.02486939,0.005557574,-0.01322141,0.006267188,0.005571935,-0.002538217,0.002155167,-7.947367e-4,0.005840827,0.009122024,0.003223722,3.476287e-4,0.007049239,0.003672243,-8.69723e-4,0.01335895,-0.004381886,0.003465453,-9.184254e-4,0.0037258,-3.563443e-4,0.008030959,0.004987546,2.385446e-4,0.006474241,0.008391091,-7.794137e-4,0.003859373,0.004331694,0.006166024,0.004424273,-8.719672e-4,0.005811005,2.848817e-4,0.002981878,0.002691259,-0.001496065,0.003821483,-0.001113458,0.003323325,-8.678332e-4,0.002210022,0.005690564,0.001137798,0.001497546,0.004600022,-3.443382e-4,0.001139631,0.002000374,0.005283767,0.002468659,0.002795055,-1.812411e-4,0.002208893,0.002404939,0.001947198,0.001838744,0.002992261,-6.268523e-4,0.001590678,4.030813e-4,0.003443218,0.003672952,6.020827e-4,0.001395393,0.002022919,7.508117e-4,0.001896059,0.001000959,9.710817e-4,0.001252397,6.949078e-5,3.704741e-4,2.782369e-4,1.453582e-4,1.450143e-4,6.998606e-5,0.001448129,-1.240093e-4,3.1019e-4,3.825308e-4,-5.511356e-5,0.001315972,-3.21916e-4,0.001176736,5.617545e-4,0.001005753,0.001939754,9.177497e-4,0.002002324,0.001047266,0.001083544,0.001277855,0.001803776,4.661719e-4,0.003833481,0.001651929,0.002739958,0.001279935,5.13322e-4,0.002357982,0.004374414,0.00239709,0.004356623,0.004629479,0.00752932,0.01491845,0.02351519,0.03870268,0.06033927,0.08270123,0.08922832,0.09140109,0.09293373,0.09687472,0.09434733,0.1025031,0.1402855,0.6074716,2.400264,4.152513,3.050689,0.8827038,0.1260153,0.09601583,0.09039421,0.08704355,0.08623501,0.09728231,0.1080489,0.1259999,0.1496765,0.1744352,0.1890599,0.2210644,0.2547198,0.2837376,0.3090481,0.3215149,0.3260287,0.340314,0.3236108,0.3077403,0.3048341,0.2943491,0.2822635,0.2562939,0.2610572,0.2536359,0.287706,0.2541537,0.2937763,0.3289389,0.3551388,0.4083852,0.5611408,0.6029976
340.403,-0.01031858,-5.695294e-4,0.01072497,0.02006306,0.008059267,0.002946145,0.02545186,0.007267146,0.01622693,0.01335935,-0.006311542,0.007840967,0.01148923,0.005952147,0.00767489,0.01373905,0.004300818,-0.003338885,0.00747646,0.002341668,-0.001075197,-0.002231244,-6.804018e-4,0.001391559,-3.239788e-4,0.00219057,0.005257929,0.001677761,0.007547033,0.00207392,0.003209042,3.125349e-4,0.02322999,-4.479569e-4,-0.006802361,-0.004098115,0.0212598,0.01206916,5.554918e-4,0.005344422,0.01209058,0.01260471,0.008027906,0.01803041,0.007893952,-0.003099431,0.01301061,-0.002630747,-0.003045587,0.002167057,1.389815e-4,0.002548381,0.00810255,0.01026326,0.007720402,0.00289669,-0.003650973,0.006020332,0.004573371,-0.003823731,0.007506106,0.006794782,0.002041693,0.003467268,0.007572308,0.001464122,0.005864672,5.228304e-4,0.002307787,0.004841665,0.004407279,0.002949069,0.001052919,0.003081872,0.006118616,0.0038959,-0.004216006,0.00282736,0.00225684,-0.00215521,0.004195982,0.005872532,0.00510057,0.001018255,-8.819893e-4,-5.528067e-4,7.421764e-4,0.001538569,-0.001401366,0.001851566,0.004107398,0.00403077,-0.001030498,0.004265149,0.004173536,0.001390132,-0.001738454,-3.965518e-4,7.992864e-4,0.001941912,0.001392373,0.002054851,0.001818074,0.0011957,0.001339812,-5.717111e-4,0.001281102,0.001863236,-1.275405e-4,4.906327e-4,9.079365e-4,0.00124182,1.899997e-4,0.001238791,-3.429123e-4,5.422766e-4,7.660241e-4,6.334384e-4,0.001409358,0.001068005,1.244291e-4,0.00208437,5.112586e-4,9.441136e-4,0.002973095,5.141649e-4,0.001865929,3.70774e-4,-1.877766e-5,0.001462306,0.002050229,0.00192169,-5.967372e-4,0.003608868,0.001386356,0.003688776,0.005751428,0.005528432,0.005611486,0.009279392,0.02107605,0.03416584,0.05143461,0.07405449,0.08771135,0.08707115,0.09125522,0.09443574,0.09656365,0.09485784,0.1219436,0.4086435,1.827806,3.856958,3.454758,1.25008,0.1858296,0.09063838,0.08926612,0.08875399,0.09276392,0.1015374,0.1076942,0.1256628,0.1391635,0.150936,0.1829259,0.2042394,0.2335399,0.2616948,0.291376,0.3069187,0.3279264,0.3280446,0.321149,0.3238602,0.3187089,0.2952147,0.3023089,0.2697262,0.2631344,0.2732657,0.2998296,0.2570761,0.2737118,0.278252,0.3215549,0.4139323,0.4624995,0.5210028,0.6563751
342.679,0.002205912,0.008742486,0.03545642,0.01199558,0.006329321,0.007310865,0.0143785,0.009385394,0.006721884,8.37909e-4,0.009319423,-0.002969907,-0.006994097,0.006931136,0.008444555,0.004862049,0.002698009,0.008479682,0.002137667,0.006967279,0.005598804,0.009198038,0.002092792,0.002032241,0.006126462,0.002584884,-0.003808531,0.004710719,0.004572198,-0.004023061,0.006861966,0.005517821,0.01315574,0.02005338,-0.007132112,0.005204787,-0.004618881,-9.084549e-4,0.005160809,-0.005300531,5.817444e-5,-0.001956835,0.008930717,-0.001824256,0.004205332,-0.001434496,0.003745303,-0.003930127,0.008383458,0.002882136,-3.57166e-4,0.004717444,-0.00101286,0.003738979,7.773233e-4,-0.001682628,0.002359699,0.001249292,0.008750303,3.974173e-4,0.008186691,0.001053048,0.001944386,0.008145298,0.006752882,-9.642611e-5,0.007343561,0.004295806,0.001690005,-3.744941e-5,0.005193516,-0.001732107,0.004964618,0.005257174,0.002705224,0.003260969,0.003774013,0.003357736,0.007409106,0.001834177,0.003702736,0.003137874,-4.944547e-4,0.001995662,0.002530718,5.774236e-4,0.002552673,-4.566265e-4,0.004508991,0.00105381,8.324646e-4,0.003023503,0.002734814,-0.001590119,0.003224673,0.003912981,3.32439e-4,8.383983e-4,0.001374912,-0.00177213,0.002651362,9.079456e-4,9.64578e-4,9.075136e-4,4.359063e-4,0.001734416,0.001054255,3.005356e-4,4.875556e-4,2.27073e-4,0.001510358,0.001058885,0.001472214,-3.904914e-4,0.001283982,2.867286e-4,1.465748e-4,9.895133e-4,0.002133436,0.00152276,8.360052e-4,0.001447151,-0.001254327,8.365422e-4,-6.065772e-4,0.001714866,6.00277e-4,0.001590766,0.002593483,0.002181335,9.570535e-4,0.002225994,0.002729605,0.004187023,0.003930104,0.004823509,0.005401539,0.005734185,0.009983857,0.01587544,0.03068936,0.04855459,0.06869835,0.08316908,0.08919643,0.08816194,0.09269986,0.09348503,0.09436068,0.1094763,0.280719,1.366314,3.444032,3.765243,1.681934,0.2887956,0.09651481,0.08572913,0.09030474,0.09231343,0.1020121,0.1124151,0.1239989,0.1394216,0.1574204,0.1742854,0.1898542,0.2188695,0.2471687,0.2727295,0.3034314,0.3193391,0.3277461,0.3252537,0.331912,0.3174125,0.31724020000000003,0.3154772,0.2946125,0.2831941,0.2891477,0.2790564,0.2812034,0.2700743,0.3148983,0.3141991,0.3241362,0.40279740000000003,0.4814093,0.59901,0.6993434
344.956,-0.01079488,-0.01548973,-0.02480028,-0.01845968,-0.01670286,-0.03321386,-0.02385845,0.01737182,-4.722036e-4,-0.01838083,-0.005613878,-0.007134518,0.008641569,-0.00104079,-0.009192041,-0.01718807,-0.003037203,-0.008408619,-0.006177638,-0.002434404,-0.003308161,-0.002364495,-0.001723571,-9.40513e-4,0.004746215,-0.006363094,-0.002559996,0.001111629,-0.004627825,-0.01020361,-0.01192331,-0.01140132,-0.01474844,-0.008384556,-0.02312246,0.002628554,-0.001455496,-0.006725937,-0.01206143,7.920192e-4,-0.01071483,0.001107553,-0.002272645,-0.005959337,-0.01021385,-0.01029388,-0.006728864,-0.01385428,-0.01051256,-0.01242574,-0.009825547,-0.005611123,-0.007926137,-0.008068381,-0.004559716,-0.0012905,-0.006549298,-3.501949e-4,-0.01239968,-0.002364429,-0.001758075,-0.003885008,-0.002712091,-0.007011378,-0.004574391,0.002140352,-0.004841222,-0.002449089,3.244291e-4,-0.001589698,-0.001545817,-0.00158623,-0.008629274,-7.272857e-4,-0.004996086,-0.004468336,-0.006744225,-0.002888952,-0.001814094,-0.005617499,-0.001875609,-0.00262621,-0.001429272,-0.003238452,-2.579219e-4,-0.003690991,-0.00310262,-0.004884495,-0.001260656,2.873113e-4,-0.001927409,-0.002963254,-0.002414939,-0.002750971,-0.003049658,3.697191e-4,-1.005689e-4,9.365878e-4,-0.003091428,-0.001669761,0.001394047,-8.265875e-4,2.56502e-4,-9.577375e-4,-0.001457533,-1.755684e-4,-1.391269e-4,-1.873504e-4,7.175934e-4,-7.772628e-4,-0.00126665,-3.062206e-4,-7.873505e-4,-0.001006969,-5.81207e-4,-4.318951e-4,-4.260515e-4,-8.609341e-4,-0.001356349,7.092119e-4,1.635585e-4,-0.001144769,0.001339183,-0.002277129,2.407201e-4,8.663526e-4,-2.925829e-4,-0.001379454,3.459795e-4,-6.304936e-5,0.001825277,0.002518173,1.690171e-4,4.726918e-4,0.002175805,0.005313509,0.002348284,0.005867463,0.01445747,0.02490966,0.04140955,0.06098898,0.07766935,0.08378049,0.08510588,0.08717493,0.09124618,0.08897967,0.097451,0.1921099,1.02096,2.952241,3.850949,2.197443,0.4573481,0.1004119,0.0922314,0.08781555,0.09074549,0.09634372,0.1073544,0.1250449,0.1314746,0.1449933,0.1644309,0.1902174,0.2045826,0.2322961,0.2501827,0.2846619,0.3021674,0.3154265,0.3281728,0.3306515,0.3229523,0.3156894,0.3127351,0.2917467,0.2885359,0.2915691,0.2673989,0.2831441,0.2650507,0.285778,0.2831991,0.3294918,0.3806029,0.4263922,0.4477525,0.581349,0.6401974
347.234,0.006639005,-0.009358617,-0.009111609,-0.007379852,-0.009293494,-0.03980358,0.008775364,0.0247715,0.01203689,-0.003190155,-5.706907e-4,-0.005417665,0.002504536,0.001496912,-0.003271661,0.002731569,-0.01319562,-0.002586436,-0.002123848,0.008233568,9.857924e-4,0.001003758,4.221262e-4,-1.950903e-4,-0.004253064,-0.001336434,-3.49213e-4,0.001905606,-9.784613e-4,5.586012e-4,-0.007346352,0.001100853,0.007234593,-0.01098794,0.01320398,-0.0120801,5.724712e-4,0.001229981,0.003532001,0.01647794,-0.01398333,-0.009344958,-0.00148687,-0.007393745,0.001790592,-0.002163276,-0.003829946,-0.006033531,0.006078704,0.004309235,8.004985e-4,-0.003200283,0.006493365,-0.008041353,-0.003595988,-0.003700362,0.007995855,-0.001900836,-3.036366e-4,-0.001757583,-0.006712837,0.001359373,0,-0.002204409,-0.002730896,0.002395999,-0.002669479,3.066806e-4,0.002214448,-0.00124537,-0.006282535,-0.002838486,-0.003690219,-0.003137039,-0.001270094,-0.001039713,-8.408191e-4,-0.002342876,-0.005072386,3.863184e-4,0.003386087,-0.004132563,-0.00218869,-0.001927771,0.002675048,0.0023489130000000002,7.540239e-5,4.599189e-4,-0.001671122,7.252486e-4,2.121376e-4,0.002203142,6.432487e-4,-0.001095291,-0.001294304,0.002192952,0.001529101,-8.792581e-4,-4.065362e-4,2.120922e-4,-1.999342e-4,0.003080367,-0.001620864,-8.087638e-4,9.507541e-4,5.305851e-6,-1.342773e-4,0.001245845,8.273442e-4,1.330709e-5,2.952038e-4,-7.339238e-4,2.813437e-4,-4.918167e-4,-3.317548e-4,3.660611e-4,-8.671919e-5,3.471653e-4,-6.083228e-4,-0.001112904,0.001013544,3.850384e-4,-0.001370077,-0.001450803,5.696045e-4,5.998266e-4,-8.141882e-4,-7.892331e-4,0.001404661,5.571749e-4,0.00125293,0.001061662,0.001879376,0.001957236,0.003511008,0.006526259,0.004815934,0.009103161,0.02165414,0.03433256,0.05744651,0.07431413,0.08417987,0.08158793,0.08700189,0.09213912,0.0900827,0.09624277,0.1459223,0.7246526,2.486937,3.8060330000000002,2.617754,0.7263279,0.1117611,0.08852147,0.0881025,0.0904291,0.09932384,0.1072992,0.1216864,0.1311968,0.14712,0.1691251,0.1912767,0.1999834,0.2133818,0.2376014,0.2642266,0.2912148,0.3100611,0.3264591,0.3364492,0.3309998,0.3296178,0.3195321,0.3149595,0.2948784,0.2958525,0.298947,0.2732241,0.2995777,0.3041246,0.3176814,0.2937537,0.3309556,0.3807304,0.3595768,0.4443833,0.5630616,0.634359
349.513,0.01364564,0.004596191,0.009278278,0.01678243,0.01750142,0.02437245,0.01412132,0.00217441,0.02224975,0.0229736,0.01194054,0.005057605,0.007010722,0.01449535,-0.003230374,0.007411839,0.008134421,0.01305355,0.004376176,-0.00446367,0.002571704,0.003647479,-2.817553e-5,0.003939476,0.002752987,0.001824165,0.001558542,3.365358e-4,0.002905572,0.01341848,0.004099933,0.009405461,0.03137545,-0.01330068,0.01966573,-0.005947823,0.006151688,5.13263e-4,0.0237049,0.0117233,0.006742015,0.00686907,0.002116971,0.003265997,0.001252899,0.005080802,0.009372509,0.009358437,0.007871735,0.009027143,0.003897095,0.006198493,0.009523354,0.003247068,0.006755339,0.009333251,6.094186e-4,8.715928e-4,-0.001665163,-6.318012e-5,0.002288056,0.004205319,0.01028789,0.002463011,0,0.005141499,0.004439804,-2.696719e-4,-0.003774791,0.001686554,0.003782052,0.004429184,6.824718e-4,0.003580256,9.802017e-4,-0.003372467,0.004796728,0.004036795,0.001633997,0.002726391,0.003466323,0.006550509,0.002186536,0.001425246,0.00233509,-0.003204025,0.004177017,0.004579526,-0.001309729,6.717802e-4,0.002939253,5.62153e-4,0.004041158,0.001327398,0.001523263,0.003443966,0.001057865,0.002840535,0.001703952,5.465629e-4,0.001688924,-2.472509e-4,0.00125724,0.002386882,4.400377e-4,4.710958e-4,0.002111631,0.002206869,6.016787e-4,0.001420444,3.433354e-4,3.849872e-4,9.327934e-4,0.001127761,1.840671e-4,7.526714e-4,7.520536e-4,0.001144037,0.00122282,0.002624695,0.001119337,0.002832941,-3.909696e-4,0.001455208,0.002875169,1.378252e-4,0.001659081,0.001688567,-2.431086e-4,0.003347336,0.001028179,0.003696922,0.003337137,0.006609416,0.00403569,0.00579834,0.01181026,0.02018302,0.03604467,0.05062736,0.07187701,0.08359752,0.08506264,0.08818804,0.08868187,0.09110051,0.09279106,0.1275925,0.4927136,2.014153,3.663335,3.006641,1.032225,0.1587713,0.0910201,0.0941659,0.09216941,0.1015053,0.1123019,0.1289003,0.1390328,0.1593239,0.1686489,0.1929652,0.210091,0.2272126,0.2405994,0.2656414,0.2865866,0.3058993,0.3288347,0.3406884,0.3492754,0.3381246,0.3464999,0.3294762,0.3355163,0.3253913,0.3229998,0.3075576,0.2996834,0.3128606,0.3314603,0.3351505,0.3595985,0.3744606,0.3890739,0.4712511,0.4938684,0.5855228,0.6438657
351.793,0.06462671,0.04581738,0.03186281,0.04358418,0.03772339,0.033699,0.04656503,0.0558022,0.02888829,0.02116212,0.003977253,0.0145178,0.01586801,0.03669753,0.02172397,0.01936891,0.01242077,0.007171165,0.004924889,0.0121048,0.00596323,0.006660198,0.01110195,0.001561916,0.009897108,0.009408269,0.006551815,0.005455264,0.008425594,0.005344569,0.01515962,0.01664631,0.01504153,0.019532,0.02122753,0.01986155,0.01753903,0.02239691,0.01638631,0.01279462,0.020374,0.009319544,0.01236639,0.02032238,0.008405278,0.01306874,0.01693487,0.0261701,0.01154875,0.01425001,0.003633119,0.00996264,0.01344632,0.01211281,0.01404038,0.00480916,0.01404814,0.01003685,0.01284914,0.008098374,0.01259032,0.01396876,0.008807804,0.01162925,0.009602917,0.005158468,0.007604282,0.004350772,0.008582162,0.01191046,0.006867859,0.009632457,0.01025583,0.01286175,0.01008696,0.006506038,0.00122637,0.006364415,0.005103082,0.002931204,0.004779115,0.005077902,0.003710444,0.00605908,0.008675557,0.003325981,0.00540724,0.007797055,0.005717154,0.003045721,0.007532654,0.004673177,0.001497559,0.006535987,0.005613984,0.00628846,0.006111673,0.002601711,0.003592431,0.002692408,0.003629222,0.002555186,0.00248632,3.822383e-4,0.002763252,0.003246199,0.003073142,0.00209831,0.00256325,8.085887e-4,0.001250059,0.002051713,9.158878e-4,5.729713e-4,0.001344221,0.001483691,7.744326e-4,7.629065e-4,0.004234437,0.004308714,0.002477405,0.005150977,0.003790218,0.001850961,0.003060406,0.004166236,0.004000273,0.003228681,0.003219139,0.004897306,0.003713083,0.005395665,0.005742983,0.004553394,0.006664759,0.009887654,0.0174679,0.02741452,0.04576973,0.07041492,0.08011877,0.08799189,0.08533291,0.09242479,0.09030241,0.09209361,0.1052759,0.3680587,1.571593,3.411821,3.261903,1.383575,0.2366404,0.09699449,0.09283282,0.09963418,0.1013143,0.1104165,0.1235276,0.1427054,0.1516799,0.1699694,0.1877155,0.2099866,0.2288196,0.2489526,0.2547229,0.2703934,0.2984617,0.3197127,0.3375298,0.342923,0.3492126,0.3429387,0.3461027,0.3433856,0.3360381,0.3306563,0.3332539,0.3426715,0.3386425,0.3506446,0.3735086,0.3695733,0.3897408,0.4287804,0.4394697,0.5326451,0.6076139,0.6022857,0.7757637
354.073,0.004731844,0.006639107,0.01607332,9.173686e-4,-0.01768891,-0.01019797,-0.01415478,0.00299917,0.005205729,-0.02512446,-0.002463893,-0.005180072,-0.003741381,-0.005504999,8.106368e-4,-0.003790006,-0.005213841,3.360351e-4,-0.008594588,0.002761797,-0.005100821,-0.005985678,4.041998e-4,-0.003120531,-0.002370352,-0.001152623,0.001231975,-0.005273596,-0.004698609,0.002541572,-0.006878782,0.006952394,-0.01356843,0.00976651,-0.004801075,-0.01744979,6.664332e-4,0.007243958,0.00190249,-0.005352445,-0.00322998,-0.009313588,-0.006994888,-0.00148341,0.005336875,0.003886152,-0.002801352,-0.008256426,-0.007985152,-0.003787871,-0.006933763,0.003107355,-4.309937e-4,-0.01021956,-0.008511589,-0.002750217,-0.003509331,0.0068857,0.006764136,-6.519473e-4,-0.007010545,-0.002093063,-0.00238154,-0.003994358,-0.00113339,-0.001931776,0.001205812,9.846753e-4,0.002933005,-0.002503155,0.003438425,-0.002768664,-0.001412696,0.003163774,-0.005184485,0.001596375,-0.001824096,-0.003154285,-1.406125e-4,-0.00299188,6.990225e-4,-0.001394752,0.002758734,-0.004008417,-0.00302335,0.002100257,-0.002113056,-8.750305e-4,0.001285237,0.004059956,-0.001398023,-0.002342292,-9.246585e-4,-9.980301e-4,-9.168132e-4,0.002565277,6.51126e-4,-3.430515e-4,-7.277841e-4,-6.825274e-4,-5.616264e-4,-0.001388364,-0.002049812,-0.001441147,-5.151161e-4,-6.878798e-4,-6.625875e-5,-8.065891e-4,-5.647887e-5,-0.001133063,5.624385e-4,-8.348768e-4,-1.356302e-4,1.369653e-4,-4.340587e-4,-7.278488e-4,4.808023e-4,-7.258887e-5,4.444703e-4,-0.001207437,2.401642e-4,-0.001347307,6.873127e-4,-0.001567193,-9.787277e-4,5.735684e-4,-1.08076e-4,0.00186142,8.138552e-4,9.102276e-4,6.747671e-4,0.001750473,0.003429824,0.006152884,0.006666321,0.01025785,0.01889704,0.03706167,0.06059843,0.0758877,0.08383713,0.08127547,0.08624454,0.0895831,0.08462061,0.09939756,0.2376616,1.248613,3.039105,3.463735,1.716251,0.3630028,0.09424445,0.08887357,0.09245247,0.1015754,0.1094504,0.1160298,0.1389475,0.1538211,0.1721613,0.1824961,0.2098193,0.2224101,0.23576,0.2501963,0.2682068,0.2830873,0.3056619,0.3161188,0.3431651,0.3444577,0.3415117,0.34957,0.340686,0.3395986,0.3366322,0.329502,0.3397442,0.3335247,0.3408519,0.3479677,0.3419489,0.357809,0.364036,0.3795674,0.455578,0.4659109,0.5842108,0.578537,0.6864352
356.355,-0.006033841,-0.01626142,-0.0608316,-0.02598052,-0.05263332,-0.07336544,-0.01552054,-0.02153198,-0.02494698,-0.03989878,-0.02145595,-0.0184233,-0.01249534,-0.03362497,-0.01173096,-0.01965877,3.51006e-4,-0.008871012,-0.01913973,-0.008063398,-0.01198548,-0.009808001,-0.006307937,-0.00505413,-0.005804683,-0.007486641,-0.00864676,-0.00929075,-0.01053128,-0.004614476,-0.02214409,-0.01730334,-0.03494389,-0.02323366,-0.02243864,-0.01882251,-0.02169571,-0.01792833,-0.01325622,-0.02483403,-0.01559109,-0.01041068,-0.003873746,-0.01891868,-0.01917968,-0.008180368,-0.01810808,-0.009182537,-0.01477726,-0.01850735,-0.01511619,-0.009393212,-0.005924992,-0.02201101,-0.01686926,-0.01023939,-0.0148327,-0.007888544,-0.008786569,-0.01462615,-0.008624,-0.00486907,-0.01267364,-0.009913538,-0.01095011,-0.002837582,-0.01571413,-0.009526585,-0.009641922,-0.01688402,-0.006514047,-0.007214203,-0.006761135,-0.005514564,-0.007981413,-0.008249041,-0.008021581,-0.007399137,-0.002027263,-0.004799968,-0.006988452,-0.007612303,-0.004760483,-0.003497885,-0.006555158,-0.001377598,-0.007291199,-0.01028421,-0.006038553,-0.004499962,-0.006480699,-0.003008865,-0.003038802,-0.005652353,-0.00352121,-0.004943278,-0.00250829,-0.002707864,-0.00300214,-0.003075367,-0.001660522,-0.002506067,-0.002227865,-0.002120489,-0.00246174,-0.002917865,-0.002469826,-0.001968795,-0.002127655,-0.002028441,-0.001134364,-0.00146335,-5.647593e-4,-0.002260351,-0.001825252,-0.001531778,-0.001998739,-0.002586516,-0.002359788,-0.002349067,-0.001917382,-0.00270383,-0.003935405,-7.906232e-4,-0.003135324,-0.001630841,-0.001741154,-0.002387023,-9.448597e-4,-0.002191891,1.662723e-4,2.332164e-4,0.001950454,0.001940205,0.006890336,0.01627356,0.02971083,0.04909997,0.07086306,0.07790846,0.08124856,0.08030953,0.08590553,0.0853645,0.08770068,0.1693051,0.9025794,2.701826,3.546793,2.107015,0.51290500000000006,0.1000567,0.08809579,0.08949661,0.09507194,0.1024013,0.1167709,0.1313678,0.1510351,0.1688163,0.1769558,0.1996398,0.2213543,0.2364347,0.2566906,0.2708053,0.2837205,0.2942201,0.3059747,0.3177294,0.333664,0.3478141,0.3399634,0.3407815,0.3434541,0.3305057,0.3141974,0.3240775,0.3247089,0.3178656,0.3303736,0.3416989,0.3526602,0.3649854,0.385777,0.3795761,0.4325193,0.3955699,0.4912554,0.490287,0.5734761
358.637,-0.0170868,-0.02060639,0.01040066,-0.004227822,0.006615625,-0.01665814,0.01034331,0.02468757,-6.43941e-4,0.01158879,0.01695549,-0.004351444,0.001926202,0.01043012,-0.005929453,-0.009768436,0.005433556,-9.211931e-4,0.004774939,-0.00257038,-0.003071926,-0.006442644,5.043219e-4,-2.969494e-5,9.017051e-4,-0.001869291,9.944914e-4,0.001481304,-0.005309596,5.74112e-4,0.009676751,0.002444491,-0.001947426,-0.01331818,0.01414092,0.01925034,0.004394267,0.00565609,0.00763084,-0.003626864,-0.007291557,0.004003205,-0.004576099,0.01105734,0.01146204,-0.00668673,0.001784608,-0.004704935,0.009254749,-2.28068e-4,0.003224941,0.003908797,-5.472779e-4,-0.005349125,0.007574055,0.003823829,-0.008957318,0.003017385,-3.737054e-4,-0.006664757,-3.449327e-4,0.00456327,-0.005583609,-0.002023523,-0.006451806,-0.003637328,-0.003769355,-2.7767e-4,0.00541585,0.003931477,-0.00362494,-9.615715e-4,-0.002187273,-0.001308667,-0.003171269,-0.002463169,0.001607781,-0.004531726,-0.004026637,-0.002797109,-0.002100923,-0.001090335,-0.005041051,-0.00203995,0.004146339,-7.923848e-4,9.656591e-4,0.001055265,-0.002747239,-7.14005e-4,6.693137e-4,-0.001184496,-0.001104101,-2.541854e-4,6.359761e-4,-3.598772e-4,2.372444e-4,-2.567143e-4,-8.31077e-4,0.00240025,0.001163411,7.906473e-4,6.345107e-4,-0.00103364,5.381417e-4,2.759612e-4,0.001377086,-6.893541e-4,9.011472e-4,-5.379331e-4,-4.660933e-5,-2.435976e-4,-0.001039898,-1.676217e-5,-1.969871e-4,1.589415e-4,5.53082e-4,-4.064689e-4,7.640428e-4,2.207784e-4,0.001185259,0.001785826,1.374154e-4,0.001873098,3.596743e-4,6.258114e-5,0.001257837,6.176617e-4,0.00168597,0.001448707,0.003468596,0.002125956,0.004677208,0.007344883,0.01853774,0.02661658,0.04716026,0.0637022,0.07710584,0.0812176,0.08134382,0.08729491,0.08392065,0.08501103,0.1246299,0.6381266,2.249071,3.503012,2.507392,0.7449597,0.120638,0.08705922,0.08641673,0.09369853,0.1076572,0.1199957,0.137207,0.1494895,0.1647236,0.1905256,0.2118611,0.2263402,0.2390917,0.2553645,0.2731737,0.284809,0.2955776,0.3104213,0.3234708,0.3393874,0.351522,0.354424,0.3632628,0.352153,0.3675627,0.3507769,0.3442266,0.3685126,0.3456649,0.3539135,0.3666415,0.3608317,0.4025248,0.4341082,0.4314735,0.429422,0.4998918,0.4973405,0.6013145,0.6751204,0.7657481
360.92,-0.004511242,-3.460387e-4,-0.001145682,0.01084521,0.007505265,0.0057881,0.001077966,0.007171208,-7.644869e-4,5.921012e-4,0.008858129,0.003573822,-4.471927e-4,-0.002118266,-0.01096925,0.002479268,0.003272928,0.00126361,0.004423241,-1.860504e-5,5.917074e-4,-0.001737679,-0.001684885,0.001138715,0.002976683,-4.098125e-4,0.005044819,-6.712026e-5,0.001707359,0.006252287,-0.002228694,0.007185857,7.559783e-4,-0.003469651,0.01221321,0.006390947,-0.01250672,0.003178434,-0.005129174,0.007122385,-0.004677399,1.810085e-4,-4.904105e-4,0.01055936,0.01109632,0.002794144,0.01166234,8.225605e-4,0.006733666,-0.01343129,0.002131725,-0.006152446,0.008562803,-7.787578e-4,0.01237436,-3.329676e-4,7.823051e-5,6.191419e-4,-0.001864719,-0.002032813,0.003204364,0.005140368,-0.00351571,-5.756695e-4,0.002240132,0.001855377,0.002665669,-0.001479935,0.001251729,-3.167543e-4,4.695346e-4,0.001811216,0.002147895,-4.69818e-4,0.004445113,0.002123159,-0.001755741,-0.002015094,0.001833255,0.001131821,0.002126107,1.558517e-4,0.001667802,-9.127667e-4,-8.927336e-4,-0.00186379,6.086613e-4,-4.385474e-4,-0.002184893,0.001840385,0.002876733,4.928822e-4,0.002529921,-7.580412e-4,-2.260996e-4,-6.830469e-4,-0.002955477,-4.362785e-4,0.002636867,-7.542698e-4,-9.204629e-4,-0.001085815,-2.468058e-6,9.819035e-4,-0.001864136,0.001550706,-4.198123e-4,-9.833703e-4,-1.750268e-4,0.001469876,-3.379114e-4,4.014669e-5,3.942392e-4,1.915786e-4,7.088312e-4,2.600875e-4,5.967553e-5,0.001077722,8.278259e-4,0.001075596,3.868968e-4,-9.395768e-5,-7.591173e-4,0.002097416,0.001167384,9.335068e-4,8.110315e-4,0.002080623,8.653034e-4,0.00255102,0.001854494,0.003508533,0.005477391,0.01494809,0.02551335,0.03809759,0.06395323,0.07528674,0.08082427,0.08083666,0.08458215,0.08796894,0.08225379,0.1039746,0.4401915,1.812609,3.368308,2.789367,1.033548,0.1632653,0.08739181,0.08827031,0.09424801,0.1055577,0.1196523,0.13513,0.1471759,0.1703543,0.1832102,0.2065021,0.2245037,0.2436717,0.2593276,0.2781697,0.2864415,0.301954,0.3147179,0.3204234,0.3407737,0.3462751,0.3723767,0.355238,0.3655961,0.3698474,0.3587846,0.3591805,0.3650663,0.3595863,0.3715567,0.3745876,0.3751107,0.3994805,0.4016176,0.4384363,0.4995165,0.5437263,0.5120197,0.5731728,0.5834545,0.6676492,0.7786575
363.203,0.02699003,0.03206635,0.004125177,-0.004377821,0.04499521,0.01342545,-0.001909245,0.01333752,-0.005633177,0.01237214,0.002540108,5.048235e-4,0.005077957,0.008416416,0.01092287,0.01060712,0.01006962,0.009287916,-0.01219937,-0.003869173,0.01329463,0.006458547,0.003097919,0.002326239,0.003988919,0.002804522,0.003230615,0.005698576,0.001893459,-5.255905e-4,0.004573634,-0.002461286,-0.002397569,7.457585e-4,0.00587561,0.01236634,0.01933648,0.009046272,-0.008197274,0.009378995,0.01517696,0.01017622,0.01480096,-0.006345023,0.00400925,0.003763495,6.521503e-5,0.003249462,0.002296115,0.0147291,-0.002302695,-0.002647073,0.00738541,0.009140611,8.538202e-4,0.001361828,0.001319908,0.006715459,0.004068487,9.162859e-4,0.008516041,-7.985997e-4,0.005195654,0.007330106,0.001704499,0.003840625,-5.068499e-4,0.002339758,-0.001242546,0.009600257,0.001144507,0.003089097,-0.003331999,0.00340615,0.00488947,0.005734593,-2.20016e-4,0.005286255,0.005685256,0.003867561,-5.515302e-4,-0.00017686429999999999,6.414869e-4,0.002295166,0.001277943,0.002978597,0.001342828,-3.143365e-4,5.721239e-4,-0.00278222,0.001616963,0.001612374,0.002495555,0.001936,7.947092e-5,5.821044e-4,2.123509e-4,0.002700163,0.001303786,0.001717356,-4.348184e-4,0.002457495,-1.935401e-4,0.002193127,0.002250092,2.908948e-4,8.829957e-4,-6.474073e-5,0.001512333,-3.179679e-4,-2.813885e-4,3.58129e-4,8.236011e-4,1.091331e-4,0.001423726,6.883899e-4,6.806379e-4,6.064857e-4,0.001625309,0.001742011,0.001270251,0.001974823,0.001455141,0.001085338,0.001589223,0.001357022,0.002675009,0.002090025,4.007706e-4,0.004086044,0.004639649,0.005759377,0.01092291,0.02201377,0.03560791,0.05774237,0.07218405,0.07757517,0.08409891,0.08308831,0.08693464,0.08429648,0.09444618,0.2907708,1.426514,3.114407,3.05175,1.289079,0.2470258,0.08654505,0.08951044,0.09160986,0.1039135,0.1121409,0.1354354,0.1493618,0.1721493,0.1856228,0.2029137,0.2250132,0.2443153,0.2660688,0.2749901,0.2936376,0.3030775,0.3213409,0.3309822,0.3400023,0.3547923,0.3640865,0.3742161,0.3648829,0.368823,0.3737277,0.3650284,0.3662487,0.3639862,0.3686561,0.3736628,0.383371,0.4168197,0.4380935,0.4661433,0.487181,0.4900016,0.5498292,0.5405708,0.5910658,0.7362824,0.7628798,0.8112238
365.488,-0.03624985,0.004449704,-0.01842971,-0.03643179,-0.03387063,-0.0344732,-0.04514505,-0.05155728,-0.02280234,-0.02072011,-0.007368036,-0.01059308,-0.008929996,-0.008918704,0.004308007,-0.005022171,-0.006001225,9.752666e-4,-0.01259175,-0.006002785,-0.004765694,-0.005157241,-8.254775e-4,-0.008312803,0.001546054,-0.005178931,-0.003797258,-0.004417476,-0.004813564,-0.006300976,-1.334198e-4,-0.003594857,-0.008045796,-0.004563695,-0.01267352,-0.006312216,-0.02131563,-0.01462342,-0.004036677,-0.01635714,-0.004271668,-0.01828888,-0.01354866,-0.008170469,-0.003299506,-0.02053478,-0.01100366,-0.003675489,-0.005253091,-0.008745395,-0.005811953,-4.22514e-4,-0.001926106,-0.008276278,-0.01083587,-0.008001374,-0.01246303,-0.001839532,-0.008609307,-0.009494912,-0.005229116,-0.004261861,-0.006630677,-0.002947226,-0.003266501,-0.01548744,-0.001957638,-0.004321589,-0.005672541,-0.006908314,-0.006883728,-0.00444667,-0.001742877,-0.006584802,-1.992802e-4,-0.004277305,-0.007316344,-0.005922191,-0.001209476,-0.004560092,-0.004461365,-1.507925e-4,-0.002806393,0.003300048,-0.00302885,-0.001383082,-0.007654797,-0.002955191,-0.005864583,-0.001266198,-0.00481583,-0.001414677,-0.002733023,-0.003958023,-0.002648014,-2.524539e-4,0.00172747,-0.002981084,-0.001389665,-0.00131401,-0.002897431,-0.001956065,-6.335197e-4,-0.001644708,-7.319386e-4,4.243195e-6,-0.001606675,1.15081e-4,-0.00121696,-7.521193e-4,-4.419805e-4,-5.472356e-4,-0.001704424,-9.868043e-4,-5.129542e-4,-8.123582e-4,-7.580551e-4,9.214219e-4,-0.003573503,-0.003994837,-0.001439578,-0.00232334,7.841619e-4,-6.493093e-4,-0.002153866,7.872208e-4,-1.821393e-4,9.120941e-5,-9.227925e-4,6.161105e-4,0.001446034,0.005960073,0.01737734,0.02810862,0.05170666,0.06541429,0.07256744,0.07613352,0.08229129,0.0844002,0.07723384,0.08283542,0.1830244,1.036909,2.784393,3.233109,1.655197,0.341937,0.08668591,0.08271337,0.08738486,0.0962499,0.1093083,0.1254775,0.1449148,0.1622701,0.1853406,0.2019934,0.2222609,0.2453931,0.2650095,0.2748642,0.2915281,0.3125082,0.3205399,0.3334345,0.3389612,0.3519073,0.3550485,0.3668929,0.3636587,0.3757436,0.3810841,0.3716637,0.3720206,0.3636675,0.367062,0.3788479,0.3846157,0.4129298,0.4002307,0.4330184,0.4300398,0.491845,0.4961002,0.5220546,0.5318349,0.5872616,0.5985643,0.6350039,0.7040115
367.774,0.02008484,-0.00340973,0.01287793,-0.01886784,-0.006388753,0.00790281,0.009794656,0.007366578,0.01679221,-0.005223586,-0.006690997,0.004244594,0.0104616,0.001093467,0.01355216,0.01747359,0.002658706,0.00163956,-2.443926e-4,0.01075719,-0.001637132,0.002641808,0.007039271,0.009472216,-9.33588e-4,0.001459051,0.002210254,0.00207119,0.001625481,0.003669422,-0.002511089,0.007893556,-0.001196246,0.01397949,-0.006289568,-0.01013432,0.009553128,0.006929682,6.939124e-4,0.008646502,0.01305072,1.083141e-4,-0.005309249,-0.002373677,-0.006984807,0.005268513,-0.002612315,0.006481763,-0.009175547,0.003864703,0.009461133,0.01398581,0.006107729,0.002321792,0.003383515,0.006238219,0.003954531,4.101725e-4,0.002780517,0.001533418,-0.0028975,0.006876584,0.004920177,8.363643e-4,0.001978319,2.810057e-4,0.002950621,-9.805698e-4,-0.001221795,0.001890342,0.006027524,0.002912891,0.003983115,0.003663944,-6.192774e-4,0,0.002353673,0.002487969,4.512301e-4,9.828947e-4,-9.978805e-4,-0.002413022,0.002869824,0.001206284,0.006055977,0.003557225,0.001409805,-5.907451e-4,-8.225255e-4,1.717677e-4,-2.208344e-4,9.567613e-4,-3.31179e-4,-5.789245e-4,-6.784235e-4,0.001876747,0.004610024,-3.800568e-4,-0.0014093,0.001238177,0.004420836,6.200703e-4,-5.410534e-4,-1.319231e-4,0.001114121,9.610552e-4,-0.001004922,8.477854e-4,3.461606e-4,-0.001143481,7.787388e-4,9.56503e-4,2.579752e-4,-6.005159e-4,5.756206e-4,7.346666e-4,7.030093e-4,3.581445e-4,0.001161806,0.001394831,5.80667e-4,0.002386459,-7.165673e-4,0.002006628,0.002273429,0.002548225,0.002043631,0.001625591,0.002109045,0.002379541,0.005266686,0.01465939,0.02840898,0.04479772,0.06487654,0.07167745,0.07894242,0.08005304,0.08599593,0.08278528,0.08291022,0.1301597,0.7149176,2.426164,3.324882,2.037469,0.5170904,0.09503044,0.07889272,0.08760211,0.09401893,0.1080451,0.1212716,0.1420414,0.1621785,0.1807966,0.2022629,0.2278877,0.2404923,0.2594188,0.2855848,0.3010202,0.3149153,0.3267147,0.3427059,0.3537712,0.3629835,0.3690741,0.3783948,0.3829725,0.3875663,0.4040646,0.3809196,0.3878164,0.3841875,0.3900144,0.3939849,0.3895211,0.4053204,0.4132068,0.4387933,0.4591266,0.5017038,0.4997192,0.5478729,0.6156869,0.6199283,0.6030867,0.7170395,0.6377754,0.8882667
370.06,-0.002482069,-0.003367452,0.007855483,-1.983785e-4,-0.02581263,-0.02457896,-0.003649531,-0.007427758,-0.009119554,0.008535358,-0.006923237,-0.006373647,-0.01185048,0.005478252,-0.007721332,-0.009336268,3.721407e-4,-0.01490645,0.002553598,-0.005934588,-0.009156099,-0.0033278,-0.005530984,-9.866219e-4,-0.003408515,-0.004348155,0.002876841,0.001152927,-0.008727146,-0.003171228,-0.01466244,-0.007144445,-0.01773745,-0.009756299,-0.01140784,-0.005424853,-0.009027185,0.00136685,-0.007612171,0.001280206,-0.00469513,-0.006686118,-0.01477137,-0.003070965,-0.005570181,-0.001558598,-0.01362031,-0.003181608,-0.004909266,-0.003823889,-0.00747015,-0.008086031,6.266215e-4,-0.0107619,-0.006456165,-0.003512018,-0.007285103,-0.004580655,-0.004328933,-0.01071122,-0.00412651,0.00408149,-0.00200259,-0.004278872,-0.007156482,-6.27571e-4,0.00199562,-8.185086e-4,-0.0012004,-0.002416905,-0.004627846,-0.005320131,-0.007535101,-0.002761764,-0.005219495,-0.003208336,0.002277555,-0.001042409,-0.00338237,-0.00328015,-0.001588478,7.753728e-4,-0.001882718,-0.002136922,-0.001938179,-0.004101973,-0.004067123,-0.002468477,-0.002985883,8.486588e-5,-0.001252495,-0.002840565,-0.003699811,9.944107e-4,-2.523321e-5,-0.001450662,-0.001276295,-0.001976187,-8.041224e-4,-0.001440214,-0.001637441,-0.001593948,-8.978567e-5,-6.134186e-4,-0.0012512860000000001,-0.001859821,-0.001063477,-0.001887329,-2.447676e-4,-0.001187136,-0.001057173,-9.256163e-4,1.131694e-4,-5.667486e-4,-0.001710249,-2.722359e-4,-2.755017e-4,3.929411e-4,-3.835535e-4,4.749242e-5,-5.483722e-4,0.001114289,-6.239368e-4,-1.584404e-4,7.512189e-4,0.001015322,-0.001564052,0.001746709,6.77774e-4,0.002639734,0.007498481,0.02025597,0.03310479,0.0588032,0.06784181,0.07393212,0.07573973,0.08206467,0.08212086,0.07547237,0.09831564,0.473506,1.943948,3.301627,2.380433,0.7213243,0.1154856,0.08019471,0.08311352,0.08744402,0.1042529,0.1116065,0.1355804,0.1536629,0.1765542,0.1961972,0.2151064,0.2410698,0.2639918,0.2736709,0.3041346,0.3165658,0.3279616,0.3487908,0.3620517,0.365451,0.3770903,0.3740125,0.3852396,0.3902212,0.38958,0.3955053,0.3971067,0.3893535,0.3950703,0.390122,0.3833135,0.3989612,0.4185039,0.4376102,0.456698,0.47577,0.5250447,0.5314707,0.5719096,0.5812926,0.5916179,0.594831,0.6340053,0.7139726,0.6151962
372.347,0.03011672,0.01387242,-0.001375987,0.01436264,0.03069755,0.005258768,0.01001652,0.03797161,0.02741557,0.001136494,-0.002223462,0.009443454,0.007161166,0.0100309,0.008466176,0.01907295,0.008479533,0.00267792,0.003218526,0.003718721,0.003524592,-0.001526042,0.005297734,0.00145972,0.001258979,0.003321596,0.002412621,0.001533018,0.005609517,0.003244581,-0.007591172,0.009157899,0.003305623,0.005834595,0.006679353,-0.007778717,-0.003081716,0.01407265,0.001417578,-0.004103638,0.006451654,0.01379944,0.01101413,0.01502831,0.004381268,-2.331984e-4,0.01755323,0.003401228,0.01779964,0.001535313,0.002205071,0.002998865,0.001697252,0.009717761,-0.002562396,0.01957572,0.00522645,0.002115494,0.002070651,-9.139844e-4,0.003933139,-0.001017981,-0.003448716,0.002372983,0.005049004,0.005545871,0.00269648,2.000083e-5,0.004270364,0.005023374,0.004442013,0.002351518,0.002655534,-6.917353e-4,0.003613357,5.799005e-4,-6.975506e-4,-0.001365449,0.001605685,0.003682697,0.005543776,0.002302031,0.005693687,4.409079e-4,0.002134485,0.001136034,0.002306772,0.005479536,0.001863836,0.002384748,-4.254068e-4,0.003360965,0.003405453,0.002903412,0.001674581,8.394455e-4,0.001436397,0.002086493,-1.389552e-4,0.002872288,3.100293e-4,-0.001300831,6.366307e-4,0.001076514,0.001185675,0.002842962,5.825846e-4,-7.815899e-4,9.642328e-4,6.456002e-4,1.049836e-4,9.442536e-4,7.41403e-4,0.001165105,0.001368571,0.001130409,5.235466e-4,0.001150233,-7.702909e-4,0.001690865,0.001348668,0.003548189,0.002606395,0.002019783,0.003127129,0.002885574,0.002687737,0.003708984,0.00507687,0.007170173,0.013391,0.02774793,0.0498352,0.06690024,0.07504616,0.07600961,0.07789972,0.07853543,0.07919895,0.09261482,0.3324387,1.536005,3.170169,2.766092,1.003378,0.1635984,0.07743179,0.08196888,0.0896817,0.09855673,0.116408,0.1372082,0.1502465,0.1738884,0.2034137,0.2208421,0.2467127,0.2602288,0.2897207,0.3008771,0.3224161,0.3440317,0.3627916,0.371706,0.3819765,0.3951421,0.3998506,0.4023006,0.4134025,0.4098939,0.4177125,0.4146146,0.4077743,0.4178749,0.4077075,0.4276048,0.4232594,0.4353439,0.4493303,0.4772142,0.4785788,0.5108982,0.5504003,0.5836119,0.6135482,0.691792,0.6832932,0.7266172,0.7187662,0.8560047,0.9645242
374.635,-0.01742213,-0.004803212,0.005092409,-0.008037824,-0.0190496,-0.02740532,-0.004620213,0.009884242,0.004611155,0.004438283,-0.001843551,-0.005856063,-0.01124616,-0.003646977,0.00248226,-0.01012095,0.003634404,-0.006564561,-0.003993112,-0.004598904,-5.888053e-4,0.001094715,0.002701523,-0.004310268,0.001547036,-0.004740452,-0.004941218,-0.001422725,-0.001817083,0.00308587,-0.00404798,-0.004803999,0.005275305,0.02100615,-1.302114e-4,-0.008700649,-2.584372e-5,0.003474304,-0.01580948,-0.01435637,0.00458626,-5.991973e-4,-0.005755228,-0.008635683,-0.007925799,0.004051202,-0.005446914,-0.009281224,7.855047e-4,-0.007779405,-7.404791e-5,-8.077486e-4,0.002270177,-0.00700563,-9.758831e-5,-0.009763,0.002598925,-0.004434557,-0.00304967,-0.00145732,0.002757585,-0.004247372,-0.006276979,0.002401544,-0.006422144,3.158127e-4,-0.002877128,-0.001580214,-5.600464e-4,1.573909e-4,-0.002026014,-0.00242078,-0.003222702,-0.004012924,-0.00104656,7.019842e-5,-0.003441761,0.00112337,9.084428e-4,-0.002559303,0.001202264,-0.005241854,-1.913994e-4,0.001298967,-6.694936e-4,-0.003375386,-2.874509e-4,0.001738291,-6.035162e-4,1.193938e-4,-0.00107324,-0.002152239,0.003353976,-5.951369e-4,5.906975e-4,7.560473e-4,-0.001689038,-4.610626e-4,-0.001715631,-0.003052612,-0.001586479,0.001140713,-5.427581e-4,1.36676e-4,-0.001088296,-2.575956e-4,-0.001459356,1.773514e-4,-1.076061e-4,-0.001571146,7.234173e-5,1.809833e-4,3.268319e-4,3.865517e-4,-2.294538e-4,-6.56895e-4,-1.574713e-4,-2.382998e-4,-9.842632e-4,0.001091546,6.13566e-4,-0.00104126,0.001833136,0.001102012,0.001388591,0.001759786,0.001943889,0.002643999,0.005150679,0.01208754,0.02127266,0.04005514,0.06054387,0.07056252,0.07568535,0.07459423,0.07850003,0.07979751,0.08603563,0.2292399,1.180288,2.930127,3.143098,1.377285,0.2451627,0.07722658,0.07817122,0.08535527,0.09558147,0.1092061,0.1278659,0.1467474,0.1731037,0.1914649,0.2150348,0.2426293,0.2651623,0.281758,0.307168,0.3279623,0.34047,0.3686903,0.3848833,0.3895286,0.4076777,0.4082218,0.4179501,0.4202522,0.4263592,0.4241925,0.4270101,0.4293114,0.4275871,0.4262336,0.4215456,0.4180321,0.4289624,0.4485722,0.4559081,0.4762593,0.5116285,0.5464291,0.5844582,0.5958103,0.6129915,0.6604046,0.7188295,0.7370812,0.8002854,0.8331407,0.8970915
376.923,-0.01467987,8.092828e-4,-0.004286812,0.007286791,-0.009602951,-4.70955e-4,-0.03637023,0.03227655,-0.01129463,-0.03233009,-0.02409151,6.084953e-4,-8.090413e-4,-0.0106739,-0.005259797,-0.007234121,-0.007537128,-0.003015491,-0.002241493,-4.116268e-4,7.303093e-4,8.542589e-4,-0.005381107,-0.006300827,0.004639562,-0.007312114,-1.987355e-4,0.004310733,0.004134694,-0.002317008,-0.007355499,-0.01391286,-0.001219897,-0.006052926,-0.01835933,6.339942e-4,0.002494097,0.009823795,-1.336026e-4,-0.008757436,-0.005590356,3.316309e-4,0.005631879,0.001772613,-0.006398596,-0.004990471,-0.009710149,-0.008304206,-0.006765839,-0.0037519,-0.006880168,-0.006366395,-0.00665287,-0.002237242,-0.002084313,-0.004321496,-0.00425395,2.310229e-4,0.001115354,-0.005283863,-6.81684e-4,4.912885e-4,-0.007167614,-0.003466739,-6.464309e-5,-0.00167635,-0.001295074,0.00426399,3.840154e-4,0.004010533,-0.003102863,-0.001536083,0.003623037,-0.001046899,-0.006397725,0.001305265,-0.003261308,-0.005426449,-0.002727648,-0.002458204,-0.002909685,-0.001532307,-0.001344763,0.002134296,-7.965932e-4,-0.001941202,0.001574969,-0.002281234,-0.00179143,-0.001221354,4.538235e-4,0.001816402,-0.003167188,-0.002438593,-5.744118e-4,8.559127e-5,-6.252439e-4,-1.34195e-4,0.00128073,4.531984e-5,-2.818059e-4,-7.48258e-4,-5.344131e-4,-0.001320734,-0.001415562,-4.073764e-4,-4.206696e-4,8.234607e-5,-3.564882e-5,-5.124587e-6,-2.141949e-4,-1.518666e-4,-8.206968e-5,-7.70096e-4,-6.028605e-4,5.233499e-5,-1.660015e-4,1.289612e-4,-0.001207122,-2.899766e-4,2.198708e-4,3.671067e-4,4.464904e-4,0.001064588,0.001626317,7.949913e-4,0.001003695,0.003136627,0.006810378,0.01564696,0.0300405,0.04989119,0.06404307,0.06946003,0.07216085,0.07604785,0.0754377,0.07528406,0.1515234,0.8988986,2.559446,3.296166,1.82664,0.3829188,0.08183652,0.07477677,0.07902951,0.09201689,0.1039799,0.1245974,0.1404308,0.1635775,0.1857463,0.210456,0.2319263,0.2566853,0.2781599,0.3066298,0.3269319,0.3409663,0.3698403,0.3791037,0.4035926,0.4099821,0.4190179,0.4254681,0.4290665,0.4435021,0.4381863,0.4412546,0.4394758,0.4364816,0.4320517,0.4263838,0.4342594,0.4325735,0.442184,0.4616942,0.4778745,0.5063578,0.5349801,0.572097,0.5928869,0.6586282,0.6538693,0.7016178,0.7335294,0.8198869,0.7281671,0.8518678,0.9076026
379.213,0.002967841,-0.0147095,-0.01888316,-0.004773574,-0.01121485,-0.02408969,0.01759645,-0.02404758,-0.02466889,0.003985492,0.001251603,-0.006305788,-0.007002305,-6.810916e-4,-0.003049116,-0.002829423,-0.009886244,4.499234e-4,-0.007985436,-0.00360022,-0.003211298,0.002411125,-9.074918e-4,-5.338632e-4,-0.004055316,-0.002415248,-0.003343526,7.582124e-4,-0.003036912,-0.01248318,0.002438108,-0.00932908,-0.01326493,-0.01060264,-0.00656336,-0.009630904,-0.002718445,-0.02190267,-0.006566362,-0.002893437,0.003010502,-0.02679749,-0.006990188,-0.01001487,-0.006220304,-0.007810174,-0.0121758,-0.003428194,-0.0103833,-0.01331986,3.333796e-5,0.002859402,-0.003285349,-0.00421931,-9.693416e-4,-0.001273326,-0.003781266,0.005732948,-0.009639237,-0.002769683,-0.005727517,0.001353281,-0.005866447,0.003374524,5.126045e-4,-0.003809366,-0.005435964,-0.005700618,-0.001367523,-0.003247558,0.003496653,-0.001942291,-0.001366882,-0.001848905,0.001128805,-6.144175e-4,0.001537568,-0.004133086,-0.002364265,-8.443406e-4,-0.005320784,-0.001404019,-3.225397e-4,-3.139766e-4,4.424733e-4,-0.003077635,-9.921064e-4,-0.001137862,-0.002232873,-9.044669e-4,-0.003508804,-3.961317e-4,-6.925091e-4,6.959844e-4,-5.518597e-4,0.002745764,-0.002084271,-6.453322e-4,-0.001113704,-9.722793e-4,-0.001209366,0.002077993,-0.001310653,-2.927345e-4,-1.434765e-4,-8.228398e-4,-4.83607e-4,6.736401e-5,-1.419412e-5,3.892919e-4,5.437895e-4,-2.50504e-4,-0.001249972,4.933243e-4,8.459777e-6,-5.63698e-4,5.194398e-4,-8.989744e-4,-1.092467e-4,-2.624337e-4,0.002360954,0.001492495,0.001084063,0.001274925,2.864826e-4,0.001709287,0.002581887,0.00531611,0.01144632,0.02136546,0.0423762,0.05515893,0.06245158,0.06758018,0.07375023,0.07777764,0.07249003,0.09865467,0.6169587,2.211415,3.295276,2.245127,0.6150066,0.09393575,0.07355306,0.07879268,0.08670024,0.09811231,0.1177174,0.1385608,0.1586805,0.177232,0.1993856,0.2298377,0.2532868,0.2783327,0.3005575,0.3197378,0.3382588,0.3635252,0.3854736,0.3993895,0.4144487,0.432947,0.4368568,0.4402996,0.4523281,0.4461646,0.4502418,0.4483243,0.4471351,0.4461617,0.4484621,0.4444087,0.4391098,0.455988,0.4594777,0.4739846,0.5067223,0.52347,0.5525656,0.5948424,0.6445731,0.6610164,0.7047249,0.7697131,0.7726528,0.8071205,0.8107809,0.8837687,1.003081
381.503,0.01625755,0.01104203,0.02014461,0.007903029,0.006746643,0.03008688,0.02291552,0.01200625,-0.01767469,0.01641002,0.001370745,0.008503781,0.006726876,0.01778951,0.01351727,0.01520874,0.0104764,0.001413002,1.867737e-4,-3.107556e-4,0.002811049,0.004293089,0.005956483,0.00598729,0.001056882,6.724831e-4,0.005708247,0.002256502,0.002276487,0.007848341,0.003425632,0.003460763,0.003791252,0.004345198,0.01813493,0.009196927,0.01656494,0.01675812,-0.00621164,0.004604886,0.01811837,0.006456557,0.008907252,0.005240179,0.00515809,0.007613371,0.01057931,0.005366787,-0.003217968,1.970391e-4,7.01777e-4,-0.001330666,0.006684269,-5.094917e-4,0.007851129,0.003760535,-0.002631498,0.01062274,0.00680745,0.005785095,0.009628159,0.005796897,0.002752098,0.004557296,-0.004258383,0.001920704,0.004993309,0.005159654,-0.003371741,0.00895627,0.004467028,0.00473674,0.001965147,0.00371857,8.849686e-4,0.002400181,6.2063e-4,0.003715971,0.003591695,0.002179774,-0.002576386,0.00153661,9.981562e-4,0.003306084,0.007033832,0.001235641,1.984012e-4,0.002009872,-0.003079432,0.001349019,0.002196739,0.006704141,0.004936561,0.003204163,0.001672682,-6.742793e-4,0.00245481,0.001670032,0.003001824,8.784836e-4,-7.189354e-4,6.824255e-4,4.807935e-4,0.001081132,9.209329e-4,0.002033097,5.602191e-4,2.407455e-5,7.502408e-4,6.814548e-5,-5.432397e-5,7.14755e-4,0.001534112,0.001479436,2.416338e-4,0.001246627,0.001649155,7.494006e-4,0.001341224,0.002300188,9.638264e-4,0.001564025,8.175014e-4,0.001356696,0.00241173,0.002254463,0.005201615,0.01119027,0.01765171,0.03279507,0.05027072,0.05608084,0.06641919,0.07142089,0.07674969,0.07542192,0.08600757,0.3604371,1.803095,3.271809,2.623968,0.9051674,0.1370084,0.07092771,0.07786077,0.08677036,0.09388903,0.1129619,0.1321816,0.1488865,0.1758894,0.1976933,0.2269123,0.2507979,0.2789706,0.3053117,0.3245509,0.3506125,0.3633568,0.3800714,0.407602,0.4246643,0.4404191,0.4551491,0.4594534,0.4742891,0.4729543,0.4733309,0.4740934,0.4752914,0.4674313,0.462044,0.4633412,0.4628882,0.4728471,0.4713987,0.4768468,0.5066557,0.5376752,0.5538401,0.5912094,0.6352621,0.6797637,0.7209639,0.7801133,0.7821306,0.8027608,0.8948437,0.890274,0.9517514,1.017061
383.794,-0.003085964,-0.009684677,0.006914757,-0.01657563,-0.001737689,0.0101257,-0.01990896,0.003578896,-0.01395827,-0.01598627,0.005657578,0.003892234,-0.002672623,0.005272723,-0.004522873,0.003108795,0.00452142,-0.00391937,0.003027901,0.001373524,4.139341e-4,8.414264e-4,-0.003900203,1.894436e-4,-0.004191006,-0.002432752,-2.308679e-4,-0.002255302,0.00128812,0.006288516,-0.006976401,-0.004984491,0.004439709,0.008956602,0.005033639,0.00868878,-0.005200232,0.0095428,0.003240824,-0.00195274,-0.0110137,-0.005709515,-0.004583906,-0.004932133,-0.006885083,0.005526012,0.01259397,0.001900893,0.001992739,-0.006470339,0.002540166,-0.003229292,2.637557e-4,-0.001730121,0.002917103,-0.006386856,0.002417861,2.59534e-4,-0.00140445,-0.001650152,-0.002397807,0.006603301,0.003078671,4.52415e-4,0.00756841,-0.007500236,-0.003477092,-7.043918e-4,0.006330139,-0.001729899,-0.008200927,0.003066416,1.651693e-4,-2.566459e-4,0.003041119,0.005557455,-0.005612234,3.70693e-4,0.001153528,1.543365e-4,0.003943581,0.001835636,0.003958117,2.654123e-4,0.001167505,0.001683869,-0.002636286,0.001225628,6.48268e-4,0.003036288,0.002572064,0.001780918,-3.387757e-4,-0.001549905,4.921793e-4,-0.001234631,-4.73103e-4,-5.858322e-4,0.002437998,6.024288e-4,-3.938582e-5,-7.832673e-4,0.001006612,5.653511e-5,-4.74868e-4,-3.014377e-4,4.485669e-4,2.818169e-4,-2.110681e-4,0.001361094,-3.775466e-4,3.607749e-4,2.166115e-4,3.238264e-4,0.001250616,4.592913e-4,1.571301e-4,0.001043417,0.001577787,3.606324e-4,-8.355681e-4,0.002353335,0.00106816,0.002129929,3.863758e-4,0.003962154,0.007039652,0.01390443,0.02413841,0.03805084,0.0507346,0.05439965,0.06936718,0.0694204,0.07496522,0.0771691,0.2269292,1.263347,3.070712,2.913468,1.208772,0.2130406,0.0698854,0.07543267,0.08095723,0.09129968,0.1081908,0.1264693,0.1449865,0.1678822,0.1899695,0.2152023,0.2392708,0.2657115,0.2983876,0.3178748,0.3438872,0.3586554,0.3865305,0.4069658,0.4271696,0.4415789,0.4601521,0.4737349,0.4769778,0.4836999,0.4813629,0.4867909,0.4884186,0.4750105,0.4795442,0.4766905,0.4718674,0.4738575,0.4813866,0.4818961,0.5032916,0.5144717,0.546254,0.5837358,0.6185601,0.6369797,0.7003271,0.7350701,0.8162411,0.8407423,0.8914951,0.9056744,0.9102872,1.047126,1.031132
386.086,0.003838409,-0.0217032,-0.007783051,-0.007381736,-0.01369256,-0.007173321,-0.01980853,-0.04305272,-0.02727325,-0.03887071,-0.02221364,-0.00773694,-0.01084295,-0.00962805,-0.01576367,-0.01771599,-0.01042722,-0.0125913,-0.006065309,-0.006644662,-2.686414e-4,-0.006706496,-0.003118589,-0.002463014,-0.005194219,-0.002231779,-0.003450084,-0.006775487,-0.002932389,-0.005164484,-0.01035503,-0.02350373,-0.003987193,-0.009568319,0.002589165,-0.01280285,-0.01075068,-0.0104219,-0.01572205,-0.01207405,-0.003139456,-0.00463007,-0.01442089,0.002545122,-0.01512299,-0.01448504,-0.01052269,-0.0115632,-0.008372403,-0.01225167,-0.004698885,-0.006006554,-0.007305546,-0.006497346,-0.008208545,-0.009785629,-0.006056594,-0.01005426,-0.004814376,-0.005179031,-0.00348063,-0.007383327,-0.008057623,-0.0045972,-0.006308306,-0.01064051,-0.007216314,-0.009530982,-0.006273939,-6.592016e-4,-0.006507867,-0.003076938,-0.004582503,-0.00366025,-0.007982459,-0.001863373,-0.00523142,-0.005788007,-0.006512719,-0.002984619,-0.005049898,-0.00157708,-0.006119868,-0.004900773,-0.001886664,-0.005386613,-0.002892368,-0.006736397,-0.00322819,-3.419676e-4,-0.002717107,-0.002597159,-0.004159067,-0.003827658,-0.003258737,-0.001509909,-5.246072e-4,-0.00330105,-0.001160656,-9.625911e-4,-0.00241423,-0.003185324,-0.003018108,-8.194848e-4,-0.002340267,-0.00197959,-0.001598987,-0.001064404,-0.002064199,-3.944951e-4,-0.001240196,-7.094012e-4,-0.00147371,-0.001526583,-1.713535e-4,-1.435087e-4,-0.001482783,-6.208145e-5,-9.312769e-4,-0.001277963,-0.002024269,-0.001764548,-0.001384404,5.731427e-4,0.003002643,0.003289682,0.009213623,0.01848788,0.03222948,0.04027724,0.04920332,0.05517504,0.06464293,0.06679792,0.07145211,0.1324892,0.9005331,2.676977,3.222145,1.547669,0.3152115,0.07417511,0.07329109,0.07304429,0.08647452,0.09909594,0.1204027,0.1372243,0.1573237,0.184105,0.2113612,0.2340246,0.2581951,0.2857602,0.3128235,0.3358669,0.3616062,0.3784218,0.4036795,0.4241021,0.4436894,0.4622847,0.4773834,0.4923433,0.4988074,0.4977414,0.4943955,0.4982655,0.4955366,0.4874549,0.4929379,0.4818488,0.4892092,0.4787272,0.4836438,0.4917993,0.5187508,0.5271898,0.5510547,0.5951817,0.6390466,0.6768235,0.7051156,0.7397781,0.8092976,0.8115524,0.8639721,0.8921288,0.9212189,0.9620297,0.9349063
388.379,-0.008698032,0.005452476,-0.03061873,-0.007846993,-0.0305799,1.96103e-4,-0.02960526,-0.002322938,6.644876e-5,-0.002738725,-0.004816429,-2.565235e-4,0.00302525,-0.00924606,-0.002354038,-0.006925388,0.002421919,-0.002975636,-0.009001615,-0.0015949339999999999,-0.002698984,-0.00167545,0.001298302,-0.003528356,2.080975e-4,-0.004373507,-0.004764972,0.002046286,-0.007101899,-0.007215854,0.001075077,-0.00476556,-0.004773045,-0.009037944,-0.02175038,-0.01114971,0.00114148,-0.01651323,0.01433631,-3.575309e-4,-0.008268125,0.00275862,-0.003878914,-0.01016374,0.006804984,-0.007332774,-0.001956049,8.921396e-4,-0.00689895,8.181837e-4,-0.004194289,3.914101e-4,-0.001232401,-0.003301789,-0.006577986,-0.005768029,-5.934574e-4,0.00458421,6.615319e-5,9.000273e-4,-0.003566691,-0.004955133,-0.002966511,-0.003941005,0.001009229,-0.008093358,2.913845e-4,-0.00377827,8.792065e-4,0.006571991,0.003103531,2.073878e-4,-0.004962757,0.002346523,-0.002545396,-0.001217232,-0.004701947,3.753333e-4,-2.622502e-4,-0.002246847,-0.002985166,-3.857309e-4,-2.398132e-4,6.530221e-4,-0.001925832,0.001809757,0.001207855,-7.641476e-4,-0.002357639,-0.003286663,-5.650835e-4,-8.919885e-4,-0.002639989,-7.301151e-4,-0.001198474,0.00118556,0.001083548,2.057676e-4,-8.470813e-4,-0.001585927,3.322678e-4,1.102363e-4,-9.407413e-4,-5.144824e-4,7.489547e-4,-2.322619e-4,-3.099813e-4,8.855418e-4,-2.305796e-4,3.392675e-4,1.7615e-4,7.075155e-4,5.613585e-4,-7.96787e-4,2.17736e-4,1.051646e-4,-6.320588e-4,6.459523e-4,-1.063022e-4,2.190661e-4,-1.024886e-4,6.027721e-4,0.002091822,1.123394e-4,0.004753953,0.007399829,0.01542932,0.02423616,0.03628384,0.0434262,0.05196097,0.05809825,0.06485875,0.06759518,0.09679851,0.566748,2.223455,3.271501,1.982092,0.4602004,0.08321364,0.0700097,0.07558837,0.08220686,0.09808851,0.1105917,0.1313836,0.1528446,0.1731338,0.2019046,0.2252012,0.2499126,0.2749979,0.3054828,0.3319301,0.3508006,0.3779011,0.3976845,0.4177377,0.4361067,0.4590601,0.4711452,0.487401,0.4989267,0.5059446,0.5087899,0.5124352,0.5044938,0.5097739,0.5026373,0.4999435,0.4886521,0.4904926,0.4911149,0.4982176,0.4985042,0.5233731,0.5259302,0.5718792,0.6071408,0.661198,0.6937341,0.7425847,0.7922299,0.8104124,0.8623959,0.9134323,0.956753,0.9743334,1.060405,1.046834
390.672,-0.01696445,-0.001882649,0.013798,-0.01807298,0.001825208,0.01827841,0.01029866,-0.009201867,-0.01459567,-0.006364297,-0.001627896,0.006262252,0.0034606,-0.001775581,-0.003767525,-0.001331896,-7.7164e-6,0.002168616,-0.005552455,-8.121223e-4,0,-0.001067982,-6.478668e-4,9.985524e-4,-0.001197412,0.003258757,-0.001228195,1.492267e-4,0.001995482,-0.001926252,0.004631073,-0.004390619,-0.01381897,-0.001220397,-0.004870124,-0.006138797,0.009749476,-0.004569724,0.005617192,9.454221e-4,0.005794722,-0.003085378,0.004753734,-0.001272024,-0.001095171,0.002365505,-0.006016424,0.002340323,-0.003481248,-0.001426999,0.0116001,3.10686e-4,0.001996464,-0.004612507,0.001797262,-7.129544e-4,-0.00238546,0.003011556,-2.910754e-4,-0.002613451,0.001002813,-0.005508387,2.280123e-4,0.001702862,-0.001004893,-4.626496e-4,0.001346637,4.315098e-4,0.003575753,0.001190892,-0.004778895,-0.002337556,0.001294751,0.001982572,-3.824534e-4,-0.002988642,0.001680638,-0.002821336,-0.001637761,0.001119992,-6.151651e-4,2.711652e-4,0.002973222,0.001076375,-7.002834e-4,-2.591935e-4,0.001300843,-0.001553049,-2.445869e-4,-6.126591e-4,0.001013868,-1.081038e-4,1.065147e-4,5.995759e-4,-4.945085e-4,1.0762e-4,2.785587e-4,0.001687388,7.324585e-4,3.418315e-4,1.504926e-4,7.409506e-5,6.047075e-4,7.755384e-4,0.001331621,1.723672e-4,-4.414291e-4,3.11746e-4,6.679533e-4,4.470813e-4,6.043808e-4,-5.451969e-4,6.239476e-4,-9.7415e-4,0.001008458,0.001097678,9.79895e-4,0.001228042,-4.212086e-4,-1.074073e-4,0.001012236,2.857942e-4,0.001015105,0.004294797,0.004237238,0.01004303,0.02061933,0.03103577,0.03780725,0.04273223,0.05134948,0.05555892,0.05989832,0.08095126,0.4000777,1.691849,3.171648,2.45746,0.7124246,0.1040312,0.06783876,0.06998292,0.07718315,0.0909383,0.1065674,0.1226128,0.1473825,0.1680628,0.1898911,0.2099327,0.2415752,0.2659865,0.292327,0.3161069,0.342462,0.3717917,0.3922768,0.4162521,0.4307108,0.4526275,0.4676854,0.4847351,0.493647,0.5140541,0.5142663,0.5184296,0.5198033,0.5218363,0.5080172,0.4976518,0.4976011,0.5001615,0.4961839,0.502853,0.51239730000000006,0.5163016,0.5465977,0.5595052,0.5888484,0.6252909,0.6603883,0.7203177,0.7636806,0.820691,0.8366558,0.9436253,0.9443058,0.974742,0.9789464,1.162572,1.090075
392.967,0.01007236,0.01039717,0.01667116,0.01501196,0.0348345,0.01977449,0.01652539,0.01539345,0.0030275,0.008031895,0.003597042,0.005593275,0.009796346,0.002529312,0.0113434,-8.628801e-4,0.006469012,0.001358919,0.00392087,0.006907076,0.003541174,-0.002669293,0.001304574,0.002062067,-0.001340445,0.001337784,0.003040336,-0.001410046,0.004256385,0.006927385,-5.929145e-6,-0.00309887,0.002494853,0.00516957,0.01492521,0.01239259,4.303604e-4,0.008367695,-0.002677221,0.005161396,0.01267689,0.001962189,0.002017245,0.001561797,0.001102088,0.00154438,0.002675156,-0.003661604,-0.002408916,0.001725204,-3.1331e-5,2.752758e-4,0.006771531,0.004082605,0.004840322,-0.001227082,-8.98027e-5,7.262507e-4,0.004487953,4.721665e-4,-0.002808584,-0.001024695,0.002565662,9.161747e-4,0.00560758,0.002498914,0.003276562,-7.556544e-5,-0.002528868,0.001950388,-9.665531e-4,0.0031506389999999998,5.482772e-4,0.001616334,0.001198307,-0.002436072,-4.880972e-4,0.001138522,-3.736582e-4,0.002919168,2.388774e-4,5.428254e-4,0.004250651,0.001492542,0.001593306,0.001400834,5.94236e-4,0.002335666,8.432308e-4,8.21284e-4,0.00258878,0.002268399,0.001769304,0.002302611,0.001060235,8.168994e-4,5.42976e-4,7.677471e-5,0.001243784,-3.407353e-4,0.001832107,2.025263e-4,0.001756965,9.952618e-4,9.342825e-4,5.577136e-4,0.00109736,2.477408e-4,0.001397056,0.001052705,2.391113e-4,2.915088e-4,8.826437e-4,8.081601e-4,1.026131e-4,0.00150868,9.500488e-4,0.002010957,0.001510243,0.002737545,0.001499715,0.001585862,0.001933298,0.005596227,0.009584558,0.01664682,0.02547575,0.03443067,0.03873904,0.0462865,0.05174259,0.05751651,0.06907539,0.2734784,1.369643,2.95557,2.794825,1.094321,0.1583583,0.06840352,0.0713526,0.07565865,0.08903469,0.1020098,0.1190055,0.1357001,0.1569245,0.1762865,0.2066564,0.2310686,0.2580077,0.2832926,0.3058877,0.3354095,0.3573295,0.3838237,0.4067077,0.4242915,0.4471439,0.4671841,0.477393,0.5011363,0.5164075,0.5197425,0.5314196,0.5342608,0.5278516,0.5290276,0.527677,0.5231699,0.5161678,0.5155725,0.507228,0.511511,0.5153914,0.5383361,0.5462659,0.5635834,0.6197894,0.6453767,0.6911815,0.7442096,0.7919891,0.8329695,0.8982217,0.9097675,0.9528653,0.9942906,1.090001,1.133841,1.127905
395.262,-0.002723155,-0.001714939,9.148144e-4,0.01904756,0.0171475,-0.01673934,-0.02960214,-0.02215109,-0.01310722,5.948259e-4,0.00201506,0.002480768,-0.009532488,-0.00766878,-0.008007479,0.002104374,-0.008651613,-0.003124308,0.00795709,0.002124876,-0.005808292,-0.007219815,-0.002478427,1.779827e-4,-0.007126142,-0.001827342,-0.004972841,-0.004070818,-0.001682381,-0.00466491,-0.003167847,-0.004037726,-0.005149301,-0.007449434,-0.003390189,0.002671993,-0.01343136,-0.01029239,0.002094623,0.002477178,0.00861194,-0.005407566,0.001257704,-0.007543538,-3.806765e-4,-0.001122228,-0.001518004,-7.441771e-4,-0.005763302,0.002787877,-0.004552486,-0.00573988,0.001992529,-5.907801e-4,-0.001734371,-0.005655686,8.063345e-4,0.001319786,0.006390973,-0.001223139,-0.002653867,-6.845898e-4,-0.004048029,-0.003243936,-0.002734188,-0.00112037,-0.006325827,-0.00298945,-0.003260438,-0.007033615,-0.003579756,-0.001462293,-0.004848401,-0.002524439,-0.00274609,-0.001704581,-3.173034e-4,3.321802e-4,-6.193359e-4,-0.004114455,0.001580747,-8.802631e-4,0,-0.001610212,9.118841e-4,-0.002672611,-2.567927e-4,1.373633e-4,1.683707e-5,3.563319e-4,-0.00167962,0.002645379,-0.003194146,-0.001385598,2.086519e-4,-0.001186965,-9.612334e-4,-0.001359558,-0.001310377,-4.592206e-4,-6.747254e-4,-6.37491e-4,7.161721e-4,-4.270522e-4,6.095344e-4,-3.861631e-4,-4.23936e-4,6.615747e-4,6.514221e-4,-3.911423e-5,-3.042981e-4,9.154284e-5,-6.71249e-5,8.164972e-5,3.467575e-4,-2.174529e-5,2.77536e-4,4.545251e-4,0.001669503,0.001014099,0.001499812,0.002672153,0.003697689,0.008005778,0.01236302,0.01984417,0.02713911,0.03230818,0.03627623,0.04374178,0.04966696,0.05419394,0.1720505,1.042746,2.733177,3.091073,1.455878,0.2754355,0.06415201,0.06373613,0.07217383,0.0823357,0.09251814,0.109517,0.1269592,0.1481884,0.1720691,0.1929478,0.2185032,0.2444923,0.273425,0.2908155,0.3223162,0.343739,0.3672628,0.3961121,0.4122207,0.4310282,0.4469213,0.4704915,0.487972,0.5042625,0.5200478,0.5377525,0.5419606,0.5355027,0.5281513,0.5338074,0.522638,0.5162513,0.5165958,0.5067345,0.5140608,0.5248086,0.5142368,0.5342899,0.555767,0.5824206,0.6174326,0.6486533,0.6872818,0.7422843,0.81236,0.850532,0.9022758,0.9603488,1.004804,0.9936342,1.053015,1.059889,1.101053
397.558,-0.02875975,-0.03229245,-0.01985235,-0.02344851,-0.01524767,-0.01203135,-0.03537102,-0.01943964,-0.01455032,-0.01269138,-0.01884074,-0.01135126,-0.009802452,-0.01149873,-0.008857485,-0.00578606,-5.231565e-4,-0.0102747,-0.01048229,-0.006684701,-0.002359271,-0.002916585,-0.003450729,-0.003903482,0.002331733,-0.003934176,-0.007331749,-0.003225068,-0.005281525,-0.004003188,-0.009835957,-0.003259279,-0.004566548,-0.009565655,-0.01153768,-0.018767,-0.01507786,-0.01142979,-0.0115533,-0.01163877,-0.002532937,-0.007043091,-0.007655222,-0.00634952,-0.01417995,-0.007325592,-0.007939599,0.001416821,-0.01074005,-0.009871369,-0.009694293,-0.01849993,-0.008385357,-0.01064853,-0.006715946,-0.005108957,-0.008442013,-0.01045441,-3.107391e-4,-0.009481353,-0.008320928,-7.519225e-4,-0.001376129,-0.01212272,-0.005705019,-0.002900841,-0.00770868,-0.002926886,-0.005623426,-0.007318849,-0.005827842,-2.734364e-4,-0.002494134,-0.001608613,-0.001179587,-0.005984466,-0.002439748,-0.006143198,-0.001103826,-0.003436903,6.865512e-4,-0.006190549,-0.002924665,-0.004525045,-0.007380411,-0.004020177,-0.002128534,-0.001929188,-7.351941e-4,-0.002496793,-0.001640147,-0.002951682,-0.002645594,-0.004218006,-0.00312221,-0.002804972,-0.001502402,-0.001603554,-0.002025425,-0.002324754,-0.002606167,-0.002281315,-0.001149607,-7.471549e-4,-0.001025906,-0.001314819,-0.001628361,-9.155879e-4,-6.327778e-4,-5.736864e-4,-7.106291e-4,-6.12779e-4,-7.944749e-4,3.519397e-4,-4.199714e-4,-0.001370623,-6.651084e-4,-6.755334e-4,-5.752481e-5,-8.683855e-4,-0.002357454,0.002609405,0.004223012,0.01071486,0.01733408,0.0236922,0.0272085,0.03099291,0.0371156,0.04288296,0.04760396,0.09413362,0.7200214,2.325559,3.178806,1.933556,0.4293694,0.07326213,0.05903531,0.06658095,0.0719681,0.08447368,0.1017896,0.1162611,0.1408149,0.1587983,0.1814208,0.207559,0.2319442,0.2569228,0.2847678,0.3140361,0.3362683,0.3595416,0.3828032,0.4041375,0.4207896,0.4416596,0.460258,0.4815661,0.4949233,0.506718,0.5238702,0.531912,0.5379522,0.5456902,0.5340083,0.5382788,0.5358091,0.5128557,0.5188054,0.5157903,0.5119055,0.5240172,0.5217979,0.5385186,0.5592902,0.5782059,0.6115837,0.6676068,0.7115363,0.7505991,0.7840412,0.8680944,0.8922805,0.9416388,0.9637215,1.002761,1.062647,1.101568,1.158728
399.854,-0.009240794,0.001274036,-0.01110701,-0.01356459,-0.02000862,-0.01359979,-0.01075747,-0.01176556,-0.01656196,-0.002961091,-0.004678918,-0.008768963,-2.573291e-4,0.008570623,-0.003694391,-0.002898766,-0.003179205,-0.007719566,-0.007137772,-0.001912605,-1.870974e-4,-6.914553e-4,-2.496532e-4,-0.001626149,-0.002851531,-0.007530714,0.002401632,-0.001088299,-0.001018028,-0.008582971,0.001849378,-0.002167367,-0.01040781,-8.898591e-4,-0.003747575,-0.006335869,-0.001213597,-0.008363339,0.001710606,0.004097371,-0.002706515,-0.006592131,-0.006356719,-0.008861611,-0.005809118,0.002644615,-0.005315077,-0.01262719,-0.006431106,-0.006373319,-0.003922808,0.003342384,-0.004679086,-7.721243e-4,-0.002712032,0.00251523,-0.004348166,-1.901157e-4,-0.001111156,2.674266e-4,-6.472335e-4,-0.001726602,0.001799452,-0.002805101,-0.004255368,6.755015e-4,-0.002215021,-0.002167183,0.004068246,-0.006973959,-0.00316148,-1.394965e-4,-0.003338549,-0.003265345,-0.003244964,-0.002159123,0.001565891,-3.8767e-4,-0.002713729,-9.907479e-4,4.742614e-4,-0.004547939,-0.002707578,-0.001103938,0.001021631,0.001841983,2.781338e-4,1.938349e-5,-0.002286548,-0.0015897,-0.004247587,-0.002390689,-0.002410202,9.655077e-4,-9.604558e-4,2.226871e-5,5.988603e-4,-8.57356e-4,-6.638456e-4,-0.001598765,0.001509349,6.843927e-4,-2.191674e-4,-0.00114013,-3.846242e-4,4.309052e-4,-9.555067e-4,-0.001317741,2.176708e-4,3.058168e-4,1.08921e-4,9.894348e-6,5.871659e-4,-1.519223e-4,6.6952e-4,4.51218e-4,8.346616e-4,7.552268e-5,4.089621e-4,-7.20944e-4,0.002455588,0.003402724,0.007501279,0.01356888,0.01995319,0.02250191,0.0266869,0.03144,0.03582156,0.04270473,0.06385686,0.4279082,1.840875,3.00123,2.191723,0.6799463,0.09034392,0.05835171,0.06346705,0.07047424,0.0811952,0.09441949,0.1109783,0.1329669,0.1493239,0.173674,0.193635,0.2170047,0.2411547,0.2641763,0.2878613,0.3189598,0.3406108,0.3604996,0.3855521,0.4095524,0.4199848,0.4448503,0.4573192,0.477866,0.4887956,0.5120217,0.5206763,0.5323183,0.531016,0.5288705,0.5375677,0.5323687,0.526707,0.520062,0.5207459,0.5097392,0.5130191,0.5131581,0.522057,0.5309414,0.5603115,0.5955244,0.632751,0.6687741,0.7225952,0.7681669,0.8160735,0.8677293,0.9071358,0.9655501,0.9889736,1.050217,1.042662,1.134941,1.104804
402.152,0.002562815,0.01078542,0.007395186,0.01522141,0.01936194,0.023945,0.007358371,0.01743292,-2.425155e-5,0.006544707,0.01797286,0.005281348,0.01118486,0.01367681,0.009548488,8.132482e-4,0.006366358,0.01515772,0.003709974,0.009755552,-0.001072044,-0.001965339,3.298963e-4,2.900439e-4,3.313542e-4,0.001438186,7.826892e-4,8.068472e-4,0.002681608,0.002232124,0.004119434,0.01196575,0.007643866,-0.006839449,0.00386618,0.01631901,0.006079769,0.01720949,0.00659148,0.01062898,0.008472235,0.01140031,0.01446141,0.01037577,-0.002446781,0.004009549,-0.00100712,0.008042056,0.004769758,0.005170532,0.003333752,0.003947527,0.009128532,0.002901903,0.004235,0.00269027,7.726143e-4,0.003511063,0.004052553,-0.002024996,0.001611907,-1.923074e-4,0.00722674,0.003683373,0.007401296,0.003148786,0.009354127,0.007473048,0.005498381,0.003539589,0.00601107,0.00190979,0.002711239,-6.455231e-4,0.005452792,6.384728e-4,0.001531584,0.001368318,0.002037678,-8.212984e-4,-2.426721e-4,0.001054328,0.002193327,0.002028642,0.002609677,0.002283082,0.002217295,0.002611984,0.002109314,0.002685187,0.002075499,0.002209191,0.001729935,0.002872257,-2.509635e-4,0.002744453,0.002815976,-0.001508076,0.001827239,1.641511e-4,0.001557554,0.00163682,0.001683545,1.258655e-4,0.001698199,0.001057098,5.305835e-4,9.484715e-4,0.001156269,1.5732e-4,3.859923e-4,1.008184e-4,4.505078e-4,0.001742196,0.001386521,2.571623e-4,0.001108141,0.002687983,7.055006e-4,0.002310268,0.006048268,0.00799101,0.01228793,0.0201146,0.02397379,0.02510677,0.02996556,0.03381067,0.0389732,0.04575957,0.2432405,1.314756,2.779002,2.447996,0.9146068,0.1488305,0.05979854,0.06126068,0.06763573,0.07714968,0.09240494,0.1032974,0.1235642,0.1471786,0.1644592,0.184495,0.2092261,0.2362042,0.2576508,0.2866129,0.3102773,0.3331218,0.3547089,0.385092,0.4014792,0.4225344,0.4394183,0.4591319,0.4816732,0.4896039,0.5050757,0.520464,0.5318539,0.5432641,0.5469135,0.5535054,0.5531609,0.5415836,0.5382368,0.5274213,0.531542,0.5284538,0.5237158,0.5202142,0.5413448,0.5583197,0.5744838,0.6244197,0.6585071,0.7025682,0.7543794,0.7982561,0.8359555,0.893227,0.9686495,0.9993649,0.9828517,1.06993,1.113621,1.223829,1.265528
404.45,0.01842685,8.905154e-4,0.001470106,0.008274875,0.01005063,-0.009383076,0.009853892,0.005470149,0.005690753,0.008186132,0.01235894,0.00127618,0.002794195,-5.153197e-5,-0.00253542,0.008788505,0.004804982,0.00123242,0.004786811,-9.828822e-4,4.230872e-4,1.565004e-4,0.003521746,0.001469788,0.001617929,0.004700355,0.002912123,0.003138111,0.001389901,0.004112876,-0.001122489,-0.002329493,0.01084853,0.006779888,-0.005927867,-0.002545299,-0.004335121,7.59475e-4,0.001060069,6.159517e-6,-3.485234e-4,0.004993042,0.002131641,0.002586856,0.01335939,0.002865826,0.004578311,-3.955933e-4,0.008010217,-0.007331757,0.002340438,0.003780125,0.006459067,0.001748229,-0.002494634,0.003943969,0.003303477,4.705701e-4,0.004217387,-7.22428e-4,0.005737108,0.004367829,4.080836e-4,-6.353436e-4,0.005694891,0.002053194,0.003588403,0.004096196,0.005790105,0.003622513,8.622779e-4,0.003038324,-0.001166133,0.002260713,0.002675081,0.001736032,0.001321765,0.001032141,0.001127258,0.002374274,0.004328322,0.001025322,0.001033665,-7.584887e-4,0.00245418,5.738547e-4,6.918792e-4,0.003237736,-6.762593e-4,0.002426225,0.002538565,0.001459966,0.002193605,5.437874e-4,8.778538e-4,2.571632e-4,0.003362228,0.001187381,0.001733209,0.001162383,0.001747294,0.00137058,1.784637e-4,2.905939e-4,-1.14746e-4,4.21918e-4,8.576332e-4,6.532952e-4,4.648745e-4,7.457762e-4,4.372551e-4,4.107826e-4,6.600164e-4,8.927004e-4,6.461339e-4,0.002260257,7.90739e-4,0.0012764,0.001923502,0.003774962,0.006612806,0.01199361,0.01703261,0.021009860000000002,0.0224218,0.02433766,0.03192978,0.03393204,0.04061785,0.1195989,0.9032633,2.410761,2.589648,1.202853,0.2196641,0.06055314,0.06058452,0.06330713,0.07309126,0.08568131,0.09810905,0.1169897,0.1321091,0.155853,0.1794218,0.2039624,0.2286778,0.2512923,0.2717567,0.3003383,0.3235416,0.3455688,0.3754166,0.3942569,0.4188085,0.4402078,0.4579405,0.4723977,0.4910519,0.5084857,0.5226705,0.5342139,0.5429407,0.554528,0.5596138,0.5625255,0.5530304,0.5490622,0.5420425,0.5386692,0.5343014,0.5384181,0.5304024,0.5356165,0.5480497,0.5675297,0.5887511,0.6426634,0.6664035,0.715987,0.7481273,0.8152158,0.8785339,0.9171995,0.9833575,1.015315,1.053969,1.066132,1.149831,1.219033,1.200361
406.749,0.005849308,0.007753793,0.01205196,0.002329713,-0.001612764,0.01709242,-0.02114123,0.01969966,0.01648445,-0.005523729,0.008085077,0.007420386,-0.001833388,-0.001078628,5.088797e-4,-3.204937e-4,0.006649858,-0.00672287,0.001452838,0.002424866,-4.368902e-4,-8.351214e-6,0.004266525,3.12983e-4,0.004339456,0.003067514,0.003202539,-4.549073e-4,0.001242291,0.001743251,0.002620614,-0.001102755,5.149121e-4,0.005844138,0.009041186,-0.001939453,0.00946136,0.005497143,-0.003442417,4.248039e-4,0.001621231,0.01043631,-0.004856563,0.004048247,0.008358428,0.004311203,0.008836165,0.003107877,-0.004947948,0.002542586,0.001483928,0.003797997,0.001392895,-0.00114805,0.001374526,-0.001539852,0.002805079,-0.002426875,0.006192334,0.00163951,0.00160151,-0.001944188,-0.00261991,8.395096e-4,0.00126721,0.004112787,0.001196852,-0.001148555,0,0.001631921,0.002636677,-0.003224155,-8.453019e-4,0.00145378,0.001446208,-0.001062452,0.002107959,0.00236245,0.001445563,-0.001100595,0.003133936,-0.001304706,0.003306591,0.001741791,3.594904e-4,-5.785947e-4,-4.222835e-4,0.001691315,-0.001718714,0.001703785,0.001541332,6.202718e-4,-8.439505e-4,8.251283e-4,7.028276e-4,-0.001424004,0.001875164,-8.467747e-4,0.001216401,2.971951e-4,-8.221817e-4,1.98631e-4,-0.001037757,0.001357974,7.466411e-4,5.676104e-4,8.502854e-4,0.00055961750000000005,5.083313e-4,-2.818916e-4,3.53336e-4,8.340599e-4,5.283492e-4,8.337812e-4,8.698285e-4,0.001567621,0.001402965,1.996161e-4,0.002496425,0.005530889,0.00801953,0.01548402,0.02159207,0.02368181,0.02291873,0.02772311,0.03194775,0.03628545,0.06908682,0.5326012,1.933278,2.618505,1.443813,0.3329642,0.0620431,0.05444598,0.06230695,0.06791727,0.07873365,0.09276153,0.1106306,0.1304374,0.1470905,0.1729195,0.1915865,0.2169375,0.2393984,0.2651987,0.2925856,0.3193389,0.3386043,0.366662,0.3888839,0.4091224,0.4303672,0.4502364,0.4632906,0.4807,0.5012181,0.5167814,0.5337734,0.5558098,0.5562529,0.5712599,0.5639534,0.5680078,0.5617121,0.5575991,0.5537004,0.5491867,0.5470522,0.5381176,0.5400863,0.5573877,0.5585758,0.5756881,0.6042258,0.652796,0.6936654,0.7184922,0.7961865,0.8374503,0.8882332,0.9398136,1.014032,1.023652,1.058109,1.123358,1.166704,1.206019,1.237797
409.049,-0.007497661,0.0186074,-0.005556673,-0.001531807,-0.02785633,-0.02209592,0.009656249,-0.004695762,-7.743997e-4,-0.01116707,-0.006119376,-0.003240704,0.00154089,0.005400297,-0.01020067,0.006212277,-0.006509047,-0.002560012,-0.005066649,0.00279817,0.001671694,-0.00233109,-4.776032e-4,-8.816015e-4,-3.097352e-4,-0.002997705,-0.006191442,1.350676e-4,-0.001576069,-0.001090868,-0.005763718,0.001550088,-0.001023281,-0.007968822,-0.003781161,-0.00386041,-0.00635646,-0.005502172,0.002654861,0.001500223,0.004639861,-0.001923526,0.001086394,0.008704151,-0.002517269,-0.01098778,0.001041888,-4.217516e-5,-0.001394084,-6.698354e-4,-0.002404691,-0.0026794,-0.005232971,5.501026e-4,-0.006039772,-1.605826e-5,7.012136e-4,0.002136119,0.003232404,-0.004027618,-5.261046e-4,-0.005864654,8.051858e-4,-0.004654617,0.002858327,-0.002905829,-0.003405003,0.002454218,0.001475594,-0.003366759,0.004416074,-0.001690681,-0.002812925,-0.001627995,-3.315232e-4,-0.001856668,0.0014714,-0.002622845,-0.00214403,7.807277e-4,-6.652488e-4,1.13754e-4,-1.272531e-4,-0.003052704,-8.776155e-4,-9.498242e-4,3.391511e-4,-4.701055e-5,9.497537e-4,-0.003441357,1.872376e-4,-7.935355e-4,-3.829292e-4,-8.395842e-4,-0.002620377,-8.468996e-4,-8.945371e-4,-0.002326989,-0.001941688,-3.72874e-4,1.125624e-4,-8.290527e-4,-2.359086e-4,-2.903917e-4,0.00104594,-4.084364e-4,1.82635e-4,7.292761e-4,2.848402e-4,-1.717507e-4,6.763051e-4,-2.38649e-5,3.686602e-4,3.65948e-4,7.424408e-4,-4.034937e-5,2.506859e-4,0.00149727,0.00386701,0.005744707,0.01098561,0.02020728,0.02329643,0.02136069,0.02555093,0.0258119,0.03321273,0.04386039,0.3124545,1.398415,2.450449,1.720181,0.4686242,0.07700496,0.05383625,0.05752659,0.06300041,0.07088479,0.08619157,0.1034742,0.1168819,0.139309,0.1600896,0.182768,0.2050066,0.2279004,0.2548614,0.2840187,0.302448,0.3309921,0.3501111,0.3773999,0.3998522,0.4191866,0.44292,0.4620874,0.4779793,0.4863254,0.5071345,0.5299781,0.5431191,0.5513197,0.5592393,0.5683955,0.5685481,0.5746686,0.5749298,0.5631896,0.5622589,0.5519308,0.5413795,0.5433613,0.5472528,0.5586741,0.5728553,0.5948713,0.622828,0.6523377,0.7055178,0.769548,0.7992564,0.8433937,0.8994445,0.9436905,1.013513,1.046394,1.084641,1.137752,1.148647,1.199258,1.280133
411.349,-0.01141243,0.004346455,0.002325383,-0.008814559,-0.01143244,0.009990527,-0.008771344,-0.00149268,-0.01106659,6.512332e-4,-0.002729308,6.689381e-4,0.001256245,-0.003923866,0.001605428,-0.01028155,2.781402e-4,-0.001551838,0.005544807,-0.004953863,4.25609e-4,-0.003147531,-1.264532e-4,0.002570506,0.001311461,-8.726989e-4,-0.002199749,-4.721368e-4,-0.006832629,0.001715125,0.001718129,0,-0.01316601,-0.00667721,-0.009370832,6.771647e-6,-0.002931413,-0.0116213,0.002638739,0.001539583,-0.00875672,-0.001137347,6.133702e-5,-0.002135601,-0.004848812,-0.002750506,-0.01197894,-0.001695383,-0.003900836,-5.900171e-4,-0.007902782,-0.007702285,-2.821044e-4,-0.003048403,-0.003718155,-0.00998893,-0.006621011,-0.004539802,0.002748889,-6.553268e-4,0.003611124,0.002384414,-3.940274e-4,-0.001442721,-0.008378048,-0.006184574,-0.001387352,9.935738e-4,-0.00270192,0.00144039,0.003407366,-0.002291665,-8.424196e-4,0.001124133,-0.002472349,-0.002541608,-2.930272e-4,0.002448014,1.479446e-4,-0.001489371,0.002629995,-0.002538022,-7.442918e-4,0.002427217,-0.001058172,-0.002624766,-2.050271e-4,-0.002685306,-7.300768e-4,1.999109e-4,-0.001879549,6.800771e-4,-3.964215e-4,-0.001792079,0.002061121,9.932857e-4,-5.628802e-4,-0.001514607,-0.002634969,-0.001192236,-1.971847e-4,-6.562433e-5,-5.125142e-4,4.432168e-4,-8.089783e-4,0.001297698,-7.837383e-4,-2.147605e-4,4.042036e-6,3.919908e-4,4.242528e-6,-2.139329e-5,3.067389e-4,1.39403e-4,0.001499156,-2.893891e-4,8.452005e-4,0.003439638,0.005172655,0.009540646,0.01699565,0.0194276,0.02363841,0.02465051,0.0260826,0.0273029,0.03310321,0.1766727,0.9755465,2.132067,1.880376,0.6608962,0.09984181,0.05145815,0.05724596,0.06127517,0.06806257,0.0788399,0.09589361,0.1105927,0.1296702,0.1477744,0.1702503,0.1968478,0.2198938,0.242809,0.2688826,0.2920993,0.3175785,0.341522,0.3649071,0.3894858,0.4133806,0.4306057,0.4502485,0.4705695,0.4821802,0.5038752,0.5189528,0.5296506,0.542158,0.5550899,0.5672044,0.5685867,0.5685905,0.5784114,0.5682135,0.5637335,0.5536138,0.553341,0.5407238,0.5523985,0.5555081,0.5586676,0.5720315,0.5978123,0.6408986,0.6709686,0.72522,0.7655346,0.8167803,0.8628935,0.9420571,0.9605114,1.014911,1.027004,1.10032,1.118873,1.149173,1.285886,1.247553
413.651,-0.001520578,0.004254401,-0.01702353,-0.006513196,0.004807568,0.01082656,0.00791971,0.02734435,-0.002158628,0.00782656,0.001350733,0.006249813,0.005463446,0.002649628,0.001968469,0.002953901,0.006702566,0.00431039,-0.009272717,0.002597718,-0.002059589,-8.857511e-4,-0.003074173,-4.233222e-6,0.00175443,0.00426584,9.015351e-4,1.551972e-4,-0.00102008,-1.778268e-5,-0.006984886,-0.004030133,0.004078107,-0.009119031,-0.009394287,0.003253019,-0.001655884,-0.006859033,0.002589337,4.024086e-4,0.006904109,0.001094575,0.006164693,-1.027222e-5,0.001778475,-0.001692778,-0.006105938,0.001685587,-0.003882557,-0.004881522,-0.005457871,2.486517e-4,-0.002848665,-4.1211e-6,-0.006086824,0.002806523,-0.002226231,-0.001855592,-0.002284277,-1.874833e-4,-4.216403e-4,0.001281731,4.448423e-4,-0.001440547,-0.003873853,0.001189138,-0.002894761,0.00354902,5.234903e-4,2.065329e-4,1.53729e-4,8.117199e-4,-6.291095e-4,-0.002939194,-1.664858e-4,0.001357679,6.957356e-6,-2.814036e-4,0.001139194,0.001087601,5.077003e-4,-3.012111e-5,0.001689421,0.002746367,0.0011799,0.002948447,2.287482e-4,0.001510149,6.357171e-4,6.069922e-4,-9.433615e-5,0.001616222,-2.583724e-4,-0.00125196,5.000365e-4,-2.552858e-4,-3.04987e-4,-0.001155408,-5.82736e-4,8.121521e-4,0.001071223,6.272112e-4,-4.462979e-4,-2.233992e-4,2.142221e-4,7.962046e-4,3.91029e-5,7.106536e-4,8.851967e-4,0.001616373,2.478086e-4,-7.179174e-4,9.207253e-5,-1.506863e-4,0.001011806,0.001512235,0.003196098,0.003774166,0.008033779,0.01348933,0.01869894,0.02170613,0.02495808,0.02451488,0.02643767,0.0286634,0.09053465,0.6597076,1.762851,1.99441,0.867745,0.1483919,0.04956852,0.0545562,0.05955828,0.06429532,0.07495948,0.08933621,0.1042341,0.1208663,0.1420205,0.1614675,0.1840834,0.2099591,0.2301634,0.259079,0.2826683,0.3026424,0.3311083,0.3528141,0.3811689,0.4058454,0.422597,0.4389463,0.4657631,0.4772598,0.4885794,0.5107752,0.5222444,0.5352873,0.5456429,0.555124,0.5702755,0.584602,0.5852013,0.5814936,0.5753334,0.5682386,0.5657481,0.5655819,0.5568709,0.5590478,0.5630616,0.5640345,0.5886381,0.6220978,0.6521672,0.6882587,0.7336777,0.7815639,0.8398221,0.8788514,0.9404281,0.9937129,1.024235,1.050689,1.067928,1.135162,1.194283,1.28757,1.284021
415.953,-0.003267995,-0.02160954,0.002065159,0.005771882,0.03311758,8.511141e-4,0.007824928,-0.008964468,0.004095782,-0.00120044,0.001731362,0.002444494,0.00177805,0,-0.00475464,-0.002537048,-0.003011048,0.005422443,0.007787738,-5.105282e-4,0.001424062,3.318791e-4,7.113775e-4,0.002478676,-0.001018442,7.182359e-4,-0.001183164,0.00266692,0.005017742,0.001852385,-3.337058e-4,-3.845376e-4,0.005781038,-0.002007172,0.008658681,-9.365456e-5,-0.01186227,0.002596657,-0.008093035,-0.006325925,-0.00451315,-0.001166317,-0.00581177,-0.002460122,3.016786e-4,-0.001727475,0.004372394,-0.002010664,0.008475994,0.009095906,-0.005772988,-8.642503e-4,8.293417e-4,-7.917808e-6,0.002334218,1.88329e-4,-0.001429479,-0.002829785,0.002476153,0.001245878,-0.002772116,-0.004388633,0.002254129,0.001800362,-0.001418432,0.002924536,0.006652673,-0.001142721,7.056374e-4,0.003430936,6.474184e-4,1.967611e-5,-0.00172352,2.791192e-4,-0.00227877,5.916661e-4,0.002276152,0.00349584,0.001908312,-9.572095e-4,0.001921389,0.001362433,3.419045e-4,0.002246542,-5.94058e-4,0.002345335,7.550647e-4,9.25354e-5,-8.338036e-4,0.00339891,-2.95899e-4,8.346447e-4,0.0022673,-9.678227e-5,0.001483988,3.956187e-4,6.78113e-5,7.388131e-4,0.001145176,2.733804e-4,-0.001005438,7.310253e-4,-2.247007e-4,6.979921e-4,6.40709e-4,3.869942e-4,8.09694e-4,-4.03963e-4,2.000001e-4,6.128581e-4,0.001167647,3.11088e-4,9.775994e-4,0.001296123,9.229072e-4,0.001122568,0.002802748,0.006303729,0.0110819,0.01664668,0.01926124,0.02297346,0.02455432,0.02601135,0.02792346,0.05254116,0.4133412,1.43533,1.953024,1.106793,0.2263075,0.05227858,0.05011596,0.05622211,0.06254149,0.06768665,0.08181753,0.09616893,0.115353,0.1316608,0.1508687,0.1696527,0.1908494,0.2204614,0.2427009,0.2751744,0.2959057,0.3193559,0.3401742,0.3580806,0.388994,0.405909,0.4270451,0.4484376,0.467335,0.4856187,0.4915081,0.515597,0.5265208,0.5429729,0.5598723,0.5661922,0.5786033,0.5798531,0.5870535,0.5815914,0.5759404,0.5685534,0.5654089,0.558031,0.5607244,0.5596706,0.5667041,0.576042,0.5895014,0.6248133,0.6524549,0.7060601,0.7408612,0.7908066,0.8449815,0.8812213,0.9527271,1.002797,1.04971,1.09174,1.127926,1.147769,1.214895,1.24826,1.286593
418.255,-0.001676399,0.005364427,-0.01228123,0.01623631,4.77732e-4,-0.01215806,-0.01252571,-0.009734892,-0.008685787,9.60598e-4,-0.01439309,-0.002488329,-0.006835074,-0.006016,-0.008576408,-0.004734363,-0.001332365,-0.002450445,-0.004763658,-0.007938977,-0.004077867,-0.00119953,0.001837269,0.001332815,0.00110536,0.002258399,-0.001173382,-7.623445e-4,-0.001495183,-0.004108293,-0.002757284,0.00279641,0.01231791,0.003875322,-0.0087369,-0.009233164,-0.004486303,-0.01120282,-0.003337585,-0.002989795,0.006640576,-0.001868319,9.563524e-4,0.001394695,-4.123058e-4,-0.003444573,0.004604466,-3.628305e-4,-0.004093584,-7.184323e-4,-6.209468e-4,-0.003653732,-0.002548866,-8.70421e-4,-0.004736793,-0.0139085,-0.004077181,-0.005341766,-0.005808939,-4.55161e-4,-0.001720783,-0.001080954,-0.007761015,0.001809645,0.001727476,-2.997653e-5,-0.002137135,-0.002060335,-3.88366e-4,-0.00294017,-0.001665551,-0.006104336,-2.16931e-4,-0.004455062,-0.004359149,-1.982047e-4,-0.001027111,0.001208774,6.370326e-4,-0.002000008,-0.001302204,5.968062e-4,0.002392923,-0.004463529,-0.002510747,-0.003674206,-0.001121166,-2.184843e-4,-0.001058116,4.751527e-4,-0.002131545,-3.174711e-4,0.002098766,0.001014323,0.001619809,-0.00240399,-0.001100379,-0.001777001,9.6894e-4,4.945468e-5,-9.990843e-4,-0.001827273,-1.747078e-4,-3.890385e-4,-4.436848e-4,1.275189e-4,1.667014e-4,3.870691e-4,3.454822e-4,-7.366835e-4,-6.048667e-6,-3.06037e-6,2.294696e-4,5.62808e-4,6.763765e-4,0.001814273,0.004366205,0.006617157,0.01431831,0.01726123,0.01935061,0.02236096,0.02260978,0.02435038,0.03715358,0.2443195,1.070155,1.822556,1.283317,0.3522705,0.05684726,0.04735134,0.04977507,0.05438856,0.06237925,0.0742613,0.08858754,0.1082424,0.1225041,0.1417694,0.1629873,0.182649,0.2060816,0.2321151,0.2532309,0.2791799,0.3037207,0.3266603,0.3453881,0.3729384,0.3927353,0.4171194,0.4341562,0.4570946,0.4732065,0.4911555,0.5051791,0.5191708,0.533139,0.547149,0.551199,0.5654001,0.5694046,0.5781767,0.5831088,0.574247,0.5760701,0.5680348,0.5713486,0.5529023,0.5520179,0.5646752,0.5622194,0.5628268,0.5984502,0.6199414,0.6474635,0.7031645,0.7492058,0.7821652,0.8356027,0.9006567,0.9549297,1.010431,1.061222,1.073255,1.091394,1.137121,1.216117,1.237966,1.269808
420.559,-0.004856893,5.892646e-4,0.01640397,-0.0217691,-0.01478613,-0.0056638290000000004,-0.003176321,-0.006659635,-0.01805961,-0.0070049,-0.004080613,-9.552011e-4,-0.002947754,-0.003425279,3.539981e-4,-4.18274e-4,-0.003245857,-0.005999442,-0.005013686,0.003322256,0.003387427,0.0029779,2.794613e-4,-0.0021952,5.457808e-4,1.321766e-4,-0.003140731,-0.002071549,9.457089e-4,-0.002806913,0.005034476,-0.001432681,3.990279e-4,-0.004456526,-0.009046066,-0.003658389,-0.002400136,-0.006307612,-0.01183026,-0.008315499,-0.01279021,-0.01405691,-4.324617e-4,-0.007879307,0.00369444,-0.001736393,-0.008551582,-9.072636e-5,-0.004047846,-0.002095867,-0.006420258,-0.006021495,7.892289e-4,-0.00432745,-0.002322404,-0.004189807,-0.002650198,-7.477408e-4,0.003671257,-0.004271885,-0.003559991,-2.480003e-4,-0.001669076,5.717335e-4,-0.004134415,-0.003841752,-0.003570336,-0.001155303,-0.004887362,-0.00423453,0.001915656,-1.905667e-4,-0.001411218,-1.562822e-4,-0.001203533,-0.001030821,-0.001826578,0.002034013,-2.808689e-4,1.28486e-4,-0.001893584,-6.319789e-4,-0.004516764,-0.00129741,-0.001595882,5.429035e-4,-0.001814909,-0.00209937,-0.002224396,-0.002581852,0.003280378,-0.002664001,-0.001872501,-0.001888218,-5.754969e-4,-9.421683e-4,-0.001986896,-0.001251382,-0.003567373,-0.00149854,-8.629318e-4,-0.001035989,4.366549e-5,-0.001127696,-0.001566401,-1.960237e-4,-0.001366065,-1.422716e-4,4.295382e-4,1.952471e-4,-1.404238e-4,-5.58206e-5,-9.158697e-5,8.347213e-4,0.002372694,0.002822626,0.007359288,0.01061965,0.01418172,0.01767802,0.02063345,0.02273984,0.02581084,0.02818095,0.1533265,0.754055,1.610586,1.411808,0.506903,0.07922129,0.04361358,0.04589805,0.05339578,0.0597751,0.07111943,0.08180407,0.09386717,0.1108256,0.1307989,0.1490082,0.1712978,0.1906753,0.2165423,0.2433063,0.2671528,0.2873302,0.3124888,0.337209,0.3600319,0.3788107,0.4044668,0.4268007,0.4453108,0.4662773,0.4795435,0.4899482,0.5120482,0.5218885,0.5313582,0.5409853,0.5541675,0.5588908,0.5666816,0.5725415,0.5784011,0.5808556,0.566105,0.5673881,0.5577186,0.5631196,0.5584058,0.5669023,0.5583832,0.5822547,0.6013172,0.6398769,0.6739827,0.7017069,0.7625202,0.8074632,0.8681809,0.9344967,0.9618672,1.022613,1.046554,1.118829,1.094799,1.167776,1.188244,1.250492,1.271265
422.863,-0.02078914,-0.009475416,-0.01835715,-0.01863182,-0.002247857,-0.009366749,0.003140605,-0.004325728,-0.009289329,-0.009711595,-0.01310295,-0.006832341,0.003423394,-0.002573124,-0.009797834,-0.005251505,-0.003169159,-0.006489467,-0.001820277,0.001553066,-0.003948311,-0.001354588,-6.906891e-4,1.260731e-4,-0.00121724,-0.00212225,-0.006334765,-0.001886865,-0.008256657,0.001829161,-0.01138968,-0.006982089,-0.006903811,-0.008246086,-0.009328067,-3.330462e-5,-0.009862423,-0.008333918,-0.003557653,-0.005337721,-0.002195655,-3.811836e-4,-0.007908723,-0.008079732,-0.01456166,-0.007567906,-0.004255696,-0.007597489,-0.007041575,-0.008983984,-0.006893664,-5.49551e-4,-0.001062834,-0.007373981,-7.825313e-4,-0.01114449,-0.003055608,-0.002728405,-0.005800117,-0.004200384,-0.002694211,-0.00966882,-3.86601e-4,-0.005895792,-0.004085431,-0.001155045,-0.00295654,-1.876448e-4,-0.002937892,-0.0018308,-0.005767735,-0.00185646,-0.002586921,-0.001932679,-3.424026e-5,-0.00470856,-9.653694e-4,-0.004603368,-2.776483e-4,-0.005372221,-0.003013965,-0.003391467,-0.003530243,-0.001725503,-6.599997e-4,-0.003471717,-3.973291e-4,-9.379175e-4,-5.041022e-4,-0.00145239,6.485686e-4,-3.661981e-4,-2.661976e-4,-0.002192189,-0.001202199,-0.00209,-0.003061134,-0.001946119,-1.384261e-4,-0.001060245,-0.001342989,-5.428222e-4,-0.001188884,-3.602147e-4,-0.002063002,-0.001510701,-6.165371e-4,-2.126105e-4,1.872407e-4,3.349522e-4,-1.675998e-4,1.933164e-4,-1.894108e-4,4.446787e-4,0.001736692,0.003787744,0.009718497,0.01080066,0.01545991,0.01866787,0.02211647,0.02155596,0.02653587,0.08147776,0.5727089,1.372617,1.489512,0.6287188,0.1171844,0.04065693,0.04650596,0.05077146,0.05588268,0.06562804,0.07594232,0.08951596,0.1055719,0.1222567,0.1403327,0.1600367,0.1818581,0.2065671,0.2307185,0.2518612,0.2780619,0.2999998,0.3258813,0.3472805,0.3679024,0.3911664,0.4119747,0.4318993,0.4494244,0.4704903,0.4865422,0.4990367,0.5138566,0.5208145,0.5287143,0.548345,0.555586,0.5696906,0.575291,0.571598,0.5796852,0.5740548,0.5768532,0.5694394,0.5682667,0.5624821,0.5583361,0.5697913,0.5689114,0.583607,0.5941921,0.6320969,0.6750855,0.7250837,0.7530898,0.826676,0.8571502,0.9294838,0.9667905,1.010422,1.059422,1.094962,1.111925,1.200422,1.183224,1.210593,1.270664
425.168,-0.003003626,-0.01089665,-0.0144941,0.001460823,-0.005306388,-0.01072902,-0.009668652,-0.005623476,-0.02373042,0.01872274,0.001404773,-0.001095694,-0.007964341,7.337845e-4,0.005614993,-0.001338061,-0.0011876,0.003527872,-0.003842568,-0.001954297,-7.793993e-4,-0.004908177,-2.752077e-4,9.625613e-4,-0.002301774,-0.002076451,9.949096e-4,1.547151e-4,-1.947756e-6,-0.002140601,-0.003397428,0.002101136,-8.150235e-4,-0.001917032,0.001958719,-0.007852148,-0.009349173,-0.001063859,-0.008993761,-0.001745805,-0.006011751,-0.002435869,0.002072231,-0.005673306,-0.004534804,0.002950158,-0.002520745,-0.01161912,-0.004888858,0.002043417,5.684894e-4,0.002923833,-0.003950666,-0.003866047,0.001757278,0.001422047,-0.005254077,-0.004390689,-0.008310429,0.003081034,4.816685e-5,5.953533e-4,0.001796236,-0.001146503,-0.003417787,-5.349681e-4,-3.242184e-4,-0.001553949,-0.00254741,1.885878e-4,-0.002837286,-0.002931418,2.102291e-4,-0.003207818,3.083234e-4,-0.002087781,4.24474e-4,1.373946e-5,-6.238085e-4,5.341861e-4,-4.771906e-4,1.421771e-4,1.283286e-4,-0.001689441,-4.275853e-4,7.490661e-6,-9.177549e-4,4.169817e-4,4.276411e-4,-0.002686308,-1.908752e-4,0.002341548,-0.001616832,-0.001898601,-9.673161e-4,-8.31789e-4,0.001111102,-0.00126803,2.905543e-4,-0.001319665,-0.001006601,6.623387e-4,-4.187849e-4,4.677038e-4,-8.645932e-4,-0.001053742,9.493621e-4,4.760739e-5,8.072894e-4,8.185887e-4,0.001405505,2.834487e-4,0.001199387,0.001889731,0.004001102,0.007462301,0.01106621,0.01563782,0.01708747,0.01997312,0.02287551,0.02414713,0.04940891,0.3733418,1.198961,1.478861,0.8062004,0.1634889,0.04170913,0.0410326,0.04590649,0.05115675,0.0612848,0.07116717,0.08435501,0.09619922,0.1130995,0.1335714,0.1498027,0.1732356,0.1913121,0.2154397,0.2405718,0.2615547,0.2833859,0.3059884,0.3296923,0.3583086,0.3754839,0.3980509,0.4169076,0.4335106,0.4529158,0.4731642,0.4932912,0.5004864,0.5132353,0.5232429,0.5338459,0.5418818,0.5534957,0.5625478,0.5742149,0.5742502,0.5720607,0.5708923,0.5692802,0.5645867,0.5617394,0.5641002,0.5605878,0.5647515,0.567837,0.5865777,0.6103269,0.6486516,0.686074,0.7282024,0.7786618,0.8208493,0.8629606,0.9337923,0.9820336,1.008089,1.05971,1.121222,1.149962,1.187524,1.180466,1.356355,1.265889
427.474,-0.0120714,0.002996553,-0.007281355,-0.004747182,6.813725e-4,0.002388817,-0.006648474,-0.01978035,-0.01214805,-0.0174677,-0.003443741,-0.004659827,-0.004232874,-0.005692611,-0.01802266,-0.003436676,-0.006534906,0.002311738,-0.005553227,-8.010227e-6,0.002671139,-0.005206273,-0.003009738,-3.871587e-4,-0.003077702,0.002031253,-0.001794144,-0.002837154,-0.001876577,9.541873e-4,-0.007781011,6.678802e-4,-0.002539777,-0.008021851,0.001025247,-3.091026e-5,-0.01153696,-0.003567734,-0.001405883,-7.15091e-4,-0.001417888,-0.006263021,-0.01386485,-0.004942365,9.639429e-4,-0.001989602,0.004120693,8.741381e-4,-0.004195199,-0.004570683,-0.001055599,-0.004496688,-0.003948381,-0.005395524,-0.002251071,-0.0016838929999999999,-0.003867954,-0.006386477,-0.006561342,-0.00407405,-0.00181765,-0.004354717,1.794256e-4,-0.001942082,-0.004335543,0.001094995,-0.002367364,-0.004354026,-0.001516685,-0.0017682659999999999,-0.002501595,4.510219e-4,-0.002672235,-0.002346506,-0.002983012,-9.901829e-4,-0.002014841,-0.003962914,-0.002601198,-1.385686e-4,-0.001716707,-0.003068665,1.02708e-4,-0.001575907,-0.003703869,-0.003175115,-0.001866563,2.993091e-4,-0.00282983,-2.982162e-4,-5.573318e-4,-0.001687841,-0.001795838,-0.001715996,-0.001828297,-0.001295419,1.282777e-4,-8.432691e-4,-8.786346e-4,-0.001484236,-6.17935e-5,-0.001165709,6.307506e-4,-8.615582e-4,-0.001554244,-7.317704e-4,-3.404594e-4,-4.198683e-4,-8.609113e-4,2.87058e-4,2.561101e-4,8.114842e-4,5.252615e-4,0.002820628,0.005499039,0.008617078,0.01145837,0.01401467,0.01640748,0.02034515,0.02297302,0.03489344,0.232909,0.9565415,1.481451,0.9658939,0.2616979,0.04317537,0.03712117,0.04325987,0.04920681,0.05390748,0.06558474,0.07879972,0.08980147,0.1052106,0.1223732,0.1399485,0.1596627,0.1797076,0.1994409,0.2238574,0.2444718,0.2723798,0.2955725,0.3157311,0.344218,0.3597769,0.3836688,0.4005363,0.4237639,0.4412396,0.4630151,0.4717281,0.4879071,0.5017579,0.5105291,0.5234061,0.5350544,0.5423012,0.5529517,0.5639097,0.5653936,0.5699911,0.5692179,0.5680905,0.5703112,0.5583679,0.5607858,0.5591281,0.556169,0.5618874,0.5693513,0.5825211,0.6150511,0.6559166,0.6932105,0.7389883,0.7966432,0.8346821,0.8844794,0.9216749,0.9855284,1.041953,1.048699,1.094296,1.106645,1.162526,1.196259,1.228682,1.273732
429.781,0.0258652,0.0221143,0.001383862,0.002595854,0.01018796,0.01283027,-6.945898e-5,0.01659997,0.02779637,0.01490557,0.009679307,0.01372475,0.004413412,0.01085216,0.01019819,0.008724545,0.009512352,-0.001455212,0.01143599,0.00959972,0.008145328,0.01118471,0.005419592,0.001404613,0.003424229,0.003759092,0.005393597,0.002916343,0.004968846,0.002096723,0.0058177,0.003649639,0.009963234,0.005611942,-0.001433057,0.01468,0.01138482,0.0136739,0.01116398,0.005148324,0.01644657,0.005789336,0.007281339,0.002564789,0.01082224,0.009771621,0.01370474,0.007981783,0.00858428,0.01093785,0.006080494,0.003096073,0.007488191,0.01037603,0.0029071740000000002,0.002310598,0.001995357,0.003670805,0.005396094,0.004642184,0.006892705,0.004850884,0.004589288,0.006977898,0.008931432,-0.002364699,0.005131763,0.00429029,0.004475367,0.003354117,0.004945208,0.001020312,0.002920287,0.008314855,0.003365945,0.005463166,0.002924229,0.004807452,0.001132267,0.0040485,0.003832363,0.004436226,0.002146891,0.003516282,0.002563426,0.002101977,0.002011535,0.001872332,6.606437e-4,0.002326815,0.003620996,7.829624e-4,0.002252958,0.003798609,0.001557559,5.380484e-4,0.002515627,0.001389801,7.33278e-4,0.001097844,0.002265963,0.00160233,0.001091823,0.001396558,0.001338909,7.669727e-4,0.001258203,0.001405893,0.001673212,0.001330851,0.001760603,0.00291994,0.003474082,0.005216546,0.007857021,0.01020558,0.0135913,0.01646887,0.02120137,0.02326145,0.02761398,0.1462459,0.7301608,1.444831,1.117819,0.376132,0.06366465,0.03683994,0.04174991,0.04677655,0.05460881,0.06225587,0.07250644,0.08786672,0.1008273,0.1142772,0.1328012,0.15229,0.1708226,0.1923316,0.2105971,0.2325074,0.2577678,0.2849292,0.3042289,0.3274071,0.3496888,0.3713759,0.389537,0.4087605,0.4267452,0.4433228,0.4667886,0.4799349,0.4911909,0.5041061,0.5101706,0.5278979,0.5320125,0.5474697,0.5489584,0.5649087,0.566735,0.5686367,0.5797839,0.5726753,0.564028,0.5628083,0.5664246,0.5559857,0.5616555,0.5658405,0.5764916,0.5920576,0.6317417,0.667476,0.6949498,0.7488903,0.7946011,0.8598514,0.9058479,0.96299,1.007642,1.049389,1.073967,1.125658,1.146797,1.227078,1.277822,1.397237,1.358014
432.088,0.01188822,0.001474613,-0.01056372,-0.001265425,-0.007883365,-0.0112311,-0.02542973,-0.001399359,-0.006318409,-0.007191452,8.915949e-4,-0.009625136,0.001151152,-0.01708877,7.619676e-4,0.008361597,-0.008551652,-0.004465126,-0.001458728,0.00125066,-0.001116731,-0.003026537,0.002162438,-0.001022158,0.001462709,-0.003347836,-0.001058238,0.001096512,-0.003085802,-0.003813452,-0.002534881,2.364744e-5,0.001271085,-0.002333998,-0.003780521,0.001782165,-0.009052135,-0.002075622,-0.006082915,-0.001992362,-0.01183565,-0.007508248,-0.008586474,-0.01068746,-0.01364701,-0.006908192,2.499108e-5,-0.002445349,-0.0100103,-0.00501696,-0.001563643,-2.901671e-4,2.590359e-4,-0.005048105,-0.003609942,-0.004382792,-0.006917747,4.543954e-4,-0.006026928,-0.002410388,0.001148006,-0.003464151,7.687863e-4,-1.921972e-4,-0.004081255,-0.001471644,-1.706836e-4,-0.001189539,0.001170997,-0.004144863,-0.003234333,-0.002685809,3.038925e-4,-0.005850924,-0.001250126,1.548492e-4,-0.002258094,-2.466035e-4,0.00102306,-0.002679826,-0.003441285,-0.001615457,-0.00178278,-0.00228365,-0.001283806,-0.00269783,-0.0025128,-0.001187502,8.036762e-6,6.627888e-4,-0.003437191,-9.5646e-4,-0.002927535,1.308018e-5,-3.724386e-4,0.002078951,7.761508e-5,-0.0011813,-0.001989381,-8.292785e-4,-6.139949e-4,-1.5676e-4,3.68326e-4,-0.001251054,-7.843636e-4,3.227501e-4,-2.452368e-4,4.157628e-4,-1.005246e-4,5.438582e-4,0.001757733,0.002051449,0.00370303,0.005944295,0.008618433,0.01020656,0.01204801,0.01720846,0.01834711,0.02292494,0.07774704,0.5421682,1.331777,1.310985,0.5012279,0.09014587,0.03440188,0.03716411,0.04326279,0.04894121,0.05644065,0.06590695,0.07897191,0.09139447,0.1077517,0.1206355,0.1392052,0.1568882,0.1778708,0.1993798,0.2172532,0.2400039,0.2646366,0.288282,0.315611,0.33312,0.3457774,0.3803118,0.3931823,0.4180368,0.4300623,0.4527224,0.4657576,0.4870938,0.4939565,0.5035998,0.5127124,0.5237754,0.5287763,0.5411788,0.5432506,0.5587713,0.5614432,0.5707209,0.560504,0.5664637,0.5573286,0.5617305,0.5574802,0.5599283,0.5603026,0.5712651,0.5889619,0.5937795,0.6222726,0.6405231,0.7110074,0.7407876,0.7964904,0.8585439,0.8979321,0.9527469,0.9908369,1.050758,1.070261,1.089787,1.128445,1.118213,1.224789,1.288387,1.281453
434.396,0.02221345,-0.002209789,0.005771228,0.01270248,0.03066696,0.00684747,0.01883167,0.02004594,0.003160802,0.006645864,-7.651089e-4,5.894799e-4,0.003605415,0.006657788,4.166785e-4,0.006318869,0.004903094,0.01041342,-9.703234e-4,0.004870967,0.004683611,0.003506844,0.002432143,0.00400441,0.00393713,0.002016006,0.003769825,0.002497422,0.00356278,0.003643331,0.006616647,0.004329939,0.01153996,0.001891097,0.007121239,0.01247268,0.008666295,0.001382957,0.002048527,0.001358448,0.0128844,0.007845588,0.003668582,3.513794e-4,0.00163708,0.01353835,-0.003989719,6.155841e-4,0.007668156,0.009840186,5.367294e-4,0.00825926,0.002333322,0.00331055,0.004599601,0.003242648,-0.003096836,0.004731226,0.003943278,0.003596955,0.005286857,0.004270147,0.005538775,0.003975714,-9.600803e-4,0.001468785,0.002836999,-0.001542987,0.006426502,0.001760672,0.005538514,0.006250291,0.003531138,0.00385083,0.001262912,0.001909126,0.003995978,0.002732861,1.481144e-4,0.001590751,0.001071833,0.003375286,0.001014232,0.003086014,0.002674506,0.003850028,-6.918633e-4,0.005014803,0.001927851,0.004461061,0.003251481,0.001388613,0.002268953,-1.468792e-4,-4.616872e-4,0.001193468,0.00243857,0.001309013,3.346887e-4,0.002808237,1.378767e-4,8.588168e-4,0.001706348,0.001965331,0.001834907,2.802154e-4,0.001226084,0.00223035,0.001144362,0.00168411,0.002952576,0.003713769,0.006052347,0.008415624,0.01056318,0.01167348,0.01554069,0.01795699,0.02031125,0.05029908,0.3662116,1.190432,1.462421,0.7270736,0.1365403,0.03542047,0.0356324,0.04216669,0.04560592,0.05555349,0.06491179,0.07734823,0.08774175,0.1002682,0.1156668,0.1298762,0.1486393,0.1690734,0.1872061,0.2120457,0.2300978,0.2571089,0.2793927,0.2992773,0.327141,0.342477,0.363297,0.3848807,0.4006349,0.421386,0.4412646,0.4577821,0.4697604,0.4825851,0.5008979,0.5048584,0.5190508,0.5254674,0.5387426,0.5456361,0.5515041,0.5530441,0.5735224,0.5659717,0.5675542,0.5693249,0.5532798,0.5643647,0.55801,0.5546171,0.5578457,0.5737876,0.5825219,0.6026878,0.6291222,0.6695385,0.7209072,0.7713116,0.8186234,0.868117,0.9226933,0.9430661,1.009547,1.027635,1.081797,1.100269,1.14181,1.21145,1.235996,1.261119,1.419585
436.705,0.005911771,-0.0234498,-0.001953818,-0.01505721,0.00227357,-0.02076416,-0.006455767,-0.01025085,-0.0148636,-0.003198973,-0.01710751,-0.005623151,-0.00826629,-0.005514133,-0.006427625,-0.007265279,-0.003555834,-0.006678595,-0.002181385,-0.004376135,-0.002774936,-0.006140495,-0.00306988,-0.00434134,-0.003377251,-0.001732083,-0.003987789,-0.003991632,-0.003377643,-0.005301667,-0.003498387,-0.01291237,-0.009469294,-0.0110475,-0.003326574,-0.01366663,-0.008649598,-0.00277212,-0.01310413,0.001089125,-0.004425643,-0.001644705,-0.00623864,6.185432e-4,-0.006920143,-0.004042134,-6.110658e-4,-0.007845631,-0.009389412,0.004180587,-0.006004491,0.001047994,-0.004591299,-0.004233493,-0.001169479,-0.004599584,-0.001103912,-0.00168321,-0.00431081,-0.005760077,-0.006198184,-0.003846506,-0.004883606,-0.004096055,-0.005500152,-0.004678804,-0.002590062,-1.334237e-4,-0.004084482,-0.002179176,-0.00519725,-0.003559374,0.001623913,-0.007785054,-0.005815421,-6.491504e-4,-0.001824482,2.815128e-4,-0.007531705,-0.001439958,-7.120356e-4,-0.002871465,-0.003243492,-0.003032892,-0.001581893,-0.002366407,-0.002075381,-0.001865476,-0.0024725150000000002,-0.004240796,-0.002133661,8.722501e-4,-0.0020552,-3.930193e-4,6.99923e-4,-0.001549887,-0.001410519,-0.001586487,-1.91857e-4,-0.001634293,-8.987391e-4,-1.009889e-4,-5.537809e-4,-8.862454e-4,-6.278888e-4,-1.663077e-4,-5.748478e-4,1.3468e-4,-2.389595e-5,0.001117234,0.002655111,0.004048201,0.007255771,0.008679707,0.009738173,0.01115152,0.01450705,0.01737397,0.03153342,0.2407471,0.9631548,1.519292,0.9722222,0.2342268,0.03846117,0.03186756,0.03679799,0.0425703,0.0493152,0.05772413,0.06826916,0.07976278,0.09045646,0.1076073,0.1200936,0.1358529,0.158663,0.1723385,0.1970964,0.2215409,0.2386261,0.2642704,0.2839937,0.3057292,0.3265284,0.3540245,0.3670539,0.3893675,0.4075516,0.4276041,0.438188,0.4600325,0.4757401,0.4836849,0.5039197,0.5072344,0.5188675,0.5267793,0.5330796,0.5389558,0.5476794,0.5557184,0.5596724,0.5610843,0.5580012,0.559957,0.5598518,0.5508367,0.5549986,0.5556799,0.5664649,0.572421,0.5861039,0.600805,0.6297965,0.6704601,0.71475,0.7680944,0.8156569,0.8658916,0.9092216,0.9593466,1.01551,1.047993,1.107477,1.096816,1.127624,1.152009,1.174627,1.231551,1.290339
439.015,-0.002768999,-0.005121601,-0.01669362,-0.02022342,-0.007133969,-0.01327586,-0.007128527,-0.001985787,-0.02840161,-0.0124485,-0.007850085,-0.004420536,-0.003791094,6.029098e-5,-0.005301896,7.939352e-5,-0.005698942,0.002272417,-0.005585289,-0.003103755,-0.001272753,-0.001081638,-0.004247306,-2.340076e-4,-0.002976627,-0.002761346,9.614601e-4,-0.00436802,-0.001661064,0.003459136,-0.008000538,-0.007900041,-0.003179086,-0.01180649,-0.007409883,-0.0152686,-0.007419805,-0.01336598,-9.721247e-4,-0.01205749,-0.006789208,-0.01340801,-0.009753447,-0.003495754,-0.004042681,-0.003703974,-2.170096e-4,-8.519532e-4,-0.006056462,-0.006854377,-0.008298427,-0.008639302,-0.002486077,-0.006170411,0.001734169,0.002563135,-0.003262108,-0.004682285,-0.00714105,-0.004499556,-0.001890796,-0.002263963,-0.003922094,-0.001258818,-0.0010713159999999999,-0.003583446,-0.001012219,-0.004858334,-0.004030101,-0.003594077,-0.001824098,-0.003070492,-0.00171164,-0.001105523,8.666944e-4,-7.898579e-4,-0.002194315,-6.062556e-4,-0.001592121,-0.002763213,0.001444031,-0.001362379,1.245103e-4,-0.001166635,-0.004200583,-0.001313274,-7.918446e-5,-8.568021e-4,-0.00101915,-0.001997301,-6.946233e-4,-5.893559e-4,-0.001471866,-0.004533301,-0.002976258,-0.002201801,2.96757e-4,-0.00100703,8.891129e-5,0.001708544,-0.002769311,-2.115484e-4,-1.844222e-4,-1.347176e-4,-6.665264e-4,1.620407e-5,3.492129e-4,-1.861047e-4,3.915851e-4,0.002616463,0.00470247,0.006442586,0.007935331,0.009097967,0.01103895,0.01144348,0.01597685,0.02286532,0.1517374,0.7411184,1.44692,1.164139,0.3833371,0.05533739,0.03210735,0.03467873,0.04093412,0.04689028,0.05268059,0.0633212,0.07534285,0.08675823,0.1009525,0.1126445,0.1306826,0.1461839,0.1659933,0.1869239,0.2053627,0.2315768,0.2472027,0.2684294,0.2945519,0.3161033,0.3372282,0.3561313,0.3759248,0.3903257,0.4139115,0.4240754,0.4466949,0.4610524,0.4742529,0.4856091,0.4979846,0.5131803,0.5162883,0.5236965,0.5300402,0.5329469,0.5398772,0.5484087,0.554704,0.5577025,0.5598942,0.5556333,0.5574595,0.5479964,0.5549524,0.557485,0.5646607,0.5635861,0.5901726,0.6098208,0.62906,0.67775,0.7264912,0.7651073,0.821918,0.8645645,0.9183287,0.9511324,0.9936273,1.031704,1.042849,1.135858,1.147,1.116418,1.202505,1.284714,1.261442
441.325,0.01679618,0.007597987,0.01463902,0.0164415,0.01015921,0.005307492,0.005913745,0.01970959,0.01798444,0.01906091,0.01653505,0.005050928,-0.002693835,0.002803614,0.006433783,0.006583655,0.01053649,0.003069928,0.002226256,-0.001626129,0.002810291,0.005307268,0.003841234,0.002293207,0.002744399,-2.349427e-4,0.002259617,0.002747149,0.005056397,6.1145e-4,0.005009928,0.00401372,0.005732762,0.009199023,0.005155066,0.007696064,0.01230216,0.001404414,-0.002936048,0.01009681,0.00618044,0.003752559,-0.002211948,-0.003748739,3.821516e-4,0.003749563,0.006427028,0.009885547,0.01017824,6.334823e-4,0.009114113,0.0104075,0.001573875,0.004472951,-0.001849547,4.59001e-4,4.445635e-5,-0.001866469,4.382949e-4,0.003968248,3.997116e-4,0.002122587,0.003979288,0.004273966,9.534863e-4,-0.002790633,-0.001011002,0.001389941,5.093456e-4,0.003637822,0.001377522,0.001652073,0.00189531,0.003937873,7.174834e-4,5.596143e-4,0.001713658,0.003463646,0.002503865,-4.435026e-4,0.002002129,0.001055956,7.815948e-4,8.969121e-4,0.004720615,0.003394179,8.180333e-4,0.002933447,0.001429727,0.002565312,0.002236031,9.681186e-4,9.886441e-4,0.001909315,0.003142535,4.588187e-4,0.00107646,9.094496e-4,9.313286e-4,-7.97361e-4,0.002656261,7.351548e-4,0.001783342,4.04837e-4,0.001959805,0.001918964,0.001535607,0.001827248,0.003481355,0.004271264,0.006950314,0.008217174,0.008591797,0.009948089,0.0128329,0.01479568,0.01887216,0.0828632,0.5332441,1.304552,1.328249,0.5317952,0.09185447,0.0343973,0.0355978,0.04164721,0.04621374,0.05249144,0.06207267,0.06960215,0.08137838,0.09325157,0.1049972,0.1229627,0.1398479,0.1545717,0.1762487,0.1954444,0.2125937,0.2360514,0.2557559,0.2770511,0.3044253,0.3226629,0.3464084,0.3585242,0.3798674,0.3950696,0.4162716,0.4259974,0.4464594,0.4640078,0.4765136,0.4850231,0.498825,0.5043527,0.5129955,0.529133,0.5243613,0.5384406,0.5407776,0.5496778,0.5521906,0.5495049,0.5568451,0.5546151,0.54471290000000006,0.5508542,0.5571606,0.5536553,0.5548492,0.5704179,0.5824699,0.6133346,0.6396954,0.6790473,0.7347752,0.7716746,0.821953,0.8712789,0.9182183,0.9421794,0.9996514,1.080583,1.081553,1.09849,1.140839,1.228587,1.265209,1.231079,1.347773
443.636,-0.005634973,-0.026503,-4.787856e-4,-0.005735365,-0.004894134,-0.00207057,-0.00768009,6.899386e-4,-0.01462731,-0.007465335,0.009881153,1.781335e-5,-1.949636e-4,7.361954e-4,-0.005613986,-9.494625e-4,-2.31149e-4,0.001938315,-0.00552132,0.006608992,7.346295e-6,9.484896e-4,0.001585299,-5.006685e-4,0.002460302,-0.002728629,-1.058433e-4,-4.066375e-4,-0.004216132,-0.004444675,2.007938e-5,-0.009363011,0.00731174,-0.001318268,-0.01420101,-0.008288345,-0.001440913,4.101548e-5,-0.006196517,-0.003672629,-0.005343274,-0.006903847,-0.004090695,0.001935473,-0.00401069,-0.01066677,-0.009912063,-0.005890489,-0.003653816,-0.00243362,-0.003074305,0.001276019,0.006794115,2.414439e-5,0.001441902,-0.003761848,-0.006278915,-0.002505986,-0.003638414,-0.007782659,0.001354732,-0.002214809,-5.334302e-4,-3.370531e-4,-0.004867856,-0.004418014,-0.004601122,-0.002338647,-0.001444259,-0.001342016,-0.003421227,0.001311503,3.474398e-6,-0.003042224,8.144114e-4,-0.002772249,-0.001391622,-3.550492e-4,-9.584608e-4,-0.001900886,8.379556e-4,0.001246818,-7.474974e-4,0.001821261,-8.012332e-4,-6.915529e-4,-9.538717e-4,-0.002574534,-0.002496838,0.001550864,-3.418513e-4,-1.465579e-4,4.90691e-4,7.361738e-6,-0.001030612,-5.699637e-4,9.088819e-4,-3.920648e-4,5.222448e-4,-0.001416918,4.910262e-4,0.00106956,3.101417e-4,-4.796412e-4,-7.547033e-4,6.29566e-4,9.966174e-4,0.001946359,0.003701505,0.005374666,0.007010436,0.007007326,0.008388294,0.01007014,0.01242819,0.01644396,0.05113051,0.3259702,1.057685,1.364228,0.7196239,0.1372985,0.03279595,0.03262682,0.03642411,0.04205503,0.04893857,0.05407694,0.06489298,0.074363,0.08787409,0.100389,0.1136012,0.1306088,0.1446848,0.1626238,0.1800268,0.1969361,0.2228668,0.24188,0.2641771,0.2838553,0.3081446,0.3285689,0.3441631,0.3626661,0.3848317,0.4002383,0.4126577,0.4307454,0.4447949,0.4592166,0.4724226,0.4845913,0.4946651,0.50366,0.5101689,0.5130552,0.5172511,0.5220073,0.5350593,0.533161,0.5436946,0.5491826,0.5460336,0.5471605,0.5458986,0.5462531,0.544509,0.5470813,0.5550093,0.5616749,0.5844518,0.6077003,0.6324739,0.6820044,0.7246335,0.7627004,0.8211656,0.8706311,0.9119903,0.9689862,1.005786,1.039817,1.095102,1.07426,1.082238,1.156427,1.215996,1.222652,1.245349
445.948,-0.0161601,-0.009908205,0.003676625,0.007901441,0.005877328,-0.007045893,9.383954e-4,-0.01441821,0.00872399,0.007128965,-0.01605517,-7.447425e-4,-0.001504922,1.269111e-4,-0.004059397,-0.003118139,-0.001977236,-0.003200533,-0.003526983,0.001500192,-0.005765986,-0.001643987,1.921458e-4,-0.002568843,-0.003511009,-2.014378e-4,-0.001239546,0.002326071,-0.001139782,-0.002323356,-0.001620629,-0.006676438,-0.01225004,6.174837e-4,-0.01124423,-0.01061418,-0.005001559,-0.01039153,-0.006123752,-0.004829313,0.005468629,-0.002511246,-0.004021448,-0.003904145,-0.005081679,-0.002353375,-0.007727767,4.207591e-4,-0.005338769,0.001985728,5.730716e-4,-0.01064801,-9.057321e-4,0.002761247,1.250673e-4,0.004994869,0.00116742,0.002155093,-0.004958465,-0.00612049,-0.004065994,6.984495e-5,-8.665576e-4,-0.00668269,4.338795e-4,-0.001697619,-0.0031793,-2.449216e-4,5.173254e-4,-5.357302e-4,7.795111e-4,0.001777614,-4.894065e-4,-2.198089e-4,-2.069019e-4,-3.365531e-4,0.001329301,4.220625e-4,-0.001044327,-0.001013478,-6.314584e-5,-0.00544465,-0.003109046,-0.002391203,-1.627103e-4,0.001248129,4.361572e-4,-6.751343e-5,-0.001994971,-0.003095586,-0.001974055,1.232719e-4,0.001327324,1.946255e-4,-4.946305e-4,-5.514695e-4,-0.001287033,-2.995621e-4,2.290391e-4,6.503047e-4,0.001917548,-1.674767e-5,-9.713235e-4,-1.80053e-5,0.001118617,0.001077268,0.00197888,0.002305842,0.00445165,0.006597543,0.007805199,0.008045799,0.01017938,0.01120812,0.0142492,0.0317223,0.2398751,0.8083911,1.260265,0.8594358,0.2267265,0.03973789,0.03220709,0.0363936,0.03968785,0.04412397,0.05258108,0.05937431,0.07188084,0.08102505,0.09318625,0.1065513,0.1223186,0.1366068,0.1537771,0.1680921,0.1828857,0.2027578,0.2258073,0.2456904,0.2656442,0.2866023,0.3082091,0.3279375,0.350405,0.3670584,0.3827399,0.4001968,0.409799,0.4321955,0.4462613,0.4557968,0.4662534,0.4798249,0.4916873,0.5030894,0.5036348,0.515337,0.5205931,0.5211801,0.5295782,0.5331863,0.5322219,0.5390448,0.5340537,0.537118,0.5436677,0.532086,0.5411134,0.556376,0.5535506,0.5658499,0.5807792,0.606311,0.6320866,0.6755633,0.715701,0.7733551,0.8207838,0.8746799,0.9134873,0.962004,1.006457,1.035961,1.0729629999999999,1.085848,1.08341,1.104331,1.160976,1.216483,1.39645
448.26,-0.02152713,-0.02453026,-0.01199719,-0.01121962,0.001565725,-0.02837867,-0.004677119,-5.221242e-4,-0.0171118,-0.008321481,-0.007526263,-0.001292184,-0.001015483,-0.001261206,-0.009615095,-0.009759848,-0.008341506,-0.0050466,-0.004217209,-0.003804595,-0.004812709,-4.274133e-4,6.589627e-4,0.002968912,-0.001486026,-0.003425052,0.001058698,0.001768999,-7.114148e-4,-0.001244445,-0.009642769,-0.01203514,-0.003861133,-0.008844492,-0.007548932,-0.008560875,-0.008252579,6.192527e-5,-0.007036813,-0.007071835,-0.006898083,-0.00312682,-0.008141634,-0.003344834,-0.004819002,0.001859413,-0.01420443,-0.007798318,-0.006691966,-0.003689256,-0.005262202,-0.005875434,-0.01074908,-0.004252595,-0.001323597,-0.001731741,-0.005455208,-0.004063131,-0.01046386,-0.007230815,-0.006656783,-0.001238952,-0.003590259,-0.005720556,-0.005813439,-0.009673053,-0.002308121,-0.005485941,-0.005310241,-0.001020625,-0.008065916,0.001884276,-0.005261549,1.898023e-4,-9.340122e-5,-0.003718227,-3.483315e-4,-0.001443044,-0.004279256,-0.003601129,-7.853829e-5,-0.003177047,-0.002340538,-0.001651255,-0.001796713,-0.001253261,-1.739218e-4,-0.003932978,-0.001159438,-0.001822507,-0.001693739,1.785677e-5,-2.129219e-4,-0.001057035,1.820191e-4,-0.00261538,-8.088171e-4,-0.001440562,-1.682189e-4,-0.001988876,-0.001952924,-0.001930208,-0.001075487,1.872195e-5,0.001016443,0.001756926,0.00191261,0.004485873,0.005600937,0.006856808,0.008191351,0.009380404,0.01068059,0.011608,0.01824826,0.1543541,0.6704351,1.170837,0.936913,0.3167707,0.05145889,0.03009324,0.03275631,0.03688447,0.04273014,0.04710256,0.0568597,0.06363175,0.07461421,0.08762124,0.0975985,0.1111742,0.1283262,0.1422927,0.1560515,0.173812,0.1938673,0.2097365,0.2333977,0.2548471,0.270364,0.2940294,0.3095133,0.3323757,0.3476627,0.366162,0.3823527,0.3997984,0.4130164,0.4257546,0.4411371,0.4493746,0.4653613,0.4742055,0.4817609,0.4931127,0.4912357,0.5071054,0.5016534,0.5110775,0.5153971,0.5273362,0.5284516,0.5309993,0.5281131,0.5282445,0.5239552,0.5222804,0.5328153,0.5321617,0.5461571,0.5588606,0.5792349,0.5998738,0.6418501,0.6772233,0.7179639,0.7768449,0.8154628,0.8661143,0.9110771,0.9392978,0.9868548,1.009393,1.048328,1.102444,1.084413,1.102138,1.164652,1.216995,1.21131
450.573,-0.004664311,9.44034e-4,0.005705607,0.01850395,0.007763604,-0.008284352,0.00783384,9.188254e-4,-0.01171004,0.01994563,-0.001867514,0.004409575,-1.504653e-4,0.002785742,-0.01188688,0.007381302,0.004186371,0.001405092,0.001501221,0.003669604,9.570036e-4,-0.003405433,0.00260545,0.001390417,0.001179481,0.001710864,0.00170728,9.884439e-4,0.005629361,-0.001548241,0.002010533,0.001374551,0.006790548,1.775439e-4,-0.007028696,-2.662256e-4,0.004059703,-0.00154698,0.0100023,0.003646998,0.004395814,0.001403676,0.006396348,6.916621e-4,6.872426e-4,-0.0109595,0.00423497,0.005567298,0.00374297,-0.004698224,0.003089395,-0.005781768,-0.004794041,0.002251408,0.007844142,-5.733386e-4,0.004086916,0.00148415,-0.003285126,-0.001081148,9.328042e-5,-6.573615e-4,-0.003172268,0.001846612,0.002346957,-0.001302008,-0.002611218,0.002997371,-0.002299412,0.001715894,0.001195166,0.001470129,-0.001462894,1.761993e-4,1.89294e-4,0.002508532,8.074431e-4,0.0012653,7.656366e-4,-0.001926735,-2.881492e-4,3.509409e-4,-6.744437e-5,-0.001417757,-7.637897e-4,0.001029531,-2.559492e-4,6.111813e-4,-0.002316487,0.001793642,0.001309689,9.387776e-4,-0.00114634,0.001795028,5.459286e-4,-0.001162175,3.73972e-4,-3.058743e-4,-5.29633e-4,6.970793e-4,0.001425147,0.00089859270000000005,0.001155677,5.033429e-4,0.00166887,0.002265062,0.005483747,0.005794854,0.006795465,0.008741271,0.00991834,0.01041458,0.01197949,0.01627332,0.09157363,0.4718997,1.027666,0.9873094,0.4191457,0.07371836,0.02946067,0.03148796,0.03637961,0.04068941,0.04662991,0.05287296,0.06227337,0.07203718,0.0796888,0.09220254,0.1074342,0.1203575,0.1324773,0.1486685,0.1651392,0.1789885,0.2010075,0.2146634,0.2391739,0.2566238,0.2730926,0.2935227,0.3170454,0.3337926,0.3548217,0.3708162,0.3851978,0.3961267,0.4129818,0.4212939,0.4426383,0.4489061,0.4614448,0.467216,0.4794774,0.4882937,0.4920896,0.4928314,0.5030683,0.5073843,0.5099758,0.5133776,0.5153881,0.518267,0.5201292,0.524302,0.5205415,0.521363,0.5222577,0.5303918,0.5473709,0.555769,0.5745286,0.6070213,0.633445,0.6735054,0.7244388,0.7811065,0.8330715,0.8617983,0.9223504,0.9308813,0.9875743,1.020647,1.041238,1.064454,1.084385,1.134278,1.190694,1.219669,1.406289
452.887,0.02648297,0.02309601,0.02007036,-0.002940319,0.01177556,0.02415983,0.02746871,0.009201496,0.01138465,0.009415188,0.01748752,0.005365031,0.00839439,0.001378863,0.01231785,0.008542283,0.008665123,0.006681524,0.006355617,0.00303102,0.007648835,0.006008341,0.002812374,0.001001578,0.002266688,0.003435627,0.002296007,0.004070174,0.00338917,0.003084267,0.00365872,0.005416355,0.009022863,0.0140689,0.005009221,0.01503672,0.01392318,0.010875,0.00705596,-2.120415e-4,0.001407388,0.0023135,-5.092731e-4,0.004935905,-5.398745e-4,0.006234703,0.01235902,0.00263495,0.009230555,0.001400143,0.005505226,0.01146102,0.004919978,0.006418348,0.0100554,0.008763326,0.005057274,0.002656205,0.001588637,0.002110488,0.006497231,0.008546477,0.005451005,0.002718687,0.006645882,0.001882851,0.005362233,0.007133337,0.002982295,0.00334312,0.00206076,0.009279303,0.002653469,0.008060335,0.004514833,0.002975289,0.003279913,4.010568e-4,0.003945134,0.002330134,0.006990652,0.001018178,0.00457905,0.002615296,0.003345527,-6.698948e-4,0.003070927,0.001509274,0.004164118,0.002121332,0.002915763,-1.207578e-4,4.118089e-4,3.627691e-5,0.001116192,0.001488453,0.002853357,0.001253316,0.001957175,6.08168e-4,0.001576139,0.00226163,0.00259176,0.001527717,0.002861608,0.004068918,0.006588837,0.006630897,0.006642209,0.01053886,0.01080355,0.01206583,0.01346037,0.05943649,0.3390024,0.852542,0.9360348,0.4743689,0.1069685,0.03025394,0.03060056,0.03592665,0.03901648,0.04588854,0.05151325,0.05747549,0.06819468,0.07707118,0.08619351,0.09902704,0.1135939,0.1273201,0.1387302,0.1579157,0.1742192,0.1878175,0.2018295,0.223615,0.240797,0.2645528,0.2824308,0.2980183,0.3226122,0.3416867,0.3550272,0.3695255,0.3858849,0.3941304,0.4125167,0.4194429,0.435621,0.4427001,0.4574639,0.4637423,0.4746839,0.4806301,0.484443,0.4832733,0.4962648,0.4964887,0.5000742,0.5043377,0.5097915,0.513936,0.5155068,0.5137972,0.5197011,0.5180589,0.5190146,0.5271515,0.5420585,0.5520208,0.5687989,0.6011152,0.6420577,0.6735918,0.7219413,0.7789212,0.8134456,0.8522135,0.903123,0.9352347,0.9690931,1.004277,1.04028,1.070497,1.106841,1.132744,1.186037,1.257623,1.664979
455.202,0.01480931,0.01241698,0.003524518,0.02437464,0.01589444,0.006505154,-0.004462079,0.01452101,0.02127779,0.02438213,0.007992127,0.009659646,0.006071841,-0.002158051,0.01227326,0.004788996,0.009782997,0.001935248,0.008654681,0.007393894,0.003745652,0.00124385,0.002057442,8.94138e-4,0.005588793,-5.885883e-4,6.81236e-4,0.001865304,7.823585e-4,0.005048071,0.005805016,0.008265833,0.007453486,0.01098411,-0.00468376,0.006972379,0.002921599,0.00760857,-0.001786006,0.008443978,0.006903549,0.01188514,0.0084509129999999991,0.004644868,0.001031668,0.004527865,3.819838e-4,0.003829241,0.002845763,0.00347514,0.01018577,0.007092344,0.008021306,-6.212372e-4,0.0025669,0.006561367,0.007791424,0.006494277,0.004711013,-8.747307e-4,0.002812337,0.002256526,-2.742586e-4,0.003389062,-0.004433892,8.865501e-4,0.001065031,0.007103671,0.002832534,0.001704554,0.003780144,0.002554691,0.003333406,5.904584e-4,0.003194931,0.003995715,0.001783432,4.136613e-4,0.00183317,0.003271118,0.002503072,0.002984952,-2.804399e-4,0.002706041,-5.782541e-5,0.004410989,0.002399617,0.002067455,3.027231e-4,1.383368e-4,0.002307268,0.001982207,0.002138708,5.61707e-4,-3.613868e-5,0.003646318,6.3546e-4,0.001132322,5.304959e-4,0.001637879,0.0018102700000000001,0.002421038,0.001959594,0.002467771,0.002996831,0.006968192,0.006293658,0.008423226,0.008265272,0.01064601,0.01210919,0.01282444,0.03547997,0.2466496,0.7238982,0.9343705,0.5207796,0.132847,0.03161127,0.0321556,0.03268086,0.03632383,0.04470238,0.04809644,0.05610872,0.06261431,0.07011204,0.08234728,0.09341263,0.1048048,0.1173633,0.1312666,0.1462163,0.1598322,0.178173,0.1925453,0.2076341,0.2243455,0.2436529,0.2642296,0.2812984,0.3029965,0.3221295,0.3406014,0.3576373,0.3706504,0.3805574,0.3972015,0.4040744,0.4161595,0.4276962,0.4415512,0.4517466,0.4588266,0.472462,0.4694216,0.4783703,0.4851558,0.4842721,0.4867475,0.4949204,0.4989591,0.5008664,0.506639,0.5050457,0.5056932,0.5150105,0.510436,0.5143423,0.5280657,0.5319024,0.547854,0.5724516,0.598529,0.6377627,0.6715756,0.7195982,0.7643572,0.8149993,0.854974,0.8965257,0.9264957,0.9630118,0.9859316,1.025605,1.056581,1.064386,1.097506,1.160982,1.269461,1.974332
457.517,-0.02316547,-0.02519877,-0.0247508,-0.002882249,-0.004540918,-0.01938079,0.006967632,-0.01013211,-0.003910888,0.002758643,0.007554027,-0.008604285,-0.001974091,-2.242038e-4,-0.003942185,-0.005830962,-0.0121131,-0.002303821,-0.002951383,-3.539477e-4,-0.00485852,-0.003944392,-1.994419e-4,-0.002121442,-0.0038897,-0.001954645,-9.56439e-4,-0.001776352,-0.002269608,-0.001008577,-0.006089038,-0.001771295,-0.008751731,-0.01120696,-0.00997853,-0.01589379,-0.01115678,-0.0135613,0.001001435,-0.0021153,-0.007621928,-0.008463636,-0.002043938,-0.007779584,-0.01234571,-0.009305825,-8.101842e-4,-1.96249e-4,-0.00813962,-0.00356445,-0.003156038,-0.002112143,7.810259e-5,-0.00321122,-0.005297694,-0.002533378,-0.002833063,-0.001558454,-0.007292215,-0.007218082,-0.0037672,7.847921e-4,3.951621e-4,-8.205194e-4,-0.003587786,-0.005523932,-0.003410251,-0.001689342,0.001591202,-9.866265e-4,-0.002551769,-1.04574e-4,1.770634e-4,-8.812311e-4,-0.001145419,-0.004130424,-9.42037e-4,-0.001523221,-0.001483405,-0.00111196,-0.003277813,-0.002669433,-0.003519651,-0.001077195,-0.001949331,8.901269e-4,-0.002123658,-0.002356823,-0.003801477,-0.001778055,-0.002149197,-0.002467944,-0.001524971,-0.001539196,-4.088109e-4,6.393201e-4,-6.435392e-4,4.141995e-4,1.414969e-4,-1.593537e-4,1.922168e-4,-4.998131e-4,0.001036142,0.001801288,0.003449365,0.005259164,0.004785527,0.007380717,0.007895794,0.01041993,0.01231272,0.02543927,0.1668265,0.5969711,0.894839,0.6087666,0.1733839,0.03258227,0.02659056,0.03066492,0.03312867,0.03822325,0.04567937,0.05106652,0.05711043,0.06682494,0.07428558,0.08521304,0.09725161,0.1084411,0.1211576,0.1330515,0.1490824,0.1665251,0.1769903,0.1947119,0.2132507,0.2286825,0.248534,0.2646074,0.2846722,0.3062074,0.3182454,0.3361505,0.3587364,0.3670885,0.3750135,0.3888701,0.4005089,0.412464,0.4256887,0.4342852,0.4506834,0.4501074,0.4584453,0.4662958,0.4687522,0.470313,0.4763472,0.4789833,0.4881869,0.4861602,0.4910062,0.496038,0.4972226,0.4935285,0.5013692,0.4995491,0.5012544,0.5196748,0.5239149,0.5493365,0.5640179,0.5973447,0.626675,0.6720603,0.7171402,0.7607492,0.7946729,0.8510603,0.8649655,0.9116331,0.9583549,0.9847277,1.007135,1.05068,1.024394,1.060395,1.117859,1.339963,2.266138
459.833,0.004985489,-0.01109143,7.838007e-4,-0.001712272,-0.003860236,0.008507524,0.01025728,0.009083245,-0.01436054,-0.00708478,-0.003422236,0.006383552,3.140126e-4,-0.001217631,-0.004946983,0.003557749,-0.001051888,-9.988934e-4,5.762529e-5,-1.397411e-4,-0.001361337,-0.001873953,-0.001206413,0.0021495110000000002,7.662615e-4,7.749333e-4,0.002157665,-0.002026502,0.00231725,0.001283679,0.003136285,-0.007369549,-0.004143607,-0.01672339,-0.001630159,0.01439438,0.002528786,0.001343767,-0.003381723,-0.005615805,0.002330711,0.001957341,-0.005449602,6.899048e-5,-0.004364842,0.003541736,0.003780736,-0.003334529,-0.007334,0.002387324,-0.005064479,-0.002344925,2.951506e-4,-0.002495636,-6.279408e-4,0.002624105,-5.420288e-4,-0.006135101,-0.002463468,-0.002184787,-0.004302789,-3.058337e-4,0.002341322,7.51549e-4,-0.002179355,-0.004990514,-2.836952e-4,-0.001538152,-0.005454705,0.002847596,-0.002251357,0.001566196,-0.003060936,3.420791e-5,4.920474e-5,-9.784956e-5,-1.969966e-4,-0.001150673,1.678624e-4,0.004590972,-6.315675e-4,-4.934081e-4,6.58709e-4,-0.001893906,-0.00135652,-0.001708119,4.950935e-4,-0.001709782,-0.001124748,-4.086666e-4,6.910249e-4,0.002112717,5.698023e-4,-0.002292644,0.001027989,4.995021e-4,6.886381e-4,0.00129596,7.036179e-4,0.001087312,-1.479375e-4,-7.751623e-4,8.464653e-4,0.002826816,0.004393475,0.005964193,0.007326819,0.008309345,0.009279563,0.01240179,0.01779526,0.1281591,0.492763,0.859055,0.6727321,0.2382423,0.04267346,0.02526509,0.02909602,0.03153945,0.03770383,0.04101818,0.0481937,0.0567931,0.06309157,0.07270847,0.08099323,0.09316822,0.101343,0.1154741,0.1289384,0.1402188,0.1552131,0.1672441,0.1858685,0.1969533,0.2180007,0.2325414,0.2528538,0.2703331,0.287456,0.3031337,0.3211715,0.3383625,0.3483679,0.3657135,0.3775878,0.3844266,0.3992616,0.4102003,0.4199989,0.427397,0.4406622,0.4452536,0.4507881,0.4545831,0.4582523,0.4625109,0.4708824,0.4688399,0.4697972,0.4779358,0.4808065,0.4853472,0.4875373,0.4916983,0.4900294,0.4940783,0.4998558,0.5106688,0.526614,0.5419054,0.554331,0.5890958,0.618824,0.670049,0.7034729,0.7623218,0.8024287,0.8377156,0.8633826,0.9039006,0.9454933,0.9825601,0.9923655,1.004295,1.036451,1.074453,1.145548,1.707574,2.630446
462.15,0.01714554,-0.006786937,-4.562514e-4,0.01357107,0.01558802,-0.005340794,-0.00983699,-0.01447658,0.002469476,-0.001876325,0.002401921,0.00737095,-0.00453363,-0.004109563,-0.008556035,7.235932e-4,-0.003296961,-0.001760043,4.988166e-5,6.144345e-4,5.583848e-4,-0.001572039,-0.003303247,-0.001034565,7.61012e-4,2.734035e-4,-7.094138e-4,8.060647e-4,4.693614e-4,-0.001196589,-0.00462156,0.001310539,-0.008238089,-0.006766342,0.007077622,-6.976185e-4,-0.00475887,-0.004765677,0.002874692,-0.003053351,0.004543738,-0.004970038,-2.285508e-4,-0.00471518,-0.001081225,-0.005450315,-0.005673709,0.002864372,-0.002661487,0.001072921,-0.002150945,-0.002804601,-0.004442866,-0.003853376,9.54512e-4,-0.003985703,0.004570128,-0.005098853,-3.379022e-4,-0.003635618,-0.003008932,5.05266e-5,7.597886e-4,-0.001341898,0.00124562,-0.004799671,-0.002575623,-0.004521521,4.887697e-4,-0.001276807,-3.941155e-4,-0.002698004,-0.002502603,-0.001799577,-9.32786e-5,-2.158539e-4,-8.046013e-4,-0.002352833,-0.003795371,-2.922358e-4,-0.001062326,5.330596e-4,1.204475e-4,-0.003583061,-0.00183489,-0.001107202,-6.57304e-5,-2.427612e-4,-0.002715654,-0.001341943,5.304587e-4,-0.002613637,-1.281966e-4,-5.048744e-4,-1.939422e-4,9.223514e-5,-3.718404e-4,-0.001383161,5.72442e-4,0.001253542,7.038789e-4,0.001494363,0.002274862,0.004334729,0.006522141,0.007223759,0.007833835,0.008009876,0.01071856,0.01559832,0.08900643,0.3979407,0.7780668,0.7295377,0.2978078,0.05786791,0.02433908,0.02676112,0.02954681,0.03505544,0.0390933,0.04634937,0.05266285,0.05769684,0.0691592,0.07459425,0.08597426,0.09667091,0.1071307,0.1187871,0.1316575,0.1481881,0.1572144,0.1732954,0.190597,0.2089499,0.2192661,0.2414503,0.257492,0.2731333,0.2872571,0.3016497,0.3203066,0.3379451,0.3503985,0.3621764,0.3727097,0.3830358,0.3932784,0.4020271,0.4178191,0.426467,0.430281,0.4374318,0.447854,0.4502767,0.4538255,0.4552142,0.4614916,0.4582645,0.4697052,0.4700192,0.4740472,0.4765782,0.478793,0.4826158,0.4812654,0.4907862,0.4983942,0.5015657,0.5145751,0.530471,0.5547685,0.5875877,0.6178965,0.6619786,0.6987864,0.7561576,0.7952528,0.8204294,0.8555025,0.9063839,0.9263956,0.9557135,0.9925503,1.043725,1.038491,1.076814,1.235135,2.047604,3.00272
464.467,0.01153987,-0.002075306,0.01100358,-0.009652653,-0.01118742,-0.004048019,0.01733031,0.01074212,0.004704961,-0.003006373,-0.006106586,5.270007e-4,0.006600095,-0.004439301,-0.0102268,0.006095432,-0.003326737,-4.943762e-4,-8.785455e-4,-0.001156822,-6.580927e-4,-0.0027554,0.001971479,-4.723017e-4,-8.253124e-4,-0.00316419,-0.002815404,-0.002650062,-6.95614e-4,0.00106544,-0.001163757,-2.631809e-4,0.006764103,0.003868369,-0.005157325,0.01104192,0.001405989,-0.003187993,-0.001202282,-0.00684162,-0.001229917,0.00253044,-5.818617e-4,-8.803253e-4,-0.002020827,1.888342e-5,3.893199e-5,-0.002212685,-0.005632665,0.002066753,4.952118e-4,6.189412e-6,-0.003503378,-9.0298e-4,-0.004181863,-4.151531e-4,-0.007101747,-0.004319892,-0.003398308,-0.003660589,0.001065768,-0.004400641,-0.003811852,5.37669e-4,0.001550204,-0.002170146,-0.001109083,-0.001085594,-0.001199988,-0.002903937,1.511411e-4,-8.230784e-6,0.001606147,0.003139947,0.001014149,5.010837e-4,-0.002406672,0.002712626,-1.00254e-4,0.002472406,1.011418e-4,3.345317e-4,-1.938988e-4,0.001109557,-0.002038736,-9.465363e-4,-0.001368321,-0.001697442,-2.613e-4,-0.001947909,-0.00187933,-0.001174768,-3.870812e-4,3.098033e-4,-4.179927e-4,6.903491e-4,-4.568621e-4,-3.089254e-4,-7.162362e-4,5.366361e-4,0.001301959,0.002562678,0.003198382,0.004621447,0.005603467,0.007448946,0.009298784,0.009745152,0.01265319,0.07108333,0.3617973,0.7562548,0.7624895,0.3548775,0.080379,0.02329571,0.02439944,0.02829753,0.03145777,0.03676272,0.0432831,0.04950391,0.05738308,0.06392707,0.07121607,0.08053925,0.08956558,0.1024499,0.1117303,0.1208868,0.1361994,0.1494909,0.1656214,0.1786341,0.1951451,0.2090658,0.2219969,0.2387624,0.2561892,0.2713152,0.2897139,0.3017271,0.324321,0.3353176,0.3461791,0.3609881,0.3694691,0.3811291,0.3841471,0.3983981,0.4059453,0.4172003,0.4263772,0.4329758,0.4332005,0.4372195,0.4442034,0.4457701,0.4446328,0.4564995,0.4563691,0.4599579,0.4634816,0.4663969,0.4663251,0.4665312,0.475439,0.4820454,0.4894653,0.4988735,0.5092544,0.5233923,0.5519013,0.5804677,0.6164041,0.65193,0.6943302,0.7364104,0.7780354,0.8193933,0.8416873,0.8852325,0.8954206,0.9696728,0.9491116,0.9804313,1.034488,1.057436,1.414888,2.326001,2.926133
466.786,0.005450372,0.008395775,0.005292732,0.01031448,-0.006534766,0.004142592,-0.004559412,-0.003680257,-0.004461045,0.001079267,0.008412772,0.001587563,-0.001976093,-0.005048653,0.007284503,3.069459e-5,0.007492983,0.004102864,-0.002675378,0.00174938,0.004093974,8.878291e-4,0.005739894,2.281715e-5,0.00455582,-0.001689119,4.955447e-4,9.123771e-4,0.001857394,2.639114e-5,0.007175743,0.001854632,4.137242e-4,0.00428067,-0.006402072,-7.631206e-4,-0.004076342,-0.004385994,0.002482353,6.714307e-5,0.005376422,0.001597656,-8.517446e-4,-5.585562e-4,-0.00229523,-0.00418869,0.001743945,-0.002142615,-2.50921e-4,2.98899e-4,0.004083292,0.004998276,0.001215093,0.001173959,-0.002376157,-0.00332745,0.003650027,0.005886664,0.005845643,-0.003591476,-0.001405239,0.001265607,0.003315714,0.002755038,0.003894641,-6.385591e-4,0.003081892,0.001108754,-2.599711e-4,-2.747053e-4,-5.459593e-4,9.590332e-4,5.37438e-4,-5.007543e-4,-2.344854e-4,6.423117e-4,2.551956e-4,-6.802387e-4,0.001171209,-0.001094125,-0.001815607,4.428251e-4,1.286465e-4,-1.779004e-4,8.823971e-4,0.002468987,-9.043418e-4,0.003142412,1.919138e-4,6.891679e-4,-9.678228e-4,-9.308343e-4,6.964025e-4,4.473318e-4,0.001837782,4.829979e-4,8.567456e-4,5.248657e-4,-4.149147e-5,3.044329e-4,0.002527179,0.004055249,0.005619704,0.004912202,0.008125135,0.008224101,0.01060997,0.01197051,0.04250401,0.2809409,0.7356515,0.8417664,0.4567957,0.1029953,0.02527143,0.02356632,0.02750505,0.0291115,0.03484396,0.03994211,0.04549927,0.05361161,0.0590917,0.06568504,0.07644742,0.08441573,0.09378187,0.1014209,0.1157294,0.1270622,0.1411315,0.1535156,0.1691916,0.1790688,0.1988185,0.2088479,0.2252192,0.2423419,0.2569006,0.2720891,0.2868216,0.3002238,0.3168836,0.3322298,0.3439275,0.3545489,0.3670988,0.373437,0.3854775,0.3942154,0.4025225,0.4105625,0.4179717,0.4239364,0.4264897,0.4299867,0.4323181,0.428145,0.439072,0.4467849,0.446122,0.4510312,0.4552823,0.4531994,0.4664332,0.4612503,0.465328,0.4736044,0.4794397,0.4936113,0.5026874,0.5106879,0.5424658,0.5750322,0.5973722,0.6378346,0.6985231,0.7341457,0.7837719,0.8033006,0.8335339,0.876092,0.9201947,0.9418797,0.9182943,0.9507579,1.017395,1.086601,1.752424,2.623991,2.498739
469.104,0.008835082,-0.01019647,-0.01265049,-0.001121242,-6.08305e-4,-0.003933126,0.01318822,-0.001775274,-0.01353209,-0.008410233,-0.003741915,-0.00198857,-0.001974393,0.004758602,-0.00977112,-0.005387665,-2.298048e-4,-0.006594284,-0.002228471,-0.002283507,1.902869e-4,-0.005861059,-9.592516e-4,0.001538076,-0.001761773,-0.002402376,-0.00130043,-0.001351774,-0.002648401,1.90226e-4,-0.006856213,-0.002974375,0.004156136,-0.006252331,-0.001631355,-0.009281887,-0.003738617,-0.0071809,-0.001770852,-0.006736288,-0.003408066,-0.005168573,-0.003802262,0.00352621,-4.960982e-4,-0.004262234,-0.004736019,-0.003567516,5.462676e-4,0.003078969,0.001937572,-1.985981e-4,-0.001371913,-0.007687208,-0.001717757,-0.003749472,2.191979e-4,-0.004441841,-0.001846907,0.001281885,-0.002101518,2.15929e-4,-6.644015e-4,0.001206179,-6.545667e-4,-0.001270315,-0.004604984,-8.889739e-4,5.95218e-4,-0.001283304,-0.001511162,-0.003479175,-0.003406135,-0.002700508,-0.003144136,-0.004523761,6.219684e-4,-0.00103622,-6.596029e-4,9.008914e-4,0.001109269,-0.002603657,-0.001113967,0.001387346,4.077421e-4,-0.004192799,-0.001888142,-0.001588372,-0.001201517,1.849808e-4,-8.821265e-4,0.001735252,-4.44058e-4,-6.417952e-4,-0.002154564,4.830349e-4,-0.002256225,1.506275e-5,0.001030609,2.436314e-4,0.003298778,0.004612448,0.00517757,0.006625241,0.008495151,0.008566719,0.0103762,0.02436425,0.2130992,0.6494443,0.8358826,0.5339994,0.1625044,0.02774351,0.02134276,0.0239572,0.02808008,0.0310488,0.03556336,0.04129482,0.04862304,0.0565306,0.06197484,0.069560930000000007,0.07696539,0.08658549,0.09611775,0.1078567,0.1182409,0.1310845,0.144165,0.1547025,0.1719667,0.1836787,0.1964637,0.2096551,0.2251757,0.2400377,0.2562528,0.2671859,0.2870525,0.2986561,0.3183596,0.3304553,0.3409862,0.3498442,0.3596929,0.3684756,0.3782593,0.383038,0.3954796,0.4005894,0.4048017,0.410567,0.4206259,0.4215211,0.423258,0.425768,0.4328603,0.4292843,0.437245,0.4406912,0.4481974,0.4448544,0.4507478,0.4522755,0.4532755,0.4612963,0.47004,0.4770668,0.4920129,0.5080326,0.5348906,0.5555327,0.594358,0.6368319,0.6830665,0.7229959,0.7638472,0.7911832,0.8282286,0.8626558,0.884278,0.9210974,0.948402,0.977225,1.001835,1.157361,2.082058,2.759997,1.961821
471.424,-0.01525259,-0.001417159,0.003211895,-0.001801126,0.009826393,-6.69466e-4,0.001298319,0.009334248,-0.008435597,-0.002483963,-0.001151187,-0.005072089,-0.002444136,-0.00404808,-0.001268516,0.004828584,-4.805502e-6,0.002021799,0.003574581,0.003247828,-0.001349511,5.706025e-4,-0.00155985,9.210337e-4,0.001303446,-0.002523094,0.001091754,0.001251538,0.002083878,0.002417348,-0.00409743,-0.001762298,-0.004062491,-0.002897107,-0.002513501,-3.776954e-4,8.036255e-6,0.001885823,-0.00213509,-0.002735228,0.005619668,9.066647e-4,0.002072557,-2.964508e-4,-0.002830098,0.001952957,-0.001098018,-0.003551574,-0.001850084,-0.002019654,2.619268e-4,-0.003005103,-0.00529474,0.004074678,-4.267495e-4,0.005614048,-0.002384663,0.002318212,1.455664e-5,0.001244734,-0.001048383,-8.741553e-4,3.336365e-4,-6.791394e-4,-0.001657624,0.0011292540000000001,0.002226974,-0.003385787,-0.002524118,-9.899797e-4,-0.001391607,0.002278356,0.002628833,-0.001659164,-0.001117912,-3.620726e-4,0.00167876,-0.001513621,-0.00214998,2.312062e-6,0.002455491,-3.063498e-4,0.002022784,6.044002e-4,2.91146e-4,1.87887e-4,-2.697492e-4,-9.674555e-4,9.103113e-5,-0.001229564,9.795706e-4,3.075974e-4,0.00015390910000000001,4.356589e-4,-5.519497e-4,8.744602e-4,0.001993861,0.001991759,0.002031275,0.003173533,0.003156046,0.005397655,0.006402763,0.006708525,0.009689734,0.00790487,0.01545741,0.1221038,0.5702777,0.8737333,0.5710762,0.1855121,0.03833917,0.02096101,0.02252348,0.02547967,0.02824897,0.03292151,0.03765471,0.04650388,0.05179635,0.05865086,0.06656008,0.07392165,0.08290723,0.0889749,0.1008682,0.1111973,0.1224051,0.1332138,0.1502063,0.1578418,0.1708894,0.1827245,0.1968294,0.2101417,0.2300093,0.2445691,0.2541166,0.2721034,0.2853467,0.2987414,0.3155459,0.3241098,0.333743,0.3426537,0.3578027,0.3594684,0.3735862,0.3772897,0.3870622,0.3915832,0.3993267,0.4007305,0.4108719,0.4125211,0.4138477,0.4163656,0.4196767,0.42267709999999997,0.4279418,0.4291737,0.4393885,0.4383123,0.4434091,0.4409206,0.4452251,0.4593552,0.4639184,0.4767263,0.4846727,0.5068212,0.5344027,0.5495879,0.590417,0.6370611,0.6696716,0.7110626,0.7450259,0.7865275,0.8130287,0.8535659,0.8873128,0.8782384,0.9335674,0.937798,0.9826873,1.438831,2.451508,2.594853,1.458396
473.744,0.01191301,0.013584,0.005752173,6.867812e-4,0.001371417,0.01406445,0.024098,0.001250491,0.006829899,0.01967205,2.908044e-6,-0.003039844,0.002959817,0.00439128,0.007768021,0.002111772,0.004392595,0.001517744,0.001989663,1.871028e-4,-0.002509685,-2.745752e-4,7.316368e-4,0.002998563,-1.160978e-4,0.004214877,-4.711435e-4,-0.001854195,0.001524183,-0.002208202,2.189003e-5,3.222106e-4,0.008872773,1.435391e-5,0.005076946,-0.006115473,0.001069102,-0.001543723,0.007828418,0.004577456,0.001579055,0.003690112,0.005622385,0.004371181,0.008824551,0.005069962,0.004174585,0.002179309,0.003197786,0.006749003,0.003099845,1.136154e-5,-4.392627e-4,2.255417e-4,0.005179576,-5.844473e-4,0.007966316,-7.509761e-4,0.004444577,0.004300419,0.001912105,-6.976492e-4,0.004101616,0.002203861,-3.092317e-4,0.004386102,0.004440898,0.0016782,8.824459e-4,0.001987301,2.746156e-4,0.001741515,-1.19152e-4,0.003059427,0.001888396,0.004991107,0.001190495,0.00312295,0.002047125,0.002295812,0.003843137,0.003001373,2.11018e-4,2.813934e-4,0.001733902,0.001395392,0.001899731,8.860518e-4,-8.505646e-4,6.733765e-4,-3.950894e-4,0.002095984,2.413128e-6,6.5923e-4,0.001254475,3.999636e-4,1.441676e-5,0.001988139,0.002217394,0.00498338,0.005295804,0.005540163,0.008694052,0.008937214,0.01050061,0.01450884,0.07156218,0.3934405,0.8432997,0.7020741,0.2525669,0.04392378,0.02004803,0.02299446,0.02482612,0.02800245,0.03122072,0.03578461,0.04198699,0.0485555,0.05698653,0.06464385,0.06960428,0.07964703,0.087463,0.09594705,0.1048023,0.1161972,0.1249705,0.1396196,0.1483275,0.160898,0.175099,0.188168,0.2018043,0.2150239,0.2257697,0.2412243,0.2570613,0.2736087,0.2831546,0.2959738,0.3117125,0.3211501,0.3341655,0.3446822,0.3500347,0.3573298,0.366142,0.3722735,0.3793843,0.3853752,0.3903873,0.4011032,0.3998139,0.4042471,0.4064094,0.411453,0.4130657,0.4148897,0.4161866,0.4233886,0.4252981,0.434098,0.4364945,0.4390266,0.4435666,0.451264,0.4659148,0.4688722,0.4959375,0.5014514,0.5222889,0.5583393,0.5915805,0.6321677,0.676502,0.7148638,0.7481436,0.7734738,0.8061899,0.8472583,0.8670976,0.8828937,0.9385939,0.9601816,1.069251,1.721705,2.658786,2.237878,1.135422
476.065,0.01254734,0.01485885,0.003848926,0.01124681,0.02477767,0.0060124,0.007824462,0.01113439,0.01847652,-4.654877e-4,0.003041392,0.008063185,-0.001706395,0.003428944,-6.183461e-4,0.008630625,0.001935332,5.778435e-6,1.912762e-5,0.004716636,0.001181302,0.003116882,0.002994379,-0.001250061,0.003873727,0.001927795,-1.190016e-4,-2.487455e-4,0.002500781,0.003223895,0.006807474,0.01012209,0.01070226,0.02446228,0.003760893,0.004611082,0.01076095,0.009655812,0.002743843,0.009733558,0.006498953,0.001240187,0.007080119,0.007508442,0.007090216,0.01149468,0.005824269,0.007595302,0.006038769,0.001991461,0.002833367,0.005519702,-0.002035385,0.007398439,0.001299178,8.084334e-4,0.002795676,0.006898014,0.006667866,-0.001588856,0.006272728,3.450313e-4,0.00340729,3.648326e-4,0.003813681,0.004205914,0.002201764,0.001987885,0.005886499,-0.003389791,0.00232278,0.00532528,0.002198815,0.002557215,0.004001884,0.003886768,9.564698e-4,0.003475314,0.003489813,0.003833318,0.004896774,0.002694904,0.003316628,0.002156268,0.002101869,0.002949883,0.001542651,0.003343526,0.004611807,0.001570228,0.002172018,0.002401128,0.001936732,0.001083865,0.001326416,0.002195131,0.003392095,0.001861936,0.004109473,0.00519362,0.00451095,0.006683488,0.007738096,0.009535208,0.01236754,0.05055942,0.2873499,0.7225648,0.7569999,0.3249343,0.06715443,0.02147317,0.0208815,0.02336806,0.0266275,0.03079007,0.03383542,0.03906271,0.04668379,0.05210861,0.05926264,0.06510892,0.07356598,0.081285,0.0902299,0.09765869,0.1091606,0.1209256,0.1295289,0.1416854,0.1527855,0.1643364,0.1777008,0.1896963,0.204068,0.2157157,0.2274224,0.241111,0.2548493,0.2710478,0.2840143,0.2940365,0.3040748,0.3152217,0.3287371,0.3398026,0.3452291,0.3525528,0.3564413,0.3648352,0.3733979,0.3784815,0.3850849,0.3920979,0.39014,0.3948165,0.3975711,0.402218,0.4034521,0.4041904,0.4091916,0.4169732,0.4144873,0.423254,0.4254664,0.4294255,0.4329313,0.4409061,0.4573362,0.4612392,0.4834063,0.4961507,0.5180862,0.5512176,0.5743274,0.6179616,0.6625462,0.7100564,0.7402456,0.7734903,0.7938796,0.8285593,0.850263,0.8748612,0.9195772,0.9270782,1.225348,2.109671,2.586342,1.759327,1.088035
478.387,-0.01103541,-5.422747e-4,-0.007920407,-0.01161367,-0.005035427,0.008079008,-0.01278253,0.007499411,-0.007696109,-0.01795011,-0.008082785,-0.005206247,-0.007794807,0.001276463,-2.738893e-4,-2.218823e-4,-4.879778e-4,-0.002942371,-0.001051865,-7.191338e-4,5.315899e-4,0.001143709,-3.144205e-4,2.513132e-4,0.00036487550000000003,1.755805e-5,-0.004377686,2.490921e-5,-0.001486991,-0.001000569,-0.004218306,-0.005867653,-0.004313407,0.001695479,7.358169e-5,-0.003364597,-0.003957851,-0.01139209,-0.002953452,-0.004781678,-0.002070935,4.757041e-5,-0.006384896,-0.005092546,-0.001366445,-0.003799973,-0.005983566,0.001962935,-0.004111021,2.962177e-4,1.694483e-5,-0.002476621,-0.007214355,-0.005754858,-0.004031829,-0.004896843,-9.499252e-4,6.172862e-4,2.026738e-4,5.517054e-4,-1.494226e-4,-0.001002348,-0.00165487,-0.001474568,1.95095e-4,-7.765469e-4,-0.004818648,-5.681059e-4,-1.262197e-4,-0.001098354,-0.004042128,1.828357e-5,-6.235108e-4,5.334642e-4,-5.880641e-4,-0.001654484,-0.00196529,-0.0024866380000000002,-5.380935e-4,-5.254504e-4,-1.821127e-4,2.893503e-5,-0.001576087,-0.001242168,1.1659e-4,-4.269066e-4,-5.214227e-4,-9.432823e-4,-0.001091766,-0.001375363,-3.78223e-4,0.0014794,3.886882e-4,-2.615003e-4,0.0016013,8.869609e-4,-4.192626e-4,0.003401588,0.004332198,0.004166503,0.006673962,0.006304541,0.008863092,0.009368896,0.02872238,0.2408535,0.6691671,0.8228596,0.4170379,0.09148683,0.02208452,0.02001722,0.02142171,0.02542149,0.02704987,0.02968614,0.03667959,0.03950701,0.04579686,0.05275464,0.06006279,0.06831683,0.07603583,0.08361847,0.09381084,0.0991129,0.1096266,0.1192514,0.1292159,0.142675,0.1552811,0.1680669,0.1764045,0.1897956,0.2021196,0.2127672,0.2291484,0.2419436,0.2531865,0.2687241,0.2800006,0.2906416,0.2963696,0.3131047,0.3201327,0.3278069,0.3338131,0.3434828,0.3529122,0.3547986,0.3607469,0.3679021,0.3718206,0.3810241,0.3808925,0.3861758,0.3874043,0.3847474,0.3940002,0.3910001,0.3996602,0.4035958,0.4093187,0.4174917,0.4159011,0.416738,0.4297169,0.43413620000000003,0.4392552,0.4608583,0.4620713,0.4861383,0.5068625,0.5394371,0.5714726,0.6058635,0.647834,0.6767917,0.7256205,0.7512222,0.7814667,0.8019715,0.8289168,0.8730465,0.8673381,0.9385604,1.443315,2.404419,2.122487,1.267217,1.039623
480.709,0.01765612,0.009432321,0.01136269,0.007129067,0.009737782,0.006051298,0.008335535,-0.007290067,0.006671622,0.009291556,0.01481709,0.004284477,0.00636227,0.004681872,0.007677098,0.008327889,0.003800263,0.006968124,0.003520392,0.002256713,-0.001509201,5.577498e-4,1.223732e-4,0.001711349,0.003270023,0.001908897,0.002749427,-2.419627e-4,0.003287022,0.004050643,0.00473012,0.01209651,0.004383044,-0.002028689,0.01212173,0.006842715,0.005337467,0.01725683,-9.261557e-6,0.001829564,0.01196258,0.006941551,0.00470231,0.003713993,0.004793437,0.004187355,-5.298474e-4,0.003768737,2.634936e-4,9.913728e-4,4.998951e-4,0.005942925,0.00273497,2.398144e-4,0.006203694,0.006758317,-0.001747991,0.001167821,9.294539e-4,0.004627214,3.550247e-4,0.003103004,0.005736992,0.004519184,0.005412547,0.002738484,0.002509907,0.006660592,0.003044375,4.328071e-4,0.002185912,0.001721475,0.002087264,0.001889393,0.001370805,4.887376e-4,0.001295541,0.002632342,0.002002437,0.00228523,0.001068782,3.068509e-4,5.938071e-4,0.001749399,0.003589726,6.385631e-4,0.001707144,9.177149e-5,0.00110686,9.838475e-5,6.393519e-4,0.00253173,0.003329573,0.00106721,0.001589008,0.003624754,0.003757828,0.004477993,0.007018066,0.007317467,0.00908532,0.008863155,0.01017289,0.01870971,0.1671462,0.6155554,0.8759094,0.5753003,0.1445401,0.0263539,0.02076622,0.02167085,0.02388096,0.02618032,0.03122264,0.03393422,0.03774478,0.04399518,0.05072252,0.05644013,0.06556522,0.07235361,0.07967447,0.08582938,0.09587273,0.1007117,0.1130171,0.124071,0.1328291,0.1453354,0.1566365,0.1663919,0.1839255,0.1935651,0.201379,0.21709030000000001,0.2289677,0.2404649,0.2528992,0.2634459,0.278086,0.2861598,0.2970158,0.3102835,0.320745,0.3270896,0.3315053,0.3407878,0.3444313,0.3494956,0.3593367,0.3588319,0.3668743,0.3727424,0.3763721,0.3742553,0.3769791,0.385213,0.3836831,0.3869474,0.3905733,0.3909626,0.3913911,0.4032514,0.4074992,0.4169827,0.4192475,0.428169,0.4383885,0.4501617,0.463215,0.4855957,0.5061898,0.528997,0.5598569,0.6027015,0.648594,0.667425,0.7135771,0.7299372,0.7662844,0.7974891,0.8431789,0.8715058,0.8864486,1.069338,1.792941,2.378187,1.78243,1.111838,1.030302
483.032,0.0176989,-1.787894e-5,0.006229709,0.005260846,-0.007028813,-0.008583877,-0.008347986,-0.001187753,0.02109319,0.01268255,0.001883335,0.003056823,0.002218591,-0.002151687,9.878711e-4,8.95783e-4,0.008931594,1.27499e-5,0.002846324,-0.003384957,-0.001152469,-0.001680146,-5.876359e-4,-4.541355e-4,-2.25909e-4,-0.00130834,-2.312433e-4,6.200629e-4,2.827711e-4,3.818226e-6,-2.188397e-4,-0.003538361,0.002542515,-0.00700968,-0.004557329,7.652161e-4,4.844031e-6,0.002485635,0.003917369,-0.005689916,-0.006134797,-3.193098e-4,-0.001759699,0.004316709,0.001973491,0.007217145,0.003576831,0.004578812,-2.332659e-4,0.001242183,0.00140454,0.002988074,-0.003155952,-8.850888e-4,0.007051339,0.001231181,0.003759012,7.784814e-4,-5.512819e-4,-0.003187892,1.429411e-5,-0.002561834,-0.002197,0.004685798,-1.528559e-4,-0.00240767,0.001264317,0.003027898,0.001606774,0.002947202,-0.001480218,6.702478e-4,-5.061034e-4,0.001256977,-0.004675446,0.001326711,0.001994492,2.323311e-4,-6.650285e-4,1.123224e-4,6.307943e-4,0.001737885,0.001596072,0.00164986,-0.004708598,1.676298e-6,5.423931e-4,5.325652e-4,8.495972e-4,7.408895e-4,-7.336461e-5,8.27106e-5,2.257482e-4,2.947239e-4,0.001451779,0.002531085,0.004466768,0.004440297,0.00432405,0.005862787,0.008393063,0.009629854,0.0133277,0.1046251,0.4786249,0.8592222,0.671212,0.2304086,0.03585885,0.01901423,0.02122463,0.02201396,0.02484213,0.02755329,0.03080293,0.03415268,0.03939587,0.04624263,0.05314157,0.0588109,0.06548051,0.07505505,0.08162902,0.09102763,0.09818878,0.1049566,0.1173643,0.1271761,0.1361076,0.1446499,0.1570664,0.1655558,0.1791229,0.1926418,0.2053869,0.2150605,0.2286175,0.2415265,0.2501146,0.2631118,0.2714137,0.2853437,0.2952979,0.3043003,0.3116307,0.3181021,0.3285581,0.3327889,0.3377833,0.3445231,0.3504918,0.3511537,0.3631297,0.3599721,0.3643019,0.3707123,0.369185,0.3685754,0.3733721,0.3809653,0.3822662,0.3857333,0.3927781,0.3957885,0.4004107,0.4044808,0.4113483,0.4171664,0.4289323,0.443493,0.4578119,0.4749577,0.4974767,0.5262614,0.5601299,0.5925375,0.6287811,0.6672881,0.7016025,0.7315114,0.7560806,0.7790254,0.814759,0.8434499,0.8730929,1.271487,2.076958,2.245992,1.368906,0.9931865,0.9762056
485.356,0.001959881,0.01017096,-0.00433665,-0.00170697,0.001982752,0.008701944,0.01097373,0.01842058,0.004020886,0.004900877,0.00150813,0.007801212,0.003693085,0.003742518,0.00196665,0.002687307,0.001935362,1.436165e-5,0.004652718,3.655907e-4,0.003510798,0.004233573,0.002274232,0.003540778,0.004216595,6.232228e-4,7.182624e-4,0.001979062,-9.524966e-4,-0.001179229,6.913614e-4,0.01126882,0.005178169,0.01277477,0.005893581,0.0148609,-0.001967517,-0.002133586,0.0120015,0.007889281,0.001574614,0.003045161,0.00736047,0.001441546,0.007343749,0.01114092,0.005800769,-0.003785587,-5.175586e-4,0.01211011,-9.014314e-4,0.002763786,-0.002031367,0.001125016,-0.001268115,-0.003081325,0.002768116,3.998618e-4,0.005918678,0.004822299,0.001059498,0.003764235,5.218735e-4,0.003529656,0.001982394,0.002109278,0.003760707,0.004411977,0.00206041,0.004932554,0.001101412,6.678764e-4,0.004273253,1.236401e-5,0.003236083,1.286748e-4,9.352836e-4,7.093523e-4,0.00257349,6.686101e-4,0.002538541,0.003099565,-8.91484e-4,1.047878e-4,2.906361e-4,-6.221955e-4,0.001440859,0.003682645,-3.280731e-4,8.257697e-4,0.002955503,7.801884e-4,0.002230568,0.00294053,0.00414611,0.002266252,0.005821896,0.006101494,0.006637059,0.007291213,0.009121805,0.01127071,0.06675941,0.3693762,0.7991491,0.7317628,0.2964274,0.05467834,0.01868948,0.01973907,0.02189266,0.02454606,0.02622061,0.02931583,0.03292663,0.03945457,0.04360735,0.04822196,0.05555449,0.06126642,0.06942974,0.07659078,0.08350359,0.09226777,0.1035179,0.1066088,0.1166853,0.1289739,0.1354009,0.1509043,0.1583614,0.1707991,0.1818117,0.1941388,0.2015304,0.2160878,0.2279172,0.2360235,0.2459518,0.2611501,0.2718396,0.2790741,0.2902953,0.3040189,0.3075011,0.3171584,0.3212046,0.3295232,0.3336664,0.3419435,0.3456186,0.349107,0.3525419,0.3537628,0.3573551,0.3633285,0.3642719,0.3634374,0.3680154,0.3722768,0.3729299,0.3749331,0.3799782,0.3903536,0.388142,0.3995805,0.4048466,0.4206765,0.4273019,0.4366684,0.4508054,0.4778289,0.4967664,0.5241287,0.5565481,0.5856335,0.6193182,0.6684531,0.6929692,0.7288189,0.7501589,0.7775788,0.8033624,0.8023197,0.9530334,1.57009,2.258771,1.867397,1.069934,0.9648077,0.8923362
487.68,0.009150894,0.01822713,0.0100837,-0.01061141,0.01098109,0.003951161,-0.003265931,0.002458617,0.007795455,9.631587e-4,0.005594748,0.002260422,0.007410352,0.01053142,0.003857495,0.002961614,0.002984218,0.006235415,-5.315893e-6,9.41644e-4,0.001015311,0.001128489,-0.002027558,-0.001589856,0.003962532,0.001428455,5.885649e-4,0.002330543,0.004949926,0.001529067,0.002703007,0.005926475,0.01246003,-0.00365426,-8.188793e-4,0.013732340000000001,0.006698049,0.007131699,-8.861489e-4,8.986488e-4,0.004307771,-0.004784963,0.01174644,0.009471359,0.01096471,0.002781538,0.002774027,0.003238547,-0.001549097,0.001261708,0.004439787,0.005506574,0.004812658,-0.001321723,0.001506077,0.00142703,0.001586283,0.003240642,0.001282445,0.00408174,8.45221e-4,0.002588954,0.002030413,6.838007e-4,-0.002136337,-0.001282691,0.001695514,0.002875199,0.001764775,5.622088e-4,-2.723481e-4,0.003688825,-7.902824e-4,-0.00113525,-8.672952e-4,0.001932218,8.336419e-4,-0.001846725,5.564479e-4,2.186943e-4,4.403869e-4,9.271486e-4,0.001894704,0.001566729,-5.789812e-6,0.001192258,9.968874e-4,7.108304e-4,-0.002037843,1.710568e-4,0.001443315,1.592136e-4,0.001191078,0.001577833,0.002430078,0.007287272,0.006009735,0.007093495,0.008163697,0.008311572,0.01375157,0.04322026,0.2961157,0.7458974,0.81869,0.3708927,0.0776181,0.01974741,0.01943297,0.02080383,0.02324938,0.02537189,0.02801707,0.03129674,0.03555918,0.03870746,0.04560061,0.05228241,0.05712365,0.06474471,0.07289204,0.08025222,0.08728605,0.09585271,0.102643,0.108657,0.1216502,0.1303566,0.1406191,0.1468199,0.1612236,0.172681,0.1809188,0.1912642,0.2040442,0.2139891,0.2245333,0.2372328,0.2457584,0.2586464,0.2716089,0.2803914,0.2876472,0.2987583,0.3014583,0.3110537,0.3152702,0.3219659,0.324787,0.3280608,0.3349786,0.3369411,0.3434753,0.3462451,0.349907,0.3585325,0.3545866,0.3584287,0.3605424,0.3604668,0.3644427,0.3727947,0.372908,0.3777771,0.3816245,0.3924557,0.4011602,0.409729,0.4170542,0.4317796,0.4491359,0.4630378,0.4877538,0.5231438,0.5492391,0.5771891,0.6202561,0.6590984,0.6844208,0.722734,0.746759,0.7679282,0.7829891,0.8249999,1.063478,1.800933,2.135672,1.472419,0.9722347,0.9000659,0.9745185
490.005,7.425141e-4,0.009502569,0.003204075,-0.00875719,0.01817287,-0.01318562,-0.002525377,-0.007306465,-0.002191205,0.002465482,-0.003322818,-4.766992e-4,0.003696301,-0.0061909,3.452338e-4,0.005366637,-0.009456228,1.220302e-5,2.38203e-4,3.08773e-5,0.001174695,-0.001542126,-5.912661e-4,0.001372199,0.001061118,9.624246e-4,7.266422e-4,6.21238e-4,-0.003559382,0.001380177,0.003856565,0.0024113,0.001506444,0.003307241,-0.007906258,0.005343964,0.001360205,0.003095207,-0.002657162,0.008773619,-0.003040636,0.003931244,-0.001133509,-0.002264921,0.001708577,0.00222739,8.643051e-4,0.003534665,-7.590872e-4,-2.058154e-4,9.554632e-4,0.003220864,0.0025293,2.139737e-5,0.003888764,-0.006366441,0.005916967,0.003461197,-0.002568256,0.001784212,0.001737211,0.001213617,0.003239561,-0.001476678,-0.002118163,-4.814711e-4,-1.557861e-4,-0.001339192,-0.002037959,0.002420541,0.002185166,-0.002501357,-2.370415e-4,-1.271036e-4,6.2348e-4,-4.689167e-4,0.002122519,0.001381362,0.001128701,9.987237e-4,0.002872694,-7.162618e-4,-0.001978231,5.959118e-4,9.577652e-4,-0.001642902,0.001177813,-8.688798e-4,-0.00118333,8.36561e-4,0.001050263,0.001717458,0.001047537,0.002591147,0.003467417,0.004659613,0.00455182,0.007589461,0.007415272,0.00879283,0.02187003,0.2174787,0.7010426,0.8936235,0.5031007,0.1144511,0.02160315,0.01805923,0.01920707,0.02287503,0.02462368,0.02586217,0.02844018,0.03309189,0.03766768,0.04124895,0.04642473,0.05222911,0.05878181,0.06561226,0.07382651,0.0808847,0.08919377,0.09627485,0.1062617,0.1121782,0.119963,0.1327464,0.1391655,0.1488998,0.1633755,0.1711922,0.1831055,0.1910282,0.201508,0.2125871,0.2236627,0.2341353,0.2453533,0.2553058,0.2650581,0.2739479,0.2834841,0.2891827,0.2977716,0.3034035,0.3122854,0.3150064,0.3169231,0.3232004,0.3326569,0.3297358,0.3337803,0.3415047,0.3454743,0.3443326,0.3450306,0.3460257,0.3447446,0.3522111,0.3579131,0.3591804,0.3635666,0.3771925,0.3791936,0.3850255,0.3916504,0.3960287,0.4119013,0.4177628,0.4312976,0.4648789,0.483643,0.5080734,0.5552748,0.5727894,0.6156181,0.630983,0.6737149,0.7021795,0.7310616,0.7445621,0.7708898,0.8126869,1.321373,2.000968,1.871384,1.124596,0.8653201,0.8691652,0.8796125
492.331,-5.937151e-4,-0.008030522,-0.0080761,-0.002290589,-0.009666763,-0.01451581,-0.005770845,-0.004199793,3.770253e-5,0.00493669,4.302927e-5,-0.002738783,-0.003899623,-9.02615e-4,-0.006076656,-0.008262838,-2.524916e-4,-0.007222358,-0.0041639549999999996,-0.00505791,-0.002321753,0.001691805,-0.003446598,-0.002043027,-0.001388221,-0.001414879,0.001205395,0.002451644,-0.002742023,-6.752387e-4,-0.006522315,-0.00445053,-0.007309111,-0.01439234,-0.003737783,-0.007592305,-0.009687607,-0.00152105,-0.003594954,0.003634922,-0.00426351,-0.00813704,-0.001142726,-0.002844523,0.001423124,-0.001375128,-0.003297864,0.001091485,-0.00156575,-0.002958189,1.905222e-5,2.657063e-5,9.026694e-4,4.664332e-4,-0.001483633,-6.036132e-4,-0.001172206,-0.003033857,-0.003132434,-5.16958e-4,-0.002594237,0.004131747,2.712311e-5,-0.004991634,0.001168732,-0.004993811,-0.003752289,-0.004231863,-4.36305e-4,-0.001391908,7.160317e-6,0.001468338,-6.386299e-4,-0.001897434,-6.097208e-4,-5.900415e-4,-0.0030489,5.859631e-4,9.144661e-4,-3.146377e-4,3.21639e-4,-4.979911e-4,-7.070851e-6,-0.002034283,-0.002253871,1.894346e-4,-0.003657539,-0.001481774,-8.398918e-4,-4.879671e-4,-0.001503341,-0.001068705,-1.976653e-4,0.001375598,0.004016889,0.00386726,0.006223337,0.006799472,0.009189197,0.01219856,0.1236193,0.5695792,0.9107553,0.6360501,0.1872837,0.02863017,0.01814344,0.01847864,0.02073825,0.02165502,0.02562975,0.0274433,0.02981148,0.03341572,0.0388813,0.04375747,0.04819648,0.05363464,0.05930691,0.06724997,0.07551075,0.08099296,0.08852191,0.09660848,0.1048307,0.1136032,0.1225136,0.1313238,0.1403558,0.1485642,0.1610435,0.1712547,0.1824209,0.1924415,0.2003646,0.2132634,0.2216214,0.2319519,0.2418395,0.2495541,0.2597729,0.2703617,0.2801187,0.2840896,0.2927344,0.3000149,0.3032173,0.3068777,0.3141302,0.317716,0.3174729,0.3240362,0.3269211,0.330833,0.3331287,0.3311481,0.3362453,0.3346036,0.3427369,0.3431548,0.3503302,0.3575287,0.3577928,0.3648299,0.3713884,0.3776213,0.3822241,0.3903337,0.4061622,0.4183436,0.4307235,0.4492012,0.4722141,0.4874694,0.5232261,0.5612561,0.6053203,0.6400973,0.6571543,0.6843836,0.709749,0.7284956,0.7628163,0.8790445,1.532002,1.9802,1.436589,0.9051545,0.794689,0.8629634,0.7988456
494.657,-0.002523413,-0.006651555,-0.008059881,-0.006421581,0.003962974,0.006642488,0.01934861,0.0117091,-0.01988684,-0.001938596,0.001521339,-0.00222855,0.002947739,-0.003682315,-5.877805e-4,-0.007058417,0.004604842,-0.001244195,-0.001501789,0.002274198,0.002194387,-6.91477e-4,-4.66761e-4,-0.002703565,-0.001852321,-0.001766297,-0.003428237,-7.253852e-4,2.90479e-4,0.002542551,-0.00940908,-2.469823e-4,-0.002518238,-0.00284311,-0.002866463,-0.002993108,-0.009627088,9.563134e-4,-0.007736097,3.531998e-5,9.642827e-4,-0.006888575,-0.002592938,-0.001989709,-0.001953516,-0.003585709,0.002232999,-0.002662683,-0.004111611,-0.002454391,-0.006046239,-0.004093578,-0.002966775,6.986368e-4,0.001318692,-0.004278403,0.002576185,-1.64829e-4,-0.003274147,7.315735e-4,-0.002217704,-0.003222023,7.148807e-4,-0.002643361,8.354656e-4,0.001616602,-0.001859325,-0.003905601,1.601087e-4,-0.002792206,-0.001898547,0.001605497,9.211043e-4,-0.002264315,-5.963255e-4,-8.347899e-4,1.37341e-4,-0.001596182,-1.05615e-4,-6.2416e-4,1.992795e-6,8.352747e-4,-0.001377544,-1.719851e-4,-0.001587871,-0.001644687,-1.660174e-4,0.001668823,1.759854e-4,0.001490916,0.001604078,0.001866844,0.003945599,0.004243798,0.002777784,0.00577688,0.005892763,0.007522904,0.01023549,0.0738773,0.4192447,0.8519853,0.6860296,0.2509527,0.04315547,0.01575817,0.01799815,0.02016111,0.02191363,0.02333695,0.02645452,0.02873901,0.03247621,0.03608964,0.04011184,0.04485404,0.05063007,0.05590142,0.06289906,0.06975109,0.07758848,0.08396313,0.08981947,0.09922449,0.1059252,0.1133394,0.1214962,0.131366,0.1410858,0.1484107,0.1610631,0.1714106,0.1764724,0.1891351,0.1964599,0.2091486,0.2192898,0.2272727,0.2384126,0.2474354,0.2531077,0.2634136,0.272213,0.2765936,0.282742,0.2937537,0.2936552,0.301672,0.301885,0.3042338,0.3108633,0.3153751,0.3204153,0.3212335,0.3226898,0.3275357,0.327585,0.3274728,0.3313087,0.3342512,0.3374997,0.3435942,0.3521027,0.3564384,0.3598662,0.3673916,0.3758244,0.3878141,0.3996933,0.4057994,0.4237298,0.4375472,0.4730165,0.4903676,0.5209155,0.5546967,0.6034094,0.6193276,0.6345925,0.6684798,0.7011139,0.7179363,0.7574406,1.035575,1.711141,1.832619,1.112865,0.7755716,0.7841136,0.8169578,0.8060994
496.984,-0.005775013,0.01672589,-0.004395343,-0.001123053,0.01154561,-0.001273813,-0.01407234,-6.152873e-4,-0.01431325,-0.009692043,-0.008860876,-0.002485965,-0.004145097,-0.003703846,0.007674065,-0.00291911,0.001629685,-0.00693162,4.48633e-4,-0.005039392,-9.916529e-4,-0.001104182,0.002254836,-0.002029538,0.001870671,-3.569157e-4,-6.028886e-4,-0.001342571,-0.002581881,-0.003019191,-6.662828e-4,0.001189932,0.004389657,-8.027048e-4,-0.00952588,0.002265533,-0.002651106,-0.005823193,-0.002372818,0.002703367,0.001857145,0.00751213,5.783239e-4,-0.008831328,-0.006415297,0.001121727,5.602537e-4,2.940504e-5,-0.002055442,4.834031e-4,-0.007439471,-0.004533575,-0.004281696,-0.001090551,-0.009575806,-0.00693161,-0.002554986,-0.003012259,-8.998657e-4,-5.100325e-4,-4.41848e-6,0.001544131,-0.001664423,0.002329105,4.987322e-4,-0.002707742,-0.002332542,-0.002714841,0.001597946,-0.003654412,-0.002164474,-0.001308649,-0.004375115,3.893719e-4,3.714515e-4,0.001203062,-3.356053e-4,-0.00147569,-0.001214898,4.979042e-6,0.001798633,-0.001329141,-0.001285854,-8.688456e-4,0.001699979,8.251175e-4,7.172748e-4,-9.555997e-4,-9.239927e-4,4.656054e-6,-0.001014381,0.001931038,0.002669343,0.004215158,0.004066976,0.006616735,0.008079488,0.007745187,0.04547919,0.3013113,0.7804681,0.777151,0.3101478,0.05595621,0.01576515,0.01660309,0.0192166,0.02072524,0.02187986,0.02463421,0.02628054,0.03092414,0.03367838,0.03845393,0.04223419,0.0468895,0.05169443,0.05716227,0.06368151,0.07078267,0.07683643,0.08772468,0.09205062,0.09870711,0.1073405,0.1159353,0.1242857,0.1306175,0.1395616,0.1493799,0.1592861,0.1702607,0.1757019,0.1876885,0.1928026,0.204532,0.2153297,0.22309,0.2325404,0.2458374,0.2490519,0.2568896,0.2691415,0.2695382,0.2779293,0.2844683,0.2862369,0.2916906,0.2966589,0.3008645,0.3011384,0.3050103,0.31278,0.3110754,0.3143169,0.3165978,0.3196399,0.3187386,0.3218123,0.3238981,0.3339437,0.3312203,0.3398483,0.3449646,0.3525754,0.3556075,0.3629369,0.3753198,0.3808292,0.4029074,0.4110577,0.4384253,0.4583148,0.4799671,0.4995128,0.5423633,0.56659,0.6100285,0.6245889,0.6451936,0.6823464,0.711606,0.7944888,1.234697,1.796843,1.495213,0.8887796,0.7880782,0.8155494,0.8024939,0.7826052
499.311,0.01436383,5.99507e-5,0.003780946,-0.005235382,0.008385457,0.007309225,-0.00188374,-0.00606968,0.01053656,-0.002414944,-0.002201335,0.001252577,0.004884264,-0.001548794,0.004809557,0.005308681,0.005940295,0.001504741,0.001320987,0.002435821,0.002495885,2.759217e-4,0.00284699,-6.680362e-4,0.002684824,3.919714e-6,-3.584607e-4,-7.371035e-4,-0.002308052,0.004212578,0.006056353,0.01385156,0.004368445,4.410192e-4,0.005863724,0.006837656,0.009328271,0.005246669,2.966859e-4,0.004827426,-0.004892064,-0.002982093,0.004376962,0.004014878,-0.001096153,0.004169379,0.004127227,0.00296209,0.002892932,0.00495015,0.002106181,6.82052e-4,0.005424083,4.225878e-4,0.001080239,-0.001411918,7.792454e-4,0.002481754,0.009688059,-0.001924952,0.002940262,0.001534956,0.001861317,0.001185758,9.894009e-4,0.001765423,0.001543302,0.003323335,0.005248298,-6.849323e-4,0.001480626,0.0010568,-5.050363e-4,6.44289e-4,0.004437577,0.003244617,-8.191497e-4,-2.115109e-4,0.003114721,-1.047419e-4,-0.002308416,4.112486e-4,8.903731e-4,0.001446433,6.536358e-4,0.001554937,4.536304e-4,9.726074e-4,0.002619461,0.001807191,0.00365028,0.002383728,0.004369829,0.003659136,0.006672547,0.008445078,0.009057385,0.02904323,0.2336409,0.6934979,0.8694418,0.4290616,0.08074889,0.01765425,0.01649402,0.01855495,0.01918079,0.02196603,0.02455817,0.02639597,0.02972589,0.03160738,0.03575934,0.04069609,0.04460293,0.04898733,0.05439356,0.06134607,0.06500296,0.07302355,0.0768978,0.08908978,0.0963872,0.1006798,0.1069454,0.1169217,0.1243749,0.1323189,0.1412315,0.1484151,0.1605474,0.170108,0.17949,0.1868974,0.1964748,0.2041212,0.2123026,0.2237253,0.2284552,0.2417248,0.2444515,0.2514701,0.2631581,0.2708795,0.2777304,0.2767747,0.2796487,0.2840636,0.2865084,0.295605,0.2980355,0.2989838,0.2997132,0.3041445,0.3079198,0.3108164,0.3068426,0.3124804,0.3192763,0.3168078,0.3250808,0.3270506,0.3358049,0.3395891,0.3409161,0.350146,0.3601615,0.3648286,0.3783314,0.3880461,0.3987695,0.4215549,0.4499138,0.4751248,0.4946885,0.5297526,0.5579557,0.58994,0.6264134,0.6493343,0.6747104,0.7103341,0.8749133,1.45439,1.735177,1.181736,0.7747378,0.7520653,0.8308494,0.7973214,0.7968108
501.64,-0.01311539,-0.01481721,-0.01753581,-0.011727,-0.01224884,-0.001966708,-0.004583899,-0.008553882,-0.01770658,-0.004886467,0.00220771,-0.002764641,-0.01101359,-0.006160224,-0.00256295,-0.006798472,-0.007552809,-0.003493947,-8.795139e-4,-0.003006584,-0.002178187,-0.004635719,-0.001667399,-0.002725917,-0.002441319,-4.807666e-4,-0.003323875,-0.002086479,-0.004646918,-0.004540377,-0.01211121,0.002335908,-0.004022634,-0.00248723,-0.01169265,-0.009891108,-0.002362495,-0.003395815,-0.008676968,-0.006345787,-0.005820199,-0.006614589,5.530692e-4,-0.004273418,-0.007299353,-0.001145322,-2.673449e-4,-0.008593424,-0.008597042,-0.008156454,-0.001891763,-0.001613895,-0.01089501,-0.00597749,-0.00727152,-0.003275022,-0.004330264,-0.00133192,-0.006958284,-0.003189661,-0.006566181,-0.001521304,-0.001533171,-0.005325192,-0.00328063,-0.002725784,-0.002037065,-0.001812754,-0.003778817,-0.005763875,-0.003114118,-0.004356523,-0.006051494,-0.003030092,-6.2204e-4,-0.005530233,-0.001874077,-0.001708479,-0.002572451,-4.281592e-4,-5.321278e-4,-5.184205e-4,-0.001895887,-0.001067786,-6.487157e-4,-2.762768e-4,-2.317268e-6,-0.001564196,-9.272254e-4,7.484498e-4,-7.781905e-4,0.001857009,0.004515499,0.003797422,0.002636326,0.006687474,0.01575701,0.1669359,0.6020594,0.891257,0.5704373,0.1335146,0.0202203,0.01533937,0.01628375,0.0185593,0.01770611,0.02045033,0.02431194,0.02620364,0.02969939,0.03308917,0.03651058,0.04136865,0.04453952,0.04938575,0.0552619,0.05940454,0.06471164,0.07320313,0.07977867,0.08562751,0.09196428,0.09977825,0.1071112,0.1176798,0.1210244,0.1307819,0.1386084,0.1471357,0.1590508,0.1694289,0.1730971,0.1823827,0.1900308,0.2007977,0.205471,0.2152893,0.2241649,0.2342779,0.244913,0.2505391,0.2571289,0.2606192,0.2690852,0.2709188,0.2766856,0.2765747,0.2789124,0.2848595,0.2869557,0.2884943,0.2924297,0.296966,0.3000394,0.2983449,0.2990595,0.3032483,0.3044435,0.3096594,0.3096708,0.3147504,0.3230663,0.3325895,0.3334059,0.3380972,0.3460096,0.3567812,0.3659727,0.3754442,0.3953607,0.4210472,0.4346485,0.462574,0.4866668,0.5142289,0.5567003,0.5787677,0.6058617,0.6125661,0.658513,0.6822777,1.028389,1.606645,1.480779,0.8742733,0.731925,0.7103424,0.7196618,0.7004078,0.7569836
503.969,-0.01426878,-0.008715365,-0.01243469,-0.003465571,5.137399e-5,-0.02244707,6.813253e-4,-0.001707611,-0.01984434,-0.004286961,0.005910384,-0.005714301,0.003683311,0.005563806,-0.001902117,-0.001741958,-7.797029e-4,-0.002469935,-0.003276818,3.852355e-4,-0.003321179,-0.00348117,0.001427541,3.541031e-4,-0.002542684,-0.001524235,0.00178627,0.001234887,-0.001219031,-0.002186605,3.114736e-5,-0.004377929,-0.001809459,4.513855e-4,-0.004984359,0.006865659,-2.11707e-6,-0.002438757,-0.007423694,2.747503e-5,-5.711375e-4,0.001503093,-2.690633e-4,-0.002273479,-0.002787485,-5.308318e-4,-0.001068992,-2.616864e-4,-0.002332488,-0.005148618,-0.001369998,-2.082807e-4,0.003395532,0.006691417,-0.005735274,-4.006106e-4,0.002359859,-0.005296383,-0.004016264,-0.002639416,-0.002731317,-0.002192658,-0.003510698,-0.004804375,-0.004383911,-0.003022541,-0.003701135,-5.972671e-4,-0.001741742,0.001417499,-1.224526e-4,1.813627e-5,-2.469988e-4,-0.0038850069999999998,-0.001352806,-3.426527e-4,3.528794e-4,-2.189463e-4,8.979548e-4,0.001846519,-0.001674969,0.001645622,-0.002768289,-9.609673e-4,-7.42753e-4,-4.558591e-4,-0.002843957,0.002095982,0.001293799,0.001571094,0.002240273,0.002480021,0.006078179,0.005802416,0.007838955,0.01229981,0.1078093,0.5030876,0.8758464,0.6841898,0.2201332,0.03025668,0.01393954,0.01484374,0.01700571,0.01843579,0.02025567,0.02164358,0.02545223,0.02822069,0.03114631,0.03453504,0.03879892,0.04214401,0.04657705,0.0502093,0.05707008,0.06124627,0.06749686,0.07534189,0.0803331,0.08900846,0.0949283,0.1033512,0.1091714,0.1158485,0.1221284,0.1298698,0.1398542,0.1483934,0.1573412,0.1647651,0.1746693,0.18037,0.1888022,0.1942835,0.2044269,0.2131121,0.2186382,0.2298932,0.2357051,0.2410876,0.2501174,0.2568661,0.2586974,0.264733,0.2669626,0.2745458,0.2728577,0.2776364,0.277353,0.2846945,0.2844491,0.2882533,0.2896251,0.2911875,0.2892801,0.2955187,0.2993673,0.3007159,0.3054574,0.3116559,0.3161731,0.3186758,0.3250186,0.3303407,0.3379684,0.3497524,0.361876,0.3748392,0.3861862,0.414215,0.4216566,0.4592801,0.483768,0.5024011,0.5409328,0.5688158,0.5945862,0.6175797,0.6362691,0.7328752,1.249536,1.645951,1.222377,0.7567493,0.7220211,0.6985965,0.6798229,0.7181791,0.6883515
506.298,-0.01883874,-0.002678046,-0.01114974,-0.006401666,-0.003141086,-0.01383593,-0.02294009,-0.006580742,-0.008817491,-0.01207473,-0.001828078,-0.003472409,1.661157e-5,-2.958576e-4,-0.001588226,-0.006170477,-0.00509121,-0.007660198,-0.004788077,-0.001101192,-0.002638758,-0.001527228,-0.002949972,-0.003383535,-0.00381014,-0.002235407,-0.001287192,-0.003041618,-0.002719549,-0.002340398,-0.007378585,-0.003223759,-0.001451384,4.367042e-4,0.002067401,-0.001883501,-9.874843e-4,3.198584e-4,-0.003850984,-0.002417994,-0.005772823,-0.0143855,-0.005537511,-8.472693e-4,-0.005559973,-0.004149653,-0.006811648,0.001614667,-0.001294343,-0.002437597,-0.001848493,-0.006593662,-0.00722244,-4.469476e-4,0.00234696,0.002658647,0.001592512,-0.001323317,-0.003633014,-0.005796771,-0.003233706,0.002380346,-0.002845084,-0.001487051,-0.001787705,-0.003970635,9.319664e-4,-0.004215952,-0.002594787,-0.001121016,-0.002705399,-6.603748e-4,7.77711e-4,7.644137e-4,0.001116647,-0.001650121,-0.001382771,-8.968866e-4,-0.002007602,-0.001494945,3.171516e-4,-9.739606e-5,-8.79074e-4,-0.001634306,-0.003273151,3.769043e-4,-7.873779e-5,4.431674e-4,8.586625e-4,0.00385631,0.0025548,0.00392446,0.005192898,0.00408593,0.007909836,0.06421431,0.3871305,0.8307628,0.7658355,0.3077241,0.0468797,0.01159118,0.01400486,0.01547642,0.01719998,0.01812918,0.02125065,0.02189172,0.02637874,0.02916893,0.03287456,0.03577536,0.03849068,0.04341143,0.04776854,0.05162765,0.05671571,0.06177714,0.06762681,0.07637687,0.08268201,0.0881124,0.09631488,0.1022051,0.1078021,0.1124481,0.1233901,0.1290463,0.1387458,0.1479744,0.1531145,0.1621884,0.169966,0.1795422,0.1885142,0.1943148,0.1988118,0.2082006,0.21812,0.223221,0.23113620000000001,0.236282,0.2409687,0.2488023,0.2545412,0.2588444,0.2585272,0.2650731,0.2639276,0.2687721,0.2701963,0.2764943,0.2734102,0.2815777,0.2830243,0.2825885,0.2835659,0.2825213,0.2897616,0.2941124,0.2958567,0.3003895,0.3025802,0.3111272,0.318693,0.3231635,0.3336031,0.3410295,0.3505008,0.3625955,0.3826986,0.3987787,0.4193273,0.440488,0.4603645,0.5012794,0.5264387,0.5650195,0.5934079,0.6051932,0.62951,0.8566004,1.388739,1.482164,0.9344581,0.6970973,0.6961098,0.6482552,0.6595291,0.7337372,0.7749872
508.629,0.01754889,0.007417775,0.007518069,0.007595068,0.006405389,0.02437354,0.01411496,0.004293534,0.008897373,3.669615e-5,0.001879641,0.005254636,0.00150814,0.004330191,0.002883901,0.007094156,0.01340765,0.003231718,0.005257449,-0.002224942,0.001336892,0.007267399,0.003079862,5.778084e-4,0.001860723,8.434869e-4,3.677154e-4,7.484267e-4,0.001096982,0.006714341,0.004485205,0.004145603,0.007292736,0.01389922,-0.003283696,0.009486672,0.007345652,0.001255979,0.004183628,-0.0035318,0.001853345,-0.00353869,0.005826201,8.737224e-4,0.005038047,0.004712024,0.007956148,0.003509418,0.001097123,-0.006593557,-0.001833558,0.002968386,0.008587355,0.003128409,-0.002088499,0.001845618,0.002947093,-0.001866075,0.002742041,-3.33775e-4,0.004133589,0.003217314,0.005542477,0.003978526,0.004409081,0.001771863,-0.001989688,0.004828509,-6.966675e-4,8.482141e-4,0.002847816,0.005905225,7.785623e-4,0.004895953,-0.001448599,0.004431401,4.814006e-4,0.001727388,0.002125888,0.004003739,0.001684051,0.001447547,2.242442e-4,0.00184179,0.001972228,0.001011335,0.001165799,0.003825155,0.005323559,0.004673329,0.003744695,0.005146888,0.008253874,0.009666368,0.03224787,0.281911,0.7575513,0.8182615,0.3890858,0.07720262,0.01540223,0.01454102,0.01686061,0.01656612,0.02005507,0.02052556,0.02265706,0.02472027,0.02925819,0.03256148,0.0349135,0.03785773,0.0401727,0.04420868,0.04925486,0.05324849,0.05757503,0.06324584,0.06871489,0.07383414,0.08268307,0.09026148,0.09687367,0.1023165,0.1103229,0.1159186,0.1223489,0.1285595,0.138015,0.1444201,0.1526856,0.1601969,0.1667843,0.1739582,0.1845464,0.1911366,0.1984956,0.2059509,0.2111191,0.2170116,0.2244447,0.2317767,0.2368256,0.241812,0.2484653,0.2533876,0.2507292,0.2589822,0.2574931,0.2629846,0.2610069,0.2651505,0.2652976,0.2721879,0.2718621,0.2755713,0.2771513,0.2769526,0.2809338,0.2793667,0.2908516,0.2934907,0.298095,0.2988704,0.3108969,0.3172567,0.3308561,0.3381636,0.3454984,0.3583708,0.3806484,0.3883843,0.4130841,0.4348105,0.4599517,0.4888858,0.5243527,0.5535499,0.5798126,0.591314,0.6657735,1.021208,1.461632,1.279396,0.7681846,0.6688454,0.7013497,0.7239648,0.7103519,0.7346076,0.713501
510.959,-0.02054639,-0.01245377,-0.006128366,-0.01208371,-0.02345011,-0.01426114,-0.008191249,-0.02105892,-0.01582652,-0.01576542,-0.002883491,-0.00812785,-0.004562539,-0.01462225,1.840594e-5,-0.006671767,-0.006081432,-0.005625164,-0.006882596,-9.068978e-4,-7.979162e-4,-0.00760308,-9.22257e-4,-0.002576996,-6.6612e-4,-0.00232708,-0.003383378,-0.003249371,-0.003504721,-0.003318037,-0.001970706,-0.00403946,-0.002856146,0.004509931,0.002120562,-0.002546927,-0.007556133,-0.00150014,-0.01206108,-0.006813737,-0.007851379,-0.005329384,-0.003727556,-0.004487206,-0.00662048,-0.003539466,-0.005961133,-0.001017351,0.002075685,-0.002398225,-0.005037968,-0.00176886,-6.544648e-4,0.002869367,-0.003552783,-0.004008851,-0.006959359,-1.606138e-4,-0.002143738,-0.001023113,-0.003556813,0.003719849,-0.004131158,-0.003589274,-0.00563225,-0.004109014,-0.001851128,6.142849e-4,-9.980375e-4,-8.099442e-4,-1.06477e-4,-0.002594732,-0.002402375,-6.022852e-4,-0.001807836,-0.003067462,0.001749388,-0.001683671,-0.003836798,-0.003097558,-0.001230315,-6.99508e-4,-0.00245012,-7.835477e-5,0.001787355,-0.001066331,-0.00262186,5.329571e-4,2.824327e-4,0.002070097,0.002229615,0.003983668,0.008739673,0.01636328,0.1780859,0.6603384,0.8525102,0.467786,0.1116949,0.01653991,0.01348925,0.01338405,0.01491887,0.01461049,0.01792404,0.01758475,0.0222549,0.02559813,0.0272909,0.03168006,0.03475423,0.03773087,0.04099194,0.04491895,0.04867203,0.05318643,0.0586158,0.06231132,0.0696597,0.07328967,0.08047313,0.08775708,0.09555923,0.1013689,0.1056351,0.1124688,0.1204922,0.1254527,0.133629,0.1413255,0.1474393,0.1557405,0.1648723,0.1710018,0.1770135,0.1843143,0.191888,0.1964983,0.2037925,0.2139932,0.216372,0.2228339,0.2292596,0.2329222,0.2390466,0.2410205,0.2429231,0.2456576,0.2468541,0.2495015,0.2525454,0.2568135,0.2535202,0.2599301,0.261509,0.2647196,0.2659561,0.2687847,0.2662919,0.2722021,0.2811495,0.2829494,0.2875709,0.2913785,0.302754,0.3060088,0.3118453,0.3225421,0.3333759,0.3443926,0.3602457,0.3757079,0.4003416,0.4208493,0.4457751,0.4691138,0.5108936,0.5282839,0.5546843,0.5742603,0.7154068,1.178035,1.379859,0.971059,0.6434458,0.6217177,0.6189272,0.6374866,0.5947001,0.6428935,0.6868937
513.291,-0.003874587,-0.005949165,-0.01041512,-0.0138117,0.00641399,-0.01045971,0.01078017,-0.00294345,-0.01195035,1.425376e-5,-3.376824e-4,-0.00246709,-7.112733e-4,-0.003016661,-0.005334329,-0.01279295,8.043737e-4,-0.002931175,-0.001098296,0.001295943,-0.003776229,-9.692265e-4,-0.001975291,0.001686487,-0.002057733,-0.001156354,-0.001165547,1.282866e-4,4.111354e-4,-0.001310956,-0.001081641,-2.821392e-4,-0.008244771,0.0113313,0.009878374,-0.001495511,-0.004908752,-0.003637385,-8.831697e-4,-0.008275113,-6.059246e-4,-0.002641307,-0.003422269,-0.003363491,-0.004695062,0.00328445,0.00163345,8.013354e-4,0.007437765,-0.002666149,-0.002049167,0.007660247,0.002482807,-6.443986e-4,0.002957827,6.144849e-4,-0.004064122,-0.002811961,-0.005787236,-0.00313499,-0.002713805,0.004382841,-0.001157526,-0.003269602,0.001117369,6.273231e-4,-0.002152872,3.075944e-4,2.9598e-4,-0.004824406,5.359795e-4,-0.002479614,-0.004815216,-0.003473471,-0.002296613,-5.844249e-4,-0.001831049,-3.287855e-4,0.001432425,-0.001474048,-7.362876e-4,-0.001607418,0.001966189,-2.75332e-4,1.92163e-4,-2.590415e-4,0.003357091,0.004396547,0.002776277,0.004561248,0.004650054,0.00419513,0.009747684,0.1109546,0.5231014,0.8702537,0.5790826,0.1564093,0.02092914,0.01234033,0.01211637,0.01428801,0.01474628,0.01705698,0.01968216,0.02084486,0.02391744,0.02679255,0.02922638,0.032673,0.0363886,0.03954584,0.04194001,0.04483199,0.05044384,0.05493699,0.05802907,0.06290085,0.0689266,0.07684755,0.08374451,0.09031948,0.09392109,0.1012781,0.1070807,0.1127443,0.1191807,0.1245917,0.1324357,0.1395022,0.1502758,0.1540147,0.1586218,0.1654146,0.1747012,0.1818248,0.1892171,0.1930728,0.1993681,0.2045005,0.2100644,0.2160999,0.223734,0.2286128,0.2292011,0.2316247,0.2373002,0.2364446,0.2371856,0.2414189,0.2415641,0.2493682,0.2493968,0.2528435,0.2552434,0.2555087,0.2559901,0.2605704,0.2591813,0.2673452,0.2714513,0.2743342,0.2793845,0.2847453,0.2877761,0.3008339,0.3062339,0.3135604,0.3247834,0.3440828,0.3553183,0.3701383,0.3891334,0.4072756,0.4370408,0.4657956,0.5022989,0.5148418,0.5342515,0.5838586,0.8359334,1.291808,1.22809,0.7681781,0.6209113,0.6094068,0.6094972,0.597945,0.6382103,0.6073374,0.6585116
515.623,-0.004531182,-0.01387807,-0.00367736,-0.02882413,-0.01205857,-0.01500641,0.006328529,-0.01022097,-0.01467711,-0.008097314,-0.01241082,-0.00146191,-0.006259861,2.869522e-4,-0.005977515,-0.006690025,-0.003447507,-0.004879264,-0.002807082,-0.002189515,-0.004917694,-0.001797188,-0.001181771,3.255345e-4,-0.002289664,3.519259e-4,-0.00105201,7.954786e-6,-4.0625e-6,-0.002990661,-0.006190172,-0.007543563,-0.01472693,-0.01697416,-0.01602039,-0.008618637,-0.00133663,-0.009708484,-0.002643736,-0.01153914,-0.005428316,-3.00896e-4,-0.009498734,-0.007591829,-0.01104544,-0.009580269,-0.005400534,-1.583609e-5,-0.002063777,-0.005106533,-0.006212717,-0.007648854,-0.006270674,-0.004801147,-0.006298811,-0.006246462,9.593895e-4,-0.003364495,-0.006320367,-0.005039244,-0.00322155,-0.006209372,-0.004146829,-0.003452873,-0.002903372,-0.005669536,-0.003376094,-0.00340298,-0.003880867,-4.229509e-4,-0.002270582,-0.004158224,6.239072e-4,-0.003482305,-0.003038848,-0.003553309,-6.847683e-4,-0.001344309,-0.002636296,-5.230778e-4,-0.001033074,-0.001112021,-0.003330241,-0.001699422,-0.002493302,-8.908866e-4,0.002483405,0.001737308,0.001862987,0.002610878,0.003234224,0.0068403,0.06446854,0.396704,0.8421103,0.680667,0.2243874,0.03161358,0.01194866,0.01310012,0.01283732,0.01381264,0.01611271,0.01755938,0.01789149,0.02144429,0.02533479,0.02575231,0.03076298,0.0335505,0.03613985,0.03907022,0.04201456,0.04618723,0.04998175,0.0528215,0.05909055,0.06536145,0.06819663,0.07482524,0.08240714,0.08914783,0.09386013,0.09908447,0.1046385,0.109358,0.1168565,0.1238096,0.1287058,0.136703,0.1421459,0.1470262,0.1581601,0.1621478,0.1684883,0.1764212,0.1839439,0.1880807,0.1932383,0.2010264,0.2042892,0.2103121,0.2149311,0.2216669,0.224528,0.2273592,0.2290534,0.2301975,0.2307748,0.2377956,0.2353398,0.2367342,0.2399257,0.2462048,0.2469968,0.2471515,0.2479258,0.2503244,0.2543878,0.2555555,0.2606533,0.261689,0.2701878,0.2748038,0.2844414,0.2919251,0.2979687,0.3088429,0.3187709,0.3305842,0.343373,0.3585721,0.3790615,0.3959199,0.4240599,0.4518708,0.4822119,0.5081171,0.5212226,0.5979678,0.9908593,1.288484,1.006267,0.6270376,0.5954555,0.5895901,0.5914782,0.5738773,0.5683153,0.6385162,0.5993815
517.956,0.008339841,6.959696e-4,-0.01650194,0.01032801,0.00822788,-0.001260688,0.005033845,6.000822e-4,0.002209176,0.003357707,-0.004712536,0.008098515,-9.637497e-4,-0.001806909,0.002213263,0.006381775,-7.65976e-4,0.004136765,-0.003405346,-0.002213245,1.724956e-4,0.003571188,-6.92272e-4,3.337633e-4,2.247529e-4,2.402295e-4,0.002099424,8.356043e-4,-0.001075974,0.003475312,4.414218e-4,0.00519326,0.004657451,8.233291e-4,0.002060062,3.947485e-4,0.004576509,0.002114254,-0.002893901,0.007970056,0.002715718,0.005910611,0.008877713,0.003915546,0.00413362,-0.002990303,-7.95701e-4,3.472335e-6,0.001289941,0.004127126,-2.115592e-4,-4.43036e-4,-0.001773746,0.002631684,0.001260346,-3.821586e-4,5.876855e-4,-0.003352879,1.886605e-4,0.002438928,0.001521001,0.004014312,3.355895e-4,-9.67651e-4,-3.135935e-4,-9.289578e-4,-3.825524e-6,-0.001774827,7.240365e-4,-6.819094e-4,0.00119666,0.0011776550000000001,0.002023865,-6.182729e-4,0.002541012,0.002240257,-0.002853143,0.001019597,-8.78956e-4,5.382831e-4,0.001450226,0.001006951,0.003020866,0.001328371,-2.640093e-4,0.002886979,0.002903198,0.003181402,0.005350682,0.006940496,0.009702086,0.03370694,0.2870792,0.7607046,0.7989631,0.3072716,0.04899922,0.01288573,0.01380064,0.01447858,0.01459368,0.01439946,0.0179754,0.01926743,0.02158914,0.02343882,0.02575271,0.0289015,0.03201873,0.03475996,0.03775336,0.04061041,0.04303459,0.04803025,0.05044279,0.05491635,0.05866814,0.06302918,0.07128228,0.07627724,0.08262956,0.08753414,0.09209461,0.09650414,0.1050163,0.1076065,0.116435,0.1222516,0.1279085,0.1349986,0.1410593,0.1449534,0.1555147,0.1621905,0.164365,0.1746953,0.1788253,0.1838877,0.1891143,0.1955325,0.1983142,0.2045294,0.2108095,0.2151132,0.2188876,0.2204369,0.2221109,0.224022,0.2244759,0.2263183,0.2307653,0.2334265,0.2327276,0.2357614,0.2375921,0.2412004,0.2397872,0.2442417,0.2468481,0.2492905,0.2536917,0.2595574,0.2644741,0.2683474,0.277649,0.2831063,0.2908768,0.2982596,0.3142476,0.3250677,0.3401899,0.347443,0.3732104,0.3893329,0.4138085,0.4479439,0.4774925,0.4994153,0.5155956,0.6995894,1.133352,1.207152,0.7546216,0.5710142,0.5974661,0.5915092,0.5930869,0.5943121,0.5751365,0.6332751,0.6642476
520.289,0.01215871,-0.003259598,0.001232764,-0.003444089,0.01071746,0.01950269,-0.008808447,0.002370531,0.003263858,0.001938328,-0.001815499,-0.003918274,0.005034296,-0.003315011,0.004712453,0.001763237,-0.001841551,-0.003161281,0.007065557,0.004038855,0.002619692,0.001098279,0.001396661,8.894384e-4,0.001596711,0.002310269,-0.001152284,0.00204054,0.002686809,0.001490107,0.002852973,-0.003170248,0.003223503,0.008871379,0.005717421,0.007437183,0.002950885,-0.005742783,-0.005822854,0.002979839,0.002997596,2.915098e-4,-0.006549526,0.00169936,-0.004110949,-2.51937e-4,0.005402327,0.003954871,-0.001768011,-0.00122148,1.170372e-5,0.002674086,0.004017066,-0.0030545530000000002,8.636014e-4,0.003209172,0.001356145,0.001687399,3.649086e-4,-0.00312554,8.472505e-4,0.004013957,0.003149951,0.003266399,-6.303498e-4,-1.549083e-4,0.001528476,1.58164e-4,0.002707219,0.001933642,0.001991813,-6.412659e-4,-8.692871e-4,0.001731142,-4.748688e-4,0.001307964,0.005152674,7.851706e-4,0.001316613,0.001165971,0.002998525,0.001305629,-2.747924e-4,2.930083e-4,0.003984753,0.003867818,0.005526545,0.004972416,0.007497103,0.008713856,0.01712511,0.1858955,0.6601851,0.8571854,0.4498851,0.07865657,0.01404443,0.01155385,0.01206523,0.01374573,0.01670326,0.01506845,0.01818258,0.01925212,0.02203985,0.02501607,0.02714316,0.02871965,0.03320501,0.03562748,0.03898037,0.04172851,0.04335083,0.04867028,0.05153746,0.05539462,0.05953456,0.06471434,0.07192148,0.07685034,0.08315003,0.08761644,0.09142466,0.09647693,0.1026297,0.1062466,0.1142857,0.1192351,0.1275657,0.1327455,0.1392475,0.1455143,0.1536763,0.156587,0.1627537,0.1658576,0.1741689,0.1763699,0.184041,0.1911068,0.196716,0.2017037,0.2013398,0.2079349,0.2110875,0.2105133,0.2150667,0.2173154,0.2172253,0.220871,0.2240115,0.2242849,0.227616,0.2267407,0.2299162,0.2310275,0.2382411,0.2382977,0.2393662,0.2409111,0.2448011,0.251215,0.256994,0.2644556,0.266845,0.2733636,0.2802625,0.2927485,0.297228,0.3085441,0.3273961,0.3430063,0.3592728,0.3782918,0.4037025,0.4284314,0.4642705,0.4770092,0.5272867,0.8258039,1.20728,0.9938781,0.6513248,0.5657673,0.5797824,0.5707975,0.5627711,0.5874875,0.591875,0.6369444,0.6032418
522.623,7.13611e-5,-0.01442963,0.004402738,-0.001058773,-0.006241263,-0.01745107,-0.003718067,-0.008288392,-0.001591619,-3.720896e-4,-0.004311163,5.160443e-4,-0.004281916,0.009392556,0.00129009,-0.007750516,-0.00340306,-0.001426863,-0.002762974,0.001110696,-3.116406e-4,-2.563947e-4,-9.110424e-4,-0.002991994,0.003103737,-3.222661e-4,-2.143542e-4,-3.515785e-4,-0.005212081,-0.003947763,-2.006532e-4,-0.004876976,-3.16045e-4,-0.004391486,-0.007710113,-0.002553151,-0.001926549,6.266615e-4,-0.004343309,0.006823628,0.003614283,-0.002011801,-2.352652e-4,0.001164256,-0.001879312,-0.006757668,-0.006407023,0.003201395,0.002856933,-0.003592143,0.001167181,9.421353e-4,-0.002415969,0.003065012,-0.002691733,0.001429101,-0.001511561,-0.002588962,-0.005191993,-1.43831e-4,0.001548255,2.253644e-5,-0.00245372,-0.005181218,0.00179064,-1.370659e-4,0.00110356,2.283557e-5,-0.001261018,9.839148e-4,2.78074e-4,-0.003602375,-0.001120795,0.001752993,3.760839e-4,-4.557891e-4,-0.001579199,-5.444532e-4,-7.483129e-4,-8.272033e-5,-0.003391216,-9.859538e-4,2.159403e-4,0.001629193,0.002425019,0.003262865,0.003624344,0.005247278,0.006272603,0.009634306,0.1070617,0.5209698,0.8602084,0.5702357,0.1411642,0.01511853,0.01119029,0.01131666,0.01132517,0.01232128,0.01379163,0.01586631,0.01734309,0.02086801,0.0223079,0.02436398,0.02678898,0.03015754,0.03468414,0.03593202,0.03939901,0.04148388,0.04441486,0.04690497,0.05053715,0.05436249,0.05929519,0.06311702,0.06936565,0.07699408,0.08129537,0.0868083,0.09334821,0.0946014,0.09932399,0.1046517,0.1125367,0.1181516,0.1239683,0.1295311,0.1363118,0.1418046,0.1447509,0.1546165,0.1591218,0.1650153,0.1679949,0.1748,0.1777866,0.1830195,0.1863647,0.1912961,0.1962724,0.1984158,0.2036971,0.2062117,0.2072957,0.209688,0.2121701,0.2111503,0.2171254,0.2181031,0.2189453,0.2197825,0.2227788,0.2239154,0.225955,0.2251419,0.2279963,0.2349935,0.237175,0.2388227,0.2522201,0.2543805,0.2586614,0.2667301,0.2774718,0.2800172,0.2915214,0.3023515,0.3211017,0.331982,0.3486188,0.3684436,0.3924311,0.4068615,0.4423036,0.4648215,0.5815674,0.9595358,1.159833,0.8235469,0.5426411,0.5513766,0.5340508,0.5359404,0.5148638,0.5355327,0.504009,0.5362782,0.5635682
524.958,-0.01323598,-0.004458186,-0.006587757,-0.005081025,-0.01310794,-0.007708834,-0.01431917,-0.0135614,-0.00210495,-0.004193417,-0.01117958,-0.00413192,5.167699e-4,-0.004769092,-0.009628681,-0.001112582,-0.008898588,-2.19005e-4,-0.004252338,-0.002727055,-0.006967695,-0.005188111,-0.003577844,-0.003429556,-0.00292479,1.893193e-5,-0.002532962,9.685001e-4,-9.142805e-4,-0.004742586,-0.006757318,-0.005726716,-0.01416509,-0.009572219,-0.005645713,-0.01068378,-0.003204463,-0.006258694,-0.004029983,8.859646e-4,-0.008322201,-0.009052389,-0.005643434,-0.001643099,-0.009528027,-0.001588814,-0.006636461,-0.003112786,-0.001970742,-0.005741958,-0.002270661,-0.001994557,0.00202778,-0.002371935,-0.003515354,-0.002365614,0.001751579,-7.175888e-4,-0.003191427,-0.00585242,-0.004183961,-8.039919e-4,-0.002438851,-0.006130314,-4.530479e-4,-0.003105873,-0.003783349,-1.311074e-4,-0.003519107,-0.002576724,-0.001698196,-5.015125e-4,-0.003739901,-0.001097589,-0.00178041,-0.001156377,-0.002379229,-0.003431794,-4.088758e-4,-0.00346466,1.186272e-4,4.143002e-4,8.032405e-4,-3.553347e-4,-3.412887e-4,0.003242575,0.003430162,0.003768514,0.006988759,0.06547088,0.3922944,0.8185521,0.6614569,0.2164658,0.02544641,0.01038953,0.008773882,0.009834995,0.01228845,0.01225626,0.01477702,0.01559603,0.01783195,0.01946207,0.02317446,0.02482285,0.02773336,0.02972426,0.03217983,0.03609574,0.0382871,0.04072495,0.04287245,0.04658911,0.05030662,0.05497507,0.05923135,0.06096834,0.06595227,0.07493461,0.07814447,0.0842236,0.08887246,0.093974,0.09692318,0.1020071,0.109245,0.1125972,0.1178946,0.1262439,0.134781,0.1343641,0.1425128,0.1487196,0.1516038,0.1574475,0.1613061,0.1692123,0.1721217,0.1762378,0.1817634,0.1846463,0.1895723,0.1925962,0.1958621,0.1973439,0.1990227,0.2030036,0.201871,0.2044112,0.2061102,0.2069704,0.2124908,0.2105689,0.2146637,0.2108233,0.215138,0.2170071,0.2223712,0.2248801,0.2280711,0.2324295,0.2358321,0.2445786,0.2476816,0.2525054,0.2631352,0.2749039,0.2832057,0.2971462,0.307298,0.3219874,0.3391761,0.3600498,0.3827883,0.410329,0.4335242,0.4710254,0.6839861,1.069973,0.98395,0.6232047,0.5225096,0.5086152,0.5313116,0.5047813,0.5299931,0.5054531,0.5100302,0.5324748,0.5274302
527.293,-0.001253735,-0.01171666,0.002467261,0.002351428,0.003775021,0.001369205,0.01008111,0.002990339,-0.003203565,0.004318322,0.001114887,0.005858165,0.001679854,6.271786e-4,0.002192227,0.002890206,0.00475486,0.005096572,-0.003605393,0.005124556,4.974088e-4,0.00232633,-0.00184304,0.00166904,0.001706827,0.00301692,0.001974466,-4.644785e-4,0.002800431,1.166203e-5,-6.440757e-4,0.003776845,0.009246333,0.008423081,0.008962879,0.01256784,0.00650491,0.002412094,0.005243856,-5.527607e-4,0.01109976,0.004113996,-0.003993324,0.006165479,0.002480384,0.001618595,0.001895379,0.001048461,-0.004810479,-0.001646922,0.005914635,0.001119194,-0.001756368,0.005205405,0.002508838,-3.819781e-4,-0.001147653,7.459502e-4,0.001797775,0.001914057,8.59699e-4,-0.002474731,-0.003763495,0.004076202,1.881121e-5,0.004541004,1.53833e-4,-0.00102714,0.001000123,0.002608866,0.00184959,0.001159971,0.00391525,-1.009925e-4,-0.004183907,-0.002341465,0.003206454,8.978527e-4,8.831609e-4,0.002228684,0.002380006,0.002605478,0.002340611,0.00294769,0.006733905,0.003962199,0.008390582,0.007854123,0.03091132,0.2955519,0.7420392,0.7535656,0.2944988,0.04586883,0.011145,0.01115289,0.01267274,0.01303012,0.01331986,0.01510965,0.01582815,0.01652706,0.01882202,0.02137452,0.02206719,0.02685301,0.02990272,0.03121394,0.03400254,0.037379130000000003,0.03908482,0.04170826,0.04560901,0.04755149,0.05153701,0.05345435,0.05901157,0.06304463,0.06868014,0.07441415,0.07959659,0.08349044,0.08954641,0.09416009,0.09607696,0.1043252,0.107473,0.1119897,0.1159978,0.1252664,0.1292644,0.1341748,0.1385432,0.142676,0.1491162,0.1534224,0.1579186,0.1641748,0.1674148,0.1740188,0.1771252,0.1806944,0.1839879,0.1904179,0.191064,0.1942408,0.1976606,0.1967328,0.1964958,0.198554,0.2021173,0.2018988,0.2067325,0.2053186,0.2079812,0.2111592,0.2096048,0.2106444,0.2159967,0.2210972,0.2249059,0.2287116,0.2349028,0.2342944,0.2432515,0.251231,0.258008,0.2668772,0.2790613,0.2837272,0.2997879,0.3106592,0.3295814,0.3520031,0.3677963,0.4012225,0.4233268,0.5040664,0.8063134,1.092793,0.8217918,0.5303877,0.4928086,0.4928795,0.5236672,0.5164665,0.5154105,0.5231263,0.5307465,0.5320922,0.5444168
529.629,0.003187911,0.007883154,0.003674176,0.0176578,0.01821188,0.01289344,0.006247182,-0.001785435,0.009700837,0.004706154,0.006145154,9.829309e-4,0.001450478,0.004842908,0.003753024,0.006608968,0.003403391,0.008213264,0.002343977,0.003471593,0.004219565,0.002187122,0.001734581,0.002768312,4.471016e-4,0.00369668,8.087672e-4,0.002978409,0.005594128,0.002300235,0.006785928,0.007774213,0.01351251,0.007206213,0.01016191,0.01775442,1.44992e-5,0.009596144,0.005825729,0.002921397,0.001192728,7.51133e-6,0.007398547,0.008631641,2.545778e-4,5.279899e-4,0.005373926,7.689019e-4,0.004056617,0.006008939,0.001824688,0.00156746,-0.002222562,-0.004327532,0.003953933,0.001600792,0.006128412,0,8.94642e-4,0.003099872,0.003536775,0.004489961,0.005086043,0,0.008766745,0.00594237,4.51595e-4,0.004114616,-2.994905e-4,0.002739048,0.002905929,0.005777577,0.001880608,0.001596011,0.004565319,0.00340241,0.003196835,0.001560552,8.707161e-4,0.002641243,0.00370055,0.005094386,0.003107352,0.001800908,0.004145726,0.005567754,0.006289825,0.0164102,0.1863106,0.6496613,0.8196082,0.4034008,0.07277053,0.01496097,0.01267187,0.01082793,0.01277477,0.01195401,0.01422151,0.01394357,0.01660325,0.01896389,0.02138895,0.02335032,0.02409989,0.02761524,0.02866817,0.03138192,0.03459448,0.03735974,0.03949558,0.0433738,0.04528945,0.04826556,0.05087464,0.0557061,0.06025055,0.06257838,0.06883587,0.07426782,0.07820963,0.08326638,0.08899074,0.09096532,0.09603878,0.09716495,0.1044621,0.1113481,0.1160793,0.1202979,0.1237886,0.1328699,0.1364553,0.1418231,0.1475009,0.1490157,0.1562007,0.1592018,0.1668446,0.1687265,0.1699318,0.1756923,0.1798788,0.1827151,0.1835007,0.1849235,0.187612,0.1880858,0.191145,0.1904425,0.1954986,0.1959198,0.1984193,0.1979219,0.2004578,0.198772,0.2069209,0.2082851,0.2075744,0.2112316,0.2126541,0.2209276,0.2231723,0.2319259,0.2354706,0.2426143,0.2507698,0.257436,0.2693303,0.2821244,0.2989968,0.3033387,0.3192235,0.3391493,0.3661311,0.3836225,0.420194,0.5701525,0.9044631,0.9911844,0.6411781,0.4815438,0.4837832,0.4855357,0.5050984,0.5007357,0.4859503,0.5192263,0.5152945,0.5764955,0.5657276
531.966,0.008302442,0.01636247,0.01703036,0.01713188,0.003189996,0.01486367,-0.003744432,0.01367687,0.01193541,0.001405144,0.007610236,0.001694416,0.007641441,1.809879e-6,0.004053743,0.005476586,0.002623287,2.47162e-4,0.005342239,0.00291311,0.005846753,-2.704919e-4,-0.001043161,0.002991892,0.003066349,0.002186103,6.947684e-4,0.001547632,-2.98722e-6,9.823073e-4,0.003721339,0.00376938,0.007108714,0.00563756,0.005693765,0.004090532,0.002942307,0.004219112,0.001154717,0.002367272,9.120045e-4,0.004997394,0.003694533,0.001940193,0.01204836,0.004330434,0.004291978,0.004703748,0.008633085,0.001203547,-0.001147013,0.003332913,0.005108165,0.004332023,-0.001056334,0.005392039,1.85523e-4,0.004803732,0.003922111,0.00137874,0.004379588,0.001829208,8.303669e-4,0.003758119,0.004950406,7.809696e-4,0.003511203,0.002349758,7.193683e-4,0.006996253,-4.008032e-4,0.004769983,0.002132373,0.005276234,0.004327856,0.004810119,1.22521e-4,0.0022418,0.002186969,0.002759745,0.004215442,0.002906354,0.001954252,0.004648264,0.006639602,0.006197267,0.01243919,0.1188747,0.5243112,0.8190089,0.5180283,0.1213857,0.01484246,0.01039929,0.0105503,0.0133522,0.01298367,0.01351451,0.01223731,0.01539674,0.01690001,0.01914641,0.02075835,0.02251801,0.02525102,0.02684577,0.02853422,0.03228389,0.03439736,0.03737288,0.04013495,0.04158316,0.04475038,0.04759748,0.05037452,0.05454664,0.0590799,0.06251956,0.06919437,0.07291068,0.07680428,0.08260081,0.0868983,0.08952982,0.09414533,0.09847199,0.1038093,0.1075245,0.1113715,0.1186566,0.1245792,0.1290009,0.1305781,0.1371061,0.141142,0.1455859,0.1485801,0.1530122,0.156355,0.1652834,0.1664512,0.1696479,0.1708666,0.17813,0.1763313,0.1799066,0.1829912,0.1825157,0.1848537,0.1842821,0.1871321,0.1891039,0.1883825,0.1932732,0.1950247,0.1935646,0.1999594,0.1994609,0.2022765,0.2052372,0.2107503,0.2162876,0.2214403,0.2236586,0.2289422,0.2333417,0.2426938,0.2545227,0.2611739,0.2678818,0.2885779,0.2988842,0.3208985,0.3390344,0.3621002,0.3793997,0.4226533,0.6722756,0.974008,0.8267568,0.5177364,0.4589152,0.4610546,0.4532982,0.4838128,0.4677773,0.4700543,0.4728071,0.5195311,0.5185668,0.5812224
534.303,-0.01086942,-0.002537973,-0.01344489,-0.01203513,-0.01011091,-0.007059525,-0.007569114,-0.002962813,-5.483514e-4,-0.004748116,3.741191e-4,9.809366e-4,-0.002873053,-0.0027246700000000002,9.424637e-4,-0.006680889,-2.497502e-4,-0.007053173,-0.003640773,-0.003116509,-0.003912248,-0.004803766,-0.001741085,-2.2644e-4,-0.002956527,-0.00301218,-0.002315178,-0.001679116,-0.001999185,-0.005445271,0.001090734,0.005503446,-0.01392444,-0.00241344,0.001236728,-0.006682114,-0.00914263,-8.918074e-4,-0.001468587,-0.008841036,-0.006008337,-0.002938113,-5.580201e-4,-0.004474758,-0.01044925,-0.004060296,-0.006434844,-0.004206721,-0.007647165,-0.009922875,-0.005936225,-0.004691858,-0.001994732,-0.002390766,-0.003766413,-3.932897e-4,-0.002316834,-0.0081812,-0.005372002,-0.003800157,-0.003896475,-0.00417029,-0.001478312,-0.005378752,-0.002722858,-0.002984701,-7.444127e-4,-5.873832e-4,-0.003267246,-1.392093e-4,-0.00039167819999999997,-0.005041585,-0.001258036,-0.003324322,-0.003504298,-0.001877693,-0.00183281,-0.001116242,1.171373e-4,-1.980653e-4,3.237551e-4,-3.926362e-4,0.001088956,-4.474599e-4,0.002522201,0.00579689,0.06314991,0.4075989,0.7986061,0.6081692,0.1947236,0.01867519,0.008656683,0.009183739,0.008975134,0.009217514,0.01105764,0.01275671,0.01390884,0.01392682,0.01591858,0.01853922,0.01941735,0.02148878,0.02540182,0.02703898,0.03000629,0.03171334,0.03460594,0.03685671,0.04021894,0.04121597,0.04523459,0.04705407,0.05101765,0.05310671,0.05547495,0.06036941,0.06529036,0.0697885,0.0748482,0.07755412,0.08605906,0.08689093,0.09014455,0.0963769,0.1013418,0.1031815,0.1103685,0.1155387,0.121242,0.1240038,0.1296592,0.1333711,0.1373811,0.1400861,0.1430779,0.1504803,0.1528683,0.1572878,0.1601035,0.1652715,0.1677194,0.1701187,0.1718151,0.1767352,0.1758714,0.1778732,0.1779903,0.1805219,0.1791665,0.1817685,0.1829694,0.1848516,0.1877393,0.1867748,0.1887239,0.1905069,0.1985033,0.2010106,0.199284,0.2083318,0.2089645,0.2162759,0.2240128,0.2284727,0.2385515,0.2441608,0.2490024,0.2631559,0.2730851,0.2862371,0.2996072,0.3240517,0.344255,0.3634764,0.4573229,0.7780672,0.9585747,0.6748811,0.446225,0.4439114,0.4410628,0.4455884,0.4644435,0.4545055,0.4634662,0.4649879,0.4677193,0.4730537,0.548318
536.641,-0.0012831,-0.00331512,0.01422577,-0.005179869,-0.004432602,-4.612414e-5,0.00383448,0.0163291,0.004363348,0.006251444,0.006211059,0.005195724,0.007730501,0.008545043,-9.344304e-4,0.004670316,-7.815271e-4,0.008328608,0.009494042,0.003155757,0.001145056,0.002769009,2.367151e-4,7.913348e-4,-0.001718218,0.004217378,9.409291e-4,0.004228377,0.002830852,0.001669383,4.406094e-4,0.003785355,0.007233392,-0.001626885,0.01274531,0.004857179,0.00528304,-0.003331741,0.004717884,0.005343461,0.005729573,0.004154952,-0.002292009,0.005373478,0.003883884,1.067358e-5,0.008125252,0.008489782,0.005141255,0.002946251,0.003688181,0.004062662,4.587649e-4,-4.281383e-4,0.003790994,0.00565885,-0.004468722,0.003201088,0.002895688,0.003993412,3.345346e-4,-4.950001e-4,0.002170038,5.013957e-4,0.005496261,0.001745661,0.001542931,8.82595e-4,0.00388043,2.941324e-4,0.001333525,0.001427524,0.003560831,0.002360213,-0.001097913,-0.002487035,0.003362138,-2.184916e-4,0.002550364,0.002787354,0.003974302,0.006794052,0.00433587,0.005752577,0.007112701,0.03934546,0.2937129,0.7405418,0.7103106,0.2599461,0.03961769,0.01033943,0.01068078,0.01023142,0.01073535,0.01180597,0.01151148,0.013252420000000001,0.01458614,0.01629885,0.01874944,0.01842154,0.02014224,0.02238417,0.02514903,0.02888433,0.03200205,0.03207921,0.03452774,0.03778562,0.03981395,0.04212137,0.04439998,0.04806927,0.05203955,0.05435723,0.05814888,0.06169522,0.06478606,0.07025635,0.07408725,0.08033849,0.0829307,0.0889949,0.08993723,0.0965811,0.1003264,0.1048317,0.1097827,0.1110314,0.1175174,0.1240206,0.1267999,0.1326058,0.1340113,0.1408672,0.1410509,0.1461387,0.1528005,0.153987,0.1605411,0.1621855,0.1640318,0.1655044,0.1703307,0.1695876,0.172802,0.17464,0.171061,0.1760288,0.175968,0.1792314,0.1799062,0.1854475,0.1845297,0.1860372,0.1884222,0.189047,0.1895126,0.1951349,0.2000008,0.20311,0.2076074,0.2173276,0.2173774,0.2252884,0.2345099,0.2367387,0.2488335,0.2636406,0.270994,0.285853,0.3046561,0.3134792,0.3409406,0.3623235,0.5535237,0.8769653,0.8453964,0.527056,0.4177091,0.4351743,0.4366269,0.4383165,0.4325901,0.4571343,0.4547234,0.4530126,0.495579,0.4883635,0.528371
538.979,0.005176253,0.01006932,0.009944049,0.01395613,0.007718036,0.01058057,0.01853123,0.009123332,-0.002193354,0.004859733,0.01214013,1.549563e-6,0.004371479,-2.806432e-4,0.009219728,0.002661505,0.002157627,0.005169528,0.002399212,7.487517e-4,0.005801924,-0.002499162,0.00142121,0.001137313,3.542967e-4,0.001544156,0.002721253,0.001093751,0.004079951,1.22783e-5,-0.004882709,0.002939384,0.0145333,0.00205799,-0.004534812,0.00791096,0.002339519,0.002447349,0.002386159,0.008385075,0.005494238,0.0035858,0.006104723,0.01253162,-8.40448e-4,-0.001925432,0.001639854,0.002144674,0.002325569,0.004159674,7.179069e-4,-0.003401693,0.005656959,-0.00109351,0.00340971,0.005691383,0.001567043,0.001516114,-0.002358466,-0.001051137,0.001039377,-1.563238e-4,-5.079341e-4,0.002988224,0.001960409,9.660611e-4,0.001718736,0.001507478,-0.001440614,0.002524107,9.464866e-4,0.004466792,-1.147349e-4,7.545583e-4,0.003565833,0.001085887,0.002334017,8.120527e-4,0.003554928,0.004219911,0.00368602,0.001647567,0.005557416,0.004933509,0.01677428,0.2057283,0.6713214,0.7917856,0.3698218,0.06118999,0.01244442,0.01131534,0.01016839,0.01221046,0.01202437,0.01142708,0.01366857,0.01468441,0.01613402,0.01663209,0.01758752,0.01885012,0.02272542,0.02342118,0.02528432,0.02769322,0.0293853,0.03251352,0.03505561,0.03857459,0.03909468,0.04160407,0.04394663,0.04831536,0.05081588,0.05338366,0.05768593,0.06066499,0.06423193,0.07083354,0.07363182,0.07626312,0.08354368,0.08587124,0.08987158,0.09224866,0.09858315,0.1021903,0.1055768,0.113332,0.1174222,0.1185388,0.124353,0.1273197,0.1325272,0.1345135,0.1391355,0.1457578,0.1442398,0.1491542,0.1539,0.1561679,0.1599836,0.1634731,0.1628051,0.1683248,0.1680319,0.1646689,0.1682307,0.1690594,0.1760454,0.1724499,0.1728735,0.1753725,0.17649310000000001,0.180795,0.1806807,0.183248,0.1862334,0.1890268,0.191677,0.1951334,0.2053097,0.2076631,0.2071999,0.2235227,0.2232275,0.2312058,0.2447789,0.2560406,0.2666999,0.2845428,0.2977592,0.3157797,0.3292533,0.3929806,0.6699239,0.9199283,0.7048223,0.4378783,0.4167691,0.4160224,0.4236126,0.4319838,0.4402151,0.4195858,0.4403043,0.4559408,0.4797624,0.4662118,0.4930611
541.318,-0.02213722,-0.002704088,-0.01495637,-0.01283648,-0.007115076,-0.005263076,-0.03011342,-0.01157716,-0.01049347,-0.005805974,-0.002216775,-0.01199237,-0.007080189,-0.004903793,-0.00126222,-0.002970649,-0.01020889,-0.007674957,-0.003044566,-0.008778604,-0.001167805,-0.002659184,-0.005941627,-0.002044323,-0.003242715,-0.001306824,-0.004029643,-0.003543693,-0.003415128,-0.005890825,-0.003140004,-0.009104127,-0.007278999,-0.006142432,-0.0025014,-0.01058626,-0.01330756,-0.007688691,-0.009532588,-0.009916387,-0.004895902,-8.908058e-4,-0.00348293,-0.01000526,-0.006987366,-0.00747843,-0.005734548,-0.01315818,0.001318027,-0.01134209,-0.006522737,-0.001363311,-0.008835649,-0.003319819,-0.003613364,0.003286073,-5.852369e-4,-0.005304447,-0.002022053,-6.971086e-4,-0.00362275,-0.00238651,-0.002355944,-0.002830592,-0.004912205,-0.005106497,-0.001401257,-0.005423178,-0.004070454,1.060325e-6,-0.002180378,-0.002899361,-0.004368426,-0.004405534,-0.003306695,1.273187e-4,-0.002684825,0.001830722,0.001012611,-5.325987e-4,7.530411e-4,-2.961248e-4,0.005484737,0.006447907,0.1268334,0.5528907,0.8289455,0.488386,0.1006915,0.00890418,0.005746963,0.007544789,0.009337377,0.008078358,0.009761498,0.009252615,0.01012697,0.0125001,0.0141166,0.01413082,0.01708203,0.01809292,0.02028654,0.02336111,0.02492912,0.02810639,0.02879162,0.03086468,0.03480352,0.03699475,0.04012232,0.04116772,0.04410294,0.04713533,0.04829384,0.05300539,0.05542465,0.05843732,0.06299505,0.06724675,0.07291005,0.07539989,0.0786621,0.08285682,0.08765286,0.08985566,0.09480866,0.09758196,0.1029636,0.1060539,0.1109371,0.1163904,0.1188596,0.1224648,0.1264988,0.1302044,0.1334463,0.1372537,0.1390008,0.1425644,0.1453641,0.1516674,0.1520924,0.1538534,0.156796,0.1589686,0.1609329,0.160673,0.1621394,0.161195,0.1661407,0.1656634,0.1676318,0.1678248,0.170894,0.1729956,0.172401,0.1757855,0.1763891,0.1813083,0.1869205,0.1870016,0.1966702,0.1995785,0.20568,0.2064308,0.2163767,0.2258119,0.2344408,0.2435621,0.2548537,0.2700306,0.2855555,0.3093972,0.3288434,0.4431756,0.7553052,0.8214509,0.5425561,0.3881209,0.3929236,0.3936942,0.4067979,0.4176355,0.4040221,0.3953954,0.415434,0.4007313,0.426417,0.4371488,0.387395
543.658,-0.009747713,0.005392357,-0.01865651,-0.03162501,-0.01031222,-0.009903661,-0.005783631,-0.01892366,-0.009432538,-0.009218665,-0.007025386,-9.931875e-4,-0.004162683,-0.0147945,-0.01120525,-0.006791907,-0.005376748,-0.005471806,-0.004169755,-9.391304e-4,6.605325e-4,-0.001959873,1.191209e-4,5.08572e-6,-0.00127649,-0.003202478,-0.003795443,-0.002811871,-0.001358436,-0.005556207,-0.006064793,0.007394388,-0.002923593,-0.008617221,-0.003730032,-0.003005971,-0.01000163,2.302612e-5,-6.171911e-4,-0.009621703,-0.009210881,-0.009005395,-0.01018869,-0.001135216,-0.003372653,-0.006669635,-0.01125114,-0.00213269,-0.004682589,-0.003697149,0.0028191790000000002,-0.002275377,-0.007035985,-2.226628e-4,-0.006389813,-0.001423073,-0.004526913,-0.00702834,-3.77713e-4,-0.005300272,4.971799e-6,-0.004598415,-0.003024588,-3.156744e-4,-6.469158e-4,-0.00319755,0.002180082,-0.003162633,-0.001027037,-0.006035156,-0.002182349,9.244815e-7,-9.054815e-4,6.278123e-4,0.001863996,0.001919471,-0.001280788,-0.002490646,0.002694038,0.001755879,0.001919371,0.001756259,0.005912356,0.08842589,0.4256079,0.8280798,0.6144435,0.1673583,0.01627874,0.006205141,0.006073588,0.008319619,0.006390876,0.00901524,0.00963506,0.01248875,0.01159156,0.0131274,0.01348284,0.01335626,0.01591924,0.01977051,0.02196162,0.02294904,0.02470082,0.02563264,0.02890414,0.03068258,0.03403813,0.03709897,0.03978537,0.04123241,0.04396319,0.04630741,0.04896931,0.05072166,0.05459539,0.05863691,0.06312544,0.0686746,0.06930151,0.07338004,0.07926327,0.080189270000000007,0.08624746,0.0872674,0.09026288,0.09553049,0.1020152,0.1035088,0.1068838,0.1115097,0.1152881,0.1184662,0.1228901,0.1266682,0.1317208,0.1322359,0.1350654,0.1398659,0.1440591,0.146844,0.1495736,0.1473799,0.1513285,0.1545192,0.155498,0.1570728,0.1550607,0.1575339,0.160376,0.1598745,0.1616787,0.1647258,0.1659389,0.1687264,0.1688288,0.1678349,0.1710301,0.1739731,0.177601,0.1799825,0.1846188,0.19229,0.1998435,0.2053312,0.2087065,0.2207878,0.2260884,0.2344728,0.2532996,0.2642804,0.2803476,0.2976691,0.3244003,0.5296126,0.8053511,0.6987596,0.4423092,0.37222,0.3896674,0.3776879,0.391091,0.3965834,0.4038257,0.3894372,0.3888606,0.3927516,0.3744193,0.395281,0.42076
545.998,0.003948967,0.0108678,0.01258396,-0.003506622,-0.009707008,-0.001271112,0.005167553,0.010476,0.001121507,0.001968943,7.567082e-4,0.003263642,9.924656e-4,3.138088e-4,0.004818292,0.003862506,0.0046079,0.00149703,6.568399e-4,0.001312778,0.002513955,0.004220444,0.003219118,9.202422e-4,0.001287583,-1.109056e-4,-0.001418672,0.002458557,0.003569826,-5.159015e-4,0.008556028,0.002982863,-6.963572e-4,0.01155381,-0.002067261,0.00571758,-3.423949e-4,9.301637e-4,0.004502933,-0.005132671,0.009847781,0.001231574,-0.003208715,-0.0054471,0.003386588,0.005867322,0.00882126,-0.002141612,0.007057852,-4.719504e-4,-9.272251e-4,0.005720237,0.003212629,0.008234621,-0.003629395,0.003086044,-0.003930543,5.947219e-4,-0.002920906,0.001243409,-8.599945e-4,-9.985048e-4,-0.00116973,0.003013842,0.001154283,0.00224721,9.574732e-4,0.003172103,0.002645356,0.001427785,0.001227146,0.001858603,0.003245161,0.003434881,-0.00123197,-0.002037878,0.001063075,0.0024269,0.002816877,0.003387743,0.005841053,0.006513032,0.05081629,0.3412265,0.770892,0.7397351,0.2625366,0.02977611,0.0065925,0.0100016,0.01143231,0.009419424,0.01055344,0.01017667,0.0112413,0.01403521,0.01367162,0.01378284,0.01499154,0.01803261,0.01861683,0.02078489,0.02192459,0.02598834,0.02563448,0.02897888,0.02961069,0.03317161,0.0362765,0.03722036,0.03856645,0.04116365,0.04385317,0.04623913,0.04841837,0.05100325,0.05403299,0.05779445,0.06197166,0.06567271,0.06991596,0.07373957,0.07683814,0.08043562,0.08360327,0.0876927,0.08960517,0.09423833,0.09833619,0.1032971,0.1073748,0.1121501,0.1144877,0.1168634,0.1203498,0.1224442,0.1254772,0.130352,0.1344147,0.1372461,0.1395787,0.1421431,0.1453092,0.1446602,0.1469991,0.1494829,0.1497895,0.1494623,0.1506408,0.1549094,0.1543019,0.1562238,0.1576369,0.157973,0.1595811,0.1617279,0.1634323,0.165526,0.1703367,0.1710274,0.1757807,0.178143,0.1840988,0.1915196,0.1936949,0.1988726,0.2061665,0.2118241,0.2245976,0.23458,0.2464007,0.2589507,0.2746438,0.2951545,0.3634753,0.6216881,0.7851134,0.5596961,0.3653724,0.362177,0.3636882,0.3751639,0.3870357,0.4005526,0.3770356,0.4195773,0.3704039,0.4097838,0.4274226,0.3888687,0.4571388
548.339,7.028728e-4,-0.01216811,-0.003124273,-5.472522e-4,-0.01228003,2.992147e-5,0.001896428,-0.005498078,0.00278778,-0.009239716,0.001109625,0.002536413,9.825195e-4,0.006234848,-0.00863826,-0.01064828,-0.002426327,0.002755853,-0.001988258,1.971332e-4,-0.002337347,-0.001120069,-0.001779108,-0.00113529,-0.003616626,8.453592e-4,-0.003333261,2.550936e-4,-0.003426966,0.001524671,0.002493446,-0.005036218,-0.008807434,-0.006175794,-0.0021016,-0.003803882,-0.002674905,0.003408514,3.154382e-4,0.003629055,6.171483e-4,-0.002426263,-0.004666488,2.87863e-4,0.001424226,-0.005297109,0.00110451,-0.003223371,-0.004159329,-7.412582e-4,0.001878629,-0.005477861,9.082173e-4,0.005559265,6.29737e-4,-0.003079303,0.002172861,0.002686366,-0.002384427,0.003914665,-0.006065387,8.584666e-4,5.081709e-4,-3.273984e-4,-0.003443661,-0.001756324,0.001262312,-4.371682e-4,0.001456811,-1.435841e-4,0.001638084,-0.004107986,-9.703753e-7,-2.560864e-4,-7.405794e-4,0.001829554,0.001772425,9.380011e-4,8.077227e-4,0.001337949,0.00680716,0.02460885,0.2452814,0.6822689,0.8094793,0.3875413,0.05802836,0.006150488,0.007701549,0.008447014,0.008572989,0.008966039,0.00952564,0.009826757,0.008569321,0.01180556,0.0136794,0.01372839,0.01542865,0.01658572,0.01783437,0.01924768,0.02176945,0.02268484,0.02619029,0.02774147,0.02931595,0.03036293,0.03298913,0.03627082,0.03838321,0.040275,0.04238519,0.0436322,0.04655509,0.05048911,0.05256393,0.05604496,0.0591784,0.06498243,0.06900281,0.07088407,0.07616278,0.07596077,0.07997554,0.08337128,0.08861174,0.08967848,0.09398914,0.09813975,0.1012914,0.1086813,0.1088625,0.1139509,0.1159158,0.1197575,0.1215083,0.1247855,0.1279783,0.132806,0.13242,0.1365365,0.1401059,0.1425044,0.1431867,0.1459548,0.1438333,0.1446951,0.1472301,0.1490194,0.1473382,0.149404,0.1510318,0.1528967,0.1552462,0.1566083,0.1550353,0.1592101,0.1609532,0.1673792,0.1703298,0.1699422,0.1763944,0.1828292,0.1862702,0.190713,0.1994234,0.204899,0.2152645,0.2292838,0.2351532,0.2529617,0.2663893,0.2831115,0.4296086,0.7088565,0.7029073,0.4361691,0.3428404,0.3440816,0.3417254,0.3655581,0.3776234,0.3659375,0.3702532,0.3755824,0.3505908,0.3632856,0.4138703,0.3911288,0.4124548
550.68,0.01046955,0.00944093,0.01313144,0.02238433,0.03955407,0.0192899,0.007686443,0.01352262,0.03184542,0.01025348,0.007068999,0.006287276,0.01206425,0.007157848,0.001270804,0.008008371,0.01326815,0.003740427,0.003969733,0.003767521,0.004016719,0.003668894,-4.634624e-6,0.002745072,0.001752422,0.001788054,0.003578556,8.592988e-4,0.006600367,0.0089917,0.004961109,0.008289401,0.01396101,0.002446801,0.006696325,0.006069625,0.005045013,0.008995931,0.007189233,0.006666386,0.002448101,0.009958014,0.007918616,0.0132225,0.009849745,0.01088255,0.009102866,0.00321399,0.003653994,0.007696731,-0.003298154,0.003201097,0.003418074,0.003356949,0.007078444,0.006177078,0.008114612,0.003239632,0.002763574,0.004431874,0.005717817,0.005307535,0.007807473,0.003680436,0.004116818,0.005958143,0.004077862,-0.001075814,2.788286e-4,0.002388278,0.005997637,0.003837861,0.004677555,0.00558027,0.002479784,0.002296969,0.007197788,0.004955344,0.004951253,0.00908091,0.01863969,0.1657205,0.5832745,0.7964958,0.5040729,0.1148208,0.01110121,0.01003265,0.009488923,0.008863683,0.008264831,0.009756408,0.01347816,0.01213909,0.01286314,0.01441675,0.01517467,0.01517427,0.01739887,0.01887874,0.01933232,0.02176017,0.02287917,0.0250991,0.02638234,0.02791104,0.03094269,0.03210884,0.03556154,0.03649939,0.03782051,0.04117599,0.04267773,0.04480393,0.04719104,0.05003622,0.0526775,0.05481369,0.06102673,0.06482167,0.0683166,0.07070107,0.07536542,0.0767033,0.08242157,0.08297083,0.08639521,0.09169567,0.09208664,0.09721199,0.1006501,0.1040768,0.1075111,0.1134567,0.1118264,0.1156687,0.1193874,0.1243589,0.125882,0.1291189,0.1291906,0.1337582,0.1356383,0.1389634,0.140108,0.1392021,0.1396244,0.1403013,0.1388992,0.1429736,0.1436516,0.1463125,0.1511419,0.1484871,0.1486627,0.1515421,0.1526716,0.15477,0.1571733,0.1557839,0.1643973,0.1677945,0.1736132,0.1766431,0.1824043,0.1929121,0.1975895,0.2025621,0.2071813,0.2181178,0.2329526,0.2432719,0.2563556,0.3003619,0.5256402,0.7259969,0.5821426,0.3543958,0.3369357,0.3351859,0.3446112,0.3618695,0.3565794,0.3664701,0.379072,0.3587821,0.3668805,0.3931074,0.4049527,0.394081,0.4018101
553.022,-0.02365469,-0.006655869,-0.003045601,0.004185583,-0.00446625,8.134895e-5,-0.01028211,0.007426842,-0.009960082,-0.001904622,-0.002235816,-0.004504632,2.90298e-5,-0.004018478,0.007465614,-0.002674071,-0.002141391,0.002280534,0.001784113,-0.001299755,-0.00502183,-9.852392e-4,-0.002021193,0.002761558,-5.736387e-4,7.211727e-4,-5.845082e-4,-4.792306e-4,-0.001913226,-0.003724218,-0.002260036,0.001546397,-0.004733234,-0.0011987,0.01012496,0.002717067,-0.001989078,-0.005562012,-0.003880574,-0.004541012,9.415989e-4,0.001533881,0.001810947,-0.001142248,3.075115e-4,-0.003885973,0.003336681,0.002730749,-0.003917983,-4.698473e-4,0.001435586,-0.002057247,-6.755993e-4,0.005400083,-0.001490492,-0.005347766,0.00180767,-0.002285577,3.839066e-4,5.511403e-4,0.003514121,-0.004280811,-8.153532e-4,0.001028698,1.572848e-5,1.923769e-5,0.001290708,-7.441721e-4,0.00104701,-8.416157e-4,9.694691e-4,-0.001048092,0.001850819,0.002704413,0.003635224,0.001954818,0.002623364,0.003607479,0.007468999,0.006728652,0.1164116,0.4669371,0.7704269,0.5365396,0.1711638,0.01885994,0.006532542,0.006902336,0.006119561,0.005922947,0.007344553,0.009331193,0.007115636,0.01132115,0.01186637,0.0111377,0.01374616,0.01632784,0.01610369,0.01690028,0.01933823,0.02015048,0.022293,0.02252578,0.02377428,0.02617791,0.02900622,0.0312808,0.03430905,0.03540037,0.03719852,0.03923512,0.04125175,0.04317099,0.04495824,0.04725174,0.05042891,0.05313919,0.05767664,0.06209584,0.06467427,0.06754487,0.07273276,0.07324135,0.0769537,0.07853717,0.08325661,0.08766037,0.08945962,0.09387104,0.09524423,0.09926343,0.1014386,0.1049608,0.1086579,0.1106205,0.1130259,0.116855,0.1196586,0.1215979,0.12335840000000001,0.130065,0.1297351,0.1307021,0.1307531,0.1326,0.1329753,0.1335431,0.1380812,0.135949,0.1367852,0.1390579,0.1410172,0.1415407,0.1441293,0.1444557,0.1485403,0.147794,0.150079,0.1565665,0.1568823,0.1595339,0.1650614,0.1679084,0.1750904,0.1782213,0.1857772,0.1917557,0.2056664,0.2129069,0.2245945,0.2390947,0.2498978,0.3435108,0.6081609,0.678059,0.4475369,0.3159768,0.3222513,0.3205802,0.3340368,0.3413824,0.34511,0.3531972,0.3532064,0.3423394,0.3435767,0.3501399,0.3139009,0.357618,0.327121
555.364,0.01182965,-0.007518778,-0.01519836,0.001762807,-0.003312191,-0.001359131,0.007115076,-0.001278253,-0.0061972,-0.007414592,0.001870173,-0.004067635,-0.006176373,-3.257899e-5,0.002882748,0.004136457,-0.001374935,-0.002272091,0.001526215,3.750452e-4,-0.002021436,-6.721168e-6,7.040284e-4,-4.646416e-4,0.001520967,-0.00168117,-3.669841e-4,3.621095e-4,0.002746873,-0.004945775,-0.00137444,0.003869637,0.00294794,-0.001241564,8.160672e-4,0.004561532,-0.005417646,5.49622e-6,0.0021201,-0.005205132,-1.29907e-5,-0.008186916,5.706762e-4,0.003459198,-1.84921e-5,-0.001973876,-5.524358e-4,0.001083291,3.204058e-6,2.485096e-4,-0.001897081,-0.003695179,-0.005733608,-0.00493317,-0.002590994,6.210175e-4,-0.005180357,0.001911756,0.001471111,-0.002695054,-0.001239116,0.003075012,0.001864992,0.0013399,6.534833e-4,0.00258062,-0.001757637,1.406616e-4,1.485338e-4,-7.073325e-4,-0.002202177,3.891524e-4,7.80682e-4,0.002163331,3.728672e-4,0.001088038,0.00355377,-0.001043978,0.00769225,0.0744278,0.3937025,0.7409042,0.6024526,0.2008941,0.02971527,0.005301885,0.005080731,0.009265662,0.007987478,0.00615762,0.006767382,0.008305898,0.01016966,0.009811035,0.01228031,0.01425872,0.01329982,0.01540991,0.01621746,0.01684089,0.01911552,0.01868688,0.02161256,0.02427966,0.02492905,0.0268829,0.02909732,0.03056059,0.0327601,0.0339783,0.03706711,0.0374856,0.03997337,0.04271132,0.04328992,0.04650744,0.05032571,0.05298691,0.05775318,0.06033128,0.06285678,0.06577963,0.06699898,0.07172569,0.07475016,0.0774068,0.07917842,0.08389414,0.08458062,0.08798944,0.09231973,0.09606889,0.09912742,0.1029607,0.1038025,0.1086099,0.1103882,0.1129525,0.114354,0.1194779,0.1215392,0.1208044,0.1229247,0.1235812,0.1275715,0.1284413,0.1271151,0.1286258,0.1301197,0.1326782,0.1325512,0.137197,0.1340219,0.1371419,0.1385166,0.1404862,0.1410972,0.1426378,0.1426253,0.1478287,0.1511009,0.1523414,0.1610236,0.1643668,0.1711595,0.1719295,0.1778201,0.1854027,0.1914118,0.2095776,0.2219281,0.2252772,0.2539053,0.4096407,0.6429627,0.5715678,0.3552298,0.2971327,0.3016871,0.3116924,0.3215913,0.3127205,0.3117932,0.3235608,0.3498115,0.3323291,0.317305,0.3635612,0.3604286,0.3664436,0.3990558
557.707,0.002649452,-1.343335e-5,-0.003164409,-0.005329996,-0.006467263,0.008136881,0.001968535,-0.006131416,0.002270721,-0.005883503,-0.01087849,-0.008624565,-0.001225982,-0.001860258,-3.076758e-4,-0.002079748,-8.136787e-4,7.562757e-4,-0.001305997,1.93557e-4,5.111274e-4,-5.656925e-4,-0.001676241,-9.127373e-4,0.001651032,-5.896947e-4,-0.00179636,0.001616889,-0.004287273,-0.003748843,-0.00340682,-0.008078545,-0.0118204,-0.00540625,-8.436448e-4,8.016969e-4,-0.001029273,-0.008113029,-0.002112703,0.001836414,0.002512254,-0.004572947,-0.006498031,-0.001719946,-8.32205e-4,-0.007300915,-0.002213254,-0.004077957,-2.645692e-4,-0.002237691,7.127179e-4,-0.003000921,-0.002983147,6.826472e-4,0.002192609,-0.00558777,-0.00537769,0.00194373,0.003740949,-3.552988e-4,-0.001037118,7.088042e-4,-0.00459463,-1.459595e-4,-0.00579116,-0.003241172,-0.001883759,-0.001054413,-0.00117209,-5.499447e-4,-1.266831e-4,-6.574059e-4,0.001846454,0.002701209,0.001019604,0.003683658,0.002643074,0.004319366,0.04616352,0.307545,0.6988272,0.6695571,0.2578381,0.03656944,0.008830898,0.006440777,0.005825072,0.003476393,0.007765533,0.007937514,0.007368408,0.006954216,0.009027776,0.008701517,0.01012251,0.01172883,0.01452742,0.01499489,0.01521954,0.01680683,0.01888125,0.0224419,0.02313973,0.02154903,0.02502915,0.02545504,0.028289,0.02908277,0.03211085,0.03403024,0.03683519,0.03794325,0.03948558,0.04039267,0.04293612,0.04520618,0.04820742,0.05113209,0.05509972,0.05809383,0.05992471,0.0633515,0.06631468,0.06963458,0.07068333,0.07168787,0.07746884,0.07886084,0.08264953,0.08603154,0.08896421,0.09162143,0.09289545,0.1005416,0.1012764,0.1030787,0.105994,0.108009,0.1125447,0.1125158,0.1153573,0.1183592,0.1190908,0.1220303,0.1217733,0.1213489,0.1229424,0.1252536,0.1265585,0.1218385,0.1275787,0.1301957,0.1331128,0.1315202,0.1305989,0.1344474,0.1362184,0.1387217,0.1401152,0.1441714,0.1465854,0.1514339,0.1534498,0.1581073,0.1680918,0.168164,0.174125,0.178208,0.1903642,0.19974,0.212628,0.2260443,0.2638076,0.4909504,0.6411906,0.4455853,0.2987428,0.2911058,0.2896695,0.3053703,0.2920923,0.2987194,0.2991704,0.3185622,0.3212132,0.3329261,0.3390923,0.3097204,0.3183641,0.3478148,0.3035073
560.051,-0.009256227,-0.005408664,-0.0043791,-0.01127639,-0.006496341,-0.00603109,-0.003246445,-0.01608083,-0.003335809,-0.004910673,0.003785047,-0.003284509,-0.002239191,0.002232337,-0.001574832,-0.001168061,-0.002711112,0.002781622,0.001369017,0.004025313,-0.001185024,0.002854101,-0.002527563,9.459215e-4,7.184882e-4,7.319782e-4,6.197776e-4,-0.002608037,-0.004172361,0.001900287,-4.330159e-4,9.130283e-4,0.007434446,-0.005412021,-0.002502326,-0.01120452,0.001698015,0.009722083,-0.005435897,0.002472154,-0.008725854,-0.006377478,-0.001174838,0.004374524,0.001442464,-0.005051513,-0.001374041,-0.002165923,0.002144165,-0.002246454,-0.00662863,-0.004613799,0.002543294,-0.006983756,0.001112853,-3.959125e-4,-0.004991783,0.002137158,-0.003343819,-1.632564e-4,0.002469818,-3.337122e-4,-0.001029732,-0.002021621,-0.002989183,-0.00439061,0.001442658,-4.50187e-4,7.471401e-4,-4.125783e-4,0.002219497,0.002300032,-0.002206979,-6.115185e-4,2.711608e-5,7.577402e-4,0.004564171,0.02527762,0.2236464,0.6222871,0.6989922,0.3441409,0.05629444,0.009096158,0.005980899,0.007122075,0.005122974,0.007484826,0.006929133,0.007723114,0.006746219,0.007844962,0.009361427,0.008875015,0.01279826,0.01263473,0.01445322,0.01609478,0.0159298,0.01937347,0.0177847,0.02052715,0.020567620000000002,0.02239186,0.02422699,0.026877,0.0270224,0.02988305,0.03146622,0.03398873,0.03601442,0.03683996,0.03755298,0.04064007,0.04329566,0.04525384,0.04734531,0.05132973,0.05324491,0.05732222,0.06053147,0.06228381,0.06363362,0.06620404,0.06656421,0.07308441,0.07388311,0.07783781,0.08074175,0.08462528,0.08729694,0.09021428,0.09349899,0.09526536,0.09517345,0.1002068,0.09864282,0.1033988,0.1093346,0.1096256,0.1112754,0.1120899,0.1134133,0.1149031,0.1202621,0.1180599,0.1190316,0.1213572,0.1197295,0.1203176,0.1241623,0.1237616,0.125006,0.1266307,0.1300018,0.1278185,0.1324048,0.133225,0.1376418,0.1398238,0.1403014,0.1427645,0.147677,0.1517178,0.1576199,0.1635796,0.1703695,0.1768793,0.1884122,0.1944206,0.2050018,0.2230281,0.3158173,0.562054,0.5710156,0.3538117,0.273555,0.2760908,0.274173,0.2943228,0.2939195,0.2952937,0.2907538,0.3016142,0.3027979,0.3136886,0.3153877,0.3078012,0.3233492,0.3009567,0.3345441
562.395,0.02007673,-0.006876182,-0.007669347,-0.00901582,0.001979961,0.004083513,0.01702965,0.02304092,0.01076671,-0.004987438,-0.003413625,0.005893935,-5.038838e-4,0.001279549,-0.002282651,-0.003026476,0.003846713,0.00279432,0.002682412,-7.672723e-4,-3.332438e-4,-4.381775e-4,-6.074373e-6,-0.001278691,-0.001539497,-0.002549709,9.569348e-4,8.743241e-4,-0.003214411,-0.002415219,9.172767e-4,0.0114583,-0.005603945,8.390694e-4,0.005086416,-0.003104514,-0.001371691,0.005046841,0.005493988,3.098848e-4,-0.001891454,-1.234584e-5,-0.001501763,-0.004091587,0.005708008,8.323689e-4,-5.646859e-4,-0.006312409,0.005577721,-0.001522325,4.712235e-4,-0.001630926,-4.824507e-4,0.002276669,0.001519623,0.001868155,0.002010236,-0.003496832,-0.002252278,7.262787e-4,-1.78173e-4,-8.58023e-4,-3.514824e-4,0.005603823,-0.005490734,0.005075105,8.089097e-4,4.655579e-4,-0.001631543,0.002149809,-9.680605e-4,0.002566287,8.088665e-4,0.003094199,0.005310737,0.004438446,0.01287642,0.1534543,0.5454219,0.740507,0.4195816,0.09888046,0.01060671,0.004473187,0.007628361,0.006759043,0.006415255,0.005809216,0.006435777,0.005634341,0.008956539,0.009503089,0.00983462,0.01014518,0.01187074,0.01200812,0.01371004,0.01439912,0.01754442,0.0162894,0.02000454,0.01931467,0.02196116,0.0233816,0.0255288,0.02576149,0.02920491,0.02789681,0.03157207,0.03432478,0.03496673,0.03641427,0.0380015,0.03998046,0.04085401,0.04386105,0.04690343,0.04813198,0.05285566,0.05439621,0.05858107,0.0617167,0.06266586,0.06532592,0.06823396,0.06937188,0.07334476,0.0765806,0.07788708,0.08102142,0.08390871,0.08628239,0.08985268,0.09173607,0.09524413,0.09719221,0.09870206,0.1006945,0.1024907,0.1051348,0.1071061,0.1118806,0.1131707,0.1144708,0.110992,0.1151634,0.115512,0.1159111,0.1158875,0.1177889,0.1185276,0.1188296,0.1240315,0.12218999999999999,0.1255116,0.1223622,0.1282244,0.1295605,0.1334242,0.1304639,0.1351822,0.142029,0.1437566,0.1507248,0.1500629,0.1546649,0.1619345,0.1682023,0.1808734,0.192311,0.2028261,0.2252457,0.3796642,0.5856565,0.4541701,0.2776108,0.2568294,0.2683943,0.2797648,0.2783003,0.2859219,0.2969971,0.2828067,0.2980387,0.3020303,0.3053421,0.2948442,0.3067784,0.2706769,0.2959001,0.2807577
564.74,-0.00999166,-0.01234318,-0.01343456,0.001228277,0.009932004,0.003382368,-0.02300663,-0.006794407,-0.0147206,-0.001511134,-0.009871251,-0.003058132,-0.003757262,-0.001576321,6.804932e-4,0.003651097,5.898779e-4,0.004594371,-0.006716128,-0.003268177,0.003592803,0.001592119,-1.129171e-4,9.341576e-4,8.370193e-4,4.967218e-4,9.747847e-4,-0.005512641,1.45952e-4,-0.002066965,-0.008265143,-5.799712e-4,7.571319e-4,-0.003344025,-0.004703151,-0.006565856,0.003434804,-0.00598707,-0.006715049,-0.004313325,-0.00281875,0.004614775,-8.917774e-4,-0.002026849,-0.002588325,-0.001995511,0.009281591,2.931743e-4,-0.007444137,-7.467555e-4,2.408687e-4,-0.005141278,-0.001144926,-0.002500392,-0.009811817,-4.04776e-4,0.001437332,-0.009148903,-0.002991838,0.001271461,-0.003346699,3.524872e-4,-0.00343443,-0.00169824,3.487692e-4,-0.001807954,-9.376343e-4,-0.002640463,-0.001176276,-8.609723e-4,9.879214e-4,0.002710993,0.001329592,-1.024366e-4,0.002438884,0.009672535,0.1183646,0.4515312,0.7276397,0.491965,0.1371039,0.01465113,0.005227961,0.005585056,0.00688126,0.005944133,0.005614409,0.007890231,0.005235532,0.00843455,0.00841966,0.009458567,0.0109245,0.009013066,0.01029283,0.01151561,0.01077298,0.0162054,0.01440918,0.01466585,0.02024414,0.01906015,0.02197079,0.02227277,0.02358575,0.02531017,0.02759418,0.02947539,0.03235093,0.03112659,0.03342661,0.03566623,0.03824951,0.03895731,0.03992239,0.04326723,0.04673683,0.04696444,0.05126003,0.05387,0.05551857,0.05798182,0.06087526,0.06294999,0.0658615,0.06784709,0.07065145,0.07395956,0.07606101,0.07889676,0.07988452,0.08499773,0.08615872,0.08826374,0.08964019,0.09483997,0.09578663,0.0986809,0.1003951,0.1013523,0.1001856,0.1063281,0.1075305,0.1101886,0.1091266,0.1098972,0.1082333,0.1101643,0.1131326,0.1144141,0.1112269,0.1150051,0.116805,0.1174361,0.1182253,0.1200716,0.1211163,0.1227942,0.126784,0.1275351,0.1310585,0.1349626,0.1394469,0.14158,0.1481579,0.1564482,0.157793,0.1666806,0.1759149,0.1845464,0.1975059,0.2593907,0.4553936,0.5498314,0.3564125,0.2390095,0.2446183,0.2608306,0.2734771,0.2662628,0.2584815,0.2758357,0.2672441,0.2692689,0.2821323,0.2706863,0.262553,0.2571303,0.2582755,0.2591601,0.2090174
567.085,0.007368961,0.01733855,0.002005509,0.01565359,-0.01055073,7.233501e-6,6.932904e-4,-5.983605e-4,0.007989845,0.009026454,0.01717849,0.003101654,0.003299314,0.004759112,0.005287979,0.006684571,0.01053999,0.006660324,1.191793e-5,5.838739e-4,0.005999052,0.006927237,8.563817e-4,0.004105519,0.002160624,3.717767e-4,0.003188189,0.002639836,0.001698,8.838422e-4,0.005537685,0.006393225,0.00527285,4.486752e-4,0.008592921,-0.001546987,0.005158109,9.4902e-4,0.009209326,0.00619828,0.006324606,0.002772069,0.001220007,3.195475e-6,0.003169067,0.005993454,0.0034015,0.003054786,0.004821829,0.004073408,0.001445229,0.003529071,0.003982764,0.002513166,0.003306732,0.006123581,0.003242988,0.006078282,-1.90232e-4,9.234581e-4,0.006750585,-1.661932e-4,-4.944229e-4,-3.292698e-4,5.148967e-4,-0.001961414,0.002890353,0.00512769,0.002416478,0.003061521,0.004890762,0.001106292,0.002530516,0.004185119,0.009157615,0.08460346,0.3925123,0.7120206,0.5737729,0.1922274,0.01853571,0.004670979,0.008833349,0.00969018,0.00709943,0.007285474,0.008018476,0.006131844,0.009185102,0.008728312,0.01049933,0.0108386,0.01066631,0.0117568,0.01386693,0.01576472,0.01683175,0.01746759,0.01695077,0.01820507,0.02038052,0.02116712,0.02079736,0.02259956,0.02373963,0.02637363,0.0271966,0.02943711,0.03160943,0.0329125,0.03414692,0.03490645,0.03732976,0.03878727,0.03995551,0.04327091,0.04591318,0.04622132,0.05043387,0.05304285,0.05575796,0.05611399,0.06020198,0.06185888,0.06390189,0.06575548,0.06970348,0.07085031,0.07559159,0.07493889,0.07874451,0.08190227,0.08242572,0.08662429,0.08951888,0.09000252,0.09149169,0.09456463,0.0954645,0.09916451,0.1024878,0.10228,0.1043,0.1041579,0.1061746,0.1083004,0.1074933,0.1095894,0.1087311,0.1086159,0.10852,0.1139379,0.1122308,0.1132891,0.1167812,0.1163961,0.1176481,0.1210755,0.1225666,0.1262662,0.1281665,0.1336675,0.1365271,0.1389247,0.1465442,0.1481837,0.1561765,0.1640806,0.1740407,0.180683,0.1977356,0.3222549,0.5148099,0.4878975,0.276863,0.2343353,0.2485512,0.2451703,0.2550022,0.2614865,0.2645894,0.2735177,0.2884745,0.2798798,0.2655356,0.2993275,0.2746181,0.3014717,0.3272109,0.3115473,0.3529574
569.431,-0.024196,-0.01180039,-0.0141825,-0.02779876,-0.00262809,-0.03006112,-0.01258619,-0.002511299,-0.01141911,-0.02259417,-0.006493336,-0.007224467,-0.004290517,-0.007640776,-9.726604e-4,-0.004573331,-0.003613103,-0.01078208,-0.005418005,-0.003280231,0.001902366,-0.002317539,-0.003920342,-0.004221027,-0.002999602,-3.651524e-4,-0.002072444,-0.003289706,-0.003245395,-0.004169957,-0.006245022,-0.005477946,-0.004118137,-0.01146208,-0.00989417,-0.01371721,-0.01068181,-0.004116404,-0.005857447,-0.002482123,-0.007593311,-0.01180365,-0.006020875,-0.00588942,-0.01099704,-0.008018902,1.147317e-5,-0.009166155,-0.002402065,-0.007624403,-0.005308361,-0.004944756,-2.173161e-4,-0.003449514,-0.004374127,-0.00275651,-0.006090489,9.950049e-4,-7.511651e-4,-0.001454075,-7.170712e-4,-0.005096363,-0.002954028,-0.005999379,-0.00372787,-0.001818469,-0.003377367,-0.002638094,-0.00179012,-0.002162005,-0.00419402,-0.001476867,6.993762e-4,0.001984891,0.0439071,0.3019602,0.6858692,0.6360159,0.2476002,0.02931737,0.004289813,0.002571341,0.003831881,0.005424977,0.005870029,0.003249955,0.003355222,0.004439535,0.00746993,0.006985302,0.009064234,0.009304932,0.01125618,0.007702006,0.009814393,0.0119497,0.0121742,0.01255622,0.01399105,0.01642003,0.01828674,0.01943678,0.01951478,0.02190927,0.02185305,0.02310109,0.02497742,0.0270341,0.02886496,0.03052266,0.03184657,0.03287945,0.03538329,0.0367522,0.03786925,0.04187705,0.04304583,0.04394941,0.04666212,0.04877491,0.05063124,0.05504111,0.05713102,0.05793871,0.05874062,0.06363984,0.06490088,0.06634188,0.06769515,0.07153748,0.07350125,0.07619996,0.08111227,0.08292849,0.08604811,0.08344865,0.08853123,0.08741264,0.09245446,0.09439374,0.09520724,0.09651781,0.09729474,0.09846297,0.1038651,0.1007782,0.1005889,0.1021165,0.1017227,0.1047685,0.1068118,0.1051685,0.1085662,0.109802,0.1103285,0.1094501,0.114435,0.1121315,0.1162165,0.1180494,0.1223948,0.1241281,0.1262314,0.1331958,0.1360932,0.1410912,0.1424712,0.1552036,0.1611134,0.17226,0.2034314,0.3818828,0.5135651,0.3775545,0.2217186,0.2237968,0.232699,0.230275,0.2444855,0.244891,0.2336823,0.24348910000000001,0.2510035,0.2698769,0.2605002,0.26018,0.253079,0.2345845,0.2576608,0.2407903,0.3023513
571.778,6.870991e-4,-0.01877523,-0.006526788,-0.01336266,-0.01939678,-0.01441886,0.00668386,0.01015131,0.00464073,5.185597e-4,-0.001138416,-0.002583704,-0.003550801,-0.001568453,0.006325512,-0.003657962,-0.004195334,5.168951e-4,-0.002048178,-0.005823946,-0.005181768,-5.74748e-4,7.446257e-4,0.001777992,-0.001808157,-0.001469852,2.534015e-4,-0.002407664,5.627637e-4,0.001758514,-0.008149977,-8.935303e-4,-0.001900413,-0.002534341,-0.002999121,-0.00745755,-0.008645446,0.001603302,-0.001548026,-0.001239127,-0.002840036,-6.084805e-4,-0.006349609,-0.0044357,-5.7223e-4,-0.003136376,8.647857e-4,0.001148731,8.171061e-4,5.095685e-4,-9.578648e-4,-0.003767035,-0.001403808,-0.005073364,-0.006418895,-0.003597014,-0.001215045,0.001981173,-0.003796691,5.456798e-4,5.550334e-4,-0.004230707,-0.002618018,-0.002769236,-0.002541831,-8.223193e-4,3.448085e-4,-7.662925e-4,0.002122742,0.002784757,-6.811344e-4,0.003453701,8.310455e-4,0.02722772,0.2318613,0.6277873,0.6846035,0.3295999,0.05224959,0.006120317,0.004079487,0.006092194,0.005494193,0.004543227,0.004238361,0.00762876,0.003813812,0.004642307,0.005929617,0.005818455,0.007454619,0.01029317,0.009460594,0.009712239,0.0124165,0.0105002,0.01255562,0.01552379,0.01569552,0.01584941,0.01758474,0.01967801,0.0195085,0.02113675,0.02218297,0.02532763,0.0257187,0.02750859,0.02810606,0.03002906,0.03244237,0.0333633,0.03479365,0.0352543,0.03757605,0.03947776,0.04274121,0.0431596,0.04559754,0.04940793,0.05158026,0.05384934,0.05311617,0.05912556,0.05882266,0.06312696,0.06276638,0.06525934,0.0673614,0.07121209,0.07144779,0.07567047,0.07959112,0.07914436,0.07947318,0.08121761,0.08557364,0.08530963,0.08817926,0.08904002,0.09188766,0.09261695,0.0927032,0.09496497,0.09628301,0.09760418,0.09860903,0.09838852,0.09734383,0.101247,0.1017554,0.1034896,0.1056441,0.1049337,0.1076647,0.1057481,0.1074838,0.1095904,0.1144809,0.1166277,0.1162524,0.1219462,0.1244819,0.1309207,0.1316846,0.1387868,0.1466376,0.1486274,0.1543985,0.166899,0.2567795,0.439046,0.4808438,0.2784563,0.208665,0.2172182,0.2251373,0.2274718,0.233696,0.2388215,0.2395444,0.2472606,0.2463584,0.2496642,0.2596453,0.2597337,0.2660521,0.262379,0.2833505,0.2152873,0.2186943
574.125,0.005508529,0.0168668,-6.41527e-4,0.001267718,0.01417898,0.003496846,0.01275996,0.0115009,0.002951205,-0.003528728,-0.001166236,0.006813123,0.007946124,0.005156772,0.007021675,0.007709943,-0.004770203,0.002609131,0.006651072,0.005681051,-8.556834e-4,-1.439208e-4,-6.122788e-4,0.002142152,7.346711e-4,-2.50774e-4,3.865293e-4,-0.002423724,-2.774115e-4,0.00652256,0.002831127,0.007108868,0.008017429,0.01504664,-4.43275e-4,0.00437303,0.001079741,0.01256625,0.0103007,9.367412e-4,0.002579516,0.003791335,9.148746e-4,0.003292855,-0.006159489,0.004076952,0.01376674,0.008717281,0.008158454,7.770264e-4,-2.352379e-4,-0.001175358,0.005000026,0.006728334,0.005580562,4.330033e-4,0.005564428,-1.845472e-4,0.001555466,0.001485557,-1.544854e-4,0.006064787,0.003550049,0.003318688,0.004282754,0.004355989,0.003603879,3.368768e-4,0.003226279,0.006185015,0.006534205,0.005821217,0.01570528,0.1715374,0.5708589,0.7239991,0.3964076,0.09111142,0.009353993,0.007850291,0.004653224,0.007191952,0.006665767,0.006387983,0.004553122,0.008351764,0.007395399,0.008215988,0.007549819,0.01194729,0.01090313,0.01020466,0.01330316,0.01111701,0.01471703,0.01579222,0.01601863,0.01639143,0.01671405,0.01912105,0.01944247,0.01844006,0.02193008,0.02317985,0.02352474,0.02330322,0.02596939,0.02825792,0.02851092,0.03061293,0.03105487,0.03275205,0.03471577,0.03567332,0.03692268,0.03929208,0.04197415,0.0448072,0.04756209,0.05006798,0.05182524,0.05371713,0.05340548,0.05470864,0.05793169,0.05922795,0.06290049,0.06484255,0.06687279,0.07007058,0.07322845,0.07289131,0.07560428,0.07739909,0.07854319,0.08226492,0.08343452,0.08316511,0.08742543,0.08839592,0.08869292,0.09147802,0.09310476,0.09323934,0.09381227,0.09524607,0.09581749,0.09796803,0.0976004,0.09846035,0.09916615,0.1009477,0.1018634,0.1015507,0.1020063,0.1075547,0.1059375,0.1099381,0.1114246,0.1111878,0.1164817,0.1165889,0.12306,0.1269201,0.1316272,0.0362839,0.1470734,0.1497713,0.1577355,0.1842506,0.3260523,0.4801839,0.4132108,0.2266834,0.2036344,0.207236,0.2194853,0.2260167,0.2280165,0.2399552,0.2471858,0.240647,0.2509271,0.2535816,0.2599289,0.2600624,0.2937487,0.254512,0.3014177,0.2488339,0.3337996
576.472,0.02669521,0.01980931,0.004578236,0.01477676,0.002024964,-0.001358842,6.968079e-4,0.02242169,0.007011419,0.007119229,0.001564906,-0.001306355,0.006429483,0.004545778,-0.002688072,-9.533919e-4,0.005676863,0.002857848,9.25918e-4,-0.002161838,0.005241352,0.003243816,0.00123908,-6.043526e-4,0.001826704,0.001876343,0.002614458,0.002958098,0.001583186,0.00619697,0.005419869,0.003709337,-0.003067476,0.01336664,-0.002620725,0.002392052,0.005254532,0.005836571,-0.001559083,-0.001585537,0.00676376,0.008227195,0.007678428,0.006625843,0.003245626,0.008451289,2.888965e-4,0.002003478,0.005464762,-0.007008995,0.001715921,-7.223138e-4,0.002154883,0.004900546,-0.002246199,0.002366715,0.004335999,0.002206934,0.003265198,0.003334218,-8.943534e-4,-8.894732e-4,0.001956568,0.004010113,0.003462769,0.006222742,0.001476649,0.002076644,0.001068391,9.258722e-6,0.007280547,0.01001255,0.1201034,0.4756832,0.7235264,0.4790782,0.1229327,0.01364508,0.007180566,0.009483043,0.003677568,0.0118691,0.004819525,0.007340485,0.008633211,0.004830613,0.007997287,0.007342653,0.008124085,0.008302815,0.01154461,0.009293649,0.01174423,0.01184215,0.01004582,0.01393987,0.01144209,0.01622966,0.01711731,0.01627617,0.01915139,0.01832632,0.02060753,0.02190541,0.02301826,0.02372923,0.02375184,0.02595243,0.02796299,0.02902342,0.02991669,0.03239382,0.03257305,0.03473418,0.03508318,0.03686524,0.04093985,0.04055754,0.04315477,0.04817628,0.04974183,0.05217116,0.05504878,0.05505329,0.05631369,0.05777882,0.0616298,0.06250282,0.06289523,0.06566523,0.06995094,0.07312516,0.07285906,0.07581933,0.07585312,0.07749579,0.0793454,0.08219733,0.08292945,0.08407452,0.08405415,0.09002344,0.09136913,0.08916135,0.0898524,0.09104678,0.09296141,0.09369162,0.0926996,0.09499246,0.09490763,0.09713319,0.0982135,0.09746618,0.09781066,0.1013678,0.10297,0.1021065,0.1057826,0.1059616,0.1092879,0.1174266,0.1172526,0.1213704,0.1209733,0.1307051,0.1365376,0.1460795,0.154365,0.2093057,0.378596,0.4601691,0.31650470000000003,0.1892618,0.1918574,0.2043019,0.2158043,0.2130462,0.2165084,0.2261963,0.216688,0.2342573,0.2281532,0.2520502,0.2610767,0.2524746,0.2648827,0.2569957,0.2829806,0.3055417,0.2962156
578.821,-0.01238179,-0.002761227,-0.02232034,-0.01972079,-0.02036009,-0.003458445,-0.03922631,-0.01672173,-0.01519333,-0.01279796,-0.01171363,-0.007916306,-0.01006811,-0.009778424,-0.004039373,-0.0081138890000000009,-0.01362607,-0.01284101,-0.003695013,-0.005529079,-0.005612582,0.001764783,-0.004262466,-0.003235483,-0.00257008,-0.002250527,-0.002498893,-0.002839425,-0.007790161,-0.006938382,9.380527e-6,-0.003708335,-0.01232428,-0.01644095,-0.009235183,-0.005186497,-0.001419649,-0.00779591,-0.005339237,-0.00889391,-0.009362727,-0.007275134,-0.003695284,-0.006329946,-0.004425957,-0.009338089,-0.006055919,-0.005384871,-0.002728588,-0.006495122,-0.008852614,-0.003840616,-0.007187322,-0.007004537,-0.007867289,2.185881e-4,0.001466227,-0.006216371,-0.003480045,-0.008768043,-0.003640654,-0.005016738,-0.008164557,-0.002449257,-0.003960183,-0.004031853,-0.003613113,0.002236039,-0.001980469,-4.202149e-4,0.002039741,0.06372791,0.3804234,0.707631,0.5571685,0.1671209,0.01726247,0.002567209,0.004150385,0.001289107,0.002924828,-4.064928e-4,4.449341e-4,0.002673093,0.003205764,0.002055734,0.001913785,0.003245574,0.006558418,0.004877894,0.003313079,0.006909672,0.008295002,0.008597569,0.01037669,0.01246796,0.01242854,0.01178383,0.0144092,0.01337013,0.01535895,0.01740127,0.01901117,0.01999151,0.01999713,0.02383301,0.02278583,0.02394151,0.02524128,0.02890876,0.02919099,0.03054553,0.03202444,0.03191148,0.03511477,0.03561525,0.03838338,0.0394893,0.04104041,0.04427439,0.04623665,0.04874872,0.05054738,0.05127001,0.05340768,0.05492282,0.05542495,0.05758573,0.06090514,0.06232157,0.06547946,0.06628045,0.07142909,0.06870463,0.07323735,0.07503907,0.07437842,0.07682435,0.07955113,0.07956525,0.08229285,0.08259631,0.0840047,0.08292063,0.08505985,0.08381718,0.08573763,0.0863747,0.0880883,0.08866234,0.09100773,0.09204494,0.09177031,0.09332748,0.09471918,0.09494523,0.09696118,0.09844574,0.1003996,0.1016817,0.1054142,0.1080993,0.1112494,0.1152566,0.1182077,0.1256512,0.1335553,0.1376995,0.1547699,0.2613046,0.4271055,0.391764,0.2306963,0.1734249,0.176369,0.1889701,0.1988973,0.2088921,0.1979602,0.210874,0.2174438,0.2233306,0.2197615,0.2218345,0.2089849,0.2117504,0.2027147,0.2055053,0.190295,0.159329,0.2060433
581.169,0.005508345,-0.004237072,0.005267385,-0.02481728,-0.007466957,0.005577069,-0.006101169,-0.00257092,0.004674101,-0.01752562,-0.009807349,-0.008497436,7.613793e-4,-0.008165823,-0.006426223,-0.003134222,-5.7591e-4,-0.001056111,-0.009291085,-1.928944e-4,-0.004057066,-0.004902866,-0.001379884,-0.004210383,0.001355336,-0.002129466,-0.001890824,-0.00363687,-0.003040568,-0.001252601,-0.002609786,-0.005021548,-0.003865973,-8.710222e-4,-8.802393e-4,-0.004049532,0.006718296,-0.008804158,-0.008223467,-0.002546304,-0.01040052,-0.006691955,-0.004937608,-0.006955645,-0.001169647,0.002073782,-0.002320961,-0.004834183,-0.004693221,-0.003156934,0.005942955,0.001226403,-4.748784e-4,-0.007767205,-0.001820441,-0.0036786,-0.00187217,-1.90889e-4,-0.00602514,-5.759761e-4,7.37143e-4,3.593107e-4,5.306153e-4,5.576834e-4,-6.944573e-4,1.788167e-4,8.404563e-4,-0.001580973,0.00124922,0.001072578,0.03988149,0.2789394,0.6607343,0.6078736,0.2297233,0.02881494,0.003495862,0.003907288,0.002743749,0.001403448,0.004606765,0.005994869,0.005716347,0.003308524,0.004817882,0.007302362,0.003808949,0.007325175,0.008117318,0.008026128,0.008030834,0.008656187,0.009347655,0.009702795,0.009628446,0.01441983,0.01417569,0.01352313,0.01645879,0.01498793,0.01634717,0.01652978,0.01828399,0.02010695,0.02223014,0.02328163,0.02257219,0.02353059,0.02629084,0.0280179,0.02842526,0.02973548,0.03092521,0.03182283,0.03404848,0.03543638,0.03737124,0.03683787,0.03916537,0.04288457,0.04593331,0.04738982,0.04972076,0.04928078,0.05260377,0.05523301,0.05585168,0.05785693,0.05842063,0.06049563,0.06350462,0.06587608,0.06771731,0.06770601,0.0703242,0.07217903,0.07247653,0.07538166,0.07572233,0.07662567,0.0803013,0.07939718,0.08135925,0.08317906,0.08209342,0.08296123,0.08445481,0.08436095,0.08589327,0.08663295,0.08847132,0.08768727,0.08825494,0.09052619,0.09103283,0.09240221,0.09568701,0.09625791,0.09695611,0.1002306,0.09988835,0.1049768,0.1049618,0.1125792,0.1162775,0.1224414,0.1298421,0.1354897,0.170537,0.3291894,0.4428272,0.3186625,0.1822436,0.171508,0.1783789,0.178743,0.1880567,0.1982687,0.2003397,0.2047756,0.2003669,0.2139973,0.2144095,0.2184407,0.2338697,0.2173264,0.2274956,0.2152527,0.2056875,0.2053633,0.2199322
583.519,-0.02909598,-0.03064975,-0.03312197,-6.328795e-4,-0.01095082,-0.004201089,-0.009518062,0.005163828,0.003544914,-0.003612229,-0.002761524,-0.002119934,7.760856e-4,-0.001312527,3.284039e-4,-0.007828128,-4.729656e-6,-0.006849163,-9.292227e-4,-0.004765061,0.002646459,-0.003277284,-0.001140431,9.620581e-4,-0.001850234,-0.002639252,3.85534e-4,-9.104474e-4,0.002324455,0.001804396,0.006688583,-0.01189817,-0.01241152,-0.005664628,-0.004431556,0.002010246,-0.0109974,-0.003603284,-0.003485768,-0.006382609,-0.004872465,0.004784371,-0.004663621,-0.01457512,0.003561023,0.008557632,-0.004087993,-0.00485997,-5.572735e-4,7.979616e-4,-0.001230011,-9.766769e-4,-0.008212774,-0.002833945,0.001130119,2.211692e-4,8.700269e-6,6.119193e-4,-0.002541865,-0.006388958,0.001111007,-3.620415e-4,0.004649274,-0.003715495,-0.003997632,-0.004594755,-0.001308728,3.263603e-4,0.003739264,0.02112747,0.2000981,0.5890629,0.6641499,0.2933284,0.04511177,0.003731978,0.004737232,0.007080283,0.002508402,0.002796088,0.002696274,0.004594678,0.002768237,0.002074144,0.003324629,0.005278689,0.004761287,0.007052061,0.007306614,0.009093228,0.007281444,0.005968856,0.009444802,0.01198118,0.01168142,0.008426282,0.01270127,0.01445681,0.01455809,0.01476589,0.01585807,0.01665994,0.01730732,0.02023899,0.02027611,0.02067739,0.02239632,0.02495638,0.02580284,0.02767181,0.02781859,0.02824563,0.02907662,0.03161751,0.03146695,0.03300826,0.03577619,0.03557901,0.03887295,0.04322946,0.04293267,0.04583797,0.04721988,0.04935069,0.04893831,0.05062774,0.05450643,0.05555515,0.05762917,0.05788532,0.06173841,0.06196663,0.06462083,0.06347352,0.06654129,0.0680402,0.07149892,0.07292052,0.07128958,0.07448733,0.07622019,0.07677019,0.07662126,0.08103402,0.07882951,0.08127859,0.08070069,0.07873564,0.08107014,0.08349803,0.08195985,0.08365568,0.08664964,0.08798362,0.08810429,0.08953406,0.08987533,0.09331512,0.094066,0.09258243,0.1002681,0.1006807,0.1007766,0.108337,0.1160072,0.1173935,0.1279569,0.129537,0.2117493,0.3810892,0.4021808,0.242801,0.1580565,0.1664708,0.1743475,0.1820431,0.1848791,0.1827322,0.197702,0.1865913,0.2086284,0.2092776,0.1952012,0.2272066,0.2112024,0.2148036,0.223247,0.2140387,0.2439981,0.2318983,0.2143426
585.868,0.0125432,0.00576037,0.002654301,-0.009998353,0.009679466,7.123477e-4,0.01099149,0.01755594,0.01184095,-0.00934573,0.006717133,0.003763624,0.001568629,6.79109e-4,0.003077119,0.0082097,0.00231154,0.004253621,0.007725566,-4.050657e-4,0.005169375,-4.502014e-4,-0.001266888,-0.001218983,-0.001743823,7.637763e-4,6.306859e-4,0.002098983,-7.274777e-4,0.003054157,-0.002156742,-0.003445704,0.006240061,0.009224747,4.527807e-4,0.01501524,0.01496805,0.008555653,0.001624391,-0.007719794,6.482021e-4,-0.006738408,0.00249035,2.98103e-4,0.00658314,0.001188336,0.006437072,-8.577821e-4,-2.722157e-4,0.0073799,0.004991901,0.002193302,0.007287909,0.006168258,0.0038741,6.47252e-4,2.170767e-4,0.005888659,0.001959352,-0.003026795,-0.002019989,0.00346495,0.001268476,0.003022481,0.005777325,0.00669687,0.002513876,0.004377513,0.01216751,0.1451892,0.5033141,0.6825517,0.3833897,0.07087614,0.006485293,0.006705676,0.005405777,0.004065477,0.004667939,0.006510979,0.006209405,0.006571967,0.008299026,0.006749184,0.004748903,0.005985775,0.008039455,0.007379594,0.008444309,0.008963648,0.01029719,0.01090622,0.01004119,0.012345449999999999,0.01152235,0.01240393,0.01230149,0.01504555,0.01683288,0.01785986,0.01582879,0.01761442,0.01764434,0.02002333,0.02076059,0.0215394,0.02340776,0.02316941,0.02583786,0.02683423,0.02733481,0.02923891,0.02945787,0.03038157,0.03154364,0.0340867,0.03478416,0.03787057,0.03929465,0.04049009,0.04404232,0.04621738,0.04389508,0.04668549,0.04758355,0.04802319,0.05223495,0.05153959,0.05430724,0.05752012,0.05998691,0.06127976,0.06245699,0.06408838,0.06618268,0.06653436,0.06661483,0.06849036,0.07218431,0.07244138,0.07244189,0.07249951,0.07593316,0.07835454,0.07904536,0.07900724,0.07994144,0.07912002,0.07960516,0.08012656,0.08203566,0.08291532,0.0854091,0.08485341,0.08608904,0.08826134,0.087777,0.08910792,0.09010669,0.09228525,0.09622809,0.09885063,0.1044404,0.1039423,0.1077086,0.1183549,0.1247132,0.1382929,0.2702687,0.4108163,0.326645,0.178707,0.1542322,0.156799,0.1670042,0.1780478,0.1894687,0.1934335,0.1873033,0.1915473,0.2000249,0.2048434,0.2151332,0.2075536,0.2171765,0.2155765,0.2351663,0.2126416,0.2066676,0.2688398,0.2576776
588.219,0.03269296,0.01007869,0.01326045,0.03315162,-0.01239205,0.009858678,0.02124188,0.009776054,0.01655425,0.007237491,0.008712006,-0.003772185,0.006023483,0.009564858,0.005798491,0.004709264,0.006013526,0.005825701,0.002113315,7.894634e-4,0.005148407,0.003739214,0.006076583,0.002184563,0.007837066,8.763982e-4,0.003032222,0.001954415,0.006274869,0.001983498,0.002391637,0.01168568,0.01013518,0.01142298,0.005805393,0.008090045,0.006766154,0.005590655,0.006998046,0.01029102,0.003914373,0.002892188,0.001250922,0.004275206,0.004504445,8.636824e-4,-0.003522514,0.01208653,-8.223859e-4,7.826002e-4,9.959077e-4,0.005333038,0.005816664,0.01113943,0.00204206,0.005020703,0.00231005,0.003036703,0.002346124,0.002444064,-0.001655614,0.008557591,0.008284579,0.005501059,0.007873038,0.001870918,0.003009248,0.01034761,0.1003443,0.4223325,0.676326,0.4502567,0.117858,0.0141781,0.004493487,0.007469545,0.008275279,0.004418737,0.007994352,0.008237037,0.006666928,0.008109998,0.006391415,0.007976645,0.009575839,0.007545688,0.008796681,0.007567846,0.008714498,0.01036117,0.01132325,0.01140403,0.009489411,0.01378655,0.01225957,0.01115248,0.01345647,0.01518739,0.0160938,0.01527561,0.01902203,0.01688775,0.01888184,0.01918196,0.02030277,0.02392491,0.02302443,0.02450914,0.02466446,0.02600348,0.0273339,0.02899065,0.02722306,0.03024711,0.03258937,0.03408445,0.03316075,0.03522403,0.03797105,0.03890532,0.0409053,0.04306093,0.0470584,0.04639655,0.04842194,0.04762302,0.0504007,0.05266553,0.05438885,0.05637615,0.05798572,0.05902795,0.05958247,0.0622689,0.06294817,0.06461939,0.06559549,0.06971179,0.06843832,0.06822637,0.06841251,0.07190427,0.07127789,0.07399863,0.07528001,0.07601368,0.07609656,0.07559281,0.07710013,0.07536056,0.07973736,0.07804151,0.08068253,0.08101741,0.08174512,0.0847449,0.08358621,0.08382444,0.08555987,0.09007822,0.09290988,0.09580616,0.1005377,0.103141,0.1088755,0.1133219,0.1209371,0.1686705,0.3258206,0.3921639,0.2534309,0.1470456,0.1492597,0.1553237,0.1582986,0.1633995,0.1790646,0.1806799,0.1840286,0.1691859,0.1984065,0.1953646,0.2005285,0.2051229,0.2248376,0.2130772,0.2327626,0.2250052,0.2643694,0.2685278,0.2369641
590.57,0.002159215,-0.01439016,-0.002594178,0.006958071,0.002076819,-0.009169952,-0.002700845,-0.00980522,3.138763e-5,-0.009342446,-0.001549195,0.003509395,-0.00235941,0.001351002,0.004141763,-0.001272666,-0.002306319,-0.005060808,2.560367e-4,-0.002400611,-0.003743647,0.005444709,5.27918e-6,-0.001331668,-2.502943e-4,-0.003041858,1.398498e-4,0.001583474,-0.002348584,-0.003260061,0.003630563,-0.004094533,-0.009405284,0.00399441,8.929221e-4,-0.005667473,-0.005732135,0.01029382,-0.00351747,0.005205571,-0.0138301,-0.005804373,0.00505353,-8.96303e-4,-0.005416472,9.280704e-4,6.056374e-4,3.203996e-4,0.003388986,-0.002636717,-0.003999204,-7.221702e-4,-0.004613282,-1.076796e-5,-0.004123811,-0.00394482,0.001928326,0.001036446,0.004932585,0.002683249,7.548377e-4,0.003131162,0.002005042,7.414079e-4,0.001074323,0.001405692,8.663641e-4,0.06200189,0.3512101,0.6599034,0.5322733,0.164221,0.01477501,0.002480421,0.005468447,0.005197027,0.00468695,0.0037203,0.00397526,0.003533769,0.001734095,0.004757679,0.005151248,0.004498342,0.006001418,0.002091369,0.005403906,0.007345696,0.007412068,0.007098592,0.007639359,0.009437052,0.00805729,0.01022294,0.01117018,0.01271184,0.01362364,0.01371349,0.01443218,0.01357426,0.01799065,0.01575787,0.01764604,0.01740829,0.01943055,0.02110407,0.02061963,0.02388484,0.02353007,0.02393415,0.02564312,0.02697665,0.02651206,0.02835953,0.02989207,0.03065377,0.03208485,0.03353954,0.03536359,0.03671319,0.0400371,0.04218875,0.04110478,0.04266202,0.04376899,0.04664726,0.04748155,0.04971636,0.04996401,0.05227806,0.05529776,0.05596924,0.05908245,0.05684271,0.05902184,0.06158225,0.06321247,0.06442226,0.06469073,0.06556591,0.06786726,0.06640923,0.07073203,0.06889062,0.06966712,0.07277787,0.07382405,0.07225458,0.07363388,0.07359279,0.07531078,0.07591153,0.07615772,0.07847662,0.07666912,0.07802587,0.07860209,0.08080566,0.08426778,0.08697716,0.08764822,0.09150051,0.09438842,0.1000845,0.1015422,0.1074197,0.1158908,0.2118063,0.3563195,0.3293734,0.1834779,0.1394558,0.1397762,0.1585126,0.1590748,0.1571574,0.1695129,0.1664896,0.180878,0.1765544,0.1826989,0.187696,0.1819117,0.1796453,0.1885772,0.1855682,0.1902942,0.2179903,0.2193373,0.1768741,0.1842662
592.921,0.007777576,0.01021515,0.01754256,0.00193832,0.001450358,0.01853595,0.02077251,-0.01045662,0.001825228,0.004215098,3.062948e-5,0.001641447,0.003167915,0.00567484,-0.002725618,0.004794816,-0.002577302,0.008294338,-9.400848e-4,-0.001409909,0.002329649,0.001214753,6.533325e-4,0.002940725,1.563838e-5,0.001793251,-8.814225e-4,0.002910015,0.002064036,1.137075e-5,9.765724e-4,0.003200996,0.009057453,0.003116742,0.001811857,-0.005308092,-7.000888e-4,3.412289e-4,0.002575175,0.003245366,-6.280791e-4,-0.003528582,-0.002504311,-0.003373185,-0.001794031,0.002710916,-0.002360762,0.003785539,0.001403323,0.004009567,0.001520919,4.99527e-4,0.004664899,-0.00355309,0.003457833,-0.005938946,0.003618583,0.008391703,0.001969081,-7.579101e-4,7.598607e-4,0.005512436,0.00509915,0.006462533,0.002133776,0.004153903,0.03168996,0.2694648,0.6379441,0.5840202,0.2268402,0.0267968,0.006688083,0.006400104,0.006927366,0.007532785,0.006441368,0.005311629,0.005290888,0.005394466,0.006145419,0.005305549,0.006336132,0.008986154,0.006311603,0.008413128,0.006853803,0.007246994,0.007228911,0.009121799,0.009096712,0.008116531,0.009571347,0.009148441,0.01050506,0.01363449,0.01150953,0.01385041,0.01411893,0.01333867,0.01590149,0.01513184,0.01534186,0.01849644,0.01975137,0.02076333,0.02077909,0.02126199,0.02201928,0.02411227,0.02506846,0.02563053,0.0260258,0.02761348,0.02834257,0.03056057,0.03174045,0.03388814,0.03532423,0.0371906,0.03871825,0.03967963,0.04062466,0.04247129,0.04246788,0.0437196,0.04629747,0.04633866,0.04963677,0.05158954,0.05303923,0.05388367,0.05539342,0.05835619,0.05914202,0.05829304,0.06093911,0.06228311,0.06319889,0.06322013,0.06554699,0.06573681,0.06625286,0.06890256,0.06870265,0.06992886,0.0702269,0.06991628,0.07112613,0.07182335,0.07073001,0.07237203,0.07151705,0.07267978,0.07662012,0.0768639,0.07755826,0.07773723,0.08210992,0.08218352,0.08680819,0.087501110000000007,0.08977469,0.095827,0.098178,0.1080637,0.123131,0.2571283,0.3720177,0.2528537,0.1389951,0.1299138,0.1339407,0.1355274,0.1463154,0.1561786,0.1548865,0.1689672,0.1584008,0.1777185,0.1712365,0.1782247,0.1638871,0.1855218,0.1868028,0.2052264,0.1966416,0.185922,0.222393,0.2314048,0.2299942
595.273,7.389474e-4,0.01377974,0.006048705,0.01389717,0.01736421,-0.001423502,0.02841473,0.02770301,0.01199016,0.003683919,0.01081138,0.004596022,0.005034376,0.01099032,0.00758431,0.007342939,0.005819215,0.003225292,0.003070561,0.001021311,0.006118961,-4.663367e-4,0.002307965,0.002575169,0.003013229,0.00396391,2.634504e-4,7.969599e-4,0.003245315,0.001640386,0.001450587,-0.003184965,-0.004775348,0.01240618,0.003613144,0.00447906,0.01406418,0.003334485,0.01029096,-0.001945502,0.008947767,0.004848031,-0.001274559,0.004014339,3.021747e-4,0.005679139,0.007709808,0.001169898,-8.596079e-4,8.263786e-4,0.01209518,0.008871948,0.001472828,0.006951651,6.932553e-4,0.00596231,0.002556378,0.003285243,0.001195548,0.003440156,0.003175143,-0.005535141,0.004561356,-0.001084276,0.007623127,0.01769717,0.1787539,0.5964839,0.6320032,0.289925,0.04857086,0.00629394,0.008921946,0.005471677,0.004677538,0.004040827,0.004176676,0.003975894,0.007484112,0.007639206,0.004224472,0.007203036,0.009036954,0.006810062,0.006436469,0.007741203,0.01063809,0.009054417,0.005780723,0.0100491,0.01221195,0.01319116,0.009916933,0.01172071,0.01195336,0.01176364,0.01436285,0.01488762,0.01620026,0.01570175,0.01550444,0.01719342,0.01756429,0.01812705,0.01924737,0.019459,0.02097401,0.01986214,0.02111708,0.02348381,0.02408173,0.02467876,0.0265892,0.02813502,0.0276106,0.02962106,0.03137247,0.03157961,0.03201965,0.03540153,0.03741961,0.03966619,0.03780665,0.03948653,0.04381256,0.04268776,0.04478418,0.04595307,0.04645145,0.04934053,0.05259419,0.05298954,0.05532646,0.05591231,0.05705315,0.05818378,0.05978726,0.06123066,0.06106379,0.06122258,0.06260328,0.06232606,0.06483046,0.06388525,0.06607556,0.06621513,0.06675291,0.06707474,0.06991278,0.06849359,0.06780411,0.06987742,0.07065955,0.07159757,0.0712628,0.0740174,0.07574774,0.07575532,0.07657598,0.07720856,0.08325705,0.08664746,0.0903994,0.09380616,0.09649903,0.104305,0.1521571,0.3076076,0.3257613,0.1892512,0.1216712,0.1236241,0.1315801,0.1390726,0.143247,0.1495482,0.1522905,0.1606401,0.1703788,0.167913,0.1721308,0.1638902,0.1734087,0.165081,0.1959323,0.1884709,0.1939184,0.1764248,0.1770035,0.2071421,0.2075979
597.625,-0.01059626,-0.009570318,-0.02442989,-0.005700108,-0.009115432,-0.01649741,-0.02437208,-0.02253494,0.009612592,-0.008466213,-0.01485641,-0.005170649,-0.003449944,-0.008352591,-0.01212447,-0.002888519,-0.003514718,0.001071091,0.003306363,-0.004872711,-0.003251085,-0.003343325,-0.001029692,-0.00234056,-0.004175858,6.393562e-4,-2.541275e-4,-0.001727775,-0.003262118,0.001093931,2.335742e-4,0.001598878,-0.001604654,0.00268611,-0.004987534,0.002889605,-0.007592435,-0.009697286,-0.009415621,-0.00523006,-0.005330874,-0.004543441,0.002214564,-0.007123069,-0.002140751,0,0.002387288,0.003185797,-0.003090411,0.001865505,-0.001776913,-0.001487893,-9.92253e-4,-0.003124733,-0.004172622,-0.005752937,0.001065645,-0.005155721,-0.003169235,0.006911265,0.001864587,3.738919e-4,-0.004011843,0.00612894,0.005357144,0.1029435,0.4535684,0.6830954,0.3707146,0.07033119,0.005910993,0.005007298,0.002113147,0.001653563,0.001875021,0.001181678,0.004963813,0.005089267,0.003520687,0.002007678,0.004348114,0.002340604,0.006915878,0.005259432,0.002770291,0.00507961,0.005533564,0.005600387,0.004986144,0.005272674,0.008116464,0.008499558,0.008913884,0.007979782,0.008870681,0.01051469,0.01069711,0.0114981,0.009969891,0.01393092,0.01216706,0.01546189,0.01633177,0.01606073,0.01713583,0.01882889,0.01852037,0.02046946,0.02083203,0.02224186,0.02342543,0.02383172,0.02501205,0.02490947,0.02659322,0.02746924,0.02815562,0.02999749,0.03261048,0.03257895,0.03597307,0.03561659,0.03863559,0.03876591,0.03923049,0.04026807,0.04191978,0.0446322,0.04263471,0.04569081,0.04664871,0.04780217,0.05148821,0.05081078,0.05029303,0.05103477,0.05296973,0.05654464,0.05594234,0.05710801,0.05911347,0.05965173,0.05879039,0.06003579,0.06179255,0.06081042,0.0635427,0.06335262,0.06581978,0.06588361,0.06390219,0.06594717,0.06790746,0.06494636,0.0675874,0.06963986,0.07254219,0.07137404,0.07194129,0.07301572,0.07434344,0.07718689,0.08357939,0.08962157,0.09529714,0.104574,0.2000321,0.3273158,0.2615041,0.1344931,0.1156055,0.1156459,0.1234307,0.1270689,0.1360531,0.1352517,0.1426564,0.1421594,0.1559621,0.1504457,0.1532748,0.1639375,0.1728827,0.1560686,0.1380779,0.1745818,0.1561701,0.1233041,0.1732519,0.1322565,0.1998073
599.978,-0.002089013,0.01325293,0.01639082,-0.006990921,-0.01188695,-0.01442505,0.003528703,0.006025682,0.01812815,-0.006317095,-0.003197425,-0.003256115,0.002413769,0.00169649,1.508381e-5,-9.433577e-4,0.003820936,-0.007030519,4.995375e-4,-0.004889886,0.00255289,-0.002280475,0.001424474,-0.001481387,0.002037672,1.431032e-4,-6.427156e-4,1.418622e-4,0.001355535,-5.417452e-4,0.001481134,-9.329168e-4,-0.003567668,0.001824965,0.002757561,-0.003691729,0.003629814,0.008070312,-6.312928e-4,0.006244234,0.005357855,0.001974114,-0.007607027,-0.001220493,0.002753731,-0.003604955,-0.001471994,-0.001162953,-0.003373675,-0.004021162,0.003043459,2.430038e-5,0.004966817,0.001465368,0.003738047,-0.001547816,-4.123514e-4,0.004365343,-1.939288e-4,-0.005376382,9.421756e-4,0.002995585,0.003702397,0.006032627,0.06662234,0.3435717,0.6436045,0.4611181,0.1132316,0.005712996,0.002821738,0.00174442,0.003112923,0.00276871,0.002576431,0.007228907,0.006399338,0.00437761,0.005495844,0.00438852,0.005645831,0.0052652590000000004,0.006739329,0.005076565,0.006693722,0.004125379,0.007613062,0.006961763,0.007318699,0.007094039,0.01006797,0.008388651,0.008717984,0.008726364,0.01153984,0.01208677,0.01241603,0.01482813,0.01251357,0.0141313,0.01275938,0.015248630000000001,0.01544616,0.01810275,0.01683747,0.01870233,0.01804663,0.01878766,0.01973167,0.02228728,0.02188537,0.02343859,0.02366359,0.02573225,0.02530275,0.0265404,0.02688318,0.02921574,0.03299907,0.03437673,0.03320969,0.03600463,0.03772837,0.03566938,0.03937744,0.04050171,0.04191371,0.0423457,0.04345133,0.04576155,0.04703518,0.04773248,0.0465545,0.04979651,0.04995328,0.0510028,0.05327224,0.0526006,0.05602214,0.05680072,0.05921249,0.05719627,0.058327,0.05997479,0.05885063,0.05944951,0.06038441,0.06074266,0.06095725,0.06303952,0.06311439,0.06282779,0.06416119,0.06615144,0.06782219,0.06783599,0.06862424,0.07040276,0.07454744,0.07294417,0.07601703,0.07830358,0.08413738,0.08889473,0.0942669,0.1132028,0.2457461,0.3233401,0.1991122,0.1089869,0.1076112,0.1071198,0.1201483,0.1252349,0.1340333,0.1419107,0.140338,0.1394591,0.1541263,0.1499105,0.155914,0.1499205,0.1608436,0.1717762,0.1517552,0.1582707,0.149937,0.1489395,0.180851,0.1410457,0.1897184
