,800,797,794,791,788,785,782,779,776,773,770,767,764,761,758,755,752,749,746,743,740,737,734,731,728,725,722,719,716,713,710,707,704,701,698,695,692,689,686,683,680,677,674,671,668,665,662,659,656,653,650,647,644,641,638,635,632,629,626,623,620,617,614,611,608,605,602,599,596,593,590,587,584,581,578,575,572,569,566,563,560,557,554,551,548,545,542,539,536,533,530,527,524,521,518,515,512,509,506,503,500,497,494,491,488,485,482,479,476,473,470,467,464,461,458,455,452,449,446,443,440,437,434,431,428,425,422,419,416,413,410,407,404,401,398,395,392,389,386,383,380,377,374,371,368,365,362,359,356,353,350,347,344,341,338,335,332,329,326,323,320,317,314,311,308,305,302,299,296,293,290,287,284,281,278,275,272,269,266,263,260,257,254,251,248,245,242,239,236,233,230
245.598,0.01280757,0.00303112,0.006366252,0.01064813,0.007724825,0.03289902,7.048622e-4,-0.002478884,0.01805105,0.01553768,0.007070099,0.007054009,0.001181652,0.006364806,0.004986366,0.006362085,0.008291916,0.002669637,0.00416407,0.007024143,0.005764706,0.003145202,0.003080981,0.002520651,0.001482254,0.005725994,0.002031477,0.00310328,0.003929547,0.002427783,0.005262961,0.003526772,0.00696175,0.009552904,0.005529384,0.007951009,0.008654769,0.008767266,4.915121e-4,0.003563448,0.006256752,0.009484029,0.008355225,0.005072872,0.01007639,0.004721743,0.003248748,0.006691562,0.008601921,0.004178747,0.004745501,0.003181945,0.001856804,0.009770975,0.001902363,0.006421087,0.005800451,0.01087366,0.007123814,0.002743365,0.002628602,0.007119124,0.00326698,0.006572957,0.003957148,0.005781009,0.002937954,0.004013186,4.543621e-4,0.004045668,0.002077969,0.001591576,0.003767752,0.001317245,0.001086393,0.005499395,0.002311096,0.002105575,0.002797454,0.003210197,0.002225662,0.002471958,0.00223256,0.002133833,0.001035449,0.003107753,0.001931108,0.002808001,0.002866579,0.002501645,5.117146e-4,0.00368897,0.00285972,0.00253297,0.001113949,9.519953e-4,0.002531768,0.001458479,0.001704396,-2.202744e-4,0.001977632,8.499327e-4,6.109217e-4,8.146881e-4,0.001978454,0.001335766,6.687642e-4,4.55407e-4,1.753617e-4,5.48854e-4,3.969769e-4,2.087559e-4,0.001310043,8.26753e-4,0.001030933,0.001506452,0.001064579,0.001090765,0.00163109,0.002485117,5.512381e-4,3.09097e-4,6.539916e-4,6.478935e-4,1.214027e-4,0.00186071,-1.20027e-4,0.001173418,6.537781e-4,0.001557876,0.001590459,0.001118126,9.982866e-4,0.001445613,0.001277872,-3.582323e-4,0.001166646,0.002166208,0.001609191,0.001474642,2.405109e-4,5.256492e-4,0.001999408,0.001765833,5.314946e-4,0.001349419,7.029015e-4,0.002591798,0.00248804,0.001541354,0.002257722,7.920649e-4,0.002582811,0.002674365,9.021242e-4,0.001616213,0.001006672,0.0013707,0.001646295,0.002378055,0.002333808,0.002495618,0.001127614,0.002226814,0.001693556,0.001823904,0.003228856,0.002694497,0.00596319,0.001898366,0.007593536,0.006770869,0.009650616,0.01079425,0.01436651,0.01599717,0.0225085,0.02139719,0.01538817,0.02014339,0.02438202,0.02998493,0.03408976,0.16463,0.6784375,1.574721,1.809482,1.116422,0.6837318,1.381013,2.983294
247.837,0.007245593,-0.009106552,0.02277384,0.003169462,-0.002386736,5.923122e-4,0.008616036,0.01859939,0.01216462,0.01080266,4.563518e-4,-5.210986e-4,4.685273e-4,0.004286957,0.003776447,0.002834609,-0.005319861,0.005378735,-2.533976e-5,-4.369099e-4,-0.00231103,0.00350969,-0.001470154,0.001802054,8.215312e-5,-0.001123624,0.001043315,0.003515302,2.249118e-4,0.003350457,0.00970814,-0.001904542,0.001296435,-1.848871e-4,0.001931074,-0.002656753,-0.003094324,0.008403274,-0.003301148,0.004719536,0.002300058,-0.001091619,-0.003332027,-0.004172086,0.001812949,0.001801075,0.002782674,-0.003252647,3.731115e-5,2.047794e-4,0.002152957,-7.922244e-4,-0.002418877,0.004137331,0.003512028,0.002238138,0.002754223,5.308743e-4,-0.003283059,7.955371e-4,-0.001552786,-0.002808829,-5.982232e-4,0.005635277,-6.668064e-4,0.003140059,6.381715e-5,0.00433632299999999,0.00108138,4.63446e-4,-4.104798e-4,0.002066024,6.117546e-4,0.001410936,0.002705483,-0.001531566,0.001747163,4.409312e-7,5.932204e-4,0.001576433,2.208549e-4,2.676539e-4,6.759218e-4,-0.001371468,5.10617e-4,-0.001456427,-3.225335e-4,1.033513e-4,-8.312143e-4,0.001076527,0.002172522,-6.142273e-5,7.860525e-4,1.133851e-4,-6.670776e-5,-6.168139e-4,0.001227935,4.154617e-4,2.032492e-4,5.152286e-4,-1.509414e-4,-2.561719e-4,0.001107649,0.001114371,9.008201e-4,0.001287362,4.650907e-4,-2.199069e-4,-4.907591e-4,5.018687e-4,1.882189e-4,2.073161e-4,2.418123e-4,-1.249503e-4,5.218167e-4,3.38604e-4,0.001007431,6.171196e-4,8.744248e-4,-6.718682e-5,4.603528e-4,5.798731e-4,6.752683e-4,9.583473e-4,4.859765e-4,-1.392217e-4,-1.16325e-4,-1.069442e-4,3.152201e-4,4.69151e-4,1.572038e-4,0.001344961,-3.594053e-4,-8.338456e-4,1.263259e-4,4.978233e-4,3.50765e-4,2.966044e-4,0.001526872,0.001208623,0.001523686,2.845581e-4,0.00138372,8.647928e-4,8.548785e-4,5.016796e-4,-6.622775e-4,-2.370458e-4,7.024034e-4,0.001098239,5.926439e-4,8.836112e-4,1.275835e-4,7.430591e-4,5.927015e-4,9.798795e-4,3.605304e-4,0.001324882,3.732267e-4,0.001446198,6.694636e-4,0.001794613,0.001147106,0.001829842,0.002425471,0.004051209,0.001811652,0.001897298,0.001987583,0.001991758,0.005231467,0.005711553,0.01101596,0.0081254,0.00940464,0.01059436,0.01819634,0.01801741,0.02020591,0.02017035,0.01128602,0.04383257,0.1115886,0.4905607,1.429312,1.888209,0.98823,0.2485751,0.1266564,0.01792981,1.54421
250.076,0.005274219,-0.008318222,0.02265986,0.01344674,0.00251917,-0.002891847,0.00411428,0.008039473,-0.006009778,-0.008420052,0.002838263,0.007034748,-0.003383856,-0.004133013,-0.002068931,0.006362754,0.01059973,9.586611e-5,0.001778549,-0.001360202,0.00135545,-2.771164e-4,0.003161127,-6.875341e-4,0.005826697,-5.847715e-4,-0.001551766,-6.581411e-4,-0.002315716,-0.001300268,0.004127603,0.008252452,0.01356425,0.002504594,-0.002466836,0.008115446,-0.003061344,0.01017438,0.008212961,9.995409e-4,0.004605822,0.00564004,8.170786e-4,0.005376722,0.007904061,0.00475259,-0.009623356,0.003980343,0.004829636,2.711981e-4,-5.406671e-4,-0.004435588,0.008817229,6.589185e-4,0.005194868,0.007251533,0.003721974,-7.864697e-4,0.003146297,-0.001566715,-0.002672456,0.001273982,-0.002280196,8.997673e-5,0.001410151,0.002040914,-2.087864e-4,-0.001701797,0.002726599,-0.002989171,0.001265689,-0.001229645,-0.003638407,-0.001699179,-4.719384e-4,-4.117683e-6,-0.002084184,-0.001600629,-0.001120737,-6.358313e-4,0.002421079,-7.97305e-4,3.049124e-4,0.003098166,8.843968e-4,8.148494e-5,-7.74382e-4,7.330817e-4,0.001499825,-0.001505316,-0.001034083,5.562733e-4,5.033949e-4,0.001543982,-0.001670469,0.001581003,3.50478e-4,8.255299e-4,0.001630463,0.001644099,-0.001178248,7.019629e-4,4.616655e-4,-2.477325e-4,0.001557138,4.562693e-4,3.286319e-4,4.70826e-4,3.941993e-4,-3.601114e-5,6.90271e-4,-2.303522e-4,-3.018592e-4,-4.846799e-4,-2.887e-4,5.167102e-4,0.001358989,6.77e-4,-7.075902e-4,9.700028e-4,-9.132052e-5,-1.733682e-4,0.001034721,-8.965566e-5,-7.522089e-4,8.802097e-4,6.433763e-4,0.001132758,7.985393e-4,1.197044e-4,9.380586e-4,9.808375e-4,2.02789e-4,4.672655e-5,-5.098667e-4,8.9441e-4,2.837999e-4,7.985567e-4,7.174711e-4,-4.342519e-4,7.186026e-4,9.813015e-5,0.001719474,7.39548e-4,1.213545e-4,0.001092876,-3.244502e-4,6.598444e-4,0.001221334,-1.361294e-4,1.215671e-4,5.844824e-4,-2.771431e-5,0.00139297,0.001090641,0.002014588,0.001849207,4.267146e-4,-4.285164e-4,0.001817041,0.001732291,2.058621e-4,0.001680357,0.003224595,0.002521082,-1.204189e-6,0.003341411,0.00321417,0.002766468,0.005034613,0.009008152,0.01050638,0.01076366,0.01699472,0.01201008,0.01477865,0.01834727,0.02677466,0.02329917,0.02333994,0.03836566,0.05325375,0.3957376,1.408785,2.187074,1.504326,0.3893684,0.06090408,-0.004344899,1.200575,0.6600709
252.317,-0.003036811,0.002667421,0.002326016,-0.01523667,-0.004631648,0.003780686,0.007925049,-0.006381981,-0.02225746,-0.01048295,-0.006136866,-0.001998904,0.005067253,-0.001858143,8.950311e-4,-0.003800309,-0.003544487,0.004670402,-0.002069974,-0.001551417,0.004800973,-0.003159678,5.16542e-4,-9.252151e-4,-1.112917e-4,-0.00130794,0.001706414,-1.094012e-4,0.001818578,-4.988324e-4,-0.004582753,-0.001724156,-0.001695403,0.004585044,0.00605987,-0.00391185,0.001174443,0.005539328,0.007065801,0.0077679,-0.002891235,-0.003561004,-0.007971084,-0.00546728,0.004634949,-0.01911291,0.008777023,0.001376631,-0.003499351,-7.793781e-4,-0.001017679,0.003236343,-3.01075e-5,-0.003736327,0.005411451,-0.004057048,-0.001060048,-0.001633893,0.003941025,5.721114e-4,-2.032359e-4,-0.00457036,2.336557e-4,0.005854562,-0.002265369,-3.628201e-4,0.005022647,1.890131e-4,-0.001924523,0.003230184,-0.001887791,-0.005284436,-3.727647e-4,-5.611065e-4,-2.333971e-4,0.003231552,0.001631388,-0.001725123,-0.002677078,-0.001950319,-4.819158e-5,-0.00132181,-0.002167664,9.423444e-4,-0.001870467,0.00244648,-0.001386039,6.947136e-5,-4.258014e-4,9.232574e-4,-5.852894e-4,0.001658704,0.002414938,7.189113e-4,0.001145939,-2.203743e-5,-0.001745033,-6.192589e-4,-9.428238e-4,0.001472781,-3.924118e-4,-9.443468e-5,-0.00203647,-8.784035e-4,-2.938422e-4,-0.001038293,3.567979e-4,1.219987e-4,5.024256e-4,-2.790859e-4,4.616289e-4,0.001457785,-4.772115e-5,3.115006e-4,2.847686e-4,7.999659e-4,8.530276e-4,6.275539e-5,6.577776e-4,6.435446e-4,7.640441e-4,-2.631272e-4,2.709012e-4,-9.152458e-4,-0.001342146,-3.90267e-4,-2.477138e-4,-2.440437e-4,8.138037e-4,-2.368338e-4,-3.661144e-4,9.440405e-4,-7.105999e-4,-0.001816708,-3.746096e-4,-5.1605e-4,-6.466034e-4,-1.772138e-4,6.433292e-4,2.597007e-4,-1.112862e-4,0.001490042,2.213174e-4,6.781264e-4,-6.318447e-4,-1.205604e-4,-1.51057e-4,-3.857652e-4,-0.001482921,2.459938e-4,0.001265193,-2.85943e-4,1.84966e-4,3.121893e-4,0.001558615,0.001012316,0.002665316,0.00122006,0.001933453,0.001756621,-0.001627932,9.473646e-4,0.001585264,7.868978e-4,0.002077586,0.001499925,0.001071527,-8.054358e-4,0.003199629,0.00313361,0.01205683,0.009958492,0.01509433,0.01400635,0.01335947,0.007710953,0.01786333,0.01859928,0.02593748,0.02581565,0.06357478,0.2679564,1.059841,1.839705,1.564262,0.5236709,0.02938627,0.1279334,-0.06425572,0.1217301,2.198535
254.558,0.003636825,-0.01569086,0.005380215,-0.007501156,-0.006537426,2.983114e-4,-0.006821836,-0.01501482,0.001401063,-0.00273561,-0.001879045,-0.005978037,-0.005816959,-0.008178613,-0.008703827,9.30642e-4,0.004769077,-0.001446582,-0.001748171,-0.004208263,-0.004661675,-0.002569494,0.001217586,-0.002636178,-0.001205882,0.001463839,-3.294756e-4,-0.002401963,0.003513022,-0.002812721,0.002700491,-0.005693466,-0.01004095,-0.01234953,0.003768034,8.950106e-4,-0.003032214,-0.002092719,-0.004009911,-0.005814469,0.002808987,0.001517249,-0.003539825,-0.005236988,-0.001717071,0.001712246,7.9232e-4,-2.447396e-4,-9.700342e-4,0.001321081,-0.008713775,0.00431552,-0.003228575,-0.001479702,-0.006565416,-0.006520623,-0.003077331,-0.00133138,0.001611576,-0.005076057,0.002650749,-0.001193299,-0.002500225,-6.337472e-4,-5.711976e-5,-4.65095e-4,-0.005893392,-0.00300216,-0.002440804,0.00114456,2.189709e-4,0.00134424,0.00161597,-0.003482377,-0.001900237,4.775414e-4,0.001270385,-0.003267584,-0.004295588,-0.004362351,-2.414259e-4,-0.00210494,-4.639736e-5,-0.001747464,-0.00125831,-0.003069614,-0.0021063,-0.001203799,-6.203225e-4,-0.003543937,7.98946e-4,-7.958643e-4,-0.003489964,-4.351885e-4,-0.002010246,-6.862024e-4,7.148941e-4,0,-0.002273079,-3.335888e-4,-0.001476485,-5.905682e-4,8.028969e-4,-3.621603e-4,5.857193e-4,3.308601e-4,-5.562369e-4,-3.497116e-5,-2.719255e-4,-6.527153e-4,-3.77429e-4,-0.00101579,-7.70313e-4,-6.733881e-4,-1.992952e-4,-9.099702e-5,-9.45739e-4,-3.252662e-4,6.992063e-5,0,-0.001042729,-0.001537046,-9.08714e-5,-4.518349e-4,-7.495888e-4,-0.001167789,-0.001394759,-0.0010510370000000001,-3.078705e-4,-0.001011369,-5.616927e-4,0.001514583,-0.001104607,-1.02007e-4,-0.002015391,0.001196988,7.366868e-5,3.966868e-4,-6.688638e-4,4.423255e-4,-4.175546e-4,-4.259331e-4,-7.504443e-4,1.428024e-5,-4.77533e-4,-8.287299e-4,1.172856e-4,-3.239591e-4,3.066429e-5,5.336982e-4,-2.893824e-4,-8.476713e-4,4.43767e-4,3.263434e-4,8.87584e-4,0.001148274,-9.839241e-4,2.536756e-5,1.72329e-4,8.568977e-4,2.781663e-4,0.001099845,0.001518916,0.002150091,0.002710208,-0.001210555,3.218238e-4,0.003258375,0.004547518,0.01004662,0.01222047,0.008844447,0.01158656,0.01882293,0.01839066,0.01283914,0.01740763,0.0194912,0.02622892,0.04590498,0.159134,0.7386511,1.583504,1.445635,0.5531311,0.04918917,-0.06968764,-0.1743899,-0.342409,0.7259628,-1.059543
256.8,-0.03552131,-0.04406482,-0.03066654,-0.04762651,-0.04635105,-0.03611011,-0.027475,-0.03771454,-0.03345869,-0.02089621,-0.01419355,-0.01415301,-0.01454584,-0.03023246,-0.01486326,-0.02249218,-0.01822,-0.01797342,-0.009660114,-0.004373743,-0.00900353,-0.01099985,-0.007820045,-0.003219816,-0.008314254,-0.006593586,-0.004572525,-0.004871739,-0.003635409,-0.008404909,-0.01104825,-0.01336217,-0.01639137,-0.02010276,-0.02887615,-0.01517041,-0.0194958,-0.008461652,-0.01350148,-0.02246434,-0.01511004,-0.01333132,-0.01528366,-0.01683727,-0.01295078,-0.008346654,-0.0099148,-0.009707833,-0.01487063,-0.01587002,-0.008875512,-0.005684892,-0.01488496,-0.008039544,-0.007922332,-0.01292259,-0.01991321,-0.006429905,-0.007938122,-0.01044148,-0.009080195,-0.01145539,-0.01409378,-0.009811261,-0.01006084,-0.004713237,-0.005609512,-0.00597084,-0.008710787,-0.005208798,-0.009374994,-0.007976035,-0.006884254,-0.005038194,-0.008539453,-0.006517805,-0.003684069,-0.004614315,-0.007312096,-0.00803452,-0.004589174,-0.001001698,-0.004272646,-0.005433053,-0.002638085,-0.004777149,-0.006756043,-0.003541016,-0.006185433,-0.003484174,-0.001292978,-0.004613969,-0.004097456,-0.001702131,-0.004422271,-0.001230586,-0.003577705,-0.002580018,-0.003514643,-0.004192214,-0.001830204,-0.00354998,-0.002666552,-0.002377726,-0.003944941,-0.002608012,-0.001419717,-0.001759143,-0.001386651,-0.002980418,-0.001787037,-0.001619069,-9.498462e-4,-0.002104492,-5.933318e-4,-0.002298857,-0.001163999,-0.002366623,-0.001230752,-0.002454158,-0.00170268,-0.003892608,-0.002140915,-0.001987854,-0.001694297,-0.001371915,-6.365931e-4,-0.00291447,-0.002523784,-0.002626152,-9.955939e-4,-0.003951274,-0.003510111,-0.003038088,-0.003210843,-0.00312783,-0.002436031,-0.001966676,-0.002205136,-0.001932072,-0.002256146,-0.002619075,-0.002388741,-3.820675e-4,-0.003274984,-0.00276958,-0.002729674,-0.001537345,-0.002417417,-0.002442343,-0.002423444,-0.00203654,-0.003334816,-0.002627373,-0.001862553,-0.002884103,-0.001806616,-0.003036881,-0.00254473,-0.003910486,-0.001853873,-0.001140832,-0.002453973,-0.002453057,-0.003083908,-0.001109008,-0.001186316,0.002521047,0.002107461,0.005334402,0.007851705,0.004600839,0.009678927,0.01032239,0.004991927,0.007700824,0.008877521,0.01648931,0.01674821,0.09478287,0.6025598,1.348108,1.49263,0.6425302,0.03364678,-0.06602237,-0.216322,-0.3926044,-0.7308426,-0.9073582,-7.96035
259.043,-0.01719199,-0.02042867,-0.007852827,-0.001127612,-0.001792075,-0.02357962,-0.005842476,-0.007007565,-0.002058773,-0.004692563,-0.00299805,1.44028e-4,-0.004289941,-0.00613256,-0.006796834,-0.001546836,-0.002840141,-0.002463757,-3.673649e-4,6.519837e-4,-2.561797e-4,-0.002892009,-0.004470223,-8.937707e-4,-0.005169277,5.290799e-4,7.476617e-4,-0.001502315,-0.002364932,-0.003473694,-0.01515498,-0.005113843,-0.01863948,-0.009656636,-0.01020637,0.001968428,0.006285726,-0.008687568,-0.005241391,-2.755606e-4,-0.004706576,-0.01318634,-0.006784102,-0.01223729,-0.00260892,-0.002117754,-0.009523051,-0.007837714,-7.170907e-4,-0.002090888,-0.003943189,-0.00567417,-0.004973264,0.002216943,-0.002702706,-0.002621486,0.001093531,-0.00367473899999999,-0.003765331,-0.005603065,-7.109164e-4,-1.500222e-4,-0.004278793,-0.005235404,-7.756303e-4,-0.00248394,-0.003821441,-0.006083616,1.277665e-4,5.433005e-5,-0.003697369,-4.125022e-5,-0.007502674,0.001076859,1.580314e-4,-0.001908255,-5.378843e-4,1.625584e-4,6.306969e-4,0.004336877,-6.779692e-4,-9.767007e-4,-0.004515178,-0.002898039,-0.004901705,-0.001100505,-1.350108e-4,-0.002654087,-0.002465408,-8.768454e-4,-0.001244075,-0.001384503,6.470678e-4,-0.002413488,-0.001089821,-0.001201605,-1.597941e-4,3.031104e-4,-0.002354187,-8.964762e-4,-7.275603e-4,-0.001371698,3.17504e-4,-6.410628e-4,-0.001555576,-5.359025e-4,-0.001034514,-6.002482e-4,1.179465e-4,-5.800269e-5,2.059701e-4,-9.420003e-4,-4.942195e-4,-0.001255196,-4.396035e-4,-3.977511e-4,-6.303489e-4,-0.00104985,-6.077869e-4,-6.023069e-4,-0.001073725,-2.813932e-4,1.370118e-4,-4.828517e-4,-5.765394e-4,2.868401e-4,-1.143094e-4,1.209533e-4,-0.001073802,-2.709701e-4,-3.385806e-4,-7.346689e-4,-3.907452e-4,-2.813524e-4,-2.393871e-4,-3.131755e-4,-9.343709e-4,-5.138206e-4,6.879187e-4,-1.727153e-4,8.913324e-4,-0.002697079,-0.001016871,-2.318523e-4,0.001057253,0.001141461,-1.738919e-4,-7.899012e-4,-0.001519847,-0.001014525,1.756918e-4,-0.001318868,3.936468e-4,-0.00146181,7.883678e-5,-0.001104652,0.001538971,-4.293614e-4,2.466622e-4,-4.864834e-4,3.780297e-4,9.724301e-4,2.973869e-4,8.000447e-4,-0.001866075,0.002578301,0.003776984,0.004872384,0.01281847,0.01359329,0.009799191,0.01337977,0.01085589,0.01602078,0.008729669,0.02710426,0.02372305,0.03731277,0.07406833,0.4039174,1.264105,1.581992,0.8714708,0.1936935,0.08055434,0.009198316,-0.03939951,0.2352681,-0.4788377,0.229819,-0.419409
261.287,-0.01851889,-0.01007895,-0.007313079,-0.01105358,-0.009007382,-0.00579043,0.001709033,-0.02612677,-0.01158776,-0.01021992,-0.01092162,-0.006603221,-4.543638e-4,-0.002507573,-0.006220985,-0.01582107,-0.003599864,-0.008721748,-0.008865746,-0.002721936,-0.0021436,-0.004856057,-1.270345e-4,-0.00397867,-0.004468718,-0.004215414,-0.003853271,-8.844829e-4,3.723794e-4,-0.004094464,-0.004914731,-0.004236745,-0.008319929,-0.005649797,-0.005472316,-0.009149748,-0.01565191,-0.0027484,1.735978e-4,-0.008170829,-0.008209637,-0.008872511,-0.005734635,-0.003857368,-0.005462995,-0.003504216,-0.004081231,-0.00262599,-0.002771476,-0.003638887,-0.001330245,-2.779085e-4,-0.004426099,-0.00966916,-0.005495865,-0.004882827,-0.006555381,-0.004526338,4.135943e-4,-1.150655e-4,-0.004712828,7.767238e-4,-0.002625124,-0.003812058,-0.003316089,0.002658108,0.001267677,-0.002896993,-0.004317713,-0.005540782,-5.281523e-4,-0.004574771,-0.002164361,-0.004361984,6.065465e-5,-0.002177161,-0.003792128,-0.001645032,-0.003185091,-0.003924193,-3.145518e-4,-0.002392438,-0.001705243,-0.001224043,-0.00236735,-0.002875011,-9.274556e-5,-0.00321198,-0.002571329,-9.624899e-4,-0.002142591,-0.002234143,-0.002764072,7.430899e-4,1.447985e-4,-2.412189e-5,-0.001231498,-0.002985015,-8.985492e-4,-3.968348e-4,-2.056548e-4,-0.001684384,8.533045e-5,-0.002131351,2.337938e-4,-7.384457e-4,-0.00116952,-0.001028955,-0.0012177,-0.001211401,-4.803351e-4,-9.00866e-4,-3.556913e-4,-4.611206e-4,-1.347772e-4,-3.05971e-4,-5.571315e-4,1.245142e-4,-6.093436e-4,-0.001427315,4.406313e-4,-1.640796e-4,-3.207257e-4,-7.333317e-4,-1.758509e-4,-6.280673e-4,-5.619651e-4,-3.360252e-4,-0.001347443,-0.001792747,-0.002748166,-1.261208e-4,8.290619e-5,-0.001484261,-8.807229e-4,-0.002068894,-0.002314552,-0.002129502,-6.184047e-4,-0.001247779,4.659524e-5,4.952543e-4,4.436992e-4,-2.346098e-4,-0.001144002,-0.001470626,-0.001294928,-9.065667e-4,-3.220618e-4,-8.312505e-5,-2.359383e-5,4.112752e-4,1.182802e-4,-7.000266e-4,-0.00143698,0.001049519,-2.014407e-4,5.95234e-5,-6.833382e-4,-0.00247945,0.002335062,0.001110161,0.001735039,5.784612e-4,0.002165941,0.001138298,0.002131147,0.004479886,0.0114728,0.01003759,0.01430639,0.01589198,0.01441143,0.01141167,0.01099695,0.01078505,0.03180047,0.05115381,0.288008,0.9691329,1.502615,1.040749,0.2569061,0.05604795,-0.009001177,-0.04562553,0.01788017,-0.2690405,-0.0110954,-0.2491709,-5.955758
263.532,6.149616e-4,5.415733e-4,-0.007373251,0.007140958,0.001880441,-0.002282997,0.00895865,-0.008434967,-0.01060513,0.0042802,-0.009208371,-0.006849359,-0.00524642,-0.001982261,-0.004821739,0.002047416,-0.003365164,0.005911047,0.002764525,0.003666146,8.370813e-4,0.006040153,-0.001200456,-0.005253956,0.001781718,0.001418114,-0.00201744,-0.004743153,-2.081239e-4,0.004421896,-0.001403001,0.003019828,0.005850149,-0.01247852,-0.01162009,-3.354696e-5,-0.009105434,-0.001081719,-2.699921e-5,0.002627074,0.003680649,-0.005194678,0.003453499,-0.009606555,-0.004707745,-0.005175112,0.007051402,0.003628309,0.002967116,-0.001627969,-0.006267104,0.001187363,0.004643159,-0.0026586,0.004610514,0.003374981,-0.003193002,-6.272225e-4,1.020417e-4,-2.705417e-4,-0.001540317,-0.002026987,-0.004386593,0.004019746,-1.056549e-4,-4.133861e-4,-0.003730583,-0.003457277,-0.002111211,-6.806532e-4,0.002344856,4.341145e-4,0.003405047,-0.001423437,0.001643788,-0.003770845,-9.473711e-4,8.479491e-5,-0.003153195,0.001443386,-8.529481e-4,6.697425e-4,5.153958e-4,-5.60177e-4,-0.001200613,-0.00291285,-8.829047e-4,0.001119661,-0.001184646,9.045169e-4,2.141167e-4,0.002354223,3.510999e-4,-5.570987e-4,0.001138915,-6.729946e-4,3.048938e-4,-1.380728e-5,0.001169035,-0.001038739,6.739349e-4,2.952671e-4,-3.700459e-5,7.509762e-5,-6.340335e-4,-6.422124e-4,8.632541e-4,-3.217734e-5,3.651053e-4,-0.00103023,1.702927e-6,-6.738061e-4,2.707229e-4,1.148434e-4,3.479377e-4,2.663494e-4,1.476194e-4,1.036385e-5,2.303754e-4,6.185891e-4,-0.001336553,2.541642e-4,-8.903515e-4,5.391842e-4,3.616166e-4,-2.512706e-4,5.639196e-4,2.164173e-4,0.001039932,-5.261423e-4,-1.704858e-4,4.13749e-4,8.596683e-5,-7.193778e-4,-9.533664e-4,-0.001077821,1.542646e-4,-4.07914e-4,8.502359e-5,-8.756697e-4,8.342054e-4,-1.06196e-4,2.312711e-4,7.106253e-4,2.945062e-4,5.790758e-4,-8.871214e-4,0.001119005,-6.424376e-4,4.943812e-4,5.130009e-4,4.675175e-4,0.002163595,7.645977e-4,-2.541653e-4,0.001929325,0.002511794,0.001396305,0.001049388,0.001525326,0.001998222,0.001732822,-2.12282e-4,8.636603e-4,0.003106726,0.006184405,0.007167178,0.009180542,0.01470504,0.0143593,0.01216991,0.0148733,0.0177461,0.01319482,0.02396092,0.0292737,0.0350619,0.2244922,0.7842409,1.468183,1.157378,0.3685136,0.07255621,0.007518913,0.06588127,0.0219994,-0.0726802,0.290366,0.3116795,0.3474293,-1.207884
265.778,-0.01114188,-0.03246271,-0.006934345,-0.005011293,-0.004067308,-0.003584053,-0.007931612,-0.02218764,-0.003063903,-0.03430536,-0.009482137,-0.009066225,-0.002869372,-0.006389382,-0.00730182,-0.01666579,-0.003819654,-0.002414317,-0.001749841,-0.004149912,1.196874e-4,-0.00248001,9.27396e-4,-0.001448379,-0.003144597,-0.003701245,-0.001044799,-0.006407629,9.982484e-4,-0.003869409,-0.004165208,-0.002049256,-0.01086516,-5.944422e-5,-0.01091666,-0.01677865,-0.004911791,-0.003652878,-0.00341144,-0.005829456,-0.01135358,-0.00621947,-0.01166542,-0.00674055,-0.006989998,-0.009974577,-8.220766e-5,-0.01179187,0.001983138,-9.906309e-4,-0.005228552,-0.007247648,-0.004661844,-4.458947e-4,-0.001292399,-0.005867826,-0.007076559,-0.001411676,-0.001116956,-0.006086558,-0.003004654,-0.006012486,-0.001328373,-0.007112105,-0.005736256,-0.008631254,-0.001991353,-0.007805923,-0.003434244,-0.002329062,-0.003927162,-0.002666038,-0.004496938,0.002002058,-0.001364863,-0.001580742,-0.002327574,-0.005052808,-0.003549355,-0.002715328,8.409217e-4,-0.001997276,-0.003137438,-0.002898164,-0.001803889,1.445623e-4,-0.002100256,-0.00414695,-0.003598231,-0.001956512,-0.001547176,-0.00105214,-0.002063973,7.975388e-4,-0.002630327,-0.001485627,8.223224e-4,4.106126e-5,-0.002098306,-6.950052e-4,0.001594744,-0.002279264,-3.003613e-4,-5.261397e-4,-0.00126302,-0.00104832,-3.068266e-4,-6.048946e-6,-0.001146492,2.285668e-4,4.183882e-4,2.205649e-5,-4.775872e-4,-2.169581e-4,-0.001092962,-9.488347e-4,0,-0.00103282,3.129147e-5,-7.949987e-4,2.963274e-4,-0.001907469,-0.00030398000000000003,1.335393e-4,-1.445813e-4,-0.001934341,-9.182049e-4,-0.002433026,-7.048081e-4,-0.002576844,-2.704862e-4,-9.20295e-4,-4.607498e-4,-0.002786223,-0.001034613,2.578799e-4,-0.001048907,-0.001362391,-1.92187e-4,-5.205957e-4,7.6617e-5,2.293552e-4,-3.280376e-5,0.001305498,-1.510143e-4,-2.201434e-4,-0.001260968,5.495705e-4,-1.513216e-5,2.106742e-4,-6.594308e-4,-6.675191e-4,-8.658537e-5,0.001102059,-4.605101e-4,-6.649141e-5,3.51317e-4,3.803705e-4,-6.797785e-4,0.001190106,-8.382551e-4,0.001376818,-5.219397e-4,-0.001008992,0.005960605,0.007066099,0.004940656,0.009017312,0.01200635,0.01513634,0.01747607,0.01827909,0.01543027,0.02081927,0.01798191,0.02945468,0.09804311,0.597528,1.193527,1.225617,0.4892318,0.08036873,0.01653334,0.009489887,-0.01215138,-0.1063518,-0.1379633,-0.1384516,-0.01962669,-1.091178,-0.9509626
268.025,0.001788712,-0.02282152,-0.009016643,-0.0274112,-0.007286913,-0.00564886,0.001810639,-0.008584264,-0.0194607,-0.01405861,-0.00199962,7.719123e-4,0.001356337,0.006185966,-0.009548917,-2.209791e-4,-0.002836769,-0.009454619,-9.188231e-4,0.00210116,-9.849143e-4,-0.003077393,-0.001082924,-3.15165e-4,0.002444722,1.499527e-4,-0.00293845,2.333487e-4,-0.002714261,-0.002144204,-0.00138875,-0.001512402,-0.001482807,-0.004007834,-0.005126025,0.01356679,-0.006696526,0.007212368,0.002392759,-0.001883409,-0.003177723,-0.006484371,0.005780091,0.001934927,-0.004040238,9.709338e-4,2.24598e-4,0.006477239,-4.487463e-4,0.00256784,-0.004553659,-0.01622936,-3.412994e-4,-0.004435594,-0.002818614,-0.003351932,-0.005581457,-0.004709469,0.001573024,0.003193126,-9.0975e-4,6.933099e-4,-0.006513125,-2.166431e-4,-0.002835525,3.412798e-4,-4.658926e-4,-0.002287967,-0.001498484,-0.00498911,-0.001475045,-0.003802661,-0.001853746,-0.003759603,-4.227606e-4,-0.001997889,0.001091953,7.706489e-4,-3.958814e-4,-0.002686122,-6.506372e-5,1.477854e-4,-3.272415e-4,2.771123e-4,-9.126076e-4,-2.235811e-4,0.001802706,1.653585e-4,-3.764552e-4,-0.001478176,-8.237348e-4,-0.001938329,-0.001961189,1.258181e-4,-8.735442e-4,-0.001275371,-3.389469e-4,-0.001973873,7.753449e-4,-6.01083e-4,-9.313835e-4,-5.746338e-4,-9.318609e-4,-2.007776e-4,3.937369e-4,-0.001011246,7.083789e-5,-2.607149e-4,-3.798774e-4,-4.51379e-4,-2.685953e-4,3.507333e-4,-1.340895e-4,-3.152928e-4,-1.796183e-4,-2.742583e-4,-7.476963e-4,3.614803e-4,-3.197883e-4,-7.282761e-4,9.400369e-5,4.984082e-4,-1.018393e-4,-6.794469e-4,5.952785e-4,2.48773e-4,-4.1919e-4,7.188719e-4,2.402765e-4,2.025466e-4,3.901809e-5,0.001164668,-4.765612e-4,-2.337068e-4,-0.002015862,-0.002858127,8.563436e-6,6.07653e-4,0.001475987,0.001577256,-3.152318e-4,-0.001658905,3.189421e-4,6.804444e-5,0.00125252,-4.842439e-4,-0.001213738,-5.673074e-5,8.266772e-4,-5.754366e-4,-0.001826627,5.818172e-4,-6.895433e-4,-2.426514e-4,0.001846498,-2.753447e-4,-6.186307e-4,0.002789706,6.323377e-4,-4.287641e-5,0.0014813,0.002693338,-4.110435e-4,0.002794335,0.006932288,0.008564362,0.009705693,0.01252855,0.01622931,0.01457433,0.01999632,0.02161277,0.0233052,0.01869478,0.03649848,0.06451779,0.3784466,1.140911,1.318833,0.6545033,0.1263842,0.0421956,0.02251074,0.03781462,-0.03038623,0.03127392,-0.05179271,-0.06038527,0.2560118,-1.920602,-3.305506
270.273,-0.03216277,-0.02407024,-0.02696762,-0.01106868,-0.02145282,-0.03068237,-0.01625884,-0.005358714,-0.02460552,-0.02132601,-0.01402728,-0.007588566,-0.01526334,-0.006356948,6.210485e-5,-0.01164914,-0.009397512,-0.003030105,-0.007762995,-0.005203357,-0.008742721,-0.003742939,-0.001777261,-0.004514763,-6.106644e-4,-0.003805948,-0.004409419,-0.003742957,-0.003751008,-0.003076724,-0.008424815,-0.004457843,-0.012197,-0.02314028,-0.003442591,-0.009551857,-0.01636025,-0.02419216,-0.01558486,5.092818e-4,-0.0129824,-0.007112803,-0.01698129,-0.008383487,-0.005822938,-0.002197852,-0.009225143,-0.007389261,-0.01293189,-0.008407403,-0.0058977,-0.01136477,-0.00589263,-0.002670901,-0.002352458,-0.004931865,0.001104487,-0.001888826,-0.008932016,-0.006810819,-0.008567091,-0.002619405,-0.005412867,-0.001845264,-0.003107527,-0.009396863,-0.005218005,-2.291038e-4,-0.004385726,-0.006725511,-0.003933735,-0.00241541,-0.002452777,-0.003197438,3.576503e-4,-0.006540288,-0.003969921,-0.005272048,-0.003411913,9.639558e-4,-0.001067084,-0.004704712,-0.00592968,-0.004812523,-0.002372513,-0.00457133,-0.001955812,-0.003870609,-0.002454826,-8.243878e-4,-0.001572888,-0.002147911,-0.001566205,-0.001823792,-0.002117004,-7.170027e-4,-0.003315111,-0.001577457,-0.00275308,-0.003220481,-5.933103e-4,-0.002185002,-9.782029e-4,-9.713206e-4,-0.001234741,-0.001859264,-2.765809e-4,-4.359644e-4,-4.804821e-4,-4.832494e-4,-0.001068897,-5.673746e-4,-0.001415389,-2.601177e-4,-0.001400189,-5.971061e-4,-0.001261115,-1.375634e-4,-4.911525e-4,-0.001764283,-0.001597452,-0.001482616,-0.001376397,-0.001456426,-0.001787796,-1.051348e-4,-0.002335291,-7.872138e-4,-0.001593408,-0.001158506,-0.001358462,-0.002429236,-0.001722929,-0.001351598,-0.003030934,-0.001723463,2.270317e-4,-0.00521376,-0.001394996,-0.002139825,1.769866e-4,-0.001457214,-0.001883394,-0.002254359,-0.001132502,-5.994038e-5,-0.001854636,-0.001030964,-8.62251e-4,-0.00231425,5.837528e-5,-9.519678e-4,-3.973479e-4,-0.001041067,-3.191945e-5,-0.00162477,-4.701847e-4,-3.394589e-4,-6.510292e-4,-1.724327e-5,-0.001432146,-0.002686554,-5.403291e-4,0.005126157,0.008991471,0.007658043,0.005575953,0.01295679,0.01585033,0.01157695,0.01606948,0.02438325,0.02368834,0.02255365,0.05264314,0.280194,0.8915103,1.28659,0.7494097,0.1623675,0.03051705,0.005014191,-0.007648747,-0.02897505,-0.0440473,-0.1038047,-0.1935156,0.131171,-0.2148217,-0.9992223,-1.12638
272.522,7.087716e-5,-0.01038043,0.009909472,0.02566469,0.00897182,-0.001804587,0.01801067,0.01333764,0.003289296,0.003388947,-0.003179315,0.0040309,7.218064e-5,0.005971697,0.0154172,0.007444291,0.009833492,-0.005981535,0.006775499,0.006381827,-0.003903464,-7.360873e-4,0.003523003,0.003907449,0.002337494,0.001962645,0.001080518,0.001820601,0.002608508,0.004072783,7.575147e-4,0.004502012,0.0108093,0.004319135,-0.002410675,0.008377083,0.006797721,0.002409277,-0.002938237,8.811855e-5,0.004061125,-0.003848786,7.708825e-4,0.006757731,0.003441773,3.408673e-4,0.001427872,0.007924605,0.002704359,0.008158568,0.00487351,1.837703e-4,0.00625929,-0.00432052,0.00487618,0.001750541,-8.964795e-4,-0.002481326,0.002919166,0.003869404,0.002997659,-0.001372093,0.005490122,0.002283278,0.001589151,8.69466e-4,0.003487443,-5.040274e-4,0.002265115,3.563311e-4,0.004640295,0.003503431,0.002060464,-1.81724e-4,9.676874e-5,-3.509125e-4,0.002112533,0.001605311,8.503088e-4,0.003622193,0.002284108,7.396032e-4,0.00326532,0.001674733,-7.309697e-4,7.190679e-4,9.714201e-4,0.002294755,0.001274143,0.001003754,-0.002137246,-0.001467948,-7.812071e-4,0.001405393,0.002894437,0.001384898,6.344123e-4,0.001351443,-2.898525e-4,0.001383523,9.293917e-4,-5.032303e-4,0.001168836,9.748174e-4,0.001733714,9.803656e-4,4.514045e-4,-9.826072e-5,8.803892e-4,5.917506e-4,3.084766e-4,-3.407346e-4,-1.076022e-4,-2.861538e-5,8.539764e-4,-1.580052e-4,5.620837e-4,-2.984299e-4,-5.204821e-4,7.022652e-4,5.345181e-4,-3.641392e-5,3.650811e-4,0.0012243,0.001085766,0.001114732,0.001471225,9.81084e-4,0.001270058,5.254736e-4,-9.019684e-4,-3.202032e-5,0.001331853,0.001213212,7.309001e-4,2.240527e-4,0.001285879,3.580169e-4,0.001490273,-4.790804e-6,9.023386e-4,6.949727e-4,9.542341e-4,5.097528e-4,-8.592602e-4,4.099798e-4,2.333824e-4,0.001966066,0.001539291,9.952255e-4,1.767538e-4,0.001482336,3.541942e-4,0.001580673,0.001600024,0.002360371,0.001827939,0.001994698,0.001386144,0.003237075,0.002365368,0.004130833,0.00467931,0.008962945,0.01058695,0.01292433,0.01499154,0.01799979,0.01734518,0.02081565,0.02426791,0.02211091,0.02431026,0.04000708,0.1824043,0.6807703,1.169296,0.8588658,0.2588718,0.05522849,0.03993888,0.02475175,0.01870897,0.02157426,-0.03750986,0.058994,0.02596313,0.05316869,0.2444518,0.7223055,1.043246
274.772,0.01835192,0.007384795,-0.001801263,0.004656893,-0.01464681,0.002055654,-0.007034492,-0.008759903,-0.01523455,0.004013073,0.002199682,0.001646432,-0.0039037,0.001319293,0.004866568,-3.33783e-4,0.01470949,0.009535167,0.004065913,0.001844716,-0.001634691,0.001298959,4.934854e-4,5.452794e-4,5.060715e-4,9.196677e-4,0.002109591,0.002641389,0.002729138,-8.876839e-4,7.18373e-4,6.139316e-5,0.01553711,0.009858944,0.001735684,-0.001997287,-4.546558e-5,-3.544979e-4,0.001796731,0.001058161,-0.002209185,0.006372543,0.007059762,0.006893563,0.001906489,-0.007040726,0.003081544,0.007492333,0.001327406,0.007501291,-0.002013168,0.002334213,0.009426352,0.005369847,-1.68669e-4,3.337437e-4,0.002484125,0.001187015,-0.004254682,-5.201473e-4,0.003249988,0.001407418,0.007051568,-0.004775006,0.002237984,0.001175742,0.003516347,0.003509629,0.003234874,0.001114211,-2.018647e-4,7.496399e-4,-0.002093841,-0.001721692,-2.124776e-5,0.003432978,-6.791814e-4,-7.175838e-4,-0.001352744,0.001011095,9.183518e-4,-0.001688792,-3.618754e-4,-0.004727717,-0.001256407,-0.001409033,0.002234537,2.393499e-4,0.00242492,-3.348431e-4,0.00142838,7.122091e-4,2.582332e-4,0.001127122,0.001581051,8.12162e-4,-0.00118694,-0.001543632,-7.136139e-4,4.227235e-6,-6.368418e-4,0.001253667,0.0011445820000000001,0.001374703,0.001128303,-4.757939e-4,5.273014e-4,0.001326509,1.124159e-4,0.001171574,3.312019e-4,-5.65876e-5,-7.838366e-5,8.501055e-4,8.101728e-4,1.390608e-4,6.044605e-5,-0.001163111,4.951736e-4,4.6852e-4,0.001208222,4.019716e-4,-1.138833e-4,6.481054e-4,-1.823978e-4,0.001149378,-3.168256e-4,-4.456529e-5,-5.834242e-5,7.473019e-4,-1.961544e-4,3.74425e-4,2.492828e-4,3.774891e-4,2.715188e-4,0.001892968,-3.113268e-4,9.961642e-4,-0.00106339,4.900675e-4,0.001271123,5.880035e-4,6.923733e-4,8.313429e-4,9.95357e-4,7.148084e-4,0.001235261,0.001868612,4.658531e-4,0.001846466,0.001736227,0.001962639,8.323606e-4,0.001241622,0.001679674,7.804378e-4,0.00202459,0.001542984,0.001836359,0.001393029,0.002641538,0.003151585,0.006835272,0.01318584,0.01454209,0.01145311,0.01564612,0.01592876,0.01995414,0.01746606,0.02539737,0.02790818,0.03186489,0.1082543,0.4705863,1.007645,0.9514168,0.3766613,0.07270599,0.04401735,0.03357379,0.02996283,-0.006144882,0.004634455,-0.001880259,0.03928662,0.01003775,0.2233132,0.4858212,-0.1759922,0.4820172
277.022,0.02690722,0.02408251,0.02679714,0.03007675,0.01920606,0.03606584,0.03062649,0.02061066,0.01001515,0.008062285,0.01381602,0.00997488,0.007828676,0.0142305,0.0125075,0.0134842,0.01034288,0.01191817,0.006200782,3.695197e-4,0.005011696,0.006613159,0.002008991,0.002696129,2.253685e-4,0.005717478,0.006903511,0.007369308,0.004092889,0.00897971,0.01082042,0.005985772,0.01128019,0.008083414,0.0130067,0.005780451,0.01019033,0.01342289,0.01353297,0.007171683,0.008213153,0.01277574,0.01977389,0.006662156,0.009254733,0.01191218,-0.003887184,0.005603384,0.01526825,0.01552805,0.009698466,0.007234828,0.008370789,0.009385984,0.004715345,0.008063975,0.001837784,0.01150203,0.006963059,0.004813171,0.007038909,0.00720496,0.006928097,0.006437442,0.005629206,-1.243338e-4,0.004242462,0.00421725,0.005182676,0.00386088,0.007181058,0.006989119,0.005891908,0.007547196,0.005224364,0.002331954,0.005036684,0.003850246,0.004544552,0.002503291,0.005472742,0.002197211,0.006504556,0.003992493,0.003268497,0.004580963,0.002379143,0.00347361,0.004204522,8.194806e-4,0.003692578,0.003762462,0.001081864,0.004460875,5.816189e-4,0.003251692,0.003240538,0.002919607,6.969751e-4,0.002591426,0.001785012,0.001549371,1.901632e-4,0.001218993,0.001345145,0.002317586,1.669975e-4,0.001750016,7.940744e-4,0.001489589,7.507522e-4,3.487384e-4,0.001097916,0.001647918,0.001245402,0.002144282,0.001342326,0.001880006,7.447662e-4,0.001749563,0.003185204,0.002581185,0.001439727,0.001270008,0.002374906,0.001292533,0.00152373,0.001132519,0.00211511,0.001358337,0.001525223,0.001737983,0.002328411,0.001477402,0.001648943,0.002710058,0.002117378,0.001360648,6.665649e-4,0.00126662,0.004412048,0.002206638,0.001554207,0.00174618,0.002230917,0.001974186,0.003263195,0.001908491,0.002275232,0.002739252,0.003388865,0.002645367,0.002618326,0.003632581,0.001957318,0.00388586,0.003076351,0.002498102,0.00438397,0.003709901,0.006376756,0.008252509,0.01125955,0.01284598,0.01630063,0.01759986,0.01833176,0.0218652,0.02190454,0.02504313,0.0244693,0.03708107,0.07654131,0.3226069,0.8656114,0.9709205,0.4882824,0.106759,0.0462173,0.03410473,0.03639794,0.0538981,0.02721642,0.06001587,0.05222445,0.08467779,0.1862568,0.3497212,0.7900756,2.476124,3.705002
279.274,-0.007531351,-0.008609909,-0.00189392,-0.01103649,0.002630162,0.006408859,-0.02215542,-0.009779511,-0.009228732,-0.002719025,0.008551977,-0.001281604,0.001827134,-0.003309718,-0.01257085,-0.01225371,-0.004640447,-0.001916583,0.003188443,-9.62821e-4,-0.00353261,-0.002977837,-6.498601e-4,-9.561028e-4,-0.003639518,6.113947e-4,-0.002619544,0.003198366,-0.002164597,-0.00500258,-0.002471534,-0.002148207,-0.004220617,-0.004280354,-0.009996328,-8.574253e-4,-0.003445313,-0.0139713,9.970976e-4,-0.004738595,-0.005008323,0.004478589,-0.006802398,-0.002510256,-6.804215e-4,3.516396e-4,-0.008551078,0.003899497,-0.008390318,0.001137352,-0.007482954,-0.01127289,-0.004269897,0.001050529,-0.006117637,-0.002388696,-0.0064579,-0.001724531,-0.003153132,-0.002468507,-9.937369e-4,-0.003407572,-2.580538e-4,-4.104327e-4,1.039158e-4,-0.003639808,-0.001144881,-0.004191163,-0.002448027,-0.001424781,-6.247185e-4,-0.003387516,-0.00152991,-2.903132e-4,-0.00325086,-0.001543547,-0.001642765,-0.001383167,-0.002309866,-0.004913757,-0.001293381,-0.001423096,-0.002634818,-3.810282e-4,-0.001630554,4.722304e-4,-2.391791e-4,-0.004401634,-1.921413e-4,-8.267109e-4,2.587827e-4,-3.045646e-4,-4.929271e-4,6.47104e-4,-1.305577e-4,-9.209764e-4,-0.002171713,-4.469512e-4,1.881119e-5,-0.001117453,-5.75385e-4,-4.100077e-4,1.089365e-4,-7.988813e-4,-0.001015339,-6.458752e-4,4.962779e-4,-8.908046e-5,-5.245789e-4,-0.00100433,-3.057052e-4,-7.969392e-4,6.990041e-7,-6.54717e-4,-7.42061e-4,-4.875972e-4,-2.733589e-4,-6.636233e-4,8.994118e-4,2.699641e-4,-0.001842893,1.903278e-4,7.662757e-5,-0.001690699,-1.004311e-4,1.341243e-4,2.032997e-6,-4.395008e-4,-3.32636e-4,6.220625e-4,2.916323e-4,-4.276204e-4,-0.001826847,-3.919549e-4,6.870803e-5,5.479305e-4,-3.429609e-4,1.398181e-4,2.660771e-4,-6.699176e-4,3.050303e-4,-0.001251067,-5.382514e-4,3.796029e-4,-3.158453e-5,-8.872208e-4,-0.001216495,-3.196061e-4,-3.060846e-4,4.470261e-5,1.750988e-4,-3.94661e-4,-1.622623e-4,3.481902e-4,-2.664304e-4,-6.988217e-4,0.001472815,-8.116078e-5,8.799193e-4,0.001586271,0.004915047,0.007216654,0.009022793,0.01351659,0.01564063,0.01140989,0.01499899,0.01275852,0.01779592,0.02111597,0.02217779,0.05188096,0.1965338,0.6896736,0.9111153,0.5366454,0.126662,0.04839312,0.02882781,0.0296119,0.02298903,0.003456031,0.002710935,0.0102889,0.04624448,0.00972345,-0.1300713,-0.1953195,-0.1671352,-1.313653,-0.586087
281.526,-0.02346958,-0.01856527,2.637281e-4,-0.03324456,2.640032e-4,-0.009689227,-0.01827229999999999,-0.004982738,-0.002258254,-0.01336308,-0.01417495,-0.001761762,-0.005265547,-0.00531286,0.001939248,-0.007654162,-0.002049615,-0.004429849,-7.44361e-4,-0.001580486,0.004176015,9.127532e-4,-0.002160513,-3.291198e-4,-0.002974514,-7.577815e-4,-0.00336574,-7.339231e-5,-0.004413564,-0.001553925,-0.004128422,-0.005939313,-0.006107397,-0.007604716,-0.01344786,-0.006917921,-0.01657856,-0.004493196,-0.009246761,-0.005752462,-0.01632285,9.890813e-4,-0.01074304,-0.01164024,-0.006733144,-0.00659778,-0.005818272,-0.007268576,-9.351344e-4,-0.006320472,-0.006448919,-0.001858889,-0.004790305,-0.006133028,-0.008115204,-0.006772736,-0.00816948,-0.003191622,-0.003939154,-0.002537131,-0.005422566,-0.00481179,0.002814299,-0.005265097,-2.055301e-4,-0.008053353,-0.001791451,-0.00101549,-0.001857081,-0.002471568,-0.004374528,-0.001208115,-0.004381862,-0.003216773,-8.809277e-4,-0.002414625,-0.003327779,-8.377343e-4,-0.002391555,-0.006300668,-0.002199277,-0.00170571,-0.003739582,-0.002247011,-0.001240774,-0.002806122,-0.001554753,-0.003574324,-0.002422329,9.69906e-4,-9.907629e-4,-0.002576581,-0.002978929,-9.715763e-4,-0.001095027,-0.001619119,-0.001161198,-0.002101998,-0.001298827,-0.001229498,-0.001336961,-0.001469045,-5.54907e-4,-5.39375e-4,-0.001768035,-1.027452e-4,-8.597728e-6,-0.001379662,4.224631e-4,-2.805878e-4,-7.611327e-4,-7.871092e-4,-3.494432e-4,6.156054e-5,-3.545085e-4,-3.383209e-4,-0.00129022,3.79464e-4,4.953918e-4,-0.001528352,-5.833385e-4,-2.416818e-4,-0.001403905,-8.617084e-4,-0.001200682,-0.001408814,-2.012283e-4,-6.122701e-4,-5.716107e-4,-8.077846e-4,-0.001469177,-7.388674e-4,-8.112494e-4,-0.001178132,-0.00159541,-0.001009432,-0.001621661,-3.316815e-4,-0.001958024,-5.100568e-4,-0.001415946,-0.001004992,-0.001442774,-0.001222719,5.165386e-4,-4.513743e-4,-0.001497149,-7.725363e-4,-2.799959e-4,-2.819853e-4,-7.383596e-4,-7.814526e-4,-8.819039e-4,1.553791e-5,-3.699137e-4,-5.342206e-4,6.690557e-4,5.800994e-4,8.623576e-4,0.002480429,0.002450599,0.007554,0.009718897,0.01501587,0.01254813,0.01381876,0.01878016,0.01610103,0.01942849,0.02105174,0.04069258,0.1443884,0.5151086,0.8491908,0.6130922,0.15587,0.04493196,0.03808523,0.03176294,0.02635927,0.003774014,0.01493109,0.009055876,0.01198831,-0.002562106,0.008158038,-0.04556491,-0.03459877,-0.2403249,-0.3891815,0.2914804
283.779,-0.01696724,-0.006758516,-0.01074797,-5.302147e-4,-0.006478503,0.003058686,-0.009388406,-0.002761875,-0.009811799,-0.01241025,-0.01286316,-0.00686126,0.002226471,-2.74239e-4,0.001556548,2.188955e-4,-8.227904e-4,-0.00175103,-8.095823e-4,-0.001618034,-0.003156838,6.633962e-4,-8.038942e-4,-7.129628e-4,0.002972573,0.00196514,0.002426637,5.268407e-4,4.317968e-4,1.867874e-4,-0.006095488,-0.001658511,-0.003913522,-0.01055198,-0.006599361,-0.01020545,-0.007152883,-5.72423e-4,-0.005422468,-0.004075016,-0.009535585,-0.002770045,-0.003237731,0.001762672,-0.003765339,0.00261402,6.906018e-4,-0.00103414,0.003131341,-9.407483e-4,0.002127612,-0.006197447,0.004209646,5.585199e-4,-0.002861715,-0.005935723,-0.003581067,0.001991357,0.001144284,-0.00433156,-7.044615e-4,-0.003621376,0.002798006,-0.001387473,0.003345822,-7.159279e-5,0.002236066,-0.00105843,-2.071641e-4,-0.003404754,-0.004147883,-0.003313431,-0.002414575,-0.002661303,0.003606513,0.002017554,-0.002122515,3.496682e-4,-0.004540356,-7.784836e-4,-8.816014e-4,1.869201e-4,-0.002729954,-7.599551e-4,4.674251e-5,-4.907407e-4,-0.002185502,-0.002509955,-2.029546e-4,-0.002195744,-6.824049e-4,0.001202155,1.636167e-4,-0.001055892,-2.6148e-4,-0.001251504,-0.001658522,-0.001343902,-8.999986e-4,-0.002178462,3.079636e-4,-0.001091763,-0.001273311,-2.300428e-4,1.829184e-4,-2.218641e-4,-1.539715e-4,3.537753e-4,-0.001101257,-2.029634e-4,-4.428075e-4,-7.662363e-4,-5.88068e-4,-0.001060174,-3.864276e-4,-4.729064e-5,2.364115e-4,-5.79874e-4,-7.93337e-4,8.729387e-4,5.946986e-4,-0.001227233,-0.001322659,-1.061239e-4,-0.00116616,9.952673e-5,-0.001107126,-9.224589e-4,-5.610398e-5,-6.443049e-4,1.048492e-4,-0.00143822,0.001271555,1.142708e-4,1.0645e-4,-0.001630727,-8.352848e-4,-1.136318e-4,-3.88832e-4,-0.001252345,6.813397e-4,-4.989293e-4,-2.02105e-4,-0.001496071,-5.50488e-4,0.00137626,3.870883e-4,9.551582e-5,-2.972982e-4,8.019301e-4,-2.45129e-4,0.001377185,-9.557536e-5,0.001130895,0.001829854,6.279947e-4,0.002691966,4.775757e-4,0.00342956,0.004567848,0.006997936,0.01222692,0.01264323,0.01356308,0.01545773,0.01523436,0.01711054,0.02065936,0.02561936,0.02938318,0.09157032,0.4289313,0.8587012,0.6872596,0.2434005,0.05150889,0.03965625,0.04107501,0.03973894,0.0297391,0.0311005,0.0225202,0.03870339,0.01520031,0.02940999,-0.01281335,0.004020834,-0.187379,-0.3792111,-1.273235,-4.008163
286.034,0.007862098,0.009287666,-0.002963451,0.007536074,-0.003652226,-0.01668616,-0.005304214,-1.498513e-4,0.005305389,-0.001905763,0.004529224,-0.001014759,-7.949704e-4,0.004304392,0.0026425900000000002,0.005391088,0.00159459,0.001274395,0.001005469,0.003278259,3.434409e-4,-3.81162e-4,1.580132e-4,-0.001886698,8.581151e-4,0.002361632,8.85184e-4,0.001215976,-0.002397502,9.045224e-4,0.004546705,0.002254274,0.006438169,9.315465e-4,-0.01363515,0.00194566,0.003841504,0.005307653,4.528908e-4,-0.007073401,-0.001007762,-3.853028e-5,0.008539254,-6.587751e-4,0.003410628,0.001440992,-0.006557353,-0.003203276,5.862591e-4,-2.912694e-5,-0.001116394,0.001212459,0.001508407,0.004058622,-0.001830312,-0.001882436,-0.005942539,-4.452017e-4,7.039128e-4,0.002760464,-6.92388e-4,2.342502e-4,0.005164873,0.003835431,4.802742e-4,-0.003832736,-0.005472537,-9.465083e-4,6.591033e-4,0.002982385,-6.277373e-4,-3.610217e-4,-2.538429e-5,-0.002731845,-8.141917e-4,0.001547945,0.00345178,0.001231885,8.696592e-4,0.001356401,0.001003262,0.001730531,-7.17682e-4,-1.628083e-4,-9.217839e-5,0.001263616,2.656256e-4,3.35024e-4,0.002451961,5.656555e-4,8.538848e-4,0.002671237,6.877054e-4,0.001716333,1.951834e-4,3.141235e-5,0.001082545,4.203209e-5,-0.001751664,3.535415e-4,-9.299972e-4,-9.091217e-5,3.235978e-4,2.36117e-4,5.127318e-4,7.362726e-4,1.688735e-4,0.001808164,5.13371e-4,-1.127853e-4,1.58717e-5,6.176017e-4,-4.050997e-4,3.724242e-4,2.190642e-4,0.001216385,7.724337e-4,-2.269565e-4,-1.601745e-4,6.711086e-5,2.225615e-4,6.867474e-4,-5.366276e-4,5.83102e-4,1.604527e-5,0.001733031,2.383848e-4,-3.479913e-4,-8.027199e-5,-4.696046e-4,9.382686e-4,0.001419168,0.001749082,2.786611e-4,-3.97207e-4,0.001528136,1.571757e-4,-3.778848e-4,8.72568e-4,0.001507081,8.570278e-4,0.001730636,6.459575e-4,0.001616928,0.001010433,2.031798e-4,-5.928e-4,-1.988242e-4,0.001382306,2.448854e-4,0.001256804,0.001761819,0.001262095,0.001675034,0.002166946,0.001259643,0.002869275,0.002897131,0.006944693,0.005855303,0.01124045,0.0100533,0.01433997,0.01674444,0.01415736,0.01565266,0.01977326,0.01812372,0.03065886,0.06506002,0.3158332,0.7843633,0.8430826,0.3492094,0.06650055,0.0503581,0.0443865,0.04528168,0.04929156,0.02854427,0.01570945,0.01766818,0.02851498,0.02413653,0.04303454,0.07261242,-0.0202588,0.1390225,0.3164637,-0.7459796,-0.4068447
288.289,0.006542958,-0.0216576,0.009462712,-0.006299015,0.009105468,-0.004432416,-0.008130306,-0.004974613,-3.724589e-4,0.00584561,-0.00265283,0.001418737,7.473942e-4,-0.003936672,-0.006862045,-0.002656845,-0.004199902,0.001821634,-3.404299e-4,0.002127531,-0.003549628,-0.002623149,6.435807e-4,0.001076125,1.923999e-4,0.004621061,-4.494817e-4,-9.019771e-4,-8.714747e-4,0.001204902,0.003199029,-0.005684726,-0.006667755,0.007920192,-0.01522577,-0.008168291,0.003475529,-0.001877685,3.234151e-4,-0.006768893,-0.00281974,-0.005910247,0.002501602,-9.001272e-4,0.001336619,0.004415558,-0.003910557,0.006944505,0.003740915,-7.530136e-4,0.003664526,-0.003827953,0.004100601,-0.005855948,0.003729679,-0.005877418,-4.227802e-4,-7.544983e-4,0.003372146,-1.340321e-4,0.003607209,0.001858419,5.044576e-4,0.001384227,-0.003278522,-0.001669502,0.001757881,0.001054805,-8.619515e-4,0.001121987,-4.06051e-4,8.291189e-4,3.771336e-4,-0.001508154,0.001453398,-0.003127714,3.64627e-4,0.001928898,-0.00245848,9.534968e-5,3.966539e-4,2.116213e-4,-0.001139033,0.002390799,-0.001361918,6.44449e-4,-0.001834051,0.00169306,-3.295767e-4,-6.172162e-4,0.001571319,1.296067e-4,-6.338996e-4,7.582955e-4,-4.655296e-4,-8.544838e-4,5.356929e-4,-4.526761e-4,-2.648198e-4,-0.001407696,1.136845e-5,8.462603e-4,7.799413e-4,-0.001799306,-2.999625e-4,-4.594461e-4,-5.213476e-4,3.122129e-4,-2.391307e-5,5.02124e-4,3.307707e-4,1.509362e-6,-3.962804e-4,-8.792563e-4,3.12655e-4,2.168319e-4,5.195796e-4,8.149167e-4,-8.604699e-4,4.489382e-4,1.906944e-4,4.896176e-4,8.387331e-6,5.78281e-4,8.904672e-5,-0.001403165,2.215729e-4,-6.591371e-4,5.017327e-4,-9.933769e-4,-5.488692e-4,-3.79492e-4,0.001308011,-1.1084e-4,0.00113406,-3.373003e-5,0.001307176,-0.001167248,2.057596e-4,9.644569e-5,9.358322e-5,2.117244e-5,6.895415e-4,5.3306e-4,2.107686e-4,-1.194409e-4,3.60619e-4,0.001251125,-7.198272e-4,5.035453e-4,0.001985218,0.001193886,0.001328868,0.001779156,0.001312998,0.00132196,0.001545842,0.001651677,0.007108541,0.010034,0.01041116,0.01528084,0.01599774,0.01454548,0.01745142,0.01617528,0.0180261,0.02017571,0.0470862,0.2262394,0.6872633,0.8710293,0.5200536,0.1030435,0.05253354,0.04840247,0.04917784,0.05206157,0.04180433,0.03922582,0.0377112,0.02797284,0.03361185,0.03975345,0.04518651,0.02347525,0.02622722,0.1053055,0.1448894,-0.2437992,-0.2443423
290.545,-0.02166645,0.003990355,-0.003667425,0.002613601,0.002743897,0.007290106,0.00278599,0.008402094,-0.001191454,-0.002572094,0.003322968,-0.003885006,-4.001366e-4,-0.001464017,-0.00512445,2.445334e-4,-0.005107494,1.631761e-4,-0.003050195,-0.001174824,-0.003494297,0,0.001967909,0.003746386,-0.001648762,-0.001484739,-9.882139e-4,0.002075832,-0.001612773,-6.50588e-4,-0.002231888,0.001330555,-0.001063866,0.004204687,0.001900182,2.468721e-4,6.877756e-4,0.006565223,9.051668e-4,-0.001373431,0.003666217,-0.003323851,0.001537293,-0.003276544,-0.002089364,-0.002116534,8.066765e-4,-0.004792024,-0.005385479,1.72815e-4,0.005162383,-4.85952e-4,-0.001530134,-5.417346e-4,-0.003519555,-0.004911778,-0.002377995,0.005002266,1.359665e-4,-2.889804e-4,-0.004981977,-0.004999727,-9.491795e-4,-0.005136582,0.003121402,-0.00382584,-0.003529863,-0.004433107,0.003461296,-8.502499e-4,-0.002255559,5.744733e-4,-0.001296565,-8.842765e-4,0.001277683,-0.002646612,4.397389e-4,-0.00154116,8.430911e-4,0.001146136,2.56349e-4,0.001979271,-8.307096e-4,7.075933e-4,-7.797499e-4,-2.531972e-4,-0.00113651,0.001162689,0.001385487,2.475314e-4,-0.002871127,-0.001097144,-8.505631e-4,-7.15343e-5,1.555732e-4,0.002099323,-6.928414e-4,-0.001392368,8.361305e-4,-5.208699e-4,2.349896e-4,2.571266e-4,-6.574275e-4,-4.350924e-4,2.333286e-4,1.506424e-4,1.058095e-4,-8.623854e-4,1.492744e-4,-6.20028e-4,6.57786e-4,-2.039869e-4,-3.79056e-4,-3.082043e-6,-1.956639e-4,2.147726e-5,-1.014259e-4,-1.394906e-4,-3.764329e-4,4.798085e-4,6.695804e-4,-1.912784e-4,4.550892e-4,4.822047e-6,3.61924e-4,1.262808e-4,-5.899955e-4,-4.486679e-4,9.819764e-4,4.338627e-4,7.282561e-4,-5.970233e-4,-4.959722e-4,4.659185e-4,0.001764724,-4.735073e-4,-3.204923e-4,7.573916e-4,-2.740197e-4,4.297779e-4,9.856315e-6,5.630946e-4,-0.001015264,-5.441416e-4,0.001338795,2.529391e-4,4.228112e-4,9.898411e-4,3.751514e-4,4.476757e-4,8.568098e-4,3.947206e-4,-3.53406e-5,4.114317e-4,0.001719705,0.002354219,9.406972e-4,0.004173685,0.007993342,0.009796757,0.01647584,0.01297952,0.01491139,0.01520311,0.01607856,0.02200944,0.02165912,0.03180236,0.1512112,0.5570412,0.8974125,0.6080554,0.178005,0.05064149,0.05514786,0.04578226,0.05271258,0.04867326,0.04954364,0.04375924,0.03091217,0.04238937,0.02823844,0.0269309,0.03894688,0.0483206,0.05147147,0.07949367,0.1849109,-0.2941833,-0.8776203
292.802,0.004392405,-0.003600827,0.01376463,0.01757443,0.007045144,0.0129617,0.01862311,-0.008804351,0.003905083,0.004294192,5.45677e-4,-0.002889854,0.002388296,0.003460982,0.004467466,0.005176936,0.002156219,-0.002914275,-1.79619e-4,0.001258234,9.497553e-4,9.192761e-4,7.062875e-4,4.805407e-4,2.477994e-4,0.001205552,5.252085e-4,0.001162144,1.732323e-4,-0.002833824,0.004030562,0.005239552,0.004092111,0.004841888,0.001166909,0.002498125,-0.001982666,0.002340763,-0.002047271,2.322317e-4,0.002719193,0.001034294,0.001469851,-8.7811e-4,0.007922786,0.002253532,0.008070254,0.001347109,-0.00460419,0.001610046,7.066885e-4,-0.005586196,-6.614356e-4,4.504899e-4,0.006580154,0.008312445,0.002627,0.001111055,-0.001263449,-0.001912374,0.001477015,-3.528836e-4,0.001242909,0.00465705,0.005546424,0.001038925,0.003717028,0.001678825,5.100846e-4,-9.227227e-4,-0.00173093,0.002272323,0.001263368,0.002342922,0.001371167,-0.001009392,8.299484e-4,0.003134007,-8.574749e-5,0.004405117,-9.411586e-5,-3.742984e-4,3.649512e-4,2.650363e-4,0.001672214,4.070611e-4,0.002246127,0.002130878,9.577864e-4,0.002261646,5.35333e-4,8.536816e-4,0.002247307,2.401734e-4,-5.75324e-4,4.201613e-4,7.532829e-4,8.505715e-4,8.681564e-4,6.325639e-4,-7.627126e-4,9.33135e-4,-5.910569e-4,8.242408e-4,-1.723984e-4,1.377908e-4,3.306633e-4,4.409384e-4,1.738112e-4,2.738085e-4,-6.400779e-4,0.001020408,-1.738085e-5,1.781348e-4,3.840814e-4,4.92928e-4,1.767573e-4,-7.90416e-5,4.335972e-4,-8.905008e-4,0.001078545,5.832877e-4,0.001994734,-8.318683e-4,1.288492e-4,0.001653502,0.00159652,-1.203479e-4,4.888647e-4,1.470173e-4,-1.805639e-4,-6.321082e-4,8.730384e-4,5.353224e-4,4.904327e-4,9.051308e-4,6.905532e-5,8.580378e-5,0.001573971,-4.437265e-4,2.620636e-4,-1.412045e-5,0.002742384,7.593195e-4,0.001531444,2.906547e-4,5.339352e-4,0.002114449,0.00178492,-1.785932e-4,0.002078544,-8.105922e-4,9.783076e-4,0.001975015,0.001981086,0.005014368,0.004468866,0.007309197,0.008524255,0.01075425,0.01479362,0.01727539,0.01562833,0.01854217,0.01882185,0.02132932,0.036381,0.1019089,0.4593315,0.8152484,0.7312035,0.2355445,0.05644399,0.05135886,0.0570435,0.05701279,0.06216462,0.05911366,0.04425791,0.05319672,0.05518214,0.04242586,0.05508609,0.07080983,0.09523035,0.05212257,0.122645,0.05006153,-0.1127438,1.131872,-0.6691313
295.06,0.008490912,9.624061e-4,0.006648307,0.01824756,0.004172898,0.03440283,0.009452521,0.01252252,0.01679716,0.006160152,0.002874866,0.008717563,5.40561e-4,0.01307665,0.001805858,0.006590678,0.006939416,0.00602425,0.007034195,0.005851837,0.001781838,0.006053385,0.002240006,0.003731581,0.003380579,0.001991298,0.003409417,2.66153e-4,0.001906825,0.004427702,0.00666357,0.004897153,0.008751473,0.006303124,0.01354269,0.004479981,0.01034225,0.005527183,0.009102203,0.003687118,-0.002483741,0.00760947599999999,0.009583339,0.003484691,0.001191295,0.01264707,0.01080798,0.005767382,0.006866066,0.006519855,0.003855675,0.003614112,0.004832687,-0.001164799,0.005019327,0.003209769,0.008265996,0.005037828,0.003201266,0.004000919,0.003627324,0.003792224,0.007216007,0.002909529,9.212157e-4,0.004287242,0.004399773,0.005601588,0.001815492,0.002646829,0.00681661,0.005232423,7.400733e-4,0.00210204,0.002623233,0.001109778,0.002984995,0.00464721,8.29675e-4,0.003307364,0.001398454,0.00269224,0.002234695,0.001973786,0.002055597,0.003600573,0.002997901,0.002669544,0.001807649,0.001190223,0.002479548,0.00245843,0.001233661,0.001960546,0.002105586,0.002896244,0.001565603,0.001294717,0.00152781,-3.020082e-4,0.001484587,0.001699183,-7.442201e-5,0.00110541,0.001502127,7.370171e-4,0.001501212,9.710759e-4,2.911512e-4,0.001179195,6.02754e-4,4.365512e-4,0.001040625,5.636279e-4,7.751052e-4,7.115767e-4,5.111502e-4,0.001385858,8.55589e-4,6.296636e-4,8.132991e-4,7.817562e-4,-1.357137e-4,0.001237746,0.001456021,9.13358e-4,8.309891e-4,-1.049558e-5,0.002371834,0.001007307,8.742435e-4,7.89948e-4,7.602722e-4,0.001110861,0.002197883,0.00105512,2.025853e-4,0.001319161,0.00207429,8.856959e-4,0.002125703,0.002024279,0.001409461,-3.221761e-4,0.00104197,0.002848971,0.0024300290000000002,0.001794491,0.002880221,0.002161502,0.001768484,0.002057305,0.001867591,0.003895151,0.004024387,0.005471294,0.007400331,0.009087786,0.01190006,0.01646159,0.01842028,0.01439417,0.02129678,0.01895284,0.02044332,0.0288834,0.06726336,0.3190372,0.7647142,0.7521516,0.3285047,0.06668647,0.05200556,0.05765243,0.05984137,0.06693574,0.06822879,0.05188789,0.05997022,0.05741556,0.05939786,0.05039932,0.0464809,0.08259492,0.07945453,0.06027665,0.1575636,0.4035412,0.362977,0.3031796,4.752759
297.319,-0.00894496,-0.008699526,-0.01425451,-0.0022133,0.007087927,-0.002798583,-0.02916378,0.003762267,-0.0158381,-0.005545194,-0.005350063,-0.005389747,-0.004849569,-6.403032e-5,-0.002858059,-0.003392372,-0.005171257,0.001024381,-0.002913754,-0.004413049,0.001283087,-0.002097812,0.001506432,-0.001738306,-8.339944e-4,-1.884845e-4,-0.002605304,-0.001430918,-0.001595528,-0.005576357,-4.886862e-4,-0.002350241,0.004830145,0.001222993,-0.01133233,-0.004717577,-0.003153203,-0.002280404,-0.006771008,-4.329626e-4,0.001256948,-3.946771e-4,-0.008172208,6.132826e-4,-7.094758e-4,-0.001846549,0.004183747,-0.004786848,0.004777347,-0.001964782,7.871271e-4,-0.001990203,-0.007260668,0.004324929,2.943043e-4,0.00246417,-5.406199e-5,-0.002729918,-0.002758113,-0.002463979,-0.003600623,-0.005619954,-0.002424155,-0.003688221,6.299515e-4,-0.002748935,-0.003171161,-0.002197993,-0.001291692,-0.001991764,0.001949939,-0.00355843,-0.002519996,-0.003446955,5.187953e-4,-3.789679e-4,-0.003557198,-5.857591e-4,-8.193373e-4,-2.771688e-4,-3.257335e-4,-0.003695089,-0.001827248,-7.84203e-4,-9.598771e-4,-0.002290146,-0.001177896,-0.001148405,-8.03761e-5,-0.001569334,-4.132219e-4,-5.120433e-4,-0.001015936,0.001147384,-0.002575657,-0.002405837,2.701585e-4,-8.844661e-4,-9.836881e-4,0.001537607,-7.810978e-4,0.001163273,-0.00126556,-9.442004e-4,-0.001175825,-0.001122306,-1.900821e-4,-0.001326757,1.42248e-4,-4.302434e-4,5.319406e-5,1.203207e-4,-3.709647e-5,-7.967128e-5,-4.138995e-4,-7.044996e-4,-8.231672e-4,-9.237081e-4,-5.145084e-4,-6.283845e-4,-5.437058e-4,0.001476808,-3.371357e-4,-9.221586e-4,-2.551659e-4,-2.555607e-4,-4.555534e-4,-1.560674e-4,-3.53804e-4,-8.073049e-4,-0.001526737,3.682812e-4,-0.00088987790000000005,5.557833e-4,-6.862816e-4,-4.582927e-4,0.001118739,-8.493257e-4,-0.001482448,0.001161155,8.664494e-6,2.166506e-4,-1.835912e-4,3.678136e-4,3.978358e-4,2.500897e-5,2.02353e-5,-7.640171e-4,9.206409e-4,0.001037097,6.053136e-4,0.001676636,6.964074e-4,0.001481381,0.003209811,0.004199889,0.005519335,0.008135536,0.01056729,0.01478984,0.01337167,0.01341427,0.01787354,0.01795294,0.02186832,0.0425734,0.2023996,0.60692140000000006,0.7629323,0.3821961,0.09098869,0.03842762,0.04174363,0.05918868,0.06233571,0.06837168,0.06084407,0.08008975,0.05655411,0.0585924,0.04760573,0.05982401,0.05753099,0.03636093,0.03622085,0.01652761,0.04594171,0.05918416,0.01008221,0.8686588,3.147947
299.578,0.009310845,0.0100919,0.001326612,-0.003695434,0.003983354,5.437831e-4,0.005343683,0.007212438,7.309669e-4,0.01589959,0.001330948,5.403572e-5,0.004860904,-0.003075533,-6.736778e-4,-4.02507e-4,0.003819738,0.001881006,4.66647e-4,-0.001014831,0.004011122,0.00357061,3.548479e-4,2.219335e-4,-8.618686e-5,-0.001741761,-5.218016e-4,0.001647555,7.194656e-4,-0.001331012,0.003125348,0.006089475,0.005000736,0.002699149,-0.002484258,-0.007767968,0.0041028,0.001623844,0.001785474,-6.003998e-4,-1.494348e-5,-0.005487218,0.001760737,-0.004227769,0.003835509,-5.731599e-4,-3.117671e-4,0.002309313,-1.032398e-5,-0.004864669,0.0038021,0.002950743,6.464623e-4,0.003276592,0.006336574,5.942296e-4,0.001242568,8.212592e-4,0.001543125,0.001305613,-3.411166e-4,0.005742246,-4.322971e-4,-0.002589595,0.001202452,-0.00180198,-0.001685386,1.956111e-4,-4.013801e-4,-1.629725e-4,0.003485196,0.001036396,0.002772428,0.001726322,-5.075884e-4,2.672603e-4,0.0015810520000000001,8.331424e-4,0.002312857,0.00201753,3.309423e-4,0.001761736,0.002058803,0.002149013,-0.001811761,7.866468e-5,-0.001180161,8.134348e-4,-1.838459e-4,0.001118058,-2.739979e-4,6.093173e-4,7.484722e-4,-0.002250887,0.001497855,0.001769364,0.001323135,0.001180882,0.001843842,8.469259e-5,8.455481e-4,4.308344e-4,9.021679e-4,0.001280168,0.001158229,4.054588e-4,-4.443485e-5,6.152695e-8,3.813219e-4,5.643001e-4,5.427584e-4,5.329008e-5,3.915596e-5,-1.122777e-4,4.513714e-4,1.100031e-4,-1.195782e-4,-4.896209e-5,8.692266e-4,-3.19182e-4,5.345959e-4,3.101906e-4,0.001430968,2.89131e-4,-1.681213e-4,8.146983e-4,4.533258e-4,5.437035e-4,4.235968e-5,0.001233947,2.654267e-4,-1.81063e-4,4.011607e-4,3.769778e-4,4.543897e-5,9.986499e-4,-4.523802e-6,-2.238877e-4,-2.089722e-4,-5.947271e-4,5.458797e-4,9.884203e-4,9.202405e-4,5.525019e-4,8.721262e-4,-8.699975e-5,0.001454049,0.002116556,0.00135344,6.206789e-4,0.001797022,0.001855289,0.001932604,0.001820377,0.005016207,0.007329966,0.008049047,0.01011776,0.01280203,0.01623602,0.01749091,0.01679436,0.01889551,0.02382386,0.03508117999999999,0.1292509,0.4903382,0.752966,0.4791097,0.1277322,0.0412256,0.04462092,0.05576902,0.06285546,0.07769506,0.08303777,0.09058882,0.08389584,0.07193549,0.07734831,0.0767414,0.07329391,0.05987101,0.06369277,0.0326354,0.06137283,0.07146125,0.1063624,-0.01803528,1.457049,0.4215006
301.839,-0.01793809,-0.01327545,-0.0016963,-0.009477482,-0.01281661,-0.008692296,-0.01537925,0.001373305,0.002294338,0.007424071,-0.009644622,-0.002350341,-0.01133143,0.003550469,-0.01237076,-0.005166016,-0.005593359,-0.005194671,-0.001375764,-0.001570807,-4.678703e-4,-0.00439391,-6.74765e-4,0.001031825,-0.001243988,-0.001827041,-0.001481205,-0.003619988,-1.680803e-4,-0.002085037,-0.005473607,-0.00600176,-0.0167385,-0.01118448,0.002169561,-0.008930047,-0.005059329,-0.002657897,-0.01030706,-0.001696179,-0.002830733,6.408018e-4,-0.00146002,-0.00705939,-0.00455958,-9.186818e-4,-0.003054503,-0.005475734,-0.006530628,-0.001055298,-0.00639266,3.527403e-4,-0.003500758,-3.12535e-4,-4.728871e-4,-0.002873546,-0.003452599,-9.711708e-4,-0.007924373,-0.001618763,-0.008436836,-0.003617071,-0.007452879,-0.004422211,-0.003212302,-0.005393651,-0.003605753,1.90874e-4,-0.002481385,-0.002389924,-0.002319849,3.872037e-4,-0.002657095,-0.003730504,-0.0024198,-0.004245764,-0.002075344,-2.361818e-4,4.071648e-4,-0.002207506,-3.709e-4,-0.003193175,-0.002450898,-5.481436e-4,0.001997027,-7.841071e-4,-6.872175e-4,-0.001924142,2.285392e-4,-0.001169291,-0.001577055,-0.002492472,-0.001092637,-5.260647e-4,-0.001114482,3.259452e-4,-1.893222e-4,-0.001739059,-5.812226e-4,-0.001250244,-0.001112101,6.455304e-4,-0.001019901,-6.616099e-4,6.217934e-5,-2.598244e-4,-1.869865e-4,-5.231929e-5,-3.761123e-4,-5.413915e-4,-0.001319562,-8.537333e-4,-1.634364e-5,-2.999573e-4,-5.998165e-5,3.32414e-4,-0.001067164,-7.664005e-5,-1.499815e-4,-5.153379e-4,-1.789476e-4,-2.004349e-4,-8.138254e-4,-0.00092024680000000005,-8.069823e-4,-5.430319e-4,-2.161086e-4,-7.814978e-4,-8.1453e-5,-6.681257e-4,-0.00153025,-0.001460125,-0.001134311,9.840029e-5,-0.001150208,2.009043e-4,9.454617e-4,-5.571224e-4,-9.548707e-4,4.960424e-4,2.882103e-4,-7.30435e-4,1.51049e-4,-7.174904e-4,-3.055794e-4,-2.551151e-4,-2.888536e-4,0.001056172,0.001213246,-3.594054e-4,1.888101e-4,0.001639415,0.001841625,0.002795518,0.00492416,0.008180626,0.008577359,0.0118723,0.01246669,0.01413678,0.01702494,0.01669906,0.01737358,0.02992729,0.0921279,0.3539912,0.6878309,0.552253,0.1671239,0.03880287,0.03923701,0.04588221,0.05740673,0.0714817,0.09197628,0.07685303,0.06798752,0.07831321,0.0842202,0.082092010000000007,0.0659308,0.07454536,0.05614353,0.03709574,0.05620916,0.05788843,0.04825245,-0.03696561,-0.3688678,-0.6499841,0.4532157
304.1,-4.673042e-4,-0.007939707,0.00390849,-0.003249075,-0.005851131,-0.005854912,-0.001726441,0,-0.004141975,-0.003938312,-0.001251993,-0.004145524,0.001244998,-0.006254909,4.524966e-4,2.102019e-4,-0.004990908,-0.00355911,-0.00690453,-0.002210885,-0.00647977,-0.003006558,-4.196916e-4,-0.002798414,-0.001476563,-8.889603e-4,-0.001063599,-2.474554e-4,-1.096977e-4,-0.003371948,-0.002582575,-0.004383343,-0.002777611,8.9786e-4,-0.01159209,0.003743438,-0.005498547,-8.9806e-4,-4.728081e-4,-0.002135904,8.835063e-4,-3.902336e-4,-0.004430265,-0.007000046,-0.003853123,-0.008822159,-7.329716e-4,-0.001088599,0.00372969,-0.007703768,6.171532e-4,-0.002221393,-0.005685799,0.001411231,-0.001355869,-8.244202e-4,-0.006442248,-0.001424895,-7.631466e-4,-0.002351523,-0.002042297,-0.002258493,0.001894743,-0.002301846,3.48818e-4,0.001147838,0.001179514,6.632361e-4,2.245418e-4,-0.005317457,-0.003161062,0.001203242,0.001737654,-9.722179e-4,0.004063017,-0.00498606,0.002050217,-4.941111e-4,-0.001182823,-0.002283738,-1.496417e-4,5.159587e-4,-0.002102929,7.476189e-4,-7.216497e-4,-0.001349854,-5.12811e-4,-0.001527581,-0.002916602,-1.15515e-4,-0.002331431,-5.871097e-4,9.383694e-4,-6.885309e-4,-0.00163906,-0.001017704,-3.570605e-4,-7.386957e-4,-3.745549e-4,-2.33454e-4,0.001034593,-4.04229e-5,7.063726e-5,8.466298e-5,-5.538969e-4,-4.294092e-4,-3.150273e-4,7.772878e-5,-5.139059e-4,-1.985258e-4,1.832114e-5,-2.86125e-4,-9.649361e-4,-4.880113e-4,-3.230946e-4,-2.195617e-4,-4.450336e-4,-1.253326e-4,-9.6498e-4,-7.680845e-4,-0.001077791,1.746952e-4,-0.001173038,1.853022e-4,2.095176e-4,5.260985e-4,-6.022253e-4,-9.295827e-4,0.001387512,8.864187e-6,-0.001251255,0.001140628,-1.774205e-4,-7.210446e-4,6.158038e-4,3.787964e-5,5.588011e-4,-4.004959e-4,-9.394997e-4,-4.244862e-4,-8.858698e-4,-5.04969e-4,-0.001195318,-3.984481e-4,6.475034e-4,0.001043406,5.52358e-4,3.683742e-4,5.313946e-4,0.001314002,0.001359965,0.002819226,0.002848093,0.005958355,0.007250913,0.01028535,0.009937282,0.01257764,0.01429343,0.01553035,0.01964151,0.0185544,0.02766539,0.06523449,0.277493,0.5997181,0.6140521,0.2330855,0.04733542,0.03560891,0.04176198,0.04553968,0.06129588,0.0738446,0.08079757,0.08162335,0.09187554,0.1000688,0.08685934,0.08084413,0.08220721,0.07834367,0.07343114,0.08040392,0.1041906,0.06413907,0.03979399,0.1004167,-0.0591036,-0.4720603,1.508821
306.363,-0.007283969,-0.03580694,-0.0151749,-0.0122817,-0.005772169,-0.01713698,-0.01707605,-0.01245009,-0.006766548,-0.00897866,-0.001311002,-0.007559258,-0.005967884,-0.0205397,-0.006194199,-0.006947254,-0.008189081,-0.005646311,-0.00450012,7.782114e-4,-0.005194752,-0.003194361,-0.003751438,-0.003361557,-0.002606011,-0.004662211,-0.005013947,-0.00299412,-0.005635131,-0.005537996,-0.003345545,-0.01055886,-0.01066803,-0.003720324,0.003160272,-0.01283417,-0.004472492,-0.01059022,-0.003008436,-0.008019998,-0.01218574,-0.006437637,-0.00877339,-0.004612382,-0.00554524,-0.0112386,-0.00490977,-0.003717217,-0.006846961,0.001863814,-0.00489151,-0.005749924,-0.005208324,-0.007698553,-0.004856705,-0.006684004,-0.002782518,-0.005903824,-0.001919032,-0.006699215,-0.004606153,-0.006320234,-0.002487217,-0.001750367,-0.005349366,-0.004680172,-0.00138657,-0.004284468,-0.003434248,-0.005529622,-0.00325406,-0.006129778,-0.002910916,-0.005125945,-0.002261477,-0.002600572,-0.002561971,-0.001916248,-0.004057348,-0.002659509,-8.04403e-4,-0.002804087,-0.001247271,-1.397536e-5,0.001125464,-0.003589603,-5.808796e-4,-0.002678703,0.001540231,-0.001849935,0.001657005,6.242085e-4,-0.002943987,-0.00204573,-0.00284187499999999,-0.002176812,-0.00267643,-0.001260776,-0.001992488,-0.001977211,-0.001068941,1.036511e-4,-0.001686075,-0.00128938,-5.991995e-5,-0.00051498030000000005,-0.00104092,-4.137327e-4,-9.060481e-4,-1.192112e-4,-5.321478e-4,-9.804191e-4,-4.524682e-4,-4.857085e-4,-0.001307299,-0.001167977,-0.001009667,-7.881554e-7,-4.685131e-4,-0.002213785,-0.001543204,-0.001939179,-0.001137335,-0.001130473,-7.801274e-4,-5.715235e-4,-0.001702893,-5.829491e-4,6.241366e-5,-3.694634e-4,-3.29612e-5,-0.001091818,-5.590673e-4,-9.255315e-4,-0.001656147,-9.662353e-4,-2.131956e-4,-0.001036757,3.218529e-4,1.821588e-4,-1.548523e-4,4.868484e-4,-9.160792e-6,-3.054211e-4,-9.271285e-4,-3.247169e-4,-4.162629e-4,-1.412062e-4,-2.023605e-4,-6.892668e-4,0.001781785,0.002157757,0.004247403,0.006021969,0.01005806,0.009447035,0.009988049,0.01257544,0.01415416,0.0169377,0.01745469,0.02128976,0.04008932,0.1949462,0.5798104,0.6277214,0.3194593,0.06431994,0.02977204,0.0340059,0.04091724,0.04854287,0.06331294,0.07982285,0.08389975,0.07822048,0.0951368,0.08698158,0.08124176,0.08581551,0.07807722,0.06297968,0.06915358,0.07471393,0.0308987,0.03824835,0.02674023,0.05334209,0.1219377,-0.6489028,-0.4918766
308.626,0.006463386,0.006989883,0.002678653,0.002427565,0.01185326,-8.540536e-4,0.01440565,0.01854679,0.007919385,-0.005566201,-0.004521577,9.138968e-4,-0.002554389,-0.004467842,-0.005505769,-0.00183964,0.003177819,0.001672628,4.964234e-5,0.00119944,0.001853173,-0.002968169,9.103541e-4,-0.001410405,-1.35181e-4,0.001225168,0.001396949,-4.431042e-5,-0.002386211,0.001678578,0.007126922,0.00106732,5.865439e-4,-0.001589245,-0.002872076,0.006907962,0.00407849,0.003048961,0.002777353,0.002331928,0.00218933,0.003792307,0.002463208,2.709207e-4,-0.002267196,0.008637497,-0.001626251,0.005419279,0.001246338,0.006958256,6.816463e-4,0.005690828,0.001939445,-6.032419e-4,6.087696e-4,-0.002827586,0.006420137,-0.001133918,0.003810965,-0.001309838,0.003151108,7.198678e-4,0.002200956,9.651143e-4,-0.001569661,0.002998913,-6.512375e-4,4.205721e-4,7.472646e-4,0.003917466,0.001543358,0.001533982,-0.001931577,-0.002158197,0.00103073,5.761631e-4,9.104317e-4,0.001940712,1.652084e-4,0.004308572,8.195397e-4,-0.001707158,0.001737737,5.544519e-4,-0.00103729,3.180564e-4,0.001387392,-1.04351e-4,-1.420941e-4,1.76738e-4,0.001118636,-3.557309e-4,0.002046947,6.304752e-4,9.722332e-4,-2.464724e-5,-7.369746e-4,1.368585e-4,-2.424536e-4,-1.908089e-4,8.235699e-6,-6.122109e-4,6.177259e-4,-7.645522e-5,-8.208118e-4,-4.512511e-5,-9.867967e-4,4.099254e-4,0.001084156,1.994935e-4,3.705146e-4,5.54308e-4,-2.932773e-4,2.053298e-4,7.595633e-4,4.796919e-4,-5.128318e-4,8.399514e-4,-8.389312e-5,1.944015e-4,0.001040488,7.278605e-5,4.911374e-4,0.001938191,5.679249e-4,1.246606e-5,0.001280365,8.091596e-4,3.169629e-4,4.436882e-4,0.001212666,0.001580966,-0.00135674,-1.708345e-4,7.824148e-4,9.112793e-4,0.001530754,-1.774479e-4,8.4526e-4,2.384246e-4,-5.434258e-4,9.334259e-4,0.001079578,-8.206354e-5,0.001763212,3.875523e-4,9.325299e-4,0.001091219,0.001656747,0.002403705,0.002697906,0.003378725,0.006522978,0.008654654,0.01107988,0.01146322,0.01181078,0.01247021,0.01522555,0.0197093,0.02227805,0.03137062,0.1339922,0.4797686,0.6278531,0.422602,0.1033616,0.0328084,0.03330059,0.03549537,0.04704887,0.05825009,0.06699032,0.07357237,0.08759592,0.09958254,0.09624714,0.09632391,0.09946234,0.09116487,0.09456961,0.08494833,0.08689553,0.09751733,0.06691141,0.108898,0.09520952,0.003539373,0.03159046,0.01950155,-1.376935
310.89,0.01585164,9.794583e-4,0.01158915,-0.01078066,0.006523602,-0.002650165,0.007024868,0.001303069,0.003029983,0.008617975,-4.538356e-4,0.003075983,0.006605947,0.007137017,3.028758e-4,-0.00617789,0.005930722,0.003233168,0.006084445,0.001062237,4.495217e-5,-7.12536e-4,-5.544765e-4,0.00292618,0.001790667,4.47881e-4,3.622018e-4,-0.002171889,9.974622e-4,0.004439272,-0.00277573,0.003134375,-0.004423293,-5.153704e-4,0.005485914,0.003471512,0.007392246,-0.003255967,0.004043501,0.006499452,0.001553514,-0.001558107,0.001628805,-0.003441173,0.003409479,0.002138506,0.001545863,0.002424777,0.001300021,-4.542043e-4,-6.470593e-5,0.005072354,0.003155481,-0.001333044,0.002808579,0.002430266,-0.002286525,-0.002956109,5.324592e-4,-0.002792257,-8.054813e-4,4.02181e-4,1.440305e-4,9.314854e-4,0.005545622,-7.469632e-4,0.001519364,0.001384243,0.001535382,-0.001914432,-4.4785e-4,-0.001165306,8.102729e-6,-4.766338e-4,0.003314071,0.002191197,5.050578e-4,0.005167582,3.882612e-4,3.159371e-4,0.001765365,-5.3993e-4,-1.087314e-4,1.571222e-4,4.103898e-4,-4.032531e-4,-3.398783e-4,0.001092008,0.001003015,-9.440294e-4,1.317766e-4,0.001872922,2.154567e-4,9.5305e-4,-1.2464e-4,7.889706e-4,6.771293e-4,1.473284e-4,-7.65773e-4,2.809923e-4,-1.399226e-4,-2.666088e-4,-3.151907e-4,0.001744374,4.053943e-4,-6.81656e-5,6.54461e-4,6.12932e-4,2.525969e-4,3.93897e-4,4.901557e-4,1.849666e-4,5.5431e-4,-3.095524e-4,2.393802e-4,9.789666e-4,2.104701e-4,7.375152e-4,4.974885e-4,-3.773101e-4,9.118989e-4,4.674862e-4,7.328762e-5,-1.341143e-4,7.596521e-4,0.001111621,4.754575e-4,1.533996e-4,-1.482842e-5,0.001212026,5.061714e-5,6.772633e-4,0.001694702,2.392956e-4,8.226557e-4,-3.033571e-4,-3.084619e-4,0.001180862,-7.386422e-4,0.001343384,-1.412036e-4,-2.691094e-4,5.977079e-4,0.002133408,0.001579424,0.001607459,0.001294609,0.00134852,0.001753546,0.002162561,0.002852504,0.005428952,0.0083209000000000009,0.00978685,0.01171601,0.0123335,0.01113619,0.01642226,0.01526226,0.01867064,0.02509009,0.08651323,0.3498329,0.6240786,0.5698547,0.1620922,0.03203078,0.02838001,0.03564948,0.03923681,0.04934302,0.06068376,0.06537321,0.08893122,0.09396481,0.1008526,0.102471,0.1022876,0.09170889,0.1010008,0.09277715,0.09581324,0.09692863,0.08626035,0.09078429,0.1098854,0.05431171,0.1637562,-0.03780482,0.4499494,0.6385908
313.155,-0.01300619,-0.02091252,-0.01662394,-0.01921556,-0.01297121,-0.002285943,-0.009017697,0.003137525,-0.008934703,-0.01135335,-0.01372192,-0.003524678,-0.002587195,-0.002106926,-0.01067245,-0.006620572,-0.008368884,-0.002514951,-0.004277128,-0.006914585,-0.003964231,-0.003147999,-0.002766256,-7.581612e-5,-0.0023182,0.001341332,-0.001518652,-5.272461e-4,-0.003699016,-0.001077998,-0.002854646,-0.004095999,-0.01017715,-0.01235874,-0.005750641,-0.007626431,-0.01072118,-4.546742e-4,-3.667693e-5,-0.009927687,-0.007760859,-0.01081678,-0.006839994,-0.009429744,-0.004980679,0.003030796,-0.002071122,-0.00237677,-0.008288578,-0.004028311,-0.003996123,-0.005611917,-0.002776688,-0.005250419,-0.0024915,-0.005423151,-0.003496107,3.721864e-4,-0.004012676,-0.001264835,-0.002513886,0.002448396,-0.001595216,-0.002294701,-0.002570882,-0.003381002,-5.324161e-4,-0.004311027,-4.414573e-4,-0.003073113,-7.56939e-4,-0.003627174,-0.002673966,-0.003004057,-0.002374808,-0.001823187,-0.003527501,-0.001026099,-0.002463808,-0.001568796,-0.001039458,-0.003875322,-0.001937378,8.443807e-4,-0.001548835,-0.001191776,2.236688e-4,-0.001494124,-9.463624e-4,-0.002938889,-0.001318478,-0.003259896,4.834505e-4,-0.001473043,-0.00169336,4.490375e-4,-0.001009384,-0.001800783,-7.744505e-4,-7.103857e-4,-0.001788995,-2.808725e-4,-0.001686925,-6.463368e-4,-8.194959e-4,-6.228148e-4,-4.152164e-4,1.006236e-4,-9.097991e-5,-5.648722e-4,-6.235639e-4,-7.378244e-7,7.345692e-4,1.646758e-5,-5.912156e-4,-7.746966e-4,-0.001010104,-7.272449e-4,0.02765693,-0.001190554,-0.001091666,-6.095396e-4,-0.001699585,-5.272413e-4,-6.509772e-4,6.483761e-4,-8.559041e-6,-3.492563e-4,-2.486516e-4,-6.288832e-4,-2.539946e-4,-0.00155997,-3.936298e-4,-0.00150885,2.796827e-5,-0.00124565,-0.001092833,-0.001296932,-6.682502e-4,8.238248e-5,-7.604444e-4,-7.409933e-4,6.289883e-5,-5.88601e-4,-5.886291e-4,-3.761339e-4,4.726641e-4,-5.500069e-4,9.203802e-4,0.003365284,0.002935271,0.005959934,0.009004953,0.009056385,0.01207682,0.01221619,0.01247062,0.0163566,0.01949933,0.02448338,0.04882747,0.2574479,0.6069318,0.6012181,0.2638263,0.04087086,0.02847867,0.03028824,0.03279806,0.04555305,0.05148532,0.06620924,0.07350697,0.083615,0.08493373,0.09480703,0.1028471,0.0950435,0.09697084,0.09055245,0.0939156,0.1003994,0.08200777,0.08835181,0.07830027,0.07112983,0.1260832,0.04977526,-0.2074209,-0.6647679,-3.296061
315.421,0.01296386,0.01322555,0.01525036,0.0176167,0.006967414,0.01100146,0.01669506,0.01541999,0.01810508,0.002056477,0.007358099,0.004925266,0.007552632,0.009536217,0.01630259,0.009798915,0.009603654,0.006154847,-2.646846e-4,0.001153061,3.340369e-5,0.003232893,0.004939502,0.00360141,0.00183054,0.002009647,0.004324607,0.00119073,0.003023503,0.001923028,0.002965256,0.004529045,0.01124606,0.01005101,0.01445963,0.009396256,0.003768208,0.008375354,0.003393709,0.009966258,0.01063431,0.003080289,-0.001924947,0.011815,0.006169718,0.005341551,3.481557e-5,0.00872886,0.005829025,0.002392119,0.006365571,0.004233158,0.00540446,0.008541157,6.206838e-4,0.006658682,0.005405755,0.008040727,0.005878675,0.00337078,0.006401658,0.003857835,0.003574897,0.002044217,0.00499122,0.00540861,0.003474362,0.003652038,4.109932e-4,0.004535932,0.005406919,0.002637051,0.001416446,0.001508972,0.003709773,0.004046992,1.676108e-4,0.003747799,0.00132111,0.004470614,0.00461985,7.205196e-4,0.004499838,0.001660822,0.002856884,0.001021005,0.00239031,0.00157583,0.004247538,0.002875419,-6.940891e-4,6.868705e-4,0.001512553,1.175e-4,0.002392541,0.001222494,3.546406e-4,0.001224776,4.866289e-4,0.003190797,7.452164e-4,4.175103e-4,9.885617e-4,0.001271231,0.001027109,0.001555841,4.683884e-4,7.045601e-4,7.021916e-4,8.137565e-4,5.52557e-4,3.307161e-4,1.772916e-5,3.462689e-4,0.001156778,6.867661e-4,8.516925e-4,7.259605e-4,0.00105791,7.182279e-4,8.063297e-4,9.770233e-4,2.614547e-4,0.001425892,8.895791e-4,-2.229194e-4,4.411806e-4,4.37051e-4,0.001844574,0.002209773,0.001309382,0.001305196,0.002003098,0.001552492,0.001017737,0.00206825,4.569444e-4,0.001389113,0.001706544,0.002843624,0.002017682,0.001269133,6.613754e-4,8.924107e-4,0.001850937,0.002871988,0.003498325,0.00299169,0.00625985,0.00529007,0.007689098,0.009875777,0.01217862,0.01186545,0.01353429,0.01358712,0.0166869,0.01751376,0.0218016,0.03587918,0.1749836,0.539603,0.6293125,0.3348979,0.07371028,0.02538413,0.02741098,0.03279244,0.04273981,0.05337774,0.06121678,0.08001774,0.08344598,0.09079047,0.1004901,0.1113477,0.1090631,0.1122038,0.1099846,0.1149503,0.1133164,0.1148425,0.1171566,0.1115593,0.1273987,0.1199574,0.1722724,0.2395896,0.5444817,1.318003,6.644177
317.688,0.01720814,0.01845404,0.009215502,-0.01105369,0.004729435,0.00172098,-0.002139794,-0.008001205,-0.008799779,0.003238517,-0.004256129,0.002080952,4.822324e-5,0.007094771,0.008366125,0.002951244,-5.616975e-4,0.002488616,0.005664924,-0.00102301,-1.372571e-4,-0.001224078,0.001113719,2.917638e-4,-3.968061e-4,-7.385104e-4,-8.854298e-4,8.217674e-4,7.642066e-5,0.003840998,0.001500524,0.007810113,-2.560978e-4,0.006102681,-0.01183525,-0.002154038,0.008782296,0.0027627,0.00251682,0.002212126,-1.856601e-4,0.004229307,0.001995949,-9.937637e-4,0.005299863,-0.002432118,-0.002735101,0.00143955,0.007137088,0.001611474,0.0054854,0.001055939,-2.894048e-4,-2.31355e-5,0.004882977,0.003003522,-0.002272453,0.002281337,-0.00659787,0.001088146,-0.001514854,-0.002526823,0.002143548,-6.789669e-4,-6.447776e-4,0.003415615,0.002424537,-0.001724008,0.003527493,0.001896704,-8.409559e-4,-0.001415717,0.001830049,-3.487257e-4,0.001562271,0.001442983,-4.835815e-4,6.670213e-5,-6.110107e-4,-0.00183241,0.002770065,4.017419e-4,7.29807e-4,0.001056331,0.002426587,0.001730961,0.001528313,0.00290566,-8.76397e-4,-0.001333858,0.002358779,-4.072262e-4,8.756333e-5,-5.38099e-4,5.109086e-4,7.601354e-4,9.04687e-4,8.512287e-5,-9.910417e-6,-8.090121e-4,-1.042591e-5,2.318661e-4,3.698714e-4,8.916079e-5,-2.664989e-4,4.100457e-4,1.499201e-4,2.258121e-4,2.250217e-4,-2.307134e-4,6.328106e-4,-2.778839e-4,6.091888e-4,-7.181303e-5,-2.918249e-4,6.382133e-4,-4.107527e-4,-2.726434e-4,-3.385895e-4,2.772865e-4,7.217027e-4,-7.284778e-5,6.927349e-4,9.446195e-4,3.384975e-4,8.705788e-4,1.83178e-4,5.924851e-4,0.001119934,-6.90205e-5,0.02877492,9.853303e-4,3.813347e-4,6.061237e-4,-3.92214e-4,2.873109e-4,-4.157587e-4,5.424573e-4,5.320853e-4,2.247631e-4,-8.31554e-4,9.094695e-4,7.433373e-4,0.001111794,0.001628485,9.065581e-4,0.002824725,0.003529955,0.005358995,0.005889203,0.006869913,0.01010413,0.01169074,0.009903237,0.01223683,0.01337799,0.01596297,0.01773846,0.02261902,0.1107748,0.4158913,0.5907926,0.4231761,0.1034347,0.02479438,0.02364297,0.02903824,0.03402655,0.04718948,0.05329359,0.06338294,0.07379918,0.08578952,0.09226394,0.09872953,0.1005463,0.1069469,0.1092306,0.1071746,0.1121789,0.1171723,0.1226602,0.1185679,0.1062502,0.1333184,0.1159166,0.07660675,0.2289768,0.06897309,0.06520869,2.319017
319.955,0.01040333,0.01630663,0.01971868,0.001187327,0.002118172,0.02711112,0.01533757,0.002392116,-7.07512e-4,0.002209919,0.01661309,8.434667e-4,8.326604e-4,0.001802898,0.002130767,0.004099504,-0.002486796,0.002581655,0.003556397,0.001230874,0.001003334,0.003960982,0.002121425,0.002125934,0.001829889,0.001393046,0.001717409,0.001716525,2.67861e-4,0.003089631,-0.001382778,9.681826e-4,0.005771341,0.005474919,0.00410793,-8.03375e-4,0.002232157,0.002481004,-0.006068934,0.004638378,0.001608168,-0.01113464,6.030646e-4,0.007739642,4.848096e-4,-0.001663112,-0.001123947,0.00808756,0.003078278,0.004067561,0.004778869,6.011805e-4,0.001332858,0.001781689,-1.32664e-4,0.004309648,-2.67237e-4,-6.683608e-4,0.00134702,-8.278366e-4,-0.001035289,-7.015168e-6,7.530045e-4,0.002308347,0.001713894,0.002696331,-5.280392e-4,-3.227114e-5,0.001736765,4.509215e-4,0.004957146,1.801825e-4,-6.042827e-4,-0.001603521,7.370649e-4,0.002471164,0.002244283,0.002737929,-5.207079e-4,-0.001084156,7.497701e-4,0.002738509,0.001721419,-0.001355508,7.500645e-4,0.003047977,0.002309942,8.539539e-4,0.002642363,0.001640576,4.781638e-4,0.001124317,-7.353316e-4,-5.261767e-4,-1.966151e-4,6.134153e-4,0.00160339,0.001339048,5.071644e-4,-2.700429e-4,9.981033e-4,0.001109867,0.001668461,5.589404e-4,9.531114e-4,4.324472e-4,3.754436e-4,4.684909e-4,-4.496455e-5,4.712676e-4,-1.689761e-4,1.761856e-4,4.816987e-4,5.325544e-4,-2.869753e-4,8.569805e-4,3.35245e-4,5.103724e-4,4.155322e-4,0.001125403,7.455239e-4,-1.556033e-4,6.758336e-4,-2.445882e-4,0.001199882,5.392812e-4,6.721586e-4,9.906193e-4,0.00142841,9.299755e-4,9.156297e-4,8.589299e-4,0.001799786,3.371396e-4,6.823303e-4,0.001107583,8.214363e-4,0.002152723,0.00104351,0.001495565,7.761826e-4,0.001383869,-1.653271e-4,0.001213539,0.001333998,0.001967104,0.003254883,0.003295047,0.006662001,0.008624648,0.008422232,0.01135678,0.01333935,0.01396383,0.01326255,0.01400661,0.01617631,0.0200622,0.06295946,0.325309,0.6032616,0.5197055,0.1575877,0.02956533,0.02342852,0.02692246,0.03142176,0.04018343,0.04821247,0.05629521,0.06942641,0.07945774,0.08958715,0.1007036,0.1081861,0.1079609,0.1119091,0.1110998,0.1169724,0.1176443,0.1204635,0.1301904,0.136614,0.1325924,0.1117209,0.1505026,0.1242012,0.1202461,0.215543,0.4342849,4.468133
322.224,-0.01130038,-0.004894604,-0.002443449,-0.004274924,0.001344613,0.01089917,-0.005420511,0.001962233,0.001092104,-0.002523008,-0.002164272,-8.456291e-4,5.294267e-4,0.002904111,0.003883782,0.003555662,9.003782e-4,-0.002883805,-4.177562e-4,-0.001479249,3.547666e-4,-0.001841432,-1.472384e-4,-1.524518e-4,-0.003949197,-4.712399e-4,-9.351367e-4,-0.001948426,0.002242481,5.995667e-4,-0.003799709,-0.001008335,0.003940216,-0.003270544,-0.007172568,0.00463424,0.003221836,0.007803903,2.061334e-4,0.01033406,0.004521688,0.002404788,0.003142077,0.002127299,0.003344726,-0.001071541,-0.004299249,0.001247644,-0.001003332,0.006257102,-0.002294061,-0.003623898,0.006051,-1.229859e-4,0.003837918,-7.768567e-4,-7.71476e-4,0.002784709,-4.594329e-4,2.466684e-4,0.002468318,0.001164764,-0.001555124,-0.001205348,-6.407271e-4,-0.001026759,0.001577165,-0.001807063,9.98614e-4,-0.001400627,-0.001272409,-7.892378e-4,0.002432789,-5.44547e-5,0.001837598,-0.001521294,0.001894618,-0.001140639,0.001957282,-2.847843e-4,0.001495485,-0.001180179,8.763322e-4,0.001049543,-9.493812e-4,-0.001347433,0.002463837,0.001179112,-0.001001234,7.257505e-4,5.835556e-4,1.042755e-4,6.488102e-4,-0.001056934,5.116709e-4,-2.557802e-4,0.001399057,0.001888371,4.41458e-4,8.434957e-4,3.193896e-6,-3.914806e-4,-6.181692e-4,-5.984515e-4,-0.0015876,-4.986059e-5,-4.725395e-4,5.934582e-4,6.620371e-5,-2.083594e-4,5.426369e-4,1.641609e-5,5.344369e-4,4.670534e-4,3.27413e-4,-3.567683e-4,6.86799e-5,2.461218e-4,6.181041e-4,3.685808e-4,3.850153e-4,9.334726e-5,8.508801e-4,0.001114189,7.795449e-4,5.300335e-4,3.704401e-4,-4.84036e-4,2.118838e-4,6.619217e-4,1.060599e-4,-2.74549e-4,-7.313629e-4,6.474476e-4,-4.869986e-4,-0.001020463,0.00137145,9.102979e-4,2.342037e-4,0.00120524,9.81879e-4,0.001023994,6.213131e-4,3.635996e-4,0.00119324,0.002305924,0.002706862,0.004593838,0.007143595,0.01012485,0.01045796,0.01034965,0.01428807,0.0125988,0.01339529,0.01560755,0.01834957,0.04087466,0.2132813,0.5644848,0.5553946,0.2356655,0.04392125,0.02595617,0.02595763,0.03062457,0.03538103,0.04262104,0.05682745,0.06809056,0.08000537,0.09333225,0.09637185,0.1029168,0.1097436,0.1120351,0.1181902,0.1173786,0.1253752,0.1282153,0.1301835,0.1477426,0.1487682,0.1407387,0.1253031,0.1401727,0.1390117,0.2203643,0.007912765,-0.8473832,1.099017
324.493,-0.004367181,-4.267531e-4,0.01918383,-0.006241757,-0.005001205,0.009594477,0.002510534,0.01436113,0.002906611,0.006099447,-7.260316e-4,0.002260736,-0.002351276,-0.001628229,6.786824e-4,3.995276e-4,0.005904903,-0.004218945,0.003171423,8.709558e-4,7.031354e-4,0.002417012,0.002550146,-0.001129432,0.003278643,0.001427485,-0.001181983,-0.002934474,4.653467e-4,0.003365851,-1.727983e-4,0.002198223,-0.00236112,0.0019574,-0.002261921,-0.005410822,0.009135875,0.00169961,-8.381298e-4,0.004078154,0.00968694,0.003662824,9.531369e-6,-0.005321254,0.004535904,0.002023171,-0.001052885,0.01195785,-0.002954808,8.188326e-4,0.002973236,0.006865157,0.00184465,1.63252e-4,0.005827891,0.002875345,-0.00223618,0.005327145,0.002464712,0.002266936,0.004769817,0.003896677,-0.001788499,0.002247469,0.004153959,0.004926272,-5.176335e-4,0.002048012,-0.00116768,7.609492e-4,0.002134476,3.628028e-4,0.002012951,0.002218483,0.003403627,3.138197e-4,6.211825e-4,1.538472e-4,0.001806748,-3.564334e-4,9.05768e-6,4.828867e-4,4.750036e-4,0.001886079,-5.660999e-4,5.600495e-4,4.30498e-4,-4.121706e-4,0.002064098,-2.109358e-4,8.579035e-4,6.218398e-4,-3.95097e-4,0.001782333,3.768581e-4,-1.341843e-4,9.081351e-4,4.234754e-4,7.215505e-4,-2.805954e-5,1.909349e-4,4.088508e-4,2.192406e-4,0.002232743,6.31021e-4,9.0765e-4,0.001219034,-1.260256e-4,3.349928e-4,-3.801656e-5,4.927829e-4,6.004911e-4,-1.001312e-4,-1.254342e-4,-2.984716e-8,4.230874e-4,-3.842495e-4,1.473446e-4,1.415085e-4,-2.972975e-5,2.254581e-4,7.072251e-4,0.001032626,6.625251e-4,0.001184104,0.00132035,-4.379153e-4,6.612945e-4,-4.763366e-4,2.058785e-4,5.314798e-4,-4.209628e-4,8.964764e-4,-9.214398e-4,-5.284086e-4,4.411882e-4,0.001435759,0.00196928,0.001062051,5.630304e-4,6.202807e-4,0.001502889,0.001377232,0.002047249,0.002930172,0.004461509,0.004275599,0.005866091,0.01110825,0.01236024,0.008038947,0.0106399,0.01352292,0.01423696,0.01590184,0.01778018,0.0282057,0.1382358,0.4681994,0.5898541,0.3033586,0.06371617,0.02582516,0.02572199,0.02885925,0.03510259,0.03981758,0.053223,0.05901188,0.07531434,0.08871825,0.09075277,0.105746,0.1108198,0.1149633,0.1185469,0.1223451,0.1166095,0.1283691,0.1281129,0.1387124,0.1563452,0.1697083,0.1646908,0.1938182,0.1583569,0.1745956,0.236008,-0.03200451,0.6839462,-0.02415791
326.764,-0.008395005,-0.0147281,-0.004980036,-0.00784064,-0.02088515,-0.01655214,-0.002507527,-0.004797358,-0.009816677,-0.01566099,-0.005462297,6.909208e-6,6.774887e-4,0.001237243,-0.00297206,-0.004513475,0.001233948,-0.005559741,-0.001586475,-0.004150649,-0.004004533,0.001573383,-0.002393136,3.020039e-6,-4.69335e-4,-4.669159e-4,-9.522225e-4,-0.001566273,-0.00271921,-0.004745415,-0.007678977,0.001578029,-7.058943e-4,0.002509281,-0.0027881,-0.008453134,-0.01098891,-0.004446683,1.862498e-4,-0.004255541,-0.00429984,-0.006830525,-2.060728e-5,-0.00900938,-0.005996621,-0.005207723,-0.005121805,-0.007014627,-0.009315912,-0.008716383,4.575448e-4,-0.002917716,-0.002122144,2.82275e-4,-0.004414114,-0.001488994,4.8028e-6,-0.002044244,-0.003325368,-0.003340014,-0.00373681,-5.767011e-4,-0.004633862,-0.002572807,-0.003594396,-0.002118677,-0.001897957,-0.004669522,7.982264e-4,9.412032e-4,-2.863123e-4,-5.349657e-4,-0.002772027,-0.003824253,-0.001328953,-0.00380495,-0.001337906,-0.001158733,-0.001133433,-0.003438117,-3.018978e-4,3.480022e-4,-0.001616437,-9.168829e-4,-0.001273341,8.045739e-4,-0.004946964,-0.003070754,3.00119e-4,1.773581e-4,-9.062676e-4,-0.002530985,-0.002185773,-6.28461e-4,-0.001383471,4.427099e-4,-0.001027461,-0.001449139,-4.370031e-4,-0.001376665,-8.700368e-4,-4.455579e-4,-0.001337604,-4.486295e-4,-9.551195e-4,-5.704588e-4,-8.36145e-4,-6.961175e-4,-6.723188e-4,-7.646494e-5,3.234783e-4,-5.691197e-4,-6.396463e-4,-6.653299e-4,-7.554127e-4,4.234808e-4,-9.276838e-4,-6.16826e-4,-6.193065e-4,-0.001911149,-8.188518e-4,-6.308784e-4,-7.238886e-4,-8.357747e-4,-7.189596e-4,1.377831e-4,-3.201299e-4,-7.998264e-4,1.217649e-4,5.84573e-4,-6.560702e-4,-6.403303e-4,-5.211948e-4,-6.221115e-4,-6.901259e-4,-6.740418e-4,3.066642e-4,-0.001297245,2.961061e-4,-0.001304377,2.55798e-4,7.167347e-5,-2.607868e-4,0.001119104,0.002266371,0.002847043,0.004985103,0.00824121,0.009843459,0.0108274,0.01163335,0.009274274,0.01176331,0.0134183,0.01561295,0.01905436,0.08712808,0.3636338,0.5808318,0.391236,0.09854812,0.02571287,0.02532996,0.0269988,0.03090944,0.03640087,0.04405985,0.05363176,0.07008534,0.07965144,0.07862285,0.09256794,0.1058546,0.110021,0.1157812,0.1147388,0.1251341,0.1258389,0.1275545,0.1434102,0.1530416,0.1624894,0.1651025,0.1964804,0.1615119,0.1649373,0.09169364,0.2057772,0.1204518,-0.8937176,0.9256801
329.035,-0.01670983,0.006767344,-0.01671983,0.01462308,-0.006387583,-0.006944985,0.005920191,0.002007417,-0.02034429,0.008982703,-7.479596e-4,0.005024617,-0.00388216,0.002527817,0.008325096,-9.788473e-4,0.00198882,3.366465e-4,7.232193e-4,0.00163754,0.001565908,-0.00132082,2.337923e-6,8.346721e-5,1.602051e-4,-0.00213491,-0.002053493,9.017933e-4,0.002539419,-0.001637529,4.265441e-4,-0.003592476,0.00543632,-0.01098733,-0.003033061,-0.008462974,-0.001556314,0.002162413,0.001637994,-0.005070172,-0.001852008,0.003453731,-1.758428e-4,-0.002681492,1.359148e-5,-0.001676925,-0.00404237,9.168753e-4,-0.003127116,-0.001958864,0.001748447,0.004423888,0.001218209,-0.001932187,-0.002960242,0.003307948,0.002777276,6.431635e-4,0.003712589,-8.19318e-4,0.002229053,3.657129e-4,-0.003501835,5.367106e-4,-0.002063345,-4.301277e-4,0.002834558,-1.936214e-4,-0.00391447,0.001510927,2.853151e-4,0.003302706,-0.001549142,-0.001026645,-0.003739043,-0.002932137,-6.92596e-5,8.480046e-4,-5.276567e-4,-4.377709e-4,4.311996e-4,-0.001998259,-0.002285524,5.239494e-4,2.506725e-4,5.744707e-4,0.001081999,-5.785944e-4,6.403514e-4,-0.001277585,4.268592e-4,-0.001248648,3.532585e-4,5.312699e-4,8.747034e-4,9.811358e-4,3.885461e-4,0.001035011,1.955883e-4,-7.327182e-5,-0.00103249,-2.370247e-4,-8.397707e-4,-3.30127e-4,4.991976e-4,-7.95285e-5,-7.38825e-4,1.71916e-4,3.802166e-4,-2.874888e-4,-1.017965e-4,1.466531e-4,-3.875122e-4,-2.693464e-4,5.815194e-5,6.576978e-4,-7.24116e-4,-6.18181e-4,-2.261146e-4,8.035216e-4,-1.532269e-4,-3.374888e-5,2.533411e-4,4.386636e-4,-9.179823e-4,7.129513e-4,3.936516e-4,6.48972e-4,8.062305e-4,1.252425e-4,-2.728973e-5,-7.555489e-4,8.714057e-4,-0.001033823,-6.851364e-4,0.001452725,8.423041e-4,2.349689e-4,6.73166e-4,9.443943e-4,8.367071e-4,0.001159779,0.001223862,0.00249145,0.004492729,0.00545154,0.007081997,0.01058632,0.01081613,0.0115063,0.01153638,0.01145804,0.01430737,0.01646042,0.02107772,0.05983745,0.2645463,0.5429236,0.4777619,0.1512122,0.03135455,0.02804019,0.02844321,0.03127266,0.0377663,0.04563473,0.054986,0.06327718,0.07459909,0.08632122,0.09351208,0.1040214,0.1119447,0.1147897,0.1296159,0.1227955,0.1328756,0.1310384,0.1424912,0.1622244,0.1715115,0.189629,0.2027974,0.203989,0.1951777,0.1538937,0.1663271,0.2013611,0.1555532,0.5770979,2.775143
331.307,0.005771192,-0.001727364,0.007099808,-0.008266264,-0.007203508,-0.003419353,-0.00544366,-0.01235404,0.007644857,-3.150566e-4,0.004003103,-0.00225205,-0.003684538,0.001476337,-6.326364e-4,-0.01043004,0.001660867,-3.254651e-4,0.003473963,-0.002883039,-8.944341e-4,-0.001590872,8.834244e-4,9.99731e-4,-0.002106117,-2.291348e-4,0.002848591,-0.001065009,2.299871e-6,-0.002432715,-0.002559074,0.006223095,-0.002904353,-0.005214546,0.007576867,-0.002320554,-0.003220107,0.005305413,-0.001389533,0.001676131,-5.857034e-4,2.452013e-4,0.001626986,-1.375039e-4,-0.006393513,-0.001647871,-0.003487105,-0.005017813,8.825459e-4,-1.470529e-4,0.001120964,-0.009044687,-0.004383318,-0.001162296,0.003706388,-9.465856e-4,-0.00447267,0.002934252,0.00235435,3.72116e-4,-5.737677e-4,-2.253459e-4,0.003072735,7.678058e-6,-8.513619e-4,-0.005034803,-0.003459274,-2.882159e-4,-0.00155179,-7.667639e-5,0.001400151,-0.003460415,3.529219e-4,-0.001009941,2.49774e-4,-4.057186e-4,-0.003225371,-5.266717e-4,-1.413237e-4,-4.370685e-4,-0.001423917,-4.076568e-4,-0.001795889,-0.001693976,6.471874e-5,-0.001607628,8.381416e-4,-0.001291091,-2.823783e-4,-1.536179e-4,0.001236533,4.775375e-4,-8.89811e-4,-0.001580786,-0.001245115,-7.945663e-4,-4.734719e-4,-3.609652e-4,7.173105e-4,2.769766e-4,-2.593506e-4,-5.779232e-4,2.565413e-4,-3.005981e-4,-6.168225e-4,-0.001060523,-1.499745e-4,-2.582408e-5,-2.47871e-4,7.646001e-5,-3.746941e-4,-5.867385e-4,-1.009397e-4,4.33535e-4,-5.630875e-4,-1.908936e-4,-2.932906e-4,-2.473527e-5,-7.053853e-4,-0.001142866,-8.493625e-4,-7.592991e-4,4.464281e-4,-9.312912e-4,1.806737e-4,-7.563435e-4,-2.003895e-4,-5.183886e-4,3.976216e-4,5.989226e-4,-3.14274e-5,9.57185e-4,-0.001516871,-7.696861e-4,-2.998156e-4,6.943904e-4,1.304938e-4,-1.621857e-4,2.370027e-4,-6.164326e-4,-2.585028e-5,6.05625e-4,0.00163865,0.003438925,0.005776881,0.007135856,0.007846689,0.0111761,0.01109299,0.009488547,0.01138251,0.01338473,0.01511126,0.01706576,0.04148765,0.200305,0.4859805,0.500111,0.2296793,0.04202155,0.02734366,0.0273655,0.02999753,0.03598611,0.04255065,0.05049042,0.05831706,0.06752881,0.07956497,0.08457333,0.1015501,0.1094978,0.1145689,0.1154927,0.1208101,0.127935,0.1322502,0.141846,0.1552805,0.1656702,0.1813149,0.2053719,0.2250652,0.2137544,0.1865352,0.2283124,0.140162,0.09197823,0.1418217,0.2367104,-1.502347
333.579,-0.001766491,-8.713527e-4,0.005429513,0.004352612,0.01151435,0.01046139,0.005928724,0.01077999,0.01415279,0.002897184,0.003009081,0.007303253,0.00798053,0.008360225,-0.001701801,0.003356509,0.005561856,0.00920431,0.006814293,0.003635155,2.250071e-4,-0.00252993,0.002082329,0.001993512,-3.355968e-6,0.001432206,0.003004762,0.001974708,0.005046785,4.598443e-4,0.002774034,0.003985684,0.001005191,0.01157888,0.002550448,0.008484442,0.01488107,0.001267161,0.003654214,0.005503444,0.006774668,0.002048418,0.008254286,0.002089433,0.008462818,0.003911222,0.001673533,0.007903342,7.314946e-4,3.380957e-4,0.007358569,7.933285e-4,6.378856e-4,0.00221985,0.007852969,2.865107e-4,0.00382655,0.00408731,0.002242371,0.009775667,0.003276471,0.001966368,0.00339691,0.001684723,-2.20159e-6,0.002251634,0.002290911,0.004159289,0.003141925,0.006439301,0.004134349,6.304831e-4,0.003300791,0.004080401,0.003155597,-4.922298e-4,0.001419557,0.001777819,0.002793296,0.002779449,0.001070024,0.002353755,7.181829e-4,0.002418438,0.001978297,0.002362923,0.001643309,-6.411014e-4,0.001216927,8.28225e-4,0.001178635,0.02748397,0.001749561,0.002176972,0.001955357,8.926854e-4,9.483003e-4,7.05882e-4,0.002031847,-2.519787e-6,0.001787288,0.001678151,0.001501992,8.731156e-4,5.362819e-4,-2.197162e-4,-2.029019e-4,6.489239e-4,4.029905e-4,3.061993e-4,1.365757e-4,6.513545e-4,-3.70606e-4,3.235967e-4,8.533504e-4,-1.063886e-4,8.607905e-4,3.951831e-4,0.001383357,2.775249e-4,0.001161863,0.002127482,-5.547226e-5,0.001065126,5.494227e-4,9.781783e-4,6.364015e-4,0.001480322,5.87494e-5,9.490946e-4,-5.859124e-5,0.001014631,1.63711e-4,9.10521e-4,0.001230888,8.457911e-4,0.001923868,0.001123502,0.002292824,0.001862507,7.895265e-4,0.003210512,0.003397885,0.004749897,0.009838458,0.0118884,0.01131293,0.01202228,0.01149685,0.01136833,0.01020093,0.0143534,0.01813833,0.02606892,0.1359704,0.420728,0.5058349,0.2786552,0.06941562,0.02962255,0.02966436,0.03522538,0.03738072,0.0456135,0.0498324,0.05866543,0.06740854,0.07796509,0.08559382,0.09975866,0.108502,0.1150866,0.1223751,0.1274572,0.1364534,0.1362037,0.1411899,0.1529879,0.1585329,0.1822717,0.199643,0.2197743,0.2580147,0.2513173,0.2397887,0.2809401,0.3160678,0.4664109,0.2756018,0.8551856,2.909399
335.853,-0.01932317,-0.003138472,0.001653126,-0.006271291,-0.001689617,-0.006968685,-0.003799228,-0.00835495,-0.01340208,0.004142184,-0.008220957,1.599466e-4,-0.004086646,-0.009324216,-0.0066073,-0.004720424,3.457131e-4,6.391817e-4,0.002740341,-0.005385972,-0.003548677,-0.00186771,2.423875e-4,-0.001758829,0.001867061,-0.003387221,-0.00103239,-0.003204371,-0.002802262,-0.003375494,0.002166445,0.002579377,0,7.975694e-4,-4.695906e-5,-0.005589725,-2.464079e-4,-0.002552576,0.004864499,0.001648274,-0.00799557,-0.004656495,-0.007247373,-0.007464097,0.001707335,-0.003365639,-0.002210867,-0.005186167,-0.01003138,-0.001173391,0.002809969,-0.005969431,-0.00138109,-0.002237596,-0.002554973,-0.004070772,0.001154363,0.004070656,-0.005048193,-0.001177009,-0.00210093,-0.003551289,-0.002833226,-0.004451158,0.001292648,-0.004261662,-0.002298507,-4.000387e-4,-0.002762621,-0.00340132,-0.003848292,-0.001075915,-0.001302417,-0.001283448,-0.001817252,3.199642e-4,-0.003138729,6.186716e-4,-0.001200871,-0.002849759,-2.267802e-4,-0.001801903,-0.00174998,-0.002805553,-9.560417e-4,0.001415125,-0.001388697,-2.975926e-4,-0.001139183,-0.001160436,-6.414431e-4,-0.001908584,-4.523735e-4,-0.002382045,-0.002269677,-0.001025313,-0.001285681,-8.253253e-4,2.738182e-4,-0.002062505,-0.001283851,-3.920055e-5,-3.162866e-4,2.115791e-4,-0.001336316,-3.774349e-4,3.749773e-4,-7.434845e-4,-4.030439e-4,-7.630071e-4,-3.573862e-4,-3.085699e-4,-5.876551e-4,-3.775432e-4,1.556769e-4,-9.078166e-8,1.359085e-4,5.169746e-4,-5.060972e-4,-8.921505e-4,-6.58334e-4,-5.014356e-4,-4.445589e-4,-4.808431e-4,-0.001065582,-2.494201e-4,-2.45263e-5,-8.862929e-4,1.199542e-4,5.223958e-7,7.513223e-5,-1.065238e-4,7.110818e-4,4.213709e-4,6.720962e-4,4.355504e-4,0.001122928,-8.604947e-5,-5.697826e-4,8.72023e-4,4.45146e-4,0.001493422,0.002426657,0.004845726,0.009401051,0.01175152,0.01143077,0.009630515,0.01254346,0.01196326,0.01389121,0.01555174,0.02055645,0.0887565,0.3363536,0.5224274,0.3306859,0.09909603,0.0308086,0.03181616,0.03475747,0.0366936,0.04345775,0.05179317,0.05647726,0.06557122,0.07405907,0.08325579,0.09519575,0.105307,0.1126248,0.1198455,0.1248137,0.1208921,0.1300166,0.1402922,0.1380366,0.1520924,0.1682723,0.1860018,0.2117634,0.253652,0.2534917,0.260379,0.2493939,0.2310325,0.1724469,0.1690761,0.3139734,0.109291,-4.129396
338.128,-0.0153571,-0.01518684,0.008306189,-0.0121737,-0.002553802,-0.005209138,-0.001264698,-0.0043951,-0.007944377,-9.639183e-4,0.005217967,-0.001564809,-0.003215402,-0.00414793,-2.194017e-4,-5.943927e-4,0.001788056,-0.002611105,8.717211e-4,0.001378694,-0.00311002,-5.610745e-4,-7.165344e-4,-3.095172e-4,-3.203792e-4,-9.432557e-4,-0.001815436,-0.002380486,0.003062838,2.307048e-4,-0.002014025,0.004958434,-0.001467509,8.028902e-4,0.003608677,-0.002824167,-1.144447e-5,4.367714e-4,-0.001231786,0.003832331,0.002222251,-0.00161328,-0.003331801,-9.945528e-4,-0.006191343,-0.005174181,-0.003473478,-0.003392109,-0.002239944,-0.002317642,0.004491797,-0.002874101,-0.001665575,-0.001165046,-4.224929e-4,-0.002458953,1.228581e-4,3.873437e-4,0.001827359,-4.767398e-4,-0.003379576,0.003408282,2.252541e-4,0.002744899,-0.001642393,7.415643e-4,9.476992e-5,-9.943979e-5,0.001843101,0.001148396,-0.00166172,-0.001070067,0.001130636,0.002427909,0.003539118,5.522392e-4,-0.001737227,-0.001080568,-0.002848251,9.321607e-4,0.002334668,-6.929243e-4,9.947418e-4,-0.002601402,-1.87441e-4,0.001034124,-0.001864585,-0.001177007,-3.561622e-4,1.039522e-4,-0.001386372,-5.140145e-4,5.4267e-4,0.001189332,7.415291e-4,8.817498e-4,-3.843653e-4,6.181066e-4,-7.992289e-5,-4.053317e-5,1.08217e-4,-3.509568e-4,-1.867748e-4,-1.793899e-4,-1.206562e-4,-1.438812e-4,-3.563003e-4,-2.696673e-4,-1.546585e-4,-7.621508e-5,-1.193751e-4,-3.201857e-5,1.678519e-5,-5.380902e-5,-3.471983e-4,-4.222772e-4,3.160346e-4,-6.390756e-4,-5.619435e-4,1.229271e-4,-5.056791e-4,1.165456e-4,-3.340804e-5,-3.611927e-4,-5.734458e-5,-7.268336e-4,1.061808e-4,8.534062e-4,-5.972393e-4,-2.54183e-6,-2.065364e-4,7.238901e-4,-1.451972e-4,-3.575601e-5,0.002664445,8.124943e-5,0.001450222,6.540121e-4,2.859754e-4,6.052012e-4,0.001892066,0.002804089,0.005199227,0.00776337,0.01157287,0.01374977,0.01102608,0.01223109,0.01097804,0.01140311,0.01281964,0.0200301,0.06322974,0.2525568,0.5150358,0.4195993,0.1314783,0.03805716,0.03449894,0.03755249,0.0437503,0.0445386,0.04977572,0.0579904,0.06429684,0.07506553,0.08593571,0.09426432,0.1014574,0.1089985,0.118047,0.1219594,0.1259393,0.134551,0.1395073,0.1393487,0.1473028,0.1593876,0.1701596,0.1989664,0.2194815,0.2553088,0.2741163,0.2810753,0.2786873,0.2393358,0.2763729,0.2036504,0.4862172,0.1847524,0.3336961
340.403,0.00392842,0.01819305,-4.588489e-4,0.006993747,-8.789236e-4,0.001699149,-0.009598069,0.003546083,-0.008663979,0.002554829,0.005404968,-0.003097744,3.253863e-4,0.0071813,0.006354795,0.003491589,1.615844e-4,-0.001801883,-0.002008442,-0.003245545,-0.001336471,-0.001588595,-0.001979394,-0.001680968,0.002783375,-9.14462e-5,0.001243099,3.931177e-4,0.001649759,-0.002203761,8.823691e-4,0.004544404,0.009686559,0.006322071,0.001908406,-0.003367204,-0.003192493,0.00164974,-0.004273454,3.708834e-4,0.001207339,-0.001234449,0.005804294,1.727212e-4,0.002241622,-0.002051735,-7.529644e-4,-5.641843e-4,5.366596e-4,0.007639378,-0.001581528,2.870669e-4,1.36778e-4,0.007889091,-0.004811487,0.002042546,2.425284e-4,0.004913655,9.574262e-4,-0.001543988,5.675994e-4,0.001572269,0.001455712,-7.91288e-4,-0.003696163,-8.537244e-4,0.001026614,-0.002424691,-0.002742102,-0.00068216870000000005,1.729973e-4,9.63708e-4,6.796656e-4,0.002087391,-0.001078509,5.498463e-4,0.001167902,0.001896009,-0.00135476,-6.661833e-4,0.002533972,-0.001242364,2.477005e-4,-7.773231e-5,-0.001022385,3.006244e-4,-4.875985e-4,-9.42992e-4,0.001912089,7.059349e-4,1.559895e-4,8.65472e-4,-0.001090017,0.00122813,2.269649e-4,3.515273e-4,-5.017897e-5,3.50479e-5,-4.55071e-5,2.912214e-5,4.250385e-4,-3.489822e-4,0.001383857,0.001371772,-3.25263e-4,2.209975e-5,0.001277807,-2.464061e-4,-6.631737e-4,-5.593871e-5,-2.024019e-4,6.777068e-4,5.004519e-4,-2.49652e-4,-1.829637e-5,2.728927e-4,-4.264379e-4,4.892509e-5,-8.102574e-4,3.975354e-4,1.508776e-4,0.001055663,-6.538381e-6,2.346801e-4,3.336064e-4,1.617995e-4,3.66382e-4,1.919255e-4,5.309757e-4,6.394629e-4,2.119138e-4,6.736973e-5,-3.306153e-4,-8.79109e-4,-3.205108e-4,-5.546314e-4,0.001257032,1.159091e-5,6.010268e-4,0.001466726,0.002072478,0.003184895,0.005781753,0.01111267,0.01545475,0.01316157,0.01143353,0.01223179,0.01349264,0.01617529,0.01835349,0.04059047,0.1988227,0.4354957,0.478652,0.1987888,0.04917396,0.0349233,0.0384541,0.04602869,0.04731193,0.05268728,0.05954319,0.06613284,0.07024442,0.07574049,0.09078438,0.09543578,0.1116313,0.1162515,0.1228965,0.1312494,0.1290644,0.1398451,0.1382075,0.140396,0.1489348,0.1675938,0.1756601,0.1989531,0.2281748,0.2612958,0.2841426,0.3045987,0.2916301,0.2930871,0.2683006,0.1433283,0.171778,0.5070445,0.6762549
342.679,0.006968802,0.01196665,0.01154833,0.01283773,0.01051018,0.009886278,-0.005823615,0.005113528,1.508964e-5,0.001880982,0.002718729,0.00514758,0.002699705,-0.00142083,-0.0016673,0.001167363,-6.941992e-4,0.007622338,0.009016027,0.007452104,0.003416648,0.002307774,0.001657181,-6.134839e-4,0.001856591,0.002885814,5.48776e-4,0.002450836,0.004063297,-9.068619e-4,-0.003327408,0.007317446,0.004617359,0.01198562,0.002248219,0.006378351,0.009525171,0.00714364,0.006892272,0.003252895,0.001016316,0.005809083,0.004489482,0.001564232,0.005029003,9.424191e-4,0.006710857,0.004273085,8.706703e-4,0.001484226,0.004963452,0.002746539,1.468044e-5,0.001630765,-0.004069551,0.0019019,0.005510868,0.002658156,-2.402322e-4,0.004019089,-0.001725927,0.002616874,0.005040425,-0.001106099,0.003039779,0.001801659,-0.002377024,1.527859e-5,0.001568978,-7.434839e-4,0.00128379,0.003955444,0.00164172,0.003271219,-0.001300507,0.001690421,0.001721293,0.002446728,0.003876281,2.284065e-4,0.0016184,0.001238682,0.002202994,1.897888e-4,0.001508132,0.001653631,0.001617095,9.36623e-4,0.001638836,0.001201485,0.002749898,0.002563991,0.002117386,0.003646556,0.001516685,2.648955e-4,5.20415e-4,6.966134e-4,0.002159998,3.789041e-4,0.001916738,-9.371461e-5,0.001081495,2.995813e-4,8.226512e-4,3.453242e-5,2.789109e-4,5.152351e-4,2.637913e-4,2.834017e-4,4.03881e-4,7.716238e-4,6.650371e-4,6.225381e-4,6.116883e-4,-1.674078e-4,2.684516e-4,7.074558e-4,6.964114e-4,8.833671e-4,0.001677781,5.996849e-4,-3.907795e-4,4.002162e-4,5.119086e-4,4.760083e-4,7.109564e-4,8.057566e-4,0.001138715,0.00134726,1.4938e-4,0.001979711,7.514153e-4,6.939072e-4,7.787203e-4,-3.693067e-4,-2.232733e-4,0.00220535,0.002620131,0.001334149,0.004842643,0.005842063,0.008802238,0.01149213,0.01308182,0.01408902,0.01039927,0.01225739,0.0139107,0.01633194,0.03095148,0.1354979,0.3932964,0.4578597,0.2685672,0.06454,0.03617723,0.03793164,0.04516875,0.04945328,0.05579994,0.05944394,0.066444520000000007,0.07702861,0.07880304,0.08247122,0.09765946,0.1088465,0.1155652,0.1240403,0.1334437,0.1314599,0.1351145,0.1364997,0.1416659,0.1491493,0.1562594,0.1715447,0.1872871,0.208978,0.2473568,0.2629384,0.2982416,0.2803376,0.3049006,0.3187977,0.3195487,0.3171535,0.4378115,1.119614,2.584703
344.956,8.909306e-4,-0.007501096,-0.00905359,-0.005820786,-0.01635212,-0.01242167,-0.004974456,-0.004717698,0.00893271,-0.008537565,0.002437665,-0.001365714,-0.001845457,0.001451296,-0.001246262,-0.00368669,-5.185585e-4,-0.001603671,-2.858237e-4,-0.002225582,-0.00262392,-0.002849773,0.001733131,-9.085733e-4,0.001237499,-0.001080591,0.003272589,-7.190321e-4,-0.00303141,0.003542554,0.001676068,-0.002347795,0.004837221,-0.003228104,-0.005208051,-7.239013e-4,2.523314e-4,-0.003356472,0.0062314,-0.001618334,0.005081647,-0.001587293,-0.001533209,-5.640514e-4,0.006112389,-0.002738951,7.332524e-4,0.003359733,0.004782197,-0.009088666,1.456536e-4,-0.002238686,-0.001352859,0.00133147,-0.001408899,-0.003764587,-7.672981e-4,0.002263863,-0.002058949,-1.268252e-4,-4.653226e-4,-6.711754e-4,0.003132161,-0.002402523,8.593493e-4,0.00137624,2.047185e-4,0.001598649,-0.00243301,0.001683591,0.001448555,-0.002987821,9.298359e-4,0.002269801,0.001140844,-4.099847e-4,-1.569545e-4,1.537739e-4,0.001861633,-2.859337e-4,5.573256e-4,8.198469e-4,-0.001982025,3.879195e-4,0.001382852,0.001584276,-0.001077864,-0.001566528,-6.231331e-4,-0.001089541,-6.307916e-4,-8.063947e-4,-9.750276e-4,-5.248575e-4,-4.109828e-4,0.001008877,1.685108e-4,-1.247197e-4,8.633595e-4,4.096224e-6,-6.812397e-4,2.692551e-4,6.17664e-4,-0.001633042,8.674356e-5,-0.001077069,1.626698e-6,-4.946136e-4,-2.214005e-4,4.323374e-4,-3.021952e-4,-4.569715e-7,-2.324922e-4,-3.54711e-4,-2.302481e-4,4.384265e-4,-5.804088e-4,7.223999e-5,-4.169876e-4,1.517563e-4,-5.848585e-4,2.949184e-5,-0.00101671,-3.167928e-4,2.563863e-4,8.843736e-4,2.905572e-4,-2.706968e-4,-3.813972e-4,-0.001109082,1.895841e-5,4.439172e-4,-3.097673e-4,-0.001152438,7.474573e-4,0.001754672,0.001014864,0.001041217,0.001464231,0.002769983,0.005477752,0.007363836,0.009829547,0.01195194,0.01474085,0.01202619,0.01224226,0.01448405,0.015457,0.02397216,0.09631647,0.2973021,0.4999016,0.2988058,0.09779933,0.03583167,0.0409118,0.04459126,0.0508682,0.05758602,0.06344378,0.06736461,0.07733009,0.08114553,0.08757269,0.09676612,0.1046123,0.1139708,0.1203541,0.1292031,0.1337063,0.1311089,0.1432385,0.1406937,0.1442404,0.1464684,0.1581777,0.1646017,0.191266,0.2029754,0.2412688,0.2698385,0.3114049,0.3111981,0.3157927,0.3030802,0.3143562,0.3294675,0.3426831,-0.08745086,2.671782
347.234,-0.003032147,-0.02607743,0.007781384,0.003122308,-0.005041216,-0.01074939,-4.247342e-4,0.005504522,-0.0139788,-0.004754904,-5.011866e-4,-3.431708e-4,-0.00469029,-0.009242027,-0.002756865,-0.002168109,-0.002148748,-0.003250713,-0.001290713,0.001723914,-1.131006e-5,-0.002497459,-0.001810881,-0.001671196,-0.001001939,-0.002646037,-7.774509e-5,1.495287e-4,0.00155479,2.213967e-4,-0.002271508,0.002132542,-0.002879894,2.068858e-4,-0.004183129,0.001995949,-0.003410242,-0.005041731,-0.001034501,-0.001609456,-0.006110924,-0.008565821,9.602266e-4,-0.004172103,-0.004853687,-9.499821e-4,-0.00504385,-0.007605483,-0.003949435,-0.002300352,-6.455484e-4,-0.006804356,-0.002103852,0.001013379,-0.003398072,-0.002588538,-0.001842836,-0.00403819,0.002058026,5.866436e-4,-0.001279557,-0.002634014,-0.003355932,-9.080495e-4,-0.002184022,0.001670591,-0.002896414,-0.0039131,-0.00117156,-0.004235969,-0.003632479,-0.00167552,0.001267362,-0.001860712,-0.001066905,-0.002890365,-9.435605e-4,2.209507e-4,-0.001504205,-5.206985e-4,-4.977497e-4,-0.003017435,-2.027008e-4,-0.002132424,0.00131333,-0.0028776,-0.00042346560000000003,-0.002218939,-6.888795e-4,-5.010366e-4,-0.001423416,-0.001121998,-6.449033e-4,-4.365572e-4,0.001364459,8.505345e-5,-2.16153e-4,-1.276874e-4,7.49927e-5,4.066658e-4,-0.001657132,-0.001325886,-0.001603411,-3.296317e-4,5.199112e-4,-1.103933e-4,7.390212e-5,-5.625286e-4,-1.715028e-4,-0.001055994,-4.870495e-4,3.060934e-4,-3.290661e-5,-5.323283e-4,9.65057e-7,-1.672818e-4,-5.136154e-4,4.140429e-4,-8.060122e-4,2.747165e-4,-6.804934e-5,-4.111587e-4,-9.358586e-5,-3.606491e-4,5.946999e-4,-5.031618e-4,-8.90682e-4,-3.524597e-6,-3.864901e-4,8.977497e-4,-2.335601e-4,1.805475e-4,0.001591885,1.211579e-4,7.288671e-4,1.562928e-4,0.001467524,7.727916e-4,0.0020715350000000002,0.00549635,0.006022798,0.008324487,0.008715209,0.0110652,0.01275313,0.01002292,0.01165427,0.01446976,0.01932792,0.068853,0.2330805,0.3996263,0.401386,0.124956,0.04075313,0.04047013,0.04440557,0.05278751,0.05814063,0.06680278,0.07440674,0.07585325,0.08535918,0.09667219,0.0995852,0.1030856,0.1135552,0.120794,0.1238307,0.132514,0.1402328,0.1384176,0.1430205,0.1409314,0.1448684,0.1504004,0.1593413,0.1695333,0.1906868,0.2071113,0.2392056,0.2848568,0.2983898,0.3004725,0.2690748,0.2795422,0.3685257,0.215813,0.09910559,0.0676892,-2.727889
349.513,0.01351712,1.311161e-5,0.002475808,0.01366399,0.01267277,8.491234e-4,0.0191998,0.015411,4.686036e-6,0.01082746,-0.006164794,-1.666882e-4,-0.002832495,0.006607964,0.005723182,0.002336702,0.002317436,0.002118733,0.002870181,0.00285773,0.003192105,0.002785836,8.717587e-4,0.002899227,0.001320859,0.00101458,0.002431818,0.00220672,-1.874363e-4,-0.001144464,-0.001241591,0.0108798,0.01115767,0.006002798,0.006118546,0.003578784,4.560357e-4,-0.002910941,-0.002206958,0.002216507,0.003090062,-0.001177397,-1.343974e-5,0.001146839,0.00354257,3.583422e-4,0.001288963,-0.003012196,-0.002198572,0.002299822,0.006852,0.001707086,-0.001787754,0.003505856,-1.339908e-4,0.002316464,0.002867962,-0.00164938,-0.005499943,0.002847908,0.003585523,0.002731778,0.003710649,0.001769205,0.00476579,0.001292007,-5.052626e-4,7.087769e-4,0.001077003,8.991402e-5,0.001559955,-0.001226271,8.689057e-4,0.003876683,-7.431614e-4,0.002102087,0.001883186,9.957111e-4,-2.263544e-4,0.002609721,0.002254002,-2.01868e-4,0.001064597,0.001103123,0.001642746,0.001412618,0.001374204,5.303035e-4,-0.001019754,0.001805505,5.698095e-5,5.596057e-5,-5.919976e-4,6.737534e-4,9.178651e-4,-6.67955e-4,0.001102451,8.192483e-4,0.001771618,0.001477426,-1.417956e-4,3.398662e-4,1.878407e-4,6.292198e-4,6.166077e-4,2.695208e-4,-2.775359e-4,-2.218075e-4,3.340768e-4,6.811087e-4,2.3623e-4,4.667412e-4,5.832679e-4,1.781978e-4,5.7639e-4,2.726278e-4,2.915833e-4,-4.406441e-4,0.001034025,0.001008324,3.317494e-5,-5.985471e-5,0.001594377,0.001394684,8.589492e-4,6.198406e-4,-3.651173e-4,8.628175e-4,0.001201522,0.001746398,4.659656e-5,0.00202448,0.002569583,0.002197542,4.234745e-4,0.00158551,0.003780691,0.001966215,-0.02949104,0.005844563,0.008359204,0.009896008,0.01050383,0.01064878,0.01225881,0.01274846,0.01518575,0.01826162,0.05260817,0.2012413,0.367114,0.3560356,0.1964907,0.04733877,0.04123134,0.04710668,0.05312398,0.06085237,0.07015606,0.07878528,0.08445818,0.08841827,0.0975603,0.101979,0.1027335,0.112216,0.1211671,0.1280787,0.1351107,0.1390525,0.1472388,0.1457267,0.1471707,0.151298,0.1536823,0.1605431,0.1646465,0.1842242,0.1975671,0.2259379,0.2601842,0.2860063,0.3269152,0.3296381,0.3211302,0.3202237,0.2672795,0.3171179,0.4966548,0.3246457,4.524449
351.793,0.003483895,0.008467766,0.02608916,0.008606426,0.01268683,0.009516643,0.006270578,0.002776416,0.006492225,0.005399006,-7.419995e-4,-0.006021863,-0.002687298,-0.007629134,0.006400723,7.937095e-4,0.00693402,0.003587017,0.004175372,0.004113884,0.002312227,0.001027769,-7.926334e-4,0.002518816,0.001241217,-3.798932e-4,0.001565994,0.001642993,0.001116766,-0.002315884,-0.00411049,-0.002546191,0.00801728,0.003042818,0.00278725,0.003825177,0.006589329,0.005928997,-4.034126e-4,0.006673224,0.004923298,0.009008248,0.005697853,0.006108404,-0.003510618,3.910267e-4,0.006012117,-0.00230223,5.382918e-4,-0.001434953,-0.001860874,-0.001054353,0.001654122,0.007041915,-0.00381575,8.193117e-4,0.003651711,0.001901512,0.001106776,0.004040178,3.468353e-4,-0.00216336,0.004382608,-0.003330963,0.002394512,0.002341784,0.003008206,0.00252781,0.003122746,5.698587e-4,0.00118843,-0.002203455,4.320745e-4,-3.311819e-4,0.00320758,0.002095043,8.628184e-4,0.001377177,0.002773551,0.002761608,0.00184419,0.001240109,-2.066192e-4,3.974097e-4,-3.739532e-4,4.957864e-4,3.629123e-4,-0.001111323,0.0034278,8.737676e-4,0.001650958,0.001543328,8.447695e-4,0.001756781,3.207961e-4,0.001454423,2.63251e-4,0.001236884,-7.141119e-4,7.25049e-4,6.172789e-4,-4.030043e-4,0.001487216,-2.078739e-4,9.434346e-4,-8.958878e-4,2.772811e-4,6.416322e-4,1.748609e-4,-7.720777e-5,5.577284e-4,-3.072384e-4,2.838054e-4,8.908911e-5,2.116165e-4,-4.191847e-7,7.866458e-4,8.081072e-4,3.074672e-4,8.565388e-4,0.001097226,6.412578e-5,2.929419e-5,2.763723e-4,3.43695e-4,0.001057884,7.367288e-4,2.296457e-4,3.674941e-4,0.002004728,0.001375123,0.001169065,0.002533914,0.001059897,0.003065396,0.001179966,0.002593621,0.00407239,0.005905668,0.009504504,0.00906436,0.01207952,0.01082398,0.01148334,0.01367593,0.01353796,0.01704082,0.04193979,0.1663278,0.3633209,0.351111,0.1890025,0.07011007,0.04178536,0.04827987,0.05462838,0.06362824,0.07109614,0.0807143,0.08983745,0.09655929,0.1022167,0.1077292,0.116657,0.1213388,0.1247893,0.1287152,0.1356132,0.1457914,0.1452498,0.1485271,0.1458276,0.1543626,0.154005,0.1554878,0.1575397,0.1741344,0.1857562,0.2040982,0.2391827,0.2661243,0.2913876,0.3227141,0.3378065,0.315105,0.3490486,0.4121148,0.3474453,0.6261594,0.7974088,1.395031
354.073,0.00614794,-0.009373479,-0.001251251,-0.003529648,0.005943469,0.01345032,-0.002525676,0.004367653,0.005790001,-9.649551e-4,-0.005461266,-5.125738e-4,8.539336e-4,-0.001027304,2.18826e-4,-0.005282775,-0.005527667,-0.003595584,-0.003460905,0.003131411,7.787416e-4,-0.003351054,-7.159784e-4,-2.267927e-4,8.343992e-5,-0.001730965,3.338004e-7,1.722703e-4,-0.001395841,-0.00312767,-9.190563e-4,-0.002778703,0.001771653,-0.005212031,0.005850969,-0.008460052,-0.00410067,4.225963e-4,-0.002446631,4.186599e-4,0.002476559,5.80472e-4,0.004342107,-5.550946e-4,0.004335404,-3.735499e-4,0.002188223,0.001433238,-0.001554853,-0.004083327,1.755914e-4,0.003827095,-0.004661801,0.001613465,-0.001413014,-8.148652e-4,-0.005251015,-0.001013725,0,0.003576806,-0.001858517,-0.001481012,-0.001798833,-3.327973e-4,-0.001738746,8.576599e-4,0.003337966,1.079271e-4,0.001550777,9.451249e-4,1.82718e-4,8.915689e-4,0.003987874,-6.633799e-4,-9.074922e-4,3.376313e-6,0.002518674,-9.179406e-4,9.050344e-4,0.001164508,2.226144e-4,0.001246873,4.110096e-4,-0.001948153,-9.573287e-4,0.001108081,0.001150809,0.001293498,0.00108667,0.001379472,6.419318e-4,-3.59634e-4,4.96505e-4,0.001346606,2.760471e-4,-2.682823e-4,2.198641e-4,-0.001689792,-1.98539e-4,9.566973e-4,-7.277593e-4,3.740656e-4,0.001302867,-1.785487e-4,2.812926e-5,-4.897175e-4,-3.535788e-4,2.738218e-4,-2.225306e-4,-9.571476e-5,-4.074781e-4,-8.193024e-7,5.030842e-4,1.791065e-4,2.321261e-4,1.051616e-4,-4.286643e-4,4.41366e-4,-3.937664e-4,-9.219768e-4,4.443243e-4,2.259762e-4,3.424057e-4,3.660148e-6,4.867196e-4,-5.55506e-4,3.168423e-4,6.431587e-4,9.072829e-4,-8.461867e-5,4.640934e-4,5.539229e-4,5.883617e-5,2.080946e-4,-4.714286e-4,4.806871e-4,0.003739617,0.007107537,0.008409177,0.009097628,0.009592079,0.009817076,0.01115992,0.01089055,0.01282594,0.01492049,0.02986835,0.13202150000000001,0.3352425,0.4198747,0.2216273,0.07912751,0.04306956,0.04835977,0.05646145,0.06403137,0.07520335,0.08258495,0.09120582,0.09835676,0.1089036,0.1147342,0.1144857,0.1240439,0.1269231,0.1316052,0.1381076,0.139977,0.1494291,0.1495365,0.1534656,0.1530644,0.1524618,0.150697,0.1635113,0.1630988,0.1797436,0.1846482,0.2029714,0.225844,0.2550389,0.2890988,0.3002686,0.3196896,0.3459513,0.3218525,0.2860029,0.2421819,0.3722496,0.2735109,4.274724
356.355,0.01099382,0.01387503,0.003756344,-0.008619624,0.009784055,0.002192819,-0.001674275,-0.01273561,-0.009410419,-0.007324117,-9.855706e-4,-0.004321442,-3.277891e-4,-0.003709679,8.71119e-4,0.001980268,-0.003731443,-0.001964322,0.003035133,-0.004385797,-0.006526492,-9.20763e-4,-5.581754e-4,8.03712e-5,0.002503839,-3.058387e-4,5.605056e-4,0.001163416,-0.002318151,-0.001031893,0.008161841,0.001604816,7.865972e-4,0.004655863,-0.006137282,0.008499255,0.006190745,-0.001879671,0.002658219,0.004071156,0.00266909,-0.008844676,-0.003132482,9.9067309999999e-4,-0.002598437,0.005390611,5.71791e-4,0.002685833,0.001237246,6.566183e-4,-0.001069938,0.001095616,-0.001488263,-0.003382856,-0.001554747,-0.00312822,0.001457863,0.004460113,6.345281e-4,-2.226501e-4,-0.002328906,0.003324086,-0.003038929,-0.002214653,0.001304158,0.001953756,-0.003324411,-2.97354e-4,-0.001846865,-2.642009e-4,-0.00172612,-6.125869e-4,-0.00225391,5.993188e-4,-0.001898725,-2.34817e-4,-0.00101655,-0.002220737,4.590772e-4,5.84413e-4,-0.001405119,7.362437e-5,-1.891866e-4,-5.141566e-4,1.916398e-4,-0.001969245,-4.692548e-4,-3.469203e-4,0.001451394,0.001553688,-0.002348264,-6.172847e-4,-3.927006e-4,0.001295334,9.693718e-5,2.754892e-4,0.001590139,-5.344708e-4,3.60229e-4,1.229062e-4,8.069998e-4,3.671066e-6,-2.130755e-4,-2.6197e-4,7.714585e-4,-5.431194e-4,4.334911e-4,-4.313798e-4,5.093573e-4,1.130335e-4,1.35538e-4,3.240254e-4,3.522929e-4,-1.438892e-4,-7.794705e-5,-4.661043e-4,9.032076e-4,-1.492639e-4,6.175749e-4,-5.263966e-4,3.515297e-5,6.617329e-4,5.708499e-4,-3.848335e-4,-1.614284e-4,5.397408e-4,-6.745336e-4,9.8453e-4,0.001596376,5.992849e-4,-2.579123e-4,-5.208935e-4,-0.001804674,9.160335e-4,0.001226053,0.004311918,0.004998458,0.008612819,0.0110483,0.01113722,0.009040874,0.01246742,0.01037156,0.01331729,0.01484752,0.02012202,0.09689349,0.2953656,0.450589,0.3319269,0.09228705,0.04191424,0.04812519,0.05593213,0.06644441,0.07536986,0.08440234,0.09554307,0.1025431,0.1132803,0.1177168,0.1275382,0.129505,0.1320814,0.1374476,0.142231,0.1437046,0.1501297,0.1535517,0.1568682,0.1552609,0.1554281,0.1564596,0.1597045,0.1588805,0.1676109,0.1763569,0.1907751,0.2052968,0.2333,0.2553539,0.2864873,0.3166469,0.3240415,0.3255343,0.334871,0.4015639,0.1862634,0.5806355,0.9503018,-3.906007
358.637,-0.006591606,-0.004935193,4.065782e-4,-0.008259399,0.001268363,0.003888237,-0.005048284,0.002385261,-0.009422914,-0.01249256,-0.005472993,-0.00415778,-0.004424275,-0.003982052,0.001048364,-0.005324214,0.001232757,-0.002309709,-5.859905e-4,0.001370122,-1.179519e-4,-1.011348e-5,3.246041e-7,0.001529655,3.866217e-4,-0.003546925,-1.597243e-4,-0.002959419,3.627509e-4,-0.00243549,-0.004777291,-0.003993334,-5.113247e-4,0.004380383,-0.008679569,-0.005676472,-0.001380113,-4.322789e-4,-4.182307e-4,-0.004290582,-0.003516127,-0.001640667,-0.007844108,-0.004040058,-0.001517425,8.977524e-4,-0.003120154,-0.003227167,-0.003311521,-0.004171916,-0.002686493,-0.004137521,0.005264084,-0.006799528,-0.005991271,0.00599472,-6.755464e-4,-0.003334455,-2.562298e-4,0.001058722,-0.001175699,5.516392e-4,-0.003848375,2.026574e-4,-8.853696e-4,-0.003855507,-0.002721709,-0.002332855,-0.002171564,-0.0053065,0.00282455,-6.220614e-4,1.625985e-4,0.002194315,7.681993e-5,-0.002108802,-0.001116409,-0.001784928,-3.167714e-4,-0.001104819,-2.179948e-4,-0.004432559,-0.002958212,1.21118e-4,-7.79241e-6,0.002952819,-0.001646652,-0.002952395,-0.001723318,-0.001441252,-5.913114e-4,3.091078e-4,-7.990636e-4,-3.402748e-4,-3.014505e-6,-0.002134074,5.91138e-4,-0.001076595,-0.001509416,-6.154912e-4,-0.001102856,-1.422644e-4,-6.572408e-4,-0.001088305,-0.001067752,-4.987738e-4,2.515976e-4,-4.65212e-5,-3.109505e-4,-2.456093e-4,2.213811e-4,-2.421339e-4,-6.655699e-5,1.266268e-4,-3.848696e-4,-1.042844e-4,9.106998e-5,-4.916927e-4,-0.001067652,-5.895373e-5,-2.512213e-4,5.836558e-5,-9.418289e-4,-5.526615e-4,-2.076009e-4,-7.07796e-4,5.2115e-4,-8.038143e-4,2.18898e-5,4.500039e-4,7.991556e-5,6.52175e-4,0.001241648,9.175786e-4,0.00181132,0.00365175,0.006891015,0.01126409,0.01202523,0.008788447,0.009191778,0.01347731,0.01214774,0.01465368,0.01941281,0.06958609,0.2528021,0.4190951,0.3706014,0.1541065,0.04390969,0.04526497,0.0547405,0.06558075,0.07632984,0.08679622,0.09658901,0.1069799,0.1163768,0.1216758,0.1344097,0.1373856,0.1409495,0.1437275,0.1471888,0.1479488,0.1516775,0.1593725,0.1577604,0.1594395,0.1601987,0.1548259,0.1545286,0.1607865,0.1613273,0.1678271,0.1812685,0.1944463,0.2072269,0.2286479,0.266545,0.2929234,0.31933,0.3381636,0.3300674,0.28495,0.2915339,0.4261974,0.5537405,-0.7576956,1.569386
360.92,-0.005711998,3.391399e-6,0.007491869,-0.001975311,0.008923125,-8.892016e-4,0.003358671,-3.975628e-4,0.003261159,-0.003520563,0.008705748,0.002769609,0.005732766,0.009123534,-0.001935539,0.007855211,0.004987958,-1.768496e-4,-2.91841e-4,2.478995e-4,-5.601238e-4,0.001952557,0.001912634,-3.089455e-4,0.003665637,0.003695442,8.645882e-4,0.00155091,5.559522e-4,1.171979e-4,6.048754e-4,0.00377114,0.002418541,0.002734355,0.008107116,-0.01102054,-0.004358535,-0.002983628,0.004477603,-4.281786e-4,0.002448322,0.006634258,0.001969071,-0.002682967,-2.081424e-4,0.001845011,0.002933516,-0.001813625,0.00379458,-3.509204e-4,0.006410579,0.002283365,0.001957186,-3.186457e-4,-1.544459e-4,0.004902134,-0.001996568,0.002406018,0.002198169,0.001075718,0.002673462,0.002972468,6.653044e-4,0.002768922,0.002722554,0.003416164,-0.001359864,0.00353351,9.734554e-4,9.29899e-4,-0.002285919,0.004342942,0.002166952,-9.434889e-4,0.001809165,0.003310016,0.002907572,7.649942e-4,8.197719e-4,-4.443787e-4,-2.197641e-4,-0.001458192,-9.866229e-7,0.001498692,0.003434068,0.002154247,0.003313747,-2.989237e-4,0.003196423,-2.754013e-4,5.326922e-4,0.001545595,2.975924e-4,8.568438e-4,0.001290304,0.001688612,0.002268554,0.001727727,4.741326e-4,0.001173264,0.001495163,0.001568146,0.001680196,0.001414293,0.00103069,-8.232222e-5,0.001314996,1.971094e-4,2.27424e-4,1.735361e-4,-1.183179e-4,3.106433e-4,2.529184e-4,3.959241e-4,3.849034e-5,5.711214e-4,9.494993e-4,6.166464e-4,3.111328e-4,0.001909281,-4.087917e-5,1.84489e-4,4.733467e-4,-1.8813e-4,0.001092141,7.287508e-4,1.567548e-4,3.095938e-4,7.233813e-4,8.157381e-4,6.255828e-4,6.267252e-4,0.002037123,0.001385324,0.004691208,0.007206258,0.009925995,0.01349581,0.01356377,0.01034213,0.01186524,0.01437759,0.01369251,0.01753392,0.05597554,0.2192872,0.4059006,0.3851531,0.2008989,0.06264995,0.0466327,0.05473824,0.06638736,0.07673753,0.08854104,0.1009383,0.1094473,0.1204366,0.130325,0.1421404,0.1456037,0.1533266,0.1534301,0.1528988,0.1543245,0.1606827,0.1613002,0.1638069,0.1622841,0.164487,0.1625423,0.1651863,0.1652421,0.1679742,0.1714677,0.172224,0.1869961,0.1955788,0.2176033,0.2431278,0.2738428,0.3078957,0.333469,0.3582961,0.3508157,0.3585056,0.3642827,0.2669295,0.6908255,1.045029,-1.296215
363.203,0.003949836,-8.939847e-4,-0.009165501,0.00470588,0.005092856,0.01345724,-0.001259536,0.01034039,0.008689932,0.007028516,-0.004228492,0.002252392,0.005397481,0.002708074,-0.003418773,-0.003159565,0.001239726,0.0017992,0.002167088,-0.001379848,0.002881593,6.564275e-4,0,0.001148013,1.298292e-6,0.002437005,0.001261939,8.483087e-5,0.001582272,-0.001518993,0.002153198,0.002193023,0.003639999,-0.001634331,0.004199309,0.007923929,-0.005938859,0.003996485,6.038387e-4,0.004471581,0.004928887,0.00782032,0.01076612,0.008415049,0.002626885,0.005740961,0.009669951,0.00982793,0.008132219,-0.002793405,0.006694338,0.003500134,0.003761029,0.003978755,0.003126611,0.0016346450000000001,0.002240296,0.005857568,0.001229813,0.002383983,2.314301e-4,0.007547021,0.002931347,-3.387434e-4,-7.748405e-4,-4.293278e-4,-0.002188093,9.982342e-4,0.00359446999999999,0.00330178,-4.508655e-4,0.002222442,0.003981509,4.216628e-4,0.004876522,0.003557982,0.003936055,0.002846585,7.488329e-4,0.001533089,0.002484056,0.00165442,0.002210203,2.54975e-4,0.001267347,0.00147857,0.001868201,-0.001058195,0.002232168,8.768035e-4,-0.001388171,0.003509485,0.001140808,6.769028e-4,2.276989e-4,0.00129044,-9.893567e-4,4.905516e-4,1.187146e-4,1.897676e-4,0.001095405,9.212207e-4,5.303169e-4,-9.056896e-4,1.155112e-4,8.187558e-4,0.001164151,8.190624e-4,8.816997e-5,2.293242e-4,-1.021162e-4,-3.307419e-5,0.001091976,-1.077495e-4,7.134215e-4,2.342773e-4,-1.123307e-4,3.454594e-4,5.045921e-4,-1.232133e-4,0.001446286,-3.804739e-4,0.001034398,5.710833e-4,3.496952e-4,-4.744511e-4,0.001265792,9.717826e-4,1.522204e-4,0.002495086,-0.001125161,0.001609597,0.002420261,0.002893318,0.004230728,0.008924658,0.01020007,0.0119245,0.0106578,0.008808458,0.009575406,0.01544016,0.01451956,0.03942896,0.1684604,0.4141681,0.4146593,0.2079684,0.07722528,0.04207008,0.05377439,0.06517416,0.07736828,0.08983144,0.103613,0.1145729,0.1263689,0.1352185,0.1441899,0.1495056,0.15610569999999999,0.1627246,0.1629724,0.1633333,0.1679993,0.1681945,0.1691768,0.166778,0.1680766,0.1659804,0.1711422,0.168995,0.170744,0.1677817,0.1717322,0.1811818,0.1881602,0.1956062,0.2152906,0.2441758,0.2802374,0.3095973,0.3402636,0.3600642,0.3523689,0.4100467,0.3890796,0.5582422,0.5348971,1.894394,3.145334
365.488,0.005673149,-0.004440714,0.001241316,-0.001945501,-0.01012798,-0.01423187,0.005422933,0.004347674,-0.0061169,-0.00189316,-0.009883317,-0.005329882,-8.315847e-4,-0.008639965,-0.005517765,-0.002713538,-3.388242e-4,-0.003243686,0.002870593,-2.450769e-4,-1.058475e-4,-8.278692e-4,-0.002453831,-0.001063502,-8.471811e-4,-0.003122175,-0.001960705,-0.001877526,-6.426772e-4,-0.004266317,-0.003040573,-0.006521166,0.004367833,-0.008144265,-0.00746299,-0.007644933,-0.002031812,-0.007556039,0.006261742,0.00162115,0.001440237,4.03493e-4,8.758064e-6,-3.719053e-4,0.002634778,-0.005889513,0.001452854,-0.002659486,-0.001719593,0.001619058,-0.006365041,-1.360543e-4,-0.006138652,-0.003218335,-0.002814986,-0.003795853,-0.003138803,-0.002150235,-0.001458844,-0.004253414,0.003247821,-0.001247179,-0.001444747,-0.004630132,-0.003469682,-0.002011619,7.49997e-6,-0.003304812,-0.003585627,-0.002622828,-8.092996e-4,-3.483632e-4,-0.005175084,-7.506409e-4,-0.001054364,-0.001842994,5.512145e-4,-8.35528e-4,-2.886653e-4,1.177738e-5,7.10133e-4,-2.653006e-4,4.714176e-4,-0.001814077,-0.001381497,-0.002267216,-5.331714e-4,4.667917e-4,-0.0013055,-1.617213e-4,-1.590622e-4,-2.555652e-4,-7.868e-4,7.152842e-4,-0.001469138,-8.364672e-4,3.020445e-4,5.3381e-4,2.388992e-4,-0.001925162,-1.46383e-4,6.963029e-5,-7.439682e-4,-3.89347e-4,-4.979685e-4,-8.606718e-4,-9.967503e-5,6.382254e-4,4.665124e-4,9.522924e-5,-5.414814e-4,-1.963171e-4,-5.509338e-4,-2.859962e-4,-5.390682e-4,-2.740952e-4,-1.345166e-4,-7.613687e-4,-8.481601e-5,-1.225908e-4,1.442015e-6,-5.352752e-5,6.537225e-4,-4.720034e-4,-7.353765e-4,2.56037e-4,4.53654e-4,-4.570798e-4,-4.333299e-4,8.184908e-4,2.272292e-4,-4.700237e-4,3.97981e-4,0.002578298,0.006292329,0.008597143,0.009121245,0.009763577,0.00845538,0.009117195,0.01193499,0.01399251,0.02499143,0.126478,0.3757115,0.4951398,0.2591703,0.07931508,0.04209421,0.04892886,0.05864949,0.07601013,0.08847748,0.09903299,0.1136295,0.126324,0.1385428,0.1461152,0.1572939,0.1690024,0.1688641,0.1718214,0.1753978,0.1751248,0.1763258,0.1760622,0.1779202,0.1734806,0.1732633,0.1737274,0.174429,0.1688787,0.1698966,0.1699221,0.1721971,0.1781288,0.1928256,0.2065398,0.222367,0.243289,0.2718856,0.3107557,0.3341565,0.3399008,0.3506225,0.3616656,0.3603747,0.3240502,0.4543602,-0.1994936,-2.802666
367.774,-0.004347092,-0.002653,0.01441731,0.003893503,-0.01428767,0.008590332,0.00498443,0.01968622,0.008957284,-0.004113738,-0.002704907,-0.0056517,0.0040065,0.007600222,0.002951548,0.009541627,-7.179442e-4,-0.002914826,0.003285,0.001237779,-0.00273777,-2.747147e-4,-7.821418e-5,-0.00128909,-5.440039e-4,0.002023696,-7.019958e-4,7.828545e-5,0.002951154,0.002297608,-0.005463447,0.002745092,0.007268071,4.377783e-6,-0.00109794,0.006605386,0.0036056,0.003968192,-0.005038751,-0.00462996,0.001418204,-6.134896e-4,-0.003510016,-0.002283511,-3.965951e-4,0.008612757,-0.001818374,-0.002302006,-0.002229666,-0.004383061,0.003394081,0.001641967,1.275524e-4,0.00101328,0.001393914,-0.002301117,-0.002867909,0.001517086,0.001700767,-0.001183812,-2.345262e-4,0.002143434,0.003894736,5.497605e-4,-2.270344e-4,0.004341789,1.023554e-4,8.017388e-4,-9.568128e-5,7.418454e-4,-1.816172e-4,0.002458056,-2.594953e-4,-7.527704e-4,-8.404457e-5,2.331448e-4,0.002725592,0.001135895,0.001187036,-0.001593604,-7.737608e-4,-6.224494e-4,0.001197529,0.001867235,1.255059e-4,2.34247e-4,-1.807073e-4,-4.041025e-4,-5.12536e-4,9.817293e-4,-4.222593e-4,0.001888928,0.001571119,-5.532057e-5,2.288623e-4,-1.332454e-4,5.019187e-4,9.361936e-4,-3.556121e-4,7.497585e-4,0.001046076,3.370422e-4,7.372396e-4,-6.311805e-4,6.448668e-4,8.104366e-4,3.752939e-4,-2.925895e-4,2.433636e-4,1.697712e-4,-1.173382e-4,-6.38774e-5,4.492641e-4,1.81866e-5,7.67708e-5,1.24743e-4,-5.142065e-4,2.930363e-4,2.23147e-4,5.496289e-4,-8.99448e-4,4.940201e-4,2.764232e-4,3.333269e-4,0.001390588,-2.747022e-4,0.001173932,-1.038359e-4,-8.509414e-4,0.00107307,0.00154932,0.003157056,0.004213336,0.004620014,0.007362829,0.01124236,0.009392668,0.009116123,0.009536843,0.01157271,0.01298528,0.01983335,0.07970752,0.3063813,0.5201411,0.3660634,0.1052661,0.04259382,0.04430095,0.05907588,0.07056216,0.08802602,0.1004518,0.1155396,0.1326485,0.1423743,0.1557277,0.1656382,0.1729458,0.1800356,0.1865546,0.1860756,0.1878082,0.1874424,0.1866314,0.1856819,0.1861301,0.182484,0.1829691,0.1798987,0.1786502,0.1824268,0.1780853,0.1759846,0.184623,0.1874248,0.1936858,0.2083304,0.2405721,0.2417137,0.2851089,0.3143094,0.3484208,0.3629041,0.3521762,0.408412,0.4014448,0.4951216,0.4374131,1.164066,1.96626
370.06,0.01630362,0.01398042,0.005289468,0.01460007,0.003320574,-4.737532e-6,0.02790612,0.007006512,0.004249742,2.952497e-4,0.001701343,0.008629138,0.003129069,0.00587827,0.004382088,0.005558613,0.002265811,0.005436414,0.003951074,-8.573294e-4,0.004437585,0.002184103,0.001090383,0.001348331,0.001900818,0.00200157,-8.342996e-5,0.005692518,0.00327831,-0.001827238,0.008089061,0.008360663,0.009019018,0.009641683,-0.001912431,0.005508675,0.004890561,0.002253947,0.008546127,0.003553277,0.005805843,0.00430959,-2.058086e-4,0.006350086,0.005499283,0.002349593,0.004274681,0.004872975,0.007761935,-0.003063333,0.008221544,0.001936107,0.004272229,0.002580975,0.004852169,0.004662001,0.006814839,0.004845195,-0.001698573,0.001860944,0.001250522,0.001906845,0.001091296,0.003366269,0.001699286,-5.432048e-4,0.004276397,0.001773849,0.00143001,6.28138e-4,0.002948689,-6.11533e-4,0.00304861,0.001983243,3.959699e-4,-6.373194e-4,9.171553e-4,0.001499419,-4.458917e-4,0.004707289,0.003123023,-7.060121e-5,7.205017e-4,0.001203917,0.003480002,0.001628935,2.873399e-4,6.327044e-4,0.001950685,7.503361e-4,8.3528369999999e-4,-7.074165e-4,-0.001409716,9.369689e-4,0.001399307,3.060882e-4,0.001086447,9.26603e-4,0.001394409,4.079185e-4,5.670587e-4,6.335452e-4,5.444364e-4,5.559991e-4,0.001239461,1.048411e-4,4.742112e-5,3.676223e-4,2.160279e-6,7.668682e-4,6.671847e-5,5.414883e-4,-1.966185e-4,7.912393e-4,2.105985e-4,2.696127e-4,5.081328e-4,1.693384e-4,0.001403166,-1.228987e-4,6.145075e-4,0.00206315,0.00153088,2.937557e-4,0.001014762,0.001258608,-1.023311e-4,0.001119127,0.002149607,0.002034586,0.001911511,0.003377991,0.005287101,0.007731996,0.008076123,0.0127151,0.01159427,0.009991563,0.01211472,0.01353968,0.01328849,0.05758145,0.2219476,0.4528613,0.452209,0.1725606,0.04572208,0.04280075,0.05300139,0.06748805,0.0812596,0.09640953,0.1117303,0.1316775,0.1473568,0.1582808,0.1715561,0.1778568,0.1884276,0.1976765,0.1990451,0.1980652,0.1991973,0.2005693,0.1960479,0.1950864,0.1935063,0.19066,0.1859038,0.1843093,0.1844827,0.1827649,0.1833733,0.1763145,0.1863856,0.192273,0.2029724,0.2237947,0.2295576,0.2560594,0.2881501,0.3031957,0.3470697,0.3966572,0.4102569,0.4016589,0.4337934,0.6924753,0.8622087,2.00695,1.167464
372.347,-0.005138801,-0.01438558,0.001216781,0.006515983,-0.007457461,0.01101366,-8.223307e-4,-0.001163474,0.002825981,-0.003737792,0.002183641,5.06397e-4,0.001147694,-0.0058661,2.093102e-4,0.003648923,0.001222553,-0.00239569,0.001971668,0.003787942,0.001400905,-0.001365221,-6.178765e-4,0.002691416,-9.161638e-4,-0.001153126,-0.00177226,7.577992e-5,-0.001906444,-0.001700854,-1.536615e-4,0.002521966,0.006433945,-0.002675972,-0.001629074,-0.002008613,-0.004225255,-0.001022582,0.004556353,0.001969611,-3.917968e-4,-0.001380765,3.676032e-4,0.003527539,0.002932088,0.004328883,6.986442e-4,-0.004383845,-1.650417e-4,9.513756e-4,7.467863e-4,0.003860371,-5.946589e-4,4.149657e-4,-0.003608279,0.002131689,0.003336487,-0.001863003,-0.002038791,-2.382471e-4,2.269537e-4,4.378419e-4,0.001315066,-4.308054e-4,-0.003725543,-1.091704e-4,-0.001118101,-3.888621e-4,-8.551016e-4,0.003221805,-9.80054e-4,7.805576e-4,-0.001013989,0.001322047,-8.097639e-5,0.001265064,-8.440178e-4,-6.764212e-4,0.001238673,1.492362e-4,-9.650007e-4,-4.068827e-4,-0.001645341,8.231861e-4,-3.259084e-6,3.022791e-4,-3.49824e-4,-0.001033162,0.001108778,-0.001945892,5.208117e-4,-5.022432e-4,0.001260172,3.275569e-4,4.953214e-4,8.414857e-7,0.001044481,0.001450064,-9.616344e-7,-2.609795e-4,9.225507e-4,5.974106e-4,8.992078e-5,-1.174953e-4,-3.171682e-4,9.544136e-4,1.480098e-4,-3.385377e-4,4.316388e-5,1.944553e-5,4.63231e-4,6.324946e-5,-9.793303e-5,-1.71396e-5,4.35192e-4,2.015425e-5,-1.986455e-4,-3.3744549999999e-4,-1.638697e-4,2.096415e-4,-4.609415e-4,-5.895684e-5,-2.094023e-4,3.051553e-4,1.699129e-4,5.230418e-4,8.318836e-5,6.310195e-6,0.001040942,7.830899e-4,0.001895407,0.002938548,0.007431312,0.007311824,0.007092494,0.01161778,0.009540815,0.009741058,0.0107086,0.01353334,0.03662194,0.1768226,0.3824371,0.4307101,0.2493149,0.06078647,0.04065436,0.04927983,0.06241812,0.078319829999999993,0.09334216,0.1102074,0.1289827,0.1451955,0.1627135,0.1747749,0.1903801,0.1955706,0.2059589,0.2109854,0.211831,0.2124868,0.2165534,0.2107537,0.2079032,0.2056243,0.2035045,0.1939917,0.1949204,0.192623,0.1915013,0.1909062,0.1891205,0.1867823,0.1990616,0.2009849,0.2135809,0.2278911,0.2380397,0.2666753,0.2963525,0.3246986,0.3520655,0.3804119,0.4246017,0.3947103,0.3219295,0.45087699999999997,0.6303637,0.8106158,1.545706
374.635,-0.003840403,-0.01172427,-0.004452085,0.001527006,-0.004539322,-0.005909383,-0.008567445,-0.01004488,-0.001052864,-0.01087505,-0.01305203,-0.001513254,-0.003271768,-0.007475018,-0.008097829,-0.008794359,-0.01059339,0.00111393,-0.002806595,1.015312e-6,-0.003013605,-0.0018116,-0.00178059,0.001117243,0.001969196,-0.001299451,-9.187153e-4,8.759154e-4,-0.002627569,-1.100948e-4,-0.00209192,-0.002512851,0.004515247,-0.002658917,0.005967618,-0.003488481,-0.003114013,4.104695e-4,-0.002585707,-0.005917353,0.001597131,-0.003922632,0.004944224,-0.007984226,-0.004383411,-0.002522317,-0.005164963,-0.006414307,-6.738852e-4,-0.006562615,-0.004391961,-0.005047821,-1.436519e-4,-0.00186819,-0.001374749,-0.001991416,0.001912731,-4.998122e-4,0.002512062,-0.003598345,-0.001699024,-0.001675338,4.406673e-4,-9.76319e-4,-0.003615456,-3.111699e-4,-6.104144e-4,0.001269709,6.555164e-4,0.001101144,-4.567095e-4,8.691473e-4,-6.733623e-4,-0.004369427,0.002729858,-5.52076e-4,0.001608546,-0.001942813,-0.004667616,-0.003192015,1.4484e-4,-4.676505e-4,9.791844e-4,5.72595e-4,-9.883949e-4,-5.784937e-7,-0.001171274,-1.190712e-4,-5.152579e-6,5.333125e-4,-0.001038593,6.521623e-4,-9.67437e-4,-5.584191e-4,-4.508365e-4,9.491546e-4,-5.453651e-4,-1.201586e-4,-3.500285e-4,5.545383e-4,-0.001385259,-8.277456e-4,-3.032463e-4,-6.420244e-4,1.419175e-4,-3.996739e-4,-7.370751e-5,-2.93036e-5,-7.615567e-4,1.992868e-5,-4.956562e-4,2.682068e-4,-1.772904e-5,2.269438e-4,-2.442599e-4,-2.072476e-4,-1.095007e-4,-4.581119e-4,-7.120495e-4,-6.884031e-4,0.001039512,4.271438e-4,-2.834546e-5,-9.927281e-4,-6.368223e-4,5.207854e-4,-9.682985e-5,8.463482e-4,0.001005979,0.001393886,0.002616408,0.00419505,0.007507409,0.008381383,0.008172582,0.008611704,0.01039172,0.009917842,0.01117585,0.02560729,0.1293301,0.3767559,0.4099183,0.2502583,0.08943951,0.03781546,0.04626672,0.05718615,0.07254932,0.08797739,0.1071748,0.1278584,0.1449843,0.1611222,0.1820825,0.1908108,0.206684,0.2094691,0.2193492,0.2245268,0.2312695,0.229875,0.227183,0.2199325,0.2216508,0.2107911,0.2103239,0.2071545,0.2014904,0.1972088,0.1963013,0.2020223,0.1971595,0.1918728,0.2002208,0.2101898,0.2165927,0.238143,0.2449384,0.274872,0.3070128,0.3268739,0.3572189,0.4098174,0.4073471,0.4063627,0.4764735,0.3474777,0.69214,0.7718866,3.802845
376.923,0.008351963,0.003818562,0.009107394,0.002615921,-0.007677243,0.009499414,0.009174124,-7.6917e-4,-6.930533e-4,0.006085966,-0.006386471,-0.001319462,-9.598853e-4,-3.853975e-4,-0.003041805,-0.001492965,-0.002539406,0.00404707,-0.001510849,-0.002738565,2.104842e-4,-4.397282e-4,-6.847269e-4,-2.906278e-4,0.001116153,7.551585e-4,0.001728548,4.755122e-4,0.002749253,-1.042149e-4,0.003661733,-3.678891e-4,0.006071824,5.315754e-4,0.001070371,2.670632e-4,0.01000046,0.003434109,0.002908564,0.00251593,0.002933759,-0.004957807,-0.004089156,0.00310762,-5.089568e-4,0.003531404,0.006953183,0.001708949,0.003613999,0.002210286,-0.002508842,-0.001878205,-8.601777e-4,0.00393042,0.002166868,0.001695583,0.004630387,2.444255e-4,-8.119284e-4,-0.004413591,0.001111109,-0.001842706,0.002476952,4.266709e-4,0.001876822,3.128966e-4,1.025075e-4,-5.75513e-4,0.002134834,1.818505e-4,0.001738481,0.002458452,-5.776548e-4,0.001208335,-7.810661e-4,0.004234641,-9.682495e-4,-0.001601975,0.003214437,6.286966e-4,4.128423e-4,-0.002031386,7.031924e-4,6.238047e-4,0.001092558,4.129379e-4,-6.850619e-4,3.811414e-6,6.54873e-4,5.384163e-4,-6.596982e-4,4.915883e-4,3.784554e-4,8.742825e-4,3.978174e-4,-4.293186e-5,0.001059638,2.373438e-4,4.918245e-4,9.456938e-4,7.642632e-4,3.256426e-4,0.001067022,4.601883e-4,5.081507e-4,-3.060545e-4,-6.489738e-4,-4.319651e-4,3.372205e-4,3.617412e-5,3.224237e-4,2.000702e-4,1.103222e-4,1.528937e-4,1.815263e-4,1.18828e-4,8.29424e-5,1.37464e-4,1.574098e-4,0.001313162,-4.135979e-4,-3.580812e-4,-2.912394e-4,-7.359896e-4,4.410347e-4,6.495025e-4,4.137161e-4,6.310986e-4,0.001372331,0.002622857,0.005371505,0.006465844,0.009807616,0.007406466,0.008716466,0.01074394,0.01172817,0.01397002,0.01935682,0.09615496,0.2765289,0.4478169,0.2594508,0.09351423,0.03907655,0.04167956,0.05441863,0.06695372,0.08302845,0.1013952,0.11934,0.1378885,0.156538,0.1771053,0.1942083,0.2052265,0.2205521,0.2256772,0.2342803,0.2364349,0.2405284,0.2393324,0.2380245,0.2334457,0.2296724,0.2256728,0.2175078,0.2159209,0.210082,0.2067008,0.201581,0.203007,0.2044683,0.2042952,0.208183,0.214237,0.2314556,0.2395116,0.2622672,0.2849979,0.3015459,0.33774,0.3740495,0.3698837,0.439312,0.4612789,0.4898959,0.5406541,0.8195679,1.162915,-0.631998
379.213,0.01555971,0.01167384,0.005825308,0.01759206,0.009903168,-0.006077552,0.02231722,0.009646645,0.001014306,0.007746709,0.007422941,6.461523e-4,0.002214495,-2.029051e-4,0.006575032,-0.003846548,0.009663519,-4.57265e-4,0.004174426,0.003386959,0.003100881,0.001998519,4.467873e-4,0.002573159,0.003129296,0.003890393,5.165064e-4,0.004206692,0.002518415,0.006062123,0.008871361,0.004456571,0.00206211,0.01075888,0.009364224,0.008609115,0.004470749,0.01025707,0.01064297,0.008147741,0.007658585,0.008820574,0.005119671,0.009988514,0.002096884,0.008984343,0.006131502,0.004684863,0.008216144,0.007354045,0.006990902,0.005683386,0.007046939,0.003843904,0.004893756,0.00203367,0.004177204,0.005824953,0.002402584,0.006663894,0.004453907,0.008756443,0.00231168,0.001972419,0.005806519,0.004287635,0.006415017,0.003770165,0.001736146,0.004052803,0.001450541,0.003482146,0.004696819,0.003712771,0.00270293,-0.001284349,0.001400243,0.004163888,0.003148649,0.002306464,0.002320036,0.001479961,-0.001121839,0.002126654,7.718462e-4,0.003051206,-2.797399e-4,0.001971735,0.001068756,0.001497759,0.002440494,0.002119119,0.001157871,0.001733365,0.001466651,0.001575426,0.002239946,-7.619688e-5,0.001445355,3.194319e-4,4.765655e-4,0.002291726,0.001887608,0.001627078,9.11772e-4,8.148216e-4,0.001298088,3.223217e-4,0.001061268,9.951192e-4,4.753437e-4,8.02746e-4,4.682624e-4,5.188237e-4,8.641049e-4,8.278157e-4,0.001052503,9.185363e-4,9.970451e-4,8.327311e-4,0.001026842,0.001561847,0.001521926,0.001665321,0.001369518,8.476023e-4,0.001849993,0.002247544,0.003174689,0.004485884,0.006868041,0.00996634,0.01111587,0.01080508,0.01066131,0.01293233,0.01490272,0.0163423,0.067239,0.2533993,0.3885289,0.336003,0.110635,0.04023573,0.04024509,0.04856606,0.062521,0.07906717,0.0932806,0.1144092,0.1344157,0.1532759,0.1714078,0.1907562,0.2037089,0.2213331,0.2313768,0.2450132,0.2486426,0.2456294,0.2546161,0.2507414,0.2472572,0.2407376,0.2393608,0.2317676,0.2266777,0.2227269,0.2181485,0.2116021,0.2090431,0.207522,0.2086098,0.2092806,0.2178395,0.2220539,0.2378151,0.2464856,0.2689926,0.2913985,0.3167552,0.3574384,0.3876666,0.4228603,0.4401692,0.4548483,0.5799299,0.6547965,0.8796837,1.009295,2.813148
381.503,-0.01017352,0.007443536,-0.002699986,-0.002182243,0.005898165,-0.01046174,-0.006615159,0.01252729,0.01173408,0.003552275,0.003914806,5.014296e-7,0.003126149,0.002496263,-0.003165213,0.001462403,0.001654245,-0.001966317,-0.005083776,0.001509017,4.120375e-4,0.002592906,-7.256781e-5,0.003266538,0.002311098,-7.391435e-5,9.518766e-4,9.895423e-4,0.002588914,0.002367064,-7.181875e-4,0.007378985,-2.300989e-4,0.006883413,-0.002062965,0.011163,0.007619074,0.003134515,0.001698975,-0.001885546,-0.00284515,0.005969063,0.004720624,0.0104514,-0.003825454,-0.002579064,0.003901096,0.006288435,-0.002082027,-9.170842e-4,0.005778141,0.002956167,0.001269412,0.004092309,0.003296935,-0.001259387,-4.882205e-4,-0.003296739,0.003530234,0.001981632,0.001943323,-7.456572e-4,-8.336652e-4,-0.002374252,0.003435508,0.001682776,2.909451e-4,0.004403632,-6.413e-4,0.001396023,6.840345e-4,0.002310144,-0.001687938,0.001176421,-8.362676e-4,-3.752214e-4,-0.001825545,0.002710747,8.306067e-4,0.003519315,0.001053415,-5.121187e-4,0.002228885,-0.001207745,-5.880807e-5,-8.584636e-4,0.00117289,-0.001471415,-4.124965e-7,7.193168e-4,0.001187453,3.351763e-4,4.604595e-4,0.001194145,0.001968608,-1.248e-4,3.962018e-4,-1.162891e-4,5.538377e-4,0.001059469,0.001287712,5.376964e-4,5.482537e-4,-5.56271e-4,5.700253e-5,2.493807e-4,7.269846e-4,8.317232e-4,-3.322714e-4,-3.357967e-4,3.622885e-4,6.126675e-5,4.818562e-4,1.328803e-4,5.188528e-4,4.293372e-4,6.272123e-4,6.650241e-4,4.447814e-4,1.677861e-4,8.827436e-5,0.001406835,4.633842e-6,5.676274e-4,3.83683e-4,0.001250652,0.001550447,7.782437e-4,0.003285472,0.005709711,0.005602216,0.008137306,0.009048903,0.008896591,0.009748574,0.01118373,0.0162494,0.04549635,0.192868,0.3954481,0.3429841,0.1546938,0.03925362,0.03665224,0.04554532,0.05884867,0.07021713,0.08799935,0.1056148,0.1266359,0.1458882,0.1677249,0.187496,0.2068588,0.2245169,0.2371578,0.2504997,0.2587657,0.2606117,0.2679451,0.2651409,0.262126,0.2601927,0.2537099,0.2494046,0.2431861,0.2355383,0.2322645,0.2238504,0.2222091,0.2178474,0.2157117,0.2128301,0.2183758,0.221699,0.2247953,0.2395404,0.2583382,0.2739413,0.3007271,0.3228117,0.3549551,0.3946631,0.4285378,0.440524,0.4795297,0.5283549,0.634316,0.7174609,0.7098914,3.494984
383.794,0.00761089,-0.004086182,-0.0163306,-0.00537721,-0.006973291,-0.01941185,0.008810743,-0.002912199,0.0102514,-0.00378992,0.00294916,6.361574e-4,-6.135952e-4,-0.002279333,0.002530546,0.003763046,0.001626589,-0.002390109,0.005269258,0.003656393,0.001614765,-1.708012e-4,5.1233e-4,4.195231e-4,-6.440524e-4,0.003013713,-7.924242e-4,-5.309107e-4,-0.001021476,0.001686618,-0.002653964,-0.006177201,-0.004259321,-0.003275512,-0.00458008,-0.001882033,-0.003335876,-0.001545729,-3.798847e-4,0.003310747,-0.001873673,-0.007726252,-0.001451189,-0.003840301,0.001202876,-3.47593e-4,-0.004001736,0.004728141,0.003782626,-7.612897e-4,-0.002571783,5.525831e-4,-8.313664e-4,0.002148457,0.004013784,7.473179e-4,3.527166e-4,0.003474385,-4.490524e-4,-0.003156119,0.00488686,-8.383879e-4,-0.001449859,3.041612e-4,4.95735e-4,8.73779e-4,0.001236963,-1.83698e-4,4.380361e-4,1.663278e-4,-0.001922269,-0.002840266,-0.001349897,-0.002010741,-0.002272201,-4.486161e-4,7.182368e-4,6.303536e-4,-6.890377e-4,0.00332151,3.88537e-4,-7.589633e-4,0.001279403,-0.001075145,-5.81142e-4,-1.12225e-6,0.002524395,9.654529e-4,0.001610705,0.001157324,0.001851183,0.002212833,0.001359861,-4.372833e-4,2.096501e-4,-6.906618e-4,6.262903e-4,5.638259e-4,-0.001160272,-1.400764e-4,4.628959e-4,-5.329892e-4,-5.405407e-4,-1.384609e-4,5.3982e-4,7.183125e-5,-6.016261e-4,-1.783441e-4,6.951709e-4,2.088202e-4,3.572939e-4,-1.786404e-4,-6.284113e-4,3.297625e-5,1.70191e-5,-7.321777e-4,-2.242719e-4,-1.15132e-4,5.491035e-7,-1.939471e-4,5.781504e-5,-1.125812e-4,-8.507783e-5,6.186218e-5,-7.505412e-4,2.375187e-4,0.001026316,0.001917185,0.004265766,0.005648054,0.008003554,0.008147371,0.009174549,0.009565709,0.01080681,0.01133346,0.03131637,0.1422494,0.3806814,0.4029738,0.1833763,0.05552493,0.0344939,0.04201487,0.0518378,0.06321976,0.08017353,0.09922889,0.1174649,0.1366454,0.1622418,0.1843647,0.205489,0.2166062,0.2399718,0.2493002,0.2595717,0.2712112,0.2737518,0.2765585,0.2767246,0.2743191,0.2673269,0.2663496,0.2561789,0.253261,0.24416,0.2376573,0.23371,0.2236188,0.2223606,0.2176935,0.2176342,0.2179644,0.2284097,0.2360475,0.2484671,0.271968,0.2883502,0.3112179,0.3373051,0.3612691,0.3945949,0.426566,0.4609714,0.4812842,0.4665685,0.5740478,0.7875445,1.163314,3.247021
386.086,0.005571904,-0.005244131,-0.007906537,0.001785102,-0.005376285,0.00983707,-0.004922197,-0.009693994,-0.00949208,0.002893321,-0.004270494,-7.771113e-4,-0.002295381,0.004316493,-0.003869899,-0.005703885,4.801586e-4,0.002809167,-5.210482e-4,-0.005668952,7.969983e-4,-0.002955331,-0.001148487,-6.894819e-5,-0.001908776,-1.434022e-4,-0.001928243,0.002070234,-0.001179779,0.003146442,-0.001548701,0.001078679,-0.002019881,-5.079748e-4,0.00428385,-0.004417374,0.001234791,-0.005369273,-0.003681323,-2.851975e-5,-0.004283698,-4.187989e-6,8.787017e-4,-6.997099e-4,-0.002061205,-0.005216232,0.001958233,-0.004059293,0.001393741,-0.002403298,0.001551571,-4.302572e-4,-5.558362e-4,-0.001744017,-0.002059914,0.001972595,-0.002512836,-2.356086e-4,-0.00101404,-0.003128158,0.001053415,-9.401351e-4,-7.223169e-4,9.985776e-4,-0.002571506,2.869236e-4,8.487139e-4,0.001456632,0.003080835,-0.00137622,-6.695783e-4,3.984575e-4,7.806313e-4,8.363825e-4,-0.001208854,-0.001542707,-4.2962779999999e-4,0.001181066,0.001076816,-1.408611e-4,0.001853707,-7.526427e-4,0.001330999,0.00182294,-6.367268e-4,-8.979018e-4,-0.001039728,-0.002134618,-3.721194e-4,-7.055734e-4,-7.245772e-4,3.723677e-4,-4.506559e-4,5.21507e-4,-7.958145e-4,3.184726e-4,1.092122e-4,7.088529e-4,-8.632379e-4,-3.721303e-5,2.621611e-4,-9.006441e-4,4.475395e-4,-4.114197e-4,-2.691997e-4,-1.24313e-4,-2.292726e-4,-5.603702e-4,-6.040105e-4,-4.992964e-4,3.711025e-4,3.018035e-5,-1.381657e-4,1.630495e-4,-2.96253e-4,2.520995e-4,-2.842431e-4,9.624411e-4,6.138826e-4,-1.366326e-4,-2.29072e-4,8.002155e-4,1.692451e-4,2.471977e-4,1.913351e-4,0.001104228,0.002118375,0.002748084,0.004907014,0.007459151,0.007296396,0.009143849,0.009332156,0.01068206,0.009291642,0.01767655,0.1086723,0.3556383,0.4567695,0.2456962,0.06799118,0.03226317,0.03902243,0.04896249,0.06031431,0.07443872,0.09069912,0.1113912,0.1297944,0.151698,0.1750197,0.1936492,0.2167466,0.2353403,0.2515853,0.2631854,0.2758243,0.282506,0.2890336,0.288295,0.2864291,0.2853705,0.279511,0.2702141,0.2645361,0.2541193,0.2519651,0.246878,0.2348938,0.2317794,0.2327028,0.2249574,0.2264342,0.2265584,0.232393,0.2432549,0.2578224,0.2685925,0.2904303,0.3086435,0.3433916,0.3800986,0.3929343,0.437097,0.4592209,0.4907513,0.4975807,0.4250992,0.5190001,0.9926692,2.113723
388.379,-0.004632992,-0.01808043,-0.002193369,-0.01832382,-0.003724966,-0.01299225,-0.002198383,-0.003144511,0.005113251,0.00703476,-0.008096692,-0.002282159,-0.00475559,-0.0051201,-5.650513e-4,-0.005026311,0.001724961,-0.003312253,-0.002793076,0.001543841,-0.003899561,-0.001559432,-0.001544521,-7.419405e-4,-8.933799e-4,-5.539531e-4,-0.001875132,-8.66954e-4,4.919322e-4,0.00214176,-0.005151657,-0.002286972,-6.662657e-4,-0.004863498,-0.004195867,-0.01039178,-0.004021836,0.003911367,0.004641015,-0.005381395,0.003967436,-8.880906e-4,0.003440177,-0.003717035,0.001633696,0.001301923,-0.001299304,-6.2726e-4,-0.007300694,-0.004217113,-9.789422e-4,-0.002430717,-0.004260729,-0.00259663,-3.744205e-4,-0.006128332,-6.936052e-4,-0.001687627,0.001504316,0.001780079,-0.001537961,-0.003731794,-6.953262e-4,-0.002836563,-0.002692945,-0.003578544,9.173777e-4,-0.003204786,-0.002332916,-8.712324e-5,-2.460922e-4,7.658379e-5,-0.00160667,5.164743e-4,-0.001753358,-0.002710015,-0.001247571,-0.00264214,-0.001719239,-1.352263e-4,-5.073072e-4,-0.001583748,1.763125e-4,-4.5992e-4,-0.001344613,-0.001358795,-0.001016152,-0.00140132,-8.576782e-4,-9.311649e-4,4.749386e-5,-1.822284e-4,-1.772347e-7,-0.001266971,-7.737756e-4,-0.001684648,-0.001472037,-2.963231e-4,-1.75261e-4,-5.050073e-4,-8.697491e-4,1.210147e-4,-0.001069466,-4.235419e-4,1.288306e-4,-1.680582e-4,-5.570939e-4,-5.937224e-5,-9.757928e-5,6.584955e-4,4.336711e-4,-1.41134e-4,-7.316661e-5,2.22462e-4,1.381372e-4,1.301863e-4,-8.147089e-4,2.610415e-4,-5.660238e-7,2.484227e-4,-8.856306e-4,-9.92908e-4,4.413083e-4,-6.574076e-4,6.181551e-4,6.87069e-4,0.002238438,0.003550316,0.00658523,0.005762637,0.008229536,0.009616215,0.009822085,0.009380662,0.01559831,0.06589093,0.2737161,0.4762093,0.3255484,0.09593791,0.03241446,0.03562327,0.04351907,0.05361811,0.06864928,0.08330697,0.1015695,0.1204667,0.1377546,0.1617136,0.1860858,0.2047312,0.2238626,0.244856,0.2631062,0.2726208,0.2816962,0.2888123,0.2917168,0.296093,0.2928835,0.2915452,0.284753,0.2768354,0.2721221,0.2605272,0.2536626,0.2482821,0.239389,0.2333575,0.2320963,0.2308785,0.226171,0.2286997,0.2332856,0.2421444,0.2664232,0.2783096,0.2928859,0.3127307,0.3373425,0.3832176,0.4091658,0.4309897,0.4522794,0.4525058,0.4755962,0.5653353,0.727124,0.3807842,-2.118771
390.672,0.003400246,0.003075978,-0.003583845,0.00270449,-0.01279365,0.006353816,0.003981489,0.007874472,-0.005607586,0.005498677,-0.006197351,-0.00297959,-0.005658446,-0.002494788,0.003125379,3.382295e-4,0.004763789,0.002531649,-6.214093e-4,-3.234376e-4,-0.003049781,-0.002325609,8.87096e-4,-5.274022e-4,-0.002615923,-0.002031988,-0.002782271,-7.178397e-5,-4.795544e-4,0.001996777,-0.001451064,-0.001370281,-0.001868041,0.001172342,2.426248e-4,-6.581996e-4,0.006089545,-0.003644689,0.002106703,-5.14273e-4,1.751346e-4,-0.003124,-6.730049e-4,-0.001482134,-6.471375e-4,-1.585448e-4,0.002680244,-7.659742e-4,-2.946166e-4,4.460695e-4,-0.001754597,0.002500047,-0.004675867,-0.003923172,-0.002685478,-0.007046017,-0.00135803,-2.152968e-4,0.001907544,1.062971e-4,-0.001402134,4.932508e-4,-0.001944452,0.001340243,-0.004410662,-5.535999e-4,0.001883489,9.573401e-4,-7.999064e-5,-3.246855e-4,-7.873122e-4,0.00183764,5.252788e-4,4.371213e-4,-0.001281641,-1.389331e-4,1.359832e-4,-2.62738e-4,0.001999757,-0.001003178,-5.535957e-4,-5.937641e-4,-2.273154e-4,1.680779e-4,4.927928e-4,-5.333407e-4,-8.853079e-4,2.503898e-4,-3.911246e-4,-0.001238682,-0.001010503,1.777805e-4,-0.00166733,-2.044587e-4,-4.355914e-4,-4.968982e-4,8.843925e-4,-0.001702021,3.766909e-4,-5.897844e-4,-2.196196e-4,5.871577e-4,4.559456e-4,1.021238e-4,-1.518122e-4,-8.682276e-4,4.346775e-5,-8.467327e-5,3.461343e-4,-1.316397e-4,3.356756e-4,1.390156e-4,-4.503617e-5,-2.159543e-4,4.78856e-5,-1.2944e-4,-1.377653e-4,1.036721e-4,-3.159289e-4,-4.771567e-4,-3.4847189999999e-4,-1.852647e-4,5.692277e-4,6.063328e-4,0.001452944,0.001967437,0.002999336,0.003563876,0.00660092,0.007285986,0.02763687,0.009609178,0.01158768,0.01187751,0.0458185,0.2031806,0.4254195,0.404588,0.141369,0.03678744,0.03491823,0.04092082,0.05087972,0.06424839,0.07633493,0.09338429,0.1104267,0.1301794,0.1504837,0.1771152,0.1971079,0.217608,0.2383971,0.2530217,0.2720893,0.2831704,0.2897578,0.2976407,0.3014517,0.3019162,0.3006719,0.2918416,0.2916874,0.2835556,0.2731291,0.2685364,0.2584292,0.2511143,0.2443143,0.2349451,0.2377949,0.2332103,0.2330815,0.2336467,0.2397314,0.2518865,0.2682403,0.280398,0.3028981,0.3156016,0.3374955,0.3748251,0.4140118,0.4338934,0.4515515,0.4848057,0.5322792,0.56688,0.5591267,-0.07957418,-0.008158239
392.967,0.01706909,0.01284528,0.01513072,0.01362249,0.01507486,0.01210668,0.01207304,0.004037884,6.140561e-4,0.01431378,0.004628251,0.005268791,7.106597e-4,0.008413721,0.008121827,0.008304632,0.006785089,0.005937075,0.005005828,0.002858248,0.003366775,0.003226851,0.005051458,0.002849736,0.00269817,0.004718689,0.002931492,0.001316029,0.001887849,0.004405126,0.004007349,0.008230171,0.01131831,0.01738569,0.00494649,0.0119117,0.0048206,0.007146754,0.006861356,0.01062145,0.01281922,0.00696657,0.003303258,0.00951621,0.01409899,0.009236005,0.001532498,0.002102253,0.009777346,0.009025011,0.002752389,0.001540791,0.008543014,0.004228643,0.003600674,0.008994607,0.01133076,0.005366059,0.005185742,0.006133606,0.003541338,0.001155597,0.001900672,0.004691678,5.440179e-4,0.005680557,0.002024637,-0.001030683,0.005189327,0.007657531,0.002773452,0.003976361,0.00315006,0.004294952,0.005873849,0.001296638,0.002259429,0.001620393,0.003168854,0.003017581,0.003115618,0.001866111,0.002711587,0.003081596,0.003220036,0.003701079,0.002030404,0.002932925,0.00275136,0.003594197,9.486825e-4,0.003443031,0.001720604,0.002091329,0.003667,0.001911904,0.001338384,5.192798e-4,0.001843023,0.001187391,0.002864945,7.465892e-4,4.729201e-4,0.001420473,6.227309e-4,0.001309329,0.001175701,8.688368e-4,7.975848e-4,3.106023e-4,-6.989168e-5,5.112656e-4,4.276713e-4,0.001109027,9.667455e-4,0.001016731,8.396962e-4,0.001207052,0.002093864,6.244077e-4,0.001565045,0.002075468,8.500178e-4,0.002592158,0.002404609,0.004451189,0.003775926,0.005425423,0.00663561,0.008806042,0.01298015,0.01086967,0.01342508,0.03546392,0.1529296,0.3990961,0.4277447,0.2124435,0.04797726,0.0330758,0.0397777,0.04808281,0.05912805,0.07312652,0.08813384,0.1049319,0.1222796,0.144992,0.1636981,0.1877653,0.2091054,0.2331728,0.2507573,0.269621,0.2835393,0.2915446,0.3007646,0.3050189,0.3095545,0.3079576,0.3080776,0.3005062,0.2965044,0.2906527,0.2835969,0.2751446,0.2633686,0.2590526,0.2528679,0.2452679,0.2443464,0.2422567,0.2369787,0.2382201,0.2473443,0.2622472,0.2800471,0.2999306,0.3108927,0.3367879,0.3581475,0.3882202,0.4265016,0.4485541,0.5099012,0.5519841,0.5743049,0.7549901,1.003806,1.398484,3.763065
395.262,0.007607051,0.01915753,0.008912215,0.01489235,0.02100149,0.01074184,0.0134933,0.01050595,0.006572236,0.006845173,0.002879097,0.002290174,1.333201e-4,0.002045837,-0.001757611,0.008089375,0.002202013,0.003900987,0.001905234,0.002167591,7.270248e-4,0.003144691,8.585134e-4,-6.917993e-4,0.001859744,0.002071032,-0.00142845,0.001685528,0.003757417,0.002580369,0.001373076,-5.751374e-6,0.008998083,0.00518456,0.007344957,-0.001913125,0.005260988,0.002946774,0.006696019,0.001824028,-5.08643e-4,0.002146981,-0.002108169,1.431763e-4,0.005094619,0.005486684,0.004944116,0.003670088,4.17848e-4,0.002554481,0.00615406,1.171204e-4,0.002599666,0.003872123,-2.378609e-4,0.00213051,0.002261428,0.00292147,4.952686e-4,0.001073502,7.667514e-4,0.002163912,0.001196239,0.0031065,0.002601054,-6.240974e-4,0.003003001,0.002909468,-0.002736089,-3.93571e-4,0.001274683,5.087503e-4,0.002425983,-0.001117646,-6.215003e-4,0.002331215,0.001295214,5.689471e-4,0.001720261,0.001500769,0.002979007,-2.686921e-6,9.870689e-4,-4.318686e-4,9.9236e-4,0.001418545,0.002372675,0.001010527,6.971038e-4,8.611649e-4,-5.705227e-4,8.421755e-5,0.001022279,6.580789e-4,4.158977e-4,0.001938595,8.425243e-4,5.046697e-4,0.001142387,0.001626781,2.376167e-4,6.157154e-4,0.00192063,0.001333933,3.649851e-4,1.350808e-4,1.041246e-4,6.640787e-4,7.382581e-4,-1.395468e-4,4.766848e-4,-5.190695e-5,1.408582e-4,6.956047e-4,1.607276e-4,4.379402e-4,0.001063044,6.905621e-4,4.646113e-4,0.001142417,0.001032853,9.338785e-4,0.002040505,0.001736426,0.001974917,0.004280551,0.004858827,0.0053381,0.007372045,0.008793741,0.010416,0.009845132,0.02564087,0.10968,0.3141385,0.473373,0.2466917,0.07398112,0.0309344,0.03535485,0.04461108,0.05438227,0.06485014,0.07965677,0.09608662,0.1144957,0.1312551,0.1520428,0.174939,0.1938046,0.2166818,0.236806,0.2572976,0.2770146,0.2866431,0.2998813,0.3073695,0.3107139,0.3120314,0.3124908,0.3099167,0.3026424,0.3022461,0.29032,0.28311,0.2746122,0.267241,0.2598133,0.2520969,0.2456015,0.2444057,0.2419417,0.2414666,0.2431472,0.2540537,0.2589887,0.2750553,0.2979253,0.3156211,0.3316324,0.3595819,0.3936288,0.4175471,0.4533117,0.4705878,0.527191,0.5617251,0.583199,1.198226,1.325433,4.582656
397.558,0.001425476,0.003960342,-0.0083820950000000009,0.008232793,0.003772941,0.007371007,0.007445961,-0.004446209,-0.001747286,0.01235898,0.003411952,-0.004735236,0.003124163,0.002838814,-0.001202605,-0.001901255,0.006039998,-6.586032e-4,1.182382e-4,-5.046572e-4,0.003211021,-4.508916e-4,0.001803948,-6.153493e-4,-5.658177e-4,-1.903666e-4,-1.90522e-4,2.641156e-4,0.002400552,-0.001595033,8.530717e-4,0.002400699,0.002938225,-0.002649348,-4.493542e-4,-4.239203e-4,0.005331761,0.002723136,0.007368859,0.006361414,0.003136381,0.003232418,0.005993646,6.036405e-4,0.003016635,0.001486383,-0.003390465,-0.002592656,0.002916497,-0.001589326,0.001874475,-0.001351728,0.002070216,-5.982715e-4,-9.170342e-4,-7.693021e-4,2.071038e-4,0.00153275,0.001778551,5.754653e-4,0.002344547,-0.001751926,6.387344e-4,-0.003849772,-0.001670567,0.001891577,9.229053e-4,0.001868674,8.614605e-4,6.525408e-5,-8.877044e-4,0.001504381,-0.001193115,-4.813264e-4,-0.00180761,-4.567864e-4,5.975085e-5,-0.001423289,9.055738e-4,0.001465702,-1.757229e-4,0.00133131,0.001726341,3.132487e-4,-9.748884e-4,-7.478727e-4,2.417792e-4,-0.00213138,2.696283e-4,4.339138e-5,-6.443224e-4,0.00128816,2.798908e-4,4.251025e-4,6.675008e-4,-1.076507e-4,1.029977e-4,-2.349367e-4,3.837305e-4,5.823712e-4,-7.353861e-4,2.736816e-4,7.013952e-4,-4.864501e-5,-4.534398e-4,-3.973809e-4,1.425476e-4,-1.972993e-4,5.795217e-4,-1.364796e-4,-1.228424e-4,-2.092051e-4,-3.375147e-4,1.169175e-4,2.18575e-4,2.3834e-4,-1.455695e-4,-3.386406e-4,0,5.18339e-4,3.070797e-4,0.001045089,0.002052381,0.002633838,0.002413979,0.004362223,0.004570144,0.004992205,0.006461431,0.006777137,0.00770094,0.01368262,0.08845379,0.2506593,0.4003456,0.3460991,0.09705139,0.03336893,0.03348747,0.04141387,0.0498422,0.06006892,0.07213726,0.08785902,0.1049342,0.1237233,0.1426234,0.1616932,0.1814486,0.2045822,0.2270645,0.2484812,0.2639727,0.2797646,0.2916148,0.3047562,0.3094388,0.3161551,0.3159062,0.3143035,0.3110918,0.3041709,0.3008754,0.2934129,0.286894,0.2757507,0.2655396,0.2586551,0.2539038,0.2473816,0.2452109,0.2434124,0.2403874,0.2456801,0.2538139,0.2693854,0.2844313,0.3036997,0.3193822,0.3469056,0.3724096,0.402444,0.4050705,0.4424376,0.4748271,0.5065743,0.563191,0.6195881,0.5207551,0.9841444,0.9294527
399.854,-0.00407552,-3.601413e-4,0.004815153,-6.248745e-4,-0.002966838,-0.005376544,0.001275263,0.01138151,0.01007362,-0.00420263,0.001340036,-0.004548477,0.004825893,-0.002725819,-8.268302e-4,-3.019051e-4,4.142079e-4,0.002274692,4.447778e-4,-0.001842764,-0.002310451,-0.004466423,0.001222407,1.186122e-4,-0.001867129,3.5776e-7,-3.047659e-4,0.00336149,5.761101e-4,-9.285049e-5,0.006289157,0.002771754,0.006435524,-0.00698931,2.17037e-4,0.007934425,-5.298942e-4,3.30025e-4,0.001885804,-0.005016157,-0.002376547,-0.001556556,0.002880871,-0.002510579,5.822313e-4,-5.760275e-4,0.002394267,-0.003868597,0.001069321,0.001778471,-0.001558167,-0.004243431,-0.002688842,0.001937123,-0.004942324,0.004854961,-3.985866e-4,-6.84158e-4,-3.769732e-4,0.002857188,-2.702831e-4,0.004339131,-0.001654514,1.724647e-4,0.001687088,9.930078e-4,-6.444e-4,-9.357519e-4,-0.00143006,-1.429369e-4,0.001276397,-0.002057472,1.35489e-4,7.190524e-4,0.001283832,-0.002750724,2.43918e-4,-4.110354e-4,9.333034e-4,-0.002252257,6.071751e-4,-4.259679e-4,-3.591651e-4,0.002267076,7.85761e-4,2.889805e-4,1.399885e-4,-0.001227675,6.247402e-4,-0.002007073,-9.509477e-4,-0.001474993,-0.001075134,7.005098e-4,-8.924849e-4,-1.029507e-4,-1.000371e-4,2.580548e-4,0.001656649,9.04127e-5,-5.287406e-5,-7.725731e-5,-1.200083e-4,-9.578393e-5,7.099966e-4,3.809727e-4,-1.171346e-4,-1.983674e-4,-3.214372e-4,2.688894e-4,-2.525167e-4,1.118136e-4,-4.420903e-4,-1.071639e-6,4.62751e-4,5.998189e-4,2.426543e-4,6.25562e-4,1.482204e-4,4.507337e-4,0.001537728,5.230703e-4,0.002265485,0.003642794,0.003712127,0.003216865,0.004685115,0.006491306,0.007653146,0.01125426,0.01318158,0.04955133,0.2293969,0.3694102,0.3133397,0.1547821,0.03619154,0.03401944,0.03913183,0.04720844,0.05727325,0.06851434,0.08081376,0.09624182,0.1119761,0.1308036,0.1504827,0.1715746,0.1899127,0.2124924,0.2299193,0.2482915,0.2665798,0.283997,0.2951531,0.302761,0.3116988,0.3125063,0.3119638,0.3134641,0.3085042,0.3060548,0.300592,0.2900581,0.2849479,0.2768331,0.2693822,0.2607376,0.2541605,0.2524548,0.2479404,0.2472893,0.2459575,0.2482569,0.2544343,0.2673471,0.2872229,0.3030574,0.3240143,0.346719,0.3653455,0.4019945,0.4363568,0.4681977,0.5261724,0.550393,0.5899551,0.8270145,0.9722727,1.15398,3.628997
402.152,0.006397951,0.007198969,0.003189497,3.00749e-4,-0.00162344,-3.203392e-4,0.004848089,0.007342125,-0.004159976,-0.01052825,-0.001138229,0.004245369,0.001808236,-0.002386659,0.002946126,1.490343e-4,8.200792e-4,-8.765488e-4,0.001332176,0.002593597,-0.002037195,0.001570514,6.741303e-4,0.001938415,1.789282e-4,-4.824897e-4,0.00120878,8.778586e-4,0.001855552,-7.146896e-4,0.001405142,-9.704917e-7,-0.009198124,0.001465969,-0.001926727,-0.003143905,-0.002275002,0.009879676,-0.001090811,0.004824274,0.001255508,1.451431e-4,-0.002250793,-5.912353e-4,0.001428145,0.002692178,-0.003503715,-0.001098156,0.001714642,-0.003656487,-5.966181e-4,9.28421e-4,0.00115178,0.003496052,-0.001744994,-7.340009e-4,-3.122053e-4,5.79918e-4,-0.001133533,0.003103259,0.001070742,9.616732e-4,-6.058003e-4,8.490453e-4,0.001591855,0.002452887,-7.987932e-5,5.42386e-4,-3.819265e-4,6.508803e-4,3.46607e-4,0.001429093,4.656172e-4,5.985658e-5,-0.002726669,-9.938877e-4,-3.604432e-4,0.001237456,4.021623e-4,-8.406463e-4,-2.754484e-4,2.082174e-4,0.00122891,9.498885e-5,3.395328e-4,4.726267e-4,-0.001292751,8.824741e-5,-2.633928e-4,8.871895e-4,3.691127e-4,-7.90995e-4,-3.807905e-5,4.364821e-4,-0.001062906,-6.837118e-5,-8.398209e-7,-2.197854e-6,9.144378e-5,3.497566e-4,3.054871e-4,-5.25649e-5,1.661859e-4,3.902603e-4,-1.812058e-4,4.154214e-4,4.84649e-4,2.66909e-4,3.809983e-4,6.755715e-4,2.091513e-4,4.93205e-5,-1.293272e-4,2.888991e-4,-2.657194e-4,3.110518e-5,-1.565739e-4,0.00141304,4.933285e-4,-9.900091e-4,6.541424e-4,0.002213188,0.00285317,0.003853829,0.003705383,0.004740933,0.004530691,0.005578672,0.008358442,0.009422798,0.03289693,0.1607735,0.3863905,0.333373,0.1511805,0.05042206,0.02976174,0.03548168,0.04291835,0.05404091,0.06214244,0.07390462,0.08970365,0.1068574,0.1225178,0.1412466,0.159361,0.1802345,0.200952,0.2190835,0.2405596,0.2595484,0.2773646,0.2906649,0.3005431,0.3092719,0.3163045,0.3162619,0.3210709,0.3166332,0.3147875,0.3084117,0.3018231,0.2928993,0.2862192,0.2765964,0.2708255,0.2628162,0.2554535,0.2500919,0.2498491,0.2468609,0.2431692,0.2494766,0.2568822,0.2718244,0.289143,0.3044115,0.324933,0.3436495,0.3773648,0.4143017,0.4320714,0.4574075,0.491201,0.5332233,0.5470922,0.6586666,1.024743,1.271054,4.059606
404.45,-0.01437343,-0.009533183,-0.01206113,0.004200496,-0.002258295,-0.01520853,-0.008641258,-0.019377,-0.01571836,-0.008033754,-0.001703466,-0.003688699,-0.001157644,-6.340047e-4,-0.002277713,-0.004048569,-0.001905473,-0.005604512,-2.228832e-4,0.002004414,-0.004726264,-0.00333798,-5.970235e-5,-0.001635096,-0.002258122,-0.002578059,-0.002163419,-0.003124891,-0.001632406,-0.002036754,-0.003041726,-0.008183857,-0.01022047,-0.001053891,-0.001916304,-0.008203043,-0.001043699,-0.003867687,-0.001242368,-0.002024297,-0.005471259,-0.001994058,-0.007320454,-0.001463178,-0.009434978,0.001268537,-0.002359193,-0.005582831,-0.003421437,-0.003766395,-8.409017e-4,-0.006507688,-0.002423488,-0.003594208,-0.007359366,-0.003329231,-0.004816128,-0.001647899,-0.003276786,-0.001542206,-0.002483744,-0.004189712,2.564535e-4,5.918884e-4,-0.005076797,-0.002115724,-0.004526913,-0.002464186,-0.00127207,-0.001728752,-0.001395691,-0.003654019,-0.002778653,-0.00135428,5.012837e-4,-0.002898337,-0.003181956,-0.002462382,-0.002233451,-0.003445138,-4.335696e-4,-6.325242e-4,-0.001586755,-0.002233821,-0.00155027,-2.845099e-4,-0.001839225,-0.001836723,-6.115384e-4,-0.001098311,-0.003824171,-5.111127e-4,-6.814213e-4,-0.002043343,-4.230567e-4,-0.001185597,-0.001109963,-6.915785e-4,-7.864522e-4,-7.564011e-4,-3.610295e-4,-2.353709e-4,-0.00123336,-3.436124e-4,-7.442907e-4,-7.087468e-4,-6.558857e-4,-6.583311e-4,-2.060713e-4,-9.914976e-5,-4.922052e-4,-2.110067e-4,8.963598e-5,-2.466264e-4,-6.771884e-4,-4.202045e-4,-4.674992e-4,1.459248e-4,7.475526e-4,-3.835512e-4,-4.247514e-4,0.001464253,0.002227697,0.004093309,0.002244557,0.00247652,0.004241992,0.00545705,0.007895227,0.02115383,0.1080411,0.3109489,0.4128616,0.1980501,0.04895209,0.02692931,0.03146791,0.0399459,0.04849968,0.05832492,0.07003015,0.08270329,0.09736357,0.1162447,0.1336526,0.1515917,0.1706266,0.1919004,0.2108054,0.2310751,0.2495137,0.2706116,0.2850844,0.2972127,0.3080174,0.3144623,0.3194243,0.3252789,0.3260708,0.320883,0.3203522,0.3135031,0.3064784,0.299887,0.2909364,0.2848935,0.2746913,0.2668973,0.2601481,0.2532876,0.2557845,0.2536026,0.2533158,0.2523683,0.2632543,0.2784828,0.294262,0.3189622,0.3273242,0.354288,0.3790844,0.3989386,0.4354109,0.4722899,0.4846928,0.5300805,0.4558945,0.568008,0.5771414,-0.02859606,-3.191322
406.749,3.454898e-4,-0.007095594,-0.004094214,-0.01337833,-0.001585385,-0.01181515,-0.001907853,-0.007209501,5.730221e-4,-2.307171e-4,-0.008272013,-0.0037876,-0.003575724,-0.007074613,-0.005818574,-0.003575436,-0.001081522,-0.003835658,-0.003708473,-0.001893016,-0.001174608,-0.001552648,-0.002100313,-0.002435619,-5.905645e-4,-0.002919115,-5.957241e-4,1.216376e-4,-0.002961682,8.563244e-5,-0.00454335,-0.004974485,-0.002594734,-0.008946795,-0.0061391,-0.007384075,-0.007778381,-0.002568943,-0.003854586,-0.002320958,-0.008077267,-0.002140354,-0.002825058,7.156781e-4,-0.001005301,-0.008983437,-0.008851026,-0.006369048,0.001173877,-0.002261248,0.001292483,-0.005891441,0.001481014,-0.002790868,-0.002583156,5.149307e-4,-0.001800451,-0.003084255,8.812596e-5,-0.001716957,-0.00229174,-0.003385431,-0.00239403,6.703527e-4,-0.00149217,-4.167504e-6,0.00134163,-0.002680458,-0.004733014,-0.003652557,-0.003260153,-0.00255948,-0.001841052,9.568324e-4,-0.001694959,-6.131286e-4,-1.804468e-6,-0.001400878,-0.001877589,-0.002985208,-8.109471e-4,-0.002145752,-0.002695953,-0.003653319,-0.001058874,-0.001919726,-6.406462e-4,-0.001250189,-0.0013902160000000001,-0.001090943,3.249169e-4,-0.002266039,3.761913e-4,-0.002281632,-1.051776e-4,-3.379976e-4,-6.810348e-4,1.242002e-4,-6.913624e-4,5.167558e-4,-6.111274e-4,-2.775172e-5,2.250173e-5,-8.426709e-4,-0.001164519,-9.50263e-4,-5.942847e-4,-9.962178e-4,-1.509249e-5,-4.88129e-4,-2.172233e-4,-3.928863e-4,-1.153301e-4,-4.612631e-4,-4.242009e-4,-3.853922e-4,1.541083e-4,-3.193678e-4,-7.709842e-4,5.0542e-4,0.00158006,0.001915787,0.004774925,0.003687504,0.003866045,0.004538602,0.005420774,0.00708585,0.01226504,0.08129195,0.2642026,0.3849331,0.2809917,0.07564998,0.02688591,0.02998809,0.03741919,0.04677397,0.05441954,0.06609863,0.07853905,0.09251163,0.1075355,0.1263607,0.1455442,0.1638299,0.1818091,0.2008699,0.2242312,0.2423617,0.2614493,0.2767693,0.2950914,0.3090864,0.3191811,0.324607,0.3248882,0.3297476,0.3313069,0.3275997,0.3227615,0.3163418,0.3137597,0.3030012,0.2977887,0.2890058,0.2809112,0.2722935,0.2641988,0.2596557,0.2597822,0.2552155,0.2616418,0.2650052,0.2720302,0.2810383,0.3085783,0.3209397,0.3409595,0.3737563,0.4043937,0.4088913,0.4291171,0.481735,0.4846327,0.5369361,0.5434761,0.6309014,0.3126409,0.4582208,-2.495323
409.049,0.005593219,0.01406635,-0.002185498,0.007362765,-0.002859565,0.01398057,-0.003771603,0.005657812,2.826504e-4,0.001921066,0.006154405,0.001166008,-0.004296884,0.003421427,0.002880603,1.469839e-4,0.003880313,-6.123843e-4,0.003566484,0.002063197,-2.494211e-4,-3.49229e-4,0.001371161,0.002067197,-7.592884e-4,-7.664989e-4,0.001064079,2.454101e-4,5.586644e-4,1.746409e-4,0.002875447,0.00491898,-0.001090972,0.01070111,0.007321793,-0.002500054,0.008554888,0.005547475,0.002593464,-0.00335525,0.001537749,-6.079421e-4,0.001763126,-0.002289535,1.412555e-4,0.002359417,-0.001920178,0.002005266,2.562091e-4,7.895834e-6,8.261249e-4,0.001711492,1.128038e-4,-1.103119e-4,-7.426811e-4,-1.013374e-4,9.585658e-5,0.001047042,2.787234e-4,-3.577006e-4,0.00375116,0.001887304,-8.44388e-4,0.001498542,-5.703785e-4,3.196981e-4,0.002343388,-1.54036e-4,-3.651895e-4,0.001206136,-0.001099651,0.001731391,0.001171569,8.266133e-4,3.698381e-4,8.488471e-4,2.974062e-4,1.737089e-4,-0.00123765,0.001583297,5.806932e-4,-4.130738e-4,-2.488321e-4,5.863883e-4,8.098993e-4,2.777735e-4,2.742068e-4,1.341351e-4,1.711324e-4,5.367692e-4,5.59147e-4,0.001778672,5.211916e-4,0.001252841,3.419686e-5,0.001165528,7.056553e-4,8.045543e-4,1.478743e-4,8.516736e-5,-1.653832e-4,0.001021634,-6.921024e-5,-9.047135e-5,-5.762346e-4,-1.812488e-4,6.448956e-4,2.273727e-4,1.324862e-4,4.847583e-4,1.124032e-4,-2.556574e-4,2.890955e-4,2.13734e-4,-2.757971e-4,1.896532e-4,2.008057e-4,2.540166e-4,0.001424858,9.536828e-4,0.002936621,0.00408119,0.005130138,0.005310836,0.004940229,0.005474629,0.006436701,0.009291317,0.04977379,0.2093551,0.378003,0.2940296,0.1170766,0.03177791,0.02955596,0.03486544,0.04340217,0.05088902,0.0617343,0.07465449,0.08760893,0.1013322,0.1188357,0.1366027,0.1552152,0.1713987,0.1924826,0.2141753,0.2304723,0.250938,0.2698708,0.286843,0.2987606,0.3121978,0.3223454,0.3293796,0.335682,0.3331005,0.3361903,0.3309718,0.3255105,0.3211652,0.3132812,0.3072612,0.2979706,0.2930812,0.2841577,0.27626270000000003,0.2707014,0.2668139,0.2612426,0.2637001,0.2658181,0.2739704,0.2800255,0.2943933,0.3165468,0.3396062,0.3609456,0.3754575,0.4027014,0.4335976,0.4597381,0.5054815,0.5243431,0.5625461,0.6086864,0.5421347,0.747061,1.042113,0.3993556
411.349,-0.004857502,-0.005614171,-0.01016113,-0.01828872,-0.009108311,0.005442604,0.001539292,-0.006171719,-8.103029e-4,-0.01274553,-0.003128193,-0.001921207,-0.0012458530000000001,-7.661194e-4,-0.007104073,-3.453381e-7,-0.003297817,-0.004226427,-0.002769948,-0.001482078,-0.00237321,-0.001032896,2.341998e-4,-0.001983441,-0.002130736,-0.00133692,-0.001514978,-6.068137e-4,-0.0013764,-0.002402212,-0.002717931,2.937683e-4,-0.001802232,-0.007717413,-0.006599024,-0.007386583,-0.003036755,-0.001873669,-0.002702898,-0.002255304,4.551604e-4,-4.780952e-6,-0.003034258,-0.001263445,-0.002636285,-9.562189e-4,-0.003917523,-0.004621346,-0.00650835,-0.00182113,-0.005308634,-0.003494523,-0.001786891,-5.423775e-4,-0.0010521,-6.049e-4,-0.001940611,-9.587683e-5,-2.737062e-4,-0.002200596,-0.001031748,2.545003e-4,-0.001748959,-0.002298948,8.101563e-5,-0.002684271,-0.002079066,-0.004108888,-0.001226706,-0.00195599,-0.001619796,-0.001968203,-0.002437913,-3.122135e-4,-9.149397e-4,-0.002809661,-0.001338505,1.135601e-4,-8.290182e-4,-0.00129299,-0.002146857,-0.00285666,0.001138862,-4.323749e-4,-0.002582104,-0.001003293,-0.002715063,-0.001261986,3.812884e-4,1.213275e-4,-4.733065e-4,-4.574491e-4,-9.544565e-4,-4.279767e-4,-6.828881e-4,3.608792e-4,-0.00104658,-0.001067136,1.465084e-4,-5.907137e-4,-2.957373e-4,-2.522627e-4,-1.384536e-4,-3.33603e-4,-2.184643e-4,-4.027088e-4,-4.113316e-4,-7.003676e-4,-1.655454e-4,-4.235287e-4,9.943028e-5,-3.496473e-4,-5.356008e-4,-4.254064e-4,-4.616471e-4,4.178223e-4,9.584346e-5,1.3564e-4,6.306844e-4,0.00201593,0.002111598,0.00384514,0.004645009,0.003688533,0.00389199,0.006212209,0.007869298,0.02916814,0.1475254,0.3422654,0.3394301,0.1346628,0.03895118,0.02651787,0.03187703,0.03832481,0.04809065,0.05801124,0.06851732,0.08225648,0.09524283,0.109244,0.1267713,0.1439673,0.1646494,0.1836201,0.2020575,0.2202241,0.2373963,0.2590101,0.2738001,0.2902664,0.3045146,0.3170136,0.3254236,0.332932,0.3344699,0.3360693,0.3345047,0.3307583,0.3252198,0.319894,0.3154276,0.3067622,0.2994842,0.2935544,0.2865285,0.2746961,0.2706848,0.2678539,0.2658168,0.2632523,0.2658195,0.2683678,0.2885419,0.2956836,0.3250741,0.3462123,0.3555611,0.3761413,0.4073674,0.4306139,0.4533671,0.5002781,0.522821,0.554565,0.5552203,0.5864108,0.4104339,1.0336,0.5044219
413.651,0.005785745,0.005248293,0.004884605,0.003154419,0.00187151,0.0149616,0.01352694,-0.002924968,0.01380536,0.007493915,0.003277668,0.001777644,0.002965766,-1.521427e-4,0.004068701,0.003746859,0.001700755,0.001796585,-3.113709e-4,0.00321346,0.001379748,0.001912212,0.002450603,6.17063e-4,0.001599457,-6.341193e-4,7.515118e-4,0.00120186,0.003890489,5.099706e-4,0.004043415,0.004226332,0.002666651,0.005625313,6.130421e-4,0.00244039,0.006022397,0.002942533,-2.983556e-4,0.00282733,0.001352378,-8.791638e-4,0.00272762,0.005034821,0.001782519,4.049755e-4,0.004135383,0.004448946,0.006330542,0.004805252,-2.383696e-4,4.426136e-4,0.003647256,0.004315688,9.342286e-4,0.004798683,2.878923e-4,0.003443902,7.204873e-4,7.852127e-4,-1.682416e-4,-3.376742e-4,-7.483304e-4,0.001139999,0.003197792,0.001252549,0.001756778,0.001629016,7.84757e-4,-0.001525281,0.002007366,1.954365e-4,0.001524667,8.666391e-4,0.001333162,7.701288e-4,0.002828357,0.001972989,0.001264522,6.403232e-4,0.003483452,9.07464e-4,0,0.001049583,5.116733e-4,5.870601e-4,5.2692e-4,6.019112e-4,3.766644e-4,9.698146e-4,5.476361e-4,7.56142e-4,1.458705e-4,0.001332792,0.001252513,0.00078141250000000005,8.140347e-4,7.540128e-4,7.555204e-4,8.081566e-4,7.491059e-4,0.001023616,2.734345e-4,5.715221e-4,1.738738e-4,-5.995281e-4,0.001372363,2.247191e-4,5.546347e-4,1.417314e-4,4.601138e-4,5.460754e-4,4.829941e-5,2.355583e-4,4.636251e-4,-1.574792e-4,9.061843e-4,0.001414306,0.001423797,0.002510965,0.00423763,0.004619527,0.005050004,0.005176421,0.006226461,0.006533959,0.01741392,0.1028544,0.2851781,0.3514098,0.1881161,0.04342663,0.02616954,0.030995,0.03631742,0.04542852,0.05339238,0.06446732,0.07627357,0.09116855,0.1034717,0.1196816,0.1351191,0.1541409,0.1753104,0.1946582,0.2113339,0.2310036,0.2477637,0.2665565,0.2813432,0.2955549,0.3139502,0.317629,0.3282624,0.334598,0.3389099,0.338387,0.3387301,0.3340129,0.3305072,0.3264042,0.3178524,0.3097416,0.3035497,0.2947814,0.2907302,0.2833676,0.2763218,0.2711255,0.2710699,0.2708553,0.2769499,0.2797186,0.2987769,0.3063324,0.3297852,0.3497135,0.3736896,0.4044814,0.4383376,0.4452234,0.4731818,0.5192283,0.5532284,0.5856295,0.5512078,0.6301319,0.9446347,1.072938,3.474568
415.953,-6.297836e-4,-0.002914232,-0.01687466,0.01137746,-0.001227018,-0.00313379,-0.005462008,-0.008329958,2.531685e-4,-0.005324387,-0.003421873,0.001385824,-0.004395597,-0.001352535,-0.003866148,-9.450962e-8,-0.00465334,-0.003669275,0.002826069,0.001181951,-4.8118e-4,6.765556e-5,-3.999109e-4,-8.888645e-4,-0.001354562,-3.416627e-4,-0.001712715,-0.00154378,9.438245e-4,0.002437143,-0.005547865,-0.007057219,0.001073075,-3.940916e-4,5.276168e-7,0.002043037,-3.309537e-4,-0.006891033,-0.003685172,1.442777e-4,-0.004603089,-0.002042424,-0.002552448,-1.448304e-4,-0.002300984,-0.0024158,0.001190937,-9.091821e-4,8.774222e-4,-0.002976416,0.001817839,-8.815672e-4,-0.003280881,7.479639e-4,-0.002981153,-9.819344e-5,0,-6.438068e-4,-0.001334305,-0.001292312,-7.586906e-4,-0.001410444,-6.544658e-4,1.591091e-4,7.700272e-5,-9.2744e-4,-7.548348e-4,-9.518855e-4,3.557846e-4,-8.888001e-4,-0.001391443,7.06489e-4,-5.561677e-7,6.094078e-5,-6.014154e-5,-7.025611e-4,-0.001083165,-0.002561401,-0.001085188,-0.001162769,-2.422097e-6,-9.005071e-4,2.422002e-4,4.713566e-4,-0.001702388,-2.682268e-4,6.552567e-4,-0.001317971,-9.95743e-4,-5.204571e-4,-3.853023e-5,2.988872e-4,-3.595622e-4,9.636881e-4,-7.01709e-4,-9.58369e-5,1.137483e-6,5.952329e-4,-3.727382e-4,-1.38735e-4,-2.652067e-4,4.896758e-5,4.484994e-5,3.484208e-4,-2.563988e-4,5.822086e-5,7.329565e-5,-5.383435e-4,-3.866135e-4,6.928122e-5,-1.957428e-4,-1.211457e-4,-1.840179e-4,1.418686e-4,2.041759e-4,7.747258e-4,1.892359e-4,0.001262887,0.002091139,0.003781039,0.003622774,0.004504681,0.005021417,0.006534691,0.006410667,0.008512026,0.06325356,0.2078511,0.333704,0.2196382,0.06562157,0.02466653,0.02855864,0.0334721,0.04087877,0.04884439,0.05814371,0.07086195,0.08366912,0.09754842,0.1113727,0.126668,0.143022,0.1651906,0.1816323,0.203329,0.2210425,0.2365528,0.2526072,0.271666,0.2855865,0.3005189,0.3149322,0.3220141,0.3314177,0.3359472,0.3396507,0.3407432,0.3371038,0.3333124,0.3268199,0.3224115,0.3141886,0.3093939,0.2997698,0.2941191,0.2864031,0.2814176,0.2755388,0.2720104,0.2723797,0.2693615,0.2762955,0.2834335,0.2925645,0.3188531,0.3395542,0.3546688,0.377103,0.4013772,0.428737,0.4527539,0.4789101,0.5066837,0.5419017,0.551179,0.5835998,0.6128573,0.5924993,1.148931,2.055411
418.255,-6.016434e-4,-0.006034047,-0.00445037,0.008415417,-0.007843831,0.004024578,-0.002689125,2.535864e-5,0.003114642,-0.01207704,7.121436e-4,3.716555e-4,0.00529259,-0.005181045,-0.002433364,-0.00168321,0.0042022,0.003498976,8.243093e-4,-7.146696e-4,6.320423e-4,-0.001328865,-3.407844e-4,-0.002347491,-4.447756e-4,0.001683428,-6.18397e-4,-1.759525e-4,-0.001327639,-0.002235929,-0.001973711,-0.001277589,-0.004185612,-0.005095401,-0.005775834,-0.002199344,1.641695e-4,-0.003016696,-0.002612149,-1.535035e-4,0.004827073,0.003875406,-0.001265677,0.003673715,-0.00187134799999999,-0.001454821,0.001425926,-8.948985e-4,0.001103866,-0.001766719,-0.001449012,-0.003273522,-0.002482359,-7.374945e-4,-0.001318756,-5.85359e-4,-0.001036126,-0.001087657,0.003065748,-0.004588088,-0.001079791,0.001386883,0.002651799,-0.003251682,-0.00280426,0.001216537,0.002230735,-7.215213e-4,-4.896381e-4,-0.001756213,-9.83448e-4,-4.439151e-4,1.857837e-4,-0.00108838,-1.778491e-4,-7.133702e-7,-0.002022547,-2.219371e-4,-7.501275e-4,-0.001041636,-9.119889e-4,2.456793e-4,9.075518e-4,-0.00130255,-0.001042852,-0.00180821,-0.001377932,-3.379126e-4,-6.964922e-4,1.564744e-4,-3.023467e-4,7.176914e-8,-4.248875e-4,-7.529287e-4,0.001120059,1.569717e-4,1.830404e-4,-5.004746e-4,8.769856e-4,2.165091e-4,-7.303794e-4,-3.405835e-4,-4.880624e-4,-5.580696e-4,1.045045e-4,5.535371e-5,3.971399e-4,-3.889356e-4,2.860524e-4,-2.604004e-4,-2.318606e-4,-9.479928e-5,7.159444e-5,4.091316e-4,-1.991392e-4,5.323717e-4,4.085618e-4,0.001186401,0.00301537,0.003719318,0.003594071,0.0045335,0.005870493,0.005835338,0.007858,0.03720405,0.1570165,0.2725743,0.2549995,0.08758976,0.02546189,0.02619796,0.03144657,0.03660311,0.04604156,0.05419844,0.06498245,0.07742562,0.08980866,0.1039148,0.1177931,0.1329591,0.1515706,0.169002,0.1853733,0.2055217,0.2232119,0.2419466,0.2589529,0.2770704,0.291598,0.3030237,0.3138817,0.3250143,0.3350991,0.3372578,0.3386971,0.339651,0.3388144,0.3309565,0.3298152,0.3237875,0.3141281,0.3056878,0.3033266,0.2921732,0.2850555,0.2815192,0.2779309,0.2766988,0.2735701,0.2736178,0.283478,0.2834744,0.3016807,0.3175311,0.3350168,0.3573524,0.3805344,0.4118417,0.4326832,0.4603321,0.4938896,0.5085733,0.5423342,0.548657,0.6126235,0.6014198,0.787137,0.899986,0.08177939
420.559,-0.01208154,-0.02836287,-0.01702884,-0.01081049,-0.01797335,-0.01041444,-0.01332231,-0.004490888,-0.01736288,-0.01126552,-0.001222674,-0.004271115,-0.005948095,-0.006441525,-0.007531339,-0.005271769,-0.002015111,-0.00507307,-0.004481621,-0.00353333,-0.004297051,-0.003090115,-0.002353107,-8.639076e-4,-0.002199366,-0.002442079,-0.004060166,-0.003066646,-0.002364297,-0.004010326,-0.005192567,-0.008139034,-0.01203369,-0.01626349,-0.007483236,-0.008681319,-0.009660808,-0.005370837,-0.01190679,-0.007018369,-0.007088671,-0.008662023,-0.003319692,-0.008356355,-0.006225171,-0.007058011,-0.004376376,-0.00692829,-0.004021166,-0.00429309,-0.005611792,-0.004199719,-0.004262388,-0.006129394,-0.003907908,-0.005969431,-0.004453735,-0.0024233,-0.003642661,-0.005797869,-4.930308e-4,-0.005492681,-0.00580762,-0.005410017,-0.005159611,-0.004671814,-0.004851574,-0.002424037,-0.003582764,-0.002865704,-0.003417843,-0.00338459,-0.002570645,-0.001373264,-0.003797553,-0.003252549,-0.004392952,-0.00314633,-0.001536591,-0.002831907,-0.002602008,-0.003117263,-0.001086406,-0.001562442,-0.002823789,-0.001786745,-0.002593465,-0.001826703,-0.001691489,-0.002732243,-0.001431462,-0.002037813,-0.001717097,-0.001349683,-0.001303512,-0.001347649,-0.001238804,-8.426898e-4,-0.001427426,-0.001612039,-8.22352e-4,-0.001395164,-0.001032516,-0.001271316,-5.420539e-4,-4.605331e-4,-4.998771e-4,-4.455806e-4,-6.015209e-4,-3.798433e-4,-4.690608e-4,-5.961967e-4,-6.544985e-4,-1.037324e-4,-2.272514e-4,-2.597522e-5,3.65605e-4,0.001198975,0.001977028,0.002694406,0.003561747,0.004074332,0.004598233,0.006490736,0.02385874,0.1197312,0.2436564,0.2205859,0.122324,0.02953407,0.02285723,0.02927071,0.03377785,0.04164144,0.0493244,0.06022897,0.07145835,0.08174857,0.09632982,0.1114872,0.1259016,0.1421185,0.1586997,0.1776117,0.1949749,0.2139545,0.2304779,0.2493166,0.2662521,0.2798264,0.2938474,0.3075722,0.3154446,0.3274412,0.3322924,0.3377897,0.3384265,0.3375625,0.3392416,0.3283092,0.3225898,0.3176238,0.3160944,0.30586410000000003,0.3021415,0.2912005,0.2903469,0.2854179,0.2789959,0.2717611,0.275782,0.2726545,0.2864009,0.2885948,0.299499,0.3141652,0.338533,0.3616242,0.3784884,0.41443990000000003,0.4320098,0.4685311,0.4919292,0.5116509,0.5089423,0.5709352,0.5818634,0.5800317,0.4505063,0.2706013,-0.3724085
422.863,-0.002157119,-0.008427041,0.007272091,-0.003033422,-0.008912443,0.009996689,0.003810053,-0.001683081,-0.008081826,-2.283396e-4,8.662666e-4,-9.637645e-4,-0.00200179,1.448073e-4,1.488101e-4,2.742387e-4,-0.004237935,-0.001256839,-0.002118052,-0.001483758,-0.003943904,2.600162e-4,-1.183273e-4,0.001605706,-0.002775524,-0.002087496,-0.001598201,-2.855032e-4,9.752014e-4,-0.002106093,8.570365e-4,-0.001388487,-0.002384155,-0.00306822,-1.941063e-4,-0.003399768,4.759075e-4,-0.003100487,-0.002839335,-0.007228684,0.004868335,-0.002810377,-0.001911962,0.005468562,-9.194611e-4,-2.581178e-4,0.001139869,1.435925e-6,6.034556e-4,-0.007686711,3.30338e-4,-0.00244647,-9.478209e-4,-0.001131032,0.002281119,0.001048696,-0.002389701,-5.323384e-4,-5.996869e-4,8.296228e-5,-0.00495865,-0.001759126,-2.337587e-4,-0.002794038,-2.286768e-4,-6.691657e-4,-0.002183912,-1.489711e-6,1.340145e-4,-5.907535e-4,5.107986e-4,-0.001303457,-0.001210396,9.473727e-4,1.176522e-4,0.001412119,-0.001320422,-9.125796e-4,-1.041908e-4,0.001019173,-0.00108761,-0.001060591,-0.00130716,-0.001455413,-1.331427e-4,-3.88113e-4,-5.032738e-4,-0.001601783,6.812853e-4,7.758251e-5,-0.001192654,-3.242065e-4,-9.022494e-4,1.035265e-4,-5.479609e-4,6.263432e-5,-6.8918e-4,-7.799515e-4,-8.5863e-4,-5.843079e-4,7.151872e-4,1.82172e-6,-3.473513e-4,-6.498156e-4,-4.331835e-4,-6.277294e-4,-4.947723e-4,-2.796687e-4,-3.294168e-4,-1.068508e-4,-7.609909e-4,-3.429343e-4,-1.926823e-4,8.32321e-5,5.154847e-4,0.001219483,0.001962062,0.001862347,0.002009671,0.004138756,0.004563182,0.006085069,0.006498209,0.01555027,0.09128155,0.217077,0.2334116,0.1171412,0.04344719,0.02359293,0.02571319,0.03252996,0.03998485,0.04768611,0.05696324,0.06732502,0.07875173,0.08968739,0.1051493,0.1201594,0.1343464,0.1501505,0.1675982,0.1886253,0.2071713,0.2227774,0.2383959,0.2573118,0.2691317,0.2846501,0.2972838,0.3104362,0.3198305,0.3274387,0.3344942,0.3361072,0.3381047,0.3368052,0.3348995,0.3305617,0.3261409,0.3239084,0.3126745,0.3074097,0.3017294,0.2930104,0.289591,0.285291,0.2783179,0.2791582,0.2777587,0.2801003,0.2844266,0.2956975,0.3100095,0.3271152,0.3538184,0.3688284,0.4029058,0.415881,0.4395208,0.4581416,0.4999818,0.5299306,0.5837023,0.5628134,0.6745471,0.6323296,0.8844421,0.7344589,-0.771362
425.168,0.01089346,-0.004616494,0.001143503,0.00107398,-1.144221e-5,-2.973038e-4,0.00490457,-0.001669139,0.005263281,-0.005737224,0.001538682,0.001666085,-4.651758e-4,-0.001145114,0.002358271,1.354368e-4,0.002831991,0.001577331,-8.999691e-4,5.341089e-7,-0.001298857,-0.001478052,5.388806e-5,4.219653e-4,-1.612786e-4,0.001410654,2.172224e-4,0.001018434,1.28411e-4,-8.80538e-4,-0.002958009,0.001508814,-0.001678169,0.002267159,0.006739793,0.002121861,-0.0036218,0.00102147,-0.002665006,0.003087165,-8.490999e-4,0.00472372,4.067537e-4,-9.172101e-4,0.001809427,-0.002043919,3.794654e-4,-0.00221784,0.001429308,-0.002042959,0.002694712,-0.00156959,-1.893753e-7,4.070226e-4,-0.002058087,-6.596751e-4,-0.001904121,-0.00122843,4.252066e-4,-6.563931e-4,0.001364178,0.003475498,0.002023534,0.001380948,1.507664e-4,0.004493424,0.00165311,9.755232e-4,-8.072514e-4,1.328057e-4,0.001070753,-5.507031e-4,0.001556623,-0.001576717,-0.001370184,0.001060035,1.629144e-4,0.00100686,0.002068515,2.012522e-4,1.483458e-4,-0.001620258,0.001155319,-8.557781e-4,8.327871e-4,-0.001064123,-6.236829e-4,-6.081088e-4,-7.56394e-5,4.586946e-4,-6.640411e-4,-3.914406e-4,-0.001096648,3.52354e-5,3.506404e-4,4.290607e-4,-8.875944e-4,2.857842e-4,4.921097e-4,5.282735e-5,1.260967e-4,4.767038e-5,1.715661e-4,6.84392e-4,-6.075268e-5,1.718646e-4,1.745307e-5,1.693121e-4,2.592331e-4,-1.092608e-4,3.490104e-4,-1.382172e-4,1.907402e-4,2.052683e-4,6.500309e-4,0.001051287,0.001885419,0.003596171,0.004206744,0.004960444,0.004946409,0.005756296,0.01101869,0.06703873,0.1934613,0.2457614,0.1448817,0.04485561,0.0224692,0.02507059,0.03130202,0.03611828,0.04561775,0.0515855,0.06340025,0.07315219,0.08432954,0.0973614,0.1105342,0.1251335,0.1411669,0.1556602,0.1748856,0.1896747,0.2100089,0.2283394,0.2448256,0.2604229,0.2728096,0.2896605,0.3010494,0.3111959,0.3207216,0.3276499,0.3352362,0.3378395,0.336134,0.3354624,0.332008,0.331379,0.3238329,0.3192386,0.3118433,0.3041478,0.3003806,0.2938442,0.2873398,0.2821703,0.2810394,0.280477,0.279389,0.2811487,0.289264,0.3002619,0.3122504,0.3333074,0.3541319,0.3796488,0.3986367,0.4237963,0.4520903,0.4830438,0.5068848,0.5384586,0.566749,0.5914111,0.6260213,0.6329353,0.7478837,0.700287,0.7700285
427.474,-3.058531e-4,0.00426685,2.808439e-4,-0.002943404,-0.003488425,-0.007099641,-0.007137111,-0.00163055,-0.003448591,6.505823e-4,-0.002375378,-7.056242e-4,-5.746788e-4,-0.001555442,0.003637888,-0.00254674,0.001824582,-0.001112886,-0.001374335,0.00110942,0.001509402,6.315209e-5,1.150788e-4,-8.340349e-4,-3.718687e-4,-8.577497e-4,-2.157681e-4,6.705373e-4,5.012097e-7,-0.001978071,-0.004601808,-0.001220319,-0.001999599,0.002247145,-0.001713098,3.505841e-4,-0.00124388,-0.001298696,0.003602935,-0.002360852,-0.004752027,0.003427515,-0.003340586,0.003905001,-0.001148315,-1.268764e-4,0.00174228,-6.054892e-4,-8.258775e-4,-0.00112312,-7.494816e-4,-4.166187e-4,-3.092738e-4,-0.001305724,0.002517232,0.005674471,4.471237e-4,0.001906497,-0.001172712,-8.9222e-4,-5.537114e-4,0.001170512,9.992955e-4,0.002727978,-0.002158082,-8.017476e-4,-0.003977899,-0.001239044,-3.338143e-4,1.29347e-4,-3.715117e-4,-0.001392981,1.986767e-7,5.194705e-4,3.372821e-4,-0.002040335,-5.913984e-4,2.098153e-4,0.001790448,-1.485887e-4,-4.332936e-4,-3.2721e-4,-6.406402e-4,4.533193e-5,0.001516165,-3.373994e-4,7.377441e-4,3.877194e-5,-1.970098e-4,6.773533e-4,3.650593e-4,-7.030648e-4,1.355766e-4,5.228765e-4,2.203214e-4,3.023204e-4,-4.953651e-4,4.501736e-4,-3.514959e-4,-1.820972e-4,6.969277e-4,-5.81385e-4,1.063882e-4,4.295796e-4,6.241574e-4,6.339328e-4,2.759503e-4,6.953046e-5,3.044092e-4,6.863211e-4,1.479481e-4,2.617765e-4,2.132386e-4,8.099912e-4,0.001043603,0.00189606,0.002261089,0.002890558,0.005236396,0.005366368,0.0050813,0.008457293,0.04540888,0.1743755,0.2508117,0.1795862,0.05960385,0.02322943,0.02398871,0.02785684,0.03426348,0.04074854,0.04965792,0.05780485,0.06725499,0.07912668,0.09120825,0.1032471,0.1184019,0.1315942,0.1465586,0.1653198,0.1830602,0.1979791,0.2131154,0.2343682,0.2483059,0.261988,0.2754098,0.2900555,0.2986498,0.3076437,0.3193068,0.3268469,0.3313925,0.3333532,0.334981,0.3315766,0.3299695,0.3295003,0.3219479,0.3174235,0.3088839,0.304863,0.2992593,0.291443,0.2864434,0.2811237,0.2792865,0.2795483,0.2797967,0.2855265,0.289427,0.298086,0.3163443,0.3363082,0.3594201,0.3762432,0.4041551,0.4270974,0.4577634,0.4789639,0.514158,0.5264959,0.5785652,0.5839048,0.584731,0.6716187,0.6958594,0.3846011,1.519272
429.781,-0.001475155,0.001779917,-0.005055004,0.004231295,0.003408622,8.46117e-4,-0.006512539,-0.00350886,-0.001959457,-0.003229685,-0.002681418,-3.54649e-4,-0.00136217,-0.002514669,-0.003452809,-0.003575114,-0.005408294,-8.826385e-4,-4.876472e-4,-0.001685145,8.941435e-4,3.135997e-4,-4.339094e-4,-1.066397e-4,6.818971e-4,5.247575e-5,-0.001592543,9.948213e-4,-0.002760101,-0.001169114,-0.001750951,-0.001205026,-8.106203e-4,-0.006646761,-0.001690662,0.005006875,0.00153502,0.002279253,-0.002326613,-0.003964433,-0.002485428,0.002032377,-0.003955473,7.765989e-4,0.001649898,0.002246421,-0.002579746,6.059486e-4,-2.294564e-4,0.002329316,-6.256183e-4,1.055826e-4,-0.001524343,1.986339e-4,0.00220002,-0.001928793,0.001595743,-0.001794451,-0.002811236,-0.001042098,-0.002589535,-0.0041621440000000004,-0.001288257,7.492583e-4,0.001177728,2.88677e-4,-2.106751e-4,-0.00190408,0.00112037,0.001019545,0.001293939,-0.002989008,8.190367e-4,9.787002e-7,2.792948e-4,5.44499e-5,-5.822751e-4,-0.001241526,-0.001563442,-7.847849e-4,-0.001333845,6.521831e-4,-3.140089e-4,2.206008e-4,-0.001497126,-2.489008e-4,-9.736284e-4,-9.893144e-4,6.543155e-4,-0.001338991,-0.001007317,1.729404e-4,4.014745e-4,-7.715244e-4,-9.947352e-4,6.014411e-5,-2.296391e-4,-8.603189e-4,-3.466442e-4,-5.885641e-4,-0.00058832070000000005,-9.062573e-5,-4.397255e-4,-1.00787e-4,1.996395e-4,-3.475802e-4,-5.453945e-4,-3.374976e-4,2.188301e-4,-1.817002e-5,2.483743e-4,2.54247e-4,6.672988e-4,0.001193518,0.001629841,0.001706563,0.002893546,0.004480851,0.003980004,0.003675446,0.006589692,0.02847231,0.1504864,0.278679,0.2018846,0.08378804,0.02445504,0.02065748,0.02669696,0.03073165,0.0376431,0.04536217,0.05442064,0.06249127,0.07333462,0.08318869,0.09813121,0.1083476,0.1241301,0.1382986,0.1521531,0.16865840000000001,0.1854222,0.2034759,0.2209668,0.2357409,0.2516568,0.2636937,0.2789392,0.2933492,0.300398,0.3108976,0.3209446,0.3240869,0.3308327,0.3302786,0.3332994,0.3306276,0.3282348,0.321892,0.3166873,0.3116066,0.3056377,0.2974855,0.2909146,0.2893151,0.282887,0.281499,0.2814625,0.2782079,0.2793832,0.2864917,0.2933472,0.3039908,0.3157878,0.3392336,0.3605023,0.3858787,0.4087056,0.4380347,0.4562559,0.4809449,0.5119576,0.5450593,0.545664,0.6050009,0.6198644,0.5615923,0.6959484,1.290035,1.368314
432.088,0.008499394,0.005972816,0.00137938,0.001563054,0.004802471,0.003176316,0.008399819,0.00638762,0.01453258,6.27624e-4,-0.002850333,0.001494198,0.003161009,0.002640023,-0.002150559,-0.002242058,-4.804781e-4,-9.881163e-4,-4.898949e-4,0.003349292,-0.001707596,0.002183734,6.290419e-4,0.001897513,-5.750141e-4,-2.642918e-4,5.257119e-4,0.00203437,4.350454e-4,0.002645554,-8.119915e-4,0.00479702,0.00247299,7.421147e-4,0.01066241,0.00137668,0.005348279,-0.002407488,0.00572965,0.004087174,-0.002474503,-8.016413e-4,9.255404e-4,7.638663e-6,0.004283791,-0.003475423,0.00343173,1.279647e-4,0.003475462,3.467798e-4,-1.949406e-4,7.220966e-4,0.001117993,0.001283535,0.003712587,0.001097711,0.001412852,5.115825e-4,6.639692e-4,0.001835915,0.001245684,0.002072479,0.001666304,-2.219628e-4,1.47722e-4,5.763163e-4,0.001045539,6.120951e-4,-1.944396e-4,-0.001134853,3.737188e-4,8.942902e-4,0.001163779,0.001251255,3.378187e-4,-7.581898e-4,5.288503e-4,6.70833e-4,0.001308053,-9.263583e-4,-1.394571e-4,-5.9832e-4,0.002427729,0.001223907,8.092434e-4,9.537397e-4,3.664791e-4,-2.722482e-4,-6.085827e-4,3.006504e-4,-2.766636e-6,-6.779714e-7,-3.341544e-4,0.00125544,7.119858e-4,1.794667e-4,-8.286151e-4,5.839777e-4,4.519875e-4,-4.8341e-4,-6.823279e-4,3.436986e-4,-4.11195e-5,4.245039e-4,-2.367393e-4,-1.427375e-4,-3.983246e-7,3.713827e-4,1.112075e-4,5.173129e-4,5.171901e-4,8.469165e-4,9.525403e-4,0.001469827,0.001706284,0.002750767,0.003278109,0.005084155,0.006002435,0.005912817,0.01617378,0.1113829,0.2747063,0.2717232,0.1053208,0.03007612,0.02026967,0.02326567,0.02917859,0.03537797,0.04217013,0.0503584,0.05886451,0.07012016,0.07940193,0.08984813,0.1054683,0.1158112,0.1297091,0.1450602,0.1573745,0.1780207,0.194417,0.2106732,0.2248221,0.2415191,0.2549718,0.269873,0.2807702,0.2912557,0.3002869,0.3096001,0.3200363,0.3236695,0.3286374,0.3319927,0.329407,0.3264875,0.3247546,0.3224012,0.3144216,0.3127542,0.3044781,0.3006884,0.2927473,0.2915287,0.2852027,0.2835543,0.2784797,0.2805123,0.2828698,0.2868763,0.295278,0.3107297,0.322412,0.3429485,0.3707532,0.4006419,0.4127377,0.4360631,0.4728415,0.4837097,0.5203263,0.5506273,0.583866,0.570655,0.6528519,0.6193378,0.6080504,0.9858783,0.4951646
434.396,0.01023553,0.006843955,0.007768299,0.004697777,0.008193217,0.007803319,0.01008336,0.01377395,0.009173041,0.01089005,0.003136688,0.00670207,0.003492706,-1.40562e-4,0.003994178,0.002759044,0.004295994,0.005680264,0.003748253,0.005017125,0.001628081,7.467821e-4,0.002599404,0.001739389,0.002293441,0.001682587,0.001632727,0.00109839,0.003672734,0.003884414,0.003800974,0.005986406,0.002301551,0.001108084,0.008030916,0.003947653,0.003661265,0.007640616,0.004493026,0.00598591,0.00397411,0.002831786,0.002759395,0.003457502,0.0020162,0.002603505,0.005620148,0.002039048,0.003123906,-0.001520541,0.006066359,0.006437741,0.007177507,0.004631734,0.003231835,0.002556867,0.004583657,0.004936142,0.002552689,-7.957948e-4,0.003345384,0.001992232,7.568937e-4,0.00223176,0.001681055,0.001433745,-0.001884519,0.002302955,0.001833824,0.002280495,0.001351452,3.589395e-4,2.912586e-4,0.003744074,4.463652e-4,0.002273226,0.001371567,0.002676164,9.061387e-4,9.77729e-4,8.124688e-4,0.001018786,7.665702e-4,0.001091412,8.079832e-4,0.002603308,0.001129361,0.002010301,0.002105868,0.002297105,0.001461383,4.134937e-4,0.002457518,0.001379455,8.03668e-4,0.001220213,7.765844e-4,0.001216993,0.001061905,7.407186e-4,0.00190637,8.461288e-4,8.545277e-4,0.001189885,0.001326068,4.419805e-4,9.644165e-4,4.896315e-4,8.564778e-4,0.001330493,7.295892e-4,0.001338023,0.001775317,0.002182972,0.002575257,0.003385821,0.004061037,0.006212876,0.006946388,0.01068096,0.0705004,0.2446607,0.3296183,0.1629856,0.03987921,0.01954619,0.02221945,0.02776352,0.03299193,0.03887421,0.04825993,0.05606657,0.06597626,0.07709107,0.08648233,0.09802663,0.1111833,0.1246326,0.1388768,0.1527275,0.1667516,0.1834453,0.1990039,0.2155039,0.2313519,0.246322,0.2604757,0.2735457,0.2851798,0.2947491,0.3052879,0.3132539,0.3210314,0.3247463,0.3285415,0.3311387,0.3301636,0.3270346,0.3271096,0.3221971,0.3162789,0.3114493,0.3088951,0.2993122,0.2979238,0.2912171,0.2910283,0.2854022,0.2806635,0.2865926,0.2875067,0.2914533,0.305924,0.3105839,0.3354675,0.3544916,0.378812,0.4006532,0.4325298,0.4570237,0.4764896,0.5104711,0.5125963,0.5693305,0.5883196,0.5949627,0.6436714,0.7847625,0.9807458,1.269259,2.457842
436.705,-0.01026107,0.002339643,-0.004162467,0.00625508,-0.003126045,-0.004068544,-0.007305396,-0.005081461,-2.836371e-4,0.001050313,-0.001008037,-0.004964734,-6.739528e-4,-0.004839109,0.003550395,-7.876926e-4,-0.00440169,0.001846074,-0.002504356,-9.240817e-4,-0.002953094,-8.709137e-4,-6.471919e-4,-7.214871e-4,1.026313e-4,3.131859e-4,-1.594547e-4,2.742661e-4,-0.001675409,-6.94319e-4,-0.008063026,-0.00172336,-0.003870085,0.002931323,-0.006135038,-0.008022672,-0.001980384,-0.003098288,-0.003382123,-0.004318286,-0.001095123,-0.004016375,-0.004696273,-0.001520618,-0.001368021,-0.007157194,-0.002053272,-8.272349e-4,-0.002182503,-0.006015505,-0.003314608,-0.005376644,-0.002712095,-1.944228e-4,-0.002648122,-4.540493e-4,-0.001574004,3.563703e-6,-0.002370592,-0.003410836,-0.004189322,-0.001524567,-8.224772e-4,-2.210754e-4,-2.154514e-4,-0.001775058,-7.139859e-5,2.736665e-4,5.253363e-4,3.824599e-4,-0.002066456,0.001067133,1.175762e-4,-2.789194e-4,-0.001651443,-0.002909648,-0.001467924,2.061567e-4,-1.970683e-4,-0.00194163,-4.195749e-4,-0.001788255,-5.768734e-4,4.364866e-4,-0.001100236,-3.681931e-4,-0.001479977,-9.770128e-4,-7.123889e-4,3.341304e-4,-0.001815895,-0.001134877,-1.006963e-4,-7.912018e-4,3.693682e-4,-5.908944e-4,3.610709e-6,-9.581059e-4,1.589948e-4,-9.617626e-4,-4.827889e-4,-9.526995e-4,-7.871611e-4,-8.987325e-4,-7.273381e-4,-4.498991e-4,-6.241378e-4,-6.146267e-4,1.632783e-4,4.066021e-4,4.648609e-4,9.820333e-4,9.576257e-4,0.001728839,0.002107186,0.002191373,0.003823664,0.004784352,0.007591032,0.04495993,0.1843415,0.3181499,0.2345724,0.0646949,0.01967149,0.02002412,0.02595831,0.02990026,0.03465561,0.04330631,0.05065878,0.06038978,0.0701037,0.07943054,0.09143473,0.1024346,0.1163442,0.1285544,0.141416,0.1578232,0.1726129,0.1870618,0.205923,0.2190799,0.2360894,0.2490663,0.2622197,0.2740248,0.28628,0.2966511,0.3065287,0.3130503,0.3188601,0.3240109,0.3267719,0.3289499,0.3261149,0.3244555,0.3205741,0.3162743,0.3123262,0.3095614,0.3013753,0.2982435,0.2949726,0.2889021,0.2873544,0.2846294,0.2842707,0.2836028,0.2865404,0.2935598,0.3001359,0.3154012,0.328165,0.3537336,0.379747,0.4043795,0.4262143,0.451769,0.4717946,0.4986274,0.5333547,0.5502291,0.5539397,0.56432,0.5707251,0.610506,0.5344807,0.5118799,0.5345084
439.015,-6.07728e-4,-0.001825836,0.01319279,0.003608825,0.001662751,0.001965083,-0.003109597,0.004686483,6.734776e-4,0.006116194,9.654583e-4,-0.001049464,0.002676976,0.003021674,0.004091624,0.004294777,0.002597287,0.001078183,-0.001256937,-5.873951e-4,0.00373939,0.001787826,1.49802e-4,3.503362e-4,0.001702707,5.197476e-4,5.721072e-4,7.614264e-4,0.001415602,-4.592682e-4,0.001532775,0.004214513,0.00390034,0.004187288,1.85982e-4,0.001872424,-0.002577673,0.001822424,0.004183201,0.001358657,0.002576865,0.004008791,0.002733697,0.003427588,-9.844835e-4,-3.672934e-4,0.001830589,5.997677e-4,-0.003085755,0.003393177,1.16224e-5,-0.001402679,0.003408756,0.003221374,0.002824334,0.002893633,0.003316855,0.002193417,5.738854e-4,3.951381e-4,0.001999575,6.076532e-4,7.525858e-4,0.001767955,1.480612e-4,9.235826e-4,0.001652749,-8.006182e-4,0.002721129,8.835518e-4,0.001581828,5.334683e-4,8.636007e-4,0.001633687,0.001263595,0.001768781,0.001305818,-4.57108e-4,5.983033e-4,0.001598202,5.312563e-5,2.308234e-4,4.455259e-6,0.001815165,2.527336e-4,0.002129235,6.44222e-4,0.001562601,-3.697929e-4,8.824606e-4,0.001198594,0.002698073,0.001511238,-1.18493e-4,0.001254712,-3.808442e-4,9.407434e-4,2.776455e-4,1.581382e-4,0.001439473,4.371999e-4,7.238535e-4,3.514129e-4,2.627835e-4,4.713428e-4,4.022764e-4,7.201909e-4,5.538923e-4,3.377084e-4,5.366416e-4,0.001210273,0.001376282,0.001756683,0.002484406,0.002748598,0.003853643,0.005335966,0.006043428,0.02857632,0.1450167,0.2850408,0.254942,0.1035632,0.02349035,0.01968969,0.02271745,0.02872504,0.03358335,0.04083096,0.04706379,0.0549296,0.06600648,0.0767883,0.08728989,0.09799993,0.1091398,0.1227106,0.1369545,0.1498167,0.1659238,0.1777777,0.1929048,0.2080204,0.2255552,0.2399222,0.2540785,0.2672113,0.2781422,0.2866674,0.2953615,0.3067912,0.3154069,0.3196537,0.3212129,0.326588,0.3262397,0.3247294,0.321962,0.3191861,0.3158796,0.3092974,0.3077517,0.3009161,0.2977948,0.2906332,0.2887521,0.2849557,0.2836586,0.2845995,0.2846021,0.2913054,0.2970982,0.3069022,0.3201115,0.3391947,0.3602872,0.3835612,0.4096256,0.4370757,0.4598056,0.4873274,0.5145906,0.5435889,0.5465263,0.5801506,0.6410119,0.627907,0.7433494,0.9396904,1.500752,1.506159
441.325,-0.02141675,-0.006835542,-0.004715287,-0.001881787,-3.633781e-4,-0.007502813,-0.006450247,0.001454415,-0.005561956,-0.003816814,-6.992633e-4,-0.001623827,-0.002777592,0.001766401,-0.004929781,-0.003883723,-0.002587465,-0.003876041,-3.227748e-4,-0.001992847,-0.002623988,1.170599e-4,-0.001277388,-1.287727e-5,-7.710926e-4,-0.00155497,-0.002906795,3.793139e-4,-0.003005378,-7.575258e-4,2.195808e-4,-0.001440866,-0.003620509,-0.002684792,-0.006050557,-0.003867427,-0.004812896,-0.005556023,-0.003330386,-0.002910363,-0.003377457,-0.008575345,-1.150437e-4,0.001148454,0.001623937,-6.07275e-4,-0.004533606,-0.002564169,-3.316226e-4,0.002086359,0.002077945,-0.001481788,-0.002864167,-0.002222317,-4.650092e-4,0.00053845780000000005,7.904013e-4,-0.001497511,-0.001849453,-0.003363525,-0.002533901,-0.00210401,0.001045733,-0.00240815,-0.00200371,-0.001181717,-0.001787004,-5.227158e-4,-0.002875652,-0.003463975,-5.25055e-4,-1.704144e-4,-9.094709e-4,-4.347553e-4,-0.001842863,-9.562895e-4,-3.068319e-4,-4.519981e-4,-0.00127382,-7.617083e-4,-3.115468e-4,-3.542421e-4,2.710805e-4,-8.93211e-4,-0.001961957,6.943088e-4,-3.087935e-4,-0.001345091,-5.098246e-4,1.163312e-4,-9.564217e-4,-3.756351e-4,-0.001047619,-1.417267e-5,-3.335043e-4,2.489238e-6,-0.002273821,8.961976e-5,-5.12441e-5,-1.711199e-4,1.981185e-4,9.217797e-5,-4.479846e-4,-4.290595e-4,-9.440694e-5,1.346002e-4,2.148285e-4,-2.322761e-4,7.658713e-4,8.85989e-4,0.00126966,0.001606687,0.001932561,0.002361348,0.003058833,0.003253403,0.005394253,0.0186498,0.1073043,0.2679531,0.2729818,0.1209116,0.03297402,0.01788345,0.02109265,0.02538758,0.02949307,0.036221,0.04198352,0.0504359,0.05991326,0.06962922,0.07871526,0.08967863,0.1028365,0.1121177,0.1259271,0.1385233,0.1571321,0.1652118,0.1835472,0.1967128,0.2101834,0.2284891,0.242645,0.2525612,0.2664959,0.2769565,0.2870465,0.2954784,0.3023673,0.3124868,0.3166266,0.3206838,0.3210507,0.3196483,0.321191,0.3167775,0.3166096,0.3111407,0.3069728,0.3004987,0.2958589,0.2924644,0.2901545,0.2871203,0.2814744,0.2805001,0.2817963,0.2827879,0.289744,0.2987827,0.3058389,0.3157093,0.3344305,0.3633967,0.3859023,0.4022873,0.439165,0.4663022,0.4876291,0.497291,0.5334185,0.5469011,0.5574936,0.5764961,0.5999503,0.4805568,0.6128577,0.8748408,-1.103221
443.636,0.004224033,0.004280554,0.00915321,1.928319e-4,-0.0020196,0.01548234,0.005098341,0.005073571,0.0131148,0.006003636,0.002389813,0.001093613,5.407826e-4,0.004590617,0.003450071,0.006911076,0.005110434,0.003609434,0.002043269,0.002348538,-0.001303931,0.001877431,1.816071e-4,0.001537147,5.562739e-4,9.175603e-4,0.002664145,-5.135498e-5,0.002238158,0.001440449,0.003214222,0.00219913,0.005613775,-0.002846887,0.00400208,0.003345513,0.002215814,0.004686617,0.003055247,0.006901873,0.002528414,0.005256777,0.004990973,0.005492472,0.006496877,0.001087159,-5.726541e-4,0.003507223,-0.001343637,0.002274347,-7.880438e-5,0.001408983,0.003061258,0.002401825,0.004998475,0.002401054,-2.465532e-4,0.002324977,0.001609691,0.003259688,0.00393362,0.002463385,-2.875073e-4,0.002390884,0.001783481,-2.699299e-4,6.737712e-4,9.293817e-4,0.001345867,-4.805737e-4,0.003347988,-6.3297e-4,0.001584881,0.001774376,2.209526e-4,8.961349e-4,0.001235514,-1.485138e-4,0.001374794,9.929005e-5,6.592696e-4,0.001760699,7.51038e-4,8.125597e-4,1.241035e-4,0.002056265,-6.965146e-5,0.001501233,-2.847154e-4,0.001845021,4.053861e-4,-1.038951e-4,3.529273e-4,4.842357e-5,0.001354473,0.001160591,1.46261e-4,0.001029064,7.762135e-4,8.722234e-4,-3.740985e-4,4.25078e-4,8.126195e-4,4.357346e-4,5.223528e-4,2.907283e-4,4.108717e-4,5.661675e-4,0.001306854,0.001579861,0.001830476,0.002057064,0.002653706,0.002906174,0.003465617,0.004068381,0.01057763,0.08071231,0.2386329,0.3125563,0.1624826,0.04204914,0.01844716,0.01998079,0.02377699,0.02895914,0.0347909,0.03985418,0.0468909,0.05575864,0.06498787,0.07554059,0.08503951,0.09564373,0.1072082,0.1176962,0.1298682,0.1468653,0.1571316,0.1738983,0.1860435,0.1988762,0.2153825,0.2305006,0.2423594,0.2562103,0.2669455,0.275316,0.287048,0.293273,0.3000383,0.3084129,0.3132128,0.3175079,0.3208851,0.3174267,0.3184918,0.3132463,0.3100563,0.3091742,0.302403,0.2961923,0.2929172,0.288045,0.2887445,0.2845004,0.2791435,0.2821929,0.2840076,0.2849935,0.2900238,0.2971701,0.309772,0.3212833,0.339492,0.3612143,0.3882096,0.4150514,0.4372142,0.4642801,0.4820909,0.5109175,0.5430085,0.5662905,0.6096951,0.6231476,0.6649314,0.6516574,0.6522736,1.367704,1.675996
445.948,-0.004622776,-0.001274494,-0.007092756,-0.005932223,-0.008896468,0.001860689,1.616852e-4,-0.01324349,0.001079749,-0.009157294,-0.002788492,0.001079755,-0.002410877,-0.003502181,0.005221349,-0.005356963,-0.002669316,5.121046e-4,9.963024e-4,0.002329827,-5.077486e-4,-0.001814272,7.464203e-4,1.84606e-4,-0.001416519,0.00111307,-0.002049968,-0.001803037,-7.932707e-4,6.818582e-4,-0.002060945,-0.006829304,-0.002307996,-5.160256e-4,0.002168142,-0.001488184,-0.004596084,0.001095831,4.042278e-4,-0.002603719,-6.732215e-4,-0.005844117,3.907007e-4,-0.002089194,9.917556e-4,0.001319445,0.001563034,-0.003796681,-0.002787664,-0.001244561,0.00295716,0.001997688,-0.002335409,0.001432247,-0.001746084,-2.6535e-4,-6.679204e-4,-0.002216911,0.001520185,-0.001079178,-0.002197266,-5.173892e-4,-0.002254865,0.003238399,0.001417563,-0.001301173,-0.001628093,-0.00273874,5.790874e-4,-0.002126023,-0.001588218,-4.557917e-4,0.001912891,-5.390574e-4,6.063435e-5,-5.762075e-4,4.617324e-4,5.995891e-4,-6.717178e-4,4.296927e-4,-2.16327e-4,7.692563e-4,1.381381e-4,3.420687e-4,8.190151e-5,4.434835e-4,-0.001041773,-9.42987e-4,-1.692172e-5,-9.595313e-4,5.068853e-4,1.635953e-4,-6.806505e-5,2.042012e-4,5.986146e-5,6.357323e-4,1.734209e-4,-5.239703e-4,-5.899491e-4,-2.918501e-4,5.985609e-4,-8.456261e-5,4.448441e-4,-2.469891e-4,-3.993128e-4,5.913752e-4,1.290562e-4,6.002634e-4,0.001409693,0.001525391,0.00196847,0.002117791,0.002137412,0.003051291,0.003794721,0.007703993,0.04725815,0.1979322,0.3213546,0.2116974,0.0628706,0.01862428,0.01812968,0.02165044,0.02548057,0.03020279,0.03671465,0.04291422,0.0507162,0.05852461,0.06832036,0.07818841,0.08941056,0.09977146,0.1092669,0.1211126,0.1373218,0.1515673,0.1609606,0.175886,0.190081,0.2038343,0.216944,0.2315913,0.2461098,0.256572,0.2662174,0.2760872,0.2839258,0.2924213,0.2982007,0.3028856,0.3082392,0.3105574,0.3141309,0.3151352,0.3107231,0.3095771,0.3073288,0.3034495,0.2980254,0.2939494,0.2917307,0.2855452,0.2832586,0.2816368,0.2795038,0.2812477,0.2804478,0.2800942,0.2879575,0.2935674,0.3084541,0.3221813,0.3434878,0.3620876,0.3864858,0.4158673,0.4409497,0.4661774,0.4921638,0.5038651,0.5206906,0.5651579,0.5722739,0.5889624,0.6230481,0.5958557,0.6782882,0.5379577,2.174597
448.26,-0.006004709,-0.0141338,0.004951595,-0.006394344,-0.01154421,7.1047e-4,-0.01409529,-0.01112307,-0.005915926,-0.004563448,-0.003718872,6.141353e-4,8.504552e-4,-6.764988e-4,-3.064585e-4,9.93132e-4,-0.002868939,0.001858878,-0.003371107,-4.281912e-4,-0.003125105,-0.002213328,-3.91305e-4,-4.092914e-4,-8.019301e-4,-0.00242242,-1.614464e-4,-0.00136142,-5.484113e-4,-1.423511e-4,0.001495694,-8.971954e-4,-0.001159684,-0.002083657,0.001070384,-0.005568356,-0.002211362,-0.005410154,-0.002978105,0.0012031,-0.002113868,-0.002426866,-0.002115275,-9.561502e-4,-0.003933298,-0.004265863,-7.80018e-4,-0.001232214,-0.002752361,-0.003112215,-0.001461136,-0.001724949,-0.001629033,-0.004895589,-0.002270416,-0.002270263,-0.001919161,-0.001293947,-0.001796703,0.002285115,-9.832896e-4,-0.00168259,-0.003020137,-0.002913803,-4.81978e-4,-0.00237359,-7.452879e-4,-7.018353e-4,-0.001484368,-2.221101e-4,-7.42096e-4,-5.051883e-4,-5.142991e-5,-0.001614396,-0.002320946,-0.001242152,-0.00261625,-6.366176e-4,-7.09929e-4,-3.672679e-4,-0.001163076,-6.05863e-4,9.651612e-5,1.733101e-4,-0.001138521,-0.001692096,-7.952991e-4,-6.420884e-5,-7.834336e-4,-0.002431513,0.001181837,-0.00135752,-3.807027e-5,-0.001627324,-1.181724e-4,-9.911072e-4,-1.686828e-5,7.247364e-4,-6.840726e-4,-7.00959e-4,-1.074544e-4,1.785449e-4,-5.353109e-4,2.011532e-4,-0.001150156,8.852491e-4,1.334012e-5,5.726813e-4,9.078277e-4,0.002131561,0.001796867,0.001767914,0.002850968,0.002891322,0.005036715,0.03071141,0.1256659,0.2724523,0.2489966,0.08850401,0.02066572,0.01710438,0.01892992,0.02301443,0.02744282,0.03340007,0.03892856,0.04532839,0.0530978,0.06120962,0.07200446,0.08140206,0.0905435,0.1013785,0.1139628,0.1284218,0.1379757,0.1506278,0.165482,0.1784698,0.1915888,0.2036807,0.2182893,0.2300383,0.2432896,0.2533985,0.2669973,0.2726783,0.2802941,0.2908022,0.2923169,0.3014445,0.3038774,0.3063376,0.3095369,0.3071514,0.3078386,0.3046764,0.29895,0.292531,0.2914144,0.2863414,0.2835889,0.2792324,0.2774468,0.2757404,0.275998,0.276916,0.2774023,0.280216,0.2843901,0.2938812,0.3059978,0.3198687,0.3427619,0.3591862,0.391705,0.4099921,0.4397565,0.4610355,0.4754264,0.4994172,0.5183075,0.5331949,0.5661432,0.6015665,0.625263,0.5761486,0.6002926,0.7512104,1.212642
450.573,-0.004315768,0.001268903,-0.007257221,-0.007091034,-0.007392961,-0.001780798,0.005954661,0.004362475,-0.007956301,3.432189e-4,-0.006853647,-0.001808763,-0.001937617,-0.006068417,-0.00275322,0.001981613,0.002363505,-0.002403545,-0.001968961,0.002671549,-8.512693e-4,0.001765547,3.198885e-4,5.148825e-4,0.001973063,0.001239952,-5.122091e-4,0.001979845,-3.076527e-4,7.441562e-4,-0.001631729,-0.001270163,0.006269783,0.008204569,-8.870028e-4,0.001144817,0.001422586,0.001878618,-0.002696084,0.001831868,3.733974e-4,0.003211219,-1.082179e-4,-0.003498713,5.052653e-4,-0.00282175,3.827335e-4,0.001155648,0.002093993,-0.001211117,-0.001352898,0.002352239,-7.529341e-4,-0.002707719,9.01702e-4,0.002163872,-0.001570509,-0.001929245,-3.008416e-4,0.001133223,-6.100059e-4,9.455737e-4,0.002727321,0.002327809,-2.015097e-4,-3.260987e-4,5.381112e-5,5.225475e-4,1.394651e-4,-0.001296959,-0.001956769,-5.595224e-4,0.001269516,2.269438e-4,1.150326e-4,-2.058298e-4,3.998634e-6,-4.8546e-4,6.764817e-4,5.140861e-4,-1.632638e-4,1.428297e-4,-6.274455e-4,-0.001109884,-4.443018e-4,-9.343448e-4,0.001772112,-8.835138e-4,-8.621338e-5,9.221443e-4,-1.14615e-4,3.233217e-4,1.827517e-4,-6.994884e-5,-1.466785e-4,-2.501995e-5,1.749046e-4,4.572615e-4,-4.774719e-4,-7.677427e-4,-7.082087e-4,1.128068e-4,7.127422e-4,-5.637216e-4,7.162862e-4,-3.609379e-5,5.746668e-4,0.001033125,0.001685324,0.00217858,0.002182527,0.002679642,0.002935251,0.004883164,0.01744744,0.09641286,0.2014793,0.2269637,0.1136705,0.02637283,0.01501955,0.01772572,0.0217568,0.02599029,0.03060138,0.03561808,0.04152706,0.04911709,0.05797604,0.06504196,0.0747356,0.08452567,0.09744649,0.1052206,0.1176122,0.1299096,0.1418991,0.1534048,0.1667054,0.1813586,0.194935,0.2053629,0.2206063,0.2317838,0.2451371,0.255339,0.2647678,0.2710248,0.2779006,0.2860101,0.2894875,0.2956841,0.3008914,0.3036665,0.3029071,0.3059993,0.298443,0.2996775,0.2972261,0.2908675,0.2886636,0.2842071,0.2803046,0.275719,0.2747825,0.2715195,0.2727438,0.2761823,0.277766,0.2772253,0.2847793,0.292995,0.3047355,0.3207966,0.3397641,0.3652507,0.3898065,0.4050467,0.4304838,0.4659116,0.4778798,0.5106483,0.5151252,0.5361332,0.5509866,0.5893882,0.6287555,0.6821182,0.6505917,0.7066485,1.434351
452.887,0.01064613,0.01226949,0.002511177,0.003094,0.01591643,0.01382824,0.01991943,0.008613032,0.005566983,-0.001260497,0.00103577,-2.659377e-4,5.173635e-4,0.005473018,0.005071537,2.330675e-4,0.005605219,0.003890846,0.003315938,0.005804921,0.002989544,0.003923113,9.670526e-4,0.003022842,0.002203097,0.002764987,0.001280617,0.00129279,0.002097398,0.002927612,0.005621724,-3.837939e-4,0.004990425,0.007278673,0.006323236,0.004523249,0.005007832,0.004126221,0.005771662,-1.025658e-4,0.003599259,0.008629594,0.005688118,0.007955125,0.008171131,0.003381087,0.0030115,0.006991377,0.004576425,0.006763478,0.007003312,0.005114412,0.007713963,0.001577783,8.046747e-4,0.003262972,0.002085187,0.003127037,0.003567039,0.003972552,0.002399962,0.003171987,0.003559809,0.004267857,0.003509932,0.004180718,0.002285288,0.003760928,0.002038836,0.001088673,0.003588511,0.001625895,5.489559e-4,0.002676905,0.00271697,0.00325807,0.002929003,8.250198e-4,0.001897625,0.001474207,0.001268383,0.001012158,0.001487944,0.00295778,0.001799032,0.00206491,0.001187236,0.002526952,0.001244523,9.136611e-4,0.001062206,0.001196946,0.001589326,0.00113356,0.001308088,5.337529e-4,0.00146485,8.681114e-4,0.001448887,0.001346846,0.001270698,0.001334085,0.001079454,0.001426395,9.335365e-4,0.002162847,0.001859867,0.002515314,0.002837452,0.00257331,0.003195675,0.003678735,0.004031208,0.01256772,0.06623997,0.1825226,0.1976409,0.1115561,0.03295297,0.01581098,0.01746323,0.02033858,0.02429696,0.0284091,0.03390485,0.03978705,0.04511499,0.05286057,0.06039005,0.06896769,0.07984501,0.08719703,0.10031,0.1095708,0.1214693,0.13351,0.1468828,0.1584546,0.1695581,0.1829413,0.1963171,0.2066701,0.2213886,0.2330093,0.244082,0.2533142,0.2615011,0.2696503,0.2750911,0.281423,0.2861456,0.2926509,0.2932542,0.2976797,0.2983847,0.296794,0.2959196,0.2931501,0.2897618,0.2874477,0.2842023,0.2798588,0.2746994,0.2747377,0.2720787,0.2684651,0.2726969,0.2721009,0.2784454,0.2784388,0.2859853,0.2946288,0.3060374,0.3232838,0.3419023,0.3665138,0.3928359,0.4096657,0.4450696,0.4670268,0.4887888,0.4962319,0.5390988,0.5585444,0.5821133,0.5735851,0.6219863,0.6513627,0.8038419,2.032629,5.061358
455.202,0.01392234,0.01161491,0.02177411,0.007520643,0.01291254,0.01346398,0.009836944,0.011537,0.008251763,0.009147728,0.007089571,0.004283528,0.003895294,0.002585917,0.006518624,9.7165e-4,0.006355369,0.003151884,0.003128226,0.003577636,5.466414e-4,0.003435111,0.003898853,0.001420723,0.001507858,0.003096281,0.00334866,0.002774662,0.001563297,0.004728346,0.00540079,0.003728618,0.002065472,0.004831146,0.007688112,0.00899405,0.004263757,0.00688479,0.005868246,0.005621559,0.001655037,0.002913186,0.004059668,0.007675569,0.002490587,0.008119219,0.003459303,0.00304041,0.003035199,0.002711301,0.004525432,6.943974e-4,0.002469696,0.006179993,0.002401004,0.003672995,0.004378319,0.003269977,0.005933688,0.001788791,0.002608502,0.004732325,0.001915696,0.004314927,0.005061855,0.002086047,0.003642228,0.003044728,6.852991e-4,0.002204987,0.002935915,0.002340539,0.00282725,0.002078009,5.796127e-4,0.00268366,0.003012255,0.004720844,0.001510198,8.728272e-4,0.002103977,0.001479443,0.001940921,7.399061e-4,8.346347e-4,0.001009794,0.002124835,0.001003395,0.002025513,0.002849936,7.909817e-4,8.358472e-4,0.001922703,0.001304977,0.00190852,0.001450303,0.001027619,4.247716e-4,0.001615172,-5.193125e-4,9.224405e-4,9.857637e-4,0.001112477,0.001212304,7.809779e-4,0.001931269,0.00237262,0.002120572,0.002823153,0.003409952,0.003552724,0.00462623,0.008489672,0.04828549,0.144756,0.2007208,0.1270825,0.03906935,0.01466823,0.01669153,0.01908077,0.02208824,0.02649991,0.02996149,0.03619637,0.04216738,0.04854026,0.05542308,0.06408614,0.0733997,0.08339877,0.09347494,0.1032851,0.1147958,0.1242237,0.1355623,0.1472356,0.1599881,0.1710614,0.182485,0.1968428,0.2064741,0.2223564,0.2311801,0.2426016,0.2517075,0.2597316,0.2660862,0.271619,0.2778481,0.2817289,0.286939,0.2912876,0.2904776,0.2916714,0.2899265,0.2905527,0.2877805,0.2863931,0.2761791,0.2795441,0.2720358,0.2712642,0.2675702,0.2691455,0.2676609,0.2671232,0.2651619,0.2741317,0.276939,0.2870023,0.289267,0.3050648,0.3231117,0.3413423,0.365186,0.3996135,0.4111766,0.4315856,0.457966,0.4751104,0.5000067,0.523929,0.5482963,0.5786347,0.6069594,0.6388203,0.671727,0.7796082,1.368638,2.746194
457.517,-3.840203e-4,-0.007916053,-0.003208266,-0.005959162,0.00360714,-0.006602378,-9.227922e-4,-0.00583587,0.003508775,-0.001055646,0.00179953,-0.002843672,-9.572538e-4,-0.00272812,-0.003887897,-9.923846e-4,0.005768798,-3.224987e-4,4.083399e-4,-8.77883e-4,-0.001595685,-0.001517522,-0.001173729,0.001082727,-0.001607283,-6.440275e-4,-0.001434918,-6.631343e-4,-4.139077e-4,7.772834e-5,-0.002077823,-0.003229417,-0.00237433,-0.001695239,-0.002438271,-0.006865872,-0.002723126,-0.00316451,0.002669988,5.291583e-4,-0.001293542,-0.001867141,2.567397e-4,-0.002844,-0.003253818,0.0034609660000000002,-0.005200952,-4.271316e-4,-0.003329317,-0.003650929,-0.001043947,-5.475424e-4,6.695805e-4,0.001468776,0.001149507,-0.005358921,-7.255514e-4,-0.001183892,0.001845013,0.002076323,6.388333e-4,9.987885e-4,-0.003576845,3.456485e-4,-8.795427e-4,0.001408371,-5.946737e-4,5.105955e-4,7.32267e-5,-0.001046001,-0.001125045,-0.001213989,5.969416e-4,0.002701361,-0.001540152,8.053883e-4,-0.001175898,-0.001771251,-1.801821e-4,-4.957894e-4,-2.977711e-4,-4.649756e-4,4.256956e-4,-3.191893e-4,-0.001782937,-0.001457884,4.826037e-5,-3.938563e-4,-8.691807e-5,-6.471011e-4,-0.001210969,-2.291335e-4,-6.23639e-4,2.553774e-4,-7.487542e-4,2.798811e-4,-7.676061e-4,1.894329e-4,-8.647207e-4,5.501684e-4,4.834498e-4,2.152654e-4,-9.568071e-5,1.579222e-4,2.436016e-4,0.001735453,0.001319566,0.002097248,0.002266857,0.00315494,0.003635857,0.006674268,0.03381454,0.1156632,0.1860001,0.1423857,0.05110134,0.01458399,0.01410317,0.01684579,0.01960937,0.02350677,0.02730224,0.03275716,0.03837026,0.04307849,0.05128634,0.05880614,0.06523009,0.07468833,0.0842708,0.09513231,0.1042067,0.1170942,0.1268706,0.1355893,0.1517536,0.16073,0.1734225,0.1827283,0.1958518,0.2072115,0.2197926,0.2303472,0.240541,0.2485635,0.256133,0.2612839,0.2678294,0.2735389,0.2794078,0.2828583,0.2850571,0.2839521,0.2847487,0.2844285,0.2830842,0.281061,0.2774847,0.274568,0.274185,0.2720729,0.2665121,0.2619903,0.2660093,0.2634985,0.2620767,0.2635559,0.2679989,0.271591,0.2763245,0.2913369,0.3038179,0.3198343,0.3413823,0.3560775,0.3834445,0.4034919,0.4376955,0.4512519,0.4689917,0.4878925,0.5082123,0.5195859,0.5351665,0.513346,0.5750919,0.634027,0.6753992,0.4350291,1.783241
459.833,0.002647994,0.00237655,-0.007838601,-0.001545681,0.003857558,-0.008184301,-0.009746084,-8.537598e-4,-5.389468e-4,0.005313989,-0.005142404,0.001246613,-0.002835263,-0.001171964,0.001033087,0.00450087,-6.758791e-4,-0.00194411,-0.001559184,-0.002428653,-0.001724721,-0.002030917,3.233731e-4,-0.001913345,0.001157358,-4.55828e-6,-3.014508e-4,-7.626758e-4,-0.001279039,-5.72344e-4,-1.719763e-4,3.636259e-4,-0.005236885,-0.004585556,-1.772393e-4,0.004457351,-0.002001345,-0.002626899,-7.503496e-4,-0.002247278,0.002531984,-0.002861812,6.16728e-4,9.609422e-4,-0.00242846,-9.217404e-4,-9.199081e-5,2.345942e-4,-0.002460092,-0.002012222,-0.001717687,0.002388122,0.003663459,7.314652e-4,8.697403e-5,7.602371e-4,-4.802423e-4,0.00418664,0.002294277,0.002585915,-0.001238624,0.001207869,-6.35242e-5,-7.592968e-4,-0.001487104,-9.193292e-4,3.782879e-4,-1.208863e-4,-9.591201e-4,6.557998e-4,-0.001859335,-5.487091e-4,-0.00080578310000000005,0.001110183,4.680398e-4,0.001404614,-5.355337e-4,0.001051476,-1.351803e-4,2.306422e-4,-0.001442688,9.936861e-4,2.144623e-4,-8.038801e-4,-1.031151e-6,-2.64931e-4,-6.263185e-4,-0.001598372,0.001008091,-3.707084e-4,-8.400563e-4,-4.848809e-4,-6.624463e-5,1.060861e-4,0.001002775,-8.529425e-4,5.980413e-5,-1.203336e-4,-5.168018e-4,-2.32484e-4,4.140787e-4,-8.171775e-5,3.490355e-4,3.811935e-4,0.001435043,0.002306765,0.001282452,0.00205319,0.002840887,0.003099106,0.004907927,0.02760535,0.09270334,0.1743713,0.147802,0.06361299,0.01893788,0.01250709,0.01593826,0.01741392,0.02085724,0.02621469,0.02997229,0.0342044,0.04077165,0.04594257,0.05324598,0.06149307,0.06864889,0.07757444,0.0869391,0.09763259,0.1067592,0.1168551,0.1288176,0.1390914,0.1542649,0.1614346,0.1739307,0.1855213,0.1972658,0.2073559,0.2193804,0.2279743,0.2381265,0.24496,0.2536026,0.2595258,0.2649765,0.2681162,0.2762417,0.2771361,0.2783252,0.283036,0.2822239,0.2823482,0.2790513,0.2741049,0.273264,0.2681812,0.2667685,0.2630734,0.2620564,0.2579638,0.2580569,0.2550955,0.2620696,0.2636205,0.2649145,0.2715558,0.2770283,0.2869693,0.3004981,0.3151017,0.3369393,0.3579145,0.3783891,0.4078573,0.4251831,0.4504375,0.4695434,0.4821822,0.510292,0.5248511,0.5488953,0.550632,0.5757535,0.5585774,0.7996196,0.9130662,1.868464
462.15,0.001542159,4.547005e-4,-0.002630687,-0.005639657,-0.00794746,-0.003287548,1.596391e-4,0.01042577,-0.005429561,-0.002595851,-0.004491622,-0.001318826,0.003318626,0.003573512,0.003006254,-3.750796e-4,0.00318352,0.00260756,0.001131159,-0.001482191,0.00108711,-9.246971e-4,2.689536e-4,6.500665e-4,0.001101825,-1.017369e-4,-0.001368482,0.001619335,-0.001039929,-0.001142371,0.00171499,-0.002952306,0.004859337,-0.003204666,-8.639652e-4,-0.002845248,-5.799394e-4,-0.00261089,0.001260271,0.001147469,0.001254482,7.553689e-4,-0.004585536,7.179343e-4,5.930406e-4,-0.002402046,-9.929102e-4,-0.001307679,0.004479637,0.002857985,-0.001229427,0.001995289,0.001591865,0.002452716,-0.001140144,0.002607723,-0.002183099,-0.002506152,-0.001815196,7.215806e-5,0.001139735,-0.002683884,5.607054e-4,0.001713155,2.049386e-4,-7.172035e-4,-9.737919e-4,-2.438436e-4,-0.001194688,6.512307e-4,-0.003089221,6.597052e-4,0.001392764,-2.023023e-4,0.001281233,-5.99842e-4,9.736115e-4,-0.001327348,-0.001707106,3.174914e-4,-0.001435783,-7.897589e-5,1.313772e-4,-5.191029e-4,-0.001843077,-9.108544e-4,-0.001031022,-1.383288e-4,6.477674e-4,-1.309225e-4,-7.348745e-4,-7.986787e-4,-3.892389e-6,4.57061e-4,-5.751042e-5,4.675536e-4,6.404492e-4,5.680547e-4,4.161169e-4,3.096359e-6,-1.672422e-5,9.488552e-4,2.509202e-4,0.001621242,0.002501865,0.00227547,0.001929339,0.002412376,0.003349899,0.004647403,0.01914086,0.07937635,0.1554694,0.1655917,0.07599152,0.02005857,0.01178814,0.01379275,0.01717638,0.01949195,0.02324646,0.02669958,0.03235554,0.03689126,0.0425285,0.04818836,0.05538861,0.06403785,0.07117552,0.08017702,0.08992237,0.1004596,0.1114451,0.1215384,0.1324946,0.1411877,0.1530396,0.1639929,0.1747048,0.1851912,0.1949855,0.2067878,0.2169036,0.2270494,0.2363595,0.2432737,0.251521,0.2544962,0.2598835,0.2666203,0.2715628,0.270833,0.2741528,0.2770595,0.2764987,0.2754596,0.27317,0.2688465,0.2675543,0.2645168,0.2620493,0.2576505,0.2569578,0.2544935,0.2560189,0.2533462,0.2556607,0.2606444,0.2622008,0.2692343,0.2742672,0.2864025,0.2952388,0.3158865,0.3363691,0.3597366,0.3831545,0.3994122,0.4254693,0.4371915,0.4790154,0.4797348,0.5026675,0.5305506,0.5366316,0.5226316,0.5486042,0.6906107,0.7959257,1.143734,1.315975
464.467,0.005846933,-0.004177785,0.001716464,0.003560549,0.009552932,0.007910982,0.00272788,0.004051966,-0.005828141,0.001524187,-0.001554912,0.003894101,-0.001141788,5.020488e-4,-0.002505483,0.00191529,8.629216e-4,0.001187384,0.001128016,6.750048e-4,3.34965e-4,0.001478,0.003100074,-1.508101e-4,4.439234e-5,-7.742711e-4,4.099564e-5,0.001556662,1.657411e-4,0.002843316,8.571792e-4,1.151995e-4,0.003020602,0.003536346,-0.002225149,0.002040983,0.004736482,0.002846139,0.006229431,-3.634963e-4,-0.004027426,6.252874e-4,3.660511e-4,-0.001979329,0.005869189,6.782722e-4,4.630298e-4,7.76425e-4,0.003809827,-1.821113e-4,2.056466e-4,2.92275e-4,1.912138e-4,-4.509921e-4,-0.001479338,3.316177e-4,-8.794335e-4,0.001169501,8.323117e-4,-8.033476e-4,0.001487344,0.001191183,9.01815e-4,4.754617e-4,0.002340341,-5.838002e-5,-0.00217462,8.069774e-4,3.03998e-4,6.450487e-4,5.101975e-4,1.102785e-4,-3.708378e-4,6.257322e-4,0.0013712,0.001187216,0.001255075,-1.404868e-4,-0.001512277,9.395581e-4,-8.620098e-4,-7.548831e-4,2.100432e-4,-1.568042e-4,5.04977e-4,0.001250211,4.191795e-5,5.462096e-4,-3.767341e-4,-4.36566e-4,5.166011e-4,6.598489e-4,6.654678e-4,5.665406e-4,-1.418638e-4,5.99802e-4,-5.189374e-4,2.324617e-4,7.771136e-4,1.658551e-4,8.304723e-4,7.332619e-4,0.001106168,0.001463091,0.001433705,0.002879787,0.002363165,0.003505895,0.004688542,0.0152744,0.07506798,0.1560633,0.1600481,0.09490511,0.02548598,0.01128004,0.01334256,0.01528224,0.01824041,0.02174897,0.02560909,0.02983791,0.03341508,0.03977154,0.04467017,0.05066002,0.05864585,0.06647866,0.07330176,0.08449024,0.09059437,0.1026114,0.1104795,0.1246812,0.1311166,0.1437368,0.1557336,0.1650139,0.1748916,0.1846129,0.1975294,0.2052352,0.2156169,0.2231306,0.2333635,0.2405423,0.2443091,0.251314,0.2550531,0.2586231,0.2652985,0.2675861,0.2677994,0.269133,0.2683573,0.2677354,0.2671032,0.2644453,0.2619356,0.25994,0.2554018,0.2508714,0.2530768,0.2494476,0.2518786,0.2493971,0.2505779,0.2530567,0.2604742,0.2641065,0.2744353,0.2848987,0.2984989,0.3123417,0.3312781,0.3564763,0.3775343,0.3995785,0.4214217,0.4426837,0.4569444,0.4830468,0.4974053,0.5179653,0.5196815,0.5550415,0.5721119,0.4985107,0.8190759,1.345951,3.328552
466.786,-0.006191448,0.007275446,0.003736286,-0.003156473,-0.00262692,-0.003493,-0.003897906,-0.003468111,0.007178872,-0.006829787,-0.001849661,-0.001600314,-1.06055e-4,0.001127191,0.001285822,-4.867374e-4,0.001620013,-0.002986938,0.003316017,2.170964e-4,-4.858873e-6,-0.001476234,-8.939891e-4,-4.654939e-6,-7.133774e-4,0.002146028,-4.970588e-6,-4.483948e-4,0.002142998,9.888554e-4,8.461305e-4,0.002896204,1.811162e-4,0.005846319,-0.001361311,0.00389476,5.41901e-4,0.004238384,0.002351414,0.005933948,7.387504e-4,-0.00109385,0.004173081,-0.001386745,-2.197937e-4,0.004614323,-0.002089686,-0.00444156,0.001577613,-3.849216e-4,-0.001977116,0.00279013,7.379435e-4,2.679485e-4,-1.737597e-4,-1.669656e-4,-0.001512133,1.560318e-4,0.002616561,-3.630993e-4,8.396583e-4,9.037958e-4,3.457106e-4,-0.002905189,0.001260969,-1.242195e-4,-0.001525953,0.001231708,0.00231771,-7.955446e-4,-4.953615e-4,4.330088e-4,0.001845987,-0.00133398,-4.500557e-4,-0.00127892,-8.609028e-4,-0.001541706,2.31381e-4,4.450024e-4,4.387111e-4,-4.577664e-4,-1.590579e-4,4.768235e-4,0.001041478,1.138677e-4,-0.001569141,5.405833e-4,5.66191e-4,-6.678768e-4,2.206637e-4,3.429884e-4,0.001083691,8.772088e-4,2.239664e-4,5.410825e-4,-3.081258e-4,1.297578e-4,8.195084e-4,-4.3743e-4,0.001689408,-8.02071e-5,0.001608897,0.001324318,0.00165669,0.002346383,0.00288261,0.003051601,0.009680707,0.06445648,0.1558477,0.1842194,0.1101985,0.03598379,0.01217062,0.01201554,0.0137839,0.01714427,0.01944139,0.02284437,0.0273674,0.0323242,0.03632359,0.04082471,0.04759137,0.0522646,0.0607763,0.06783583,0.07576146,0.08411132,0.09222956,0.1041937,0.1144678,0.1243665,0.1317971,0.1429988,0.1530707,0.1650693,0.1732587,0.1848082,0.1941888,0.2026457,0.2125756,0.2226593,0.2290943,0.2383086,0.2428168,0.2481143,0.2494334,0.2569799,0.2549247,0.2596736,0.2622353,0.2637988,0.2634799,0.2595761,0.2596193,0.2589267,0.2531828,0.2506258,0.2486437,0.247785,0.243996,0.2465569,0.2465983,0.2467466,0.2483467,0.2526986,0.2565585,0.2631347,0.2714914,0.2805463,0.2936627,0.3082489,0.3306081,0.3518017,0.3692377,0.3931689,0.4172856,0.4382747,0.4511194,0.4752889,0.4925262,0.5051905,0.5198283,0.5071921,0.566001,0.6386561,0.8293887,0.9808823,2.081202
469.104,-0.003516247,-0.008440061,-0.003835172,0.003742746,0.001222256,0.004397144,-5.767449e-4,-0.002487317,-0.001586185,-0.004864756,-0.005740189,0.003422187,4.02768e-4,-0.001640226,-7.968513e-4,-0.002266617,-4.392717e-4,-0.001294478,9.409508e-4,2.156781e-4,-0.00114467,-0.001076582,3.671781e-4,1.324806e-4,-8.514753e-4,9.012411e-4,9.481258e-4,-0.00119086,0.001910775,-0.001122393,9.368425e-4,4.767106e-4,-0.002037779,-0.004479086,0.002866576,-0.002637552,0.001920525,-0.003073745,-0.003442815,-0.001461424,-8.752808e-4,-4.817698e-4,1.231769e-4,1.213205e-4,0.001144844,0.001791876,-0.002191156,0.001843484,0.001150811,-0.002672392,2.960982e-4,1.035159e-5,-4.533001e-4,0.002137385,-0.00180572,0.00123602,-0.001348148,-3.833275e-4,-2.200113e-4,-0.001442981,0.001821493,8.99804e-4,-0.00197617,-6.066286e-4,-2.627641e-4,4.572212e-4,0.001127562,-9.139152e-4,-0.001472355,-6.210962e-4,-1.595602e-4,-8.585989e-4,-7.345533e-4,0.002001734,0.002106748,-5.401457e-4,4.295336e-4,8.376287e-4,6.369255e-4,-4.288351e-5,-4.24895e-4,-3.308714e-4,5.258997e-6,2.379174e-4,6.906599e-4,3.750935e-4,-0.001051411,2.529211e-4,-0.002237101,5.038605e-4,-7.082738e-5,-1.586105e-4,-5.440955e-4,-4.23376e-4,2.787697e-4,-6.982659e-4,8.092392e-5,-8.167428e-4,8.158066e-4,2.553939e-4,0.001243504,0.001096417,0.001338138,0.001318866,0.00191786,0.00352886,0.003725963,0.006494782,0.04640982,0.1520832,0.1897839,0.130376,0.0488778,0.01310575,0.011644,0.01289105,0.01515759,0.0179184,0.01996887,0.02432006,0.02918749,0.03288837,0.03785256,0.04271314,0.04874462,0.05406166,0.0629039,0.06996199,0.07686794,0.08618213,0.09608558,0.1044099,0.1141014,0.1241068,0.1353076,0.1434412,0.1528695,0.1645184,0.1736182,0.183267,0.1913494,0.2012795,0.2132803,0.2183547,0.2292209,0.2316185,0.238248,0.2431224,0.2466007,0.249208,0.2539026,0.2555132,0.2548326,0.2571865,0.2562285,0.2564302,0.2537785,0.2521494,0.2486692,0.246762,0.242528,0.2393164,0.2410478,0.2391783,0.2377023,0.2439239,0.2442196,0.2485139,0.2548726,0.2563418,0.2671981,0.2756516,0.2906963,0.30482,0.3204006,0.3477915,0.3691984,0.3939616,0.4104729,0.4268812,0.4530501,0.469044,0.4842895,0.4779291,0.5081664,0.4818759,0.6265907,0.586607,0.8430869,0.6262769,0.6987339
471.424,-3.773747e-5,0.005048555,-0.004784984,-0.01280085,-0.001345329,0.00540371,0.007754552,-0.003194132,-0.001344386,0.004591051,0.001463402,-0.001585579,2.960172e-4,-0.00113192,-0.004512515,2.302329e-4,0.00482292,-0.002074237,0.002411089,-1.621168e-4,0.001858948,4.442375e-4,-3.011183e-4,0.001648161,-3.305622e-4,4.223273e-4,-0.001616347,-4.948045e-5,-0.002020879,1.403388e-4,-0.003586092,7.132459e-4,4.648281e-4,-0.002139772,-0.002018746,-0.001233668,-0.004953661,6.3326e-4,-0.004154562,0.002696213,6.109643e-4,0.001818454,-0.002117418,-0.001259245,-0.001119804,-0.003900343,-5.389827e-4,-0.005042461,-0.001036376,0.003376099,0.00226121,-0.002652258,-0.001904064,0.001858255,-0.002050986,1.622143e-4,1.627505e-4,-4.574768e-4,-0.001992019,-0.002149767,-0.002035855,-8.958832e-4,0.001221961,1.994165e-4,-4.582542e-4,8.382446e-4,-9.445861e-4,-1.797837e-4,3.553739e-4,-2.775202e-4,-0.003347184,4.811199e-4,0.001617185,-2.001053e-4,1.507017e-4,2.421115e-4,-4.257609e-4,-3.697726e-4,-0.001981167,4.835877e-4,3.040157e-4,-9.089462e-4,-0.00148705,-6.247693e-4,-7.760918e-5,0.001708706,-0.001334863,1.798456e-4,7.592053e-5,6.35735e-4,-3.257303e-4,2.15264e-4,8.932505e-4,-7.072341e-4,4.434993e-4,-4.267339e-4,-2.543387e-4,-6.893872e-4,-1.910757e-4,3.689797e-4,6.432407e-4,0.001069256,0.001834749,0.001042112,0.002083908,0.003491802,0.004626287,0.02796454,0.1334805,0.2172332,0.1435299,0.05761571,0.01738132,0.01091736,0.01275935,0.01433186,0.01754053,0.01895901,0.02149218,0.02528507,0.03064359,0.03514638,0.0398463,0.04409309,0.05078353,0.05713569,0.06408083,0.07157155,0.0787882,0.08748819,0.09689468,0.1052933,0.118981,0.1243113,0.1345676,0.1430701,0.1529192,0.162557,0.1725615,0.1812672,0.1919323,0.1985013,0.207571,0.218228,0.2235646,0.2283243,0.2321974,0.2381309,0.2404473,0.2447057,0.2455127,0.2473514,0.2509886,0.2491542,0.2513778,0.2490075,0.2488551,0.2441153,0.2405678,0.2397355,0.236177,0.2361674,0.2353626,0.2354771,0.2352596,0.2362629,0.2409265,0.2422138,0.2504907,0.2567898,0.2604119,0.2744128,0.2881197,0.2990817,0.3226681,0.3371654,0.363908,0.3869044,0.4060306,0.427915,0.4382063,0.4519948,0.4689754,0.4902248,0.481409,0.520425,0.5046391,0.532431,0.6091281,0.9054429,1.855072
473.744,-0.01450587,-0.005380094,-0.01076228,-2.80813e-4,-0.01276117,-0.009154518,-0.001319419,-0.007916755,-0.01303185,-0.01151263,-0.001958634,-0.006027507,-0.007581303,-0.001497321,-0.001167028,-0.006363133,-0.006527525,9.041121e-5,-0.003906131,-0.003157952,-1.353562e-4,-0.001732986,-0.001873038,-0.002207651,-7.958226e-4,-0.002217968,-0.001515385,-0.002309065,-7.841173e-4,-0.002710017,-0.003208398,-0.00369877,-0.008019975,-0.01002726,-0.003682011,-0.005836708,5.366505e-4,-0.004816002,-0.008038759,-0.003035177,-0.00577881,-0.002285911,5.890527e-4,-0.004458785,-0.002804371,-0.001001328,-0.002612125,-0.002135874,2.083413e-4,-2.873078e-4,-8.338446e-4,-0.001455541,-0.003796911,-0.003529567,-0.001788261,5.695549e-4,-0.002597475,-0.002969545,-0.004415207,-7.141749e-4,-7.761061e-4,-0.003292323,-4.712924e-4,-0.001931803,-0.001306617,2.201272e-6,-0.002501229,-0.002358602,-2.303779e-4,-0.00186339,-0.002735056,-0.002074367,-5.71443e-4,-0.002788632,-0.002378267,-0.003198958,-0.001085164,-0.00161218,-5.817447e-4,-8.731902e-4,-0.001780019,-9.47516e-4,-0.001322204,-0.001715869,-7.620511e-4,-2.575933e-4,-4.282186e-4,-0.001405632,-0.001294632,-0.001289572,-0.001154566,-0.00151624,-3.001271e-4,-0.001080448,-7.475626e-4,-5.585997e-4,3.038501e-6,-7.608678e-4,-6.894708e-4,8.241446e-4,0.00149225,7.392579e-4,0.002219734,0.001524682,0.002448589,0.003386829,0.01634071,0.09749402,0.2051776,0.1820873,0.06761058,0.0188074,0.0102712,0.01188126,0.01307824,0.01566501,0.01696977,0.02017039,0.02309772,0.02743996,0.03175712,0.03649461,0.04039783,0.0461329,0.05105302,0.05767625,0.06502049,0.07283811,0.08053051,0.09003618,0.09756689,0.1066269,0.1164711,0.1252536,0.133863,0.1447741,0.1517672,0.1625531,0.1720519,0.1805803,0.1891206,0.1969639,0.2049773,0.2130879,0.2202589,0.224608,0.2268978,0.2322523,0.2331139,0.2373941,0.2421853,0.2422511,0.2430168,0.2426433,0.2439632,0.2432653,0.239451,0.2392414,0.2347213,0.234426,0.2293543,0.2313578,0.2296874,0.2295585,0.2290402,0.2318844,0.2369068,0.2374644,0.2472879,0.2524642,0.2590425,0.2679116,0.2792165,0.2987329,0.3217279,0.34251,0.3609194,0.3855716,0.3936011,0.4152847,0.4294931,0.448102,0.4536445,0.4682499,0.4738559,0.4774012,0.4575019,0.4603188,0.4776408,0.425781,-2.163239
476.065,-0.001888644,-5.898385e-4,-0.003531941,-0.008949061,-2.996717e-4,-0.004729134,0.001682294,-0.0024378720000000002,-0.003279087,0.001130942,-9.219443e-4,-0.002498692,-0.004835865,-0.006445867,4.93997e-4,-0.001295207,-0.001605895,0.001259042,-0.001827794,-3.85636e-4,7.204908e-4,5.213506e-5,-2.055519e-4,-2.804627e-4,-5.598882e-4,0.001357762,0.001076959,-0.001223486,6.601914e-4,0.001177927,-0.002370104,-0.001549049,-0.003174344,-1.601186e-4,-0.005334734,-0.002601719,-0.003692892,0.003277179,-0.002425001,0.001339491,-9.138707e-6,-0.002995133,-4.642905e-4,-0.003642368,-6.6642959999999e-4,-0.002987188,1.187772e-4,-0.001058776,4.134445e-4,-7.704917e-4,-0.001295156,7.283913e-6,-0.002158971,-0.00254944,-1.714954e-4,-8.973656e-4,-0.001880215,-0.002199124,-0.002490658,4.236924e-4,-6.314794e-4,-0.002323529,-0.002285013,-3.993059e-4,-0.001041139,7.046858e-4,-0.002616663,-0.002229278,-1.114293e-4,-0.001177785,-0.001523756,-7.941032e-4,-8.798491e-4,0.002681297,-6.397857e-4,8.191996e-4,-8.927236e-4,-0.001743445,4.500627e-4,-0.00126107,-3.31876e-4,-7.799517e-4,-3.605225e-5,-2.318281e-4,2.641636e-4,1.114358e-4,-3.207415e-5,9.495523e-4,-3.362093e-4,1.018258e-4,8.851753e-4,9.516774e-4,-6.54475e-4,-0.001045108,3.850287e-4,-1.848175e-4,4.382402e-4,0.001384624,5.911281e-4,6.169072e-4,0.001227868,6.346127e-4,0.001430966,0.002059236,0.002933371,0.01103939,0.06819834,0.1736275,0.1911328,0.09217812,0.02332808,0.01124267,0.01205407,0.01338719,0.01474405,0.01719705,0.01962885,0.02290107,0.02551079,0.02866054,0.03386096,0.038553,0.04374647,0.04874469,0.05527556,0.06087887,0.0665532,0.07368743,0.08139629,0.08919796,0.1007458,0.108631,0.1175373,0.1248935,0.1348146,0.1431391,0.1528046,0.162577,0.170647,0.1792235,0.1871646,0.19392,0.2019121,0.2095779,0.2153216,0.221619,0.2251768,0.2265609,0.23026750000000001,0.2316613,0.2350123,0.2354066,0.2387893,0.2391284,0.238354,0.2368338,0.2342096,0.2335034,0.2312929,0.2285145,0.2276913,0.2259382,0.2232135,0.2263516,0.2269889,0.2268918,0.2336797,0.2372618,0.2443473,0.2496013,0.2566485,0.2701164,0.2815985,0.2966286,0.3156411,0.3365519,0.3614088,0.3827695,0.398734,0.410503,0.4312358,0.4323318,0.465075,0.4650402,0.4727903,0.4723924,0.5041489,0.5090819,0.8712848,0.4108228,-0.7943923
478.387,-0.001318709,-0.002938532,-0.006207391,-0.006776655,-0.003780237,-0.00645943,-0.007504386,0.003062429,-0.004746729,-0.005684861,-0.003099779,-0.004737217,0.00170102,-1.249018e-4,-0.004187362,-0.004204426,-0.002225661,-0.003590008,-0.001378678,-0.003717527,-5.927316e-4,-0.001604794,-5.664426e-4,-0.001640144,-0.001342002,-9.821768e-4,-0.001075603,-4.867587e-4,-0.002211791,-6.19632e-4,-0.00190804,4.728237e-4,-0.005058579,-0.007982225,-0.002651966,-0.001521691,-0.002712213,8.776142e-4,3.622045e-4,-0.003736919,-0.004382647,-0.003580625,0.001163349,-0.001019216,-0.002559806,-7.690466e-4,-9.742557e-4,-0.00190784,-0.001742516,-0.004190348,-2.742721e-4,-0.002532972,-0.00134533,-0.001573668,-0.001939627,9.715355e-4,-0.001715376,-0.002188227,-0.002114749,6.358265e-4,-0.001728237,2.036171e-4,-0.001672374,-0.001978974,-3.88674e-4,-0.001329514,4.298666e-4,-0.001979176,-0.00104192,0.001123311,-0.001407936,4.74614e-4,-0.001390146,-0.001457033,-8.842073e-4,0.001536492,-0.002992084,-0.001186535,3.119636e-4,-0.001211859,-5.454609e-4,-5.724215e-4,-6.361401e-4,4.639186e-4,1.129035e-4,-0.001428458,-2.142615e-4,-1.738992e-4,-4.053374e-4,-5.571919e-4,-0.001205237,-0.001255045,2.899608e-5,-8.196198e-4,-0.001754635,2.375266e-4,-4.81601e-4,-3.644668e-4,0.001153011,0.001765778,8.515152e-4,0.001379895,0.002125361,0.003421934,0.006800746,0.05698495,0.1629752,0.1963289,0.1098894,0.03164888,0.01119793,0.01151521,0.01279003,0.01440923,0.01664172,0.01807619,0.02080115,0.02359701,0.02624422,0.03098903,0.03455801,0.03919164,0.04466796,0.04930967,0.05511979,0.06148875,0.06679963,0.07514516,0.08273459,0.08771269,0.1013718,0.1098238,0.1168996,0.1247075,0.1328394,0.1412881,0.1499914,0.1599027,0.1682155,0.1760184,0.18393,0.1915686,0.1993526,0.2050933,0.2105887,0.2165745,0.2193072,0.2219647,0.2238266,0.2269124,0.2299986,0.2309578,0.2310168,0.2327089,0.2308662,0.2310226,0.2285487,0.2273613,0.2259127,0.2248562,0.2219669,0.2203525,0.2196833,0.2206151,0.2212253,0.2235812,0.224941,0.2337491,0.235884,0.2446884,0.2507915,0.2621309,0.2723406,0.2883362,0.3082216,0.3297926,0.3536197,0.3699124,0.3932218,0.401362,0.4186802,0.4281997,0.4498908,0.462752,0.4775113,0.4802774,0.482993,0.5494207,0.3577789,-0.2315757,-0.5812651
480.709,4.811014e-4,-0.008235692,0.003421317,-0.001909959,-0.007595863,-0.006738913,-0.003041972,-0.004529036,-0.01160877,-9.657468e-4,-0.003568241,-0.003090132,-0.003600551,-0.00160481,0.002514558,6.960609e-4,-0.003281853,-0.004073437,1.608051e-4,-9.749758e-4,-0.001512394,9.349731e-4,-0.001476433,-0.0015497,0.001474258,-1.425165e-4,0.001070443,-0.001554636,-9.427671e-4,-2.0563e-4,-0.001173812,-0.001772161,-9.90744e-4,-0.003086474,-4.996128e-4,-0.004101568,-0.004470704,-0.00138078,-0.00385289,-0.003840063,-0.003287849,-0.002259894,0.004065557,2.304723e-4,-0.003104461,-0.003843703,-0.002907745,-0.004861774,-0.00153342,-5.734361e-4,-0.004613209,-0.00134487,-0.001696563,-9.6041849999999e-4,-0.00151554,-0.003073978,-0.002568822,7.591822e-5,-0.001235388,3.510431e-4,-0.001111142,-0.002578023,-0.004674369,7.230355e-4,5.823343e-4,-0.001324528,-4.980027e-4,-0.001254406,-3.437256e-4,5.62874e-4,-3.208099e-4,-0.001051619,-2.567837e-4,-8.510272e-4,-5.861297e-4,-5.277806e-4,-4.198419e-4,-1.822657e-4,-0.001287157,-2.581845e-4,-8.37401e-4,-0.00142819,-0.001067905,-0.001079523,-0.001393642,-7.306672e-4,-2.106181e-4,0.001082457,1.773682e-4,-8.81521e-4,-0.001014789,-9.189921e-4,-5.907029e-4,6.583428e-4,8.744474e-4,-3.413467e-4,7.402857e-4,1.55029e-4,0.001596967,0.001131751,0.001998338,0.001903407,0.002047885,0.004387654,0.03212915,0.1519624,0.2251805,0.1384476,0.04148203,0.01210432,0.01081546,0.01209764,0.0131357,0.01531263,0.01738465,0.01966209,0.02222549,0.02486736,0.02786794,0.0319919,0.03658052,0.0414567,0.04603047,0.05097908,0.05672394,0.06280621,0.06798384,0.07675245,0.08375404,0.09182986,0.1002728,0.1089379,0.1173426,0.1263676,0.1337491,0.1422158,0.1511964,0.1578288,0.1659568,0.1730755,0.1807968,0.1882572,0.1944597,0.2022917,0.2065512,0.2120034,0.2146843,0.2172314,0.220171,0.2207837,0.2245731,0.2265352,0.2262783,0.2271694,0.2267397,0.2262366,0.2227918,0.21934,0.218678,0.2183458,0.2184262,0.2163821,0.2157052,0.2167547,0.2174705,0.2182898,0.2245291,0.2253038,0.2327273,0.2419563,0.2466431,0.25877,0.2708646,0.2894802,0.3055877,0.3257674,0.349678,0.3710404,0.3788368,0.3955941,0.4191855,0.4266109,0.438443,0.4261448,0.4554227,0.4871935,0.4930505,0.568549,0.5353472,0.1329437,-1.201008
483.032,-0.007581697,0.001291267,-0.01237943,0.006463307,-0.001813708,-0.003350872,-5.341099e-4,-0.01089424,-0.005177821,0.001493515,-0.00664309,-0.002683619,-2.060768e-4,-7.42451e-4,0.003276283,4.603798e-4,-2.174626e-4,-0.005530282,-0.001383178,5.14047e-4,-0.001578662,-0.001328566,4.188678e-4,-0.001094824,-0.002265381,6.979919e-4,-0.002574194,-2.431527e-4,-0.001328169,2.75417e-4,0.00127875,-0.004720365,-2.732424e-4,4.915977e-4,-8.303861e-4,-0.005928508,-0.003792477,-6.290463e-4,-8.43145e-4,-8.368163e-4,-0.003165276,0.001076526,-0.00174115,-0.002828574,-0.002666577,-0.004724831,6.545088e-4,-0.001479186,7.568572e-7,-0.00116087,-8.294538e-4,-0.002437314,-0.002326604,-9.611309e-4,5.879125e-4,-3.248699e-4,-0.001634777,-8.285916e-4,-0.001529533,0.00056331040000000005,-0.001800962,-0.00149374,0.001338872,-0.001714028,-0.002458472,6.350702e-4,-0.001549409,-2.986562e-4,-4.624763e-4,6.196739e-4,6.008836e-4,-3.15542e-4,-2.570989e-4,-8.028083e-4,-6.363201e-4,-0.002015115,-0.001401111,-1.36852e-4,-0.001066146,-3.019951e-4,2.968465e-4,-6.944789e-4,-2.350735e-4,-6.557354e-4,6.018672e-4,-5.847921e-4,2.163147e-4,-6.817986e-5,-6.737428e-4,-8.842366e-4,1.246832e-4,3.038054e-4,-7.095721e-4,-3.922147e-4,-3.565514e-4,-0.001026935,7.407419e-4,0.002355184,0.002609798,0.001200843,0.001675452,0.002451308,0.003969393,0.01833255,0.1035487,0.2381957,0.1766834,0.06216348,0.01419731,0.01103325,0.01193666,0.01383309,0.01472108,0.01687011,0.01838722,0.02061835,0.02323448,0.02614326,0.02947647,0.03429914,0.0378615,0.04241047,0.04679637,0.05220645,0.05764505,0.06397252,0.06928891,0.07845123,0.08332517,0.09193105,0.09975596,0.1069664,0.1185196,0.126785,0.1333111,0.1421977,0.1482961,0.1578701,0.1651792,0.1722303,0.1801899,0.1858999,0.1937467,0.198948,0.204341,0.2081248,0.2106391,0.214001,0.2141511,0.2154375,0.2182463,0.2204465,0.2197625,0.2205703,0.22127,0.2199675,0.2182051,0.2159884,0.2137127,0.2137991,0.212719,0.2107556,0.2123807,0.2131062,0.214746,0.2148456,0.2173368,0.2261265,0.2299582,0.2361791,0.2464697,0.2568559,0.2697915,0.2856592,0.2993418,0.3241221,0.3486767,0.3676732,0.3772103,0.3936147,0.4118802,0.4298257,0.4371354,0.4384295,0.4558053,0.5219734,0.5012021,0.5529582,0.3558057,0.552268,0.6966701
485.356,4.928464e-4,0.006088673,-0.004452279,0.005133828,-0.01187101,0.002298708,-0.002777144,-0.001194511,0.007699334,-0.001714533,0.001617721,-8.270183e-4,0.002202318,-4.946511e-4,2.463929e-4,0.005022154,0.00106031,4.867086e-4,5.086211e-4,6.945309e-5,1.969264e-4,5.522797e-4,9.212373e-5,0.001090944,0.002684424,4.48872e-5,7.935758e-4,-0.001461602,-6.8881e-7,-0.003170993,-2.753945e-4,-0.001775026,7.315514e-4,0.001142271,-1.677776e-4,0.006700735,-6.242545e-6,0.002008428,0.003504288,-0.002170345,-0.002195652,8.372863e-4,-0.001046762,3.404995e-4,0.003792413,-0.00110153,0.002279292,-0.001801613,0.0032834130000000002,-0.001852299,-5.511513e-4,-0.00253412,-0.001075957,-8.755458e-5,-8.48282e-5,-8.231033e-5,0.001954403,-7.541398e-5,0.001679726,-8.498528e-4,0.001244493,-5.43837e-4,9.387551e-4,6.595251e-4,-0.002009491,5.082554e-4,0.002164733,0.001621401,-0.002375291,1.115009e-4,6.513163e-4,-0.001160594,-0.001288468,7.04851e-4,5.89682e-4,-0.001297879,1.404986e-4,0.001004887,-6.232417e-4,2.168212e-4,5.077973e-4,-0.002090844,3.987528e-4,-5.799136e-4,-4.532715e-4,4.773585e-4,7.156168e-4,-6.968071e-4,-2.361799e-4,8.884731e-4,0.001015147,3.036709e-5,2.057228e-4,-2.218618e-5,0.001014899,0.001030273,0.001429855,0.001650092,0.00240273,0.002153862,0.002851547,0.004118684,0.01328257,0.07247575,0.1786463,0.220737,0.08377302,0.02148177,0.01041706,0.01260148,0.01306233,0.01486643,0.01638971,0.01784109,0.02063391,0.0224202,0.0249255,0.02781374,0.03058775,0.03580967,0.0406613,0.0449886,0.04952868,0.05345981,0.0592856,0.06505914,0.07057838,0.07959,0.0858254,0.09203269,0.1028312,0.1105712,0.1180835,0.1250154,0.1327584,0.1407193,0.1496043,0.1561911,0.1641339,0.1709511,0.178707,0.1854,0.1898631,0.1947004,0.2004877,0.2046153,0.2064977,0.2103777,0.2118003,0.212775,0.2143478,0.2173459,0.2182513,0.2153383,0.2165368,0.2146405,0.2132458,0.2109985,0.2085003,0.2072659,0.2103633,0.2077132,0.2071908,0.2088158,0.2115372,0.2130422,0.2190718,0.2202703,0.2294901,0.2347446,0.2429703,0.2511604,0.2696378,0.2789002,0.2990077,0.3188876,0.341051,0.363416,0.3753683,0.386608,0.4063366,0.4209866,0.425677,0.439852,0.4627804,0.5263339,0.5847915,0.68369,0.5991183,1.226336,1.236144
487.68,0.002833416,0.001293993,-0.002018892,-2.322427e-5,0.005528607,0.007961759,0.002212119,0.007513906,0.00211858,0.00227158,0.005301289,4.988476e-4,0.003599545,6.111879e-4,0.002019214,0.002681697,0.001055563,0.003297929,0.003160043,0.003488114,7.208056e-4,5.499951e-4,0.002023986,3.59352e-4,6.001783e-4,-0.001406767,0.00163623,6.818853e-4,-0.001719573,0.001517646,-0.002181715,-2.394556e-4,0.007557544,0.002449535,-6.67078e-4,9.134769e-4,0.001756461,0.003894831,0.003747326,0.001569454,0.002554541,0.005024363,0.004543887,9.108627e-4,-0.001891242,0.001208666,-0.001945554,0.005843533,0.002566762,-2.865012e-4,0.003346941,-0.00144391,0.002156272,-0.001137999,0.003459136,-2.450809e-4,0.002112945,-0.00135993,0.002410745,8.485755e-4,0.002416511,-9.241684e-7,0.001140919,-3.310578e-4,5.842348e-4,6.601396e-5,0.001049647,0.00210326,0.002610218,-5.565824e-4,0.00114412,5.280941e-4,0.002423201,0.003173074,5.018851e-5,2.875872e-4,6.554853e-4,1.826077e-4,5.084507e-7,0.001994095,3.435656e-4,4.29292e-5,-7.140208e-4,0.00120085,-7.656569e-5,5.145905e-4,0.001363271,-3.470808e-4,0.001364126,2.322876e-4,8.851833e-4,0.001009306,9.416899e-4,3.840097e-5,6.577045e-4,9.78278e-4,9.483291e-4,0.001603956,0.002662689,0.003015464,0.003223884,0.008651276,0.05814418,0.156399,0.1867865,0.1226227,0.02586528,0.0103359,0.01149888,0.01330838,0.01396503,0.01580731,0.01756705,0.01962168,0.02147086,0.02336103,0.02597494,0.02945735,0.03267727,0.03602002,0.04041362,0.04599989,0.05014099,0.05439763,0.05958808,0.06646445,0.07176171,0.07880398,0.08641866,0.09421763,0.1013759,0.1089903,0.1178749,0.1245058,0.1329164,0.1387664,0.1454994,0.1542152,0.1617046,0.1675861,0.1760028,0.1820004,0.1870208,0.1924182,0.1984409,0.1991024,0.2048928,0.2052457,0.2071023,0.2071815,0.2093979,0.2103854,0.2102981,0.2098405,0.2101017,0.2098734,0.2084585,0.2063529,0.204689,0.2038299,0.2022195,0.2055385,0.2033829,0.2038282,0.206529,0.2090886,0.2139586,0.21739,0.2239768,0.2337056,0.2369439,0.2529791,0.2633953,0.2736414,0.300335,0.3125249,0.3322213,0.3527674,0.3729285,0.3871117,0.4053106,0.4121186,0.4272477,0.4346892,0.4407064,0.5595879,0.5963896,0.5915413,0.6897371,1.166946,2.547728
490.005,-5.378285e-4,0.00553535,0.009633362,0.002318957,0.002514673,0.004619554,0.001958495,0.006124495,0.0102972,0.005117579,0.001447699,0.005233201,-0.001006549,0.004314412,0.001134829,0.003153612,6.316032e-4,0.004461417,-9.155265e-5,-8.4046e-5,0.002302851,3.85795e-4,0.001262409,0.002319749,0.001387632,4.65309e-4,0.001169762,0.003119458,0.003374424,0.001793592,0.002372774,-4.749266e-4,0.001023366,0.006039285,0.008625012,-7.627873e-4,0.005549419,-2.529285e-4,0.001330589,-0.001324394,0.001456317,-0.00250988,0.005592508,0.006248293,-0.0024514,0.002970775,0.003258693,0.004779819,0.001848536,0.002059689,0.002139415,0.003632412,9.872337e-4,0.004551106,0.001180109,0.001945017,0.001331378,2.269769e-4,2.198857e-4,0.002334736,0.002901217,0.001972858,-1.329194e-4,0.002443425,0.001557226,-0.001395221,0.00185578,-0.001080096,0.001568377,0.001855175,0.001797859,3.695512e-4,6.703539e-4,-3.004357e-4,0.001428082,0.001152797,9.365319e-4,5.483396e-4,0.002230438,5.204755e-4,7.610875e-4,0.001806944,0.001915253,5.0385e-4,0.001018876,7.711798e-4,8.974509e-4,0.001225249,0.001498545,0.00181016,8.847613e-4,4.283279e-4,2.933062e-4,0.001286193,9.873404e-4,0.001506772,0.001789477,0.003322427,0.002403426,0.004080495,0.00646749,0.04014944,0.139046,0.2035972,0.1283343,0.04141259,0.01133645,0.01058742,0.0124333,0.01393763,0.01471887,0.01708281,0.01848809,0.02057373,0.02285861,0.02449141,0.02800117,0.03005804,0.03375176,0.03786905,0.04266268,0.0461397,0.05163875,0.05547493,0.06148329,0.06622945,0.07314887,0.08035156,0.08549491,0.09401669,0.1022436,0.1086638,0.1172078,0.1240407,0.1302441,0.1373746,0.1454805,0.1511531,0.1606364,0.165417,0.1703353,0.1759675,0.182191,0.1893781,0.190883,0.1957936,0.1972887,0.2002289,0.2011435,0.2033531,0.2046848,0.2044957,0.2067257,0.2052552,0.2062568,0.2039307,0.2036858,0.2005248,0.2001109,0.2012219,0.1977773,0.199925,0.1991813,0.1993307,0.2032345,0.2071109,0.2087587,0.2147167,0.2215016,0.2280832,0.2367616,0.2477345,0.2616669,0.2737166,0.293432,0.3114167,0.3333673,0.3491115,0.3709311,0.3714638,0.3988718,0.4094071,0.4149053,0.4320457,0.4654716,0.5593259,0.5561315,0.6001011,0.6469468,0.6052254,1.528216
492.331,0.002840151,-0.003207466,-0.004959967,4.479735e-4,-0.006093636,4.258613e-6,0.004717992,2.132822e-4,0.005138115,-3.935449e-4,-0.001793213,-0.002266734,-5.016882e-4,-0.002346022,-0.001532449,-3.719625e-6,0.001483826,-0.001264741,2.500164e-4,3.691683e-4,-9.903503e-4,-0.001995235,-5.328459e-4,5.422535e-4,1.832587e-4,-3.294478e-4,-9.379984e-4,2.92197e-4,-0.001053331,2.761512e-4,-0.001638482,-0.004019086,-0.003324507,-0.005708897,0.007628079,-4.580515e-4,-0.001904817,0.002512202,0.002417067,0.001932222,6.069974e-4,0.00215496,0.001398801,0.00227397,-0.00222707,-0.002092131,-0.005089766,4.254282e-4,-0.001949303,-0.002434376,-0.001853871,-9.914262e-4,-0.001345741,-0.00297604,0.001603001,-0.001055772,0.001017693,-2.264831e-4,0.002483565,-0.002832231,4.826206e-4,0.001087291,-9.372179e-4,0.002112762,-1.296059e-4,-0.001014267,-1.255247e-4,-0.001860349,-7.518773e-4,2.280251e-4,-8.677138e-4,6.334413e-4,0.001443409,5.04253e-4,1.19195e-6,-9.134395e-4,-7.02151e-4,3.65443e-4,0.001961949,-0.00212318,4.651406e-4,-4.496059e-4,5.182852e-4,-3.094398e-4,1.883034e-4,0.001174479,2.876462e-4,3.637654e-5,5.478672e-4,-0.001148914,2.160587e-4,4.579048e-4,-0.001329938,6.539953e-5,8.493744e-4,4.236239e-4,0.001560209,0.002735281,0.002449357,0.003312017,0.0259846,0.1175244,0.196183,0.1648144,0.05311971,0.01373314,0.009850285,0.01062449,0.01285594,0.01441366,0.01596339,0.01749917,0.01953592,0.02092928,0.02320458,0.02532234,0.02839468,0.03166609,0.0356343,0.03894766,0.04263126,0.04682087,0.05071194,0.05632707,0.06133829,0.06503962,0.07255711,0.07842805,0.08409787,0.09248916,0.1007473,0.109875,0.1147963,0.1219809,0.1282492,0.1372018,0.1425141,0.1509782,0.1542891,0.1639525,0.1674975,0.174153,0.1788752,0.1847544,0.1887913,0.1909441,0.1927899,0.1938408,0.1956965,0.1985067,0.1984435,0.2009949,0.2010837,0.2003544,0.1995633,0.1997358,0.1977254,0.1958103,0.1938755,0.1958838,0.1924971,0.1945727,0.1937173,0.1948083,0.1981626,0.2006158,0.205091,0.2110836,0.2185898,0.2238157,0.2344828,0.243266,0.2543459,0.2688038,0.2856996,0.3071269,0.3252614,0.342895,0.3589006,0.3729376,0.3822111,0.3939369,0.3972913,0.4236206,0.5223777,0.52402,0.5798268,0.5866017,0.4569886,-0.02467667,1.493705
494.657,-0.005225806,0.002341213,-0.00717541,-0.007932871,0.003250726,0.001272721,-0.002250598,-0.007809003,-0.005382289,-2.037033e-4,0.001762297,1.985018e-4,-4.133503e-6,2.414016e-4,0.003924933,-1.199703e-4,0.002855862,0.002417498,5.92946e-4,0.001332205,4.573132e-4,0.001766564,-0.002592615,-0.001183986,4.142519e-4,5.599881e-4,7.440518e-4,6.319992e-4,-2.228122e-4,0.001307525,0.001002994,0.004124805,-0.003461543,1.634169e-4,1.639961e-4,-4.574635e-4,-0.00352385,1.238922e-4,2.414759e-4,1.240998e-4,0.002793148,2.395093e-4,0.001976,-4.508471e-4,-4.42082e-4,-0.001209532,-5.360971e-4,8.484155e-4,8.195459e-4,-5.820578e-4,0.005001222,-9.932724e-4,-8.866246e-5,-9.607174e-4,0.002441472,0.001940827,-2.322033e-4,3.016034e-4,-0.00291405,4.93169e-4,-0.002005862,5.423465e-4,-0.002005526,-9.236982e-4,-0.002070813,-0.001264274,-0.001238385,-0.001377451,0.001100874,-1.092504e-4,-5.939927e-4,0.001685334,-0.00241799,-2.007122e-4,0.001031748,-7.681043e-4,0.001121087,-9.137659e-5,-0.001245039,6.056926e-4,2.11217e-4,-0.001472578,-3.896003e-5,3.875821e-5,7.461848e-5,-0.001500701,-3.202636e-4,6.637894e-4,7.829074e-4,2.628522e-4,9.315048e-5,1.811678e-4,7.923202e-4,0.001200042,0.001367761,0.001292323,0.002372264,0.003733687,0.0028434,0.01415155,0.09230054,0.1868506,0.1614778,0.07700376,0.01645461,0.00964541,0.0103852,0.01187901,0.0141849,0.01427406,0.0169376,0.0184121,0.0200708,0.02200831,0.02416002,0.02644638,0.02865613,0.03231317,0.03571089,0.03870733,0.04393831,0.04754482,0.05153677,0.05668176,0.06120872,0.06684572,0.07258384,0.07921381,0.08673606,0.09218672,0.09934829,0.1065963,0.1131799,0.1210647,0.1281775,0.1321177,0.1413638,0.1490799,0.1525795,0.1593637,0.164491,0.1707494,0.1763934,0.1792264,0.1836678,0.1857484,0.1890969,0.1899869,0.190859,0.1918479,0.1922397,0.1939041,0.1943064,0.1966526,0.1938609,0.1912029,0.1921763,0.1890182,0.1925141,0.189295,0.1882576,0.1885967,0.1885721,0.1911807,0.1930016,0.1970498,0.2023343,0.2032107,0.2118588,0.2171751,0.2244578,0.238159,0.2483621,0.26328,0.2822493,0.2953957,0.3190445,0.3343195,0.3463954,0.3573919,0.3718038,0.3813246,0.3956688,0.4318389,0.5162532,0.5308748,0.4784828,0.5295489,0.436128,0.6911639,1.014201
496.984,0.01034568,0.009743388,0.008582046,0.006471336,0.008527259,0.01356304,0.005163279,0.006052028,0.007457915,0.005270465,0.007325846,0.006324457,0.002388625,0.00330493,0.005541729,-4.683135e-4,0.002315951,0.002887497,0.00254552,0.00339595,6.509907e-4,0.002750107,0.00244862,-5.928738e-6,0.002346461,0.002878835,0.001766926,5.81039e-4,0.002638337,0.001234118,0.003354552,0.006342319,0.008228575,0.01297481,0.003458849,0.006966121,0.005121578,0.0023714,-0.001200963,0.002764623,0.007140723,0.008202812,0.004748121,0.00338818,0.006433474,0.007220276,0.001839241,0.00443296,0.003571772,0.002724578,0.008027617,0.001087519,0.001696915,0.001130229,0.002180998,0.00338458,0.004430725,9.765774e-4,0.002469844,0.001969264,0.003161236,0.002096027,0.004265056,0.002823176,0.001805444,0.001199264,0.001723117,0.00131355,0.001903563,0.001732216,0.003837941,0.002938312,9.224778e-4,0.001151696,0.00244599,0.001384893,0.001721941,4.993484e-4,0.001684955,-0.001163225,0.00247785,0.001510178,0.001031223,0.001886514,0.002514893,0.001495931,0.002812578,0.001216408,0.001623329,8.192702e-4,0.002077259,0.002221319,0.001640701,0.002636978,0.002426465,0.002626645,0.002919229,0.003356119,0.01039583,0.06272811,0.170181,0.1710836,0.07709042,0.02121722,0.00878911,0.01034828,0.01149752,0.01352017,0.01524069,0.01669436,0.01806626,0.01964334,0.02131052,0.02306834,0.02497121,0.0274796,0.03049343,0.03380293,0.03613957,0.03975493,0.04501816,0.04919634,0.05347717,0.05762669,0.06126643,0.06780698,0.07442095,0.07918349,0.08580559,0.09237045,0.09972969,0.1058124,0.1146305,0.1183231,0.1255812,0.1323275,0.1397778,0.1433335,0.1497061,0.1574669,0.1607198,0.166956,0.1699369,0.1740665,0.1785762,0.1814721,0.183204,0.1843343,0.1842943,0.1864579,0.1874036,0.1883668,0.1889443,0.1872933,0.1891673,0.1868397,0.1856252,0.1854084,0.1859613,0.1849969,0.1854168,0.1849214,0.1869853,0.1889385,0.1889878,0.193117,0.1988916,0.2001814,0.210364,0.2144583,0.2246008,0.234589,0.2441163,0.2592463,0.2780985,0.2888974,0.3118415,0.335014,0.3473323,0.3550995,0.3671348,0.3826154,0.401263,0.452083,0.5496709,0.533144,0.5138094,0.4196923,0.5532884,1.535365,3.25633
499.311,-0.004456632,-0.01085873,-0.005670192,-0.01094191,-0.001799305,-0.00722104,-0.007973244,-0.008279041,-0.004953767,-0.003043081,-0.004719385,-0.003283072,-0.003191565,-0.003437848,-0.005438807,-0.003026741,-0.003381685,-0.003773117,-0.002748076,-0.002156827,-3.303814e-4,-0.002097087,1.324934e-4,-0.002539081,-6.003068e-4,-0.001444017,-7.490236e-4,-3.394967e-4,-0.001324999,-0.001508532,-5.378747e-4,-0.002708176,-8.525552e-4,-0.00389146,-0.005777474,-0.002123675,-0.002976813,-0.005751292,-0.005888115,-0.006953046,-0.00291557,-0.001780921,0.00266531,-0.003948805,-0.004096458,-0.001097689,-0.003764988,-0.002107663,-0.005307136,-0.003489749,-0.00294491,-0.004140513,-0.002496672,-0.001480367,-0.001848791,-0.001696117,-6.192828e-4,-0.00112694,-0.001523776,-7.754008e-4,-9.694354e-4,-0.003655012,-0.003331167,-0.001117826,-0.002321558,-5.659041e-4,-0.001482706,-0.001252583,-6.891585e-4,-0.002785435,-4.824597e-4,2.625733e-4,-0.001333176,-8.988747e-4,-0.00322703,-0.001291731,-6.983883e-4,-5.001562e-4,-1.759239e-4,-6.460961e-4,3.143066e-6,-0.001996803,4.25078e-5,1.161967e-4,-5.297527e-7,-8.38157e-4,-0.001633005,-0.001038867,-2.62701e-4,-1.944089e-4,-6.393839e-4,6.053577e-4,-2.113791e-4,-4.633851e-4,2.701661e-4,0.001682144,0.001936361,0.006968018,0.05198703,0.154242,0.187386,0.09401228,0.0232681,0.007572063,0.008493717,0.009512717,0.01052869,0.01207121,0.01543016,0.01639383,0.01789549,0.01968103,0.02188527,0.02400266,0.02527971,0.02726652,0.03041508,0.03405431,0.03727516,0.03946636,0.04434511,0.04781677,0.0523024,0.05611996,0.06224166,0.06638989,0.07221467,0.07809403,0.08361786,0.09013691,0.09619118,0.1030416,0.1106746,0.1154995,0.1237881,0.128158,0.1361461,0.1406367,0.1467397,0.1524408,0.1565439,0.1597959,0.1649561,0.1694253,0.1737402,0.1755103,0.1766287,0.1790578,0.1788161,0.1799941,0.1809557,0.1827777,0.1817122,0.1833691,0.1812372,0.1818183,0.1791435,0.1800112,0.1784387,0.178749,0.1762327,0.1788355,0.1806042,0.181716,0.1818014,0.1870808,0.1902411,0.1969439,0.2031883,0.208874,0.2170783,0.2269709,0.2394315,0.2517902,0.2704803,0.2835804,0.3009635,0.3202668,0.3338972,0.3416809,0.352492,0.3714119,0.38181,0.4266504,0.4866577,0.4730387,0.4016801,0.4364043,0.3501799,0.1927831,0.1046543
501.64,-0.004468643,0.01260715,0.006089271,6.570825e-4,0.008481082,0.00404913,0.005389216,0.009080218,0.003988565,-0.001161316,4.118385e-4,0.00141749,-0.001704041,0.003917135,0.006040254,0.001966707,0.002421674,0.001822819,0.001430733,-8.293982e-4,-0.003867724,0.001592606,0.001535922,7.63115e-4,0.001009434,5.540723e-4,8.339849e-4,9.690092e-4,0.001149939,2.74769e-4,6.41229e-4,0.002110002,-0.002135268,0.006007861,-1.721862e-4,0.001360801,0.003903295,0.001872954,6.018618e-4,1.287336e-4,0.003866653,0.004763047,-0.001620093,0.004073016,7.856366e-4,2.158094e-4,0.004323492,0.001696208,0.005515542,-0.001447639,0.001578493,-8.039192e-5,-5.336219e-4,0.001216352,5.85082e-4,0.00346819,0.002336956,-1.503575e-4,0.001890435,0.002321571,-0.001731602,6.541642e-5,0.001335561,8.52411e-4,7.099969e-4,-5.014116e-4,-0.001853593,-5.870061e-5,-5.735733e-4,-0.001112453,-0.001022186,-3.674613e-4,0.002103014,0.00140567,5.146614e-5,1.416027e-4,-4.660412e-4,0.001227139,0.001067463,0.001208645,2.988104e-4,9.413312e-4,1.620355e-4,-1.529048e-4,9.371882e-4,-4.377461e-4,-8.140005e-4,4.895129e-4,-5.670592e-4,0.001345197,4.63145e-4,6.957594e-4,0.00216673,0.001404401,0.002700586,0.004127608,0.003820951,0.04525065,0.1705037,0.2128432,0.1275418,0.03382436,0.009754635,0.007749268,0.009530133,0.01122857,0.01192748,0.01370605,0.01546148,0.01781137,0.01925093,0.02086973,0.02231297,0.02472861,0.0268586,0.02934965,0.03271388,0.03372598,0.03701714,0.04179688,0.04433854,0.04951731,0.05333648,0.05535774,0.06277366,0.06790089,0.07294668,0.07764928,0.08226146,0.09006157,0.09564389,0.102533,0.1097109,0.1166268,0.121493,0.1280285,0.1336477,0.1383304,0.1438692,0.150674,0.1531177,0.1583638,0.1620574,0.1684083,0.1693253,0.1709222,0.1741667,0.1740935,0.1750122,0.1751522,0.1750786,0.1763376,0.176645,0.1770086,0.1783045,0.1759372,0.1751927,0.1755936,0.172804,0.1726465,0.1740555,0.1750505,0.1749867,0.176535,0.1795541,0.1839405,0.1894958,0.1935552,0.1986989,0.2055966,0.2124931,0.223634,0.2352438,0.2501185,0.2664192,0.2816929,0.2999156,0.3103506,0.3312486,0.3383185,0.348057,0.3601638,0.3942105,0.4468956,0.5038088,0.4255919,0.3792012,0.4029356,0.6226246,0.5277968,1.153013
503.969,-0.01404151,-0.008224517,-2.627591e-4,-0.01465024,-5.211584e-5,-0.002088384,-0.01344566,-0.006869537,-0.00515201,-0.006057393,-0.00427443,-0.004098947,-0.003790527,-0.007730037,-0.002029667,-0.002792819,-0.00348504,-0.00184179,-0.001468282,-0.003785191,-0.002555448,-8.840582e-4,-0.001652491,-0.001453276,4.46879e-5,-0.001023048,-0.00168076,-0.001939061,-0.001047556,-0.001028554,-0.003257539,-0.007408761,-0.002576253,-0.001135012,-0.002479523,-0.007729516,-0.005268523,-0.004877188,-0.003725508,-0.004193731,-2.462194e-4,0.001427696,-0.002778881,-0.004401342,-0.005760784,-0.001645083,-0.001504621,-0.001581115,-0.002653773,-0.002908266,-0.002946985,-1.740291e-4,-0.001516585,-1.791197e-6,7.535745e-4,-7.277258e-4,0.001634158,-0.003155893,-7.979476e-4,-0.002816545,-0.00241265,-0.001354725,7.335676e-4,0.001311963,-2.579554e-4,-0.0015117,-0.003452845,-0.002267914,-0.001497157,1.258563e-6,-2.116847e-4,-8.39682e-4,-0.001640878,-0.001451028,-9.287097e-4,-0.001052547,-2.795064e-4,-0.003044871,-0.00141714,-9.481379e-4,-9.192979e-4,-0.001385406,4.18956e-5,-0.001654857,-8.649935e-4,-4.37439e-4,-8.522424e-4,-0.001039998,3.963878e-5,0.001113716,5.294539e-4,1.775942e-4,9.922066e-4,1.598022e-4,0.002534774,0.002207999,0.02146284,0.1591262,0.2882368,0.1710676,0.05294383,0.01073221,0.007246774,0.00886267,0.009680762,0.01065583,0.01284745,0.01379182,0.01620494,0.01825978,0.0191288,0.02085526,0.02317332,0.02478604,0.0264528,0.02923778,0.03186961,0.03463904,0.03726144,0.04098846,0.04394144,0.04966656,0.05428838,0.05615855,0.06104398,0.06420454,0.07171579,0.0761728,0.08144541,0.08825573,0.0953164,0.1009636,0.1079397,0.1127416,0.1189474,0.1224839,0.1288762,0.1352342,0.1402523,0.1447618,0.1488784,0.1550973,0.1566698,0.1604815,0.1644945,0.1675984,0.1670662,0.1705461,0.1698612,0.1703441,0.1729571,0.1722639,0.1719371,0.1731835,0.1715596,0.1719677,0.168484,0.1684413,0.1679949,0.1675436,0.1696535,0.1677317,0.1716946,0.1709243,0.1739687,0.1777258,0.1828065,0.1865031,0.1948658,0.2008844,0.2082753,0.2185528,0.2302388,0.2422933,0.2573958,0.2727098,0.2905302,0.3010898,0.3153961,0.3289624,0.3330622,0.356025,0.4176924,0.4589583,0.4717584,0.3952127,0.3284054,0.3310996,0.5007324,0.4298517,-0.3398616
506.298,0.01393016,0.01888854,0.005343687,0.001340152,0.005723809,0.01608407,0.005393391,0.009339797,0.002505612,0.009400592,0.007739357,0.006511264,0.004966286,0.004522012,0.003385376,0.004864539,0.001991764,0.005678088,0.002199301,0.003235633,0.001236132,7.112764e-4,0.0024324,0.001981173,0.002893479,-0.001070494,-5.163744e-4,0.002273058,0.002466085,-2.738402e-4,0.002815802,0.005623752,0.01037987,0.005832647,0.004441038,0.004535616,0.003895322,0.003239165,0.006239735,8.460583e-4,-2.496274e-4,0.005938473,0.006707632,0.003271916,0.001776681,0.0080838,0.00280406,0.003060137,0.005808492,0.005828219,0.006358585,0.005767992,0.004189389,0.002691052,0.00427078,0.005230357,0.001477001,0.004275806,0.002611184,0.002737214,0.001294845,0.001686808,0.003328004,0.003276904,-7.083397e-4,0.005042399,0.003495488,0.002266585,0.001615598,7.851573e-4,9.749004e-4,0.001467213,1.530587e-4,6.012993e-4,0.002345644,6.185359e-4,6.038665e-4,0.002630844,0.001992233,0.002453413,0.001261088,0.002649019,0.001702062,0.001807263,0.001498179,0.001239377,0.001104356,0.001182079,8.846426e-4,0.002125107,0.002730735,0.002945465,0.002218447,0.003776263,0.003101635,0.01246252,0.07844955,0.2964509,0.2865214,0.0828444,0.01537832,0.006885778,0.008483397,0.008865148,0.01125167,0.01342425,0.01345344,0.01574547,0.0171906,0.01895796,0.02085744,0.02202278,0.02441797,0.02626769,0.02774913,0.03054093,0.03213451,0.03501387,0.03843894,0.04256733,0.04546833,0.04971505,0.05374138,0.05707112,0.0619599,0.06647348,0.07144329,0.07599492,0.08320357,0.0881656,0.09546074,0.1017374,0.1078729,0.1114803,0.1174586,0.1222813,0.1285346,0.1334163,0.1374506,0.1419241,0.1475706,0.1508348,0.1559854,0.1571962,0.1599182,0.16085,0.1654852,0.1638697,0.1648625,0.166714,0.1676428,0.1671427,0.1675388,0.1685707,0.1670198,0.1631371,0.1651225,0.1648355,0.165165,0.1645773,0.166474,0.1682647,0.1681149,0.1717277,0.1740768,0.1761086,0.180775,0.1836083,0.1881863,0.1971892,0.2026552,0.2179734,0.2284947,0.2366104,0.2527445,0.2706332,0.2854874,0.3014669,0.3153186,0.3244222,0.3337909,0.3549394,0.4224497,0.4478323,0.4298313,0.4118053,0.413587,0.4931922,0.7168406,1.178675,1.815998
508.629,-0.00106276,-0.005575936,-0.004455958,-0.003509224,0.002697647,4.437885e-4,-0.004744767,-0.001230297,-0.004946359,-0.004537235,-0.002948999,-8.313734e-4,-0.001892549,-0.004646348,-0.005039433,-0.005678055,-0.003785444,-0.003081359,0.001338887,0.001387445,-3.305467e-4,-0.002032986,-0.001327697,-0.00199047,-4.616962e-4,-0.001253463,-0.002044192,-0.00115838,-0.001099375,-8.19167e-4,-0.004142157,-0.002345884,-0.003282149,0.003231576,-0.003619902,6.020514e-4,-0.00363989,-0.003861434,-0.001435426,-0.002501047,-1.276802e-4,0.001541022,-0.002419597,-0.002807062,-5.475551e-4,0.002611434,-0.002675179,-0.003358031,-0.002743265,-2.783376e-4,-0.003938202,4.563703e-4,5.343195e-4,-0.002513307,-0.00242586,0.001281368,-6.934763e-4,-0.001645585,-0.00115603,-0.001683472,-7.618701e-4,-0.002022636,-0.001060478,-6.560373e-4,-7.704558e-4,-6.877839e-4,-0.003009003,-0.002673325,-0.002637391,-3.299469e-4,-0.002846898,-0.001410558,6.120123e-4,-0.001293196,-0.001411506,-0.001571538,6.483616e-4,-5.888029e-4,-5.279493e-4,-0.00210206,-5.398192e-4,5.713496e-4,-1.950261e-4,-2.673227e-4,-7.611429e-5,2.186121e-4,-0.001731302,2.103987e-4,9.600795e-6,2.320152e-4,0.001621776,0.002509674,0.002444562,0.001660618,0.005909266,0.05419582,0.1669429,0.3163927,0.1682648,0.02337153,0.006993396,0.007545803,0.007835172,0.008907726,0.009896275,0.01153695,0.01314438,0.01529698,0.01697498,0.01893195,0.02017311,0.0223752,0.02305243,0.02558923,0.0278018,0.02970396,0.03215605,0.03481877,0.03772551,0.04118169,0.0461706,0.04816447,0.05354149,0.05667202,0.05936258,0.06495639,0.06916059,0.07468524,0.08007062,0.08612838,0.09049207,0.09681202,0.1020018,0.1078551,0.1140342,0.1173866,0.1241149,0.127675,0.1336521,0.1363666,0.1417751,0.1439351,0.1469298,0.1505717,0.1536641,0.155835,0.1553185,0.157892,0.1578039,0.159177,0.1610784,0.159925,0.1606353,0.1603189,0.1589507,0.1591342,0.1583927,0.1571861,0.1555819,0.1580376,0.1586736,0.1608892,0.1592492,0.1632021,0.1646196,0.1702216,0.174994,0.1761752,0.1841706,0.1885639,0.1996265,0.2051211,0.2156215,0.2304615,0.2433462,0.260406,0.2728475,0.2837458,0.3037753,0.3092539,0.320794,0.3670454,0.4042001,0.4309749,0.3677125,0.3678135,0.3289418,0.242899,0.4213034,0.1950273,-0.5798099
510.959,0.01610549,0.01326109,0.007462323,0.01005602,0.005380437,0.01136178,0.01612018,0.005027683,0.01497191,0.01080907,0.01014656,0.002607977,0.005615713,0.00836878,0.003978907,0.002750176,0.006360667,0.006013329,0.005044647,0.003135095,0.002715596,0.002445275,0.001605093,0.002363913,0.001637609,9.159821e-4,9.140495e-4,0.004365836,0.002659994,0.003598631,0.006466099,0.004414686,0.007439952,0.006588113,0.007670954,0.007346663,0.01040029,0.006428105,0.00666397,0.007848535,0.008148095,0.002593103,0.002982997,0.009731305,0.004288085,0.004548831,0.005558084,0.005545451,0.003637978,0.005113557,0.003024411,8.127222e-4,0.002653237,0.001978791,0.005981115,0.003429163,0.00431304,0.004389134,0.004819109,0.002435981,0.003937982,0.001873731,0.002178974,0.002013655,-4.4732e-4,0.001252778,0.002004116,0.003016924,0.003257887,0.002104491,0.001931622,7.793978e-4,0.002537503,0.001439588,0.0012122,0.001890713,0.002350464,0.002518887,8.797691e-4,0.001793133,0.003243703,2.849073e-4,0.002040884,0.002554975,0.001931499,0.001987724,0.002859249,0.002755775,0.001787347,0.002917791,0.00288925,0.001469659,0.003099054,0.004913175,0.03689506,0.1452941,0.1980737,0.1968452,0.05560088,0.008453866,0.00810487,0.00910219,0.009232632,0.01076085,0.0115217,0.01388746,0.01430369,0.01597249,0.01828641,0.01976514,0.02159562,0.02291113,0.02529278,0.02631125,0.02826243,0.03077068,0.03271015,0.03565321,0.03890188,0.04246595,0.04715335,0.04922683,0.05292913,0.05676823,0.06062751,0.06448935,0.06950375,0.0750094,0.0781869,0.08576654,0.08928565,0.09585484,0.1014567,0.1058285,0.1114012,0.1167692,0.1216968,0.1266084,0.1290553,0.1335422,0.1364858,0.1404126,0.1446293,0.1479607,0.149444,0.1508461,0.1532601,0.1540678,0.1537979,0.1540272,0.1547926,0.1563412,0.1564852,0.1556526,0.1557037,0.1549798,0.1526876,0.1537848,0.1542417,0.1541609,0.1550057,0.1562664,0.1574777,0.1595069,0.163359,0.1640055,0.1689336,0.1753623,0.1801389,0.1852035,0.1942613,0.204909,0.2126034,0.2264566,0.2393508,0.2526315,0.2709031,0.2853329,0.3001628,0.3078004,0.326021,0.3833721,0.4159499,0.398098,0.3742829,0.4065323,0.4392834,0.4108041,0.6261623,0.7462544,3.981847
513.291,0.002772316,-0.004228384,0.001430038,0.002478303,0.002425048,0.01340076,0.002431609,0.009006928,0.009042866,0.004835054,0.001585581,-0.003451228,2.921175e-4,0.007866918,-7.604533e-4,0.00251824,0.001868492,0.004953895,9.163804e-4,0.00116314,0.004069134,-0.001417399,0.001441536,0.00115822,0.001454176,0.001834424,0.001148394,-3.363089e-4,0.00173781,0.002235522,9.890943e-4,0.003945252,0.002149854,0.001604104,-8.203509e-4,0.002990698,0.003059678,0.002466286,0.003799288,0.005104306,0.002987984,0.00246742,0.003318806,0.002790969,0.008218716,-0.001302346,-2.074824e-4,0.003131562,0.002117313,0.002314314,6.462279e-4,0.002051362,-2.627941e-4,-1.738022e-4,0.001490741,0.001112693,0.002459014,0.002671978,0.003229062,0.001040425,0.002913012,0.003674334,-0.001250128,0.001814404,0.002229922,0.001560636,0.001271195,2.364372e-4,-8.535853e-4,2.784541e-4,0.001445195,9.331351e-4,-2.535474e-4,0.003018454,-6.269345e-4,7.547592e-4,-0.001012125,0.001974689,9.205946e-4,0.001022279,0.001453773,2.845868e-4,3.535737e-4,0.001103493,5.546538e-4,0.001514216,0.001234186,0.001685139,0.001477782,0.001263963,0.003069262,0.002370378,0.003232192,0.02305201,0.1092048,0.2014826,0.141911,0.06565062,0.01203402,0.007163286,0.006999355,0.008045444,0.00902983,0.01010224,0.01240978,0.0131848,0.01422702,0.01690816,0.0178873,0.0197344,0.02133143,0.02265441,0.02499316,0.02597001,0.02859086,0.0304539,0.03304614,0.035405,0.03876883,0.04158281,0.04509717,0.04706046,0.05080117,0.0563666,0.05919105,0.06222066,0.06849495,0.0721999,0.07649572,0.08297568,0.08761471,0.09223228,0.09717727,0.1038218,0.1078821,0.1124676,0.1166227,0.1212082,0.1252598,0.1289196,0.1323123,0.1366799,0.1404845,0.1411583,0.1442742,0.1473788,0.1473539,0.1480196,0.1480227,0.1475436,0.1487622,0.1495995,0.1495869,0.1507016,0.1483857,0.1493828,0.1487059,0.1466467,0.1489251,0.1482388,0.1499337,0.1512012,0.1515829,0.1544948,0.1556955,0.160687,0.163416,0.1691162,0.1746716,0.1811082,0.18975,0.2012319,0.2065768,0.219901,0.2327488,0.2490448,0.2636325,0.2754526,0.2877339,0.2974011,0.3305578,0.3842111,0.4099377,0.3677334,0.349187,0.3220137,0.3799329,0.3912359,0.6238374,0.7840855,1.157898
515.623,-0.004874333,-2.755296e-4,1.130981e-5,0.001569468,0.006166536,-0.005579075,-0.00343562,0.004624707,-0.006578487,0.004644099,0.003180363,0.00121928,9.802629e-4,0.003263475,6.212471e-4,0.002405238,-0.003750086,0.001044652,-0.001105303,-2.968535e-4,-6.484989e-4,-5.998816e-4,6.897863e-4,-4.934819e-4,-2.275639e-4,0.001098982,5.950734e-4,-7.176069e-4,8.105617e-4,0.001014793,-0.001784621,6.90568e-4,0.002997465,3.211849e-4,0.002278406,-7.492895e-4,0.003456088,-1.247088e-4,0.00414958,-1.162788e-4,0.003945348,4.69556e-4,5.717857e-4,0.006127583,-0.001636398,-0.003458385,0.004361385,0.001875547,0.002013714,-6.686193e-4,-3.641833e-4,8.030718e-4,0.003786386,4.288847e-4,-0.003148132,0.002465646,0.005675798,0.002445846,7.168031e-4,0.001109828,8.145746e-4,0.002536198,0.001249571,0.001360748,8.26985e-4,0.001245266,0.001698621,2.949221e-4,0.001878237,0.001764019,-0.001012168,0.001294345,2.526623e-4,-8.380936e-4,7.241971e-4,-5.194001e-4,0.00211245,0.0012549,8.794261e-5,4.253127e-4,4.972805e-4,4.118986e-5,8.988367e-4,-6.454478e-4,2.577339e-4,9.361127e-4,4.942222e-4,0.001820268,2.426297e-4,0.002970169,0.00235038,0.00293691,0.01359633,0.08989735,0.1956412,0.1779911,0.0594218,0.01361016,0.006355663,0.006198094,0.006731227,0.007874738,0.009379955,0.01047357,0.01123746,0.01373693,0.01547532,0.01617702,0.01789004,0.01973076,0.02167884,0.02273533,0.02496856,0.02588381,0.02869127,0.03000769,0.03272521,0.03491875,0.03758211,0.03981139,0.04498997,0.04744762,0.05148466,0.05330499,0.0597631,0.06193498,0.06675229,0.07107033,0.07503375,0.08106084,0.0848891,0.09047623,0.09575023,0.09919891,0.1041433,0.1098331,0.1132528,0.11838,0.1203263,0.1242237,0.1296077,0.1303832,0.135056,0.1368994,0.1380079,0.1403242,0.141497,0.1434513,0.143387,0.1441893,0.1440662,0.1436814,0.1440883,0.1439078,0.1448275,0.1448846,0.1419021,0.1419866,0.1411884,0.1422016,0.1434775,0.1455237,0.1459635,0.1500359,0.1506482,0.1552543,0.1594741,0.1623451,0.1701461,0.1764111,0.1809267,0.1931865,0.1978253,0.2093592,0.22417,0.2400815,0.2525213,0.2628459,0.2797872,0.2967063,0.3419068,0.3788929,0.3587045,0.3177128,0.3086515,0.3339863,0.3084937,0.378155,0.4545631,0.3766277,1.760942
517.956,-0.004362767,-0.003181871,-0.01285294,-0.003679309,-0.01260532,-0.009876491,-0.01005483,-0.01135606,-0.007827293,-9.590885e-4,-0.005069117,-8.097847e-4,-0.004705123,-0.004347398,-0.00348485,-0.002859548,-0.002391266,-0.002096767,-0.002777349,-0.001030913,-0.001227536,5.366062e-4,-1.020177e-4,-0.002364868,-0.001088498,-0.001282317,0.001001901,-9.533552e-4,-0.001034088,2.018894e-4,-0.002667628,-0.001972212,-6.923282e-4,-0.008607615,-0.005517413,-0.004321829,-0.002128101,-0.002460644,-0.003307216,7.122759e-4,-0.005246906,-5.821184e-4,-0.001023928,-0.003882089,-0.001303793,-0.005167373,-0.00603359,-3.088552e-4,-0.004313458,2.92998e-4,4.613035e-4,-0.002120494,-0.005875213,-9.422103e-4,-0.004539867,-0.00222187,-0.002289952,-0.001624757,-0.001783269,-0.001386387,-2.113795e-4,-0.004722419,-0.001178234,-1.303714e-4,-4.438845e-4,-0.001734702,5.420736e-4,1.768337e-4,-7.337451e-4,-7.076078e-4,-0.001748554,7.734251e-4,-3.530967e-4,5.926852e-4,-9.608016e-4,-0.001317181,-0.001098449,-0.002055051,-6.516709e-4,-0.001312947,-6.962601e-4,-0.001680768,-0.001048106,-0.001777,8.836334e-4,-3.577061e-4,-6.255123e-4,-2.00872e-4,-6.836766e-4,-2.18982e-4,0.002150179,0.00685578,0.05768282,0.1797529,0.1938672,0.08746114,0.01490274,0.004931613,0.005340403,0.006793496,0.006515443,0.0076071,0.008801641,0.01085311,0.011538,0.01262464,0.01443107,0.01604689,0.01837345,0.01928685,0.02119502,0.02287873,0.02418738,0.02561566,0.02809367,0.02955885,0.03179396,0.03462251,0.03830996,0.04013465,0.04256038,0.04470184,0.0492119,0.0527813,0.05707657,0.06017985,0.062887,0.0692329,0.07321318,0.07870266,0.08200766,0.08664345,0.0928985,0.09609227,0.09997853,0.1045306,0.1095304,0.1111891,0.1177605,0.1201107,0.1232913,0.1248802,0.1295039,0.1309108,0.1321274,0.1350557,0.1357702,0.137212,0.13656190000000001,0.1370484,0.1376346,0.1354215,0.1381043,0.1380218,0.1381508,0.1373068,0.1368306,0.1354321,0.1366774,0.1363224,0.1388619,0.1391553,0.1409166,0.1431687,0.1448624,0.1495352,0.1520291,0.1565976,0.1641857,0.1693423,0.1733083,0.1843203,0.192764,0.2037212,0.2164413,0.2275748,0.2411659,0.261545,0.2610907,0.2795894,0.3315787,0.3538174,0.3224047,0.303877,0.2976865,0.2843947,0.2963382,0.2232989,0.1881413,0.554262,-1.625156
520.289,-0.001803333,-0.004712092,-0.00726694,-0.006421726,0.003391185,0.003250731,-0.005179875,8.84546e-4,-0.003607175,0.00759367,0.00199669,-0.001818885,-1.027503e-4,-0.001811288,-0.002368129,-5.748681e-4,-7.32138e-4,-0.001903177,-6.84737e-4,-3.703791e-4,7.036587e-4,-0.001517495,0.001521192,0.00177312,-6.800627e-4,2.709721e-4,2.24996e-4,-0.002046846,1.028258e-4,3.364005e-4,9.499325e-5,0.002763999,-0.001815377,-0.001751281,3.194399e-4,8.898466e-4,-0.004910599,-0.001476103,-0.004956182,-0.003767126,0.001298659,-0.001049272,-0.00238739,-0.001882964,-4.317834e-4,-0.003764473,7.443367e-4,-0.003520986,3.002118e-4,-9.473101e-4,0.001452517,0.001597443,-0.001401643,5.967846e-4,-4.146795e-4,7.637407e-5,-6.843253e-4,-0.001623487,-4.985615e-4,-0.001936794,0.002631336,-0.001529038,-9.809594e-4,-0.001225802,-8.867885e-4,6.2144e-4,-8.532606e-4,-9.377527e-4,-3.946074e-4,-4.345415e-4,2.136527e-4,6.181015e-4,2.511478e-4,-1.461729e-4,-2.877422e-4,5.61936e-4,7.309134e-4,-0.001249974,1.749591e-4,-5.499706e-4,-0.00106761,-4.38693e-4,-4.638803e-4,-2.259493e-4,-2.041047e-6,3.589859e-4,6.676241e-4,3.110608e-4,8.755575e-4,0.001514863,0.00470365,0.04051511,0.1497064,0.2154993,0.1179525,0.02671723,0.005410398,0.006119742,0.006923651,0.006587989,0.007524511,0.008647885,0.01014739,0.01012659,0.01204093,0.01405289,0.01557666,0.01695166,0.01885689,0.02039408,0.02176816,0.02318599,0.02458486,0.02610024,0.02840628,0.0292969,0.032176,0.03392479,0.0371747,0.04078014,0.0434086,0.0466236,0.04921684,0.05157967,0.05633541,0.05935315,0.06421401,0.06706562,0.07081876,0.0772871,0.08112725,0.08577773,0.08882594,0.09454873,0.09716432,0.1027376,0.1046543,0.1093466,0.1131148,0.1158769,0.120264,0.1209658,0.1254048,0.1267651,0.1304939,0.1315856,0.1322714,0.1318675,0.1316333,0.1319688,0.133601,0.1323435,0.1341135,0.1339565,0.1333649,0.1317231,0.132928,0.1326831,0.1331256,0.134723,0.1338004,0.1341698,0.1362651,0.1392224,0.1413169,0.1452446,0.1489896,0.1519122,0.1594838,0.1648494,0.1711425,0.1788831,0.1917077,0.1966326,0.2106735,0.2263127,0.2324561,0.2506949,0.2598225,0.2984,0.3336882,0.3391157,0.2969408,0.2879412,0.2995123,0.3024487,0.249976,0.2538655,0.1121551,0.2603683,1.272982
522.623,-0.009461632,-0.00625473,-0.006071017,-0.007331058,-0.00349141,-5.403163e-4,-0.007582381,0.002020811,0.004777395,1.584161e-4,-3.1112e-4,-0.001119914,-0.001278473,-1.274149e-4,9.847424e-4,-0.006737831,-0.003324558,-0.0012374,-0.001358709,-9.542162e-4,-0.001740048,0.001024035,-0.001352141,-5.375392e-4,-7.271893e-4,-0.001099692,0.001186063,-0.002474885,-0.001193088,-0.001683617,0.002226687,1.110703e-4,-0.003247515,0.001115089,-1.681112e-4,-0.00238328,-7.987184e-4,0.002083174,-0.004130449,9.447648e-4,-0.001791338,-0.001750063,-4.544552e-4,-0.001106402,-0.003261886,-0.001078014,5.333855e-4,-0.001759446,-4.684809e-7,-0.002759823,-0.001622907,-0.002297938,-0.004117853,-0.001882352,0.001398418,-0.0016656,-5.338856e-4,-0.001033258,-0.002638005,2.057678e-4,0.001684821,-0.001264,-0.001962708,-0.001034035,-2.538157e-4,5.595282e-4,-7.291853e-4,-9.374942e-4,-2.242694e-4,-8.201652e-4,6.387383e-4,7.727869e-4,-6.04337e-4,-4.905354e-5,-0.001343555,-0.001456104,-6.404172e-4,-0.001026999,-0.001696605,-0.001819836,0.001321881,-6.793039e-4,8.585877e-4,7.188449e-4,-1.494292e-4,2.515743e-4,-4.478262e-4,0.001164528,0.001675482,0.003892971,0.02492775,0.139284,0.2027633,0.1489164,0.04092057,0.006912106,0.004065278,0.006070224,0.006878289,0.007073776,0.008116497,0.008965325,0.009949756,0.01079075,0.01236806,0.01327956,0.0153578,0.01769021,0.01905683,0.0202625,0.02128796,0.02340477,0.02496601,0.02669712,0.02824326,0.03059265,0.03124102,0.03387312,0.03678567,0.03958052,0.04356522,0.04514063,0.04926554,0.05098033,0.05453829,0.05842713,0.06264464,0.06589249,0.0692215,0.07415615,0.07833539,0.08372994,0.08720517,0.09157601,0.09636696,0.09936763,0.1009171,0.1059717,0.1088193,0.1125825,0.1149594,0.1182334,0.119951,0.1225678,0.1241648,0.1267383,0.1248432,0.1274656,0.1267647,0.127428,0.1302966,0.1284774,0.1287755,0.1281601,0.1287881,0.1290695,0.1280265,0.127366,0.1261511,0.1302567,0.1286463,0.13077,0.1326397,0.1360707,0.1387602,0.140661,0.1425624,0.1492871,0.1533606,0.1612713,0.1658195,0.1739923,0.1834633,0.193561,0.2019988,0.2143067,0.2345998,0.2390154,0.2617424,0.2886698,0.3330414,0.3081157,0.2736038,0.2721146,0.2688272,0.2822587,0.2755165,0.229401,0.1273405,0.4490648,-0.6647981
524.958,-0.005620192,-0.009071423,0.002353282,-0.002087275,-0.01646454,-0.01057186,-0.006841425,-0.009461991,-0.01673996,-0.008144444,-0.007619519,-0.003918607,-0.00711454,-0.004919575,-0.004945693,-0.004435926,-0.00392317,-0.003973332,-0.002432647,-8.045463e-4,-0.002369418,-0.001832178,-0.002218228,-0.001201752,-0.00337734,-0.002501425,-0.00309944,-0.001752947,-0.001672006,-0.00274700099999999,-0.003978092,-0.004944125,-0.002794891,-0.00681373,-0.007741646,-0.009475722,0.001301995,-0.004277439,0.001995617,-0.007965792,-0.002374496,-0.0060383,-0.004977644,-0.002314229,-0.002160633,-0.002035757,-6.240617e-4,-0.003503157,-0.004188567,-0.001795638,-0.001614022,-0.001404645,-0.001830107,-0.004763668,-0.006480128,-0.002525337,-0.005085839,-0.001321554,-0.004397966,-3.467321e-4,-0.005449839,-5.30648e-4,-0.003971236,-0.00122091,-0.002646676,-0.002710674,-0.002230861,-0.002273739,-7.870861e-4,-0.001140657,-6.306631e-4,-0.002820219,-0.001403094,-0.003226568,-6.20143e-4,-0.001215983,-0.001001041,-0.00208694,-0.002424367,-0.001473598,-0.002495766,-9.949219e-4,-3.588435e-5,-6.384973e-4,1.074183e-4,1.791951e-4,-2.909608e-5,6.503348e-4,-7.358223e-4,0.01265886,0.08832411,0.2413466,0.1663802,0.0571202,0.008333338,0.003387469,0.004934378,0.005207721,0.006591804,0.006334913,0.006939404,0.008861063,0.01042048,0.01151715,0.01280074,0.01371777,0.01525025,0.01713142,0.01902109,0.02000576,0.02098412,0.02259433,0.0242302,0.02523576,0.02793849,0.02927197,0.03129041,0.03287884,0.03521086,0.03849027,0.04191558,0.04453133,0.04726094,0.050374,0.05387522,0.05526287,0.05998621,0.06472175,0.06630294,0.07159517,0.07694238,0.07910843,0.0844211,0.08782706,0.09237873,0.09440326,0.09964048,0.1019234,0.1054943,0.1070598,0.1115219,0.1119796,0.1156717,0.1188679,0.1180992,0.1205635,0.120385,0.121106,0.1216712,0.1227803,0.1232625,0.1222091,0.1252381,0.1222503,0.1235444,0.123961,0.1220259,0.1212367,0.123067,0.1227716,0.1223362,0.1264832,0.126984,0.1276998,0.13257,0.1356555,0.1383397,0.1430451,0.1491385,0.1534378,0.1590349,0.1644915,0.1743073,0.1836633,0.1955826,0.2092188,0.21852,0.2303249,0.2566593,0.2955139,0.3171066,0.2724993,0.2592591,0.2591555,0.2573025,0.2630221,0.26132,0.2887831,0.09540676,-0.4601926,-0.187609
527.293,-0.005579443,2.204835e-4,0.005994536,0.005888141,0.004148905,0.0120153,-0.001708928,-0.003676436,0.005397911,-0.002580781,0.001713985,0.001691081,9.496447e-5,-2.408293e-4,-0.001607161,0.002497306,-0.0029933580000000002,0.00159722699999999,0.001246297,5.188153e-7,-5.143548e-4,8.064501e-4,-0.002078888,1.284053e-4,-1.352036e-4,-4.759714e-5,1.345789e-4,8.996975e-4,0.001395605,-2.012556e-4,-6.170635e-4,4.597325e-4,0.002113719,-0.001901747,0.002742262,7.39374e-4,-4.005085e-4,0.003172597,7.046071e-4,0.00398839,-0.003081206,0.004299188,-0.003394922,6.628287e-4,-0.00108206,-0.001393075,-7.335495e-4,1.040241e-4,-0.00119715,0.002186716,0.001535565,5.298909e-4,0.001831427,0.001786137,-0.001641362,-0.001418895,-0.00151824,-3.673846e-4,0.00170323,-8.26882e-4,-8.760365e-4,0.001586103,0.001693669,1.275447e-4,0.003907267,3.096845e-4,-2.425795e-4,4.087218e-4,-0.001238805,0.001036267,-3.677411e-4,0.0013335,-2.508025e-4,-0.00107634,-2.866302e-4,7.933387e-4,4.547396e-5,-4.851432e-7,-3.462137e-4,3.370885e-4,2.442989e-6,3.601213e-4,-5.401711e-4,9.787345e-4,6.585351e-4,8.562489e-4,0.001534011,0.001839209,0.006899251,0.07046804,0.1829835,0.244593,0.07624033,0.01402057,0.004048831,0.005338663,0.005502289,0.004873709,0.006571423,0.007984874,0.007487808,0.009217443,0.01022568,0.01184952,0.01326482,0.01439691,0.01611779,0.01744367,0.01836818,0.02024678,0.02157118,0.0229416,0.02446313,0.02552516,0.02767951,0.02879518,0.03180574,0.03267506,0.0355198,0.03852077,0.04084094,0.04332845,0.04703569,0.04978427,0.05316875,0.05511138,0.05940482,0.06258308,0.0666638,0.06995755,0.07411337,0.07881143,0.08335955,0.08564897,0.09018241,0.09249331,0.09695252,0.09829233,0.1018762,0.106239,0.1070575,0.1114119,0.1112768,0.1140717,0.1166718,0.1151367,0.1195214,0.1181215,0.1176197,0.1179051,0.1188489,0.1185941,0.1183865,0.1188128,0.1191569,0.1190072,0.1203272,0.1192321,0.1166771,0.1185199,0.1204869,0.1218324,0.1237454,0.1273888,0.1276341,0.1316685,0.1365786,0.1389374,0.1444008,0.1481192,0.1581509,0.1620524,0.1695961,0.1782311,0.1944509,0.2050509,0.2184263,0.2234551,0.2536909,0.2993562,0.2867307,0.2515581,0.2572983,0.2643028,0.2670423,0.2880863,0.2610986,0.2604637,0.3776922,0.4399203,1.102468
529.629,-0.004326366,0.002295625,-0.001470905,0.003594078,0.002170177,-0.004771786,0.00530514,0.005016174,0.001460107,-2.040309e-4,-3.072877e-4,3.931695e-4,-0.001171335,0.002395544,-0.00111324,0.001245542,0.00298713,0.001128171,-1.729081e-4,0.001653861,0.002234161,-2.713207e-4,4.017667e-4,2.611125e-4,0.001843843,2.252444e-4,-3.676158e-4,5.203103e-4,-5.417529e-4,-6.033728e-4,2.659409e-6,-8.095341e-4,0.003675589,0.001902104,0.007247624,0.00266387,0.003680768,4.869696e-4,-0.001761432,0.00140819,4.680566e-4,6.981105e-4,0.002942054,-7.71334e-4,-0.001730636,0.00245778,0.001055206,6.202205e-4,0.002991222,-0.001986158,0.00270578,0.001854889,1.751697e-4,8.380003e-5,-9.042902e-4,8.64879e-4,7.659888e-5,-3.920367e-7,-4.255009e-4,-7.088911e-5,4.001333e-4,-9.275143e-4,0.002865172,3.20223e-4,4.406922e-4,0.002960011,-7.857028e-4,-7.580554e-4,0.001691923,5.463872e-4,-6.844411e-4,1.023883e-4,-0.001352786,5.391944e-4,0.001003906,0.001120433,0.002137224,2.216482e-4,2.171611e-4,9.265007e-4,3.731855e-4,-8.350083e-4,0.001511194,0.001241713,5.845624e-4,0.001177035,0.003344425,0.003916543,0.04718144,0.174589,0.2156302,0.1356578,0.0210864,0.004837121,0.004501071,0.005029276,0.00542627,0.00698989,0.006661128,0.008049096,0.00872851,0.009431751,0.01148076,0.01241898,0.01351751,0.01537125,0.01608458,0.017475,0.01879908,0.01991139,0.02225912,0.02281299,0.02476515,0.02633315,0.0275378,0.0288252,0.03058917,0.0326758,0.03509556,0.038002470000000003,0.04074899,0.04448066,0.04517796,0.04853388,0.05152954,0.05376808,0.05730585,0.06227527,0.06416406,0.06781048,0.07256168,0.07661906,0.08068829,0.08233787,0.08714757,0.0900624,0.09203496,0.09539094,0.09866824,0.1013188,0.1043691,0.1071609,0.1088746,0.110529,0.1121067,0.1121838,0.1130886,0.1136242,0.1153483,0.1146791,0.1155308,0.114465,0.114856,0.1157055,0.1152048,0.1144874,0.1152418,0.1138845,0.1154687,0.1165263,0.1162225,0.1203375,0.1203621,0.1218909,0.1249925,0.1270611,0.1290709,0.1326586,0.1404327,0.1447961,0.153875,0.1584978,0.1685601,0.1736372,0.1834276,0.1981267,0.2076054,0.2319625,0.2719479,0.2897372,0.2744347,0.2465015,0.25584,0.2521468,0.2455545,0.270328,0.2403823,0.2973892,0.276587,0.6640369,3.257324
531.966,0.005807992,0.00642824,0.002622929,0.001795542,-0.001253342,0.007235896,-7.554526e-4,0.007323484,0.007074556,0.001823352,-0.002314441,-7.171754e-4,0.002140652,-6.061848e-4,-0.001364852,0.003975028,-0.003002149,-0.001234651,6.647018e-4,-0.001092667,0.002880641,0.002206639,3.561416e-5,-4.026771e-4,6.281551e-4,0.001270664,0.002093756,8.530273e-4,0.001017445,0.001207687,1.816685e-4,4.567305e-4,-4.128608e-4,0.001588087,0.003870498,0.00177672,0.003957565,0.002078174,0.001763523,1.208933e-4,0.002012125,3.502329e-4,0.005327199,0.001990949,0.006187194,0.002354028,2.145949e-4,0.001241281,-0.002198186,0.001905125,-0.001530654,0.002119283,8.781222e-5,-0.001195371,-4.96629e-4,0.001813041,-0.001367755,-0.002721344,9.952517e-4,0.001858752,-9.472189e-4,-1.33146e-4,6.526383e-4,-0.001159226,-2.529341e-4,-0.003951388,-0.00138879,0.001169024,0.001469137,-2.165611e-4,0.001060479,-9.609858e-8,4.981618e-5,1.48122e-4,0.001005879,-7.495897e-4,8.650618e-4,0.001066457,0.002733935,4.6407e-4,0.00111146,7.205084e-4,0.001087474,0.001470052,0.001944585,0.001286254,0.00297026,0.02684277,0.1335349,0.2352291,0.1511898,0.04105078,0.004202641,0.003756166,0.005124004,0.005423289,0.005881394,0.007193209,0.007222868,0.007842578,0.009186746,0.00927021,0.01110427,0.01271922,0.01319861,0.01505016,0.01638973,0.01782028,0.01920118,0.02018734,0.02116927,0.02256213,0.02431454,0.02549159,0.02715027,0.0282759,0.03021298,0.03339484,0.03442644,0.0377177,0.04061411,0.04313088,0.04445771,0.04674125,0.05019907,0.05364546,0.05609223,0.05953456,0.06303909,0.06707987,0.07100944,0.07417469,0.0783248,0.08053643,0.08347248,0.08676713,0.09076078,0.09271346,0.09728396,0.09734907,0.1002858,0.1022405,0.1045751,0.1061535,0.1088193,0.1082132,0.1102058,0.1097011,0.1100371,0.1095623,0.1110664,0.109498,0.109885,0.1119055,0.1117204,0.1118757,0.1103747,0.110817,0.1110264,0.1117697,0.112765,0.114177,0.1171681,0.1192267,0.119758,0.1231983,0.1254074,0.1307513,0.1367565,0.1419759,0.1499561,0.1510152,0.160229,0.1668982,0.1813152,0.1922574,0.201793,0.2356861,0.2713571,0.2642935,0.2368871,0.2392934,0.2541784,0.2497067,0.2645945,0.248073,0.2517591,0.2771204,0.2744705,0.6930566,1.492888
534.303,0.005838839,0.005432816,-0.003174947,4.202478e-4,-0.004956343,-1.808103e-5,0.002888829,0.004575635,6.060603e-4,0.002583351,-0.003780087,-1.213153e-4,-1.034664e-4,9.600047e-4,-8.730892e-4,-0.003317824,2.036983e-4,-0.003044326,3.250873e-4,0.001958168,7.049229e-4,-0.001951444,0.001055831,-4.947792e-4,0.00149178,-9.427289e-5,-0.001377158,0.001238205,0.001079377,-8.090147e-4,0.00133666,-0.00473825,-0.001827158,-0.003348013,0.003075817,-0.001789192,-2.735992e-4,7.334592e-4,-0.001181555,0.00153571,2.305848e-4,-0.003972299,-0.001138284,0.002664486,-4.33809e-4,0.002364512,2.146227e-4,-0.002591542,0.003410617,0.001819407,0.002272024,0.003370472,9.65446e-4,-1.527717e-6,-1.668484e-4,0.002137631,-0.001527562,2.947488e-4,0.002998219,-0.001245876,-4.122871e-4,1.318964e-4,7.864424e-4,0.001160558,8.870277e-4,-7.426719e-4,1.179917e-4,3.524104e-4,0.001701752,1.119462e-4,0.002177872,-6.707245e-4,-9.072619e-4,-4.84508e-5,-9.130716e-4,0.001126009,2.740633e-4,-7.152859e-4,6.979266e-4,2.965827e-4,0.001486881,0.001444529,0.00113149,9.844635e-4,0.00165789,0.001112762,0.0162552,0.09592599,0.2029292,0.1924476,0.05859395,0.006745752,0.002758219,0.003215735,0.003429064,0.004878858,0.005557778,0.006623897,0.007231283,0.008495962,0.00897234,0.01059775,0.01109818,0.01233741,0.01385655,0.01452746,0.01550566,0.01711667,0.0194315,0.02005846,0.02152732,0.0231043,0.02381338,0.02549032,0.0274962,0.02801106,0.02987685,0.03308508,0.03386136,0.0361886,0.03921947,0.04212667,0.04434069,0.04650264,0.05003449,0.05255606,0.05515519,0.05927542,0.06055411,0.06479255,0.06871478,0.07176203,0.07448629,0.07919732,0.08175586,0.08530305,0.0878164,0.09013892,0.09169616,0.09591999,0.095632,0.098985890000000007,0.1010502,0.1021209,0.1035525,0.1051972,0.1064416,0.1054265,0.1055645,0.1073364,0.1076349,0.1068826,0.1060652,0.1071534,0.1079247,0.1076975,0.1053362,0.1081215,0.1075926,0.1067992,0.1088196,0.1089807,0.1115278,0.1144991,0.117114,0.1202034,0.1223483,0.1266175,0.1309832,0.1357624,0.1421805,0.1505748,0.1553309,0.1631277,0.1746515,0.1853132,0.2009789,0.2360509,0.2720174,0.2509009,0.2281569,0.2395645,0.2253751,0.2279336,0.2486298,0.2344404,0.2559505,0.2914261,0.2387466,0.2982699,-1.109002
536.641,-0.00106268,0.003624472,0.008480749,-0.002563163,-5.123775e-4,0.01012962,-0.004923952,0.009044231,0.009075677,0.002789826,0.003335566,-0.002243686,0.005025085,0.003515381,4.87751e-4,0.005170341,0.003339041,0.0046759770000000004,0.001849394,0.001387797,-6.498691e-4,0.001306297,5.05611e-4,0.001518471,0.001364737,6.41782e-4,4.426668e-5,-3.359147e-4,0.001411901,0.001764362,-4.45597e-4,0.002671032,7.244546e-4,0.001445102,0.009958489,-6.022882e-4,0.002129664,6.180612e-4,0.002616508,-5.913609e-4,9.526682e-4,0.004237032,-4.584512e-4,0.001564675,9.88528e-4,-2.196756e-4,0.001391473,0.003763159,0.002120913,0.004428247,0.002466252,0.00294886,0.002739016,-0.001294389,0.002489392,-0.001519791,0.002231494,0.001709744,0.00265966,-0.001257064,0.001152665,-7.374733e-4,7.259698e-4,0.00149276,0.001340328,6.878154e-4,3.624536e-4,0.001773126,0.002284566,-7.718105e-4,2.693825e-4,0.001506101,0.00020237210000000001,7.938643e-4,8.236895e-4,0.001133879,-1.385679e-4,0.001303338,0.002632981,0.001279881,0.002079566,0.00173855,0.001687926,0.002934362,0.001518822,0.008742196,0.07259812,0.1759203,0.1765761,0.09174073,0.01284422,0.00412015,0.004898211,0.004243459,0.005155516,0.006264405,0.007175698,0.007346497,0.007698994,0.008376722,0.009973207,0.01091073,0.01215835,0.01319715,0.01312304,0.01520377,0.0161021,0.01733333,0.0195831,0.02005253,0.02163079,0.02260858,0.02391488,0.02535078,0.02693553,0.028987,0.02992148,0.03203768,0.03396362,0.03617144,0.03807528,0.04262024,0.04395318,0.04546297,0.04899886,0.05121281,0.05354844,0.05594096,0.06004096,0.06319722,0.06755924,0.07027087,0.07449664,0.07671806,0.07943269,0.08263375,0.08632868,0.08751816,0.09126904,0.09230191,0.0942907,0.09501201,0.09917327,0.1015027,0.1000961,0.1010657,0.1026428,0.1017669,0.1033085,0.1026881,0.1039676,0.1040682,0.1040854,0.1047554,0.1041426,0.1042985,0.1028991,0.1028757,0.1039167,0.1056125,0.1063181,0.1095037,0.1097648,0.1112285,0.1151942,0.1182742,0.1212198,0.1234172,0.1314532,0.1329331,0.1390305,0.1460748,0.1526068,0.1622547,0.1735221,0.1770593,0.2098551,0.24489060000000001,0.2511392,0.2260699,0.2212206,0.2245371,0.2288786,0.2273429,0.2290765,0.2218614,0.2675329,0.3014582,0.4482005,0.4801247,2.993251
538.979,0.007979286,0.001541641,0.00854857,-0.003708456,-0.003781787,2.29718e-4,0.002164713,0.002063101,-0.002583921,0.002804909,0.004077031,9.192612e-5,0.00178303,9.69477e-4,0.003133544,0.002887379,0.001883455,4.75406e-4,0.003901408,-0.001780564,-2.640676e-4,3.254542e-4,-0.001228726,-2.309803e-4,0.001743552,1.372399e-4,3.181001e-4,-2.904554e-4,2.175577e-4,7.51207e-4,-4.480711e-4,0.001279895,-0.001421092,1.617839e-4,0.001147059,0.00165819,-0.002561893,-2.777814e-6,0.004669766,0.002275943,9.6138e-4,0.002133088,0.0018466,0.001801079,0.004752758,0.001196495,-1.017421e-4,0.002315688,0.002135591,5.829624e-4,0.001016264,9.415288e-5,-1.772966e-4,7.790992e-4,6.675954e-4,7.203907e-4,3.883164e-4,-0.001048999,7.252028e-5,-0.002807615,-0.001238639,-2.268006e-6,0.001859913,1.951431e-4,0.002249191,6.934265e-4,-0.001416084,2.980196e-4,4.606799e-4,0.002115302,0.00161803,-8.371174e-4,0.001327415,0.001397498,-1.454738e-4,4.595509e-5,2.774175e-4,-7.254727e-4,1.778054e-4,7.301892e-4,0.002052911,0.001669484,0.002883521,0.001113463,0.003282129,0.05470257,0.1629304,0.1835581,0.08574827,0.02267743,0.003778043,0.004059459,0.004580955,0.004864277,0.005000543,0.005757742,0.006165315,0.007808809,0.007215035,0.008837731,0.009482528,0.01044366,0.01220502,0.01247334,0.01411829,0.01551677,0.01656953,0.01762457,0.01903005,0.02039091,0.02148834,0.02272115,0.02361158,0.02481203,0.02574539,0.0280987,0.02880645,0.0319144,0.03374175,0.03599038,0.03883544,0.03947177,0.04215243,0.04611251,0.04819741,0.04949716,0.05297028,0.05537449,0.05873605,0.06135748,0.06674157,0.06832401,0.07151665,0.07583868,0.0768604,0.08015261,0.08200123,0.08451404,0.0881411,0.08920204,0.0923599,0.09351977,0.09551668,0.09579927,0.09741726,0.09916963,0.09972719,0.09992544,0.1007533,0.09951526,0.1009729,0.1000582,0.1005668,0.1021502,0.1018812,0.1010349,0.1011205,0.10131,0.1011424,0.1017093,0.1026298,0.1044792,0.10699,0.1087232,0.1113124,0.1130966,0.1182535,0.1206963,0.1269316,0.1284609,0.1372941,0.1435099,0.1510256,0.1569459,0.1640327,0.1779279,0.2067794,0.2511205,0.2378134,0.2112177,0.2151242,0.219139,0.2172543,0.2204854,0.2262534,0.2304616,0.2474893,0.3081115,0.1692139,0.4680049,1.916186
541.318,-0.009889002,-0.007964643,-0.009630202,-0.005602549,-0.01034697,-0.01260298,-0.007495605,-0.009463925,-0.003671184,-0.006446885,-0.009278732,-0.0023712,-0.003498462,4.853276e-4,-0.004175389,-0.002451541,-0.004024497,-0.005713507,-0.00410813,-0.005342016,-0.001378874,-0.001324412,-2.930387e-4,-5.023326e-4,-0.002309698,-7.932349e-4,-0.001448765,-0.001990401,-0.003201574,-0.002747309,-6.314256e-4,-0.00106417,1.560421e-4,-0.005199061,0.002307963,-0.005313589,-0.001088918,-0.001879714,-0.005417123,-0.002161193,-0.004370666,-0.001785618,0.001043901,-0.003278794,-0.003994954,7.650631e-4,-0.003018821,-0.001584153,6.123163e-4,6.895954e-4,-0.00110848,-0.001894935,-0.002055614,-0.002877441,-0.003112382,-0.001375804,-0.001634536,-0.003236724,-0.002254611,-0.001129719,-0.003176456,-0.002982316,-5.337778e-4,-0.001711363,-0.002325931,1.275284e-4,-0.002037237,-0.001734102,-0.002076998,-0.001061089,-0.001836808,-5.783163e-4,-0.001695307,-0.001854345,-0.001763249,5.734164e-4,-2.802192e-4,1.361393e-4,-0.001331158,-8.635209e-4,4.673802e-4,-5.28223e-4,-1.943616e-4,0.002738692,0.02794923,0.16503,0.2109551,0.109085,0.02334418,0.003807905,0.00279062,0.002677022,0.003576827,0.003783548,0.003796152,0.004524051,0.005586734,0.006602638,0.00692256,0.008228401,0.008947749,0.00985017,0.01147422,0.01209078,0.01333183,0.01431887,0.01617385,0.01719966,0.018864,0.01946802,0.02064314,0.02160171,0.02292016,0.02472922,0.0252365,0.02679103,0.02875285,0.03037552,0.03325979,0.03519344,0.03770992,0.03970797,0.04180762,0.04410597,0.04612215,0.04816551,0.05103681,0.05336188,0.05630637,0.05925251,0.06316195,0.06671904,0.06918138,0.07176822,0.0733114,0.07661921,0.0797979,0.08116905,0.0835494,0.08623691,0.08715291,0.09041507,0.09121481,0.09246723,0.09544477,0.09398692,0.09418018,0.09447345,0.09548361,0.09590314,0.09652472,0.09753117,0.09687923,0.09598669,0.09694761,0.09711633,0.09722064,0.09596595,0.09610369,0.09699074,0.09872136,0.1001776,0.1020589,0.1035279,0.1066658,0.1089874,0.111284,0.1173444,0.1241797,0.1235919,0.1304948,0.1365749,0.1443813,0.1478118,0.1620296,0.1776543,0.2166175,0.2319727,0.207195,0.2024318,0.2051019,0.2100598,0.2047675,0.2147646,0.2041267,0.1985456,0.2107194,0.1951637,0.08487695,0.3724475,-1.056199
543.658,0.001551314,0.002876002,0.002219487,-0.009565774,-0.006857059,-0.01265336,-7.9954e-4,0.004699836,-0.003663344,-0.008359966,-7.973123e-6,5.966762e-4,9.491109e-5,-0.001114778,-0.003311223,-2.35054e-4,-0.002331754,-0.001748883,-3.577517e-4,-4.554936e-4,0.002555906,-7.768168e-4,-5.226184e-4,0.00117835,-1.870413e-4,-9.818593e-4,-0.001873675,-5.355926e-4,-1.142169e-4,-0.002201476,0.00109112,-4.755203e-4,0.001452776,-6.508285e-4,-5.123111e-6,-0.006685166,-0.001624056,-0.002385138,0.002289307,1.23289e-4,-0.002193686,-0.003934822,5.806456e-4,-3.390072e-4,-0.003222908,-0.002638035,-0.001726189,-0.002221581,-0.006244951,-0.002428482,-0.003788086,0.001543447,-0.001879393,-0.004889695,-0.002443477,-0.002104552,9.367437e-4,-0.00346713,-0.002039217,7.040348e-4,0.001857139,-7.482457e-4,-4.677417e-4,-0.002176404,-2.594042e-4,-0.001201318,6.73758e-4,-0.001017846,-4.033161e-4,4.503977e-4,-1.613657e-4,-1.582144e-4,-0.001903124,-7.020049e-4,3.440906e-4,-2.412674e-4,4.6603839999999e-4,0.001593715,8.011594e-4,0.001167136,0.001770683,0.001639194,0.001713008,0.01861832,0.1048069,0.2679514,0.1564148,0.03598606,0.003800054,0.002103311,0.001690465,0.0039039,0.004052864,0.003474076,0.005361754,0.005004417,0.006050449,0.007516373,0.007190865,0.007878789,0.008959808,0.01083356,0.01184058,0.0118043,0.01385828,0.01406373,0.0159715,0.01724596,0.01821904,0.01957293,0.02060585,0.02210424,0.02294562,0.02391513,0.02518765,0.02557006,0.02741825,0.03065347,0.03214618,0.03417646,0.03569459,0.03703043,0.04041705,0.04289301,0.0435424,0.04694925,0.05001316,0.05211613,0.05463745,0.05825481,0.0620817,0.06305689,0.06704545,0.06957018,0.07146702,0.07372013,0.07803414,0.07993201,0.08263462,0.0836616,0.08443572,0.08550509,0.08857462,0.08889467,0.08879135,0.09057948,0.09102001,0.09141671,0.0919878,0.09251481,0.09265437,0.09359038,0.09288757,0.09366457,0.09324927,0.0934434,0.09248006,0.09528813,0.09284316,0.09517464,0.09634655,0.09695096,0.09885567,0.1010248,0.1031364,0.1054753,0.1084863,0.1112498,0.1144989,0.1209182,0.1260278,0.1337488,0.1388089,0.1461909,0.1558712,0.1783644,0.2119473,0.2199519,0.1951012,0.1942298,0.1978746,0.1986709,0.1992653,0.2038199,0.1974588,0.2126663,0.1588938,0.1547174,0.1886874,-0.01177003,-0.5779245
545.998,-0.006793206,-0.009290219,-0.003244411,-0.001869532,-0.002280143,-0.002086279,-0.004015213,-0.01065336,-0.003883965,-0.008924064,-6.089869e-4,-0.001447884,5.976371e-4,-0.004813122,-0.003683819,-0.003506335,-0.002972887,-0.003792681,-7.800246e-4,-0.002603218,-0.002963141,-0.002216073,-0.002136803,-0.002323387,-0.001251179,-6.105023e-4,-1.858169e-4,-0.003119619,-0.001497236,-6.210434e-4,-0.001912121,-0.003668608,-0.005506756,-9.787716e-4,-0.002489012,-0.003202502,-0.00488691,-0.003647323,-0.002900475,-0.004582886,-0.002808221,-0.005738649,-0.001514027,-0.002270522,-0.004458658,-0.004846434,-0.0016269190000000001,-0.003501951,-0.004927433,-0.003613553,-4.616958e-4,-0.001357196,-8.971819e-4,-7.93497e-7,9.27314e-4,-0.002110381,-3.124301e-4,-0.0036275,8.144796e-8,-0.001699096,-0.003530784,-0.00136147,-7.370841e-4,-7.930704e-4,-0.002075601,-7.609701e-4,-0.001239066,-0.003602586,-7.529419e-4,-0.001570825,-2.71182e-4,-7.389403e-4,-0.002835676,-0.002264812,-6.882945e-4,8.165021e-4,-7.496069e-4,1.815052e-4,5.90947e-7,-3.035775e-4,-8.813268e-4,3.311252e-4,0.008346305,0.08163182,0.2067497,0.2449029,0.06799546,0.00791606,0.001716544,0.001385675,0.003820979,0.002046066,0.003504474,0.003678397,0.004607966,0.003934752,0.006243842,0.007167429,0.006408051,0.00789913,0.00878808,0.0104161,0.01176078,0.01194188,0.01310423,0.01404907,0.01500701,0.0162273,0.01816156,0.01917149,0.02030986,0.02178375,0.02165731,0.02389485,0.02417724,0.02588566,0.02747299,0.0287308,0.0312003,0.03221206,0.03591755,0.03708872,0.0397414,0.04203227,0.04274839,0.04540233,0.04779553,0.05066432,0.05417214,0.05534562,0.05766098,0.0619946,0.06469607,0.06632108,0.06965193,0.06998223,0.0729098,0.07591187,0.07765145,0.08022769,0.08142146,0.08313568,0.08450225,0.08593426,0.08701303,0.08669715,0.08737387,0.08931871,0.08794439,0.08799347,0.09069596,0.08887446,0.08843963,0.0893879,0.08890633,0.08880654,0.08993691,0.09001173,0.09020573,0.09041093,0.09127019,0.09360915,0.09568815,0.09722584,0.1006007,0.1010784,0.1035407,0.1081113,0.113068,0.1175114,0.1217751,0.1293943,0.134655,0.1402617,0.1531511,0.1857846,0.2145056,0.195334,0.1840522,0.1810293,0.1834254,0.1934945,0.1936344,0.1885279,0.1905831,0.1780263,0.1555279,0.16936,-0.03542851,-0.2621775,-1.635934
548.339,0.007298652,0.005551571,0.01334162,0.006973804,0.01235099,0.01058697,0.01397645,0.0132439,0.004080232,0.00891928,0.001620932,0.007400036,0.005918385,0.00876483,0.007363852,0.007487169,0.004456331,0.005729108,0.004199645,0.002004874,0.002372218,0.002713831,0.0022171030000000002,7.262827e-4,0.002595366,0.002292303,0.002343621,0.001316877,0.003378292,0.003037887,0.002101923,0.006506984,0.01074175,0.005063849,0.01062687,0.0015233550000000001,0.003930202,0.009437204,0.006292972,0.008098588,0.006825558,0.001436818,0.001982417,0.004549295,0.004246624,4.367576e-4,3.161783e-6,0.007016492,0.001849758,0.002353222,0.003254903,0.004997511,0.006650667,0.003767045,4.211257e-4,0.007389787,0.002975162,0.003177204,0.003363888,0.003471577,0.002352354,0.004836259,6.711897e-4,0.004959095,0.002727237,0.002797104,0.002043427,0.001744183,9.878232e-4,0.00224899,0.002122928,0.002641849,0.003923236,0.004083613,0.002906492,0.003368725,0.002531057,0.002332562,0.001965126,0.002604134,0.002751532,0.007692239,0.05143442,0.1732515,0.2218629,0.1310317,0.01839433,0.003925615,0.00344988,0.005238657,0.0040827,0.004410397,0.004720773,0.00587515,0.005465024,0.006743427,0.008216822,0.009068494,0.009744878,0.01017588,0.01031933,0.01107978,0.01222149,0.01276365,0.01454691,0.01514104,0.01639768,0.01718383,0.01932713,0.0198729,0.02075765,0.02178086,0.0225946,0.02339084,0.02443638,0.02608831,0.02735302,0.02937428,0.03148956,0.03362966,0.0349373,0.03674337,0.03927449,0.04075421,0.04350824,0.0454953,0.04773214,0.05023377,0.05209864,0.05638134,0.05847387,0.06106405,0.06449209,0.06600787,0.06778947,0.0709942,0.07298473,0.07417407,0.07557833,0.07922675,0.07840999,0.08057675,0.08316285,0.08475877,0.08551985,0.08547225,0.08584983,0.08485758,0.08661601,0.08528984,0.08702704,0.08718979,0.08707075,0.0870242,0.08768057,0.0888983,0.08811572,0.08802338,0.08784678,0.08866959,0.09103232,0.09146544,0.09269569,0.09505422,0.09688316,0.1006299,0.1026654,0.107221,0.1095328,0.1130953,0.1196984,0.1245835,0.1327249,0.1402952,0.158338,0.1932868,0.1994956,0.1815911,0.179341,0.1776194,0.1900163,0.1894744,0.1965371,0.2122418,0.1993639,0.2134388,0.273863,0.3399909,0.6507014,1.231645,2.726358
550.68,-0.01336761,-0.009891164,-0.003746878,-0.001172137,0.003261677,-0.007010791,-0.009556407,-0.005451683,-0.001091133,-0.003442691,-5.972504e-4,-0.003520456,-8.071505e-4,-0.002974898,0.001277609,-0.003053232,-0.002985178,-0.00185662,0.001285956,-6.757385e-4,0.00184487,3.325305e-4,-0.002188282,-0.001192314,-1.857951e-4,-5.6549e-4,-0.00357752,-4.409491e-4,3.868839e-4,8.299876e-4,-0.004754442,-0.002375943,0.001022198,1.634833e-4,1.311135e-6,0.001374803,-0.007354864,-1.270235e-4,-0.003275543,6.064546e-4,3.620784e-4,-0.002040078,-1.168463e-4,-0.0023930930000000002,-0.001228554,-3.343655e-4,-0.00119425,-5.317769e-4,-0.001236887,-0.004508141,-0.001393497,1.13345e-6,5.405257e-4,-0.001055469,0.003050264,-0.004477254,0.003217007,0.001743719,-2.932186e-4,9.933398e-4,-5.57556e-4,-3.422508e-4,-8.745448e-4,-0.002322158,6.510436e-4,0.001338269,-4.388066e-4,-0.001446411,-2.314562e-4,-8.985565e-4,-0.002016308,3.708085e-4,-6.735165e-4,-4.032265e-4,0.001629849,-2.908028e-4,3.279609e-4,-2.295052e-4,4.483757e-4,8.698442e-4,0.001580635,0.03650678,0.1139395,0.1999364,0.1353878,0.03429188,0.003819688,0.001092508,0.002163326,0.002280747,0.003841588,0.003900821,0.003694096,0.003722964,0.005259175,0.005036504,0.00611556,0.006260548,0.007284156,0.007611163,0.009951605,0.009845617,0.01082139,0.01268627,0.01368286,0.01433079,0.01571285,0.01611599,0.01709443,0.0183738,0.01933048,0.02060283,0.02128607,0.02291704,0.02389153,0.02469107,0.02686075,0.02688596,0.02965679,0.03134904,0.033972,0.03609796,0.0375587,0.03777028,0.04127933,0.04232283,0.04602586,0.04637324,0.05073822,0.05156872,0.05409466,0.05838502,0.0611761,0.06263345,0.06451339,0.06634212,0.06959013,0.06998095,0.07227061,0.07391982,0.07655871,0.0776972,0.07910547,0.07959594,0.08124489,0.08087989,0.08162988,0.08161641,0.08161521,0.08085627,0.08188092,0.08251196,0.08119298,0.08307984,0.08317309,0.08362188,0.08351548,0.08250218,0.08450996,0.08516933,0.087723400000000007,0.08668757,0.08949733,0.09084033,0.0919113,0.09563617,0.0989957,0.1016111,0.1050741,0.1107818,0.1128152,0.1203348,0.1244807,0.1327368,0.1577811,0.1856211,0.1915517,0.1649271,0.1671498,0.1781005,0.1727389,0.1750715,0.17311000000000001,0.184222,0.1857884,0.1667321,0.1554467,0.166508,-0.05350133,0.3285211,-0.2653731
553.022,0.001018232,0.005854636,-5.123157e-4,0.007971276,0.004045703,0.007499063,0.005734105,0.009031534,0.003657321,-0.001153352,8.803694e-4,0.001032012,0.002011459,-6.216601e-4,-0.001279065,0.005757454,0.002877021,0.001363087,0.002587709,0.001421529,0.001722434,-1.21994e-6,-2.904157e-4,0.001876574,3.721453e-4,4.477578e-5,5.637023e-4,-1.47619e-4,-5.038712e-4,-0.001110811,7.360665e-4,7.079076e-4,8.82663e-4,-0.005416834,-0.00234247,6.116744e-4,0.003001406,0.002527418,0.003160552,0.004736686,0.002695688,0.003609096,2.342249e-4,-4.563721e-4,-8.967729e-4,5.537205e-4,0.006325648,-0.001174284,-4.135438e-4,-0.005401315,0.002892313,0.002008195,4.516248e-4,4.404144e-4,-0.003400027,0.004568468,7.946564e-5,0.001520193,-0.001763574,0.001351827,4.115924e-4,-0.001233271,0.001551067,-0.001995769,0.001435652,-8.935776e-4,0.001492871,7.856148e-4,4.683069e-4,-2.25098e-4,9.843314e-4,-0.001487204,5.180863e-4,2.53659e-4,-6.42735e-4,-5.040485e-5,0.001412271,0.002022076,8.085468e-4,0.003445132,0.03939938,0.1106401,0.1666867,0.136401,0.04878108,0.004910947,0.003967665,0.002853392,0.002780203,0.003310883,0.003113808,0.004156488,0.004921362,0.004957258,0.005630458,0.004729815,0.006206337,0.007705893,0.007799799,0.008654057,0.009496794,0.01044006,0.01112671,0.01275283,0.01300879,0.01354838,0.01559988,0.01642116,0.01688781,0.01782804,0.01908938,0.02004186,0.0213397,0.02236626,0.02310526,0.02513836,0.026069,0.02714586,0.02904061,0.03106107,0.03300175,0.03535339,0.03644929,0.0383056,0.04020511,0.04185187,0.04496901,0.04628109,0.04835744,0.05192242,0.05351976,0.05642403,0.05909364,0.06057985,0.06193831,0.06536153,0.06688185,0.06889346,0.06956753,0.07133635,0.07275442,0.07468465,0.07502688,0.07673274,0.07610955,0.07792499,0.07865943,0.07774437,0.07815559,0.07950234,0.07785123,0.08039588,0.07966688,0.08018489,0.07811559,0.0796787,0.07997874,0.08039819,0.08227757,0.08108673,0.08301765,0.08410877,0.08499717,0.08674884,0.08971865,0.0930367,0.09594692,0.09745467,0.1008397,0.1051211,0.1079081,0.1162545,0.121815,0.1348214,0.1618705,0.1851109,0.1704617,0.1537178,0.1637533,0.1651808,0.1641164,0.1708795,0.1727546,0.1730941,0.1757214,0.1711702,0.1597493,0.2027397,0.259001,0.7264153,1.018459
555.364,0.011519100000000001,5.347829e-4,0.00469948,-0.005202987,0.008353435,0.001524261,0.006243006,0.004738094,0.003859678,-0.001743797,0.002507277,0.002886405,0.001911008,0.001731319,4.969895e-4,0.001405474,-4.358797e-4,-9.948776e-5,0.002323126,0.002318361,0.003046611,-6.022946e-5,-8.181097e-4,1.801989e-4,-3.282566e-4,-0.001272771,-0.001511635,0.001618304,7.194829e-4,0.002499924,7.366253e-4,0.003685261,0.001609423,-1.649139e-4,-0.002508725,0.003065905,0.00559298,-2.557146e-4,-0.002678293,0.001217015,0.001592472,8.431876e-4,0.003518358,-0.001599979,0.00112511,0.003989385,1.130038e-4,0.003637042,-0.001551349,0.002957444,0.00317797,0.001372889,-0.001717041,7.024222e-4,0.001102324,0.001385841,0.002125908,9.882956e-4,0.002059325,0.001066609,0.001247223,-0.001509226,0.001215014,-1.345754e-4,0.001044327,-0.001980348,0.001432379,0.001391114,3.515898e-4,0.001866822,3.29418e-4,1.059061e-4,5.186053e-4,0.001217096,-7.424727e-4,0.001014065,0.002025958,8.259891e-4,0.003234234,0.01758912,0.1379614,0.1784193,0.1355973,0.05291714,0.0106685,0.002993433,0.003575371,0.00243263,0.003879485,0.003049501,0.004171537,0.003666257,0.002609229,0.005651603,0.006187846,0.005930915,0.006444093,0.007861296,0.007617011,0.008434069,0.00952736,0.01061286,0.01184464,0.01238637,0.01326826,0.01411642,0.0153107,0.01604528,0.0178127,0.01769931,0.0180825,0.01994897,0.02097657,0.02143537,0.02309911,0.02322115,0.02556741,0.02646933,0.02762728,0.03121859,0.03258029,0.0330991,0.0350036,0.03796212,0.03767747,0.04084724,0.041762,0.0449916,0.04662094,0.04988229,0.05160898,0.05437469,0.05611281,0.05720196,0.06007196,0.06098963,0.06404525,0.06490959,0.06769073,0.06872115,0.07093162,0.07082751,0.0725588,0.07288864,0.07394557,0.07494267,0.07436006,0.07553345,0.07458149,0.07576461,0.07539622,0.07603235,0.07744946,0.07691927,0.07635744,0.0755422,0.0778681,0.07758977,0.07828801,0.07814816,0.08039721,0.08022522,0.08114702,0.08344506,0.08658431,0.08997865,0.09108036,0.09468177,0.09723416,0.1019778,0.1082333,0.109475,0.118881,0.1339592,0.1630257,0.166213,0.1531405,0.1546966,0.1530217,0.1594317,0.1614299,0.1623437,0.1588544,0.1732762,0.187673,0.1657951,0.1784793,0.1725785,0.2580547,0.7388207,1.41515
557.707,-0.007444734,0.002631027,-0.002539782,-0.001927176,-0.002567142,0.006496174,-0.004065472,0.003297778,0.001703967,-0.001173989,5.785147e-4,0.002058095,0.001211194,-0.00125582,-0.001170598,0.001412313,-4.350243e-4,-2.032064e-4,0.001114569,-1.547903e-4,4.618836e-4,8.926104e-4,-0.002456185,0.001189852,-5.176108e-4,-4.284146e-4,-4.924744e-6,-7.89399e-4,-0.001964482,-0.001814081,-1.798132e-4,-0.001080177,1.558724e-4,-8.253687e-4,0.003520229,0.001692383,0.003287211,0.003172026,-0.001956582,-3.633042e-4,-0.002597748,0.004353587,0.00447549,0.0045945,-0.001802422,0.006121662,0.00153965,-3.206412e-4,-8.313412e-4,0.001783977,-0.001404334,0.003487168,7.264116e-4,-0.00221484,5.108694e-4,0.003605988,3.962767e-4,-3.059777e-4,-9.601978e-4,4.994303e-4,1.368793e-4,0.002820051,4.745221e-4,2.65113e-4,-5.255632e-4,0.001028969,-6.453255e-5,3.038678e-4,0.001761424,9.1143e-4,-0.001425384,-4.275785e-4,0.001824128,0.001324735,0.001542854,-3.423334e-4,0.001134894,0.002770158,0.008123368,0.07972776,0.259719,0.1670226,0.06555666,0.01029941,0.002590722,0.003710999,0.001236118,0.001806657,0.002246668,0.003294853,0.00335375,0.002875976,0.004589309,0.002974922,0.004964482,0.007424954,0.006058296,0.0072493,0.007529885,0.00782893,0.0093483,0.01041162,0.01069738,0.01157125,0.0126492,0.01417525,0.01462971,0.01538103,0.01619207,0.01636055,0.01808652,0.01952346,0.01948928,0.02098819,0.02246911,0.023246,0.02388719,0.02622627,0.02757607,0.02930948,0.03058353,0.03320143,0.03447378,0.03595966,0.03807605,0.03980536,0.04139721,0.04429169,0.04567839,0.04752141,0.04981609,0.052126,0.05310087,0.05684081,0.05770662,0.05876055,0.05974185,0.06261738,0.06583848,0.06499779,0.06620391,0.06846469,0.07051226,0.0704147,0.07129891,0.07263437,0.07174802,0.07230786,0.07215017,0.07222998,0.0726796,0.07314165,0.07444664,0.07343548,0.07331282,0.07288465,0.07564442,0.07425631,0.07536053,0.07493739,0.07728151,0.07821613,0.08033078,0.082279,0.08372157,0.084594,0.0877229,0.0910491,0.09550642,0.09723866,0.1031189,0.1062554,0.118474,0.1411803,0.1557052,0.1534927,0.1383674,0.1458047,0.1488231,0.1528433,0.1584483,0.1545696,0.1640703,0.1557661,0.1454119,0.1797932,0.190488,0.1986772,0.2013917,0.4494118,2.051191
560.051,0.01668854,-0.005911042,0.01382136,0.006871734,0.009722442,0.01176761,0.009875409,0.006980536,0.00482166,-3.754928e-4,0.0019553,0.002512642,9.16669e-4,0.002878775,0.006695215,0.002846249,0.002151924,6.864861e-4,0.001481148,1.515735e-4,4.658667e-4,-0.002079954,0.001296188,0.001106748,0.001314063,-8.064097e-4,0.002662486,0.002027939,0.001911582,0.002518808,-4.637625e-4,0.002640685,7.341558e-4,0.003641593,0.003202017,0.006336976,0.002065703,0.002168923,-0.003065602,0.005631695,0.003466847,0.001941059,0.001654474,0.004147931,0.001018071,-7.834092e-4,0.001758136,0.001184575,0.003332615,7.920948e-4,0.005831386,0.001931271,0.001366029,0.004173777,-4.277327e-4,0.006172242,0.00182403,9.201207e-4,0.002667625,0.002155228,0.00315934,2.073309e-4,-6.80051e-5,0.001943775,0.003093291,0.001545708,0.002889628,0.001827824,-8.241461e-4,0.002960805,0.002703118,0.002409879,0.002144534,7.668349e-4,4.992888e-4,7.785338e-4,0.0017094810000000001,0.006253056,0.05594746,0.1763812,0.2749353,0.08948949,0.01982656,0.004910451,0.002562879,0.004802623,0.001783805,0.002803972,0.004075764,0.003304781,0.0042723,0.004225546,0.004307137,0.005428766,0.005427247,0.006029071,0.007239506,0.007819642,0.008559892,0.009415131,0.009531337,0.01001358,0.0114082,0.01229716,0.01313598,0.01425273,0.01481577,0.01510791,0.01675081,0.01727443,0.01853516,0.01874251,0.0198628,0.02065675,0.02189427,0.02207396,0.02444762,0.02485914,0.02716572,0.02828714,0.030264,0.03104271,0.033168,0.03481465,0.03545727,0.03825425,0.04027434,0.04203575,0.04357492,0.04663389,0.04781341,0.05067717,0.05225583,0.05493141,0.05588948,0.05663323,0.05963288,0.06116989,0.06050473,0.0630972,0.06419537,0.06610985,0.06718061,0.06824064,0.06917794,0.06892364,0.06901766,0.06875985,0.06953586,0.06977673,0.06978365,0.06959556,0.06961604,0.07094653,0.07114924,0.07012908,0.07058939,0.07164779,0.07241676,0.07242302,0.07324898,0.07453768,0.07798252,0.07931698,0.081769,0.08311093,0.08502867,0.08766734,0.09063101,0.09637533,0.1009016,0.1058309,0.1126344,0.1388029,0.1548219,0.137174,0.1340757,0.142043,0.1473872,0.1484478,0.1511989,0.1531559,0.1515164,0.1520181,0.1817049,0.1644165,0.1802817,0.2655201,0.1779829,0.4336377,0.4639968
562.395,0.004798216,7.99319e-4,0.00552791,0.005930434,0.003297748,0.005749063,2.720211e-4,0.002642133,4.076536e-4,0.006376364,-0.001220059,8.343838e-4,0.001528239,0.001128185,0.004655975,9.481335e-4,0.002700444,-0.002180713,0.003316914,0.001665265,0.001941056,0.002763829,-1.966228e-4,0.001107522,0.001131854,0.001664061,-5.716171e-4,0.001042795,1.121744e-4,6.318588e-4,3.724039e-4,0.004331772,0.001929003,0.001661809,0.004053662,0.004190335,-0.003316907,0.002178153,0.006033038,0.001846334,3.699211e-4,0.002802268,2.372844e-4,-3.46953e-4,2.26438e-4,0.004148413,0.00143811,0.001190877,0.003450563,0.002787267,1.904434e-4,-0.001384471,-7.315207e-4,0.002853845,0.001717998,0.001817805,0.003026755,0.001154216,-7.440267e-5,0.001369145,-7.120507e-5,-4.175922e-4,-0.001980226,0.001210566,5.285702e-4,5.825895e-4,0.003596286,0.001040303,0.001892052,6.297628e-4,-3.307359e-4,0.003763988,0.00115478,0.002308651,7.019846e-4,0.002299143,0.00452865,0.03259284,0.1369002,0.2085507,0.1719722,0.02820841,0.004875275,0.001420398,0.002919599,0.002056276,0.004197689,0.004382332,0.0038161,0.003553143,0.004450415,0.003335048,0.004262888,0.005338242,0.005057773,0.005031435,0.005972411,0.007126969,0.007297736,0.008785924,0.009946607,0.01081905,0.01088984,0.01176551,0.01302914,0.01386701,0.01469133,0.01504118,0.01637836,0.01721748,0.01734388,0.01812441,0.01943176,0.02019656,0.02113443,0.02196609,0.02355758,0.02478172,0.02680258,0.02791682,0.02943867,0.03090165,0.03211196,0.03433378,0.03513236,0.03669514,0.03852869,0.03992009,0.04226749,0.04437772,0.04634171,0.05007711,0.04992066,0.0521577,0.05249258,0.05527663,0.05740196,0.05812643,0.06134536,0.06106033,0.06260969,0.06290873,0.06405918,0.06486059,0.0675098,0.06574579,0.06703647,0.06685817,0.06658085,0.06698597,0.06761661,0.0681932,0.0674354,0.06829473,0.06821712,0.06847594,0.06812867,0.06904277,0.06928111,0.06999706,0.07220225,0.07240825,0.07478565,0.07601851,0.07723447,0.07942129,0.08191014,0.08670666,0.08941375,0.09275637,0.09198304,0.1012457,0.1202548,0.1440525,0.1401164,0.1271197,0.1308865,0.1361412,0.1382916,0.1390102,0.1395846,0.1442744,0.1530583,0.1486682,0.1431922,0.1900698,0.1641049,0.1784123,0.2732999,0.8609633,3.684951
564.74,-0.00163132,-0.005454829,0.002506587,0.00235928,7.534448e-4,0.0304988,0.0274049,0.02405294,0.01836663,0.02013775,0.01128974,0.009850737,0.012886,0.01120155,0.01008865,0.01312027,0.01136542,0.009010464,0.007943654,0.008639397,0.008599434,0.004910523,0.005921122,0.006402014,0.00567387,0.006774516,0.003580079,0.001640775,0.009261129,0.006340183,0.00922307,0.006146906,0.01528609,0.02416883,0.01727647,0.01851492,0.01702297,0.01424758,0.012594,0.010362,0.01529740999999999,0.01563924,0.01356543,0.01288178,0.007752505,0.01360287,0.007980188,0.009332143,0.006605603,0.009397617,0.008916329,0.009458353,0.006328237,0.007148548,0.00680754,0.008198306,0.008468958,0.009803202,0.008282847,0.005347495,0.008117023,0.006669196,0.009930038,0.005933705,0.003378159,0.007783733,0.006067426,0.006443122,0.005454784,0.005509814,0.008113289,0.005283334,0.005897547,0.008335633,0.005881751,0.00755558,0.02690626,0.1076328,0.185012,0.1458688,0.06334047,0.007680499,0.005946688,0.006804107,0.005935124,0.006898413,0.006259969,0.006897331,0.005604561,0.006990126,0.006721956,0.006380519,0.007166542,0.006813638,0.007258322,0.009363483,0.009531227,0.008703004,0.009268443,0.01073059,0.0109074,0.01225829,0.01205505,0.01287815,0.01455659,0.01382897,0.01508236,0.01627399,0.0168318,0.01794134,0.01786111,0.01879537,0.01915996,0.02087475,0.02130906,0.0228044,0.0235131,0.02502684,0.02573838,0.02824967,0.03042129,0.03233406,0.03163489,0.03364501,0.03588026,0.03687033,0.03811236,0.04091385,0.04056555,0.04432946,0.04643389,0.04776348,0.0501132,0.05194734,0.05413365,0.05458845,0.05608976,0.05695449,0.05811812,0.0598998,0.06106182,0.06257559,0.06239053,0.06510768,0.06474367,0.063753,0.06573545,0.06515579,0.06553359,0.06541727,0.06653453,0.06788558,0.06624905,0.06812802,0.06780972,0.06605213,0.06761335,0.06955886,0.0695965,0.06867938,0.06863329,0.0712165,0.07384368,0.07518068,0.07724748,0.08095696,0.08200682,0.08591397,0.08777554,0.09215529,0.09648629,0.1060636,0.1292273,0.1412721,0.1328646,0.1269542,0.1320364,0.1311551,0.1434077,0.1450988,0.1548673,0.1562781,0.154681,0.1775849,0.2051028,0.2157159,0.2899299,0.4172792,0.6292603,2.333001,6.556798
567.085,-0.003483699,-0.005190596,-0.01804571,-0.004795733,2.648619e-4,-0.005025066,-0.004616687,-0.001981619,-0.0086275,-3.970191e-4,-0.002278625,0.001678491,-0.00679216,-0.003673483,0.003125405,-0.003479305,-0.00392256,-0.001898706,-0.001322303,-0.001604989,-0.001353256,-3.43456e-4,-0.00393559,-0.002058184,-0.001426457,-0.001825186,-7.724841e-4,-1.504372e-4,-0.003523566,5.662293e-4,-4.681436e-4,-0.00412856,-0.006246111,-0.001004799,-0.00391595,-0.006725523,-0.004735494,0.002062849,-0.00409413,-0.006315172,-0.001879743,-0.003559178,-0.001554319,-0.007109568,1.588317e-7,-0.007121246,-0.00389141,-0.00577369,-0.002634737,-0.004109838,-0.003712215,-0.004280092,-0.003040017,7.17783e-4,-0.001561117,5.800119e-4,-0.001122839,-0.002638049,-0.002398879,-0.001018644,-0.003696276,-0.003003142,-0.001719913,-0.004678316,-0.00113163,-0.001368094,0.002097459,-0.00141765,-0.002142765,-8.04694e-4,-4.442799e-4,-6.504264e-4,-5.353878e-5,5.314443e-5,-0.001766307,0.01866505,0.0694047,0.1649052,0.1406608,0.05293619,0.008161356,3.822872e-4,6.156517e-4,0.001669252,0.001353933,-3.751173e-5,0.001399128,0.001401408,9.153066e-4,0.001892023,7.389611e-4,0.001788874,0.004722065,0.004153334,0.003179742,0.005448486,0.006017942,0.006525261,0.006820449,0.007248275,0.007839649,0.009298224,0.01032602,0.01139504,0.01175629,0.01224491,0.01281746,0.01358482,0.01459178,0.01554974,0.01651172,0.01720745,0.01800183,0.01870339,0.01966126,0.02007464,0.02227718,0.02276787,0.02387489,0.02479804,0.02574895,0.02870679,0.03025086,0.03165361,0.03216511,0.03287633,0.03523209,0.03663561,0.03911288,0.04014129,0.04195966,0.0441599,0.04510952,0.04748576,0.04925639,0.05003394,0.05133174,0.05270066,0.05381288,0.05657376,0.05750796,0.05734305,0.05768289,0.05909023,0.05966571,0.06083573,0.06032494,0.06213265,0.06081558,0.0612468,0.06065062,0.06129227,0.06107327,0.06158431,0.06273105,0.06205253,0.06340097,0.06321561,0.06310532,0.06344867,0.06437952,0.06621116,0.06798471,0.06899414,0.07064208,0.07297045,0.07463471,0.0792708,0.07964394,0.0838439,0.08877736,0.1054501,0.1247583,0.1269087,0.1137817,0.1112936,0.1195735,0.1199882,0.1246562,0.1241915,0.131865,0.1269794,0.1301804,0.1388434,0.1247271,0.1258311,0.1147592,0.1014435,-0.1226507,-0.1286709,-3.289069
569.431,-0.01481863,-0.01971373,-7.930672e-4,-0.002678518,-0.01537278,-0.006665799,2.358186e-4,-0.001719911,-0.006877668,-0.004500926,-0.007915183,-0.007637,-0.002064837,-0.006612868,-0.0083749,-0.006510435,-0.003279577,-0.005510085,-0.001418227,-2.272346e-4,-0.002240685,-2.310577e-4,-0.001028009,-7.06804e-4,-0.001720248,-0.001592151,-8.699413e-4,-9.043578e-4,-0.001430677,-4.271226e-4,-0.002438887,-9.757441e-4,-0.006716433,-0.004875759,-0.007009584,-0.008166527,-8.386879e-4,-0.003759201,-0.00435878,-1.235737e-4,-0.003645919,-8.625077e-4,-0.003840513,-0.002340141,-0.007238773,-0.002839528,-3.354041e-4,-0.004592864,-0.005818551,-0.004729733,-4.754564e-4,-0.005416826,0.001849779,-4.534519e-4,-0.001740881,0.00141921,-8.047871e-4,-0.001402166,-0.001655648,-0.002189182,-0.00278611,-8.42489e-4,-0.001657541,-0.002382529,-0.002606888,-0.001764565,-0.001534218,-0.001361197,-0.002807797,-0.001790552,-0.001453801,0.001359245,-4.260975e-4,1.058642e-4,0.00705074,0.08321339,0.1268278,0.1445198,0.06334073,0.009243393,0.001659226,8.905627e-4,2.484777e-4,2.795444e-4,0.002019295,0.001890513,5.937632e-4,0.001695304,0.001654926,0.002915507,0.001920623,0.002205535,0.003185578,0.002531215,0.005059508,0.004898208,0.00512195,0.00700547,0.007210994,0.008535972,0.007535825,0.00948054,0.01000404,0.01077696,0.01078846,0.01253105,0.01266179,0.01350916,0.01371785,0.01566564,0.01617762,0.01686116,0.01700442,0.01841601,0.01866749,0.01988815,0.02189702,0.02191371,0.02321507,0.02412488,0.02600304,0.02634385,0.02808859,0.02946311,0.03093371,0.03262595,0.03362662,0.03538072,0.03814312,0.03862937,0.04089905,0.04158634,0.0431594,0.0445667,0.04620733,0.04861916,0.04907156,0.05055246,0.05161017,0.05301618,0.05436308,0.05485116,0.05571275,0.05735501,0.05735494,0.05824501,0.05846186,0.05798296,0.05820486,0.05797717,0.05917099,0.06008177,0.06020889,0.05946329,0.05893909,0.05910783,0.06089063,0.05884348,0.06120113,0.06073613,0.06110372,0.06573723,0.06406904,0.06563672,0.06856255,0.07055341,0.07294992,0.0742971,0.0789422,0.08114053,0.08631648,0.106386,0.1304188,0.1124039,0.1010109,0.1060523,0.1146666,0.1140019,0.1225626,0.1217473,0.1220365,0.1212385,0.1307299,0.1216708,0.1312196,0.1199998,0.1527301,0.1643496,-0.1487886,-0.07278156,-0.6491574
571.778,-0.005124909,0.005476815,-0.003591816,-0.007486997,-0.002383324,0.003997199,0.003592627,0.005155452,0.00599747,0.00627408,0.00395547,0.002552762,-5.2341e-4,-0.001278875,0.001580156,0.001448435,0.001206574,-0.002318814,-1.811025e-4,-3.108076e-4,0.001836563,-8.608928e-4,2.890115e-4,-1.90779e-4,0.001342606,2.90268e-4,0.001354222,-5.045103e-4,-2.780703e-6,9.277364e-4,-9.41597e-4,-3.695484e-4,-0.003294191,0.01165278,0.007727587,-0.001106119,0.005328839,0.005589406,0.001250828,8.76042e-4,0.001508861,0.00581803,0.002773316,0.002351341,0.002654827,-7.978154e-4,0.004041313,0.003737122,-0.002975784,0.001622937,-4.787259e-4,2.812945e-4,9.291971e-4,5.415181e-4,-7.885011e-4,0.001426214,-0.001780083,0.00211154,0.001814534,0.002418241,-0.001001865,3.512597e-4,-0.00208156,-6.840946e-4,4.027904e-4,8.55499e-4,-4.49498e-4,1.866213e-4,0.002221948,0.001222641,9.579771e-4,0.001638268,0.002293571,0.01121078,0.05522548,0.1927715,0.1230097,0.07834214,0.01385486,0.001524901,7.915405e-4,0.002465201,7.844356e-4,7.617504e-4,0.001912686,0.002507025,0.002300659,0.002679661,0.001942532,0.003984422,0.003110251,0.003327042,0.005004395,0.004249642,0.00496944,0.005850627,0.006621497,0.006504606,0.007976843,0.008153916,0.008669167,0.008937328,0.01001223,0.009846853,0.01102055,0.01220877,0.01305858,0.01345656,0.01401408,0.01456613,0.01647137,0.01608383,0.01708065,0.017711,0.01886692,0.01989332,0.0211,0.02174374,0.02337524,0.02382518,0.02542771,0.0268133,0.02854515,0.02932092,0.030138,0.03171956,0.0338455,0.03406981,0.03602621,0.03797277,0.03877292,0.04157702,0.04340018,0.04378446,0.0466845,0.04789195,0.04750877,0.04881766,0.04994013,0.0510264,0.05189585,0.05441319,0.05444439,0.05580881,0.05589508,0.05539217,0.05585421,0.0563397,0.05727247,0.05628519,0.05773816,0.05778937,0.05728594,0.05779237,0.05787981,0.05801906,0.05917283,0.05909274,0.0596385,0.0603838,0.06011233,0.06224599,0.06451511,0.06601618,0.06721883,0.06817686,0.06913919,0.07327462,0.07665878,0.07972113,0.08931439,0.1115326,0.1208616,0.1070247,0.09796887,0.1039167,0.1083,0.114362,0.1164349,0.1185352,0.1200449,0.1252746,0.1212274,0.1312919,0.1428199,0.1754752,0.1979965,0.1513419,0.4320106,0.3933199,0.8942712
574.125,-0.0141404,-0.006062287,-0.005421893,-0.004638658,-0.003154269,-0.00564219,-0.01195459,-0.002957667,-0.01345945,-5.948008e-4,4.529872e-4,-0.002780787,-0.007103225,-0.002056134,-0.004898116,0.001948167,-0.003098824,-0.00121397,-0.003755689,0.001161871,-0.002469391,-1.726762e-4,-0.001083527,-0.001756124,-8.206354e-4,-0.002339536,-0.001610071,4.353842e-7,-0.001672067,0.001221379,-0.002374726,-0.004680163,-0.005281838,-0.007140838,-0.005705324,-0.006035124,-2.855267e-4,-0.001965399,-0.002267714,-0.007795587,-5.072482e-4,-0.002367648,-0.005583131,-0.005680547,-0.004764144,0.001031425,2.782306e-6,-0.00475674,-0.001604523,-0.004275059,-0.003960057,-0.001794202,-0.001496574,-0.003009543,-0.003516761,-0.001861804,-0.002932906,-5.516181e-4,-0.004414297,-0.001033406,-0.001010474,-0.001773436,0.001257271,-9.635616e-4,-0.0012164,-9.921664e-4,-0.003037433,-0.002878725,-0.001026722,-0.001519378,-5.078572e-4,-4.958218e-4,0.001930618,0.04190299,0.1355969,0.2320872,0.07583495,0.02273589,0.00195332,-5.42598e-4,9.718547e-4,6.013217e-4,0.001081325,1.212578e-4,9.426807e-4,3.442011e-4,0.002165127,0.001021918,9.630406e-4,0.002400082,0.002734933,0.002327152,0.00245447,0.004512353,0.00414469,0.004981474,0.00592316,0.005756806,0.006654652,0.006911287,0.00719097,0.009102138,0.008614254,0.009950475,0.01050839,0.01099851,0.0124046,0.01302473,0.01441445,0.01453789,0.01530763,0.0162469,0.01686434,0.01728563,0.01757636,0.01838582,0.01891069,0.02084095,0.02242272,0.02271496,0.02400048,0.02556503,0.02565375,0.02769952,0.02896217,0.03045419,0.0316718,0.03322763,0.03510963,0.03471032,0.03805042,0.03974591,0.04094148,0.04170029,0.04301932,0.04333694,0.04595992,0.04707135,0.04826515,0.04909541,0.04979848,0.05008721,0.05145615,0.05163599,0.05338148,0.05448858,0.05289739,0.05255885,0.05417945,0.05422963,0.05326475,0.05483813,0.05471449,0.05491422,0.05430405,0.05428274,0.05618453,0.05598682,0.05591517,0.05745108,0.05890287,0.05817155,0.06056833,0.06236821,0.06286842,0.06462642,0.06805404,0.07075682,0.07259873,0.07589175,0.09046627,0.1111995,0.1075458,0.09220707,0.0962976,0.09618556,0.09727298,0.1023928,0.1089435,0.1094409,0.1131544,0.1196984,0.1241605,0.1230244,0.1211459,0.1083716,0.09050539,0.09389865,-0.0225934,0.1228655,-1.623772
576.472,0.002167614,-0.002220118,0.001008301,-2.384693e-4,0.003691532,0.01079185,0.008325231,-9.812817e-4,0.00178576,0.00318718,-0.001710064,0.00215092,0.003359442,-0.0064638,-5.355406e-4,0.002814861,-1.096102e-4,0.002754293,0.001344345,0.002102403,0.00110244,1.130414e-4,4.477765e-5,7.634742e-4,3.879642e-4,-0.001126452,4.916444e-4,-1.017089e-4,0.002780421,-0.001228994,0.001718951,6.182794e-4,0.007589807,0.009403794,0.003997373,0.005268522,0.001983613,0.004083068,8.865432e-4,0.005186453,1.252474e-4,0.006014985,0.003295389,-8.330576e-4,1.168841e-4,1.116659e-4,-0.003635042,-5.559528e-4,-6.462295e-4,3.165585e-6,3.891588e-4,0.002284431,0.003104034,-0.003303167,-6.209426e-4,0.005013781,0.002294502,0.003009212,-7.668862e-5,-2.976566e-4,1.421975e-4,7.127165e-5,0.002107251,0.001315962,0.002582332,-8.640334e-4,0.00317622,3.147229e-4,1.040144e-6,2.440879e-6,7.430863e-4,0.001325819,0.02996126,0.1216569,0.189624,0.1642385,0.0257806,0.00348993,0.00144948,0.002543599,0.002964905,0.003312382,0.001128958,0.002596706,0.00126365,0.002922409,0.003078022,0.002161944,0.003352799,0.003619207,0.004544873,0.003720756,0.004324143,0.004627917,0.00546197,0.005922764,0.005341354,0.007149935,0.007284579,0.007566612,0.008094675,0.009259707,0.008836801,0.01053214,0.01086218,0.0125452,0.01253604,0.01350733,0.01351509,0.01466308,0.015071,0.01587456,0.01589938,0.0172863,0.01736294,0.01840972,0.01914669,0.02045714,0.02069582,0.0229759,0.02401803,0.02501995,0.0259154,0.02751046,0.02869578,0.02955655,0.03076772,0.03273625,0.03330189,0.03504548,0.0359903,0.0392454,0.04014863,0.04044856,0.04204866,0.04436179,0.04416207,0.04432189,0.04742889,0.04749313,0.0471828,0.04954636,0.04967132,0.05115647,0.051157,0.05218995,0.05322833,0.05253523,0.05259411,0.05197626,0.0526802,0.05290916,0.05259238,0.05436969,0.05416092,0.05312155,0.05320656,0.05203186,0.05391032,0.05565727,0.05680589,0.0579684,0.05861894,0.06099947,0.06223589,0.063111,0.06589252,0.06785827,0.0718503,0.07678918,0.09893318,0.1154099,0.09840792,0.08703582,0.09266517,0.09900862,0.1006208,0.1049825,0.104504,0.1135384,0.1058345,0.1084367,0.1272639,0.1205121,0.1185157,0.1390135,0.1588787,0.1339673,0.239383,1.015497,-0.5010453
578.821,-0.006607228,0.006130531,-0.002608849,0.001695335,-0.006101341,-0.006522764,7.866218e-4,0.005709152,4.103075e-4,-0.008221269,-0.003425598,-0.00109455,-0.001690926,-9.113062e-4,9.303545e-4,-0.002832444,0.003343429,-7.208603e-4,-0.004341664,3.856073e-4,0.001800793,-0.001693903,-0.001748495,3.787384e-4,7.280157e-4,-5.930989e-4,-5.128813e-5,6.659041e-4,-8.172718e-4,-4.358082e-4,-2.868349e-4,-0.001618565,-0.00380418,-1.682826e-7,-0.001223426,0.005288246,-0.006999677,0.002509874,-0.00254499,-0.002410748,0.001657366,-5.032872e-4,-0.003432242,-0.004182046,3.533869e-4,0.001849876,5.710437e-4,0.001118483,-3.247448e-4,-0.002874054,-0.003801471,0.001051749,-0.001889008,2.749349e-4,3.555088e-4,-0.001881238,-0.001068823,-0.002624955,-9.992287e-4,-0.001267904,-3.693736e-4,-0.002865594,-0.002750845,-2.116075e-4,-0.002457803,0.002739011,3.205219e-4,0.001327197,-0.001707868,-2.921477e-4,0.003149978,0.01331954,0.1060282,0.1846118,0.1402278,0.06698007,0.003492225,1.895537e-4,9.391695e-4,0.003603185,0.001069393,4.439462e-5,0.001049287,0.001425986,0.003058014,0.001235589,0.00222553,0.00165699,0.002259646,0.002769574,0.002858333,0.003511055,0.003782984,0.004286954,0.003952856,0.004946725,0.006168572,0.006329353,0.006347062,0.006859514,0.008196574,0.008466409,0.009009075,0.009450763,0.009650189,0.01103594,0.01152912,0.01164299,0.01351382,0.01411345,0.01423565,0.01503068,0.01533804,0.01591544,0.0161671,0.01782732,0.01845057,0.02003658,0.02085114,0.02174232,0.02299667,0.0244718,0.0247897,0.02618379,0.02704981,0.0285185,0.03002003,0.03144569,0.03248332,0.03549386,0.03598541,0.03502204,0.03770523,0.03944991,0.03984485,0.04148922,0.04160653,0.04374853,0.04498915,0.04416772,0.04633852,0.04661941,0.04800511,0.04803144,0.04828882,0.04950092,0.04817937,0.04939833,0.04942462,0.04925162,0.0498017,0.05077068,0.04950079,0.05051724,0.05055384,0.05230224,0.05185288,0.05203062,0.05185725,0.05363767,0.05419252,0.05609342,0.05810996,0.05771413,0.05806644,0.06093318,0.06456171,0.064049,0.06647304,0.07988505,0.1038035,0.1084217,0.08745995,0.08415642,0.08905432,0.09115183,0.09953729,0.1029288,0.107249,0.1052302,0.113697,0.1089581,0.1072365,0.1081008,0.1145499,0.1163669,0.1316555,0.05824123,0.07979728,-0.05393157,0.08507831
581.169,-0.009707481,-0.0179933,-0.01311427,-0.004203905,-0.008029765,-0.006299094,-0.005029454,-0.002259063,-0.004795876,-0.003636341,-0.004856393,-0.004248979,-0.001171012,-0.006134866,1.27873e-4,-0.003587772,-0.006736628,-0.001954926,-0.003627164,-0.005513655,-0.003000181,-0.001638823,-0.001863986,1.441887e-4,1.454338e-4,-0.00128676,-0.001341735,-2.071848e-4,-0.002049046,-0.002334546,-3.835522e-4,-0.004124614,-0.003371723,-0.006384583,-0.001055357,-0.006449193,-0.00172461,-0.001328612,-0.00370783,-0.00178584,-0.005803569,-0.005817564,-0.003449671,-0.004804359,-0.006957406,-0.001983252,-0.001486754,-0.005389225,-1.093893e-4,-0.002374645,-0.002449655,-0.003161557,-0.001993548,-0.005278131,-0.002947486,-0.001633072,-0.0052084,-0.001518884,-0.002394795,-0.00142293,-8.087714e-4,-0.00460782,-0.001134299,9.763513e-4,-0.002058285,-9.39133e-4,-0.001251205,-7.620616e-4,-0.001163799,-5.448772e-5,0.005248842,0.06147467,0.1987681,0.1647116,0.05798113,0.01263929,-0.001388847,-9.208009e-4,8.027674e-4,0.001512433,-0.001422209,4.604254e-5,-1.663193e-4,-8.165041e-5,7.964549e-4,0.001241902,5.714471e-4,0.002146766,0.002559929,0.001776216,0.002372911,0.003366871,0.003802521,0.004068504,0.003421685,0.004496959,0.004906449,0.006282105,0.005631634,0.007780038,0.007641676,0.00814547,0.008800283,0.009275893,0.009346664,0.00985642,0.01063938,0.01101096,0.01301127,0.01311598,0.01374514,0.01480521,0.01498669,0.01543398,0.01606014,0.01710225,0.01843094,0.01807198,0.01984306,0.02081882,0.02183086,0.02390054,0.02381299,0.0259241,0.02615565,0.02619553,0.02838241,0.02955823,0.03034384,0.03266453,0.03335207,0.03501803,0.03597377,0.03733446,0.0377119,0.0386052,0.03920326,0.04160112,0.04206595,0.04281805,0.04355302,0.04436361,0.04507146,0.04564995,0.04629268,0.0461064,0.04604769,0.04728204,0.04739142,0.04857762,0.04831295,0.04713757,0.04843101,0.04787298,0.04922559,0.04750398,0.0498747,0.04929238,0.05102615,0.04964758,0.05110401,0.05146915,0.05311934,0.05498239,0.05568687,0.05758466,0.05993431,0.06202962,0.06493409,0.08515334,0.1008856,0.09508295,0.07701343,0.07679589,0.08831575,0.08505235,0.09066287,0.0967844,0.1004102,0.1000885,0.1016264,0.09485742,0.1055792,0.09899449,0.08610651,0.06992843,0.1239607,0.09695437,0.1087139,0.3273341,-2.189043
583.519,-0.004419796,-0.008172882,0.0131009,0.004949497,0.006679258,0.002175007,-0.002131806,-7.455264e-4,8.947255e-4,0.005629634,7.309328e-6,-0.002288498,1.042337e-4,0.001961787,0.003223355,-4.967071e-4,0.003710829,-7.2341e-4,-3.724831e-4,-0.001734206,-0.003276564,-0.001877082,5.530507e-4,-4.890621e-5,0.001714557,0.001781684,-4.000565e-4,-0.001084118,-5.790786e-5,1.45715e-4,-0.001638496,-0.00350584,-0.00214495,0.005875305,-0.002636619,-0.001776731,0.001144597,2.642737e-4,0.002047977,-0.001918159,-0.003745382,0.007093352,0.001110374,0.003608882,0.001535386,-0.004666446,0.00114876,0.002136891,-4.345647e-4,7.248343e-4,1.030344e-6,-1.927209e-4,0.002662202,0.001296936,-0.001609035,-9.430104e-4,-4.137129e-4,0.002400157,0.001779498,0.001876791,-6.625822e-4,0.001514414,0.002769042,1.539326e-7,5.495484e-4,0.001680381,0.001179383,0.002544678,3.704662e-4,0.001735398,0.03815071,0.1416389,0.2083026,0.08048063,0.0119898,5.558582e-4,8.912149e-4,0.001934632,0.001653636,0.001055772,0.001254518,7.831295e-4,0.001435658,2.051588e-4,0.003237998,0.001982289,0.002542528,0.002889688,0.003500569,0.003205362,0.004024284,0.003534849,0.00484152,0.002780442,0.005260025,0.004475973,0.006289898,0.0053562770000000004,0.006814803,0.00678524,0.008526846,0.00841548,0.008695623,0.009085843,0.009714582,0.01039903,0.01152267,0.01169349,0.01184981,0.01280173,0.01348058,0.01393373,0.01481156,0.01572236,0.01580248,0.01706235,0.01745759,0.01852098,0.01953384,0.0194235,0.02091375,0.02360042,0.02300102,0.02481326,0.0258497,0.02626835,0.0275618,0.0278349,0.02919596,0.03173336,0.03236244,0.03445197,0.03496879,0.03684685,0.03709356,0.03888763,0.03874294,0.0407458,0.04118269,0.04147375,0.04267721,0.04246421,0.04433714,0.04435278,0.04435581,0.04457996,0.0448878,0.04606333,0.04651687,0.04648932,0.0457642,0.04659925,0.04648326,0.04764285,0.04799669,0.04631238,0.04608901,0.04749783,0.04740922,0.04962777,0.05080999,0.05030875,0.05125062,0.05289518,0.05416737,0.05524331,0.06079817,0.06012525,0.06828637,0.08694139,0.09644258,0.08224915,0.07350029,0.07809683,0.08389465,0.08707853,0.09092408,0.09603684,0.0963759,0.09692559,0.09803668,0.105792,0.1079677,0.1067734,0.1040994,0.1127949,0.1409564,0.1995954,0.06856275,0.2159917,1.872725
585.868,0.003878819,-0.002593305,-0.007155808,-0.008701738,-0.008084322,5.353476e-4,-5.48927e-5,-0.005313864,-3.134361e-5,1.965646e-4,0.002184595,-5.541913e-4,3.173393e-4,0.001971874,0.001342435,-1.296555e-4,-0.001018546,0.001029225,-0.001191147,-2.480993e-4,5.574553e-4,-0.0014151,1.928686e-4,2.398517e-4,6.886438e-4,-0.001645591,-9.98847e-4,3.11024e-4,-0.001534005,9.543179e-4,7.788826e-4,0.005409293,0.004319992,0.001389471,-0.001415895,6.482452e-4,2.788245e-4,-0.003082665,2.565413e-4,0.001928885,-0.004283974,-3.819916e-4,0.002232445,-1.203944e-4,-0.002729711,-0.004107892,-0.00115155,-0.001242687,5.454585e-4,-0.002182259,0.002371566,0.002414586,2.867408e-4,0.00167742,-0.001800253,8.633894e-4,5.831813e-4,9.642027e-4,0.001477758,-7.714399e-5,-0.001036477,-0.001159104,-3.569933e-4,2.094516e-4,6.902922e-4,0.001352954,0.00164252,-1.278091e-4,0.002721383,0.03212361,0.1124253,0.1656052,0.1318517,0.01835364,0.001887192,0.001173462,6.960524e-4,0.0012633570000000001,0.001994757,-4.664408e-5,0.002338638,8.956438e-5,0.002165085,2.062752e-4,0.00140499,0.001563111,0.001642421,0.002496308,0.002035151,0.00308308,0.002860975,0.002737051,0.003512449,0.004339858,0.00493675,0.00450012,0.005971314,0.00525446,0.005846905,0.007738006,0.00795014,0.008137561,0.008308076,0.008433972,0.009486242,0.009841478,0.0125207,0.01158102,0.01229736,0.01245141,0.01308133,0.01386652,0.01462405,0.0146479,0.0156758,0.01575618,0.01632213,0.01729698,0.01702032,0.0199766,0.0199924,0.0219092,0.02300585,0.02291963,0.02469651,0.02466949,0.02641112,0.0275982,0.02811698,0.03007924,0.03166274,0.03182254,0.03237478,0.03417457,0.03602811,0.03620907,0.03829388,0.0384434,0.03906963,0.03995627,0.04030598,0.04132261,0.04166951,0.04268866,0.04343492,0.04341699,0.04348808,0.04326087,0.04428502,0.04402949,0.04396458,0.04420445,0.04373505,0.04406465,0.04462123,0.04468453,0.04478856,0.04500549,0.0476045,0.04619368,0.04751521,0.04807211,0.05016909,0.05179059,0.05263866,0.05369059,0.05583582,0.05898991,0.07483855,0.09179232,0.08818983,0.07185704,0.07129666,0.07413759,0.07786838,0.08532495,0.08296494,0.08578536,0.09084255,0.0936477,0.09428028,0.08907512,0.09796109,0.1010068,0.09580083,0.07839505,0.1213707,0.109049,0.0162087,0.3599294,1.273149
588.219,-0.006677716,2.823478e-4,-4.882312e-6,0.01418919,0.003486069,0.00769145,-0.005588442,-0.001797956,9.031449e-4,0.002624286,1.519959e-4,-0.004942521,-5.348522e-4,-0.002764672,5.440231e-4,-2.535555e-4,-0.001018973,-1.045564e-4,-9.196996e-4,7.105285e-4,-8.430586e-4,-5.347622e-4,0.001106422,-0.001216158,1.965951e-4,0.00194177,6.476379e-4,-7.802289e-4,0.001356222,2.202344e-4,0.002721365,-0.001260776,0.004326346,-0.003305619,0.006192125,0.001621303,0.00288741,0.001874315,0.001286859,-2.580848e-4,3.824228e-4,1.604268e-8,0.001241362,6.057818e-4,-8.329524e-4,7.019869e-4,0.002429484,0.002038032,-7.665836e-4,7.894568e-7,-0.003458745,-0.002707098,0.001244113,7.449188e-4,1.763097e-4,-5.213133e-4,0.00333431,-8.868087e-4,-0.001635549,0.00150753,0.002575148,0.003046366,0.003716081,-7.764326e-4,4.829323e-4,4.069239e-4,-0.001455764,0.001472831,0.02519781,0.1154592,0.1712853,0.1156298,0.04103257,0.002579364,0.001836509,0.001278074,0.001746498,0.003019217,0.001046287,0.00087742060000000005,2.270499e-4,0.002013499,0.00242158,0.001609916,3.212143e-4,0.001212771,0.002636002,0.00160412,0.003013845,0.002630936,0.003539064,0.005485943,0.00440083,0.005313427,0.003830207,0.00532189,0.005679711,0.005626905,0.006607689,0.008132533,0.00742893,0.008276664,0.007586633,0.008350825,0.01024598,0.01018714,0.01138523,0.01146503,0.01199316,0.01271191,0.01228277,0.01264624,0.01372412,0.01456469,0.01448653,0.01585546,0.01608912,0.01652873,0.01768814,0.01898886,0.01979547,0.02031234,0.02200079,0.02329029,0.02284749,0.02405545,0.0249908,0.02549341,0.02683225,0.02842901,0.03041081,0.03231566,0.03215042,0.03317431,0.0336412,0.03422093,0.03601858,0.03546629,0.03739097,0.03785543,0.03954796,0.03871527,0.04066106,0.04091332,0.04130431,0.04145274,0.04106689,0.04176702,0.04090417,0.04207601,0.04191635,0.04232056,0.04304254,0.04226052,0.04325914,0.04283195,0.04349355,0.04369997,0.0440168,0.04554527,0.0455141,0.04830419,0.04852319,0.04844469,0.05241291,0.05294185,0.05223906,0.05821585,0.07941372,0.09345507,0.07978663,0.06411778,0.06704265,0.07146699,0.07559074,0.07899379,0.08596115,0.08886217,0.08970525,0.0939177,0.09329683,0.09603071,0.09541796,0.09561939,0.1020917,0.08691255,0.1193628,0.1902599,-0.08901908,0.5054147,0.617227
590.57,-0.008130792,0.002278895,-0.003447841,-0.003009002,0.009183569,-2.90596e-4,0.008832281,0.003259541,0.006454597,-0.004086195,6.206045e-4,-0.001989332,-1.10435e-4,-0.002118784,-9.452587e-4,0.001629554,0.001358721,0.002080084,3.663071e-4,0.001672267,-7.101361e-4,-4.170542e-4,-1.063219e-4,-5.920811e-4,8.442397e-4,-0.001304509,0.001402875,0.001516961,-7.158004e-4,-5.91848e-4,9.890904e-5,0.002790106,7.791053e-4,0.003150105,-0.003387833,1.61044e-4,0.003782086,6.694316e-4,-6.496358e-4,-0.002329863,0.001300089,-0.003720241,0.003748146,-0.002680009,7.180571e-4,0.002597876,0.001396104,-0.002846601,0.004845991,-9.437272e-4,4.973445e-4,-0.002140973,6.74066e-4,-1.899688e-4,0.001628601,0.002261722,-0.002264308,7.296039e-4,-0.003056041,-9.114822e-4,0.001555905,0.001092703,6.471195e-4,2.819277e-4,4.169051e-4,0.001703131,0.002715658,0.01069515,0.08970068,0.1799263,0.1367553,0.04385326,0.006410375,0.002540492,0.002058477,7.725811e-4,4.86102e-5,9.789643e-4,0.001435361,1.85644e-4,-7.658755e-4,4.406179e-4,0.001454165,0.00191053,0.00275244,5.904183e-4,0.001000458,0.002139397,0.002265791,0.002893715,0.003631828,0.002394653,0.003350055,0.004555088,0.004384946,0.00563816,0.004539002,0.005398516,0.006521673,0.006677828,0.006616536,0.007349838,0.00787075,0.007998483,0.008933095,0.009039024,0.009732137,0.01051122,0.01161156,0.01242771,0.01225101,0.01292082,0.01321188,0.01319329,0.01415131,0.01486396,0.01542512,0.01635064,0.01729758,0.01795416,0.0195375,0.02090169,0.02063965,0.02094747,0.02203296,0.02257322,0.02443705,0.02561484,0.02527413,0.02754893,0.0289711,0.02983743,0.03099184,0.03140756,0.03184283,0.03374492,0.03513972,0.03493651,0.03641963,0.03581354,0.03638453,0.03669078,0.03789727,0.03734964,0.03979097,0.03837331,0.04051232,0.03903674,0.0396504,0.03988325,0.04018426,0.03957001,0.04054842,0.04041535,0.0390193,0.04082711,0.04208484,0.04117343,0.04266502,0.04173901,0.04273438,0.04424489,0.04467073,0.04637889,0.04780962,0.04985673,0.05259021,0.06222343,0.08065056,0.08464378,0.06636499,0.06225077,0.06544121,0.06577631,0.07495865,0.07640837,0.07951375,0.08194908,0.07949131,0.08241111,0.08902787,0.09225544,0.09284187,0.09653483,0.1179446,0.0788857,0.1127707,0.1321844,0.09738759,0.3714326,0.4246167
592.921,0.01595183,-0.005674277,0.005304059,-2.733739e-4,0.003223259,0.01052101,0.006953098,-0.003307047,0.006210609,0.00549296,0.007935656,0.005960165,0.005378015,0.003837414,-1.378096e-4,0.005268011,0.005121951,0.003965046,-0.002120513,0.001277134,0.002753927,0.001189188,4.728025e-5,0.001856281,2.472228e-4,1.50936e-4,1.010333e-4,6.275818e-4,-3.568736e-4,0.003626058,0.003228364,0.001779848,0.005448186,0.006477859,0.005519611,0.001963387,0.006406485,0.006608772,7.785068e-4,0.002589468,0.002745667,6.416243e-4,0.003499943,0.001828185,0.004427964,-0.00106282,0.002095163,0.002734975,3.306258e-4,0.002727172,0.001693727,9.677568e-5,0.004816212,0.004321637,0.001269009,0.002349808,0.003775694,1.624589e-4,3.920097e-4,0.002659188,7.425023e-4,2.910741e-4,5.034835e-4,0.00460545,0.003062447,2.73608e-4,0.007217174,0.06470594,0.1223078,0.1667661,0.06386683,0.007866364,0.002376896,0.003080622,0.001953697,8.741997e-4,8.023434e-4,0.001469742,0.004114969,0.003442418,0.00181165,0.001145548,0.002052417,0.002285051,0.00324015,0.00279575,0.003151244,0.002551874,0.002304088,0.002365693,0.00264656,0.003679465,0.00379636,0.005192437,0.004858099,0.005640047,0.004786945,0.005926717,0.006751894,0.007020039,0.007853749,0.00678717,0.007614718,0.008458328,0.00923742,0.008965879,0.01007507,0.01081893,0.01128332,0.01154976,0.01216014,0.01248556,0.01290818,0.01304129,0.01373675,0.01427032,0.01560509,0.01574778,0.01701907,0.01718316,0.01918134,0.01869283,0.02082469,0.02085338,0.02177974,0.02273974,0.02318201,0.02448614,0.02537528,0.0266864,0.02739693,0.02839332,0.03073651,0.03107749,0.03103518,0.03318158,0.03224372,0.03331375,0.03485322,0.03562674,0.03693931,0.03569796,0.03713972,0.0380574,0.0376259,0.03785049,0.03760676,0.03852948,0.03888963,0.03852663,0.03840474,0.03846518,0.03882805,0.03972234,0.03936556,0.04050286,0.03981293,0.04113052,0.04059619,0.0426545,0.0415164,0.04394285,0.04448299,0.04565577,0.04663247,0.04708053,0.0518579,0.06641011,0.07905037,0.07391453,0.061282,0.05898504,0.06426929,0.06501984,0.06969892,0.07399069,0.0788985,0.07677165,0.08134081,0.0785733,0.09005971,0.08964354,0.0902665,0.08717945,0.08521939,0.1012293,0.09019453,0.1947727,0.2093237,0.1878308,0.6616625
595.273,-0.01236698,-0.01121957,-0.008304732,-0.007053686,-0.009526628,-0.002241626,-0.002449323,0.001510062,-0.005808647,-0.004926268,-0.002555804,-7.783681e-4,6.456078e-4,0.003448968,5.411654e-4,1.218723e-4,1.095618e-4,0.002292824,-7.428165e-4,-3.267778e-4,-0.002132077,4.175338e-4,-3.616102e-4,-0.002115958,-0.001497459,4.510684e-4,-1.841633e-6,-7.36415e-4,0.001130456,8.160487e-4,-2.916102e-4,0.003687274,-0.004524388,-0.002813291,-0.005369109,3.28537e-4,-0.004682502,-0.00284463,-0.003128324,0.003254718,-0.001710812,-0.002061737,-0.005272107,8.56691e-4,-0.002642937,4.723913e-4,-0.001398178,-0.002974253,-1.117411e-6,-0.002733389,-0.001997004,-0.00283068,-7.739363e-4,-0.002360831,-0.001093841,-0.001486635,-0.001600333,-0.002607412,-0.001731779,4.54971e-4,1.424923e-4,0.001684548,3.608472e-4,2.823363e-4,2.787036e-4,0.004585708,0.06065978,0.154992,0.08876066,0.08143853,0.01461493,0.002557647,-0.001835074,-0.001951962,4.246601e-4,0.001396248,2.005009e-4,-0.001134403,0.00124952,0.001167228,0.001231253,9.298294e-4,0.001375227,5.840994e-4,0.002479572,5.930163e-4,6.582524e-4,0.00147054,0.001947659,0.002977986,0.001393313,0.003395681,0.005114146,0.002705949,0.003486808,0.004439367,0.004586828,0.004525776,0.005508441,0.006025773,0.006418081,0.008038347,0.00662973,0.008355125,0.008556275,0.008824345,0.009485268,0.01030858,0.01038946,0.01061105,0.01135267,0.01168592,0.011856,0.01247328,0.01325018,0.01420688,0.01432984,0.0140184,0.01635535,0.01599193,0.01632481,0.01848556,0.01934747,0.01983865,0.02026939,0.02071464,0.02223348,0.02339242,0.02355745,0.02476684,0.02512842,0.02624333,0.02690679,0.02765892,0.0299984,0.03133917,0.0311863,0.03085478,0.03272213,0.03382672,0.03384942,0.03405934,0.03600012,0.03513149,0.03554368,0.03640259,0.03542741,0.03577306,0.03664294,0.0367847,0.03558236,0.0367331,0.03720547,0.03708904,0.03681646,0.0365822,0.03846017,0.03814589,0.03833481,0.04029826,0.03861806,0.03990775,0.04204166,0.04269835,0.04426739,0.04642386,0.05319726,0.06869094,0.07497576,0.06149594,0.05586751,0.05584729,0.05975351,0.06402107,0.06390179,0.0664519,0.06967002,0.07331508,0.07517427,0.08285461,0.08256413,0.08159474,0.08271418,0.08227854,0.07236611,0.09676941,0.07599946,0.01779542,0.1577627,0.4594537,-2.50058
597.625,-0.001679003,-0.01320388,-0.01927525,-0.006569993,-0.005189725,-0.006165222,5.269188e-4,-0.005635613,-0.01023942,0.004731585,-0.00256555,-0.001890258,-0.005312431,-0.004001391,8.152669e-4,-5.06331e-4,-0.005509435,0.002204242,-0.002975679,-0.002653208,-6.319653e-7,-0.002097816,-0.002664857,-0.001232891,-0.002553575,-8.597696e-4,-0.001775339,-0.001001644,-8.392625e-4,-0.003356613,1.808959e-7,-0.004218031,-0.001722575,1.754397e-4,-0.003232102,-0.003957525,-0.003969778,-0.001768581,-0.002352973,-0.004305737,-0.005800938,-6.465418e-4,-0.002015634,-0.001227874,-0.004460803,-0.003925817,-0.005038503,-0.005164987,-0.003219581,-5.319359e-4,-0.003412394,-0.002058556,6.794362e-4,4.742799e-4,-0.001643343,-2.630784e-4,-3.3822e-4,7.350366e-4,-0.002685589,-1.446099e-6,-8.238196e-4,-0.002575669,-0.002102036,-3.591242e-4,0.002874318,0.03543758,0.1872087,0.1990453,0.0282196,0.0268286,2.988382e-4,-0.00199885,6.681455e-4,-0.001251415,8.513332e-4,5.17929e-4,6.577955e-4,-3.965583e-4,5.788354e-4,-9.847235e-4,-7.260997e-4,0.003238829,-5.585335e-4,-5.442243e-4,6.515576e-4,0.002420334,4.283366e-4,0.001324323,8.877078e-4,0.002028506,0.001365136,0.001485992,0.002579425,0.002312635,0.003767405,0.002884217,0.004190915,0.005203627,0.0053745,0.00585166,0.00538925,0.007014714,0.007453812,0.008205523,0.007731406,0.007872245,0.009080455,0.009387625,0.009765076,0.01013924,0.01096844,0.01115693,0.01125233,0.01183946,0.01268163,0.012456,0.01346927,0.0134349,0.01552639,0.0156396,0.01710739,0.01773946,0.01750491,0.0185471,0.01928399,0.01941396,0.02093924,0.02150825,0.02253697,0.02418361,0.02373372,0.02623959,0.02690366,0.02696279,0.02735607,0.02863281,0.03025602,0.02997953,0.03142538,0.03084585,0.03185654,0.03327219,0.03225174,0.03282401,0.03388951,0.03381343,0.03396136,0.03466146,0.03422799,0.03559167,0.03436203,0.03435118,0.03472018,0.03576623,0.03633218,0.03636693,0.03629108,0.03652671,0.03515603,0.03694753,0.03653055,0.03912958,0.03940224,0.0404322,0.04226628,0.04450043,0.05311421,0.07238501,0.0667271,0.05424284,0.04991406,0.05369041,0.05321408,0.05890055,0.0627189,0.06827959,0.06811094,0.0700215,0.07598269,0.07262948,0.07781901,0.07669826,0.07526997,0.06858591,0.07113688,0.06695521,0.04069949,0.1382784,0.1599128,0.2497498,-1.018676
599.978,-2.949557e-4,-0.00867612,-3.0954e-4,-0.004815693,-0.00521462,-0.003672136,-5.624303e-4,2.829368e-4,-0.009821011,-0.001433075,-0.00435334,-0.003017343,-0.003819112,-4.013731e-4,-8.321266e-4,-0.006222681,-3.475343e-4,-0.002008201,-0.003083397,-0.001618771,-0.001860751,-4.829501e-4,-0.002106213,-1.493291e-4,-5.237001e-5,-0.001017812,-0.001372035,-7.947923e-4,2.417296e-4,-0.002024225,-9.907977e-4,-0.002183194,-0.005670787,-0.001241552,-0.005585838,-0.002817032,0.002354717,-0.00136942,-0.002759169,-0.004194769,0.004901074,-5.197938e-4,-0.003670376,-2.466059e-4,-3.62512e-4,2.389854e-4,4.730408e-4,-0.001037716,-0.003012451,3.213728e-4,0.002519831,-0.005912889,-0.004973988,-0.003138781,-0.001193209,-0.002292616,-0.002038361,7.380756e-4,-0.001428732,-0.001000826,7.464896e-4,-0.003993161,0.00109218,-7.929e-4,0.009572516,0.1340022,0.3031895,0.1420575,0.005966512,0.00324067,0.001598327,0.001604707,4.466449e-4,-6.558845e-4,-0.001015386,4.688359e-4,-3.061162e-4,3.468335e-4,9.69101e-4,-3.769808e-4,-5.016378e-4,8.477614e-4,-1.285986e-4,0.001682654,7.776008e-4,0.001514981,0.001129854,0.001710195,0.002369739,8.945534e-4,0.001682933,0.003260104,0.00300998,0.003743067,0.003933613,0.003242466,0.003794462,0.005469854,0.005527288,0.005265998,0.005886659,0.007532747,0.006606839,0.007017077,0.007596755,0.007926111,0.008520089,0.009678158,0.00976284,0.009891929,0.01003785,0.01051191,0.01112514,0.01172562,0.01173928,0.01265989,0.01301165,0.01412491,0.01470067,0.01567537,0.01583046,0.01647881,0.01684196,0.01867081,0.01830029,0.01910668,0.01984897,0.02065851,0.02163568,0.02334134,0.02375347,0.02500929,0.02483821,0.02565058,0.02614448,0.02793145,0.02757763,0.0283996,0.02867499,0.03031528,0.03099571,0.03017109,0.03116328,0.03220469,0.03186984,0.03175912,0.03250967,0.03350453,0.03249779,0.03353268,0.03317346,0.03379302,0.03354208,0.03423239,0.03443978,0.03386948,0.03497884,0.03436544,0.03549702,0.03513432,0.03707882,0.03640385,0.03890532,0.03863001,0.04000456,0.04461608,0.05462094,0.06956349,0.0571374,0.05029166,0.04916195,0.05208297,0.05293808,0.05640185,0.06004607,0.06263421,0.06461911,0.0647906,0.07453813,0.0756852,0.07316696,0.07279089,0.06307267,0.07545782,0.07885255,0.06869483,0.03803333,0.0209647,-0.03724565,-0.1985236,0.2461027
