,800,797,794,791,788,785,782,779,776,773,770,767,764,761,758,755,752,749,746,743,740,737,734,731,728,725,722,719,716,713,710,707,704,701,698,695,692,689,686,683,680,677,674,671,668,665,662,659,656,653,650,647,644,641,638,635,632,629,626,623,620,617,614,611,608,605,602,599,596,593,590,587,584,581,578,575,572,569,566,563,560,557,554,551,548,545,542,539,536,533,530,527,524,521,518,515,512,509,506,503,500,497,494,491,488,485,482,479,476,473,470,467,464,461,458,455,452,449,446,443,440,437,434,431,428,425,422,419,416,413,410,407,404,401,398,395,392,389,386,383,380,377,374,371,368,365,362,359,356,353,350,347,344,341,338,335,332,329,326,323,320,317,314,311,308,305,302,299,296,293,290,287,284,281,278,275,272,269,266,263,260,257,254,251,248,245,242,239,236,233,230
245.598,0.02492114,0.01876665,0.01011349,-0.005443498,0.02391112,0.00485546,0.01380149,0.001479083,0.01910173,0.0208849,0.001060882,0.001987963,0.006578132,0.009768806,0.005997397,0.008690044,0.01088957,0.003610214,0.00477896,0.008732308,0.002114038,0.004800566,0.003313431,0.003489069,0.003252405,0.001632298,7.228621e-4,-9.183057e-5,0.004352131,-0.001297177,0.01243875,0.001696497,0.01226974,0.01324218,0.004136484,-0.001191315,0.02206973,0.004273093,0.007766252,0.01271328,0.007667114,0.01825997,0.003697973,9.78851e-5,0.009225231,0.008946193,0.006983858,0.004471031,0.002939918,0.007342668,0.007520276,0.009616976,0.01018655,0.005691802,0.003433934,0.00217816,0.002543562,-0.001830904,0.004505463,0.001449293,-0.003192589,0.009467044,0.00146921,0.001671107,0.003857529,0.004253019,0.003311624,0.007048414,0.0111452,9.753475e-4,0.00612836,4.956239e-4,0.004669279,8.296863e-4,0.002298456,0.002120287,0.001561332,0.007370432,0.00304668,0.005798095,0.002736108,0.002940739,0.004606422,0.003589677,0.003497511,7.669898e-4,0.0015363900000000001,-0.001184108,-8.920447e-4,0.00458471,0.001832938,0.001277468,0.00205836,0.00140976,0.002042985,0.001813501,0.001261457,8.15661e-4,0.00231401,-8.190105e-5,5.512295e-4,9.554839e-4,0.00122698,7.279381e-4,0.001327044,0.001480368,0.001890478,0.001014457,0.001062401,9.017575e-4,4.432954e-4,1.1126e-4,0.001372626,2.625098e-4,0.001464393,5.803379e-4,0.001070576,0.001007529,0.001879602,0.002073708,0.001302912,0.001929816,0.001646176,0.001031354,1.735076e-4,4.709362e-4,7.682347e-4,7.126321e-4,-7.724257e-4,0.002872938,0.002131474,0.001484653,0.001833652,0.002363885,0.001186851,9.772245e-4,0.001712361,0.001343364,2.270392e-4,5.374157e-4,0.001753603,0.001594955,2.329218e-5,0.00235763,0.001776028,0.001719159,0.002011278,0.002679572,0.002583926,0.002551281,9.774859e-4,0.002403146,0.001467163,0.003446359,8.648066e-4,0.003099937,6.103177e-4,0.003725434,0.003063399,0.003352331,0.002759955,0.004105362,0.00322855,0.004565465,0.005446734,0.00460602,0.00275237,0.002667347,0.006720155,0.005949481,0.008281573,0.01407258,0.0109561,0.02376239,0.03166257,0.03123451,0.02643993,0.02850903,0.03694025,0.02009093,0.02774369,0.03893217,0.08674191,0.2116502,1.13931,2.455197,2.482847,1.327428,0.5453161,0.3831052,2.98226
247.837,0.004435319,-0.00868755,-0.006599661,0.02176231,0.02287603,0.005634399,0.01875782,-0.005869666,0.0115088,0.007943643,-5.593116e-4,0.003432082,0.0141601,-0.004570784,0.009021771,0.01124966,0.01199683,0.003112231,0.009433576,0.002443112,0.003696568,0.001992371,0.002487134,0.00472509,0.003769544,7.468541e-4,0.003029489,0.002439071,1.873973e-4,0.002193127,0.004139928,0.006282679,0.009856952,0.01763209,0.01238161,0.00475377,0.003441436,0.01307193,3.224797e-4,0.001827113,0.007102226,0.003341079,0.00495663,0.005809551,0.009730364,0.01405166,0.003484643,0.01431592,0.001471734,0.002849261,0.003769459,0.005921792,0.003252201,-8.616855e-4,0.007372633,0.002573884,0.002208505,0.003342736,0.007734822,7.813276e-4,0.002379935,-0.001200414,0.004632038,0.002328673,-6.403411e-6,0.002458226,0.005212759,0.003954208,0.004845607,0.007415034,0.002498365,0.006268964,9.479685e-4,0.002757209,0.004393843,0.003940211,7.246243e-4,0.005405666,0.005041836,0.003267634,0.006054005,1.25846e-4,-5.726172e-4,0.003228897,0.003363685,0.001713582,0.00138632,5.286264e-4,5.365018e-4,0.001033741,0.002442687,0.002885895,0.003492518,0.001201196,6.948012e-4,0.002156119,0.002701983,-2.371263e-4,0.001211298,8.114296e-4,0.001601031,0.001287304,-5.582721e-4,0.001729945,0.001405676,0.001241082,8.439575e-4,8.901464e-4,0.001138946,0.00124463,6.798617e-4,9.027671e-4,6.937379e-4,4.970531e-4,0.001433751,5.688965e-4,0.001513559,0.001348004,0.002281572,0.001484264,2.426843e-4,0.001563484,0.001264017,0.001266852,2.850632e-4,6.129352e-4,5.489822e-4,0.00124031,0.001333356,-2.310842e-4,8.14515e-4,0.001284044,0.001512412,4.93127e-4,0.001281654,0.001084302,0.001819031,0.002619038,5.8093e-4,0.00285214,0.001788153,0.001733939,0.002200808,0.00256449,0.002119045,0.001678354,0.001173188,0.002791891,0.0020369,0.002180531,0.003296807,0.001659562,0.001833935,0.002018018,0.001490134,0.001860191,0.002260815,4.384307e-4,0.001474176,0.002522672,0.003837589,0.001731617,0.003935643,0.003629078,0.004959549,0.004709386,0.003741536,0.00245659,0.002182829,0.007070827,0.009929198,0.01920847,0.01834979,0.01984039,0.02907484,0.02642753,0.0300476,0.02475236,0.03599622,0.03002704,0.05245514,0.08498507,0.1771746,0.6797974,2.014232,2.473938,1.234201,0.4381604,0.4925928,1.768043,3.694168
250.076,-5.281395e-4,0.01565944,-0.007835261,-0.009378087,2.592002e-4,-8.215262e-4,0.01935202,-0.005726144,-0.01127221,0.003425087,0.001296346,-0.00193213,-0.002610903,0.003996993,-0.003111609,-0.002334481,-6.494006e-4,-0.004536561,0.002103005,-4.60216e-4,-0.002883012,-2.853785e-5,-7.104882e-4,-0.002607663,0.001719188,-0.002703001,-8.014078e-4,-0.001033084,0.00175532,0.004365121,-0.003599852,-0.006767551,0.005540154,-0.007628193,-0.007046298,-0.004939418,-0.007793267,0.006248347,-0.001070137,0.003489101,0.008051244,-0.003713363,-0.007338485,-0.00660511,-0.002328942,0.00796778,-0.009771816,-0.005167322,0.009938774,-0.006531362,0.003030714,-7.824151e-4,-0.00578259,0.007274742,-0.00821477,8.458135e-4,3.970199e-4,0.003013751,-0.005318372,0.003109399,-0.00412663,-0.0058837510000000004,-2.742128e-4,0.001755943,-0.006796947,0.005038798,-0.001522093,3.403865e-4,-0.004392625,-0.001517587,-0.001135261,-0.001258179,-0.005739921,0.003028979,0.002778551,-0.004706895,-0.002142106,-0.005648839,0.001716144,-0.001593411,-2.199939e-5,-0.004063032,2.535646e-4,4.259785e-4,0.001494317,-0.001012525,-0.002920884,-6.617761e-5,6.452489e-4,0.001435005,-0.002553516,-0.00080475710000000005,-0.001338286,-4.274492e-4,-3.482096e-4,-0.001172824,3.33253e-4,8.456909e-4,2.018793e-4,9.31572e-4,-6.149846e-4,-8.660081e-5,-2.519762e-4,0.001601322,4.798964e-4,-8.454298e-4,-2.936191e-4,-6.021437e-4,-2.771796e-4,-0.001497939,-1.641607e-4,4.422448e-4,1.270873e-4,-4.098896e-4,-5.461243e-4,-3.996233e-4,-9.966114e-5,7.356105e-4,-4.036174e-4,9.170957e-4,-7.65519e-4,1.131281e-5,7.940536e-5,-5.187835e-4,-1.703645e-4,5.400445e-4,-4.121182e-4,-2.757538e-4,6.477454e-5,0.001688353,0.001445168,5.642686e-4,5.085085e-4,-9.850332e-5,-7.744758e-5,-0.001239648,6.666997e-4,5.478109e-5,2.707421e-4,-0.00156308,-6.571235e-4,8.139633e-4,-7.539189e-4,0.001847776,9.308973e-4,-0.001050687,0.002721109,7.140975e-4,-4.272272e-4,-0.001949614,3.575905e-4,0.00162739,0.001396235,0.001450602,-5.197136e-4,-9.605504e-4,8.875961e-5,8.615695e-4,2.512171e-4,0.002172767,-0.001266186,0.004762496,0.00201242,0.005300175,7.826344e-4,0.006432864,0.005829444,0.004048815,0.005862458,0.009077246,0.01013015,0.01835135,0.02460198,0.03011733,0.03528636,0.03276618,0.01910923,0.03077138,0.04320543,0.04485319,0.06422475,0.1199247,0.8039611,2.308459,2.950288,1.981323,0.6468363,0.04125096,0.05151451,0.6593423,-5.474494
252.317,0.02265149,0.01107076,-0.001010161,0.01394124,0.01243876,0.002372292,0.01420963,0.02425686,0.01079272,0.02189165,0.01449329,0.004529166,0.01014167,0.007715099,0.005097622,0.005847491,0.006447219,0.0118526,0.005144094,0.006244776,0.003367762,0.005346283,0.004513689,0.001691986,0.00607336,0.002214053,0.005120718,0.006316895,0.004502781,-9.982775e-4,0.00178273,0.006322617,0.01114131,0.006174563,0.00958695,0.006893876,3.999569e-4,0.008105495,0.02144859,-9.49513e-4,0.01139447,0.0108471,0.006883997,0.006852658,-0.002061653,4.239712e-4,-0.001584751,0.01081629,-0.006336942,-0.002617462,0.001946087,-5.419335e-4,0.004871392,0.001265647,-0.001888245,0.008868882,0.004730279,0.009244376,0.003016793,2.72835e-4,0.003412813,0.005664508,0.004967274,0.006891184,0.004888018,-0.002541686,0.002023492,0.001638035,0.004980696,0.00795753,0.001672195,0.002101362,0.004938116,0.002673055,0.005247236,-2.682405e-4,0.003245963,-6.573709e-4,0.00208289,0.003653901,0.002079217,0.003646698,0.003049425,0.001974579,0.001616151,0.004253538,5.417118e-4,0.00268868,0.00131591,7.629282e-5,0.002166062,0.001861174,0.003556365,0.00290105,-8.077642e-4,0.001879899,0.002928117,-4.761891e-4,6.206603e-4,-1.254592e-5,-1.19811e-4,-7.650256e-4,9.990448e-4,0.00155868,-6.242327e-4,0.001005879,0.001380152,-9.142038e-5,0.001185969,3.91451e-4,0.001476982,6.289726e-5,6.005827e-4,4.88789e-4,4.290651e-4,3.93245e-4,5.98309e-4,8.891127e-4,8.68285e-4,0.001047617,4.448588e-4,0.002343905,0.002558119,-4.759671e-4,1.492902e-4,3.459339e-4,0.001252431,0.002060456,0.001342787,8.653479e-4,0.001961832,0.001290222,0.002060878,0.001684096,0.002952147,0.001488935,0.003077115,0.001966787,2.241793e-5,-8.521046e-4,0.001205639,0.001643116,0.002940339,0.001333995,0.003154936,0.002833928,0.002345347,0.002362234,0.002239249,0.002177864,0.00237586,0.002916754,0.001666386,0.00228807,0.004070972,0.001081769,0.002895428,0.002645227,0.004002849,0.001715018,0.003063471,0.002711322,0.002146076,0.005949065,0.003096356,0.004913051,0.006862544,0.008822676,0.01321487,0.0128954,0.01796576,0.0235405,0.03033097,0.03450881,0.03623562,0.03704371,0.0363319,0.05153249,0.05509525,0.06942138,0.09460113,0.4931435,1.911724,2.784874,2.13576,0.6066762,0.2181569,0.4140519,-0.1972723,0.8191494,4.467669
254.558,-0.01056967,-0.03606416,-0.01618678,-0.0238306,-0.007579739,-0.03920831,0.001862856,0.001989552,-0.01984926,-0.01613969,-0.009262547,-0.01156727,-0.01283384,-0.008814306,-0.01756113,-0.0107528,-0.002294509,-0.0164372,-0.009574308,-0.01095741,-0.009052358,-0.004389618,-0.002514397,-0.001790962,-0.002313735,-0.009595808,-0.005185502,-0.001924279,-0.002994484,-0.00546302,-0.00906431,8.488857e-4,-0.01080646,-0.01636144,-0.02362333,-0.01274273,0.006168937,-0.007472604,-0.0107036,0.001839658,-0.004713158,-0.009324281,-0.009391034,-6.154066e-4,-0.008060037,-0.009383521,-0.001386136,-0.01564923,-0.01108631,-0.009074358,-0.005625454,-0.005838906,-0.006791779,-3.868768e-4,-0.0055595,-0.008202394,-0.01029424,4.472841e-5,-0.008774283,-0.005583637,-0.004045539,-0.004574772,-0.006518708,-0.005198046,-0.003649626,-0.003444388,9.030379e-4,-0.008614946,-0.006516687,-0.00686383,-0.003906963,0.001643297,-0.00724543,-0.005071151,-0.007776175,-0.002276398,0.003735065,-0.002739983,-0.00200946,-0.006240338,-0.002260833,-0.004350004,-0.006162232,-0.003032016,-0.004925867,-0.002261831,-0.002652023,9.042174e-4,-0.004181086,-0.003940394,-0.004832398,-0.002807345,-1.716732e-4,-0.00312569,-0.002584048,9.771373e-4,-0.003111167,-0.004162719,-0.002443106,-0.001284616,-0.001351266,-0.001352086,-2.415852e-4,-8.832257e-4,-0.00112729,-9.201405e-4,-7.785641e-4,-0.00108558,6.779623e-5,-1.654165e-4,-0.001240912,-1.534309e-4,-9.942601e-4,-3.890036e-4,-4.003639e-4,-8.664376e-5,-4.947512e-4,1.158896e-4,-0.002090624,-0.002447612,-4.93181e-4,-1.383057e-4,-0.002217971,-0.001887993,0.001551322,-3.82999e-4,-3.461842e-4,-8.269001e-4,-0.003001558,-0.002450715,-0.001812428,-0.001463265,4.990923e-4,-1.266652e-4,-5.473642e-4,-9.061947e-4,-0.002110997,-0.001265108,-0.001364833,-0.001812513,-0.002462128,-0.003035937,8.627232e-5,-7.084896e-4,-0.00011977610000000001,-8.83621e-4,-0.001267855,4.695341e-4,-0.002753694,4.509452e-4,-0.002185692,0.001270943,1.723172e-4,5.838457e-5,0.001623108,6.264726e-4,-0.001768227,-3.71696e-5,4.091806e-4,0.001002171,0.001259121,0.00164296,-0.001009284,-0.001414957,0.002029078,-7.34157e-4,8.663343e-4,0.006420534,0.006206502,0.01598771,0.01224008,0.02022349,0.02239465,0.0347502,0.02481928,0.02499595,0.02523805,0.03278207,0.05995241,0.07392855,0.3483449,1.42158,2.774747,2.366756,0.7165461,0.1303509,0.001958902,-0.1542828,-0.2065167,-1.315337,-4.42366
256.8,0.008128201,0.001982275,0.01735369,-0.001740498,0.01586512,0.05320905,0.01360924,0.0311898,-2.06992e-4,0.01216493,0.004829726,0.005775811,0.001058634,0.01029227,0.008548476,0.009606484,0.003829642,0.006188111,0.001155745,0.01319918,0.005410418,0.006023992,0.004254079,0.009512333,0.001357778,0.002000668,0.002579969,-5.316288e-4,0.007308572,7.38006e-4,0.001017335,0.01425941,0.01914254,0.01589989,0.02737995,0.02441095,0.007274053,0.01003106,0.005663591,0.005229908,-0.001379247,0.003898435,0.0139466,0.01300896,0.01305654,-0.001120443,0.008905131,0.009646452,0.01475323,0.005435144,0.004689786,0.004003012,0.007133173,0.005584658,0.002176096,0.006612735,0.002602946,0.002722087,0.007630379,-0.001649003,0.001246454,0.01360615,-3.329088e-5,0.004125894,-3.163447e-5,1.034667e-4,-0.002049784,0.004630701,0.0052071,0.003853362,0.003561356,0.006563894,0.007939198,0.005632514,0.004144618,0.005115266,0.003263461,0.005119369,0.003263722,0.005524079,0.002708779,0.004787853,0.003270032,0.005871958,5.640478e-4,0.002352885,0.001608261,0.004428535,0.003346126,0.004842852,0.002264636,0.005362691,2.236564e-4,0.002919838,0.004958335,0.00153427,0.002083194,0.002248205,0.001860314,0.001238524,6.992743e-4,0.002705525,0.001220565,9.376455e-4,3.369524e-4,0.002568591,5.851259e-4,9.439172e-4,-1.675483e-4,8.026316e-4,0.001023988,7.732006e-4,0.001587046,0.00153528,0.001529217,2.224516e-4,-5.259722e-5,-4.585068e-4,0.001936785,0.003537736,0.002547306,0.002486813,0.002766023,-5.206292e-4,0.001003512,0.001595854,3.210844e-5,3.458336e-4,0.003199417,0.002272731,0.002074154,0.001698446,0.002328512,0.001900567,8.342302e-4,0.001728464,1.862379e-4,9.902071e-4,0.002585547,0.003307457,0.003247929,0.002437177,4.785648e-4,0.002590537,0.002945572,0.004345304,0.001203324,0.001417789,0.001155337,0.003764583,0.001338533,0.001924088,0.002978581,0.001647704,0.002925902,0.00444539,0.004102235,0.0038623110000000002,0.003131628,0.004873716,0.005706963,0.00509995,0.005356635,0.002450174,0.005815074,0.00761638,0.004172703,0.01339221,0.01532227,0.02020283,0.02691308,0.02876004,0.02651397,0.03885061,0.0369579,0.04089126,0.03458926,0.05366301,0.1113414,0.2296083,0.9908957,2.535543,2.833651,1.093423,0.2192731,0.1277225,0.06273113,0.1920789,0.1213131,-0.08087515,4.654418
259.043,0.02346964,-0.02448474,0.01166041,1.058581e-4,0.0136842,0.003463492,0.02486054,0.02199021,0.02599149,-0.005433887,0.01134364,0.006642711,3.73703e-4,0.009344138,0.008744007,0.01014074,0.005991659,0.01103616,0.01123697,0.01486058,0.002850099,6.425918e-4,0.001067051,0.003627236,-0.001642094,0.002503429,0.00305643,-0.00147514,0.006149701,0.002763228,0.0046107,0.002220684,0.008288191,0.009052654,0.01856183,0.01406359,0.01672374,-0.002676722,0.01099656,0.008574075,0.005380092,0.0133905,-9.006509e-4,-0.005568795,-0.001934356,0.008590913,0.01083681,0.01491035,0.0122452,0.009883032,0.002487695,0.01445116,0.01117494,0.01410145,0.01346772,1.789702e-4,0.005471563,0.001917419,3.850339e-5,3.299151e-4,0.008398171,0.005232739,0.002109903,-0.0011433,0.01230016,-8.411553e-4,0.005152932,2.633507e-4,0.002156998,-9.459319e-4,0.006770452,0.001799804,0.002459212,0.005927312,1.000197e-4,0.00345818,0.004196133,0.002293915,4.408237e-4,0.001265048,-9.566188e-4,0.006135976,0.00248981,0.007529254,7.569965e-4,0.00461065,-3.295467e-4,0.002006097,0.001774878,0.001038306,0.003655775,0.005269974,0.004046685,0.001764491,0.004427755,0.002422106,0.002659361,0,0.002604375,-4.856691e-4,0.002073345,0.002011977,5.278954e-4,0.001037648,-7.586592e-4,-5.118425e-4,0.00139064,3.057849e-4,-1.387889e-4,6.616582e-4,1.943832e-4,0.001214741,1.26424e-5,2.822498e-4,9.308441e-4,0.001063625,0.001315184,0.001747878,0.001414581,0.001716648,0.002168872,0.001131157,0.002252015,0.001578674,-4.641702e-6,4.393707e-4,6.921488e-4,-1.451246e-4,-1.383771e-5,0.001552611,0.001493427,4.030613e-4,0.001993179,0.003136751,0.001550755,0.001395022,0.002233593,-1.22697e-4,0.001615701,0.001560923,1.914362e-4,0.001135493,0.001834495,0.002567064,5.723389e-4,8.020347e-4,0.002225769,0.001670894,0.002904298,0.003280055,0.00127732,0.004338505,0.001548025,0.003106614,0.002156068,0.003121211,0.003695791,0.004705677,0.002687508,0.003547696,0.004178278,0.00442845,0.004075171,0.004742286,0.006971174,0.01010534,0.008730722,0.01597554,0.01831452,0.02266302,0.03167262,0.03646764,0.02949504,0.03761125,0.03831108,0.04659404,0.04570372,0.07012607,0.2194924,0.7547681,2.118409,2.735344,1.466764,0.309261,0.1124567,0.08379614,0.08950799,0.1357264,0.300317,1.996393,4.79647
261.287,-0.01405395,-0.008083026,-0.01251082,-0.001851722,0.008753008,-0.005083035,0.006989008,0.006322551,-6.855105e-4,0.006452227,0.004960412,-0.01000435,0.009393993,-0.007622065,-8.272897e-4,-0.002029127,-0.002578397,-0.008276577,-0.00319968,-0.00469847,-0.002404726,-0.007812955,-0.001467965,0.002313912,-7.731388e-4,-0.00393308,-7.150286e-4,-0.00292677,-0.00218554,0.001872556,0.004380111,0.009250104,0.003625615,-0.01441551,0.009146318,-0.001470285,-0.01217258,0.007745518,-6.297495e-4,0.006290244,0.003797683,-0.005627532,-0.002764254,0.00104,-0.008978287,-4.846266e-4,-0.005061728,-4.83225e-4,-0.007794279,-0.002084023,0.009343897,0.003751795,0.002305671,-0.002104798,0.001170112,8.022335e-4,-0.004124685,-6.531595e-4,-0.006964075,-0.002244673,0.002744818,7.342668e-4,-0.005436088,0.001107292,0.001011842,9.041433e-4,4.900755e-4,-0.005657526,0.001655691,0.002519717,0.001352725,-0.003145818,0.001509619,-0.001631135,0.003848096,-0.001038571,-3.109843e-4,-0.001202155,-0.003154995,-0.002085193,0.001809509,-0.001734485,-9.501735e-4,-5.589826e-4,-7.869083e-5,-0.001796396,-0.001287358,-0.002823965,-0.001728695,-0.00112,-0.001274026,1.315396e-4,-0.002327726,-2.086666e-4,0.001096309,0.00181882,0.002004142,-0.001081106,-6.543539e-4,0.001053452,8.542578e-4,-0.002106151,-1.242161e-4,-2.067969e-4,-1.689626e-4,-7.348209e-4,-3.502603e-4,4.356729e-4,-6.688339e-4,-1.355527e-4,-0.001019414,-4.415984e-4,-6.738492e-5,2.78545e-4,-4.728212e-4,1.15988e-4,-1.722401e-4,7.057817e-4,5.060973e-4,4.94357e-4,5.224219e-4,3.134757e-4,-8.638951e-4,-6.257194e-5,-0.001207997,-2.108156e-6,5.65026e-4,5.425979e-4,-9.820854e-4,-9.254905e-4,-8.064974e-4,-8.568178e-4,0.002346408,0.001209861,4.137838e-4,-1.661417e-4,-0.001079603,3.894578e-4,-1.32328e-4,-1.374379e-4,-0.001726098,6.470557e-4,1.935381e-4,0.002304978,1.374336e-4,-6.564209e-4,5.669601e-4,3.853888e-5,5.015042e-4,0.002620128,0.001497209,0.001000004,3.463812e-5,0.001077634,0.003161573,0.001829213,0.003649758,0.004295139,0.002360188,7.360161e-4,2.897384e-4,0.003262784,0.003766166,0.003565672,0.001145413,0.007066369,0.00963365,0.01282928,0.02082556,0.02550423,0.03078024,0.03041946,0.03429551,0.02562465,0.0297148,0.04048972,0.05281231,0.1215072,0.7094116,1.775465,2.499029,1.781586,0.3867223,0.08925677,0.1180664,-0.002718771,-0.03856495,0.00194426,-0.2858635,1.555242,-5.291049
263.532,-0.03892724,-0.06837822,-0.03113249,-0.02911253,-0.03677434,-0.06214372,-0.03487533,-0.05925903,-0.01782484,-0.01903245,-0.005964495,-0.01484626,-0.01820789,-0.01706247,-0.0207259,-0.01249305,-0.0238655,-0.006202656,-0.01819879,-0.008565624,-0.008612041,-0.009128459,-0.0116264,-0.008624753,-0.004744786,-0.004661028,-0.007854397,-0.0084105,-0.01052897,-0.01280339,-0.01951568,-0.02314095,-0.009867311,-0.03213493,-0.02782796,-0.01391883,-0.02046297,-0.03230972,-0.01454901,-0.01333871,-0.02180252,-0.02058467,-0.01018857,-0.02261502,-0.02458806,-0.01332053,-0.008383989,-0.02562767,-0.01705892,-0.01492378,-0.01522624,-0.01819872,-0.01356003,-0.01357479,-0.01835493,-0.01877023,-0.01585169,-0.01526056,-0.006318137,-0.01165756,-0.009737182,-0.008808759,-0.009164106,-0.01813657,-0.009527673,-0.007783581,-0.01035025,-0.006691981,-0.003790053,-0.00690258,-0.0109902,-0.005152159,-0.008640544,-0.01063714,-0.006516482,-0.004447977,-0.009708496,-0.007968564,-0.006096833,-0.007278792,-0.005383513,-0.007026474,-0.004509955,-0.005846341,-0.005626645,-0.00647695,-0.003831488,-0.005317058,-0.006009451,-0.00316815,-0.005587027,-0.003772084,-0.005271925,-0.005283109,-0.005319257,-0.003834634,-0.006268921,-0.005571271,-0.0041996790000000004,-0.004796438,-0.00286665,-0.002814341,-0.003147014,-0.00103809,-0.002642649,-0.003035039,-0.001586979,-0.002804158,-0.001571271,-0.001802698,-0.001622295,-0.001635503,-0.001089035,-0.001331484,-0.002769647,-0.002483885,-0.001352927,-0.003083845,-0.0035032,-0.003606018,-0.002648688,-0.002210042,-0.003782194,-0.002383815,-0.001162868,-0.002734957,-0.001615326,-0.002472623,-0.002609176,-0.003781209,-0.001106516,-0.003414393,-0.003408474,-0.002111865,-0.003988805,-0.004245057,-0.001449083,-0.002737077,-0.001968134,-0.002635622,-0.001007464,-0.002492135,-0.001219108,-0.002062221,-0.0028583,-0.00243775499999999,-5.699518e-4,-0.003328248,-0.001080756,-0.002395043,-0.001651545,-0.001015804,-3.873663e-4,-0.001016614,7.533756e-4,3.220416e-4,-0.001218025,8.297059e-4,-9.350108e-4,-1.987171e-4,0.001240509,-0.001040514,-2.270325e-4,3.016512e-4,0.001580176,0.009018219,0.01043052,0.01448842,0.02365168,0.02798587,0.01966808,0.02314357,0.0282341,0.0265722,0.0306249,0.04256763,0.07118593,0.3601822,1.927376,2.40018,1.880635,0.6315463,0.05523288,0.006023076,-0.06362651,-0.05219724,-0.2070152,-0.5583824,-1.043859,-2.27239,-12.7967
265.778,-0.04251336,-0.02073688,-0.007368082,-0.0237713,-0.01346202,-0.01242236,-0.0486992,-0.00852472,-0.0385608,-0.01314992,-0.01518703,-0.009420805,-0.008768976,-0.0131872,-0.01151133,-0.003856679,-0.003739015,-0.002319882,-0.007104373,-0.00618089,-0.008420095,-3.181417e-4,-0.002772177,-0.005473478,4.351523e-4,-0.003344004,-0.004129889,0.002053902,6.94778e-4,-0.007519672,-0.01160021,0.001321851,-0.008786359,-0.01616683,-0.0313669,-0.01371245,7.389192e-4,-0.003910798,-0.006973647,-0.02037559,-0.02153271,-0.003632553,0.005063693,-0.01224175,-0.009553405,-0.005507306,-0.006339698,-0.006885231,-0.01125406,-0.007721693,-0.005824884,-0.006424927,-0.00387474,-0.009979936,-0.008826619,-0.01030346,-0.007888179,-0.003436059,-0.007509312,-0.007864828,1.383624e-4,-0.004361689,-0.004731073,-0.01276663,-0.009817908,-0.01130804,-0.009002841,-0.009980155,-0.005376188,-0.001981934,-0.001120946,-0.002865095,-0.004298454,-0.003190397,-0.005477143,-0.009014991,0.002122384,-0.007181941,0.001134251,5.121807e-4,-0.001393242,-0.005239519,-0.001542715,-0.00141088,-0.004568317,-0.004562607,-0.00312049,-0.002030663,-0.002431378,-0.004530273,-0.005467847,-0.002074504,-0.002424484,-0.001660682,-0.001426973,-0.002823981,-1.599213e-5,-0.00269803,-0.002409859,-0.002458447,5.656221e-4,-0.001497919,-0.001463907,-1.463651e-4,-0.001561822,-1.526729e-4,-4.307774e-4,-0.001061208,-2.205621e-4,-1.233885e-4,-0.001319555,-6.803164e-4,-5.122289e-4,-3.982132e-4,-0.001382636,-7.309978e-4,-8.371634e-4,6.738146e-4,-0.001772284,-0.001150721,-0.00101427,-7.353565e-4,-5.959495e-4,-0.002724095,-0.001594307,2.023397e-4,-9.062943e-5,-2.455396e-4,-4.833044e-4,-0.001651366,-5.565305e-4,-0.002555805,2.04155e-4,-4.65399e-4,-8.855607e-4,-0.001140202,-8.006436e-4,-1.304583e-4,-0.001795143,3.41205e-4,3.097141e-4,-1.084056e-4,-0.002651261,-4.736328e-4,-0.001477028,8.546248e-4,-0.001385884,-0.001759276,-1.099883e-5,-4.167551e-4,0.001514033,8.34823e-4,6.250874e-4,4.300253e-4,0.002086778,0.001652027,0.001445086,0.003558181,0.001644314,7.423027e-4,7.19487e-4,0.001723853,0.002286317,3.61024e-4,0.01001384,0.01135413,0.01930634,0.01865174,0.02875563,0.03081049,0.03180264,0.03206996,0.02897338,0.04523512,0.03942933,0.07936529,0.2414063,1.14502,3.135609,2.040085,0.804033,0.1166118,0.05747273,0.02170689,-0.03405011,-0.04129597,-0.1640839,0.06941877,-0.268825,-2.05028,-4.073104
268.025,-0.02751111,2.379709e-4,0.01206098,0.004087102,-0.01011443,0.01763475,-0.001434628,-0.001432986,3.898675e-4,0.01706728,0.01550003,0.002625068,0.001637362,0.006550759,0.0101194,-6.965011e-4,0.00169932,4.54931e-4,-0.001641565,0.003412535,-0.001331235,-0.002053228,0.003847883,2.544974e-5,4.959117e-4,5.929397e-4,1.321197e-4,0.002614276,0.004659424,-1.855998e-4,-0.003366626,0.01179684,0.006006441,0.01463559,0.007239566,0.01373932,0.006338474,0.01727073,0.001129238,0.004037691,0.003639354,0.00487309,0.009634883,-0.005302774,-0.003038666,0.00107409,-0.001112448,0.00987431,-0.002982477,5.014861e-4,-0.002889606,0.001578477,0.004357939,-0.002554012,0.004798847,-0.001372704,-0.001027586,0.002932763,0.001271863,-0.001595513,0.007105629,0.001420895,-4.761717e-4,0.004032644,0.002499386,0.008308228,0.004589378,0.004119854,-0.002597397,0.001625222,0.005766808,0.003462509,0.006142554,7.235854e-4,-5.013727e-4,9.705892e-4,0.004062588,0.005817241,-0.001270084,0.004369871,0.001571747,0.002310039,0.003728127,0.002766452,0.001556135,0.002882874,-0.001767257,0.001385106,0.004119527,7.336518e-4,0.001020575,-0.001287333,-7.455468e-4,2.980755e-4,0.003077376,0.00144222,3.007281e-4,0.001589667,-0.002493455,1.257426e-4,0.002832336,0.002063927,0.00144124,-6.7164e-4,8.02975e-4,0.001530765,4.791778e-4,4.670829e-4,7.785576e-4,8.41294e-4,6.53811e-4,2.15438e-4,4.111367e-4,5.827749e-4,0.001430492,3.515671e-4,0.001376594,1.061433e-4,0.001453119,-8.627887e-4,0.001698867,6.864478e-4,2.366984e-4,4.966211e-4,-1.902418e-4,9.074506e-4,4.198468e-4,0.001961564,7.768331e-4,0.001443572,8.524723e-4,0.001851163,8.13001e-4,0.001349635,6.059725e-4,0.001537571,3.460947e-4,0.001823259,0.002824758,7.212008e-4,0.001540161,0.001774657,4.612839e-4,0.001320518,0.001189865,0.001861341,0.002314258,9.645174e-4,0.002235504,0.002735084,0.002112291,0.00325752,0.003066018,0.004399444,0.00366872,0.005279971,0.004868964,0.003666426,0.004439596,0.00464799,0.005155144,0.002487508,0.007999045,0.008122719,0.01474571,0.01613962,0.02175705,0.03010739,0.03441144,0.04072175,0.03969977,0.03605292,0.03315549,0.05126965,0.06733514,0.1605285,0.8275676,2.157803,3.209673,1.009076,0.2068327,0.0808205,0.06541287,0.0314886,-0.08991799,0.1419766,-0.02946389,0.2446485,-0.1141323,0.8906779,2.273529
270.273,-0.00438489,-0.02371798,-0.005124465,0.008188563,-0.008604522,-0.02180555,-0.005260942,-0.01600001,-0.008991307,-0.004891151,0.00182002,0.004072382,-0.003048124,-0.004376852,-0.01451005,-0.003480132,0.00522838,0.00328252,-0.003648711,0.00387117,-0.00680951,-0.005284919,-0.001495791,-0.002404045,-0.003478914,-0.0063389,7.613223e-4,-5.116219e-4,-0.006079011,-0.002226866,-0.001543729,-0.00787749,1.547693e-4,-0.0100662,-0.02199191,-0.01220101,0.00372044,-0.003227434,-0.007477298,-0.005012299,-0.010166,-0.003591493,-0.0127018,-0.008065783,-0.009969421,-0.004181143,-0.003591672,-0.01520987,-0.01109517,-0.009986047,7.872712e-4,-0.001707253,-0.004342698,-0.008252302,-0.005441941,-0.001602963,-0.001686017,-0.003893245,-6.131537e-4,-0.003426086,-0.005520184,-0.008469064,-7.899382e-4,-6.745319e-4,-0.002820941,-0.004457752,-0.0027758460000000002,-0.006319699,-0.001351831,-0.00233296,-0.001957663,-0.00250555,-0.002201942,-6.473823e-4,-0.006598633,0.001294422,-0.004936848,-0.001951526,-0.00706648,-0.005595445,-0.002719789,3.368914e-4,-0.0039470420000000004,-0.00331234,0.001391688,-0.003139494,-0.001920031,0.002117258,-0.002380383,-0.001036952,-0.002838267,-0.001217052,-0.001168744,-0.003197586,-9.796221e-4,-0.002316773,4.021184e-4,-0.001901301,6.615479e-4,-0.001698853,4.586295e-4,-0.001622603,3.499869e-4,-7.632411e-4,9.383603e-5,-0.001479715,3.808393e-4,-5.206743e-4,-0.001501778,-8.289714e-4,-3.803768e-4,-7.641044e-4,-0.001009275,-5.27861e-4,-8.521774e-4,-1.833356e-4,-1.217399e-4,5.770915e-4,6.721565e-4,3.989997e-4,-0.001637566,-0.001677623,-0.001290267,7.014089e-4,-6.83599e-4,-0.001231022,-5.981031e-4,-0.00149315,-0.00116049,-0.002161659,-0.00209591,-2.16125e-4,-3.698385e-4,-0.001221919,-4.596432e-4,-0.001513611,-1.488488e-4,-0.001274473,3.102004e-4,0.001761996,4.742944e-4,-0.002022052,-0.002233568,-6.133463e-4,-5.869605e-4,9.896187e-4,0.001690676,-3.488046e-4,-1.488707e-4,0.001841793,9.478476e-4,3.38977e-6,4.210883e-4,0.001358702,1.941971e-4,0.003597752,0.002906612,0.003388077,0.003387248,0.003658843,0.003551342,0.005457536,0.005329608,0.0107367,0.01813101,0.01710888,0.02751013,0.02680357,0.03359845,0.03063517,0.0404825,0.04206823,0.03671003,0.05137539,0.1102057,0.5718677,1.720202,2.394754,1.919466,0.2607803,0.06482787,0.03794526,0.02032837,0.01273797,-0.0337453,-0.07896738,-0.1355226,-0.2464083,-0.2735574,-0.5398051,1.385814
272.522,0.005381088,0.03497453,-0.01643748,-0.0180687,-0.002870357,-0.004514807,0.01189235,-0.003250803,0.001557973,-0.005346324,-0.008197844,-0.007039417,0.006997272,-0.004513439,0.004050857,-0.007123299,0.003332202,-4.465002e-4,-0.01004697,0.004693728,3.974769e-5,0.003103427,-2.927345e-4,0.001992793,-0.0027595,0.00155561,0.001204671,0.00291918,-4.49647e-4,0.003166723,3.121545e-4,0.001825224,-0.003256788,0.004783418,0.007045705,-0.01114318,-0.003744886,-0.006458123,0.002884553,-0.008339963,-0.002349897,-0.002444639,-0.003915306,-0.004626451,0.00733701,-0.005775781,0.003231895,-0.01604648,-0.00697653,0.001445749,0.005611384,-0.003464585,0.002219357,-5.231324e-4,-0.005704652,7.836343e-4,7.230268e-4,-0.004215634,0.005953876,-0.001238854,8.871766e-4,-0.004935583,-0.003790348,0.001059284,1.020987e-4,0.00159102,0.004927302,0.002523697,-0.002831053,-2.334877e-5,0.003259738,-0.004474659,-0.002926204,-5.466348e-4,-0.005823825,-0.003507896,8.368491e-4,-0.002984669,-0.002789202,-1.656243e-4,-0.001334028,2.375711e-4,-0.002416195,-2.95012e-4,0.00140785,3.53038e-4,0.003308043,0.003244732,9.557062e-5,8.21831e-4,0.002542384,0.001214199,0.002257274,-0.001906836,0.001379439,0.001356234,-5.213924e-4,0.005148966,-0.001884968,0.001138029,0.001871988,-0.001056466,1.288423e-4,2.402857e-4,-5.000201e-4,0.001209607,-1.129438e-5,0.001226843,6.477211e-4,-1.368714e-4,4.814793e-5,-4.213451e-4,4.603397e-4,-8.920436e-4,1.902711e-4,-7.946246e-4,9.133231e-4,-3.903511e-4,-7.775453e-4,-7.072315e-5,8.502756e-4,2.655325e-4,-8.382193e-4,-4.35038e-4,9.731265e-4,4.081517e-5,8.4166e-4,8.930347e-4,8.010596e-4,1.607469e-4,-9.880769e-4,-0.002064054,-7.254384e-4,9.64127e-4,-0.001033923,7.534242e-4,-7.434985e-4,9.943871e-4,0.001140374,-7.034648e-4,9.03162e-4,-8.089451e-4,1.672988e-4,6.87238e-4,-5.452108e-4,4.790713e-4,1.369094e-4,7.144183e-5,0.002280277,0.002066366,0.00292041,0.003038327,0.001395472,0.003387163,0.005017764,0.00180533,0.00530181,0.003869805,0.002498385,0.004634818,0.002097845,0.006691002,0.01096527,0.01622699,0.01842502,0.02786522,0.02645235,0.02881948,0.03067593,0.03537612,0.03882232,0.03679702,0.05053271,0.09221647,0.3553638,1.375995,2.239775,1.608222,0.5500663,0.06429193,0.04541136,0.01734526,0.03717013,-0.003807861,0.04634818,0.03611394,0.004089951,0.06803283,-0.2564982,-0.5890544,0.4443264
274.772,-0.01768303,-0.02537368,-0.008834165,-0.00441915,-0.01749307,5.529717e-4,0.003748885,0.007060602,-0.02840109,0.002891271,0.003914807,0.001240134,-0.006003315,0.005223726,-0.01022048,0.004953965,-0.01718513,-0.0108735,-0.001892722,-0.00306705,0.003629785,0.002203339,0.004303001,1.713474e-4,-4.514028e-4,0.001978017,-2.687935e-4,0.001341345,0.002538668,-0.004117798,0.002120797,-0.005058297,-0.004995742,-0.009515107,-0.004805224,-0.001379033,-0.005848523,0.001482729,-0.006131197,-0.005111548,-0.005536229,-0.00917934,0.004175003,-0.003144422,-0.005891518,0.003298785,-9.54996e-4,0.004696128,1.339745e-4,0.003787273,-0.001968313,3.073583e-4,-0.001896906,-0.0011119,0.005004773,-0.004432236,-0.00240293,-0.001068954,-0.005055132,0.002093676,-0.008169517,2.24222e-4,0.00222643,0.005067467,0.003543301,0.002198841,-0.007378972,0.001293329,-0.004669682,-6.604902e-4,-0.002403135,6.10655e-4,-0.001326783,-0.004693474,0.005900251,-0.004968699,2.274508e-4,-7.024883e-4,-0.001561538,0.001366599,-0.002007717,-0.001612573,0.001232258,-0.002568548,-0.002654772,-0.002894123,-0.001456307,6.019672e-4,-0.003636503,-1.358583e-4,-7.031714e-4,-0.001744046,-9.686393e-4,2.856306e-4,-0.002512532,8.024235e-4,-2.988921e-4,-0.001829141,-7.430279e-4,-2.041376e-4,-1.189517e-4,8.717383e-5,-0.001209744,0.00108108,-0.001590817,2.871748e-5,2.268173e-4,3.168079e-4,5.793677e-4,-3.157238e-4,7.455673e-4,2.449194e-4,4.373845e-4,0.001197865,-6.436843e-4,3.82457e-4,-4.739661e-4,4.109407e-5,0.001538058,-8.672733e-4,-2.234774e-4,0.001278281,0.001543689,-7.698427e-4,4.559765e-4,0.001313487,3.504771e-4,-3.258516e-4,3.227645e-4,-0.001389495,0.001639212,-8.591517e-4,4.200096e-4,-4.573556e-4,-1.327022e-4,0.001344478,-0.001291917,3.254451e-4,0.001118543,0.00100987,0.001230126,8.478618e-4,0.001550577,-8.125566e-4,7.395998e-4,8.472038e-4,0.001534404,0.002293534,0.001563804,0.001063688,0.001195391,0.002899373,0.002031077,0.004420845,0.00332642,0.003715946,0.002222116,0.001740591,0.001960368,0.00308682,0.00505211,0.006926067,0.01399467,0.0200778,0.02252261,0.02910647,0.02797143,0.02552268,0.04273338,0.03704987,0.0408692,0.04552731,0.06626474,0.2157871,0.9830658,1.942656,1.754895,0.6141535,0.1145871,0.06762535,0.03841926,0.01278362,0.007559441,0.008679504,0.01451341,0.0702863,0.09838694,-0.1100087,-0.07164787,-1.737147,1.578655
277.022,-0.001666947,0.02267566,-0.01490799,0.01967114,0.002208987,0.001781346,-0.01878743,0.01157351,0.004334365,0.00291103,-5.831834e-4,0.001514027,-0.001938552,2.857922e-4,0.006539851,0.002126416,4.347213e-4,0.00387199,0.01030281,0.008951802,0.005339297,0.004303595,0.004830205,0.005225944,0.002122946,0.003535692,0.001886836,-0.00118797,0.004667233,-0.001762554,-0.00291698,0.004038067,0.01598078,0.002253833,0.009299802,0.009750722,0.001023295,0.007048304,0.002702596,-0.001534592,0.01272325,0.00427661,8.094673e-4,0.001645339,2.385029e-4,-6.58061e-5,-1.510099e-4,-0.002040384,0.01046835,0.005396755,0.00173337,0.01069723,0.002195655,0.005215715,0.004071509,0.001751187,0.007253707,0.002603466,0.01205313,-0.004139657,0.00123815,0.004215263,-0.004036019,-4.832854e-4,0.004422535,-1.823559e-4,0.001606251,-0.005285127,-6.24271e-4,0.005592792,0.006857551,-0.001147282,0.00254228,4.515798e-4,-7.009742e-4,0.00379967,-0.001734697,-5.040601e-4,0.005253127,-8.922888e-4,0.005041404,0.001055875,-4.095498e-4,0.004111162,0.00131897,0.001582572,0.004676646,8.151693e-4,0.002832311,-3.97452e-5,0.002844989,0.001899987,0.002334462,-4.626071e-4,0.00220525,0.002349332,9.84e-4,0.003848789,4.108232e-4,0.001851379,-6.683254e-4,0.001213603,0.0016924,-1.650697e-4,2.74993e-4,2.646143e-4,0.001053975,6.226748e-4,4.326481e-4,4.744727e-4,5.500619e-4,7.226133e-4,-2.322569e-4,-4.931491e-4,0.001406796,8.43674e-4,5.548539e-4,0.001765092,0.001051301,1.39533e-4,0.00167781,9.248774e-4,0.00210179,2.896502e-5,4.06999e-5,0.001200193,-2.180636e-4,-6.112582e-4,-5.551382e-5,3.861291e-4,0.0015648770000000001,6.206183e-4,0.001162966,0.001578998,7.706786e-4,0.001203501,0.001029868,0.002224739,0.001660849,2.415057e-4,7.7482e-4,0.001373738,0.001655211,0.002344466,9.70186e-4,0.002154352,8.19602e-5,0.002244949,0.001316328,8.073653e-4,0.001559976,0.001997782,0.002502815,0.003169439,0.004012471,0.003772389,0.005474785,0.004958151,0.004790485,0.006608172,0.008155281,0.01338563,0.02044309,0.02540277,0.02796585,0.03108323,0.02973672,0.03271431,0.03881198,0.04451745,0.03747685,0.05207553,0.1175499,0.6520969,1.611357,1.788294,0.7955434,0.1375507,0.08298043,0.04439626,0.01842859,0.04249781,0.02068753,-0.003050971,0.02057936,0.008440068,0.12394,0.0993869,0.08686692,0.6905705,0.6690813
279.274,-0.04795736,-0.03466055,-0.007457717,-0.02058186,-0.03106756,-0.01511684,-0.01920771,-0.01531517,-0.0104624,-0.007948585,0.005404088,-0.02322701,-0.008029292,-0.01118369,-0.01542485,-0.001752938,-0.007298794,-7.466413e-4,-0.003604279,-0.00868055,-0.003095846,-0.006995779,-0.001031276,-0.002848678,-0.003804315,-0.005706413,7.322807e-4,-0.002336518,-0.001724433,-0.003856951,-0.00547894,-0.008136945,-0.01439022,-0.009954716,-0.01184383,-0.008161557,-0.007758922,-0.009913658,-0.009567463,-0.01491939,-0.00827938,-0.0210767,0.00123994,-3.195635e-4,-0.01072218,-0.00581387,-0.006496749,-0.004773312,-0.005963205,-0.009735351,-0.006726155,-0.009438712,-0.006254313,-0.001898802,-0.005190859,-0.0089049,-0.006009314,-0.006160827,-0.005791874,-0.001434384,-0.002459316,-0.005099851,-0.01258355,-0.005283282,-0.007640245,-0.007620346,-1.207652e-4,-0.00520848,-0.0106507,-8.35189e-4,-0.002533166,-0.004683621,-0.001830244,-0.002390835,-0.002432537,3.026294e-4,-0.005336677,-0.00446298,-0.001631642,-0.005556301,-0.005800451,-7.814856e-4,-0.005686939,4.634243e-4,-0.006757336,-0.001754145,-0.005283663,-0.005522771,-0.002337376,-0.001729887,-0.00551692,-0.004044571,-0.001944537,-6.754401e-4,-0.001643749,-0.004611915,-0.00210307,-0.002464049,-7.48654e-5,-8.919314e-4,-0.00107543,-0.001812996,-0.002636544,-0.002144207,-0.001274991,-0.001034852,-0.001614016,8.508106e-5,-8.586718e-4,-7.593465e-4,-2.027203e-4,1.018608e-4,-3.792208e-4,-3.482744e-4,-7.514369e-4,-0.002209126,-0.00193922,-8.825678e-4,-0.001683846,-1.705973e-4,-6.859548e-4,-0.00147703,-0.002292639,-0.001214458,-0.001082716,-7.792672e-4,-6.488909e-4,-0.002355573,-0.00268241,-0.001932876,-0.001909028,-1.530816e-4,-0.001136495,-0.001770871,-0.002331689,-0.00144433,0.001136903,-0.001521584,1.037509e-4,-0.001009497,-0.001062538,-8.743668e-4,-7.227724e-4,-7.477425e-4,-0.001340551,2.337606e-4,-9.573344e-5,2.965693e-4,-8.262958e-4,-7.803219e-4,7.842595e-4,6.961377e-4,0.001456852,0.001878927,0.001537162,0.002234135,0.002259052,0.002714397,0.003737881,0.0033984,0.01132427,0.01618804,0.02364478,0.03044752,0.02802621,0.02783474,0.02606276,0.03046777,0.03659359,0.03469423,0.04494429,0.08557339,0.3960416,1.312123,1.714588,0.942337,0.2369563,0.05148188,0.0620368,0.0354572,0.01344261,0.01882386,-0.01504755,-0.02080864,-0.03076095,-0.05495268,-0.04248212,-0.07962757,-0.9477262,-1.429793,-5.29597
281.526,0.02103193,-0.004861154,0.01796863,0.02088587,-0.003497166,0.01925474,-0.01362216,0.003999966,0.01806235,0.01228665,-0.0030335510000000002,0.01423907,-0.00819118,0.01302695,0.002137967,0.004511215,0.003824529,0.001335018,0.002903872,0.001548592,0.005963987,-3.37068e-4,0.004431645,-6.084855e-4,0.002098386,0.00133599,0.002762846,-4.460756e-4,-0.005307806,0.003828096,-0.002164864,0.002353218,0.002201172,0.005172618,0.01676363,0.01830608,-0.001529801,0.01223515,0.006870255,0.009975104,0.008179238,0.00260748,0.001629262,0.01055223,0.008180365,0.01203188,-0.001090986,-8.566247e-4,0.002357705,0.009339519,0.0118042,0.001855156,-0.002735889,0.004716779,0.00216997,2.532815e-4,0.003402168,0.006635793,0.006111045,-7.293714e-4,0.008753049,0.005680375,0.001001106,-0.001759732,5.664673e-4,6.952857e-4,-0.001197775,-1.937398e-5,0.003346803,0.002206636,-8.934375e-4,0.006540348,-5.574101e-5,0.004944489,0.0055361230000000004,0.003488637,7.78775e-4,6.016066e-4,0.003412844,0.001226465,1.134216e-4,0.001865709,0.003022953,4.059943e-4,-0.001704186,0.003038402,0.003159563,-5.286446e-4,0.003991212,5.362082e-4,0.003031341,0.002049108,-8.433578e-4,5.356457e-4,9.309445e-4,9.840452e-4,0.0032496,0.001948611,-6.524004e-6,-6.136059e-4,-1.309909e-4,7.926686e-4,9.993542e-4,6.046266e-4,6.792692e-4,9.989284e-4,0.001252436,-8.271296e-4,6.907345e-4,4.11965e-4,5.328664e-4,0.00105651,-1.552608e-4,3.689186e-4,-1.173486e-4,2.904644e-4,2.40897e-4,0.001084395,4.783723e-4,0.001425611,0.001008768,0.001593602,0.00279636,5.06553e-4,3.07363e-6,0.001056091,0.001950716,0.00182887,0.001744926,0.001254244,0.001967254,0.001052916,0.001347076,0.002063324,0.002307605,0.002388357,0.00296227,0.001138825,4.275428e-4,0.001783122,0.001752976,0.002246287,0.001808581,0.003116517,0.002343717,0.00240948,0.001741437,0.001342798,0.002441569,0.00315361,0.003610121,0.003486888,0.003649659,0.00442429,0.00521919,0.004074095,0.004143052,0.003599127,0.005442281,0.008855738,0.01514963,0.02284063,0.03310414,0.0333512,0.03335345,0.03431534,0.0301396,0.03467733,0.04898723,0.05280434,0.07916978,0.2665358,0.9576782,1.674463,1.118215,0.2851254,0.08664097,0.06641783,0.06543664,0.05029465,0.03282126,0.009477457,-0.04284426,0.01567274,0.04791675,0.06293237,0.2050435,0.1372088,0.2346393,1.680035,4.644608
283.779,0.007299025,0.007451343,0.01174734,0.001879086,-7.855219e-5,0.01027286,0.02703952,0.0133578,0.004311227,0.01907276,-0.002304604,0.0100556,0.01041021,-5.405872e-4,0.005460488,-0.001372924,0.005414826,-0.004676994,0.001367272,0.001055717,-0.003448805,-0.001252378,0.002490488,5.378815e-4,-0.002025606,9.677951e-4,0.002027875,8.54089e-4,0.002098808,0.009289689,0.008263113,0.008351129,0.01978641,0.001811422,0.01133944,3.276338e-5,0.01631355,0.009161286,0.002852459,-7.660979e-4,0.001056749,0.009097353,-5.095641e-4,0.01498636,-0.0032939140000000002,0.008004917,0.008136481,-0.007485643,-0.001006179,0.007600948,0.004886551,0.004809372,0.002494657,4.398131e-4,-0.004622418,-0.0051161,-0.001784485,0.002518138,0.00537538,0.001965849,0.003209393,-0.001322313,0.004367483,0.003180861,0.007165604,-0.007691765,9.819714e-4,0.002515272,-1.643134e-4,0.005471354,0.001626294,0.00182913,0.002828665,-1.260892e-4,0.001257455,0.001055652,-0.003355202,-0.002161201,-2.530007e-4,-0.001707316,0.001026084,0.004156909,-1.120106e-4,0.003287826,0.001447776,-0.001366006,1.416118e-4,8.432176e-4,-0.001731967,-0.002508503,9.609274e-4,-5.553313e-4,0.001433452,8.495202e-4,0.002219442,-1.035891e-4,1.554908e-4,-0.001338553,0.001618968,0.001016995,-3.03921e-4,9.849967e-4,6.758501e-4,0.001467955,7.405235e-4,-2.45517e-4,9.623398e-4,1.854897e-4,-3.001862e-4,9.175245e-4,0.001125422,0.001434594,8.809631e-4,6.615982e-5,8.242418e-4,5.579659e-4,7.775199e-4,-6.931904e-4,0.001097437,5.639854e-4,3.283731e-4,-0.001455259,2.060229e-6,9.667988e-4,-1.466579e-4,9.824505e-4,6.81625e-4,0.001729662,-1.994962e-4,0.003321194,-0.001600524,8.525822e-4,0.002488731,4.69786e-4,-3.806835e-4,1.599756e-4,-1.118187e-5,0.001914891,7.916004e-4,0.002550554,-2.993985e-5,-6.304568e-4,-4.088752e-5,4.556376e-4,6.674448e-4,0.001801191,0.002525784,0.002202173,0.001954211,0.00247312,0.003235166,0.004153446,0.003534663,0.005674644,0.005625221,0.005095061,0.006525066,0.006824063,0.008217965,0.01001523,0.01469803,0.02549641,0.0354026,0.03593613,0.02755712,0.03205439,0.03030778,0.03587978,0.05268597,0.06769093,0.1938735,0.7433752,1.478553,1.295673,0.4147743,0.09748442,0.07276974,0.05586836,0.0437611,0.03864721,0.0442362,0.04432976,0.03218404,0.03306569,0.05095472,0.0515915,0.1230645,0.1489352,0.7188676,0.3450735,0.1832006
286.034,0.006077098,0.005138132,-0.004983766,-0.02251588,-0.02081093,-0.001631986,-0.01671685,0.01801392,-0.0118321,-0.003497285,-0.00562436,-0.007264098,-0.001794839,-0.006306913,-0.006492814,-4.444621e-4,-0.002155814,5.203361e-4,-0.007407014,4.314841e-4,-0.008050816,0.004650352,-0.002460845,-0.002627717,5.424558e-4,-0.001061107,-0.001890631,0.002236981,-0.00182435,-0.002184204,0.003956217,-0.01531573,-0.01731387,0.002206966,-0.002731322,0.01048122,9.426071e-4,-5.608177e-5,0.002361969,-8.763964e-4,0.00151,-0.006045639,0.005842324,-1.757407e-4,0.003309874,-3.263483e-5,0.008533014,-0.005015091,-9.804071e-4,0.001218921,0.006890193,-0.002250307,-0.008394702,-2.946437e-4,-0.001624849,-0.005470001,0.001805707,4.191317e-4,-0.005009028,-0.002279025,-1.420794e-4,-2.612088e-4,0.002446691,-0.001424089,-0.002845758,-5.260349e-4,-0.001190397,-1.478905e-4,-4.811529e-4,-0.001037133,-0.002445196,-0.00443337,-3.937014e-4,6.501477e-5,0.003708198,-2.220539e-4,-2.453776e-4,-0.004446355,-6.750988e-5,-0.001447179,0.002155719,-0.001630815,7.995808e-4,0.001098682,1.51472e-4,-0.001449935,-0.001872038,0.001591522,-0.001214373,0.001331759,-1.662913e-4,-5.985709e-4,-0.001262959,1.192494e-4,-2.319143e-5,2.044772e-4,-0.001359125,-4.560695e-4,-9.763938e-4,1.287833e-4,0.002302303,-8.564653e-4,-2.16204e-4,-0.002107292,-4.112e-4,-9.329628e-4,2.291245e-4,3.557567e-4,5.222517e-4,-1.523633e-4,3.929783e-4,-8.243446e-4,2.050128e-4,3.189186e-4,2.721786e-4,-3.205078e-4,5.96983e-4,-4.306463e-4,-7.784529e-4,-5.436933e-4,-7.621629e-4,-7.9481e-5,-0.001114247,-5.460512e-4,8.488256e-4,0.00178882,5.476198e-4,-9.53585e-4,0.001395478,-0.001930809,-7.058264e-4,0.001564788,-0.001336317,-2.028512e-4,-7.957588e-4,-6.915156e-4,-0.001402349,-0.002114999,-9.206301e-4,-3.358781e-4,0.002016791,0.001127526,2.516628e-4,0.00191948,8.189479e-4,0.002200635,3.372723e-4,1.982955e-4,-2.312386e-4,0.002176091,2.605583e-4,0.001716736,0.003012203,0.004071941,0.004640036,0.003054897,0.006083008,0.008897788,0.007980139,0.01361943,0.01747527,0.02862605,0.03519343,0.03443275,0.02928905,0.03577992,0.02939304,0.0399005,0.05024594,0.1337729,0.5715191,1.303553,1.383459,0.6010647,0.095001940000000007,0.07314685,0.06626695,0.060024,0.05910612,0.03479982,0.03602676,0.009087949,0.03875739,0.03864783,-0.008030982,0.01460759,-0.03895219,0.009611107,-0.390469,0.2489784,-3.737363
288.289,0.0064985,-0.002446999,0.0110333,-0.0132155,-0.02126462,-0.002844992,0.004160206,-0.0142815,0.001665958,-0.005067695,-0.01106672,-0.002217603,-0.009505059,3.780311e-4,0.008034162,-0.001811718,0.004980185,0.003950232,-0.003660992,9.429837e-4,0.001797584,-0.003700372,-0.005165191,-4.485038e-4,2.840565e-4,0.001947504,0.003644294,-0.003593835,-0.003250655,-3.120804e-4,-0.007252056,0.007498526,-0.00578521,0.005427172,0.008072147,0.002606054,3.767547e-4,-0.002331519,-0.002175904,-1.332241e-4,-0.006917814,-0.003823965,-0.004094902,0.001129178,1.10528e-4,0.003400769,-0.005255603,-0.004717075,-0.001627285,0.009412793,-0.00287272,-0.002630922,0.001814101,-0.005464396,-0.002654817,-0.001734705,-3.382123e-4,7.165727e-4,-2.162192e-5,4.248144e-4,-5.636189e-4,-4.532576e-4,5.093768e-4,-8.528185e-4,-9.057828e-4,3.599503e-4,-1.319287e-4,6.566708e-4,0.001117464,-0.002961471,8.665434e-4,0.001488774,-0.001054425,-0.001214786,-0.00312821,-0.001279655,9.678695e-4,-0.001238139,-0.002263404,7.279922e-4,-0.003083463,0.001674687,-7.591183e-5,-0.001092656,-5.209227e-5,-9.10289e-4,-8.557903e-4,-0.001767181,-0.001850136,-1.657839e-4,-6.002707e-4,-5.313466e-4,0.001312684,-0.001010449,8.700421e-6,-0.001680555,2.848416e-4,-1.36841e-4,-0.001350785,-8.26589e-4,7.055912e-4,-3.062715e-4,-7.621975e-4,-0.001944045,-3.348078e-4,-5.052923e-4,-4.919923e-4,-4.955379e-4,-8.734416e-4,4.61684e-4,-3.362237e-4,-5.889772e-6,-4.04555e-4,3.623328e-4,3.579017e-4,-4.208677e-4,2.327557e-4,-6.254213e-4,7.51346e-4,-2.532343e-4,-0.001477315,-8.021077e-4,-2.415696e-4,0.001299054,1.138011e-4,8.527066e-4,-5.016997e-4,7.719465e-4,-0.001471471,-0.001158386,7.719408e-4,5.60601e-4,-0.001242369,0.002723033,-4.059055e-4,2.942643e-4,-5.07687e-4,9.296536e-4,5.715922e-4,0.001844983,2.55569e-4,4.769131e-4,8.176173e-4,4.260718e-4,6.231759e-4,7.86677e-4,8.075249e-4,0.001995881,0.001473867,3.597089e-4,0.001766019,0.001255605,0.002581325,0.003753948,0.004107711,0.003034171,0.007938851,0.01102172,0.01475135,0.01664117,0.02325772,0.02986506,0.03712608,0.03796801,0.03083018,0.03398386,0.03278526,0.04115373,0.1054417,0.46939380000000003,1.161487,1.434852,0.7991167,0.1745806,0.070727,0.07680418,0.07076286,0.06641751,0.04856991,0.04052936,0.03721271,0.04541621,0.04310542,0.02953254,0.02303563,-0.005448811,0.09579537,-0.1387225,0.3415548,0.4961171,-1.034611
290.545,0.03307092,0.01465986,0.0135461,0.00618569,0.009108632,0.006241332,-0.007763287,0.01539861,-0.007613889,0.01461703,0.00254916,-0.002207038,0.001527646,-6.131707e-4,0.003203533,0.006326162,0.003428692,-0.00223192,2.314469e-4,0.002732598,0.001720396,0.004320895,0.004759687,5.299269e-4,0.004356306,-9.574273e-4,0.002419692,7.34076e-5,0.001519659,0.007546507,0.003701031,0.002233655,0.02626725,0.01669678,-0.001582165,0.008443496,0.003809233,0.01558467,-0.001267299,1.181063e-4,0.01231117,0.010715,0.008827597,0.01091082,0.004906175,0.004813791,0.006501585,0.003971105,-0.001668964,-0.008568042,0.002544286,0.005167789,0.006247248,0.005882523,0.009790776,0.00397667,0.009142992,0.003722158,0.004713262,0.002037126,7.261306e-4,0.004313115,0.005675433,0.002549364,0.008857677,0.004941563,0.00175076,0.002444904,0.002935623,0.001060401,0.003420472,-0.00108894,0.003770973,0.00255644,0.005125664,8.924384e-4,0.001130012,0.002407863,0.002491423,0.003635099,0.003248005,0.001897088,0.002118661,0.003218046,0.001184539,0.0012697540000000001,0.001490311,0.002148437,0.001673063,-8.370524e-4,0.003464391,0.002357006,5.06243e-4,6.354272e-4,0.001949044,6.872822e-4,2.710715e-4,8.929204e-4,0.001518167,0.001683376,0.001929961,0.001462261,0.001166575,0.001191805,-8.078646e-4,5.067155e-4,0.001852414,6.867722e-4,7.26367e-4,0.001313347,2.743388e-4,5.053288e-4,0.00108954,1.968209e-4,8.639773e-4,0.001292136,0.001322139,-1.949686e-4,0.001226022,0.002113562,0.001700532,0.002977791,8.875999e-4,2.356489e-4,1.681984e-4,4.827876e-4,1.374995e-4,0.001628212,7.182591e-4,9.309963e-4,-1.892565e-4,0.002935951,0.002228517,0.001803214,9.350152e-4,3.467101e-4,0.00183214,0.002477642,-9.753448e-4,7.889432e-4,0.003253779,0.002991055,0.001302478,0.001463541,0.001095625,8.059987e-4,0.002441041,0.003923119,0.001381153,0.004233038,0.001922005,0.003772837,0.003793537,0.00541805,0.006141333,0.007529198,0.009969606,0.01464784,0.01845497,0.0194101,0.03125098,0.03270143,0.03798655,0.03336875,0.0348734,0.03365598,0.03950808,0.0730229,0.3691637,1.046632,1.422072,0.9167068,0.2653153,0.07776494,0.06671725,0.06864194,0.07481218,0.07171213,0.06451399,0.07249698,0.07326498,0.04493358,0.06281269,0.06571189,0.07856143,0.1596794,0.1456878,0.1324858,0.4850753,0.6118399,5.784073
292.802,0.02939062,0.0370845,0.02497396,0.03838977,0.009144202,0.007128244,0.004820878,0.02828889,0.04824327,0.02153505,0.02480612,0.008766194,0.01292449,0.01189372,0.001642144,0.003890496,0.004905061,0.01250662,0.00919308,0.009617363,0.008977589,0.005363906,0.006338144,0.004292342,0.005119352,0.009600996,0.005341405,2.869541e-4,0.005668967,0.005559814,0.01142267,0.01401629,0.02335807,0.01479346,0.02191011,0.01405234,0.007936315,0.007197413,0.01492121,0.02408408,0.01064907,0.01315353,0.01392131,0.01501638,0.0121486,0.02064681,0.009349014,0.01079132,0.01490905,-0.001741834,0.007426688,0.008336421,0.004783052,0.008933564,0.01431357,0.01029349,0.01058315,0.01125602,0.004232637,0.007732994,0.00853012,0.0113184,0.01106005,0.01140313,0.01027014,0.01096855,0.009686414,0.008645353,0.001313713,0.002785095,0.004431801,0.007949509,0.008382405,0.005686199,0.002876622,0.005353534,0.005957882,0.004623848,0.005336969,0.005138344,0.004981384,0.006510037,0.002758121,0.004505332,0.004781972,0.003991902,0.003594026,0.002398465,0.004715424,0.004327366,0.005055376,0.001387796,0.003139562,0.005980377,0.002772552,0.002045956,0.002227446,8.900713e-4,0.00163655,0.002824042,0.002941719,5.61537e-4,0.003387673,0.001382334,0.002871906,0.00267314,0.00263102,9.963268e-4,0.001472302,0.001142889,8.764331e-4,8.565777e-4,4.35612e-4,0.001013074,5.912879e-4,7.952438e-4,0.001641058,0.001437779,0.00109742,0.002496146,0.002361369,0.002975884,0.002548437,0.002269458,0.002503251,0.002241264,5.203484e-4,0.00298217,0.002519772,0.003502862,0.003952671,0.003348133,0.002792731,0.002926949,0.003145548,0.002267154,0.003762448,0.002472433,0.003766496,0.003338594,0.002557629,0.002405447,0.002189091,0.003039451,0.004596572,0.003712441,0.002148291,0.001873139,0.004552261,0.004652016,0.005620233,0.004336982,0.00537,0.006672936,0.009006197,0.01171266,0.01794361,0.02636399,0.0272548,0.02593223,0.03505932,0.03480691,0.03662458,0.03966819,0.03836215,0.03882833,0.05528273,0.2094243,0.9458589,1.504382,1.085476,0.3679635,0.08915277,0.07618825,0.09719275,0.08282286,0.09476696,0.08095727,0.06321462,0.05998275,0.06554778,0.06902288,0.07708889,0.08619236,0.1071232,0.09933275,0.2050118,0.4280391,0.4317073,2.520997,6.474876
295.06,-0.01062531,-0.01238076,-0.001808658,0.01727527,0.006254067,-0.01731886,0.0197668,0.003073539,-0.01206209,-0.008213949,1.010564e-4,-0.004146755,-8.203449e-4,-0.002224577,-0.002579825,0.003783821,0.002130148,0.006700472,-0.002735437,-0.002895122,-8.048562e-4,0.001839652,9.122547e-5,-0.00245941,5.275993e-4,-5.837942e-4,0.001412182,-3.314069e-4,-2.634769e-4,-0.001855464,0.002653322,6.75769e-4,-0.002730937,-0.003316115,0.00413797,0.00136897,-0.006116803,-5.637376e-4,-3.292687e-4,-0.007842542,0.001934148,-3.308299e-4,-0.002191142,0.004914136,-0.00707223,0.003228982,0.002567589,0.007272999,-0.004031106,0.008592995,0.002715729,-0.001748679,-0.002492824,0.003716461,0.005134646,-1.245985e-4,-0.00541369,-0.003139047,-0.003772363,-0.004496622,-1.344856e-4,-0.004401333,-0.001042084,-0.00194016,0.001718921,9.556495e-5,-0.003841439,-4.673556e-5,-0.001724905,-0.00187391,0.00224784,-5.142749e-4,-1.188333e-5,-0.003935461,3.049997e-4,-7.393062e-4,-0.001963111,-4.116222e-4,0.001249354,3.639631e-5,0.001341033,-0.002439112,0.003347474,-8.239519e-4,0.002469801,0.003160339,-4.722261e-4,-0.001381809,-0.00246252,-0.002301452,5.454992e-4,1.919666e-4,5.704717e-5,-0.001575293,0.00143474,6.118514e-4,-1.207465e-4,2.226798e-4,-0.00209365,-0.001051223,7.526129e-4,-2.719125e-4,0.002044901,-0.001028452,2.546674e-4,-6.181707e-4,2.928897e-4,0.001381446,9.152792e-5,0.00117745,3.394182e-5,-6.006254e-4,1.436982e-4,3.439956e-4,5.033747e-4,-5.824625e-4,0.001350654,8.598594e-4,1.760059e-4,-9.327816e-5,-7.122078e-4,4.181835e-4,4.530069e-4,4.265966e-4,1.655441e-4,8.391094e-4,8.508906e-4,1.417988e-4,-1.642332e-4,-7.134107e-4,-0.001673827,6.577925e-4,-6.037271e-4,7.639031e-4,5.494655e-4,9.921332e-4,-8.548631e-6,-5.892362e-6,-0.001368173,4.079868e-4,6.220409e-4,5.074803e-4,3.855527e-4,0.001618363,5.366874e-4,2.925848e-4,7.134179e-4,0.002073541,0.001914521,0.002038668,0.003153939,0.003297638,0.003284763,0.004923364,0.0105301,0.01255328,0.01921866,0.02677872,0.02709939,0.02826088,0.03221777,0.03160545,0.0292148,0.03786708,0.03916335,0.049335,0.1062358,0.588357,1.491204,1.263414,0.4828669,0.09994216,0.06773799,0.07890959,0.09139883,0.08635332,0.08570871,0.06869636,0.07637734,0.06652456,0.05943174,0.07221652,0.03923634,0.05764128,0.07006067,0.07424556,0.1391299,0.1096646,-0.05893746,0.08462232,1.245329
297.319,0.008477168,0.003297799,0.003146977,0.005153086,0.007281464,-0.006213538,0.005125599,0.02908539,-4.965395e-4,0.005709077,0.001713536,0.002006523,-0.002808447,0.001942291,7.773211e-4,6.910336e-4,-3.295635e-4,-0.005842445,-6.706627e-4,-0.00358838,-0.003648968,0.004252781,0.004203987,-0.001788565,0.001927374,0.00362383,4.600829e-4,-0.001707856,0.003983287,9.688551e-5,-0.002088542,3.78239e-4,0.005947192,0.008297331,0.009915778,0.002891826,-0.00558086,-0.008422684,-0.002098515,0.009885804,0.006696119,-0.00104286,0.003386436,0.00908586,2.652241e-5,-0.002536338,0.001444701,0.002174425,0.002908005,-0.00137821,-6.581944e-4,-0.002065792,-2.855224e-4,0.002164285,0.001053133,-0.003478946,4.199792e-4,0.001405914,-0.001133577,3.178193e-4,-0.003331421,0.002019595,-3.202653e-4,0.002658021,-0.003447228,-2.867493e-4,7.973255e-4,0.005876052,-0.002630498,0.004155954,0.002328286,-0.001760312,-0.001454493,0.001964046,5.876032e-4,0.003581688,-0.002680846,-0.001616589,0.002635631,0.001651092,-0.001661801,0.001159039,0.00202571,-3.621244e-4,-2.560514e-4,-6.195702e-4,0.001779055,0.001658868,-8.120393e-4,0.001310068,-0.001884461,7.524537e-4,-2.315943e-4,5.467691e-4,-8.140999e-5,0.001846826,5.331915e-4,-2.187109e-4,8.350182e-4,0.001128184,-1.128553e-4,9.492477e-4,6.945171e-4,2.383951e-4,5.651523e-4,-2.918252e-4,2.132416e-4,2.37581e-4,7.900492e-4,4.7522290000000003e-05,-2.151446e-4,2.822114e-4,-6.792187e-4,-7.477018e-4,9.871164e-4,1.663919e-4,-5.534734e-5,-1.935628e-4,2.611568e-4,-3.389746e-4,-5.608273e-4,-4.904025e-4,5.063259e-4,9.061324e-4,-4.46677e-4,0.001344917,4.146663e-4,9.496512e-4,-1.611508e-4,3.543293e-4,0.001260789,2.272743e-4,7.098003e-4,-0.001252684,0.00112376,-6.316729e-4,-0.001096584,-2.447908e-5,8.751006e-4,0.001671823,0.001294874,7.551595e-4,0.002802866,0.001209349,0.001983754,0.002002555,3.442025e-4,8.505987e-4,0.001696909,0.003548086,0.002610056,0.001935521,0.004490507,0.008028728,0.01275909,0.01712051,0.02314117,0.0353626,0.03125482,0.02830372,0.03568906,0.03461784,0.03286823,0.03681629,0.0454448,0.07758748,0.3777696,1.105212,1.448103,0.654611,0.1408857,0.0679018,0.07410544,0.0867865,0.08437781,0.09372713,0.07728254,0.0866381,0.08196788,0.08582021,0.07500503,0.07467701,0.07514071,0.06193595,0.02368123,0.07980816,0.06233832,0.08351418,0.08124386,0.9659977,-1.101548
299.578,0.01122449,-0.005692903,-0.01499462,-0.006130205,0.003274586,-0.004224063,0.01427133,0.002405634,0.007471502,0.00445759,-9.338093e-4,-0.003953641,-0.009272461,0.007733041,-0.001800883,4.322373e-4,-0.00831394,-0.00552333,0.001294385,0.003712133,-0.001669478,0.002181841,-6.655811e-5,8.975564e-4,0.002781304,-0.001065441,-7.369997e-4,-0.002444095,-8.869713e-4,-0.004530466,-0.004312476,-0.008667811,0.002223958,-0.008609218,0.003782849,-0.008855549,-0.001732893,0.002472099,0.004721302,-0.003525292,-0.009967971,-0.002689896,4.889156e-4,2.65441e-5,0.007045068,-0.003835904,0.007666006,0.005335713,-0.002712575,-0.00774506,0.003331591,0.002482439,0.001529688,0.00168799,0.004545865,-0.001915521,0.003871078,-0.0033618,0.004766693,-0.001006229,0.003682072,8.071208e-4,-0.001583439,0.002693574,-0.002374822,0.005812205,0.004101808,-0.00142831,0.001317892,-5.206669e-4,7.03511e-4,-0.001885045,-0.002029783,-0.002216476,-0.001710474,-0.001094273,0.002645437,0.001818685,7.49292e-4,-9.738866e-4,9.345888e-5,0.002090036,0.001218764,-0.001311416,0.001200756,-0.002403224,0.002141575,8.869984e-4,-0.002559558,-2.186883e-4,-8.04018e-4,0.00142127,-7.451946e-4,7.893336e-5,-0.001083096,0.001111983,-8.501948e-4,7.030947e-5,-6.595091e-5,-0.002018209,2.646355e-4,-6.069102e-4,2.303451e-4,-7.930204e-4,6.848587e-5,-5.381464e-4,-3.713728e-4,-1.193304e-4,-1.248618e-4,-8.35242e-4,1.692715e-5,-2.852002e-5,4.449706e-4,4.32944e-4,-9.97891e-5,4.778015e-4,-6.114889e-4,-2.250407e-4,2.508126e-4,8.816449e-4,-3.418793e-4,-0.001213876,-2.229444e-4,-2.383188e-4,-1.203712e-4,-0.001303609,1.885329e-4,-8.921664e-4,2.992812e-5,-8.71518e-4,-7.580688e-4,-5.132512e-5,-0.001820978,3.006823e-4,8.906748e-4,7.997255e-4,0.001494269,5.474019e-4,3.826754e-4,1.775171e-4,7.037477e-4,6.865867e-4,0.001106479,0.001423278,0.002117898,0.001478284,0.003108386,0.002556479,0.002965817,0.00176029,0.001771296,0.004689791,0.005057223,0.006614612,0.01698473,0.02312178,0.02984516,0.0435077,0.03670032,0.03136224,0.03348528,0.02927734,0.03310474,0.04168801,0.07134205,0.2603556,0.8564379,1.164777,0.8969931,0.1956286,0.06733347,0.06663002,0.07890918,0.09327474,0.09533909,0.1124221,0.0976407,0.09885785,0.09233905,0.09667179,0.09122618,0.08217963,0.07894524,0.06213936,0.06495673,0.02500959,0.07114428,-0.2468227,0.4338434,0.2683543,-2.446962
301.839,-0.01415825,-0.01276454,-0.006299317,-0.00543025,-0.00876078,-0.008574056,0.004033083,-0.02154995,-0.01767705,-0.01502702,-0.01174765,-0.007782086,-0.004383386,-0.00909349,8.181024e-4,-0.005669333,-0.008630294,-0.006928326,-0.002785245,-0.001957366,-0.002344624,-0.002834053,-1.807597e-4,-0.00334346,-0.00111394,-0.003654369,-8.217103e-5,0.001358159,-0.001052763,-0.002651269,0.00138326,-0.01137719,-0.006928533,-0.001469332,-0.003801063,-0.007919114,-3.43946e-4,-0.005327485,-0.001801248,-0.003818246,0.002357623,0.001994488,0.003073433,-5.844357e-4,-7.168042e-4,-0.01234184,-0.002291035,-0.01079582,5.104993e-4,-0.006956186,-0.004537433,-7.353987e-4,-0.001308858,6.704848e-4,-0.00529222,-0.006510274,-6.690365e-4,0.005503741,-1.877607e-4,-8.20683e-4,-0.002393209,-0.002600624,-0.005051396,-0.002864823,-0.001904957,1.897379e-4,-9.983206e-4,-0.001082955,-0.00296233,-0.005942299,-0.003948178,-0.001375285,-0.002684395,-0.001172836,-0.002059686,-0.003748687,-0.004721925,-7.038879e-4,0.001926706,-0.001616507,-7.346612e-4,-9.286266e-4,-9.025882e-4,-0.00256301,-0.002939537,-0.002104546,-0.003221209,-0.001231763,6.261893e-4,-0.002604261,7.216434e-4,-0.002144643,-0.002645575,-0.001578221,5.706833e-4,-0.00127178,7.310618e-5,-2.588736e-4,-4.795977e-4,0.00129718,-0.002246137,0.001238571,-0.001366791,-1.59758e-4,-1.353522e-4,5.173462e-5,-2.007753e-4,-9.287386e-4,-3.679445e-4,-8.563266e-4,-4.910239e-4,7.683407e-4,2.637931e-4,4.351302e-4,-7.516881e-4,-5.302873e-4,-4.950607e-4,-0.001416978,-5.14199e-4,-4.000185e-4,2.208177e-4,8.834028e-4,1.982082e-4,-6.731078e-4,-0.001296697,-2.659465e-4,-2.86919e-4,-8.412161e-4,-0.001056391,0.001174644,5.161416e-4,5.680256e-4,-7.893851e-5,3.933015e-4,-0.001221496,-0.001688234,3.159792e-4,3.404693e-4,-0.001105745,-8.488463e-4,-6.807362e-4,3.336771e-4,8.232388e-4,9.140799e-4,-6.051576e-4,2.52681e-4,0.00105541,0.00149536,0.001936206,0.003655496,0.001430795,0.003452111,0.005591399,0.01201181,0.0233038,0.02615456,0.03744481,0.04453996,0.03639659,0.03015155,0.03263149,0.03167601,0.03528795,0.05247158,0.1826997,0.7234737,1.095597,0.9503046,0.3169217,0.06958399,0.06600568,0.07324794,0.08286771,0.1003485,0.1066053,0.1181735,0.1257722,0.1090259,0.1054189,0.1115687,0.09358904,0.09120725,0.0696544,0.07041514,0.08184408,0.1121941,0.007711703,0.1434573,-0.1841244,-0.8109194,-2.998324
304.1,0.01146768,0.008794092,-0.01687789,-0.00255953,0.003605015,-0.0029623,-0.01890621,-0.004298507,4.059269e-4,-0.002837555,-0.005508065,-0.004440951,5.153786e-4,-0.00663647,-0.006106135,-0.002616858,6.334904e-4,-0.006803199,-0.003892583,0.005458175,0.002896994,9.359425e-5,-3.450049e-4,-3.298507e-4,0.001171737,-0.0016936,-6.797597e-4,-0.00235871,0.001846422,-0.002866218,7.981561e-4,0.004749795,-0.005689913,0.001186013,-0.001899287,0.006611655,-0.002244887,-0.004318677,-0.003486784,-0.001652003,-0.003674408,0.005249682,0.008184834,-0.00391897,0.005994616,-0.003530141,8.225348e-4,0.001381849,-2.88692e-4,-0.009786156,-0.001573103,3.818906e-5,8.792305e-4,-8.375762e-4,0.002021917,0.001252198,6.386981e-4,-0.005216895,-0.008405693,-0.004438901,-2.047032e-4,-6.393503e-4,0.004087914,-0.005277893,-0.002161228,0.00294761,-0.003098191,-1.324808e-4,-0.001779322,5.205075e-4,-0.004360799,-0.003394495,-0.002768056,-0.002854175,-0.002620002,0.002321191,-0.001345938,-0.002207068,-0.002958563,6.098699e-4,-0.003450037,-8.386163e-4,-0.001200571,-0.001112662,-0.004614222,-7.162391e-4,-0.001918952,9.210474e-4,-5.624991e-4,7.146765e-4,6.213521e-4,-0.001242103,-2.451525e-4,-0.002200174,0.002279764,-0.001812979,6.063787e-4,-1.05493e-4,-2.25654e-4,-0.001165578,-1.608412e-4,-6.648907e-4,-2.773167e-4,-0.001306531,4.016132e-4,2.680784e-4,-7.315837e-4,-1.459168e-4,9.291415e-5,-6.422749e-5,-4.493155e-4,5.926476e-4,-8.158027e-6,-1.436131e-4,2.170352e-4,1.813156e-4,-5.141615e-4,-1.621393e-4,-4.074784e-4,-0.001761359,5.085148e-4,3.082135e-4,-3.572573e-4,0.001044876,1.132617e-4,5.994909e-6,1.612708e-4,3.281278e-4,-5.974092e-4,0.001056465,0.001101575,-6.068401e-4,3.337844e-4,5.578468e-4,-2.225447e-4,0.001096072,3.624143e-4,6.12122e-4,7.697837e-4,0.001278694,-0.001164959,0.001168112,0.001974859,0.002532862,4.587565e-4,-8.039482e-5,0.001562633,2.12288e-4,0.002421776,0.001991953,0.002144824,0.006064448,0.009187212,0.01880992,0.03381374,0.03268195,0.0455198,0.04601606,0.03732631,0.03131881,0.0340574,0.03349724,0.04517663,0.1285594,0.5456315,1.221659,1.037864,0.4109003,0.08593328,0.05641643,0.07098952,0.08692149,0.09355101,0.1178439,0.112597,0.1360991,0.1243139,0.1222281,0.122235,0.1163617,0.119575,0.1059359,0.09315599,0.08786849,0.07969735,0.1268653,0.06569883,0.21428730000000001,0.1903494,-0.3441229,2.475551
306.363,-4.709269e-4,0.0158686,0.006574029,-0.003040002,-0.004043005,0.004015061,0.005638166,-0.01051689,-0.004784335,0.01489215,0.0032843770000000002,-0.006589825,-0.001207159,0.001105159,4.155303e-4,-0.003942508,-0.005039605,0.00374761,-6.737041e-4,0.005377567,-8.246896e-4,0.002091086,0.002549175,-0.001353393,0.004317765,6.737033e-4,-8.077013e-4,0.003394516,0.001063902,-0.002211015,0.008787515,0.004227391,0.001639417,0.002759703,0.001384663,0.01967259,0.005378947,-0.002805296,0.004583409,0.006075531,0.0153576,-7.261127e-4,0.01308236,0.006321641,-0.003265931,-0.0101005,0.004886275,-0.0053512,-0.005997686,0.01009958,0.005154024,0.003552682,-0.001716098,9.508246e-4,-0.004432356,-0.004178987,0.00594775,-3.402811e-4,0.004096548,0.001854667,3.108616e-4,-0.003702499,-0.001656724,-2.68571e-4,-2.601857e-5,-0.005052067,-7.085058e-5,6.919586e-4,-0.00319726,-0.002210681,0.001517619,6.906758e-4,2.268019e-4,0.001029969,5.976673e-4,0.002878033,0.005050549,-6.418508e-4,8.477138e-4,2.723733e-4,0.001611405,-4.972175e-4,0.005743519,-0.0019261460000000001,5.645741e-4,0.002216241,0.001023505,9.416407e-4,3.897646e-4,0.001317587,-9.249512e-4,0.001165547,5.138879e-4,0.001764689,1.118325e-4,9.65692e-4,0.002362012,1.283343e-5,-9.851953e-4,-1.962892e-4,0.002333303,9.009113e-4,2.200761e-5,2.653633e-4,1.636962e-4,-5.858911e-4,-1.663838e-4,4.314132e-4,-7.241356e-4,-7.184512e-5,3.85089e-4,1.006961e-4,-3.600502e-5,1.343912e-4,3.497099e-4,-4.018903e-4,2.555725e-4,3.611194e-4,-1.039523e-4,2.436018e-4,7.930267e-4,-0.00107101,1.488122e-5,-7.507171e-5,7.119295e-4,0.001197363,6.528098e-4,-1.881891e-4,4.642433e-4,1.552069e-4,1.558559e-4,2.011784e-4,0.001006155,9.086085e-4,1.475842e-4,8.841964e-4,-5.311142e-4,1.414648e-4,0.001586742,1.268901e-4,3.306862e-4,0.00279749,0.001329892,0.002318292,0.001988515,0.001612354,0.002959384,0.001868303,0.003711442,0.002731899,0.005830839,0.008157007,0.01411037,0.02826661,0.0439352,0.03925083,0.05182524,0.05123719,0.03845023,0.03337375,0.03424248,0.03289676,0.06841243,0.4360568,1.070602,1.14113,0.5277519,0.1131914,0.05806085,0.06486514,0.07086104,0.08633751,0.09751908,0.1143499,0.1107955,0.1374752,0.1379777,0.145937,0.1342361,0.1345226,0.1135814,0.1153694,0.1120632,0.07786314,0.09747372,0.0871195,0.1445147,0.09929395,0.1228962,1.700224,2.665047
308.626,-6.348755e-4,0.003094387,-0.01162126,-0.009451938,-0.008926158,0.001594061,-0.004730846,-0.008897978,-0.01197254,-0.006671969,-0.006927806,-0.009886622,-0.005302083,0.006422018,-0.006010507,-2.298946e-4,-3.072716e-4,-0.004222378,2.563384e-4,-8.21684e-4,-0.002851061,0.004298364,7.655639e-4,-7.924352e-4,0.001621346,-0.003831205,0.001194485,0.003847245,0.002495574,-0.004660069,-2.721966e-4,0.003657221,-0.01270236,-0.004172159,-7.872457e-4,0.004166525,-9.269998e-4,-0.01113939,-0.01452495,4.030318e-4,-0.005743684,-0.002896309,0.004767481,0.005971256,-0.005487811,-4.563416e-4,0.005616925,-0.007743279,-0.006342692,-4.982537e-5,-0.004665417,-0.004762432,-0.00110359,4.372632e-5,-0.003697875,-0.003950325,-0.007175598,-0.005009604,0.004083352,-1.596184e-5,-5.602473e-4,-0.005460874,-0.004390147,-0.003199963,0.001902256,1.633301e-4,-0.001308026,0.001188262,-8.254672e-4,-0.00346782,-0.002348164,8.823897e-4,-0.001766509,-5.357739e-4,0.001053926,-0.002899747,6.504727e-5,-0.00297939,0.001652171,7.167833e-4,-0.001219513,-8.253636e-4,-0.001465873,-7.952423e-4,-0.001965195,-0.001594849,5.338253e-4,-0.001798974,-4.577997e-4,-0.002279635,7.294206e-4,-0.0019213,-6.84547e-4,-0.003178208,-0.001381238,-0.001487688,4.043525e-4,-7.874507e-4,-1.860629e-4,-1.330481e-4,-0.001112683,-9.709385e-4,-5.995832e-4,6.992897e-4,-1.236733e-4,2.484079e-4,3.097022e-4,-1.648051e-5,2.043961e-4,-7.393148e-6,-8.472451e-4,3.197785e-4,9.134258e-5,-5.123871e-4,-1.209719e-4,6.408698e-5,1.468584e-4,3.337686e-4,9.771967e-5,-0.001096841,-2.290251e-4,-2.908154e-4,-0.001541471,-6.115417e-4,-6.006949e-4,1.870875e-4,4.378715e-4,-1.961962e-4,-3.751674e-4,-0.001405434,3.130122e-4,-8.355816e-4,0.002339704,5.742412e-4,7.483805e-4,-8.800394e-4,0.001518541,2.408704e-4,-0.001274827,0.001341072,9.791618e-4,-8.393104e-5,0.002088598,0.001376228,0.001389926,7.097701e-4,0.001299615,0.002482025,0.001899514,0.00258632,0.007527695,0.01002136,0.01843032,0.03439709,0.05137872,0.04186823,0.05102033,0.04875325,0.03748113,0.03195315,0.03370265,0.05503232,0.2534615,1.045522,0.8707943,0.7902244,0.1601421,0.05547922,0.0601259,0.06198522,0.07674461,0.09231002,0.1091109,0.1219665,0.1241719,0.1353804,0.134241,0.1365713,0.1349472,0.1290412,0.1134358,0.09787711,0.09796097,0.09472134,0.1034208,0.02579309,0.1285129,0.1062346,-0.04161911,1.014509,0.04445739
310.89,-0.006076891,-0.008229946,-0.01376489,-0.02826909,-0.02674279,-0.02190649,-0.01072345,-0.02275732,-0.007183778,-1.600578e-4,-0.004501091,-0.004048084,-0.006826935,-0.004706092,4.781063e-4,-0.00247089,-0.001194425,0.002521632,-0.002356409,0.001213782,-0.007042123,-4.720009e-4,5.876464e-4,0.001181472,-0.001844758,-0.001996944,-4.134281e-4,-9.636745e-4,-3.336199e-4,-0.001685033,-0.005025511,9.325907e-4,-0.007022973,-0.01908016,-0.002491935,-0.001943608,0.001565791,-0.001854938,-0.01101268,0.002600396,-0.005289411,-0.01517437,-0.001658692,-0.002965207,-0.007541243,-0.003303712,-0.006099379,-0.006920568,-0.003241745,-0.005386423,-9.535215e-4,-0.00934109,-0.002257522,-0.009577927,0.001479479,-0.006401012,-0.002566461,8.9261e-4,-0.004433376,-0.001433508,-0.003624635,4.429821e-5,-0.004877219,-0.008124018,-0.00850776,-4.380711e-4,-0.00542999,-0.003282543,-4.40249e-4,-0.001930243,0.001624325,-0.004759144,-8.442458e-4,1.232193e-4,-0.00306385,-0.002138992,-0.003398593,-0.001810285,-0.001401905,8.406953e-4,-0.001403572,-0.001442954,0.00140778,9.073834e-4,-0.002363882,-8.129865e-4,-0.002352108,0.002032611,-0.001393507,-3.167206e-5,1.025109e-4,-0.002416089,-0.001958726,4.835686e-4,-0.001765161,-0.001198784,-9.271925e-5,-2.383282e-6,-3.800725e-4,-0.00216987,-5.15848e-4,5.566251e-4,-8.458907e-5,0.001161719,2.418961e-4,-6.605347e-4,5.645937e-4,8.466243e-5,-0.001421738,-1.346448e-4,-7.173159e-4,-4.417738e-4,-9.249031e-4,-3.952379e-4,-9.473996e-4,-6.95099e-4,-4.253952e-4,5.831785e-5,-4.281458e-4,-5.367244e-4,-0.001188199,-0.001669709,-3.838072e-4,7.001009e-5,-7.400238e-4,-0.001010182,-2.537748e-4,-7.036346e-4,-0.001381642,-9.107299e-4,-8.471579e-6,-4.247528e-4,6.086658e-4,-9.169782e-5,-0.001091446,6.916674e-5,-5.882583e-4,8.620763e-4,0.00134835,-4.705493e-4,-8.870399e-4,2.30799e-4,8.934127e-4,0.00133468,8.539226e-4,1.316929e-4,6.874824e-4,4.522087e-4,0.002858087,0.004765352,0.008441953,0.01429762,0.02472772,0.04307931,0.05557734,0.04618265,0.05512457,0.05058816,0.03330574,0.03278224,0.04736968,0.1675267,0.7048791,0.8509397,0.9897196,0.280797,0.05009548,0.04744298,0.0604691,0.07197174,0.08680788,0.1015325,0.1176196,0.1342083,0.1494017,0.1331723,0.1421184,0.1352973,0.1404746,0.1285783,0.1092733,0.1110531,0.09746308,0.1200067,0.08429358,0.06184437,0.1470096,0.01202953,-0.01039646,0.2229389,2.288519
313.155,0.008067996,0.01466936,0.0125372,0.001109494,0.01057818,0.01988056,0.002964283,0.003895778,0.01385874,-0.001378877,0.009468708,-0.001004362,0.009041148,0.004805049,-2.267374e-4,0.004615052,0.002951268,4.323187e-4,0.002182453,0.003012737,-0.001088843,0.00228031,0.00218132,-7.951326e-4,0.004768015,0.002425576,0.002238527,0.001832463,-0.001402872,0.001846384,0.003885507,-0.003402643,0.009188609,0.01664022,0.008577747,-9.478518e-5,0.007822703,0.009942268,0.006548271,-0.005284488,0.01107833,0.007970796,7.460748e-4,0.002433944,0.003746682,0.004282385,0.00886277,0.004082546,0.005882832,0.007382815,0.008549136,0.008018409,0.00379095,0.002638085,0.001742192,0.005412488,0.002633274,0.001551307,0.002046205,0.00456755,-3.281935e-4,0.002652604,0.006065233,0.002104454,0.001762068,0.002585834,-6.737841e-4,0.002963152,0.001124045,0.00115956,7.330714e-4,0.004014391,0.001921641,0.002161828,0.002422199,0.003364708,0.004555528,0.004350311,0.004554447,-5.263404e-4,2.250255e-5,0.001692834,0.005928381,0.001353215,0.001169939,-6.897929e-4,4.622399e-4,0.002935916,0.002436403,3.394922e-4,-1.660517e-4,8.708903e-4,4.667983e-5,0.001765685,0.001202278,0.001720824,0.001207799,8.715942e-4,0.001868284,7.094666e-4,8.318635e-4,9.204023e-4,0.001242053,3.657501e-5,0.001411611,7.903294e-4,-8.527174e-5,2.139893e-4,6.415374e-4,0.001165662,0.00110345,3.375902e-4,7.147637e-4,5.6739e-4,5.19316e-4,4.704489e-4,0.001681988,7.312814e-4,0.001085952,7.875787e-4,5.147226e-5,0.002095416,0.001356984,0.001135776,0.002042706,0.001270497,-1.409298e-4,0.00191696,8.491556e-4,7.495623e-4,6.856929e-4,0.001320877,0.001249165,0.001324569,0.001719755,7.823685e-4,8.787055e-4,0.001377643,7.02572e-4,0.001328136,0.002988867,0.002408862,0.002962075,0.002404121,0.00266399,0.00330322,0.003252965,0.003492591,0.005867276,0.008924822,0.01544117,0.02108581,0.03353504,0.05099194,0.05878057,0.04986245,0.0588987,0.0484137,0.03925295,0.04197113,0.1055168,0.5395872,1.020622,1.215888,0.449209,0.06808026,0.04828511,0.053984,0.06433264,0.07953699,0.09114434,0.1081723,0.115039,0.1262678,0.1455335,0.1581975,0.1540261,0.1508779,0.1476404,0.1326901,0.1340422,0.1242109,0.1253222,0.115702,0.1350024,0.1688671,0.2295179,0.2711438,0.5860508,0.7036631,2.12282
315.421,0.02156092,0.003783817,0.00735531,0.01487606,0.040706730000000003,0.01265919,0.01896092,0.0231229,0.02749842,0.01637953,0.01360358,0.00548961,0.008103366,0.00167337,0.003518166,0.003872317,0.008491653,0.007181698,0.004300854,0.002259366,0.003632045,-5.024857e-4,0.002269326,0.003455258,-3.562275e-4,7.425133e-4,0.003130599,0.002845423,0.005378798,-0.001274579,0.01564486,0.005293213,0.01070101,0.004957534,0.0104152,0.01269493,0.01606165,0.003929895,0.01065205,0.009394046,0.00700685,0.01320492,0.01459533,0.003999699,0.002810509,0.007865317,0.01060842,0.008972268,0.004292644,0.002742328,0.004363038,0.007189016,0.006947726,0.009725441,0.0046012,-0.001066129,0.005956746,0.007257533,0.006871258,-7.265135e-5,0.01036911,0.003343704,0.002595953,0.002469407,0.002986721,0.006557187,0.001026487,0.003281816,0.004985722,0.002565533,0.002263328,0.003189607,7.821507e-4,0.004767816,0.004332673,5.6313e-4,-8.4002739999999e-4,1.867093e-4,8.225065e-4,0.002631924,0.003618914,0.002976745,-0.0032684430000000002,0.003465976,0.001675563,0.002698849,0.002016219,0.002655556,0.003450038,-5.790788e-4,0.00315766,8.340318e-4,0.003705442,0.001166652,0.001441309,-2.344403e-4,0.001436307,9.167204e-4,0.001819105,0.002813962,0.001003136,2.870065e-4,8.600864e-4,0.001601074,0.001544614,6.442123e-4,0.00151154,5.088983e-4,4.228982e-4,-4.813484e-5,6.820012e-4,6.24964e-4,1.887979e-4,8.395087e-4,2.787207e-4,7.134003e-4,0.001354887,0.001314001,5.24811e-4,1.882767e-4,0.001193098,0.001519216,0.001211027,0.001048341,0.002219987,0.001513866,0.001697923,0.001939536,0.002361024,5.459531e-4,0.001405079,0.00178202,0.002409714,0.001147245,0.001522397,0.002448679,0.001566488,5.139237e-4,0.002082086,0.001478658,4.620527e-4,0.001072544,0.002887447,0.001408994,0.002853626,0.003369983,0.002113063,0.004463167,0.006499125,0.01155767,0.01804719,0.0275878,0.03893994,0.05436212,0.06374958,0.05516329,0.0576685,0.04695707,0.04598942,0.07189043,0.3709357,1.094285,0.9216774,0.7315366,0.1281369,0.04513502,0.04315243,0.05749753,0.06916503,0.07946129,0.0986058,0.1054275,0.1299384,0.1461361,0.1537986,0.1580486,0.1596193,0.1670584,0.1451902,0.1412087,0.136807,0.1205091,0.1409162,0.1212191,0.1340422,0.1059657,0.1885115,0.2383949,0.3241648,2.028648,3.823386
317.688,-0.01681733,-0.02798753,-0.0188064,-0.02158684,-0.02951893,-0.02069423,-0.01546752,-0.01734605,-0.01250635,-0.01911138,-0.01848373,-0.01224491,-0.006208752,-0.007192874,-0.002017798,-0.009092545,-0.01199501,-0.008353683,-0.004964699,-0.001670491,-0.0027322,-0.005311158,-0.003030918,-0.004764416,-0.002712898,-0.003105335,-0.001955081,8.708659e-5,-0.00422843,-0.001819276,-0.004444705,-0.005800195,-0.004067851,-0.005802041,-0.0122772,-0.01197398,-0.01362746,-0.01227975,-0.007059584,-0.009835714,-0.01941234,0.002423843,-0.008624846,-0.001955936,-0.01021681,-0.006566624,-0.01004003,-0.006601532,-0.005746283,-0.004286467,-0.002289471,-0.008765727,-0.009636278,-0.001743296,-0.003122187,-0.00558705,-0.004393257,-0.005505593,-0.00494762,-0.005729101,-0.007666352,-0.004836003,-0.007642813,-0.005058161,0.001794269,-0.00872554,-0.002506504,-0.0013803,-0.005327367,1.037294e-4,-0.004752203,-0.005019439,-0.006035209,-0.008030424,-0.001455755,-0.004827056,-0.003074874,-0.007139178,-0.003043397,-0.003569209,-0.004375072,-0.004111941,-0.00164204,-0.001586045,-0.00382538,-9.922054e-4,-0.001780978,-0.00352417,-0.004334253,-0.001756381,-8.853663e-4,-0.004897998,-0.003305537,-0.003220256,-0.00351218,-0.001476312,-0.002342649,-5.026657e-4,-0.002781774,-0.001678194,-0.002094491,-4.061241e-4,-0.001122307,-0.001206723,-0.001217429,-0.001938557,-9.526749e-4,-0.001144456,-4.521204e-4,-0.001172635,-5.986547e-4,-6.435028e-4,-0.001485999,-1.096555e-4,-8.710084e-4,-0.00186673,-0.001689948,-7.576453e-5,-0.001323033,-0.001231813,-0.001902361,-0.001753627,1.275492e-4,-5.215431e-4,-7.121273e-4,-9.199409e-4,-6.377276e-4,-0.00179456,-3.406524e-4,-0.002358067,-6.078059e-5,-6.872664e-4,-0.002162771,-0.001221386,-0.001062872,7.625975e-5,-1.516877e-4,-0.00194609,-0.001444481,-2.084503e-4,7.517845e-4,-1.589812e-4,-6.009165e-4,2.077763e-4,0.001756858,8.34196e-4,0.001794945,0.001804193,0.006654703,0.01365938,0.02079425,0.02842144,0.04156423,0.05368193,0.06317671,0.04949043,0.05177358,0.04527957,0.06094956,0.2174161,0.8810571,0.7973518,0.853809,0.2297042,0.04682816,0.04069117,0.0488938,0.05992095,0.06901546,0.08758332,0.09947085,0.1128703,0.1330642,0.1442793,0.1601699,0.1611202,0.158096,0.153077,0.1376833,0.1314837,0.1253107,0.1002054,0.0971433,0.08988085,0.1172907,0.07137784,0.08064117,-0.01832414,0.1499522,-0.8585118,-4.499052
319.955,1.713153e-4,0.009621926,-0.008665651,-0.001080164,0.01418121,-0.0172237,-0.01602878,0.00446801,-0.005798016,0.004443613,-0.005328047,-0.002647152,0.002146728,-0.009588813,-0.009721268,7.617515e-4,0.00166975,0.002455955,-0.001295386,-7.988585e-4,-0.002313167,-8.046665e-4,-0.00201821,-0.001764685,-0.004189053,-0.001795876,-5.570162e-4,0.003455858,-6.733506e-4,-0.003279838,-0.006704327,0.003718157,0.004451057,-0.01197551,-9.76205e-4,0.005505246,-0.006443314,-0.006133731,-0.005087315,-0.005761191,0.003505201,-0.005528948,-0.008178176,-0.007627329,-0.004558106,-0.005201967,0.002957711,-0.005513486,-9.36287e-4,-0.00211586,-0.003802114,-8.620304e-4,-0.005229673,-0.004591534,-0.001554535,0.001129633,-0.002611704,-0.004523842,-7.803374e-4,-1.6192e-4,-0.006074469,-0.001960149,-7.297716e-4,-0.001318869,-0.001016868,-0.001252103,-1.999893e-4,-0.001618536,0.003709626,-6.700346e-4,0.003141719,-6.881155e-4,-0.002238261,-0.002888153,-0.001684756,-9.997793e-4,-0.003699629,-0.002370699,-0.001640779,0.002933893,-5.671548e-4,-0.0013345,-8.218415e-4,-7.337218e-4,-9.986076e-4,-4.354641e-4,-0.00128321,6.577498e-4,-0.002434072,-0.001986892,0.001211416,-0.001518511,9.798522e-4,8.692386e-4,-8.083413e-4,0.001084016,-0.001008512,1.484008e-4,-0.00149836,-2.491208e-4,-0.001196196,-2.164061e-4,7.588924e-4,2.81278e-4,-0.001409398,-7.309425e-4,-0.001139885,-3.900223e-4,1.87558e-4,-1.944159e-4,-3.273166e-4,-5.969296e-6,-7.425056e-4,-1.882453e-4,-2.578814e-5,-0.001098935,-3.343974e-4,-6.30645e-4,6.296865e-5,-7.992126e-4,-6.028261e-5,1.405651e-4,-9.583675e-4,-9.021672e-5,-0.001036024,-1.181006e-4,1.494778e-4,4.714198e-5,-8.847672e-4,-1.693441e-4,-0.001162042,-4.215538e-4,-6.575465e-5,2.04514e-4,2.222791e-4,7.552665e-4,-1.787645e-4,-2.804389e-4,6.249375e-4,0.001733967,0.001274397,2.964549e-4,-3.946602e-4,0.001951708,9.29386e-4,0.001264506,0.005614335,0.005582881,0.0108224,0.01743715,0.02487053,0.03168459,0.04052739,0.05639233,0.06183822,0.04855479,0.04752416,0.05874166,0.1715546,0.6005695,0.7878327,1.011494,0.3386867,0.05876785,0.04005742,0.04239079,0.05185364,0.06453639,0.08209391,0.09505454,0.1090327,0.1366457,0.1375181,0.1581431,0.1622271,0.1666976,0.1644601,0.157041,0.1572518,0.1413496,0.1289781,0.1213007,0.1167372,0.1256424,0.09983943,0.1203404,0.1719743,0.1982314,0.2585167,-0.3555339,-0.2092785
322.224,-0.01554538,-0.007027499,-0.00678199,0.004278977,-0.002977592,0.005500542,-0.01472732,-0.001309222,0.003453838,-0.009696184,0.002142757,-0.002096882,-0.001704249,-2.154371e-4,4.062049e-4,-0.00470183,9.695932e-4,-0.008774224,-0.006821697,-2.348519e-4,-0.004834154,-9.608137e-4,-4.636275e-4,4.247272e-5,-9.574579e-4,7.403879e-4,-0.003624738,0.001412869,-0.00202797,-0.005404655,-9.667359e-4,-0.002807009,2.789962e-4,0.01047274,0.003918487,-0.002851239,-0.001748037,0.001454435,0.006199575,0.004725508,-0.005368768,-0.01081955,-0.005198438,0.002680084,-0.002935309,0.00189102,-0.00158183,0.003592681,9.925205e-4,-0.005429751,-0.005649198,2.315256e-4,0.002278393,-0.003680016,-6.165078e-4,-0.00112394,-0.003213371,0.001577046,-0.00281173,4.971515e-4,-6.709409e-4,-0.003565803,-0.004831368,0.002586714,0.001568957,0.002201057,-0.001968862,-6.899181e-4,-6.323552e-4,-0.002673809,-0.001782349,-0.003312275,0.001205929,-0.002699996,-5.902213e-4,2.699009e-4,-0.00632777,9.994346e-4,0.001578764,0.002550497,-0.002674586,-0.001358355,0.001176768,9.36099e-5,3.050523e-5,-4.29854e-4,-0.002472448,6.938645e-4,-2.182465e-4,2.138867e-4,-0.001999549,-3.296862e-4,-3.061962e-4,-3.816155e-4,3.881357e-4,9.569975e-4,-3.955332e-4,-0.002007971,2.039283e-4,-1.433159e-4,-4.016146e-4,-1.751592e-5,-9.866661e-4,-0.001379917,0.001010972,8.794891e-4,8.302073e-5,-4.409059e-4,-8.357185e-4,-6.361852e-4,-1.534413e-4,6.196035e-5,-4.788917e-4,5.298061e-5,2.030782e-4,-3.253827e-4,0.001031355,8.206635e-4,6.920298e-4,5.715624e-4,-4.966678e-4,-6.221988e-4,4.442584e-4,-8.35697e-4,-6.887002e-4,1.391144e-4,4.959041e-4,0.001447847,-8.73976e-4,2.623804e-4,0.001034314,7.142965e-4,6.557831e-4,0.002244145,-3.245746e-4,-4.009678e-4,-4.509904e-5,5.773969e-4,0.001457519,2.68639e-4,0.001928689,0.001095995,8.207922e-4,0.002111153,0.003416746,0.002447244,0.007151279,0.01059032,0.01370925,0.02400318,0.02827022,0.03234371,0.04485855,0.05283667,0.06243906,0.04482044,0.05547069,0.139303,0.5638579,0.9585664,1.087669,0.4602084,0.08583758,0.04565429,0.04470549,0.05159378,0.06449667,0.07289342,0.09008828,0.1061309,0.1127856,0.1310452,0.1572303,0.1678299,0.1667158,0.166451,0.1722187,0.1717137,0.1590106,0.1533729,0.1323322,0.146813,0.1428324,0.1230484,0.1155866,0.07795946,0.09732233,0.1855809,-0.1746825,-0.2025392,2.363681
324.493,0.004015478,0.003160864,0.01584224,3.907181e-4,-0.01375175,0.001291516,-0.006077338,-0.02084904,-0.01810995,-0.01094502,-0.002656003,-0.002157947,5.274586e-4,-0.008457167,-0.005711849,0.003437415,0.005262374,-0.002141436,0.001976289,-0.005670605,-0.00194205,-0.004049482,-0.002816742,-1.183696e-4,9.654633e-4,5.728745e-4,-0.00324875,-0.001609123,-0.001349,-9.635361e-4,-4.976992e-4,-0.01078575,-0.004200886,-0.002324092,-0.005113449,-0.005285624,-0.01526391,-0.008848656,-0.01286172,-0.009148227,-0.002540284,-0.0065833590000000004,-0.006145281,-0.004392911,0.004390409,-0.006058673,-0.008364377,0.001512677,-0.01048202,-0.01111165,7.413895e-5,0.003484441,-0.00138246,-0.003721901,-0.00273802,9.993888e-4,-5.806737e-4,0.003472965,0.001678169,-0.002624378,0.005759109,-0.002022126,-0.005165391,0.003433812,-0.001775074,-0.003234812,0.001150869,0.006076122,-0.002739474,-0.004069799,-0.001728626,-0.002069039,0.002578476,0.0010536,-5.041034e-5,0.001332684,0.001394542,-3.367868e-4,-0.001630352,-0.003575741,-0.001936855,-8.30091e-4,8.132024e-4,1.939816e-4,-0.001422515,-0.002556623,6.468752e-4,-7.767199e-4,-3.422358e-4,-0.001226205,-0.002750265,-8.832889e-4,-8.28074e-4,-1.705463e-4,4.241595e-4,-0.002022972,-5.639662e-4,-0.001635735,-0.001019035,-0.001745306,-0.001435524,2.277251e-4,7.553413e-4,-3.704238e-4,-3.643208e-4,-6.095778e-4,6.576504e-4,2.87158e-4,-1.682581e-4,-2.367274e-4,-1.39325e-4,-2.147561e-4,-1.814736e-4,-7.989409e-4,-5.564752e-4,2.913512e-4,-4.454986e-4,3.829715e-4,4.527956e-4,1.855251e-4,-4.633278e-4,9.812027e-4,-5.498729e-4,0.001209884,-0.001180496,-4.078981e-4,6.479026e-4,-3.675294e-4,3.512097e-4,-0.001682531,-0.001614315,-1.874612e-4,0.001064278,7.275184e-5,-0.001821704,3.006197e-4,1.670115e-4,-9.075199e-4,0.001881637,0.001331822,0.001677627,8.909756e-4,-3.950107e-6,0.00134158,0.002407071,0.005360885,0.008399708,0.01265966,0.01829951,0.02540947,0.02880085,0.03441668,0.0443032,0.05475007,0.05746301,0.05168777,0.09950601,0.5587348,1.162041,0.8439269,0.615912,0.1238348,0.04791111,0.04695905,0.04709084,0.05377241,0.0610932,0.08264279,0.09375543,0.1085618,0.1191279,0.1422532,0.1624841,0.1709935,0.1755937,0.176517,0.1743262,0.1662538,0.1495905,0.150832,0.1488273,0.1466796,0.1446762,0.1333233,0.1215164,0.119318,0.1432761,0.05692015,0.4383809,0.5648648,-2.52195
326.764,0.01600511,0.01753617,0.002580457,-0.01537019,0.0131929,0.004097961,0.01763518,0.01241745,0.008780808,0.009714174,-7.341147e-4,-0.003603523,0.001285126,0.001406785,0.001645122,-0.003396665,0.003290347,-0.001355675,9.20571e-4,0.002567827,0.001660406,0.001378934,0.0026994,-0.005384569,0.001711563,0.003843053,0.003920185,0.003080342,0.002624574,0.004842676,0.001766788,-2.387536e-4,0.003641533,0.004705719,-0.001104162,-0.003865147,0.0173723,-0.004075014,0.003335125,0.002626255,0.00164089,0.002671897,0.004119674,0.004585739,0.002994007,0.006011264,-0.001565517,-0.002568027,0.004110529,-0.001902796,0.008446338,-0.002053418,0.003235998,1.633775e-4,1.980073e-4,-0.001680199,0.004197136,0.006522946,0.004771742,0.003243446,0.002824625,0.004502234,0.003221882,8.730343e-4,0.003920611,0.00302522,-0.001828473,-0.001848595,-5.421348e-4,0.004727497,-3.172803e-4,-0.001837928,-0.001310406,0.003962564,0.002694233,0.00254006,9.449715e-4,0.001125038,-6.142019e-4,0.001314979,0.001035759,0.001180153,-0.002400353,-7.164556e-4,0.001555731,0.001736812,-0.002073195,0.00103013,0.001917455,3.341865e-4,3.998878e-4,0.001920287,5.766009e-4,-0.001264273,-6.637993e-4,0.001586321,1.67656e-4,-6.657335e-4,5.832582e-4,0.001360544,9.426996e-4,-5.808144e-4,-1.177099e-4,6.100946e-4,7.774102e-5,-1.596728e-4,-6.908887e-4,5.694007e-4,9.694228e-4,-2.763624e-4,0.001046103,0.001144867,-3.271143e-5,1.68754e-4,4.938469e-4,1.101804e-4,6.416693e-4,7.484514e-4,1.282422e-4,-7.477744e-4,3.217195e-4,5.184293e-4,6.96067e-4,7.199843e-4,1.140591e-4,2.18749e-5,-8.871438e-5,-4.384941e-4,2.246622e-4,0.001927805,0.001293987,7.948052e-4,0.001006588,5.893021e-4,6.409612e-4,0.002518593,0.002370496,0.001042917,0.002054732,0.001344352,0.001273467,0.002492429,0.00263159,0.003990925,0.004868744,0.007261343,0.01214718,0.01670977,0.02357199,0.0276638,0.02987566,0.03263964,0.04881274,0.05252857,0.05686596,0.07088548,0.432553,1.325724,0.7676011,0.6678142,0.1890969,0.04686614,0.04599736,0.04992161,0.05457644,0.06443766,0.07488912,0.08872907,0.1079072,0.1236176,0.1402415,0.1624077,0.1650413,0.1831058,0.1836309,0.1867275,0.1849696,0.1773528,0.1743116,0.1639551,0.1580365,0.1317324,0.1456648,0.1473038,0.148281,0.1894281,0.09645437,0.1160219,0.5506247,0.8068254,1.252928
329.035,-0.004794854,-0.02320275,-0.01881254,-0.02267768,0.007127859,-0.002797993,-0.00350046,-0.003713118,-0.01054697,0.003894937,-0.00739304,-0.002350096,-0.003624182,-0.003318906,-0.004849282,-0.0024149,-0.005260222,-0.005988879,7.956521e-4,-0.00201328,-7.051415e-5,-9.852031e-4,5.793671e-4,-0.002246905,-0.001252107,-0.001488087,0.00230714,-0.004908451,-4.872635e-4,-0.00479693,-0.001858207,-0.002367912,-0.001539997,-0.008644622,-0.00507948,-2.869846e-4,-0.004198594,-0.003619279,0.001913741,0.004489034,-0.005293593,0.003009925,-0.003554193,-0.008502709,-0.003827481,0.001741258,-0.00260975,-0.01067482,0.001983875,0.00143559,-6.224808e-4,-0.005192591,-0.001356955,-8.592678e-4,-9.339429e-4,-0.002302599,-0.001704434,-0.005554557,-0.005323864,-0.003242348,0.003094719,-0.00219645,-0.005236844,0.003062153,-4.080035e-4,-0.0038874,-0.004893198,-0.002276577,-0.001891692,-5.975819e-4,-4.049009e-4,0.001108513,-0.003115685,0.002071177,-8.055419e-4,-0.001436178,-0.001939809,-0.002589332,9.017113e-4,-0.002210312,-0.002142783,-0.00143279,-0.002520104,-0.004010016,-0.002002458,-0.001654935,2.575762e-4,8.451449e-4,-0.001268224,-0.002647724,-0.001354583,-1.90929e-4,-0.001865662,-0.002353622,-0.00178908,7.006867e-4,-3.471955e-4,-9.713762e-4,-0.001650262,-9.558655e-4,-1.867834e-4,0.001248507,-0.001025843,-6.880883e-4,-5.162462e-4,7.780679e-4,1.025431e-4,-3.962841e-4,1.379644e-4,-2.384082e-4,4.64324e-4,-4.621022e-4,-0.001392347,-5.388567e-5,-7.17424e-4,-5.131829e-4,2.676577e-4,2.852696e-4,-1.583404e-5,-2.908735e-5,-6.897829e-4,-7.306754e-4,-8.583052e-4,3.769248e-5,1.421454e-4,-2.9797e-4,5.260066e-4,-3.704977e-4,-4.439463e-4,-5.972208e-4,-2.923121e-6,-0.002299937,5.649309e-4,0.001459977,5.838918e-4,4.734229e-4,0.00164267,7.82919e-4,0.001172764,0.001814062,6.155952e-4,7.351068e-4,0.00331366,0.004996141,0.006389093,0.01073467,0.01341353,0.01805968,0.02384743,0.02626027,0.02755153,0.0355985,0.04699423,0.04996572,0.0708075,0.2309031,1.241123,0.8105259,1.094002,0.2575666,0.05235598,0.04149221,0.04853006,0.05143989,0.05953496,0.06914704,0.08268554,0.09048085,0.1106219,0.1314603,0.1522777,0.1622126,0.1691997,0.1843378,0.1843134,0.1905584,0.182804,0.1723532,0.1809322,0.1489038,0.1581148,0.1447349,0.1337901,0.148022,0.1528964,0.1569147,0.06408593,0.2909711,-0.3425603,-0.5747963,-0.9642956
331.307,-0.00425086,0.02310532,0.01253628,0.01501456,-0.00133025,0.01556115,0.003359727,0.02014371,0.01827905,0.004945256,0.008208849,1.098803e-4,0.004133133,0.009123846,0.012736280000000001,-0.006240914,0.003600035,0.002996922,-5.377799e-4,7.929406e-4,0.001632989,0.005660135,0.001306243,0.002162152,0.00203364,0.002554698,0.001380888,-0.004696387,0.005064101,0.003173514,0.008166589,0.006951522,0.009389663,0.004889566,0.01112435,0.003226949,0.01133732,0.001088355,0.001426185,-0.007315508,-4.001586e-4,-0.006500978,0.008253071,4.211843e-4,0.005222767,0.003799314,0.004771499,0.003171914,0.007245476,0.004814122,-0.001830803,0.005673046,0.005095054,0.004158828,0.004573424,3.515571e-4,0.004438638,0.003875676,0.003449643,9.587056e-4,-4.765131e-4,0.007984193,-6.960069e-4,-0.003347908,0.003734259,0.001063094,2.674313e-5,6.520396e-4,0.002905563,-0.001750222,0.004373354,0.001000631,0.004602204,0.008038474,0.003747313,0.00205676,0.003420745,1.32529e-4,0.002430995,0.00330219,0.002012251,-1.061012e-4,8.861454e-4,7.37434e-4,0.001653101,0.003237634,0.001169377,0.00132807,0.00237512,0.001334198,-1.548621e-4,-6.216721e-4,0.0039074,0.001018887,9.862981e-4,0.001635728,6.986055e-4,0.001645558,-0.001081594,0.00143343,0.001865175,7.205727e-4,0.001039496,0.001484633,-1.701423e-4,-2.723835e-4,1.685024e-4,-1.055507e-4,0.001041784,5.092927e-5,4.920275e-4,4.550708e-4,0.001036451,1.391825e-4,9.748751e-4,4.163448e-4,9.361857e-4,0.00115259,0.001218086,0.001657138,7.236948e-4,0.001267143,2.974167e-4,6.547518e-5,-4.383954e-4,2.585829e-4,8.8024e-4,0.001170258,4.771068e-4,6.620188e-5,0.002137198,0.002272686,-4.634101e-4,0.002030852,7.77229e-4,0.001659625,0.001202359,0.002130364,0.003059199,0.00153661,0.002825899,0.003118654,0.006302837,0.01047033,0.008866955,0.01428799,0.01908135,0.02439616,0.02586817,0.02565873,0.03109651,0.03868033,0.0460537,0.05512206,0.1572576,0.8382457,0.9365364,0.9983356,0.486944,0.06819131,0.04519371,0.04868301,0.05285934,0.05704183,0.06882287,0.0800212,0.09135491,0.09929368,0.1198624,0.141539,0.1575438,0.1681041,0.1804421,0.187354,0.1933434,0.1982257,0.1957154,0.1880064,0.1850864,0.178125,0.166624,0.1700281,0.1718543,0.1628603,0.1615276,0.1263614,0.1798646,0.1061119,0.203231,0.6311899,0.3261683
333.579,0.008199107,-0.007536809,0.006533052,0.008779625,0.01059357,-0.001607253,0.008789126,-0.002187431,-0.001265184,0.00225153,0.001837192,0.005934373,9.024526e-4,0.004701967,0.002633083,-0.005459752,-0.001650914,-0.003757891,0.00677805,0.006646709,0.008031599,0.001717555,5.291623e-4,0.003484184,0.001814065,0.001951635,0.003780236,8.701903e-4,0.00153983,0.005026718,0.006281837,0.001110426,0.003127158,0.01856698,0.004919254,0.01045624,0.003259039,0.00913257,-0.00124801,0.005922803,5.910862e-4,0.010867,0.00175669,0.003521998,0.005341936,0.00666717,-6.623415e-4,-0.001313358,0.004805206,0.004910123,0.0120981,-0.002021007,0.007852111,-0.004163736,0.009823969,0.003749286,0.003902741,0.003217412,0.00262944,-0.001920646,0.002041988,0.003444295,8.492604e-4,-5.92228e-5,0.003358753,0.004933858,0.004719445,3.964115e-4,0.005884009,-6.521145e-4,9.570692e-4,0.004607724,0.007185881,0.002375218,0.003060307,0.002950002,0.001949017,0.002810265,0.002390825,-1.927658e-4,5.415462e-4,0.003386962,0.001649597,4.098646e-4,0.001279547,-1.754664e-4,0.001533014,-2.079783e-4,4.590406e-4,6.858273e-4,0.001935664,0.00267599,-5.867868e-4,0.004090181,0.001728657,0.001605055,4.669721e-4,0.00187906,7.364936e-4,4.854661e-4,8.170648e-4,0.001438655,7.843123e-4,5.901094e-4,0.001100671,4.143016e-4,5.347125e-4,2.183327e-4,9.985603e-4,5.637442e-4,2.487077e-4,4.264548e-4,4.470662e-4,6.988485e-4,1.334996e-4,1.555069e-4,7.713237e-4,9.708403e-4,7.156622e-4,-6.79508e-5,0.001152471,0.002143042,1.444258e-4,-5.725729e-4,0.001648384,4.162931e-4,2.08842e-4,1.576557e-4,7.704038e-4,-7.93275e-4,0.001934871,4.829836e-4,0.001958988,0.001890288,0.001980091,0.001823331,0.00255765,0.001173819,0.003516844,0.00355749,0.003042761,0.00492307,0.009407935,0.01328768,0.01140845,0.01933915,0.02158277,0.02433531,0.02682737,0.02674868,0.0335882,0.03971977,0.04818914,0.08818097,0.6768754,1.137211,0.8210665,0.8301979,0.1361459,0.04382818,0.04616146,0.05151889,0.05710064,0.06857214,0.07486082,0.08688922,0.09352638,0.1165047,0.1297686,0.1574948,0.1683138,0.1795433,0.1904051,0.2008732,0.1965754,0.1907193,0.1963317,0.1872277,0.1795804,0.1729075,0.162559,0.1830686,0.1495969,0.1671864,0.1561289,0.1965952,0.225623,0.2647871,0.7232832,0.625585,1.406793
335.853,0.003782296,-0.01564913,0.01866604,-1.689799e-4,0.002805877,-0.008774536,0.02016699,-0.005291025,0.01262025,-0.01384823,0.002908536,7.241867e-4,0.003181394,0.003625141,0.004344571,-0.001100779,-0.002187274,-2.772633e-4,0.001042256,-0.004367964,-4.401816e-4,-7.130163e-4,0.002068702,-4.175771e-4,-0.002609544,0.002644031,0.003838185,0.001214883,-0.002325044,-3.231412e-4,0.004803536,-6.122551e-4,0.008184096,0.007433345,6.926568e-5,0.002649306,0.003013393,0.003121133,-0.003484412,0.006323318,0.005057476,-0.002236378,0.002843716,0.005222694,-0.001551917,0.004952309,-0.005210125,0.003062905,-0.003625478,0.001751814,4.157093e-4,-2.151927e-4,0.004286278,0.003023385,0.004191299,-2.84004e-4,-0.002463401,3.951072e-4,0.002784307,0.004675625,0.001079124,0.001886104,-6.595254e-4,1.559544e-4,0.004922146,0.001611853,0.002697526,0.001714012,0.001766948,0.004006077,7.669768e-4,8.806053e-4,0.001215314,0.001031721,-1.708096e-4,-7.924178e-4,5.76531e-4,0.001185439,6.741629e-4,-0.002012353,5.283056e-4,0.002486304,0.001651859,4.4234e-4,0.004312798,0.002440126,9.16388e-4,0.001755278,1.110355e-4,0.001955317,0.00152105,4.884347e-4,9.966037e-4,9.905464e-4,0.00145419,0.00169767,0.001513447,6.26034e-4,8.314965e-4,-9.673727e-5,-3.469308e-4,5.136831e-5,0.001240956,9.646117e-4,2.12587e-4,-5.762186e-4,5.07148e-4,5.61489e-4,-4.341109e-4,4.872451e-4,2.458667e-5,3.546105e-4,-1.630723e-4,6.429898e-4,-2.002316e-4,5.560639e-4,-3.680382e-4,-4.979701e-4,0.00126883,6.458229e-4,0.001030124,3.729422e-4,-2.53925e-4,9.335996e-4,-2.364362e-5,3.35941e-4,1.188267e-6,-3.09068e-5,5.04828e-4,0.001046376,7.854364e-4,-4.145121e-4,5.925569e-4,2.869605e-4,1.587418e-4,0.00125018,0.001990651,6.679805e-4,0.001098384,0.002400352,0.003434935,0.003554721,0.0126183,0.01737481,0.01501446,0.02347014,0.0209972,0.02501657,0.03028862,0.02722192,0.03009335,0.04464813,0.06810846,0.3693635,1.361511,0.7685977,1.080888,0.2375116,0.05086674,0.04269128,0.04878299,0.05877186,0.07001556,0.07310099,0.08334315,0.09051217,0.1011412,0.1192081,0.1387728,0.155742,0.1745705,0.1802244,0.1908421,0.1980676,0.2043535,0.1944875,0.1952812,0.1884687,0.1799057,0.1776678,0.1818771,0.1754838,0.1646275,0.1837337,0.1719383,0.2158358,0.2071465,0.2981703,0.4622922,1.569822,2.287076
338.128,-0.002185883,0.0089668,0.003517813,-0.0110154,-0.009892526,0.01511031,-0.00413455,0.002968888,-0.003558203,0.002726149,0.00605301,0.003036981,0.002932896,0.007001691,-0.005009863,-0.008869907,-8.340397e-5,0.002123674,-0.003133574,5.761297e-4,0.00134475,-3.862105e-4,8.567661e-4,0.003232039,0.003489252,4.365567e-4,0.003327741,0.004236345,-0.002551494,0.006937385,-4.543794e-4,0.003876903,0.001094393,-0.00944805,-0.007182611,0.002733628,0.003694004,0.003246198,0.006576367,-0.006233064,0.002907671,-0.001919306,-0.001449159,0.005065268,-0.004045378,-0.007219213,-0.003058743,0.002863485,-9.488559e-4,7.542919e-4,0.003427752,-0.001584081,-4.198807e-4,0.001870525,-0.001424142,-0.001338292,-0.003133369,-0.004984553,-0.003600661,0.003179486,-4.358686e-4,0.003641233,0.003013327,-0.002832211,-9.39561e-4,9.893515e-4,6.026609e-4,6.993503e-4,-0.00439645,-0.001141902,-5.512702e-4,-0.001741137,0.004910206,5.200989e-4,0.001283167,7.9546e-4,0.001240598,6.782217e-4,4.055508e-4,-0.001531981,-5.52738e-4,0.001887848,-4.27908e-4,0.001171346,-2.896991e-4,0.001693765,8.786921e-4,-8.0143809999999e-4,5.698813e-5,-0.001177679,0.00108978,6.363997e-4,0.001390954,1.564737e-4,4.964456e-4,5.786379e-4,0.001765675,0.001302884,4.791379e-4,0.001097535,-0.001255791,-7.530561e-4,5.743167e-4,-2.865687e-4,3.313485e-4,-4.341565e-5,-9.877606e-5,6.910736e-5,1.323284e-4,1.075603e-4,3.47872e-4,5.650969e-4,-1.958534e-4,4.355308e-4,-7.165238e-4,-2.479603e-4,5.76334e-4,1.751375e-4,-4.847933e-6,4.988882e-5,-2.173696e-5,2.868598e-4,-1.187762e-4,9.329862e-5,4.766665e-4,9.648669e-5,-2.859858e-4,4.058565e-4,0.001005077,0.001994904,7.590568e-4,4.545427e-4,0.001564146,8.357538e-4,8.260915e-4,0.001115886,0.001472902,0.001587749,-2.610376e-4,0.003564974,0.003402138,0.004091507,0.01580187,0.02272213,0.01883511,0.01950016,0.02317088,0.02547064,0.02676497,0.02966194,0.03283052,0.06066936,0.215996,1.196292,0.8114011,1.253855,0.3615152,0.06618395,0.04896992,0.04798362,0.05529061,0.06499193,0.07430393,0.08086141,0.09221493,0.1101094,0.1145063,0.133964,0.1469783,0.1641106,0.1793058,0.1922254,0.1951993,0.2038031,0.203816,0.1989223,0.1985387,0.1952832,0.1940446,0.1878302,0.1870878,0.1865877,0.1682108,0.1958348,0.1961287,0.216446,0.1934764,0.2376382,0.4180084,1.078201,3.4459
340.403,0.01798595,-0.009836456,0.005023621,0.002678136,-0.008004312,-9.904344e-4,0.001577861,0.01896733,0.01387488,0.004707032,0.00464452,0.006409348,0.00855585,0.006006822,-8.788677e-4,0.005429654,0.004948394,0.006828237,0.005596609,0.007357104,0.002131389,9.242982e-4,6.563006e-4,-1.268081e-4,-1.967969e-4,0.003693559,-3.875547e-5,0.004451116,0.001284511,1.028634e-4,0.005000657,0.001142901,0.005237332,2.016184e-4,0.01609982,0.007020012,0.008538416,0.003997761,-0.001050064,0.004114091,0.005298951,0.009918359,0.00201969,-0.00105023,0.003306493,0.0115785,0.006961626,0.002443717,0.005376422,0.005478243,0.008081059,0.001270616,0.007605303,0.004009608,0.004500495,-0.001432657,0.005539284,0.004652152,-3.773702e-4,0.004744695,0.008234555,-0.002302235,-2.192832e-4,0.002710973,1.17514e-4,0.001477809,0.002633666,1.204512e-5,0.002315193,0.002509693,-0.001658127,0.002829149,5.489556e-5,0.003108902,0.001898237,-0.001274748,0.001976863,0.002432091,-3.933493e-4,0.001588912,-6.032431e-4,-0.001253747,0.002476823,-3.028612e-4,2.64517e-4,8.914649e-4,0.002397397,2.731564e-4,-1.765115e-5,8.849728e-4,0.001611987,-7.167737e-4,8.104632e-5,4.059757e-4,7.222361e-4,0.00161088,3.090863e-4,-7.505933e-4,3.439218e-4,0.002215209,0.001750745,6.013431e-4,0.001071675,-1.619087e-4,0.001240224,0.001252772,0.001007498,9.809342e-4,1.631202e-4,8.065646e-4,3.862546e-4,-2.851316e-5,5.857639e-4,4.459732e-4,2.154998e-4,1.00683e-4,-7.649444e-5,3.973184e-4,4.531945e-4,0.001348346,-1.474657e-4,2.014467e-4,0.001199103,-6.444352e-5,3.816066e-4,9.249101e-4,9.973388e-4,5.657261e-5,7.708462e-4,1.845153e-4,0.00116881,2.046417e-4,7.119137e-4,0.001161821,0.001993997,0.002631447,0.002282702,0.001534704,0.002274086,0.003573104,0.003595223,0.007983102,0.02169012,0.0281947,0.02197124,0.02491705,0.02541804,0.02590355,0.03048223,0.02868138,0.03883995,0.139248,0.7710403,0.9200197,1.037086,0.5195137,0.09500002,0.05665906,0.0514113,0.05334753,0.06236514,0.07334757,0.08312949,0.09153029,0.1015801,0.1115317,0.12449350000000001,0.1441403,0.1600782,0.1727477,0.1902936,0.1989598,0.2034124,0.2050314,0.2093878,0.19991,0.207482,0.2032788,0.1931409,0.1830637,0.1909362,0.1789425,0.1803013,0.1957584,0.1837442,0.2354014,0.259128,0.3884632,0.3969576,0.6477695,2.500161
342.679,0.004954741,0.01163097,0.01031951,0.008806305,0.004057613,0.02052299,0.01294628,0.0394989,0.01347773,-0.002832088,0.007927893,0.01109009,0.003885475,0.01148522,0.007731772,0.0133522,0.008895526,0.002108728,0.005457109,0.007497875,0.002879133,0.005678804,0.002556731,0.00156001,0.004293879,0.002687026,0.001891062,0.003877787,0.006490261,0.001078596,0.003249885,0.01241274,0.007652829,0.009218524,0.006725476,0.004497957,0.01445313,0.001148659,0.002772338,0.006729214,0.007724414,0.005714677,0.005503131,0.007774963,0.002959735,0.006820962,0.006956674,0.006212463,0.01021857,0.007123866,0.004398294,0.008083914,0.007937317,0.003264019,0.007948863,0.0068502,0.007307296,0.00157792,0.01001747,-4.687348e-4,0.004226918,0.005770226,6.647341e-4,0.005194192,7.373885e-5,0.004836396,0.006488135,0.004103631,0.007458855,-4.353176e-4,0.002046343,0.004199719,0.003648789,5.983482e-4,0.002191026,0.003598231,-2.292245e-4,0.005724366,0.002658699,0.004699755,0.001854811,0.001789573,0.001790266,1.817889e-4,0.001650481,0.001708714,0.001717982,0.002285657,1.165628e-4,0.001743572,0.001293103,0.001480738,7.982483e-4,0.002411936,0.002592686,0.001929165,0.0040282,0.00117877,0.00178087,0.001567624,9.826335e-4,0.001140248,5.39331e-4,0.002460615,0.001524306,0.001636354,0.001280059,8.790655e-4,8.903607e-4,4.52835e-4,7.047777e-4,7.302875e-4,9.128196e-4,8.765934e-4,6.166325e-4,2.186735e-4,0.001427534,0.001101398,0.001661875,0.001106251,5.30877e-4,0.001680108,0.001015632,0.001348252,0.00148544,0.001296271,0.001264605,0.001384787,0.003113481,0.001469995,0.002587108,0.002185863,0.003891603,0.002421125,0.001537333,0.002524196,0.005436163,0.001584682,0.003797897,0.005711652,0.008005674,0.01162445,0.02583561,0.03034501,0.02490251,0.02526197,0.02533864,0.03087099,0.03140027,0.03288915,0.07183949,0.4375463,1.081443,0.8894468,0.9663765,0.1355141,0.06006106,0.05894631,0.06087306,0.06289918,0.07190773,0.08274649,0.09566218,0.1053321,0.1159001,0.1237535,0.1360921,0.1532357,0.169796,0.1801913,0.1910001,0.2030893,0.203156,0.21123720000000001,0.208637,0.2058817,0.2142096,0.2099385,0.1987707,0.196831,0.200171,0.1861074,0.200267,0.198215,0.2330367,0.2848223,0.2554546,0.5587429,0.8137714,1.102704,4.734461
344.956,-0.007909886,-0.005159075,-0.01007522,-0.006636314,-0.01692044,-2.527679e-4,0.01431126,-0.002100353,0.00378137,1.052629e-5,-7.675542e-4,0.003652877,-4.783622e-5,-0.002345012,0.003265304,-7.032338e-4,0.004817591,0.003254144,0.003280542,-0.003031349,-0.003580694,4.997034e-4,-0.002772365,-9.73062e-4,-0.001363714,-9.007851e-4,-0.003689052,0.001919434,-0.003980109,0.003463971,-0.004195038,-0.005358581,0.001759101,0.003515986,0.006923222,-0.008459254,-0.003694443,0.008089603,0.00201953,8.91697e-4,-0.001347326,0.006173691,0.002273248,0.002712042,-0.004372273,-0.001621359,1.159053e-4,0.003771826,-0.002758065,3.967952e-4,0.004479642,1.814406e-4,0.001883443,-0.002708235,-0.003101672,-0.002044607,-0.001641247,0.004067277,-1.58365e-4,-0.00243043,0.002747512,0.001013165,-0.002504532,0.002457589,0.001614962,-2.150057e-4,0.0024524,-0.003497543,-1.29182e-4,-0.004368313,-0.001996132,-0.001882054,-9.199644e-4,-0.002596586,-9.391928e-4,6.049332e-4,-0.002480744,8.920884e-4,6.720566e-4,1.969104e-4,-7.433583e-4,-6.698957e-4,-7.424968e-4,0.002949845,-0.001093922,9.4148e-4,-6.777514e-4,-2.549317e-4,0.002112577,9.94861e-4,0.001008201,-0.002384543,-5.805281e-5,-9.016936e-4,8.002033e-4,8.805969e-4,-3.119279e-4,-3.408105e-4,2.72332e-4,-7.901451e-5,-2.977169e-4,-6.944022e-4,7.492029e-5,5.1605e-4,-0.001507654,-3.140797e-4,-1.790131e-4,-8.191467e-4,-1.530756e-5,-1.174421e-4,-1.06035e-4,-6.933205e-5,5.157644e-4,-6.573711e-4,3.852107e-4,0.001197744,5.060621e-5,7.177333e-4,2.919622e-4,-4.589857e-5,-0.001236567,7.521629e-4,1.687363e-4,9.716871e-4,-8.021523e-4,-5.53953e-4,9.654471e-5,6.701049e-4,-2.265249e-4,0.001083641,7.302451e-4,-6.587271e-4,0.00175263,0.002422673,4.654533e-4,0.002770408,0.00179695,0.001601999,0.003073157,0.005761354,0.00970874,0.01171791,0.02610731,0.02414558,0.02151855,0.02349251,0.02712752,0.02920226,0.03269685,0.04878191,0.2673139,0.9657512,0.8438505,1.230494,0.2564455,0.06345408,0.06116743,0.062172,0.06359155,0.07621187,0.08345023,0.09434997,0.1006445,0.1133028,0.1250157,0.1335474,0.1494764,0.1605528,0.1724199,0.1850209,0.196712,0.205246,0.2071812,0.2017587,0.2064046,0.212043,0.2084828,0.2034278,0.1981941,0.188753,0.1950192,0.1977751,0.19313,0.2107413,0.1677291,0.2417522,0.2282849,0.3380432,0.6863501,0.4776055,2.730048
347.234,-0.008950119,-0.002793868,-0.001666091,-0.01692863,0.008250735,-0.004773189,-0.009887212,-0.02499359,-0.00317243,-0.01490719,-0.002800678,-0.002716428,-0.002795822,-0.004933132,-0.009797491,-0.00945504,0.001273532,3.392365e-4,-0.005041594,1.590572e-5,0.002510468,-0.002178891,-0.004655129,-0.001884093,-0.003104989,-0.003810363,5.573444e-4,-0.001922146,3.929591e-4,-0.00118031,-0.00301147,-0.008405276,0.002515351,0.005691681,-0.01146139,-0.009647485,-9.109868e-4,0.006646623,-0.003954016,-0.004994545,-0.004465735,-0.01189516,0.002765525,-0.006697744,0.00176302,-0.004075445,0.001460394,-0.003340458,-0.001314406,-0.00507751,-0.002507281,-0.006495725,-0.008842888,5.60431e-4,0.002153803,0.002010361,0.002160871,-9.715325e-4,-0.008885252,-8.850321e-4,-0.004065869,-0.006498137,6.409304e-5,-0.002690271,-0.005826045,-0.001308671,-0.006153793,7.24897e-4,-0.004511915,-0.004733171,-4.762464e-4,-3.163781e-4,-0.001203597,-9.182974e-4,-0.002151548,-0.003360088,-1.167377e-4,-0.002527569,-0.003257095,-0.002051687,-0.001216991,-0.001993621,-7.612409e-4,-0.002548221,-6.284565e-4,-0.001889056,4.138356e-4,-0.001626962,5.08147e-4,-0.002508714,-2.718944e-4,-5.636744e-4,-4.305957e-4,-4.718244e-4,-0.001955182,-0.002150037,-4.830036e-4,-0.001879734,5.100771e-5,-0.001888108,-6.355985e-4,-6.134072e-4,-5.493343e-4,-6.226495e-4,-9.580102e-4,5.721826e-4,1.843501e-4,-5.744103e-4,3.377278e-4,-1.681064e-4,4.069492e-4,-2.566983e-4,-5.495319e-4,-3.542876e-4,-0.001391902,-6.186352e-4,-0.001701466,-2.416592e-4,-0.001046747,-3.020692e-4,-2.415376e-4,-1.408346e-4,-2.971972e-4,-6.531903e-4,4.520944e-4,-5.400828e-4,-3.052859e-4,3.68896e-5,2.64689e-4,2.514382e-4,7.499797e-4,2.775697e-4,6.732688e-4,0.001696765,0.001540704,3.598907e-4,0.00121478,0.002192662,0.004835877,0.007485445,0.01311843,0.01488526,0.02317706,0.02269559,0.02225636,0.02521282,0.02847,0.0332716,0.04354647,0.1648101,0.6990091,0.8600331,1.300919,0.4003237,0.08158574,0.06400235,0.06543147,0.06860042,0.07377669,0.08229773,0.09455161,0.1062156,0.1143931,0.1258693,0.1307846,0.1410563,0.1567329,0.1704939,0.1796804,0.1910334,0.2060689,0.2042632,0.2083707,0.2135746,0.2167511,0.2117076,0.2093544,0.2043711,0.2000888,0.1990955,0.1987032,0.1952498,0.1989791,0.1790142,0.2376229,0.2475971,0.2016888,0.2274199,0.1737987,0.3259253,-2.382438
349.513,0.009978178,-7.356194e-5,0.007997061,-0.01660441,8.445472e-4,-0.01372386,0.01431979,-0.006264411,0.002613503,0.01012482,0.005721548,-0.005405463,8.875331e-4,0.00608559,-5.598603e-4,-0.003345355,0.002624796,9.310651e-4,-3.394201e-4,4.706302e-4,2.39347e-4,0.001329139,0.001969364,8.956245e-4,0.001626797,-0.001040156,0.001602779,1.909166e-4,0.003851541,0.002398226,0.007333384,0.001959246,-0.003819292,0.02178267,-0.01019353,0.005264522,0.004577537,0.006139379,0.002930175,-0.003790378,-2.379572e-4,-0.0030874,-0.003088028,0.001916375,0.005931537,0.002659096,0.004029089,4.252773e-4,-0.001056834,-0.002869681,4.96269e-4,-0.003716333,0.004318128,0.002437346,-0.0029464030000000002,-3.297908e-4,0.002072551,0.003726377,0.001038552,0.006162534,0.001106405,-0.002391563,0.003191313,0.004471033,-0.001448475,0.002314614,0.002584599,-0.001004698,6.011543e-4,0.003283138,5.28001e-4,-0.002753263,6.196498e-4,0.00158842,1.739173e-4,0.003226207,0.00171626,0.001389436,-0.00283766,-5.265536e-4,8.818222e-4,0.003859079,0.001320604,-5.200311e-4,0.001383887,6.007358e-5,0.00162248,0.001836903,-1.323572e-4,0.001817439,8.786406e-4,-4.895942e-4,9.884098e-4,4.783628e-4,2.91842e-4,-8.551001e-4,4.139489e-4,3.988046e-4,0.001875589,8.685438e-5,8.870407e-4,0.00111443,0.001953122,0.001125955,6.171256e-4,6.59813e-4,-5.865428e-4,4.134644e-4,2.192534e-4,-3.321205e-4,1.754747e-4,0.001208474,2.936056e-4,-1.230082e-4,5.260662e-4,-2.984723e-5,3.55897e-4,-4.466157e-5,9.270553e-4,7.799435e-4,0.001181423,0.001526478,6.606835e-4,8.345595e-5,8.675207e-4,9.942478e-4,0.001409922,2.819924e-4,5.176981e-4,0.001766011,3.348775e-4,4.493437e-4,8.183005e-4,-1.953881e-4,0.002010035,0.002614186,0.003985126,0.004159979,0.007255848,0.01233322,0.01542789,0.02015238,0.02304812,0.02488856,0.02522623,0.02722502,0.02910067,0.03989943,0.127134,0.5027908,0.9447238,1.125886,0.527054,0.1017705,0.07331421,0.06931679,0.07306466,0.08231397,0.08934023,0.099673,0.1096475,0.1167387,0.1266974,0.1297497,0.1497865,0.164713,0.1684662,0.1821313,0.1942671,0.2068739,0.2127754,0.2199699,0.2221193,0.2222852,0.2223608,0.2189376,0.2212427,0.2186876,0.2152868,0.2172252,0.2189615,0.2116099,0.2233847,0.2348672,0.2716395,0.2805406,0.3098114,0.4588218,0.3204461,1.290169,1.129667
351.793,-0.01500829,0.006588342,-0.01428002,-0.01165992,-0.0100175,-6.784314e-4,-0.005278441,0.01182344,-0.007462679,-0.006275883,0.007852903,0.003073577,-0.01302932,0.003944027,0.001737568,0.001151328,9.647726e-4,0.002732777,-0.003224573,-0.003414808,-0.003241919,0.002523512,0.002058551,-0.001418926,0.002121763,0.001031019,0.001520122,0.002831142,0.002114418,0.003282912,0.007809438,0.00144397,-0.001271441,0.005557762,0.001945866,0.002872691,0.006220779,0.005091682,-0.00120886,-0.002316658,-0.004046641,-5.565477e-4,0.006807437,0.001055816,-0.003225425,-0.006987043,0.004147687,5.045584e-4,-3.18395e-4,0.004731353,2.810264e-4,0.00550822,7.017232e-4,-0.001638093,-5.79244e-4,-0.002734642,-0.004044515,-1.394265e-4,-0.002364857,0.005338841,7.533081e-4,0.002038595,-2.613484e-4,6.707125e-4,0.003347993,0.00104351,0.004350527,-0.003438729,0.002013809,-4.920148e-4,0.001151447,-0.001647497,-5.095068e-4,-0.002896568,-7.603841e-4,-0.002265201,0.001313862,-0.002111367,3.630449e-4,6.981926e-4,-0.001206321,-2.364627e-4,0.001098281,4.481491e-4,-6.252532e-4,0.002737233,3.722604e-4,-9.334454e-4,0.001378731,-0.001180029,-0.0020081640000000002,1.121314e-4,2.315169e-4,-5.197998e-4,0.001390325,-2.779946e-4,7.492563e-4,-5.72299e-4,-3.902122e-5,7.358061e-4,7.434288e-4,4.174068e-4,2.16297e-4,6.535904e-4,-3.313691e-4,2.612559e-4,0.001060841,-2.531232e-4,-2.179399e-4,5.94935e-5,1.153529e-4,1.067489e-4,2.044755e-4,-1.300151e-4,-4.140652e-4,4.011162e-4,-1.799141e-4,2.374676e-4,0.001035638,4.313448e-5,-1.096226e-4,7.054755e-4,9.508002e-5,-7.731195e-4,0.00119597,0.001276166,7.857795e-4,3.423285e-4,-3.109083e-4,-6.1666e-4,4.45192e-4,0.001260982,0.00134126,0.001265548,0.002566224,0.003239856,0.004023622,0.006191567,0.01097386,0.01435302,0.01901656,0.01964606,0.02180815,0.02273182,0.02451029,0.02685268,0.03156554,0.092629,0.3999851,0.9402201,1.06709,0.5587977,0.1401671,0.07177,0.07813982,0.07673041,0.08568459,0.09232016,0.1014299,0.1149869,0.1246834,0.1307429,0.1424679,0.1543645,0.1633232,0.1740054,0.184675,0.1894396,0.2047367,0.2101773,0.2213234,0.2192229,0.2205856,0.2283289,0.224862,0.2245181,0.2206947,0.2238896,0.2248653,0.2150764,0.2149759,0.2224252,0.2381775,0.2448333,0.2590141,0.3125381,0.2524973,0.2591153,0.3205474,1.28024,0.7037345
354.073,0.009384827,0.01001571,0.01918676,0.01319439,0.01135794,0.01248263,0.02525128,0.01915523,0.004005179,0.009943279,0.003784676,0.007964963,0.002056146,0.004894705,0.002061391,0.01450123,0.002121502,0.001016881,0.008375104,0.007094177,0.001611386,0.005036384,0.003661844,2.020519e-4,0.004430208,0.002003357,0.001702505,0.001311171,0.004517281,0.001640654,0.003599408,-9.314062e-4,0.006727269,-0.003071983,0.005016756,0.01274729,0.01250568,0.004255115,0.007807418,0.007702022,-0.00399051,0.005800586,0.001584097,0.002549972,0.004080063,-0.00341033,0.002412963,4.277665e-4,0.005282803,0.00898612,0.008187577,0.005963221,0.008696701,1.312527e-4,0.00306011,-8.649629e-4,0.004189696,0.004235263,0.009450056,-5.053874e-4,0.002684327,0.003887972,-0.001002438,-0.002441495,0.00364461,-5.710994e-4,0.002508808,-3.13136e-4,0.003053749,0.002762826,0.004949786,0.002822382,0.003120241,0.002302769,2.601972e-4,-3.042903e-4,0.001401039,-1.32602e-4,0.002727742,0.001409144,-3.60305e-4,0.002252553,0.002271475,0.00197438,0.001781405,0.003085909,0.00224019,0.002275016,0.001854224,0.003622661,7.030645e-4,8.535178e-4,0.001505829,0.001330309,5.010375e-4,0.001956825,6.107255e-4,3.751103e-4,7.21625e-4,0.001707376,7.598954e-4,0.001450444,4.966705e-4,8.196151e-4,5.924116e-4,8.821555e-4,0.001291638,8.264798e-4,6.871039e-4,7.820368e-4,8.271708e-4,4.768456e-4,5.131974e-4,2.576984e-4,9.532967e-4,5.046911e-4,0.001445331,9.417575e-4,0.001611085,0.001965507,0.002244965,2.448168e-4,0.001288154,0.001294259,5.61531e-4,8.949482e-4,0.001672898,0.00168631,9.140701e-4,0.002322855,0.002466717,0.00151767,0.002029572,0.00167008,0.001490369,0.004029438,0.00751669,0.01005488,0.01453387,0.0184127,0.01857305,0.02075095,0.02467531,0.02333123,0.02445159,0.02971073,0.05788467,0.3092105,0.8246014,1.031105,0.6215915,0.175018,0.0745922,0.07535308,0.0838375,0.086773,0.09528875,0.1048956,0.1157986,0.1254493,0.1418529,0.1465326,0.1625301,0.170271,0.1821515,0.1904718,0.2010364,0.201535,0.2118717,0.2223552,0.2328496,0.229201,0.2379138,0.2358467,0.2345383,0.2349734,0.2342964,0.2324967,0.2392304,0.236932,0.2389754,0.243674,0.2556246,0.2722708,0.273882,0.2901249,0.4755278,0.3154333,0.5924147,1.472655,3.390135
356.355,-0.007533312,-0.01671747,-0.01472478,-0.0152261,-0.008623743,-0.02497695,-0.006948731,-0.02438202,-0.02959644,-0.01347313,0.003651694,-0.001012522,-0.007428648,-0.01230628,-0.01266634,-0.003523386,-0.006177595,-0.005136738,-0.009522476,-0.005902638,-0.00402098,-0.00371974,-0.004777831,4.079454e-4,-0.00150349,-0.003246759,-0.00242818,-0.00355149,-0.002394313,-0.004804028,-0.009715168,-0.00976207,-0.0183934,-0.008401708,-0.02124773,-0.008025664,-0.01134894,-0.007456181,-0.002765195,-0.009669569,-0.009174924,-0.01175705,-0.009434696,-0.008568796,-0.004139991,-0.004752446,-0.003272095,-0.009936492,-0.006355142,-0.00602221,-0.006268774,-0.005637231,-0.01044342,-0.006138207,-0.007803395,-0.003625693,-0.005359263,-0.005725698,-0.00557538,-0.008190934,-0.006832905,-0.003310091,-0.00723451,-0.006088618,-0.006220779,-0.006499113,-0.00417879,-0.006852389,-0.005419276,-0.004052201,-0.003756555,-0.005103679,0.003051624,-0.004339349,-0.001763138,-0.001677189,-0.004528883,-0.001494495,-0.002943064,-0.005544995,-0.001962326,2.4246e-4,-0.003809761,-0.00322678,-0.003061126,-0.004327833,-0.003876219,-0.002727117,-0.002144495,-0.002729204,-0.001562836,-3.180417e-4,-0.001618502,-0.001988553,-0.0029089,-7.17469e-4,-4.20434e-4,-5.574246e-4,-4.168558e-5,-0.003376023,-0.001824941,-0.001470195,-0.001321128,-5.545756e-4,-0.001318645,-1.963681e-4,-0.001096223,-8.975282e-4,-8.896859e-4,-4.996231e-4,-9.659149e-4,-4.113917e-4,-3.054475e-4,-6.178687e-4,-6.658541e-4,-5.017133e-4,-0.001855262,-4.384818e-4,-7.655349e-4,-0.001521483,-6.301059e-5,-6.499348e-4,-0.00238264,-3.834891e-4,5.302782e-5,-8.953775e-4,-0.001969452,-8.284863e-4,-0.00143217,4.96929e-4,-9.279426e-4,5.317738e-4,-2.263628e-4,-2.334525e-4,0.001230009,0.004595955,0.008737635,0.01018117,0.01461992,0.01717273,0.01586119,0.02232384,0.02614127,0.02339907,0.02331383,0.04015499,0.2050389,0.6767068,1.016625,0.7085685,0.2153367,0.07330949,0.07274289,0.08243124,0.09177282,0.09650971,0.1079498,0.1171398,0.1291257,0.1425243,0.1549648,0.1631448,0.1733455,0.1826313,0.1911911,0.1961198,0.2068508,0.2125557,0.2200917,0.2226425,0.2336967,0.2331988,0.2332402,0.2270195,0.2374235,0.2299235,0.2348867,0.2395742,0.2351501,0.2335215,0.2440123,0.240417,0.2727141,0.2398265,0.273482,0.2854768,0.2531148,0.2882672,0.5510083,0.07451891,-2.11591
358.637,0.01432659,0.003537077,0.01217714,0.01186668,0.01570781,0.01769408,0.01566246,0.01768221,0.01413817,0.001572607,0.003295824,0.006483259,0.007176621,0.0119262,0.01289853,0.00497839,0.004364501,2.277544e-4,0.004564164,0.005205935,0.002965064,0.003013475,0.001250528,3.938817e-4,0.003386602,0.001985058,0.003160478,0.001409799,0.003260863,0.001801115,0.003181646,0.008682788,0.0102162,0.005579564,0.02054961,0.01362989,0.010734520000000001,0.002282919,0.004069178,0.009040511,0.004227012,0.004889022,0.00184668,0.01194328,0.01046863,0.0112075,6.311472e-4,4.058103e-4,0.005230755,0.003215653,0.007193796,0.01172601,0.006953072,0.003749559,-5.822033e-4,0.005110001,1.849112e-4,0.008700804,0.003957263,0.006973354,0.006050528,0.001645283,0.008227076,0.005997521,0.001217578,0.007262889,0.00479734,0.006605758,0.001407148,0.00399619,0.002689257,0.005479282,0.003997023,0.001112691,0.005073577,0.002828011,0.001341863,0.001141635,-6.302726e-4,0.004162202,0.004295672,0.005482581,0.002614024,0.001725142,0.003803929,0.001743367,2.702487e-4,0.003633031,8.956705e-4,0.001943513,0.001580181,0.001251541,0.001448749,0.003984845,0.001979938,0.001985099,0.001614853,0.003306023,0.002254478,0.001226509,5.386901e-4,0.001435888,0.001353623,-1.814143e-4,0.001361485,9.424022e-4,7.668966e-4,0.0010439,4.860121e-4,3.221077e-4,7.346885e-4,0.001733463,7.162313e-4,-2.359419e-4,0.00133552,2.147373e-5,0.001361692,8.841291e-4,9.201958e-4,0.002217245,0.00143896,8.37811e-5,0.001361131,0.002187141,6.729736e-4,0.003337296,7.146771e-4,0.001770656,0.002744905,0.002322944,0.00214697,0.003280858,0.003528215,0.003872387,0.006120422,0.01023782,0.01438953,0.01705667,0.0194436,0.02161818,0.02021796,0.02236632,0.02980381,0.02530178,0.03543118,0.1522211,0.5212556,0.9450842,0.7901127,0.2887606,0.07717692,0.0710655,0.08484887,0.09301719,0.1037105,0.1104776,0.1223237,0.1385579,0.1461619,0.1604496,0.1619435,0.1756305,0.194014,0.2040707,0.2076544,0.2165112,0.2193394,0.2246037,0.2304753,0.2397433,0.2410547,0.2422879,0.2422477,0.2412341,0.2485206,0.2513134,0.2504004,0.251848,0.2608462,0.2716866,0.266329,0.2726197,0.2950664,0.2974971,0.3477554,0.4059781,0.4315342,0.505996,0.8010668,1.729589,2.223271
360.92,0.02237044,0.004209663,0.02484322,0.008626998,0.0274138,0.01102328,0.008119882,0.004371605,0.01034694,0.02273517,0.01749644,0.007596618,0.002521894,1.958986e-4,0.00926082,0.002627932,0.00107088,0.003524796,0.005565443,0.001693568,0.00587981,0.004058151,0.002227011,3.34181e-4,0.003359773,0.003633339,0.003529107,0.002488856,0.004177224,0.004918355,0.007465446,9.30601e-4,0.009128737,0.01194223,-0.005496836,0.01700975,0.008613662,0.01339042,0.005786198,0.01507019,0.003686538,0.01316401,0.008878445,0.001195285,0.009132347,0.007093519,0.007086018,0.006090446,0.007077682,0.01092354,0.004769408,0.00583905,-0.001075567,0.01053251,0.006755714,0.005286049,0.002919661,0.008623473,0.00313592,0.004291251,-0.001129103,0.00748003,0.006037993,0.002250548,0.00398628,-0.002085462,0.00317171,0.005479215,-2.15696e-4,0.002050831,0.003320331,0.005196222,0.003340105,-5.774341e-4,0.002982353,0.002445072,0.003865302,0.005444203,0.003427118,0.002502807,0.003120578,3.370448e-4,0.005494488,0.003342848,5.180562e-4,-0.001361144,2.851e-4,0.003417003,8.591095e-4,9.417513e-4,0.004038463,7.225552e-4,0.004531983,0.001120163,6.337554e-4,0.002358388,0.00121147,8.107767e-4,7.125116e-4,0.001797821,0.001897719,-9.941104e-5,0.001502178,0.001639868,6.491503e-4,6.589888e-4,0.001044763,-1.198752e-4,9.924847e-4,3.475998e-4,2.820817e-4,0.001435644,0.001120595,0.001560935,0.001222031,5.934303e-4,8.417144e-4,8.700865e-4,6.24119e-5,0.001149151,5.349183e-4,0.001377342,0.001121015,0.002045245,0.00136311,0.001164758,0.001284636,0.001392465,0.001931736,0.002725604,0.001790204,0.003128621,0.001399258,0.004142597,0.007526703,0.01554742,0.02061998,0.01975538,0.0217752,0.01941945,0.01998538,0.02440685,0.0268565,0.03228701,0.1024178,0.4277519,0.8255496,0.8128848,0.3677713,0.09581377,0.06871202,0.07998435,0.09186006,0.1058276,0.1183836,0.1299116,0.1405559,0.153046,0.1645926,0.1777661,0.1853946,0.1969848,0.2097464,0.2173419,0.226229,0.2328207,0.23445,0.2367591,0.2434339,0.2504923,0.2502346,0.2482689,0.2527313,0.2507437,0.2524437,0.2512632,0.2613318,0.2680442,0.2657545,0.275278,0.2864826,0.2794704,0.3213835,0.3318171,0.346152,0.4363052,0.4770562,0.4319857,0.2588512,1.349154,7.358158
363.203,0.004777208,0.01314208,-0.009604243,0.01425932,-0.006661357,0.007811206,0.006484294,0.003004818,0.006120607,0.002009785,-6.072318e-4,0.006514345,0.01364057,0.002378143,0.007780446,-0.004089075,0.004222773,0.006810606,0.002464757,0.002707741,-7.654679e-4,0.003199187,0.001714346,-0.001678674,0.002916172,0.002287929,0.006236073,0.001637978,0.002673809,0.004966316,0.002360397,0.007998245,0.01434701,0.007650425,0.003418054,0.01001686,0.003076762,-0.004037248,0.002433025,-0.001878737,0.005281511,0.01295826,9.144165e-4,0.005654271,0.001308945,0.006209464,-0.004970441,-0.002721205,0.003978372,-0.001253689,0.005384874,-0.004420299,0.009201295,0.002687586,3.405602e-4,0.005996818,0.00323465,0.001735057,0.002893166,0.002193583,0.002859306,0.005947473,0.001884158,-6.495659e-4,0.006095874,0.003245248,0.003318904,-0.004787108,0.00142073,2.676698e-4,0.003876548,0.003742927,0.002585656,0.002429495,0.004269873,-7.073352e-4,0.001673456,8.659001e-4,0.002703982,1.459591e-4,0.002577249,2.538113e-4,-0.001464518,0.001898911,0.002458526,-4.387148e-4,0.001299867,0.003065786,-4.690035e-4,1.975548e-4,-0.001446805,3.242511e-4,0.001022613,-0.001708683,6.20469e-4,4.402144e-4,0.001836149,9.491616e-4,2.413094e-4,0.002646526,-4.463772e-4,4.095882e-4,2.01263e-4,-0.001083853,2.485886e-4,8.320811e-4,3.79469e-4,0.001380006,7.919075e-4,8.10479e-4,5.960592e-4,-2.152627e-4,1.109188e-4,0.001226016,2.042482e-4,0.001463381,8.734411e-4,0.001074688,0.001385601,0.00107276,0.002592297,9.521675e-4,7.643803e-4,0.001920771,0.001342461,0.002122487,0.001549751,0.001479578,9.408888e-4,0.001593874,0.002098918,0.002575033,0.002295572,0.006137245,0.008688571,0.01855845,0.02389454,0.01817921,0.02019348,0.02163178,0.0200263,0.02293265,0.02999253,0.07167066,0.3258415,0.7634805,0.7777265,0.429624,0.1168061,0.06244975,0.07487276,0.08878637,0.1019291,0.1157829,0.13074,0.1459685,0.1578268,0.1727115,0.1802045,0.1957254,0.2080975,0.2159534,0.2282467,0.2354213,0.2404732,0.2449532,0.2485105,0.2514446,0.256385,0.2588958,0.2605094,0.2606943,0.2578313,0.254354,0.258574,0.2673087,0.2664447,0.2748821,0.279679,0.2900065,0.2891206,0.3255657,0.3431967,0.3541915,0.3609549,0.4074524,0.4371612,0.3939252,0.7115362,1.051536,3.073109
365.488,-0.006344502,0.005356367,4.703588e-4,-0.008997742,-0.01027795,-0.009955893,-0.02020613,-0.0225253,-0.01003485,-0.01881793,2.154448e-4,-0.008364417,-0.009204737,-0.008559702,-0.01268037,-0.009058677,-0.003433395,-0.002531628,-0.003554736,-0.01042741,-0.0094978,-0.003680416,-0.004999537,-0.001847337,-8.802184e-4,-0.001458294,-0.00106138,-0.003681868,-0.001410358,-0.002974493,-0.009517686,-0.01472924,-0.009709183,-0.006330139,-0.001006208,-0.01091186,-0.01026931,-0.01003463,-0.008827068,-0.007024728,-0.01460276,-9.795664e-4,-0.003275101,-0.004156173,-0.01063743,-0.003972303,-0.001539435,-0.006937158,-0.003781889,-0.004400248,-0.006640751,-0.005222258,-1.520846e-4,-0.003782218,-0.004604285,-0.01285615,-0.005054564,-0.007592343,8.705986e-4,0.002119683,-0.002924432,-0.005533497,-0.00205328,0.001984404,-6.716288e-4,-0.005758736,-0.008028925,-0.003772924,-0.004848702,-0.001808443,-0.004907584,-0.006329579,-0.003802396,-0.006453327,-0.003900721,9.133889e-4,-1.935661e-4,-1.192755e-4,-0.001475752,-9.892282e-4,-0.002051487,-0.001831458,-0.002190546,7.313117e-4,1.41496e-4,-0.002172238,-0.001821543,-0.002619147,-8.997665e-4,3.29942e-4,-0.001482917,-8.328459e-4,-5.459297e-4,-0.002251849,-0.002547908,-8.456978e-4,-0.003242607,1.50999e-4,-0.002631077,-0.001421466,-0.001869616,-0.001239561,-0.001683189,-0.001774201,-8.937004e-4,-9.492921e-4,-9.780112e-4,-0.001657834,2.763458e-5,-9.425937e-4,-7.361758e-4,-4.891957e-4,-4.422161e-4,5.191739e-4,-7.030676e-4,3.372702e-4,-8.852462e-4,-1.669547e-5,-8.16406e-4,-0.001347141,-7.574733e-4,-0.001443182,-4.305079e-4,-2.009403e-4,-0.001234515,-2.843147e-4,-1.320091e-4,-8.639118e-4,-5.896591e-4,-0.001559487,-0.001137937,2.900262e-4,0.003139752,0.005531999,0.009538012,0.02380991,0.02266807,0.01688531,0.01806891,0.01748233,0.01909092,0.02146635,0.05019654,0.2396235,0.6448076,0.8329525,0.4603354,0.143806,0.05880814,0.06730213,0.08077531,0.09712156,0.1122303,0.1298044,0.1481573,0.1605624,0.1735757,0.188492,0.1985805,0.2137808,0.2274778,0.2275248,0.2424838,0.2495048,0.2549984,0.2564913,0.257185,0.259494,0.2621938,0.269613,0.2689911,0.2665706,0.2640535,0.2714553,0.2674188,0.2690679,0.2828633,0.2886507,0.2872319,0.2906574,0.3016008,0.3061879,0.3372243,0.3426191,0.3683621,0.3600415,0.437222,0.5384228,0.2090964,-0.07290887,-1.852937
367.774,-0.01740059,0.006945388,-0.03407675,-0.01703831,-0.02042665,-0.02371004,-0.01041397,-0.01846283,-0.03199021,-0.008704184,-0.0113039,-0.008145018,-0.01480312,-0.009784671,-0.004087664,-0.007351155,-0.007496202,-0.004709649,-0.00571127,-0.01048147,-0.00344848,-0.006001069,-0.002551514,-0.001673149,-7.197184e-4,-0.00283901,-0.002474368,-0.002354382,-0.009672503,-0.007023581,-0.002943886,-0.008085579,7.210353e-5,-0.02103878,-0.01972526,-0.01754531,-0.004964537,-0.005882444,-0.005657983,-0.008519458,-0.001686659,-0.01347447,0.001623525,0.001112998,-0.009568873,-0.003595301,-0.008544507,0.001307058,-0.007722303,-0.0113066,-0.007918078,0.002787744,-0.01012963,-0.003000623,-0.01005276,-0.00820405,-0.004070995,-0.004719286,-0.007065133,-0.008871375,-0.004540485,-0.005068631,-0.003822725,-0.007849362,-0.003884089,-0.004370603,-0.008315958,-0.003182121,-0.002351449,-0.008967836,-0.002180683,-0.002861142,-0.004515916,-0.001303981,-0.002888363,4.047868e-4,-0.004470528,-0.003810557,-0.001557414,4.314849e-4,-1.685486e-4,-0.003137835,-0.003465253,-0.002464628,-6.828085e-4,-0.001855026,-0.001930266,-0.002911631,1.266779e-4,-0.001517415,-0.00341177,-0.003116074,-0.002859301,-0.001253961,-8.294109e-4,-8.973346e-4,-0.001699289,-8.741623e-4,-0.001294587,-8.683781e-4,-6.167824e-4,-0.001998746,-0.001140669,-0.001605872,-0.00209409,-9.516599e-4,-0.001365209,-0.001552381,-8.572674e-4,-4.806638e-4,-4.41593e-4,3.382831e-4,-7.038775e-4,-9.748645e-4,-5.27975e-4,-1.439775e-5,-0.00124847,-6.770346e-4,2.795764e-4,2.026824e-4,-4.6283369999999e-4,-8.449247e-4,-0.001405064,-9.894554e-4,-6.437759e-4,-0.001132382,-0.001110907,-3.106375e-4,-8.877512e-4,5.425504e-4,1.450893e-4,0.002190615,0.004120581,0.008085437,0.01357112,0.02745402,0.0214207,0.01699039,0.01852501,0.01778867,0.02091592,0.03265463,0.1696288,0.5723771,0.7929277,0.5551132,0.1677085,0.06291014,0.06336596,0.0787946,0.09539575,0.111857,0.1318238,0.1483846,0.16625499999999999,0.179261,0.1954937,0.2106934,0.2217596,0.2320504,0.2457936,0.253595,0.2646674,0.2705086,0.2748585,0.2734676,0.276474,0.2781248,0.2760665,0.2819389,0.2768102,0.2803689,0.2769422,0.2802988,0.2824634,0.2796864,0.2954215,0.3038334,0.3021269,0.3257741,0.3266703,0.3309902,0.3472588,0.3875266,0.3901828,0.4160303,0.3625358,0.3966694,0.378508,-0.2128172,-1.961024
370.06,0.00622182,0.0067958,0.01151595,0.02061512,0.03456167,0.008142368,0.008522526,0.01978557,0.0217522,0.001136355,0.001498874,0.006597103,0.00618338,0.01343275,0.003823524,9.251223e-4,0.006823512,0.003866668,0.004465567,0.003428013,0.006015854,0.006842742,0.003788008,2.267389e-4,0.001843243,-2.74536e-4,0.001676305,0.005046498,0.005079423,-0.02285562,0.001422436,0.00943123,-0.00894621,0.01046456,0.009508763,0.01031054,0.01111616,0.008063643,0.001931232,0.01945438,0.00486215,0.005530967,0.008208218,0.009313962,0.0035721,0.0061803,0.006314251,0.0117487,0.01560706,0.01132323,0.006258932,0.009603606,0.006061888,0.00773931,0.004687525,0.003416036,0.004997872,0.005741013,0.005733136,8.486841e-4,0.004474217,0.004870149,0.006320323,0.00583239,0.007354862,0.002956002,0.00431741,0.005495584,0.002090891,0.004482358,0.001653705,5.266926e-4,0.004258037,0.005093442,0.006280554,0.003115005,0.005816807,9.377101e-4,-2.95271e-4,6.988163e-4,-1.524777e-4,0.003709995,5.625798e-4,0.003036775,3.965112e-4,0.006799155,-4.418757e-4,0.001743268,5.977448e-5,0.003313092,0.002479182,0.002884561,-0.001301026,1.683239e-4,0.003973127,0.002988356,0.001426046,0.001668646,0.00267861,2.720068e-4,0.001214815,8.793269e-4,0.001434906,0.001330477,0.001898731,0.002593949,8.744618e-4,0.001317281,4.270679e-4,1.689107e-4,7.105465e-4,6.145549e-4,0.001002891,5.498502e-4,5.743774e-4,0.001123176,0.001545636,8.685575e-4,7.314271e-6,0.001677445,1.485931e-4,0.002193114,0.001905968,0.001669095,0.00223436,0.001752723,0.001143775,0.00187465,0.001808655,0.003307104,0.00471009,0.006416241,0.01046947,0.01464,0.01838329,0.02856781,0.02190171,0.01960185,0.02168075,0.02180364,0.02676864,0.1103644,0.4778317,0.8848365,0.5977361,0.2348762,0.06760895,0.06422637,0.07774229,0.09366511,0.1085657,0.1300663,0.1488341,0.1680018,0.1891593,0.2001911,0.2212193,0.235462,0.2471294,0.2554745,0.2715793,0.2761743,0.2850292,0.2898319,0.2955033,0.296423,0.297947,0.3034359,0.301664,0.3013496,0.304927,0.2942221,0.2969447,0.3069112,0.3066401,0.3080674,0.3258387,0.3305218,0.3312317,0.3467196,0.37489,0.3790412,0.4044606,0.4396246,0.4973033,0.5498373,0.5997047,0.7128744,0.6078137,2.240636,4.951048
372.347,0.01738806,-0.001726259,0.001291855,-0.003435252,0.002970737,0.003426255,0.01633752,0.002737236,0.01056993,-0.01105328,0.006081623,-0.00640315,0.009266961,-0.005949675,0.002483122,-0.003157612,-0.002806073,9.087531e-4,-0.005478127,-0.001914799,-0.001483163,5.215758e-4,-1.567977e-4,-0.001371357,-9.348747e-4,-0.001878384,-0.001229494,-3.464579e-5,-5.909437e-4,-0.04494009,-0.004139046,-0.006173343,0.001912925,-0.003394331,-0.005145925,-0.01255349,0.005334371,-0.01010985,0.004307512,0.00956448,-0.006895445,-0.01213249,0.006396618,-0.001173745,-0.002496364,-0.004195694,-0.001654659,-0.005111195,0.003635475,-0.004181629,0.001242383,0.003247042,-0.00130328,-2.446364e-4,-0.004851377,0.003159532,-0.00179263,-0.001094084,-0.003691395,-0.004286701,1.012157e-4,-0.004110485,-0.001335477,2.07998e-5,-0.002476912,-0.001411318,-0.001018303,-0.003481259,-0.002797743,-7.042459e-4,-0.003390835,1.851893e-4,-5.49168e-4,-0.003054709,-0.002811887,-0.003469729,7.755561e-4,-0.001428916,-6.594748e-4,-3.607055e-4,-9.051363e-4,-5.997169e-4,1.2555e-4,-4.765292e-4,8.11488e-4,5.547108e-4,-8.757137e-4,-0.002954622,-5.632072e-4,8.284659e-4,-0.001275529,0.001444754,-5.568401e-4,-0.001272483,3.416388e-4,-0.002008021,-6.154759e-4,-1.016008e-4,-0.001409184,-7.889755e-4,-9.534506e-4,1.86343e-4,-0.001447639,-3.92697e-5,-2.52721e-4,1.829407e-4,-9.937006e-5,2.545575e-4,-4.445337e-4,-3.451789e-5,-5.816513e-5,-3.144742e-4,3.723262e-4,3.514121e-4,-8.493624e-5,-0.00115675,-1.436835e-4,-4.580792e-4,-7.988617e-4,6.435345e-5,6.546978e-4,3.030292e-4,-8.04722e-5,-6.863159e-4,4.107876e-4,3.056256e-4,7.853518e-4,0.0011519,0.001048504,0.002442961,0.00410643,0.007098128,0.01264942,0.01456118,0.01879378,0.02407504,0.02115407,0.01932995,0.02090023,0.02185088,0.06727393,0.3511795,0.8625061,0.8615554,0.2790398,0.08089516,0.06215617,0.07373081,0.08731253,0.1052398,0.1282426,0.1471618,0.1693935,0.1883279,0.2074035,0.2240904,0.2419641,0.259767,0.2690215,0.2805578,0.290533,0.3020326,0.3073669,0.3145791,0.3186988,0.3224088,0.314705,0.3172688,0.3212871,0.3174343,0.3217479,0.3177865,0.3101175,0.3121455,0.316097,0.3213868,0.3313139,0.3440519,0.3480298,0.3650444,0.3823662,0.3987541,0.4234491,0.4669207,0.4719025,0.4833403,0.4308559,0.6437292,0.4578388,1.063186,0.07960963
374.635,0.00927233,0.004073613,0.009305734,0.01471448,-0.01761164,3.773063e-4,0.009308244,0.006869405,0.003308863,0.01726823,0.003442861,0.003629416,0.001185726,0.005609707,0.005191569,-0.005152405,0.006087601,8.895115e-4,0.005529889,-0.001111904,0.004166115,0.004789142,3.600042e-4,1.299657e-5,0.002725579,0.004443931,0.002776601,0.004215064,8.593781e-4,2.070309e-4,-0.003480547,0.004400494,-9.19129e-4,0.004804125,0.003941508,0.003267562,0.01129094,0.004980139,0.008794898,0.005664718,0.004254588,4.458622e-4,-0.004880391,0.007426816,-9.05501e-4,-7.056506e-5,-0.005399968,0.002876979,-0.00205832,-8.415639e-4,-7.721302e-4,0.003420307,0.001362051,0.0029397,0.002107858,0.006546812,-0.001439866,-0.001013326,0.005496341,3.945578e-4,0.007155375,0.002776098,5.953571e-4,-0.001325538,0.005122034,0.005099994,0.004889431,0.001083262,0.005489521,-9.600341e-4,6.255076e-4,0.005226899,0.003269612,-3.601182e-4,0.00163104,0.002091238,-4.846159e-4,0.003784214,0.003163968,-0.002076988,6.480132e-4,1.283594e-4,0.003052752,0.001499324,8.596823e-4,0.002307764,9.0062e-4,-0.001763056,0.001288022,0.001432819,0.001731274,7.70026e-4,5.086271e-4,-0.001717327,8.585907e-5,6.692351e-4,8.355971e-4,-2.579237e-4,8.309503e-4,0.001460399,-1.66878e-5,-3.258904e-4,0.001106611,5.508403e-4,5.171296e-5,4.053745e-4,0.001519626,3.044321e-4,2.59899e-4,6.897887e-4,3.781998e-4,6.555941e-4,6.483466e-4,5.938095e-4,9.489846e-4,5.109168e-4,0.001396266,9.2425e-4,3.652606e-4,0.001076759,2.901938e-4,9.919714e-4,6.345363e-4,4.193034e-4,-6.875733e-4,0.001570255,0.001388725,0.001364744,0.002702992,0.003841325,0.003914349,0.01102849,0.01438306,0.0188781,0.01949455,0.02128656,0.02178616,0.01920292,0.02324435,0.04839794,0.2373743,0.658048,1.013765,0.5209999,0.09759193,0.0629315,0.07176092,0.08678443,0.1039855,0.1244214,0.1473734,0.1703595,0.1947511,0.2149602,0.2357307,0.250905,0.2700287,0.2859357,0.2963034,0.3062735,0.3174067,0.3297843,0.3382511,0.3436978,0.3450801,0.3435501,0.3517576,0.3446426,0.3384371,0.3386108,0.3418984,0.3349685,0.3370317,0.342307,0.337709,0.3444763,0.3626579,0.3718646,0.3740815,0.3994418,0.4235368,0.439586,0.4905654,0.5214524,0.5322339,0.5497928,0.5840866,0.6478375,1.061088,1.539754,-2.983498
376.923,0.01407896,-0.01800153,-0.002903426,-0.008189663,-0.001957927,-0.02632944,0.01580639,-0.01601956,-0.002596392,-0.003703397,-0.007178463,-0.002615398,-0.006733736,9.314868e-4,-0.001225418,-0.0029613,-8.491249e-4,-0.002621272,0.003110548,2.490696e-4,-0.005381763,-0.005057002,6.282906e-4,3.632408e-4,-2.923018e-4,-1.87118e-4,0.001265596,-0.00275193,-4.443121e-4,0.006199558,3.49041e-4,-0.001647518,0.001455304,-0.005673065,0.003296323,-6.896673e-4,-0.006912623,-0.002460036,0.00370565,-5.366728e-4,-0.0071542,-9.504264e-4,-0.003391785,0.006185813,-0.002188553,0.005271799,0.002933242,0.001393627,0.004787114,-0.005341162,-3.985796e-4,0.002840011,0.002409539,0.002305978,1.477358e-4,-0.004424323,-7.438448e-5,-0.001651783,-0.003854116,-8.361235e-4,0.005506808,0.006253088,-0.004823019,0.002290031,-7.627394e-4,-0.001356072,-0.001070936,-8.168435e-4,-7.940955e-4,0.001729241,0.003491475,0.001010946,-0.002046582,-0.002307189,8.775079e-4,-0.001761039,-0.002180163,0.001200243,-0.001284538,0.002595732,0.00107151,0.002471794,8.344799e-4,-4.25451e-4,-2.960198e-4,5.055783e-4,-0.001556211,9.44445e-4,-3.254616e-4,1.122878e-4,0.002103444,0.00178492299999999,-3.505419e-4,9.915127e-4,7.17706e-4,3.53952e-4,-0.001252539,6.077243e-4,-8.244251e-4,-9.647088e-4,5.480507e-4,6.725996e-4,-4.06618e-5,-5.98344e-4,-7.464292e-4,1.94311e-4,-8.199943e-4,-5.611398e-4,-7.378826e-5,-4.775111e-5,2.161368e-4,6.366959e-4,-2.490938e-4,-9.548166e-5,2.652659e-4,5.47453e-4,3.357497e-4,0,9.081461e-4,-9.045616e-4,5.488123e-4,-2.816942e-4,-2.01479e-6,5.907287e-4,0.001121228,5.958898e-4,0.002406871,6.171694e-4,0.002282766,0.004902993,0.005738311,0.01244796,0.01574442,0.01812816,0.01666347,0.01938955,0.02139269,0.01955583,0.0346751,0.1765499,0.5205548,0.7558506,0.7410568,0.1908096,0.05892659,0.0686796,0.08271294,0.1011564,0.1186206,0.1426453,0.1614773,0.1880636,0.211619,0.2359145,0.2578772,0.2751094,0.2886351,0.3036548,0.3220437,0.3319497,0.344415,0.3500368,0.3570357,0.3580413,0.3654222,0.3635817,0.3671464,0.3606271,0.3556192,0.3557238,0.3556466,0.3512823,0.3531127,0.3435919,0.3566034,0.3586382,0.3802907,0.3894996,0.4142283,0.43126,0.43484,0.4580847,0.4933887,0.4943656,0.5750297,0.5615828,0.5718265,0.7689655,0.8248877,0.9179011,2.05203
379.213,-0.002384443,-0.00197159,0.00429655,-0.002595511,-0.007660416,-0.001598114,0.01045461,0.003162615,-0.007764759,0.00490117,0.007247843,-2.08254e-4,-0.004558081,0.0064721860000000004,-0.00364192,-1.803619e-4,-0.001820917,0.006115143,0.002438912,7.668278e-4,1.389157e-4,-0.002113286,-0.001978926,0.002161333,0.0017552,-0.002647069,8.339635e-5,-0.001462928,1.049224e-4,-0.002090881,0.005101836,0.001379585,0.01041776,-5.276237e-4,0.01004783,-0.001649825,0.001058912,-0.005224957,-0.003902508,0.003452418,-0.001214278,-0.003369261,0.002216736,-0.007219545,0.003604137,-0.001414096,0.002909304,-0.003040673,-0.004846445,-0.006900697,0.002331407,0.001213071,-6.957087e-4,4.653755e-4,-7.811844e-4,0.003886734,0.006066903,4.552124e-4,0.003918463,2.645376e-4,0.004212343,-0.003636996,-0.00190781,-0.002507647,6.02307e-4,-0.002928579,7.930955e-4,-0.001276243,-0.001648566,-1.058574e-4,1.17018e-4,-0.003338406,0.001494313,-0.001568325,2.727506e-4,0.001176102,-4.213709e-4,-8.721098e-4,0.001525816,2.512122e-4,6.359206e-4,0.002257863,-1.502073e-4,0.003783782,-3.547772e-4,9.861694e-4,6.735987e-4,5.308e-4,0.003436793,3.718958e-4,2.027912e-4,-6.365019e-4,-2.297006e-4,3.300134e-4,0.00100367,-2.002798e-4,-0.00135741,0.001600547,-4.574426e-4,-6.833905e-4,3.492191e-5,2.445795e-4,4.041808e-4,-2.40168e-4,0.001461992,-6.22765e-5,2.295963e-4,0.001120551,6.270918e-4,-3.608963e-4,3.320279e-4,2.845024e-4,-9.479467e-5,-1.757471e-4,6.761919e-4,-5.866873e-4,-8.816321e-4,-0.001100387,7.857872e-5,6.698965e-4,5.464792e-4,-0.001110868,5.725113e-5,5.49493e-5,2.817157e-4,-1.85528e-4,7.551883e-4,0.002066571,0.003101472,0.007656019,0.01030032,0.0138547,0.01658718,0.01914182,0.01689827,0.02168111,0.02365639,0.0268917,0.1250274,0.4450608,0.7132179,0.536068,0.3429433,0.06832022,0.06384034,0.08064515,0.09635453,0.1124235,0.1355442,0.1579852,0.1840537,0.2104309,0.2353275,0.2613829,0.27717,0.2930806,0.3151111,0.3316179,0.346901,0.3585735,0.3695625,0.3714622,0.3806926,0.3878688,0.3891079,0.3865595,0.3795759,0.3820818,0.3728068,0.3679503,0.3737889,0.3621791,0.3605289,0.3723458,0.3673885,0.379855,0.3942245,0.4072937,0.408092,0.4449191,0.4724281,0.4855391,0.515027,0.5604188,0.6095996,0.6398732,0.6946679,0.7137203,0.731539,0.3952724,5.894937
381.503,-0.01049943,0.004921354,-0.01992127,-0.01071198,-0.01435558,-0.01823587,-0.003342632,-0.01803733,0.009894085,0.002064368,0.006910641,-0.007041082,-5.028694e-4,-0.001002896,-0.002287875,-0.002747234,-0.001860987,-0.001565997,-0.004554626,6.116554e-4,-0.002681928,0.002155432,-0.002473039,-0.001893353,-0.001110275,-5.703104e-4,-3.864563e-4,0.002180834,-5.987166e-5,-0.003278507,-0.003501934,-0.002713724,0.001275624,-0.01618506,0.003260396,-0.002431978,0.001732679,0.001551099,-9.945469e-4,-0.001741314,-9.526692e-4,0.005089362,-0.007320773,-0.001444531,-0.005796414,0.00430631,-0.003120757,-0.004317838,-0.005514084,-0.01113452,6.418466e-4,0.001474113,-0.002117011,0.003239499,0.003925598,0.0010393,-0.002273251,-0.001068289,-0.001291296,-0.001268925,4.599152e-4,-0.002157167,-0.004244045,-0.003217783,-6.363111e-4,-0.001704272,3.041134e-4,-0.00371356,-0.001281908,3.689028e-4,0.001831983,-5.645235e-4,-0.00166963,-0.001335961,9.433055e-4,-6.900825e-4,-0.002090246,-6.633715e-4,-0.003916688,-0.001588891,0.001010552,-7.642523e-4,-0.003419871,0.001374097,-1.681089e-4,-1.693325e-4,0.001874728,-1.634352e-4,3.796642e-4,-0.001283512,-0.002308612,-3.792351e-4,-9.89787e-4,2.409014e-4,-7.696107e-5,-0.001379723,-2.153516e-4,-7.589517e-4,6.431005e-4,-0.001572814,-2.206551e-4,2.212503e-5,-5.553359e-5,-0.00061436940000000005,-6.554658e-4,-3.749867e-4,-1.788463e-4,-1.8591e-4,1.179787e-4,-6.003997e-5,-5.00435e-4,3.545339e-4,5.178727e-4,-3.90004e-4,3.616803e-5,-5.245114e-4,-2.092817e-4,-6.737422e-4,1.202222e-4,-0.001067666,-8.555983e-4,2.651578e-4,2.017603e-4,9.297175e-5,-2.076084e-4,6.403974e-4,0.001916269,0.002226318,0.002328274,0.00883761,0.01208521,0.01307877,0.01703012,0.01639967,0.01748694,0.02208166,0.02941608,0.07898419,0.3657604,0.7034155,0.6167715,0.2439868,0.1115452,0.06241559,0.07661188,0.09074555,0.1137769,0.1318182,0.1543358,0.182145,0.2095983,0.237287,0.264105,0.289039,0.3096041,0.3262228,0.3463376,0.3610131,0.3793958,0.3893133,0.397377,0.4034534,0.4085266,0.4102758,0.4138884,0.4136238,0.4072311,0.4029501,0.4010497,0.4000976,0.3892179,0.393353,0.3891188,0.3900488,0.3880206,0.410371,0.4246674,0.4382581,0.4483847,0.4766168,0.5059772,0.5166449,0.5554232,0.6093917,0.6151395,0.6339215,0.6677477,0.7326034,0.7187059,1.15871,0.4407696
383.794,0.004695354,0.01237715,0.01708004,-0.006170818,0.001883958,-0.009296854,0.002644627,-0.005746714,0.00243323,2.721218e-4,0.003460387,-7.349304e-6,0.003521062,0.004119422,0.004430074,0.005226255,0.005725435,0.008807025,0.004911997,0.003461229,0.003869888,-3.09306e-4,7.896087e-4,3.956417e-4,0.001625983,6.916574e-4,7.961775e-4,0.001253095,9.191902e-5,0.003591006,0.003708695,0.007893547,0.0121131,-0.005515904,0.003967646,0.006735984,-0.001040844,9.885507e-4,0.01237239,5.50707e-4,-2.803985e-4,-0.001564544,0.006052257,0.005454333,0.00521222,0.004057663,0.007452702,0.002182611,0.00226286,-0.001200386,0.005170165,0.001149272,0.006181473,-0.001124896,0.006622139,0.001176442,0.004949834,0.001782046,0.006123857,-0.001342492,0.001681911,-0.001125189,0.005471812,0.001361381,0.0033991,0.001045874,0.001738497,-8.615019e-4,0.002578733,0.003628801,0.001568671,0.001862104,-0.001072429,-0.001599571,5.986107e-4,0.001806203,-1.728229e-4,7.348918e-4,-2.510384e-4,0.00369047,3.841347e-4,1.46384e-4,0.003702025,-9.239321e-4,0.001683223,9.51964e-4,0.001042006,0.001939517,0.001946253,-4.24507e-4,0.002012428,5.736926e-4,0.002036496,0.001426779,-4.298448e-5,-0.001168913,0.002463537,-7.255849e-4,4.341981e-4,0.001885776,-0.001710111,6.470488e-4,2.746206e-4,0.001324887,6.52839e-4,6.988874e-4,-6.213884e-4,3.468808e-4,1.185731e-4,8.176229e-5,3.207159e-4,-1.886287e-4,2.968977e-4,8.15807e-4,3.211198e-4,3.354617e-4,-1.762817e-4,4.024115e-4,1.907094e-4,5.520321e-4,0.001078318,8.192401e-4,8.189563e-4,0.001610458,0.002163075,0.001195827,0.003482595,0.00437296,0.006542683,0.01137105,0.0140452,0.01562722,0.01665152,0.0148839,0.02015835,0.0241611,0.06345617,0.265451,0.6712598,0.6516921,0.3249137,0.08684519,0.06431062,0.07110698,0.08840076,0.1071604,0.1314958,0.1541508,0.1756032,0.2042924,0.2335563,0.2630974,0.285273,0.3163736,0.3350137,0.3542437,0.3746369,0.3875978,0.4055233,0.4119164,0.4225773,0.4312519,0.43583,0.4396801,0.43646,0.4375301,0.4251074,0.4260073,0.4182599,0.4164383,0.4195947,0.4061972,0.4142524,0.4085064,0.414078,0.4264451,0.4519799,0.4629075,0.4768032,0.5036751,0.5333066,0.567395,0.6042285,0.6518007,0.6884897,0.75732409999999994,0.7914465,1.000168,1.191596,1.697487,4.344003
386.086,-0.02883337,-0.01620046,-0.02488123,-0.02118898,-0.01120422,-0.01612308,-0.03063982,-0.01186544,-0.01634642,-0.02166173,-0.001728863,-0.005714991,-0.002917019,-0.01083212,-0.001683345,-0.008012101,-0.006084633,-0.01133308,-0.004313667,-0.007711307,-0.002103575,-0.006958504,-0.0019635,-0.003796463,-0.004899727,-0.001745263,-0.002516893,-0.002296674,-0.005507788,-0.004784598,-0.007970323,-0.008336763,-0.008334161,-0.008445033,-0.005257332,-0.02459548,-0.003341275,-0.01398412,-0.004310628,-0.01098556,-0.009516848,-0.009996652,-0.01271148,-0.005744255,-0.008501066,-0.001056939,-0.01442015,-0.008696656,-0.0038452,-9.255739e-4,-0.01240735,-0.01058523,-0.009524228,-0.00617889,-0.004729322,-0.00710399,-0.004328253,-0.007880614,-0.003400534,-0.009187375,-0.005144372,-2.723322e-4,-0.005357156,-0.008564588,-7.472075e-4,-0.007292336,-0.002446515,-0.004352142,-0.001410067,-0.001073889,1.722054e-4,-0.002853307,-0.002724889,-0.004101097,-0.001001049,-0.002549663,-0.002380697,-0.003505285,-0.003978432,-0.003202292,-0.004753139,-0.003044557,-0.002864927,-0.002388564,-0.004553982,-0.003809376,-0.00214624,-0.004014676,-0.001933427,-0.00249129,-0.001664917,-0.002732921,-8.190179e-4,-0.002027821,-0.001969185,-0.002096719,-0.002972342,-0.00177312,-0.002885023,-0.003364855,-0.002294865,-8.991204e-4,-6.952415e-4,2.084385e-4,-0.002279532,-9.289546e-4,-0.00106266,-0.001605036,-1.058748e-4,-8.299782e-4,-6.696379e-5,-8.625225e-4,-0.001314634,-1.646112e-4,-4.457898e-4,-5.353694e-4,-6.691296e-4,7.14069e-5,-0.001934053,-0.001341713,5.213642e-4,-0.001066094,-7.740424e-4,-0.00131193,3.376987e-4,3.624657e-4,0.002530186,0.005407471,0.007841167,0.01048685,0.01345392,0.01432816,0.01592073,0.01623785,0.01614365,0.03634658,0.2468932,0.5635446,0.7313007,0.3915133,0.1199684,0.05632731,0.06907349,0.08394422,0.1002002,0.122092,0.1464611,0.1716194,0.1985791,0.2264489,0.2579675,0.285822,0.3174643,0.3391671,0.364591,0.3825223,0.3975617,0.4154607,0.4310825,0.4434455,0.4550562,0.4582448,0.4650441,0.4651136,0.466561,0.4606675,0.4539757,0.4499777,0.4489575,0.4428278,0.4329875,0.435692,0.4327445,0.4318392,0.4329671,0.4427974,0.4637424,0.4783209,0.5054064,0.5348301,0.5547969,0.5854948,0.6382809,0.6426641,0.6848113,0.7037176,0.7210891,0.6641092,1.304078,-0.505273,-5.298058
388.379,0.006185018,0.008478373,0.009901289,0.01053369,0.02572993,0.007322598,0.003114908,0.004678532,0.007745686,-0.002776257,0.01266618,0.007372375,7.846238e-4,0.001089781,0.003426556,0.002060632,0.004057858,-0.002635272,0.001725655,0.004296547,9.939839e-5,3.955665e-4,-1.746115e-4,0.003117403,0.004580975,0.003173573,0.001165324,0.005519461,8.12124e-4,0.003106317,-0.002447938,0.002937278,0.01562727,0.007541614,0.01222083,0.00575637,0.005046416,0.00657664,-0.001736602,0.008018429,0.001112604,0.002996482,0.004152514,0.005916573,0.005794299,0.005483328,4.080284e-4,0.006705905,0.008130137,-0.001736501,0.006345338,0.00144425,-5.082607e-4,0.002025789,0.008799821,0.006005235,0.005913083,0.004013583,0.005525243,0.001150184,0.00593347,0.006707609,0.005220948,-4.522511e-4,0.00105471,0.003617669,0.003901712,0.004197241,0.004912321,8.030654e-4,0.001079438,0.002094424,0.001946178,1.472289e-4,0.001992584,0.0018082,4.788406e-4,0.001655237,8.995896e-6,1.599189e-4,-0.001885924,-5.965004e-5,0.002859728,0.001397838,0.001153059,4.764101e-4,6.479177e-4,0.001877674,7.208823e-4,9.855432e-4,0.001877275,-2.067898e-4,9.176862e-4,0.001027398,0.001494228,0.001283339,0.001231958,-2.59147e-4,0.001686993,8.479118e-4,2.457266e-4,6.844359e-5,0.001463279,6.40638e-4,0.001321653,0.00107723,-7.855382e-5,0.001498048,0.001015167,6.090252e-4,0.001065036,3.63024e-4,6.161955e-4,2.162347e-4,4.270905e-4,8.152934e-4,5.847897e-5,9.397952e-4,9.65132e-4,0.001906987,0.00148255,2.909131e-4,9.449539e-4,0.001114439,0.002385165,0.004070719,0.005000078,0.00892967,0.01062376,0.01452015,0.01739573,0.01719319,0.01996885,0.01950673,0.02705175,0.1361317,0.634139,0.7201397,0.5040121,0.1539424,0.05974747,0.06351862,0.07942327,0.09734914,0.1193698,0.1411468,0.1653099,0.1933174,0.2194894,0.2511025,0.2776721,0.3115202,0.3376652,0.3621515,0.386814,0.4049032,0.425298,0.4423278,0.4531483,0.4691427,0.4717512,0.4800405,0.4894589,0.4867611,0.4826361,0.4798473,0.4735968,0.4646923,0.469407,0.458848,0.4522733,0.4527803,0.4501173,0.4518989,0.4616412,0.46702,0.4963497,0.5062592,0.5406366,0.5759113,0.5984639,0.6436265,0.6874827,0.7278494,0.7929038,0.8314853,0.7865288,0.869427,1.080235,1.538915,2.649118
390.672,-8.770176e-4,0.005556833,-0.01308832,-0.002919602,-0.00581361,-0.002689877,-0.001797651,0.00281004,-0.003808335,0.009204877,-0.006179572,-0.002699161,4.772666e-4,-0.001969891,-0.001119883,-0.00534524,-0.002644696,-0.003242256,2.85986e-4,-4.030742e-4,6.717176e-4,-7.074722e-4,-0.001253562,-5.627331e-4,-4.128116e-4,-9.060457e-4,7.776823e-5,-2.640073e-4,-0.002425374,9.536436e-4,-0.001619121,-0.01142215,0.002026978,-0.01167847,-0.01026867,-0.01397835,-0.003154874,9.148461e-4,0.004896284,-0.00113024,-0.00128303,0.001204283,8.218777e-4,0.002715315,-0.004128372,-3.443308e-4,-0.002133139,-0.003371691,-9.023652e-4,-0.003147538,-0.00489668,-0.003688724,-1.745463e-5,0.001030647,-0.006102164,0.001844318,-0.003434297,-8.33679e-4,-0.00168798,9.424467e-4,-0.006809645,9.536738e-4,-0.005084168,-0.002335578,-0.002061001,-0.003120102,-0.004472433,1.730567e-4,-6.918143e-4,-9.952155e-4,-0.001810987,-0.002036235,-2.421007e-4,0.001580225,-0.002308596,2.407301e-4,-0.002249308,9.652222e-4,0.001247716,-5.439216e-4,-5.949746e-4,3.48284e-4,-6.931009e-5,1.99143e-4,-0.001271885,-2.668356e-4,-0.001443721,-1.00284e-5,-8.230538e-4,-1.084272e-5,-0.002123845,-5.430635e-5,-0.002501076,5.487723e-4,-0.001066144,5.56956e-4,-7.20807e-4,-0.001038629,1.596008e-4,-6.409985e-4,-0.001026959,-4.316303e-4,-4.219084e-4,-0.001037341,-2.844238e-4,-7.050201e-6,-8.436866e-4,3.421572e-5,-7.865295e-4,5.324617e-4,-1.047426e-4,-3.75595e-4,-5.285078e-4,-2.384575e-4,-1.013619e-4,-3.242617e-4,3.193908e-5,-3.809907e-4,-6.914517e-4,6.733665e-4,1.977839e-4,1.06713e-4,4.533443e-4,0.001573901,0.002732439,0.002627654,0.006603851,0.01030148,0.01290629,0.017802020000000002,0.01745649,0.01810168,0.01828095,0.02091379,0.08228842,0.4505963,0.967125,0.571025,0.2188267,0.06278568,0.05910933,0.07162944,0.09042565,0.1091692,0.1303046,0.1574882,0.1820319,0.2110476,0.2399582,0.2722023,0.3037471,0.3312635,0.3583377,0.3886634,0.4087467,0.4303198,0.4434452,0.4541393,0.4748368,0.4891477,0.4935527,0.4984588,0.5065163,0.5031208,0.5049029,0.4980502,0.4911875,0.4827502,0.4781071,0.4737389,0.4708781,0.4645921,0.4611604,0.4645245,0.4788886,0.485874,0.5028002,0.524254,0.5503016,0.5897189,0.6101366,0.6469014,0.7077101,0.7126509,0.8201356,0.7694696,0.835692,0.7702255,0.9489753,1.213794,2.009814
392.967,0.02646387,0.01869737,0.005605352,0.008498615,0.01134166,0.009900923,-3.817462e-4,-0.001106868,0.01770235,0.002974723,0.006095988,-0.003142934,0.004808277,0.002629455,0.002198604,-0.005386667,-0.004305424,0.004393338,0.004339161,5.242702e-4,-1.86479e-4,0.002657337,1.800464e-4,0.001977933,0.002088443,9.856467e-4,0.001620178,0.004236831,0.005088757,0.002782272,0.005159914,0.006565554,0.006751122,0.01039777,0.005836502,0.004313235,0.005142036,0.002416082,0.004408272,0.001566647,0.003592001,0.007816426,0.001423243,0.005903138,0.002115038,0.005326771,0.002826839,0.0035038,0.005173915,0.003056507,0.002732493,0.00488507,1.58148e-4,0.005430152,-0.002452102,0.007856939,0.003647319,-8.130575e-5,0.002285618,0.001881161,0.00334104,2.786236e-4,-9.923585e-4,0.002530579,-4.169953e-4,0.002760982,0.00459059,-0.001407801,0.001616325,-2.798618e-4,-0.00188204,0.001640705,0.001568976,0.002281788,0.003913311,0.001588801,-7.752189e-4,0.001845992,-7.516071e-4,0.00120264,-5.580324e-4,8.598099e-4,-6.269009e-5,0.002348262,8.66169e-4,0.001082173,7.011851e-5,7.695301e-5,0.002420927,7.873904e-4,-3.158926e-4,0.01115082,0.002067299,2.987966e-4,7.646052e-4,3.296248e-4,0.00233481,0.001783162,0.002045095,0.001295822,1.200958e-5,-6.371078e-5,0.001795692,4.075819e-4,9.745265e-4,6.032159e-5,2.387104e-4,3.11652e-4,1.655539e-4,3.548792e-4,9.058838e-5,6.34789e-4,1.117652e-4,1.520361e-4,2.604964e-4,6.354698e-4,7.907164e-4,0.001040374,8.154838e-4,0.001214277,0.001554424,3.228452e-4,0.001875644,1.620336e-4,0.002989031,0.006564039,0.007713663,0.01263971,0.01729013,0.01769388,0.01743112,0.0238504,0.01900609,0.05632192,0.2944733,0.8678169,0.9095773,0.2895365,0.07853746,0.05707744,0.06811182,0.08532951,0.104746,0.124526,0.1493857,0.1791107,0.2058268,0.2364717,0.2628784,0.2963708,0.3272727,0.3585451,0.3834246,0.4075432,0.4348552,0.4547594,0.4724651,0.4845043,0.4977337,0.5063601,0.5184104,0.5230295,0.5332735,0.5274101,0.525263,0.5215481,0.5100496,0.5045217,0.4951171,0.4932441,0.4876788,0.4887373,0.4833163,0.4853306,0.4902111,0.5008718,0.5308468,0.552392,0.5846927,0.6147012,0.6530436,0.6959971,0.71431,0.8062531,0.8196311,0.902765,0.8673974,0.9646682,1.115966,1.374411,0.7067428
395.262,-0.008205334,0.01023255,0.007119569,-0.01408375,-0.006698354,0.01168803,0.005501605,-0.001181187,0.01443754,-0.003455281,0.009363665,-0.002076219,-0.003596715,6.688849e-4,-0.00213404,2.109211e-4,-4.819589e-4,-0.001604383,0.003852607,-0.002720891,0.002545465,8.418691e-4,-2.117929e-4,-2.269673e-4,-0.001407125,0.003519262,8.674231e-4,1.116939e-6,-0.001280532,2.342668e-5,-0.004740433,1.827495e-5,0.00441372,-0.001064959,0.001722492,0.007166585,0.005469928,-0.001445499,-0.005832646,0.003657018,-0.005504657,0.006027097,4.037905e-5,0.003994212,-0.006895198,-0.002927736,3.430352e-4,-0.002509013,7.1787e-4,-0.002283198,0.002529268,7.722842e-4,0.003739364,0.001492002,0.001733574,0.00149238,-1.400466e-4,-7.441976e-4,-6.999367e-4,-0.001788295,1.271297e-4,-0.002162974,6.112001e-4,0.003244273,0.003486582,0.002342635,0.001046324,0.001148153,0.001546177,8.460028e-4,-7.174748e-4,8.833606e-4,5.14795e-4,8.860378e-4,0.001501163,3.505882e-4,0.001223472,7.812843e-4,0.001111829,2.235325e-4,7.868325e-4,0.001650085,-0.001135603,9.833913e-4,2.611161e-4,-2.463712e-4,2.440709e-4,4.154997e-4,4.071976e-4,3.050633e-4,0.001286061,0.03885012,3.005555e-4,-3.166907e-4,0.001164509,-3.452637e-4,4.734065e-4,6.585059e-4,4.740649e-4,1.154012e-4,-8.713329e-4,2.047641e-4,4.051464e-4,1.201197e-4,3.383411e-5,-9.217777e-4,3.068339e-4,-4.1613e-4,-1.288772e-4,2.087805e-5,4.424445e-4,3.883192e-4,5.514444e-5,7.366517e-4,4.084591e-4,-2.452569e-4,1.202555e-4,7.518165e-4,-1.031536e-4,4.800316e-4,0.001462305,0.001267854,0.001117076,0.002335693,0.00361993,0.007122526,0.01001517,0.01577877,0.02037165,0.01692653,0.01595389,0.02470497,0.03458413,0.2161238,0.6013263,0.9815929,0.4982229,0.09946685,0.05407953,0.06572944,0.07995734,0.09378808,0.1166178,0.13961,0.1645092,0.1938373,0.2230989,0.2526084,0.283444,0.3162972,0.3459494,0.3789387,0.4016103,0.4300234,0.4546629,0.470953,0.4875248,0.5018238,0.5115176,0.5260296,0.5338708,0.5382382,0.5467083,0.5461162,0.5424878,0.531565,0.5259927,0.5133192,0.5076769,0.5037439,0.5003645,0.4960316,0.4968493,0.4990482,0.5089841,0.5292271,0.5435248,0.573653,0.5912704,0.6325055,0.6632841,0.6970027,0.7431105,0.7985562,0.8434458,0.8415311,0.9404287,0.9694452,1.442138,1.235975,2.102869
397.558,0.005034229,-0.009589238,0.001665353,-0.001266506,-1.021054e-4,0.002899118,0.002014833,0.007239922,-0.00916208,-0.007426677,-0.00293134,0.002015208,-0.003718122,-0.004287154,3.92095e-4,0.002084958,-5.823842e-4,0.00153993,0.004603863,-0.001947223,-0.001527795,-0.002077809,0.001221156,-0.001061456,-0.001157259,-0.001845937,-8.067529e-5,1.466102e-4,-6.533833e-4,-0.004676317,-0.002297729,-8.4818e-4,-0.003357772,-0.005481967,-0.008177002,6.984007e-4,0.005769773,-0.004155898,1.701558e-4,-0.01075998,-2.462414e-5,-0.002947384,0.00205204,-0.003415556,-0.003313305,-4.059203e-4,0.001960293,0.001164059,0.001829536,-0.001608912,-0.001402553,-3.10177e-4,0.004376392,0.001705188,9.517726e-4,-0.0020571,-4.309545e-5,-0.002036709,0.00102451,-3.803997e-4,-0.002631208,-4.28967e-4,0.001086073,-0.002182477,-0.00286748,-0.005442645,0.001807497,-0.001784849,-8.610331e-4,3.240127e-4,-0.001094756,2.444951e-4,0.002772046,-0.001816938,0.001130701,6.139054e-4,7.56503e-4,7.823563e-4,-5.896637e-4,-6.506151e-4,-9.231099e-4,0.001325999,-1.420357e-4,0.001889316,-9.430023e-4,2.457526e-4,-0.001185869,-4.718883e-4,-1.342744e-4,-0.00228018,7.812341e-4,3.879401e-4,0.001251929,1.806336e-4,-4.362437e-4,7.227099e-5,-7.993472e-5,-4.384193e-4,-6.245413e-4,-9.584939e-6,3.80201e-4,1.966598e-5,-1.204058e-4,2.22383e-4,2.339665e-4,-3.679688e-4,4.657007e-4,-4.122703e-4,-2.570505e-4,-4.420447e-6,-1.820203e-4,-4.917471e-4,-3.776674e-4,6.28336e-4,3.402475e-4,3.111507e-4,-4.782513e-4,8.837495e-4,9.266819e-4,-2.332414e-4,6.933533e-4,-5.55229e-4,0.001387456,0.002220137,0.005451931,0.009435199,0.01219134,0.0192817,0.0200901,0.01866157,0.01688255,0.03394563,0.1538404,0.5109537,0.7344641,0.6553947,0.1640318,0.05440374,0.06411407,0.07269168,0.09088227,0.107684,0.1300197,0.154691,0.1847168,0.2130306,0.2434541,0.2746756,0.3029448,0.3329913,0.3695237,0.3982567,0.4248604,0.4488476,0.4710104,0.4921956,0.5074522,0.5217312,0.534037,0.5435738,0.5550966,0.555562,0.5612397,0.5586934,0.5580131,0.5484296,0.5391519,0.5291372,0.5189469,0.5164571,0.5158471,0.5087474,0.5108018,0.5122708,0.5170186,0.534232,0.5579664,0.5852651,0.6188517,0.6499103,0.7045517,0.735067,0.7769008,0.8364821,0.8828694,0.8224074,0.9391668,0.9282976,1.260417,1.27227,2.840311
399.854,0.002916409,-0.002031084,-0.01566098,-0.006561267,0.004023134,-0.008010803,0.01139972,7.19838e-4,-0.0070211,0.004763329,0.003057273,-0.00663141,-0.01094441,0.001252464,-0.007602828,0.006585752,0.005706562,0.00201412,-6.672846e-4,-4.609981e-4,-0.001446971,-0.001312225,5.487075e-4,0.002014677,0.00101469,-0.001245126,-0.002654929,-0.001458174,-0.001986405,-0.003146822,0.001623664,-0.00521903,-0.008841083,0.001357977,5.586832e-4,0.002651008,0.001119214,4.726468e-4,0.004044402,2.083958e-4,0.003474324,0.00302214,-0.001240277,0.01111728,-0.003337967,-0.004651593,0.004651219,0.003657509,-0.004528536,-0.001974997,1.885781e-4,7.3168e-4,-0.005561021,7.359811e-4,0.004272312,0.008472627,-0.002945388,0.00196236,-0.003681536,-6.22452e-4,-0.002151658,-2.009107e-4,-0.003170565,-7.36557e-4,-0.002734188,0.002317707,0.003440519,-0.002461409,0.001300509,-0.00175727,0.002314275,9.394319e-4,-0.00136149,-2.102213e-4,-7.83408e-4,-0.001944597,0.002135363,-0.001643412,-0.002229724,-0.001087888,-0.001191521,-0.001933598,-0.002002086,0.002208696,7.78908e-4,-1.022558e-4,-2.795626e-4,-0.00109769,2.804826e-4,2.674708e-4,6.958601e-4,-2.330939e-4,-6.874233e-4,0.001075509,-6.357236e-4,-8.670907e-4,3.61183e-4,6.197702e-4,3.053163e-4,-6.210325e-4,-9.796e-5,6.526851e-4,5.531275e-4,-9.295101e-4,-5.135257e-4,5.945402e-5,1.491016e-4,-5.03648e-4,5.207559e-4,-2.762735e-4,2.284576e-4,5.839531e-4,0.001274879,-2.731911e-4,1.140717e-4,6.367904e-4,-4.541056e-5,7.433377e-4,9.57727e-4,0.00177332,0.001430853,0.002106034,0.003124161,0.003288521,0.008017786,0.009070858,0.01240557,0.02062852,0.01947319,0.01787225,0.02514229,0.10796,0.3996198,0.6773317,0.5299324,0.2532029,0.06211078,0.05635365,0.06757313,0.08147721,0.100102,0.1181967,0.1393013,0.1667862,0.1960334,0.226803,0.2557907,0.2873083,0.3163961,0.3467164,0.3773165,0.4085338,0.4366118,0.4619625,0.4796956,0.5051424,0.5111214,0.5279932,0.5400423,0.5533549,0.5585125,0.5634178,0.5651759,0.5622407,0.5565083,0.5521786,0.5374914,0.538408,0.5239778,0.5181792,0.5193368,0.516377,0.5127925,0.5146008,0.5300178,0.5418723,0.562702,0.5986362,0.6377387,0.6686988,0.7083771,0.7410991,0.7840622,0.8381672,0.8568373,0.9525316,0.9788825,1.139763,1.14236,0.9799146,2.64233
402.152,-0.01707479,-0.01327405,-0.007408281,-0.007313689,-0.005117483,-0.01248396,-0.01703549,-0.02387357,-0.01710847,-0.01982183,-0.01424985,-0.003242163,-0.002136493,-0.005822616,-0.008147131,-0.008391211,-0.00597906,-0.002006871,-0.007209071,-0.007908373,-0.006585799,-0.0034708,-0.003933898,-0.002638475,-0.002896607,-0.002340375,-0.002204786,-0.005953635,-7.787357e-4,-0.003821202,-0.003856098,-0.008843335,-6.952355e-4,-0.01551511,-0.01063294,-0.01211974,-0.007852179,-0.006902153,-0.007220022,-0.008342197,-0.006850966,-0.005251998,-0.01235765,-0.0117802,-0.009764457,-0.009468467,-0.01308476,-0.007793108,-0.007188787,-0.004102606,-0.00294118,-0.009663635,-0.0081575870000000009,-0.01053254,-0.006356202,-0.01115722,-0.004534037,-0.003716585,-0.005287092,-0.006992436,-0.003767546,-0.005001284,-0.006816822,-0.004323024,-0.00193767,-0.003884121,-9.836525e-4,-0.005551663,-0.004799497,-0.005910627,-7.670896e-4,7.343125e-4,-0.003799267,-0.001867788,-0.002117746,-0.001012579,-0.00427211,-0.003592148,-0.002723576,-0.006231831,-0.002295722,-0.003329978,-0.002234193,-0.002975793,-0.003897032,-0.002473501,-0.001167305,-9.929898e-4,-0.001495885,-0.004834168,-0.001478972,-0.003654887,-0.001208983,-0.001350205,-0.001131891,-9.6706e-4,-0.003618892,-0.00191647,-4.375468e-4,6.14526e-5,-0.001625734,-8.907046e-4,-6.931682e-4,-0.001934713,-1.504595e-4,-7.897293e-4,-5.207285e-4,-9.596412e-4,-9.029558e-4,-2.820379e-4,-2.324511e-4,-3.435502e-4,-0.001169653,-8.781869e-4,-8.904255e-4,-8.124865e-4,-0.002018773,-6.570601e-4,-1.666503e-4,-6.650188e-4,0.001921481,0.001491196,0.002471726,0.005393872,0.008235516,0.01011594,0.01245255,0.02111937,0.01698721,0.01686008,0.07090162,0.3425838,0.6089021,0.5874787,0.2555329,0.07644491,0.05490387,0.06224484,0.07961254,0.09477588,0.1136936,0.1330944,0.1560383,0.1858962,0.2178152,0.247112,0.2781359,0.3132814,0.3374759,0.3698796,0.4018509,0.4320282,0.461696,0.4869143,0.5054618,0.5245103,0.5376351,0.5496344,0.5598397,0.5704804,0.5804185,0.5812678,0.5876435,0.5811522,0.5811257,0.5662205,0.5579429,0.5430772,0.5388874,0.5312749,0.5302447,0.5308233,0.5330074,0.5340014,0.5516251,0.5587008,0.5908465,0.6221997,0.6592452,0.6920478,0.7253902,0.767356,0.7983688,0.8536582,0.8913065,0.917375,0.9830205,0.8219682,0.7028321,1.004307,0.5761693
404.45,0.009365914,0.003016084,-0.006564124,-0.001010104,-0.008066823,0.0048255320000000004,0.01310474,0.007742869,0.02103539,0.01034189,0.00802133,-0.00365824,8.568156e-4,-7.150342e-4,-0.003928214,0.006313791,-0.002768028,-0.001790978,0.004000364,-0.00133141,0.003381856,0.003099507,0.001198123,0.001852203,3.074385e-4,0.002626194,0.004012915,0.002512294,2.78559e-4,0.005725921,-1.203754e-4,0.00462154,-0.001989856,0.003600586,0.01135012,6.189126e-5,-0.002286238,0.003533184,-1.865467e-4,0.003421432,-0.001099576,0.005932688,0.00204927,0.008696351,-0.005174477,0.002128728,0.003045052,-3.017877e-4,4.826144e-4,-6.003925e-4,0.004359523,-0.004113777,0.002566405,0.0054675670000000004,-0.004969959,0.002559993,7.463459e-4,2.815937e-4,9.212146e-4,3.49818e-4,0.004324161,0.001614046,0.003676419,0.001252496,-7.061348e-5,0.003765251,4.809926e-4,4.016821e-4,-4.229577e-4,2.825801e-4,-3.23896e-4,-3.049102e-4,0.001486338,-3.02638e-4,0.002418405,0.002268151,-0.001205256,0.002135087,2.952955e-4,8.203022e-4,0.001519525,0.001027849,-5.445524e-4,-3.391074e-4,4.187573e-4,5.270001e-4,5.581518e-4,7.147726e-4,1.186386e-4,-4.04671e-4,6.850392e-5,0.001773685,9.73059e-4,8.290485e-6,0.001555683,9.151331e-4,9.924635e-4,-6.402894e-4,2.617081e-4,4.015604e-4,3.848671e-4,1.334355e-4,6.538235e-4,-2.308127e-5,4.707913e-4,2.020005e-4,8.669082e-4,0.001188847,2.302054e-4,0.001070329,0.001081613,4.847167e-4,4.393504e-4,9.294524e-4,2.572913e-4,6.89132e-4,4.489119e-4,8.555858e-4,4.668535e-4,0.001177261,0.002366713,0.003949389,0.004606247,0.005509838,0.008003818,0.01381273,0.01587991,0.01996556,0.01894426,0.04038217,0.2652635,0.6555407,0.5917386,0.3286656,0.09134689,0.05471088,0.06439045,0.074855,0.09089121,0.110023,0.1290893,0.1515575,0.1785713,0.2092832,0.2405459,0.2713367,0.3047619,0.3398193,0.3674287,0.395549,0.4307311,0.4619074,0.4872731,0.5099867,0.5309083,0.5486264,0.5614658,0.5768382,0.5896713,0.5945009,0.6077465,0.610547,0.6095278,0.6092519,0.6050469,0.5909439,0.5816909,0.5638597,0.5613604,0.5555766,0.5574016,0.5570119,0.5495505,0.555609,0.5708937,0.6029287,0.6233157,0.6522747,0.6882394,0.7350348,0.7860084,0.8112772,0.8620853,0.8959373,0.9666576,0.9898495,1.125334,1.164552,1.270414,1.714535,2.538014
406.749,-0.004102998,-0.001304341,-0.006998078,-4.182226e-4,-0.02340193,-0.01273207,-0.008839712,-0.009854574,9.586765e-4,-0.003572084,-0.003239321,0.003019309,-0.001593927,0.004928976,3.670862e-4,-7.707648e-4,-0.001677186,-0.001513154,-0.004115892,-0.001506643,-0.003074167,5.833688e-5,0.001222369,-4.40865e-4,-0.002949933,-4.528827e-4,-0.0013868,0.001110443,-9.551841e-5,-0.002799602,0.002946108,0.002879915,-0.002252645,0.003667244,-0.001593704,0.004179734,-0.006941075,-0.007812061,9.063368e-4,0.002166239,-0.00514444,0.002047611,-0.001806333,-0.00216317,-0.006068646,-0.00225549,-0.002217077,-0.006256101,-0.005898942,-0.002012364,0.001119272,-0.002674101,-0.003936208,-0.003966628,0.006115282,-0.003538335,-0.002311103,-7.294155e-4,-0.00242131,-0.002962138,-0.001933567,-0.002433904,-0.00147456,-0.00102727,0.002400976,2.538621e-4,0.001491554,-0.003373529,-8.406794e-4,-0.00201644,6.505236e-4,-0.004034486,-0.00394387,4.408479e-4,7.293954e-4,-4.020939e-4,0.001001665,-0.002293608,6.742414e-5,-2.765306e-4,-0.001820572,-0.001283562,7.283381e-4,-0.001165817,8.702435e-4,-9.619888e-4,-9.442081e-4,-1.026056e-4,-5.966673e-4,-0.00164597,-6.757782e-5,5.06626e-4,4.967151e-4,-3.627081e-4,-8.603522e-4,-0.001030375,3.951907e-5,-2.319304e-4,2.420059e-4,0.001245365,-7.026626e-4,-2.898868e-4,-4.431569e-4,4.872074e-4,4.81914e-4,-9.005976e-4,-2.152803e-4,-9.83426e-5,-2.307056e-5,-1.254627e-4,3.53838e-4,-3.701723e-4,6.285684e-4,8.279797e-5,2.837941e-7,1.397859e-4,2.050645e-4,-1.877956e-4,0.001421296,0.002286847,0.003483067,0.00345578,0.004962711,0.005588184,0.008571313,0.01497749,0.01480043,0.0189793,0.02892133,0.1894972,0.5621254,0.7362208,0.36202,0.1264362,0.05047352,0.06065481,0.07308091,0.0855011,0.1047276,0.1241477,0.1469738,0.1689618,0.2003843,0.228729,0.2610057,0.291661,0.325711,0.3598149,0.3931612,0.4131599,0.4558574,0.4806258,0.509608,0.5332661,0.553005,0.5667246,0.5870169,0.5959498,0.6052163,0.6174953,0.6264885,0.6257416,0.6235243,0.6232961,0.6175162,0.6102644,0.5961787,0.5846237,0.5759423,0.5707243,0.5639218,0.570122,0.5738858,0.5806163,0.5929513,0.6140398,0.6452351,0.6890415,0.7260256,0.7646798,0.808146,0.8506362,0.8764806,0.9716274,0.997,1.083049,1.138837,0.9632614,0.9937142,1.501432,1.08619
409.049,0.005531912,0.003257134,0.003435174,-7.505965e-4,7.39516e-5,-0.01869017,-0.005321618,-0.002831751,7.006595e-4,-0.01004764,-0.001557021,0.002063427,7.961662e-4,-0.002307351,0.001955799,0.00055190390000000005,0.002432814,-0.002819338,-0.004444561,2.294319e-4,6.113608e-4,9.153645e-4,-7.955221e-4,1.376089e-4,-3.390083e-4,-2.151812e-4,-0.002575012,-0.002015382,-0.001366633,-4.401371e-4,0.002084657,0.002157502,-0.002433011,-0.002017798,0.001270338,-0.006737948,-0.004593167,-0.00133041,-9.240355e-4,0.003894947,-0.004425693,-0.001456995,0.004089579,0.005042464,-0.002063359,-0.003368564,-0.006262687,-0.001274938,9.606079e-4,-0.001641871,5.781843e-4,0.005022815,-0.004099282,-5.409614e-4,-0.003713989,-0.001709462,0.00120886,-0.001842094,-9.87644e-5,4.400706e-4,-0.004338412,0.001877314,9.174015e-4,0.002119195,-0.002854935,0.002425683,-0.001024983,-0.002835507,-7.144759e-4,0.00146401,-0.001506638,1.666473e-4,-9.468386e-4,4.676656e-5,5.822552e-4,-0.001101489,4.275884e-4,0.001970641,-0.003746117,5.297114e-4,0.002503591,3.181888e-4,-3.597549e-4,7.792547e-4,-2.223963e-4,3.374373e-4,8.753445e-4,6.959459e-4,-1.124685e-4,-5.483283e-4,-6.253875e-4,1.864439e-4,-6.426085e-4,-4.759107e-4,4.589879e-4,-4.820633e-4,-8.538718e-4,5.617791e-4,-6.521405e-4,-6.871155e-4,-5.582649e-4,8.08297e-4,5.48068e-5,5.738279e-4,-5.340135e-4,2.894441e-5,-2.962704e-4,4.530136e-4,-4.406115e-4,2.252354e-5,-1.151825e-5,2.267138e-4,-3.755122e-4,2.634602e-5,4.593553e-4,7.726909e-4,1.126715e-4,7.917282e-4,0.001960371,0.002784436,0.003918302,0.004232455,0.004708805,0.00686512,0.00836389,0.01400869,0.01315713,0.02187552,0.1297196,0.5117907,0.7003372,0.4949093,0.1424763,0.05793791,0.0564521,0.06777915,0.0838132,0.09968005,0.1167528,0.1393797,0.1647066,0.1872574,0.218257,0.2470665,0.2807035,0.3169958,0.3483319,0.3816598,0.4150448,0.4401839,0.4722022,0.503578,0.5276717,0.5530195,0.5711921,0.5912469,0.6011621,0.613231,0.6279007,0.6326958,0.6417124,0.6431725,0.642199,0.640586,0.6328397,0.6233106,0.6102065,0.6020151,0.5940512,0.5870052,0.5866975,0.5884365,0.589808,0.5875584,0.6111003,0.6396781,0.6718959,0.6991935,0.7345048,0.7785441,0.826667,0.8810076,0.9277447,0.9893393,0.9938849,1.04595,1.062996,1.153659,1.254997,1.621988,1.886127
411.349,0.005150376,-0.003972798,-0.004865347,-0.005958738,-0.007974196,-0.009262463,-0.0127125,-0.003263439,0.001918844,0.006528549,0.007987621,-0.001078029,0.001140576,0.001317701,-0.001890358,-0.003183407,5.016922e-4,-0.00393261,7.693095e-4,-1.197248e-4,2.972895e-4,-9.206903e-4,0.001431093,1.38733e-4,4.656466e-4,-2.089324e-4,-7.270013e-5,-0.0022118,-0.001584897,0.002603028,2.986115e-4,-0.00445394,0.002219953,-0.008569705,0.00575555,0.00295052,3.88875e-4,-0.003967199,0.001645014,2.205999e-4,0.001100547,0.001082225,-0.001027794,0.003382366,0.005724767,0.003484845,0.001448557,-0.001898452,-6.213169e-4,1.422059e-4,-4.409903e-4,0.001772317,-0.001352156,-0.002516959,-1.194739e-5,-0.003052446,4.735539e-4,0.002748079,-0.001419693,-0.0021553,-0.001756942,0.001533519,0.001394955,-1.500512e-6,0.001273233,0.001354254,-2.97657e-4,8.926316e-4,-4.235707e-4,-0.001117673,-5.744235e-4,3.212732e-4,0.002640627,1.429269e-4,-1.239575e-4,-9.481966e-4,0.001708184,-4.63918e-4,-0.00147094,9.119372e-4,-0.002107143,-5.579968e-4,-0.00173146,0.002730611,9.156956e-4,-4.455293e-4,-0.001026364,-5.775829e-5,0.001905333,-0.003363147,2.325055e-6,4.124796e-4,-9.823743e-4,-3.886817e-4,5.489453e-4,4.757192e-4,3.411493e-4,7.009221e-4,1.39243e-4,-9.632725e-4,0.001047799,9.459683e-4,-4.41562e-4,-6.507142e-4,-2.148003e-4,-2.098245e-5,-1.517749e-5,-4.818147e-4,6.522244e-4,-8.499548e-5,1.704614e-4,4.407128e-4,1.996128e-4,3.281063e-4,1.260528e-4,5.142083e-4,0.001223784,0.001228742,0.001324315,0.005703643,0.00580869,0.004160859,0.006067909,0.007872984,0.009215809,0.01193368,0.01534689,0.07683597,0.4271786,0.7403089,0.5298259,0.1981101,0.06161764,0.05269748,0.06144056,0.0785204,0.09491084,0.11166,0.1335593,0.1537825,0.1775679,0.2056984,0.2371859,0.268084,0.30128,0.3349273,0.3698438,0.3985814,0.4351012,0.4591593,0.4907204,0.520659,0.5450746,0.5697771,0.5876225,0.6055934,0.6185984,0.6249043,0.6417049,0.6518446,0.6514981,0.6542835,0.6535295,0.6516414,0.642849,0.6357716,0.621414,0.6116572,0.605695,0.5988755,0.5988521,0.6005312,0.6011233,0.609134,0.6290471,0.6530207,0.6780922,0.7223842,0.7611006,0.8094267,0.8536503,0.9058773,0.9330191,1.001782,1.042457,1.109072,1.232533,1.170308,1.448334,1.509084,3.819633
413.651,-7.820016e-4,-0.01499782,-0.001112602,-0.01290969,-0.007187498,0.01833758,0.005583416,-0.005583097,0.001282078,0.003646084,-0.002198874,0.001503053,-0.0023723,5.395152e-4,-0.002106257,-0.001566789,-0.003972762,8.662765e-4,8.914663e-4,6.583638e-4,1.939986e-4,-0.002160777,-2.912501e-4,-1.353285e-4,-6.436285e-5,-0.001122717,6.934145e-4,-9.627377e-4,-0.001011712,-0.004355517,0.001786194,7.056036e-4,0.003443884,-0.001955739,0.002213497,-0.002264689,0.001209218,0.003191292,8.164584e-6,-0.004539222,-0.003980864,-0.005202,0.002429001,-0.005621811,-0.003548222,0.003611534,-0.001331627,0.003839578,-0.002299083,-4.19598e-4,0.001498813,-0.005050845,-6.572005e-4,0.002725542,1.939254e-5,0.004850856,-0.002821474,0.002363359,0.001510797,-0.002030375,8.297903e-4,-0.001149812,-2.880257e-4,-0.00131039,-0.001051766,0.001597629,-0.001964869,0.003407188,-6.099927e-4,-3.452999e-4,-1.020094e-5,-6.419135e-4,-6.022016e-4,0.001377614,-0.001924779,0.001121244,-8.693653e-5,-4.166868e-4,5.808209e-5,-0.001619112,-6.869536e-4,-8.005047e-4,-0.001245077,-2.323482e-4,-9.576354e-4,-1.669882e-4,-5.303382e-4,5.214207e-4,-0.001929407,-0.00182141,7.071803e-4,-5.544193e-4,3.458123e-4,-4.320913e-4,2.842184e-4,-7.603802e-4,7.946445e-4,5.495849e-4,-8.440561e-4,-7.197386e-4,-0.001362386,-2.779713e-4,-1.609145e-4,-1.855164e-4,-4.97059e-4,-4.362504e-4,2.425374e-4,-8.72013e-4,4.360617e-4,2.593429e-4,-2.544382e-5,2.324016e-4,5.6825e-4,2.202223e-5,-4.846819e-4,6.680026e-5,-1.670367e-5,6.454606e-4,0.001805169,0.006602369,0.005523975,0.006421755,0.007522588,0.00845257,0.01018907,0.0133226,0.03304667,0.3291193,0.7363851,0.6363129,0.2555669,0.06932105,0.05071093,0.06038985,0.07418487,0.09050089,0.1068678,0.1258185,0.1491932,0.1728728,0.1995739,0.2263968,0.257168,0.2864737,0.3223794,0.3572878,0.3913441,0.4213275,0.4522899,0.4798289,0.5099547,0.5379643,0.5668611,0.5847203,0.6096905,0.6234244,0.6343352,0.6481697,0.6551464,0.6616932,0.6639764,0.6714634,0.6694846,0.6678259,0.6528125,0.6453428,0.6343174,0.62233019999999994,0.6128877,0.6077175,0.6089765,0.6129636,0.6204184,0.624536,0.6404681,0.6706876,0.7131924,0.763072,0.7772962,0.8352227,0.8833292,0.9317904,0.9664797,1.041131,1.086437,1.124805,1.169684,1.140497,1.262931,1.570198,0.03647169
415.953,0.007335911,0.01361035,0.01504851,0.009956362,-0.004043432,0.01211738,0.01354527,0.00797845,0.008239693,0.01808355,0.009996344,0.007568157,0.01413196,0.002022349,-7.411917e-4,0.002426784,0.01013581,5.607465e-4,-0.001522992,0.004829729,9.835864e-4,0.001955409,0.002518765,0.001596793,0.001858329,0.001388244,0.002282647,0.002083348,0.002885135,0.007253182,0.00780475,0.006615218,0.01239321,0.006945011,-0.0018841420000000001,0.007862432,0.007415738,0.01115069,0.0030196,0.004282505,0.004131993,0.004910899,0.004964271,0.001666161,-0.004592474,0.004537092,0.006218325,0.01000445,0.005299403,0.005329158,0.004923852,0.006572859,0.004246336,8.991806e-4,1.009584e-4,0.005853131,0.006105075,0.007580493,-7.608505e-4,0.005634818,0.004087776,0.004600274,0.005632186,0.001952621,0.004364049,0.001593952,0.00211418,0.003435244,0.003923017,0.005783534,0.002889556,0.004598376,6.194883e-4,0.002880752,0.004901302,0.001427719,0.002070479,0.00216712,0.003409074,0.001095463,0.003417922,0.001201978,0.001061448,0.003380262,5.0004e-4,9.269687e-4,0.001469169,0.001951664,7.489493e-4,0.001554649,1.421438e-4,8.069681e-4,0.003228795,2.159018e-4,9.715373e-4,0.002228064,7.04255e-4,0.002206387,0.001351162,0.001163525,6.788689e-4,0.002054209,0.00168493,0.001212264,0.001297155,6.491869e-4,0.001021829,0.001021722,4.135127e-5,6.812829e-4,4.634183e-4,0.001010356,7.732325e-4,6.355091e-4,0.001648078,8.069151e-4,0.001499952,0.002902785,0.005612133,0.00701094,0.007207617,0.007024249,0.008725475,0.01052691,0.01371003,0.02313902,0.1510587,0.7236254,0.7446498,0.330836,0.08960644,0.05424974,0.05948967,0.07265775,0.08340987,0.1022086,0.1210447,0.1423316,0.165476,0.1922315,0.21662410000000001,0.2460746,0.2776088,0.3097345,0.3409577,0.3795964,0.4096407,0.4412879,0.4690864,0.4943442,0.5312797,0.5579221,0.5815309,0.602776,0.6233157,0.6399979,0.6482294,0.6566951,0.6680166,0.6762678,0.676382,0.6815732,0.6795944,0.6781216,0.6644044,0.6606057,0.6428555,0.6336109,0.6245706,0.6240742,0.6256455,0.6322669,0.6273135,0.6424737,0.6669227,0.6959611,0.7267155,0.7709533,0.8256717,0.8631787,0.9266801,0.9665843,0.9971111,1.063607,1.13733,1.181369,1.306436,1.368594,1.778794,2.25997,4.78662
418.255,0.004147271,-0.002331395,-0.00289702,0.004363344,0.005752157,-0.003320841,-0.007974401,-0.005494439,-0.002514443,0.008177367,3.088511e-5,-0.002232054,-0.004881523,-0.003254629,7.433209e-4,-0.004244877,0.002452989,-6.92631e-4,-4.890479e-4,0.003020622,6.646175e-4,0.001359843,-0.00158877,-7.984986e-4,-0.00444864,-3.403993e-4,0.001349774,-0.001648634,-0.001787897,-2.145954e-4,-0.002138264,-0.00227676,-0.001861346,0.001182345,-0.002182023,-0.003120151,0.002543085,-0.003118726,-0.002625291,-7.23124e-4,0.001601614,-0.003133672,-0.001699062,-0.009452845,0.001925242,-4.912765e-4,-0.001746303,-0.004936676,-0.001192308,-0.001171853,-0.001071859,-0.003056679,0.003375933,-2.555545e-4,0.001106117,3.526745e-4,-6.771574e-4,-0.003082278,-0.002353432,-0.002467854,0.001102497,-0.001109667,-0.004678794,0.001821138,0.004037878,-3.632742e-4,-0.002143767,-0.001465445,-0.003645312,7.396935e-4,-0.00356003,-0.003682589,-0.002955766,-7.41104e-4,-6.272249e-5,-0.002407417,0.003133888,-8.690934e-4,-0.002462252,-7.517596e-4,-0.001777481,-0.001486887,-0.001448564,0.001192644,-0.00103447,2.02679e-4,-1.571432e-4,3.480172e-4,-0.001091895,-8.692362e-6,-0.001579465,4.734117e-5,-1.329258e-4,-0.001251727,-3.216048e-4,7.669522e-4,-7.607625e-5,-0.00117909,-6.504399e-4,4.918473e-4,5.354951e-4,-0.001261728,-4.759783e-5,-2.208122e-5,6.115887e-4,2.569632e-4,-1.546308e-4,3.829564e-4,3.714103e-6,5.258371e-4,7.693714e-5,4.096535e-4,5.90469e-4,1.013242e-4,2.652657e-4,6.036109e-4,0.001333937,0.00252397,0.004778919,0.005929109,0.005984498,0.005847704,0.009895009,0.01059727,0.01716997,0.0992023,0.4145851,0.6658255,0.4391492,0.1247177,0.04836687,0.05467551,0.06855248,0.08031474,0.09620521,0.1134042,0.1342091,0.154545,0.1818074,0.2093682,0.2312842,0.2618999,0.2948992,0.3275343,0.3637994,0.3963925,0.425036,0.4568682,0.4848254,0.5135664,0.5443432,0.5709629,0.5945486,0.6137024,0.6317455,0.6442524,0.6596696,0.6680235,0.6758755,0.6836574,0.6873362,0.685839,0.684604,0.6835355,0.6749607,0.6588884,0.6465487,0.6396308,0.6350733,0.6313939,0.6271104,0.6401629,0.6445809,0.6593006,0.6737424,0.7017043,0.7444448,0.7877209,0.8378423,0.877986,0.9292444,0.9783857,1.035603,1.0847,1.129167,1.194346,1.255169,1.26006,1.303191,1.770215,4.35798
420.559,-0.005585372,-0.00606712,0.003604083,-0.001007421,-0.018659,-0.01578586,-0.01136453,-0.005415401,-0.003657738,-0.00810471,-0.001266873,-0.003400476,-0.001401962,-0.001417719,-0.007081684,0.001014174,-0.003794489,-0.004164556,-0.003065343,-0.003842031,-0.003014663,-0.001425285,-0.003126311,-0.002091122,-0.002248868,-0.004430637,-0.002209412,-0.001612898,-0.004158265,-0.00248376,-0.008154345,-0.01305411,-0.001227008,-0.01003856,0.001702418,-0.006552065,-0.005249726,-0.006296807,-0.003803774,-0.007100103,-0.006107035,-0.006157236,-0.003657791,-0.00436152,-0.009768031,-0.01200829,0.008120366,-0.007151281,-0.004114408,-0.003539305,-0.006270424,-0.004562507,-0.003730642,-0.004496939,-2.442451e-4,-0.009324336,-0.004483061,-0.004320572,-0.002405883,-0.001189544,-1.921581e-4,-0.001177376,-0.001424272,-1.739054e-4,-0.00436931,-0.002734409,-0.002199458,-4.268861e-4,-0.003415741,-0.004656347,-0.006168895,-0.004179046,-0.003854045,-0.003134827,-0.002841909,-0.004085287,-0.001884575,6.166433e-4,-0.001855516,-1.801967e-4,-0.00114682,-0.002928764,-0.001313177,-3.26183e-4,-0.001354182,-0.002155222,2.008827e-4,-0.001942819,-0.001221596,-9.145062e-5,5.551272e-5,-0.002144315,-3.328918e-5,-0.001102046,-0.001338044,-0.001633839,-7.240109e-4,-0.001335394,-0.001173781,-0.001425805,-0.001187685,-2.345078e-5,-7.531034e-5,-3.34938e-4,-3.033252e-4,-9.060845e-4,-8.858635e-4,-5.029629e-4,-4.319235e-4,1.673794e-4,-8.589339e-6,-4.265912e-4,1.667889e-4,4.593364e-4,8.481574e-5,6.75451e-4,0.001172455,0.002647262,0.004439247,0.005719007,0.007046572,0.007169331,0.007661717,0.01189906,0.04611547,0.3363039,0.5943074,0.6209245,0.1727854,0.05352647,0.05062438,0.06354788,0.07634041,0.08981289,0.1076373,0.1259542,0.1480843,0.1710883,0.1973238,0.2257012,0.2526153,0.2786043,0.3106419,0.345931,0.3834496,0.4098371,0.4395163,0.4723363,0.5023136,0.5289231,0.5570265,0.5851388,0.6033904,0.6272982,0.6442842,0.660637,0.6709333,0.6783182,0.6854693,0.690261,0.6925514,0.6928985,0.6872678,0.6870713,0.676772,0.6739861,0.6520499,0.6476145,0.6402152,0.6420595,0.6391954,0.6450245,0.6504876,0.6676394,0.6905745,0.7232222,0.7690112,0.8074988,0.8650791,0.8981881,0.9610182,1.000255,1.05675,1.098702,1.140584,1.130727,1.112538,1.225123,1.305864,1.674236,1.493558
422.863,0.004810636,0.007145369,0.00497456,-0.004635619,0.006088362,0.00117701,0.001779284,0.003316251,-3.160916e-4,-0.003765633,0.004760277,-0.003824903,0.001254087,-4.814206e-4,0.004160654,-6.354682e-4,0.002251395,-0.002068521,-4.757586e-4,-9.760254e-4,0.003084983,0.002116019,8.116958e-4,2.535322e-4,-0.0127164,-0.001796432,-1.351869e-4,-8.19028e-4,0.002769714,9.855734e-4,0.003512916,0.001176823,0.003518501,-0.009732249,7.082185e-4,-0.007350007,-0.00155449,0.004475499,-0.00191746,-0.01560902,0.004187809,-0.002707563,0.002795053,6.492552e-4,-0.003989556,3.049718e-4,0.005267275,0.004226057,-0.003372856,1.364267e-4,9.416574e-4,0.004263315,-0.005235642,-7.407412e-4,0.004765378,0.00125836,-0.001874586,-9.685746e-4,0.001777372,-0.002918249,-9.357675e-5,0.004069917,-0.001148511,-0.004417231,-0.002125939,0.001449615,-8.128026e-4,0.001352418,-7.385803e-4,-4.740031e-4,-2.331151e-4,5.95242e-4,-0.001184103,0.001145891,0.001488478,7.392321e-4,0.001592022,-7.193727e-5,0.002271923,-0.002464138,0.00210333,-1.269401e-4,-0.002314627,5.638788e-4,-2.662421e-4,-8.411775e-4,7.623149e-4,-5.366642e-4,-9.193379e-5,-6.055662e-4,-0.001088212,-7.346467e-4,2.112166e-4,0.001706256,0.001523674,8.611428e-4,6.473601e-5,2.07175e-4,1.314247e-4,2.584003e-4,0.001018233,6.020316e-4,6.560121e-4,2.307918e-4,-7.744573e-5,3.169808e-4,8.102374e-4,-3.097169e-4,3.17907e-4,3.037885e-5,-7.109343e-5,1.152784e-4,3.838855e-5,8.623961e-4,0.001666311,0.001642114,0.003876159,0.004761165,0.005191754,0.005201632,0.008192108,0.008973858,0.01111335,0.0279173,0.1667659,0.6099521,0.614812,0.2673105,0.06717266,0.04963057,0.06108092,0.07195781,0.08774159,0.1040726,0.1229038,0.1441965,0.1649707,0.189058,0.2145806,0.2442562,0.2720725,0.3002424,0.3294398,0.3686606,0.396446,0.4288138,0.4611954,0.4906123,0.517869,0.5469111,0.5703874,0.5991676,0.6232346,0.6430015,0.6592272,0.6704048,0.6806775,0.6841429,0.694096,0.7001841,0.6973908,0.6994646,0.7021018,0.6958996,0.6841553,0.6811455,0.663351,0.6562689,0.6495341,0.6414879,0.6448039,0.6570178,0.6673154,0.6818742,0.6995678,0.7402147,0.7778339,0.8203992,0.8792805,0.9303185,0.9877901,1.032421,1.082913,1.145191,1.166282,1.190007,1.265657,1.368251,1.644839,1.684821,2.580489
425.168,0.01174985,0.02350719,0.003486203,0.008883487,-6.761622e-4,0.006907623,0.008034701,0.007667129,0.007261119,0.004534563,0.00253787,0.004655275,-0.001165547,0.003709697,0.003943331,0.005594645,-0.002493806,0.003150309,0.00399024,2.786991e-5,0.002134221,0.002256784,0.001349509,0.001282999,6.450665e-4,0.00204656,5.286867e-4,0.001035856,0.002511292,0.00586256,0.001291817,0.001547375,-0.003024792,0.004431065,0.009780674,0.00152497,-1.744903e-4,0.003933411,0.003425207,0.005980688,0.003447886,-0.001638575,0.005433183,0.002892038,0.007189926,0.005127946,0.001819591,0.003623696,0.001613529,7.119364e-4,0.002898408,0.004341677,0.002786681,0.004550403,0.00195615,0.001507404,0.007904198,0.001826186,-0.002842234,0.001814923,0.005055422,0.001732808,0.006974782,-1.493482e-4,0.001568883,0.002326129,0.00338242,0.002444947,7.406969e-4,0.00160322,-3.729549e-4,0.002155273,1.420606e-5,-4.444635e-5,0.001135993,-0.001067203,8.793134e-4,0.00156417,-8.011482e-4,0.004324702,0.001129527,-4.484744e-5,3.472072e-4,0.001312902,7.520583e-4,0.001195026,4.101946e-4,0.001772029,-1.141762e-6,0.001622821,5.020949e-4,0.002468678,5.070474e-5,6.472557e-4,0.001590803,-9.179616e-4,6.814273e-4,6.617609e-4,0.001327599,-6.881711e-4,2.825951e-4,6.283237e-4,4.014975e-4,-8.653842e-4,0.001855998,1.904858e-4,7.206317e-4,6.460192e-4,4.498832e-4,5.95677e-4,5.041736e-4,7.688481e-4,0.001150762,9.421843e-4,0.002001513,0.00255217,0.004095681,0.005013629,0.005888662,0.007557855,0.009707408,0.01159777,0.01880137,0.09039983,0.3587174,0.6465531,0.3566264,0.08565831,0.04766661,0.05374483,0.0692131,0.08378402,0.0986395,0.1178488,0.1359352,0.1552426,0.1794357,0.2046962,0.2345694,0.2640102,0.2901953,0.3156607,0.3526319,0.3832792,0.4150657,0.4482918,0.4795144,0.504438,0.5343532,0.5608366,0.585687,0.6078956,0.6335858,0.647319,0.6678761,0.6794162,0.6869767,0.6945551,0.7020512,0.7049714,0.706512,0.7041822,0.7025886,0.6977772,0.6862426,0.682764,0.667738,0.6571204,0.6547707,0.652006,0.6576445,0.6662905,0.6685722,0.6945756,0.7191943,0.7544625,0.807088,0.8514871,0.9058094,0.9598341,1.004288,1.049282,1.088832,1.151323,1.236961,1.247771,1.314863,1.403666,1.397441,2.247948,4.223131
427.474,-0.007543829,-0.001765087,0.001081298,-3.391583e-4,0.002559948,-0.009519899,0.003836278,-0.005153963,-8.881355e-4,-2.345509e-4,-0.004651913,-0.001547655,-0.004194188,-0.002727396,-0.004211944,-0.0038465,-7.271223e-4,5.584702e-4,-0.002715687,-0.002359433,-0.001630762,9.303832e-4,-9.072407e-4,-1.730446e-4,-0.001920792,-9.692095e-4,-3.157748e-4,-8.680987e-4,-0.00260304,-0.002285307,-0.005062433,-0.001804483,-0.005394613,-0.003762211,-0.002740828,-0.007541938,-0.002988033,2.014208e-4,-0.002313838,-0.001329963,0.001207673,-0.004422636,-0.003361375,9.76224e-4,0.001424261,-0.001496985,4.72402e-4,0.001811272,-0.004529861,-6.554615e-4,-0.002952136,-7.419324e-4,-8.49269e-4,0.002221184,-0.00491714,-0.00145359,-0.003009666,0.001908584,-0.002627083,-0.004315084,2.783268e-5,-0.001322494,-3.37733e-4,0.001852712,-0.001617427,-0.001116143,-4.861441e-4,-3.902579e-4,-0.00280151,-7.550769e-4,0.001226622,-0.002036935,1.653172e-4,8.045529e-4,-0.002158199,9.071043e-4,-0.002737772,-9.333392e-4,-4.882114e-4,-0.002212354,-9.860507e-4,-8.379531e-4,-8.703614e-4,-4.7298e-4,-0.001461639,-3.068787e-4,-6.866559e-4,-0.002501819,-0.00150095,-1.758943e-4,2.690315e-4,0.001275006,-0.001440614,1.673425e-4,-0.001140424,-5.046405e-4,-4.946966e-4,-4.005549e-4,-6.230199e-5,6.811397e-5,-1.175111e-4,-3.616027e-4,-6.585039e-4,7.932058e-6,-2.845037e-4,-3.763692e-4,-2.8243e-4,6.403268e-4,-3.369376e-4,-5.018203e-4,-2.153334e-4,-3.722113e-4,3.11513e-4,0.00158487,0.002069929,0.002714672,0.004933108,0.004543117,0.005600522,0.00902253,0.009809939,0.01261289,0.05583577,0.2347939,0.4801354,0.4090994,0.132429,0.04714453,0.05279174,0.06229153,0.07677038,0.09410011,0.110149,0.1282949,0.1485241,0.1696476,0.1961627,0.2222059,0.2481956,0.277768,0.3040178,0.334138,0.3654028,0.399915,0.4284547,0.4624851,0.4919101,0.5175383,0.5440973,0.5700445,0.595206,0.6207161,0.6377465,0.6541491,0.6725838,0.6810048,0.6919139,0.6965273,0.7080612,0.7047224,0.7100021,0.7070905,0.7002998,0.6961543,0.6903772,0.6813965,0.6664498,0.6589543,0.6616739,0.662628,0.6632713,0.6667989,0.6814929,0.7014456,0.7253664,0.7688477,0.8214163,0.8548569,0.9175148,0.9573857,1.00598,1.057451,1.108877,1.155368,1.217465,1.232879,1.388765,1.339572,1.326098,1.686523,1.38514
429.781,0.00968674,0.01023407,3.621807e-4,-0.001542785,-0.003599888,0.003620941,-0.01087687,0.002669035,0.007105044,-0.003824472,0.002065991,-0.002385402,-6.264313e-5,0.003626187,0.001590042,0.003087563,1.934813e-5,8.454781e-4,0.003301951,0.002674122,-1.591483e-4,-5.850378e-4,-3.06544e-4,-4.329558e-4,0.001409094,-0.003128229,0.001362066,0.002016349,0.001391458,0.001171165,-0.001836832,5.106917e-4,-0.002743745,0.008539713,0.002797782,0.001085713,0.003399155,0.006055171,0.004498786,-0.005741502,0.002394222,-0.002427676,0.005288585,0.003637371,-8.800035e-4,0.002290307,-9.527292e-5,0.003852869,0.009733129,0.001892052,0.002059518,-0.004562402,0.001752435,6.402541e-4,0.002264721,8.141245e-4,2.718933e-5,0.00190787,4.435802e-4,9.063407e-4,3.760429e-5,5.929015e-4,-1.722016e-4,-0.001868572,0.002877296,-9.414412e-4,0.001125993,-0.003342736,0.001207819,0.001267685,0.004043549,8.876644e-4,0.001667389,0.002269453,7.774997e-4,8.68493e-5,-0.001988424,0.001154208,-4.076169e-4,0.002617839,-9.924021e-5,-7.150813e-4,-4.810823e-4,0.001293089,3.153472e-4,-0.001092247,0.001331371,9.172333e-4,-3.532262e-4,0.002444606,0.001665113,0.001820882,-7.630744e-5,3.995827e-4,3.6693e-4,4.818491e-4,5.020761e-4,-1.248403e-4,-5.043045e-4,3.536082e-4,-2.624074e-4,0.001122776,-4.985136e-4,2.028641e-4,4.249661e-6,4.079013e-4,3.202651e-4,-7.134466e-4,8.142885e-5,2.664266e-5,9.520366e-4,6.527429e-4,8.648941e-4,0.002693818,0.002756444,0.004288836,0.004652978,0.005375464,0.007497888,0.009267312,0.01282678,0.03497865,0.1691585,0.3730666,0.388224,0.1745585,0.0550493,0.05281838,0.06204759,0.07355066,0.08809796,0.1056722,0.124025,0.1431523,0.1619421,0.1831234,0.2086972,0.2377924,0.2621168,0.2942486,0.3205473,0.349032,0.3783582,0.4133362,0.4431603,0.4780919,0.5038945,0.5276229,0.5561237,0.5815367,0.6054596,0.6295062,0.6455882,0.6617244,0.6781579,0.6865933,0.6947587,0.6990461,0.7051557,0.7055016,0.7086243,0.7039941,0.7055152,0.7003336,0.6913984,0.6846019,0.6692147,0.6629633,0.6576938,0.6657147,0.6689106,0.6826058,0.6926136,0.7114211,0.744126,0.7837734,0.8341577,0.8795429,0.9292993,0.9731816,1.045179,1.074073,1.11507,1.18667,1.219575,1.263526,1.364618,1.153743,1.508169,2.413935,3.761477
432.088,0.006421823,0.006177318,0.01869145,-3.019349e-4,4.586542e-4,0.01062939,0.01090605,0.01284268,0.005923145,0.001826578,0.0088776,0.005916287,0.004607108,0.00549118,9.251435e-4,0.003869236,0.0026218,-5.05383e-4,2.473489e-4,0.001929867,0.001902659,0.002214102,8.234126e-6,0.0017475,2.598887e-4,0.002108218,0.001159414,5.986556e-4,0.002140497,0.003234903,-0.001350047,9.905447e-4,0.001645367,0.009393778,0.01228604,0.007536267,0.001701181,0.009302649,-4.487535e-4,0.007467977,0.004322097,0.005891338,0.002575715,8.177574e-4,0.009451484,0.004362552,0.003140655,-2.699947e-4,0.004369571,0.006299942,0.003838762,6.443976e-4,0.004696295,0.001455348,0.003377524,0.001806657,0.003330169,0.001673441,-5.727613e-4,1.113153e-4,0.001143417,0.003087862,0.001579396,0.001476308,0.002228148,-5.203069e-5,0.00111307,0.002810413,4.118423e-4,0.003066007,9.827629e-4,0.003694619,2.24263e-5,-1.203705e-4,9.606231e-5,0.001468935,2.839398e-4,8.878885e-4,9.379911e-4,-4.071344e-4,0.001560552,-0.001054171,0.001802913,1.705108e-5,0.002381122,0.001462026,0.001318016,6.145757e-5,-0.001326001,5.065201e-4,0.003176013,-2.471944e-4,0.002353453,3.975025e-4,0.002004266,0.00123211,-6.87235e-4,8.134586e-4,0.001230715,0.001211034,7.547101e-4,0.002272042,-1.173809e-4,8.165443e-4,0.001042173,0.001180935,6.848446e-4,-6.991717e-5,1.138507e-4,3.866727e-4,9.181977e-4,6.94559e-4,0.001920035,0.004182987,0.004833012,0.00571182,0.00590163,0.007574104,0.008845293,0.01184917,0.02654358,0.1173618,0.3219219,0.3580445,0.2005747,0.06443639,0.04910281,0.05936814,0.07041282,0.08323286,0.1008541,0.1167401,0.1371309,0.156824,0.179083,0.2018752,0.2273397,0.2531365,0.2801351,0.3130473,0.3405482,0.3678107,0.3981004,0.4313515,0.4626725,0.4918425,0.523774,0.5460242,0.5672477,0.5935138,0.6170649,0.6361308,0.6552942,0.6732342,0.6901551,0.6941698,0.7038726,0.7108098,0.7114959,0.7147222,0.7119621,0.7128945,0.7104022,0.7068962,0.7001388,0.685511,0.6787005,0.6704219,0.6730694,0.673226,0.6827667,0.6841014,0.7047337,0.7278804,0.7594411,0.7995528,0.8540023,0.8967898,0.9551383,1.003936,1.065784,1.120014,1.147676,1.206617,1.276675,1.308487,1.386442,1.423365,1.723318,2.067691,5.384618
434.396,0.01319763,0.01318822,0.0186529,0.01497283,0.0155143,0.0120259,0.01226054,0.008744881,0.007373785,0.007079662,0.001269983,0.006478672,0.001556601,0.004139576,0.002976598,0.004341502,0.008255286,0.003239811,0.006346277,-0.001886107,0.00272502,0.002807527,4.856505e-4,0.002440519,0.002482969,0.00110652,0.003781734,0.002294654,-1.098606e-4,0.002492876,0.004526769,0.004888365,0.009175267,0.009665548,0.01230558,7.398268e-5,0.001179619,0.001610489,0.005682815,0.003707713,0.00255458,-0.003993301,0.004461402,0.005646733,0.003235839,0.005900577,0.005829447,0.009176418,0.002864171,1.928859e-4,0.005238036,0.006482663,-7.890584e-4,0.004358057,0.003180247,0.004141953,0.00517452,0.005903055,0.001745063,0.001604264,8.881611e-4,0.005148436,0.004347944,-1.189942e-4,0.00463464,0.002449001,0.003487688,0.001681957,0.002561841,0.004315282,0.001601723,0.001483883,0.00359865,0.00214213,0.003351374,0.001449221,0.005288747,0.001664227,4.500783e-4,0.001551082,0.003117619,0.003260503,0.002014729,0.001454596,8.398965e-4,0.002574023,8.966929e-4,0.001738392,0.001097082,0.001459755,0.00166433,4.33911e-4,0.001193318,0.001180235,0.001709003,0.001640295,0.001504413,0.002655849,7.897678e-4,0.001063197,0.001461557,0.001116873,0.001050674,0.001013076,0.001017322,3.392371e-4,5.484558e-4,7.559618e-4,0.001376073,0.001479973,0.001080615,0.001338886,0.0026978,0.004440944,0.005484423,0.005781276,0.007581729,0.007937024,0.009862519,0.01963035,0.0966177,0.2768299,0.3703697,0.2252338,0.07873056,0.04830437,0.05709047,0.06861168,0.07944486,0.0944271,0.1125057,0.1313792,0.151829,0.1762381,0.1952378,0.2186408,0.2453265,0.269761,0.300063,0.3273592,0.3564614,0.3881823,0.4140555,0.4488424,0.4803555,0.5070133,0.5318017,0.5583555,0.5814841,0.6051229,0.628766,0.646388,0.6670854,0.6848154,0.6966392,0.70626,0.7136529,0.7149114,0.7179315,0.7226234,0.7236294,0.7203831,0.716021,0.7096158,0.7032884,0.6971965,0.6861268,0.6785427,0.6790051,0.6828717,0.6866605,0.7012505,0.718461,0.7398454,0.7850123,0.819358,0.8763938,0.9261891,0.9740019,1.030879,1.08237,1.159351,1.189538,1.231257,1.322163,1.36785,1.393628,1.613342,1.425974,2.955101,5.173986
436.705,-0.01400197,0.0123851,-0.009399958,-0.005930365,0.01068945,-0.006508104,0.006177607,0.001101757,-0.001927297,0.001357299,8.871582e-4,-0.001075573,0.001742029,0.003157254,-0.00408037,-0.004975825,-9.606047e-4,-8.674384e-4,-2.893827e-4,0.00196389,4.882917e-4,4.76321e-4,-1.641799e-4,-7.122789e-4,-0.002489457,-5.547151e-4,-0.002269139,4.257854e-4,-3.420842e-4,3.771036e-5,0.001033344,0.002478352,-0.001863039,-0.003860756,-0.002591555,0.003593425,3.946337e-4,-8.554413e-5,-0.001203706,-0.002857871,-0.00306078,-0.001207669,-6.999556e-4,-5.273621e-4,0.002649768,9.710993e-4,-8.822344e-5,0.003393641,-0.00189091,-0.006144739,-0.003107845,-0.001435262,-0.003355221,0.001718989,-0.003565188,-1.468774e-4,5.870798e-4,-0.001072654,-0.003499866,-0.001943261,-6.993811e-4,0.002652806,-0.002749736,8.731812e-4,4.895685e-4,0.002021116,-0.001133972,5.510337e-4,-0.001375394,0.001495028,-6.292198e-4,8.22064e-4,-0.0021729,-0.00246186,-0.002083942,-9.91139e-4,0.00121667,-0.002182756,-0.001967402,-0.002271102,-3.209452e-4,-3.083443e-4,-0.002195661,-0.002123411,5.886791e-4,-6.764258e-4,6.531204e-4,-2.128751e-4,-0.001962393,-0.001493178,-1.913885e-4,4.424395e-4,-0.001023364,-2.944344e-4,-4.536368e-5,6.244709e-4,-6.013248e-4,4.803432e-4,-8.840431e-4,-8.770727e-4,-3.896568e-4,2.349579e-4,-2.059995e-4,4.283869e-4,-6.015514e-4,1.956545e-4,-2.103529e-4,3.758065e-4,7.396418e-5,0.001038518,5.916721e-4,0.00207327,0.003085346,0.004758419,0.005708615,0.008043932,0.008129239,0.008614922,0.01513324999999999,0.06559518,0.2601846,0.3738642,0.2666966,0.0988667,0.0485855,0.05310671,0.06337925,0.07599171,0.09120931,0.1062777,0.1241346,0.1436871,0.16526,0.1882434,0.209387,0.2325571,0.2621977,0.2883988,0.3173215,0.347409,0.3763389,0.4007389,0.4324609,0.458128,0.4932882,0.5212651,0.5487117,0.5695804,0.591213,0.6152017,0.6350576,0.6594579,0.6786741,0.6934383,0.6984261,0.7087947,0.716818,0.7169333,0.7254209,0.7233168,0.7267712,0.7201003,0.7213446,0.7105483,0.7043223,0.700221,0.6830507,0.6783628,0.6811463,0.6907635,0.6900828,0.7083942,0.7260197,0.7531487,0.7765169,0.8384977,0.8848346,0.933149,0.9842925,1.057445,1.086026,1.157512,1.175903,1.225337,1.290266,1.294038,1.316455,1.461716,1.638408,1.497327,3.314504
439.015,-0.004470537,-1.545315e-4,-0.004306728,0.006061667,4.903436e-4,-0.01333095,-8.292332e-4,-0.007494674,-0.01232499,-0.005740427,-0.00606018,-0.004677566,-0.003744812,-0.007234695,-0.004732132,-0.004320582,-0.004376482,-0.004641807,-0.005272512,-9.526038e-4,-0.005272649,-0.002357197,-0.001688047,-0.001571341,-4.682588e-4,-0.001301056,-0.001368108,-0.001351818,-0.002058477,-0.003609793,1.787779e-4,-0.004088408,-0.00363198,-0.005608711,-0.007731121,-0.008113445,-0.003606119,-0.007877629,-0.002362647,-0.005765732,-0.008124443,-0.001370781,-0.004168906,-0.005873313,-0.003995437,-0.005864542,-0.00373154,-0.00148258,-0.006169134,-0.003196725,-0.002218462,-0.004352881,0.001274359,-0.004175937,-0.003104992,-0.006179918,-0.006675037,-0.003932212,-0.004970177,-0.003382162,-0.004056029,-0.003895317,0.001140224,0.00104878,-0.002397548,-0.007054127,-0.002960822,-0.002366201,-0.004195071,-0.002979624,-0.001646266,-0.003381673,-0.001033171,-0.002307273,-9.791041e-4,-0.00259203,-0.003296899,-0.002605277,-0.00243542,-0.002434926,-7.670393e-4,-0.002292068,-0.002768659,-0.001169807,-0.002012687,-0.001710004,5.513751e-4,-0.002660659,-2.008791e-4,6.238979e-5,-0.001477978,-0.002135915,-6.593684e-4,-0.002871731,-0.001310121,-7.299956e-4,-2.529382e-4,-7.792698e-4,-0.001032224,-5.594645e-4,-6.852867e-4,-8.862094e-4,-4.785563e-4,-3.893989e-4,-0.001120962,-4.913911e-4,-4.811335e-6,-1.00977e-4,5.321777e-4,6.14019e-4,9.090398e-4,0.001685404,0.003511603,0.004684881,0.006596219,0.007637002,0.008416623,0.009934058,0.04271238,0.2137429,0.4257533,0.3180469,0.1255571,0.04904788,0.05094455,0.05957717,0.07295053,0.08574539,0.0976473,0.1148885,0.1371395,0.1571684,0.1773938,0.2030709,0.2252574,0.2500463,0.2779824,0.3021059,0.3336156,0.3615654,0.3906173,0.4180374,0.4474816,0.476176,0.5041456,0.5291503,0.5567697,0.5814867,0.5985658,0.6211485,0.6417774,0.6613767,0.6755895,0.6994602,0.7037878,0.7115295,0.7181698,0.7201169,0.7252179,0.7224005,0.7216747,0.71906080000000006,0.7176417,0.7103858,0.7021223,0.6999775,0.6894702,0.6869056,0.6867345,0.6901687,0.7028148,0.7201478,0.7267574,0.7630069,0.7990078,0.8461001,0.8938369,0.9483122,1.006265,1.062358,1.100047,1.150914,1.198439,1.246444,1.268044,1.321656,1.289029,1.313863,1.372896,1.4426,-0.03023861
441.325,0.01158566,0.01546898,0.01001998,0.02095989,0.001246837,0.01357144,0.01206873,0.007707717,0.01074377,0.002668508,0.012104760000000001,0.008590443,-2.173916e-4,0.007103977,-0.004332875,0.003351827,0.004632464,7.293117e-4,1.708244e-4,0.004817135,0.002864016,-5.610188e-4,0.002446318,0.00210739,0.00176621,0.001957098,0.001404915,0.002376439,0.001297371,0.005227998,0.004713821,0.002895346,0.006524066,0.01430615,0.009238955,0.007022524,0.004432176,0.003291325,0.008974204,0.002540566,0.002048276,0.006799765,0.007847276,0.005891188,-5.15688e-4,0.005520593,0.01025006,0.003506387,0.004732561,0.004266818,0.007656936,0.003080588,0.006803485,0.001341606,0.003591416,0.002122415,0.0021682,0.004119086,0.003973912,0.003282943,8.003177e-4,0.003340063,1.707881e-4,0.002979976,0.003870209,0.004389135,5.530869e-4,0.003748401,0.00547457,0.004026463,0.004331614,0.001666474,7.03108e-4,3.18699e-4,0.00127527,0.001679191,-5.681695e-5,0.002105286,0.002784596,0.00163712,0.002784761,0.003423884,0.002517258,0.001693028,0.002044581,0.001251488,1.109561e-4,8.82352e-4,0.00257424,0.002097533,0.001555359,0.001426792,0.003031974,-0.001011431,4.098329e-4,0.001544936,-1.493102e-4,0.002086992,0.00140358,0.001503903,0.001324319,0.001345936,0.001380171,0.001004491,6.793869e-4,0.001579258,0.001184825,0.001118818,0.001487952,0.002357684,0.002317055,0.003434846,0.00451015,0.00606569,0.008204022,0.009451162,0.01155115,0.02647171,0.1476798,0.4432482,0.4334977,0.1704786,0.05766589,0.04889719,0.0582302,0.06964424,0.08181317,0.09504381,0.1117598,0.1281434,0.149236,0.1703789,0.1964442,0.215334,0.239645,0.2660095,0.291636,0.3177049,0.3471437,0.38102,0.4018495,0.4302599,0.4586294,0.4887653,0.5170716,0.540436,0.5657251,0.5899318,0.6086257,0.6244998,0.650822,0.6714313,0.6844433,0.7015828,0.7100551,0.7154066,0.7201708,0.7208205,0.723925,0.7274707,0.7169199,0.7180191,0.7186843,0.7114838,0.7042927,0.7004982,0.6859169,0.6853131,0.6900008,0.7013395,0.7099601,0.7172824,0.7499234,0.7775662,0.8074941,0.8587144,0.9197748,0.9709449,1.030058,1.072004,1.132998,1.186271,1.218168,1.250761,1.32092,1.348186,1.423699,1.501524,1.723934,2.922513,5.558965
443.636,0.009088898,0.009154659,0.01261767,0.00506995,0.01123372,-0.01222374,-0.006681678,0.006391456,0.005317686,4.627004e-4,-0.002560201,8.85217e-4,6.210883e-4,0.001368444,9.612001e-4,0.00184614,-0.001019446,-6.717391e-4,0.002109218,-0.002570812,-0.002357884,3.38268e-4,0.00150303,-0.001954091,-7.541335e-4,-1.516205e-4,-5.241735e-4,-9.133143e-4,0.001255381,-7.715524e-4,0.001197709,-6.783466e-4,-0.004657558,-0.001533687,-1.030001e-5,0.001359997,0.001743099,-4.271743e-5,-0.001630677,2.954889e-4,-0.003911552,-0.004481631,0.003512184,-0.002736574,1.103443e-4,0.0020035,2.583275e-4,-0.003918306,0.001178938,-0.001416504,-0.001028491,-7.468477e-4,-2.273514e-5,0.005198935,0.005290843,-4.361627e-4,0.001449796,-0.001207456,0.001938589,5.720158e-4,-0.001015031,0.00334399,-0.002197158,3.615282e-4,-0.001213359,0.001498463,-0.002475817,0.001617757,-0.002011649,1.134149e-5,-0.001031202,-3.511717e-4,1.422909e-4,-0.001758345,9.902979e-4,8.759699e-4,-7.028314e-4,-6.881739e-4,-0.001071204,7.707217e-4,3.16307e-4,-3.947673e-4,0.001605024,0.001181082,0.001056856,-0.001516523,-0.00200056,-0.001202643,4.864306e-4,9.287846e-5,-7.665714e-4,0.001015952,-0.001256035,8.646319e-4,0.001287219,-0.001024005,1.320189e-4,-5.24324e-4,2.85286e-4,4.21405e-4,-8.637401e-4,4.05935e-4,3.507274e-4,5.634291e-5,-3.055527e-4,3.928716e-4,0.00100581,6.337948e-4,5.120098e-4,0.001861281,0.002260704,0.003165247,0.005350926,0.00642436,0.008662378,0.00994446,0.0191747,0.0965952,0.3337775,0.5428159,0.2765985,0.06876491,0.04609805,0.05421262,0.06614254,0.07639553,0.09098707,0.1022262,0.1204192,0.1385421,0.1625057,0.1855074,0.2068586,0.2268144,0.2553922,0.2790705,0.3024686,0.3274783,0.3570726,0.3892348,0.4133563,0.4416053,0.4695818,0.4999968,0.5271347,0.5480463,0.5717125,0.5958269,0.6122203,0.6310597,0.6504661,0.6711589,0.6850454,0.6921301,0.7072717,0.7168251,0.7124913,0.7198937,0.718679,0.720689,0.7220284,0.7196237,0.7125204,0.7036288,0.7004496,0.6916359,0.689585,0.6830209,0.6909916,0.696828,0.703979,0.7248563,0.7499726,0.7730205,0.8130167,0.8640952,0.9232367,0.9688705,1.029867,1.074361,1.153158,1.171038,1.211546,1.284565,1.279173,1.366031,1.421249,1.496941,1.602514,1.96499,4.140617
445.948,0.01523445,0.03354688,0.02137212,0.01363937,0.01089049,0.008159414,0.004826706,-6.8447e-4,0.01516709,0.01539361,0.003063985,0.005504831,0.007291196,0.003363516,0.003623182,0.001100449,0.01042904,-5.045309e-4,0.004491331,0.003616534,0.002064073,0.001069743,0.002390364,5.723291e-5,0.001089408,6.022688e-4,0.001149878,1.907671e-4,0.002872757,0.007375656,0.00395818,0.002306687,0.006105913,0.006684395,0.007632426,0.00398017,0.00925751,-8.426877e-4,0.004455884,0.002571538,0.007376937,9.228142e-4,-1.537698e-5,0.006772776,0.005138731,3.980883e-4,1.517023e-4,0.005233484,0.005919952,0.004916522,0.008649127,0.003817636,0.005463729,-4.698039e-4,0.003263925,0.001209201,0.003210209,0.003813125,-5.534727e-4,0.001132986,-6.381345e-4,0.004416391,0.001967764,0.004214299,0.003769265,0.00301611,0.003429163,0.005711554,0.001227339,-4.958424e-4,0.002222462,0.002298822,3.701187e-4,0.003328955,7.409185e-4,0.005853425,-4.467998e-4,0.001500016,0.002471691,0.001398047,0.004201207,0.003232165,0.001913078,0.002360695,0.002791885,9.15114e-4,0.002060443,0.001481807,0.002789094,0.001443821,0.001388494,6.103341e-4,-2.693639e-4,9.019886e-4,0.001739998,-9.364019e-4,0.001269571,2.959992e-4,8.759178e-4,0.001585009,0.001808008,8.580551e-4,0.001250101,0.001661352,9.072347e-4,0.001095228,4.292918e-4,0.001535177,0.002164495,0.00370896,0.00343755,0.003881913,0.005851815,0.008238634,0.009618394,0.01776926,0.07890005,0.2485769,0.457766,0.4214584,0.1179551,0.04928166,0.05212461,0.0634472,0.07459064,0.08664228,0.09993594,0.1157132,0.1337528,0.1513052,0.1739498,0.1929903,0.2193932,0.2439073,0.2670337,0.2920641,0.3180737,0.3443913,0.3691384,0.4018113,0.4254902,0.4536412,0.4775373,0.5080646,0.5345394,0.5554274,0.579382,0.599248,0.6156389,0.6366354,0.6516878,0.6680215,0.681525,0.6982321,0.7069417,0.7125241,0.7137141,0.7141443,0.716048,0.7165049,0.7127254,0.7149329,0.7137323,0.7052555,0.7023048,0.691003,0.6894418,0.6848015,0.693288,0.6976054,0.7115528,0.7322518,0.7578562,0.7879731,0.8290236,0.8754353,0.9314123,0.9854149,1.040955,1.083008,1.155848,1.194502,1.234861,1.278319,1.316613,1.411377,1.411499,1.540336,1.683795,2.844513,3.222409
448.26,0.01000008,0.0083677,0.003981078,-0.004105488,0.003662771,-0.001296298,-0.007472173,0.004260159,-0.00225365,-2.125702e-4,-0.001903166,4.911571e-4,-8.358776e-4,0.004956689,0.006265109,-0.002708842,-0.001257477,-0.002623031,-6.755796e-4,-1.920429e-4,-0.001785329,1.2844e-4,0.002003181,-9.412366e-4,2.37588e-4,-7.340544e-5,0.002059922,6.384855e-4,-0.003815542,0.001523048,0.005842059,0.003071949,0.001538845,2.921517e-4,-0.002353158,0.001410509,0.002459391,0.006245419,8.037999e-4,-0.002947967,0.006227145,-0.001714053,0.002922415,0.004922152,-0.003469537,0.002028142,-8.22922e-4,0.001053634,0.003732616,0.003460808,0.002656697,-8.199319e-4,-0.001266248,0.00240432,-6.827801e-4,0.00138656,-9.86016e-4,3.29694e-4,0.003654357,-7.636364e-5,9.527158e-5,0.004033263,-4.476658e-5,0.002115764,2.825754e-4,0.00117545,0.002280341,-0.002988353,-0.001951662,-0.001443008,2.217285e-4,-2.652156e-4,0.001579761,-1.104848e-4,9.748376e-4,9.064316e-4,9.349058e-4,-0.001247356,-0.002132958,9.171514e-5,-0.002192563,5.288028e-4,-0.00151516,0.001019898,0.002661765,-1.846461e-4,3.7153e-4,0.001780161,1.500089e-4,-4.949837e-4,-0.001683448,4.838235e-4,6.708708e-4,4.841221e-4,-2.167958e-4,2.815371e-4,0.001202039,7.783753e-4,8.979632e-4,-1.605986e-4,-7.603783e-5,2.217072e-4,-1.137977e-5,2.750062e-4,3.337978e-4,0.001048002,0.001487888,0.001447072,0.002170038,0.003266354,0.004155782,0.004369457,0.006659438,0.0088940000000000009,0.01365557,0.06657124,0.2239878,0.3775922,0.3734234,0.2001604,0.05428473,0.04904466,0.05867136,0.07019365,0.08254867,0.09375579,0.1093648,0.1247854,0.1415503,0.1615151,0.1857668,0.2078977,0.2316563,0.2531695,0.276723,0.3039008,0.3281172,0.3526902,0.3802436,0.4128703,0.4367534,0.4634105,0.4859368,0.5126208,0.5378359,0.556813,0.5788124,0.5982351,0.6198799,0.6314176,0.6501904,0.6688137,0.6831159,0.6893748,0.7009138,0.7043321,0.7066858,0.7061573,0.7082168,0.7083909,0.7050491,0.7045386,0.701843,0.6929062,0.6916523,0.6889002,0.6811407,0.6873053,0.6903676,0.6971727,0.7105339,0.7346335,0.7557968,0.7857208,0.8234983,0.8854654,0.9380519,0.9882348,1.044495,1.095834,1.146129,1.18668,1.255388,1.248961,1.316307,1.361774,1.330727,1.492981,1.298722,2.76266,4.065725
450.573,-0.002183104,0.003745325,0.004268889,-0.009172819,-0.01547227,-0.01317132,9.697091e-4,-0.007339116,0.001906779,-0.01002091,-0.01229491,-0.004167924,-0.001739808,-0.0059882,6.277017e-4,-0.005840663,-0.00560698,-0.002871453,-8.859617e-4,-0.001725993,-0.004324005,6.147599e-5,-4.787079e-4,-0.001580435,-4.748701e-4,-0.00134026,-1.363536e-4,-0.002012893,7.507465e-4,2.637314e-4,-1.189276e-4,6.003749e-6,-0.005396686,-0.00834807,-0.005486563,-0.006091888,-0.006724535,-0.003423478,-0.00324358,2.334958e-4,-0.003604323,3.026389e-4,-0.004490385,-0.002601117,-0.00255792,-0.007373697,-0.00542165,9.994812e-4,-0.003750529,-5.749462e-4,-0.001800035,-0.002695032,-0.003564773,-0.007984665,-0.003178044,-1.75627e-4,-0.0035082860000000002,-6.237598e-5,-0.004503323,-0.001695532,0.002239672,-0.004627562,0.001976464,-0.002997709,2.105858e-4,-0.003663219,-0.002434408,-0.002110076,-0.002083278,3.92249e-4,-5.606217e-4,6.444544e-4,7.880113e-4,-9.782e-4,-0.0027967310000000002,-0.002045819,-2.778297e-4,-0.002101793,-0.004586067,-2.479621e-5,-0.00119105,-9.986966e-4,-0.002784205,-0.001178494,1.005941e-4,1.049203e-4,3.264421e-4,0.001602729,-6.832214e-4,-0.001429426,-0.001300521,-7.439453e-5,1.476416e-5,-7.645367e-4,-0.00177753,-0.001214823,-0.001136807,1.466196e-4,-0.001484064,-1.353446e-4,-1.020339e-4,-1.220562e-4,-3.160089e-5,-8.344377e-4,-1.457886e-4,5.231876e-4,0.001557751,8.833094e-4,0.002279639,0.003138496,0.003601062,0.004546813,0.007998731,0.0102345,0.04565105,0.1932107,0.3701999,0.3393912,0.1942709,0.07266907,0.04663659,0.05325865,0.06529446,0.07656103,0.08987917,0.1013161,0.1175438,0.1366089,0.1545922,0.1707983,0.1951418,0.2186632,0.2421109,0.2639892,0.2892472,0.3111179,0.3361149,0.3658159,0.3894416,0.420404,0.4411361,0.4695351,0.4955695,0.5212363,0.5391504,0.5598996,0.5814421,0.5979156,0.6181597,0.6331995,0.6495231,0.6656073,0.6790643,0.6868438,0.6945336,0.6980166,0.699254,0.6976259,0.6983912,0.7001504,0.7006929,0.6958076,0.6902872,0.6898749,0.6832561,0.6768811,0.675033,0.6771088,0.6863315,0.6948866,0.7117102,0.7281127,0.7523221,0.7861054,0.8299496,0.8866984,0.9347631,0.9979351,1.038209,1.099331,1.149318,1.178703,1.225901,1.258433,1.280622,1.304964,1.258102,1.333066,1.311489,1.583193,3.886738
452.887,0.02713812,0.02615771,0.02237388,0.006704152,0.01127966,0.0122011,0.002500393,0.01647843,0.01917775,0.009456777,0.007166682,0.006145501,0.002771568,0.006615546,0.006480499,0.002712475,0.007035772,0.00621232,0.003838502,4.729946e-4,0.003965665,0.001970016,7.971454e-4,0.003502406,-2.438243e-4,0.001122352,0.002622653,0.00232196,0.003511373,0.004347128,0.003757146,0.004995111,0.007074727,0.001097767,0.003658541,0.003879167,0.00622499,0.003565254,0.006975811,0.00283683,0.009222107,6.12602e-4,0.003584812,0.008787595,0.005711598,0.0032351290000000002,0.009038618,0.004828508,0.006831311,0.008032601,0.001768605,0.00174214,0.004976389,0.006084874,0.00476276,0.001050474,0.004423115,0.002358191,0.004912009,0.002850003,6.113177e-6,0.003883246,-3.167593e-5,0.003505442,0.003013569,0.003107815,0.004461751,0.00379456,0.00328915,0.003906313,0.002440499,0.004286653,0.002089694,0.00260068,0.00315142,0.003981235,0.004936934,0.002766994,0.001542975,8.628077e-4,3.757549e-4,0.001685545,0.003137213,0.003052587,0.002723395,8.968262e-4,0.00127593,0.001843899,8.470789e-4,0.001610643,9.452457e-4,0.001297451,0.001191215,0.001870222,8.781008e-4,1.044354e-4,2.380939e-4,7.919231e-4,7.34296e-4,7.656649e-4,3.697331e-4,4.746204e-4,0.001103052,0.00153409,3.771132e-4,0.002538431,0.002209847,0.002884135,0.004292532,0.004464346,0.004643696,0.006410993,0.009035657,0.02275199,0.1579955,0.3555169,0.3701217,0.1800241,0.06925669,0.04377481,0.05118823,0.06167466,0.07317216,0.08629596,0.0999894,0.1121664,0.1287776,0.1448307,0.1632471,0.1845854,0.2078505,0.2302447,0.2530645,0.2788092,0.2991263,0.3202973,0.3494512,0.3770313,0.3980837,0.4289764,0.4492416,0.4755475,0.4977987,0.5192135,0.5456901,0.56629,0.5883191,0.5998574,0.6141299,0.6297742,0.6501228,0.6599735,0.6751148,0.683354,0.6861428,0.6946343,0.6962147,0.6916071,0.6921613,0.6949636,0.6938853,0.6901385,0.6895002,0.6896234,0.6816393,0.6751984,0.6723842,0.6787258,0.6826518,0.6964406,0.7122514,0.7351967,0.7543365,0.7863298,0.8309019,0.8899948,0.9427608,0.9953205,1.045068,1.089076,1.15053,1.186582,1.210782,1.243856,1.333196,1.378552,1.466864,1.443832,1.689917,2.882205,5.044698
455.202,0.01106271,0.01617341,0.01148292,0.01405379,-0.004220715,0.004861999,-0.008282164,-0.002206818,0.01575109,6.758044e-4,0.001832644,-0.002422549,-0.002730669,-7.129574e-4,0.005756975,4.437305e-4,0.004274306,1.340487e-4,0.002275003,9.344918e-4,-5.926695e-4,0.002013888,0.003023205,0.003133906,0.001347256,0.001824319,-7.953011e-4,6.137127e-4,-2.923979e-4,-3.073827e-5,6.830731e-4,0.002956673,0.001840051,-0.003947058,-0.003588638,-8.243337e-4,0.006519266,0.00287289,2.66096e-4,-0.002633181,-7.981267e-4,0.002418633,-0.003285331,-0.001867214,0.002817584,0.005311849,4.099711e-4,0.002992374,-0.003576411,-0.001825427,-0.001102848,0.004953993,-9.356488e-5,1.059094e-4,4.786846e-4,-3.935094e-4,-0.001388761,0.002607285,0.003276853,6.968863e-6,0.003892135,0.001495547,0.00181598,0.001718069,0.001817192,6.501814e-4,7.830374e-4,0.002381922,-3.759665e-4,-2.649195e-4,4.659669e-4,0.001142192,1.34654e-4,6.839837e-4,-2.252372e-4,-0.001088273,-0.001023581,4.543772e-4,3.858177e-4,-7.484908e-4,-6.514642e-5,-1.036674e-4,4.353649e-4,0.001288999,-1.418323e-4,-1.039939e-4,8.94933e-4,-0.001458602,0.001436999,-0.001333528,2.410643e-4,0.001019298,0.001020601,-5.47916e-4,-2.601004e-4,3.307982e-4,4.590808e-4,2.190547e-4,0.001233579,-5.57992e-5,2.108132e-6,9.564463e-4,0.001310102,5.380465e-4,5.123548e-4,0.001739653,0.003224028,0.002578102,0.003653604,0.005129163,0.00516982,0.007548404,0.01534526,0.08916146,0.3264795,0.3929397,0.2212691,0.06969947,0.04125706,0.04715806,0.05713615,0.06874882,0.07771563,0.09165391,0.1091082,0.1202184,0.137767,0.1541,0.1715368,0.194229,0.2175701,0.2389199,0.2621938,0.2863382,0.3086854,0.3293782,0.3584874,0.378443,0.4065722,0.4356097,0.4554254,0.4796984,0.5038627,0.5237422,0.5485255,0.5655087,0.584045,0.6023237,0.6147744,0.6264322,0.6419053,0.65938,0.6695209,0.6786184,0.6850123,0.6838433,0.6885655,0.6871461,0.6901083,0.6840154,0.6866191,0.6822822,0.6792776,0.6763822,0.6741024,0.6674044,0.6714575,0.6712926,0.6840257,0.6957077,0.7058017,0.7336406,0.7595481,0.7944206,0.8417898,0.8930482,0.9440319,0.9945268,1.044761,1.090489,1.129494,1.182262,1.229784,1.257106,1.275999,1.285885,1.389129,1.359747,1.769504,1.92015,4.697616
457.517,0.01201728,0.005340506,0.004805044,0.001574075,0.005665984,-0.01754583,0.001153532,0.006457468,0.006424122,0.007380071,0.001821566,-0.001891502,0.001100982,0.005744669,0.003157479,-0.004583736,-0.007407013,-0.003463461,0.00291576,-0.001514446,-0.002763617,-0.00226547,-5.611702e-5,-4.12594e-4,-2.428483e-4,-0.001978995,-0.001573128,-0.002917819,-0.001908371,0.00103091,0.0011438590000000001,-0.004205603,-0.005876307,0.004365224,4.481337e-4,-0.006215629,-2.297222e-4,-5.090019e-4,0.001205354,-2.763067e-4,-7.908553e-4,-0.003679928,-0.001940436,-8.594584e-4,0.001801319,-0.003230288,-0.005769083,0.002304163,4.727764e-4,-0.004433754,-0.002155053,6.777967e-4,0.002279985,-0.003556867,0.001334699,-0.002466834,-2.910165e-4,-0.001244195,-0.002762751,-0.002244039,-6.023658e-4,-0.004034696,-6.53853e-4,0.003312126,-0.001703867,-0.003055676,0.001883697,9.295314e-4,-8.760395e-4,6.42083e-4,0.001994626,6.718097e-4,7.998117e-4,-0.001049691,-0.002555108,-0.002134509,-3.073707e-4,-9.976323e-4,-0.001356476,-0.002120552,-0.0027908,5.668891e-4,-1.240183e-4,0.0012866520000000001,-8.128419e-4,-0.001774971,-5.56242e-4,-9.271004e-4,8.252631e-4,-0.00161125,-0.001367997,-2.739586e-4,-1.174377e-4,-6.204932e-4,2.350265e-4,-3.657642e-4,8.425765e-4,-1.843149e-4,2.078441e-4,2.647962e-4,2.771988e-5,3.891792e-4,-1.543261e-4,9.741787e-4,0.001227107,0.001428546,0.002657935,0.002631555,0.003480108,0.005803969,0.006488838,0.01139337,0.06355917,0.2472713,0.358333,0.2621737,0.0897758,0.03864483,0.04217196,0.05203929,0.06212732,0.07376807,0.08529877,0.09935085,0.1132454,0.1275005,0.1455553,0.1649727,0.1804039,0.2044631,0.2270402,0.2487593,0.2715646,0.29035,0.3156689,0.3368628,0.3656934,0.3880965,0.4112315,0.4385612,0.4618957,0.4806615,0.5069449,0.5249703,0.5470932,0.5673977,0.5835516,0.5964022,0.6110777,0.625511,0.6362192,0.6504991,0.6631647,0.6752215,0.6801867,0.6802089,0.6837456,0.6816799,0.6829797,0.6764296,0.6738623,0.6732145,0.675081,0.6697879,0.6641869,0.6651717,0.6611481,0.6662014,0.678461,0.6882409,0.7098122,0.7263338,0.75512,0.7977239,0.8397771,0.8881505,0.9469522,1.003761,1.050061,1.100087,1.142136,1.188287,1.219722,1.241601,1.29566,1.319533,1.320523,1.417905,1.294458,1.622863,2.708189
459.833,0.01356817,0.004908059,0.001618142,0.00243574,-0.005843991,5.101035e-4,0.009265679,-0.01140357,6.323023e-4,-0.001530485,0.0021513220000000002,3.015633e-4,0.003417378,0.002327559,3.850224e-4,0.002285209,-0.001949818,-0.004808432,-0.006214285,-0.00238808,0.00237637,-7.399635e-4,0.001424215,6.030879e-4,-8.381408e-4,-0.002102187,0.00102804,0.001394423,6.729302e-4,4.86403e-4,0.002835184,3.784043e-4,0.00560099,-0.002519791,0.005368712,-6.796618e-4,0.002483542,-0.004008749,8.788468e-5,0.00272276,0.001313119,0.003550602,-0.00534546,0.002539076,-0.007946997,-0.002004479,-5.422175e-5,-0.00428311,-0.002274361,-0.004355599,0.001224689,-0.001337791,0.001430099,-0.004796905,-0.001157205,-4.556373e-4,0.002241142,4.691382e-4,-4.049559e-4,8.753181e-4,-9.888268e-4,0.001784914,0.00135268,-0.002743509,-0.00157298,0.003087244,0.002163192,-1.605551e-4,1.904076e-4,0.001613955,-9.835728e-4,-5.566603e-4,2.349234e-4,-7.985353e-4,6.033145e-4,-0.002655955,-4.946834e-5,-4.517108e-4,-0.002947783,-0.001900025,-6.630735e-4,-7.439485e-4,2.703757e-4,3.811544e-4,1.809931e-4,-3.907024e-4,6.543334e-4,9.206522e-4,-1.396507e-4,-0.001756184,-0.001258625,0.001962559,2.282515e-5,-7.042611e-4,-8.249961e-4,-5.415024e-4,0.001078808,4.54956e-4,5.384885e-5,4.520664e-4,6.794558e-4,5.657426e-4,0.002390916,0.002030801,9.779769e-4,0.00248953,0.003252718,0.004120825,0.004920474,0.007201468,0.009294363,0.03798453,0.1969946,0.2999868,0.3074926,0.1073534,0.04033492,0.03872031,0.04540855,0.05762016,0.0684658,0.08070733,0.09412075,0.1078368,0.1228794,0.1374144,0.1535122,0.1718621,0.1903509,0.2116702,0.2340473,0.2575687,0.2824024,0.3013073,0.3286736,0.348827,0.3728247,0.3965906,0.4185205,0.4436924,0.4643498,0.4874246,0.5088166,0.5316789,0.548817,0.568933,0.5829089,0.5967088,0.6140088,0.6205658,0.6380092,0.6509798,0.655973,0.6707847,0.6711954,0.6758074,0.6741563,0.6734472,0.6733486,0.6722184,0.6667215,0.6623315,0.6618569,0.6630932,0.6649745,0.6593693,0.6570641,0.6675558,0.6716222,0.6871558,0.7054197,0.7322084,0.7584786,0.8001498,0.8424318,0.8928967,0.9522694,1.005357,1.046045,1.096946,1.129142,1.17491,1.216871,1.246009,1.292709,1.301443,1.244455,1.36168,1.325096,2.530397,2.348088
462.15,-0.008389726,0.001551226,0.00159449,-5.220786e-4,-0.009573614,-0.01460394,-0.008310808,-0.01905372,-0.003129804,-0.009640733,-0.008759035,-0.001510607,-0.002180133,-0.00394631,-0.009329646,-0.004452934,-0.005234178,-0.006741549,-0.005751918,-0.004151342,-0.002359957,-0.003030148,-0.001686468,-0.00380671,-0.00287421,-8.053606e-4,-0.002038913,-0.002299068,-0.002898478,-0.002058053,-0.006373243,-0.004365078,-0.007907012,-0.00111219,-0.006953384,-0.007366851,-0.009851756,-0.007647236,-0.006605909,-5.038127e-4,-0.007262961,-0.01000277,-0.002554913,-0.005463805,-0.004547719,-0.005580201,-4.857621e-4,-0.003759858,0.002492599,-0.004347548,-0.00697231,-0.006686487,-0.003528712,-0.001695779,-0.001058096,-0.002063745,-0.001618722,-0.004506536,-0.005612782,-0.004912941,-0.002991592,-0.002433897,-8.62653e-4,-0.00382561,-0.002057902,-0.001782219,-2.673844e-4,-4.11094e-4,-4.775753e-4,-0.002495282,-0.002829005,-0.001553402,-0.004219662,-4.202132e-4,-0.001719988,-0.003673072,-7.423592e-4,-0.001792555,-0.001644006,-0.001835358,8.149914e-4,-0.00207965,-8.310163e-4,-0.003421004,-0.002105308,1.179334e-4,-0.001823923,-0.001500715,-0.003816082,-0.001253439,-0.001181043,-8.257084e-4,-0.001208178,-0.001553282,-0.001737069,-6.102441e-4,-6.158376e-4,-9.308975e-4,-0.001312309,-0.00134288,-5.8079e-4,-6.902375e-4,7.994227e-4,0.001150198,0.001896713,0.002785837,0.003693155,0.004105614,0.006250816,0.007816649,0.02766539,0.1142442,0.2761608,0.4136373,0.1552861,0.04103211,0.03513946,0.0422324,0.05060724,0.06251287,0.07327016,0.08652288,0.09923685,0.114486,0.1297664,0.1445898,0.1629443,0.1776411,0.1963754,0.2221884,0.2414769,0.2645454,0.2880903,0.309684,0.3289891,0.3541193,0.3751147,0.3987969,0.4233852,0.4472896,0.4666973,0.488725,0.5077208,0.5276844,0.5463812,0.5621523,0.5789782,0.5903028,0.6067321,0.6211144,0.6309929,0.6425018,0.6501628,0.6600399,0.6621898,0.6646056,0.6624113,0.6602694,0.6599841,0.6608886,0.6537293,0.6561222,0.6543668,0.6512794,0.6515059,0.6537602,0.6541781,0.6579438,0.6740985,0.6894036,0.6998262,0.7278467,0.7567983,0.7910094,0.8328953,0.8890925,0.9447936,0.9925396,1.037318,1.091771,1.119407,1.181752,1.182617,1.237142,1.26257,1.26873,1.282471,1.273591,1.323862,1.659087,1.897218
464.467,0.007198927,0.01529798,0.002822691,0.004108493,-7.972191e-4,0.01451971,0.005059207,0.01706627,0.005450028,1.276719e-4,0.003549745,0.004901879,0.004139363,0.007081881,0.003052105,0.003832109,0.002688572,8.875841e-4,0.002713498,0.004292045,0.001022107,0.003045089,-1.497848e-4,-9.247641e-5,0.001409342,1.334393e-4,3.67916e-4,0.001787829,0.00231265,0.007020388,0.004596065,0.006104006,6.276693e-4,0.001955173,0.006901495,0.006702957,0.00665439,0.006962612,0.005477674,0.002352826,0.002654872,0.003623691,0.009311134,-0.00346174,-0.001196169,0.002929635,-7.4089e-4,0.002182268,0.005408484,0.00202685,0.001086341,0.003886489,0.004190112,0.00288415,0.002800808,0.002783461,0.003061344,0.002315064,-0.001226947,0.002610281,0.003493944,0.003024504,0.001139636,-0.001426471,0.001173934,8.253396e-4,0.001200132,0.004893754,0.001912038,0.003890262,0.001251858,1.653723e-4,0.003096526,-0.00125369,2.452464e-4,0.002584981,0.001280179,0.001132274,-4.155228e-4,-4.406478e-5,0.002168949,-0.001105146,0.003128802,0.001189439,3.465251e-4,8.444687e-4,9.084996e-4,9.829003e-4,7.415018e-4,-5.352232e-5,0.001839452,9.755615e-4,0.001097762,0.001015396,4.009144e-4,-8.082832e-5,5.895287e-4,4.111746e-4,8.098776e-4,0.002496455,0.001775317,0.002117432,0.003148895,0.003238371,0.002134373,0.004204459,0.005267167,0.004941828,0.008517279,0.02358327,0.09606352,0.2252356,0.3268028,0.2474075,0.05694824,0.03296979,0.03962307,0.04719379,0.0565266,0.06778381,0.08084996,0.09400433,0.1077791,0.1225888,0.1374596,0.1508858,0.1709325,0.1876742,0.2073272,0.2281766,0.2492495,0.270807,0.2962328,0.3127216,0.3369923,0.3572984,0.3809417,0.403965,0.4251331,0.4506334,0.4709282,0.4863391,0.5039158,0.5286196,0.5495775,0.562864,0.5767646,0.5888962,0.5989303,0.608855,0.6246201,0.6330444,0.6399058,0.6480785,0.6550911,0.6544015,0.6516781,0.6506266,0.6509651,0.6475197,0.648161,0.6468147,0.6473708,0.6450837,0.6439066,0.64407,0.6484665,0.6539177,0.6670166,0.6774567,0.7043988,0.7257939,0.753617,0.7906237,0.8352939,0.8926026,0.9403831,0.9918157,1.045081,1.089112,1.11259,1.164447,1.191398,1.218905,1.261644,1.314282,1.35423,1.355605,1.532451,2.453118,6.303373
466.786,0.005508533,-0.002512768,-5.793859e-4,-0.005724965,0.001046991,-0.007778636,-0.003272301,-0.008342914,-0.00734658,-0.007904281,0.005873966,1.489118e-4,-0.002019146,-0.006375286,-0.002768738,0.003237945,-2.235464e-4,-0.003906392,-0.002719426,-0.001260567,-0.001277493,-0.001898677,-0.001157276,0.001143483,-0.001584025,-0.001431997,-0.001667353,-3.96853e-4,6.406749e-4,-0.002296416,-0.002564095,-0.009299692,2.624986e-4,-0.001719205,-0.00525777,-5.002257e-4,-0.003678056,0.005184271,-0.005785807,-5.269283e-4,-0.001427213,0.001376315,-0.001652254,0.005105989,0.001814238,-0.003616416,-6.175346e-4,-0.005039993,2.733775e-4,-0.003925578,-0.002499398,-0.001980136,0.003360497,-0.005144685,-6.757328e-4,-2.515359e-4,2.298227e-4,4.027905e-4,-0.001951971,-9.260251e-4,1.303955e-4,-7.97368e-4,-0.001275818,-0.002154404,-0.003732849,-0.00270829,0.001864425,-0.001589949,-0.001261664,-7.308206e-4,-0.005144088,0.001004079,-0.001233279,2.974175e-4,-0.001073885,0.001121936,4.70371e-5,6.660037e-4,-8.761733e-5,8.115441e-4,-0.00102744,-0.001497043,-0.001611244,-7.430926e-4,1.630641e-4,-6.676616e-4,-0.001927334,-0.001405769,1.583916e-5,2.709558e-4,-1.043936e-4,1.272892e-5,-3.468958e-4,2.591703e-4,-3.14838e-4,6.948808e-4,-7.69735e-5,2.203606e-4,-2.496742e-4,1.54525e-4,4.345761e-5,0.001501132,0.003221792,0.003491845,0.003012831,0.003636663,0.005013686,0.006351893,0.01508273,0.08153422,0.2043516,0.2496201,0.2582759,0.08176082,0.03250309,0.03526247,0.04304957,0.05100508,0.0624076,0.07310085,0.08615867,0.1005125,0.1140186,0.1276067,0.1418102,0.1567085,0.1748601,0.1909354,0.2106517,0.2303855,0.2574071,0.2740149,0.2988825,0.3190398,0.3410997,0.3595817,0.3830612,0.4032678,0.4282354,0.4489174,0.469762,0.4841411,0.5032518,0.5219623,0.5408766,0.555014,0.5707038,0.5791076,0.5917739,0.5986358,0.6169068,0.6233619,0.6338071,0.63618,0.6396049,0.6397322,0.6387099,0.6380901,0.6359006,0.6359186,0.6376944,0.6314607,0.6303091,0.6358313,0.6346509,0.6348006,0.6327106,0.6444233,0.6570113,0.6716842,0.691777,0.7144145,0.7396603,0.7849587,0.8252269,0.8757387,0.9306931,0.9814926,1.033923,1.068414,1.116251,1.136669,1.184209,1.212607,1.222574,1.221423,1.223002,1.257174,1.424957,1.153269,5.255067
469.104,-2.522378e-4,-4.718068e-4,-0.00609734,0.001467429,-0.00727084,-0.009899477,-0.004472861,-0.008567601,0.004301354,0.001505996,0.003354486,1.510308e-4,0.004443467,8.985608e-4,-0.001057507,-0.003499516,-0.001638606,-0.003638831,-0.001638314,-0.003974575,-0.002388513,-9.968778e-4,-2.595089e-4,-0.003395066,-8.353419e-4,-4.078488e-5,-6.724766e-4,-0.002258644,-8.534333e-4,-0.003639724,-0.004003227,-0.005039856,-0.007042667,-0.01451057,-0.001336447,-0.008915216,-0.005636321,-0.00335298,2.100514e-4,0.003163977,-0.001733247,-3.900897e-4,-0.002223526,-0.005384498,-0.002303831,4.78128e-5,-0.004078786,0.001525445,-0.001857367,-0.004618815,-0.002137469,-0.002851698,-0.002805566,-2.65488e-4,-2.25979e-4,-3.513639e-4,-0.002355567,0.003597664,-0.00129191,0.001784897,4.164651e-5,-0.002299185,-0.00184531,-0.002308145,-0.002273769,0.001677501,-0.003536963,-5.322404e-4,-0.001969164,7.971833e-4,-0.001373422,-0.002181869,-0.001091039,-8.003396e-4,-0.003268325,-0.001300051,-0.001439208,-0.001686215,-0.001177915,-0.003080866,-0.001013262,-5.811191e-4,-0.002135315,-0.001497072,-2.03868e-4,-8.783997e-4,-4.226597e-4,2.352096e-5,-1.856229e-4,-0.001465929,-1.361026e-4,5.900186e-4,-0.001178682,-0.001564464,-5.798988e-4,-6.657404e-4,4.267359e-4,4.430244e-4,0.001037501,-0.001033648,0.001204048,0.001903074,0.002310841,0.003438499,0.003015874,0.004012157,0.006669362,0.01049566,0.06476065,0.2074057,0.2570479,0.2026419,0.09787153,0.03509043,0.0318492,0.03888288,0.04673168,0.0547987,0.06478882,0.07823887,0.09141011,0.1068027,0.1175323,0.1348356,0.1488411,0.1640396,0.1811778,0.200471,0.216029,0.2372194,0.2607725,0.2809261,0.3028181,0.3229697,0.342531,0.3628914,0.386663,0.4049338,0.4282518,0.4489034,0.468811,0.4849886,0.5037116,0.521718,0.5374082,0.5519742,0.5637308,0.5765576,0.5846936,0.5932317,0.6046328,0.6153076,0.6246147,0.6238994,0.630813,0.6290763,0.6307083,0.6282076,0.6262502,0.6252588,0.6277195,0.6260088,0.62542,0.6269386,0.6222419,0.6263271,0.6318298,0.6377921,0.6530834,0.6730515,0.694125,0.7148936,0.7386937,0.7824803,0.8264643,0.8800884,0.9342986,0.9749278,1.022058,1.055928,1.091856,1.134766,1.172552,1.186848,1.21463,1.269546,1.220888,1.297162,1.094731,1.993422,3.231827
471.424,0.003253475,0.001443546,-0.003025698,0.006020568,-0.009064494,-0.005780182,-0.002619786,-0.006227595,0.00111894,-0.001086029,9.954984e-4,0.001037649,-7.546134e-4,-0.0023125,-0.004288278,-3.752014e-4,0.001476555,-0.002444603,4.31831e-4,-0.002143935,3.53067e-4,-0.00173993,0.001128244,2.383945e-5,-0.001167537,-2.169579e-4,-0.001474918,-0.001412297,-3.677528e-5,-5.548829e-5,-0.003425412,0.002228838,0.001681338,-0.001299228,-0.003579903,-0.007563664,-0.002781185,8.257711e-4,-0.00349846,-2.162877e-4,0.004369066,-3.968046e-4,0.002054579,-0.005229022,-0.001304188,-0.003052219,8.52077e-4,-0.001744031,-8.457364e-4,-0.001724182,-0.001785146,0.002153288,4.767647e-5,0.001228662,-3.372162e-4,-0.002033254,-8.205443e-4,0.001801964,5.775731e-4,-1.229535e-4,-0.002335526,3.740224e-4,5.325051e-4,-0.001802163,-0.003044267,0.0011917,0.001088378,-7.655448e-4,-0.002160172,2.35466e-4,-0.002512583,1.574611e-4,-4.75573e-4,-0.001338817,8.62364e-4,6.282893e-4,-1.718208e-4,-4.70931e-4,0.001172823,-7.320234e-4,-2.868761e-4,-8.324865e-4,-0.001252243,-2.601155e-4,1.097842e-4,5.049188e-4,1.865912e-4,5.334085e-4,-0.001021283,-6.615512e-4,-4.164451e-4,-2.473792e-4,-1.618321e-4,1.553211e-4,-4.311146e-5,-0.001864828,9.820366e-4,7.362564e-4,7.954902e-4,-2.781632e-4,7.964223e-4,0.002462821,0.004290807,0.003138479,0.004632686,0.006377319,0.01028389,0.04187726,0.1677544,0.3191309,0.2058258,0.09126119,0.0349123,0.03165756,0.03599567,0.04394626,0.0511503,0.06013477,0.07196839,0.08365165,0.09769478,0.1122997,0.1236469,0.1383943,0.152788,0.168992,0.1880385,0.203149,0.2201092,0.2416264,0.2632691,0.2860388,0.3043958,0.3254096,0.3485499,0.3650919,0.3868915,0.4085653,0.4276066,0.4518588,0.4651883,0.4814534,0.500962,0.516883,0.5343928,0.5443082,0.5609311,0.5657849,0.5771907,0.5890483,0.5987629,0.6027403,0.6106658,0.6117489,0.6184229,0.6184193,0.6153716,0.618845,0.6187656,0.617171,0.6163056,0.6178923,0.6135842,0.6159898,0.6162356,0.6165694,0.6285626,0.6351974,0.6506152,0.6603439,0.6862244,0.7117962,0.7382783,0.7824723,0.8250154,0.8660189,0.9245523,0.9760506,1.015149,1.061436,1.102463,1.140504,1.147065,1.197004,1.208071,1.233954,1.270914,1.279086,1.233386,2.405652,1.812067
473.744,-5.993352e-4,0.01014009,0.00759005,-0.007077218,0.008057793,0.005978619,-0.003554627,6.87456e-5,0.003701441,0.003072479,0.003285938,0.006410151,0.004768905,-0.001866436,-2.615198e-4,-0.002521555,4.211526e-4,-0.003377652,6.566765e-4,0.002732308,0.001620314,-2.527333e-4,9.39755e-4,-9.456561e-5,0.001542671,0.001322572,0.001726103,0.003593638,0.001649686,-3.030656e-4,0.002592241,0.00754704,0.0090725,0.01040163,0.004111124,0.004146363,0.002527313,8.344046e-4,-0.001428833,0.004500245,0.00226376,0.004270729,-0.00121904,0.008382952,0.001278152,0.002317929,0.003213897,-0.003970259,0.003158898,0.001001723,0.001399674,0.001919964,0.003774961,0.003341179,0.002339407,-5.481281e-4,5.097138e-4,0.001141465,-0.001830273,6.501922e-4,7.842209e-4,6.968256e-4,4.498372e-4,0.002698316,0.001232713,0.003114637,-3.561528e-4,0.002883865,-9.613486e-4,0.002967966,0.002075626,0.002606417,4.332124e-4,0.001011998,0.002768544,-1.944065e-4,0.002106808,-9.161861e-4,0.001116823,-0.002208912,-0.001168589,6.108886e-4,8.30392e-4,4.45926e-4,-0.001077323,0.001710049,0.001758162,0.001081093,-2.650455e-5,-1.470958e-4,-1.384875e-4,0.001665506,0.001318558,2.891438e-4,0.001170106,9.161663e-4,0.001442041,7.344196e-4,0.002610713,0.002403223,0.002256625,0.004483409,0.005947796,0.005166197,0.006469484,0.008073677,0.03181248,0.1158226,0.2575541,0.2986773,0.1034315,0.03706319,0.02937457,0.03484981,0.03983843,0.04772099,0.05432263,0.06591748,0.07673109,0.08938372,0.1007703,0.1183384,0.1304749,0.1452953,0.159415,0.175292,0.1921107,0.2086527,0.2249899,0.2464767,0.2688789,0.2900104,0.310878,0.3311075,0.348479,0.3684348,0.388355,0.4057309,0.4298441,0.4500838,0.4648617,0.482824,0.4993589,0.5177365,0.5319708,0.5411425,0.5513683,0.5625128,0.567858,0.5760736,0.5862874,0.5969541,0.6010682,0.6044821,0.6092642,0.6082303,0.6073489,0.6056501,0.605586,0.6046483,0.6040905,0.6058926,0.6033765,0.6090177,0.6103,0.6118181,0.6164508,0.6292154,0.6429734,0.6545668,0.6784771,0.7046352,0.7326782,0.7756368,0.813492,0.8658672,0.9190446,0.9570546,1.017553,1.055253,1.098274,1.109118,1.133098,1.176303,1.221498,1.224619,1.331864,1.263112,1.745866,2.328976,4.833484
476.065,0.008843594,0.005251464,0.01147577,0.01020439,0.009235576,0.01532572,0.005194204,0.01031619,0.003168717,0.008315995,0.001822629,0.006515124,0.00221346,0.007439615,0.005413132,0.003989833,0.002731391,2.730971e-4,0.00521579,-0.001063715,0.001853049,0.001354816,0.001975454,6.247858e-4,0.002207234,6.918128e-4,0.001147226,0.002679621,0.001979464,0.002459824,-4.20226e-4,0.005470765,2.295299e-4,0.006771932,0.002051562,0.00928435,0.005132372,-4.181779e-4,0.003532805,0.005459252,0.00431807,0.003068573,0.003975401,0.002550206,0.001229395,0.003357785,0.005306318,0.001981497,0.003384967,0.002768716,-8.433946e-5,0.003669886,0.002003351,0.002249692,0.002925771,7.100641e-4,-6.452134e-4,7.701548e-4,0.001882721,0.001240013,0.002968538,-7.206583e-4,0.003844405,-6.159875e-4,0.00158744,0.002423667,8.756097e-5,0.003155932,0.001781617,0.002886111,0.001603006,0.001807828,0.00377333,0.001140434,0.002074306,0.001398419,0.003348825,-3.018144e-4,0.004124563,0.001794424,0.001086081,8.542203e-4,0.001597303,0.001662794,8.378947e-4,0.003749203,0.00144311,7.385688e-4,0.00343414,6.943245e-4,7.802198e-4,0.001278182,0.00109118,2.501963e-4,7.563254e-4,9.437869e-4,0.001343322,0.001178359,0.00191177,0.003135205,0.003171143,0.004519679,0.005885989,0.006221341,0.007474899,0.01942622,0.1179852,0.2044778,0.2387455,0.1625937,0.04205921,0.02788427,0.03255243,0.03882278,0.04552595,0.05196378,0.06029843,0.06956013,0.08145759,0.09513854,0.1099525,0.1210162,0.1362635,0.1506822,0.1659912,0.1777938,0.1989994,0.2135677,0.2279893,0.2515088,0.2731096,0.2928184,0.3148038,0.3335328,0.3537588,0.3681803,0.3914646,0.4068578,0.4280058,0.4478437,0.4648386,0.4777166,0.4947098,0.5093493,0.5196448,0.5361721,0.5465635,0.5521002,0.5645178,0.5691375,0.5789014,0.5882417,0.5920196,0.5977998,0.5968675,0.5998205,0.5955724,0.5954517,0.5966192,0.592108,0.5936355,0.5965592,0.5974822,0.5984346,0.5992171,0.6086788,0.6132103,0.6222162,0.6403259,0.6506234,0.6719049,0.7035423,0.7308901,0.7677773,0.8116093,0.8646255,0.9096225,0.957596,1.005168,1.031933,1.069054,1.099761,1.13659,1.136095,1.19929,1.194938,1.29909,1.344126,1.523779,2.804319,6.115265
478.387,-2.951756e-4,-0.01015921,-0.005990732,-0.01347765,-0.01024162,-0.007930218,-0.02121252,-0.00165701,-0.007224942,-0.007929684,-0.002986568,-0.003095594,-0.005538347,-0.005308987,-0.01084941,-0.004576456,-0.00456367,-0.004050615,-0.006083832,-0.001774608,-0.003153938,-0.004259139,-0.001647927,-4.294718e-4,-0.002733041,-0.002137953,-0.001969378,-0.002169005,-9.840988e-4,-0.002826456,-0.007141006,-0.004524257,-0.00433285,-0.001130722,-0.001767996,-0.002361919,-0.005227907,-0.003308959,-0.006106743,-6.839603e-4,-0.005843965,-0.001276446,-0.002775504,9.659165e-4,-0.003874486,-0.004083522,-0.00389211,-0.004708603,-0.006541173,-0.005372622,-0.001893035,-0.003929008,-0.003976039,-0.001756933,-0.003427816,-2.616927e-4,-0.003640506,-9.688378e-4,-0.001835247,-0.004255676,-0.002478562,-0.003591101,-0.003461716,-0.002615914,-0.001701004,-6.111002e-5,-3.520402e-4,-0.003452468,-8.264845e-4,-0.003033263,-0.001486248,-1.778942e-4,-0.001652761,-0.001428868,6.791296e-4,-0.001319271,-6.745606e-4,-2.961594e-4,-0.002133088,-0.001825005,-4.490881e-4,1.595169e-4,-0.00243967,-0.002596721,-8.466943e-4,-0.001317482,-8.532619e-4,-0.002728272,0.001008175,-0.002090936,-0.001912504,-0.001028472,-0.001845659,-9.174854e-4,5.48828e-4,5.532297e-4,1.05749e-4,-3.676914e-5,0.001222949,0.0023026,0.001059552,0.004477977,0.005759194,0.007265921,0.01191867,0.08347376,0.2671317,0.2415654,0.1441439,0.06197306,0.02775093,0.03060395,0.03513133,0.04212101,0.04727332,0.0546555,0.06365058,0.07368629,0.08442153,0.09852245,0.1122504,0.1249225,0.1390157,0.1549254,0.1677357,0.182486,0.1980565,0.2174418,0.2333116,0.2524405,0.2732697,0.2935657,0.3127,0.3362109,0.3515066,0.3639305,0.3894774,0.4049878,0.425196,0.4437188,0.4572561,0.4708737,0.4879796,0.5043271,0.5141125,0.5296546,0.5358027,0.5444261,0.551098,0.5561383,0.566852,0.575347,0.5818144,0.5830339,0.5838201,0.583089,0.5847845,0.5825189,0.5823054,0.5793957,0.5786342,0.579685,0.5820715,0.5854416,0.5910571,0.5944929,0.5989186,0.6140448,0.6255353,0.6400445,0.6611222,0.6880952,0.7218018,0.7474162,0.7983387,0.8438168,0.897555,0.9372996,0.9762376,1.019639,1.042302,1.090683,1.116506,1.114379,1.125479,1.158904,1.219763,1.368548,1.567668,1.511713,4.250974
480.709,-0.008440773,-0.01526888,-0.01348013,-0.01880842,-0.01116844,-0.01046748,-0.01164935,-0.01074389,0.002865606,-0.004770836,-0.008648585,-0.005830771,-0.00438933,-0.007148328,-0.00655944,-0.0027849010000000002,-0.006112627,-0.002785302,-0.001440595,-0.002231774,0.00119282,8.638492e-4,-0.00147913,-0.001533494,-0.003071621,-8.966755e-4,-1.078417e-4,-0.00246167,-0.003135555,-0.004668151,-0.002854887,-0.003261,-0.00557939,-0.01022508,0.004228497,-0.0102476,-0.008024473,-0.003635223,-0.008007603,-0.003911168,0.001616246,-0.01020934,-0.003918735,-0.002993004,-0.001057969,-0.00438036,-0.01071095,-0.002919859,-0.002956693,1.241228e-4,-0.008395488,-0.002839367,-0.005729266,-0.005792725,-2.044634e-4,-0.00125088,-0.001484978,-0.003356883,-0.00296363,-0.003398042,-0.001328425,-3.29611e-4,-0.003786812,-0.002695046,1.607006e-4,-0.003808414,-0.004158352,-9.371447e-4,-0.004817571,-0.002629537,-0.003276762,-0.001142116,-0.001609966,-0.002485976,7.229859e-4,-0.002492767,-0.002366886,-0.004523792,-0.001175428,-0.002398546,-2.016575e-4,-0.003150898,-5.707709e-4,-0.002657617,-0.001036853,-8.828061e-4,-9.047959e-4,-0.001670525,-6.07141e-4,-0.001063017,-0.001451099,-4.039011e-4,-0.001242589,8.320779e-4,-8.217529e-4,-4.710429e-4,3.837712e-4,5.4956e-4,0.001849374,0.002108693,0.001792013,0.004766876,0.007089217,0.009350428,0.05377966,0.2060491,0.3569251,0.1730287,0.06132049,0.02914169,0.02968204,0.03368347,0.03892564,0.04529944,0.05068189,0.05844468,0.0675311,0.07809333,0.08943649,0.1037173,0.1164569,0.1284889,0.1429809,0.1576185,0.1735027,0.1882189,0.2051271,0.2197974,0.2368082,0.257509,0.2781917,0.2948075,0.3141607,0.3330843,0.3527695,0.3668066,0.3876061,0.4058607,0.4216233,0.4392935,0.4555866,0.4688365,0.4837853,0.4990456,0.5084162,0.5172946,0.5288217,0.5334607,0.5425276,0.5482624,0.5563025,0.5667802,0.5655603,0.5753925,0.5736539,0.5705608,0.5710101,0.5699564,0.5691467,0.5692711,0.5727965,0.5679733,0.5755198,0.5764977,0.5779573,0.588404,0.5908093,0.5975505,0.6154717,0.6352764,0.6545999,0.6822981,0.7095257,0.75077,0.7971025,0.8377122,0.886255,0.9356337,0.9779813,1.005217,1.033521,1.070464,1.094014,1.110254,1.12233,1.165465,1.202668,1.388648,1.37186,1.369891,1.279006
483.032,0.002559116,-0.005293189,-0.002385603,0.008738149,-0.001067349,0.01064403,0.00187573,3.476216e-4,0.01453028,-0.002424615,4.108357e-4,0.002007756,0.0011731,6.586854e-4,-0.005630931,9.00011e-4,-0.002260138,-7.820201e-4,-0.005657638,0.001465183,0.001611346,0.003145489,3.73754e-4,0.001835351,-3.703525e-4,1.820773e-4,0.001595082,2.082314e-5,-0.003128501,0.00179255,0.004234945,-9.510955e-4,-0.001701455,6.714757e-4,-0.003114721,-5.08791e-4,0.002987718,0.006261893,-5.17864e-4,0.004112978,0.002250676,-0.003547641,-0.00122107,-0.00268165,-0.003859773,-0.001810612,0.002141153,1.787311e-4,-2.134184e-4,0.002160418,0.002388916,0.001679609,-3.96485e-4,0.002784221,-0.001591834,0.001021732,5.096578e-4,-4.143335e-4,0.001707263,0.001399648,-3.890889e-4,2.784364e-4,0.001246509,0.002104501,0.002455608,-0.001113871,-0.002057371,0.001058755,-6.722009e-4,0.001510781,0.001916559,-3.608463e-5,-3.878027e-4,7.463218e-4,3.977032e-4,-0.001528246,9.769144e-5,-2.887219e-4,1.833173e-4,4.777309e-4,0.001030856,9.087394e-4,7.308779e-4,-3.077665e-4,2.044655e-4,-5.636374e-4,6.625835e-4,-8.643769e-4,-3.456492e-4,5.760877e-4,3.623117e-4,6.487408e-4,0.001483069,-1.844086e-5,0.001992378,-2.360699e-4,0.001682714,0.002278467,0.004646408,0.003844584,0.004402895,0.007300097,0.009810004,0.03722249,0.1474974,0.3005855,0.2933983,0.08223979,0.03034476,0.02880473,0.03372234,0.03727501,0.04318898,0.04968437,0.05553406,0.06401583,0.07170807,0.08321784,0.09561283,0.1077949,0.1219362,0.1369917,0.1489298,0.1624779,0.176665,0.1909843,0.2102576,0.2248648,0.2384389,0.2596312,0.2790946,0.2970083,0.3166933,0.3331769,0.3511128,0.368443,0.3876877,0.4027368,0.4209909,0.4398852,0.451734,0.4632915,0.4790728,0.4906396,0.503836,0.5117746,0.521742,0.5275209,0.5345749,0.5401228,0.5480224,0.5520421,0.5589044,0.5639474,0.5632507,0.5654746,0.5629091,0.5611251,0.5613396,0.5638054,0.5589004,0.5634691,0.5676187,0.5640188,0.5728033,0.5780523,0.5865135,0.5970389,0.615887,0.6310116,0.6560502,0.6869611,0.7097889,0.7460385,0.7896182,0.8369149,0.8848108,0.9342044,0.9711412,1.00347,1.023033,1.051157,1.088574,1.124967,1.133306,1.186379,1.333693,1.494135,1.416837,1.428711,3.259607
485.356,0.01006341,0.008664637,0.00571153,0.004226634,0.01241106,0.005866589,0.004212615,0.005715463,0.001289466,0.01463108,-0.002117504,0.002493289,0.002480616,-0.005966668,0.002612877,-0.002681359,-0.001666126,8.206329e-4,-0.003100038,1.007308e-4,1.021699e-6,2.712013e-4,-8.590846e-4,-0.001709448,0.001287043,6.212187e-4,0.001474343,7.029353e-4,6.029077e-4,0.001009488,0.004304361,0.006998592,0.005258472,0.007309113,0.005840366,-0.00348653,-0.005607482,-0.003172039,0.003518539,1.488822e-4,0.004576016,0.002034157,-6.961362e-4,0.00729755,2.755272e-4,0.003602407,-3.954591e-4,0.00348389,0.002848812,6.110694e-4,-2.069183e-4,4.43997e-4,0.004336995,3.367427e-4,0.002263033,0.00274767,0.001796529,-2.692314e-4,6.267694e-4,8.563992e-4,-9.864138e-4,3.197263e-4,5.758397e-4,0.002176379,0.002673988,6.186718e-4,0.00112769,-3.655914e-4,0.002038072,0.001018271,0.001516122,0.00108332,8.229125e-4,-5.371213e-4,6.714897e-4,5.867759e-4,2.319766e-4,-9.427333e-4,-3.214414e-4,0.001362029,0.001730905,-0.001184198,-2.393788e-4,7.109673e-4,2.264504e-4,2.704234e-4,1.757048e-4,-8.915994e-4,9.894812e-4,-1.189749e-4,8.023317e-5,-2.91569e-4,-2.4856e-4,0.00018109190000000001,6.09118e-4,0.001325944,0.002388497,0.002749242,0.00413848,0.004671231,0.004696313,0.007764114,0.03043481,0.1420646,0.2406331,0.2692189,0.1475195,0.03560431,0.02888006,0.03188437,0.03619548,0.04141403,0.0470663,0.05325629,0.05995778,0.06819937,0.07677017,0.08788047,0.09867021,0.1141344,0.1254125,0.1392457,0.1524655,0.1657993,0.1816456,0.1955477,0.2119557,0.2252626,0.2440203,0.261601,0.2806984,0.303567,0.3191183,0.3390444,0.3556639,0.3671775,0.3852204,0.40067,0.4180193,0.4365338,0.450398,0.460552,0.4726639,0.4892195,0.4980414,0.5063043,0.5145784,0.5225077,0.5275848,0.5319774,0.538846,0.5412479,0.5533848,0.552626,0.5571948,0.5533908,0.5530585,0.5527499,0.5533974,0.5554125,0.5553705,0.55607,0.5608897,0.5633021,0.5674629,0.5721625,0.5814804,0.5936731,0.6059801,0.6265259,0.6487736,0.6783975,0.7104161,0.7403,0.7804771,0.8275962,0.8694268,0.927626,0.9582868,0.9930786,1.01649,1.050299,1.068888,1.117379,1.12831,1.183095,1.31635,1.303636,1.237249,1.635234,1.679619
487.68,0.005056034,0.005210067,0.01203242,0.01129086,0.00494686,0.01436425,0.008167457,7.777704e-5,0.00600541,0.007396561,2.268664e-4,0.002012685,0.002219381,0.01012056,0.007071353,0.001599823,0.001821783,-4.23734e-4,0.003339114,8.21044e-4,0.002002151,6.111563e-4,0.002023162,0.001502509,6.297121e-4,6.266326e-4,0.002332069,6.089334e-4,7.60919e-4,0.001521255,0.001474955,0.004032995,0.002512608,0.01506141,0.001054857,9.663875e-4,0.004790225,0.005972137,0.004131054,0.007924842,-0.003059313,0.002054008,0.003829415,-0.003948807,8.421193e-4,0.004014591,0.004367248,0.002755347,0.00461181,0.005809312,0.003729347,0.002100373,0.00490581,0.003620891,0.001995382,0.004938728,-1.686891e-4,-4.386076e-4,0.004094294,-7.335392e-4,0.002199063,0.002508794,-2.076429e-4,0.002981773,9.634373e-4,0.001176411,0.00219079,0.002784001,0.001286043,6.309906e-4,0.001863122,0.002311834,-1.399258e-4,0.001445144,0.001880699,-1.0541e-4,-9.235405e-4,0.003152762,0.001372254,6.338484e-4,-2.981633e-4,0.001552691,0.001689295,0.001842005,7.006228e-4,0.001074376,0.001653726,8.994405e-4,7.194615e-4,0.001565585,0.002167449,0.001349717,9.146854e-4,0.001468049,0.002567894,0.001495701,0.001446802,0.004482906,0.006778289,0.00611004,0.005794902,0.01969552,0.1465825,0.3138641,0.2525404,0.1547165,0.05168658,0.02705292,0.03099993,0.03606372,0.04018784,0.04559895,0.04995328,0.05785162,0.06377041,0.07157629,0.0813155,0.09288048,0.1047767,0.11702,0.1319263,0.1434801,0.1579605,0.1722688,0.1850507,0.1974674,0.2155832,0.2286714,0.2441605,0.2647512,0.2854408,0.3031035,0.3198942,0.3358826,0.3500192,0.3676092,0.3869709,0.399952,0.4133585,0.4311938,0.4471504,0.456333,0.4690053,0.4796276,0.4921018,0.4984953,0.5082525,0.5116022,0.5162769,0.5191199,0.5302001,0.5339896,0.5390766,0.543165,0.5430371,0.5471726,0.542432,0.5408922,0.5402049,0.5432502,0.5436882,0.546208,0.5484689,0.5531005,0.5615103,0.5646542,0.5744779,0.5865243,0.6019886,0.6233113,0.6439768,0.6702038,0.6983719,0.7386636,0.7825498,0.8256111,0.8699852,0.905881,0.9524845,0.9737322,1.017584,1.033497,1.047472,1.077567,1.114237,1.262801,1.326796,1.517141,1.498502,2.272862,3.231161
490.005,-0.005641939,-0.002520721,0.006917212,-0.006742306,0.003990814,-0.002383104,-0.001746257,-0.01105503,0.007293394,-0.004995966,0.003915198,2.579294e-4,5.624626e-4,6.212435e-4,-8.917589e-4,0.004255339,-5.07421e-4,-9.128945e-5,-0.002778164,-0.0020594,-0.001817953,-0.001328312,3.525258e-4,-2.749419e-4,3.980697e-4,-6.770477e-4,5.716578e-4,4.281906e-4,4.78046e-4,0.005297076,0.002338589,-0.001842522,0.005292741,-0.004865855,-0.001970268,9.480271e-4,-0.002459699,-0.005005276,0.001314492,0.001629903,0.003701191,-0.001281137,-9.731033e-4,0.002910109,0.001512034,-0.003032869,-0.002204859,-0.002676126,-1.080369e-4,-0.003148108,-0.003480204,-8.654202e-4,-2.02089e-4,2.327035e-4,-4.975958e-4,-0.002927683,9.668374e-4,-8.207933e-5,-0.004493222,-7.729838e-5,-0.002075136,-6.332104e-4,0.001159708,-0.002704375,-0.001243393,-0.004742738,-0.001546997,3.171223e-4,-0.001033575,-3.989631e-4,6.678043e-4,4.017958e-4,-0.001283733,-0.001386269,9.221469e-4,4.311459e-4,1.830475e-4,1.654351e-5,-0.001500427,-0.001566234,-5.533831e-4,-8.318626e-4,-8.618897e-4,1.520783e-4,-4.524924e-4,-0.00141111,3.528052e-4,-4.123033e-4,3.41359e-4,4.83265e-5,-6.061396e-4,-3.981584e-4,-2.394297e-4,0.001078831,-2.429017e-4,0.001620956,9.514004e-4,0.003005029,0.008152833,0.006364209,0.008594428,0.09406045,0.3701413,0.3980321,0.166731,0.06441798,0.02737073,0.02765422,0.03342291,0.03845736,0.0427259,0.0481615,0.05423856,0.06097603,0.06816931,0.07666705,0.0856227,0.09618991,0.1081845,0.1213432,0.1329913,0.1480836,0.160717,0.1738717,0.1876506,0.201132,0.2151695,0.230844,0.2450472,0.2652275,0.2819724,0.3002085,0.3202245,0.3344168,0.3509978,0.3651708,0.3823002,0.398147,0.4106065,0.4263073,0.4399575,0.4507322,0.4590953,0.4725636,0.485207,0.4946053,0.4966917,0.5009879,0.5068985,0.5138657,0.5175934,0.5253971,0.5282463,0.5308676,0.5296186,0.5343103,0.5328156,0.5306225,0.5288987,0.5313744,0.5315675,0.5330046,0.5402795,0.5432829,0.5520686,0.5579502,0.5683494,0.5783256,0.5953219,0.60657,0.6343302,0.6606093,0.6887451,0.7245223,0.7630158,0.8106373,0.8574944,0.8932048,0.9403731,0.963777,0.998764,1.018334,1.052992,1.060119,1.133616,1.27154,1.239799,1.220462,1.112915,1.267551,4.237152
492.331,0.0179257,0.008706066,6.046668e-4,0.0141081,0.006732904,-0.003986864,-5.281127e-4,0.01621398,0.006764106,0.00394823,0.003226098,0.003741415,0.001541279,0.006045235,0.003407619,0.007914274,0.002065551,0.00272453,0.004153677,5.582497e-4,0.003664565,0.001941018,0.002314683,0.002650642,0.001465807,6.894929e-4,4.035206e-4,0.00142933,-4.199678e-5,0.003024612,-3.04041e-4,0.001890014,0.007046401,0.005558461,0.007876172,2.470895e-4,0.007588399,0.004897392,0.005600544,0.00222334,0.003257587,0.008240611,0.005797769,9.854212e-4,0.006107897,0.006131214,0.003693407,0.003363513,0.006097155,0.007340039,0.003940981,0.005727742,0.00383271,0.00330459,9.658267e-4,1.304128e-4,0.005586276,0.005696316,0.002143199,3.223347e-5,7.857843e-4,0.004710314,0.001794061,0.004101597,0.002529765,0.003694135,9.17919e-4,0.002560479,0.004430397,0.001579689,0.001854954,0.001740048,0.001478198,0.001325834,0.001946143,5.465995e-4,0.00229255,-1.557798e-5,0.001897523,-0.001670301,8.258077e-4,0.0021908,0.001155909,0.001601184,0.001979161,6.716023e-4,4.397364e-4,8.966974e-4,0.002109839,0.001800643,9.320411e-4,0.002909119,0.003380954,0.002533198,0.002067269,0.002645859,0.00422137,0.004230612,0.009188365,0.009427688,0.03272646,0.2532304,0.5155403,0.2963185,0.07427002,0.0290111,0.02805238,0.03107747,0.03772542,0.04132448,0.04704729,0.05152285,0.05705805,0.06494792,0.07120387,0.07944894,0.09027861,0.09892969,0.1124012,0.1264051,0.139249,0.1517684,0.1639736,0.1746378,0.1911248,0.2007836,0.220457,0.2332477,0.2471092,0.2685233,0.2854299,0.3007766,0.3190805,0.3330951,0.3484483,0.3619285,0.3762897,0.3948393,0.408286,0.4233506,0.4345986,0.4465997,0.4573046,0.4663956,0.4746352,0.4827198,0.491724,0.4938695,0.4980048,0.5033487,0.5092144,0.5137347,0.5167375,0.5190588,0.5211519,0.5202016,0.5152241,0.5174293,0.5193228,0.5193862,0.5218416,0.528078,0.5310982,0.53805,0.5414534,0.549933,0.5576846,0.5717554,0.5879031,0.611663,0.633172,0.6616766,0.6889819,0.7239185,0.7643685,0.8040628,0.854901,0.8851789,0.9274986,0.957989,0.9864918,1.015393,1.032204,1.047666,1.175864,1.320639,1.212085,1.28577,1.417033,1.86554,4.685383
494.657,0.002515361,0.008357234,0.003602648,-0.001959668,-8.787513e-4,-0.01755879,3.327446e-4,0.00655424,0.002107395,-0.00155094,0.00374807,-9.776107e-4,0.001593657,0.003203898,3.231187e-4,1.756577e-4,-0.001129251,0.001530313,-0.002780299,7.299065e-4,0.002227703,0.00194195,0.001616625,-6.001199e-4,-0.00127783,7.924795e-4,9.625678e-4,0.00283414,-0.001195582,-4.87232e-4,1.307472e-4,-6.79253e-4,0.004224946,-3.356135e-4,0.002607446,0.003342543,0.002480142,-0.002093657,0.003520587,0.0011857,-0.002612244,0.001457059,-0.002506074,0.002368887,6.851808e-4,2.985512e-5,-0.003636285,-7.441409e-4,0.00658668,-9.112288e-4,-0.00155893,0.003414471,0.00119355,0.004661469,-8.74781e-4,8.146706e-4,6.789231e-4,0.001662484,-0.005102173,0.002065968,-0.002152376,0.002798465,5.084366e-4,0.003846341,-0.002399633,-0.001664667,0.003822284,0.003204377,-5.447607e-4,-2.592971e-4,6.001869e-4,-0.003363832,-1.651435e-4,1.618203e-4,8.138838e-4,-7.999201e-4,-5.895005e-4,0.001793194,-8.968402e-5,0.001099956,-0.00100966,3.532393e-4,0.001824521,-2.703619e-4,1.595549e-5,9.569117e-5,0.001866071,9.295159e-5,2.545538e-4,4.479302e-4,2.002751e-4,-2.106031e-4,4.108259e-4,0.001186013,0.001709979,0.002359069,0.003601438,0.00490497,0.009404,0.02624778,0.111052,0.3877793,0.4019495,0.1251745,0.03133508,0.02502312,0.03067293,0.03435748,0.03942242,0.04374623,0.04943009,0.05527234,0.06064595,0.0676235,0.07394149,0.08280169,0.09370821,0.1027172,0.1155469,0.1277872,0.1397054,0.1553319,0.1650634,0.1780966,0.1908709,0.2023422,0.2195168,0.2340707,0.2468097,0.2633634,0.2823276,0.3004546,0.3119634,0.3316547,0.3478044,0.3575866,0.3709397,0.3884219,0.4029638,0.4138106,0.4299014,0.4353815,0.4479835,0.4569069,0.465771,0.4735504,0.478953,0.4821458,0.4873205,0.4924404,0.4985353,0.501081,0.5060524,0.5046762,0.5087662,0.5066886,0.502922,0.5062982,0.506697,0.5090215,0.5120703,0.514442,0.5172207,0.5210492,0.5292891,0.5376468,0.5446338,0.5612222,0.5771139,0.5929032,0.6152451,0.6451177,0.6770133,0.7058118,0.7450167,0.7776865,0.8315585,0.866826,0.9093616,0.9300089,0.961576,0.9745764,1.012961,1.058979,1.132164,1.250002,1.189156,1.146557,1.113268,2.08369,1.352495
496.984,0.0109358,3.775871e-4,0.0101636,0.005331472,0.009076289,0.004054585,-0.001462139,8.696434e-4,0.003906714,-0.01108877,0.006548424,-4.813483e-4,1.567265e-4,6.105857e-4,-0.00272777,3.034987e-4,-0.0013879230000000001,1.290042e-4,-0.004200761,0.001350501,8.790734e-4,9.934129e-6,-0.001412163,0.001920568,1.77557e-4,-0.001734977,-6.719947e-4,1.163525e-5,0.002883677,6.811342e-4,0.004616909,0.003004432,0.002978268,-5.513649e-4,-0.002558568,-5.375233e-4,-0.002751858,0.005170358,-0.001142308,-1.412346e-4,-0.002184862,0.001745975,8.489885e-4,-8.044045e-4,0.005384802,0.001197311,0.004581201,0.005405222,0.002736942,0.002149447,-5.470279e-4,-0.003909159,0.001737032,-0.001443233,0.00114542899999999,8.858165e-4,0.002452796,-0.001265028,0.001601271,-5.784243e-4,0.003105108,-0.001369238,0.00114752,1.008508e-4,9.556543e-4,0.001459739,3.956121e-4,-1.118127e-4,0.001480097,0.001499613,8.115961e-5,-0.001380451,-3.976091e-4,-5.908996e-4,8.229116e-4,2.46736e-5,-0.002016339,0.001836282,-4.495119e-5,0.001876266,-0.001053729,-3.369227e-4,4.798225e-4,6.635846e-4,1.010864e-4,8.448853e-4,9.982311e-4,5.370883e-5,0.002092184,5.620881e-4,3.573607e-4,0.001971898,0.001942685,9.118642e-4,0.002834964,0.002543027,0.005247767,0.006426708,0.02628656,0.1076977,0.2269097,0.3680154,0.1841491,0.03937617,0.0242234,0.02814045,0.03264056,0.03710095,0.04234678,0.04756429,0.05282987,0.05716801,0.06356454,0.07074824,0.07827113,0.08641193,0.09463114,0.1065176,0.1168921,0.12943,0.1438243,0.1554471,0.1667241,0.1796896,0.1926539,0.2057948,0.2210427,0.2355081,0.2453705,0.2639495,0.2817265,0.2975023,0.3116399,0.3253668,0.3435985,0.3529625,0.3679198,0.3796211,0.3973926,0.4085299,0.4214699,0.4300589,0.4370778,0.4511669,0.4569786,0.4617866,0.4660405,0.4721692,0.4731522,0.4792004,0.4862802,0.4886669,0.4926181,0.4915538,0.4950021,0.4929163,0.4908747,0.4949481,0.494576,0.4960218,0.4979358,0.4997322,0.5079424,0.5095103,0.5169223,0.5277703,0.5344436,0.5545602,0.567028,0.5891245,0.6079166,0.6312739,0.6653969,0.698107,0.7361342,0.7795523,0.8190767,0.851856,0.8892236,0.9102378,0.9509765,0.9661604,0.9713755,1.080696,1.172709,1.1717360000000001,1.06678,1.092268,1.178147,1.143507,1.846388
499.311,0.007520413,0.003947095,-0.008359992,-2.658521e-4,0.002158393,-0.003597022,-0.007700805,0.004282412,0.005949993,0.001194144,-0.003306302,0.001008408,-0.002245198,0.00157553,-5.900099e-4,-9.529714e-4,0.002048184,0.001901593,7.457452e-4,0.001987827,1.807846e-4,6.066244e-4,-7.793172e-4,0.001001319,-7.736415e-4,-4.962336e-4,1.778974e-4,-2.260426e-4,1.484821e-4,-9.914121e-4,-0.004923884,-0.002387025,-0.002923812,0.002191706,0.002854857,-5.151887e-4,-9.55973e-4,-0.002248319,-0.001860282,-0.001712139,9.271093e-4,4.599198e-4,-0.001497295,0.001286101,-3.708673e-4,-0.00300523,8.247546e-4,0.002331094,-0.001837699,-0.001621094,6.948164e-4,0.001217441,-0.002663809,-0.001227041,-5.495104e-4,8.055452e-4,0.001994441,5.7784449999999e-4,-0.001729571,-4.939147e-4,-0.001887456,0.002239877,-0.001985539,0.00113618,-5.976382e-4,-5.114279e-4,0.002254631,-0.001490854,2.275328e-4,-9.275034e-4,-5.727557e-4,0.001036254,-9.070062e-5,6.805058e-4,6.153453e-4,5.03087e-4,-0.001223444,9.087425e-4,-0.001430918,-0.001243149,-0.001659408,0.001488068,4.352464e-4,2.990439e-4,6.929151e-4,-0.001749275,6.969152e-4,-0.001374087,9.534812e-4,2.532601e-4,0.001240368,7.615139e-4,0.00166679,0.002360006,0.001490603,0.003249045,0.003823945,0.0146635,0.1592742,0.2599083,0.2797216,0.2082805,0.0522653,0.02309033,0.02511116,0.02900665,0.03389621,0.03880631,0.04468666,0.04992064,0.05470346,0.06037975,0.06649859,0.07323256,0.08041971,0.08809016,0.0983485,0.1073031,0.1200747,0.1327465,0.1450976,0.1561724,0.1679295,0.1823539,0.1951415,0.2040613,0.2194252,0.2336832,0.2447446,0.2627524,0.2788356,0.2961672,0.3094397,0.3232724,0.3371856,0.3497691,0.3641655,0.3717178,0.3859878,0.3992075,0.4108803,0.4224293,0.4296117,0.4372605,0.4439321,0.4531595,0.4538237,0.4612382,0.4659502,0.4698919,0.4709111,0.4750779,0.4793972,0.4815132,0.4834453,0.4835736,0.4858306,0.4840235,0.482917,0.4844956,0.4864054,0.4904566,0.4924556,0.5039399,0.5048806,0.5187709,0.5258855,0.5384542,0.557103,0.5789242,0.5982449,0.6292405,0.6588021,0.6903419,0.7133259,0.7598998,0.8079158,0.841094,0.8701839,0.9072285,0.9284961,0.952035,0.98364,1.087263,1.146042,1.076877,0.9876361,1.075056,1.096358,1.062231,3.483064
501.64,0.02130246,0.01189674,0.01375989,0.00254764,0.01697451,0.01921584,0.01437265,0.003150605,0.01909883,0.010979,0.01012061,0.004716559,-0.001070255,0.003659515,0.006285454,0.004807156,0.009828966,0.007845614,0.001150703,2.927793e-4,0.002393244,0.002736101,9.886191e-4,0.001445196,0.001359459,9.673283e-4,6.841628e-4,0.00347768,0.004172147,0.002935821,0.002898981,0.008557045,0.009996276,0.005938262,0.009610221,0.007358992,0.00656239,0.00413095,0.001047745,0.002806602,0.006942007,0.0021849,0.005638466,0.005251091,0.00472712,0.007832291,0.002531173,0.008606682,0.006322855,0.004979805,0.006621941,0.004619219,0.002640432,0.005506331,0.003590045,0.006366632,0.002842279,0.002498439,0.002771934,0.003698156,0.004346254,0.005604059,0.002617494,0.004229419,0.002832541,0.003152349,0.003588112,0.001543931,0.002744261,0.00225084,0.003816249,3.401997e-4,0.002710859,0.003604241,0.00398561,5.12315e-4,0.002635703,0.004285017,0.002640945,0.002402053,0.004012252,0.002527892,0.002299845,0.001329891,0.00156046,9.8494e-4,0.001729294,0.001577983,0.003622108,0.003034085,0.003687726,0.003275254,0.002453033,0.004841468,0.004254909,0.007451089,0.009677608,0.06015217,0.448259,0.3592556,0.2095675,0.07518383,0.02575542,0.02477835,0.02958593,0.03319746,0.03773837,0.04275016,0.04801322,0.0535821,0.05850159,0.06417426,0.0701324,0.07712603,0.0845431,0.09297318,0.1024247,0.1112245,0.1223479,0.1366679,0.147799,0.1606447,0.1708927,0.1818332,0.1943568,0.2055323,0.2200231,0.2316626,0.2463702,0.2602651,0.2787771,0.294086,0.3091021,0.3227947,0.3322281,0.3469407,0.3582351,0.3703282,0.3815249,0.3949154,0.4057467,0.4130776,0.4243992,0.4356906,0.4408618,0.4454912,0.4504533,0.4515623,0.4576419,0.4531368,0.462831,0.4645528,0.4701473,0.4738563,0.4725779,0.4715073,0.4717793,0.4726663,0.4749811,0.4753402,0.4784441,0.4789747,0.4915123,0.493424,0.5018513,0.5132985,0.5199106,0.5327255,0.5473385,0.5668836,0.5930094,0.6154676,0.6411695,0.6807494,0.7074876,0.7507553,0.7963867,0.8274691,0.8663253,0.8947542,0.9205681,0.9279399,0.9897191,1.07575,1.118069,1.070422,1.091299,1.107999,1.403066,2.043746,4.99568
503.969,-0.01278821,-0.001166661,-0.01284753,-0.007544486,-0.004152285,-0.009787535,-0.009186634,6.224409e-4,5.398007e-4,-0.002239881,-0.004906692,-0.005681955,-0.001134713,-0.005751228,-0.004698543,-0.00331769,-0.001884599,-0.005090451,-0.00244387,4.577436e-4,-0.003137669,-0.003047731,-0.001804978,-8.154132e-4,-0.0011047,-0.002013754,-0.001344121,-9.261745e-4,-0.002727225,-0.002984492,-0.003268416,0.001595104,-0.002755408,-0.009163781,-1.849174e-4,-3.263671e-4,-0.004551957,-0.004503608,-0.007374019,9.046885e-4,-0.002309751,0.0015835,-0.004018816,-0.001337458,-0.002909335,-0.0014158,-0.004015949,-0.001500391,-0.004054448,-0.003137853,-8.838543e-5,-0.002492887,-0.003091724,-0.002610812,-6.036731e-5,-0.003574356,-0.002977535,-0.003146453,-0.003761873,-0.004745342,-0.004394027,-0.002996664,-5.421045e-4,-0.001394271,-0.002077495,1.732788e-4,4.589246e-4,-0.004368377,-6.86615e-4,-0.0034918,-0.00253124,-3.687022e-4,-6.031253e-4,-0.002465286,-0.001267846,-4.377026e-4,0.001011498,-0.001523435,-0.002983653,-0.001558597,-0.003028933,7.973909e-4,-0.001047324,6.218982e-5,-9.403472e-4,-3.273728e-5,-0.002137478,-0.001161992,1.302305e-5,4.173345e-4,0.00113006,0.002131407,0.001028695,0.002884546,0.003524979,0.00606772,0.03766331,0.1634757,0.6404699,0.2898602,0.09331871,0.0253323,0.02243181,0.02527948,0.02925491,0.03403198,0.039381,0.04319815,0.05012038,0.05484746,0.06138014,0.06601547,0.07172471,0.07925882,0.08639741,0.09381728,0.1037448,0.1107684,0.1240622,0.1362028,0.1467729,0.1600631,0.1714121,0.182016,0.1925546,0.2066844,0.2178679,0.2315753,0.24351,0.257768,0.2721204,0.2867161,0.3009583,0.3163968,0.3269756,0.33568,0.3495512,0.3630916,0.3734024,0.3868743,0.3976959,0.4019068,0.4139936,0.4215096,0.4253789,0.4312322,0.4352255,0.4365814,0.442672,0.4465928,0.4492112,0.4525597,0.4559257,0.4586619,0.4616069,0.4571175,0.4546092,0.4599058,0.4597128,0.4638683,0.4628117,0.469656,0.4743362,0.4834654,0.4891529,0.5014435,0.5055568,0.5236759,0.5347306,0.5507094,0.5761058,0.6098707,0.6217103,0.6683347,0.6950085,0.734686,0.7820738,0.8116331,0.83735,0.8591599,0.8768289,0.9077093,0.9833751,1.062659,0.972042,0.9901727,1.00802,0.9981242,0.8705278,0.9843058,1.125426
506.298,3.39721e-4,-0.01169689,-0.001188973,-0.005296164,-0.005051935,-2.233005e-4,0.005433677,-0.003908417,0.009280275,-1.756316e-4,0.001795501,-8.488423e-4,0.00141505,-9.781802e-4,-4.297297e-4,-0.002482128,-0.00276366,-0.001142431,-0.002237313,0.001363484,-0.002194657,6.716223e-4,-6.121386e-4,-7.014117e-4,-0.001484561,-0.002628445,1.21571e-4,7.66987e-5,-7.824009e-4,1.1415e-5,-8.279806e-5,0.00314748,0.002827425,-0.002862415,0.001267049,9.575706e-4,0.001484492,-0.001179854,-0.003579577,0.001198234,-0.001132295,-0.002118701,-6.627569e-4,-0.006103282,-0.003989268,0.005298308,-0.002184579,-0.001474295,-0.002693395,9.744267e-4,-0.004110253,7.88842e-4,0.00164234,-0.003338012,-0.002199625,8.120108e-4,-8.961811e-4,7.499038e-4,-5.869185e-4,-6.539164e-4,2.75432e-4,-0.001520473,6.033606e-4,4.232823e-4,4.852651e-4,0.00154969,-0.00124844,3.884124e-4,-0.002208906,0.001432785,3.328717e-4,-0.001320436,-2.589058e-4,-3.770855e-4,-0.001261504,-4.190946e-4,-0.00305344,8.673629e-4,-6.76059e-4,-2.562852e-4,2.105817e-4,-9.274634e-4,5.208955e-5,-4.981995e-4,-0.001261904,9.387704e-4,0.002629514,9.758224e-4,6.446581e-5,0.001326093,0.001322873,0.003235401,0.002524315,0.004012832,0.005492171,0.02279288,0.1233987,0.264204,0.5309258,0.136865,0.03241301,0.02269642,0.02387285,0.02719344,0.03197233,0.03682149,0.04067076,0.04619775,0.05247562,0.05801512,0.0623533,0.06894789,0.07396236,0.08142216,0.08884625,0.09490066,0.1048266,0.115555,0.1249932,0.1386021,0.1481969,0.15949,0.1713312,0.1827066,0.1937269,0.2041484,0.2188826,0.2269746,0.240824,0.2543686,0.269658,0.2841706,0.2979083,0.3103312,0.3206404,0.3349868,0.3481477,0.353618,0.3634854,0.37964,0.3867175,0.3942912,0.4029733,0.4108579,0.4163551,0.4224964,0.4252466,0.4260863,0.432928,0.4359886,0.4355424,0.4425911,0.4432856,0.4446441,0.4443595,0.4476395,0.4455024,0.4490306,0.4492843,0.451768,0.4558023,0.4598414,0.4652896,0.47293,0.4816397,0.4861123,0.4948925,0.5105669,0.5222994,0.5395933,0.5647722,0.5908246,0.6206719,0.6527676,0.6850584,0.726097,0.7682184,0.7926393,0.8294608,0.847091,0.8659741,0.9008565,0.9783797,1.037425,0.992521,0.9680244,1.002275,0.8977444,0.9546399,0.3566669,3.092035
508.629,-0.01335716,-0.01356965,-0.0121934,-0.004448867,-0.008675842,-0.01434902,-0.01182176,-0.01684402,-0.01023354,-0.01398597,-0.01667937,-0.006149117,-0.006651942,-0.008411362,-0.01030187,-0.005284561,-0.008457829,-0.005907656,-0.004501646,-0.005328081,-0.006281934,-0.003767618,-0.003738883,-0.001413904,-0.001269369,-0.00458518,-0.004311946,-0.002097932,-0.005241524,-0.004389178,-0.005893615,-0.004358756,-0.007433166,-0.01223481,-0.008477151,-0.00617667,-0.003734862,-0.007950065,-0.003018,-0.006172069,-0.00800249,-0.007132253,-0.00789792,-0.007192855,-0.005857864,-0.008936042,-0.004523332,-0.005683586,-0.006131085,-0.005119152,-0.009677359,-0.007814541,-0.003845975,-0.007105351,-0.006445043,-0.00892059,-0.007467357,-0.001885747,-0.003837763,-0.006340067,-0.004626108,-0.006658777,-0.005513003,-0.005362724,-0.00503047,-0.003855796,-0.001910331,-0.004284735,-0.002617887,-0.003280588,-0.004604906,-0.003342574,-0.003950683,-0.002379009,-0.003233252,-0.003048761,-0.00364067,-0.002787253,-0.001382585,-0.003365483,-0.001199419,-0.00171013,-2.357012e-4,-0.002263559,-0.001483398,-4.765509e-4,-0.002474396,-0.001453163,-0.001243643,-0.001432052,6.652877e-4,5.106171e-4,0.002129401,0.002230059,0.01079947,0.08748994,0.2344898,0.2637539,0.2452662,0.04244618,0.01797182,0.02317674,0.02465972,0.02918258,0.03351381,0.03812493,0.04226291,0.04623001,0.05337631,0.05940395,0.0649786,0.0714997,0.07665139,0.08277297,0.08841325,0.09729122,0.1064463,0.1153248,0.1260517,0.1356641,0.1497821,0.1593812,0.1703409,0.1811846,0.1897134,0.1998742,0.2131016,0.2249762,0.2355664,0.2507392,0.2628243,0.2788624,0.2908568,0.3048302,0.3111264,0.3248685,0.3370864,0.3482508,0.3566697,0.3662645,0.3764251,0.3836707,0.3892743,0.397523,0.4048357,0.4083385,0.4109969,0.4142482,0.4199949,0.4211283,0.4240039,0.428712,0.4263625,0.4303606,0.4318406,0.4313722,0.4292279,0.4329513,0.4325433,0.436874,0.4426851,0.445228,0.4511843,0.4619532,0.4651349,0.4690686,0.4812159,0.4940736,0.5168072,0.5306758,0.5479181,0.5763966,0.5971441,0.6333421,0.6621611,0.7000853,0.7435688,0.768065,0.803414,0.8152469,0.8464157,0.9001176,0.9497995,0.9715194,0.903187,0.8525087,0.8840905,0.821218,0.6401458,0.6408584,-0.04562808
510.959,0.004981291,-0.006206756,-8.851605e-4,-0.003039172,0.01377303,0.004976854,-0.00822785,-0.002762057,0.001835706,4.967041e-4,0.002318035,5.008813e-4,-0.003858701,0.005824929,-0.002392119,0.001815981,5.269975e-4,1.426223e-4,-0.004674628,2.784807e-4,-0.004052022,9.954082e-4,-0.0013441080000000001,-2.079157e-4,2.828109e-4,-0.001886178,-4.931209e-4,-0.001150479,8.717503e-4,-0.001308941,-0.002916254,-0.001801705,-0.003231779,-0.003979865,-0.005308039,9.417916e-4,-0.004677609,-1.149304e-4,4.552595e-4,-0.001261431,-0.003448349,-0.003679854,-0.00522889,-3.76243e-4,0.001748882,-0.001409979,9.358526e-4,0.001545029,2.71182e-4,-0.004154736,-0.003187148,-0.001388909,-5.145235e-4,-4.017504e-4,-0.001055351,-0.001145319,0.001057782,-0.003933278,0.001755647,-0.003019548,-0.002122982,8.353042e-4,1.037389e-4,9.708049e-4,-0.001521761,-0.001568777,-5.23923e-5,-0.001334706,0.001049017,-0.001106063,-0.001728704,-7.457217e-4,-0.00251386,-0.001411382,-2.526107e-4,-8.769867e-4,1.820336e-4,0.001847301,-3.06962e-4,-0.001078942,-4.877077e-4,-0.001111371,-4.21395e-4,-3.093047e-4,8.189129e-4,6.656925e-4,7.334039e-4,0.001433716,7.542249e-4,2.3201e-4,0.002570069,0.004384303,0.004427112,0.007247565,0.04434716,0.1984201,0.2597482,0.1661988,0.06954803,0.01952549,0.01876844,0.02444578,0.0273266,0.03131292,0.03559912,0.03949226,0.04566596,0.0500472,0.0559707,0.06202706,0.06655898,0.07292856,0.0781127,0.08397085,0.09226427,0.09936196,0.1063009,0.1167643,0.1261708,0.1373188,0.1490524,0.1594478,0.1685155,0.181033,0.1903564,0.1993325,0.2109595,0.2237429,0.234216,0.2467394,0.2586877,0.2744543,0.2854133,0.2978648,0.308501,0.3181026,0.3280835,0.3388522,0.3483699,0.359091,0.3652978,0.3714574,0.3808519,0.3864426,0.3923758,0.398153,0.4008313,0.403773,0.403839,0.4065164,0.4104433,0.4143989,0.41572,0.4157933,0.4188417,0.4222722,0.4188662,0.4212072,0.4226855,0.4255017,0.4320739,0.4367027,0.4429894,0.4449105,0.4546181,0.4646351,0.4780525,0.4864603,0.5009622,0.520881,0.5445726,0.5650982,0.5879672,0.6246313,0.6505475,0.6933077,0.7241052,0.7546464,0.7866294,0.8086693,0.8353259,0.9096403,0.9735343,0.9045258,0.8859498,0.89937,0.9096479,0.8938999,0.8759086,1.020647,2.725285
513.291,0.01483133,0.02835321,0.02125613,0.01163708,0.01469213,0.014364,0.01623588,0.0206681,0.00741184,0.01059096,0.002280265,0.003438508,0.006763891,0.0069693,0.008754213,6.015907e-4,0.01043649,0.004388218,0.005107086,-1.574575e-4,0.005633378,1.410667e-4,-9.951285e-4,0.002387722,0.003034087,-0.001269308,0.003562821,8.241775e-4,0.003908847,0.001406645,0.004374041,0.007739267,0.005031281,0.009531187,0.009494741,0.0130449,0.007122287,0.001956512,0.007774576,0.006626876,0.007849793,0.007687073,0.007752498,0.002597181,0.005450352,0.007980765,0.003247372,0.006466336,0.006600073,0.003276361,0.005427077,0.005316223,0.007381532,0.002933091,0.004935645,0.001080971,0.006429244,0.003796653,0.003239005,0.003289644,0.001980431,0.003978796,0.001063786,0.002697944,0.0034754,0.00446424,0.002364678,0.003380787,0.004285288,0.003072378,0.003051528,0.004473202,0.001218264,0.002255821,0.001451962,0.004392238,0.002267497,0.001179411,0.002916149,0.003345409,0.001105962,0.002830749,0.002881992,0.003521675,0.001445552,0.001928791,0.002220528,0.001314128,0.003132923,0.004719089,0.003552628,0.007486586,0.007807422,0.03529652,0.1400015,0.2666857,0.1820018,0.06373187,0.02319835,0.02014188,0.02271313,0.02715237,0.02981459,0.03383339,0.03800278,0.04333042,0.04659419,0.05139703,0.05958154,0.06452681,0.06825173,0.07475238,0.07997009,0.08603849,0.09386166,0.1008694,0.10897950000000001,0.1171848,0.1278903,0.1412711,0.1489345,0.1604096,0.1703429,0.176161,0.1912935,0.1963391,0.2093145,0.2174628,0.2304464,0.2441031,0.2557905,0.2697242,0.2817803,0.2934823,0.3026443,0.3122305,0.3225732,0.3331874,0.3429196,0.3503665,0.3594774,0.3658473,0.3766843,0.3794425,0.3845876,0.3873236,0.3884089,0.3903488,0.3971985,0.3956913,0.3989296,0.4036881,0.4043913,0.4071023,0.4069202,0.4063621,0.4088251,0.4100082,0.4099864,0.414575,0.4200061,0.4214756,0.4268473,0.4373315,0.44293129999999997,0.4533055,0.4620874,0.4766863,0.4954336,0.5118289,0.5324755,0.553687,0.5810722,0.6078528,0.6353077,0.6707019,0.7089038,0.7412134,0.7757713,0.7877402,0.8376527,0.9396291,0.9352157,0.9052604,0.8965452,0.8852401,0.9527642,1.085479,1.442727,1.971898,5.149644
515.623,0.009578297,0.006349227,-0.005892986,0.007476095,0.01256023,8.362135e-5,0.00211034,0.004779471,0.01043694,0.00317836,0.006312304,0.005014221,0.005922091,9.569223e-4,-0.002521544,2.471464e-5,0.001916601,4.805936e-4,0.001039083,0.0027488,0.0014195,0.001189493,6.948255e-4,5.551451e-4,-4.207592e-4,0.001229045,4.522826e-4,0.002339299,0.0010020300000000001,1.852526e-4,0.001004504,0.004515971,5.42987e-5,0.004484164,0.00317574,0.001665073,1.9023e-4,-0.001009737,0.001181019,-2.345162e-4,0.003651923,0.0027149,0.004851586,-0.001840901,-2.269666e-4,0.002110778,-0.002016094,0.005719686,-0.002049997,-0.002398887,0.003321201,0.003794591,0.002473371,0.006985252,3.456699e-4,0.004158353,0.001696983,-0.001131454,6.3194429999999e-4,0.002130517,0.001507479,0.002938896,0.003036632,0.001914603,5.64511e-4,0.003937105,0.001844586,0.003940228,3.592431e-4,0.00221427,4.673268e-4,7.666377e-4,-1.998652e-4,0.001919537,0.00251567,0.002212197,3.594355e-4,9.128273e-4,6.996439e-4,0.002263963,4.594759e-4,0.002196242,6.506984e-6,1.091325e-4,0.00140784,0.00131928,5.702501e-4,0.001890163,0.002651195,0.003663966,0.00448764,0.00598743,0.0211308,0.1267146,0.231194,0.2154386,0.08175531,0.0219456,0.01847606,0.02078074,0.02252665,0.02795126,0.03115258,0.03404439,0.03874558,0.04434444,0.04835413,0.05402289,0.05991696,0.06514613,0.07080042,0.07561404,0.0774662,0.08784249,0.09376835,0.1000289,0.1084438,0.1183609,0.128097,0.1396782,0.1500646,0.1597939,0.1699108,0.1777184,0.1859536,0.1953758,0.2060115,0.2178121,0.2273897,0.2371935,0.2527411,0.2626713,0.2750004,0.2846757,0.2927586,0.304435,0.3131884,0.3229701,0.3332343,0.3416675,0.3484813,0.3536842,0.3621406,0.3672161,0.3733959,0.3755734,0.3796096,0.3805622,0.3816867,0.3856479,0.3868561,0.3876483,0.3913243,0.3944914,0.3962472,0.3957166,0.3938405,0.3958514,0.4003151,0.4008147,0.4083171,0.4146421,0.4167038,0.4261007,0.431602,0.4403462,0.4515243,0.4650184,0.4807103,0.4941157,0.5176331,0.5451012,0.5645169,0.5891369,0.6282876,0.6526488,0.6987877,0.7161881,0.7533265,0.7817532,0.8405264,0.9214323,0.8674107,0.8540773,0.848713,0.8680509,0.869392,0.9337896,1.114815,1.441259,1.724598
517.956,9.358073e-4,0.006920212,-0.002347722,0.002489632,-2.378458e-4,-2.382713e-4,0.002101866,0.007536643,-0.002247526,-0.00196555,-0.0013494,-0.00557977,-0.002863831,-6.95334e-4,-0.003277896,-0.001636093,-0.001346433,-0.004903254,-7.835311e-4,1.078518e-4,1.309696e-5,5.070682e-6,7.765376e-5,-3.104067e-4,5.561428e-4,-1.068076e-4,-0.001762893,-0.001260296,-7.761348e-4,9.15004e-4,-0.003332121,1.604931e-4,-0.004927724,-0.001123487,-0.003880978,-0.002655738,0.002118173,-0.006670004,0.001617542,0.00287871,-0.00745407,-0.002081152,-0.003118393,0.001377962,0.006343494,-4.869069e-4,-0.003812157,9.091774e-4,0.003413575,0.005094811,-0.003167222,-0.003959056,-0.001135575,4.406902e-4,0.004137092,-0.002947036,0.001222266,1.813993e-5,-0.001272272,-2.161012e-4,-0.001123913,-0.002067907,-0.001087683,0.002999163,-0.0012105,-0.002011501,0.001633417,-6.756828e-4,2.229445e-4,0.001013586,6.528666e-4,-0.002163319,-0.001840493,-0.001295634,-7.000682e-4,6.61245e-4,-9.013478e-4,3.492641e-4,-8.782576e-4,3.095024e-4,0.001549114,-0.002211066,2.866998e-4,-8.101038e-4,6.826796e-4,0.002875803,0.003014732,0.002090731,0.002207862,0.002915586,0.004586535,0.01308674,0.09540751,0.2395818,0.2301674,0.1091811,0.02632541,0.01497779,0.0187911,0.02032792,0.02472098,0.02715244,0.03198936,0.03505814,0.03953091,0.04473236,0.05030344,0.05560242,0.06118055,0.06672626,0.0718289,0.07654728,0.08017191,0.08823952,0.0935976,0.1013343,0.1093292,0.1174253,0.1263936,0.137062,0.1463016,0.1585578,0.1658185,0.1737296,0.1821938,0.1929439,0.202805,0.2110102,0.2216803,0.2337041,0.2469177,0.2557204,0.2669143,0.2768239,0.2875513,0.2951587,0.3069986,0.3129806,0.3225445,0.3313134,0.3380241,0.3428081,0.3488237,0.3541609,0.3552422,0.3629295,0.3655003,0.3715674,0.3671373,0.3712696,0.3750905,0.3774286,0.3754756,0.3773597,0.378965,0.3820498,0.3849866,0.3833794,0.3874831,0.3892091,0.3946054,0.3974435,0.4049683,0.4109631,0.415009,0.4297335,0.43934,0.450878,0.4676509,0.4829763,0.5061144,0.5247635,0.5437745,0.57627,0.6064463,0.6378075,0.6786682,0.7003712,0.7307603,0.7594285,0.8304005,0.8801802,0.825088,0.8043759,0.7980818,0.806892,0.8317207,0.9554485,0.8384109,1.291142,1.615463
520.289,6.281144e-4,-0.003069783,-0.007333318,5.899832e-6,-0.002874579,-0.01838558,-0.003474612,0.00418515,-0.006299051,-0.006209266,-0.001552484,-0.002418705,8.378546e-4,-0.004189007,-0.003718728,-0.001764586,0.001402912,-0.002040046,-0.003223558,-0.003754361,-6.831354e-4,3.94349e-4,-0.001386746,8.154458e-4,-7.012055e-4,-0.001375359,7.249494e-4,-0.002292281,-0.001105119,-0.002686068,0.001313706,-0.002646835,-0.001527819,-0.01284734,-0.00583785,-0.008779734,-0.004805863,-0.005034975,-0.002549965,-0.004809711,0.003774541,-1.27688e-4,-0.007382027,0.004592265,-0.006822302,-0.004140211,0.001422385,-0.006245726,-3.50029e-4,-4.455596e-4,-0.002732952,-0.006431107,-0.001564569,-0.003275777,-0.001555448,-0.001137227,-0.004413239,5.567139e-4,-0.003348066,-0.002746432,-0.001863471,-0.00256224,-0.002023759,-5.35725e-5,-9.808281e-4,-0.001933131,-0.002317336,0.00234026,-1.925426e-4,4.114595e-4,-0.001338449,-0.001421804,-0.001274407,-8.360215e-4,-0.001426197,1.528982e-4,-0.001421792,-0.001225572,-6.731823e-4,-5.601416e-4,-0.001231516,-0.001202658,-4.637468e-4,7.938391e-4,-1.285489e-4,4.44094e-4,0.00106881,7.674788e-4,0.003841282,0.003887105,0.006120286,0.06900104,0.2302109,0.2831054,0.1386566,0.03483493,0.01453651,0.01674957,0.02001848,0.02129462,0.02487538,0.02927396,0.03243661,0.03715703,0.0410109,0.04555183,0.05242254,0.05582781,0.06166648,0.06723479,0.07164102,0.07702938,0.08294018,0.0882233,0.09420866,0.1014225,0.1090088,0.1150965,0.1256439,0.1363118,0.1450188,0.152446,0.1625003,0.1719197,0.1813968,0.1889936,0.1989406,0.2094021,0.2176494,0.2260712,0.2410985,0.249849,0.2603402,0.2716,0.2792582,0.2907842,0.2981856,0.3053034,0.3128302,0.3236828,0.3262714,0.3325604,0.3409389,0.343814,0.3481682,0.3534705,0.3524823,0.3568112,0.3590363,0.3593774,0.3634074,0.3642569,0.3644517,0.3654022,0.3670733,0.3725969,0.3708992,0.3714175,0.3742768,0.3763688,0.3816001,0.3880373,0.3941359,0.3987598,0.4085693,0.4182581,0.4288442,0.4382317,0.4571095,0.472507,0.4871458,0.5143788,0.5313268,0.5567823,0.5914007,0.6225985,0.6587083,0.6729455,0.7154944,0.7583258,0.8362521,0.8313165,0.7699826,0.7711045,0.7824631,0.7749704,0.7782922,0.8097296,0.8718831,0.9905403,-0.8040508
522.623,-0.003349913,7.381602e-5,-2.93118e-4,0.002480623,-0.005575644,-0.001453514,0.006174114,0.002513394,-0.00982629,-0.005314333,-0.004666366,0.00328593,2.471772e-4,-0.006226463,0.001222969,-0.004092696,0.002398333,-0.003734814,5.252493e-4,-7.503386e-5,-2.967954e-4,-0.002466163,-0.001942705,-4.21033e-4,-0.001849661,-6.601302e-4,-0.001873433,-7.399003e-4,-1.118301e-4,-8.875353e-4,-0.002891942,-9.421689e-4,-8.116633e-4,-0.001108961,0.003360013,-0.004647706,-0.004154231,0.004340698,-8.258804e-4,-0.002683087,-0.004561114,-0.001250009,-0.003130948,-0.006840668,0.00462381,-0.00245244,0.003341972,4.050825e-4,0.006429239,-0.001240892,-0.003390233,-7.371982e-4,0.001078479,-0.002958365,-4.619686e-4,-0.001882852,0.001029527,-0.005775976,-5.782768e-4,-0.002982933,-0.002918603,0.001235579,-8.417837e-4,-0.001530376,0.001781877,-0.001630184,-0.002474602,-6.879063e-4,3.537611e-4,-0.001443013,-0.001588389,-0.001988912,-0.003079943,0.00244004,-9.448044e-4,-0.002028709,-0.001581017,-0.001321824,-4.554047e-4,1.572323e-4,-3.907171e-4,-5.231521e-4,3.352514e-4,-6.238087e-4,5.517368e-4,0.0018379,0.003183148,0.001481937,0.002613493,0.0042236,0.0317627,0.2296407,0.3108031,0.1984705,0.05132768,0.01602655,0.01503446,0.0172045,0.01974513,0.02297709,0.02684908,0.02965687,0.03330056,0.03856151,0.04232867,0.04707895,0.05347751,0.05638243,0.06373787,0.06856167,0.07382749,0.07826474,0.08367533,0.0885347,0.09556894,0.1012433,0.1084919,0.1175064,0.1247346,0.135054,0.1435813,0.1534054,0.1610239,0.1684587,0.1765001,0.1845948,0.196234,0.2038085,0.2142307,0.2243657,0.2361771,0.2454184,0.2560942,0.26395,0.274052,0.2830905,0.2895273,0.2963555,0.3036107,0.3132343,0.3211704,0.3237582,0.3284364,0.3365341,0.3367259,0.3429902,0.3425742,0.3450924,0.3483336,0.3501714,0.3507087,0.3557123,0.3565671,0.3561305,0.3557792,0.3587593,0.3608655,0.3624574,0.3634061,0.3682319,0.3701665,0.3738856,0.3815581,0.3912766,0.3997272,0.4035746,0.4147205,0.4274978,0.4434312,0.4595695,0.4744183,0.4988328,0.5186327,0.542985,0.5734288,0.6038378,0.6370949,0.6546098,0.7063745,0.7743133,0.8225852,0.7874277,0.7501655,0.7506247,0.7685518,0.7568203,0.7822815,0.6673659,0.6097182,0.7660942,1.100925
524.958,-5.905723e-4,-0.004954041,-0.001751315,-0.01011681,-0.004685918,0.01088909,-0.001708984,-0.001078408,-0.001728247,-0.005080152,-0.007923833,-0.003017,0.002005302,-3.91589e-4,-0.002961802,-0.007611281,-0.002851764,-0.002955822,-7.944589e-4,-7.86783e-5,1.014556e-5,1.287684e-4,-0.002494796,-1.00811e-4,-0.001083278,-0.002135279,-2.71292e-4,-0.001197983,7.308942e-5,0.001310752,-0.001921946,-0.003743215,-0.002030094,-0.002081507,-0.009694876,-0.00497821,0.003042543,-0.002047473,0.001157839,-0.004243891,-0.001416832,-0.005599373,-0.005579137,-0.00320184,-0.004042197,-0.002429894,1.477152e-4,-0.001214613,0.003377941,-0.001472424,-0.001624933,-0.004151347,-7.260314e-4,-0.00348528,-0.003751641,-0.003227487,-0.001727073,1.94607e-4,-0.002304337,-8.281175e-4,-3.943692e-4,-0.003010045,-0.002654927,0.001795111,-2.258694e-4,-0.00177758,-8.613113e-4,0.001276807,-3.352345e-4,2.769535e-4,-0.001205713,0.001129725,-0.001390652,-5.658941e-4,-0.002358484,0.002008619,-0.001357768,-5.841543e-4,-0.002240889,-0.001371741,-0.001621646,-0.001432345,-0.001441171,4.722061e-4,-7.849248e-4,4.906569e-4,0.001821347,0.003526812,0.00436588,0.0277763,0.1176237,0.3928582,0.2519891,0.07967318,0.01784273,0.01287416,0.01611853,0.019335,0.0219675,0.02368102,0.02688993,0.03181418,0.03638821,0.03895038,0.0441345,0.04862319,0.0537687,0.05816499,0.06468374,0.06871528,0.07432644,0.07905094,0.08284434,0.08842952,0.09479143,0.09997368,0.1077059,0.1152871,0.1246111,0.1351085,0.1433702,0.1487184,0.160185,0.1674884,0.1744483,0.1803105,0.1916332,0.1984532,0.2073568,0.2188474,0.229753,0.241217,0.2489817,0.2556855,0.2637798,0.271318,0.2783699,0.2881819,0.2955827,0.302372,0.3083125,0.3119076,0.3180815,0.3222766,0.3239722,0.3289007,0.3298055,0.3336529,0.3347794,0.3360896,0.3394177,0.3409668,0.3434822,0.3439102,0.3432444,0.3487414,0.3459105,0.3491927,0.3502227,0.3553499,0.3594018,0.3639329,0.3754917,0.3779751,0.3856758,0.3937107,0.4051921,0.4127592,0.4321816,0.4456636,0.4680008,0.4829685,0.4986402,0.5280952,0.5531858,0.5885364,0.6241079,0.6430292,0.6974711,0.7612197,0.7683016,0.7242827,0.7119013,0.6991705,0.7635543,0.7430298,0.7552141,0.7023396,0.4932612,0.8545193,2.490548
527.293,0.01619575,-0.004283719,-0.002628225,0.002468599,-0.001115978,-0.001424359,0.008470016,0.01685646,-0.002733014,0.006697984,0.002621852,0.00206272,0.003445498,-0.00229489,0.001801854,0.002765114,2.612033e-4,0.002638984,0.002830154,-0.001295989,-6.831563e-4,-8.312552e-4,4.578972e-4,4.380819e-4,9.882878e-4,9.954672e-4,1.711977e-4,0.001275248,2.776057e-4,3.340062e-4,0.002597415,0.002510918,0.00531377,0.006543214,0.006065338,2.091244e-4,0.009278245,0.002976437,0.009547504,-0.00124314,3.560201e-5,0.004502493,-0.001063687,-1.167816e-4,-6.179586e-4,-7.419952e-4,2.864891e-4,-3.361484e-4,7.386828e-4,0.002885041,0.004385812,-2.020931e-4,0.003907978,-0.002345966,0.00209879,0.004978461,0.00103426,0.00162927,-0.001529087,-5.659746e-4,-0.003315253,-0.001081424,-6.70377e-4,-0.001047221,-1.377416e-4,0.001128617,0.001832137,-0.002717421,0.001715444,-1.800674e-4,-1.102144e-4,-0.001284059,0.001698946,-6.155543e-4,8.695038e-4,0.002466635,-1.801726e-4,2.383757e-4,2.746762e-4,1.5621e-4,8.499627e-4,0.00178949,0.00159218,0.003983497,0.001892258,0.002954171,0.004600738,0.002752669,0.01446636,0.108213,0.2351616,0.3936571,0.1185046,0.02549642,0.01414545,0.01479916,0.01692957,0.02081272,0.02349348,0.02666726,0.02822608,0.03234692,0.03635747,0.04164079,0.04466957,0.05046459,0.05477732,0.06004307,0.06491766,0.0698406,0.07560369,0.07940409,0.08399838,0.08835537,0.09498258,0.09999026,0.1061215,0.1137031,0.121798,0.1324153,0.1400189,0.1496603,0.1573298,0.1629727,0.1694905,0.1767621,0.1860585,0.1946463,0.2040601,0.2132219,0.2229736,0.2356226,0.241323,0.2503317,0.2589094,0.2634622,0.2727662,0.2786398,0.2874619,0.2943202,0.299031,0.3040892,0.3074425,0.3122768,0.3165465,0.3183859,0.3207574,0.3224705,0.3260967,0.3235883,0.3269156,0.329785,0.3313817,0.3309156,0.33671450000000003,0.3365562,0.3379572,0.3370472,0.3397877,0.3448336,0.3509183,0.3559934,0.3611083,0.3690005,0.3759772,0.3821783,0.3956885,0.4088925,0.4193872,0.4347538,0.4508936,0.4710242,0.4942728,0.5162834,0.5391734,0.5713289,0.6027348,0.6354994,0.7228983,0.7436286,0.7396411,0.6961608,0.6976146,0.7038121,0.7147062,0.7259706,0.7321425,0.8416902,0.8646016,0.8107206,3.502089
529.629,0.009476593,0.01127836,0.005544705,0.01149994,0.006817667,0.007846373,0.01574287,0.009123903,0.01082066,0.007363458,0.004853305,0.001092214,0.00260509,0.00541333,0.007761027,0.001523337,0.003250064,6.955587e-4,-0.001291302,8.043642e-4,0.004021209,0.003634596,0.001684336,2.27786e-4,8.195409e-4,0.001101711,0.001547539,5.235048e-4,3.398529e-4,0.002123265,0.003240768,0.006403368,0.003761983,-0.002059951,0.0064748440000000004,0.003420699,0.004002367,0.002686401,0.003148666,0.005855944,0.006477454,0.001423988,0.001252951,0.00521724,0.002509966,0.003630495,0.003085219,0.004637331,0.006763649,0.003701338,0.001646796,0.002785117,0.002763783,0.003706904,0.001522163,0.003349013,0.001667717,0.002158858,0.002677398,0.001187048,0.003588387,0.00265719,0.004500968,0.002110885,0.003069703,8.55394e-5,0.002042776,9.377601e-4,0.00341976,0.001919864,9.656717e-4,0.001125851,3.942473e-4,0.001649884,1.474626e-4,0.00173258,0.002616501,0.001321542,0.001999228,0.002189318,0.002875756,0.002901017,0.003691204,0.002938146,0.003300604,0.005322219,0.004690354,0.008824559,0.0643867,0.2334152,0.2692146,0.2191175,0.03421154,0.01394946,0.01448492,0.01652879,0.01982362,0.02299422,0.02475719,0.02714101,0.03030139,0.03374118,0.03941167,0.04215124,0.04620578,0.0523408,0.05592622,0.06028321,0.06570335,0.07068134,0.07529857,0.07931302,0.0850184,0.08894662,0.0939532,0.09962701,0.1061155,0.1136497,0.1227894,0.132293,0.1411248,0.14765,0.1531895,0.1609326,0.1695964,0.1751937,0.1855528,0.1913176,0.2005263,0.2089596,0.2198407,0.2276775,0.2353078,0.2430974,0.2517961,0.2565835,0.2659966,0.2712766,0.2804003,0.2851376,0.2889449,0.2939186,0.3000821,0.3039379,0.3071101,0.3066795,0.3126266,0.3133164,0.3137781,0.3148349,0.3183627,0.3185347,0.3205109,0.3211188,0.3257503,0.3242693,0.3232687,0.3307368,0.3334147,0.3346507,0.3399407,0.346088,0.3505368,0.3605045,0.3670029,0.3730921,0.3820487,0.3979805,0.4071988,0.42609,0.439918,0.4619612,0.4834394,0.5038924,0.5276855,0.5569062,0.5904594,0.6271499,0.7435974,0.7426409,0.6985757,0.6847656,0.6699886,0.710237,0.7289309,0.7614222,0.6832669,0.8586664,0.8647099,1.58768,4.018435
531.966,0.01468774,0.01221615,0.01432564,6.466209e-6,0.00363424,0.008794066,0.004711287,0.009426079,0.007314073,-0.007078359,3.654535e-4,0.004851159,0.003045553,0.006762365,-2.809633e-4,0.002487509,0.004245608,0.003082076,0.003634329,0.002538498,0.00202517,0.003126236,0.002302439,1.181415e-4,-4.846561e-4,-3.271979e-4,0.002154382,4.115913e-4,9.84621e-4,0.002133732,0.002480006,-0.006511225,-0.001174536,-0.001291775,0.009414298,0.003948295,0.005143069,0.00105033,0.001166538,0.006845716,0.001601657,0.004084921,0.002208885,0.002168217,0.003674139,5.321947e-4,0.004480798,0.002118355,0.002063557,0.002209861,0.003619145,0.00215112,0.002663913,0.00258738,0.00161854,-3.672306e-4,0.003334834,-0.002110808,0.001901062,0.0014397,-1.399006e-4,0.004504251,0.001199355,0.001114989,0.001392902,0.002105913,0.001399206,-6.17562e-4,0.002395933,8.603931e-5,-1.143014e-4,-8.580084e-4,9.453178e-4,5.830416e-4,-0.001000742,-0.001052884,-4.676615e-4,0.00164918,0.001949,0.001581496,5.08299e-4,0.001846797,7.565251e-4,0.00244723,0.004024557,0.003866538,0.007565381,0.04459099,0.1856616,0.3029089,0.1867829,0.0679794,0.01339895,0.01268832,0.01535255,0.01593419,0.01889691,0.02248166,0.024437,0.02734291,0.03102189,0.03577442,0.03939222,0.04355579,0.04537209,0.0516239,0.05706931,0.06108005,0.06621827,0.07105327,0.07589938,0.07988054,0.08372705,0.08856324,0.09426827,0.09958761,0.1063832,0.1132852,0.1214233,0.1310415,0.1376538,0.14405,0.1503669,0.158149,0.1665709,0.1707462,0.1800108,0.1889157,0.195412,0.2032374,0.2138434,0.222695,0.2317596,0.2392589,0.2447093,0.2521977,0.2572498,0.2650157,0.270254,0.2781556,0.281758,0.2850571,0.2878161,0.2944481,0.2975259,0.3004446,0.3027557,0.3024455,0.3034065,0.3054711,0.3057307,0.3104518,0.3114277,0.31401,0.3143842,0.3150327,0.3158202,0.3170686,0.319447,0.3245151,0.3311088,0.3368313,0.34139,0.3473129,0.3576411,0.3662159,0.372528,0.3850629,0.4014452,0.4122683,0.4311839,0.4447338,0.473294,0.4966009,0.5160867,0.544262,0.5647783,0.6308209,0.7430353,0.6947285,0.6615191,0.6517428,0.6683759,0.6718172,0.6755854,0.6948545,0.767795,0.7134898,1.226694,1.319003,3.607787
534.303,0.00401619,-5.805253e-4,0.007339529,0.005786291,0.01310026,0.009123986,0.005898492,0.01140064,0.004328804,0.003168426,-4.779508e-4,0.003046238,-0.002155657,0.003727681,-0.001322461,0.001406125,0.004136522,-0.001240989,0.0020414780000000002,4.490825e-4,1.7667e-4,0.001767131,1.634681e-5,8.148001e-4,0.0012653,-1.058382e-4,-7.138747e-4,5.305097e-4,-8.298727e-4,0.001402165,-0.001702597,3.145241e-4,-0.005778071,0.003518851,0.004947586,0.004887327,0.003069244,0.006112365,0.001589678,0.006024245,0.001050072,-3.983803e-4,0.003050038,0.002849156,0.003965342,0.004318754,0.004894954,0.004526712,0.002561538,9.484241e-4,-7.543941e-4,0.002275443,0.002887916,0.003341734,0.001335639,0.004525867,0.001134869,0.001086792,0.001838945,9.421691e-4,0.001170944,-0.001184222,-2.95608e-4,1.787074e-4,6.257889e-4,0.001959533,0.002490378,0.001572064,2.854362e-4,0.002077693,0.003866227,0.00120099,9.099817e-4,0.001907864,7.395819e-4,9.459696e-4,2.016525e-5,0.001986162,0.001540414,0.001897156,0.001105954,0.003790658,0.002685735,0.00177521,0.004754825,0.003676135,0.02816746,0.1628841,0.2811284,0.2293543,0.07640176,0.01589362,0.01217418,0.01321703,0.01558421,0.01759616,0.02024222,0.02228885,0.02596603,0.02855984,0.03200542,0.03564755,0.04004979,0.04370262,0.04783611,0.05271453,0.0558403,0.06121866,0.06639346,0.07119861,0.07388898,0.07948108,0.08451055,0.08835479,0.09369952,0.09823518,0.104654,0.111179,0.1198911,0.1285301,0.1372258,0.1433525,0.1527457,0.1557236,0.1623243,0.1683749,0.1769116,0.1841601,0.1898161,0.1997502,0.2068012,0.2167932,0.2268095,0.2322412,0.2389162,0.243193,0.2529494,0.2590046,0.2635514,0.2699411,0.2760748,0.2793249,0.2836364,0.2860266,0.2900942,0.2912884,0.2908786,0.2961677,0.2953034,0.295863,0.2961349,0.3033362,0.3017798,0.3037854,0.3052865,0.3040464,0.3076198,0.3099719,0.3130474,0.3163214,0.3227453,0.32566,0.3341289,0.3377141,0.3466506,0.354308,0.3644536,0.3763426,0.3919493,0.4035652,0.4171504,0.4408942,0.4591994,0.4812605,0.5025721,0.5395693,0.5729383,0.6352543,0.745565,0.6433011,0.6243295,0.6266317,0.6525734,0.6457972,0.6720894,0.6631304,0.6566337,0.7566699,0.9342559,1.665464,3.092775
536.641,0.01608376,0.01261639,0.02099243,0.001665286,0.009301382,0.01466714,0.01506135,0.01372017,0.003324348,0.004088415,0.006838304,0.004169684,0.001398021,0.002533527,0.001682213,0.001696803,0.004798314,0.004738111,0.00204858,0.002229638,0.001888789,2.672203e-4,0.001647239,-2.101671e-4,-0.001313582,0.001892469,0.002063364,0.002443802,6.697032e-4,0.003967053,0.004692886,0.002546713,0.009856247,0.001762704,0.002419073,0.002908763,4.961377e-4,0.003003184,0.004065329,0.003469429,0.00132571,0.006979094,-0.005923706,0.003259164,0.003466681,0.007468199,7.942814e-4,0.002546743,3.753733e-4,0.003504471,0.005100086,0.004117921,0.003750056,-9.26698e-4,0.001924697,0.001940034,0.003829394,0.001899658,0.002621093,0.001024408,0.001824352,0.003184009,0.002249949,0.004569321,0.002020489,6.137166e-4,0.001854773,-6.295322e-4,-0.002887294,5.46277e-4,9.169819e-4,0.002970706,0.001937666,0.003124701,0.002435898,7.850959e-4,-0.00104064,0.001013265,9.66321e-4,-0.001543311,0.001862409,8.432404e-4,0.00331596,0.002803792,0.004930937,0.01998382,0.1263248,0.3499992,0.2649359,0.1042164,0.02079063,0.01156658,0.01285055,0.01530696,0.01729488,0.01922977,0.02289179,0.02428374,0.02693055,0.03010065,0.03424342,0.03733868,0.04032375,0.04412943,0.04919286,0.05402585,0.05767643,0.06206748,0.06644936,0.07105834,0.0763366,0.08104536,0.08406436,0.08865093,0.09342684,0.0988025,0.1055173,0.1125509,0.1195709,0.1270979,0.1340582,0.1414662,0.1484866,0.1537566,0.1604123,0.1654822,0.1729528,0.1807223,0.1881196,0.1970117,0.2060374,0.2120414,0.2218814,0.2280219,0.2309657,0.2386565,0.2431208,0.2507981,0.2568047,0.2619327,0.2685105,0.2705117,0.2746263,0.2793225,0.2841236,0.286247,0.2860837,0.2840893,0.2886734,0.2912989,0.290552,0.2896794,0.2943702,0.2959375,0.2955299,0.300097,0.2987338,0.3022802,0.3069126,0.305995,0.3159235,0.3211108,0.3243487,0.3305401,0.3382807,0.3463051,0.3589555,0.3709773,0.3851448,0.3951606,0.4125752,0.4311947,0.452363,0.4730852,0.4932113,0.5211883,0.5728378,0.6552649,0.7110455,0.6054051,0.6103182,0.6172605,0.622629,0.6371265,0.6596873,0.6606276,0.6529433,0.6639012,1.043987,1.662951,3.733554
538.979,0.004066201,-0.007818538,0.002975129,0.002519313,-0.0110557,3.701388e-4,-0.006801534,5.916892e-4,0.002074073,-0.002906875,9.092769e-4,0.002102674,-4.891485e-4,4.746163e-5,4.707202e-4,0.001977767,1.532069e-5,-0.001258971,-0.001623443,0.001795611,0.001356643,-7.221504e-4,-0.001407947,5.508215e-6,0.00111681,2.284772e-4,7.323793e-4,0.001590169,8.096535e-4,-3.229925e-4,0.001223115,-0.001397339,0.001593682,0.004532704,-0.005303204,0.004777769,0.0083287,4.73039e-4,-4.080399e-4,1.580516e-4,-0.002897938,0.001149601,0.003926265,-0.001891701,0.001102668,0.004105169,-0.004257645,0.004612735,0.002351734,0.004927692,-2.070549e-4,-4.257332e-4,2.749442e-5,6.638377e-4,-9.84175e-4,-0.002020291,3.871562e-4,0.001377056,0.004382596,-0.001590618,0.005147594,5.091352e-4,5.135768e-4,3.005708e-5,-0.001538571,0.001074921,6.800542e-4,-2.658376e-4,4.31649e-4,-9.179627e-4,0.003133732,2.693973e-4,6.12022e-4,-9.300987e-4,0.002408743,0.002003273,-0.001148993,0.001780704,0.001346568,0.003998251,0.003643215,0.002474468,0.003053263,0.004122471,0.00908948,0.09538586,0.3101852,0.4220745,0.1493081,0.02924034,0.01165316,0.01277892,0.01208286,0.01414298,0.01599315,0.0189127,0.02162131,0.02447925,0.02748494,0.03071969,0.03364574,0.0370854,0.04246614,0.04503528,0.04807832,0.05383127,0.05827107,0.06289546,0.06668218,0.07255199,0.07579556,0.07970849,0.08339637,0.08757229,0.09255858,0.09761309,0.1041271,0.1094001,0.1186526,0.125851,0.1330719,0.1393978,0.1456606,0.1507995,0.1554895,0.16223,0.1706953,0.1776192,0.1830594,0.1919457,0.2001174,0.2060074,0.2138875,0.2209398,0.2265735,0.2336999,0.2381546,0.2466054,0.2492229,0.255844,0.2601976,0.2636534,0.2684846,0.269976,0.2746895,0.2761822,0.2766714,0.2786746,0.2782469,0.2788902,0.2840555,0.284361,0.2849068,0.2865899,0.2891425,0.289177,0.2902471,0.2944108,0.2980715,0.3004684,0.306596,0.3156734,0.3170268,0.3243441,0.3314087,0.3384247,0.3526569,0.3595094,0.37131,0.3811076,0.4004118,0.4177751,0.4374054,0.4547684,0.4808268,0.5119565,0.5745673,0.6424774,0.659276,0.5873204,0.5896322,0.6037618,0.6086724,0.6084747,0.6331966,0.6541828,0.645128,0.6421437,0.6783999,0.9536338,2.612557
541.318,0.002830998,-2.723669e-4,-0.00927857,0.001130108,-0.01079508,0.002522097,-5.639222e-4,-0.002810632,-0.005896576,-0.005205657,-0.00368919,0.001620853,2.349061e-4,0.001988711,-5.981931e-4,-0.003351976,-0.005709519,-0.003713597,-2.939429e-4,-2.538984e-4,4.876114e-4,8.807461e-6,-0.001704905,-0.001858991,-0.002663848,-2.766702e-4,8.525728e-4,-8.681435e-4,-0.004006862,-0.00166138,-4.186187e-4,-0.001251954,-0.003816457,0.001804065,-0.004532429,-0.002182139,0.003465293,0.002449483,-6.91571e-4,-0.002868572,-0.001440749,-2.723313e-4,0.001278443,1.825787e-4,-0.003605714,-0.003286888,0.001062916,1.642333e-4,-1.131081e-4,-0.003030952,0.001577964,8.889539e-4,0.001633576,-8.355062e-4,-0.001903682,-0.002233435,0.001428007,6.718903e-4,-0.004193832,-0.002110029,-7.376843e-4,0.002135742,0.002044553,-0.004426043,-3.721577e-4,-0.002040974,-0.001469932,-0.002867402,-8.219382e-4,-0.002616819,-0.002533123,-3.699137e-4,-0.001265642,-0.001665394,1.572517e-4,-0.001647075,-0.001484926,4.772258e-4,5.577986e-4,-0.002080373,0.001434094,0.0017955,5.849106e-4,0.004679309,0.05725699,0.2390631,0.4261949,0.295255,0.05031179,0.009549387,0.008714273,0.0107023,0.01378605,0.01514044,0.01623225,0.01977528,0.02020039,0.02590258,0.02725248,0.03055091,0.03455005,0.038369640000000003,0.04093805,0.04567086,0.04901748,0.05351553,0.05783643,0.06281739,0.06645671,0.07136409,0.07501043,0.07803573,0.0829409,0.08840254,0.09221011,0.0963822,0.102747,0.1086631,0.116537,0.1232659,0.1295578,0.1347342,0.1419035,0.1493608,0.1527919,0.159672,0.1682855,0.173652,0.1784901,0.1858163,0.1942846,0.2022912,0.2075818,0.218056,0.2222676,0.2246456,0.2306213,0.2366981,0.2437218,0.2479784,0.2502346,0.2537736,0.2581946,0.2615115,0.264956,0.2668042,0.2691076,0.2661589,0.2696768,0.2732248,0.273407,0.2745945,0.2759449,0.2769187,0.2815704,0.2812987,0.2809213,0.2859737,0.2876526,0.2894341,0.2993235,0.3063393,0.3084911,0.3128312,0.3217259,0.329016,0.3423173,0.3477281,0.3646181,0.3743461,0.3848665,0.4056555,0.4283482,0.4463753,0.4681911,0.5045004,0.5783316,0.615265,0.5871534,0.5617695,0.5702989,0.5865829,0.5900497,0.5703226,0.6039098,0.5858947,0.497879,0.4937103,0.4991295,0.8344468,0.7378939
543.658,-0.004373332,-0.003473165,-0.003597686,-0.002525655,0.004861133,3.415205e-4,-0.007465177,-0.007065288,-0.0061627,-0.005889199,0.006206143,-0.00148116,-0.002307667,0.002268018,-0.004274852,-1.098573e-4,-0.002157572,2.514473e-4,-0.002262469,7.267003e-4,-7.760592e-4,0.001604168,5.841973e-4,0.001267779,0.001177899,-2.790343e-4,-8.451907e-4,2.435714e-4,-7.246328e-4,8.867177e-6,0.001116195,7.295201e-4,-0.001898681,8.223652e-4,-0.003393295,5.773011e-4,0.004429685,0.001373702,0.001469174,0.002802751,-0.002328714,-0.005590682,0.005057923,-0.005578221,-0.004285824,2.238666e-5,0.002772883,1.568904e-4,7.546426e-4,6.038147e-4,-8.949751e-4,-2.031999e-4,-0.001164863,2.499858e-5,0.004798468,-0.001932222,-1.737097e-4,-0.00144157,0.001319713,-4.913405e-4,-1.525478e-4,-7.205334e-4,-0.001526625,5.717814e-4,-7.705723e-4,-0.00213513,0.001948111,-2.787668e-4,9.15929e-4,0.002247768,-5.656371e-5,-0.002789687,3.882386e-4,-2.216422e-4,7.448054e-4,-6.149469e-4,0.002355003,0.002413978,0.002168362,0.00240599,0.002400054,0.003134682,0.004371089,0.04177983,0.1896993,0.346751,0.3357388,0.1152842,0.01179493,0.01012981,0.0104443,0.01238048,0.01240855,0.01512501,0.01725207,0.01906695,0.02218748,0.02567116,0.02768824,0.03075833,0.03519417,0.03914827,0.04117071,0.04556323,0.05001872,0.05405627,0.05788053,0.06139632,0.06729518,0.07043223,0.07334706,0.07793629,0.08082869,0.08701001,0.09082148,0.09617133,0.1005492,0.1054844,0.113191,0.1221715,0.1292979,0.1335788,0.1398878,0.1443775,0.1489672,0.1540432,0.1646326,0.16903,0.173951,0.181863,0.1903052,0.1942479,0.2044027,0.2099415,0.2128614,0.2202217,0.2252678,0.2278585,0.2324566,0.238755,0.243485,0.2477854,0.2508164,0.2529205,0.2557021,0.2581653,0.2599402,0.2604608,0.2618144,0.2627841,0.2625259,0.26512,0.2684932,0.2689366,0.2712831,0.271212,0.2743353,0.2754998,0.279654,0.2837788,0.288782,0.2935823,0.2993412,0.3050182,0.3147975,0.3189769,0.3285253,0.3386027,0.3540688,0.3654281,0.3781399,0.3946667,0.4131623,0.4330885,0.462344,0.5035842,0.5787123,0.5741382,0.558876,0.5548241,0.5448711,0.566084,0.5782347,0.5726815,0.5736366,0.5768748,0.561216,0.6604077,0.799034,0.7754318,4.149875
545.998,0.00347211,0.005445666,-0.006610323,-0.005905455,-0.003307962,-0.007062779,-0.01373751,-0.007934127,-0.01162246,-0.007065289,-0.00529569,-0.002606798,-0.001696206,-0.006694435,-0.008101487,-0.002117085,-0.003559732,-0.003374122,0.001455658,-0.002950575,-0.00109731,-0.001728591,-0.002628092,0.001053041,-0.002292997,-6.169266e-4,-5.616405e-4,-0.001229777,-8.596352e-4,-0.003342094,-0.005513584,-0.004557728,-0.008906655,-0.006879948,-0.005991286,5.7634e-4,-0.003601637,0.002151246,-1.257407e-4,-0.005090866,-0.002491463,-0.005470087,1.578347e-4,-0.001214281,-0.005094311,-0.003305586,-2.557665e-4,-0.005494814,-0.004708417,-0.002683103,-0.003707353,-0.006684885,-0.005718432,-0.002953539,-0.002099865,-0.005561617,-0.003007872,0.001479019,-0.00140238,-0.002036556,-0.004503672,-0.00294665,-0.00343861,-0.002134339,-0.001091257,-0.003579479,-0.002082629,-0.003031982,-0.002229242,-0.003314342,-0.002092609,-0.001383605,-0.003599462,-0.002000082,3.15213e-4,-0.002885467,-6.53799e-4,3.212337e-5,1.306848e-5,-4.664173e-4,5.292454e-4,0.002850435,0.0197966,0.1489574,0.3271275,0.2886471,0.145751,0.02428327,0.007087302,0.009918296,0.01096964,0.01229603,0.01272767,0.01599641,0.01872415,0.0204271,0.02267789,0.02458085,0.02881377,0.03037156,0.03447342,0.03822742,0.04338495,0.04643745,0.05040109,0.05288556,0.0585373,0.06122306,0.06668908,0.07001036,0.0736502,0.07684652,0.08123345,0.08429247,0.08932226,0.09370275,0.09815137,0.1039096,0.1093005,0.1192343,0.1261303,0.1320533,0.1368909,0.1403501,0.1458502,0.1508318,0.1567883,0.1618224,0.1681558,0.1761767,0.1860094,0.1899692,0.1964973,0.204231,0.2069204,0.2106229,0.2157743,0.2204001,0.2273769,0.2331042,0.2368765,0.2390408,0.2414169,0.2462833,0.2497207,0.2495407,0.249941,0.2515805,0.2533852,0.2507215,0.2547289,0.2564162,0.25804,0.2572666,0.2605244,0.2646957,0.2639991,0.2676853,0.2715482,0.2714541,0.2786483,0.2867007,0.2922057,0.2978591,0.3021609,0.3096305,0.31887,0.3302613,0.3409347,0.3562511,0.3680837,0.3857664,0.3994788,0.4193641,0.4493632,0.5172651,0.5439086,0.5423698,0.519951,0.522251,0.5403178,0.5459416,0.5475684,0.5467039,0.5888096,0.5563194,0.5309662,0.5834719,0.6808178,0.7614358,-2.689444
548.339,9.718299e-4,0.008705359,0.001199058,0.01015817,0.002756691,0.00131097,0.01201839,0.002595388,0.002370138,0.005301526,0.003771322,0.003869281,0.00115627,0.004407888,0.006457804,-0.003051108,0.001415675,0.005302146,0.004156661,-0.001245143,0.004066907,0.002811058,2.421576e-4,3.959003e-4,0.001521564,-5.005184e-4,5.135085e-4,5.981965e-4,0.002367907,0.003617641,5.716365e-4,-0.001694268,-0.001710947,4.531127e-4,-9.714063e-4,0.002044421,0.004614811,-1.204754e-4,-0.001133183,-1.149896e-4,0.003702749,-9.972191e-4,0.005086453,0.003058459,-2.502465e-4,-2.442001e-4,0.003053482,0.003893464,0.00274491,-0.001991091,0.003053767,0.005082409,0.002306113,4.367403e-4,0.001871907,0.001882883,0.001249561,0.001128634,9.971255e-4,0.001219639,0.002199146,-0.001619688,-5.756118e-5,0.001462781,8.822657e-4,0.001772554,0.002480024,0.001046202,7.875804e-4,-6.007906e-4,-0.002152351,-6.240481e-4,0.002318274,8.475725e-4,8.251806e-4,0.001555191,0.001976874,9.363614e-4,0.001860624,0.005455447,0.006391531,0.01163186,0.09079765,0.2708827,0.3156143,0.1322274,0.03535637,0.00826403,0.008360464,0.009929154,0.01152122,0.01436139,0.01518413,0.01726367,0.02013556,0.02218535,0.02554683,0.02616394,0.03048715,0.03126198,0.03607652,0.03833096,0.04176712,0.04626329,0.04944941,0.0547238,0.05750821,0.06121694,0.06472728,0.068433,0.07386687,0.07696534,0.08017578,0.08327219,0.08827105,0.09419619,0.09808755,0.1024376,0.1088783,0.1138259,0.1220793,0.1273493,0.1340646,0.13765,0.1415715,0.1465239,0.1546208,0.1587557,0.1642641,0.1706684,0.1794804,0.1856312,0.1920628,0.1947843,0.2029423,0.2044824,0.2105267,0.2154203,0.2210234,0.2236634,0.2290277,0.2287966,0.2364295,0.2366124,0.2386565,0.240584,0.243235,0.2427205,0.2450631,0.24473520000000001,0.2464105,0.2482682,0.2516586,0.2487012,0.2506921,0.2528283,0.2555433,0.2584016,0.2606336,0.2652832,0.2710429,0.2778427,0.2811892,0.2856341,0.2954327,0.300395,0.3145185,0.3199666,0.3300776,0.344252,0.3582829,0.3721685,0.3876059,0.4043835,0.4486815,0.5091519,0.5445779,0.5059588,0.4978038,0.5190522,0.5286648,0.530572,0.5307551,0.5256561,0.5590862,0.5849303,0.5625031,0.6729005,0.9759638,1.602205,3.912551
550.68,0.007268678,0.003939059,-6.063284e-4,0.003121701,-0.02001974,-0.01547505,-0.00870149,0.003460597,-0.003075277,-0.007517424,-0.004425344,-0.004234751,-0.001009805,-0.007004756,1.895339e-5,-0.002648187,-3.556242e-4,-0.002907849,-0.002680563,-0.002512512,-0.001257258,-5.955011e-5,1.786598e-5,-0.00325255,-3.834865e-4,-6.201224e-4,-0.001133197,0.001549508,-0.001871832,-0.001497628,-0.00186002,0.003748432,0.00126493,-0.003117481,-0.007602791,-0.001075849,-0.00937219,-0.001960746,-0.003490244,-0.004368506,0.00210931799999999,-0.005480255,1.768305e-4,-0.006862274,1.620382e-4,-0.006103432,-0.002219034,-0.003436905,-0.002104451,-0.006009502,-0.003480527,-0.002410658,-0.00127752,-0.001140219,-0.002436945,-0.00400832,-0.004440764,-8.857181e-4,-2.354602e-4,0.001398657,-0.002923253,1.87822e-4,-0.002497628,-0.001572171,-0.001867891,-2.80497e-4,-8.811327e-4,-4.863573e-4,-0.001951315,-0.001888952,-7.156984e-4,-0.001458682,5.111851e-4,-0.002329691,-9.085001e-4,0.001101976,2.401504e-4,0.001051415,0.001271648,0.002424442,0.008674859,0.06514765,0.1958515,0.2813493,0.1753694,0.03452342,0.007552515,0.008195433,0.007899573,0.008481603,0.0116725,0.01334994,0.0147168,0.01727567,0.01961796,0.02150412,0.02301063,0.02575027,0.02809916,0.0329618,0.03563462,0.03980149,0.04253894,0.04563681,0.04862924,0.05180414,0.05651442,0.05985333,0.06511572,0.06850119,0.07253086,0.07533846,0.07940539,0.08406357,0.08654122,0.0901594,0.0950639,0.09999772,0.1065315,0.1131817,0.1193872,0.1237125,0.1282321,0.1335649,0.1386593,0.1429005,0.1499656,0.1538561,0.1597154,0.163859,0.1729977,0.1785885,0.1861915,0.1893908,0.1941982,0.1988141,0.205103,0.2056197,0.2097584,0.2153734,0.2194575,0.2215054,0.2233811,0.228609,0.2323004,0.2324835,0.232008,0.2344632,0.2344251,0.2353098,0.2380599,0.2401414,0.2392873,0.2415899,0.241974,0.2440497,0.2434672,0.2478013,0.2557739,0.2581037,0.2612241,0.2663298,0.2718402,0.276877,0.2844114,0.2947531,0.3023774,0.3079176,0.3229721,0.333443,0.3448945,0.3625838,0.3787201,0.3959517,0.4450395,0.5077193,0.5030665,0.4768422,0.4861606,0.4878082,0.4914805,0.5115199,0.516563,0.5167467,0.5529046,0.525717,0.5628199,0.5272891,0.512019,0.3378024,-1.225281
553.022,3.204675e-4,0.008065997,0.003018945,0.0113362,0.004314318,0.00812849,0.00453378,0.01228174,0.005478136,0.005983214,0.005914466,0.003133754,0.003257948,0.00454628,0.007253788,0.002829765,0.005798119,-0.001175463,-0.001136516,0.006235385,9.748377e-4,-6.000289e-4,0.00128472,0.002107947,-1.088934e-4,9.686068e-4,7.431299e-4,0.00362805,-0.001959109,0.003041153,7.853225e-4,7.198984e-4,0.001973448,0.01129944,0.00265158,0.00501614,0.009438957,0.007361362,0.006035894,-1.286256e-4,-0.001319708,0.008435484,7.149279e-4,0.002236016,0.003933016,-3.887422e-4,0.003438738,-0.001389864,-3.697458e-4,-0.001530837,3.402807e-4,0.001337701,0.005028288,8.684894e-4,0.002283333,0.002079957,0.00201239,0.001861743,1.903021e-4,0.002601003,8.524928e-4,-9.756856e-4,0.001073836,8.836615e-4,0.001673444,-8.347788e-4,0.002936722,3.015209e-4,0.002123038,0.002270622,0.003508951,0.001478372,0.003363998,7.073999e-4,0.002814572,0.001096726,3.275477e-4,7.173885e-4,0.003487895,0.006959505,0.05137205,0.2133635,0.2456631,0.1885924,0.05622309,0.009922218,0.009469263,0.009181352,0.008767797,0.01224939,0.01315967,0.01430979,0.01535382,0.01769205,0.02018959,0.02264162,0.02523329,0.02634378,0.03065496,0.03330739,0.03663838,0.03996531,0.04187203,0.04599834,0.04914574,0.05204084,0.05583864,0.05988793,0.06464461,0.06812086,0.07059674,0.07343337,0.07624318,0.08048549,0.08451857,0.08845575,0.09401459,0.0985572,0.1047471,0.1096211,0.1167068,0.122166,0.12434,0.1311984,0.1341219,0.1391638,0.145686,0.1491866,0.1548301,0.1602856,0.1684849,0.1729501,0.1790439,0.1840968,0.1893591,0.1904438,0.1964628,0.1995398,0.2049556,0.2111902,0.2122125,0.213378,0.218678,0.2195732,0.2222292,0.2232356,0.2261723,0.2245122,0.2268259,0.227058,0.2278381,0.2293253,0.2321446,0.2332268,0.2360036,0.236188,0.235407,0.241469,0.2422804,0.2477735,0.2547965,0.2594613,0.2631639,0.2715472,0.2733563,0.2831113,0.2880242,0.298734,0.3123997,0.3245803,0.3324619,0.3500879,0.3641683,0.3922982,0.4452714,0.4898582,0.4659673,0.4646093,0.4717292,0.4789063,0.4860344,0.4906309,0.5015466,0.5267732,0.5154845,0.5235571,0.5184079,0.5956933,0.548497,1.192728,3.893043
555.364,-0.003789345,2.244006e-5,-0.005449036,8.556395e-4,0.007660038,0.002257004,0.01177697,-5.573587e-4,0.001559956,-0.002738148,0.004307052,-0.002373815,3.021837e-4,-0.006141772,0.001865341,-0.002816577,2.728775e-4,0.002376339,-0.001138947,0.002636598,-1.517333e-4,4.054473e-4,9.93216e-4,-6.618982e-4,5.718397e-4,0.001140647,1.751992e-4,5.972608e-7,-0.001749337,-5.794906e-4,5.667752e-4,-0.002426838,5.421008e-4,-0.004531816,0.002032434,0.001847613,-8.208938e-4,-0.002597028,-2.783446e-4,-8.730795e-4,-5.736259e-4,-1.257991e-4,2.945942e-4,0.003894253,-0.00188571199999999,-3.898002e-4,8.159031e-4,7.84115e-4,-0.001997903,-0.002008465,0.003409943,-0.001101906,0.004702838,-0.001266848,3.279503e-4,-7.790406e-4,0.004302894,2.05998e-5,-0.001138448,7.852247e-4,0.002110917,0.002584634,-0.002024831,0.001863875,0.002623613,0.001559238,-5.884789e-4,0.003084239,1.516147e-4,-3.24526e-4,-0.002241794,0.001814627,-9.313327e-4,5.978592e-4,0.001615668,0.001199445,0.002332345,0.003133065,0.004424872,0.02946238,0.1883243,0.3982026,0.1930793,0.07550547,0.01481243,0.005573922,0.008213431,0.007993513,0.009940095,0.01197631,0.01286284,0.01462148,0.01569695,0.01624678,0.01788847,0.02189003,0.02358307,0.02708935,0.0293654,0.03162903,0.03635321,0.03812765,0.04215587,0.04444999,0.04857067,0.05214815,0.05625292,0.05851195,0.06238759,0.06634153,0.0686678,0.07276687,0.07611264,0.07938745,0.08276159,0.0875471,0.0920713,0.09580096,0.1013624,0.1080271,0.112982,0.1184488,0.1227381,0.1265321,0.1305653,0.1335806,0.1412447,0.1448198,0.1496296,0.1561186,0.1631981,0.1659087,0.173776,0.1769138,0.1805264,0.184485,0.1881859,0.1928479,0.1956865,0.2023719,0.2061211,0.2046746,0.2096258,0.2133956,0.2130673,0.2167746,0.2183285,0.2172889,0.2165069,0.2187304,0.2177136,0.2199549,0.2223763,0.2255929,0.2271406,0.2291244,0.229855,0.2297004,0.2359206,0.2395802,0.245465,0.243881,0.2545322,0.2587438,0.2671557,0.2734078,0.2827331,0.2894053,0.3013133,0.3097836,0.3258441,0.3383062,0.3544562,0.3897316,0.4460681,0.4529752,0.439003,0.442942,0.4563954,0.4636694,0.4759498,0.4651095,0.487863,0.4942198,0.4800755,0.5060689,0.5609544,0.5674561,0.661102,0.7980577,1.739843
557.707,0.01430216,6.575406e-4,0.004859306,0.01196488,3.192498e-4,0.005023628,0.01182969,0.00432064,0.00758467,0.001400389,0.003611193,0.003772973,-0.003897699,-0.002846518,-2.98652e-4,-0.001126939,0.002975899,0.003445363,3.172933e-4,0.00254368,0.004816804,3.399742e-6,4.614559e-4,7.234858e-4,0.001415371,1.140931e-4,0.001774628,0.001679194,0.002994759,0.001190498,0.001345514,0.004483423,-0.002824256,0.004962871,0.006897643,-5.527385e-4,0.001167415,0.001541527,0.004291202,0.002953109,9.021353e-4,0.002770809,0.002280227,0.001261769,0.004358727,0.0022808,4.041588e-4,0.004280001,7.54467e-4,0.001559376,0.002392891,0.005002306,0.003195731,0.001181596,0.002477768,0.001301737,-0.002657912,0.002228557,0.003141613,0.002422965,0.003214767,9.252718e-4,0.004425643,6.4925e-4,0.001116464,8.378723e-5,7.58699e-4,0.003522331,0.001918816,2.718314e-4,9.359255e-4,-5.983482e-5,0.00375736,0.00107575,0.002558242,0.002398461,0.003889098,0.004440822,0.0133291,0.1349772,0.40172,0.4326037,0.09417425,0.01955543,0.007520878,0.008904437,0.008726823,0.007431554,0.01071797,0.01141992,0.01260048,0.01502085,0.01677486,0.01857906,0.02120191,0.0242084,0.02501662,0.02707471,0.03146933,0.03352609,0.03628877,0.0396175,0.04266205,0.04585862,0.04846842,0.05210556,0.05540168,0.05859621,0.06277678,0.06598627,0.06925946,0.07219724,0.07494394,0.07768776,0.08149163,0.08533187,0.08984367,0.09389831,0.09937791,0.1062667,0.1111513,0.1143258,0.1191845,0.1226146,0.1277965,0.1313345,0.1361808,0.1415991,0.1440162,0.1516824,0.1562523,0.1636402,0.1679761,0.1737012,0.175282,0.1800146,0.1840011,0.1859725,0.1896929,0.1947406,0.1978159,0.1967579,0.2015004,0.2050189,0.205437,0.2078255,0.2097043,0.2104282,0.2102723,0.2149374,0.2124329,0.2156561,0.215149,0.2165423,0.2189554,0.2216358,0.221236,0.2252651,0.2280697,0.2321302,0.235094,0.2419099,0.2474956,0.2501137,0.2568064,0.2618324,0.2764621,0.2834104,0.2958861,0.3047492,0.3159558,0.3294482,0.3463989,0.3931657,0.431858,0.4266978,0.414678,0.4264019,0.4368883,0.4423318,0.4538326,0.4625812,0.4636691,0.4587648,0.4804149,0.4958467,0.4973233,0.6012933,0.9335493,1.001506,2.735112
560.051,9.698359e-4,-0.01230291,-0.001222084,0.008291668,-0.003070645,-0.00750485,-0.001515366,-0.004021242,-7.8631389999999e-4,-0.009710312,0.00108633,-0.003909002,0.002903406,-0.006978734,1.06298e-5,-0.007411651,-0.001811307,0.002033624,-8.360792e-4,-0.002902486,0.001459916,-0.001354233,-5.073187e-4,-0.00233614,-0.001476638,-1.09855e-4,-0.001662367,-9.488256e-4,-0.00169587,-7.712554e-5,-0.003906575,-0.001876249,-0.003543108,-0.002969017,0.00306157,-0.00502294,8.396477e-4,0.002324692,-0.007096348,-0.001462218,-0.00626273,-0.002770316,-0.005542858,-0.00388713,-0.002171305,-0.004295996,-0.004902171,-0.004139109,-0.002512325,-0.002026069,2.450334e-4,-0.003560267,-0.003717305,-0.002564296,-5.148467e-4,2.128614e-4,-6.515279e-4,-4.555992e-4,4.615363e-4,-7.648023e-4,1.754892e-5,-0.002001405,-0.00187644,-0.001921964,-0.001660791,-4.520518e-4,-0.002799932,-0.001535576,-0.001484118,0.001533245,-0.002995289,9.888139e-6,-7.04083e-4,9.816852e-4,0.001634029,0.00218789,0.001385512,0.005287247,0.07535377,0.3528721,0.461459,0.2870073,0.02213563,0.005427372,0.006706979,0.005652325,0.005595815,0.008440548,0.009841949,0.01242902,0.01256887,0.0148815,0.01505474,0.01643276,0.01887467,0.02221815,0.02434852,0.02863896,0.02900574,0.031948,0.03511063,0.03808459,0.04021565,0.04352582,0.04763499,0.05016744,0.05416327,0.056643,0.06089291,0.06412913,0.066322420000000007,0.06990121,0.0726936,0.07581986,0.07866881,0.08201766,0.08676945,0.09127598,0.09557479,0.1015217,0.1068396,0.1118523,0.113541,0.1195284,0.1220294,0.12633,0.1317402,0.1360918,0.1399475,0.1466337,0.1503293,0.1551003,0.160403,0.1645495,0.1695217,0.1723213,0.1741917,0.1817681,0.1832223,0.1888797,0.1906054,0.1898154,0.1946961,0.1963285,0.1999132,0.1980371,0.2007253,0.1996282,0.2025727,0.2030191,0.2037544,0.2072891,0.208049,0.2086945,0.2092272,0.2118347,0.2144681,0.2157145,0.220017,0.2217657,0.2270512,0.2324859,0.2352557,0.2448374,0.2492274,0.2586124,0.2624732,0.2722127,0.2829986,0.2932999,0.3064829,0.3139166,0.3406793,0.3892635,0.4113315,0.3972434,0.398204,0.4111551,0.4166263,0.4192367,0.430538,0.437357,0.4397852,0.4532997,0.4476962,0.4620554,0.4605128,0.4619169,0.4384659,0.1300242,1.755237
562.395,-0.006072276,0.001361551,0.02417836,0.008605338,-0.007063515,0.007287115,0.01162522,0.005794394,-0.009474722,0.003287867,-0.001069522,0.001145327,0.001808569,0.007068571,0.001727293,-0.002009004,0.003002697,0.002636221,0.001373602,0.002194218,6.539319e-4,0.002314182,0.001460449,0.001406855,-3.365382e-4,0.001731655,1.758399e-4,4.857846e-4,-1.994551e-4,-0.002125973,-3.363438e-4,-5.745953e-4,0.002329099,0.002412822,-0.001409248,0.003004687,0.004194348,0.003268606,-0.005498943,0.004762319,-0.005974879,-0.00175313,0.005019265,0.001129521,-0.003000383,0.003789513,0.001490685,0.001309266,0.001406007,-0.002638495,0.001955469,0.001456502,8.910498e-4,0.001836909,-8.164209e-4,9.050184e-4,0.002791182,0.006062265,0.0012736,-9.667646e-4,-0.001526078,0.00234885,0.001825232,0.001886918,0.002555858,-0.002798766,6.154413e-4,3.842747e-4,5.814489e-4,-0.001028609,0.002889775,0.001709249,0.001891989,0.003673076,0.003947557,0.005284726,0.008515448,0.04065085,0.2244462,0.4941409,0.3228353,0.1143053,0.008527966,0.006489347,0.009007474,0.008290288,0.009802792,0.009369574,0.01105246,0.01163103,0.01312362,0.01391832,0.01682422,0.01878979,0.0210857,0.02276465,0.02532383,0.02830674,0.02871406,0.03302416,0.03589153,0.0388146,0.04101676,0.0439045,0.04648267,0.04991581,0.05268635,0.05568825,0.06068079,0.06261976,0.06663186,0.06831596,0.07230119,0.07439416,0.07702185,0.08114371,0.08428053,0.0887731,0.09505503,0.0997111,0.104792,0.1092018,0.1118364,0.116815,0.1179678,0.1233696,0.1287909,0.1331064,0.1370909,0.140773,0.1470331,0.1504128,0.155431,0.1610647,0.1653192,0.1668275,0.1694279,0.1755669,0.1781002,0.1786019,0.1844394,0.1871645,0.1869666,0.189987,0.1892011,0.1928287,0.1943888,0.1960066,0.1962453,0.1976861,0.1974969,0.1984747,0.2019396,0.2034036,0.2035726,0.2029759,0.2086002,0.2111367,0.2138606,0.2181139,0.2204568,0.2259195,0.2302187,0.2374649,0.2436018,0.25041,0.2588305,0.2632013,0.2749851,0.2855918,0.2954589,0.307627,0.3490934,0.3885653,0.3878629,0.3680888,0.3824234,0.397355,0.409481,0.4227779,0.4227826,0.4346131,0.4304996,0.4586068,0.4596902,0.4431356,0.4978473,0.6133052,0.4229266,1.355447,1.385263
564.74,0.009630832,-0.002185395,0.007365206,0.00662395,0.003778087,-2.681929e-4,-0.00213517,-0.001996348,0.005574115,-0.005838492,7.462491e-4,0.005722551,-0.00205145,-0.004254995,-0.006723745,-0.01613208,-0.01033759,-0.01209826,-0.009632639,-0.007260338,-0.0112095,-0.009555378,-0.004519982,-0.004394718,-0.005382727,-0.005950222,-0.006424163,-0.005253768,-0.009087607,-0.01062549,-0.00848976,-0.0127086,-0.02507139,-0.01052928,-0.02704848,-0.02631246,-0.01545829,-0.0140002,-0.01225211,-0.01255376,-0.01326651,-0.01505432,-0.01423852,-0.01885307,-0.01296449,-0.01562587,-0.01581355,-0.01876272,-0.01573117,-0.0105002,-0.01080792,-0.01393351,-0.008228542,-0.01221911,-0.01523833,-0.01274638,-0.007364425,-0.009751953,-0.006881301,-0.008754184,-0.01103163,-0.00859714,-0.009860733,-0.007776542,-0.01234316,-0.004328038,-0.006655721,-0.00423113,-0.003807075,-0.007424186,-0.006123788,-0.006263134,-0.006369933,-0.001868821,-0.006205691,-7.690515e-4,0.04133478,0.1254971,0.3389645,0.391819,0.1301679,0.01453892,0.001036535,0.002320726,9.568807e-4,0.004048849,0.003024418,0.003910543,0.007003468,0.007183329,0.01012962,0.01012754,0.01262625,0.01467712,0.01619791,0.01799511,0.0203673,0.02332451,0.02696141,0.02936941,0.03330566,0.03457303,0.03885061,0.03944447,0.04402824,0.04651754,0.04994599,0.05433362,0.05828832,0.06042884,0.06341363,0.06542848,0.06785308,0.07150846,0.07434848,0.07766181,0.08020823,0.0849056,0.08917941,0.09423896,0.09887194,0.1032145,0.1059744,0.1098166,0.1115301,0.1171885,0.1238616,0.1229574,0.1291385,0.1337157,0.136636,0.1428418,0.148528,0.1520864,0.1551289,0.1588742,0.1600828,0.1633008,0.1660492,0.1708197,0.1716135,0.1780459,0.1782334,0.1806194,0.1805668,0.1831224,0.18363,0.1859856,0.185677,0.1847159,0.1843505,0.1887643,0.1919937,0.1917684,0.1915811,0.194094,0.1927443,0.1996038,0.2005021,0.2045885,0.2113497,0.2121098,0.2182791,0.2243454,0.2283665,0.2374396,0.2404276,0.2526764,0.263778,0.2701934,0.2851481,0.2926698,0.3344234,0.3689724,0.34673,0.3469596,0.3615068,0.3714048,0.3794433,0.3796446,0.381789,0.3999098,0.383943,0.3730019,0.3521715,0.3024011,0.24651,0.06669293,-0.3886098,-1.086929,-7.93278
567.085,-0.0135369,-0.007569191,3.05909e-4,-2.932225e-4,0.009650149,0.003490852,-0.005229275,-0.01048883,0.002389293,-0.006553515,-0.0012701,0.001921012,1.280741e-4,0.002342824,-0.003141813,0.002893444,-9.12203e-4,-0.005522659,8.536504e-4,-0.001100076,8.205645e-4,-4.767013e-4,0.001357947,3.401888e-4,-1.72738e-4,-2.300509e-4,-3.452332e-4,-6.075709e-4,-0.003308807,-1.70922e-4,-0.003286246,-5.789105e-4,0.002730534,-0.003249007,4.208901e-4,-0.001321377,-6.800308e-4,-0.003743226,-0.004066713,0.001954048,0.002569172,-0.003096541,-0.001726641,-0.003822566,0.00193609,0.001650799,-0.005110762,-0.005665255,5.14828e-4,-6.060905e-4,-0.00172834,-0.001575157,-6.752333e-4,4.480113e-4,-0.003047478,-7.992898e-4,0.001451612,-0.001493153,0.001713947,-0.002638035,0.001893849,-8.448797e-4,6.18605e-6,0.001959538,0.002409409,-0.001493716,-0.001146461,-0.002298129,0.002670526,0.001333279,-3.928872e-4,0.003751231,0.002456025,-2.386767e-4,0.001604191,0.03496292,0.171104,0.2183522,0.3014904,0.1643915,0.03231366,0.004396749,0.003752101,0.006281842,0.007385876,0.005755754,0.008587055,0.009180252,0.009486411,0.01301853,0.01401223,0.01379529,0.01585294,0.01790165,0.0201139,0.02352004,0.02390519,0.02745364,0.02893104,0.03284524,0.03351732,0.03754894,0.03899914,0.04265021,0.04650444,0.04852736,0.05105159,0.05453282,0.05847309,0.05967264,0.06301961,0.06521885,0.06824958,0.07139488,0.07450213,0.07737278,0.08046919,0.08443968,0.08987252,0.0953463,0.09883196,0.1028288,0.1046244,0.1098204,0.1114982,0.1137822,0.1199669,0.121545,0.1275609,0.1302195,0.1358114,0.1398842,0.1457931,0.1490834,0.1526231,0.1548093,0.1578744,0.1611366,0.1657051,0.1671763,0.1708428,0.1715409,0.1732935,0.1763598,0.177112,0.1785575,0.1790102,0.1800463,0.1796749,0.1821892,0.1831064,0.1860185,0.1861263,0.1861094,0.19025,0.191639,0.1915918,0.1938606,0.1981818,0.1998855,0.2043585,0.2085179,0.2194256,0.2183219,0.2256084,0.2287165,0.2390355,0.2449633,0.256185,0.2643212,0.27968,0.3055353,0.3404571,0.3625225,0.3340791,0.3369439,0.3553151,0.374054,0.3718935,0.3808974,0.3835305,0.395036,0.396824,0.412165,0.4027909,0.3828809,0.3777595,0.4019373,0.6928444,0.5435366,0.8879941
569.431,0.002268196,0.01318333,0.00247724,0.007249099,-3.302837e-4,0.004153437,0.008039732,5.850847e-4,0.001847312,-9.247014e-4,0.006768945,-6.412837e-4,0.004978577,4.295191e-4,0.002372498,0.001296164,-6.577167e-4,-0.002286142,0.0026547,4.660141e-4,0.001636779,-0.002819799,8.84589e-4,-2.811033e-4,0.00201935,-2.29876e-4,0.002448962,9.772024e-4,5.587628e-4,7.789062e-4,0.004559731,0.002493995,-9.817344e-7,-2.035915e-4,-8.388559e-4,1.781043e-4,0.001689417,-0.00311689,0.006908502,0.006463592,0.003046036,2.910969e-4,-0.002748814,0.00270944,0.002352084,0.002319353,0.001897314,0.002908341,8.914199e-4,-0.001709987,0.003943719,0.001577076,0.001451508,0.001410082,0.002825525,3.025216e-4,-3.928494e-4,0.003869302,0.002721427,0.002909943,0.001720328,-4.990411e-4,-0.001088528,0.00155996,9.669761e-4,0.001973749,0.001930337,0.001803115,0.002252018,-0.001668098,-8.050097e-4,0.003034674,0.002739829,4.449211e-4,0.02207174,0.1759942,0.3433988,0.2106888,0.1623231,0.03039657,0.008619372,0.006196914,0.005005355,0.005345179,0.007037005,0.00879172,0.008705292,0.01043308,0.0118481,0.01253059,0.01577286,0.01525933,0.01730931,0.01875288,0.01983652,0.02271884,0.02741837,0.02764404,0.02789318,0.03080205,0.03475382,0.03559616,0.04009909,0.04236165,0.04493057,0.04823979,0.05058995,0.05313876,0.05742753,0.05978261,0.0619801,0.06435056,0.06669772,0.0695796,0.07270964,0.07503312,0.07850906,0.08124347,0.08603753,0.0918785,0.09523129,0.09997113,0.1017119,0.106721,0.1086604,0.1116419,0.1165161,0.1203066,0.1227598,0.1297356,0.1330379,0.135465,0.1411004,0.1427842,0.1446583,0.1500436,0.1540725,0.1533888,0.1598629,0.1616776,0.1627486,0.1653828,0.1683877,0.1701892,0.1685333,0.1730175,0.1729335,0.1736723,0.1745729,0.176897,0.1769723,0.1798862,0.176211,0.1812727,0.1820108,0.183701,0.1856775,0.188184,0.1913152,0.1939375,0.1979306,0.2044784,0.2102373,0.2153417,0.2176244,0.2242446,0.2317882,0.2377263,0.246713,0.2600283,0.2702011,0.3081912,0.3381774,0.3325343,0.3211797,0.33785,0.3487073,0.358011,0.3645941,0.3659054,0.3850855,0.385307,0.3842184,0.414511,0.4078987,0.420191,0.414853,0.4271745,0.668115,1.150516,1.709895
571.778,0.004549482,0.006288016,0.006845545,0.009618203,0.004667066,0.007672761,0.006205284,-0.001454517,0.003200703,-0.005204448,-0.001666642,0.003732181,0.001439268,0.005402625,-0.001424976,0.00203303,-0.001596429,1.202638e-4,0.002455664,0.001395694,0.001485022,0.001657959,-6.509842e-4,-2.29099e-4,0.001097206,-0.001753965,-0.001818679,-5.478978e-4,-2.053557e-4,-0.001300401,0.002398116,0.003541238,-1.847085e-4,1.824481e-4,0.00288629,0.001921398,0.004083358,0.002669757,0.001802977,3.121909e-4,0.001522357,0.001786042,0.001891671,0.001558892,0.004327673,0.002199633,-0.003118695,0.002356714,-0.001796913,0.001093269,0.002676475,0.0021564,-1.267106e-4,0.002959863,0.001373755,-0.003238934,0.00165833,9.402524e-4,-0.001375036,0.0022117,0.001987158,0.002302633,-0.001678706,9.244427e-4,8.405448e-5,9.547794e-4,0.001934912,-7.398274e-4,6.589525e-4,5.005492e-4,0.003813339,0.00205747,-2.580394e-4,0.01533586,0.117006,0.3848033,0.3749099,0.1193655,0.03984295,0.005425157,0.005287001,0.004432522,0.005473025,0.006048987,0.006923922,0.007037521,0.009775474,0.0115229,0.01113081,0.01279645,0.01325619,0.01709952,0.01635541,0.01816301,0.02111393,0.02236658,0.02359643,0.02592937,0.0291424,0.03020831,0.03374868,0.03634442,0.0396362,0.04124436,0.0441855,0.04691986,0.04982844,0.052503,0.05526543,0.05802383,0.05980815,0.06218972,0.06456195,0.06781535,0.06961459,0.07282681,0.07617604,0.08014225,0.0836904,0.08904161,0.09247446,0.09693974,0.09879676,0.1018402,0.1045076,0.1065151,0.1117512,0.1163282,0.1192949,0.1239024,0.130608,0.1322865,0.1339282,0.1387353,0.1431241,0.1440451,0.1459541,0.1523143,0.1549769,0.1568784,0.1595974,0.1587448,0.1591016,0.1625564,0.164219,0.1657493,0.1674035,0.1674386,0.1668827,0.1672075,0.1698036,0.1706389,0.1709595,0.1755237,0.174623,0.1774718,0.1792362,0.1832066,0.183514,0.1894388,0.1911261,0.1981268,0.1995599,0.2068829,0.2127989,0.2190826,0.2263523,0.2312203,0.2404156,0.2470021,0.2686618,0.3073293,0.3222634,0.3074276,0.304635,0.3213859,0.3347626,0.3475983,0.3503445,0.3559144,0.3626523,0.3644745,0.3704648,0.3683901,0.4086103,0.4248284,0.377157,0.4779766,0.3745238,0.6671969,0.6800373
574.125,0.0134323,0.00842086,0.01533649,0.01526204,-0.003439719,0.01650025,0.01875189,0.01392875,0.003256448,0.01145646,0.008710079,0.007007489,9.955007e-4,0.01048242,0.006561427,0.004113446,0.003477834,0.008787405,0.003246032,0.005340873,0.002653113,2.146051e-4,0.004490273,0.005167656,8.801368e-4,0.005419256,0.004133817,0.002961598,0.002181734,0.002968984,0.006226689,0.007151079,0.01334407,0.01049013,0.004607299,0.006901545,0.005665332,0.003346518,0.008688126,0.0044287,0.00675112,0.009637066,0.006597637,0.005318186,0.009012916,0.008315582,0.003555917,0.004300115,0.007635308,0.005915252,0.00809064,0.008363467,3.441943e-4,0.003205706,0.005976632,0.005825047,0.006398782,0.007155601,0.002956989,0.001880628,3.617261e-4,0.003780216,0.006770041,0.005515628,0.008418775,0.003915625,0.002509148,0.001991603,0.006152124,0.004117346,0.005157885,0.003418152,0.007324511,0.06890533,0.2844143,0.4815365,0.2330195,0.03855284,0.01026984,0.006387328,0.007016484,0.007715344,0.006014902,0.00911945,0.009635075,0.008619761,0.01047544,0.01192273,0.0131027,0.01342438,0.01591321,0.01745189,0.0197101,0.02126947,0.02162841,0.02414759,0.02689936,0.02690994,0.03013787,0.03246511,0.03451771,0.03727235,0.03990173,0.04156696,0.04386663,0.04527355,0.04896483,0.05282719,0.05468181,0.05708755,0.05915398,0.06152915,0.06358027,0.06614964,0.06860063,0.07226736,0.07525627,0.0785787,0.08243901,0.08697948,0.09094904,0.09258346,0.09700862,0.09999127,0.1012535,0.104782,0.1100069,0.1124838,0.1149123,0.1203023,0.1242508,0.1273243,0.130734,0.1339444,0.1406848,0.1402192,0.1419438,0.1457731,0.1499253,0.1503289,0.1529378,0.1541476,0.1538585,0.1583944,0.1576684,0.1611894,0.161903,0.1618988,0.1652556,0.1640748,0.1646262,0.1658274,0.1669661,0.1684365,0.1718641,0.1709935,0.1739807,0.1754925,0.1808153,0.1843426,0.1880619,0.1905713,0.1951372,0.1989305,0.207213,0.2132458,0.2165556,0.2253886,0.2363736,0.2456976,0.2733379,0.3110484,0.3101585,0.2905485,0.2939499,0.3156851,0.3254428,0.3331534,0.3427374,0.3487612,0.350935,0.3630747,0.3775131,0.3775733,0.4017153,0.4090864,0.4553121,0.4471244,0.6957442,1.694825,1.419507
576.472,0.007900105,0.01409148,0.00377408,-0.00176474,-0.003772667,-0.003181726,0.004725009,0.006261211,0.003818838,0.008409191,0.005025161,-0.003514847,3.142107e-4,-0.001849847,1.710661e-4,-0.003673701,2.851341e-4,0.002210271,3.278049e-4,5.733002e-4,6.713447e-4,0.002589999,-0.002274877,7.568646e-4,0.001350752,1.194786e-4,0.001308846,-8.60721e-4,2.892638e-4,-3.44978e-4,0.006134118,0.008096198,-1.611768e-4,0.003949398,0.002549305,0.005408312,0.004657831,0.004628596,-0.003816067,0.005684186,0.009270614,0.00561064,0.005604834,0.003321354,0.005515457,0.001269425,5.532506e-4,0.001767658,0.004817918,0.005216453,-0.001291915,5.874849e-4,-0.002721074,0.001237367,-8.289474e-4,-2.040309e-4,3.120283e-4,-0.002765439,0.001773109,0.003592707,8.753482e-4,2.596477e-5,-9.143449e-4,0.001923317,0.00133134,-1.506179e-4,9.496371e-5,0.001081679,0.001931217,0.004073188,9.867729e-4,0.003849256,0.04291834,0.192043,0.3540421,0.329194,0.07348671,0.007475301,0.004436993,0.005106918,0.00678845,0.007957117,0.005997038,0.006325208,0.008439928,0.009221952,0.01071468,0.00945815,0.0103369,0.01190806,0.01479749,0.01533036,0.01775676,0.01780571,0.02234215,0.02304482,0.02576335,0.025876,0.02896407,0.02969368,0.03350323,0.03440549,0.03664174,0.04008587,0.04290561,0.04626355,0.04573744,0.05112152,0.0540049,0.05563973,0.05732824,0.05953669,0.06262644,0.0641229,0.06678618,0.06900585,0.07273167,0.07556975,0.0784427,0.08522497,0.08615715,0.08999968,0.09241731,0.09470989,0.09819053,0.1021203,0.104047,0.1067587,0.1100317,0.115455,0.1194345,0.1223682,0.1241091,0.1294994,0.1322409,0.1344633,0.1364356,0.1391691,0.1426087,0.1442655,0.147237,0.1480382,0.1497592,0.1524309,0.1528031,0.1527365,0.1523599,0.1552197,0.1550269,0.1565987,0.1577794,0.1580114,0.1596092,0.16024,0.1621801,0.1622234,0.166395,0.1703128,0.172819,0.1746343,0.1794625,0.1838495,0.1887137,0.1917295,0.1975101,0.2045309,0.21203929999999999,0.2173018,0.2290667,0.2423313,0.2689856,0.2960042,0.2837697,0.2697151,0.28989,0.2961251,0.312751,0.321814,0.330776,0.3310043,0.3477422,0.3563772,0.3519391,0.3711207,0.370177,0.374171,0.3858544,0.5304774,0.4419289,0.3357274,0.4545686
578.821,-0.01057526,-0.006364758,-0.003481286,0.00741021,-0.01368183,3.475261e-4,-6.060406e-4,3.85341e-6,-0.005159651,0.005301499,-0.001113116,-0.001961372,-1.701213e-4,-0.003765435,-0.003539254,-0.008434291,-0.00307878,8.732552e-4,-5.501014e-4,-0.002641269,-0.00175073,-8.392574e-4,-3.560989e-4,-9.813227e-4,5.935053e-4,1.78706e-4,-0.003451875,-5.545422e-4,0.001136697,0.001584399,-0.001739457,-7.508603e-4,-0.005506513,-8.177535e-4,0.003817828,-0.005226437,-6.820649e-4,4.801804e-4,-5.946447e-4,-0.002460483,-0.004636727,-0.003481985,4.481564e-4,0.001307885,-1.372153e-4,-2.702427e-4,-0.002754513,2.730559e-4,-1.262054e-4,-3.569587e-4,-0.002829641,8.125017e-4,2.380605e-4,-0.002328417,-0.002454437,0.001654712,0.002097394,-0.0013346,-0.003687606,-0.001427911,-0.005279905,-0.002163381,-0.001687558,3.564336e-4,-6.551086e-4,0.001135093,7.120058e-4,-8.280916e-4,-4.270074e-4,0.003228723,0.001887021,0.02562984,0.1434482,0.2806459,0.2545091,0.1223242,0.01070511,0.002817189,0.002803656,0.004025931,0.004995367,0.005385469,0.00566623,0.006499555,0.006028541,0.006325965,0.008801391,0.009861538,0.01094216,0.01171557,0.01327237,0.0151166,0.01643296,0.01874936,0.02085985,0.02232848,0.02511726,0.02585645,0.02695308,0.02926501,0.0313222,0.03452231,0.03598817,0.03858059,0.04057196,0.04432548,0.0451517,0.04840061,0.05116914,0.05309875,0.05516158,0.05670951,0.05987564,0.06128669,0.06333628,0.06654317,0.06973783,0.07307788,0.07671007,0.07890589,0.08302162,0.08722592,0.08886827,0.09324285,0.09565196,0.0965394,0.1021716,0.1045231,0.10656,0.109479,0.1141939,0.1186125,0.1202426,0.1221224,0.1254777,0.1294353,0.1306241,0.1337869,0.1370254,0.1411272,0.1416081,0.1421651,0.1445206,0.1451841,0.1464562,0.1482653,0.14751330000000001,0.1481642,0.1496439,0.14963,0.1513156,0.1521245,0.1535054,0.1553417,0.1561092,0.1579903,0.1591096,0.1623598,0.1643024,0.1701503,0.172854,0.1754864,0.1793899,0.1830815,0.1900951,0.1946992,0.2041142,0.206946,0.2164593,0.2426179,0.2693271,0.2801172,0.2633837,0.2621287,0.2713295,0.287615,0.301324,0.3035352,0.3130222,0.318395,0.3317839,0.3342152,0.3341968,0.3277643,0.3396539,0.327687,0.3882463,0.3090887,0.4648176,0.4163985,-0.3584481
581.169,-0.007298272,-0.007088839,-0.006356917,-0.008037879,-0.009584192,-0.005841045,-0.005998547,-0.007178526,-0.005717125,-0.001912322,-0.003359929,-0.005919329,-6.655983e-4,-0.0066472,-0.005974586,-0.004444139,-0.00309605,-0.00184574,-0.002287371,-0.001311573,-0.003683881,-0.005574082,3.812723e-4,-0.001277915,-0.001474852,-4.740609e-4,-0.003588318,-9.279112e-4,-0.003045436,-0.004515581,-0.0040818750000000004,-0.001647334,-0.006643637,-0.005186515,-0.01036146,-0.008920443,-0.004328881,-6.198234e-4,-0.004778939,-0.005216382,-0.003098344,-0.001057005,-0.005628752,-0.003176681,-0.004697952,-0.008270668,-5.399447e-4,-0.004175672,-0.00130285,-0.00133778,-0.002842116,-0.003709919,-0.004225403,-0.005566846,-0.004409191,-0.00113026,8.182531e-4,-0.002504021,-0.002137301,-0.00151376,1.804648e-5,-0.002313303,-0.003829986,-0.003868923,-0.001641737,-7.177006e-4,-0.002029644,1.892902e-5,-1.974977e-4,3.084081e-4,0.00927521,0.1083504,0.2619937,0.236824,0.09700993,0.0207755,0.001345129,0.002485124,0.002598436,0.005208613,0.004539179,0.002643579,0.004224776,0.004202805,0.00495847,0.006963766,0.008937603,0.009374784,0.01024977,0.01156772,0.01167848,0.013236,0.01531544,0.01626012,0.01709206,0.0207588,0.02228253,0.02592891,0.02658025,0.02909659,0.03045388,0.03286472,0.03483911,0.03669654,0.03910652,0.04106764,0.04518521,0.04687381,0.0495702,0.05178625,0.05362226,0.05504026,0.05769536,0.05929686,0.06231143,0.06411406,0.0671145,0.07026997,0.07352559,0.07711535,0.08189613,0.08573787,0.08728474,0.08768842,0.09102992,0.09133353,0.09660011,0.0993195,0.1020774,0.1060284,0.1095637,0.1118616,0.1174491,0.1179426,0.1196889,0.1230301,0.1246698,0.1268514,0.1304796,0.1315778,0.1336422,0.13461,0.1374906,0.1412403,0.1405071,0.1413222,0.1423864,0.1420428,0.143732,0.1431911,0.1446561,0.1469195,0.1471922,0.1491313,0.1496252,0.1532621,0.1523301,0.1540576,0.1567853,0.1597459,0.1642885,0.1687541,0.172207,0.1784944,0.1841817,0.1892415,0.1927169,0.2039338,0.2130831,0.2443928,0.2633162,0.257482,0.2438362,0.2519229,0.2647394,0.2757623,0.2823148,0.2934947,0.2979805,0.302395,0.3081898,0.3220256,0.3197439,0.3224854,0.3243943,0.2962215,0.3096749,0.310879,0.04971315,0.1135656,-1.84392
583.519,-0.005315505,-0.01894199,0.005724525,-0.007455875,-0.01343715,0.003937132,-0.008561298,0.00331246,-0.005201591,1.572034e-5,-0.006196348,-0.003163343,0.001358183,5.076043e-4,-0.007953915,-0.001642349,-4.005628e-4,-0.006438084,-0.001414747,-0.001231166,-0.002012375,-0.002188595,-7.856436e-4,-0.002269412,-0.002187246,-0.002810643,-7.778346e-4,0.001191286,2.204551e-4,-0.00141581,-0.001046996,-0.002250979,-0.003135609,-0.009198846,-0.008470199,-0.005055778,-0.006619594,-0.004666153,1.735465e-4,-0.008494085,0.00125246,-0.002295578,-1.379269e-4,-0.008306576,-0.003139137,1.055791e-5,-0.005129637,-0.003671532,-0.006170983,-0.004608169,-0.00118516,-0.002087359,8.289377e-4,0.001685916,-6.370678e-4,-0.004768521,-0.002182485,-2.835174e-4,-0.00204228,-0.001808345,-0.002217118,-0.001905076,-0.002302438,-6.623802e-4,-7.291798e-4,1.680505e-4,-6.943509e-4,-2.807556e-4,-0.002430374,0.004011242,0.06744502,0.2382659,0.2638773,0.1155971,0.02215209,0.004300605,0.003423194,0.00223131,0.002827546,0.002776089,0.004005018,0.003010429,0.003160588,0.005388331,0.008822974,0.005424644,0.009958912,0.008534795,0.00992564,0.01035978,0.01193751,0.01348532,0.01620326,0.01784835,0.02040259,0.02163408,0.02313149,0.02341795,0.0264043,0.02826667,0.0303043,0.03154422,0.03436338,0.03658711,0.03892457,0.04084309,0.04310235,0.04582338,0.04816552,0.05059041,0.05227646,0.05328973,0.0550713,0.05823978,0.05971036,0.06219872,0.06506822,0.06848678,0.07215519,0.07464521,0.07818959,0.07977154,0.08338894,0.08539276,0.08821657,0.08980906,0.09233413,0.09613419,0.09991531,0.1015599,0.1040302,0.1097735,0.1118647,0.1114479,0.1150728,0.1187383,0.1199019,0.1213667,0.1252967,0.1270336,0.1301922,0.1301976,0.131649,0.1324626,0.1340063,0.1333789,0.1349668,0.1373995,0.1373562,0.138557,0.139567,0.1401416,0.14201540000000001,0.1451188,0.1448553,0.1469301,0.1464812,0.1488938,0.1535909,0.1526906,0.1602837,0.1609813,0.169047,0.1721034,0.1754196,0.1833069,0.1856932,0.1919283,0.2135875,0.2476023,0.261511,0.2398704,0.2382556,0.2372676,0.2513486,0.2622473,0.2802456,0.2894003,0.2846355,0.2876954,0.2948722,0.2973867,0.3142321,0.3115424,0.3006456,0.3112624,0.2669579,0.2876759,0.1219519,0.1586289,-0.09952784
585.868,0.009701366,0.02014878,0.02111516,0.01199789,0.01842363,0.00992415,0.006086111,0.003951999,0.007739563,0.004887544,0.004344824,0.004240885,0.00502254,0.005457572,0.005545808,0.007354626,0.001235464,0.004005835,0.004747489,0.003538719,0.003381679,0.001494992,0.001103028,0.00182368,8.381853e-4,0.00186749,9.047348e-4,0.003462132,0.001000072,0.003933698,0.003423911,0.00472635,0.009141125,0.009656446,0.008321696,0.005494099,0.005264939,0.003410092,0.002650753,0.008553845,-6.181235e-4,0.006011258,0.001957872,0.007924914,0.005752744,0.0124562,0.00780743199999999,0.007809919,0.009652568,0.006543205,0.004556143,3.553926e-4,1.243004e-4,0.005175604,0.003045614,0.003139182,0.005030962,0.006823906,0.003761892,0.003200042,0.005789272,-7.763508e-4,0.005797342,0.004092239,0.00451512,0.004825555,0.00414713,0.004971377,0.008024105,0.03980998,0.192699,0.2717865,0.1595402,0.0370169,0.009249401,0.005955127,0.006585959,0.001997199,0.007587437,0.007250525,0.008249149,0.00708409,0.008186691,0.007614981,0.01037754,0.01074044,0.01088513,0.01267098,0.01395448,0.01218574,0.014615650000000001,0.01692132,0.01655327,0.01930547,0.01922482,0.02140155,0.02449891,0.02610146,0.02690625,0.028274380000000002,0.02834377,0.03336263,0.03475201,0.03641334,0.0384117,0.04074417,0.0423343,0.04622283,0.04700874,0.05016905,0.05160432,0.05246525,0.05425301,0.05643109,0.05820705,0.06113798,0.0626186,0.06680077,0.06869718,0.07414726,0.07629119,0.07946984,0.08306193,0.08403551,0.08508275,0.08750568,0.09047259,0.09412407,0.09594637,0.09972159,0.1026541,0.1062913,0.1094402,0.1127903,0.1142004,0.1166112,0.1164086,0.1188567,0.1206753,0.1227893,0.126889,0.1266366,0.1274802,0.1297244,0.1309311,0.1300332,0.1332375,0.1314625,0.1330947,0.1328617,0.1336302,0.1358032,0.13734,0.1385804,0.1383541,0.142302,0.1426689,0.1448081,0.148037,0.1506385,0.1534114,0.1586574,0.1603838,0.1683455,0.17122,0.1757509,0.1790173,0.1907742,0.2202251,0.2465285,0.2442267,0.223713,0.22579,0.235046,0.2445214,0.2552683,0.2702252,0.2741313,0.2800585,0.2896048,0.2996471,0.2996568,0.3141674,0.3166014,0.3503123,0.3382608,0.3763706,0.382947,0.5354218,1.265292,3.323233
588.219,-0.001664877,0.002460244,3.18554e-4,-0.006900514,-0.01710903,-0.005252097,-0.005415068,-0.006342111,-0.009915765,-0.005555179,0.001904048,-0.001854206,-0.002164769,-0.00331232,-0.005709986,-0.002219241,0.001780345,-0.005868782,-0.001538323,-0.003147816,-0.002029278,-6.39774e-4,-0.002683967,-0.00128235,-0.002739855,-0.001202414,-9.59591e-4,-0.002254751,-0.002566256,-0.002587499,-0.001279436,-1.413925e-4,-0.00484867,-0.006276392,-0.001676079,-0.002932235,-0.003848969,-0.009402379,-0.003888247,-0.005403154,-0.002020491,-0.001987734,-0.005238317,-0.003064334,-0.004293516,-0.004954677,-0.00611543,8.385042e-4,-0.001847054,-0.003390222,-0.003473858,-2.216157e-4,0.00266532,0.002052603,4.099292e-5,-0.001235221,-0.004611218,-0.003312483,-0.004321627,-0.001167837,-0.003192635,3.828768e-4,-0.001533199,1.067134e-4,-9.87109e-4,-0.001284523,1.766731e-4,1.202284e-4,0.0332623,0.1151744,0.265606,0.18346,0.04362502,0.005888043,0.001097174,0.001989794,0.004773337,0.00367082,0.003867443,0.004748088,0.003816564,0.004139775,0.006048703,0.006218522,0.006258178,0.006216475,0.009237081,0.008406477,0.01012328,0.01080973,0.01271041,0.01409215,0.01485668,0.01748873,0.01807212,0.01945312,0.022424,0.02296959,0.02387608,0.02594133,0.02801741,0.02913449,0.03309376,0.03413169,0.03667265,0.0390682,0.04099087,0.04255714,0.04444583,0.0467864,0.04935847,0.05033389,0.05140942,0.05344314,0.0552713,0.05778571,0.06040804,0.06295072,0.06638903,0.0694015,0.07253836,0.0733281,0.07494721,0.07967698,0.08047515,0.08338858,0.08645018,0.08790324,0.090219,0.09660174,0.09604761,0.1009298,0.1029347,0.1053024,0.1078473,0.1076413,0.1112505,0.1127412,0.1148943,0.1157233,0.1185803,0.1184361,0.1198907,0.122628,0.124525,0.124666,0.123323,0.1261423,0.1263415,0.1265731,0.1268502,0.1299098,0.1302309,0.1304227,0.1325017,0.1333232,0.1349386,0.1368978,0.1417603,0.1437336,0.1466384,0.1489693,0.1531066,0.1568394,0.1639548,0.1703618,0.1749676,0.187709,0.2217564,0.2348074,0.2186722,0.2109668,0.2115843,0.2250276,0.2381463,0.2504047,0.2520037,0.2590734,0.2591483,0.2705389,0.2762902,0.2761025,0.2800088,0.2818458,0.2864722,0.235505,0.2222795,0.2308029,0.2540457,0.5384209,-1.339882
590.57,-0.01347763,0.009246487,-0.005483199,-0.002716857,0.01043256,0.001040674,-0.004835185,0.008823571,-0.007744756,-0.002432511,-0.002846374,-0.003200901,-0.003479722,-0.001121677,-4.890952e-4,-0.001945565,-0.003419205,0.004902155,0.001226572,-7.635835e-4,-0.00203191,-0.002215932,2.544914e-4,-0.001474701,-8.416356e-4,-5.428949e-4,-0.001575449,6.340322e-4,-0.002737458,-0.002153058,-0.001186054,-9.143557e-4,0.003762524,-5.815129e-4,-0.001286498,0.002373846,-0.008811751,-0.002265072,-0.001091461,-0.001706786,-0.002985472,-0.004014666,0.003468164,4.460459e-4,0.002032641,8.574218e-4,0.004225001,0.003305127,-0.001330091,-0.00253466,-8.462467e-4,-0.002357111,0.002334029,-6.626561e-4,-0.003258537,-0.001887861,-0.001817721,-6.747659e-4,-1.817825e-4,8.361159e-4,-0.002052171,7.230495e-4,-1.611226e-4,-8.488067e-4,-5.776537e-4,0.001161355,0.001633821,0.01321878,0.1307755,0.1841898,0.2157894,0.06862118,0.00780472,0.003326945,0.003604458,0.004625387,0.003763416,0.002845814,0.003837137,0.006011048,0.004267578,0.006548227,0.00443469,0.007820647,0.007078475,0.00763034,0.0106899,0.008643098,0.01035511,0.01194219,0.01332147,0.01489151,0.01486971,0.01777597,0.01886684,0.02111225,0.0208089,0.0225353,0.02420195,0.02557659,0.02766533,0.03100575,0.03246709,0.03375514,0.03703579,0.03770709,0.03898172,0.04205771,0.04490298,0.04652655,0.0474574,0.04876192,0.05080441,0.05316262,0.0533898,0.05669282,0.05817717,0.06037273,0.06562759,0.06788032,0.07050433,0.07381153,0.07587148,0.07608219,0.07923761,0.07882197,0.08347279,0.08637978,0.08749354,0.09042822,0.09413996,0.09676852,0.09885126,0.1012438,0.1050736,0.1038463,0.1073155,0.1094634,0.1117398,0.1137917,0.1146987,0.1143876,0.1162378,0.1175993,0.1188415,0.1191038,0.1194036,0.121418,0.1211732,0.1222524,0.12232320000000001,0.1256781,0.1255195,0.1270456,0.1283147,0.1300296,0.1320193,0.133178,0.134355,0.1383997,0.1430531,0.1453861,0.1507238,0.1540015,0.1571919,0.1633028,0.1695081,0.1887461,0.2271853,0.2287098,0.203142,0.2032163,0.2055554,0.2186702,0.2231555,0.2302896,0.250874,0.2536628,0.2569482,0.2624682,0.2783332,0.2839801,0.2759158,0.2609155,0.247657,0.2505671,0.2606736,0.2717105,0.1617869,0.4174104,1.202892
592.921,0.01618502,0.01820893,0.01514884,0.01239381,0.01402393,0.01399234,0.0119166,0.0103665,0.003622979,-0.001472983,0.009932813,0.007074762,0.004137168,0.005694607,-4.824492e-4,0.00346712,0.007964622,0.004652521,1.144478e-4,0.004245759,0.001191842,0.002438971,0.002343616,0.002128312,0.001985863,0.003093973,0.003280225,0.00127059,0.002098535,0.002252855,0.002968384,0.003835947,0.009589927,0.004261119,0.00473647,0.001359007,0.007246111,0.005885309,0.00377325,0.001735531,0.004278179,0.0046589,0.005901963,-1.344485e-4,0.002323857,0.003002931,0.005630971,0.00235891,1.187071e-5,0.005328532,0.004228882,0.00142599,0.005362483,0.001367326,0.004488972,0.001382099,0.005886946,0.00472499,0.004275898,0.00111281,0.00314704,0.00336292,0.003582235,0.002776016,0.004550216,0.002733878,0.01195602,0.08981093,0.2718082,0.1759237,0.09537479,0.01904199,0.005231174,0.00758235,0.005642984,0.005872765,0.008578152,0.00582203,0.003545875,0.005788454,0.009289702,0.009364335,0.007064586,0.007177139,0.009968046,0.01005926,0.01031946,0.009733404,0.0140129,0.01369035,0.01402731,0.01477637,0.01744939,0.01863618,0.01875918,0.02081159,0.02306166,0.02340149,0.02411509,0.02746458,0.02804759,0.02979412,0.03124162,0.03321291,0.03539883,0.03679575,0.04021937,0.04134193,0.04296635,0.04499679,0.04585985,0.04674289,0.04916642,0.05107017,0.05270566,0.05430009,0.05659282,0.0594399,0.06145156,0.06499671,0.06921578,0.07060436,0.07173838,0.07357825,0.07516475,0.0784916,0.08082801,0.08185437,0.08556831,0.08900136,0.0900863,0.09329721,0.09697423,0.0973939,0.09896685,0.1027971,0.103096,0.1051325,0.1059839,0.1097405,0.1085059,0.109213,0.1129898,0.113109,0.1130791,0.1142516,0.1145893,0.1163239,0.1150676,0.1171044,0.1190846,0.1191061,0.1225195,0.1202678,0.124499,0.124661,0.1262612,0.1287304,0.1301955,0.1343158,0.1380877,0.1397009,0.1434539,0.1480246,0.1529313,0.1599827,0.1666096,0.1923261,0.2236336,0.2023683,0.1875881,0.1935792,0.198955,0.2126473,0.2167379,0.2268222,0.2355369,0.2513037,0.2583999,0.2554251,0.2650042,0.2733187,0.2899285,0.2711684,0.2876948,0.289431,0.3150602,0.4530895,0.5296578,0.9554967,2.430995
595.273,0.001023308,-0.002377758,0.003880798,0.006377447,0.006577938,0.009385773,0.003254238,0.004299124,0.00698905,0.01011794,0.00481119,-0.001601505,0.002225065,0.006151109,3.443712e-4,0.004999322,1.507156e-4,0.001025343,-0.004228541,-0.001346963,0.00241083,0.002949521,0.002298694,0.001073985,-8.358031e-4,-6.042176e-4,-0.001642639,0.001914804,7.330086e-4,8.22113e-4,-0.003551506,0.007549412,0.001734047,-0.001863125,2.966327e-5,-0.006112568,0.006564863,0.002960134,-0.002655674,-0.00139089,0.005085333,-9.210714e-4,0.002142233,0.002260603,0.002921859,0.005747713,0.001994219,-0.001345596,-9.313867e-4,0.001911395,-5.917887e-4,-0.004245577,7.249539e-4,0.002864019,-8.220168e-5,0.005921066,-0.001314363,5.125698e-4,3.890668e-4,1.034341e-4,-0.001251129,0.001008928,0.003339089,0.002183586,0.003900236,0.001360134,0.05151891,0.2250625,0.2864149,0.09356714,0.024314,0.004580313,0.002783377,0.003269781,0.001828772,0.006598558,0.002950041,0.003343118,0.006465594,0.005586757,0.003689575,0.007641092,0.005799815,0.006901373,0.007355246,0.007950672,0.009573631,0.01113964,0.01115239,0.01336246,0.01180816,0.01396036,0.01451102,0.0165941,0.01753837,0.01986902,0.02087455,0.02257535,0.02455924,0.02596821,0.02735692,0.0289297,0.0308805,0.03269544,0.03339389,0.03681207,0.03728847,0.04025009,0.04180739,0.04260553,0.04520934,0.04580349,0.04775103,0.04920865,0.05022788,0.0522873,0.05474962,0.05741075,0.05945422,0.06412187,0.06583763,0.06773079,0.06877528,0.06989756,0.07221612,0.07408414,0.0759109,0.07955243,0.08114675,0.08353103,0.08682944,0.08758817,0.09223928,0.09370866,0.09498269,0.09585907,0.09867538,0.1007358,0.1015339,0.1040229,0.1045264,0.106722,0.1073292,0.1095535,0.1109383,0.1105502,0.1105353,0.1119585,0.1112933,0.1131124,0.1139596,0.1145535,0.1143731,0.1175861,0.1178922,0.1183591,0.1203731,0.1213032,0.1253145,0.1277838,0.1305571,0.1349568,0.137059,0.1426236,0.147134,0.1503239,0.1606519,0.1934981,0.2174781,0.1866457,0.1777616,0.1847261,0.1927948,0.2023676,0.2143125,0.2209136,0.2260851,0.2348884,0.2418655,0.2429804,0.2472305,0.2561275,0.2671268,0.2542345,0.2803738,0.2941334,0.3102307,0.3087562,0.3974431,0.5308784,0.3106301
597.625,0.001697955,0.01872683,0.01137514,0.01461844,0.006231029,0.00670933,0.005846313,0.01811116,-0.004444237,0.004713727,0.001156647,4.032375e-4,0.007558519,0.008615343,0.001989608,0.00168913,-3.990109e-4,0.002030521,0.001459608,0.002529462,0.001291144,-7.145358e-4,0.001053897,1.844682e-4,0.001212815,0.00177488,-0.001160277,0.001342462,0.001464421,0.002178334,0.002037948,0.004644806,0.007391365,0.005138403,0.009753928,0.007957984,9.065251e-4,0.001805944,0.005379694,-9.318887e-4,0.005258666,0.002183669,0.001982594,0.001364404,0.00176022,1.570662e-4,0.003560202,0.003060814,0.004964704,0.003580954,-5.972553e-4,0.001194036,0.002119652,0.003660632,0.003111604,0.003917498,0.00490413,0.002780515,-3.743122e-4,0.00241865,0.002627828,0.001258235,-0.001562167,0.004180235,0.001305642,0.02565129,0.1376229,0.328478,0.1715038,0.02670966,0.002947097,0.004517764,0.005349596,0.002538158,0.006087294,0.00666691,0.005455561,0.005155447,0.00508609,0.004756705,0.00529399,0.00724194,0.008520559,0.007480027,0.007869981,0.008408438,0.009182676,0.009446932,0.01319242,0.01181587,0.01317825,0.01444438,0.01649615,0.01821684,0.01688112,0.01879027,0.0205424,0.02255864,0.02270744,0.0239118,0.02664072,0.02620266,0.02963732,0.03059435,0.03294453,0.0357021,0.03717655,0.0387549,0.03959084,0.04149405,0.04317408,0.04462272,0.04574307,0.04759985,0.04947256,0.05000073,0.05306297,0.05528789,0.05680032,0.06089513,0.063006499999999993,0.06454099,0.06730488,0.06930979,0.06855049,0.0717764,0.07454486,0.07599321,0.07816527,0.07916618,0.08263129,0.08495115,0.08797643,0.09084384,0.09156416,0.09229786,0.09440492,0.09529826,0.09773678,0.09938866,0.100299,0.1021311,0.1033823,0.1037017,0.1037444,0.1041904,0.1082182,0.1057342,0.1060326,0.1085785,0.1091077,0.1101533,0.1108753,0.1131119,0.1121755,0.1127218,0.1162011,0.119662,0.1199061,0.122618,0.1264267,0.1306877,0.1303319,0.137599,0.1438426,0.1467414,0.1631341,0.195541,0.1948404,0.1738613,0.171243,0.1797434,0.1848604,0.1897617,0.1998839,0.2117803,0.2162477,0.2306912,0.2352623,0.2336205,0.2384758,0.2335769,0.2504507,0.2573579,0.2796808,0.2689468,0.2622782,0.3291883,0.5789707,1.029015,1.747054
599.978,0.001713773,0.004876951,0.00587116,0.005202746,0.01486447,-0.001312327,-0.008771436,0.004339495,0.007894839,-0.01263453,-9.759572e-4,-0.003780483,-0.002328245,0.002304643,-0.002485093,0.001706489,4.190276e-4,-0.002910451,-8.960621e-4,-4.781502e-4,-0.00103009,0.0013089830000000001,0.001253373,-0.001673262,-1.798919e-4,0.001227794,-0.001655082,-0.001211266,-0.001380238,0.002094576,-0.002269711,-0.001540056,-0.005858261,0.005407015,-0.001963853,-0.002584113,0.007150099,0.003307329,1.687109e-4,-0.002368235,-4.695912e-4,0.002195814,-0.002132339,0.005104346,-0.001578414,0.001452145,0.002864971,0.003356244,0.003378697,-7.523744e-4,-8.459231e-4,0.001444761,0.002723266,0.001851461,-0.002636739,0.001288549,0.001547307,0.002700818,4.872757e-4,1.074865e-4,-0.001807452,0.003959724,0.00460074,0.002276882,0.01220011,0.0876007,0.216845,0.2826718,0.05516871,0.002274912,0.002163595,-6.67156e-4,0.004030843,0.0010066160000000001,0.004820199,0.004732717,0.001094168,0.004688965,0.004404972,0.005179221,0.006427425,0.005608343,0.006942768,0.006395319,0.006323056,0.008211141,0.00899009999999999,0.009391953,0.01186873,0.01166121,0.01211659,0.0131865,0.01544449,0.01710032,0.01716872,0.01822111,0.01957201,0.02199224,0.02201519,0.02475342,0.02572719,0.02627334,0.02795684,0.03010512,0.03124003,0.03419149,0.03519765,0.03635636,0.03809591,0.04001044,0.0417191,0.04223813,0.04401458,0.04557059,0.04630314,0.04870809,0.0513456,0.05298191,0.05483866,0.05747926,0.06066227,0.0620165,0.06416131,0.06640788,0.06666191,0.06858002,0.0712527,0.0719797,0.07554914,0.0767393,0.07967056,0.0806308,0.08419402,0.08528655,0.08749114,0.08910685,0.09200762,0.09049225,0.09394566,0.09371582,0.09618845,0.0989505,0.09912337,0.1003872,0.1004718,0.1003999,0.1018692,0.1022059,0.1023357,0.1019285,0.104528,0.1034815,0.1062267,0.1084403,0.10911270000000001,0.1074269,0.1104376,0.1109941,0.1159381,0.1182058,0.1211852,0.1236033,0.1281349,0.1320583,0.1353717,0.1437826,0.166192,0.1896816,0.1731877,0.1614792,0.1650957,0.1714234,0.1786508,0.1865086,0.1899919,0.1993262,0.2075966,0.2183958,0.2196825,0.2261341,0.2250229,0.2376345,0.240562,0.2324252,0.2387564,0.2342397,0.2727147,0.2349886,0.3974686,-0.1353245,1.441523
