,800,797,794,791,788,785,782,779,776,773,770,767,764,761,758,755,752,749,746,743,740,737,734,731,728,725,722,719,716,713,710,707,704,701,698,695,692,689,686,683,680,677,674,671,668,665,662,659,656,653,650,647,644,641,638,635,632,629,626,623,620,617,614,611,608,605,602,599,596,593,590,587,584,581,578,575,572,569,566,563,560,557,554,551,548,545,542,539,536,533,530,527,524,521,518,515,512,509,506,503,500,497,494,491,488,485,482,479,476,473,470,467,464,461,458,455,452,449,446,443,440,437,434,431,428,425,422,419,416,413,410,407,404,401,398,395,392,389,386,383,380,377,374,371,368,365,362,359,356,353,350,347,344,341,338,335,332,329,326,323,320,317,314,311,308,305,302,299,296,293,290,287,284,281,278,275,272,269,266,263,260,257,254,251,248,245,242,239,236,233,230
245.598,0.001819616,0.001861846,0.004878021,4.252168e-4,0.006439627,0.004017355,0.00504897,0.006162857,0.002119979,0.001771323,7.787925e-4,2.579432e-4,0.0032848,5.956191e-4,2.259326e-4,4.751447e-4,-0.001850455,-3.726822e-6,0.00110032,1.309729e-4,-8.77455e-4,-4.795013e-4,0.001407525,-0.001481505,-1.339509e-4,2.738502e-4,3.853881e-4,3.121333e-5,3.243284e-4,-0.001367608,4.252666e-4,-7.370278e-4,0.002026438,0.003125692,-7.62499e-4,-2.602205e-4,6.377127e-4,-8.732803e-4,9.890816e-4,3.562926e-4,1.491435e-4,0.001534477,-6.695977e-4,-0.003301246,5.916902e-4,5.812496e-4,0.001011815,6.22226e-5,7.723367e-4,2.276091e-4,-9.675982e-4,9.496102e-4,-1.530808e-4,-7.560374e-4,1.981555e-4,3.745585e-4,-5.44298e-4,2.275974e-4,9.791346e-4,-0.001033389,6.532841e-4,0.001548493,0.001442472,0.001194371,8.10928e-5,-7.707273e-4,4.366615e-4,-0.001013405,-9.7155e-5,8.163181e-4,-3.160107e-4,3.291209e-5,7.561129e-4,2.386291e-4,-0.001030503,2.271209e-4,1.930974e-4,7.470691e-4,3.407308e-4,0.001036696,5.152038e-4,-7.657574e-4,-5.552583e-4,1.366073e-4,-8.509349e-5,-3.794975e-5,5.836823e-4,3.658612e-4,1.197345e-4,7.846493e-4,-5.349911e-4,-4.440689e-4,8.426266e-4,5.173111e-4,-6.18127e-5,-4.278151e-4,-1.771043e-4,-1.481448e-5,-2.464983e-4,7.979982e-5,1.220028e-5,4.823122e-4,6.544101e-5,2.51323e-4,2.151682e-4,1.414417e-4,-4.052978e-7,1.768753e-4,2.528838e-4,-2.564082e-5,9.9519e-5,-7.28587e-5,-9.163657e-5,-5.454172e-5,6.017959e-5,-4.192248e-5,-2.205403e-5,3.46851e-4,1.756003e-4,2.955518e-4,-6.398611e-5,1.160389e-5,2.366396e-4,1.258437e-4,-3.894972e-5,-2.195296e-4,-3.443012e-4,2.772886e-5,1.16359e-7,4.56438e-5,4.746778e-4,3.132023e-4,-1.656876e-4,-1.511399e-4,1.390647e-4,-4.172882e-4,-1.582352e-4,1.353965e-4,1.406469e-5,1.852741e-4,-2.156157e-4,1.918025e-4,5.233998e-4,1.881409e-4,4.626186e-4,-1.304828e-4,-3.131299e-4,2.209746e-4,-8.33209e-5,-5.158503e-4,4.053208e-4,2.56141e-4,4.90151e-4,2.817659e-4,4.610308e-4,-2.865068e-4,-9.047083e-5,-3.305726e-4,2.533744e-4,-2.621459e-4,3.383146e-4,-4.057333e-5,6.665158e-4,-2.064656e-4,5.837318e-4,8.428848e-4,8.140126e-4,2.496934e-4,1.930802e-4,0.001276905,7.226676e-4,0.002048712,0.003356333,0.004171456,0.007191589,0.006971838,0.005795964,0.00534445,0.005288635,0.005270624,0.003398272,0.007474286,0.01424717,0.06403684,0.2695457,0.5452559,0.5365991,0.2113372,0.05160427,0.1705982,-0.2376545
247.837,7.615847e-4,0.008318386,2.871455e-4,0.00490616,0.01110862,0.005096336,-0.001431081,-6.661619e-4,-0.001879552,0.00232496,0.00401113,0.001620425,-6.184351e-5,8.535501e-4,0.003241326,7.466914e-4,-0.001226147,0.001965247,-0.0014971,0.001989721,5.735941e-4,0.001797552,4.974453e-4,-7.99045e-5,7.546588e-4,-1.322103e-6,-1.342966e-4,-5.965665e-4,9.390598e-4,1.963702e-4,3.152636e-4,0.003643048,-0.003197593,0.002654672,3.838911e-4,0.003808334,-7.194368e-5,0.001465306,9.130165e-4,3.559065e-4,0.0038951,-4.149578e-4,2.671232e-4,-2.670265e-4,-3.212098e-4,0.001410751,0.001955464,-9.194403e-4,-4.819231e-4,6.779611e-4,-7.52847e-4,0.002060055,3.122168e-4,0.001017488,0.001666218,0.001136774,0.003404574,0.002196044,3.835755e-4,4.55043e-4,0.002461429,-0.001541403,7.388107e-4,8.08044e-4,-1.106019e-4,3.310107e-4,0.001651521,6.741378e-5,-4.730388e-4,-4.227564e-4,8.534437e-4,-7.010783e-4,-9.026884e-5,8.503648e-4,1.133595e-4,6.102553e-4,7.832695e-5,3.453819e-4,-0.001321244,2.049875e-4,1.228723e-4,-2.634868e-4,5.789231e-4,-1.370159e-4,8.317019e-4,2.122969e-4,-6.463357e-4,-7.109065e-4,4.159929e-4,-3.050557e-4,-4.441228e-4,5.703065e-4,-1.552867e-4,1.480492e-5,5.752283e-4,-7.568872e-5,5.768094e-4,-3.414559e-4,-1.241155e-4,2.357015e-4,4.29731e-4,1.41077e-4,2.794004e-4,-9.385354e-5,3.031428e-5,1.415254e-4,-5.966643e-7,1.446588e-4,-9.427913e-5,2.351064e-4,9.900871e-5,-7.81732e-5,6.346317e-5,4.215706e-5,8.675874e-5,-2.856511e-5,-6.158781e-5,1.100461e-4,-1.146373e-4,2.422278e-4,9.718493e-5,2.51497e-4,3.549184e-4,2.479087e-4,-2.759979e-4,1.249435e-4,2.092103e-4,2.205244e-4,-4.223509e-5,2.456027e-4,3.071682e-4,-1.23211e-4,1.307004e-5,1.275918e-4,3.623685e-4,1.119295e-4,3.667904e-5,4.520205e-4,-1.926161e-4,-5.80573e-5,2.830854e-4,-2.143167e-5,-6.618243e-5,4.078729e-4,2.857088e-4,-6.528667e-5,3.921266e-4,2.181982e-5,3.040876e-4,-1.196732e-4,-4.587134e-5,4.966968e-4,-2.180403e-4,4.796949e-5,6.747684e-4,5.29491e-4,1.503453e-4,1.521503e-4,5.115369e-4,-1.569504e-4,3.762753e-4,5.485876e-4,1.059532e-4,7.916572e-4,8.528988e-4,1.209307e-4,5.654583e-4,7.273216e-4,5.04965e-4,0.001068872,0.002274618,0.003180511,0.004660864,0.005308608,0.006971066,0.006256676,0.007019213,0.004044433,0.005927351,0.01028813,0.00590723,0.01654088,0.04779987,0.1724248,0.5403353,0.6145813,0.2350644,0.05075358,0.1443337,0.3758735,0.301684
250.076,-0.005392088,-3.929301e-4,0.00567427,-0.002324392,-0.003083887,0.007082457,0.001330049,0.004153052,-3.491536e-4,-0.002033113,0.001583663,6.207196e-4,-0.001633629,0.002181042,0.004081285,9.81222e-4,0.001372297,-5.201562e-4,-3.92911e-4,-3.441823e-4,-4.520358e-4,-0.00131564,9.458951e-4,6.257782e-4,-0.001179061,-0.00071641300000000005,-7.254825e-4,-0.001465293,-6.411847e-4,-3.708955e-4,4.197877e-4,0.001716343,-0.001219433,-1.444903e-4,-0.001774124,-0.003162757,3.07444e-4,5.744802e-4,-0.001954112,-9.198055e-4,0.001316244,-0.001104314,0.001600773,4.276966e-4,-0.002224388,8.385518e-4,-3.308367e-4,-0.003100726,-6.495522e-4,0.001342315,0.001923664,0.001184621,-9.685808e-4,0.002146898,3.857915e-4,9.298785e-4,-2.646789e-6,-7.56062e-4,0.001176688,0.001465709,5.858938e-4,9.36965e-4,-4.528122e-6,-0.001421621,5.316131e-5,0.001360321,-4.212038e-4,1.345933e-4,-4.352224e-6,-0.001465071,8.506592e-5,-0.001911226,-3.970171e-4,-5.406721e-4,-0.001810606,-2.574279e-4,-3.134242e-5,-6.680361e-4,0.001303441,-1.653983e-4,-0.001067358,-6.004155e-4,-4.595083e-4,-0.001104137,-0.001507164,-5.956489e-4,1.931966e-4,2.674066e-4,-0.001457416,-1.040112e-4,3.186454e-4,-3.801211e-4,1.801754e-4,-6.131569e-4,4.862027e-4,-4.675767e-4,-3.126884e-4,-3.375954e-4,-1.444112e-4,-2.404635e-4,2.303891e-4,-2.495314e-4,2.128022e-4,1.074489e-4,-1.623351e-4,3.117105e-4,-2.171171e-4,-9.874123e-6,-2.426301e-4,-1.723163e-4,1.308509e-4,2.656955e-4,2.292809e-4,-7.408752e-5,-1.316074e-4,9.432704e-5,-5.110765e-5,-3.545753e-4,1.761346e-4,8.433039e-5,1.570889e-4,1.519321e-5,-6.259909e-4,2.458726e-4,-1.479096e-5,3.84017e-5,3.216103e-4,-3.029983e-4,1.379975e-5,-3.077408e-4,2.479941e-4,1.959605e-4,2.029002e-4,1.523353e-4,1.809802e-4,-1.635326e-4,-2.939604e-4,-5.143214e-4,-1.89584e-4,1.07438e-4,1.345777e-4,1.623904e-4,5.82422e-5,5.486586e-7,2.588496e-4,3.278882e-6,-5.721733e-4,-2.792696e-5,-1.732306e-4,4.7497880000000003e-05,2.022741e-4,-9.141789e-4,6.147816e-5,3.147129e-4,3.643739e-4,-3.323031e-4,-5.675155e-4,4.305087e-4,-5.404412e-4,-1.828449e-4,9.122982e-5,1.324826e-4,2.028703e-5,9.046042e-4,6.85376e-4,2.04879e-4,1.958046e-4,0.001087357,8.225126e-4,-6.88555e-5,0.001768309,0.005382852,0.005833132,0.00777764,0.008290758,0.009407467,0.004448007,0.00622114,0.007309874,0.00862836,0.01012713,0.0365168,0.1818434,0.6495477,0.7627092,0.5318579,0.06842601,0.03229875,-0.05125984,0.02625641,-0.1617244
252.317,-7.672675e-4,0.004765294,0.004235699,0.008361937,0.004305454,0.002767168,-0.002048278,-6.722478e-4,0.002398295,-0.001689366,-0.001092582,-7.558191e-4,0.002038819,0.00138296,0.003969133,-4.296321e-4,0.001502693,0.004276114,0.002944595,4.969693e-4,5.91929e-4,-1.205791e-4,2.853645e-4,-6.462685e-4,2.481256e-4,-0.001012262,0.001128656,-1.842832e-4,-5.824077e-4,0.00264956,-8.215395e-4,0.00370296,0.001726019,-0.001323008,0.002967904,0.002966023,0.004062246,-0.001311384,0.005699194,0.001809842,-9.068963e-4,0.002329936,1.761252e-4,-1.571838e-4,0.004502681,0.002050835,0.001866098,0.002059674,7.702421e-4,0.004161644,-5.511408e-4,8.101453e-4,-4.696722e-4,0.001439397,-4.405698e-4,-0.001216907,-0.001459407,7.980687e-4,2.772547e-4,0.001587877,-2.547424e-4,0.001220853,2.627075e-6,0.001039502,1.904772e-4,5.239347e-4,0.001894752,-0.001380396,9.527539e-4,-4.597854e-4,0.001297889,2.400096e-4,3.846224e-4,3.277768e-5,7.397269e-4,9.297849e-4,-1.665441e-6,-2.670283e-4,7.314084e-4,-6.509916e-4,0.001102302,2.139366e-4,-6.515617e-4,8.688332e-5,-3.655643e-4,7.439771e-4,-7.469013e-4,0.001096331,2.690151e-5,-3.171492e-4,-3.55756e-4,6.663503e-4,8.846611e-4,-5.976377e-4,1.231732e-4,4.920602e-4,-2.087923e-4,-9.00227e-5,-1.921798e-4,-6.234573e-4,1.13682e-4,1.963386e-4,5.094925e-4,3.070043e-4,6.623597e-5,2.304796e-4,-2.190575e-5,1.218269e-4,7.848652e-5,6.808147e-5,7.543362e-5,5.081227e-5,-9.659168e-5,1.117742e-4,9.414015e-6,-5.582359e-5,1.798428e-4,1.276891e-5,-4.707064e-4,2.156792e-4,1.116063e-4,2.718767e-5,-2.340764e-4,1.87444e-4,1.150352e-4,2.23416e-4,8.277116e-5,-4.964817e-5,1.194401e-4,2.601295e-4,1.466377e-5,2.768592e-4,6.595132e-5,1.315478e-4,6.895517e-4,4.748893e-5,4.272141e-4,9.614949e-5,6.139728e-4,3.136771e-4,-4.079231e-5,-4.030975e-4,1.146583e-4,-1.982007e-4,2.541729e-4,3.22774e-4,-8.185051e-5,1.545091e-4,3.631874e-4,-1.126993e-5,-1.69248e-4,6.378342e-4,-2.662485e-5,1.200341e-4,2.556804e-4,3.827287e-4,1.006127e-4,-4.753578e-4,5.568629e-4,8.19003e-5,5.010541e-4,8.586874e-4,5.9494e-4,-8.686107e-5,6.681646e-4,2.678195e-4,8.844409e-4,9.523028e-4,0.002093125,0.003117566,0.005942165,0.006632423,0.006748423,0.008747093,0.005809729,0.01171325,0.008265028,0.007840454,0.01110282,0.01100144,0.01839888,0.1258991,0.4643107,0.7787056,0.549965,0.1482987,0.02979712,0.001698429,0.08629819,-0.01062318,0.125271
254.558,0.006147275,5.934353e-4,0.002921131,0.004140234,0.004473871,1.447411e-4,0.006383155,0.005029585,-0.002058258,-8.535431e-4,0.00206106,0.001146157,0.001951279,0.004842209,0.001038551,-1.703663e-4,-0.001888855,0.001860686,0.003296332,0.001153927,5.319369e-4,0,-2.471232e-4,0.0012485,-3.793675e-4,3.100228e-4,0.001040578,9.036651e-4,0.001525053,1.031535e-4,6.683581e-4,-0.002018216,0.005668969,-0.001690828,-0.002333834,-0.00214891,0.00330999,0.002143141,0.0015057,-0.001174891,-9.67689e-5,1.663317e-4,0.003174066,-0.005401107,-0.00115475,-8.999154e-4,0.001517987,-5.521265e-4,0.001289558,-3.362128e-6,0.002882148,-2.078959e-4,-1.38955e-4,-4.608842e-4,3.121598e-4,-9.574961e-4,1.753949e-4,-3.976007e-4,9.730079e-4,0.001988397,7.147283e-4,0.001054901,2.973773e-4,0.0010215,1.406811e-4,8.853872e-4,0.001871657,-3.548511e-4,0.002140766,4.977032e-4,0.001125996,0.001439127,2.285276e-4,0.001043032,6.129712e-4,-2.516692e-4,8.669316e-4,9.750497e-4,-9.12139e-7,-3.893679e-4,0.001058133,1.181143e-4,-7.97563e-4,4.847207e-4,2.239591e-4,9.228713e-4,3.947096e-4,-5.489793e-5,-4.541143e-4,4.572799e-4,7.034292e-4,-1.613424e-4,-0.009461156,3.363423e-4,0.001239196,-4.325288e-4,2.995249e-4,2.167139e-4,-2.209947e-6,4.359805e-4,4.00725e-4,-6.888219e-4,-1.658875e-4,-4.910674e-4,-1.56086e-4,2.28213e-4,-4.80828e-5,1.419383e-4,1.743739e-4,3.062633e-4,2.231259e-5,-3.203747e-4,1.314549e-4,4.667274e-5,3.373469e-4,-9.310685e-5,1.477238e-4,2.879288e-4,4.876367e-5,1.480189e-4,6.050127e-4,-4.175043e-5,-2.780015e-5,-4.012543e-5,-5.238502e-5,4.739148e-5,-5.824179e-5,2.065387e-4,4.995017e-4,5.366353e-4,6.619732e-4,3.138218e-4,7.307061e-4,-3.735816e-4,-1.442565e-4,2.047662e-4,9.169575e-5,5.110204e-4,5.915995e-4,6.046905e-4,7.934961e-4,4.410866e-4,3.677612e-4,1.532041e-4,4.330825e-7,-1.804662e-4,-5.58389e-5,1.118241e-4,6.10769e-7,-5.234989e-4,9.670718e-5,-1.545911e-4,1.853031e-4,8.608998e-5,7.964438e-4,2.52383e-5,3.283597e-5,6.098231e-4,-9.175017e-5,6.648598e-4,8.990014e-4,7.922478e-4,4.758492e-4,2.277474e-4,8.975654e-4,7.965355e-4,8.843769e-4,0.001010053,0.002917582,0.003096223,0.003630809,0.007522772,0.007428108,0.00752248,0.006346743,0.008301806,0.009392189,0.007486345,0.008282329,0.01786064,0.08389205,0.3202281,0.687408,0.68117,0.1788039,0.01626028,0.02051302,0.03702748,0.09843717,0.07533387,0.3977182
256.8,-0.002310759,-1.835745e-4,-0.006249341,-0.002600859,-0.009367593,-0.001353817,0.00168929,-0.01731745,-0.002868515,-0.002248897,-0.005578938,-0.001922877,-0.004284356,-0.005338063,-0.003290996,0.001131168,-0.005448028,-0.004685921,-0.004659659,-0.001438148,-0.002106637,-3.284484e-4,-3.509475e-4,-0.001698232,-0.001174424,-0.001012168,-8.791376e-4,-0.001565454,-0.001412071,-0.003358425,-0.003808495,-0.003525081,-0.006684626,-0.008606651,-0.003069216,-0.00305345,-0.004957776,-0.005435257,-0.006845865,-0.004855133,-0.005980102,-0.001510075,-0.003809499,-0.004738628,-0.006901139,-0.003196191,-0.001289594,-0.004982063,-0.006267937,-0.003492946,-0.002216205,-0.001619408,-0.005279304,-0.003576772,-0.00490475,-0.004414458,-0.003729465,-0.003096704,-0.002722454,-0.001271241,-0.004610204,2.478453e-6,-0.002743302,-0.001763481,-0.001257198,-0.003020547,-0.00295308,-0.003528167,-0.001515963,-0.001168263,-0.001821445,-0.002006477,-0.002271788,-0.002290597,-9.192187e-4,-0.002000598,-0.002195074,-1.387449e-4,-0.002254525,-4.884866e-4,-0.0025759,-3.684129e-4,-0.001187784,-0.001528747,-0.001354172,-0.001888208,-0.001731594,-0.002419474,-0.001642599,-0.001708526,-0.0018709,-8.68446e-4,-0.001541283,-9.339704e-4,-8.196964e-4,-0.001651904,-4.903458e-4,-0.001352114,-9.286011e-4,-5.546218e-4,-0.001033577,-4.224474e-4,-7.987097e-4,1.33057e-4,-4.609027e-4,-4.240728e-4,-7.341263e-4,-3.607941e-4,-4.208585e-4,-4.853029e-4,-8.227513e-5,-2.792294e-4,-3.702851e-4,-4.982211e-4,-7.488042e-4,-1.675845e-4,-9.126391e-4,-3.45753e-4,-5.06125e-4,-7.692583e-4,-4.571998e-4,-9.32828e-4,-5.248921e-4,-4.915794e-4,-4.067207e-4,-8.787534e-4,-6.266431e-4,-7.714755e-4,-0.001005745,-1.269613e-4,-4.529543e-4,-4.938464e-4,-0.001638218,-6.700205e-4,-8.647306e-4,-7.597698e-4,-2.20801e-4,-8.58875e-4,-0.001283467,-0.001011264,-5.666324e-4,-6.336138e-4,-4.995094e-4,-0.001045733,-1.394178e-4,-5.882911e-4,-0.001210816,-6.944632e-4,-1.381375e-4,-9.574847e-4,-3.403954e-4,-9.880171e-4,-7.51811e-4,1.486065e-4,-7.233102e-4,-6.770765e-4,1.346207e-4,-1.538518e-4,-5.703193e-4,-9.877543e-4,-4.67109e-4,-5.917227e-4,-3.027988e-4,-7.174012e-4,-5.133262e-5,-7.882043e-4,2.705164e-4,0.001518039,0.002026733,0.004327099,0.00521694,0.006159316,0.005380334,0.002613625,0.005447283,0.008881843,0.007116603,0.007697961,0.01232783,0.04718111,0.2417788,0.5894302,0.6167759,0.2635659,0.01847602,-0.006162149,-0.04323621,-0.1358246,-0.02756478,-0.2009636,-2.008957
259.043,0.002181038,-0.007238848,0.007508506,1.573502e-6,-0.003629141,-0.008367363,4.0369e-4,0.001977472,0.002454107,0.002014392,0.00336063,-0.001009604,-7.607289e-5,3.724697e-4,0.001548466,-0.003285779,1.570266e-4,-0.00155445,6.703057e-5,2.829598e-4,-0.001254076,-5.00833e-4,-7.89243e-4,-5.870857e-4,1.785519e-4,-0.001246654,2.508862e-4,-3.348592e-4,-5.938738e-4,-3.18042e-4,-0.002162635,-7.213039e-4,0.002431416,-2.281588e-4,-0.007306315,3.546483e-4,0.002077251,-2.849895e-4,0.001097416,-0.003026332,-0.002228072,-0.001455359,0.003009325,-0.001295311,-0.00202875,-0.00116052,-8.17929e-4,-0.002584864,7.811903e-4,6.723099e-4,-2.810363e-4,4.867536e-4,-2.086167e-4,8.04111e-4,-7.70201e-4,-4.894611e-4,-0.001245008,5.169216e-4,-0.00161207,-6.488451e-4,-8.862523e-4,-3.10584e-4,-2.497424e-4,0.001109685,3.982053e-4,-0.001730758,-0.001129201,-0.001460254,0.001461585,-3.885115e-4,-8.78291e-4,-8.823346e-4,7.838026e-4,1.175807e-4,4.862274e-4,-9.837389e-4,-0.001175595,8.026573e-4,4.069895e-4,8.247463e-4,4.836308e-4,-5.292621e-4,-4.24936e-4,-4.431486e-4,-8.901464e-4,3.386364e-4,-6.803554e-4,1.869214e-4,-0.001033707,-9.731034e-4,7.950253e-4,-0.001169487,4.038499e-4,8.874635e-5,3.774326e-4,-7.986249e-5,2.127079e-4,5.223153e-4,-6.106861e-4,1.516035e-5,7.975611e-5,1.841838e-4,7.123664e-5,-7.628752e-4,1.609386e-4,-6.050344e-4,-6.677145e-5,-1.152869e-4,-6.240863e-4,1.114155e-4,-2.594252e-4,-2.783087e-4,3.022523e-4,1.534928e-4,1.734492e-4,-4.731541e-4,-3.140375e-4,-4.843983e-4,-9.973084e-5,-1.092377e-4,-3.528255e-4,5.692069e-5,-1.694299e-4,-1.106865e-4,2.560108e-5,-1.50853e-4,2.303117e-7,-2.623031e-4,-3.516002e-4,-2.337293e-4,1.247877e-4,1.317949e-4,-4.670347e-4,-4.987318e-5,-7.345838e-4,-6.784279e-4,-4.519267e-4,-6.312726e-5,2.194841e-7,-3.192198e-4,2.972646e-4,-1.015058e-4,-2.179496e-4,1.01714e-4,-3.305834e-4,1.411792e-5,-2.712249e-4,-1.54483e-4,2.317671e-4,-2.397386e-4,-4.91686e-4,2.310833e-4,-3.436614e-4,9.455236e-5,-6.487095e-5,6.504107e-4,2.162878e-4,8.750125e-4,6.619374e-5,3.173993e-4,1.109123e-4,3.856159e-4,7.624121e-4,-4.052627e-4,3.088751e-4,0.001580588,0.001632088,0.001932365,0.003282014,0.005440893,0.006450843,0.006491562,0.007324312,0.009028846,0.00897633,0.009877372,0.007861428,0.01504564,0.03092083,0.1889198,0.5264346,0.6205873,0.3557694,0.05790254,0.02796005,0.01382509,0.01398805,-0.04874251,-0.02276342,-0.1762027,-0.5387965
261.287,0.001963225,-0.008422645,-0.002989378,-0.002297912,-0.006104314,0.003481569,0.001493207,0.001242268,-0.00373934,0.00185649,0.003230095,-7.827414e-4,3.081554e-4,7.535373e-4,-0.002595506,2.701218e-4,0.00312614,-0.003379462,-1.366362e-4,0,-8.448281e-4,-0.001045557,0.001326479,7.255394e-4,5.279592e-4,3.195446e-4,0.001032238,-1.611634e-6,2.528634e-4,0.00147376,-0.001525933,-3.585886e-4,-9.92602e-4,-2.571052e-4,-0.001754521,-0.001496407,-9.320382e-4,-1.992858e-4,-0.001467017,3.68997e-4,-0.002860441,-9.997328e-4,-0.002286173,-3.439824e-4,8.470087e-5,-8.408369e-4,4.081063e-4,7.156742e-4,-2.281853e-4,0.00155061,-0.001689118,0.001030477,0.001224025,0.00212243,0.001915153,0.001897966,9.990614e-4,-0.001380555,0.00127381,0.002527584,-6.495803e-4,-2.141516e-4,7.11613e-4,4.979993e-5,6.847775e-4,9.366123e-5,5.120509e-4,0.001223805,7.005055e-4,4.023407e-5,8.231373e-5,-1.235615e-6,-9.00316e-4,-7.635277e-4,7.789266e-4,9.803437e-4,-3.186979e-4,-3.115112e-4,-1.349209e-4,-9.87195e-4,-6.697286e-4,5.562855e-4,3.286874e-4,3.506692e-4,0.001539671,-3.340353e-4,2.995924e-4,4.748484e-4,1.531132e-4,4.855429e-5,5.52984e-4,-1.64441e-4,6.49725e-7,-2.597404e-4,-2.71434e-4,3.863645e-5,6.140251e-4,3.33758e-4,2.990382e-4,1.533312e-4,5.420594e-4,-1.696812e-4,-3.48859e-4,-2.041136e-4,-4.139888e-4,2.444115e-5,-3.723938e-4,1.450868e-5,1.592206e-4,-5.12995e-5,-6.852146e-5,2.10872e-4,9.789108e-5,-2.409903e-4,-1.74787e-5,-3.848236e-5,8.00194e-5,2.004794e-5,-1.007861e-4,1.434091e-5,-1.351667e-5,-8.63674e-4,-3.241448e-4,-8.883828e-7,1.413014e-4,7.659102e-5,5.064982e-4,-2.447468e-5,4.039955e-5,-5.965944e-4,-2.938622e-4,-2.92624e-4,3.329575e-4,-2.333098e-4,-1.791948e-5,4.009729e-4,2.23315e-4,-5.731956e-4,-4.765804e-5,-3.774762e-4,2.218777e-4,1.596507e-4,3.754996e-4,-1.45254e-4,0,6.877023e-5,-8.76898e-4,-1.54652e-4,-2.118176e-4,2.703246e-4,2.851003e-5,1.573425e-4,2.029217e-4,-1.394322e-4,2.648377e-5,2.650815e-4,9.037482e-5,6.737975e-6,5.551276e-4,3.515988e-4,6.402016e-4,7.191159e-4,2.002889e-4,7.610831e-4,-1.443455e-4,0.001407683,0.003765893,0.004049288,0.004097127,0.005236535,0.007458391,0.007525094,0.007865482,0.009402465,0.009487174,0.009553948,0.01566778,0.03153445,0.1335776,0.4185546,0.6636658,0.403094,0.09419735,0.02047178,0.005402846,0.01479007,-0.02340812,0.02395719,0.004733414,-0.3849299,0.4166098
263.532,1.1157e-5,-0.006281345,-0.004164757,-0.007705909,-0.01023561,-0.007697848,-0.00551756,-0.004859345,0.002952832,-0.002740031,-0.005748532,-0.005296319,-0.003785779,-0.005403413,-0.003689879,-0.0010762,-0.003419522,-0.004472721,-0.002040512,-0.002169069,-0.001715864,-0.001061187,-4.021806e-4,-0.00241872,-0.00163606,-0.002516409,-0.001004209,-0.001425746,-0.001155157,-0.001062704,-0.00470655,-0.003176733,-0.004778756,-0.006999777,-0.005988097,-0.004555483,-0.002398713,-0.003769558,-0.004468026,-0.005099271,-0.004033674,4.629648e-4,-0.002320693,-0.002444196,-0.002912826,-0.004226624,-0.004160631,-0.00480137,-0.004260275,-0.005781401,-0.001648228,-0.003273865,-0.006415697,-0.0016164180000000001,-0.005566476,-0.00218437,-8.403361e-4,-0.003367778,-0.002463839,-0.001907755,-0.003186408,-0.002818471,-0.002777866,-0.002076304,-0.002535129,-0.001995523,-0.003096859,-0.001751612,-0.003163446,-0.002670057,-0.001839226,-0.001621756,-0.001349859,-0.001430804,-0.003440814,-0.001990603,-0.001832926,-0.002458663,-0.001331686,-0.001931958,-0.003137466,-0.002202311,-0.002080636,-0.001100688,-0.001881371,-0.002516905,-0.001290135,-0.00155525,-0.001381777,-0.001334305,-0.001485562,-0.001814084,-0.001135499,-0.001538714,-7.181596e-4,-3.253507e-4,-0.001601277,-9.395358e-4,-6.687714e-4,-7.804301e-4,-8.971832e-4,-8.242044e-4,-8.085336e-4,-7.411745e-4,-4.466826e-4,-0.001022065,-6.310445e-4,-4.694651e-4,-2.065364e-4,-8.199149e-4,-5.395887e-4,-3.616368e-4,-5.268126e-4,-2.453691e-4,-2.900047e-4,-8.703657e-4,-2.243565e-4,-8.66349e-4,-4.448539e-4,-6.38828e-4,-8.409023e-4,-4.883991e-4,-2.977063e-4,-7.533893e-4,-1.047165e-4,-4.467687e-4,-8.627115e-4,-4.54041e-4,-6.145987e-4,-4.559179e-4,-8.113825e-4,-1.474414e-4,-5.399181e-4,-0.001517664,-1.48712e-4,-5.374058e-4,-7.476067e-4,-6.109849e-4,-0.001243748,-8.27646e-4,-0.001019226,-8.736341e-4,-7.055192e-4,-3.476806e-4,-7.958372e-4,-0.00110926,-5.01718e-4,-5.715868e-4,-8.50614e-5,-8.732525e-4,-9.765526e-4,-4.793115e-4,-7.996957e-4,-1.710696e-4,-1.852376e-4,-6.808801e-4,-5.398487e-4,-3.867474e-5,-4.155436e-4,-4.450397e-4,-8.65402e-4,-5.985707e-4,2.052215e-4,-9.306221e-4,4.746429e-4,0.00202266,0.001817455,0.004503663,0.004946749,0.005458293,0.004879872,0.007013585,0.008000375,0.006381379,0.009436617,0.01384152,0.01970617,0.0801736,0.3463712,0.6348597,0.4978088,0.1240238,0.02502642,-6.85555e-4,0.0171209,-0.01096213,-0.01509299,-0.1716558,-0.08607297,-0.4351692,-1.485092
265.778,0.006989747,-6.433242e-4,0.01118525,0.003188414,0.003651803,0.006396748,0.006051552,0.003568586,-0.001182046,0.002278543,6.480279e-4,0.001254937,-1.070158e-5,0.001973776,0.003977835,0.00142115,-0.001318917,0.002597961,0.003090486,0.003083035,4.482353e-4,8.434397e-4,0.001783443,7.306482e-4,-1.140143e-4,0.001325393,0.00252331,0.001498407,-5.142697e-4,-1.189655e-4,0.001608736,0.002516717,-3.514474e-4,9.776392e-4,0.002651146,0.002090402,0.005530147,4.713045e-4,0.002310675,0.003783517,0.003819125,0.003293372,7.891356e-4,6.730922e-4,-1.414002e-5,-0.002306929,0.004483479,0.003003811,0.002905753,0.002018609,0.001985785,0.002080882,-7.007587e-4,0.003276493,-4.667723e-4,1.589354e-4,0.001006574,0.001263134,1.036598e-4,0.001026961,0.002973229,0.001085315,1.380867e-4,2.924137e-4,0.002023135,0.001207098,-5.893336e-4,0.001415176,0.002216734,-2.633351e-4,1.185191e-4,3.143301e-4,0.001219411,-3.18445e-4,2.893148e-4,0.001941143,0.001610082,6.203754e-4,2.660717e-4,-1.742642e-4,0.00109007,3.392784e-4,0.001399692,9.77723e-4,6.882955e-4,0.001460243,7.901542e-4,2.939215e-4,6.987796e-4,7.443823e-4,-7.811642e-6,7.526489e-4,6.752651e-4,1.446478e-4,8.613825e-4,-1.879042e-4,3.87545e-4,6.899911e-5,-5.359293e-6,1.865281e-4,8.621771e-4,4.645491e-4,2.519831e-4,3.532091e-4,-2.699741e-4,-2.48989e-4,4.460946e-4,1.464124e-4,3.556907e-5,4.564647e-4,-5.520314e-5,-1.782474e-4,-8.53549e-6,2.514944e-4,2.699193e-4,3.713016e-4,3.452486e-4,4.019605e-5,6.454348e-4,1.060389e-4,3.835875e-4,5.864111e-4,1.545468e-4,2.990217e-4,6.64518e-4,1.741986e-4,4.399729e-4,-7.908798e-5,6.811664e-4,-3.217573e-5,4.054417e-4,5.713751e-4,3.491569e-4,6.217207e-4,4.252378e-4,1.939131e-4,5.173187e-4,-1.799442e-4,1.296606e-5,7.644358e-4,5.96848e-4,2.623944e-4,2.633502e-4,3.486716e-4,5.528255e-5,-1.620198e-4,8.212705e-5,3.984359e-5,5.405213e-4,2.837357e-4,3.645712e-4,4.9285e-4,-1.649866e-4,8.006851e-4,0.001088579,6.826217e-4,9.463755e-4,4.708328e-4,4.714475e-4,7.626119e-4,0.001274193,6.933511e-4,0.001050473,0.00133509,0.002257012,0.003976618,0.004959473,0.00618598,0.00886727,0.007715655,0.006856174,0.008764126,0.009164195,0.01021902,0.01261217,0.02033027,0.06775824,0.2708495,0.5576269,0.5427189,0.2098776,0.03299625,0.01418076,0.02104085,0.02491069,-0.002353755,0.006270151,0.03028267,0.05454755,0.1952165,-0.3325285
268.025,0.007990396,0.00631961,0.00397962,0.004484389,0.01140495,0.005757692,0.007413281,-3.255698e-4,-0.005250081,0.005841583,2.359896e-4,0.001509544,-0.002076042,-0.001887184,0.003982664,0.005190103,0.001399328,-0.002597269,-0.002231021,-0.001193103,3.091636e-4,8.475087e-4,-2.88403e-4,-2.779563e-4,-1.400333e-4,3.625888e-4,7.917044e-4,0.001314639,6.839094e-4,8.034224e-4,-0.00251246,0.001818383,0.003007622,-7.617614e-4,0.002162499,-0.001509255,0.001052632,-0.00230875,2.814005e-4,0.00102766,-7.324309e-4,-0.001734298,7.271416e-4,0.002181635,-1.585833e-4,-8.252026e-4,-6.617963e-4,-0.002671385,0.002136807,-6.947262e-5,-8.497363e-4,0.001885695,1.411443e-4,-0.001261427,0.001878259,0.001929717,-0.001182296,0.001751374,-0.001342046,4.901835e-4,0.00165661,-0.001093883,-1.443409e-4,0.001268234,0.002045042,-9.179837e-4,-2.349963e-4,6.44912e-4,0.001471832,1.758329e-4,3.033195e-4,-5.258688e-4,5.598825e-4,4.328984e-4,2.263233e-4,-9.903673e-4,-5.387472e-4,-1.358566e-4,-6.812502e-4,-8.917158e-4,-4.796747e-4,-7.518079e-4,4.932565e-4,6.099351e-5,-5.801697e-4,5.454637e-4,-1.658506e-4,-1.595742e-4,2.618975e-4,2.624237e-6,-1.148693e-4,7.259803e-5,9.348393e-5,1.772162e-4,4.229609e-4,7.487202e-4,2.946465e-4,6.013965e-4,6.171009e-4,3.994859e-4,8.401043e-5,-2.923763e-4,-1.700032e-4,7.152629e-4,-1.430519e-5,2.614401e-4,1.79649e-4,2.027003e-4,-2.683192e-5,9.500772e-5,-1.456656e-4,4.455096e-5,-2.980417e-5,1.54127e-4,-1.307326e-4,3.913981e-5,-2.037624e-4,5.779356e-4,5.723957e-4,1.411593e-4,-1.266201e-4,8.611176e-5,5.701417e-4,6.310317e-4,4.06538e-4,-7.439122e-5,2.402391e-4,1.282378e-4,5.7722330000000003e-05,-1.323463e-4,-1.238615e-4,1.673121e-4,6.113534e-4,-8.359648e-5,3.311609e-4,8.388696e-5,1.152623e-4,1.731381e-5,4.175116e-6,-5.64571e-4,9.172354e-5,-5.648288e-5,1.626677e-4,1.165659e-4,5.821089e-4,2.460845e-4,-8.349777e-5,-9.267911e-6,-5.106894e-4,4.921902e-4,-3.65333e-4,5.126943e-4,3.856896e-4,2.048963e-4,4.410253e-4,1.872854e-4,6.513937e-4,7.537434e-4,8.770909e-4,4.676614e-4,4.359216e-4,8.242117e-5,6.92983e-4,0.00198143,0.003040164,0.004852022,0.004005825,0.005462476,0.006904046,0.007871189,0.006285589,0.005225169,0.006876428,0.0114237,0.0169297,0.051831,0.2242845,0.4981972,0.5625872,0.2574371,0.04452996,0.01054999,0.01190471,-0.01065602,-0.01413414,0.001544717,0.02017968,-0.04666953,0.003334437,0.02953632,0.1423276
270.273,1.921134e-4,-0.005671099,0.002261677,-0.005903368,0.002699669,-0.001364903,-0.003055528,-3.739429e-4,-0.002957804,-0.001166351,0.003145307,0.001346006,-0.001934813,0.00152162,-0.003107079,-5.427626e-4,-1.254785e-6,-9.890003e-4,-0.001905329,0.002155553,-0.001915601,8.033533e-4,-1.122705e-4,-2.090611e-4,8.168144e-4,3.101899e-5,-4.713212e-4,-8.247055e-4,-5.549099e-4,8.390186e-4,0.001611182,-0.003007226,-0.0026517620000000002,0.001105893,-0.00190722,-7.154308e-4,-0.004587339,8.573988e-4,-0.004078593,-0.002319767,3.684828e-4,-0.001566506,-2.785345e-6,-0.001225022,0.001102196,-7.609652e-4,6.55207e-4,-4.131187e-4,-0.001648184,-9.809598e-4,-0.002916191,-6.919997e-4,-8.874785e-4,-0.00155308,2.51268e-4,-2.495296e-4,-3.053212e-4,0.001561584,-6.211156e-4,-0.001139674,6.904866e-4,-0.002504032,-0.001541227,4.910457e-5,-0.002193074,5.759524e-4,1.816927e-4,-0.00161328,-0.001289682,-5.586007e-4,4.520408e-4,-0.001501462,9.407824e-4,-8.130488e-4,8.317959e-4,-6.246761e-4,-8.994571e-4,-6.345303e-4,4.019823e-4,-4.687472e-4,-4.54026e-4,-3.17608e-4,2.117993e-4,-0.001842341,6.341281e-4,-7.941544e-4,-1.641967e-4,2.732588e-5,-0.001745831,-2.78613e-4,-2.199537e-4,-8.488161e-4,-9.056493e-4,8.725475e-4,-1.086218e-4,-4.884262e-4,-3.340341e-4,7.388589e-5,-4.189307e-4,3.116351e-4,-3.681614e-4,-6.244788e-5,-4.832472e-4,-4.18115e-5,-6.753542e-5,-2.736715e-4,-1.903804e-4,-3.211263e-4,-4.89791e-5,1.664757e-5,1.150546e-4,2.058541e-4,-3.062644e-5,-7.364602e-5,-1.743534e-4,2.748478e-5,-3.784237e-4,-4.022165e-4,2.152723e-4,-1.492333e-5,-1.567854e-5,-1.005712e-4,-3.424709e-4,-4.785284e-4,-7.166711e-4,-5.453456e-4,-1.549694e-4,-4.789438e-4,-3.946218e-4,1.154316e-4,-8.746984e-4,6.18713e-5,-5.229803e-4,-9.747546e-4,-1.833825e-4,2.097838e-4,-6.7853450000000007e-05,-3.862793e-4,-1.898054e-4,-2.151815e-4,-1.367356e-4,-1.498371e-4,-4.549423e-5,-8.869754e-4,-8.681815e-5,8.562484e-5,-2.747518e-4,-7.128561e-4,1.863857e-4,1.846189e-4,-1.749041e-4,6.258034e-4,3.699103e-4,4.412021e-4,1.054924e-4,-3.889448e-5,-5.815843e-4,-1.013321e-4,2.06357e-4,9.605353e-4,9.687104e-4,2.464064e-4,0.001070442,0.002659418,0.004822733,0.006006344,0.007457024,0.00722913,0.006509652,0.007393914,0.006946499,0.008637545,0.007806563,0.01308964,0.02808162,0.176212,0.4748563,0.4787297,0.321697,0.06815233,0.01328568,0.006787524,0.005029674,0.0101885,-0.01366231,-0.03679075,-0.02058476,-0.02334911,-0.03481629,-0.2366392,-0.1961652
272.522,-0.001528253,8.086664e-4,-0.01012874,-0.005901333,-0.005250761,7.912171e-4,-0.006685734,-0.003826948,-0.004133602,-0.004932032,-0.00240512,-0.001914575,-0.001126103,1.490526e-6,-0.002822854,-0.005661964,-0.005217836,-0.002095508,-0.00172648,-0.001765225,-0.001621974,-0.001071565,-0.001062118,-3.360541e-4,-0.001035517,-0.001502072,7.42266e-5,-1.070772e-4,-0.001374044,8.400654e-4,-0.001430976,-0.00104891,-0.001937068,-0.004843775,0.00251192,-0.001583552,-0.001816527,-0.003288563,-9.165243e-5,-0.001698701,-0.001913142,-0.003748076,-0.00380981,-0.003812942,-0.003080283,-0.001960634,-0.001858449,-0.001506548,-3.796812e-4,-0.003650684,-0.002212004,-0.002037002,-0.001400499,-2.587058e-4,-7.524057e-4,1.319467e-4,-0.001815887,4.6226e-4,-0.001196592,-7.944395e-4,-7.656314e-4,-3.577236e-4,-0.003403974,-9.866445e-5,-4.331083e-4,-6.113572e-4,-0.002164382,-0.001289282,-0.001506347,3.812786e-4,-0.003243834,-9.855947e-4,-0.002191049,-0.001764273,-0.002571201,-3.543495e-4,-0.001501364,-0.001430122,1.355426e-4,-0.001163218,-0.002737522,-4.851572e-4,-0.002438366,-8.083026e-4,-0.001889791,-6.869609e-4,6.955492e-4,-6.000445e-4,-6.306065e-4,-7.835887e-4,-2.10158e-4,-4.309345e-4,-0.00139114,-4.257708e-4,-6.36775e-4,-6.09887e-4,-6.839691e-4,-9.512671e-4,-4.739553e-4,-1.662e-4,2.762568e-4,-2.695861e-4,-5.224455e-4,-1.316137e-4,-3.957762e-4,-2.308978e-4,-3.727886e-4,-3.124734e-4,-1.828129e-4,-1.922297e-4,-2.547005e-4,-2.437488e-4,-1.336286e-4,-3.717908e-4,1.033431e-4,-1.015788e-4,-2.379981e-4,-2.136343e-4,-1.278589e-5,2.057897e-4,-3.747738e-4,-2.50547e-4,-3.030013e-4,-4.913662e-4,-4.942844e-4,-2.487311e-4,-1.267185e-4,-1.930847e-4,-1.718937e-4,-3.862746e-4,-6.368296e-4,-3.800267e-4,-4.594192e-4,-6.538082e-5,-6.09045e-4,-7.941773e-4,-3.344704e-4,-2.492685e-4,-9.024101e-4,-3.856567e-4,4.48547e-5,-5.873626e-4,-6.846943e-4,-3.385569e-4,-9.97592e-4,-8.190334e-5,-5.42137e-4,-4.161353e-4,-5.096915e-4,3.680447e-4,-7.4022e-4,-4.776285e-4,-4.472914e-4,-2.691769e-4,4.540882e-4,-6.481621e-4,3.790112e-5,1.257238e-4,6.215129e-4,-2.294924e-4,6.162123e-4,4.038103e-4,0.001313669,0.002609549,0.004701301,0.004870796,0.00561759,0.005411165,0.006088238,0.007317358,0.003916981,0.009237641,0.009043596,0.0188819,0.1069277,0.4096674,0.2683141,0.3903785,0.08996686,0.01143623,0.007545696,0.00504895,0.005921542,0.004695506,0.003119631,-0.00796198,-0.005728182,-0.04723211,0.03643423,-0.1998241,-2.418909
274.772,9.590371e-4,0.001752477,0.005588117,-0.006492191,-0.01138331,0.004942046,-0.004896522,-3.636221e-4,4.754933e-4,-0.005267358,0.002469798,8.352634e-4,-0.001621899,-2.646988e-4,7.394088e-4,-9.365668e-4,0.001467997,8.463915e-4,0.002314226,-2.559909e-7,-0.001104843,-2.048634e-4,7.627792e-4,1.996322e-4,7.816884e-4,-3.096751e-4,-2.334259e-4,-3.202357e-4,-0.001587685,3.553162e-4,-1.298395e-4,0.00154131,0.001375019,-0.001781959,-0.003761609,-0.002351908,-5.061979e-4,-0.002034521,2.669517e-4,0.00370474,0.001599705,1.720568e-4,0.002459888,-0.001589154,0.001298191,0.001531927,-6.260606e-4,1.550641e-4,-0.002406466,-0.002719897,8.786505e-4,-7.317002e-4,8.516596e-4,-9.606985e-4,8.125376e-6,-3.597505e-4,0.001369469,-6.05053e-4,0.00133444,-5.657244e-4,-9.609758e-4,-4.013822e-4,-0.001966608,-0.001451848,-0.002177787,-0.00138942,-8.168657e-4,4.8389e-4,-0.001319053,-9.472912e-4,6.763888e-4,0.001191076,-5.697555e-4,7.704377e-4,-3.267556e-4,-1.440173e-4,1.729303e-4,-9.706982e-4,6.79963e-4,-2.524125e-4,-0.001293624,-2.830702e-5,-3.225682e-4,-5.107485e-4,3.89225e-4,-5.85229e-4,9.931608e-4,1.027437e-4,2.170263e-5,9.074334e-4,3.448698e-4,5.142016e-4,-8.667015e-5,1.624943e-4,-0.00016147740000000001,-2.509026e-4,3.154701e-4,1.941488e-5,-3.113398e-5,-4.96954e-4,-1.748891e-4,-4.596817e-4,2.424678e-4,4.691357e-4,2.590095e-5,2.372948e-4,-3.015091e-4,-1.57247e-5,6.742053e-5,-1.149309e-4,-4.10696e-4,-1.263919e-4,-2.468355e-4,-2.731001e-4,3.499753e-4,2.099763e-4,-1.121198e-6,-1.693626e-4,-2.456517e-5,-1.050667e-4,3.971081e-5,9.533192e-5,-5.832484e-4,7.759661e-5,-3.360285e-4,5.08859e-4,-5.367652e-4,2.991709e-4,5.974696e-4,2.925317e-4,1.780325e-4,-3.311858e-5,-5.149699e-4,-1.293524e-4,2.214261e-4,2.940442e-4,3.107256e-4,4.287694e-4,3.428625e-4,-2.906481e-4,1.049452e-6,8.530085e-5,-5.588094e-4,-2.917248e-4,4.14427e-4,2.483124e-4,2.997058e-5,2.752391e-4,-3.385201e-4,-4.208137e-4,1.352189e-4,7.054792e-5,5.503602e-4,5.34997e-4,2.043669e-4,7.087221e-4,2.900038e-4,5.466922e-4,4.328223e-4,3.678208e-4,0.001030041,0.001173681,0.002366011,0.004643455,0.005870419,0.005153054,0.00849752,0.005941456,0.005764037,0.006451436,0.008146956,0.01013823,0.01576538,0.05761558,0.3165053,0.1964107,0.4452324,0.1455332,0.02243209,0.01179956,0.01309318,0.009494858,0.00723154,-0.008015276,0.001648911,0.02121777,-0.00104475,0.00440423,-0.04982473,-0.1819256,-0.1742248
277.022,0.001855688,-0.002114152,0.002830638,0.004000118,3.564509e-4,0.005551053,0.002667955,-0.003382578,0.003824123,0.002583444,-9.597312e-4,5.185099e-4,7.920439e-4,0.001877476,8.924591e-4,-7.581719e-4,-0.001916516,-5.611882e-4,-1.215543e-4,2.120402e-4,-0.001088905,3.981577e-4,-5.121132e-4,-3.621365e-4,-6.318648e-4,-6.431282e-4,-9.84606e-4,7.023101e-5,-3.201101e-4,-4.515726e-4,-4.632669e-4,-9.154485e-5,9.741603e-5,3.279357e-4,-8.375425e-4,-8.717175e-4,0.002444513,-0.001443007,-9.612932e-4,0.003893558,0.001477666,6.075863e-4,-0.001675012,-0.001402444,-0.003615691,-2.458942e-4,-0.001325135,-0.002595589,0.002210427,-0.00105894,-0.003543957,-8.493791e-4,-0.00142853,6.22186e-4,-0.003578484,-9.42146e-4,-1.795875e-4,-0.001323514,-0.001730238,0.001273063,-0.001447333,-1.50999e-4,1.899125e-4,-1.064321e-4,5.946525e-4,-1.438926e-4,-0.002014249,-4.352673e-4,-0.001420022,-6.945337e-4,1.876185e-4,4.169329e-4,1.853332e-4,-8.022863e-4,-9.990896e-4,-7.905973e-4,1.630775e-4,2.625659e-4,-1.691483e-4,6.210905e-4,0.001024428,-1.764502e-4,-2.965536e-5,-9.809328e-4,1.59248e-4,-8.708553e-4,2.278808e-4,-2.911027e-6,-7.326464e-4,5.10949e-4,-5.133731e-5,3.859334e-5,-3.419439e-4,-8.038659e-4,-5.924261e-4,-5.353267e-4,-6.220135e-4,0.00026077370000000003,-2.386501e-4,-5.870515e-4,9.45229e-5,2.602843e-4,-1.518934e-5,-1.296155e-4,-2.150377e-4,-2.097681e-4,-2.613184e-4,-1.375208e-4,-2.435055e-4,-1.300182e-4,6.842055e-6,-2.076711e-4,-1.574337e-4,-4.504057e-4,-4.195704e-4,-1.618728e-4,-1.349157e-4,2.88422e-4,3.447444e-4,-5.288355e-5,6.471295e-5,-3.750962e-4,-5.427278e-5,-5.401899e-5,1.085339e-4,-3.493613e-4,-3.387078e-5,-5.428441e-4,-1.674979e-4,-5.254337e-4,-3.087952e-4,-1.103902e-4,-1.600856e-4,-4.804624e-5,-7.820417e-5,-4.440786e-4,-2.443958e-4,4.351494e-4,-3.974884e-4,6.7399e-4,1.483072e-6,7.07296e-4,1.101533e-4,-1.651479e-4,3.122217e-4,3.922879e-4,-5.28057e-5,3.512455e-4,2.016529e-4,-3.967622e-4,1.119419e-5,2.76833e-4,2.270907e-4,7.640301e-4,5.651561e-4,5.410576e-4,2.080455e-4,2.315948e-4,2.287399e-4,7.480728e-4,0.001245319,0.002438948,0.003644111,0.004582314,0.004850988,0.008111024,0.006722821,0.00566892,0.006051263,0.005986428,0.007911653,0.01404822,0.03323016,0.1786026,0.2298339,0.4203264,0.2024614,0.03550906,0.01271639,0.01195968,0.007676617,0.01358926,0.0173926,-0.002757247,-0.01548395,0.01302905,0.009379034,-0.02462198,-0.07235661,-0.1690342,-0.06429676
279.274,3.89598e-4,0.005221032,-6.91876e-4,0.001145035,0.001247748,-0.001073999,-0.00294415,0.003466957,0.002105471,0.002936736,0.001351168,2.927313e-4,-0.002058703,-8.605625e-4,-7.888367e-4,0.004108121,8.300438e-4,0.001646351,1.948068e-6,-0.001359111,-1.860278e-4,-0.001048944,-0.001133385,-0.001126748,7.777894e-4,-0.001019789,-5.297387e-4,-0.001000175,-9.730901e-8,9.747856e-4,-4.574007e-4,0.003082728,-2.075591e-4,-0.002173665,0.001861242,-0.003534711,8.524066e-4,-3.641494e-4,-0.002122353,-0.001017188,-0.003340895,0.00252678,0.004738605,-0.002231321,-0.003996958,6.197607e-6,0.003506697,-0.001851502,-0.001444529,-9.642531e-4,-6.458628e-4,-0.002618241,-0.00139876,-0.00136484,-0.001249474,-0.001605185,-7.63638e-4,-7.424097e-4,-6.152729e-4,-2.066508e-4,-4.639027e-5,-0.001151569,2.77148e-4,1.398769e-4,-0.001357857,5.362331e-4,-0.001779285,-0.001139535,8.125667e-5,0.00236945,4.181827e-4,-3.349373e-4,-0.001747469,-1.454663e-4,-6.239983e-4,-3.097281e-4,-6.909778e-4,2.576499e-4,7.528995e-4,9.2338e-5,8.328492e-4,2.275301e-4,-0.001096282,-7.079952e-4,-1.597381e-4,4.689732e-4,-4.76281e-4,-3.705214e-4,-2.898824e-4,-4.378587e-5,3.339462e-4,-5.409237e-4,-1.453895e-4,-2.215073e-4,-5.999053e-4,2.959893e-4,-7.171763e-5,5.68736e-4,8.125779e-5,-6.405392e-5,5.945729e-4,-1.142949e-4,-5.188738e-4,-1.372354e-4,2.72747e-4,-1.244759e-7,1.724729e-4,-3.955255e-4,3.587657e-4,-1.269962e-4,-2.048733e-4,6.750931e-6,7.018852e-5,1.449678e-5,-2.417706e-4,2.194654e-4,4.65557e-5,-1.125008e-4,-3.966133e-4,1.517573e-4,7.868248e-5,-1.979194e-4,-7.687099e-5,4.130707e-4,3.229925e-4,1.843074e-4,5.45282e-5,6.801574e-5,2.469266e-5,6.872058e-4,-4.422021e-4,1.934516e-4,1.241466e-4,1.856461e-4,3.216138e-5,-3.580554e-4,-1.941609e-4,2.21131e-4,-2.810062e-5,2.247227e-4,-8.149854e-5,-4.610804e-4,-1.352416e-4,2.817412e-4,-3.876471e-5,-4.990538e-4,-5.668115e-4,-3.779499e-4,-2.585329e-4,-4.507297e-4,1.427018e-4,-7.664704e-6,1.712055e-4,-3.030045e-4,5.87611e-4,2.704122e-5,-1.516118e-4,0.001029937,1.850298e-4,0.001079634,0.002343821,0.003178065,0.005638031,0.004966682,0.007816667,0.00640266,0.006635641,0.006364632,0.006664406,0.006414264,0.01127639,0.02131005,0.1085266,0.3904422,0.1077096,0.299021,0.06195183,0.00934204,0.005491534,0.005894646,0.002623819,0.00316001,-0.01777496,0.01818543,0.002257415,-0.005913407,1.081985e-4,-0.08940963,0.01481045,0.01408263,-0.8941721
281.526,-0.01096395,-0.01097855,-0.002729252,-0.002719892,-7.122445e-4,-0.001782183,-0.009409859,0.001291481,-0.003259927,-0.003391127,-0.002238276,-0.001714414,-0.004461037,-0.001638755,-0.001238705,-0.003224543,-0.001316028,-2.736003e-4,-0.001776111,0.001479707,-0.002178855,7.203004e-4,-5.284237e-4,-3.4995e-4,-4.192521e-4,-0.001297517,-0.001465143,-0.001315074,-0.00153862,-0.002639377,-0.001140688,-0.003363491,-0.001100736,-0.002379977,-0.003679297,-0.003677529,1.785174e-4,-0.002961302,-0.001845143,-0.002765974,-9.296387e-4,-0.002066188,-0.004098379,-0.00368856,-0.001548123,1.388169e-4,-0.001953358,-0.001031216,-0.003760338,-0.00115003,-0.002628094,-0.001247935,-0.001559424,-0.001579188,-0.001056926,-0.002195615,-0.002818069,-0.003662404,-0.001879385,-0.001616825,-0.002561233,-0.002408283,-0.0018543,-5.593423e-4,-0.002426287,7.373727e-4,-6.463078e-4,-0.003858544,-8.428715e-4,-0.001747035,-0.001209122,-0.002524035,-0.001391102,-3.225546e-4,5.703678e-4,-0.001064137,1.906113e-4,-0.00114109,-2.205834e-4,-0.001525849,5.387768e-5,-0.001248779,8.12124e-5,-9.082928e-4,-4.964769e-4,-0.001506897,-0.00143318,-0.001300992,-0.001218236,-9.520897e-4,-5.529875e-4,-9.807117e-4,-3.694385e-4,-7.911346e-4,-2.323589e-4,-4.396904e-4,-3.52742e-4,-0.001050896,-5.388575e-4,-3.153195e-4,-1.071036e-4,-4.906255e-4,-1.542977e-4,-4.215728e-4,-3.892352e-4,-6.947554e-4,-2.527992e-4,-1.193471e-4,-3.937419e-5,-9.399014e-5,-2.287404e-4,-1.334509e-4,-2.199422e-4,-2.996038e-5,-2.69428e-4,-4.305441e-4,-4.637721e-5,-2.313205e-4,-1.510838e-4,-4.132906e-4,-4.229284e-4,-5.30347e-4,-1.938297e-4,-1.977743e-4,-9.161159e-4,-6.884724e-4,-6.463248e-4,-7.159088e-4,-3.068192e-4,-3.735459e-4,-3.939677e-4,-2.222261e-4,-3.213006e-4,-6.070568e-4,1.170485e-4,-7.186821e-4,-1.015805e-4,-1.152645e-4,-8.235796e-4,-5.938685e-4,-3.784862e-4,-0.001013816,-8.071395e-4,-9.572878e-4,-1.8027e-4,-3.867131e-4,-7.99428e-4,-5.012194e-4,8.241055e-5,-1.049311e-5,-4.152369e-5,-2.568958e-4,-3.741882e-4,3.382897e-4,8.104959e-4,1.599147e-4,3.414707e-5,4.319072e-4,1.316289e-4,0.001387995,0.002993532,0.005062976,0.005233489,0.005679612,0.006020156,0.006068607,0.005131909,0.006416558,0.008292084,0.008889974,0.01682764,0.07239445,0.2691299,0.0184547,0.3352656,0.08418732,0.01296515,0.008383489,0.006351582,0.003171894,0.001411629,0.002719283,-0.01149908,-0.007373046,-0.01810426,-5.700938e-5,-0.01962278,-0.07654865,-0.1938751,-0.2427781,-0.3514746
283.779,0.005106506,0.003403406,0.004340638,-0.004587261,0.002046123,3.143652e-5,0.008070973,-4.885846e-4,-0.004063184,-0.002180612,0.00238623,-0.001754517,0.001839773,0.002765033,-2.617513e-4,-0.001975961,0.002936752,-9.841563e-4,-5.307765e-4,0.001405083,-6.743726e-4,4.068184e-4,-3.200084e-5,-3.411223e-4,6.291311e-4,-6.50142e-5,3.552108e-5,-2.027851e-4,-5.287948e-4,3.205706e-4,-0.002170533,3.159076e-4,-0.002445326,-5.55564e-4,5.443366e-4,0.002459931,0.002200748,-1.731348e-4,0.002450816,-1.008817e-4,9.12364e-4,0.001696281,-6.393778e-4,1.420836e-4,-0.002802806,-0.001488669,-0.001028421,0.001016369,0.001169043,-4.636913e-4,-0.001005835,0.001473971,-3.029489e-4,2.377157e-4,-9.782675e-4,-0.001327396,4.71734e-4,-0.002053327,-0.001338387,-1.004504e-4,-0.001036052,2.701381e-4,-7.300614e-4,5.296757e-4,-4.360822e-4,8.142732e-4,-2.536939e-4,-4.419285e-4,-0.001495892,1.853723e-4,3.352706e-5,-3.21231e-4,0.00131757,-7.584999e-4,-0.001869039,8.732248e-4,4.738898e-4,2.744542e-4,3.589666e-4,-0.001059547,-0.001662222,-4.458876e-4,-2.195327e-4,2.867934e-4,-6.690766e-4,-2.75013e-4,2.855357e-4,-1.243229e-4,-2.303004e-4,-3.589025e-4,1.953689e-5,3.886843e-5,-2.482593e-5,6.166664e-4,-2.082541e-4,-3.224842e-4,-2.276065e-4,-3.323633e-4,-2.05751e-4,-3.682705e-4,-7.405475e-5,-3.967504e-4,3.434669e-5,-6.31158e-4,-4.296328e-4,-7.803414e-4,2.19168e-4,2.648243e-4,7.896104e-5,3.644792e-5,-5.249208e-7,-5.238966e-5,-8.115103e-5,-2.193558e-5,6.125807e-5,-2.535824e-4,-1.437578e-4,1.067357e-4,-1.132588e-4,-2.694841e-4,-3.660536e-4,9.949298e-5,-6.303134e-5,2.634802e-4,-2.542851e-4,-4.531831e-5,5.054252e-5,-2.216533e-4,-1.096388e-4,3.338632e-4,3.948333e-5,-1.18525e-4,-2.538184e-4,1.904494e-4,-5.81081e-4,4.098024e-5,-8.164466e-4,-1.124855e-4,7.498153e-4,1.62351e-4,-2.672877e-5,2.734926e-5,-1.345295e-5,-1.076194e-5,-2.165118e-4,-1.503904e-4,2.916956e-4,5.609669e-4,2.813096e-4,8.181751e-4,4.206625e-4,1.978617e-4,-1.317554e-4,9.213039e-4,5.431698e-4,3.772331e-4,4.444049e-4,1.088552e-4,0.001766193,0.002169885,0.004373319,0.005712747,0.006635491,0.006506857,0.006323788,0.00753808,0.006931664,0.008050496,0.00899178,0.01434614,0.04835022,0.2065605,0.02447771,0.3944219,0.1206806,0.01632678,0.009751871,0.00797545,0.004557967,0.008748409,0.01548432,0.001536983,0.00202031,0.00828834,0.01148992,0.009152445,-0.02658867,-0.03291482,0.07083044,-0.1994377,1.229745
286.034,-0.003080236,-0.002428386,-1.579456e-4,-0.002939707,-0.002646652,5.523516e-4,-0.006373708,-0.001676378,-8.239851e-4,-0.0056504,-0.001337931,-0.002576865,-0.003812514,-0.001718342,-5.766777e-4,-0.001306897,-0.002656498,-0.002812864,-0.002670274,-0.001966379,-9.999571e-4,-0.001865023,2.863305e-4,-1.181919e-4,-7.059264e-4,-0.00139159,-1.795847e-4,-5.472963e-4,4.07606e-4,-0.001783798,-0.003159554,-0.006334574,-0.005170713,-0.00854086,-7.488777e-4,-0.005741479,-0.004128137,-0.002745462,-0.002004272,-7.196928e-4,-0.002576372,-0.002528562,-0.004227083,-0.001942393,-8.775199e-4,9.607912e-4,-0.00344157,-0.002803085,6.983299e-6,-9.730509e-4,-1.797481e-4,-0.001562773,-0.002725151,-5.16342e-4,-0.002462114,-0.004246919,-0.002946759,-0.00215508,-0.001886204,-0.001779638,-0.002467584,-0.001807047,-0.001590138,-0.001263063,-2.077246e-4,-0.002224277,-0.002500198,-0.00119513,-0.002036984,-2.555177e-4,-0.0011810360000000001,-0.00188607,-7.424995e-4,-2.984965e-4,-0.001104313,5.085746e-4,-3.078624e-4,2.172589e-4,-0.001148703,-0.001811648,-0.001087979,-2.677763e-4,-7.66214e-4,-7.179922e-4,-0.002099407,-7.761381e-4,-0.001132418,-4.616059e-4,-8.510544e-4,-0.001235533,-8.605016e-4,-0.001096539,-0.001274281,-8.504049e-4,-8.905125e-4,-0.001031245,-8.588062e-4,-1.593064e-4,-5.776448e-4,-5.991951e-4,-4.159254e-4,-7.083394e-4,-4.879984e-4,-2.713151e-4,-1.871799e-4,-3.984048e-4,-6.639585e-4,-6.141892e-4,-3.89738e-4,-4.461972e-4,-1.930235e-5,-3.367707e-4,-1.315058e-4,-1.324761e-4,-1.815252e-4,-2.473188e-4,-3.167411e-4,-3.711549e-4,-2.965057e-4,-3.697138e-4,-7.005338e-4,-3.078045e-4,-6.126546e-4,-3.779253e-4,-1.583391e-4,-1.730989e-4,-2.580616e-4,-8.1716e-4,4.253452e-4,-7.869739e-4,-4.171618e-4,-4.069916e-4,-6.52773e-4,-5.366397e-4,-8.543761e-4,-7.03472e-4,1.871742e-4,-2.899118e-4,-7.202218e-4,1.623339e-4,-6.697958e-4,-7.657203e-4,-2.639198e-4,-8.512948e-5,-6.10834e-4,-1.444342e-4,-8.271382e-5,-4.491093e-5,-2.61809e-4,-2.985505e-4,-1.181085e-4,-1.309309e-4,-1.269109e-4,2.025925e-4,4.368805e-5,1.631828e-4,4.279366e-4,4.340636e-4,0.001529378,0.003126608,0.004156425,0.005968822,0.006561639,0.005766536,0.005471462,0.00546871,0.006244529,0.007863274,0.01185832,0.02839392,0.1404492,0.02816639,0.02290389,0.1739912,0.02374391,0.006787055,0.00340718,0.002473325,0.001957659,-0.00568596,0.005930048,-5.01052e-4,2.126201e-5,-0.002293866,-0.005487873,-0.02549625,-0.03402719,-0.03286773,-0.1456412,-0.5928549,-1.468326
288.289,0.006611197,0.009326497,0.001930041,0.006690213,0.002434147,0.007776284,0.003325288,0.004130939,0.002912033,0.001082827,0.005752796,-4.918238e-4,0.00104718,0.002952878,0.00195934,0.001903733,0.002542877,-8.251834e-5,-3.480152e-4,-4.474248e-4,0.002390697,6.837519e-4,5.189604e-4,-4.500737e-4,9.012043e-4,4.810408e-4,-8.101573e-4,9.824717e-4,8.001281e-4,9.852494e-4,0.001242485,0.001903725,0.004332546,0.002089946,0.001813655,2.735122e-4,0.002820303,0.001217265,-6.506209e-4,0.00258835,-6.515175e-4,0.00444957,2.765282e-4,0.002797885,7.084581e-4,-7.43886e-4,-2.278818e-4,0.002976826,0.001069812,3.749362e-4,5.324867e-4,0.00153112,-3.753656e-4,-8.24428e-4,-0.001061767,-6.595718e-4,0.00121272,-2.58864e-4,-3.908966e-4,-1.10223e-4,0.001843333,5.653714e-4,5.120087e-4,4.147916e-4,0.001722941,7.356021e-4,5.594817e-4,5.362349e-4,9.765785e-4,-0.001587327,-8.306425e-4,5.793396e-4,5.565607e-4,4.568472e-4,-4.378547e-5,-5.186728e-4,1.450125e-4,0.001037617,0.00153521,9.870686e-4,-9.20832e-4,-2.211047e-4,3.323287e-4,1.423829e-4,-1.084676e-4,2.337321e-4,1.833798e-5,-3.943077e-4,5.7013e-4,4.028757e-4,-1.325706e-4,2.994427e-5,-1.803269e-4,8.688139e-5,3.009556e-5,1.857697e-4,0.001441668,-9.99962e-5,-1.287045e-4,2.18927e-4,9.512977e-5,-5.125288e-6,5.846912e-5,1.721577e-4,5.79423e-5,4.255658e-5,2.176753e-4,-1.964713e-4,-1.943371e-4,-6.88151e-5,1.113326e-4,-9.453961e-7,-1.443176e-4,1.717137e-4,2.358569e-4,-2.051733e-4,4.949175e-5,1.006101e-4,9.402214e-5,3.626343e-4,3.861736e-4,8.156075e-5,2.149961e-4,-1.597315e-5,6.312865e-4,1.369816e-4,-6.371083e-5,6.123862e-5,2.75644e-4,-3.181778e-4,-4.822465e-4,4.147844e-4,-7.799818e-5,-1.181625e-4,2.476778e-4,3.592001e-4,7.00267e-4,1.19414e-4,8.131544e-4,1.788611e-4,-1.812687e-4,4.785817e-5,8.569823e-5,2.228568e-4,2.69618e-4,4.451987e-5,-6.337976e-5,9.548272e-4,-3.548256e-5,-1.55968e-4,-8.908287e-5,7.980535e-4,4.573193e-4,5.078126e-4,9.027558e-4,5.79957e-4,6.596738e-4,0.001836746,0.003156645,0.004215894,0.006659884,0.007609082,0.007539802,0.0073419,0.007743824,0.007576517,0.007020583,0.01101217,0.02176779,0.1065438,0.07758391,0.02887276,0.2302805,0.0429861,0.009540626,0.009052232,0.005777092,0.004761117,0.005809617,0.002234412,0.01128633,0.001574375,0.004585131,0.00931497,0.01483335,0.01158002,0.03490212,-0.007502727,0.05111391,-0.04550077,0.8532594
290.545,0.003851679,-0.002708356,-0.002378299,-0.005253174,9.943187e-4,-0.003941968,-9.135548e-4,3.235171e-4,6.926543e-4,-0.001554162,2.961398e-4,0.002394891,0.001697095,-0.001902977,0.001074232,-0.001565948,-0.002644142,-0.001240522,0.001104897,-1.920347e-4,-5.024915e-4,-3.545257e-4,-8.2331e-4,-2.891008e-5,-9.518319e-4,4.240186e-4,2.45322e-4,-7.220446e-4,-0.002580171,1.805831e-4,-0.002646744,-0.002043867,-6.520201e-4,-0.001454881,7.563316e-4,-0.00223941,-9.500855e-4,-0.003800742,-0.00193931,-0.002480308,-4.705988e-4,-0.001530053,-0.001407527,-0.001069883,1.505658e-4,-0.002185811,0.001458387,-0.002245855,-0.001572923,2.559054e-4,-0.00136822,-0.002157257,-0.00161326,-8.425518e-4,-0.001194268,-9.882509e-4,-2.484511e-4,-0.001798033,0.001643701,-0.001093729,-8.067558e-4,7.061209e-4,0.0011671540000000001,2.525428e-4,-0.001619456,-5.311788e-4,-0.00120082,5.07971e-4,-0.001303302,0.001156839,0.001438953,-6.621392e-5,-7.630336e-4,2.561759e-4,-5.998789e-4,-7.995769e-4,-6.336397e-4,-3.774566e-4,2.757775e-5,-0.001419377,1.385069e-4,-0.001158369,-9.963647e-4,9.247048e-4,-4.865677e-4,2.355103e-5,7.212786e-5,-4.037798e-4,-7.626514e-4,-0.001408708,-7.549938e-4,-2.002359e-4,-0.001025469,-7.701714e-4,-5.825836e-4,1.872824e-4,-1.568595e-5,-7.873812e-4,2.287058e-4,2.931018e-4,2.890842e-5,-3.643285e-4,-5.092746e-4,-2.98017e-4,-2.837922e-4,-4.493992e-4,1.566369e-4,1.078256e-4,-8.395656e-5,-1.22425e-4,-2.003023e-4,-1.852809e-4,6.778029e-6,-1.833461e-4,-6.636244e-6,8.787221e-6,-1.103148e-4,-1.852393e-5,4.303196e-5,-5.579031e-4,-1.307325e-4,-4.447391e-4,-9.562099e-5,1.50947e-4,1.207543e-4,-3.516345e-4,-3.49274e-4,4.25909e-5,-3.988216e-4,-2.317907e-4,-1.697844e-4,-3.694592e-4,7.128806e-5,-4.126654e-5,-1.631721e-4,2.625207e-4,-2.594661e-4,-6.186714e-4,-2.763405e-4,-3.456215e-4,-2.113715e-4,4.124182e-4,-8.481049e-5,2.743936e-5,-1.671148e-4,-3.441236e-4,1.68318e-5,-1.948051e-4,7.10077e-5,3.350882e-4,-2.728723e-4,1.670332e-4,-8.485203e-5,1.282336e-4,8.976618e-6,3.567113e-4,0.001302058,0.002111839,0.003224827,0.005539847,0.006107854,0.007594394,0.007698691,0.007988496,0.005881269,0.005633892,0.007836311,0.01470843,0.07540367,0.2263388,0.02230536,0.2594801,0.06907089,0.007662958,0.008362687,0.00420861699999999,0.005179798,9.735322e-4,0.004843636,0.003785626,0.005238613,0.002466585,0.002898514,-0.00587079,-1.804012e-4,-0.009538334,-0.0162666,-0.03994313,-0.1562848,-0.07472248,-0.5208755
292.802,0.0072776,4.995532e-4,0.002816857,0.004898786,0.004780257,-0.001669953,0.002845385,0.005229313,0.0014899,0.003831895,0.00139725,0.002095829,-3.336726e-4,0.002587434,0.002169596,0.00163162,0.001879048,0.002700667,1.06334e-4,4.46891e-5,0.001164165,0.001437476,9.629694e-4,0.001187885,8.533347e-4,0.001278303,4.744738e-4,7.471089e-4,9.570876e-4,1.712586e-4,-7.694051e-4,0.003144989,0.00340294,0.004245976,-9.659081e-4,-0.001851366,-8.377838e-5,0.002480395,0.004235444,6.877127e-4,0.001073835,0.003118043,0.001249576,-4.483217e-4,1.99185e-4,5.489172e-4,-8.100148e-5,0.00208793,7.751408e-4,0.001546914,0.001879478,0.001025372,-1.711708e-4,0.002609102,8.030133e-4,0.001492294,-7.186973e-4,-9.490845e-5,0.001290114,6.206463e-4,0.001607925,7.751431e-4,0.001313422,0.002182285,-7.060864e-4,7.285973e-5,0.001257505,1.815888e-4,-6.755758e-4,2.811776e-4,6.129144e-4,1.308563e-4,1.938014e-4,2.79117e-4,-7.855283e-6,0.001066822,-9.92028e-4,3.151573e-4,-7.691071e-4,2.437124e-4,5.340565e-4,9.090356e-4,0.001549664,-9.136208e-4,9.838712e-4,7.705023e-4,-2.835575e-5,-4.818108e-6,2.347324e-4,9.767535e-4,-3.086335e-4,7.769044e-4,5.381281e-5,2.497301e-4,3.299155e-4,2.308908e-4,-1.332337e-4,8.079541e-4,1.115454e-5,-1.496734e-5,2.196215e-4,-3.929943e-5,2.23339e-4,6.595682e-4,1.801001e-4,6.10223e-4,4.371771e-4,2.637883e-4,1.909965e-4,3.138953e-4,5.676208e-5,2.40385e-5,2.405415e-4,-4.182865e-5,-7.526836e-5,3.166595e-4,1.510606e-4,-2.322476e-6,7.512389e-6,-1.73202e-4,3.532635e-4,7.347201e-4,1.411471e-4,4.993121e-4,-8.72685e-5,3.986663e-4,1.768549e-4,1.224113e-4,7.903311e-4,4.763216e-4,-1.05986e-4,2.422637e-4,1.67268e-4,4.440314e-4,9.43967e-5,2.156316e-4,5.172431e-5,2.122849e-4,6.649119e-4,-1.402264e-4,-2.110722e-4,8.677274e-5,7.307723e-5,2.534987e-4,3.143381e-4,4.695593e-4,1.823923e-4,3.974542e-4,2.190839e-4,-1.477495e-5,6.842555e-4,7.800299e-4,0.001042854,0.001100172,5.052739e-4,0.001518353,0.002478323,0.003741639,0.004774379,0.005990612,0.007600991,0.007008635,0.00588564,0.006691317,0.005818268,0.008256473,0.01359487,0.04956884,0.2019562,0.02251272,0.1415146,0.09585531,0.01471297,0.007847803,0.005269847,0.006177795,0.007921901,-0.003091149,0.008111452,0.007539706,0.004621723,0.006649944,0.006764456,0.005291107,9.398597e-4,0.01231529,-0.002879944,-0.03110522,0.04105244,0.3344718,-0.2843353
295.06,-1.479551e-4,-0.001650453,6.187677e-4,-4.42623e-4,-0.002987781,0.001921976,0.0049677260000000004,0.002074689,5.299315e-4,0.002122383,6.492788e-4,-0.00160949,0.001327348,0.002306384,3.892436e-4,-0.002473852,0.002698734,0.00224591,7.514878e-4,0.001674112,-6.971187e-4,3.285768e-5,-0.001125051,-5.961459e-4,3.208935e-4,-9.096388e-4,1.769845e-4,2.737151e-4,6.966777e-4,0.00113301,5.118436e-4,-8.845863e-4,-0.00415392,0.002340647,-0.00444568,-0.003706759,-0.001448164,-3.264882e-4,2.252068e-4,0.001055857,-0.004113092,-0.001654698,-0.00319574,-8.047518e-6,-2.129735e-4,5.418458e-4,5.402288e-4,-5.274502e-4,0.00114369,-7.93152e-4,-9.29494e-4,-4.570337e-4,0.001911229,-8.846002e-4,-0.001575103,-2.479339e-4,-0.001662219,1.920397e-4,8.196909e-4,3.990358e-5,1.733575e-4,-0.002336263,-1.260171e-4,-1.624331e-4,5.270425e-4,0.001225803,-0.001123321,-5.630955e-4,-1.482797e-4,-4.579774e-4,-7.464916e-4,-0.001294875,-3.880332e-4,-3.598241e-5,-1.264088e-4,7.765547e-4,2.933677e-4,-2.003756e-4,-9.753762e-4,-5.432129e-4,4.167268e-4,2.081688e-4,7.002126e-5,1.197181e-4,-4.723058e-4,1.134582e-4,8.72025e-5,-4.361895e-5,0.001123729,1.384236e-4,-1.224453e-4,2.090719e-5,-7.198523e-4,8.023845e-4,-8.549533e-5,-1.143195e-4,2.934643e-5,-6.210796e-5,-5.022249e-4,-2.973126e-4,-3.39887e-4,2.457779e-5,2.993203e-4,-1.232741e-4,-1.872683e-4,-6.059637e-5,9.148388e-6,-1.294755e-4,-1.141827e-4,-4.232017e-5,-4.439115e-5,-6.583831e-5,-2.528314e-5,-1.734385e-4,2.279581e-4,-1.641633e-4,-1.244876e-4,-1.944773e-5,-1.969332e-4,2.614274e-4,-1.25537e-5,5.724808e-4,-2.184838e-4,3.682003e-4,-2.546277e-4,-3.732328e-4,-2.054755e-4,-8.126756e-5,2.883751e-4,3.334412e-4,3.807406e-4,-6.583039e-5,8.104428e-5,-8.177054e-5,1.199263e-4,-3.069945e-4,1.860154e-4,-1.067119e-4,-2.152029e-4,2.108861e-4,1.457149e-4,1.287181e-5,-4.537653e-4,-8.1047e-5,3.201847e-4,-1.476212e-4,8.688504e-5,6.259346e-4,3.808807e-4,1.485054e-4,3.864168e-4,2.682502e-4,4.658247e-4,5.97994e-4,0.001305143,0.002625913,0.002652363,0.003510581,0.006075713,0.006654109,0.00743471,0.008159245,0.01884631,0.007115497,0.007192456,0.01031953,0.02938766,0.1488719,0.01898963,0.02140807,0.1174477,0.01974498,0.007594248,0.005568385,0.007898064,0.004362844,0.003830273,0.005717355,0.005955275,0.003206785,0.004332896,0.00569585,0.002547429,0.007067442,0.003574527,0.0133527,-0.02605891,-0.009948545,0.03971128,-0.09946862,1.038403
297.319,0.00815353,0.008458759,0.01165789,0.005875526,0.007426782,0.001756992,0.003974454,0.00201911,-0.002223921,0.002439648,0.002537567,9.555402e-4,-0.001845105,0.004938271,0.002958871,-1.401834e-4,0.001310652,0.001910154,0.003314177,-9.540844e-4,8.185085e-5,8.814996e-4,0.00154716,8.974441e-4,-0.001282269,5.477274e-4,4.61973e-4,6.321861e-4,-4.44458e-4,6.454562e-4,0.001849585,0.001892598,-0.001151201,0.001104848,0.007007141,0.002039924,-4.04594e-4,0.00262841,0.003785992,-0.001630345,0.00142122,-0.00109557,0.001002045,0.002227368,0.001983298,0.001692688,9.970117e-4,0.001824679,0.002337654,-5.995631e-4,4.017303e-4,5.019803e-4,-4.380382e-4,0.001186828,2.136851e-4,0.001244057,9.753039e-5,-9.219818e-5,2.771452e-4,-6.451887e-4,-1.726532e-4,3.39757e-4,-5.280594e-4,8.9214e-4,0.001236308,5.079622e-4,0.001332369,-1.790876e-4,-6.688678e-5,8.653347e-4,7.684526e-4,7.441096e-4,0.001648906,-5.550574e-4,8.19833e-4,9.290431e-5,1.442129e-4,9.781095e-4,8.213693e-4,1.856799e-4,3.596129e-4,0.001307544,3.401413e-4,9.24958e-4,-1.862264e-4,2.96296e-4,2.853289e-4,2.77424e-4,3.336728e-4,-1.994469e-4,5.887621e-4,3.232138e-4,4.01002e-4,4.543968e-4,9.799001e-4,8.08725e-5,-1.554874e-4,1.814084e-4,2.478732e-4,1.665635e-4,4.530106e-4,4.716337e-4,6.257645e-4,6.622731e-5,4.329095e-4,2.00845e-5,3.283294e-4,2.392215e-4,1.801215e-4,3.57956e-5,3.687672e-5,-3.540045e-5,1.216414e-4,-1.171092e-4,2.603627e-4,1.533339e-4,3.204761e-5,9.090977e-5,-9.112909e-5,-1.998178e-4,3.092402e-4,-6.944274e-5,-1.016189e-4,-2.17566e-4,1.256354e-4,-3.87755e-5,5.820985e-5,3.822867e-4,-3.190705e-5,4.230666e-4,-7.507133e-5,2.930144e-4,2.582205e-4,-9.287596e-5,5.289652e-4,5.078591e-4,2.349467e-4,1.327175e-5,3.426924e-4,3.465826e-4,2.894677e-4,3.493648e-5,3.900086e-4,2.713686e-4,8.572964e-5,1.453075e-4,2.630767e-4,9.207491e-5,5.629737e-5,-5.48891e-5,4.811449e-4,4.48894e-4,1.439267e-4,0.00141168,0.00197482,0.003196973,0.003642473,0.005328852,0.00745603,0.00688046,0.007316829,0.007736917,0.008106826,0.007179546,0.00853341,0.01808659,0.1022211,0.01592699,0.01876881,0.1494978,0.03120823,0.007475665,0.007273702,0.00656996,0.005215617,0.002791331,0.005954909,0.00482985,0.00303469,0.008098816,0.002079427,0.008377106,0.006104348,0.004567562,0.008871691,0.01513621,0.00653917,0.05519171,-0.04382821,0.131423,0.3774351
299.578,0.003494003,-0.003092106,5.969109e-4,0.001277902,-4.73478e-4,0.001087639,2.642768e-4,0.007138423,-0.002771733,-7.221316e-4,8.014566e-4,-1.372345e-4,-2.661156e-4,4.432521e-4,0.002073155,-3.623677e-4,-3.917031e-4,5.277602e-5,4.881614e-5,9.928118e-4,-2.338502e-6,5.69594e-4,-0.001187743,5.228391e-5,-7.95974e-4,-3.472872e-4,-3.745338e-5,-3.253884e-5,-4.156084e-7,-0.001024195,0.001439512,-9.559738e-4,-0.002844841,-0.002714129,-0.002246682,-9.385129e-4,0.001646393,5.31964e-4,2.830838e-4,-2.267993e-4,-1.276117e-5,0.00130743,-5.819282e-4,0.002690003,0.002159518,4.933671e-5,9.831991e-4,-0.002469517,-0.001951813,-6.199172e-5,1.088387e-4,-1.698876e-4,4.399179e-5,0.001695507,9.28904e-5,-0.00204126,-0.001917453,3.88038e-5,-2.285792e-4,-8.692187e-4,-0.001746072,8.662766e-4,-7.846163e-4,-6.102118e-4,5.885746e-4,-4.679952e-4,-1.162034e-4,-2.611737e-4,-5.733691e-4,3.022358e-4,-9.048602e-4,1.569537e-4,-4.758716e-4,-6.180785e-4,-5.199454e-4,-4.784166e-4,7.362089e-4,2.703869e-4,-9.052396e-4,-1.914027e-4,3.535265e-4,-2.042483e-4,-6.401284e-4,4.694143e-4,2.720443e-4,1.954207e-4,-9.868585e-4,-3.658933e-4,-8.092916e-4,9.697669e-4,1.510339e-5,-9.215499e-4,4.843672e-4,8.479055e-4,-1.368268e-4,-8.307056e-5,-2.210253e-4,-2.255769e-4,-1.934534e-5,-4.588001e-4,-3.324473e-4,1.094629e-4,-1.152832e-4,-1.114404e-4,1.616457e-4,4.997091e-5,-1.989334e-4,2.60055e-4,-5.878383e-5,1.974678e-4,-3.107968e-5,-2.586244e-4,2.31535e-5,-4.057827e-5,-7.843287e-5,-1.446052e-4,6.421268e-5,8.641296e-5,-1.433382e-4,9.706701e-5,-5.895671e-5,-1.272647e-4,-3.501083e-4,-4.267012e-4,6.228807e-5,1.800347e-4,-3.956051e-5,-6.143075e-4,-1.745391e-4,-1.180836e-5,-3.871378e-4,-1.587172e-4,1.152248e-5,-2.5533e-4,1.685983e-4,-2.993089e-4,2.398005e-5,2.412602e-4,4.114157e-4,4.74599e-5,3.68948e-4,-1.53878e-4,-1.513667e-4,-1.494067e-4,-9.06949e-5,-1.469628e-4,1.621325e-5,3.142201e-4,3.127225e-4,4.435218e-4,4.917599e-4,4.113366e-4,7.144511e-4,0.001198526,0.002345523,0.003431627,0.004447973,0.006283132,0.00719796,0.006658044,0.006535121,0.00746555,0.008368026,0.007003523,0.0129004,0.06427901,0.1063095,0.01511067,0.1943017,0.04213045,0.007498427,0.007587597,0.005021602,0.005090844,0.002979597,0.001065305,7.554586e-4,0.004172248,0.002314674,0.004654427,0.005718296,0.005905723,0.008232471,6.38265e-5,3.394797e-4,0.00844301,-0.01611507,0.013676,-0.1013062,-0.102574,-0.1929249
301.839,4.638246e-4,-1.401276e-5,0.004179291,0.009009109,0.00501871,0.007582032,0.005508838,0.001819037,-0.002741745,0.002744101,6.977172e-4,0.001796105,0.001758474,0.002386341,0.002289345,0.002463759,-8.495544e-4,7.473974e-4,2.045402e-4,-3.193248e-4,-3.25034e-4,-7.287621e-5,5.424998e-4,4.119253e-4,6.663812e-4,9.333071e-4,-4.650056e-4,0.001419325,5.398232e-4,0.002261571,3.731083e-4,0.001354687,-7.154446e-4,0.004527073,0.003486697,0.00164139,-0.0010808,0.002130069,-3.771118e-4,0.003856497,-0.0026716,-5.906412e-4,5.556228e-4,-4.344939e-4,0.001478412,-7.52175e-5,0.002882988,4.318357e-4,5.27041e-5,2.875993e-4,7.796425e-4,0.001310017,0.002648847,-0.001756444,0.001630239,-4.51016e-4,8.447347e-4,-6.00347e-4,-2.325139e-4,-8.672545e-4,8.351681e-4,0.001145659,4.794851e-4,-9.276014e-4,2.694331e-4,3.765274e-4,0.001070877,8.642078e-4,0.001504478,-0.001095723,-7.990375e-4,3.822965e-4,-3.776007e-5,-2.221565e-4,-3.055323e-4,7.488953e-4,0.001324883,-3.524017e-5,7.520836e-4,-5.579942e-4,-1.347408e-4,-3.0556e-4,-3.182793e-4,6.752588e-5,-8.480651e-6,0.001131584,6.033464e-4,2.915969e-4,-2.705399e-4,0.001027547,8.946275e-4,4.799443e-4,-5.654838e-6,5.808996e-4,-4.19179e-4,0.001004943,2.723284e-5,-4.635809e-5,-5.971307e-5,-3.202807e-4,2.870558e-4,1.101125e-5,-4.733851e-5,-3.501159e-5,2.570002e-4,1.876324e-4,3.9881e-5,-2.537044e-5,1.651059e-4,3.925795e-5,-2.556048e-5,-2.389974e-5,4.679855e-5,1.200643e-4,1.912512e-5,-8.993518e-6,-1.064022e-6,6.322244e-6,-1.533875e-4,3.173723e-4,3.101521e-5,-1.377764e-4,5.330188e-5,4.209378e-4,-2.278177e-4,-1.324416e-4,3.655655e-4,1.283299e-4,6.268344e-5,-9.48456e-5,4.754969e-5,6.183187e-4,-1.630925e-5,2.379008e-4,-3.662147e-4,1.39961e-4,1.387358e-4,-1.415363e-4,2.218745e-4,5.175452e-4,2.243136e-4,3.265989e-4,-5.732362e-5,-1.824701e-4,7.441881e-4,4.004895e-4,5.48527e-4,1.297612e-4,3.89972e-4,0.001049625,4.986032e-4,6.859623e-4,0.001231069,0.002424942,0.004017465,0.004663334,0.00579128,0.005835483,0.006623334,0.006887761,0.007399085,0.006572532,0.007711013,0.01120345,0.04113574,0.1789061,0.01523622,0.106023,0.06221772,0.01073139,0.004212432,0.005526417,0.006303439,0.005637017,0.007837346,0.003891236,0.006261854,0.007523557,0.008556454,0.01050226,0.005553211,0.007623665,0.003736848,0.006454302,0.01264529,0.004391869,0.03235706,-0.03355178,0.08769189,0.2701473,0.4359453
304.1,-0.004995668,-0.004120368,-0.006675045,-0.004900954,-0.004225843,-0.009061215,-0.002379821,-0.002410442,-0.003866424,-0.005921924,-9.729878e-4,-0.002232859,-5.449065e-4,8.340516e-4,-7.54851e-4,-0.001612648,-0.002293165,-0.003089935,-0.001906969,-0.00138795,-9.078741e-4,-8.600572e-4,-8.400778e-5,1.408165e-4,-9.17902e-4,-0.001154307,2.559978e-4,-9.393598e-4,-7.373001e-4,-8.336189e-4,-6.051079e-4,-0.003622178,-6.095132e-4,-0.003035391,-0.005678917,-8.198909e-4,-0.001794648,0.001063967,-0.002771374,-0.003715382,-0.002050008,-0.001654109,-0.001260043,-0.002461764,-0.001198441,-0.003374266,-0.004037174,-0.001469255,-0.001292894,-0.003645592,-0.004072179,2.154552e-4,-0.00140334,-0.0036744,-0.001724101,-0.001701377,1.386049e-4,-0.001820303,-0.001277494,-0.001022073,-2.913644e-4,-0.001104125,-0.001531743,-0.001313573,-0.001947515,-0.001980603,-5.574828e-4,-0.002057515,-0.001117399,-5.416117e-4,-0.002222737,-0.001655181,-5.84806e-4,9.735436e-5,-9.795658e-4,-0.001588924,1.698328e-4,-0.001267173,-0.001366109,-0.001177162,-2.793042e-4,-0.001206914,-7.903382e-4,-0.001232857,-9.523193e-4,-5.520994e-4,-9.033399e-4,-0.001261784,-6.172531e-5,-0.001457458,-8.798901e-4,-8.661637e-4,-5.868374e-4,-9.060186e-4,-7.605949e-4,-6.369054e-4,-3.199817e-4,-5.898016e-4,-7.087279e-4,-1.340597e-4,-4.704513e-4,-1.216452e-4,-4.117792e-4,-4.622937e-4,-6.259607e-4,-6.823799e-5,-1.923465e-4,-4.361403e-4,-4.909334e-4,-1.9602e-4,-1.508085e-4,-2.084001e-4,-4.178507e-5,-8.259196e-5,-1.375694e-4,-2.40621e-4,-1.269679e-4,-3.033325e-4,-6.863833e-4,-5.756986e-4,-4.919105e-4,-5.504597e-4,-1.334705e-4,-1.293022e-4,-4.074379e-5,-3.501063e-4,-5.331485e-4,-8.811253e-5,-5.88055e-4,-4.380405e-4,-1.482448e-4,-1.022222e-4,-4.2139e-4,-4.087058e-4,-3.74411e-4,-1.014437e-4,-2.666207e-4,-3.021152e-4,-6.038109e-4,-4.682848e-4,-5.023344e-4,-3.098933e-4,1.050068e-4,-7.521078e-4,3.921592e-5,2.894579e-5,1.633511e-4,-3.928126e-7,9.924329e-5,-1.532993e-4,-2.161422e-4,6.884943e-4,0.001409976,0.002912385,0.00555064,0.006314674,0.006248099,0.005547193,0.005995475,0.006878706,0.007010903,0.007069757,0.009656822,0.02521064,0.1276434,0.01378668,0.01415324,0.0974143,0.01194207,0.005637665,0.003167083,0.00342578,0.003347145,0.001563018,0.008481085,0.01140979,0.00708028,0.006909588,0.006989535,0.00985283,0.007640666,0.009273179,0.001715333,0.001661259,-0.00449972,-0.01645462,-0.03895301,-0.04272566,-0.07901537,-0.27350410000000003,-1.693845
306.363,-1.604841e-4,-0.003022393,-5.897478e-4,-0.003635541,-0.009204133,-0.002913681,-0.002221331,-0.002116942,0.002689896,-8.940281e-4,-0.001847522,0.002344031,-0.002243378,-0.001710062,-0.002499159,-0.001962956,-0.002863861,-0.003025539,-0.001389401,-0.001253689,-0.00208285,-0.001062852,2.561255e-4,-7.670638e-4,-0.001249863,4.479372e-4,2.829434e-5,-2.33316e-4,-9.0169549999999e-4,-2.947864e-4,-0.002085971,-1.933012e-6,-0.007203277,-0.002158962,-0.002380028,9.932847e-4,-0.001714978,-0.003853952,-0.001812905,-0.004566122,-0.003654695,-0.001292755,-7.062831e-4,-0.001636575,-0.005220535,-0.002316972,-0.002011154,-0.00216132,-6.787956e-4,-7.631589e-4,-0.001948353,-0.002178025,-0.001667346,2.021351e-4,-0.00101968,-0.002140118,-0.003376021,-0.00145813,-0.00236583,-0.00310582,-0.001506879,-0.001837338,-8.492024e-4,-4.388376e-4,-0.001790087,-9.1035e-4,-0.002225171,-2.882804e-4,-0.002016221,9.643479e-5,-6.193924e-4,-0.001084159,2.6482e-5,-0.001268008,-9.145423e-4,-5.495146e-4,-5.378397e-4,-0.001125298,-7.769926e-4,-5.761685e-4,-0.001083552,-7.62981e-4,7.090905e-5,-2.63437e-5,-7.265558e-4,-8.825615e-4,-8.897486e-5,-7.340503e-4,4.668988e-4,-6.549145e-4,-0.001256725,-9.189205e-5,2.640362e-4,-7.005755e-4,-2.812958e-4,-8.550053e-4,-6.119709e-4,-4.55279e-4,-7.777475e-4,-6.657904e-4,-1.166257e-4,-4.265082e-4,2.308459e-4,-5.582265e-4,-4.334255e-4,-5.84058e-5,-3.110066e-4,-2.844608e-4,-5.736659e-5,-2.355178e-4,-4.823778e-5,-1.962152e-4,-3.337473e-4,-5.018991e-4,-2.471815e-4,-4.263136e-4,-5.824476e-4,-5.042976e-4,-4.177283e-4,-2.271914e-4,-6.468312e-4,-5.400302e-8,-3.671772e-4,-6.966718e-4,-3.575954e-4,-1.104033e-4,-1.60686e-4,-2.662688e-4,-5.866202e-4,-1.8475e-4,1.101112e-4,-5.402588e-4,-3.564673e-4,-5.273273e-5,-7.985562e-4,-5.730525e-4,-4.311463e-4,-2.890417e-4,-3.076861e-4,-2.016899e-4,-3.723091e-4,-1.603344e-4,-1.258312e-4,3.094083e-4,2.498638e-5,8.530398e-5,-1.397923e-4,-3.066088e-6,1.117993e-4,3.356063e-4,6.091613e-4,7.961723e-4,0.001729012,0.004591218,0.007774209,0.007096653,0.0051356,0.005575629,0.00609809,0.006370146,0.007689491,0.008962762,0.01544308,0.09096062,0.01309846,0.01344897,0.1418725,0.02237286,0.00510821,0.003727228,0.002089315,0.005075787,0.004808624,0.005711014,0.003605907,0.008719892,0.006247568,0.006651853,0.007965285,0.005393811,0.007203323,0.004969394,0.005432547,0.004263913,-8.422919e-4,-0.001534326,-0.004830866,-0.04583245,-0.249239,-0.2189127,-0.6689251
308.626,0.002628934,0.003148351,7.323416e-4,0.00304701,-0.002701554,-4.938118e-4,0.002645516,-0.002382686,-0.001537702,0.001795586,-0.002451756,-0.001161882,-3.616076e-4,0.002723657,5.937497e-4,2.771286e-4,-7.574903e-4,5.843872e-4,-3.103999e-4,0.001148476,-0.00101724,-5.610295e-4,-8.642729e-5,3.779866e-4,-8.724733e-5,-3.54754e-6,-2.808636e-4,-0.001369194,5.963652e-4,3.799201e-5,-3.839837e-4,1.99608e-4,0.002061946,0.002409747,-3.043261e-4,-0.004714332,-0.001866013,-0.0013521,1.388847e-4,-0.001224676,0.001446354,0.001269588,-0.002636895,8.073341e-4,-0.001595235,-0.001180233,8.367419e-4,-0.003094959,-9.255729e-4,-1.220217e-4,9.920255e-4,1.037146e-4,-2.706609e-6,-8.929647e-4,-0.002261978,-0.001116281,-0.001540787,-0.001488012,7.858024e-5,-0.001436779,-7.073583e-4,0.001044572,0.001433271,-6.379603e-4,-0.001043326,-5.677833e-4,-8.180099e-4,-0.00139224,-3.118576e-4,-2.349333e-4,-1.33794e-4,-5.068427e-4,3.393005e-4,-0.001023206,6.383322e-4,-0.001262538,-0.001086343,6.775805e-4,-0.001009388,2.302899e-4,-1.54156e-4,1.692889e-4,-3.083036e-4,-6.495467e-4,-4.753537e-4,1.713405e-4,-2.895933e-6,-1.679386e-4,-3.647725e-4,-6.472568e-4,-7.718853e-5,2.330744e-4,-5.638229e-4,-7.508413e-4,-6.708317e-4,3.74757e-4,-1.977255e-4,-7.012961e-4,-8.253161e-4,2.936195e-4,-1.170105e-4,-7.165378e-5,5.491945e-5,-2.23021e-5,-2.626629e-4,-3.475015e-4,-2.819358e-4,2.280387e-5,-7.230926e-5,1.732917e-4,-2.151504e-4,-2.868473e-5,-1.952596e-4,-1.582882e-4,-3.801135e-4,-2.165864e-4,-1.906318e-4,-3.813486e-4,-3.857539e-4,-7.002383e-4,9.764263e-5,-4.523556e-5,-1.762389e-4,-3.940214e-4,-1.731793e-4,-3.276584e-4,3.510417e-4,-2.069122e-4,1.366937e-4,8.984109e-5,-3.024055e-4,1.884269e-4,6.511947e-5,-7.846075e-5,1.395261e-4,-6.070979e-4,-1.257352e-4,1.616863e-4,4.956231e-5,-9.399496e-5,2.714422e-7,-1.838773e-4,1.941636e-4,3.4234e-4,2.386175e-4,-3.955329e-4,4.975233e-4,3.39085e-5,5.64781e-4,4.924135e-4,8.331624e-4,0.001316831,0.003253578,0.007741774,0.00909373,0.007235198,0.005989689,0.006583714,0.005446068,0.00685298,0.007955064,0.01288558,0.06051631,0.105844,0.01297603,0.1943038,0.03830507,0.005777231,0.004665691,0.004669148,0.002381444,0.003394438,0.004055593,0.007260799,0.006989607,0.01043203,0.007387873,0.006888925,0.006801824,0.01031494,0.005256986,0.005638007,0.007660563,0.006351189,0.007745339,0.005154329,0.005560508,-0.01661576,-0.1701291,0.1136716,0.1989539
310.89,-6.185732e-4,-0.00079204640000000005,0.003065233,3.935454e-4,0.002963499,0.002386319,0.001887998,-0.002531588,0.001888221,0.002679345,-0.001056665,-9.284857e-4,-4.249867e-4,0.001166038,-7.655167e-5,2.027611e-4,-2.597003e-4,-0.001218325,-0.001475389,-8.827447e-4,-0.001089658,2.584108e-4,0.001118596,-4.349451e-4,-2.227143e-4,-4.995206e-4,3.048634e-4,-6.093036e-4,0.002012382,-9.094808e-4,4.753064e-4,-5.643522e-4,-8.283599e-6,-8.730651e-4,-0.001386408,-0.003973353,-0.001212207,-0.00305993,-0.001079578,-0.002447119,-5.067304e-4,-0.002195239,-4.886524e-4,4.001317e-4,-9.307315e-4,-0.001310567,-0.001861503,8.740975e-4,-3.694831e-4,6.928648e-4,-8.290863e-4,0.001231203,-9.658674e-4,0.002315329,0.001241328,1.351349e-4,-0.001857594,4.906552e-4,-0.001434511,-0.001262107,4.357805e-4,-4.095509e-4,-5.243399e-6,0.001164782,-0.001271204,3.335782e-4,1.382338e-4,-7.453767e-4,4.740538e-4,5.267537e-4,8.347346e-4,-3.440053e-5,-0.001257642,0.001217758,-1.214381e-4,-4.613963e-4,-0.001083879,-8.42447e-5,-2.958973e-5,5.852944e-4,1.236383e-4,-0.001048811,4.208614e-4,-1.424794e-4,-1.37797e-4,-0.001244825,-3.641061e-4,8.216921e-5,-2.03099e-5,5.189773e-4,-1.565225e-4,3.583019e-4,6.797052e-4,-8.725299e-5,-3.111237e-4,-2.829865e-4,-4.063006e-4,-2.625419e-4,3.320057e-4,-1.639893e-4,1.908236e-4,-4.558403e-4,4.037772e-4,-2.263436e-5,8.6642e-4,1.353274e-4,1.712706e-4,4.667402e-5,-1.605277e-4,2.252574e-4,2.491389e-4,3.69854e-4,-1.364768e-4,-6.981299e-5,-2.845912e-4,1.317176e-4,-2.135898e-4,1.528584e-5,-2.662043e-4,3.973373e-5,-2.136939e-6,-2.448224e-4,-1.102634e-4,-1.808364e-4,6.02001e-5,8.27422e-6,-2.040666e-4,-2.332633e-4,-3.214516e-5,-1.384734e-4,-3.619515e-4,-2.16655e-6,-5.35105e-4,-2.090683e-4,4.904198e-5,3.386121e-4,1.109922e-4,4.837292e-4,-1.692725e-4,-2.126427e-4,1.84974e-4,-2.263449e-5,1.715129e-4,-2.338743e-4,1.93338e-4,3.050374e-4,3.151839e-4,-1.136647e-6,-2.972348e-4,3.024888e-4,0.001699542,0.002464333,0.00393885,0.009143486,0.009757884,0.007656168,0.004865557,0.005492534,0.005241794,0.006755058,0.0107791,0.03710176,0.1729805,0.01395381,0.04274965,0.06579584,0.00756815,0.00481182,0.003404213,0.002673223,0.003397961,0.00335404,0.005618088,0.008988335,0.005654516,0.00800654,0.006753214,0.005062439,0.006802023,0.007213299,0.005508137,0.008695689,0.00591451,0.004163826,0.008958182,-8.04497e-4,0.0160381,0.03418185,0.01664988,0.07246166,-0.409576
313.155,0.006563246,-0.0018686900000000001,0.009262782,0.002595412,0.003685264,0.004511786,-0.002629642,0.004687758,-3.820909e-4,0.005769625,0.001712577,0.002471467,8.291324e-4,9.407204e-4,0.001183032,0.002530636,0.001370304,0.001307876,-0.001209123,6.081547e-4,-3.818789e-6,2.577153e-4,2.486343e-4,7.995464e-4,7.856301e-4,4.641819e-4,4.380061e-4,2.771054e-5,0.001994005,0.001134548,-5.387281e-4,0.003183663,0.001776033,0.003147266,-4.955453e-4,0.004626771,7.91279e-4,0.002434613,6.329073e-4,0.002759768,5.624946e-4,0.002308938,0.001903938,2.582328e-4,-7.246979e-4,0.001411864,0.002604634,9.310618e-4,-0.001394288,-7.497444e-4,-2.764726e-4,0.001276516,0.002419829,0.001487659,0.002365069,0.001471957,0.001279157,4.827673e-4,-9.275558e-5,4.520003e-4,0.001079748,5.183499e-4,4.632758e-4,0.001198556,-3.875589e-4,-0.001044433,-7.80231e-5,-1.774476e-4,9.817472e-5,0.001482517,0.0010178,-3.449795e-4,4.194551e-4,-9.19005e-4,-5.819726e-4,-8.71119e-5,-6.090532e-4,6.687405e-4,2.851042e-4,7.154504e-5,2.06605e-5,-3.163732e-4,5.337252e-4,4.289132e-5,0.002211582,7.074845e-4,2.689019e-4,4.886601e-4,-5.984899e-4,-4.457316e-4,-5.930074e-5,1.244374e-4,1.890427e-4,3.173954e-4,5.948794e-4,-9.27672e-5,1.189071e-4,3.290189e-4,3.288781e-4,1.310897e-4,3.925359e-4,4.142332e-4,-2.293696e-4,1.026455e-4,-4.098989e-5,3.72537e-4,1.657101e-4,1.675001e-4,7.008394e-5,5.835659e-5,1.352081e-4,2.812372e-5,2.56455e-4,2.351414e-4,1.196905e-4,1.967439e-4,1.788177e-4,4.883073e-5,-1.468326e-4,5.277453e-4,1.197286e-4,5.362371e-5,-2.517379e-4,-6.481539e-5,-3.060325e-5,2.916302e-4,2.263023e-4,2.112383e-4,-4.491982e-4,4.377634e-4,2.024915e-4,3.889239e-4,-1.330819e-5,3.727854e-4,4.023367e-4,1.117898e-4,7.376228e-5,-2.523184e-5,-1.109482e-5,1.285714e-4,4.026666e-4,4.543096e-4,5.179388e-4,5.262943e-4,8.211725e-4,7.422537e-4,7.094524e-4,5.471172e-4,7.503748e-4,0.001618037,0.001622219,0.003454068,0.004986873,0.009738806,0.009939477,0.007036679,0.006185641,0.006332197,0.006928619,0.008747327,0.02350738,0.1310239,0.009825749,0.01386087,0.1011929,0.01416345,0.004415892,0.005407987,0.004330226,0.002011023,0.004023171,9.988124e-4,0.003237159,0.01008698,0.004448856,0.009497073,0.008822591,0.009341619,0.008063225,0.009374851,0.006648609,0.0103567,0.01098582,0.01389917,0.00499239,0.02565633,0.01738531,0.0489554,0.1423618,0.3113244,0.3655853
315.421,-0.00121818,-0.003095282,-0.0082203,-0.001899259,0.003977177,0.005731412,0.004628698,0.0019265,0.007394416,0.004443795,8.622716e-4,-3.633127e-6,0.003370456,5.058385e-4,0.001483376,8.925156e-4,0.002487303,0.002438847,0.001054455,1.319402e-4,0.002572683,9.817247e-5,5.832529e-4,9.33232e-4,-1.614568e-4,0.001288363,0.001128271,-2.286656e-4,-3.913518e-4,-2.024209e-4,-0.001174894,-0.001590404,0.00118492,0.002001189,0.002227282,0.001512342,0.003576001,0.001254331,0.001980987,1.425592e-4,-0.001421717,4.199627e-4,5.434911e-4,0.004990395,-7.760193e-4,6.46079e-4,-0.001458986,6.823428e-4,0.002341454,8.57075e-4,0.001846699,9.029174e-4,0.001205248,0.001186621,5.346611e-5,0.00109264,-0.001736986,7.075024e-4,-6.422513e-4,-4.983342e-4,5.689682e-4,-7.753698e-5,0.001605618,0.00115898,-8.745201e-4,0.002110705,9.430162e-4,4.602769e-4,-4.05003e-4,9.185793e-4,-6.045303e-4,-6.162146e-4,7.538993e-4,4.40914e-4,-8.337097e-4,8.477778e-5,2.215386e-4,7.461494e-4,-9.910472e-4,4.556745e-4,1.21935e-4,7.190319e-4,4.431995e-4,-2.953423e-4,4.432685e-4,9.894057e-4,-2.087028e-5,1.02477e-4,3.897241e-5,-2.434573e-6,6.151523e-4,5.233608e-4,3.09411e-4,-1.657992e-4,4.662752e-4,-3.081707e-4,2.084391e-4,-2.28252e-4,9.587695e-5,-4.142947e-5,3.036458e-4,-9.382981e-5,1.510655e-4,4.39479e-4,-3.076984e-5,-6.713627e-5,8.779809e-6,-7.694414e-5,2.699168e-4,9.816744e-5,1.293144e-4,9.572169e-5,1.567446e-4,2.355564e-4,7.649626e-8,-1.670764e-4,3.03361e-4,-8.436087e-5,3.198021e-4,3.283661e-4,2.60993e-4,2.834811e-4,1.304859e-4,-3.01701e-5,8.971741e-6,-2.621067e-4,9.13895e-5,9.591727e-5,2.180517e-4,1.799951e-4,3.457762e-4,-2.87785e-4,2.949885e-4,2.445811e-4,2.605658e-5,-5.961981e-4,0.001015963,1.43177e-5,2.175153e-4,8.476967e-5,2.076306e-4,8.49175e-4,2.477269e-4,2.804556e-4,5.554489e-4,5.452078e-4,4.347259e-4,5.530738e-4,0.001643435,0.001955011,0.00337436,0.004826056,0.00590661,0.009577073,0.009257323,0.007432191,0.006863454,0.006484814,0.007364877,0.01478392,0.08562309,0.01093615,0.00946968,0.1370115,0.02325193,0.005270189,0.004403367,0.003256852,0.002592461,0.002210742,0.003122273,0.004840556,0.006405845,0.004541293,0.005052271,0.007357174,0.007972025,0.009006284,0.008302657,0.008164233,0.01074756,0.006966658,0.008472426,0.01260102,0.007512008,0.003247658,0.02055631,0.04665073,0.04693685,0.0550555,0.1099854
317.688,2.957092e-4,0.003226485,0.002436822,-0.004329715,0.002044698,0.002095035,0.002164265,-0.005601241,-2.350536e-4,-7.373395e-4,0.001276919,-3.011412e-4,-0.001469481,0.001002206,4.387609e-4,-2.71442e-4,-8.04433e-4,7.323392e-4,3.465497e-4,3.433892e-4,3.60672e-5,2.228615e-4,-1.941691e-4,-4.509817e-4,-9.429448e-4,0.001004932,0.00092614940000000005,-0.001732897,1.620219e-4,7.242702e-4,0.001002592,-5.535508e-4,-0.001600418,0.001042915,-0.0019322,-0.001323919,7.883428e-4,-7.784432e-5,-0.002183581,-1.493574e-4,-0.002265578,-0.001670425,-0.003853488,-7.896875e-4,-4.598798e-4,-1.330572e-4,-0.001385689,-3.105269e-4,-0.002692599,-2.848583e-4,-2.693077e-4,4.189008e-4,3.036536e-4,-0.001880136,-6.450886e-4,-9.438052e-4,-2.346725e-4,-9.271384e-4,-5.080037e-4,6.172387e-4,3.11722e-5,-0.001028662,-2.370889e-4,7.245039e-4,-1.887304e-4,-9.209745e-4,-0.001401777,-0.001538405,-6.773949e-4,-0.001208063,-8.219472e-4,-4.003357e-4,-0.001262215,-2.079842e-4,-0.001405728,-0.001143659,-2.737713e-4,-0.001010054,-1.315149e-4,-3.308314e-4,4.748137e-5,-2.594129e-5,1.16452e-4,6.71367e-4,4.378943e-4,-0.001049026,-5.838214e-4,4.453509e-4,-1.789196e-4,-1.367746e-4,-8.67826e-4,5.147451e-4,-2.113983e-5,-1.19411e-4,2.986161e-5,-2.451676e-4,1.338636e-5,-2.565691e-4,-1.347996e-5,-2.509564e-4,-2.772548e-4,1.750805e-4,1.495528e-4,-1.366303e-4,-1.016432e-4,-3.389694e-4,-4.149867e-4,-8.811919e-5,4.308891e-5,-9.149631e-5,-5.267906e-5,-4.478999e-5,-1.851902e-4,8.013408e-5,5.308105e-5,-1.306743e-4,-3.01544e-4,-3.444839e-5,4.327153e-4,-5.384296e-5,3.549979e-4,-2.068636e-4,7.455562e-5,-9.399107e-5,-2.68035e-4,-2.942319e-5,-1.182902e-4,9.533062e-5,-2.153752e-5,-2.110592e-4,3.185058e-4,-1.992325e-4,6.27855e-5,-2.037249e-4,-8.800047e-5,1.726901e-4,1.121856e-4,-3.525173e-4,-1.314581e-4,-2.65781e-4,1.714594e-4,-1.67013e-4,1.675994e-4,3.005977e-4,1.890359e-4,2.034962e-4,1.643255e-4,8.73257e-4,0.002067116,0.00256772,0.00353171,0.004877675,0.005803966,0.008648774,0.008227791,0.00767258,0.005065935,0.005297493,0.009679573,0.05180894,0.1240065,0.01027247,0.192946,0.03895315,0.004263083,0.003945103,0.002668581,0.001931739,0.002193539,0.002336993,0.001409073,5.382194e-4,0.002479505,0.005572851,0.005398737,0.006649662,0.005316317,0.007682497,0.006038183,0.009041284,0.008020411,0.006911601,0.006037123,0.003627987,1.182901e-4,-0.004598021,0.007371435,0.01734351,-0.04857695,-0.1429123,0.4779265
319.955,0.004894103,-0.003767866,0.001686374,-4.444569e-6,-0.003729494,7.076103e-4,-0.005233285,0.003894197,8.563039e-4,0.003783892,0.001590615,-0.00141063,1.706064e-4,7.720596e-6,0.001302712,7.331486e-4,-0.002059124,-0.001605767,5.387132e-4,-6.77333e-4,-0.001572914,-7.233873e-4,-5.417811e-5,-5.465451e-4,3.446143e-4,0.001039916,4.844471e-4,2.506854e-4,1.274786e-4,-8.708059e-4,2.602456e-4,6.083239e-4,-0.002147192,0.001573168,-0.001318046,-0.002859029,0.002250048,0.001723567,-0.002827565,-0.001104175,2.14218e-4,-0.003410273,5.309969e-4,-0.001040394,-0.001333659,-0.002131973,-0.00142139,-0.002540662,-0.001814865,-0.001115056,-1.058672e-4,-0.002119528,1.550939e-4,0.00184701,7.736751e-4,-4.669057e-4,-9.836824e-4,-0.002377335,-3.674899e-6,0.001699714,-0.002007367,5.849817e-4,-0.001453797,-3.010596e-4,-0.00114509,-0.001986764,-7.423109e-4,-2.367765e-4,-8.587697e-4,3.031512e-5,-9.303777e-4,-1.503186e-4,-8.219036e-4,-5.744294e-4,-4.75541e-4,-2.476922e-4,-0.001041255,2.521995e-5,-3.570993e-4,-1.723276e-4,-8.199866e-4,-3.522198e-4,2.276489e-5,-2.102503e-5,-2.375448e-4,-0.001970945,3.25547e-4,-5.981586e-4,2.898227e-4,-1.880673e-4,-6.877752e-4,4.561257e-4,5.000568e-5,-2.122351e-4,-1.730118e-4,9.085854e-5,-5.821764e-5,-1.424095e-5,-6.30693e-4,3.807574e-5,-3.748826e-5,-5.07885e-4,-2.754584e-4,-1.223028e-4,-1.910192e-4,1.389023e-4,-2.672088e-4,7.237573e-5,-1.832842e-4,7.732783e-5,-4.179618e-4,-6.583727e-5,9.647668e-5,-1.447552e-4,-1.626457e-4,5.676529e-5,-1.288456e-4,-2.962335e-4,5.73709e-5,-1.855865e-4,1.900715e-4,-1.814083e-4,-4.128562e-5,9.208039e-5,-4.563592e-4,-1.037784e-4,6.237967e-5,3.758443e-5,2.007351e-5,-2.401014e-4,1.046172e-4,-3.158242e-4,6.259954e-5,1.373522e-4,-2.814955e-4,2.457955e-5,-6.029282e-4,-2.146105e-4,3.757163e-4,-4.186649e-4,2.586214e-4,3.00221e-4,3.070222e-4,4.680077e-4,-3.737127e-4,4.589651e-4,6.039022e-4,0.001180102,0.002253312,0.003810393,0.00481382,0.005068101,0.006299918,0.007689922,0.007828416,0.00677243,0.007285306,0.00744842,0.02838204,0.1516862,0.008280409,0.05882347,0.06814071,0.007174524,0.004128706,0.003097324,0.001707358,0.001497429,0.002219333,0.003103445,-0.001732546,0.005336273,0.003553883,0.003544125,0.003737357,0.006768607,0.007979776,0.00598466,0.006864317,0.007104753,0.005236833,0.006001234,0.003861239,0.004499106,0.01011103,0.01449216,0.01555418,0.001768369,0.1722252,0.02400633,-0.5161086
322.224,-0.009409312,4.5997e-4,-0.003114237,-0.004818639,-0.003460255,-0.004531678,-0.004536715,-0.004575796,-0.003447351,-0.002818768,-0.003707343,-7.053824e-4,-0.00352755,-1.383945e-4,-0.003562634,-0.002210984,-0.002553667,-0.002779343,-0.003442877,-0.002346022,-0.001056639,-0.001996105,-6.540741e-4,-7.326175e-4,-0.001676557,-0.001987892,-0.001105805,-4.486295e-4,-2.563227e-4,-0.002825082,-8.867664e-4,-0.001011359,-0.003569863,-0.002326326,-0.001332697,-0.001654028,-0.003116978,-0.001300118,-0.002568789,-0.002419216,-0.002586653,-0.003432738,-5.970065e-4,-0.001764532,-0.0025591810000000002,-0.001194978,-0.001804296,-0.002192497,-0.002001136,-0.002803294,-0.001600017,-0.001925197,-0.002627438,-0.002509527,-0.001159416,-0.002888513,-0.001752185,-0.001039607,-0.002894682,-0.001099527,3.24808e-4,-0.001681923,7.722557e-5,-0.001208827,-0.002080064,-0.002545093,-0.002344163,-6.89295e-4,-5.304784e-4,-5.15312e-4,-0.002367194,-1.817321e-4,-0.001242049,-0.001070318,-0.001327305,-6.638727e-4,-7.778907e-4,-0.00125658,-0.001994809,-7.220952e-4,-8.953849e-4,-7.761631e-4,-7.986424e-4,-5.325178e-4,-5.655871e-4,-0.001349763,-8.200037e-4,-0.001001646,-9.541189e-4,-0.001652846,-7.820061e-4,-5.463211e-4,-6.116929e-4,-6.082406e-4,-7.262865e-4,-5.913152e-4,-7.005609e-4,-8.439644e-4,-4.107411e-5,-8.565967e-4,-2.73485e-4,-2.785267e-4,-5.309369e-4,-5.325068e-4,-2.131591e-4,-7.351778e-4,-2.773918e-4,-2.297133e-4,-3.266418e-4,-3.993917e-4,5.181047e-5,-9.38366e-5,-2.622699e-4,-2.494276e-4,-1.507841e-4,-1.281122e-4,-2.822782e-4,-2.65944e-4,-5.507852e-4,-6.128773e-4,-7.564395e-4,1.011831e-5,-2.022567e-4,-1.745571e-4,-9.71888e-5,1.04299e-4,-5.268524e-4,-3.200804e-4,-5.810122e-4,-1.976227e-4,-1.280934e-4,-2.258826e-5,-5.80084e-4,-7.296369e-4,-4.846951e-5,-1.210304e-4,-6.050445e-4,7.374162e-5,-3.141852e-4,-1.687413e-4,-4.456471e-4,-5.170103e-4,6.719774e-5,3.558406e-5,9.067726e-5,6.606789e-4,6.380746e-4,0.001466273,0.002469276,0.003456328,0.004835714,0.005282828,0.004682738,0.006764554,0.007898358,0.005919562,0.007128363,0.01717646,0.1041623,0.006284283,0.007666163,0.09737621,0.01197561,0.002831762,0.00101098,0.001267415,0.001777118,6.099532e-4,0.00169507,-1.176599e-4,-0.001777168,0.001046586,0.001139299,0.003006351,0.005424373,0.004378799,0.004040852,0.003744455,0.004583057,0.001577152,0.003750182,0.001233534,0.003198918,0.002443154,-3.810491e-4,-0.01882799,-0.02100731,-0.02956849,-0.1355834,-0.3968807,-1.003919
324.493,-0.002104259,-0.003664948,-5.714159e-4,0.004438891,-1.408729e-4,0.001042548,-0.002844455,0.003116367,-7.437823e-4,5.542706e-4,0.003310887,0.001552001,0.001866013,0.001574527,0.002410885,-0.002020242,0.001960625,-1.138883e-4,0.001039037,-7.292382e-4,-3.785683e-5,4.788901e-4,3.553606e-4,6.059449e-4,7.230028e-4,1.897421e-4,-2.155164e-4,5.668729e-5,-9.778928e-5,-6.023503e-4,0.001848016,5.475349e-6,0.002505238,0.001035969,0.001626543,-0.001406926,-9.517727e-7,-2.172966e-4,-6.984014e-4,-4.87381e-4,-0.001124314,0.001451246,0.001276919,1.976692e-4,-3.231576e-4,2.581213e-4,-6.248345e-4,-0.002082898,3.567508e-4,-3.393269e-4,0.001018143,-2.604876e-4,-8.260549e-4,7.046869e-4,-0.001754781,4.207349e-4,3.12763e-4,-0.001700874,6.753189e-4,5.741139e-4,-3.979636e-4,8.264698e-4,0.001970998,-2.288949e-4,6.007398e-4,4.367479e-4,-2.858748e-4,-6.654678e-5,7.686296e-4,3.57896e-4,4.682012e-4,-1.830079e-4,0,6.391581e-4,-0.001053251,1.66733e-4,2.776875e-5,-3.686829e-4,2.31733e-4,-2.499264e-4,-2.690124e-4,0.001016315,6.830392e-5,2.68887e-4,-3.488282e-4,-2.126373e-4,-2.055903e-4,-4.036143e-4,-4.11563e-4,-5.942805e-5,3.664901e-5,3.504722e-5,-8.575117e-5,-1.814244e-4,3.254952e-5,-4.595743e-5,7.046534e-4,-8.493924e-5,4.038822e-5,-1.041467e-4,-6.288701e-5,-7.024533e-5,2.128579e-5,9.302108e-5,7.044411e-5,1.21125e-4,8.652338e-5,-3.675162e-5,2.227361e-4,9.737365e-5,1.04304e-4,-7.77345e-5,1.37716e-4,2.454268e-5,1.910537e-4,-4.30648e-5,-3.300298e-4,-1.000571e-4,2.104094e-4,-1.985e-4,2.163679e-5,-1.834477e-4,-1.808615e-4,-6.902184e-4,2.160967e-4,-2.863075e-5,2.599987e-4,1.518101e-4,-2.061782e-5,1.548574e-4,-5.826486e-5,7.485962e-5,-3.16304e-4,4.177675e-4,-1.359798e-4,-4.536825e-4,1.066224e-6,2.434768e-4,-2.468147e-4,3.936171e-4,2.158804e-4,5.047581e-4,2.218535e-4,4.086987e-4,4.948552e-4,0.001419755,0.00206631,0.002927006,0.003970322,0.004736037,0.005319936,0.005305799,0.00687357,0.008116607,0.008244801,0.008626606,0.01364437,0.06938699,0.02978497,0.00669935,0.1441425,0.02449846,0.004912297,0.003092131,0.00359159,0.001599493,0.00179049,0.002288513,0.003817615,0.004074665,-5.227938e-4,0.004507018,0.005113813,0.006140956,0.006173312,0.006377058,0.007391869,0.006742658,0.007157035,0.005294396,0.008321823,0.008379664,0.0103346,0.01303636,0.002326842,0.01268159,0.01534436,-0.01375771,0.09153271,0.03342345,0.05819896
326.764,0.00270575,0.002591733,0.003709787,6.747116e-4,0.009881233,0.001451826,0.001279034,-0.002054292,0.002837874,0.002282234,0.002797541,0.001481981,-7.030296e-4,9.964428e-4,0.001021773,-8.773929e-4,-8.670029e-4,0.002013193,1.952731e-4,6.87379e-4,0.001213602,1.900279e-4,0.001396792,7.738027e-5,1.06867e-4,4.850372e-4,-2.494239e-4,2.536727e-4,4.204432e-4,-3.250659e-4,0.001051596,0.001216759,-0.00234305,3.655484e-4,0.002194775,9.569812e-4,-3.980996e-4,-7.453723e-5,-2.117317e-4,-7.754561e-4,-0.002470579,8.939349e-4,0.001742724,-7.61059e-6,-0.001680631,0.001578296,0.00169026,-0.001536439,0.002365201,-2.844788e-4,-0.00188027,9.957875e-4,0.001029705,6.085559e-4,1.909294e-4,0.00196538,-0.002491058,0.00113247,0.001304556,0.001677855,-9.459823e-5,-0.001221245,9.259333e-4,-1.197655e-4,-4.950863e-4,4.017125e-4,4.633401e-4,-2.810637e-4,8.353851e-4,0.001295685,8.439246e-4,1.803271e-4,-0.001016472,4.322445e-4,1.97064e-4,9.964714e-4,3.766865e-4,1.288192e-4,-2.603396e-4,-7.78051e-5,9.491942e-5,-7.37709e-4,-3.711004e-4,6.186968e-5,-4.163213e-4,5.091172e-4,-4.284522e-5,2.191852e-4,3.781842e-5,-2.871139e-4,5.651155e-4,-1.294429e-6,2.872488e-4,-5.796004e-4,6.242883e-5,-2.448782e-4,1.303938e-4,-4.420386e-5,7.951755e-5,-3.795529e-4,-8.888026e-5,-7.132309e-5,2.015977e-5,9.16e-5,1.446771e-4,6.718933e-5,-1.876272e-4,-1.516572e-4,-7.073713e-5,6.437784e-5,-1.045824e-4,-2.224761e-4,-1.66846e-4,7.922834e-5,-2.045369e-5,-2.089783e-4,1.998235e-4,-2.189663e-4,2.799207e-5,1.132733e-4,-2.479173e-4,6.391917e-5,-6.504079e-5,6.040806e-5,1.171631e-4,2.301659e-4,1.970662e-4,-1.334995e-4,-1.049519e-5,2.211929e-5,2.700177e-4,-1.008782e-4,1.774721e-4,-2.663646e-4,-2.52089e-5,6.164078e-5,1.955918e-4,2.376229e-5,4.282522e-4,3.589717e-4,4.075138e-4,1.697524e-4,4.098431e-4,9.69502e-4,0.001500198,0.002547031,0.002815584,0.003833086,0.005484044,0.005586541,0.005834604,0.004981375,0.006478274,0.00803669,0.009321779,0.01120963,0.04702802,0.1645656,0.005967011,0.1841003,0.04067385,0.005884445,0.004577288,0.002926072,0.001599866,9.271341e-4,0.001926898,0.001392795,0.001732359,0.005192202,0.002145446,0.003191767,0.004873177,0.006347404,0.006272626,0.00568315,0.003683174,0.009231395,0.006080729,0.004461016,0.009839085,0.005410897,0.007382511,0.009671477,0.006770802,0.01107036,0.03547654,0.02105817,-0.07456557,-5.566419e-4,-0.07046431
329.035,-0.00226136,-0.003216854,-7.114472e-4,-0.003784644,0.001165332,0.003712174,0.003173578,-0.00571422,-0.005707638,-0.001856967,1.719627e-4,-5.359334e-4,0.001284702,0.001286152,3.677482e-4,2.702901e-4,-0.001347504,-5.039331e-4,-0.001242694,-0.001162811,-7.987757e-4,-3.242022e-5,-0.001043869,7.399942e-4,-2.411976e-4,-4.615151e-4,2.627138e-5,-2.54795e-4,-8.075644e-4,5.207333e-4,-0.002120372,-0.001027894,-0.002433134,-0.004633202,-0.001535141,0.001330535,-1.564502e-4,-0.001532067,-0.001541719,-0.002660755,-0.001413214,0.001385286,-3.373114e-4,-0.002240489,-0.001616085,-0.001467127,-5.021993e-4,-6.369308e-5,-0.001252746,-0.003737857,4.302942e-4,-1.579676e-4,-6.269373e-4,1.001967e-4,-7.83559e-4,-2.119553e-6,9.080905e-5,8.94408e-5,-8.045374e-4,-9.857861e-4,-0.001815318,-3.155135e-4,-8.560881e-4,-2.574688e-6,-0.001242816,-0.001654159,-4.671534e-4,-0.001078611,1.669393e-4,-0.001205831,6.266596e-5,-6.428571e-4,-5.691025e-4,-0.001518159,-2.571746e-4,2.217308e-4,-8.678932e-4,-1.063712e-4,-3.109906e-4,1.747832e-4,-9.865089e-5,-7.837666e-4,-0.001039645,-8.546727e-4,-0.001290076,-6.188172e-4,3.304829e-4,-3.842075e-4,-4.720333e-4,-9.500451e-4,-3.411842e-7,-3.209942e-4,-1.856689e-5,4.9987e-5,-3.665229e-4,-2.152035e-4,-2.660367e-4,-3.409301e-4,-1.096768e-4,-2.89851e-4,-3.755807e-5,-3.989328e-4,-7.92223e-4,4.101165e-5,-3.982732e-4,-1.311059e-4,-2.906099e-4,-2.648036e-4,-1.234325e-4,-1.49763e-4,-2.151694e-4,-8.359107e-5,-6.929086e-5,-1.475369e-4,-4.63076e-5,-4.254749e-4,-2.85319e-4,-2.683405e-4,-2.393667e-4,-1.4711959999999e-4,-1.932977e-4,3.234054e-5,-9.643169e-5,-2.276828e-4,-1.67456e-4,2.215154e-4,-3.608876e-4,5.70622e-5,-2.034839e-5,-3.658982e-4,-4.830831e-4,9.612996e-7,-2.295712e-4,-1.773789e-4,2.490575e-4,1.481489e-4,-1.154014e-5,2.685346e-4,-9.285156e-5,3.642288e-5,-5.396102e-5,2.717358e-4,4.66575e-4,5.670642e-4,0.001615977,0.001908463,0.00350698,0.004409053,0.005232269,0.004687304,0.004641276,0.004726936,0.007598162,0.007986832,0.01023651,0.03647741,0.1312562,0.003121605,0.04517985,0.06908671,0.00668459,0.003025499,0.002320025,0.001360709,6.75043e-4,0.001625835,9.409447e-4,0.001862088,0.003286992,0.003024973,8.350348e-4,0.003383423,0.002856618,0.004953452,0.0039857,0.00519259,0.005074963,0.003706792,0.005138565,0.003868613,0.003109451,0.004444695,0.006011452,0.002941636,-4.422457e-4,0.002367688,0.007751868,-0.0419747,0.028907,-0.116574,-0.03034456
331.307,-0.003165815,-0.00199237,0.002153301,-9.494791e-4,-0.008598877,-0.004601685,-0.003315112,-0.004765797,-0.001618888,-0.004061283,-0.006303461,-0.001492168,-0.001987086,-0.00365536,-0.001393894,-0.00277336,-0.002400908,-0.002138,-0.002880496,-3.010943e-4,-0.00182679,-5.759776e-4,-0.002225418,-0.001084169,-5.431691e-5,-0.001139789,-9.524861e-4,-0.001388007,-5.161799e-4,-0.002090798,-0.001645824,-0.003422402,-0.001427923,-5.669654e-4,-0.003841338,-0.002740338,-0.003701682,-0.003720197,-0.001333752,-0.001049742,-0.003531329,-0.002980135,-0.002426226,-7.944594e-4,-0.0038174,-0.00134248,-0.001884127,-0.003443194,-0.005590456,-0.002945029,-0.001291553,-0.002207795,-0.001820877,-6.594049e-4,-0.003128567,-0.002022237,-0.003583676,-0.002017763,-3.842376e-4,-0.001192323,-0.001333047,-7.497208e-4,-0.001903421,-0.00122698,-6.782116e-4,-5.146114e-4,-0.004376073,-0.002884426,-0.001748712,-0.001237835,-2.527831e-4,-0.001625607,-0.002299869,-0.001080086,-0.001541977,-0.002059729,-0.001137602,-9.802127e-4,-0.001756374,-7.558752e-4,-8.550412e-4,-0.001662182,-8.777495e-4,-2.269834e-4,-0.001007004,-2.790529e-6,-9.108916e-4,-7.289179e-4,-0.001218119,5.553013e-5,-0.001234424,-1.962911e-4,-3.287052e-4,-5.47769e-4,-3.16179e-5,-7.345542e-4,-5.459785e-4,-2.987541e-4,-6.417817e-4,-6.561148e-4,-2.270323e-4,-5.94672e-5,-5.997276e-4,-4.667995e-4,-2.75071e-4,-4.796026e-4,-2.556571e-4,-2.364302e-4,-1.234381e-4,-5.535007e-4,-1.977727e-4,-1.560539e-4,-1.729489e-4,-2.028097e-4,-2.187315e-4,-1.948778e-4,-4.856477e-4,-4.368966e-4,-1.155389e-4,-5.349138e-4,-5.062896e-4,-2.201165e-5,-6.009264e-4,-7.129857e-4,-3.256494e-4,-3.376473e-4,-1.266542e-4,-6.678073e-5,-7.826109e-4,-2.325978e-4,-4.360735e-4,-4.475485e-4,-1.150732e-4,-8.256429e-4,-4.602207e-4,-3.93504e-4,-5.380919e-4,-3.853977e-4,2.877093e-4,-4.838628e-4,-1.901791e-4,1.049819e-4,-8.797121e-5,0.00121801,0.001509938,0.002997671,0.00399602,0.005358853,0.004703464,0.005715172,0.00490625,0.00583468,0.007444188,0.008496378,0.02401714,0.1192907,0.005982338,0.00267284,0.09701558,0.0115794,0.002796002,0.002059947,0.001784529,9.763599e-4,0.001330086,-1.09377e-4,0.001338216,-5.799997e-5,-0.001433131,8.236719e-4,0.002243055,0.00149204,0.001975625,0.002457506,0.004358779,0.004269595,0.004099935,0.003790223,0.004593875,0.002331866,0.006448142,0.002292458,0.001210104,-0.001395112,0.00106189,-0.01520211,0.004990343,-0.01898162,-0.2333086,-0.3096851,-1.670519
333.579,-0.003314394,-0.005813461,0.00171118,-1.308709e-4,0.001166748,2.895709e-4,-0.005734774,-0.005845806,-0.003965895,-4.361775e-4,-6.818202e-4,-2.412724e-4,-0.002862391,0.001789284,-1.452069e-4,-1.349312e-4,-4.255582e-4,-4.459708e-4,-0.001389445,-2.582473e-4,-3.423072e-4,-0.001726246,-5.485724e-4,-8.446946e-4,-0.001260765,-6.231955e-4,-0.001034398,-2.821192e-5,-1.618208e-4,-0.001484263,-0.001218438,8.914718e-4,-0.00175959,-2.810719e-4,0.002301204,-0.003432339,-0.001887997,0.002406197,-4.208074e-4,-4.17582e-4,-0.001549248,0.001386252,-0.003633786,-3.294584e-4,-0.001484918,-0.001904785,-0.0011293,-0.001534481,2.388478e-4,-0.002263207,-0.003010197,-7.351139e-4,-0.001763208,-8.072537e-4,-6.340259e-4,-0.001316245,-8.805817e-5,-0.001225325,-7.597084e-4,-0.001394743,-0.001006545,8.662488e-4,-0.001242222,-0.001870042,-0.001501375,-5.875585e-4,-0.00100181,0.001112855,-3.035657e-4,-8.796204e-4,-6.289816e-4,-2.162017e-4,3.88864e-4,-7.893015e-4,-2.694708e-5,-4.149521e-4,8.218302e-5,-4.485093e-4,-2.688052e-5,-4.77243e-4,-6.318955e-4,-8.303136e-4,-7.125662e-4,-4.477623e-4,-4.587165e-4,-5.322077e-4,-2.692507e-4,4.65155e-4,-7.462356e-4,3.985899e-4,5.745893e-5,-1.780343e-4,-1.887051e-4,-8.252812e-4,-3.818485e-4,-3.973994e-4,-1.031954e-4,-1.697959e-4,-2.44528e-4,-5.890737e-4,-2.124543e-4,-4.216205e-4,3.259391e-5,-1.756719e-4,-2.352765e-4,-4.709269e-5,6.19022e-5,-4.252193e-4,-3.161122e-4,-2.343645e-4,-5.228466e-5,-2.339966e-4,-1.322556e-4,2.092626e-4,-6.629188e-5,6.463013e-5,-2.620293e-4,-1.674775e-4,-3.065604e-4,-3.066955e-5,-1.068603e-4,-6.448698e-5,-2.355258e-4,-5.994913e-4,-6.898958e-5,4.790058e-5,8.186822e-5,-1.903905e-4,-4.730214e-4,5.55983e-7,1.181699e-4,-3.092654e-4,-2.019734e-4,-1.011759e-4,1.627575e-4,-2.454413e-4,3.33623e-6,-1.072241e-4,1.575355e-4,2.588528e-5,1.842281e-4,7.355872e-5,9.427739e-4,0.001264155,0.002987322,0.004204857,0.00473804,0.005203619,0.005097653,0.005139154,0.0054895,0.00491924,0.006850652,0.01452127,0.09838283,0.03855966,0.006090661,0.1260761,0.02416027,0.00439962,0.002572296,0.001861696,0.001244121,0.00080128040000000005,0.001489932,1.067193e-4,-5.271193e-5,2.399764e-4,-3.466e-4,0.002194751,0.001772312,0.002225096,0.003400386,0.005309781,0.004039154,0.004845514,0.006118272,0.004951653,0.005512061,0.005168193,0.002529075,0.004622077,0.002749577,0.002467755,0.01147385,-0.005586177,0.0228874,-0.02776082,0.08626829,-0.1527671,-0.2205356
335.853,-0.004354876,-0.002898939,-7.160692e-4,4.043436e-4,0.001306932,-4.282444e-4,0.001294921,-0.003938838,-9.924081e-4,-0.001642084,-0.002460071,0.001365122,-7.539898e-4,0.001143717,-0.003363143,-0.00161658,0.001895939,-1.683451e-4,-0.001236838,0.001501654,1.141512e-4,-8.289111e-4,-2.735728e-4,-3.426703e-4,8.292113e-4,-5.950697e-4,-7.879575e-4,-3.385011e-4,2.250286e-4,-0.001239668,-0.002376832,-0.002728259,-0.001921996,1.820031e-4,1.907244e-4,-0.00351208,-0.001491432,-0.001525969,-0.002304555,-0.002089394,4.913654e-4,4.145565e-4,-0.001408682,-0.002234657,-0.003476255,-0.001839703,-0.002752872,-0.002449712,-0.002073193,-4.512764e-4,3.212388e-4,-0.001779752,-0.001035912,-6.067472e-4,-4.381609e-4,-0.001405693,-4.527085e-4,-0.001832654,-2.124305e-4,-0.00196317,-3.255291e-4,5.500833e-4,-3.871481e-4,-0.001030946,-0.002055706,-0.001573341,-0.001856197,-4.162947e-4,-0.001238093,0.001589149,-6.588911e-4,-7.33307e-4,-0.001161827,-5.808826e-4,-4.255626e-4,-6.364105e-4,-6.206109e-4,-4.205396e-4,1.538764e-4,4.006019e-4,-3.400767e-4,-8.290862e-4,4.482823e-5,8.928081e-5,-9.363321e-4,-8.267294e-4,-9.706482e-4,-6.994339e-7,-3.521777e-4,-0.00064654930000000005,-3.486765e-4,-6.916261e-4,-1.04082e-4,-2.974395e-4,-1.90219e-4,-2.13318e-4,-2.941323e-4,4.224724e-5,-4.214594e-4,1.052098e-4,-3.250479e-4,4.645387e-5,-8.61268e-5,-3.402275e-4,-1.324501e-4,-4.30397e-4,3.071501e-5,-1.962392e-4,-2.671704e-4,-2.139304e-4,-3.012261e-4,-1.777065e-4,-9.165007e-5,-9.981837e-8,-1.981304e-5,-2.896374e-5,-1.074482e-4,1.747896e-4,-1.241956e-4,3.119829e-4,-4.723626e-4,-2.372518e-4,-5.364679e-5,-2.994777e-4,-3.540309e-4,-8.708141e-5,-1.342435e-4,-5.692705e-4,-5.742616e-4,-1.77197e-4,2.589644e-4,-2.351244e-4,-1.768624e-4,2.618343e-5,-4.705679e-4,-3.676824e-4,-1.448403e-4,-1.801055e-4,1.684387e-4,4.288883e-4,-6.156324e-4,5.662608e-4,0.001458472,0.002753458,0.003482228,0.004342329,0.005425965,0.004927112,0.004990985,0.005738183,0.005389287,0.005328247,0.01119467,0.06026644,0.1460853,0.008735122,0.1643769,0.03778548,0.004958561,0.002967503,0.002364475,0.001082531,0.001234838,0.001781781,0.001427134,0.00118304,5.291791e-4,0.001489423,0.001397784,0.001714388,0.003091248,0.001969758,0.004907769,0.003985421,0.004986595,0.006090817,0.005508589,0.004678258,0.004678908,0.005310925,0.005180827,0.004512508,-3.144747e-4,0.003715098,0.003212301,0.002416379,-0.005563085,-0.01698046,-0.01611151,0.001614359,-1.485182
338.128,0.006900002,0.003812483,0.002134165,0.001346008,0.005655791,0.001599045,-0.001999629,0.007718474,0.003585027,0.003170403,0.003048899,0.002664381,0.002444358,0.002848993,0.001680151,6.719292e-5,4.283921e-4,0.003465669,0.00118611,8.57153e-4,4.539965e-4,0.002006051,0.001230668,0.001472593,9.351615e-4,-5.322857e-5,9.760085e-4,8.454371e-4,0.001351164,0.00204011,0.001214454,7.46416e-4,0.002501956,0.002913793,-0.001722318,0.004564277,3.926669e-4,0.002685532,6.977649e-5,0.001528243,-0.001337642,-8.282494e-4,-6.058368e-4,0.002035966,9.632832e-4,0.00158444,0.003124236,0.002937579,0.002549399,0.001408675,-0.001017665,8.368111e-4,0.001864916,0.00115881,0.001459693,0.002061774,-3.160416e-4,-8.730567e-4,2.546211e-4,0.001634932,-7.928251e-5,-5.49897e-4,-3.469301e-4,0.001064096,-7.535368e-5,0.00178944,-8.202866e-4,0.001107297,8.35208e-4,0.00061435700000000005,0.00087588780000000005,-4.265562e-4,4.759839e-4,5.801412e-4,4.823353e-4,0.001051653,-7.545819e-4,0.001290457,0.001309566,5.252964e-4,3.628822e-4,1.398807e-4,-2.05961e-4,5.359764e-4,5.420603e-4,-1.908037e-4,8.254756e-4,4.425366e-4,8.59992e-4,8.515742e-4,7.329918e-4,6.185505e-4,4.262131e-4,3.446126e-4,3.170223e-4,3.040727e-4,7.773063e-4,2.959539e-4,4.060195e-4,1.556055e-4,9.115174e-4,3.731354e-4,5.327096e-4,5.051103e-4,5.179208e-4,1.961245e-4,1.121791e-4,-2.736502e-6,2.721226e-4,1.231629e-4,1.099356e-4,4.439033e-5,1.834762e-4,5.509904e-5,8.528309e-5,9.348215e-5,5.15107e-8,-1.089202e-4,1.238506e-4,5.832927e-4,2.361248e-4,2.477463e-4,0.00054501250000000005,3.162129e-5,2.259549e-4,3.352572e-4,1.256106e-4,6.253224e-4,-3.067768e-5,3.863519e-4,3.872316e-4,2.358871e-4,3.811375e-4,4.685247e-4,3.355006e-4,6.496303e-4,1.361814e-4,4.366076e-4,9.019541e-4,7.059152e-4,6.700747e-4,0.001448105,0.002305835,0.003508856,0.004034783,0.004953282,0.005838142,0.004349519,0.005706901,0.006110565,0.005970864,0.007559082,0.03770535,0.1886654,0.009070526,0.09372173,0.05990247,0.007962599,0.00394604,0.003297955,0.002600461,0.00222957,0.002166608,7.511694e-4,0.00141885,0.001105542,0.002046857,0.001022683,0.00236552,0.003151692,0.003931936,0.004788241,0.004224537,0.005945933,0.006202593,0.007119453,0.005856142,0.00566197,0.004978846,0.0044004100000000004,0.005538253,0.0106515,0.008433343,0.01125928,0.01786253,0.02331177,0.01601512,-0.00820309,0.02738566,0.2097889,1.326409
340.403,-0.001939584,0.001064867,-8.531807e-4,0.001069274,-0.001731269,-9.061422e-4,-1.279519e-5,0.005390496,-9.85477e-4,1.124739e-4,-0.001349728,5.300131e-4,0.001157831,-5.705517e-4,-0.002397632,0.002208375,0.001213258,-0.00139031,-8.358126e-4,8.539055e-5,6.774006e-4,-7.287687e-4,-2.722015e-5,-4.972466e-4,3.453838e-4,-2.418846e-4,7.264103e-4,-2.795533e-5,4.786974e-4,-8.757431e-4,-2.124109e-4,-6.128718e-4,4.973721e-4,-0.001686748,-0.002376185,-0.001660763,-3.124397e-4,0.001660577,-0.001110662,9.007642e-4,-0.001327406,-0.002676099,-4.01134e-4,-0.001501741,-6.390901e-4,0.001131189,-0.002237758,5.466846e-4,0.001000062,-2.802386e-4,0.001277822,-0.001560572,-0.001286528,1.99296e-4,-7.741724e-4,-0.001676504,-6.729057e-4,1.737206e-4,-6.318554e-4,1.004077e-7,9.935588e-4,-7.822024e-4,-0.001076259,6.425259e-4,-3.744188e-4,3.270652e-4,2.132717e-4,4.439913e-4,0.001629314,-4.513393e-4,1.53282e-4,6.010625e-5,-8.863569e-5,0.00141513,7.053938e-4,0.001101081,-8.581443e-4,-1.071915e-4,-3.33425e-4,-2.740766e-4,6.757146e-4,3.05484e-4,-8.914306e-4,-3.784553e-4,-8.445301e-4,-4.653371e-4,-6.366486e-4,-2.806278e-4,-2.988262e-7,-6.973884e-4,9.798589e-8,-4.933869e-4,-1.707418e-4,-5.574126e-4,-4.79892e-5,-2.42729e-4,-1.752021e-4,3.929355e-4,2.828041e-4,1.197242e-5,2.440361e-5,2.893822e-4,-2.967408e-4,9.195596e-5,1.165108e-5,7.601476e-5,-9.245454e-5,-6.004234e-5,-8.309649e-5,-1.223445e-4,-2.589949e-4,-1.213164e-4,-8.549656e-5,4.269153e-5,-1.355622e-5,-1.355342e-4,-1.375303e-4,-8.128119e-6,9.475757e-5,1.757101e-4,1.384076e-4,1.928302e-4,-3.928564e-4,3.276589e-4,-2.248225e-4,-6.709451e-5,-1.06823e-4,3.727862e-8,-1.935504e-4,2.215087e-5,1.515117e-4,3.823012e-4,5.175191e-4,-2.635024e-4,2.0999e-4,2.318628e-4,2.573272e-4,6.625884e-4,4.861175e-4,2.56106e-4,5.22618e-4,0.001566664,0.002588584,0.003296706,0.004684197,0.004431651,0.005408364,0.005429814,0.005903732,0.005650122,0.00688511,0.02020587,0.1115924,0.007475524,0.01038888,0.1080727,0.01175821,0.003356801,0.002576535,0.001290556,0.001343639,0.001775829,0.001586832,0.001224898,9.24274e-4,5.403474e-4,0.001291855,0.001318594,0.001794798,0.002368205,0.00180628,0.002829556,0.003610716,0.004318683,0.003725548,0.003942436,0.00778183,0.006062512,0.006956148,0.005882083,0.006011205,0.007238913,0.006287609,0.006253619,0.003924661,0.01934814,0.01237186,0.02131934,0.03529256,0.1069104,-0.03212009
342.679,-0.001040717,-0.002270519,-8.420489e-4,-0.006141179,0.001006844,2.845058e-4,-0.001986106,-2.726357e-4,-2.505991e-4,0.001507086,-0.001768646,-0.00230187,2.280478e-4,-9.210044e-4,-3.639871e-4,8.677081e-4,-0.001397742,-1.684125e-4,-0.002353665,-9.777708e-4,-0.003158044,-0.001737752,-1.907811e-4,1.302758e-4,3.168813e-4,-2.946698e-4,-0.001211029,-0.001034224,-0.001270287,-0.001745872,-0.001099651,2.022715e-4,-9.108627e-4,-0.003265073,0.002741937,-0.002356422,-0.002099498,-0.003888122,-0.002630583,-0.003525004,-0.001885787,-0.004516615,-0.001067127,-0.00364678,-0.001150198,-0.003145216,-7.440095e-4,-0.002427929,-0.00158937,-0.003074888,-0.001539932,-0.001452901,-0.001133983,0.00215098,-0.002849016,-0.001071777,3.101269e-4,2.137697e-4,-5.874695e-4,-0.001542442,-4.073623e-4,-8.579534e-4,-0.00207002,-9.099054e-4,-8.913828e-4,-5.350888e-7,-7.457232e-4,2.034225e-4,2.639185e-4,-0.001158203,-3.761534e-4,-6.125787e-5,-0.002507762,-4.907254e-4,-8.739466e-4,-2.488878e-4,-7.222811e-4,-3.412674e-4,-8.917089e-4,-6.207269e-4,-9.424381e-4,-6.804565e-4,-7.087641e-4,-6.228204e-4,-1.521502e-4,-6.539601e-4,-9.213934e-4,-1.603047e-4,-3.114525e-4,4.290385e-4,3.336709e-5,-8.901303e-5,-6.9479e-4,-4.101764e-4,-7.908373e-5,-3.776731e-4,-3.059391e-4,-4.350819e-4,-2.957868e-4,-5.249451e-5,-1.616387e-4,-1.740422e-4,-8.55277e-5,-7.985687e-4,-2.911805e-4,-2.501147e-4,-8.021418e-5,-8.616568e-5,-1.525058e-4,-1.221838e-4,-1.549899e-4,-2.146053e-4,-3.867979e-4,-5.474794e-5,-3.33742e-4,-1.2839e-4,-4.720649e-4,1.315068e-4,-3.412773e-4,1.960014e-4,-4.363106e-4,-5.024568e-4,-3.502754e-4,-4.803958e-4,-4.087739e-4,-4.293389e-4,-4.273856e-4,-1.413203e-4,-2.440044e-4,-6.34291e-4,3.142699e-4,-6.865151e-4,-2.886846e-4,-3.382345e-4,-7.347692e-5,4.889686e-5,-3.737419e-4,-1.424573e-4,3.446278e-4,7.029997e-4,0.001362587,0.002518703,0.003269412,0.004265948,0.004713194,0.004944072,0.005084053,0.005591798,0.004077889,0.004985252,0.01402821,0.07559594,0.05183701,0.007123053,0.1819994,0.02510625,0.004122062,0.002839531,0.00174533,0.001430783,0.001457135,8.167835e-4,2.173447e-4,0.00177424,0.002296594,7.522124e-4,0.00190937,0.001151408,9.934265e-4,0.001422323,0.001663529,0.003316277,0.00391967,0.003494615,0.003373264,0.006022247,0.00333098,0.003020195,0.005206108,0.004042766,0.002819521,-0.001293231,0.005457501,0.001620195,-0.001845995,0.01397767,-0.02976166,0.01297474,-0.09709259,0.173915,-0.5333578
344.956,0.002227689,0.004080308,-0.002112028,0.004529244,0.005742294,0.002967977,0.005806312,0.005650406,0.003424564,-0.001720807,0.002015407,0.001178147,-1.177677e-4,0.001619869,0.005568483,-2.66298e-4,0.002295404,-8.294456e-4,9.785006e-4,5.514943e-4,9.755708e-4,-2.519005e-4,5.416747e-4,-7.778437e-5,2.603939e-5,-2.67092e-4,4.286846e-4,-6.418834e-4,-6.466428e-5,1.197502e-4,9.409022e-4,0.002836638,0.004129634,0.002516713,2.838401e-4,8.588776e-5,0.001317904,-0.001006413,0.003659687,6.681988e-5,0.002435001,-4.776924e-4,0.001526634,6.423547e-5,3.169232e-4,6.556182e-5,-0.001299059,7.873929e-4,-7.581748e-4,2.788934e-4,2.119342e-4,4.142012e-4,-8.206638e-4,0.001448269,-7.2103e-4,1.877659e-4,0.001563188,4.748433e-4,-8.347851e-4,3.238695e-4,-3.562454e-4,6.602447e-4,8.03924e-4,-2.276966e-4,4.818993e-4,-4.705246e-4,4.581193e-4,4.124566e-4,8.925896e-4,8.341498e-4,8.999276e-4,2.719982e-4,6.181208e-4,0.001091606,9.570448e-4,4.926694e-4,-0.0011474,7.819513e-4,6.620108e-4,0.001137867,3.854146e-4,-4.210245e-4,4.088403e-4,7.956737e-4,3.234437e-4,-2.057838e-5,-1.431214e-4,-3.390198e-4,7.744737e-4,3.634459e-5,-4.701832e-4,1.927084e-4,-3.435656e-5,2.603359e-4,-6.251861e-5,3.164572e-4,-2.033001e-4,5.73503e-4,2.149142e-4,-5.290198e-4,2.720392e-4,-4.589295e-5,5.317049e-5,3.058401e-4,2.622347e-4,2.311976e-4,5.043713e-4,3.316513e-4,1.220324e-4,3.335504e-4,3.433285e-5,-6.596433e-5,1.022609e-4,7.259838e-5,-3.244691e-5,3.83832e-4,6.070319e-5,6.651697e-5,1.137514e-4,3.001018e-4,4.26523e-5,2.557773e-4,1.093774e-5,8.769286e-7,2.525012e-4,1.706593e-4,-1.244546e-4,2.626896e-4,3.955833e-4,8.808504e-5,1.050476e-4,3.560009e-4,3.393686e-4,2.137485e-4,8.688487e-5,1.578896e-4,1.962281e-4,5.409666e-4,8.392749e-4,0.001570472,0.002544084,0.003501199,0.004341516,0.005101282,0.005993089,0.005718071,0.005939442,0.004866006,0.005580316,0.01071833,0.05384854,0.1476841,0.002966739,0.2375896,0.05013191,0.005127472,0.00320884,0.002797554,0.001322516,0.001243564,0.001541321,0.002064385,0.002296847,6.458613e-4,-5.530235e-4,0.002131817,0.001532242,0.002264662,0.001975309,0.002185461,0.001810944,0.004513517,0.003965494,0.003817752,0.00671216,0.007376461,0.006551085,0.006258968,0.005519955,0.00483464,0.004911086,0.005165723,0.006606061,0.004810665,0.01295226,0.003860796,0.0193617,0.07428473,-0.05153581,0.1642966,0.4347546
347.234,0.00921064,-7.544692e-4,0.008308762,0.00865969,-2.873135e-4,0.005014953,0.005943367,0.006177297,0.005752502,0.004101046,4.224849e-4,0.003463642,0.002421702,0.002826218,5.793752e-4,0.001066178,-1.826012e-4,1.669719e-4,0.001125982,0.001952413,0.001125496,4.102061e-4,-3.249416e-4,0.001615008,-1.853397e-4,0.00157781,0.001368248,-1.117872e-4,3.507168e-4,0.001505344,1.557884e-4,0.002701483,0.002726881,0.004845312,0.001133584,-0.00104391,2.328441e-4,-0.0015813,0.003800017,-7.593553e-4,3.478572e-4,0.003074269,0.001130018,0.001034735,-2.546874e-4,0.002697643,0.002537803,0.00145332,0.001699261,0.003181434,0.001431274,0.003677456,0.001486946,9.502094e-4,0.001831664,6.039982e-4,-5.355779e-4,9.935978e-4,8.360054e-5,1.61281e-4,0.002336881,0.002021223,8.808247e-4,0.001846008,0.001738138,0.002822061,0.001694254,4.097935e-4,-1.971844e-4,0.001218547,6.274826e-5,-3.633848e-4,1.754384e-4,-3.166952e-4,5.660701e-5,3.84848e-4,0.001040857,4.426979e-4,5.080178e-4,5.947544e-4,4.091087e-4,0.001427452,7.26296e-4,6.182162e-4,-1.514291e-4,3.154668e-4,-1.22309e-4,1.59115e-4,2.516631e-4,4.476956e-4,-5.58145e-5,2.450889e-4,-6.848797e-5,5.869937e-4,-3.770602e-4,5.276717e-4,2.465445e-4,-3.082496e-4,7.992596e-5,4.781712e-4,1.484624e-4,1.498187e-4,3.483795e-4,3.984788e-4,-1.994858e-5,2.820192e-5,-6.180163e-5,1.508472e-4,1.577054e-4,2.950659e-4,1.604612e-4,1.270455e-8,-2.497701e-4,1.938903e-4,3.720389e-4,1.13763e-4,1.595027e-4,2.391749e-4,1.323559e-4,7.255871e-5,-1.27354e-4,2.239435e-4,2.643952e-4,9.17552e-5,3.108593e-4,-3.608922e-4,2.935955e-4,6.008298e-4,4.061924e-5,3.60995e-4,5.114593e-4,2.711759e-4,2.022956e-4,5.01582e-4,5.041418e-4,5.340278e-4,4.381073e-4,0.001117114,0.001230228,0.001802901,0.003553123,0.003707589,0.004833686,0.00445167,0.005090441,0.005087819,0.005227508,0.006403997,0.007613116,0.03702756,0.1407714,0.001162039,0.1617204,0.08586696,0.008768891,0.00283228,0.001708829,0.002214896,0.001286852,9.688811e-4,0.001254785,0.001433825,0.001120306,0.001567258,0.001746465,0.002344168,0.001510557,0.001825351,0.002435925,0.002385729,0.003736637,0.004392673,0.005163547,0.004240652,0.006945018,0.006656002,0.005784063,0.007060261,0.004934507,0.006026642,0.005329759,0.01135892,0.005345407,0.01131001,0.009145622,0.001631149,0.0360411,0.03994124,0.04768137,0.2835763,1.726149
349.513,-0.001939481,0.002432835,0.006509169,0.003080309,-0.001588087,-5.732775e-4,0.006554745,0.003375767,0.001105165,6.594199e-4,0.001013067,0.001239484,6.410369e-4,0.00383769,-1.446537e-4,0.002746253,3.077909e-4,0.001950582,-1.969927e-4,0.001365169,-3.76899e-4,0.001394899,4.626341e-4,6.283329e-4,7.711686e-4,0.001236456,6.204991e-4,6.453774e-4,8.647659e-4,7.966579e-4,8.371029e-4,3.355334e-4,-4.983951e-4,0.002437991,-9.525002e-4,0.003145769,0.002651715,0.001517214,0.003957972,0,0.002870087,0.002403444,0.00193682,0.002481561,8.322681e-4,-0.001138402,0.001181861,0.001888145,0.001239004,-0.001346271,9.058196e-4,0.00208238,0.001184498,0.001304803,-3.886817e-4,4.665327e-4,9.433583e-4,0.001346874,0.001761587,0.001627672,-0.002114698,7.780115e-5,-2.689761e-4,6.808914e-4,0.001004926,5.818249e-4,3.202284e-4,1.040826e-4,6.534416e-5,-5.161262e-4,8.097139e-4,6.060931e-4,-2.666399e-4,2.891185e-4,1.413597e-4,-2.209166e-4,5.372165e-4,4.200259e-4,3.575536e-4,-5.472564e-4,-7.325541e-5,9.414169e-4,4.117793e-4,6.894335e-4,6.494364e-4,1.260548e-4,1.645277e-4,1.603358e-4,3.698817e-4,4.86864e-4,7.113175e-4,1.638439e-5,4.078506e-4,3.427134e-4,2.52551e-4,4.090949e-4,2.481913e-4,4.641518e-4,4.725614e-4,4.01793e-4,3.603973e-4,9.265092e-5,2.863066e-4,-3.688379e-4,-1.110439e-4,5.525739e-5,1.129675e-4,6.049064e-5,-1.574195e-4,-4.509368e-5,1.267345e-4,-9.378437e-5,1.826239e-4,7.914387e-5,1.638245e-4,-1.285675e-4,3.048812e-5,-1.327052e-4,1.991567e-4,2.493662e-4,-1.813535e-4,4.822837e-4,5.336168e-5,-7.159335e-5,5.858804e-4,9.704369e-6,2.29039e-7,6.628812e-5,5.914805e-4,9.985723e-5,4.324538e-4,-1.45953e-4,8.460957e-4,8.187328e-4,6.249419e-5,7.318552e-4,6.489227e-4,0.001185557,0.001713104,0.00297322,0.003631241,0.004702887,0.005274397,0.005988954,0.005743556,0.004954555,0.005437579,0.007020706,0.02520632,0.1154236,0.00767266,0.09745639,0.08241014,0.01452092,0.004740235,0.003033194,0.002072687,0.002428287,0.001563836,0.002272051,0.001969082,0.001759321,9.702754e-4,0.00168885,0.001654802,0.001666588,0.002048408,0.002330335,0.001477008,0.002002764,0.003158736,0.003374734,0.005025532,0.004048129,0.005452107,0.006307561,0.004573102,0.004599469,0.006174538,0.006846668,0.007087429,0.0062668,0.006753647,0.006882268,0.0103717,0.02816527,0.05308126,0.004694503,0.05812079,0.1364612,0.8972188
351.793,0.003291243,0.006846148,0.005244331,0.005231694,0.004194794,5.635767e-4,0.004130809,0.004855908,0.00147938,0.001088246,0.002619102,0.003609403,8.69494e-4,3.5434e-4,0.00160314,0.0022822850000000002,7.916824e-4,-7.824366e-4,0.002267894,6.414359e-4,-9.446581e-4,7.304036e-4,5.998931e-4,7.868104e-4,5.383248e-5,1.881525e-4,7.045208e-4,-2.810369e-4,6.42216e-5,0.001157603,-2.642259e-4,-6.786911e-4,-1.617041e-7,0.002253714,1.895748e-4,-0.00227577,0.003437908,0.001883358,5.566982e-4,7.617009e-4,0.001612028,6.19203e-4,0.001271129,7.180115e-4,0.001793885,0.002464518,6.247397e-5,0.002745206,0.001946265,0.001236803,-0.001067491,8.346516e-4,0.001340321,0.001457352,5.332809e-4,8.855328e-4,-7.679852e-4,0.001868392,2.486489e-4,6.102614e-4,-9.226305e-4,7.82491e-4,3.06609e-4,8.347405e-4,7.420185e-4,-7.290524e-5,8.528253e-4,6.563178e-4,0.001366026,-6.786656e-4,-2.19702e-4,0.001701497,-3.1214780000000003e-05,7.245674e-4,0.001528647,3.301219e-4,-3.495697e-4,2.875821e-4,4.335644e-4,-2.498736e-4,3.872871e-4,8.010723e-4,-1.614073e-4,-1.115484e-4,4.550084e-4,7.599084e-4,3.908306e-4,1.801678e-4,-1.759102e-4,5.08524e-4,5.113023e-4,2.824081e-4,-1.1798369999999e-4,4.92763e-5,-3.637359e-4,3.64296e-4,1.172549e-4,3.799329e-4,1.346892e-4,-3.382771e-4,4.854394e-4,3.95267e-4,3.073909e-4,4.210485e-4,9.116755e-5,8.535237e-5,2.183358e-4,-7.90294e-5,6.519777e-4,-1.422113e-4,2.481085e-4,2.772822e-5,-8.002789e-5,6.086094e-5,2.953463e-4,6.450585e-5,1.451931e-4,1.669377e-5,2.571124e-4,2.29033e-4,5.339424e-5,1.181025e-4,4.046881e-4,-1.334654e-4,1.759052e-4,1.914706e-5,1.341334e-4,2.266733e-4,1.941653e-4,6.165463e-4,5.970753e-4,8.148344e-4,-8.800409e-5,5.680744e-4,4.2118e-4,5.621625e-4,4.702878e-4,0.001032822,0.002689093,0.003466357,0.005021417,0.004745197,0.004964305,0.005147785,0.005114365,0.004844972,0.005445453,0.0189818,0.08387074,0.06747056,0.06525781,0.08874347,0.01790515,0.004814467,0.003768367,0.002045526,0.002148128,0.002008279,0.001915747,9.345564e-4,0.001931521,0.00198761,0.003117589,0.001481673,0.001426973,0.001839891,0.00151598,0.001362582,0.002080512,9.973991e-4,0.003494865,0.003569186,0.004741987,0.00559277,0.005762589,0.005587644,0.006255641,0.007161754,0.005169398,0.006672714,0.001836058,0.005192927,0.007918902,0.008667608,0.01663271,-7.00065e-4,-1.524828e-4,0.02790113,0.01727474,0.193103,0.3812775
354.073,0.00465996,0.005955218,0.00170903,0.003231446,0.002033044,0.002193952,0.004017147,0.003799051,-4.973729e-4,0.002512809,0.002289177,0.001543329,0.001627116,0.001070682,1.429264e-4,0.003908125,0.001041288,3.897657e-4,-5.934646e-4,8.15732e-4,-4.958592e-7,0.001881131,9.57958e-4,-2.635779e-4,0.00117693,4.866594e-4,4.605912e-4,7.621181e-4,2.59628e-4,0.00100055,0.001161263,0.003137483,0.002172293,0.002541623,0.00353544,0.001582651,0.001097941,5.817493e-4,8.380891e-4,6.876675e-5,0.001265244,0.001657765,0.001675979,-2.666094e-4,0.004570872,-0.001525907,0.00325423,-0.001470255,0.002013869,8.465266e-4,5.364896e-4,0.00146621,5.02096e-5,-2.525767e-4,4.828648e-4,0.002902126,-9.950289e-4,0.001004741,8.416837e-4,-5.321012e-4,-3.532943e-4,0.00204325,-6.190427e-4,0.001179898,0.001346113,4.023758e-4,0.001177432,0.002039945,6.682501e-4,9.609755e-5,0.001347122,5.798549e-4,7.713361e-4,7.827128e-4,6.528071e-4,2.489043e-4,1.608724e-4,5.799785e-4,4.61939e-4,7.437274e-5,-2.689148e-4,3.550519e-4,1.368589e-4,0.0012743400000000001,0.001110344,2.126097e-4,4.740243e-4,1.808147e-4,4.893052e-4,4.136549e-4,-1.873168e-5,-9.028523e-5,5.799938e-4,-2.330511e-4,6.030047e-4,-3.357499e-4,1.908529e-4,8.770263e-4,6.925403e-4,-1.968763e-4,2.74702e-4,4.317478e-4,1.701592e-4,3.400541e-4,6.240523e-5,2.734285e-4,2.25083e-4,2.388375e-4,8.415816e-5,1.750383e-4,2.433849e-4,-5.533241e-5,3.213393e-4,2.080594e-4,1.709436e-4,-5.756376e-5,2.533734e-4,3.761164e-4,1.62297e-4,3.101538e-5,-9.673726e-5,9.694528e-5,1.924167e-4,-1.134664e-4,2.355984e-4,4.022612e-4,8.110677e-5,5.689027e-5,1.744579e-4,3.206332e-4,3.996891e-4,2.593724e-7,5.971877e-4,5.450053e-4,5.84354e-4,9.200632e-4,0.001698763,0.001948138,0.002978667,0.004208984,0.005673109,0.004585353,0.005313992,0.005738561,0.004916143,0.005930745,0.01257728,0.06636097,0.1454636,0.03794022,0.1110203,0.02334939,0.004278589,0.003633006,0.003117822,0.001937666,0.002286524,8.094789e-4,0.002242715,0.00209923,-5.330573e-4,4.551922e-4,0.00123609,0.002906643,9.657224e-4,0.002569709,0.002459402,0.001523954,0.003057171,0.002545259,0.002510805,0.004240816,0.005189777,0.005128292,0.004931557,0.007326993,0.006358474,0.003891779,0.007065749,0.005659566,0.003150582,0.004503371,0.007722509,0.007883606,0.020265,0.02713877,0.03862263,0.06070123,0.08747201,0.01255751,1.067568
356.355,0.007369493,0.001991271,0.003423299,0.004048219,0.001163181,-0.003065304,0.002587185,0.003131084,2.496779e-4,-8.614407e-4,-0.00314242,-5.324772e-4,-5.682984e-5,0.002148153,0.001539978,0.001349185,4.294203e-4,-0.001342763,0.001337979,8.525095e-5,-3.788101e-4,-5.428341e-4,0.001042824,3.693516e-4,0.00163583,-1.621399e-4,-2.180717e-4,5.650851e-4,-3.551183e-5,-2.409897e-4,6.352343e-4,-4.103958e-4,0.00117147,0.002741647,-0.001530529,1.79308e-4,-1.569811e-4,-0.001893806,9.097902e-4,0.003143183,0.002046905,6.226676e-4,0.001145309,-0.001508609,-9.667777e-4,-0.001203434,1.253312e-4,0.001779399,0.001664421,-1.698578e-4,-5.341415e-5,0.001835709,0.002806234,-0.001109049,-8.758158e-4,5.169717e-4,-3.155774e-4,0.001663048,0.001311555,0.001476357,7.232545e-4,0.001143261,0.001394883,-1.897048e-4,2.669521e-6,4.400757e-4,7.88086e-4,4.859417e-4,1.175016e-6,4.875561e-4,0.001163841,0.001255254,2.400651e-4,8.747513e-4,6.290495e-4,1.689064e-4,6.500299e-4,0.001056053,-4.365974e-4,5.779073e-4,4.630791e-4,2.854061e-4,6.456717e-4,2.469443e-4,-0.001091246,-1.461838e-4,-3.921695e-4,-8.679389e-4,3.140238e-4,2.099401e-4,4.043331e-4,0.00078126720000000005,-1.617839e-5,6.748894e-5,4.133816e-4,7.027824e-4,3.384465e-4,5.734315e-5,9.527108e-4,1.047513e-4,-1.495986e-4,5.032159e-4,-3.307901e-4,2.895078e-4,-2.45804e-4,-6.63216e-5,3.709336e-4,2.871868e-4,1.84558e-4,3.379642e-4,-2.904929e-5,1.055566e-4,1.495571e-4,1.856103e-5,-1.294159e-5,-6.460163e-5,-1.075682e-4,1.179977e-4,3.737918e-4,2.198626e-4,2.365097e-4,-2.807949e-4,1.503732e-4,1.653128e-4,-7.829863e-5,2.963728e-5,-7.154869e-5,2.854876e-4,2.262063e-4,-1.0944e-4,-3.055426e-4,3.255035e-4,4.585752e-4,-1.511606e-4,0.001120997,9.952034e-4,0.001963709,0.002791928,0.004035464,0.005291081,0.004688264,0.005420953,0.004922817,0.005604859,0.004608337,0.0099619,0.04829989,0.1502426,0.0417423,0.1318373,0.03486784,0.005386863,0.003227005,0.003001076,0.002846348,0.001757092,0.001506083,0.002112615,0.002208253,0.00182049,0.001186813,0.001523471,0.001531688,0.002184205,0.002021671,0.002097621,0.001768051,0.002539972,0.002446261,0.003032426,0.003691444,0.003236255,0.004234683,0.00529346,0.006244034,0.006431929,0.007454564,0.006684426,0.007025594,0.005332828,0.002793581,0.00531665,0.008464258,0.003764193,0.01606669,0.01345449,0.03215811,0.06806594,0.1509524,0.2482677,0.5692431
358.637,4.518007e-4,1.55603e-4,-0.003290884,0.00660853,-4.718313e-7,4.462281e-4,0.007177827,0.0031302360000000002,6.191785e-4,-0.003054351,0.002464654,-5.918981e-4,8.172232e-4,0.001361632,-0.001756772,7.418452e-4,3.720593e-4,-6.149803e-4,3.964464e-4,2.021036e-7,2.662256e-4,0.001053614,1.922821e-4,0.001766715,-2.145814e-4,6.497845e-4,8.71457e-4,6.211877e-4,-4.536902e-4,-3.609884e-4,-5.277749e-4,0.001848535,0.00301161,0.002264967,-0.001627037,0.002467941,-0.001178095,-4.361113e-4,3.495668e-4,2.826279e-4,0.002327537,3.455084e-4,6.050876e-4,7.249157e-4,-2.575977e-4,0.001018062,8.142214e-4,1.234635e-4,5.941274e-4,9.603966e-4,8.586666e-4,4.192442e-4,2.619668e-4,0.00141642,0.0013166,-0.001312263,-4.35959e-5,0.001137816,-7.167548e-4,-2.036018e-4,0.002126942,7.911526e-5,0.001009605,0.001107702,1.893941e-4,5.467761e-7,-1.777152e-4,-7.286466e-4,2.692895e-4,-3.205083e-5,5.985213e-4,4.287437e-4,-3.583177e-4,1.756968e-4,5.713156e-4,5.002646e-4,-4.321669e-4,-3.676991e-4,-1.271561e-4,-0.001227975,2.597938e-5,3.314814e-4,-4.150649e-4,-7.155693e-4,-3.268431e-4,5.321012e-4,3.100573e-4,-1.011376e-4,4.745219e-7,2.094637e-4,-3.481009e-4,1.059536e-4,3.256569e-4,-1.481713e-4,4.133429e-4,-4.729544e-4,-4.702323e-4,3.401144e-4,4.359918e-4,2.229968e-4,3.784242e-5,6.664145e-4,-3.192373e-5,8.272395e-5,3.020931e-5,2.053097e-4,-2.059986e-4,-1.798679e-4,8.473812e-6,-3.246851e-4,8.689754e-5,-2.800899e-5,2.644066e-4,-5.504521e-5,3.171654e-4,3.167073e-4,6.932932e-5,1.43156e-4,2.680452e-4,2.614031e-4,-1.287741e-4,1.836651e-4,1.084844e-5,6.221869e-5,-3.897784e-5,3.755602e-4,-1.616785e-4,2.568312e-4,4.82805e-4,-4.631115e-4,-1.993432e-4,4.490414e-4,2.042329e-4,3.436302e-4,9.975766e-4,0.00111737,0.002361385,0.003727781,0.004689162,0.00442288,0.004088562,0.004995798,0.005217978,0.004822047,0.006442039,0.03408691,0.1265494,0.06486459,0.1545316,0.04771053,0.00752955,0.002777127,0.002982233,0.002589686,0.00225491,0.001847255,0.0015705,0.001975067,0.001355051,0.002069777,0.001193346,0.001577854,0.002062844,0.001607018,0.001828367,0.002085346,0.002196666,0.002642181,0.002983876,0.002471197,0.003781115,0.004038661,0.005252748,0.005138937,0.006310311,0.005850572,0.005993948,0.006021413,0.005421209,0.00542486,0.004977407,0.005584357,0.00494372,0.001664051,-0.00111158,0.01193736,-7.658109e-4,0.01028499,0.08277238,0.1044271,0.09281682
360.92,-0.005270157,-0.006275216,-0.003278296,1.354967e-4,0.002036748,6.373878e-4,0.001164466,-0.00366675,-0.002227501,-0.004045827,-3.374774e-4,-0.001785656,-0.002042351,-0.001715487,5.870453e-4,6.071038e-4,-5.515773e-4,-0.002580222,-0.001835372,-7.099931e-7,-7.976453e-4,5.433538e-4,-2.743804e-4,-8.709294e-4,-0.0011529,-4.603712e-4,-5.308585e-5,-0.00144286,-0.00122744,-6.823866e-4,-0.001317844,-8.873363e-4,-0.003767934,-0.003396607,-0.00536585,-0.003963139,-0.002830232,-0.00218548299999999,-0.002379926,-0.001676716,-0.002677821,-0.002699794,-0.00141399,-0.002368975,-0.003807018,-0.003367617,-0.002133662,0.001166486,-0.00148313,-0.001753588,-5.395388e-5,-0.001889549,-0.002748711,-5.560724e-4,0.001171327,-6.991902e-4,-0.001220147,-0.001267714,-0.001731959,-9.422944e-4,-5.567954e-4,-5.116833e-4,5.439351e-4,4.018733e-6,-3.738542e-4,-6.233279e-4,-0.00164452,7.235767e-5,6.020879e-7,3.297612e-5,-0.00053475250000000005,-8.261476e-4,-4.456782e-4,-0.002099076,-8.523161e-4,-3.326014e-4,9.746125e-4,-7.390588e-4,-0.001366034,-0.001304229,-9.26083e-4,-3.79593e-4,-9.908156e-4,-1.327737e-4,-8.072912e-4,-1.48942e-4,3.936956e-4,-4.640738e-4,1.964322e-4,-0.00113702,-3.117099e-4,-5.325742e-4,-1.678423e-5,-8.086406e-4,-6.998082e-4,-3.356578e-4,-1.470641e-4,-5.950535e-4,-2.581933e-4,-4.578826e-4,-5.765178e-4,8.180012e-5,-1.599677e-4,-3.722263e-4,-5.207515e-4,-3.017396e-4,-4.111155e-4,-3.127519e-4,-1.891714e-4,-3.893645e-5,-1.916307e-4,1.224062e-4,-1.207534e-4,-3.862912e-4,-6.573062e-5,5.761032e-5,-4.385958e-4,-3.009522e-4,-2.491522e-4,-6.273675e-4,1.1054e-5,-1.512964e-4,2.176708e-5,-7.192417e-5,-3.912758e-5,-3.545519e-4,1.085687e-4,-3.89364e-4,-8.220128e-5,-7.679187e-5,-1.170961e-4,1.518456e-4,3.710654e-4,2.304703e-4,9.250902e-4,0.001978699,0.002714157,0.004437516,0.004410261,0.00395421,0.004365262,0.004455133,0.004136794,0.005905522,0.02187881,0.09919493,0.1016944,0.1692984,0.0658542,0.009874476,0.002541467,0.001932092,0.002536044,0.002206168,0.002399665,0.001434807,0.001577809,0.001265304,0.001764314,0.001892835,6.678431e-4,0.00197454,0.001841152,0.001338106,0.001771771,0.001403579,0.001589329,0.001857333,0.001448773,0.001960218,0.002764005,0.003961348,0.005362414,0.00377532,0.005045922,0.004970953,0.00508169,0.003526359,0.003035356,0.002427817,0.003525465,0.003630257,0.004140691,0.006829427,0.002745426,0.00281077,0.01594758,-0.001319285,-0.03303393,-0.342849,8.422469e-4
363.203,-0.006020582,0.001531369,-0.002583368,-0.002967246,-0.001891493,-0.001162815,-0.001563455,-0.001633277,-0.00631563,-0.003060462,-0.002208214,-0.001961355,-0.003850008,-0.001642239,-8.777511e-4,-4.051538e-7,-0.002816576,2.936667e-6,3.961422e-4,-4.299938e-4,-0.001632729,-5.42849e-4,-5.208418e-4,3.166047e-4,-0.00193005,-0.001028665,-1.911422e-4,-1.133052e-4,1.297551e-4,1.209654e-4,-0.001586433,0.00191511,-0.002593885,-0.004992725,-0.003061424,-0.001491158,-0.001806899,-2.19423e-4,0.001958524,-6.968954e-4,-0.00176169,-0.002559579,-1.992793e-4,-0.00322345,-8.374931e-4,-0.002667738,-0.002068061,-4.293534e-4,-0.001243414,-0.002486663,-6.446329e-4,-8.914869e-4,-0.00129768,-5.040333e-4,-4.84883e-4,-7.977214e-4,-0.002033041,-0.001135604,-1.281524e-4,-2.034779e-4,8.518843e-5,2.923588e-7,-5.029416e-4,-9.150456e-4,-0.002247823,-0.001025542,-5.711648e-4,-6.84653e-5,-0.001139243,-5.846791e-4,-0.001444219,-0.001436195,-0.001279577,-4.068679e-4,-5.976711e-4,-0.001581728,2.763495e-5,2.775293e-5,1.551719e-4,-1.249293e-4,-9.744729e-4,-8.762446e-4,-0.00103607,-0.001477321,-0.001090707,-4.884384e-4,2.061044e-5,-0.001090107,-7.252349e-4,-2.64147e-4,7.567379e-5,-4.073027e-4,-1.706599e-4,-9.40422e-4,-5.243951e-4,-2.440626e-4,-2.792896e-4,2.976312e-4,-4.484343e-4,-2.74347e-4,-4.130506e-4,-4.20879e-4,-6.371871e-5,2.092711e-5,-1.136153e-4,-3.113147e-4,-2.637618e-4,-1.859045e-4,2.393095e-5,-3.2338e-5,-9.883708e-5,-1.61445e-4,-1.149352e-4,-3.432234e-4,6.633755e-5,-1.295801e-4,-1.460367e-4,-1.996345e-4,-2.77507e-4,5.902989e-7,-6.411597e-5,-1.943297e-4,-1.176327e-4,-1.131832e-4,1.281242e-4,7.741641e-5,-4.410809e-5,-3.892832e-4,7.19636e-5,-5.293609e-4,2.476536e-4,2.52376e-4,7.02033e-4,9.920318e-4,0.001548111,0.003143823,0.003525085,0.00368363,0.003980342,0.003986613,0.004713776,0.003659536,0.003910604,0.01475118,0.0787733,0.1540237,0.1365734,0.08269247,0.01607673,0.001892768,0.001722943,0.001315096,0.001659572,0.00157874,0.00237793,0.001761331,0.001286473,0.001707136,0.00262242,0.001867422,9.061203e-4,0.001232065,0.001479143,0.001957493,7.944016e-4,0.001351946,0.001865008,0.002425634,0.002127708,0.002550395,0.001852431,0.003716238,0.004226457,0.005896845,0.005627385,0.006730403,0.004433161,0.004059899,0.003833344,0.004323859,0.001916896,0.00586464,0.009392471,0.00840015,-0.00423713,0.005104867,0.01912098,-0.005939536,-0.05746892,0.01077544,-1.332097
365.488,0.003290155,-0.003191772,0.00339283,-0.001206551,0.001156013,0.003216697,-5.710444e-4,-0.006480093,-0.001106046,-0.001081439,-0.003293922,-0.001237369,-2.495656e-7,-1.403894e-4,-8.726074e-4,-2.006815e-4,3.672995e-4,-0.002507056,-3.947298e-4,-8.459923e-5,-7.924972e-4,6.349236e-5,-4.907993e-4,7.078376e-4,-2.927873e-4,-0.00107642,-8.095498e-4,6.458956e-4,-5.153023e-4,8.005215e-5,1.593951e-4,-5.413306e-4,0.00133065,-0.002524548,-0.001334654,0.002102395,-0.003123461,-0.002606269,-0.002155287,-0.001039955,3.520713e-4,-0.002681793,4.679093e-4,4.595206e-4,-0.001410611,-0.001770387,-7.477233e-4,9.146389e-4,0.002183242,-5.05786e-4,-6.400933e-4,0.001667999,1.559389e-4,4.52546e-4,-3.868452e-4,-1.410496e-4,3.600741e-4,-9.13301e-4,3.780544e-4,-4.141011e-5,4.108886e-4,0.002504894,-7.694301e-8,-4.939353e-4,-8.938945e-4,-3.636606e-5,1.073469e-4,-2.073105e-4,-3.00626e-4,0.001355866,-2.804361e-4,-4.254858e-4,-5.035215e-4,-9.833879e-4,5.717685e-5,-0.001048448,1.338637e-4,6.566992e-4,-7.643665e-5,2.494055e-4,5.094125e-4,-6.840044e-4,5.724143e-4,4.015603e-4,-7.38362e-4,-6.329304e-5,-1.434932e-4,-3.809308e-4,8.96875e-4,6.0295e-4,-9.052307e-5,-5.116328e-4,-1.525526e-4,3.769302e-4,1.737888e-4,1.971198e-4,3.075449e-4,-2.256417e-4,-2.300864e-4,-2.207819e-4,-5.477082e-4,1.279081e-4,-4.670471e-4,1.032122e-4,-1.617424e-4,-1.67663e-4,4.748139e-5,-1.374841e-4,-7.476403e-5,1.162205e-4,-1.736447e-5,-4.43543e-5,-2.852952e-5,-1.463957e-4,-1.83879e-4,9.300934e-5,-2.064723e-4,2.073847e-4,-4.716396e-5,1.04012e-4,2.029202e-4,2.683423e-4,-1.059963e-5,5.034748e-4,8.792337e-5,3.882012e-5,1.257623e-4,7.595314e-5,1.430189e-4,2.346622e-5,-2.80085e-4,3.881522e-4,0.001077923,0.0017561,0.0021961010000000002,0.00433331,0.004723176,0.004517546,0.00445361,0.00430808,0.004090454,0.004880327,0.008987664,0.05807022,0.1612533,0.115524,0.1054204,0.02272185,0.003049606,0.002407391,0.001396594,0.001534526,0.001327734,0.001993546,0.002017072,0.001715885,0.001542647,0.00248287,0.002003392,0.002587294,0.001540832,0.002770946,0.002413414,0.001842426,0.001720639,0.002180929,0.002316518,0.002299601,0.002752716,0.002908353,0.003560876,0.004802964,0.004013876,0.004323238,0.007223426,0.005129225,0.00394064,0.005077265,0.006389955,0.005475581,0.006174313,0.003606695,0.005963701,0.004841805,0.01445568,0.02364673,-7.625539e-4,3.568514e-4,0.01344506,-0.09868091,-0.5577551
367.774,0.00133963,9.083827e-4,0.008190365,-0.0010679350000000001,0.001727445,0.004127373,-0.005254733,0.007660312,0.006250929,0.003797556,0.003028884,0.003826667,0.003002676,0.002691547,0.002102474,0.003072774,-1.858979e-4,1.665858e-4,0.001570509,5.102813e-4,4.136421e-4,0.001675238,-1.090504e-4,0.001540251,3.44472e-4,8.029605e-5,1.879812e-4,-5.403895e-8,7.984073e-4,9.129363e-4,-4.190714e-4,-0.001959311,0.003560992,0.004570589,0.005116573,0.002351656,0.001788473,0.001369127,-0.001038509,2.75868e-4,0.004255599,0.003697158,0.001065281,0.002081359,0.00134004,0.001070164,0.002170843,0.002246781,4.090998e-4,0.001845124,0.001380902,2.597117e-4,0.0020006,0.001601885,0.001880266,7.432195e-4,-1.352494e-4,-8.795978e-5,-8.473355e-5,2.83402e-4,0.002028608,0.001285152,0.001763656,0.001964858,1.10583e-4,0.002030693,9.202525e-4,-3.542458e-5,9.945155e-4,8.033094e-4,-2.181699e-4,2.807346e-7,1.758007e-4,8.473288e-5,5.082138e-4,2.734279e-4,0.001044214,3.938223e-4,7.642624e-4,4.217146e-4,4.103501e-4,3.510344e-4,0.001435364,-4.539127e-5,8.419757e-4,5.034993e-4,4.91076e-4,1.956982e-5,-9.700015e-5,6.909205e-4,8.53324e-4,-4.918427e-4,-2.379988e-4,1.29769e-4,1.098941e-4,6.019965e-5,7.236987e-5,8.979252e-4,1.476875e-4,-1.226627e-5,3.839421e-4,3.354859e-4,3.173011e-4,2.455054e-4,1.212372e-4,3.660326e-5,-1.766705e-5,1.053934e-4,-9.950148e-5,3.342857e-4,2.125395e-4,4.459811e-4,2.958206e-4,2.184406e-4,1.30643e-4,2.565543e-4,6.086266e-5,1.649923e-4,3.125862e-4,1.448901e-4,3.20165e-5,4.062288e-4,8.471872e-5,1.22987e-4,1.170642e-4,2.472023e-4,8.914331e-5,4.420555e-4,1.118955e-4,9.53955e-4,2.567266e-4,0.001163021,0.001289037,0.002113939,0.004168648,0.00425354,0.004619995,0.004306284,0.005564363,0.004713992,0.004698697,0.006764969,0.04013161,0.1360352,0.1083232,0.1233579,0.03522057,0.004614984,0.002295453,0.001666615,0.001643204,0.001580625,0.002562959,0.002724421,0.002201949,0.00213897,0.002290632,0.002869111,0.001549797,0.003583493,0.003195568,0.002664491,0.002465595,0.003207837,0.0025403,0.002708161,0.002528133,0.003431966,0.004316543,0.003980947,0.003631862,0.004589427,0.00658439,0.007154029,0.007018446,0.00867389,0.006776078,0.007078524,0.006370303,0.005377199,0.008290384,0.01209974,0.009518986,0.008478784,0.02082002,0.02769563,0.04171802,0.09539407,0.1001036,0.1072283,0.837486
370.06,0.001614123,-2.981217e-4,-8.446622e-4,0.003826247,0.001706558,0.002617463,-0.003495378,-0.002389753,0.002664585,7.93224e-6,-0.001163417,4.673958e-4,0.001144567,0.002381345,-0.001718194,-5.943236e-4,0.002163275,-0.001040811,-0.001164223,-3.367865e-4,0.001151682,5.309048e-4,-6.96883e-4,5.675369e-4,4.983515e-4,2.653836e-5,-8.235023e-4,8.237899e-5,4.666679e-4,2.752998e-4,0.003723812,-6.652927e-4,-0.002291353,-0.002578658,0.002720234,-0.001289878,-9.990007e-4,2.837572e-4,-6.15781e-4,-0.00197901,-0.005168039,0.003111824,8.551561e-4,-0.001993394,2.5423e-4,2.245856e-6,8.574578e-4,-4.798268e-4,-4.628296e-4,0.001049872,5.232555e-5,-5.644094e-4,0.001473801,-0.001334391,-4.774178e-4,0.002388672,-1.319834e-4,-3.842219e-4,-5.366114e-4,-5.609717e-4,4.37516e-4,-0.001116667,-5.680772e-4,-0.0013811,-6.581831e-4,-0.001003156,-7.68718e-4,7.817048e-4,4.936217e-4,-8.571174e-4,-5.921795e-5,-7.159875e-4,-2.020872e-4,-2.853668e-5,2.521459e-4,-4.340878e-4,7.678873e-4,7.248648e-4,8.312247e-4,-2.449593e-4,0.001073367,4.645691e-4,4.512582e-4,-6.131174e-4,-4.695164e-4,0.001040348,2.832039e-4,-5.133798e-4,-0.001055106,1.98054e-5,-3.759109e-4,-1.379057e-4,6.197676e-4,-3.553505e-4,-3.109087e-4,2.092844e-4,-1.579963e-4,-3.875599e-4,-1.467278e-4,2.436207e-4,-1.222047e-4,1.487531e-4,-4.071177e-4,-1.61311e-4,-2.099873e-4,1.83025e-4,1.842635e-4,-4.83452e-5,-2.061355e-5,-1.015596e-4,-1.930905e-4,-1.851254e-4,6.747157e-5,8.401137e-5,-5.140272e-5,-1.054178e-4,-1.052136e-4,-1.148949e-4,7.524136e-5,1.847293e-4,-2.413809e-4,-2.850935e-4,-2.721572e-4,7.131723e-5,-1.150019e-4,-1.736632e-5,-2.808393e-4,-1.013653e-4,1.40711e-4,-8.296338e-6,9.448051e-4,9.9553e-4,0.001649055,0.002970929,0.004096942,0.004622804,0.004051367,0.004719088,0.004747702,0.003754424,0.004890292,0.02558021,0.1102845,0.1181888,0.1451394,0.04721581,0.006951225,0.002209938,0.002133004,0.001641487,0.001221222,0.001282615,0.001710753,0.002241812,0.001898933,0.001873678,8.0236e-4,0.00235672,0.00245496,0.001779953,0.002723846,0.001921554,0.00293861,0.001521274,0.002079486,0.001270113,0.002417895,0.003501653,0.0032272,0.002924747,0.003788775,0.004513308,0.005372982,0.005291202,0.006143877,0.006294988,0.00454157,0.006122409,0.005169539,0.002877239,0.006787852,0.006353923,0.009198728,0.00902719,0.01099383,0.009483091,-0.002024038,0.02252748,0.1173814,-0.08443642,-0.6003419
372.347,0.003233938,0.004329749,1.426145e-4,0.006714221,0.002413678,0.005186267,0.002227929,-7.974648e-4,0.003386233,0.005767297,4.125187e-4,9.861701e-4,0.00324766,0.001464534,0.003430234,0.001975844,0.003229857,0.002625393,1.450237e-4,0.002727019,0.001408168,6.545773e-4,5.082614e-4,2.574397e-4,0.001229479,0.001347588,0.00124656,0.001241424,6.312631e-4,3.875999e-5,0.00190815,5.998542e-4,0.001470455,0.001099709,0.003643438,0.00111608,0.002990577,0.00291331,0.004983979,-0.001975698,7.553253e-4,0.002768654,0.003215429,7.680095e-4,6.287351e-4,0.001859488,6.720187e-4,8.382471e-4,0.00220186,7.72255e-4,0.002199938,0.001996804,9.116035e-4,0.001086084,0.002615621,0.001740718,0.002912025,9.805085e-4,4.10249e-4,0.00139895,1.569498e-4,0.002227871,5.666372e-4,0.00130325,0.001058958,6.435509e-4,0.001222607,5.079122e-4,0.001015014,4.434577e-4,7.962765e-4,0.001611163,0.00238394,7.667563e-4,6.947558e-4,0.001652073,2.90516e-4,5.408342e-4,-5.798471e-4,7.827467e-4,8.556817e-4,8.555719e-4,3.146711e-4,6.76434e-4,-2.986149e-4,8.076396e-4,0.00108997,0.001300303,1.530171e-4,3.659281e-4,-1.814778e-4,1.375823e-4,6.512666e-4,5.951246e-4,1.861952e-4,8.791484e-4,1.003835e-4,3.870229e-4,3.448203e-4,5.861501e-4,5.380703e-4,8.560446e-4,4.79779e-4,3.891672e-8,-6.799974e-5,4.685891e-4,8.249518e-5,4.200114e-4,1.855741e-4,2.21887e-4,-1.688361e-5,5.978433e-5,1.009808e-4,3.47332e-4,1.547123e-4,-1.68605e-4,2.252299e-4,2.402715e-5,1.49279e-4,7.129523e-5,4.089009e-4,3.689343e-4,5.540395e-4,1.815944e-4,-1.149396e-4,1.22147e-4,1.763194e-4,3.899162e-4,1.905393e-4,4.13493e-4,0.001046327,0.00171154,0.002765028,0.003621753,0.004876748,0.00463668,0.003877719,0.004899212,0.003844926,0.005122903,0.01595997,0.08549694,0.151844,0.167299,0.06465593,0.009893028,0.002147363,0.002359746,0.001604833,0.001898161,0.001739536,0.001653272,0.001919842,0.002069301,0.00242101,0.00293904,0.002022191,0.002208286,0.003136886,0.00303867,0.003114372,0.00345468,0.003201227,0.003318534,0.003447671,0.003220671,0.003747335,0.003814902,0.004026853,0.004124686,0.004575204,0.004855489,0.006252992,0.006877819,0.008095098,0.00663683,0.008355481,0.005911447,0.009401217,0.007973862,0.008543778,0.0112254,0.01167157,0.01462964,0.01557661,0.03062071,0.009682978,0.05561007,0.1918627,0.1233976,0.1129566
374.635,-0.007754323,0.001041906,-0.001800572,-0.004198071,-0.003394206,-2.888252e-4,-0.005573075,-0.003972298,-0.001324128,-0.003399031,-4.146345e-4,9.268051e-4,-0.002779999,-0.002086556,-3.561224e-4,-0.002493804,-0.002981105,4.371213e-4,7.229319e-4,1.667899e-4,-0.001181648,-4.969342e-4,-6.134317e-4,-9.748132e-4,1.562882e-4,5.278428e-5,3.439464e-4,-6.875417e-4,-5.963795e-5,-0.001833568,-0.001282916,-0.001925975,-3.257695e-4,-0.003850531,-0.003912213,-0.002739227,-5.34827e-4,-0.003823073,-0.002177029,-4.096052e-4,-0.001027775,-0.001749451,6.561287e-5,-0.002176264,-0.001003948,-0.00401641,-0.002133802,-0.0016706,-0.001385247,-0.003517298,-0.001305151,-0.001581083,-1.537902e-4,1.488366e-4,-9.482998e-4,-0.001186741,1.758343e-4,1.265053e-4,-0.001479633,-0.001194327,-0.002186376,-4.979228e-4,-4.517821e-4,-4.808701e-4,7.391977e-5,-0.001175785,-0.002539824,-0.001111276,-7.82001e-4,-0.001768198,-3.977374e-4,-6.831702e-4,-0.001217492,-0.002096345,2.849535e-5,-7.292044e-4,-0.001025239,-3.857322e-4,-0.001126624,-0.001073504,-6.879854e-4,-3.689744e-4,-5.376759e-4,8.641965e-5,-1.907301e-4,-0.001302706,-0.001568882,-2.557904e-4,-4.580907e-4,-5.521685e-4,-6.433372e-4,6.39105e-4,-0.001148207,-1.762182e-4,-3.557688e-4,-4.7501e-4,-4.579263e-4,5.540061e-5,-5.820495e-4,2.554632e-5,-2.799999e-4,-6.368512e-4,-3.116903e-4,-1.713862e-4,1.581886e-4,-3.671525e-5,-1.067523e-5,-1.722207e-4,-2.58564e-4,-1.010525e-4,-1.127571e-4,-3.84095e-4,-7.827553e-5,-2.445669e-4,-3.338062e-4,-6.998119e-5,-5.240886e-5,-1.943691e-4,1.490718e-4,-9.113126e-5,1.046299e-4,-3.045381e-4,-3.112061e-5,-2.707372e-4,1.248755e-4,-3.451559e-4,4.442275e-5,-1.010573e-4,-2.998941e-5,2.841503e-4,6.545806e-4,0.002244131,0.002399248,0.003338057,0.003868929,0.003723532,0.004008655,0.00335142,0.003451824,0.01207034,0.06218672,0.1701263,0.1458328,0.08627535,0.01391883,0.001920144,0.002099254,0.001377901,0.00121836,0.001227156,0.001003869,0.001582997,0.002062851,0.001946348,0.002530864,0.002034252,0.002265123,0.001186059,0.002132741,0.002729565,0.002345989,0.001964677,0.001879721,0.002027309,0.002620072,0.002213732,0.003183166,0.002680661,0.002601205,0.003952823,0.004322716,0.004699067,0.005343384,0.005174056,0.006872281,0.005540329,0.005656857,0.005937448,0.007137847,0.006672957,0.006817522,0.007353486,0.007194425,0.006767665,0.00642683,0.004927141,0.006566799,-0.02435657,-0.02742699,-0.3904372,-0.2954802
376.923,0.001435627,0.004221412,0.006247239,0.001155293,0.003876548,0.002100882,0.004355539,0.001927091,0.001528782,0.006140196,0.002990979,0.003734443,0.002161395,0.001359201,0.003206396,-0.001282827,-2.348094e-4,2.703606e-7,-2.352428e-4,-3.253031e-4,0.001048262,-6.070679e-5,2.608863e-4,-2.761764e-4,4.578498e-4,4.122176e-4,0.00100833,0.00220709,7.089398e-4,0.001641172,0.003267458,0.002533268,7.978944e-4,0.003669676,0.003551377,1.663691e-4,0.002243608,2.134267e-6,0.001864666,5.944154e-4,5.356312e-4,6.617936e-7,0.001598831,5.629518e-4,-8.007927e-4,0.003262753,8.956228e-4,0.001868534,-0.001301649,4.844739e-4,0.002606596,0.001598914,0.001380865,0.001056575,0.001666911,4.433431e-4,6.419786e-4,0.002331166,0.001646064,8.552804e-4,8.340538e-4,8.226194e-4,4.042615e-4,0.002067677,-0.001321689,8.718885e-4,3.0463e-4,5.269338e-4,-3.53082e-4,4.940097e-4,-2.698441e-6,9.009886e-4,1.404698e-4,1.894871e-4,2.690786e-4,0.001028856,4.628677e-4,-3.785425e-4,0.001493191,5.483123e-4,2.98761e-4,9.243544e-4,7.219968e-4,-9.60589e-4,3.943283e-4,6.059121e-4,4.717847e-4,-2.561293e-7,3.732562e-4,4.124793e-4,4.355647e-4,-2.724279e-4,3.151557e-5,5.170513e-4,6.201293e-4,1.160262e-4,6.980884e-5,1.479634e-4,2.581481e-4,5.470321e-4,2.736143e-4,2.779197e-4,2.971345e-5,2.552308e-4,5.835404e-4,-6.432999e-6,3.488191e-4,-3.702909e-4,4.940638e-5,3.832215e-4,1.381794e-4,7.425087e-5,9.297139e-5,1.047446e-4,1.444882e-4,1.163703e-4,9.506958e-5,-4.873224e-5,3.280514e-4,4.372628e-4,1.328634e-4,4.523152e-4,3.261908e-4,4.908171e-4,-6.559265e-5,2.833944e-4,1.976528e-4,3.894363e-4,0.001408333,2.477547e-4,0.001559697,0.003252057,0.003220511,0.003170756,0.004709449,0.0043104,0.004811465,0.005102024,0.007156599,0.04568498,0.1454989,0.1162997,0.1153646,0.02605255,0.003891474,0.001998908,0.001799745,0.00168189,0.001887809,0.002398142,0.001562749,0.001632293,0.002165087,0.002795628,0.002947302,0.00250094,0.002701757,0.003817471,0.003501583,0.002545169,0.00280444,0.002356191,0.00281047,0.00236034,0.003118158,0.003203422,0.003672381,0.004733358,0.004043071,0.00553118,0.00513801,0.005911848,0.005072213,0.0075747,0.007405616,0.007835325,0.007822595,0.007434352,0.008098393,0.008947673,0.009765964,0.01119472,0.01081446,0.0200756,0.01755014,0.02873522,0.01983196,0.05476681,0.06298227,-0.196841,-0.6800973
379.213,0.001826314,-0.001142224,-0.001734905,-0.005162908,-0.003394874,-0.006217073,-0.005882029,-0.004309672,-0.009945059,-0.004084736,-0.001030621,-0.001719756,-0.002613628,-8.634321e-4,6.151941e-4,1.889398e-4,-0.002629637,-0.002513214,3.230576e-4,-0.001444913,-0.002198152,-0.001013672,-0.001561765,-1.477547e-4,1.733986e-7,-8.845086e-4,-9.131388e-4,-2.37793e-4,-0.001083356,-8.984226e-4,-9.866936e-4,-0.002041979,0.00101556,-0.001317161,-0.003665957,-0.002135475,-0.002273705,-0.001019466,-0.003265022,-0.001958258,-0.001449479,-0.003164534,-0.001507176,-0.001778312,-0.002407121,-0.001838149,-0.001638076,-0.003092455,-0.002549072,-0.00211051,-0.001303242,-3.918103e-4,-0.002080752,6.611384e-4,-5.018176e-4,-0.001134775,-0.001646581,-0.001184964,-6.697939e-4,-0.001987757,-0.001571521,-5.511092e-4,-7.594834e-4,-0.001031463,-0.001503101,-0.001162868,-0.001637346,-0.001004102,-4.064528e-4,-0.00181794,-3.512011e-4,-0.001655694,-9.477854e-4,-1.084663e-4,-0.00164699,1.826868e-4,-1.003491e-4,-1.725055e-4,-6.966101e-4,2.109463e-4,-4.31479e-4,-5.310738e-4,-9.239588e-4,-7.724223e-4,-2.840636e-4,-9.717715e-4,-0.001003936,-7.543903e-5,-5.677313e-4,-8.848116e-4,-8.731002e-4,-4.801721e-4,-5.906041e-4,2.15497e-4,-1.4847e-4,-1.993788e-4,-3.707492e-4,-2.11348e-4,-8.512185e-4,-3.661891e-4,-1.871892e-4,-2.51122e-4,-5.383892e-4,-2.698182e-4,-6.099501e-4,-5.781116e-4,1.864393e-5,-1.448756e-4,-2.130662e-4,-1.272791e-4,-1.083792e-4,-2.596264e-4,-1.716911e-4,-1.432364e-4,-5.548294e-5,-2.149031e-4,-5.527167e-4,-4.758749e-4,-2.680555e-4,-1.161298e-4,-7.019886e-4,8.070025e-5,-3.796396e-4,-8.620942e-5,-2.567524e-4,-4.115082e-4,-1.417081e-4,1.608597e-4,-3.846304e-5,7.531264e-4,0.002024961,0.002884957,0.003266568,0.003417825,0.00302009,0.004019904,0.003188997,0.004738554,0.03197331,0.1231586,0.1112831,0.1346145,0.04056874,0.004725397,0.001533288,0.001530324,9.743981e-4,0.001376677,0.001106312,8.810124e-4,0.001361216,0.001314055,0.001422509,0.001364807,0.002574377,0.001840851,0.002031916,0.0022256,0.00292287,0.002541782,0.002038192,0.002324874,0.0023302,0.002960172,0.002145203,0.002730119,0.002294389,0.002762872,0.003259923,0.003442443,0.005227988,0.004789401,0.005834613,0.004852731,0.006154471,0.00708185,0.005758923,0.007047433,0.006165038,0.007085116,0.006073375,0.007310719,0.004296302,0.01084877,0.008217215,0.003026336,-0.01000406,-0.01575989,0.02624308,-0.2728281,-0.6837944
381.503,-0.001812562,-0.004398168,-0.004629787,0.002377062,-9.434672e-4,-0.003717519,-0.003996022,-3.934451e-4,-0.002183913,-0.003563482,-7.888563e-4,-1.127622e-4,-1.627291e-4,-0.003978585,-0.001087184,0.001627974,0.002158451,3.109935e-4,-0.002022502,-9.163661e-4,-8.810783e-4,-3.850323e-4,5.089669e-5,8.073296e-4,7.439064e-5,-0.00123043,2.772587e-4,-3.404646e-4,-7.474684e-4,-3.721328e-4,-2.995576e-4,-1.916339e-4,-0.003103703,-9.639912e-4,-0.001866269,-0.004247379,-0.00298745,-0.001821342,-0.00129734,4.51033e-4,-0.003203283,0.001090956,8.722533e-4,-5.526427e-4,-0.002332395,-0.00111795,-0.001335323,5.689852e-4,-7.714332e-4,-0.001781991,-9.946686e-4,-0.00136184,-4.976435e-5,-7.983378e-4,1.795759e-4,-0.001000643,-0.001219048,-2.435636e-4,-7.854766e-4,-3.798385e-4,0.00044384650000000003,-6.574987e-4,-0.002335887,-7.441947e-4,-9.037896e-4,-2.380424e-4,-0.001426239,4.819056e-4,9.266007e-5,-1.509287e-4,-8.747064e-4,-0.001220323,5.459992e-5,7.020464e-4,1.05554e-4,-7.994897e-4,-6.523899e-4,3.174217e-4,-9.073847e-4,-4.659281e-4,-2.715599e-4,1.978082e-4,-4.92721e-4,-8.397482e-5,1.924363e-5,-3.742359e-4,-4.986753e-4,-4.306944e-4,-3.093783e-4,5.018258e-5,-2.050311e-4,-5.103549e-4,-3.176434e-4,-1.538995e-4,1.326641e-4,-2.691795e-4,-2.732504e-4,-8.414457e-4,-1.319111e-5,2.661747e-4,-1.629384e-4,-3.472276e-4,-1.584401e-4,-5.371113e-4,1.035341e-4,-1.301666e-4,-1.710597e-4,-5.46215e-5,-1.570549e-4,7.834155e-5,1.291661e-4,-1.80462e-4,-5.332601e-5,-1.762945e-4,-1.657368e-4,-9.354075e-5,-4.27635e-5,-1.091457e-4,-8.898534e-5,-1.355858e-4,-5.779665e-4,-3.004512e-4,-1.388201e-4,2.687042e-4,9.516803e-6,-1.408635e-4,-1.150497e-4,9.884023e-5,8.860162e-4,0.001388163,0.002754341,0.003329341,0.003009473,0.00296078,0.003658202,0.003765598,0.004670318,0.01743989,0.09644752,0.1260726,0.1544165,0.05642321,0.007958091,0.001746409,0.001966714,7.885238e-4,6.4376e-4,0.001116018,0.001285874,0.001743999,0.001436739,0.001793764,0.002842261,0.002676189,0.002005602,0.001697596,0.002980133,0.003279519,0.002901812,0.00265757,0.003219605,0.003390934,0.003853129,0.003252967,0.003235799,0.003323862,0.003436774,0.003576622,0.004011222,0.004629967,0.005440867,0.004556239,0.006291298,0.006987737,0.007821202,0.007060024,0.005626086,0.007880987,0.006171465,0.008339712,0.006365114,0.006766361,0.01056224,0.01317429,0.01086125,7.550174e-4,0.01600786,-3.072032e-4,-0.06505687,0.06773032,-0.9107715
383.794,0.003846076,0.008662922,0.002346368,0.005174474,0.00664187,-0.001532578,0.002743149,8.028293e-7,0.001357376,0.00440066,0.003572394,-7.092419e-4,-8.002983e-4,0.001698285,8.018136e-4,0.002280468,-4.470147e-4,0.002048827,7.692842e-4,0.001962438,0.002185712,0.001458382,0.001026955,2.890478e-4,0.001713258,7.417677e-4,9.437351e-4,0.001110006,9.41961e-4,5.493668e-4,0.002462186,0.002310498,0.003057286,0.002669522,0.004023845,0.002492053,0.002367959,0.001129039,0.001852787,0.003699784,0.00225342,0.002085002,-0.001903585,0.001380868,-2.945058e-4,0.001799409,0.00240388,0.003866054,7.052687e-4,0.001651354,0.002353008,0.001675954,3.783113e-4,0.001661618,6.224471e-4,0.001371126,9.899878e-4,-5.578376e-4,6.166861e-4,0.001310745,0.00102601,6.111388e-4,8.840293e-4,3.493041e-4,0.001302036,8.030481e-4,0.001111413,0.001583278,-3.059981e-4,0.001068151,0.001521174,9.779796e-4,8.997822e-4,5.236524e-5,6.504805e-4,0.001241329,0.001037576,5.29912e-4,0.001387534,9.165145e-4,2.881463e-4,1.301033e-4,3.989376e-4,2.049709e-4,3.991933e-4,5.06547e-4,5.287896e-4,0.001087936,3.583728e-4,0.00145345,0.001006236,3.246991e-4,0.00110917,5.129313e-4,3.630972e-4,-2.774818e-5,1.883165e-4,1.033529e-4,1.990908e-4,9.430869e-4,4.118973e-4,5.23148e-4,2.638583e-4,1.791843e-4,5.391555e-4,5.65491e-4,2.343416e-4,5.777741e-4,2.362507e-4,1.305229e-4,-5.309379e-6,2.134443e-4,2.94012e-4,5.063919e-5,1.689897e-4,6.57504e-4,4.566003e-4,4.136339e-4,3.062181e-4,3.918289e-4,7.654726e-4,5.326778e-4,4.109868e-4,7.173883e-4,1.892588e-4,2.390496e-4,6.684833e-4,0.001191331,0.001735661,0.002329896,0.003121089,0.003904034,0.003743215,0.003958649,0.003977037,0.0035618,0.01164698,0.06922621,0.1689803,0.1688857,0.07491629,0.01358551,0.002451762,0.002631461,0.001606981,0.001726915,0.00134595,0.001382929,0.001786567,0.002277473,0.001924806,0.002209733,0.002631995,0.002155877,0.003613304,0.002515343,0.002960589,0.003544616,0.003582707,0.003324484,0.003892605,0.003734698,0.003375787,0.003164394,0.003765787,0.004499114,0.004379528,0.004526431,0.004233999,0.005521859,0.005785058,0.006306862,0.007354305,0.008985784,0.008830972,0.009488419,0.009950444,0.008722577,0.00822108899999999,0.01108118,0.01196934,0.011257,0.01668724,0.02045241,0.02300454,0.02940195,0.02374611,0.07879985,0.1463398,0.001088642,0.8040439
386.086,-0.00627585,0.002080429,0.006451203,8.55738e-4,0.00276609,1.743695e-5,0.001051931,0.001978967,-6.70267e-4,0.002105205,0.002389299,-0.001074041,7.414831e-4,-0.001226734,1.32858e-4,1.825835e-4,-2.201889e-4,0.001171412,0.001166924,-3.880341e-5,-3.420106e-5,-5.499752e-4,3.233254e-4,5.736547e-4,0.001384904,-4.90697e-4,-6.65307e-4,-5.131879e-5,1.453326e-4,5.455906e-4,0.001244928,-6.799058e-4,0.00121318,0.001368378,0.003214372,0.00167626,0.001779997,7.911728e-4,-0.001268075,1.73942e-7,-3.818058e-4,-5.647439e-4,6.705681e-4,-7.723659e-4,0.001227729,3.463239e-4,-5.684192e-4,0.001389936,-0.002093084,8.189694e-4,2.918469e-4,8.078636e-4,0.001271416,-0.001007812,-0.001280088,0.001192957,9.440891e-4,-9.114839e-4,0.001534044,0.002526689,-8.338299e-4,0.001106259,8.07917e-4,-3.425526e-5,0.001088443,3.321922e-5,7.125861e-4,-6.201392e-5,-4.851091e-4,-2.637108e-4,0.001082121,2.805941e-5,7.841831e-4,1.834864e-7,0.00121382,0.001232661,6.376761e-4,2.148534e-4,-3.030229e-4,2.736034e-4,-6.848724e-4,-9.66384e-4,6.681191e-4,6.709014e-4,5.940462e-5,3.477254e-4,3.003471e-4,-5.469331e-5,-1.243856e-4,2.060809e-4,8.367767e-5,3.710453e-4,-3.007591e-5,-7.531107e-5,-7.199196e-5,5.534576e-4,-9.295806e-5,1.539917e-4,6.214249e-5,-1.413576e-4,-2.609592e-4,-3.705458e-4,2.325867e-4,-1.684624e-4,-1.206718e-4,-1.372182e-4,2.463753e-4,-6.538541e-5,-2.059752e-4,-2.350131e-5,1.209039e-4,7.556418e-5,1.458622e-4,3.916086e-5,9.589829e-5,-4.559524e-5,-1.395692e-5,3.578915e-4,-2.572845e-5,5.7512e-5,-3.892596e-4,-1.075617e-4,2.042612e-4,-8.328771e-5,2.235402e-4,4.132177e-4,6.97423e-4,0.001019746,0.002401734,0.002434906,0.003619762,0.004136541,0.003220729,0.003549002,0.004081308,0.006903378,0.04662402,0.1528365,0.1367729,0.09171876,0.01996262,0.00254018,0.002015175,0.001326442,6.852427e-4,7.48698e-4,0.001550725,0.001644513,0.00105836,0.001456112,0.002066299,0.002399832,0.002492654,0.00335496,0.002488366,0.00256694,0.003014905,0.003401331,0.003493767,0.00339401,0.003927754,0.003247856,0.003820181,0.00296036,0.003871776,0.00388149,0.004021837,0.004625998,0.004469864,0.005519032,0.005562224,0.006677839,0.006618031,0.008561004,0.008458558,0.007682803,0.0086269,0.009531457,0.009027251,0.01110648,0.008806755,0.009147976,0.01679126,0.02014529,0.01451711,0.03681587,0.02159945,0.02068565,0.004084174,0.1065327,0.03435438
388.379,0.002652556,0.006740918,0.007043088,0.005706623,0.005896225,-1.541701e-6,3.715174e-4,0.002393153,-0.003275535,9.562552e-4,0.002097332,9.961581e-4,0.001282651,0.00170007,0.003292839,0.00231922,0.002751382,5.931791e-4,0.002009604,7.685613e-5,0.001372592,6.473981e-4,3.627162e-4,1.395128e-4,8.26708e-4,5.487956e-4,9.574087e-4,6.976562e-4,2.564422e-4,7.77443e-4,0.002282498,0.002468093,8.111834e-4,0.002077163,7.601414e-4,0.001782869,0.002077422,0.001924967,0.00191105,3.682735e-4,-0.001305499,0.00036564190000000003,0.001777217,7.545832e-4,0.001703444,8.951468e-4,0.003148062,-0.001297632,0.001254378,9.95984e-4,7.574769e-4,0.001849407,0.001189279,0.001158613,0.001548281,-4.16584e-4,0.001035338,0.001079342,0.001377144,0.001119618,0.001941021,9.366162e-4,0.001230073,0.001378939,9.895367e-4,2.905668e-4,1.56347e-4,7.938626e-4,0.001330015,-2.912218e-5,9.41658e-4,-1.080357e-4,8.664752e-4,9.490179e-4,-5.085877e-5,4.155868e-4,4.766794e-4,0.001023502,0.00172553,1.327237e-4,0.001223743,0.001023229,9.943813e-4,3.565057e-4,-1.353696e-4,1.303533e-4,5.829698e-4,7.648224e-4,0.001089264,6.712444e-5,2.740625e-4,4.056092e-4,1.664131e-4,1.887932e-4,2.942218e-4,3.09424e-4,7.906709e-4,7.618064e-4,2.398233e-5,6.221799e-4,2.431152e-4,8.760158e-4,4.3326e-4,2.821543e-4,4.850178e-4,1.997026e-4,1.69552e-4,1.482801e-4,2.015067e-4,1.602972e-4,7.16249e-5,2.107924e-4,1.114476e-4,1.512167e-4,-5.803379e-5,2.347672e-4,1.694657e-4,1.625815e-4,1.688264e-4,1.015564e-4,3.125818e-4,7.616411e-5,3.212914e-4,1.369943e-4,4.170381e-4,3.524221e-4,7.674592e-4,0.001629415,0.001946198,0.002837829,0.003333929,0.003895527,0.003435475,0.003138406,0.005463096,0.02950342,0.1211417,0.1144883,0.1166438,0.02759312,0.00421403,0.002322383,0.002069055,0.001657421,8.77416e-4,0.001502667,0.001601014,0.001729721,0.001787957,0.002008498,0.002143632,0.002880848,0.002965629,0.001646284,0.003478273,0.003688829,0.003894403,0.003654553,0.003917509,0.004184821,0.003927554,0.003562574,0.003503164,0.003970184,0.00397143199999999,0.004385087,0.004258394,0.005319944,0.00525177,0.00511188,0.006639915,0.005915498,0.007430437,0.007068276,0.009579036,0.008850318,0.009866428,0.0078279,0.009862388,0.01197407,0.01129704,0.01014647,0.01251629,0.01548054,0.02901447,0.02230304,0.02314297,0.0283208,0.05208149,0.2127725,0.09470335
390.672,0.005960853,0.00685296,0.001707807,0.005229217,0.00676527,0.002954862,1.349261e-4,0.002232058,0.00298987,0.004909852,0.002491216,0.001486191,0.002816494,0.002771809,0.001642231,8.712772e-4,0.003011149,3.882303e-4,0.00226238,0.002220951,0.001178038,0.001870646,0.001157727,-1.818158e-4,6.692073e-4,9.563097e-4,-3.721024e-4,0.001119838,4.171706e-4,9.675334e-4,0.002736466,0.001416178,0.001080649,0.004387428,0.005115873,0.003640697,0.001420699,0.001379468,0.001144437,0.004090482,0.0034616,0.002920148,0.003301292,0.002155935,0.002667409,0.001807542,0.001511572,8.455688e-4,8.682265e-4,0.003309705,5.549011e-4,0.00230446,0.001163619,6.961227e-4,0.002901316,0.001133076,0.001011802,9.803631e-4,8.022223e-4,-3.43773e-5,0.00210763,0.001661528,0.00103565,0.001349879,4.531811e-4,0.001262583,5.551181e-4,8.969318e-4,2.031664e-4,-2.766605e-5,6.782048e-4,5.278969e-4,7.184301e-4,0.001129375,0.001078612,0.001197465,0.001141685,0.001206688,2.223646e-4,0.001447699,0.001954622,0.001163658,4.062505e-5,5.022225e-4,-5.635589e-5,0.001153233,6.952199e-4,-0.03442412,0.001385919,1.485325e-4,4.909253e-4,1.535663e-4,7.958732e-4,7.962805e-4,1.360303e-5,6.314721e-4,5.44974e-4,1.95691e-4,2.375117e-5,4.956138e-4,-3.210837e-5,8.764745e-4,2.581979e-4,2.851026e-4,2.881848e-4,3.315389e-4,4.248682e-4,4.114494e-4,-1.035927e-4,3.245763e-4,9.989492e-5,-1.711969e-7,1.535329e-4,1.217707e-4,1.481732e-4,2.915583e-4,3.909585e-4,1.006917e-4,4.213979e-4,3.253696e-4,2.594908e-4,4.46628e-4,2.218486e-4,1.973895e-4,7.810312e-4,7.362819e-4,0.00132611,0.002093137,0.00253937,0.002221947,0.003046557,0.00394007,0.003642996,0.004019089,0.01915272,0.09073034,0.1062079,0.1461626,0.04457171,0.005464477,0.002318907,0.002169811,0.001337491,0.001250841,0.001590129,0.00118759,0.001098284,0.001382605,0.001450563,0.001940155,0.002167208,0.001825271,0.002081358,0.001885927,0.00277818,0.003505937,0.003571438,0.003742478,0.004252294,0.003456452,0.003875345,0.004219204,0.004062151,0.003580819,0.0041155,0.004160061,0.004824444,0.005154025,0.005874184,0.005549778,0.006340547,0.006520802,0.00777356,0.008006112,0.008212631,0.009416737,0.009836471,0.01144431,0.01005498,0.00924218,0.01092173,0.01347083,0.0182772,0.01944893,0.02859945,0.03660017,0.05255902,0.01410415,0.2083397,0.2919054,-0.1624413
392.967,-0.00191127,-0.00595316,-0.002533216,-0.001141117,7.381543e-4,-0.003380653,0.001571106,5.775046e-4,-0.003143344,9.319789e-4,-0.002587702,-0.001157053,-6.386599e-4,-6.637041e-4,-9.919498e-4,-3.994098e-4,5.215822e-5,0.001518065,-0.001970919,-6.540905e-4,-0.001092391,-6.214048e-4,1.15944e-4,-5.578664e-4,-6.803762e-4,3.206544e-4,3.232323e-4,-4.767948e-5,-0.001475754,6.236071e-8,4.023343e-4,-0.001330699,-0.001061838,-0.00143599,-5.684086e-4,-0.002160425,-0.002259864,-8.008137e-4,-0.001361296,-3.533598e-4,-0.002921351,-0.002750264,2.282499e-4,-3.89564e-4,-7.095507e-4,-0.003063282,-0.00116674,0.002024078,-8.039652e-4,-0.001911719,-0.001453243,-6.65732e-4,-0.001185862,-9.401928e-4,-1.651189e-4,-5.547979e-4,-0.001263367,1.845274e-4,-6.793806e-4,-0.001109098,-0.001733069,-4.329778e-4,-0.00147408,-0.001613017,-5.396118e-4,-3.099338e-4,-6.076386e-5,-6.461135e-4,-0.001218937,-1.641188e-4,2.911958e-4,-5.950783e-4,-7.061523e-4,8.875514e-4,-7.701449e-4,-2.350146e-4,-5.719002e-4,-5.14043e-4,-6.321162e-4,-8.484468e-4,-2.268581e-4,-1.205366e-4,-5.848346e-4,-6.621564e-4,-1.847347e-4,1.621653e-4,-7.870246e-4,-0.03717051,-3.153349e-4,-5.450605e-4,1.870129e-4,8.996145e-5,-4.635308e-4,-1.257378e-4,-6.719853e-5,-4.390888e-4,-1.121162e-4,-2.278167e-4,-8.516727e-4,-1.325437e-4,-7.399458e-5,6.9195e-5,-1.08273e-4,-3.408048e-4,8.595987e-5,-1.117068e-4,-1.314072e-4,-1.89282e-4,-1.850717e-5,-2.143272e-4,-4.866249e-6,-1.45904e-4,-7.550172e-10,-5.703281e-5,-2.623922e-4,-5.477994e-5,-1.040114e-4,-1.126596e-4,-2.589549e-4,3.596167e-5,-1.815647e-4,6.402625e-5,-2.893697e-4,2.815609e-4,4.597533e-4,7.255355e-4,0.001137226,0.001373151,0.001859082,0.002427648,0.002683678,0.002874737,0.003330628,0.01202379,0.07122923,0.1263673,0.1605476,0.06743035,0.00917652,0.002251238,0.001424625,0.00105157,9.858378e-4,0.001181869,0.001340069,7.880688e-4,0.001270129,0.001192084,0.001273588,0.001921838,0.002139919,0.001795704,0.001656735,0.002238946,0.003551382,0.003025938,0.003400298,0.003212656,0.003650866,0.003145649,0.003677187,0.003665314,0.003941361,0.003439701,0.004106974,0.003411907,0.004073703,0.004395334,0.004356768,0.00525744,0.005494489,0.005247262,0.006974553,0.007400732,0.007080972,0.008953461,0.008457965,0.01046066,0.008664166,0.007474071,0.00815093,0.01019261,0.01458311,0.01622036,0.007659801,0.01427793,0.0100065,0.009860007,-0.07648501,-0.1769614,-0.2372196
395.262,-0.003473816,0.001387068,-0.001294889,-4.448923e-4,-3.59393e-4,-0.001343043,-0.00343216,-0.006385556,-0.003575461,-0.002073954,-0.001402555,-0.002454271,3.339486e-4,-0.001238565,-4.828748e-4,-1.124185e-4,8.084572e-4,5.068939e-7,-0.001389895,-0.001134213,-9.70646e-4,-8.425466e-4,-4.070369e-4,-8.699487e-5,-3.534067e-4,-3.79483e-4,-1.78928e-4,-1.400667e-4,-0.001140963,-6.944851e-4,8.793485e-5,-0.001689274,-0.001172656,-1.528121e-4,-0.002133002,-6.533246e-4,-0.004987368,-0.003180726,-0.001499529,-0.002073008,-0.003601866,-0.001026287,5.642272e-5,-0.001191758,6.90393e-4,0.001203262,-5.122527e-5,-0.00232657,-4.822157e-5,-4.649962e-5,-0.00190304,-2.593251e-4,-0.001882383,4.040084e-5,-0.004021334,1.556291e-4,-8.576457e-4,-0.001153717,-1.749987e-4,1.019774e-4,-0.001355281,8.764078e-4,-0.001629781,-0.001792242,-0.001235257,2.416699e-4,-0.001297903,-2.283935e-4,1.104938e-4,-0.001284449,-7.762376e-4,-0.001765303,4.661684e-4,-6.959159e-4,-7.287686e-4,-1.60291e-4,-9.810187e-4,-9.362837e-4,-6.159263e-4,6.207706e-5,-4.421656e-4,-0.001074341,1.899808e-4,-7.408234e-5,-1.432723e-4,-4.211532e-4,-6.138268e-4,-2.166195e-4,-5.01581e-4,-2.674264e-4,-3.7914e-4,-4.823391e-4,2.839907e-5,2.226449e-7,1.307798e-5,-1.636395e-4,-1.454796e-4,-3.270244e-4,-2.23918e-4,-3.235927e-4,-1.547788e-4,-3.760316e-4,1.941189e-4,-1.189467e-4,-5.298068e-4,-3.9389e-4,-1.804921e-4,-5.468807e-5,-2.772171e-4,-1.660225e-4,-2.154268e-4,1.330098e-4,-5.688173e-5,-1.768396e-4,2.709537e-5,-3.322882e-4,-6.970097e-5,-2.686595e-4,7.133879e-5,-1.636353e-4,-3.275471e-4,2.226576e-4,4.484454e-5,7.106306e-5,2.220885e-4,0.00085358160000000005,0.001154149,0.001557959,0.002014804,0.002596588,0.002566963,0.002741685,0.007931923,0.05056,0.1449325,0.09469168,0.08921674,0.0163533,0.001652729,0.001115202,0.001329917,9.764423e-4,9.430878e-4,0.001015755,8.111919e-4,0.001017584,9.430946e-4,0.001137723,0.001410371,9.153788e-4,0.00168259,0.003492195,0.003220218,0.002848094,0.003195454,0.002963795,0.002780177,0.002976074,0.003631807,0.00328525,0.002848971,0.003335884,0.003475019,0.003125941,0.003443488,0.003884134,0.00490218,0.004403775,0.004852878,0.004783495,0.005318571,0.005999089,0.006596201,0.007512894,0.008457017,0.007711101,0.00685918,0.007485378,0.007600847,0.009441865,0.01055753,0.01090538,0.0117067,0.01051059,0.0176111,0.009218576,-0.003529766,0.006853747,-0.01839119,-0.0537219,-0.2569813
397.558,-0.01031473,-0.008760268,0.001851182,-0.003807891,-0.002110218,-0.00685809,-0.003821435,0.002077201,-7.988712e-4,-0.005220554,-0.002058834,-7.684499e-4,-9.422606e-4,-0.002711402,-2.955658e-4,-7.618647e-4,-0.001930645,-5.887477e-4,-0.001118457,-0.002425769,-0.001164252,-7.715877e-5,-0.00128309,-0.001255172,-9.080124e-4,-8.734865e-4,-2.864492e-4,-0.001572533,-0.001192649,-0.001617648,-0.001364992,-0.00380738,-0.003306468,-0.00121518,-0.001469006,-0.004898157,-0.002090832,-0.001701853,-0.003215929,-7.334397e-4,-0.00136493,-0.0018966950000000001,0.001354975,-0.002072418,-0.003643017,-0.002513564,-0.002628127,-0.00222657,-0.001054881,-0.002872007,-1.723854e-4,-0.001564526,-0.001130981,-0.002122431,-0.002008477,-0.001365329,-0.001495196,-0.001200546,-8.520454e-4,-0.001157539,-0.00136474,-0.001492691,-0.00253241,-0.001050623,-9.685123e-4,-0.002039016,-0.001270005,-0.0017066,-0.001300495,-3.409135e-4,-0.002027639,1.476779e-4,-8.412935e-4,-7.517198e-4,-5.75397e-4,-0.001657465,-0.001374142,-0.001130085,-6.851739e-4,-0.001213722,-0.00124038,-0.001567772,-8.36081e-4,-7.060753e-4,3.521061e-5,-0.001081478,-0.001201302,-6.188802e-4,-6.014149e-4,-2.465756e-4,-8.748653e-4,-5.445176e-4,-5.520064e-4,8.000369e-5,-9.488587e-4,-2.956315e-4,-4.156064e-4,-5.94223e-4,-5.818974e-4,-2.009342e-4,-7.089655e-5,-5.847957e-4,-3.10768e-4,-1.919403e-4,-3.107834e-4,-3.687705e-5,-2.612299e-4,-2.40766e-4,-3.022428e-4,-8.910218e-5,-9.819725e-5,-2.779908e-4,-5.563621e-5,-1.684091e-4,-2.344546e-4,-1.277414e-4,6.141345e-6,7.10115e-6,-6.254265e-4,-1.260934e-4,-4.764625e-4,-5.213955e-5,6.155087e-5,2.202693e-4,9.001012e-4,4.425727e-4,0.001071907,0.001225601,0.001755364,0.001622433,0.002084085,0.004490954,0.03508033,0.1199212,0.06752976,0.1277975,0.02706585,0.002679968,8.530985e-4,9.768502e-4,4.709768e-4,8.730991e-4,7.353948e-4,7.897587e-4,0.001039811,7.835015e-4,0.001140031,0.001348891,0.001469468,0.00191366,0.002653607,0.002758501,0.002299144,0.002876962,0.002675755,0.002658783,0.003332811,0.003363266,0.003167016,0.003612862,0.00319075,0.00329716,0.003387178,0.004067976,0.00332918,0.003797936,0.003437886,0.003894528,0.004793745,0.004798356,0.005860748,0.006192858,0.006796476,0.006932395,0.007249841,0.007825936,0.007086362,0.007050285,0.009026546,0.007844901,0.007697484,0.008339853,0.01200242,0.01755218,0.0103646,0.003747086,0.01628334,-0.01302145,-0.107606,-0.2644784,-0.5114292
399.854,-0.003261103,-0.0015393,0.00209825,-0.002088638,-5.641046e-4,-1.223672e-4,-0.003441408,-9.432449e-4,0.001919021,3.354342e-4,-0.004277627,0.0010163,-0.001309978,-0.002544932,-0.001190979,-1.050045e-4,-8.524812e-4,-0.001258233,7.278825e-4,-9.969434e-5,-7.647311e-4,-5.438251e-4,3.821373e-4,-8.168057e-4,-4.57075e-4,6.916876e-4,5.258706e-4,-2.846293e-4,4.484303e-4,-9.934419e-4,-9.00871e-4,-0.001162474,1.291285e-4,0.001388661,-0.004003606,-0.005860333,0.001520667,-2.825527e-4,-0.002111986,-0.00145894,-5.461855e-4,-0.001767308,-2.081668e-4,-0.00361443,-8.49501e-4,0.002610711,0.001066978,-8.074145e-4,-1.386166e-4,-1.312749e-4,-0.001453833,-8.525145e-4,0.001083916,-9.002678e-4,-8.647056e-4,-1.081118e-4,-0.00167865,-0.001353298,-9.494126e-4,1.912292e-4,-9.477878e-5,-5.180387e-4,5.706881e-4,-0.001476813,2.624111e-4,-3.972562e-4,-5.254725e-4,-0.001288498,-9.087571e-4,-8.546251e-4,-0.001095022,-0.00111282,-7.634156e-4,7.42208e-4,-4.619352e-4,-7.946716e-4,1.675978e-4,-7.369642e-4,-0.001514598,-2.913428e-4,-5.660912e-4,-0.001009252,5.88398e-4,-6.760278e-4,-9.633058e-4,9.944692e-5,-3.203443e-4,7.348042e-4,-4.402848e-4,-1.013454e-4,4.273069e-4,1.23856e-4,-2.516629e-4,2.551416e-5,7.382876e-5,-2.483241e-4,-7.973841e-4,-6.579068e-5,-4.207789e-4,-4.053196e-4,-3.877041e-5,-1.991751e-4,-4.632025e-4,-2.639115e-4,2.255057e-5,-2.203751e-5,7.522704e-5,-2.271594e-5,-2.406821e-4,-2.012597e-5,-5.394715e-5,-1.121263e-4,-7.120059e-5,-1.329278e-4,6.153502e-5,-1.058997e-4,-1.071809e-4,1.566005e-4,1.783485e-4,-5.61733e-5,-3.239731e-4,-3.328867e-5,3.415264e-4,5.253869e-4,6.062696e-4,0.001469167,0.001239414,0.001589322,0.001891476,0.001609452,0.002466287,0.02197056,0.09721894,0.06739338,0.130021,0.04780269,0.005920772,0.001654099,9.346904e-4,9.899618e-4,0.001028179,0.002013797,0.001065739,0.001072632,9.64125e-4,0.00124055,0.001180108,0.001193593,0.00166164,0.001450591,0.003223665,0.002580444,0.002853305,0.003274582,0.003218535,0.00308639,0.003764458,0.004054719,0.003669986,0.003531189,0.003570378,0.003779213,0.003929544,0.003812717,0.003859567,0.004452629,0.004243462,0.003950268,0.004797372,0.005885568,0.0061298740000000004,0.005973189,0.006840435,0.008087612,0.007651897,0.008472061,0.007307276,0.007919563,0.008754573,0.009297819,0.008866977,0.01232577,0.009272352,0.007641381,0.01485932,0.01336914,-0.0076681,0.0547896,0.04699379,-0.1301166,0.5132086
402.152,-0.0017308,-0.003756821,0.00131403,6.211917e-4,-0.003012581,-3.57185e-4,-0.007257538,-7.389084e-4,-0.00199773,-0.002607242,5.216052e-4,2.713963e-4,9.393346e-4,-9.912831e-4,8.426822e-4,0.00113871,9.261706e-5,-7.330331e-4,-0.001901672,-5.600948e-4,-5.540045e-4,1.869921e-7,-2.104706e-4,4.655838e-4,-2.677486e-4,1.038847e-4,-5.024805e-4,-0.001236526,-6.663041e-4,-2.46488e-4,-8.128015e-4,-0.001890687,9.631268e-4,0.001080408,-8.845747e-4,5.390854e-4,-6.025979e-4,-0.001058345,0.001664363,9.097968e-4,-4.88498e-4,-0.001751667,-0.002167819,-1.528225e-4,-7.926399e-4,-0.001463678,0.002308712,-0.001647558,-0.001367802,-1.731468e-4,-8.645384e-4,4.031056e-4,-0.001435033,-6.282668e-7,-4.874895e-4,1.434975e-4,-8.33328e-4,9.995513e-5,-7.47118e-4,-9.495267e-5,1.750035e-4,-4.234285e-4,-0.00136802,2.745655e-5,-4.326375e-4,-1.407106e-4,-0.001235353,-0.0011718,-2.323763e-4,4.961249e-5,7.13788e-5,6.964008e-5,3.651885e-4,-4.258366e-4,-5.038014e-4,1.490082e-4,-8.100823e-4,-3.456575e-4,-2.583418e-4,-5.583894e-4,-1.880455e-4,-2.367799e-4,-7.783526e-4,-4.81553e-4,-4.192521e-4,1.449192e-4,-2.386181e-4,-4.338399e-4,-7.538055e-5,-4.805577e-4,1.819722e-4,-7.079629e-4,-4.206958e-4,-1.01243e-4,-5.491034e-4,-1.407017e-4,2.029835e-4,7.580906e-5,2.494725e-4,-3.916001e-4,-2.212641e-4,-3.85841e-4,7.37355e-5,-9.549164e-5,-1.321661e-4,-1.571875e-4,-1.704243e-4,-2.176593e-4,-2.134732e-4,-2.442891e-4,-6.677669e-5,-1.152256e-4,-6.175708e-5,-7.074016e-5,-2.230209e-4,-1.10045e-5,-1.003205e-4,1.944237e-5,-9.531644e-5,1.292594e-4,-3.210783e-4,4.227992e-4,4.297032e-4,9.89686e-4,7.82697e-4,0.001316649,0.001588749,0.001860521,0.00189834,0.001978179,0.01224101,0.07631804,0.08870193,0.1370535,0.05736935,0.01021313,0.00101927,0.001264952,0.001058924,7.23324e-4,5.516323e-4,7.962695e-4,9.296699e-4,8.186035e-4,9.973099e-4,0.001253639,0.001230297,0.001630394,0.002187063,0.002537604,0.003056619,0.002645506,0.002603123,0.003369692,0.003288869,0.003411816,0.003501133,0.003189166,0.003250561,0.002974884,0.003228515,0.003635541,0.003915376,0.003812026,0.003750262,0.003880926,0.00426796,0.004761698,0.005054696,0.005477474,0.005613689,0.006551424,0.005972618,0.006689361,0.007523086,0.009509841,0.00884911,0.008359919,0.01051278,0.00884414,0.01051291,0.01220083,0.01061829,0.006326638,0.0122884,0.002119322,0.005185514,-2.343004e-4,0.003374781,-0.2344762,-0.631935
404.45,-5.750586e-4,-0.002335071,-0.002711516,-0.003706107,-0.005326901,-0.006904222,-0.003397706,-0.004468081,-0.003120676,9.230169e-4,-9.739675e-4,-5.9083e-4,8.841936e-5,-9.2817e-4,9.508243e-4,-9.272385e-4,-8.432143e-4,-8.559718e-4,3.794277e-5,-2.718674e-7,-0.001159599,-2.43758e-4,-2.092737e-4,-2.617546e-4,1.841882e-4,-3.099536e-4,-5.805129e-4,-2.377479e-4,-0.001106337,-6.123626e-4,-0.001735262,-0.002868517,8.943961e-4,-0.00172686,-0.001680215,-0.001142765,-0.002158746,-0.001944625,-0.002882922,4.259363e-4,-3.765295e-4,-0.001636646,-0.001642578,0.001055981,-0.001477332,-0.002424642,-8.131079e-4,-5.150358e-4,-4.979302e-4,-0.001380578,-0.00192558,8.016661e-5,-5.566859e-4,5.020918e-4,0.001302567,-6.090083e-4,-1.033557e-4,-1.668803e-4,1.614598e-4,4.687586e-4,-0.001012763,-0.001232185,-8.860117e-4,-7.851817e-4,-1.433418e-4,-6.431381e-4,2.19083e-4,-4.491358e-4,-0.00117802,-7.445299e-5,-4.853321e-5,-6.069871e-4,-1.596388e-4,-2.456097e-4,-0.00141268,-8.502419e-5,-7.840391e-4,-1.200805e-4,-2.9507e-4,-5.362457e-4,-0.001079132,-6.331832e-4,5.445469e-4,-4.27469e-4,-5.024632e-5,3.217234e-5,1.576902e-4,-2.775662e-4,-4.342904e-4,-5.478139e-7,-7.303804e-4,-7.039162e-4,-2.617572e-4,-1.765979e-4,2.425668e-5,-3.844353e-4,-2.471768e-4,-2.146887e-5,-4.053654e-4,-1.595241e-4,9.52069e-6,2.765915e-4,-5.70653e-5,-5.205037e-4,-3.116524e-4,-8.690215e-5,5.436243e-5,-1.873218e-4,-5.742935e-5,-1.487952e-5,-2.967557e-4,2.533677e-5,-7.018906e-5,-2.154204e-4,-1.056907e-4,-1.208121e-4,4.703102e-5,-3.054842e-4,-2.142852e-5,-6.227969e-5,4.170412e-5,5.525062e-4,4.935635e-4,0.001104781,6.888494e-4,7.033175e-4,9.287813e-4,0.001974041,0.001503659,0.004806997,0.04798081,0.1174827,0.1361225,0.06705615,0.01538795,0.001935843,0.001363949,7.934795e-4,6.711182e-4,4.548861e-4,4.187798e-4,0.001004298,5.360429e-4,6.548384e-4,9.751359e-4,0.001343542,0.001646893,0.001519964,0.001427624,0.002350365,0.002757035,0.002757486,0.002557498,0.003049897,0.003357558,0.003448309,0.00372806,0.003437459,0.004445853,0.003807882,0.003646787,0.003516628,0.003297558,0.003687557,0.004080991,0.004569317,0.004035758,0.004384516,0.004164292,0.005784154,0.005735454,0.007519941,0.007444672,0.006954856,0.007853437,0.007522698,0.008913261,0.008020214,0.00792809,0.008599326,0.009291462,0.01227375,0.01280594,0.01058885,0.01240782,0.01410373,0.01344732,-0.01403521,-0.08594285,-0.1269417,-0.2523581
406.749,0.001942758,0.002203881,0.003782317,-0.003580449,8.820116e-4,0.002605174,0.004676701,2.012358e-4,0.005166339,0.001154496,0.002900549,4.705034e-5,-9.749602e-4,5.432686e-4,0.001388483,0.001892902,0.001347695,8.512168e-4,6.395757e-4,8.142232e-4,-4.03522e-4,5.328472e-4,0.001019033,8.001516e-4,5.079719e-4,7.186411e-4,2.480219e-4,3.860347e-4,0.001149552,8.517879e-4,0.001282668,0.002328613,6.685907e-7,0.004641665,0.001450922,-0.001069439,0.003515113,0.00132536,0.003395261,0.002805901,6.939687e-4,6.298475e-4,0.001784412,6.4883e-4,0.001858504,-2.406834e-4,-4.698173e-5,0.00111659,0.002248913,3.00357e-4,0.002931647,0.00163082,0.001495809,8.818937e-4,0.0015158,7.458371e-4,0.001337374,8.29043e-4,6.09085e-4,-6.193424e-5,9.106443e-4,5.669569e-4,2.347935e-4,4.617542e-4,7.941131e-4,-2.22286e-4,-3.257138e-4,0.001078578,-1.784443e-4,-1.970766e-4,3.105508e-4,7.650794e-4,4.518108e-4,7.731972e-4,4.31454e-4,0.001157008,8.792131e-8,-4.012022e-4,6.635037e-4,-2.477619e-4,9.051606e-4,-3.776847e-4,-1.226919e-4,-1.368853e-4,-3.812246e-4,-2.577227e-4,2.195047e-4,4.131859e-4,-5.177571e-8,4.429112e-4,-5.166274e-4,2.146158e-4,2.724053e-4,1.121062e-4,3.616523e-4,4.631894e-4,-2.568765e-4,5.341792e-5,9.823582e-6,4.064907e-4,1.804937e-4,4.966573e-4,2.026665e-4,-2.354823e-5,-7.738028e-5,1.073369e-4,8.017221e-5,3.338687e-5,9.186214e-5,-2.460125e-5,1.320513e-4,-1.055545e-4,6.975983e-5,-4.198589e-5,1.754889e-4,2.74134e-5,1.983296e-4,4.05786e-7,2.257969e-4,2.164192e-4,6.366178e-4,0.001138797,0.001303634,8.088511e-4,0.001311727,9.563638e-4,0.001382458,0.002055486,0.003799444,0.02628357,0.1084555,0.09438159,0.08692757,0.01969352,0.003271932,0.001943642,0.001388615,0.001154693,9.266737e-4,0.00109059,5.956056e-4,0.001420642,0.001388958,0.001650187,0.001399207,0.001392877,0.001660803,0.001714659,0.002818537,0.002215015,0.002827151,0.003435006,0.002905556,0.003608758,0.003959448,0.003830753,0.004010807,0.003821031,0.003976448,0.00425188,0.004276637,0.004260943,0.004128028,0.004232864,0.004874882,0.004941185,0.00500796,0.005708657,0.005599183,0.006140758,0.006740761,0.007838859,0.00688178,0.008519898,0.008608264,0.008226743,0.01028561,0.01043282,0.009301293,0.01031368,0.01308214,0.01383004,0.01421803,0.01587582,0.01724678,0.02407337,0.03764894,0.05229884,-0.01008462,0.03455206,0.3182047
409.049,0.004633199,0.008842345,0.005677708,0.008405054,0.007862064,0.004092383,0.005911084,0.002746847,2.780015e-4,0.002211895,-0.001340916,0.002543641,0.002801467,0.004987038,0.004563967,0.002229361,0.002068635,0.001640343,0.001637496,0.001935285,4.560538e-4,0.001318719,9.056741e-4,9.909695e-5,0.001388383,9.755824e-4,0.001427558,0.001252523,4.127566e-4,0.001234281,0.00273813,0.003177459,5.655779e-4,0.005308141,0.004742719,0.002775776,0.002713379,0.005738443,0.001733037,0.003248459,0.001691128,0.003739097,0.002271526,0.001283083,9.67606e-4,0.001191819,0.0030591,0.003039603,0.002714038,0.001612249,0.002540304,0.001654629,0.002100787,0.002314377,8.042544e-4,0.002849783,7.115635e-4,0.001574585,0.001553348,0.001906887,9.897551e-4,0.001122819,0.001336279,0.002375984,0.001488884,0.001402498,0.001099176,7.032098e-4,7.037972e-4,0.001047253,0.001129267,0.001445401,0.001453133,0.00139731,0.001387699,8.53748e-4,0.00117663,0.001227935,9.654776e-4,0.001260052,6.203906e-4,0.0011201,0.001398969,8.562062e-4,9.822891e-4,0.001197412,8.070797e-4,5.605771e-4,5.889315e-4,5.663191e-5,5.918184e-4,3.193882e-4,8.594529e-4,7.786831e-4,7.636895e-4,7.332028e-4,8.167675e-4,4.247781e-4,2.654328e-4,5.591215e-4,4.321031e-4,6.583365e-4,3.174835e-5,3.645129e-4,5.533601e-4,2.329202e-4,5.642795e-4,4.741368e-4,3.772801e-4,5.315206e-4,2.702036e-4,2.336959e-4,2.416551e-4,2.9005e-4,3.123918e-4,2.323838e-4,5.196716e-4,3.966827e-4,7.914686e-4,4.268005e-4,0.001017559,0.001135424,0.001821696,9.489581e-4,0.001653554,0.001770802,0.002213354,0.002478894,0.01599633,0.07547469,0.06414985,0.1093028,0.02979959,0.003215942,0.001844359,0.00221975,0.001811959,0.001496755,0.001282365,0.001295657,0.001241398,0.001414365,0.0016412,0.00169114,0.002122629,0.001771818,0.003077045,0.003022533,0.002149776,0.002186051,0.00321045,0.003341595,0.003761011,0.003986732,0.004249895,0.004207048,0.004146776,0.004574427,0.00437117,0.005254209,0.004473594,0.004170109,0.004464636,0.004737874,0.004597359,0.004217344,0.005543749,0.005907577,0.00578728,0.006685804,0.007303291,0.008087734,0.008754251,0.008980663,0.01003605,0.01013955,0.01069588,0.009255147,0.01208465,0.01346002,0.01392542,0.01462209,0.01986492,0.01994236,0.02665825,0.02841237,0.04809941,0.05942669,0.05160786,0.3941128,0.7332109
411.349,0.003121191,0.002829786,0.001380284,-0.001197877,0.002369087,0.00239205,0.001377226,0.007136352,0.001374447,0.00226481,0.001383236,4.832893e-4,0.001639806,0.001266544,2.71142e-4,0.001200074,9.517582e-4,0.001949496,0.0020915,-3.49259e-4,0.001011744,3.54653e-4,3.855235e-4,-6.0514e-4,4.560828e-4,8.215655e-4,2.01508e-5,3.766585e-4,0.001125214,0.001395007,2.706196e-4,0.00136458,0.001486904,7.630961e-4,0.0019841,0.003842161,0.00197748,0.001454477,7.25052e-4,3.597711e-4,0.00140916,0.003533427,6.462016e-4,8.265175e-4,0.001384175,4.707681e-4,-3.240129e-4,3.178566e-4,0.001448889,0.002134009,6.760282e-4,3.881889e-4,4.962622e-4,0.001570907,1.796618e-4,0.001074942,7.684833e-4,2.582101e-4,7.806002e-4,1.210626e-4,0.001837275,9.610273e-4,-2.870986e-4,-6.79406e-4,0.00119236,3.2539e-4,-2.396684e-4,0.001744195,8.433152e-4,5.765004e-4,0.001184119,-1.134323e-4,0.001168211,0.001421456,7.150413e-4,7.590912e-4,3.195152e-4,7.025873e-4,2.090656e-4,0.001280513,8.881139e-5,3.436742e-5,5.622625e-4,8.288498e-4,2.898487e-4,-2.694398e-6,4.739414e-4,7.318218e-4,-8.721657e-5,1.94405e-4,3.109932e-4,5.898928e-4,-7.643583e-5,9.740996e-5,-1.412192e-4,-3.396246e-5,3.157823e-4,2.932554e-4,2.815974e-4,-1.452411e-4,3.427622e-4,2.768818e-4,1.184077e-4,1.451317e-4,7.700184e-5,2.567912e-4,1.157467e-4,2.429518e-4,-1.576802e-5,1.345994e-4,9.016801e-5,1.646965e-4,1.191275e-4,1.83189e-5,5.380912e-5,1.598616e-4,4.156101e-4,3.799712e-4,3.130604e-4,9.720882e-4,0.001035735,0.001151453,0.001289341,0.001463889,0.001427357,0.001441349,0.001430815,0.007911178,0.05292652,0.06165754,0.1103606,0.04699123,0.005979962,0.001327033,0.001393852,9.979023e-4,9.696246e-4,8.02751e-4,0.001202008,8.24782e-4,0.001131815,0.001385721,0.001716115,0.001691903,0.001691909,0.001666063,0.00102782,0.001855407,0.001947401,0.002688989,0.002805183,0.003253592,0.003690241,0.003591686,0.003886662,0.004162723,0.004169761,0.004537256,0.004022904,0.004396928,0.00446256,0.00421918,0.004599194,0.003813388,0.004111512,0.004772022,0.0050936,0.0052021,0.005363721,0.006248812,0.006153691,0.007199556,0.00757556,0.008157254,0.008802068,0.0101391,0.0101884,0.01098624,0.01053864,0.01178297,0.01260515,0.01362502,0.0108539,0.02014622,0.02662836,0.01160262,0.04050047,0.01213727,0.1821647,0.234246,0.8727963
413.651,0.005967589,0.001796606,9.485671e-4,0.005842,0.002776115,0.004150603,0.001786651,0.004285364,0.005547595,0.002731724,0.002994488,0.002270486,0.001498783,0.001469665,9.670039e-4,0.002327602,7.193821e-4,-8.406764e-5,0.002619935,0.001104357,0.002174598,2.349588e-5,1.407721e-4,8.906119e-4,5.108877e-4,7.353094e-4,5.587781e-4,7.057602e-4,8.046938e-4,0.001884086,9.317253e-4,0.00185525,0.003562611,0.003737752,0.001966777,-5.156854e-4,0.001441978,0.001604616,2.57027e-4,1.016511e-4,7.230684e-4,8.63833e-4,0.001381748,9.697845e-5,0.001656466,0.001118014,0.002530423,1.351285e-4,-0.002264963,6.639368e-4,-1.961118e-4,4.62242e-4,6.090385e-4,9.281416e-4,0.001683784,-1.395361e-4,0.001194569,8.023333e-4,8.053624e-4,4.207413e-4,0.001997007,-2.009539e-7,3.399257e-4,9.233136e-4,6.038275e-4,5.916295e-4,7.86938e-4,0.001500243,2.705796e-4,-1.19338e-4,0.001338372,-1.345115e-4,9.624644e-4,7.03873e-4,1.250166e-4,2.645343e-4,2.775986e-4,5.818168e-4,3.967965e-4,4.788141e-4,1.438019e-4,9.218302e-4,3.883996e-4,4.88442e-5,-1.448726e-4,4.526991e-4,4.550738e-5,4.148622e-4,3.167639e-4,5.258423e-4,9.361428e-5,2.599221e-4,-7.258363e-7,2.056633e-4,2.09991e-4,2.691092e-4,6.047105e-4,1.766841e-4,-3.040912e-5,4.513872e-4,2.298144e-4,2.315731e-4,2.351558e-4,1.136709e-4,3.143897e-4,2.474682e-4,2.423567e-4,1.36191e-4,3.584758e-4,1.001323e-4,2.256534e-4,1.550067e-4,1.012723e-4,4.525516e-5,8.283399e-5,2.748702e-4,3.050751e-4,3.594779e-4,4.381147e-4,0.001081042,0.001216972,0.001514556,0.001735333,0.001347662,0.001242947,0.001797684,0.004275135,0.03436202,0.0837186,0.110968,0.0525372,0.01221955,0.001315751,0.001008105,0.001518044,8.097443e-4,6.459824e-4,0.001160681,7.82941e-4,0.001037851,8.16157e-4,0.001243463,0.001490893,0.001735234,0.001915514,0.003039347,0.001336504,0.001497987,0.002751538,0.002920323,0.002704358,0.003298715,0.003140594,0.003284611,0.00405626,0.00401841,0.004425005,0.004080607,0.004796221,0.004616931,0.004537777,0.004565113,0.004647821,0.004672168,0.004719526,0.004442654,0.004872538,0.005106893,0.005874997,0.006046575,0.006738158,0.007428948,0.007295361,0.008158144,0.008410553,0.009210729,0.009324726,0.01034839,0.01130719,0.009267044,0.01159554,0.01253753,0.01651873,0.01503194,0.01989071,0.01184412,0.02372787,0.03410655,0.06919573,0.2617418,-0.1955026
415.953,-0.00654897,-0.003106104,0.001233212,-0.004696131,-0.006962174,-0.005338086,-0.006330985,-0.001573361,-0.004490934,-0.007071541,-0.003697776,-0.002632786,-0.002623175,-0.001450334,-0.003452437,-0.003280531,-0.002266039,-0.001138358,-0.004171332,-9.362031e-4,-0.001955802,-6.023992e-4,-6.962227e-4,-5.739169e-4,-8.747988e-4,-3.927254e-4,-0.001064342,-0.001496414,-2.120983e-4,-0.002152506,-0.001876312,-0.002824952,-0.002610057,-0.001018278,-0.002847122,-0.003064093,-0.004501719,5.796891e-4,-0.003653043,-0.001011186,-0.002095344,-0.002057369,-0.002048083,-9.991801e-4,-0.001402731,-0.002718438,-0.00200048,-0.003381532,4.74594e-4,-9.427392e-4,-9.737207e-4,-0.002206739,-0.003271811,-0.002529251,-0.002014763,-0.001530827,-0.002228349,-0.00202963,-0.001960058,-8.610207e-4,-0.001979828,-0.001884062,-0.00146068,-0.001051525,-0.001520031,-0.001089424,-8.809586e-4,-0.002615187,-0.001653351,-0.001695411,-0.001162578,-6.880423e-4,-0.00140495,-0.001098503,-0.001672269,-7.04289e-4,-7.056191e-4,-0.001148758,-0.001138878,-0.001018256,-6.89758e-4,-2.915179e-4,-6.838746e-4,-6.007198e-4,-7.757023e-4,-3.693226e-4,-4.049141e-4,-9.078132e-4,-6.544361e-4,-6.476256e-4,-3.985755e-4,-4.889827e-4,-4.714908e-4,-3.585774e-4,-8.07025e-4,-4.981919e-4,-5.336763e-4,-2.037509e-5,-4.147817e-4,-6.245894e-4,-3.724029e-4,-2.37377e-4,-2.865417e-4,-7.119544e-4,-4.371616e-4,-2.120411e-4,-5.570211e-4,-1.293178e-4,-2.146901e-4,-2.496319e-4,-2.064072e-4,-1.899619e-4,-2.668125e-4,-1.954107e-4,-3.682514e-4,-9.898598e-5,-3.957063e-4,-1.158813e-4,2.398269e-4,8.960951e-4,7.042872e-4,6.194427e-4,8.840894e-4,5.166279e-4,7.433391e-4,0.001989609,0.01982834,0.07803657,0.06211022,0.06400509,0.01311906,0.0017461,8.276457e-4,6.460914e-4,3.370545e-4,2.121418e-4,2.655282e-4,2.330203e-4,2.750195e-4,4.898782e-4,5.282073e-4,0.004947947,8.365039e-4,0.001159115,0.001409953,8.09971e-4,0.00198528,0.001892973,0.001744711,0.002517849,0.002009796,0.002893828,0.002960321,0.003222359,0.002973209,0.003611338,0.002987975,0.003150383,0.003869045,0.003388963,0.003869157,0.003468635,0.003477249,0.00362813,0.00506861,0.004055496,0.004238514,0.005140911,0.004977111,0.005467873,0.005921207,0.005597364,0.006508216,0.006192155,0.006941591,0.007491597,0.007979489,0.008980983,0.008390306,0.008410663,0.01010641,0.0101216,0.01105941,0.006228255,0.007772484,-0.002126059,-0.002538972,0.003862418,-0.1316866,-0.2268463,-1.013293
418.255,-0.001610883,-0.002842454,-2.025412e-4,4.820419e-4,0.002077862,6.068567e-4,-0.001737377,3.841136e-4,0.001150119,-7.672171e-5,-0.002550133,4.687191e-4,-8.753516e-4,0.001634961,-3.661967e-4,-1.450787e-4,-0.002189273,1.198897e-4,-7.140027e-5,-0.001627266,4.068998e-4,-0.001095211,6.465895e-4,6.030637e-4,-2.679923e-4,-2.708022e-4,-4.467521e-4,-5.855304e-4,2.997444e-4,2.290374e-4,6.046968e-4,0.001074613,-0.003887292,-0.001552365,8.22167e-4,-0.001007021,-0.001908645,-0.002444372,-3.99893e-4,9.476356e-4,-0.001561527,0.001384201,6.730681e-4,4.571406e-5,5.532346e-4,0.001316447,-4.451681e-5,5.260006e-4,5.072272e-4,-0.001049767,-0.001534417,-2.244986e-4,-4.454029e-4,-3.67153e-5,-8.022003e-4,-0.001675851,-9.693968e-4,-2.816652e-4,-0.001630554,7.313557e-4,-2.293248e-4,-3.939467e-4,1.105818e-4,-1.090635e-4,6.689173e-4,-9.162538e-4,-6.388441e-4,-1.487718e-4,-0.001103337,-5.801792e-4,-9.430559e-4,-3.935698e-4,-2.55063e-4,-2.928709e-4,5.69226e-4,-2.979639e-4,7.735434e-5,-3.776448e-4,-1.474843e-4,-4.839258e-4,7.130618e-4,-1.695646e-4,3.618858e-4,-5.129627e-4,-1.716816e-4,-5.923923e-4,5.912735e-5,-2.597868e-4,-1.120416e-4,-2.605933e-5,-1.837154e-4,2.405586e-4,1.339911e-4,-4.836638e-4,1.362905e-4,-4.691281e-4,1.575156e-4,-2.227266e-4,-1.650429e-4,-1.687531e-4,-2.594075e-4,8.401255e-6,-3.5119e-4,8.097116e-5,-3.634807e-5,-1.537912e-4,-1.691661e-4,-2.071065e-4,-1.522471e-4,-4.635866e-5,-3.323462e-5,-1.035528e-4,-2.176702e-4,3.996313e-5,7.136758e-5,-1.00791e-5,3.081105e-4,2.777436e-4,6.201131e-4,9.14068e-4,0.001377105,0.001250602,0.001414747,0.001217633,0.001381147,0.01189253,0.05347715,0.03533343,0.07967794,0.02135575,0.002333381,0.001521395,6.958948e-4,7.174593e-4,4.555234e-4,4.286695e-4,6.284033e-4,5.319449e-4,4.817984e-4,4.658686e-4,0.001285645,9.479065e-4,0.001450655,6.97459e-4,9.427957e-4,0.001205408,0.002298177,0.001987984,0.002536465,0.002529362,0.002882232,0.002615929,0.003293318,0.003434173,0.003574569,0.003683208,0.00394917,0.004460414,0.003904479,0.003747301,0.004297773,0.003694024,0.003699839,0.004272376,0.004299357,0.004220371,0.004199143,0.004342881,0.00547004,0.005461653,0.006018682,0.005579865,0.006656862,0.00644584,0.007576938,0.006876122,0.008398324,0.009827294,0.009258371,0.01064309,0.01009062,0.01059555,0.01307041,0.01117586,0.006990109,0.01699438,0.007118722,-0.012407,-0.03272099,-0.05058331,0.04176694
420.559,0.001062745,0.001081352,-0.003728795,0.001620477,-0.001542287,-0.003139387,-0.003848258,9.616832e-5,-1.73757e-4,4.708125e-4,3.61288e-4,2.113828e-4,1.247009e-4,-0.001059612,5.181156e-4,-5.248644e-4,-4.331259e-4,-8.72199e-4,-7.00971e-4,-8.81453e-4,8.074471e-5,-2.258188e-4,-1.549535e-4,-4.100985e-4,3.410516e-4,-1.339411e-4,4.425266e-4,-4.400526e-4,0.001139197,-2.840033e-5,7.510913e-5,-9.181515e-4,0.001005902,6.412692e-5,5.422082e-4,-5.597463e-4,0.001554652,2.564578e-4,-6.427253e-4,-3.950793e-4,0.001046197,0.001368424,1.425157e-4,-6.962303e-4,-5.467992e-4,9.036655e-5,-4.429636e-4,-3.469361e-4,-5.437657e-4,1.59571e-4,3.414461e-4,7.781616e-4,4.760434e-4,3.225553e-4,-9.992467e-4,5.63894e-4,-1.590613e-4,-2.156687e-4,-2.089405e-4,-2.873902e-5,6.253069e-4,1.114614e-4,-6.296888e-4,-4.040622e-4,7.952887e-4,2.58913e-4,6.577501e-4,-6.122193e-4,7.15128e-5,-1.143264e-4,9.780019e-4,-1.506665e-4,-6.950954e-4,3.913023e-4,2.202175e-4,-1.96056e-4,2.103842e-4,2.06072e-4,-3.822119e-4,5.494316e-4,6.91702e-5,-3.347273e-5,3.578988e-4,3.639063e-4,4.631825e-5,-3.915179e-4,-4.676855e-4,7.131918e-4,1.803173e-4,3.739429e-4,1.322585e-5,5.392481e-4,2.398971e-5,4.423627e-4,-2.584124e-4,4.326165e-5,3.8463e-4,3.205036e-4,-7.685097e-5,9.265816e-5,3.544198e-5,-1.570267e-4,6.047129e-5,-2.192946e-5,1.219074e-4,-7.414719e-6,1.268428e-4,-6.819193e-5,-9.936937e-5,2.760359e-5,4.905085e-5,-7.494791e-5,3.250864e-5,1.304215e-4,8.007678e-5,2.953686e-4,4.952247e-4,6.621073e-4,5.939826e-4,9.282317e-4,0.00158267,0.001183572,0.00104409,0.00148383,0.007011015,0.0406905,0.03697066,0.08446191,0.03162234,0.004480048,9.671769e-4,0.001131712,5.701455e-4,6.645098e-4,5.8183e-4,4.67336e-4,6.29668e-4,8.255735e-4,0.001440183,9.580216e-4,0.001287574,0.001123625,0.001704334,0.001508314,0.002143857,0.00148377,0.002531198,0.002440771,0.002511264,0.002698005,0.003110135,0.003353721,0.003452867,0.003830373,0.003623745,0.003804366,0.004092717,0.003735881,0.003843835,0.004379722,0.003898498,0.004448519,0.004340117,0.004472885,0.004364134,0.005165987,0.005037221,0.004906805,0.006318742,0.005388764,0.005830076,0.006206723,0.007179205,0.006524669,0.00821803,0.007403066,0.01026315,0.009428739,0.009426253,0.0121339,0.01189217,0.01149738,0.01226354,0.01083371,0.01950964,0.02408955,0.02886496,0.02798897,0.06100423,0.1151434,-0.1943995
422.863,0.001051216,-0.001818926,5.843818e-4,-0.001037827,8.129885e-4,0.005434734,-0.002493096,0.002851537,-4.323889e-4,0.001921818,7.728239e-4,0.001584152,0.001389498,-4.988618e-4,0.001383761,0.001038055,0.001330091,0.001217115,0.001594155,-2.41229e-4,9.034484e-4,8.922549e-5,-1.912534e-5,3.505174e-4,5.625662e-4,3.787437e-4,4.574397e-4,4.736527e-4,6.981437e-4,-3.365316e-4,0.001109169,9.098964e-4,0.002867673,2.695413e-4,3.355586e-4,0.002464998,0.002033065,3.560933e-4,2.443857e-4,5.383824e-4,-4.926504e-4,8.703635e-4,0.002963428,9.19815e-4,-4.507577e-4,0.001288948,9.637421e-4,-0.001072871,0.02393981,0.00126493,2.620862e-4,-5.51043e-7,-1.450944e-4,7.220011e-5,0.001058927,-3.266346e-4,6.341484e-4,5.205682e-4,-1.458638e-4,-1.704041e-4,-6.143159e-4,-4.95269e-4,2.719461e-4,1.334308e-4,3.153772e-4,-5.125497e-5,2.763347e-4,5.339888e-4,-7.043924e-5,-5.899694e-4,3.517517e-4,6.481041e-5,3.352831e-4,3.273232e-4,-2.176707e-4,-2.522516e-4,3.973016e-4,3.891725e-4,-1.790945e-4,3.578448e-5,1.247909e-6,1.997036e-4,3.224464e-4,-1.714947e-4,-1.060983e-4,1.349162e-4,2.31935e-4,-1.270002e-4,1.646259e-4,3.335651e-4,-2.696185e-4,-2.106888e-4,-2.751798e-4,1.95949e-4,1.115619e-5,3.844297e-4,3.192383e-4,3.768037e-4,4.666971e-4,-8.189732e-5,2.368177e-4,7.36847e-5,5.250996e-5,3.979062e-4,2.058964e-4,2.552647e-4,-1.593978e-5,1.65488e-4,1.718811e-5,2.408508e-4,3.226132e-5,1.907889e-5,1.005368e-4,1.72329e-4,3.335775e-5,3.429542e-4,7.648849e-4,5.709106e-4,9.775714e-4,8.537754e-4,0.001123583,0.001073343,0.001400909,0.003309082,0.02725487,0.07388444,0.08170226,0.04111792,0.006971535,0.001300651,9.156012e-4,5.628661e-4,7.150069e-4,5.955751e-4,6.455361e-4,0.001004024,0.001068045,5.378723e-4,0.00137557,0.001335965,0.001236428,9.755206e-4,0.002008319,0.001802741,0.001806189,0.001342791,0.002505761,0.002466794,0.00248381,0.002676894,0.002688208,0.003357937,0.003486873,0.00324789,0.003824829,0.003883377,0.003693405,0.004515033,0.004562622,0.004025538,0.004343658,0.004130433,0.004338146,0.00478426,0.004477231,0.004664025,0.004899638,0.005122033,0.005412948,0.005506295,0.00583257,0.006468754,0.007012928,0.007435851,0.007825351,0.009018455,0.009162688,0.008262204,0.01003707,0.01115752,0.009185988,0.01075755,0.01206085,0.01791882,0.01662985,0.01290497,0.01577607,0.04985695,0.01387482,0.284133,0.08292252
425.168,-0.002913484,2.11546e-4,-9.18316e-6,0.003635094,-0.001004342,-0.00204004,-9.872829e-4,-8.416486e-4,-8.554414e-4,3.086291e-4,5.873441e-4,0.001398845,0.001411871,1.977974e-4,-0.001214512,-4.196765e-4,-1.265741e-4,-3.105973e-4,5.481164e-4,6.834089e-4,-2.098795e-4,-3.752048e-4,5.684358e-5,-1.276593e-4,6.850514e-4,-8.418572e-4,-1.507119e-4,-4.492593e-4,-6.228151e-4,1.385267e-4,-3.657143e-4,-4.250879e-4,4.623658e-4,-6.530216e-4,-6.610503e-4,-9.124744e-4,-0.001357252,0.001106434,-8.216228e-4,8.205565e-4,-0.00146056,7.644007e-4,-0.001301609,-5.00641e-4,0.001025821,-6.149235e-4,-4.33397e-4,-8.901212e-4,-2.85451e-4,-4.297725e-4,-7.375042e-5,-0.001123496,-0.001971414,-7.342032e-4,1.34549e-4,-0.001165592,2.822355e-4,-6.343947e-4,-9.926533e-4,-5.609033e-5,-5.298628e-4,-7.346016e-4,-3.211325e-4,2.123768e-4,-4.671651e-4,5.316799e-4,-5.68199e-4,7.076166e-5,2.948782e-7,-2.241242e-4,-5.855326e-4,-7.607745e-4,-4.116005e-4,-2.009107e-5,-8.647104e-4,0.001055389,-6.539072e-4,-4.918066e-4,4.946883e-7,-7.623443e-4,-8.757192e-4,-8.164392e-5,1.7474e-4,6.201284e-5,-1.20353e-4,-5.431924e-4,2.572637e-4,-3.764842e-4,5.015364e-4,-3.907566e-5,1.395806e-4,-2.814047e-4,1.541148e-4,-1.171192e-5,-3.297015e-5,-3.16916e-5,1.220387e-4,-2.543887e-4,5.655481e-5,-4.476043e-5,-1.036851e-4,-9.6867e-5,4.432366e-5,-3.556907e-5,-4.929165e-5,-4.571401e-5,-1.150054e-4,1.261133e-4,2.778799e-5,1.799481e-5,-4.137225e-6,1.888815e-5,-4.36817e-5,1.576745e-4,5.210381e-5,4.881298e-4,5.538744e-4,8.548478e-4,6.219573e-4,7.436678e-4,0.001206971,9.55725e-4,0.00147738,0.01711319,0.05721404,0.08018816,0.04655798,0.00949623,0.001375192,5.392967e-4,9.039606e-4,5.179212e-4,4.245036e-4,6.75816e-4,3.8833e-4,4.485229e-4,3.700243e-4,8.910747e-4,0.001038482,6.259958e-4,9.526972e-4,0.001608459,0.001198788,7.025077e-4,0.00149099,0.002198451,0.001727996,0.002289744,0.002414557,0.002508758,0.002813652,0.002885483,0.003077973,0.003492261,0.003355098,0.003746442,0.003646718,0.003704466,0.004149548,0.004021836,0.003963845,0.004487838,0.004069421,0.003991417,0.004750693,0.004102859,0.004756366,0.004277706,0.004605663,0.005664967,0.005362822,0.00652167,0.006665663,0.007491175,0.00704046,0.008379966,0.008548563,0.007896167,0.01005581,0.009446088,0.009221367,0.01049782,0.01118698,0.01248176,0.0102636,0.01084817,-0.01495438,0.007680524,0.01585923,-0.01533257,-0.00254248
427.474,9.977114e-5,8.361593e-4,4.776068e-4,0.001841718,2.952004e-4,-0.004427083,-8.673638e-4,2.919049e-4,1.265108e-6,1.615873e-4,-6.945927e-4,-0.001661286,3.60407e-4,-4.369123e-4,5.016753e-4,9.081156e-5,-2.480921e-4,0.001112533,2.703421e-4,6.738398e-4,-5.174639e-5,3.269712e-4,-2.62111e-4,7.20319e-4,1.903098e-5,-4.437426e-4,-1.465741e-4,9.598158e-5,6.104217e-5,-5.474623e-4,-6.473613e-4,-4.177608e-4,7.409522e-4,-8.294992e-4,5.908815e-4,9.633079e-4,-4.830243e-4,-1.513821e-4,-7.649155e-4,-9.996723e-4,0.00125355,6.603871e-4,-9.17664e-4,4.531878e-4,-3.513657e-4,2.635826e-4,-0.001028061,-8.379897e-4,3.679289e-4,5.010295e-4,-0.001393888,-1.441265e-4,3.56695e-4,-2.051464e-4,5.013432e-4,3.390706e-5,2.767111e-6,-3.563289e-4,0.001155244,7.56323e-4,4.720602e-4,-7.787628e-4,-1.043662e-4,-7.279551e-4,2.054673e-4,4.504079e-4,-9.604954e-5,-3.770968e-4,-7.311513e-4,-3.543261e-4,5.597063e-4,1.893508e-4,1.242931e-4,-4.753247e-4,5.068165e-4,-3.632184e-5,-5.164166e-4,2.709624e-4,-3.148528e-4,5.317211e-4,1.17922e-4,-2.905688e-4,-3.053201e-5,2.300541e-4,-2.228484e-4,1.756071e-4,2.546632e-4,-5.51309e-4,2.144467e-4,2.216297e-4,-3.496049e-4,1.58387e-4,3.394875e-4,-3.596138e-4,-4.015729e-4,-1.87503e-4,-3.208888e-4,-7.700467e-5,-1.943069e-4,-1.51389e-4,-2.904854e-4,1.598533e-4,5.134366e-5,-2.606202e-4,1.244871e-4,-8.08178e-6,2.134866e-4,-1.463349e-4,1.373119e-4,-2.652654e-5,3.925395e-5,-1.108921e-4,-1.56797e-5,1.858146e-4,2.873773e-4,3.89339e-4,0.001015093,6.591894e-4,8.514737e-4,0.001144829,0.001185599,0.001077464,0.00931507,0.04525447,0.0754025,0.05440215,0.01430321,0.001942672,7.63329e-4,4.703565e-4,3.066028e-4,3.149101e-4,7.23281e-4,7.199431e-4,5.621237e-4,7.789084e-4,6.164511e-4,0.00106244,0.001124202,0.001148977,0.001474932,7.037202e-4,0.002661946,0.00197486,0.001825001,0.002098314,0.002391885,0.002201859,0.002614088,0.002937976,0.003070744,0.003143461,0.003336737,0.003529658,0.003851573,0.003911078,0.003923918,0.003389807,0.003723939,0.003692515,0.004203493,0.003993765,0.00406443,0.003961859,0.004632595,0.004192109,0.004688508,0.005267248,0.004992736,0.005419376,0.005680508,0.007031936,0.007216513,0.00684464,0.006683221,0.00988969,0.007949907,0.007490679,0.0097022400000000009,0.009934586,0.01026153,0.01137242,0.0156942,0.01476409,0.00738184,0.01995071,7.725351e-4,0.02078664,-0.06137638,0.01221788,-0.6093288
429.781,-0.005890266,-0.004126581,-0.00318031,-0.003457406,-0.003631457,-7.42923e-4,-0.004141694,-0.003475071,7.544521e-4,-0.003764445,-0.001488892,-2.78483e-4,-5.876827e-4,-0.00100889,-0.001728717,-0.003459815,-0.001363596,-4.1519e-4,-7.02774e-4,2.835409e-5,-9.220455e-4,6.674361e-4,-8.508352e-4,-6.583147e-4,-1.77148e-5,1.277982e-4,3.138269e-4,-3.626241e-4,-6.7515e-4,-1.35006e-4,-0.001033579,-4.574281e-4,-0.001750798,-0.001903965,-0.002581023,1.79242e-4,-0.002332038,-6.885674e-4,-8.49815e-4,-0.001129384,-0.001662772,-0.001166616,-0.001541643,6.230442e-4,8.739206e-5,-0.001326442,-1.278805e-4,-0.002855035,-9.583412e-4,-6.865768e-4,0.001121028,-0.001733983,-6.282854e-4,-0.00197691,-0.001051346,-5.679655e-4,-9.748941e-4,-7.656796e-4,-5.971264e-4,-4.136257e-4,-0.001402443,-5.833836e-4,-1.296576e-4,-5.135707e-4,-7.831957e-4,-5.43543e-4,-8.670881e-4,-3.026904e-4,-7.679015e-4,-0.001094459,-3.391079e-4,1.450816e-4,-1.584332e-4,-6.478169e-4,-0.00134264,-5.984095e-4,1.46111e-4,-4.627227e-4,-7.113279e-4,-3.716967e-4,-0.001018801,-5.909958e-4,-8.073586e-4,-4.826281e-4,-4.556606e-4,-6.285769e-4,-5.577557e-4,3.134171e-4,-2.644967e-4,-1.641914e-4,2.360538e-4,-3.700387e-4,2.32051e-4,-2.887577e-4,-3.108358e-4,-3.189802e-4,-2.577784e-4,-1.874354e-5,-5.774064e-4,-4.66554e-4,-2.95467e-4,-3.625358e-4,-4.105722e-4,-7.63105e-5,-1.117328e-4,-1.917402e-4,-1.330906e-4,-2.012113e-4,-2.143484e-4,-1.576135e-4,-3.554986e-5,2.018712e-4,3.898858e-6,1.512976e-4,4.179842e-4,4.769465e-4,9.663909e-4,5.625233e-4,0.001112728,8.356183e-4,0.001222017,0.007017315,0.03341988,0.07077352,0.0595518,0.02045576,0.002839534,6.138314e-4,5.254637e-4,6.641984e-4,2.073883e-4,1.849373e-4,3.454828e-4,-9.316278e-5,5.467553e-4,3.467301e-4,3.119411e-4,6.6519e-4,0.001119497,0.001031568,6.434848e-4,7.500929e-4,0.0016688,0.001976729,0.001474821,0.001939238,0.002696599,0.002363131,0.002544419,0.002566218,0.002864817,0.003030839,0.003169025,0.003461265,0.003208533,0.003462423,0.003246697,0.003850456,0.00397283,0.003945444,0.003514076,0.004264334,0.003643363,0.0037674,0.003901299,0.003604171,0.004678988,0.004225061,0.004627255,0.005463352,0.004995366,0.005761839,0.007178023,0.006596254,0.006735695,0.008600645,0.00953994,0.009063866,0.008313303,0.009564801,0.009934445,0.009775109,0.01131791,0.008502995,0.002703611,0.004744247,-0.0105377,-0.01550162,-0.1193539,0.01218127,-0.9423266
432.088,0.002720732,0.00236246,-0.002595829,-9.96417e-4,-1.986214e-4,-0.003524281,0.003085696,0.001201145,4.185e-4,-0.001761892,-0.001196371,-3.947352e-4,-3.881788e-4,-9.105055e-5,5.078473e-5,-6.798883e-4,-7.805409e-4,-1.48172e-4,5.642921e-4,6.624294e-4,-5.072103e-5,-4.075401e-4,-2.20707e-4,-7.615038e-4,-4.492822e-4,-6.724611e-4,-2.355122e-4,8.338527e-4,-6.09074e-4,5.924446e-4,2.504959e-4,-2.718749e-4,-0.001686392,-0.00239929,-0.001282959,-0.001119784,4.208457e-4,-1.002878e-4,-0.001174647,4.803794e-5,0.001089228,0.001299048,4.076902e-4,-5.716925e-4,5.641615e-4,6.436824e-4,-2.106646e-4,6.175714e-4,4.421058e-5,-5.703412e-4,-6.858474e-4,-3.526322e-4,3.498218e-4,6.964358e-5,-0.002550868,-1.87844e-4,-0.001545187,6.466298e-4,-3.942539e-4,1.66381e-4,-3.419885e-4,6.318018e-7,-3.615527e-4,9.508815e-4,-9.039056e-4,9.848458e-5,6.733079e-4,-2.308828e-4,-5.841391e-4,4.425471e-5,5.929632e-4,-6.060927e-5,2.016799e-4,-4.859121e-4,7.469357e-4,-2.215064e-4,-3.262776e-4,4.634913e-4,-1.671616e-5,1.014132e-4,3.452093e-4,-4.92095e-4,1.409864e-4,1.513879e-4,-3.946333e-4,-3.973087e-4,4.103394e-7,5.459964e-5,3.292544e-4,-1.641998e-4,-3.315171e-4,-2.609878e-4,1.037938e-6,1.780969e-4,-2.121289e-5,2.154746e-4,2.175937e-4,2.667607e-4,1.838224e-4,-6.064464e-5,-2.266121e-4,-4.689752e-5,5.777366e-5,2.085666e-4,-1.185515e-4,-1.982289e-4,-9.028263e-5,2.65713e-5,-1.093385e-4,8.732564e-5,6.5598e-5,2.003253e-4,6.562355e-5,2.995926e-4,3.196144e-4,6.197734e-4,0.001483488,7.712962e-4,9.542101e-4,0.001253616,0.004541939,0.02898449,0.06719342,0.06855418,0.02750786,0.004954578,6.948214e-4,5.780899e-4,7.231093e-4,7.709528e-4,0.00028525860000000003,6.661073e-4,4.89078e-4,2.818771e-4,6.023573e-4,2.543274e-4,0.001189138,0.001369735,9.292595e-4,9.448703e-4,0.001431164,0.001312057,0.001743007,0.001662145,0.001751178,0.002196007,0.002515363,0.002648052,0.002409098,0.002358065,0.002863451,0.003023668,0.003376443,0.003527414,0.003663972,0.003813879,0.003848345,0.003724239,0.003963062,0.003989144,0.003880308,0.004245198,0.004044128,0.003864926,0.003699982,0.004542849,0.004750352,0.004584562,0.00499837,0.005326944,0.005793459,0.006520812,0.006458902,0.007420725,0.006868058,0.00884232,0.008713371,0.01046494,0.008958504,0.007837828,0.01120665,0.007320954,0.01236759,0.006208595,0.01502887,6.623961e-4,0.01215744,0.03416113,0.01892374,-0.2619434,0.2555747
434.396,0.00513629,0.001333466,0.00103516,0.001174368,0.003798014,0.00474602,0.001266806,0.002195547,8.574368e-5,0.001268053,0.001197862,-3.584156e-5,0.001175833,0.00129869,-0.001176576,-0.002444331,0.002140062,6.419873e-4,6.29526e-4,6.603236e-4,4.83783e-4,-2.172756e-5,-4.410253e-4,8.823697e-5,1.260054e-4,0.001088615,2.023071e-4,3.585615e-4,5.993815e-4,-1.340061e-4,-6.00212e-4,2.792315e-4,0.002746325,8.87924e-4,9.003369e-4,-7.05352e-4,-1.588975e-4,0.002387671,-1.882195e-4,9.385158e-4,9.464646e-4,0.001297024,-0.001035435,0.001898878,9.953548e-4,0.002216896,0.001131766,8.220332e-4,7.19388e-4,-3.800736e-4,-9.72658e-4,-1.417427e-4,5.601363e-4,-4.723934e-4,0.001472718,3.501557e-4,9.201682e-5,-6.435254e-4,5.974609e-4,-4.657593e-4,8.812232e-5,7.12622e-4,1.842952e-4,0.001051922,3.789117e-4,0.00125247,2.564131e-5,1.83081e-6,5.630628e-4,0.001088604,4.430319e-5,-2.035084e-4,2.226127e-4,2.161098e-4,6.89099e-4,1.692905e-4,6.307859e-7,-3.159957e-4,5.361082e-4,6.827599e-5,6.553988e-4,4.821889e-5,6.037826e-4,4.820493e-4,8.918827e-5,5.444993e-4,4.164865e-4,-2.666257e-5,4.209386e-4,-7.39014e-5,5.069034e-4,-1.768952e-4,1.239788e-5,-3.148794e-5,-2.129843e-4,5.32312e-4,-6.84495e-5,3.328712e-4,-1.726388e-4,1.147532e-4,2.776521e-4,2.275641e-4,-1.426802e-4,7.507989e-6,1.202429e-4,2.486855e-4,-1.044158e-4,1.224248e-5,1.952916e-4,1.829829e-4,1.353736e-4,4.668731e-5,4.353742e-4,2.833877e-4,7.758968e-4,9.182209e-4,0.001527862,9.133973e-4,7.096131e-4,0.001842735,0.02303355,0.06520519,0.07639992,0.03911582,0.007515438,8.333405e-4,7.935978e-4,7.737033e-4,6.120706e-4,6.578581e-4,4.188019e-4,5.491049e-4,5.648607e-4,8.253834e-4,6.264148e-4,8.385317e-4,9.90697e-4,0.001092776,0.001273104,7.04658e-4,0.001971411,0.001680754,0.002079573,0.001856682,0.001915851,0.001886074,0.002619021,0.002608078,0.002860339,0.002709403,0.003431342,0.003305387,0.003526458,0.003532269,0.003508441,0.00328569,0.003810912,0.003901512,0.004259463,0.00427985,0.003753828,0.003841544,0.003969036,0.004463443,0.00443088,0.004247346,0.004567932,0.004726447,0.005434837,0.005292116,0.006558191,0.006672393,0.00698873,0.007572243,0.007936486,0.008754729,0.009660816,0.01089535,0.009481167,0.009794438,0.01031679,0.01169101,0.01235676,0.01567753,0.02081917,0.009171515,0.02076214,-0.005509632,0.1034215,0.1205727,0.5231065
436.705,0.00310469,0.001226019,0.003023204,0.003870541,0.002325096,0.006106905,0.002988798,0.001291349,0.003393949,0.001995763,7.412829e-4,7.990236e-4,0.001132886,3.86038e-4,0.001761425,5.815339e-4,2.092159e-4,3.397242e-4,1.305718e-4,-2.992211e-5,-2.023458e-4,3.618191e-4,9.338049e-4,4.399013e-4,4.118403e-4,6.143297e-4,8.184717e-4,6.399269e-4,4.456958e-4,0.001044592,0.001170917,0.001190602,0.002454797,0.001456185,9.610741e-4,-1.725918e-4,0.0013097,5.321477e-4,6.525827e-4,9.566825e-5,-3.264054e-4,5.520872e-4,-7.166541e-4,5.758176e-4,7.773988e-4,1.745415e-4,4.583581e-4,4.501104e-4,4.016439e-4,-0.001133627,3.211725e-4,-5.265071e-4,6.624077e-4,4.748098e-4,1.677398e-4,7.54595e-4,9.393091e-4,-2.616732e-4,3.66735e-6,0.001178591,9.211037e-4,2.89973e-4,7.267081e-4,2.322205e-4,3.716428e-6,2.448216e-4,6.47113e-4,9.752287e-4,3.385758e-4,8.800118e-5,2.972594e-4,2.26541e-4,2.42295e-4,2.561058e-4,1.545245e-4,5.026097e-4,3.261463e-4,8.664499e-4,7.081429e-5,1.855251e-4,-7.615897e-4,1.753403e-4,5.396912e-4,-3.420188e-4,6.276994e-4,4.723543e-4,2.768873e-4,6.070295e-4,9.298583e-4,-5.97181e-5,3.21073e-4,3.572963e-4,-2.150878e-4,1.569465e-4,1.168477e-4,-9.141913e-5,1.480267e-4,1.521532e-4,2.194165e-4,3.067767e-4,-2.459202e-5,3.982962e-4,1.648357e-4,3.524428e-4,2.016502e-4,5.607556e-4,-8.075954e-5,3.428918e-4,3.64474e-5,-4.115872e-6,4.133014e-4,4.652558e-4,5.870705e-4,4.34337e-4,6.5042e-4,0.00100119,0.00171178,0.001017263,0.001592779,0.01117004,0.06252399,0.08579544,0.05291035,0.01271323,0.001387656,6.321207e-4,7.048423e-4,5.672733e-4,4.656529e-4,4.62931e-4,8.332288e-4,6.620862e-4,8.170464e-4,0.00104212,8.145802e-4,0.001056527,7.747027e-4,0.001018965,0.001377387,0.001351052,0.001470169,0.001686081,0.001776722,0.002273544,0.002184211,0.001739168,0.002217562,0.002820903,0.002755724,0.003130807,0.002747078,0.003145588,0.003644458,0.003220158,0.003896719,0.003684429,0.00378928,0.003810713,0.003906461,0.003896117,0.004453048,0.004346899,0.004367017,0.00466136,0.005016898,0.004639756,0.004864415,0.005258683,0.005102052,0.005395389,0.006297129,0.00692755,0.007305626,0.007400138,0.00802167,0.008460469,0.009274965,0.009897826,0.009478462,0.01073171,0.01066437,0.01356156,0.01534691,0.01594643,0.01721771,0.01389631,0.0231915,0.06870879,0.08817458,0.08088405,0.6203908
439.015,-0.00240903,0.002235316,0.004318398,0.003580153,0.003566134,-4.09738e-4,0.003458206,0.003273132,-6.525611e-4,0.003156886,0.003332393,0.001114406,1.991226e-4,0.00200162,0.002870222,4.900125e-4,0.001918351,0.002163338,2.276385e-4,-1.175447e-4,5.804869e-4,0.001483288,-6.550399e-4,9.800792e-4,6.061448e-4,1.796277e-4,4.005887e-4,-2.082383e-4,2.691481e-4,3.735389e-4,-0.001013613,5.581792e-5,4.410289e-4,0.001328562,0.002357792,-5.200714e-4,-7.83692e-4,0.001204015,8.803955e-4,0.001209972,0.002811137,0.002156149,0.001564491,-4.28538e-4,0.00214313,0.001692272,0.002325963,0.001424708,0.001463607,0.00108503,6.749389e-4,1.364894e-4,7.992428e-4,-0.001104321,7.826533e-4,9.103028e-4,0.001027202,3.515537e-4,0.001520661,-0.001248514,5.760017e-4,-3.114249e-4,4.923007e-4,-3.996959e-4,4.518215e-4,-2.394981e-5,7.398521e-4,3.486785e-4,-3.750426e-4,5.833803e-4,0.001672787,6.116348e-4,4.787444e-4,4.500171e-4,5.902751e-4,1.332349e-4,4.322472e-4,-3.291837e-4,8.067879e-4,6.872097e-5,2.010267e-5,4.737247e-4,-2.791363e-5,2.998296e-4,1.47135e-4,3.848659e-4,6.325756e-4,-2.269995e-4,0.001068135,2.577607e-4,2.855872e-4,4.381372e-4,2.066008e-4,1.121886e-4,4.327874e-4,8.15475e-5,4.025136e-5,-1.770686e-5,1.189437e-4,2.188469e-4,3.250564e-4,3.730218e-4,2.847561e-4,-9.509886e-5,1.304708e-4,2.450576e-4,1.320743e-4,7.442256e-5,1.19957e-4,-4.008772e-6,3.025705e-4,2.216479e-4,4.693897e-4,5.713318e-4,9.637899e-4,0.001158442,0.001232908,9.398352e-4,0.00772748,0.04014006,0.09190321,0.06573146,0.02190145,0.002315579,6.782045e-4,3.009946e-4,4.664579e-4,5.509627e-4,4.903395e-4,6.002729e-4,5.006614e-4,5.940538e-4,6.184672e-4,0.001230081,0.001024688,0.001107635,0.001025346,0.001608575,0.001675361,0.001766289,0.00115094,0.00245708,0.002040336,0.002129616,0.002570298,0.002674416,0.002500799,0.002805698,0.003070089,0.003344231,0.003018004,0.003223007,0.003456709,0.003367465,0.003574757,0.003635823,0.004118641,0.004144809,0.004075077,0.003859341,0.003765227,0.004450354,0.004286787,0.004484109,0.004547136,0.004440969,0.004792311,0.004842839,0.005499683,0.005711942,0.005923732,0.006518179,0.00697983,0.006494506,0.008236469,0.00832161,0.009199933,0.009566207,0.00986181,0.008817089,0.01311431,0.01219433,0.01418831,0.01149642,0.01780561,0.02860447,0.02851397,0.02878418,0.09003605,0.2306009,0.8454574
441.325,0.00167013,-7.035604e-4,9.919503e-4,-0.002043624,-1.032743e-4,-0.001454893,-0.002227443,-3.326055e-4,-7.276958e-4,-6.200996e-4,0.001178599,-9.32053e-4,-0.001414214,-0.002858583,-1.909072e-4,0.001106588,-7.214719e-5,8.543043e-4,5.18703e-4,-3.719355e-4,-5.993285e-4,4.82736e-4,4.51757e-4,-8.717985e-5,-3.693363e-4,-1.070538e-4,-7.293861e-4,-4.120563e-4,-5.61174e-4,-2.104047e-4,7.735109e-4,-6.668001e-4,-9.39614e-4,-6.680282e-4,-0.003272645,0.002034772,5.15643e-4,-2.946394e-4,-3.235962e-4,8.329999e-4,-4.122507e-4,-5.946371e-4,-3.520665e-4,-0.001548506,-5.066054e-4,-5.382111e-4,-0.002025156,-5.25623e-4,-0.00151386,-7.47211e-4,-0.001310893,-0.001556201,1.419969e-4,-6.618081e-4,-6.026268e-4,-7.016772e-4,-7.97805e-4,3.279478e-6,-2.452335e-4,2.193466e-4,2.542998e-4,-4.936283e-5,2.078801e-4,-6.722498e-4,2.769355e-4,-7.195501e-5,-0.001006489,-9.995748e-4,-6.803097e-4,-2.117324e-4,-5.554785e-5,-2.591026e-4,-8.586121e-4,-9.004232e-5,-4.269957e-4,-8.007476e-4,2.866259e-4,-3.779165e-4,7.137914e-5,1.342098e-4,-4.46849e-5,-0.001012012,-2.397473e-4,-1.740025e-4,-2.646067e-5,-1.628949e-4,-2.711687e-4,4.065729e-5,2.634323e-5,-9.163041e-5,1.382843e-4,-3.351842e-4,1.605687e-4,-2.906983e-4,-1.358622e-4,-2.407572e-4,1.088208e-5,-2.695824e-5,-2.219385e-4,-3.595405e-4,-3.701986e-4,1.391373e-4,-2.872909e-4,5.574852e-5,-1.118641e-4,-7.956482e-5,-2.313817e-4,-8.712746e-5,1.697366e-5,1.80011e-4,1.964488e-4,2.338476e-4,4.049653e-4,3.816852e-4,5.395378e-4,0.001054311,0.001344448,0.003829359,0.02805518,0.06754923,0.08575922,0.02918351,0.004356469,4.469767e-4,4.061147e-4,2.71056e-4,2.600808e-4,3.02401e-4,3.375397e-4,3.037948e-4,6.592037e-4,6.448581e-4,3.456943e-4,6.855841e-4,3.78259e-4,4.18835e-4,9.444206e-4,9.539989e-4,0.001117435,0.001278034,0.001027384,0.001828983,0.001881271,0.001764858,0.00178809,0.002265599,0.002401667,0.00275469,0.00261982,0.002819321,0.00272506,0.003088223,0.002876538,0.003325721,0.003382805,0.00339197,0.003652228,0.003825009,0.003607778,0.003818249,0.0039369,0.003703536,0.004056799,0.004247705,0.004040747,0.00458974,0.004616255,0.005018936,0.005329186,0.005219981,0.00536508,0.00624299,0.006088328,0.007160048,0.007197428,0.007368004,0.007516826,0.01005777,0.007781388,0.009278803,0.00928525,0.007806842,0.01014882,0.007069928,0.01099993,0.01354164,0.001178159,0.005777159,0.005273992,0.0124543,0.1781128
443.636,8.394936e-5,0.001899304,0.004246184,-8.822771e-4,0.002366067,0.005256058,0.005564343,0.001627311,0.001865846,0.00489812,1.161142e-4,7.870854e-4,0.00141678,4.311506e-4,-9.245451e-5,-6.219511e-4,6.092919e-4,-4.32708e-4,3.205717e-4,-6.214004e-4,6.208166e-4,2.077877e-4,5.619608e-7,1.546431e-4,1.765118e-4,1.766618e-4,8.930167e-4,2.920712e-4,6.63368e-4,0.001048294,0.001353971,0.002108413,0.002617776,0.001308008,0.002507347,0.001270963,0.003075663,0.001467315,0.002281872,4.612555e-4,0.002076921,6.745689e-4,3.982316e-4,0.001126649,9.722913e-4,0.001418715,0.002655331,0.001361244,0.001055511,6.604535e-4,-2.489678e-4,1.343953e-4,7.57999e-6,6.649045e-4,3.892904e-4,2.552485e-4,8.923366e-4,1.172792e-4,9.987973e-4,5.655229e-4,1.038603e-4,9.277316e-4,8.893508e-4,8.54583e-4,5.92982e-4,6.941371e-4,5.893657e-4,1.861081e-4,-6.747356e-4,0.001549679,-1.57816e-4,5.228647e-4,9.207674e-4,8.241131e-4,0.001026898,-1.401624e-4,2.842913e-4,4.881966e-4,6.597751e-4,0.001034408,-9.029027e-5,4.668698e-4,1.386241e-4,7.636978e-4,6.008294e-4,3.518675e-4,1.635179e-4,-6.846525e-4,-5.372737e-4,2.313821e-5,4.733338e-4,1.569903e-5,1.706188e-4,2.94044e-4,1.248244e-4,5.051381e-5,5.011485e-4,2.234932e-4,1.535545e-4,4.53804e-5,2.793226e-4,-2.970489e-5,6.419798e-5,1.972902e-4,3.065008e-4,1.049092e-4,2.899807e-4,2.789785e-5,1.54833e-4,4.119802e-4,5.048926e-4,4.273531e-4,4.467172e-4,4.558077e-4,7.260047e-4,9.753596e-4,0.00482232,0.0167327,0.05474943,0.07218509,0.04555615,0.007800644,9.717381e-4,5.219895e-4,6.909396e-4,5.176446e-4,4.808143e-4,5.664597e-4,5.225998e-4,6.188967e-4,5.3089e-4,9.396793e-4,8.158627e-4,9.202013e-4,6.106296e-4,0.001040247,8.334241e-4,9.062201e-4,0.001963549,0.001149041,0.001679965,0.00194302,0.001650208,0.002144808,0.002243232,0.00248066,0.00284893,0.00297961,0.002345065,0.002923222,0.003160406,0.003134532,0.003537703,0.003443952,0.003474803,0.003251724,0.003520586,0.003835211,0.004067799,0.003515459,0.004196418,0.003982503,0.00415115,0.00413443,0.004278384,0.004639533,0.00478358,0.004920701,0.005071969,0.005539398,0.005511972,0.006002655,0.00616508,0.007933886,0.00689586,0.007817816,0.008074521,0.008727121,0.009012654,0.009294728,0.009640258,0.01423967,0.01181784,0.01036964,0.01281157,0.00927235,0.02438998,0.02376141,0.0387702,0.1905798,0.7153791
445.948,0.003687471,0.002185815,0.003452205,-5.272364e-4,0.003479604,0.002574201,-2.227722e-4,-3.056119e-4,-0.002722918,-0.002153799,-4.726009e-5,-2.428004e-5,1.151104e-5,4.329608e-4,1.936188e-4,-1.825128e-4,-1.467812e-4,0.001244409,1.558997e-4,4.974627e-4,7.403104e-4,-3.948167e-4,-4.439861e-4,-1.718312e-4,5.413334e-4,6.847467e-4,3.957866e-4,6.378808e-4,1.504205e-4,7.818848e-4,-3.320257e-4,0.001432323,0.001133543,0.001735677,0.001749016,-0.001360115,-3.596877e-4,-2.442644e-4,-5.472702e-4,9.383782e-6,0.001974742,0.002014549,-3.884667e-4,0.001421282,5.906711e-4,0.00116409,5.214847e-4,0.001551045,5.135601e-4,-5.558712e-4,9.922112e-5,5.401838e-4,9.198839e-4,-4.19644e-4,3.284953e-4,-8.096484e-4,-6.361091e-4,7.997962e-4,-2.384829e-4,3.198778e-5,2.903242e-4,2.329623e-4,4.333107e-4,-1.416752e-5,3.492158e-4,9.036818e-4,3.318405e-4,-6.450593e-4,2.230376e-4,-8.393491e-4,-7.174646e-5,-3.924314e-4,-3.207812e-4,-4.068545e-4,1.360529e-4,1.86339e-4,4.941399e-4,6.75285e-4,4.569618e-4,5.88483e-4,3.859785e-4,7.961258e-5,1.691202e-4,6.404034e-5,3.586037e-4,6.148212e-4,5.386814e-4,4.205253e-4,-2.664132e-4,3.568893e-4,-3.980366e-4,2.698741e-4,-4.281374e-4,-2.835704e-4,3.302617e-4,2.286127e-4,1.259488e-4,-8.047635e-5,-2.319867e-5,5.042786e-4,2.209433e-4,2.513542e-4,-1.089156e-4,2.211975e-5,-8.747359e-5,3.974723e-5,1.089232e-4,2.600434e-4,1.535539e-4,3.420112e-4,1.357726e-4,4.775991e-4,5.333044e-4,5.775109e-4,9.5403e-4,0.002091572,0.02470094,0.04343207,0.06402625,0.04694902,0.01337727,0.001492706,6.511268e-4,2.694495e-4,2.65128e-4,5.578198e-4,5.009253e-4,4.644012e-4,8.857048e-4,8.096342e-4,4.054364e-4,2.91632e-4,5.636946e-4,4.453671e-4,3.980916e-4,7.525058e-4,0.001012116,7.472457e-4,7.412755e-4,0.001057605,0.001732242,0.001862112,0.001732838,0.002102335,0.002320742,0.002198324,0.002192271,0.002512738,0.002708588,0.002625455,0.002589466,0.002787418,0.003301328,0.00301281,0.003338777,0.003460408,0.003686319,0.003592692,0.004177164,0.00418221,0.003693029,0.004026699,0.003759968,0.004248389,0.004511449,0.004097212,0.004699643,0.004712766,0.005244011,0.005198901,0.004904251,0.006631846,0.006092549,0.007253711,0.007257564,0.008548793,0.00887549,0.00871212,0.009351182,0.01099652,0.01142555,0.01055125,0.009706492,0.01201933,0.007793569,0.0276138,0.005580459,0.02228673,0.1058456,-0.04289382,0.6628518
448.26,6.485226e-4,-2.915675e-4,7.375006e-4,0.002763596,0.003064123,0.001648794,0.001456783,0.001882799,2.486752e-4,8.302412e-4,0.001261725,0.002803136,0.001919202,0.002035779,-5.590051e-4,7.702462e-4,0.002177796,2.611444e-4,2.522996e-5,1.861473e-4,8.776659e-4,7.966497e-4,-1.749496e-4,9.964887e-4,-6.640168e-5,5.72335e-4,7.585757e-4,8.287579e-4,-4.143589e-5,7.212235e-4,4.205248e-4,9.373446e-4,3.148414e-4,-9.950916e-4,8.705536e-4,1.811376e-4,3.489906e-4,0.001761932,5.347455e-4,7.259869e-4,0.001273923,0.001856818,7.379691e-4,8.595614e-4,7.503216e-4,-4.756477e-4,5.956241e-4,0.001060238,0.001080288,9.352763e-4,0.001059685,0.001943999,0.002205881,1.373306e-4,0.002076923,-7.495505e-5,9.929888e-5,6.795915e-4,-7.110043e-5,0.001345467,0.001019937,-7.279602e-4,4.302143e-4,1.151263e-5,-2.548504e-4,0.00133893,-2.88396e-4,4.083455e-4,6.951075e-4,-5.849271e-5,6.560711e-4,6.128939e-4,3.143593e-4,4.58758e-4,6.108863e-4,0.001217142,2.981803e-4,8.050215e-4,6.518885e-6,7.592466e-4,8.535326e-4,3.379604e-4,-3.195511e-4,2.068348e-4,-1.213118e-4,1.590912e-4,1.56478e-5,6.613606e-4,-1.500092e-4,1.96158e-4,1.274469e-4,6.280676e-5,4.959865e-5,1.857451e-4,6.144849e-5,1.080235e-6,2.850515e-4,-2.477185e-5,2.564247e-4,8.781015e-5,3.376658e-5,4.4343e-4,1.051187e-4,2.089935e-6,5.456244e-4,4.372536e-5,1.397716e-4,2.459042e-4,6.589819e-4,5.336734e-4,3.828211e-4,6.38638e-4,5.08411e-4,7.794331e-4,0.001005406,0.01283274,0.06602516,0.03473142,0.05082128,0.01735453,0.002692955,7.754327e-4,5.739975e-4,2.85401e-4,3.184132e-4,-3.456106e-5,4.721996e-4,4.345858e-4,-7.323218e-5,6.295743e-4,9.735948e-4,7.103011e-4,6.060372e-4,8.709531e-4,0.001262911,4.321715e-4,0.001903586,0.001106512,0.001991992,0.001274932,0.001800811,0.001509351,0.001967517,0.002224921,0.002013359,0.002646046,0.002423284,0.002587557,0.002801171,0.003051861,0.00301114,0.003203552,0.00298663,0.003378955,0.003291903,0.003449913,0.003390145,0.004082989,0.003541944,0.003874571,0.003712328,0.004108341,0.004021165,0.003721364,0.004094405,0.004836786,0.004178654,0.004881254,0.004763374,0.005643797,0.00537829,0.005948762,0.006558536,0.006118532,0.006605408,0.008302717,0.008878545,0.009235383,0.00972483,0.008823163,0.01120923,0.0123318,0.01208355,0.0131112,0.01530708,0.009248813,0.02306976,0.05408812,0.02551866,0.142116,0.6507532
450.573,0.004566526,0.004768787,0.002377859,0.001369377,0.007106946,0.006098876,0.004085994,0.003416987,0.004816045,0.001866085,0.002061685,0.001568323,0.002757162,3.824299e-4,4.703539e-4,-5.165764e-5,7.184198e-4,4.37021e-4,2.148995e-4,0.003382548,3.1515e-4,0.001480734,4.018654e-4,4.686803e-4,0.001161109,9.637158e-4,4.934527e-4,0.00175702,9.220806e-4,0.001123566,0.001424829,0.001494907,0.003663568,0.003806981,0.001898101,0.002867643,-0.001102837,0.001748072,0.003332422,0.002496584,3.677351e-4,8.238331e-5,0.001758361,0.001482068,9.891063e-4,8.617074e-4,5.117316e-4,0.001129836,0.003298654,-3.660644e-4,0.002553538,0.001762957,-2.192597e-4,9.720423e-4,7.564518e-4,0.001982625,0.001709163,0.001647707,0.001272559,7.10218e-4,6.976206e-4,0.001480696,0.0020275,1.10038e-4,1.282526e-4,-1.624888e-4,6.229567e-4,4.04067e-4,7.323807e-4,0.001056697,0.001270139,0.001619803,1.425488e-4,9.933681e-4,9.687097e-4,8.889263e-4,7.08109e-4,1.598367e-4,0.001348947,7.851184e-4,5.821614e-4,2.451223e-4,1.994182e-5,5.89424e-4,-5.058785e-5,3.611315e-4,6.464948e-4,5.536142e-4,3.376631e-4,6.76552e-4,2.781365e-4,3.555802e-4,4.076272e-4,7.618442e-4,3.945342e-4,3.991123e-4,-1.379254e-4,7.681512e-4,4.966965e-4,6.113243e-4,2.964756e-4,3.357909e-4,2.535438e-4,3.700211e-4,3.719237e-4,8.536555e-5,4.413728e-4,5.670434e-4,5.226041e-4,5.212559e-4,4.789012e-4,6.783228e-4,6.103959e-4,8.340094e-4,0.0044341,0.03818384,0.02720468,0.05497923,0.02266743,0.004091054,7.686496e-4,5.838806e-4,8.074421e-4,6.368189e-4,2.154775e-4,6.744626e-4,5.82684e-4,6.606241e-4,7.570582e-4,7.788007e-4,3.899263e-4,9.715133e-4,8.92107e-4,0.00110623,7.347687e-4,8.687173e-4,7.397509e-4,6.973669e-4,0.001480574,0.001396533,0.001734576,0.002156831,0.002100488,0.002039729,0.002399598,0.002140687,0.002576423,0.002889877,0.00282722,0.002855967,0.002939697,0.003380185,0.003621772,0.003060692,0.003719879,0.003738769,0.003279989,0.003221923,0.003692266,0.004346111,0.003744536,0.004149999,0.004281019,0.004218689,0.003930802,0.004859926,0.005237421,0.005005459,0.005227437,0.005125257,0.005559391,0.006706948,0.007259987,0.006031719,0.006967228,0.008357401,0.008190524,0.009065686,0.01059078,0.01012193,0.01347216,0.01194603,0.01398318,0.01454145,0.02560863,0.02564659,0.04600878,0.03880006,0.04256865,0.2078432,0.4590195
452.887,1.663001e-4,-0.001251773,-0.003402395,0.001868929,-9.298339e-4,-5.578709e-4,-0.001012815,-0.00140384,8.704279e-4,-0.001743881,-4.502679e-5,0.001407096,-0.001348048,-0.002054083,7.435001e-4,-0.001454981,-0.001685438,-3.447022e-4,-3.696758e-5,-2.774865e-4,2.512498e-5,-7.467392e-4,3.640319e-4,-3.003692e-4,-7.920776e-4,-8.883124e-4,-2.308042e-4,-8.428463e-4,-8.106358e-4,6.844699e-4,-1.213369e-4,0.001138296,9.815658e-5,-3.261589e-4,-0.001981172,8.459154e-4,0.001581615,-5.623247e-4,2.612312e-4,-1.674389e-4,-3.508187e-5,-0.001619453,-0.001521413,-6.061034e-4,5.34499e-4,7.760508e-4,-0.00198342,-5.043236e-4,-6.592381e-4,-0.001289069,1.976709e-4,-0.00126172,-8.710779e-4,-1.197314e-4,-7.851313e-4,-3.705608e-4,-8.728703e-4,9.996188e-4,-3.626996e-4,8.34408e-4,1.115375e-4,-9.492108e-5,-9.078321e-5,-3.706391e-5,8.133703e-4,-7.851127e-4,-7.598001e-4,6.424969e-4,3.883628e-4,-5.697338e-4,-5.84319e-4,1.215946e-4,9.282866e-6,2.140306e-4,-5.308005e-4,-4.312656e-4,4.80447e-4,-3.240345e-4,7.088472e-5,-5.494353e-4,-6.374353e-4,3.924758e-4,-5.61401e-4,7.966732e-4,4.036103e-4,-1.507463e-4,1.068913e-4,3.964672e-4,9.996088e-5,-3.326873e-4,9.16288e-5,-4.648211e-4,1.237854e-4,-1.29624e-4,-3.305693e-4,-7.609127e-5,-1.367766e-4,-3.820078e-4,-1.938296e-4,-4.4945e-4,-7.720021e-5,1.328414e-6,-4.157114e-4,-3.0411e-4,2.6535e-4,6.351721e-5,1.013487e-4,1.921645e-4,6.226686e-4,3.452103e-4,4.197252e-4,4.865764e-4,6.128519e-4,0.002100884,0.01727909,0.04424911,0.06397534,0.02701722,0.005380081,6.375072e-4,4.637858e-4,7.086656e-4,2.327363e-4,-5.298704e-5,4.244937e-4,2.1391e-4,4.30672e-4,4.99557e-4,1.87863e-5,3.819861e-4,3.942677e-4,3.539362e-4,6.047877e-4,6.3456e-4,8.684197e-4,0.00112002,0.001228705,9.531942e-4,8.865099e-4,0.001818847,0.001193234,0.001561926,0.002048631,0.001878066,0.001995317,0.002426335,0.002023243,0.002465415,0.002294722,0.002472828,0.002398063,0.002627788,0.002841976,0.002839551,0.003181392,0.003001558,0.003057999,0.003384097,0.003036775,0.003341236,0.003320948,0.003671409,0.00335097,0.003468133,0.003799129,0.004018243,0.00366475,0.003964336,0.004206262,0.005124326,0.005288684,0.004934164,0.005657296,0.0058299170000000004,0.006760199,0.00691177,0.007174206,0.006345929,0.009094245,0.008776025,0.009114832,0.007730417,0.01203512,0.007522493,0.005188198,0.009782991,0.01036948,-0.02835934,0.03743478,-0.05789877,-1.213863
455.202,0.002996571,-0.002109433,3.753431e-4,-0.002626882,-0.001198584,1.850047e-4,-0.001902336,-0.002335381,-3.774881e-4,-0.00145638,-0.001645396,6.524014e-4,4.140635e-4,0.001230329,-0.001237006,-0.001532129,-3.696768e-4,-3.423135e-4,8.963652e-4,-5.192663e-4,1.442653e-4,-5.626472e-4,-4.122173e-4,-2.655562e-4,5.400926e-4,-4.589761e-4,7.261116e-4,-1.996228e-4,4.871267e-4,-3.005266e-4,2.130684e-4,-2.418629e-4,0.001094704,-5.02081e-4,0.001271744,-4.28587e-4,-7.923816e-4,-0.001516317,-1.346891e-4,-0.00240029,-0.001228536,8.177006e-5,-3.319887e-4,8.845887e-4,2.484598e-4,-5.848222e-4,-0.001777127,7.584469e-5,3.139395e-4,-0.001531545,-9.821071e-4,2.797028e-5,6.948914e-4,-3.094626e-4,-4.446378e-4,-0.001133772,-8.96884e-4,-5.427827e-4,4.340572e-4,2.639324e-4,1.893289e-4,0.001337073,1.044306e-4,-6.575311e-4,5.969522e-4,-4.592857e-4,-4.631392e-4,-5.90559e-5,7.221932e-4,1.261971e-4,-1.472511e-4,-3.599491e-4,-6.087146e-4,1.577563e-4,-8.139105e-4,1.109404e-4,-2.003678e-4,3.407468e-4,-1.388069e-4,-3.266408e-4,3.908032e-4,9.268743e-5,2.79097e-4,-9.284063e-5,4.018384e-4,-7.162067e-5,4.826086e-4,-2.392198e-4,-3.19206e-4,-5.207013e-4,-1.399644e-4,3.883419e-5,-3.812047e-4,3.691264e-4,-5.952102e-5,-1.905969e-4,1.962215e-4,-5.961307e-5,2.084075e-4,-3.976932e-4,2.298707e-4,-1.969094e-4,1.297388e-4,9.992401e-5,1.350104e-4,1.627334e-4,5.753236e-4,4.971453e-4,5.960533e-4,5.51429e-4,2.895612e-4,5.73719e-4,0.001327567,0.01191929,0.03772568,0.03631492,0.04196917,0.007339635,8.286897e-4,4.595446e-4,5.485983e-4,4.745658e-4,6.210793e-4,2.38266e-4,6.135489e-4,4.060094e-4,2.020797e-4,1.212739e-4,2.63662e-4,1.92574e-4,1.929072e-4,6.248129e-4,4.835764e-4,0.0012697540000000001,8.556469e-4,8.488404e-4,4.825802e-4,0.001108861,0.001019893,0.001048033,0.001299801,0.00158813,0.001850889,0.001454763,0.00203972,0.002317961,0.002080855,0.002417729,0.002640368,0.002364218,0.002468451,0.002785929,0.002508472,0.00271283,0.003080248,0.003090893,0.003048412,0.003351037,0.002988526,0.003263787,0.003486333,0.003263412,0.003472263,0.003881073,0.003747498,0.00432998,0.004179187,0.004434406,0.005049645,0.003887251,0.004901064,0.004878234,0.005409115,0.005285076,0.006100779,0.007276155,0.006673802,0.008139459,0.008074871,0.008797488,0.008741522,0.007738671,0.00836935,0.01030379,-9.250391e-4,0.004261497,0.01958126,0.0323583,-0.03234178,0.2828607,0.03262332
457.517,-0.002651779,0.001148391,0.001723205,-6.760479e-4,-1.919607e-4,4.564859e-4,0.001763409,0.001062461,8.600788e-4,1.855399e-4,6.156369e-5,7.97497e-4,-5.357986e-4,1.06496e-4,-7.735349e-4,0.001130469,6.265562e-4,1.137291e-4,-9.333533e-4,-6.224486e-4,-7.814098e-4,1.874856e-5,-6.327957e-4,-5.277281e-4,2.365704e-4,4.900315e-4,1.941207e-4,-3.034952e-4,3.852467e-4,1.015303e-4,-0.001176371,0.001037475,8.826867e-4,5.010888e-4,-2.892211e-4,-5.929236e-4,2.41929e-4,-5.468413e-5,-1.772734e-4,2.270213e-4,0.001680485,0.001247945,-0.001381402,-2.314654e-4,2.867384e-4,9.632145e-4,-5.933121e-4,-3.838563e-4,-0.001394695,3.82837e-4,1.964304e-4,-9.214624e-4,0.001241954,4.172782e-4,7.128863e-4,2.76135e-4,-9.21921e-4,-5.673189e-4,-1.50154e-4,6.974061e-4,-3.979935e-4,-4.579188e-5,4.664341e-4,-0.001181289,6.638606e-4,4.350892e-4,5.431259e-4,3.100423e-4,4.464083e-4,5.912439e-4,-6.940239e-5,7.686565e-4,-2.525357e-4,5.191546e-4,6.11687e-4,-2.53636e-4,-1.490311e-4,-7.87115e-6,-2.835042e-4,3.169183e-4,3.883659e-4,-1.145671e-5,-1.96782e-4,6.062816e-5,2.355541e-4,-3.645069e-4,1.182385e-4,2.031912e-4,-2.686554e-4,-1.78099e-4,-1.634403e-4,-1.058867e-4,-2.731289e-4,-5.659264e-5,-4.93718e-5,-5.627728e-5,2.320973e-4,-2.430792e-5,-4.472199e-4,7.699926e-5,-2.255061e-4,8.135326e-5,4.492634e-4,4.089215e-4,3.430296e-4,4.006097e-4,3.9863e-4,2.864833e-4,5.969578e-4,4.474644e-4,4.616029e-4,0.001206705,0.008418098,0.03012801,0.01448815,0.0427455,0.01328047,0.001621613,4.260616e-4,5.790541e-4,1.832312e-4,3.710597e-4,2.497581e-4,1.530554e-4,3.892677e-4,3.190911e-4,2.458593e-4,5.594891e-4,4.228157e-4,5.365513e-4,7.207399e-4,4.841145e-4,1.428396e-4,3.872476e-4,5.790606e-4,0.001191101,7.680491e-4,0.001093765,0.001417276,0.001683219,0.001483102,0.001698437,0.001904302,0.002071628,0.001934299,0.002102148,0.002130267,0.00250687,0.002586538,0.002567939,0.002683269,0.003038956,0.003039693,0.002934593,0.003006923,0.003037461,0.003107458,0.003248803,0.002835457,0.003271602,0.003744815,0.002967324,0.003378525,0.003898359,0.003856729,0.003964444,0.004296488,0.00433146,0.004297689,0.005496428,0.005193033,0.005165572,0.004923365,0.006225221,0.006214951,0.006685667,0.008405424,0.007135271,0.006638965,0.0082152,0.01046004,0.01077209,0.008182258,0.007750455,0.006322235,0.01445903,-0.003308383,0.004589669,0.08761977,0.02035639,-0.5189179
459.833,2.671154e-4,-4.739929e-4,0.005901089,3.339143e-4,0.001531332,0.001338443,0.001997287,-0.001492556,-1.476442e-4,3.77201e-4,3.758463e-4,0.001973861,0.001677148,-5.233688e-4,0.001324157,1.626571e-4,0.001916395,0.001786154,5.819788e-4,0.00103744,3.788073e-4,6.149925e-4,0.001279921,7.049225e-4,-6.521097e-5,4.208299e-4,-1.631147e-4,7.004247e-4,-0.05806528,0.001073717,9.285504e-4,0.00111473,0.002338087,4.322604e-4,6.616492e-5,0.004443164,9.524424e-5,0.001486903,-4.5525e-5,0.001961121,-5.196619e-4,-1.755509e-4,0.002094782,0.001482455,4.391605e-5,0.001945643,5.40538e-4,2.282092e-4,5.983897e-4,0.001402013,-5.042771e-4,9.100433e-4,0.001202987,7.598238e-4,0.001495175,5.054819e-4,2.047142e-4,1.942215e-4,-1.774548e-4,1.832246e-4,-1.305744e-6,9.325977e-4,4.386054e-4,2.219723e-4,4.956354e-4,2.05482e-4,7.83605e-4,0.001838072,2.343738e-4,-1.185603e-4,6.128126e-4,6.013822e-5,6.731943e-4,-6.676173e-5,5.804062e-5,5.568971e-4,4.22497e-4,2.844704e-4,4.364719e-4,7.825053e-4,6.713439e-4,8.718477e-4,1.318687e-4,-5.23581e-5,3.014584e-4,8.134287e-4,5.547326e-4,5.408358e-4,1.591733e-4,5.038131e-4,4.165052e-4,3.784911e-4,3.12059e-4,4.039312e-4,4.748746e-4,6.842909e-4,1.205448e-4,3.010973e-4,3.661659e-4,1.001197e-4,2.115177e-4,2.989447e-4,3.140993e-4,4.331016e-4,5.073343e-4,2.473739e-4,2.75173e-4,6.339148e-4,6.26487e-4,5.629467e-4,5.660658e-4,0.005805534,0.02406091,5.378536e-4,0.03932914,0.01584655,0.002569089,5.280154e-4,4.406744e-4,5.155418e-4,4.359127e-4,4.232995e-4,6.54968e-4,4.471747e-4,3.753317e-4,5.914246e-4,6.137787e-4,4.68474e-4,4.212508e-4,7.748248e-4,6.300473e-4,9.41516e-4,7.486776e-4,3.806823e-4,0.00222471199999999,9.91931e-4,0.001037603,0.001279938,0.001306057,0.001898474,0.001939874,0.001607438,0.002062746,0.001967862,0.002068991,0.002018857,0.002242259,0.002327791,0.002454831,0.002952637,0.002568286,0.002624815,0.002903248,0.003003872,0.003223199,0.003231972,0.003278301,0.003242871,0.003384912,0.003556654,0.003416861,0.003926682,0.003602309,0.003717104,0.003637288,0.003831154,0.004005058,0.004456551,0.004344392,0.00458348,0.004545256,0.005805522,0.00627206,0.007122629,0.006629357,0.006291388,0.00739353,0.008403112,0.008286233,0.008741254,0.007425923,0.01110723,0.01111656,0.01209195,0.01430633,0.007907905,0.006703133,0.02134415,0.09142309,0.2720211,-0.2809829
462.15,-2.95212e-4,0.003027571,4.845835e-4,-0.001586097,0.001339857,9.395083e-4,1.29252e-4,-3.950773e-4,-0.002137817,-0.001249879,-2.057431e-4,-5.052506e-4,-3.889721e-4,4.546072e-4,-4.502587e-4,0.001328962,-8.250147e-4,-3.412439e-4,5.480564e-4,-6.15094e-4,8.460184e-4,-1.58841e-4,-1.351938e-4,-1.798748e-4,-4.798873e-5,-4.018631e-4,3.074946e-4,-2.822174e-4,-0.002045842,-1.479245e-4,-4.816997e-4,-4.56138e-4,-2.628944e-4,-0.001441737,-0.004137391,-2.648831e-4,5.807216e-4,-0.001445971,-5.639149e-4,-2.961431e-4,-0.00064756290000000005,-0.002526223,5.017813e-4,1.716738e-4,3.217048e-4,9.115127e-4,8.488588e-4,-0.001252047,-0.001494572,-5.281201e-4,-0.001065646,-9.43602e-4,-1.534309e-4,6.615558e-4,-7.152185e-4,1.234259e-4,-8.039329e-4,-9.963884e-4,-0.001588103,-7.304024e-4,5.435113e-4,-6.063249e-4,9.940619e-5,-1.574697e-4,-1.794697e-4,3.40028e-4,1.598291e-4,5.617539e-4,5.852027e-4,5.43853e-4,-4.589428e-4,-9.112828e-5,2.271982e-4,1.331245e-4,-1.541997e-4,3.913113e-5,-3.128174e-5,-4.190718e-4,1.635525e-4,-1.991095e-4,-4.323638e-4,-1.587313e-4,-3.671609e-4,-1.624569e-4,-1.323055e-4,-3.099314e-4,-6.252553e-4,-6.13745e-5,-1.571033e-4,1.37037e-4,8.447779e-5,4.75072e-4,-1.659322e-4,-6.772174e-5,2.3605e-4,-4.241113e-4,-2.258957e-4,-2.173359e-4,-5.862556e-6,2.211392e-4,-1.227847e-4,8.763618e-5,1.080138e-4,4.17997e-4,-1.21774e-4,3.203865e-4,5.091554e-4,2.628964e-4,4.5586e-4,5.075432e-4,0.003586285,0.01916177,-2.421906e-5,0.04055693,0.01800995,0.003499981,5.868056e-4,3.547717e-4,2.241082e-4,7.182247e-4,4.927721e-4,4.683272e-5,3.328343e-4,3.419134e-4,1.479076e-4,1.656855e-4,2.037562e-4,6.299506e-4,3.361026e-4,4.207601e-4,4.155868e-4,7.493399e-4,6.760158e-5,2.232601e-4,0.001324605,7.786338e-4,7.136619e-4,9.780037e-4,0.001458381,0.00136569,0.001669751,0.001542308,0.001741871,0.002071198,0.002056351,0.001717442,0.001827003,0.001866117,0.002180099,0.002133592,0.002695873,0.002642516,0.002836891,0.00275668,0.003036562,0.003047666,0.002756209,0.003161313,0.002510597,0.003136326,0.002586986,0.002943227,0.003507759,0.003012417,0.003499557,0.003645902,0.00351929,0.003864108,0.004043089,0.004144845,0.004449317,0.004266479,0.004770382,0.006403565,0.005887744,0.005708805,0.006451668,0.007671431,0.006690349,0.008226919,0.006214517,0.007656225,0.006425663,0.008336289,0.009013773,7.900384e-4,0.005099019,0.01058406,-0.07309462,-0.01736926,1.000154
464.467,0.001739581,-0.004409952,-6.505241e-4,-7.464023e-4,-0.001077005,-0.002805208,-0.001368003,-0.003642782,-0.003946823,-0.001846849,-0.00197693,-5.733933e-4,-0.001248517,-0.002180166,-0.001705441,-0.00199124,-0.001535039,-4.41596e-4,-9.412415e-5,-0.001163546,-0.001094608,-0.001235028,-5.043446e-4,-4.211616e-4,-0.001034494,-8.306629e-4,1.886217e-4,-4.009511e-4,-0.001572591,-9.34337e-4,-0.001744514,-0.00204465,-0.004777677,1.907179e-4,-0.001580839,-0.002748754,-0.001255126,-0.00148011,-0.002404732,-0.001193509,5.664392e-4,-0.001318566,2.933286e-6,-0.001404395,-0.001698253,-8.902537e-4,-0.002463834,-0.003463238,6.641536e-4,-0.001459286,-0.002242342,-0.001192802,-0.001076282,-3.063171e-4,-0.002088716,-8.539354e-4,-0.001381182,-0.001177196,-5.397373e-4,-8.260094e-4,-0.001827378,-0.001374819,-3.041086e-4,-4.155856e-4,-1.339197e-4,-0.001280895,-7.853235e-4,-0.001165182,-2.83951e-4,-6.550287e-4,-9.390313e-4,-7.665406e-4,-6.888276e-4,-0.001120089,4.531781e-6,-7.799079e-4,-2.803995e-4,-7.897916e-4,-4.065557e-4,-2.90118e-4,-4.144341e-4,8.950766e-5,-4.920795e-4,-1.896813e-4,-0.001015118,-6.992256e-4,-6.714157e-4,-9.281099e-4,1.689924e-4,-3.989167e-4,-6.2589e-4,4.716817e-5,-4.484558e-4,1.337772e-5,-2.241842e-4,-4.864494e-4,-5.219657e-4,-1.724026e-4,-9.787234e-5,-4.310746e-4,-1.986097e-4,-2.645229e-4,-1.0276e-4,2.312148e-4,3.105556e-4,2.343832e-4,2.836869e-4,4.003491e-4,5.085495e-4,0.002249817,0.01537912,-5.391798e-4,0.01967484,0.02140552,0.004481381,6.999291e-4,5.158423e-4,2.201665e-4,2.172704e-5,-8.434701e-5,1.791213e-4,3.04842e-4,4.75504e-5,8.591999e-5,2.671713e-4,5.239339e-5,1.851659e-4,2.463132e-5,1.634141e-4,2.454378e-5,-2.002354e-5,3.074295e-4,7.536149e-4,-2.373397e-4,6.371674e-4,5.740009e-4,5.727674e-4,0.001118564,0.001067596,0.001312248,0.001172084,0.001359004,0.001695121,0.001590628,0.001358533,0.00171129,0.002038517,0.002043199,0.001911642,0.002077415,0.002441759,0.002226009,0.002348634,0.002426887,0.002615347,0.002546921,0.002543839,0.002938852,0.002554199,0.00310409,0.002840198,0.002716149,0.002915897,0.003015974,0.003052044,0.003178761,0.003375802,0.003608368,0.003595258,0.00387098,0.004506769,0.004218439,0.005129044,0.00402945,0.004367375,0.005213073,0.006388399,0.005676848,0.006537602,0.005297873,0.008520129,0.003585583,0.003708993,0.005595968,4.977881e-4,0.002112949,4.678543e-4,0.01346589,-0.03996981,0.1308636,-0.008511378
466.786,0.003289069,-7.442499e-4,-0.001237016,-0.002547527,-0.001686974,-0.00318716,-5.790283e-5,-8.913608e-4,-0.001581352,-0.001850427,3.13211e-4,-0.001371831,5.022022e-4,-0.003520834,-8.013531e-4,-1.671222e-4,-2.561713e-4,5.500539e-4,-5.753379e-4,-2.374912e-4,-5.547123e-4,1.552261e-4,-6.844991e-4,-3.857402e-4,-7.989759e-4,-1.484491e-4,-1.297058e-4,-0.001086312,-2.199428e-4,-4.880362e-4,-7.363506e-4,0.001339982,-0.001123184,-7.943361e-4,-8.706642e-4,-0.00133551,-7.668299e-4,-0.001865725,-0.001790477,-0.00122906,-0.001541678,-0.002024175,-0.001103991,-0.001036135,-0.002158968,-5.383623e-4,-6.51392e-4,-4.486642e-4,-0.001622564,-0.002411569,-4.598468e-4,-0.001725496,-0.001166174,5.873258e-4,-9.159753e-4,1.754745e-4,-0.001208198,2.953401e-4,-5.118665e-4,-8.718019e-4,4.989933e-4,-5.735875e-4,2.074854e-6,-9.250999e-4,-5.901375e-4,-2.675238e-4,-3.032913e-4,-4.619946e-4,-7.127e-4,-6.117483e-4,-7.432663e-4,-6.314214e-4,-3.046857e-4,-4.928858e-4,-0.001106414,-4.546361e-4,-7.404455e-4,-6.250228e-4,-1.083392e-4,-5.945822e-4,-7.386723e-4,-5.179457e-4,1.421228e-4,-2.845852e-4,-6.101152e-4,-3.602156e-4,-3.389489e-4,-2.423626e-5,-0.001039246,-5.709068e-4,-4.323079e-4,-4.517008e-4,-4.980067e-4,-2.192004e-4,-6.969576e-4,-5.575747e-4,-3.486797e-4,-1.542196e-4,-6.589803e-6,-1.172885e-4,8.899402e-6,-1.325292e-5,7.409037e-5,-3.486587e-5,9.53297e-5,7.141642e-5,3.612454e-4,4.916503e-4,0.00135994,0.01165311,0.01356232,-4.915686e-4,0.02489133,0.005972251,8.820071e-4,3.084422e-4,3.47871e-4,8.296141e-5,3.214486e-5,4.187202e-6,-2.542841e-4,-1.380103e-4,2.755397e-5,1.035194e-4,2.049977e-4,-1.89656e-5,1.229331e-4,1.920615e-4,2.874462e-4,7.196301e-4,1.176502e-4,2.702185e-4,0.001116915,6.441553e-4,3.682003e-4,9.471744e-4,7.225375e-4,8.514219e-4,0.001326252,0.001133646,0.0011426,0.001328427,0.001656039,0.001706052,0.001966137,0.00173105,0.001884581,0.002249789,0.002060884,0.002257595,0.002333508,0.002343024,0.002229893,0.002381324,0.002799482,0.002574686,0.002749226,0.002811339,0.002981066,0.002655142,0.002877097,0.003140569,0.002873751,0.003390932,0.002902109,0.003121054,0.002880581,0.003378465,0.003692037,0.003712047,0.004432731,0.00376432,0.004823386,0.004201281,0.005665625,0.005871134,0.005707961,0.006382889,0.006959957,0.007264609,0.006943568,0.008948707,0.00703149,0.002707438,0.00264475,0.007406163,-1.76714e-4,0.002578923,-0.002118858,-0.1450456,-0.2921542
469.104,-0.00576123,-0.006584863,-0.00513728,-0.002209928,-0.00238731,-0.006116077,-0.003616818,-0.004423632,-0.003375034,-0.002293276,-0.005254129,-0.00190395,-0.001444726,-0.003547004,-0.004128891,-0.002785788,-0.001591632,-0.001662109,-5.738889e-4,-0.001201388,-5.521411e-4,-9.49562e-4,-0.001014066,-2.883323e-4,-7.462041e-4,-9.359386e-4,-9.352596e-4,-7.215405e-4,-6.944063e-4,-0.002018105,-0.002685873,-0.002976084,-0.002894579,-0.002384692,-0.004755948,-0.001702796,-0.00381277,-0.002874654,-9.773538e-4,-0.003297312,-0.002646395,-0.001093644,-0.002158719,-0.001547181,-0.00207001,-0.001805172,-0.001865055,-0.001637339,-0.001719802,-0.002743951,-0.002443717,-0.002132768,-0.001315049,-0.00137603,-0.001086955,-7.037226e-4,-0.001036989,-8.720866e-4,-3.027043e-4,-0.001115394,-0.001270553,-0.00095295830000000005,-0.001970285,-8.965506e-4,-0.001518054,-2.885227e-4,-0.002295445,-0.001132084,-0.001582268,-8.841103e-4,-0.001424755,-9.248473e-4,-8.445346e-4,-6.830391e-4,-8.080929e-4,-5.518151e-4,-0.001802745,-8.605961e-4,-0.001105053,-9.406695e-4,-9.128315e-4,-8.748466e-4,-4.859066e-4,-2.968282e-4,-6.860966e-4,-8.213308e-4,-6.258157e-4,-0.001052249,-4.159193e-4,-6.709103e-4,-0.001064724,-3.846979e-4,4.356772e-5,-4.675155e-4,-4.625433e-4,-3.513616e-4,-5.518232e-4,-3.851638e-4,-4.352514e-4,-3.303719e-4,-2.494084e-4,-1.262876e-4,-3.57148e-6,3.364136e-6,-6.24918e-5,2.210327e-4,3.129556e-4,6.465403e-4,0.008599906,0.02993684,-4.77332e-4,0.02837882,0.009014416,6.905162e-4,1.036909e-4,1.016751e-4,2.062832e-4,1.726335e-4,3.184855e-5,-2.055547e-6,-2.074451e-4,4.592577e-5,-1.933974e-4,-3.287465e-4,-5.224949e-5,-1.586023e-4,1.335379e-4,4.391226e-4,-6.282138e-5,-8.408721e-5,3.34955e-5,3.926896e-4,3.944061e-4,2.995789e-4,6.634348e-6,4.449418e-4,9.559825e-4,7.007986e-4,0.001025535,8.071873e-4,7.826323e-4,0.00138383,0.00126614,0.001498877,0.001494784,0.001657772,0.001403711,0.001802907,0.001935198,0.001947268,0.002009701,0.002266681,0.002106474,0.001978827,0.00232119,0.00210876,0.002368378,0.002144235,0.002711145,0.002572658,0.002469253,0.002552114,0.002701632,0.002673959,0.003238893,0.002688659,0.002894741,0.003276293,0.003311975,0.003524354,0.002572705,0.004209293,0.003876808,0.004644617,0.005191107,0.004636818,0.004776752,0.004686657,0.00416036,0.005942828,0.004062569,0.002354443,0.001962704,0.003218331,-0.008285659,0.001000526,-0.02941127,-0.02637491,0.01743517,-0.1602476,-1.242033
471.424,9.905842e-4,-4.604442e-4,-0.005000439,1.617543e-4,3.475534e-4,0.002393418,-0.001623131,0.002388315,-0.002011963,-3.775555e-4,1.043156e-4,0.001008935,-1.37378e-4,0.001469156,-1.753049e-4,5.268053e-4,-1.070268e-4,-5.720879e-4,-5.088602e-4,-1.317547e-4,-2.513899e-4,-1.158938e-4,-4.129286e-4,4.447304e-4,4.690497e-4,5.708368e-4,-2.427224e-4,2.882518e-4,5.576685e-4,-5.794675e-4,7.063211e-4,0.001650827,9.556435e-4,0.001089317,-0.001208449,3.747377e-4,0.001371638,-9.243945e-4,-3.802263e-4,-2.492529e-4,-1.254329e-4,-5.015511e-4,6.494486e-4,0.001470341,-2.318664e-4,4.249865e-4,9.418093e-4,1.844387e-4,-2.82338e-4,-3.417322e-4,-6.804173e-4,-4.753587e-4,5.651443e-4,3.276448e-5,4.438866e-4,1.746897e-4,-2.153705e-4,-0.002238093,9.964403e-4,-2.202131e-4,-2.073123e-4,-4.496624e-4,-6.289123e-4,-0.001123271,1.389735e-4,-1.985282e-4,-1.267553e-4,9.636958e-4,-9.92954e-5,-1.943717e-4,2.111409e-4,-5.326214e-4,2.528908e-4,-5.5819e-4,3.699456e-5,4.863372e-4,3.756481e-4,5.014419e-5,-5.723805e-4,7.661216e-5,-1.156648e-4,1.582222e-4,-5.812435e-4,-9.231015e-5,-3.007949e-4,1.952183e-4,2.001553e-4,-1.09047e-4,3.548582e-4,-4.866473e-4,1.412494e-5,3.008749e-4,-4.997648e-5,6.168468e-5,-1.052728e-4,-2.020593e-4,-3.443894e-5,-3.320199e-4,-1.378135e-4,1.059044e-5,3.258145e-4,2.548058e-4,6.082327e-4,2.713335e-4,3.355721e-4,4.837049e-4,5.422911e-4,0.005521691,0.02577069,0.01209897,0.02959631,0.01036475,0.001797397,1.911437e-4,2.249252e-4,3.132243e-4,2.834271e-4,-2.253137e-5,6.563075e-5,4.070248e-4,4.08692e-4,1.496982e-4,5.917351e-5,3.194724e-4,3.983586e-4,4.035671e-4,3.221614e-4,1.49962e-4,3.459127e-4,5.030024e-4,8.715467e-4,1.463265e-4,0.001059119,2.486298e-4,6.397867e-4,0.001190356,0.00125824,0.001111712,0.001039402,0.001371719,0.001368144,0.001502352,0.001638628,0.001595091,0.001623005,0.001685573,0.001975269,0.002135301,0.001999647,0.002278519,0.00227765,0.002344247,0.002351526,0.002681147,0.002569114,0.00238428,0.002645891,0.002997713,0.00271478,0.002900958,0.002610071,0.002871364,0.002575293,0.00278087,0.003232089,0.003214314,0.003090639,0.003716219,0.00333461,0.004058198,0.004072291,0.004749188,0.004545577,0.005197414,0.005461463,0.006057446,0.007866833,0.006253046,0.007429131,0.00646733,0.007866983,0.007491727,0.007163017,0.009470304,0.005688512,0.01350043,0.002184521,0.03238762,4.038671e-5,0.1692746,0.2609855
473.744,-0.004704294,-0.001836412,-0.004123526,-0.002187439,-9.619496e-4,0.001114131,5.314854e-4,-2.330539e-4,2.257512e-4,-0.001238015,-3.031331e-4,-0.001316513,8.431206e-4,-3.821955e-4,-0.001802288,6.049921e-4,2.243792e-4,-0.001546659,-0.001102166,-0.001008364,-2.962698e-4,-4.604159e-4,-7.243238e-4,-9.527725e-5,-2.244853e-4,-6.664948e-4,-1.937023e-4,-4.086395e-4,4.205459e-4,1.448455e-4,-0.00196575,3.722457e-4,4.833572e-5,-0.002422826,-3.433769e-4,-0.002904318,-0.001368377,-2.220816e-4,-1.098541e-6,-0.001632265,-0.002663476,-6.24275e-4,-3.960473e-5,-0.001457768,-8.121279e-4,9.552864e-4,-0.002297493,-0.001915496,4.293054e-4,-9.170931e-4,3.528829e-4,0.001825603,-1.839899e-4,4.270457e-4,-9.327071e-4,-7.011222e-4,-9.743128e-4,-0.001443014,-0.001265776,-1.461755e-4,-9.517118e-4,-4.604345e-5,-1.384718e-4,-9.587412e-4,4.053282e-4,-0.00147363,-8.141867e-4,5.005517e-4,-0.001226597,-7.592183e-4,-8.284038e-4,-5.416175e-5,3.956077e-4,-0.001046467,-4.944204e-5,2.347601e-4,-2.752926e-4,-7.79871e-5,-6.171241e-4,-1.648169e-4,-7.452849e-4,-2.123822e-4,-5.106831e-4,-2.141164e-4,-7.980712e-4,-7.120414e-4,-6.697132e-4,1.700299e-4,4.830776e-4,-2.118984e-4,-3.820748e-4,-2.75004e-4,-1.422333e-4,-3.153947e-4,9.554083e-5,-2.104404e-4,-2.024259e-4,-5.019592e-5,1.074056e-4,1.359523e-4,2.723765e-4,-2.679759e-5,2.346108e-4,3.57814e-4,2.781404e-4,1.228227e-4,0.002953098,0.01900152,0.03949609,0.03333837,0.01318783,0.002131612,2.863552e-4,2.33511e-4,1.516485e-4,3.335422e-4,1.714189e-4,2.678652e-4,1.916761e-4,3.486391e-4,2.265499e-4,1.426614e-4,3.54627e-4,3.058585e-4,2.314097e-4,-1.29395e-4,2.777093e-4,5.718658e-4,1.034453e-4,2.12814e-4,1.001725e-4,4.720845e-4,5.586622e-4,4.741478e-4,4.346784e-4,4.339727e-4,0.001084125,0.001070906,8.00532e-4,0.001200432,0.001383418,0.001349163,0.001280533,0.00174108,0.001754672,0.0018357,0.001786039,0.001893972,0.001882054,0.002153409,0.002361452,0.002178013,0.002124183,0.002236182,0.002369381,0.00237716,0.002314468,0.002225925,0.002303033,0.002690066,0.003000781,0.002557486,0.002796542,0.002678579,0.003048372,0.002660881,0.00324582,0.003096943,0.003087726,0.002478383,0.003245941,0.003839328,0.004365472,0.005688339,0.004469459,0.005855997,0.004795104,0.005428852,0.005959002,0.006700328,0.005837139,0.005854136,0.003695196,0.006244695,0.01127337,-0.001885499,-0.001887155,0.01662875,0.04345916,-0.08524065,-0.1661032
476.065,0.006473283,0.005214392,0.003820799,0.006291017,0.002693985,0.00739572,0.00164557,0.002445739,0.001187944,0.001842211,0.002848267,0.001712703,9.091566e-4,-5.087923e-4,0.001752702,7.656672e-4,0.001651693,9.409601e-4,-8.955445e-5,0.001000904,3.862862e-4,0.001088274,7.216898e-4,4.100039e-4,6.735632e-4,6.313171e-4,0.001041857,2.866656e-4,-1.959028e-4,8.397437e-4,0.001582767,4.119578e-4,0.002300066,7.422297e-4,-3.422921e-4,0.004107975,8.449583e-4,0.001739638,9.609638e-4,4.618104e-4,0.001392055,0.001157514,0.001086748,0.001497695,0.001119104,0.001446376,8.231105e-4,9.534467e-4,0.00213238,0.002026409,4.802046e-4,4.064881e-4,8.08766e-4,3.641462e-4,-5.232083e-4,0.001880746,3.808853e-4,5.761116e-4,-3.017244e-4,4.422466e-4,0.001854072,9.420235e-4,0.001530438,0.001165814,9.182545e-5,8.763877e-4,4.934622e-4,0.001079144,7.227791e-4,6.219633e-4,9.651344e-5,6.23034e-4,6.247135e-4,2.289857e-4,1.885082e-4,5.328121e-4,2.594012e-4,1.917074e-4,4.784604e-4,5.559663e-4,2.203571e-4,0.001006808,8.410397e-4,2.157039e-4,4.024564e-5,1.918823e-4,4.458503e-4,4.866724e-5,1.291819e-4,-3.017815e-4,2.43107e-4,3.723554e-4,2.987845e-4,7.905604e-4,5.894394e-4,6.413362e-5,2.73247e-4,7.377327e-4,3.434775e-4,5.04066e-4,9.160316e-5,5.957708e-4,3.296464e-4,4.928203e-4,7.539905e-4,0.002279714,0.01315305,0.03734579,0.03701452,0.01697171,0.003340303,4.345551e-4,2.095607e-4,4.55505e-4,3.47391e-4,5.988712e-4,3.315815e-4,4.056114e-5,2.822342e-4,4.285594e-4,6.237997e-4,2.260156e-4,3.339793e-4,5.208937e-4,6.244688e-4,7.957403e-4,5.83337e-4,5.815971e-4,4.826899e-4,6.8709e-4,0.001394233,5.821445e-4,8.987358e-4,0.001085549,0.001108425,0.001475748,0.001269675,0.001247586,0.001464244,0.001858018,0.001816448,0.001617163,0.00182485,0.001806331,0.002256156,0.002126617,0.001907159,0.002008101,0.002375956,0.002047917,0.002616514,0.00233961,0.002346687,0.002352553,0.002574374,0.003071918,0.002711614,0.002766582,0.003164812,0.002790472,0.003036717,0.003294755,0.00335011,0.003527237,0.003480486,0.003861642,0.002939122,0.004056968,0.003982477,0.004280999,0.004701673,0.004327609,0.004990306,0.005646318,0.004980886,0.005320071,0.006591492,0.007541889,0.008161904,0.006785896,0.008500057,0.01113342,0.009335992,0.009959342,0.007932226,0.02189523,0.02593632,0.0415366,0.0840859,0.1461287,0.9736184
478.387,-0.001705709,-2.727318e-4,0.003124487,-8.146492e-5,6.016172e-4,0.001827612,-7.388513e-5,3.350935e-4,2.230197e-4,0.001319018,4.055364e-4,4.015125e-5,0.001424488,3.028121e-4,-7.835143e-4,6.398717e-4,9.888697e-4,-4.983227e-4,-5.025685e-4,8.682732e-4,2.672102e-7,-3.162161e-7,3.101197e-4,-5.023748e-4,-1.430137e-4,9.661513e-4,-3.057088e-5,-1.785842e-5,5.565923e-5,2.412383e-5,0.001512979,8.569014e-4,7.941506e-4,0.001576244,0.00176792,0.001154603,7.93469e-4,2.563664e-4,3.320066e-4,-8.120889e-5,-8.365402e-4,5.749473e-4,-3.9274e-5,-1.526139e-4,8.451905e-4,7.959489e-4,0.00145219,6.199539e-4,8.149135e-4,-9.434408e-4,-5.119176e-4,-1.258525e-4,0.001205479,2.416529e-4,-8.094363e-4,1.421985e-4,-0.001046856,5.332999e-5,6.549063e-4,0.001025157,5.110188e-4,0.001147923,6.47445e-4,0.001728625,-3.54821e-4,-1.525051e-4,6.401005e-4,5.172467e-4,6.544272e-7,9.081691e-4,5.740804e-5,3.646846e-4,2.677032e-4,-4.936034e-5,1.54713e-4,5.061367e-5,3.546938e-4,2.215027e-4,-3.971256e-4,5.083173e-4,2.054014e-4,-2.108338e-4,-1.908558e-4,-1.587697e-4,-2.519643e-5,5.207361e-4,1.234172e-4,2.524388e-4,3.618013e-4,1.960875e-4,1.332019e-4,-7.278943e-5,9.299479e-5,8.035377e-5,-1.323298e-4,3.271755e-4,1.320798e-4,4.330462e-5,2.537214e-4,1.516531e-4,4.712849e-4,3.146405e-4,3.603384e-4,4.971657e-4,0.001087494,0.009763963,0.03546489,0.04413859,0.02030733,0.004317462,5.045289e-4,2.128231e-4,3.657289e-4,1.859206e-4,8.185397e-5,2.316823e-4,5.58495e-4,2.44034e-4,-1.917636e-4,7.754566e-5,6.587858e-4,2.31235e-4,5.106371e-4,7.55946e-5,3.344223e-4,5.060153e-4,5.169683e-4,6.537471e-4,5.393958e-4,4.750205e-4,-1.045637e-4,5.957008e-4,8.213856e-4,6.94697e-4,8.807345e-4,9.565027e-4,9.058562e-4,0.001154461,0.00139984,0.001388257,0.001330285,0.001502733,0.001453097,0.001855566,0.001790253,0.002064039,0.001878374,0.001850431,0.002229317,0.002247751,0.002113995,0.002099122,0.00233408,0.002354618,0.002401306,0.002447264,0.002575814,0.002448931,0.002833698,0.002599961,0.002533856,0.003096584,0.002848491,0.003134933,0.003158824,0.003174302,0.003224795,0.003460157,0.003775903,0.00374274,0.004254873,0.003858525,0.004099729,0.005346577,0.006323391,0.005407702,0.005666198,0.005491996,0.006730025,0.007149896,0.006861362,0.007884501,0.005405955,0.005614951,0.01161548,0.002754668,0.03211807,0.04686904,0.05766549,0.2332907,0.41738
480.709,-0.00447024,-0.001361605,-0.003569255,-0.002082574,-0.002162818,0.001631833,-0.001436254,-6.530736e-5,0.001325765,-1.194078e-4,0.001263945,0.001097987,-0.001175427,-4.60656e-4,-0.001651441,-0.001964177,-6.131842e-4,-5.639824e-4,-0.001207977,-5.887717e-4,-6.73001e-5,-1.140423e-4,6.677662e-4,-0.001111978,-3.177495e-4,-2.090176e-4,-2.886411e-4,-4.036139e-4,3.216854e-4,-3.330215e-4,-1.230473e-4,4.90323e-4,-0.001889376,-0.001951403,-0.004716863,-0.001304368,-0.001493474,-7.804739e-4,2.902056e-4,1.659019e-4,-7.933214e-4,-8.631843e-4,4.002422e-4,-7.381407e-4,-0.001033104,-0.001582263,-0.001304155,-5.464657e-4,-0.001547317,-0.001243074,-0.001467201,-6.859309e-4,-2.453315e-4,-8.987603e-4,4.365837e-4,-9.708344e-4,-7.496116e-4,-2.589979e-4,-5.751981e-4,-1.444802e-4,-9.902045e-4,-3.733992e-4,-5.504705e-4,2.575293e-5,-1.310172e-4,4.56917e-4,-7.414194e-4,-8.076631e-5,-3.171451e-4,-7.124581e-4,-2.583069e-4,-1.445479e-4,-4.58794e-4,-3.777842e-4,-4.385993e-4,-4.10761e-4,1.290197e-4,-3.747522e-4,-8.23752e-4,-1.329261e-4,-2.147635e-4,-6.888545e-4,-5.321249e-4,-2.781449e-4,-2.582422e-4,-7.685335e-4,-9.779815e-5,-4.909744e-4,-1.978281e-4,2.452953e-5,-3.026267e-4,-2.981507e-5,-1.916622e-4,-2.439402e-4,-1.792637e-4,8.183829e-5,7.110147e-5,-4.901647e-5,8.358376e-5,1.286921e-4,1.585276e-4,3.145679e-4,5.571001e-4,3.768791e-4,0.005668678,0.02851197,0.04942245,0.03205524,0.006832929,6.034362e-4,3.200911e-4,2.794671e-4,1.367281e-5,3.086962e-4,1.123254e-4,1.671225e-4,1.32901e-4,-1.590779e-4,-1.006615e-4,1.641982e-4,3.578329e-4,1.154626e-4,-5.448291e-6,2.532587e-4,2.054884e-4,3.230253e-4,1.977899e-4,-3.220065e-5,5.80511e-4,2.886725e-4,4.258106e-4,7.131184e-4,9.312535e-4,0.001032222,8.862686e-4,8.453701e-4,0.00111497,0.001023099,9.812526e-4,0.00119369,0.001046639,0.001506003,0.001509889,0.001454401,0.001890584,0.001821963,0.001605113,0.001615427,0.001937337,0.002161,0.002091308,0.001776537,0.002106788,0.001813213,0.002155101,0.002580959,0.002500107,0.002459142,0.002383704,0.002309019,0.002182658,0.002647865,0.002491733,0.002464809,0.002965964,0.002951918,0.002301231,0.002602711,0.002915764,0.002902706,0.003522934,0.004255765,0.004298645,0.00476033,0.004642931,0.003914289,0.005430977,0.005140377,0.0047525,0.005284424,0.004913272,0.007346804,0.006652815,0.006084051,0.004599392,0.004834579,0.01269493,0.08830801,0.1403497,-0.04909148,0.3272428
483.032,-0.003045027,-0.00136279,-4.424199e-4,-0.001363147,0.001122064,-0.00657022,0.001631433,-0.003462744,-0.001911346,-0.001548581,-6.045278e-4,5.699927e-4,0.001702866,-1.656472e-4,-6.95161e-4,-0.001846388,3.665875e-4,8.678475e-4,-2.071499e-4,-5.232988e-5,-3.83476e-4,-5.316553e-4,-3.746814e-4,-3.606689e-4,-1.543062e-5,2.8957e-4,-8.05909e-4,-5.717853e-4,-5.798451e-4,-3.809448e-4,-7.495366e-4,-0.002634713,-0.001890362,-6.09037e-4,0.001481316,0.001206227,0.002380608,-0.00112702,-2.49866e-4,3.336098e-4,-0.001129434,-9.872415e-4,-0.001957266,1.202474e-4,-3.056975e-4,-0.001735836,-0.001267706,-6.928304e-4,0.001448869,-1.017412e-4,-9.670226e-5,-4.365981e-4,4.653093e-4,-0.001109866,-1.710342e-4,-8.608743e-4,8.417988e-5,0.0014314,-5.502783e-4,-5.342293e-4,-2.290954e-4,-4.438076e-4,-0.001425465,-0.001427453,1.798987e-4,1.089301e-4,-2.535056e-4,-7.612965e-4,-7.558786e-4,-6.940667e-4,-8.573955e-4,-3.98468e-4,-1.933532e-4,3.472e-4,-3.199917e-4,1.83391e-4,-4.974372e-4,-4.528424e-4,-1.673182e-4,-7.292868e-4,-2.451042e-4,-8.720986e-4,9.851934e-7,-2.918928e-4,1.381757e-5,3.811271e-4,-6.87941e-4,-5.975407e-5,1.400654e-4,1.161271e-4,-3.583168e-4,2.538161e-4,-1.816508e-4,-1.258107e-4,-1.227307e-4,3.269893e-4,-1.650511e-4,1.448957e-4,2.779828e-4,9.053293e-5,2.261179e-4,3.012458e-4,5.084906e-4,0.004239445,0.02016422999999999,0.04475559,0.04043622,0.0131623,0.001554904,6.283255e-5,2.865586e-4,6.899065e-5,2.118583e-4,1.917402e-4,2.597017e-5,-3.803857e-5,1.741252e-4,2.635128e-4,1.038546e-4,4.188781e-4,2.1135e-4,1.990144e-4,3.191265e-4,3.393355e-4,1.238116e-4,3.368187e-4,1.702176e-4,2.319823e-4,5.744772e-4,3.996381e-5,7.596417e-4,5.378499e-4,8.404434e-4,7.543255e-4,0.001137938,9.485434e-4,0.001108302,7.502734e-4,6.935317e-4,0.001393607,0.001704444,0.001600626,0.00158369,0.00142317,0.001464744,0.001591329,0.001928264,0.00183541,0.001958499,0.001655532,0.001918385,0.001862816,0.002088937,0.002066576,0.001952642,0.002121634,0.002224828,0.002181012,0.002315892,0.002207039,0.002199599,0.002084241,0.002731788,0.002366584,0.002807807,0.003061347,0.003036271,0.002660919,0.002905881,0.003408954,0.003143746,0.003553859,0.004081282,0.004621151,0.004542526,0.00478329399999999,0.005222143,0.004601306,0.005078584,0.005873645,0.00616693,0.003896173,0.005959195,0.005141798,0.01238927,0.01568271,0.06018528,0.0808861,0.031305,-0.1601484,-0.07104894
485.356,-0.004124377,-0.00209447,-0.006137034,-0.002651241,-8.694707e-4,-0.003316613,-0.002040774,-0.003960231,-0.006563322,-0.002722559,2.03254e-4,-0.001059042,-0.001736046,-0.00229584,-0.002092917,-0.001045046,-0.001713002,-0.001735404,-9.746171e-4,-0.001767361,-8.139195e-4,1.877562e-5,-3.101103e-4,-6.912309e-4,-0.001148408,-3.224521e-4,-6.462659e-4,-8.419401e-4,-9.236546e-4,-4.535211e-4,-0.002705006,4.09609e-4,-0.003637956,-0.002519534,-6.816708e-4,-0.003143025,-0.001029864,-4.602398e-5,-0.001999701,-0.001868061,-8.372592e-4,-0.001896136,-3.597076e-4,-0.001408101,-0.002456564,-0.001851937,5.59008e-4,-0.001278593,-6.331535e-4,-9.762779e-4,-8.957184e-4,-0.001249922,-0.001699515,-1.197655e-4,-3.171527e-4,-5.000733e-4,-0.001694112,-5.199307e-4,-4.020981e-4,-5.604503e-4,-9.109415e-5,-9.838625e-4,-0.001383005,-5.876639e-4,-3.565345e-4,-0.001068861,-6.794041e-4,-2.259577e-4,-8.775957e-4,-9.467575e-4,-5.039928e-4,-6.003765e-4,-6.907973e-4,-6.05341e-4,-4.900011e-4,-5.115183e-4,-1.926385e-4,-2.667043e-4,-7.348984e-4,-3.13132e-4,-8.259083e-4,-6.908687e-4,-5.755114e-4,-0.001266207,-4.276683e-4,-4.921371e-4,-2.460518e-4,-3.243239e-4,-2.91897e-4,-2.478747e-4,-6.7499e-4,-1.887066e-4,-5.288576e-4,-5.680237e-4,-2.554727e-4,-3.582346e-5,-1.82404e-4,1.018256e-5,2.468793e-4,-2.593229e-5,1.892893e-4,1.490111e-4,0.001994976,0.01568276,0.03639404,0.04117661,0.01964559,0.002611196,1.459129e-4,1.863934e-4,1.147986e-4,2.031699e-5,1.026514e-5,8.951324e-5,2.656156e-4,2.875697e-4,6.905301e-5,1.038899e-4,-4.22353e-6,-1.099671e-4,-1.145885e-4,9.00591e-5,-2.097524e-4,-1.090226e-4,2.529488e-4,-4.214925e-5,4.397303e-4,3.82919e-4,7.1521e-4,4.677923e-5,4.645129e-4,6.280353e-4,3.574971e-4,5.215093e-4,7.183574e-4,4.23752e-4,7.528616e-4,9.968186e-4,5.957897e-4,0.001094351,9.755083e-4,9.788403e-4,8.09133e-4,0.001229687,0.001584462,0.001703827,0.001738339,0.001395159,0.00170511,0.00170382,0.001921197,0.002009879,0.001587191,0.001937259,0.001910679,0.002125725,0.002071754,0.001882077,0.002043462,0.002043419,0.002227637,0.00249959,0.00207576,0.002442784,0.002566246,0.00196509,0.002093393,0.002992134,0.003430086,0.003033474,0.003584917,0.003613986,0.003317089,0.003148093,0.002979613,0.003785012,0.004258352,0.004861574,0.004415156,0.003946002,0.005488956,0.004430195,0.005410041,0.003527843,0.003838857,0.01913015,0.05402596,0.02453415,0.07307416,-0.2149849,-0.4213493
487.68,0.00178628,0.003554043,0.002957394,0.001445286,0.001210144,0.002530798,0.005648157,0.002679254,0.00125672,7.882193e-5,0.00106492,0.00170559,-5.201375e-4,0.001449587,0.003709739,4.401849e-4,6.609038e-4,8.035807e-4,-5.32489e-4,-2.061102e-4,0.001425548,4.371152e-4,6.046234e-4,5.026428e-4,1.630248e-5,4.514829e-4,9.253013e-4,8.577053e-4,3.602679e-5,8.362938e-4,2.866001e-4,0.002364355,0.002839375,6.260585e-4,0.003709854,0.001366497,9.350207e-4,0.001905874,0.001957435,1.701538e-4,1.69525e-4,6.579058e-4,0.003445704,4.17812e-5,0.002882355,6.465921e-4,0.002537128,-0.001242674,0.002126366,0.001917957,-2.889936e-4,9.274453e-5,7.438576e-4,4.226385e-4,1.483148e-4,8.878777e-5,4.329752e-4,1.054674e-4,-1.997659e-4,6.110222e-4,8.223692e-4,0.001079531,3.016584e-4,-2.004704e-5,4.712116e-4,0.00106947,4.062382e-4,4.350284e-4,0.001159743,4.843112e-4,2.929801e-6,-1.996899e-4,9.607018e-4,1.928572e-4,5.455142e-4,1.77408e-5,9.673762e-4,3.802059e-4,2.932776e-4,5.837523e-4,1.618911e-4,5.936926e-4,5.911982e-4,6.014845e-4,4.559265e-4,3.948103e-4,8.137993e-4,4.814443e-4,2.690951e-4,5.780551e-4,5.820155e-4,-1.047274e-4,3.584304e-4,5.101663e-5,4.356927e-4,1.642817e-4,2.820699e-4,1.203475e-4,0.001050205,4.502183e-4,0.001182451,0.001477962,0.01284382,0.0342539,0.03929266,0.02359692,0.00539835,3.394236e-4,4.144213e-4,1.708512e-4,3.261977e-4,2.028813e-4,1.06138e-4,1.991329e-4,3.286208e-4,2.533821e-4,2.432271e-4,3.379856e-4,2.237256e-4,2.64345e-4,6.404912e-4,3.023589e-4,4.602021e-4,8.936177e-4,5.233231e-4,9.212811e-4,2.020827e-4,5.158948e-4,8.755361e-4,9.30566e-4,5.898003e-4,9.364664e-4,7.812452e-4,0.001118445,0.001147934,9.067825e-4,0.00137364,0.001365519,0.00150072,0.001314271,0.001426202,0.001424772,0.001560869,0.002191883,0.001935661,0.001859419,0.00160982,0.001858604,0.002090691,0.001838989,0.001921447,0.002004067,0.002146325,0.002162277,0.002259227,0.002132617,0.002101379,0.002504421,0.002060412,0.002132249,0.002445931,0.002715806,0.003038087,0.002818396,0.003183995,0.003286272,0.003590952,0.003311759,0.003397712,0.003847114,0.003878815,0.00396402,0.004058187,0.004341809,0.005107433,0.005338405,0.005212933,0.005669773,0.006104612,0.00707248,0.006237684,0.008182208,0.009666386,0.0099513,0.01878081,0.06128455,0.08610739,0.03532449,0.05567953,0.1806325,0.125977
490.005,-0.002422332,-0.001275664,-1.828206e-4,4.815877e-4,0.001124128,0.001523844,0.001290695,0.002922002,9.609453e-4,-0.00129333,0.001772836,6.407639e-4,3.740521e-5,-0.001274487,1.317214e-4,-9.269394e-4,-5.450341e-4,2.027488e-4,7.661839e-4,1.78201e-4,2.038131e-4,-9.541507e-5,-3.10324e-4,6.268766e-5,3.518141e-4,-1.452366e-4,1.480031e-4,3.289663e-5,1.116209e-4,-4.765991e-5,-4.696995e-4,2.886404e-4,-2.000261e-4,8.475108e-4,8.003277e-4,0.001050168,-4.216439e-4,-5.220765e-4,-0.002209209,0.0020393,-8.384409e-4,-6.606701e-4,0.001523546,2.961763e-6,4.233581e-4,-0.001776965,3.586427e-5,-3.6567e-4,-9.167065e-4,5.374078e-4,1.272533e-4,-3.75485e-4,-3.390734e-4,-2.701931e-4,-9.267639e-4,-9.747541e-4,-5.899554e-4,9.125424e-4,5.045982e-4,-6.821262e-4,3.179326e-5,-9.141369e-4,-6.444826e-4,-2.708689e-4,-8.703971e-5,-5.455922e-4,5.971138e-4,1.873561e-4,-3.986141e-4,2.714097e-4,3.876957e-5,6.022884e-4,2.322344e-4,5.740022e-4,4.428285e-4,-9.084789e-4,3.388811e-4,-5.806431e-4,-3.671171e-4,1.547782e-5,-5.698026e-5,-3.242183e-4,-2.051347e-4,-5.226612e-5,2.60824e-4,-7.452888e-5,1.975653e-4,-2.764878e-4,-1.985766e-4,-7.619377e-5,1.338924e-6,1.915948e-4,-4.678533e-4,2.874118e-4,3.316241e-4,2.280107e-4,6.312872e-5,5.510148e-4,3.13026e-4,3.658258e-4,0.0013423,0.008191542,0.03210483,0.04274738,0.02637403,0.006930344,7.130822e-4,-1.959723e-4,2.181897e-4,2.172019e-4,1.884525e-4,9.077037e-5,8.560308e-5,1.916316e-4,5.755261e-6,9.044739e-5,2.431855e-4,3.179558e-4,1.894679e-4,5.067535e-4,5.060944e-4,2.831078e-4,2.240757e-4,3.655517e-4,6.304846e-4,3.322458e-4,2.962476e-4,6.572622e-4,5.954949e-4,3.14449e-4,4.772632e-4,9.5066e-4,0.001000742,7.634929e-4,6.372419e-4,9.289908e-4,9.355897e-4,0.001040756,0.001139833,0.001101328,0.001076641,0.001305137,0.001284666,0.001564127,0.001448855,0.001542728,0.001538878,0.0017361,0.001782708,0.001993795,0.001746346,0.002004508,0.001811484,0.001798546,0.002044198,0.002187032,0.002158981,0.002111851,0.002475569,0.002642541,0.002468957,0.002405941,0.002762147,0.002544309,0.002558409,0.003470592,0.003122487,0.003155675,0.002946611,0.003435634,0.003003616,0.00351342,0.003510538,0.004270702,0.004698492,0.004399378,0.004159943,0.00503673,0.005049073,0.005489095,0.006061405,0.007167492,0.006604911,0.004739794,0.01960125,0.08223777,0.07601913,0.009202352,0.02278894,0.2296815,0.07570702
492.331,0.004203763,0.002369269,0.0021007450000000002,0.00128459,-0.001823313,6.789371e-4,-0.001936467,0.003006312,0.001478276,-0.001871579,3.570177e-4,-8.108784e-4,2.818119e-4,0.002007783,1.761021e-4,7.780159e-5,-3.28778e-5,-4.313713e-4,-2.965774e-4,4.588855e-4,5.206958e-4,6.079997e-4,-1.14108e-4,8.32264e-4,7.829956e-4,-2.258958e-4,3.748743e-4,3.85587e-4,1.867568e-4,-1.906193e-4,0.001485168,-4.829591e-4,0.002788476,0.002646913,0.001715854,0.00388336,4.200936e-4,-0.001562669,4.158867e-4,-3.805706e-5,-0.002264806,9.042486e-4,-3.18741e-4,1.230475e-4,-0.001419933,0.002691817,0.002161882,-5.486278e-4,0.001984871,9.741041e-4,2.862527e-4,-0.001126012,-5.843789e-4,-0.001082416,4.107286e-4,-2.385635e-5,-4.268642e-4,-3.098963e-4,7.789643e-5,4.901745e-4,3.362929e-5,3.059869e-4,-6.210339e-4,4.801343e-4,2.509696e-5,4.801912e-4,7.480099e-4,-6.798302e-4,-1.773662e-4,-3.277778e-4,-1.651372e-4,-2.716127e-4,-3.526321e-4,4.198376e-4,1.949267e-5,4.322406e-4,6.50693e-5,-1.700476e-4,-2.589588e-4,5.237976e-4,-7.006057e-5,8.571816e-5,-9.437129e-5,3.888413e-4,-1.153313e-4,2.18301e-4,9.918236e-5,-2.039764e-4,-8.14889e-5,9.587181e-5,2.115738e-4,9.750206e-5,-2.810614e-5,5.640327e-4,5.96684e-4,3.827052e-4,1.427737e-4,2.397565e-4,3.549964e-4,3.923483e-4,0.00509766,0.02426631,0.04585962,0.03159245,0.009633935,0.001495506,2.314917e-4,-2.773386e-6,-1.041797e-4,3.13662e-5,2.368465e-4,2.763292e-4,1.232298e-4,1.477626e-4,3.757426e-4,2.10501e-4,2.614472e-4,1.337841e-4,2.066962e-4,5.008757e-4,2.309015e-4,4.888375e-4,1.41253e-4,3.609807e-4,4.864689e-4,6.554311e-4,1.183085e-4,6.142933e-4,7.621604e-4,5.333e-4,5.961229e-4,7.355697e-4,8.414458e-4,6.197725e-4,7.408099e-4,8.773266e-4,0.00119102,0.001069373,0.001196822,0.00109442,0.001432694,0.001325203,0.001395844,0.001661781,0.00158483,0.001639679,0.001493644,0.001878299,0.002058175,0.002070725,0.001602399,0.002154058,0.002034559,0.00232254,0.001957708,0.001960942,0.002188767,0.001852818,0.002221538,0.002004277,0.002437806,0.002107492,0.002340587,0.00222606,0.002796491,0.003000251,0.002701015,0.002592529,0.002866979,0.003283348,0.003443167,0.003287213,0.003866016,0.003474143,0.005151111,0.005532166,0.005415989,0.005691416,0.0055712,0.005476217,0.006587736,0.004661023,0.004389345,0.009575737,0.04737745,0.08483547,0.03307716,0.02901692,0.09221593,-0.1481082,-0.4371948
494.657,-0.002419943,0.002091385,0.002616102,-0.002325619,-5.213617e-4,-0.001819142,2.686858e-4,8.928391e-4,-2.938369e-4,-5.107991e-4,-0.001211387,-0.001624055,9.029832e-4,4.275081e-4,-4.781528e-4,-1.549659e-6,1.848097e-4,7.018837e-4,5.292801e-4,4.333446e-4,-8.350757e-4,-4.17804e-4,-4.236876e-4,-5.176101e-4,-1.270815e-4,-1.609727e-4,-7.092254e-4,-7.899222e-4,-6.122366e-5,-4.288184e-4,-0.001002825,-3.215662e-4,-0.00174268,-0.00279739,-0.001136087,3.678531e-4,5.129823e-4,-8.237012e-4,0.001038401,-5.789314e-4,-5.439671e-4,-3.297287e-4,1.603449e-4,-6.249047e-4,-5.740582e-4,-0.001018656,-0.002049403,-0.001786897,-6.799649e-5,-0.002184761,-1.284425e-4,9.344856e-4,9.399958e-5,-7.805914e-4,1.163196e-4,4.204105e-4,-4.551225e-4,-2.336387e-4,-6.012235e-4,1.960535e-4,-3.745134e-4,-3.972872e-4,-8.046776e-4,-3.14866e-4,-1.541943e-4,-6.314459e-4,3.42022e-4,-0.001172927,-2.976886e-4,-7.522415e-4,-1.480496e-4,3.771736e-5,-1.40344e-4,7.093909e-5,2.054466e-4,-8.242352e-4,3.86173e-4,-3.277218e-4,4.726748e-5,-4.764084e-4,-1.719569e-4,-7.178551e-4,-3.827357e-4,-7.980814e-4,-1.806438e-4,-4.968988e-5,-4.175239e-4,1.323564e-4,-2.563814e-4,-1.320917e-4,-3.144328e-4,-8.322707e-5,2.657052e-4,-3.992683e-4,2.848665e-5,2.640008e-4,-6.175835e-6,-1.987821e-4,5.652982e-4,0.003547451,0.02054137,0.03911589,0.03620927,0.01331083,0.001892411,3.246277e-4,1.439582e-4,1.529668e-5,2.188352e-4,-1.127222e-5,5.712241e-6,1.240484e-4,8.19751e-5,1.364776e-4,2.164081e-5,-2.110583e-5,-1.799581e-5,8.320972e-5,3.768577e-4,-3.50765e-5,2.685752e-4,2.054061e-4,1.857822e-4,3.505685e-4,-1.132074e-4,7.855542e-4,7.686181e-4,3.431005e-4,3.160434e-4,3.587328e-4,4.059651e-4,4.971951e-4,8.394366e-4,5.204249e-4,6.874516e-4,8.830008e-4,8.897744e-4,8.652803e-4,9.330864e-4,9.000644e-4,0.00126221,0.001136341,0.001156455,0.001495138,0.001322322,0.001371124,0.001412602,0.001648416,0.001817196,0.001469312,0.001626846,0.001596051,0.001761057,0.00179938,0.001689551,0.002231018,0.001947051,0.001855707,0.002239293,0.002078023,0.002124565,0.002176482,0.002395669,0.002383691,0.002336454,0.002745017,0.002362325,0.002561107,0.002290635,0.002645168,0.002746902,0.0028859,0.003422389,0.002835481,0.00389299,0.004918497,0.003385984,0.00420141,0.005366693,0.003309086,0.005492237,0.00571175,0.007582132,0.01770843,0.0520767,0.07338344,0.02204129,0.009208079,0.0114618,-0.1905822,-0.07354135
496.984,0.003111426,3.626852e-4,3.175451e-4,0.00239538,-8.63868e-4,0.00180733,0.00129225,0.00290739,-0.001391468,0.002283708,-0.00120622,4.278341e-4,3.375222e-6,6.821327e-4,6.949686e-4,0.001276336,1.737616e-6,-8.61475e-4,-2.072566e-4,1.260638e-4,2.33161e-7,5.478106e-4,-1.785086e-4,3.746483e-4,-3.486307e-4,4.800088e-5,-5.943689e-4,-4.193722e-4,-1.010172e-4,-9.480754e-5,3.158217e-4,-1.578022e-4,0.001088121,6.768532e-4,0.00130635,-8.840676e-4,3.711263e-4,-1.317891e-4,-4.147852e-4,2.09557e-4,-7.485579e-4,9.407757e-4,-0.001551813,-3.857508e-4,-1.897073e-4,4.160813e-5,7.779861e-4,9.076991e-4,0.003200936,-6.378964e-4,-5.416332e-4,4.33114e-4,0.001108194,7.798884e-4,-0.002019501,2.809829e-4,-2.122725e-4,-2.463586e-5,0.00115343,1.468796e-4,1.974216e-4,1.640603e-4,7.129573e-4,5.458524e-4,-6.199565e-4,8.684878e-5,1.502662e-4,4.940304e-4,2.199884e-4,4.815355e-4,-3.433828e-5,-1.264126e-4,3.018641e-4,-3.762267e-4,2.884155e-4,-4.593921e-4,-4.637213e-4,-1.853141e-4,1.692151e-4,1.937211e-4,-1.567437e-4,-4.102854e-5,-1.762201e-4,5.849433e-4,1.819788e-4,-8.526986e-5,1.474018e-4,4.018576e-7,-8.112522e-5,8.21817e-5,3.409026e-4,-9.168267e-5,2.326724e-5,5.025485e-4,2.261135e-4,4.257692e-4,2.558194e-4,-2.097727e-5,0.00201585,0.01511676,0.03915031,0.03896147,0.0170751,0.002738678,3.615105e-4,-6.165407e-5,2.422531e-4,1.597711e-4,1.42947e-4,1.502766e-4,1.913965e-4,2.125081e-4,-8.172963e-5,2.303298e-4,-2.562047e-5,2.262308e-4,4.582368e-5,3.323851e-5,1.938668e-4,-3.980282e-6,2.739732e-4,4.284553e-4,2.557502e-4,-1.88447e-5,2.113944e-4,-6.527306e-5,4.33829e-4,4.333635e-4,6.683899e-4,2.84562e-4,5.158699e-4,6.714213e-4,9.11678e-4,7.287888e-4,8.688009e-4,5.450383e-4,8.501613e-4,8.623386e-4,0.001196575,0.001381772,0.001257473,0.001469352,0.001505824,0.001502578,0.001291603,0.001392086,0.001215458,0.001559509,0.001388946,0.001668198,0.001652317,0.001648447,0.001819764,0.001959067,0.00195176,0.001633055,0.001926284,0.001819873,0.002612965,0.002165787,0.002636344,0.00209281,0.002763891,0.002256429,0.002232584,0.002746501,0.002530455,0.002617261,0.002788802,0.003196788,0.002829187,0.003683101,0.003060276,0.003777538,0.005075473,0.003830298,0.004946307,0.003313296,0.005703049,0.005151092,0.004446318,0.004485196,0.009147543,0.02503251,0.0596004,0.05159722,0.03103329,0.02170388,0.08443627,0.00648307,-0.5543734
499.311,-0.002679668,-0.001721204,-0.002046317,-0.002317981,-0.002586572,-0.00213519,6.122184e-4,-0.002804414,-0.003446152,-0.0037454,-9.037803e-4,-7.362893e-4,-9.319081e-4,-0.002196883,-1.728997e-4,-0.002359368,-0.001774762,-0.001591455,-0.001351891,-0.001249358,-9.671213e-4,-4.354387e-4,-9.744874e-4,-5.938534e-4,-0.001110779,1.602289e-4,-6.422445e-4,-9.890533e-4,-6.544534e-4,-0.001472777,-0.002094148,-0.001168847,-0.001934613,-0.003453233,-5.645827e-4,-8.825944e-4,-0.001908673,-0.001382129,-0.001616793,-0.002354843,-8.755577e-4,-0.001025983,-7.158918e-4,5.104078e-4,-2.662494e-4,-0.00150245,-0.00196971,-0.001308495,-0.001859299,-0.001843112,-3.828429e-4,-5.913896e-4,-0.002240076,-0.001974868,-0.001123721,-9.404802e-4,-0.001310112,-0.001189802,-7.996436e-4,-0.001455174,-3.735955e-4,-8.621304e-4,-4.347332e-4,-4.952988e-4,-6.635605e-4,-0.001106731,-2.105582e-4,-8.81847e-4,-9.916383e-4,-2.105304e-4,-0.001040354,-7.230235e-4,-7.042668e-4,-3.938278e-4,-6.051217e-4,-3.268337e-4,-6.396488e-4,-8.27435e-4,-1.665201e-4,-6.969225e-4,-4.309002e-4,-6.307308e-4,-5.857896e-4,-6.75667e-4,-1.412237e-4,-2.3711e-4,-3.667215e-4,-4.060886e-4,-1.740923e-4,3.185118e-4,-1.278965e-4,-2.702841e-4,-6.810232e-5,2.432419e-5,-2.069419e-4,7.346716e-5,6.461223e-5,0.001042319,0.01029576,0.03303944,0.04300253,0.02153481,0.00444694,1.654202e-4,1.68973e-4,-2.658915e-5,-2.905459e-5,-1.790203e-5,-6.381119e-5,-9.208897e-5,-3.889433e-5,3.461054e-5,7.148172e-5,2.702163e-5,5.244266e-5,1.580474e-4,1.278657e-4,-5.600301e-5,5.787472e-5,-5.391633e-5,3.696071e-4,2.561451e-5,4.782699e-5,-1.155724e-4,-1.816539e-5,3.631027e-4,4.672569e-4,2.731904e-4,3.829085e-4,4.154381e-4,4.463199e-4,6.11717e-4,2.719753e-4,4.510901e-4,8.544335e-4,8.143567e-4,7.563569e-4,4.605746e-4,7.546156e-4,9.108152e-4,0.001003889,6.036568e-4,0.001027744,0.001015109,0.001233881,0.001244272,0.001215767,0.001227467,0.001344761,0.001284631,0.0015552,0.001415367,0.001546386,0.001502886,0.001515765,0.001557864,0.001891895,0.001673384,0.001451728,0.001872399,0.001680919,0.002043713,0.002203206,0.001830422,0.001856576,0.002190004,0.002087492,0.002705953,0.00266321,0.002440399,0.002487902,0.001809312,0.003301668,0.003095855,0.002743466,0.003466499,0.00439303,0.002502731,0.003782424,0.003351305,0.004190163,0.004930873,0.01189908,0.05060589,0.05987806,0.02384326,-0.00169628,-0.05276958,-0.06144197,-0.07452533,-0.9708587
501.64,-0.003930066,-1.809107e-4,-0.004498743,-0.00200003,-0.00336592,-0.00225064,-0.007109471,-0.003610257,-0.005503838,-0.001801719,-0.001408941,4.280922e-4,-9.299685e-4,-0.002412819,-8.236307e-4,-0.004321662,3.667825e-4,-1.635944e-4,-0.001940994,-0.001403008,-0.001665699,-8.332728e-4,-4.224362e-4,-7.818974e-4,-6.983801e-4,5.776001e-4,-6.735781e-4,-0.001023026,-9.413731e-4,-7.604196e-4,-0.001845496,-4.406022e-4,-0.004813123,-6.084081e-4,-0.002494639,-4.660398e-4,-0.002189676,-0.001297215,-0.002944634,-0.002480239,-0.001752106,-5.345354e-4,-0.001951939,-3.08302e-4,-0.002827723,-0.001012943,-2.995645e-4,-0.001491234,-0.001720505,-0.001508646,-0.002070131,-0.00248894,-0.001565104,-0.001616874,-5.747654e-4,-5.24618e-4,-0.001524553,-1.797059e-4,-0.002302163,-0.001771415,-0.00139891,-0.001375978,-2.277161e-4,-3.136028e-4,-0.001263198,-1.301873e-4,-0.001799896,-0.001046141,-8.325241e-4,-1.91606e-4,-0.00107842,-0.001121885,-0.001393414,-6.705392e-4,-9.592439e-4,-0.001676217,-7.046765e-4,-7.954153e-4,-0.001250281,-6.381302e-4,-2.734129e-5,-9.402421e-4,-8.041772e-4,-7.795646e-5,-8.785425e-4,-4.650581e-4,-4.16354e-4,-8.014027e-4,-6.275352e-4,-2.980204e-4,-2.786541e-4,-2.178006e-4,-4.672227e-5,-3.663173e-4,-2.541488e-4,-1.682496e-5,1.545682e-4,0.007905159,0.02715562,0.04167115,0.02747419,0.007162336,4.634849e-4,-2.469065e-4,-1.185567e-4,1.088727e-4,-2.239822e-4,1.520227e-4,-3.27922e-5,3.105234e-5,1.276886e-5,-4.431143e-5,-5.113193e-5,1.869112e-4,1.308129e-4,-1.533079e-4,-1.775385e-4,1.03181e-4,1.032597e-4,1.264746e-4,-2.541099e-4,2.560737e-4,-8.950408e-5,1.242462e-4,1.343329e-4,4.139494e-4,3.20981e-4,4.747869e-4,3.609692e-5,4.154534e-4,6.906855e-4,3.849554e-4,2.344221e-4,5.264958e-4,6.930016e-4,6.475836e-4,4.37715e-4,5.113998e-4,6.844081e-4,5.96474e-4,0.001038051,0.001166521,9.758818e-4,0.001250155,0.001299308,0.001155823,0.001203966,0.001446281,0.001390401,0.001369187,0.001310414,0.001305903,0.001547243,0.001373079,0.001283278,0.001413544,0.00162347,0.001512479,0.001828425,0.002152393,0.001559363,0.001804324,0.001678558,0.002013454,0.001783488,0.001868979,0.001965825,0.001828632,0.002319121,0.00222194,0.002476699,0.002519469,0.002408257,0.002361396,0.003477541,0.003337467,0.002490937,0.004777598,0.003318174,0.00361118,0.003428475,0.005765966,0.01300812,0.05060881,0.04744608,0.01583255,-0.007819423,-0.0328642,-0.01184076,-0.30114610000000003,-0.9866724
503.969,-0.003125308,-0.007974036,-0.004917157,-0.002397742,-0.007840952,-0.004078612,-0.005917417,0.001299125,-9.518938e-4,-0.003747352,5.222698e-5,-0.001090751,2.795501e-4,-0.001308522,-0.002081915,2.381707e-4,-0.001013553,-0.001326861,-2.945564e-4,-0.001248712,-7.197628e-4,7.544262e-5,-4.872361e-4,-2.189521e-4,-4.28174e-4,-8.661508e-4,-0.001077063,-8.049995e-4,-7.876508e-4,-8.550007e-4,-0.002001289,-0.0014538,-0.001241313,-0.001783137,-0.002550401,-0.001301297,-0.002187966,-6.930853e-4,-6.638015e-4,-0.001776015,-0.001543013,-0.0024599,-0.001433279,-7.377095e-4,-0.002405597,-8.629942e-4,-0.002376842,-0.001962738,-0.001122169,-0.001608573,-1.28267e-4,-0.001057129,-5.817414e-4,-0.00158567,-0.001440894,-9.688753e-4,-0.002462103,-3.351229e-4,-0.00117563,-5.08479e-4,-2.816961e-4,-0.002237457,1.391972e-4,-3.375275e-4,-0.001330998,-3.905702e-4,-4.007382e-4,-3.063023e-4,-6.142418e-4,-3.649981e-4,-5.923723e-4,-0.00121211,-3.156922e-4,-5.158987e-4,-1.330617e-4,-0.001149399,-2.074638e-4,-0.001234738,-7.612431e-4,-7.569193e-4,-6.191201e-4,-2.520859e-4,-5.441575e-4,-4.50039e-4,-1.927795e-4,-4.892781e-4,-4.159238e-4,-6.693759e-4,-3.948367e-4,-1.85251e-4,1.573504e-5,2.342221e-4,9.506175e-5,6.449659e-5,1.697777e-4,3.814738e-4,0.005004563,0.02488827,0.04202415,0.03620697,0.009718492,0.00114128,-2.173615e-4,-1.985868e-4,-1.706429e-4,-1.196823e-5,6.865008e-5,-1.321934e-4,6.45163e-5,4.638519e-5,-2.038577e-4,-4.440448e-5,-4.429616e-5,-4.244029e-5,-1.666616e-4,1.731089e-5,3.671207e-5,-1.00746e-4,1.768126e-4,-2.950301e-4,3.954799e-4,1.919185e-4,2.351538e-6,2.635576e-4,-1.303744e-4,-5.123425e-5,2.672728e-4,1.306836e-4,2.734856e-4,2.839336e-4,4.25342e-4,-1.735141e-4,4.301366e-4,5.937596e-4,1.109865e-4,5.234351e-4,3.57193e-4,6.902338e-4,6.555006e-4,7.190084e-4,6.761431e-4,9.409119e-4,0.001047539,8.849945e-4,0.001227398,0.001141826,9.527444e-4,0.001143699,0.001299759,0.001111279,0.001218723,0.001597068,0.001506662,0.001436745,0.001482507,0.001331751,0.001494758,0.001430275,0.001918497,0.001681493,0.002215844,0.001666172,0.001299123,0.002038634,0.002411473,0.00203132,0.002190756,0.001965854,0.001813171,0.002082556,0.002645534,0.002916442,0.003203797,0.003096138,0.002884825,0.003645229,0.003558919,0.003473219,0.004702747,0.001104547,0.003214297,0.009352817,0.0345597,0.04952654,0.03675458,0.006091168,-0.001924341,-0.006132045,-0.1158897,-0.1606564,-0.6879898
506.298,-0.001879368,0.001990847,0.002256281,0.002631478,-2.617198e-4,-8.223807e-4,-0.001165319,0.004030366,0.002055247,0.00202801,5.343084e-5,4.271852e-4,0.001246011,0.001698288,-4.320874e-4,8.359826e-4,0.001091872,0.001163114,2.776645e-5,9.639688e-4,0.001325653,1.505429e-4,-1.296115e-4,0.001138431,3.175504e-4,1.760002e-4,-4.631836e-4,7.846021e-4,-1.405764e-4,9.527423e-5,3.433004e-5,9.742471e-4,0.001531912,0.002740559,0.001815182,-0.001765706,6.491825e-4,2.555096e-4,0.001033397,3.741916e-4,9.610252e-4,3.665625e-4,9.956536e-4,2.769854e-4,6.495006e-4,8.306648e-4,0.001406055,0.001995097,0.001512432,-0.001105335,-9.736423e-5,-3.42369e-4,0.00120074,4.806519e-4,0.001474528,5.864218e-4,0.001234451,-0.001395742,5.278872e-4,9.957857e-4,3.908364e-4,-2.319193e-4,5.064162e-4,6.343543e-4,5.132131e-4,8.23482e-4,7.426115e-4,0.001088711,-3.549201e-4,6.539926e-4,4.495688e-4,5.499264e-5,6.378086e-4,6.070373e-4,-8.202977e-5,2.6414e-4,1.769488e-4,3.388987e-5,1.082877e-4,6.062997e-5,5.215301e-4,9.9425e-5,-1.219151e-5,3.060282e-4,1.714605e-6,-9.785808e-5,4.289385e-4,6.095562e-4,3.514049e-5,6.230353e-4,5.488912e-4,7.744873e-5,7.632912e-4,3.87715e-4,4.704208e-4,0.00305954,0.01872734,0.04408585,0.03925623,0.01611234,0.002167541,5.070625e-4,3.637511e-4,2.96577e-4,1.098512e-4,1.068741e-4,1.883591e-4,-1.952196e-4,2.9767e-4,1.923004e-4,2.356382e-4,2.353004e-4,1.937459e-4,3.097445e-4,1.318296e-5,2.131122e-4,2.549475e-4,3.005313e-4,2.221214e-4,4.732992e-4,3.826452e-4,2.298738e-4,5.057351e-4,8.867604e-4,6.04648e-4,6.132861e-4,2.965111e-4,6.360517e-4,8.260166e-4,4.663034e-4,6.611923e-4,6.551812e-4,7.676953e-4,7.12826e-4,0.001220387,9.150038e-4,9.868292e-4,8.39654e-4,0.001735419,0.001318716,0.001282476,0.001447587,0.001235702,0.001338278,0.001322164,0.001467141,0.00135438,0.001494017,0.001368334,0.001543872,0.001462698,0.001542689,0.001419659,0.00177131,0.001841134,0.001760222,0.002085859,0.001861216,0.002274371,0.002004668,0.002171907,0.002073937,0.001823527,0.002126921,0.002577793,0.002603964,0.002834591,0.002798361,0.002441086,0.002765873,0.002970843,0.003245083,0.002978635,0.002983678,0.004316807,0.003828347,0.006300173,0.004736416,0.006875434,0.00580694,0.005890926,0.016751,0.04501371,0.06034441,0.03654074,0.002377418,-0.001262323,-0.007361157,0.02008434,-0.07063059,0.98454
508.629,0.003540345,6.317727e-4,0.002841409,0.001828334,0.002740739,-1.265592e-4,0.004248793,0.00417852,5.865507e-4,0.001178119,1.019628e-4,-7.325514e-4,-5.814869e-4,0.001986996,6.486963e-4,9.133544e-4,7.259347e-4,-5.598894e-4,2.619111e-4,9.367693e-4,-2.012167e-4,5.457586e-4,4.691478e-4,7.462895e-4,5.695228e-4,6.384612e-4,2.508476e-6,8.215244e-5,1.532916e-5,0.001277234,9.625283e-5,1.251727e-4,1.945263e-4,0.002787873,-1.65881e-4,-3.091054e-4,0.001249486,0.001112744,0.001153557,0.00181385,2.527696e-6,2.026301e-4,8.735885e-4,0.001672046,-5.312192e-4,2.99126e-6,6.266996e-4,-4.345099e-4,8.435796e-4,-2.348964e-4,8.851304e-4,-2.797531e-4,0.001471396,7.769117e-4,0.001554951,9.707549e-4,2.695756e-4,1.113353e-6,3.769123e-4,3.882161e-4,9.291008e-4,9.295183e-4,-1.354908e-4,-4.025534e-4,3.556842e-4,0.001274656,0.001013716,0.00112604,1.99355e-4,2.496389e-4,7.255586e-4,7.411237e-4,-7.357479e-4,4.152819e-4,5.394707e-4,-2.601247e-4,7.183269e-4,0.001342216,0.001004447,1.191503e-4,-9.894477e-5,-2.648567e-4,-1.88662e-4,4.111325e-4,-7.582533e-5,3.657218e-4,8.598537e-5,-9.489164e-5,7.984894e-4,7.641504e-6,4.930044e-4,4.651914e-5,4.292267e-4,6.890128e-4,0.001913103,0.01286383,0.03587226,0.04540356,0.01996396,0.003991765,3.286304e-4,4.223323e-4,3.621698e-4,6.977513e-5,2.901016e-4,1.921797e-4,3.138907e-4,-3.10487e-5,2.221146e-4,3.066117e-4,1.188693e-4,2.90387e-4,1.558863e-4,3.917765e-4,3.597423e-4,3.398106e-4,1.816191e-4,2.003659e-4,3.739129e-4,6.333954e-4,3.698385e-4,5.157306e-4,5.124722e-4,2.829544e-4,5.872013e-4,4.279496e-4,3.582267e-4,6.451359e-4,5.933904e-4,4.517336e-4,7.702007e-4,8.940765e-4,7.878902e-4,0.001024826,7.479936e-4,9.991049e-4,0.001402355,0.001165729,0.001142401,0.00140325,0.001371707,0.001416619,0.001303873,0.001269472,0.001228178,0.001423753,0.001497013,0.001456995,0.001744781,0.001705077,0.0016463,0.001744785,0.001505944,0.001784489,0.001968962,0.001946284,0.001959144,0.001862951,0.001878507,0.002281464,0.002049725,0.001880617,0.001754416,0.001865547,0.00244748,0.00270389,0.002264223,0.003102726,0.002560651,0.002877629,0.003547625,0.002992232,0.00315359,0.003707404,0.003602665,0.003793534,0.004769682,0.005433418,0.004615268,0.004860566,0.005385859,0.02482016,0.05549402,0.04438588,0.01653718,0.006337516,0.01700231,0.01243897,0.03342444,0.2398444,0.1311522
510.959,0.006611876,-9.864558e-4,0.003572955,-0.002533096,0.002640617,0.00224831,0.006073074,0.001683547,0.002326808,0.002970543,0.001000828,0.00105248,3.111122e-4,0.001639986,-8.46262e-5,8.683372e-4,4.24728e-6,1.342241e-4,8.98654e-4,-0.001590448,5.57286e-4,1.681356e-4,-1.589956e-5,2.78153e-4,3.150895e-4,-5.401001e-4,-3.965102e-4,8.093731e-5,-1.957662e-4,-0.001246437,0.001305951,2.450409e-4,0.001421302,4.526004e-4,0.002249258,0.001138351,-6.925278e-4,5.096566e-4,-9.193979e-7,-9.3976e-4,0.003061788,-6.100128e-4,0.002446815,3.903345e-4,0.001212434,6.751106e-4,7.141281e-5,2.514601e-4,-0.00215365,0.002318522,9.427709e-4,9.214378e-4,0.001280843,-3.836234e-4,-6.825272e-4,2.245345e-4,6.66441e-4,1.81301e-4,4.741602e-4,1.698103e-4,0.001212833,9.710494e-4,6.839464e-4,-1.972998e-5,0.001321393,6.878019e-4,0.001239557,6.943972e-4,6.134742e-5,9.340708e-4,8.868048e-4,-3.756568e-4,-3.250956e-5,3.622226e-4,3.693654e-4,1.807045e-4,-1.480725e-5,8.241627e-4,-2.098414e-4,5.012283e-4,0.001076012,3.070839e-4,2.315007e-4,-4.455211e-4,-4.342983e-4,5.653846e-4,2.435227e-4,1.782807e-4,1.845067e-4,2.550725e-4,5.019883e-4,1.096717e-4,2.869783e-4,5.070764e-4,0.00898487,0.03294616,0.04083105,0.0268003,0.006079698,0.001000875,3.334846e-4,2.759318e-4,2.220425e-4,3.053587e-4,2.846389e-4,9.840868e-5,-5.998167e-7,2.571772e-4,3.786179e-5,2.135825e-4,3.155856e-4,1.684542e-4,2.0199e-5,2.817535e-4,3.810256e-4,3.422556e-4,2.66435e-4,4.496351e-4,4.680558e-4,5.106844e-4,5.206773e-4,8.862453e-5,2.708679e-4,9.590161e-4,6.444301e-4,5.125045e-4,8.154921e-4,8.256447e-4,5.540819e-4,7.087888e-4,9.248833e-4,6.134057e-4,8.210219e-4,3.424509e-4,0.001181186,9.721679e-4,0.00100047,0.001124001,0.00124119,9.355352e-4,0.001060191,0.001501013,0.001595584,0.001307965,0.00145841,0.001544153,0.001914504,0.001538095,0.001388283,0.001271935,0.001901316,0.001273076,0.001705203,0.001906231,0.001486324,0.001536041,0.001487121,0.001817072,0.001800793,0.00178359,0.001966559,0.002097217,0.001946634,0.002153432,0.002237761,0.001935263,0.002354163,0.002378539,0.002431189,0.002865014,0.002764585,0.002973366,0.002651844,0.003172853,0.003144104,0.004298397,0.004122316,0.005800368,0.005039933,0.004994932,0.01119724,0.03420866,0.05235217,0.03635057,0.009321605,-4.401923e-4,0.007548055,-0.01808887,-0.02028327,0.2659507,0.9552704
513.291,-0.002562428,-0.002864327,-0.001029447,-0.004895823,-0.002047566,-0.00461818,-0.001994188,-0.001574446,-0.001953753,-0.001832329,-0.003479083,-0.001978341,-0.001873785,-0.002630515,-4.702305e-4,-0.002885423,-9.262571e-4,-0.002329161,-8.147932e-4,-0.002090491,-2.886047e-4,-6.360668e-4,-0.00163696,-9.419564e-4,-2.815788e-4,-5.705406e-4,-6.495725e-4,4.614365e-4,-4.402039e-5,-0.002018309,-0.001448673,8.609905e-5,-9.822813e-4,-0.003190847,-0.001396912,-0.00174794,-6.447319e-4,-7.279797e-4,-0.002293643,-9.758561e-4,-0.001027907,-0.001580564,-0.001218451,-0.003689399,-0.001092934,-4.047949e-4,-4.048206e-5,-8.262177e-4,3.932228e-5,-5.973306e-4,-0.001949629,-0.002518998,-0.001272456,-5.895386e-4,-0.001306884,-9.826216e-4,-0.001214216,4.628326e-4,-0.002495112,-0.001412546,-8.32369e-4,-4.597605e-4,-9.947953e-4,-4.032888e-5,-6.540263e-4,-4.287411e-4,-3.743533e-4,-0.001741906,-0.001096571,7.724398e-5,-8.050461e-4,-3.558531e-4,-0.001305215,-5.922252e-4,-6.480502e-4,-7.454385e-4,-4.579526e-4,-1.507807e-4,-0.001052915,-6.886036e-4,-6.830343e-5,-2.620835e-4,-3.754309e-4,-1.287794e-4,-2.664373e-4,7.805515e-5,-1.442912e-4,-5.900897e-4,-1.027676e-4,-3.666002e-4,-5.181253e-4,-4.71605e-4,1.7872e-4,0.003213588,0.02403546,0.0449502,0.02805787,0.00888868,5.777564e-4,-1.159001e-4,2.077192e-4,1.382961e-4,-1.352634e-4,-1.854965e-4,-9.769098e-5,-1.227207e-4,-1.480344e-4,-1.737654e-4,-1.769731e-4,1.180331e-4,1.620476e-4,-1.152283e-4,-2.358369e-5,3.365995e-5,-8.752676e-5,4.658635e-5,1.668064e-4,1.369216e-4,2.661805e-4,1.594629e-4,3.76481e-4,6.19178e-4,4.123687e-4,5.92377e-4,1.117321e-4,1.002231e-4,2.7615e-4,2.176011e-4,2.822989e-4,3.513198e-4,5.30378e-4,3.08267e-4,3.135122e-4,3.862282e-4,3.134056e-4,8.117682e-4,2.029361e-4,2.849665e-4,6.553519e-4,4.403903e-4,6.417462e-4,9.101392e-4,9.958241e-4,6.878922e-4,0.001027643,0.001102509,0.001245421,9.660528e-4,0.001146254,0.001231754,0.001114526,0.001084243,0.001217433,0.001100604,9.940486e-4,0.001289719,0.00108659,0.001398827,0.001622926,0.001198511,0.001312693,0.001780683,0.001517854,0.001225877,0.002040126,0.001688226,0.002083759,0.001622328,0.002063726,0.001760413,0.001941504,0.002445859,0.002126352,0.001657165,0.00281423,0.003815079,0.002983275,0.002888826,0.003472729,0.002092018,0.0161976,0.0467917,0.04916386,0.01219031,0.006607401,-0.001316243,-0.01412389,-0.04134496,-0.01327174,-0.05755595,-0.7260102
515.623,-5.377682e-4,8.978297e-5,-0.001356856,0.002284571,-3.450288e-4,-3.692786e-4,0.00245276,0.002399115,7.992541e-4,0.001817689,9.461325e-4,6.332651e-4,0.001367423,0.001133881,0.002227114,3.909233e-4,-1.385757e-4,2.655258e-4,3.746664e-4,0.001254062,-1.328611e-4,6.338908e-4,0.001154172,7.703421e-4,4.078304e-4,-4.762372e-5,5.585788e-4,-4.641401e-4,-2.499253e-5,4.692036e-4,-3.348555e-4,8.431343e-4,3.392704e-4,4.505863e-4,0.002353866,1.582624e-4,9.167047e-4,7.185603e-4,-0.001963681,-5.271417e-4,0.001733299,6.447183e-4,5.125053e-4,0.001964855,8.691282e-4,0.001563492,0.001243581,0.001146559,2.82012e-4,5.921417e-4,2.492758e-4,-2.162755e-4,7.309842e-4,5.63942e-4,0.0014005,-2.156485e-4,2.411977e-4,5.89503e-4,-2.158336e-5,6.489447e-4,4.347023e-4,-4.129861e-4,-6.088469e-4,-6.216024e-4,4.849591e-4,0.001670122,5.043392e-4,5.503252e-4,2.961171e-4,2.668335e-4,5.36472e-4,1.26503e-4,2.128593e-4,3.091199e-4,3.161955e-6,-1.11665e-4,5.701129e-4,-1.351572e-4,3.328841e-4,2.649017e-4,2.880438e-4,2.782539e-4,5.522235e-5,1.72579e-4,7.545293e-4,3.897869e-4,-4.683042e-5,5.906722e-4,-7.978937e-5,4.09753e-4,8.031888e-4,9.610126e-4,0.002798566,0.01685236,0.04086911,0.03797972,0.01189766,0.002029737,1.808613e-4,6.252795e-4,5.804868e-4,6.950378e-5,3.516861e-4,4.487373e-4,3.746789e-4,3.278064e-4,2.343241e-4,2.932073e-4,2.464932e-4,1.444273e-4,1.076407e-4,2.163936e-4,2.787822e-4,2.341076e-4,2.133599e-4,2.231567e-4,3.104245e-4,1.626765e-4,1.391368e-4,6.120479e-4,5.154828e-4,2.774324e-4,4.338814e-4,4.475693e-4,4.785985e-4,4.192759e-4,5.806272e-4,9.056862e-4,7.44232e-4,8.421701e-4,5.708297e-4,5.897745e-4,7.883357e-4,8.229832e-4,3.709543e-4,6.024781e-4,8.246603e-4,8.368901e-4,0.001188147,9.656819e-4,0.001056349,0.001110934,0.001214607,9.372394e-4,0.001561327,0.001671595,0.001635639,0.00127965,0.001282558,0.001204156,0.001701731,0.00148591,0.001712009,0.001587052,0.001587525,0.001886124,0.001775042,0.001846173,0.001786775,0.001910116,0.001878011,0.001835645,0.001731886,0.001868471,0.001887112,0.001880871,0.00222308,0.00238967,0.002526796,0.002264167,0.002661379,0.003065325,0.003364951,0.003213808,0.003855931,0.003813857,0.004991511,0.005202787,0.004496723,0.006202977,0.02836087,0.04487953,0.03089427,0.009891827,0.01174192,0.005112433,0.003476323,0.003286648,0.04358171,0.0864136,0.2933734
517.956,0.006647999,3.567393e-4,-0.001848709,0.002669212,8.423441e-4,0.003153884,0.004688315,5.694226e-4,0.003175938,5.889066e-4,0.002229345,8.009573e-4,0.0025508,0.002126261,0.001493398,0.002040273,0.002573884,0.002386308,6.335917e-4,6.486573e-4,2.876985e-4,0.001412434,0.001149755,0.001059197,7.806967e-4,6.461209e-4,5.25418e-4,8.706008e-4,-1.926604e-4,8.410483e-4,4.345072e-4,3.226855e-4,-9.764551e-4,2.862104e-4,-0.001168639,9.786947e-4,0.001599544,9.718567e-4,0.001342628,0.003172895,0.001397112,-1.218336e-4,0.002428513,6.929362e-4,0.001090195,8.527216e-4,-5.844201e-4,0.001321091,0.001663291,6.354295e-5,0.001154286,8.5295e-4,0.001120364,9.000965e-5,0.001395196,3.577707e-4,0.001318979,0.001733387,4.948674e-4,-4.652508e-5,6.142495e-6,4.134893e-4,4.973347e-4,6.699235e-4,4.607181e-4,0.00108788,6.272936e-4,9.911736e-4,0.001134348,0.001342829,6.432378e-4,6.780788e-4,-1.353393e-4,0.001377123,1.512239e-4,1.148345e-4,7.565516e-4,-4.892118e-4,6.769727e-4,3.517109e-4,8.397314e-4,1.253077e-4,2.161726e-4,8.103932e-4,4.084104e-4,3.257516e-4,1.57907e-4,3.768378e-4,8.799447e-4,5.200256e-4,6.078922e-4,0.001322046,0.01070441,0.03401987,0.0415832,0.01798441,0.00301163,3.255455e-4,2.113833e-4,3.779517e-4,2.059119e-4,2.255821e-4,1.882806e-4,1.880317e-4,5.100224e-4,3.720916e-5,1.561036e-4,1.667735e-4,1.685752e-4,3.442711e-4,1.614344e-4,1.412938e-4,2.844235e-4,2.189128e-4,2.511023e-4,3.438619e-4,2.465677e-4,5.255408e-4,4.645721e-4,4.411699e-4,5.018029e-4,5.217456e-4,7.222445e-4,4.367116e-4,8.027851e-4,6.295456e-4,5.310397e-4,5.813821e-4,6.816159e-4,7.292273e-4,0.00067142670000000005,9.410092e-4,7.038283e-4,6.869387e-4,0.001186858,0.001165322,0.001106592,0.001052041,0.001203781,0.001143476,0.001341341,0.001145514,0.001403107,0.001195859,0.001606141,0.00102662,0.001269477,0.001117967,0.001409881,0.001363294,0.001690242,0.001728976,0.001679329,0.001437008,0.001727406,0.00152881,0.001579402,0.001578865,0.001907258,0.002183334,0.001925401,0.002081443,0.002044252,0.00209192,0.002017083,0.002707517,0.002404373,0.001984767,0.001925649,0.002385856,0.00311674,0.003107363,0.003055654,0.003165753,0.004898316,0.004208212,0.004652317,0.005626052,0.006509598,0.01394571,0.03977069,0.04459232,0.02087939,0.005579172,0.007034458,0.01814139,0.01088682,0.02852512,0.05509515,0.2295302,0.06026071
520.289,0.001747405,-0.003024842,-0.002330881,-0.005257261,-0.00414639,-0.003849883,-0.001235015,-0.003861837,-0.001367121,8.925884e-6,-0.001184962,-0.001415904,-0.001424132,-0.001118402,-4.162325e-5,-7.473407e-4,-0.001566917,-0.001466151,-0.001442591,-0.001551375,-5.963008e-4,-1.860886e-4,-5.422797e-4,-4.910715e-4,-4.827851e-4,-2.520196e-4,-7.73505e-4,-6.258115e-4,-1.147365e-4,-4.66323e-4,-6.030826e-5,-0.002263197,-5.366275e-4,-0.001035522,-0.003173324,-0.001892084,-6.405534e-4,-0.003178492,-7.736926e-4,-0.001013021,-8.180585e-4,-0.001368811,-1.167181e-4,-0.0025212810000000002,-1.865027e-4,-0.001919907,-0.00127708,-8.567303e-4,-9.631738e-4,-6.919458e-4,-0.002248663,-0.001922654,-8.730118e-4,-0.001616224,-0.001473042,-0.001143066,-0.001760144,-8.387975e-4,-0.001521747,-5.709333e-4,-5.726341e-4,-0.001212878,-9.0073e-4,-0.001131051,-1.727214e-4,-4.474428e-4,-9.759455e-4,-0.001006365,-6.226957e-4,-2.828669e-4,-5.468725e-4,-5.152708e-4,-4.30785e-4,-0.001420409,-3.964972e-4,-1.923943e-4,-4.24376e-4,-0.001043399,-0.001017518,-6.991629e-4,-9.348615e-4,-3.576136e-4,-5.880665e-4,-3.893352e-4,1.913723e-4,-2.197666e-5,-1.07316e-4,-4.806919e-4,-2.50514e-4,-8.816339e-5,8.154949e-5,0.007062025,0.02709037,0.04089211,0.02286642,0.00452758,-2.162364e-5,1.180406e-4,1.967552e-5,-1.101498e-4,-5.697573e-5,1.77616e-4,-2.348119e-4,-8.295684e-5,-2.915696e-5,-2.121932e-5,1.90063e-4,-2.510799e-5,5.047424e-5,5.67952e-5,8.704304e-5,5.475635e-6,1.000726e-5,-1.69913e-5,-9.135896e-5,8.393623e-5,5.409653e-5,-1.991259e-4,-1.44455e-4,-3.32134e-4,5.097841e-5,1.569588e-4,2.144896e-4,8.462264e-6,1.210367e-4,9.19911e-5,4.094704e-4,1.884206e-4,1.90996e-4,5.918603e-5,5.064919e-4,2.044693e-4,3.111604e-4,6.862134e-4,4.340536e-4,6.355262e-4,4.290478e-4,9.451259e-4,7.885101e-4,6.455646e-4,3.683882e-4,9.492749e-4,8.03564e-4,9.966727e-4,9.006761e-4,6.336937e-4,0.001262053,0.001034194,0.001037256,7.449786e-4,9.46263e-4,0.001357733,0.001202519,0.001254068,0.001102812,0.001209103,0.001221956,0.001295469,0.00154387,0.001276534,9.527273e-4,0.001182504,0.001791599,0.001525321,0.001451012,0.002021138,0.001946334,0.001320896,0.001551425,0.001480801,0.001511062,0.001647289,0.002062802,0.002157583,0.002761864,0.003263678,0.002771819,0.003308171,0.003548944,0.01743621,0.03761445,0.04150375,0.00832688,9.229425e-4,6.85036e-4,-0.007274617,-0.006147315,-0.02280897,-0.04400361,-0.2761134,-0.5492433
522.623,0.001481981,0.002669786,0.003536678,9.403163e-4,0.00490292,0.004273533,0.004100352,0.003016776,0.002235726,0.002052246,0.001039742,0.001251064,0.001462441,0.001709306,0.001534774,0.001568172,6.119977e-4,6.217624e-4,0.00144009,2.491834e-4,0.001392097,1.82902e-5,9.590753e-5,9.203004e-4,8.268334e-4,-7.88786e-5,5.400297e-4,8.702329e-4,2.937402e-4,2.335464e-4,8.960726e-4,0.002230672,8.738848e-4,6.113942e-4,2.810363e-4,0.001847004,0.001004532,0.001860296,0.03547158,6.927836e-4,0.002666236,3.911015e-5,0.001761531,6.159956e-4,6.013061e-4,0.001592955,0.002622751,9.272616e-4,-6.877076e-4,0.001313464,7.473386e-4,0.001462751,0.001088778,0.001678415,0.002016309,0.001094439,-5.494869e-4,0.001095418,0.001330701,0.001575143,6.397571e-4,8.477152e-4,-2.690713e-4,7.578715e-4,8.97597e-5,5.328404e-4,0.001291934,4.055884e-4,0.001425782,9.63853e-4,9.530978e-4,9.624257e-4,2.567953e-6,5.464739e-5,9.287982e-4,4.379208e-4,4.885115e-4,0.001261216,2.407908e-4,6.86616e-4,3.144011e-4,4.420634e-4,5.509331e-4,3.801901e-4,6.496224e-4,7.594642e-4,6.628912e-4,4.588812e-4,4.456767e-4,0.001154208,0.005880295,0.02129794,0.03653314,0.02899564,0.008085045,9.3442e-4,3.19704e-4,3.156811e-4,1.464437e-4,2.39919e-4,2.416257e-4,5.244059e-4,2.128593e-4,5.062879e-4,3.384688e-4,4.698696e-4,4.250535e-5,9.133741e-5,1.535939e-4,3.06191e-4,3.604684e-4,1.801226e-4,3.075959e-4,4.111777e-4,3.659169e-4,4.316204e-4,5.823707e-4,2.678684e-4,4.891064e-4,2.968186e-4,3.807872e-4,4.019974e-4,6.308933e-4,6.8712e-4,6.360471e-4,7.622551e-4,5.931161e-4,6.139335e-4,7.886805e-4,8.828128e-4,8.486842e-4,8.746277e-4,8.068087e-4,8.338643e-4,8.677722e-4,0.001307214,9.560868e-4,0.001072175,7.129894e-4,9.140386e-4,0.001294119,0.001312851,0.00102882,0.001290663,0.001268664,0.001284737,0.001199393,0.001241679,0.001213531,0.001235294,0.001395709,0.001255918,0.001254721,0.001461581,0.001703743,0.001681785,0.001716243,0.00162814,0.001574742,0.001728269,0.001778941,0.001668775,0.002161851,0.001661592,0.002014041,0.001937472,0.001917921,0.002450908,0.002139955,0.002598642,0.002584091,0.002990109,0.002675266,0.00337607,0.003443736,0.004542324,0.004623275,0.00612914,0.009196969,0.02940918,0.03884441,0.02380785,0.007686076,0.009422549,0.00152306,0.001501023,0.01513732,0.01100447,-0.01718837,-0.1334666,0.3064184
524.958,-0.002787273,-0.001062335,0.001148548,-0.0014835,-5.908516e-4,-0.002893928,4.219872e-4,-0.004243925,-0.002078469,9.568689e-4,-0.001523335,-0.001547961,-3.030006e-4,-0.001321736,-0.001907147,-3.135468e-4,-8.137582e-4,-6.807563e-4,-7.751412e-4,-0.00121944,-1.097686e-4,1.109226e-4,-5.554561e-4,1.067023e-4,3.880071e-4,4.073495e-4,-2.656042e-4,-2.621203e-4,5.386038e-4,4.643129e-4,-2.73625e-4,-0.001421291,8.708097e-4,-0.002996924,-0.001660609,7.13332e-4,-0.001228368,-2.113071e-4,-6.075609e-4,-6.058739e-4,-3.264515e-4,-8.414282e-4,-0.002373249,5.3494e-4,-0.001119109,-0.001213387,-0.001632846,-8.876746e-4,-0.001542777,-0.001439657,-8.391924e-4,4.849607e-4,3.006941e-4,3.519355e-4,3.960899e-4,0.001439574,-2.605275e-4,-4.806465e-4,-0.001418271,-2.312514e-5,1.911393e-4,-4.093132e-4,5.388992e-4,4.87416e-4,3.697537e-4,0.001123816,4.261245e-5,-5.967097e-5,1.757368e-4,3.386108e-4,7.305002e-5,-3.537154e-4,-2.231522e-4,-2.195332e-4,-6.08066e-4,-6.094126e-4,-5.166104e-4,-7.783854e-4,-2.680355e-4,-4.199815e-4,-5.770911e-4,-2.87354e-4,2.749651e-5,2.734323e-4,-3.267817e-4,-2.182294e-5,6.233377e-4,7.95506e-4,2.050926e-4,0.002772976,0.02023435,0.03381428,0.02856354,0.01040484,0.001077085,-5.205203e-5,-2.618715e-4,9.221556e-5,2.466769e-4,3.808402e-4,1.23969e-4,-1.82279e-4,5.663413e-5,1.623904e-4,1.295726e-4,-5.877508e-5,1.949563e-4,2.544964e-4,1.29826e-4,1.316688e-4,8.353453e-5,1.731603e-4,2.262018e-4,2.101246e-4,1.808345e-4,2.587126e-4,2.637897e-4,4.566074e-5,1.677299e-4,2.382145e-4,3.769735e-4,1.499811e-4,2.30399e-4,3.961371e-4,2.510941e-4,3.906605e-4,5.896699e-4,6.162494e-4,4.041847e-4,2.383123e-4,4.76732e-4,4.753171e-4,7.139213e-4,7.415191e-4,7.984776e-4,5.400353e-4,8.869237e-4,6.880957e-4,9.146508e-4,5.284637e-4,6.799862e-4,8.733376e-4,6.39504e-4,8.645676e-4,9.529622e-4,9.508569e-4,0.001192756,0.001103702,0.001044177,0.001178196,0.001183037,0.001331921,0.001215549,0.001349493,0.001142922,0.001356301,0.001291286,0.001187698,0.001475919,0.001439318,0.001720258,0.001716482,0.001523216,0.001624913,0.001526354,0.00190378,0.001514288,0.001938197,0.002046698,0.001876663,0.001962765,0.001759938,0.002145233,0.00249789,0.003561452,0.003716482,0.002476956,0.004012783,0.01369616,0.03334145,0.03270986,0.01516654,1.346145e-4,0.005731428,0.001225465,-0.00384222,-0.004065334,0.00998079,-0.02602039,0.04872597,0.1047584
527.293,-0.001485159,8.863402e-5,5.598636e-4,-7.813286e-4,1.654279e-4,-1.39188e-4,-2.37169e-4,2.433422e-4,5.750817e-4,-0.001826545,-1.95426e-4,-4.092337e-4,-1.671892e-4,-0.001115631,8.555622e-5,8.966113e-4,-0.001595414,0.001040395,-2.019255e-4,2.468778e-4,1.540301e-4,-9.280296e-5,-4.603196e-4,-2.139515e-4,1.089945e-4,1.40979e-4,4.109721e-4,-4.261386e-4,3.14292e-4,-3.944693e-4,6.750062e-4,3.587198e-4,5.793911e-4,-9.244431e-4,-0.002048768,-9.671492e-4,8.176474e-4,-0.001518493,4.853756e-4,-9.28337e-4,8.989351e-4,-4.80963e-4,7.016585e-4,9.548845e-4,4.487508e-4,-0.001653736,1.433451e-4,-2.845784e-4,5.525478e-4,-8.185015e-4,-3.179644e-5,3.638842e-4,-2.823378e-5,6.453413e-4,5.947598e-4,1.899049e-4,3.422354e-4,2.546231e-4,-1.445733e-4,-1.649656e-4,-8.296663e-4,-3.868162e-4,-8.057656e-4,-5.281133e-4,3.269067e-4,2.969708e-4,-1.847448e-4,-4.397258e-4,2.732353e-4,7.901377e-4,-4.152803e-4,1.601696e-4,-5.506244e-4,-2.172508e-4,3.149846e-4,4.671899e-4,3.607033e-4,1.54909e-4,4.034032e-4,-3.184194e-4,-1.399493e-4,-5.069575e-4,2.542412e-4,1.574441e-4,-3.600981e-5,1.27381e-4,-1.03928e-5,3.168149e-4,0.001194916,0.01546411,0.03663112,0.0330628,0.01403477,0.001978448,1.658784e-4,4.338466e-4,4.874951e-4,1.902492e-4,2.153313e-4,1.013904e-4,9.516857e-5,3.660999e-4,6.895702e-5,-7.083624e-5,1.783855e-4,3.848447e-5,9.062977e-6,1.289857e-4,1.518069e-4,8.660668e-5,6.328504e-5,2.214565e-4,2.16277e-4,1.180672e-4,2.845994e-4,1.549396e-4,5.531879e-5,2.223977e-4,2.348352e-4,6.606345e-4,5.806833e-4,5.751172e-4,1.495997e-4,4.198845e-4,4.790133e-4,3.466756e-4,5.636877e-4,4.40442e-4,5.707929e-4,5.32748e-4,4.359953e-4,4.401799e-4,7.585143e-4,6.2429e-4,3.600009e-4,9.597625e-4,6.536818e-4,5.832019e-4,6.469394e-4,7.025578e-4,9.022513e-4,9.318554e-4,9.473329e-4,0.001112797,0.001085819,8.630769e-4,9.740346e-4,8.288592e-4,0.001187963,0.001153471,0.001384031,0.001345021,0.001285877,0.001015093,0.001182468,0.001249247,7.523445e-4,0.001116383,0.001229515,0.001479872,0.002019117,0.001274823,0.001516036,0.001828418,0.001572528,0.002049351,0.00204704,0.00187684,0.001823478,0.001963373,0.002262109,0.002045425,0.001960696,0.003728299,0.002517059,0.003231547,0.003032723,0.006915922,0.02021307,0.04183054,0.02996197,0.007983751,0.004858761,0.005915661,0.004581686,-0.003762269,0.007408294,0.03056366,-0.002003115,-0.0940932,-0.3079933
529.629,-0.004709041,-7.966183e-4,-0.002417392,-0.00421676,-0.003370737,-0.004508681,-0.002967595,-0.003372773,-0.004729202,-0.003663577,-0.002113202,-0.001442654,-0.00117957,-6.150034e-4,-7.622485e-4,-0.001447362,-5.648013e-4,-2.581631e-4,-0.00140747,-0.001121487,-5.713582e-4,-1.89105e-5,-3.966845e-4,-3.667101e-4,-1.233767e-4,-2.508963e-4,-1.076593e-4,-6.227901e-4,-6.222884e-4,1.394759e-4,-0.00235264,-0.001657001,-0.003536969,-0.003047752,-0.002990872,-0.001168542,-0.0012289,-0.001140406,-0.001741704,-0.001816975,-0.001222198,-0.004285064,-6.60261e-4,-0.002013362,-9.686851e-4,2.622388e-6,-0.002940095,-0.001953277,-4.78147e-4,-0.002029985,-3.43521e-4,-5.171671e-4,-0.001799909,-0.00134451,-2.796224e-4,-0.001950488,-0.00107045,-0.001264067,1.74363e-4,-0.001729967,-2.236274e-4,4.659064e-5,-6.491684e-4,-0.001255583,-8.223627e-4,-6.361118e-4,-0.001612018,-0.001161667,-0.001007991,-2.056117e-4,-6.333569e-4,-6.537585e-4,-4.114786e-4,-5.873554e-4,-8.228333e-4,-3.839931e-4,-5.005332e-4,-7.468213e-4,-5.802089e-4,-3.474319e-4,-7.882694e-4,-3.145023e-4,-3.311103e-4,-2.053443e-4,-5.537349e-4,-6.883855e-5,3.967143e-4,1.426017e-4,0.007972641,0.03236866,0.04390977,0.01839914,0.003402041,-3.521235e-8,8.293959e-5,-7.878557e-5,-3.472882e-4,-8.848461e-5,2.609181e-5,-3.760006e-4,-1.586302e-4,-3.717063e-4,-3.327794e-4,-2.320676e-4,-2.533283e-4,-1.834901e-4,-3.694813e-5,1.271711e-4,7.259007e-5,-5.626701e-5,1.168487e-4,2.276586e-4,8.313217e-5,1.751308e-4,7.938708e-5,-1.969264e-5,-1.889112e-4,6.556798e-5,-4.379324e-4,1.070826e-5,-1.417072e-4,2.061964e-4,8.752909e-5,4.258803e-4,3.649443e-4,2.632976e-4,1.157788e-4,2.478938e-4,6.062615e-4,2.701617e-4,2.997553e-4,4.183502e-4,3.538142e-4,5.947345e-4,5.398111e-4,6.678465e-4,6.256588e-4,5.338493e-4,3.588161e-4,5.286549e-4,8.631131e-4,5.63452e-4,8.442356e-4,7.692308e-4,9.404237e-4,6.813516e-4,8.17383e-4,9.28747e-4,9.389325e-4,7.722968e-4,6.805209e-4,8.882108e-4,0.001037166,0.001264917,0.001000226,0.001145611,9.888737e-4,9.151106e-4,0.00111797,9.752635e-4,0.001173684,0.001116908,0.001233728,0.001697185,0.001674865,0.001761677,0.001507199,0.001304913,0.00168964,0.001462091,0.001581681,0.002328402,0.001556953,0.002412273,0.002584954,0.002788082,0.002431238,0.008201852,0.02611764,0.03886623,0.01539674,0.003391022,8.608754e-4,-0.00189744,9.673392e-4,-0.01028318,-0.00347292,-0.01800898,-0.1140436,-0.09900754,-0.5057108
531.966,-0.006982685,-0.00212845,-6.791086e-4,-0.004849676,-0.002194936,-0.005649,-0.002556226,-0.001329604,-0.0015782,-0.003292152,-0.0017228,-6.419443e-5,-0.001587163,-0.001529543,-0.002292578,-5.878441e-4,-0.001168257,-0.001136032,1.137504e-4,-3.0029e-4,-4.843343e-4,-7.40922e-4,-0.00135142,-2.907247e-4,-6.986417e-4,-1.727346e-4,-8.335571e-4,-6.563426e-4,-8.078213e-4,-4.649625e-4,-0.001070307,-0.001462319,-0.00228133,-0.001635377,-1.090091e-4,2.583427e-4,-3.651221e-4,-0.001606503,-0.001744624,-5.651477e-4,-0.002981242,-0.001926571,-0.001168393,-6.443764e-4,-8.587698e-4,-0.00220802,-0.00225395,-3.917845e-4,-9.944295e-4,-0.001082588,-0.00136996,-0.001156736,6.371554e-5,6.467671e-4,-5.627246e-4,-8.657343e-4,-0.002357071,-0.001165073,-0.001860514,-0.001780867,-8.771024e-4,-0.001414256,-1.780746e-4,-0.001635692,-3.675082e-4,-8.921193e-4,-1.230212e-4,-0.001023708,-6.207218e-4,-5.450135e-4,1.297038e-6,-3.004524e-4,-5.342126e-4,-4.837245e-5,-7.245151e-4,-8.353511e-4,-0.001159635,-2.423807e-4,-2.974602e-4,-3.481874e-4,1.990467e-6,-4.387619e-4,-3.849657e-4,-3.482013e-4,-7.442905e-4,-5.86318e-4,3.62038e-4,0.00462602,0.0225646,0.03901009,0.02777312,0.005305621,-1.000565e-4,-6.252373e-4,-3.22508e-4,-1.498495e-4,-2.883324e-4,-1.711895e-4,-2.50068e-4,-5.115005e-5,-1.081071e-4,-2.503238e-4,1.309961e-4,-1.905546e-4,-4.824383e-6,-3.576092e-4,-2.414667e-6,-9.907152e-5,-6.072896e-5,7.627739e-6,1.172787e-4,-4.279238e-5,1.099264e-4,-1.608348e-5,1.88336e-4,1.727287e-4,-3.278743e-5,-9.650162e-7,1.233952e-4,1.97553e-4,4.429694e-5,1.24516e-5,1.496704e-4,2.825065e-4,1.774184e-4,1.185593e-4,2.097836e-4,3.089505e-4,3.273754e-4,1.101414e-4,2.524828e-4,7.208426e-4,2.365133e-4,4.781212e-4,8.144254e-4,4.197255e-4,6.263245e-4,6.964685e-4,7.241101e-4,3.219615e-4,3.933959e-4,4.412794e-4,8.52154e-4,4.840095e-4,5.248381e-4,7.073069e-4,6.803401e-4,5.990227e-4,9.964347e-4,8.742246e-4,0.001031096,9.214502e-4,8.084216e-4,5.7622e-4,8.818845e-4,8.431081e-4,9.274125e-4,0.00100277,9.853126e-4,9.531557e-4,0.00117558,0.001285496,0.001157039,7.827767e-4,9.192529e-4,0.001294304,0.001699329,0.001051821,0.001227628,0.001402213,0.001350817,0.001812069,0.002356989,0.002891131,0.002387799,0.002614359,0.003863207,0.01463068,0.03237601,0.02630136,0.007739139,-0.001832884,0.00146703,0.001631732,-2.280328e-4,0.002383874,-0.007355247,-0.04739636,-0.04142953,-0.3212189,-0.3623719
534.303,-0.003771073,-3.561894e-4,-0.003499229,-0.002200192,-0.003134937,-0.004740889,-0.003159675,-0.0030791770000000002,-0.003605943,-5.634082e-4,4.959185e-4,1.412345e-4,-1.678734e-4,-1.230374e-4,6.041441e-7,-4.727248e-4,-4.982995e-4,-0.002023299,-0.001501645,-4.762771e-4,4.432463e-5,-3.348293e-4,4.631647e-4,-4.30253e-4,1.093462e-4,-3.469175e-4,-9.485252e-4,-4.447366e-4,-5.470552e-4,-4.670273e-4,-6.749658e-4,-9.905783e-4,-5.870218e-4,-0.001861671,-0.002620576,-8.710516e-4,-0.001282018,-5.108718e-4,-0.001833698,-7.303354e-4,-0.001024268,-5.647226e-4,-3.51667e-4,-0.001874603,-9.382385e-4,-0.001367635,-1.479352e-4,-4.286791e-4,-0.001104387,-0.001942792,-2.511669e-4,-6.425592e-4,7.561843e-4,-0.001942048,-1.96665e-4,-2.164771e-4,-8.669482e-4,-7.63221e-4,-5.895554e-4,-6.91825e-4,2.16087e-4,-6.821159e-5,9.046259e-5,1.576906e-4,-3.264514e-4,-7.253385e-4,-3.325869e-4,-1.609737e-4,-4.279371e-4,3.408128e-4,-7.296391e-4,-0.001049986,-7.10349e-4,-0.001253123,-5.292355e-4,-0.001049734,-8.660815e-4,-5.526903e-4,8.104194e-7,-7.146257e-4,-4.665333e-4,-3.304835e-4,-2.396202e-4,-7.60604e-5,7.852652e-5,1.678961e-4,0.003180191,0.01555564,0.034891610000000003,0.03034765,0.009819479,8.399508e-4,-2.937055e-4,2.388902e-5,-1.850441e-4,8.936011e-5,-8.443088e-5,-1.639717e-4,5.679901e-5,9.457956e-6,-5.045872e-5,-6.082779e-5,-4.883612e-5,-4.118773e-5,9.692766e-5,-5.761487e-5,1.517647e-4,1.77827e-6,-5.756564e-5,1.854057e-4,1.009345e-4,7.711037e-5,6.687831e-5,9.546729e-5,2.190805e-4,3.628796e-4,3.438386e-4,4.432168e-5,2.202938e-4,5.987655e-5,2.256219e-4,1.068461e-4,1.377629e-4,5.062872e-4,2.867173e-4,2.027095e-4,3.048844e-4,1.883707e-4,5.202913e-4,2.264605e-4,1.576549e-4,2.828275e-4,3.408813e-4,4.579798e-4,7.164802e-4,5.860861e-4,6.072881e-4,8.262552e-4,8.441132e-4,4.844696e-4,5.855582e-4,7.546957e-4,8.240516e-4,5.884342e-4,5.080419e-4,6.978365e-4,6.387663e-4,8.458558e-4,0.001195172,8.325995e-4,8.205743e-4,9.381006e-4,0.001017389,0.001051062,0.001004031,0.001032827,0.001173418,8.769023e-4,0.001048578,0.001322517,0.001415627,9.878911e-4,0.001445296,0.001206683,0.001293476,0.001473768,0.001755731,0.001470793,0.001594658,0.001719519,0.001535013,0.001491792,0.002335944,0.002039426,0.002376043,0.003126844,0.007341605,0.02212154,0.02859661,0.01666343,0.004444495,0.00183162,-3.70757e-4,0.001920866,2.266712e-4,-0.008238344,-0.006825015,0.01193673,-0.04735012,-0.1461824,-0.3896739
536.641,6.130766e-4,-0.002152504,-6.824624e-4,-0.001345409,0.002640095,0.001678798,9.620483e-5,0.001997991,0.00225292,-0.002949009,-4.464872e-4,0.001155255,0.001165505,3.380491e-4,0.0012893,-1.197664e-4,0.001116616,-4.254769e-4,-2.920915e-4,-0.001034039,-4.440644e-5,-9.396815e-5,-2.893217e-4,9.260714e-5,1.103387e-4,3.173811e-4,-1.104811e-4,-2.82486e-4,-4.919906e-4,-2.114987e-4,3.432697e-4,-1.19052e-4,0.001519239,-0.001653432,0.002977866,0.00118843,-6.460872e-4,7.234125e-4,-9.437409e-4,-0.001596104,0.00182006,-3.656898e-4,-7.090033e-4,0.001429771,9.791276e-7,7.83933e-4,0.00168918,7.163258e-5,9.408601e-4,5.292079e-4,-0.001165697,-3.108682e-5,-8.200396e-4,-0.001066434,8.031407e-4,-3.003676e-4,-5.283174e-4,4.632537e-4,-6.182716e-4,-9.843189e-4,2.205216e-4,-8.074873e-4,-7.033275e-4,1.136784e-4,4.61121e-5,1.074305e-4,8.525463e-5,1.027834e-4,6.695188e-4,8.023734e-7,-1.44275e-4,-5.312547e-5,3.3318e-4,-3.739925e-4,-4.864338e-5,-5.680084e-4,1.587073e-4,-2.617962e-4,2.585034e-4,6.777106e-4,1.454014e-4,3.07073e-4,8.798235e-4,2.916384e-4,-2.528918e-4,0.001486174,0.01433367,0.03161705,0.03317462,0.01194111,0.002241131,3.071206e-4,7.449203e-5,3.633641e-4,-5.125637e-4,2.064331e-4,1.564742e-4,-1.817775e-4,2.727509e-4,5.527904e-5,2.283976e-4,9.651145e-5,8.877394e-5,-4.147545e-5,3.494013e-4,1.071117e-4,2.249329e-4,1.64711e-4,1.657009e-4,2.705008e-4,2.342761e-4,2.109526e-4,3.504614e-4,7.299866e-5,3.295275e-4,3.114411e-4,1.254816e-4,5.862607e-4,4.429748e-4,2.177744e-4,4.287769e-4,3.229108e-4,2.894112e-4,4.067789e-4,1.908239e-4,4.578525e-4,4.758915e-4,4.237162e-4,5.480021e-4,7.471396e-4,5.5195e-4,6.708966e-4,5.819148e-4,5.430397e-4,5.686886e-4,7.127671e-4,6.187971e-4,7.681226e-4,5.719209e-4,4.405954e-4,6.093438e-4,6.751707e-4,6.025405e-4,0.001191502,9.399244e-4,8.617239e-4,8.465426e-4,6.048435e-4,9.31797e-4,0.001143281,0.001044612,9.768145e-4,0.001263585,0.001052412,0.001130541,0.001162665,0.001132689,0.001356362,0.001434422,0.001310383,0.001391987,0.00129861,0.001091591,0.001195696,0.001068679,0.001639272,0.001595095,0.001814821,0.001720186,0.001902305,0.001872631,0.002346755,0.003145027,0.002765818,0.002392786,0.004456548,0.01164142,0.03088564,0.02862384,0.01214332,0.004073682,0.00225782,0.00545836,0.003348619,0.009347683,0.001633792,-0.001881721,0.005297758,0.02577328,-0.1079587,-0.5187353
538.979,0.004792047,0.003522619,0.002513065,0.004140186,0.002143681,3.944064e-5,0.002216648,0.006270811,0.004097246,0.003761699,-1.986812e-4,6.71706e-4,4.508554e-4,0.001777017,9.592481e-7,2.371206e-4,-6.486349e-4,0.001857117,9.055431e-4,4.799687e-4,0.001233486,7.912262e-4,4.858554e-4,9.34064e-4,3.328476e-4,0.00118272,2.111825e-4,6.00324e-4,7.936932e-4,4.264227e-4,0.001718411,4.229797e-5,2.445228e-4,0.002735445,8.507707e-4,0.001145385,0.001668744,0.001027603,6.59795e-4,0.00173357,0.002331793,0.002000028,-3.163097e-4,0.002099298,-1.51415e-4,0.001128739,0.001146105,7.240946e-4,0.001298033,0.00113311699999999,1.886972e-4,9.894772e-4,5.540343e-4,0.001434887,0.001241117,0.001693273,0.0016567,0.001138197,2.764279e-4,7.508091e-4,8.609368e-4,1.403249e-4,-8.931422e-5,7.919779e-4,-0.001524961,0.001016679,1.489054e-4,8.406622e-4,7.935747e-4,9.970979e-4,4.108371e-4,8.860675e-4,2.038621e-5,1.229488e-4,3.623527e-5,6.079965e-4,3.520844e-4,2.541469e-6,7.623926e-4,6.676977e-4,9.380949e-4,2.672273e-4,4.10302e-4,7.973667e-4,8.710137e-4,0.01044033,0.03424839,0.03574427,0.01894799,0.003063426,6.613813e-4,4.972672e-4,3.882265e-4,6.765812e-4,2.253524e-4,1.853935e-5,5.398037e-4,1.767297e-4,8.204876e-5,1.175046e-4,1.634609e-4,3.318741e-4,8.925399e-5,-9.655294e-5,3.203519e-4,2.667352e-4,1.940921e-4,3.482473e-4,2.611975e-4,1.611639e-4,3.248905e-4,2.119834e-4,3.358727e-4,3.222869e-4,3.127966e-4,2.502164e-4,3.437589e-4,1.967303e-4,6.018242e-4,4.904403e-4,7.932752e-4,5.61033e-4,6.140818e-4,4.889199e-4,6.742311e-4,5.292681e-4,5.535124e-4,6.904032e-4,4.668891e-4,3.212654e-4,7.849674e-4,8.147171e-4,8.635892e-4,7.639512e-4,0.001137408,0.001007751,6.159974e-4,0.001009406,0.001262445,7.504849e-4,8.536573e-4,0.001128014,0.00110338,0.001303464,0.001229646,0.001091851,0.001248953,9.463587e-4,7.345529e-4,0.001336032,0.001232937,0.001035351,0.001207701,0.001139234,0.001433743,0.001097705,0.00113412,0.001483432,0.001597769,0.001564437,0.001483824,0.001784333,0.001720469,0.001584606,0.002259162,0.00181654,0.002037282,0.001566677,0.002272775,0.00258579,0.00234693,0.002727088,0.002978796,0.003805716,0.003188389,0.005046589,0.02080048,0.03276176,0.02293977,0.007996685,0.004816128,0.004180372,0.004030838,0.004837302,0.01180225,0.01403546,0.0102286,0.00409799,0.1364954,0.1694594,0.2458253
541.318,-0.002590355,0.002269274,-0.002458498,-8.041561e-5,0.002759984,-1.548774e-4,4.329544e-4,8.145794e-4,8.836375e-4,0.002146958,7.065111e-4,-4.210779e-4,7.004805e-5,9.765992e-4,-1.736545e-4,-0.00104214,3.354826e-6,5.336309e-4,0.00114691,6.371256e-4,2.93044e-4,4.925005e-4,-3.579251e-4,-1.722853e-4,-6.359097e-4,-1.285453e-4,-1.606587e-4,8.284038e-5,1.31283e-4,0.0010474,-9.396896e-4,-6.475209e-4,6.937207e-4,-0.001507651,0.002217254,1.053415e-4,0.002377062,0.001466901,6.222355e-4,-7.439493e-4,0.001506551,2.453753e-4,8.028541e-5,3.928884e-4,8.040064e-4,0.002300728,0.00141249,4.002418e-4,1.772641e-4,-0.001074093,4.767434e-4,9.315243e-5,9.860947e-4,2.701889e-4,-5.4809049999999e-4,2.883797e-5,5.919764e-4,-0.001270474,-2.500503e-4,3.162046e-4,5.494534e-4,8.412662e-4,-0.001148631,4.092551e-4,9.118158e-4,6.521585e-5,8.49766e-4,-2.25466e-4,2.402508e-4,2.699287e-4,-3.337005e-4,1.63857e-4,-4.241181e-4,3.556592e-5,5.58162e-4,7.91143e-4,6.434788e-5,4.562526e-4,9.031122e-4,1.199596e-4,-4.60855e-4,4.23149e-4,6.854872e-4,0.001174853,0.004541354,0.02790771,0.0433397,0.0224303,0.00463917,5.922284e-4,4.750594e-4,1.726391e-4,-1.190614e-4,-6.567505e-6,6.610734e-5,-3.801095e-4,-5.666518e-4,-1.421613e-4,7.355358e-5,-1.538057e-4,2.905522e-4,-6.897193e-5,-1.198404e-4,1.416725e-4,1.66877e-4,-6.449166e-5,-1.2309e-4,1.219795e-4,2.309556e-4,1.349546e-4,1.440379e-4,9.680702e-5,3.340636e-4,1.197169e-4,3.060101e-4,1.35871e-4,8.431528e-5,4.144681e-4,2.971585e-4,2.128187e-4,5.421511e-4,3.45995e-4,4.070517e-4,1.051415e-4,6.015341e-4,4.230715e-4,5.349556e-4,4.569772e-4,3.656573e-4,6.830954e-4,5.794138e-4,6.483443e-4,8.225363e-4,8.279683e-4,5.532716e-4,8.160474e-4,9.674058e-4,8.706399e-4,7.050678e-4,9.526183e-4,9.311744e-4,8.949237e-4,8.989765e-4,9.776358e-4,9.964037e-4,9.033173e-4,8.240681e-4,7.393235e-4,9.167292e-4,6.758485e-4,7.147114e-4,7.738756e-4,0.001127706,9.901618e-4,0.001060733,0.001038674,8.837759e-4,0.001107075,9.679468e-4,0.001300034,0.001283031,0.001330936,0.001851052,0.001389658,0.00195922,0.001597688,0.00134483,0.001443972,0.001692752,0.001751806,0.00231751,0.001760175,0.00280426,0.003375398,0.002677783,0.01020675,0.03216381,0.03200106,0.01392022,0.004662848,0.002804504,0.002481524,0.002873719,0.001715246,-0.001425237,0.002058644,-3.990909e-4,9.617695e-4,-6.424469e-4,-0.2063263,0.08764923
543.658,6.195365e-4,-0.001908638,-8.550781e-4,-4.818776e-4,-0.00112532,-4.233509e-4,-0.001948879,-9.623659e-4,-0.001912032,0.002348352,-0.002171423,6.764222e-4,-4.140704e-4,0.00059859310000000005,-3.478397e-4,1.988173e-4,-1.444387e-4,-8.990365e-4,4.407554e-4,-5.118373e-4,-3.157603e-4,3.780901e-5,1.639678e-5,-1.581287e-7,-4.757675e-5,-5.792307e-4,8.180131e-5,1.836385e-4,2.660963e-4,3.338476e-4,5.362968e-4,0.001341809,-9.951788e-4,-7.24603e-4,-0.001876089,8.914091e-4,7.464504e-4,-5.212809e-4,-0.001953915,-7.450522e-4,4.195591e-4,-8.644428e-4,0.00123926,8.25255e-4,9.205931e-4,8.333984e-4,-0.001230031,-4.011693e-4,-0.00109043,-5.042931e-4,4.77433e-4,-5.30547e-4,-0.001355327,-5.911824e-5,-0.001069538,-4.722387e-4,-1.329465e-4,7.276554e-4,4.782246e-4,0.001656932,-3.070577e-4,7.031056e-5,2.548328e-4,3.418249e-4,-0.001378196,-3.047414e-4,-8.37821e-5,2.892447e-4,-4.769583e-4,-7.520422e-4,-1.676045e-4,9.0938e-4,-2.481736e-4,2.964483e-4,-1.342749e-4,-3.290514e-4,9.707429e-5,3.162459e-4,-4.416821e-4,-1.92438e-4,-7.64411e-4,-1.809528e-4,-5.297862e-4,0.003563702,0.01645832,0.04199929,0.02978315,0.006951272,4.792751e-4,1.138576e-4,3.442951e-4,-4.971298e-5,2.172987e-4,3.243063e-5,3.967839e-4,-9.945916e-5,-4.279632e-5,-3.275434e-4,2.763536e-4,1.024342e-4,-8.869248e-5,-2.148856e-4,1.592682e-4,1.481079e-4,2.39633e-4,1.530068e-4,2.139694e-4,-2.317633e-4,3.910116e-4,2.895827e-4,1.264895e-4,2.141174e-4,1.396852e-4,9.052603e-5,1.426056e-4,3.192528e-4,3.395189e-4,5.660243e-5,4.96211e-4,1.572954e-4,3.705539e-4,4.29895e-4,3.504232e-4,2.521425e-4,4.796229e-4,4.349701e-4,4.232501e-4,3.560172e-4,7.384862e-4,5.332096e-4,4.894369e-4,5.027109e-4,5.064377e-4,3.016015e-4,7.458847e-4,7.951584e-4,4.01522e-4,4.183719e-4,6.074552e-4,6.315635e-4,7.717865e-4,3.987645e-4,6.567962e-4,7.505724e-4,8.099737e-4,6.983025e-4,0.001095576,8.81652e-4,8.091045e-4,6.960767e-4,9.23669e-4,8.986593e-4,8.282603e-4,8.94318e-4,8.829969e-4,0.00104252,8.068912e-4,0.001153129,0.001153917,0.001238168,0.001013655,0.001181909,0.00151063,0.001700355,7.455458e-4,9.728955e-4,0.001441716,0.001348058,0.001151935,0.001621279,0.001745332,0.001953965,0.001881055,0.002298945,0.003469726,0.01521606,0.03153462,0.02145394,0.005804466,0.003033136,0.002542406,1.42394e-4,0.002953758,0.004048489,-3.776303e-4,3.99183e-4,0.002410069,0.009874451,-0.01295211,-7.668428e-4,-0.2276351
545.998,-0.001615786,-0.004009835,-0.005364322,-0.00225068,0.001644178,-0.001576994,-0.001694254,-0.002018772,-0.001106449,0.002547964,-5.563386e-4,-0.001379522,-9.01966e-4,-0.001020315,-6.541132e-4,-0.001085275,-0.001386179,-3.328697e-4,-7.98384e-4,7.631222e-5,-5.430406e-4,-4.377176e-4,3.758681e-4,-3.14396e-4,-5.425979e-4,-8.710179e-4,-4.52636e-4,-0.001431517,-5.012767e-4,2.400946e-5,6.386192e-5,-5.269402e-4,-1.004995e-4,-6.687714e-4,-0.002965627,0.001049132,-0.001498087,-0.001128317,-0.001208847,-0.001413443,-0.001258018,-6.187171e-4,-0.001521931,0.001685555,-6.529216e-4,-0.001854184,-0.001157674,-0.002704554,6.016399e-4,-8.421306e-4,-8.641751e-4,-5.325555e-4,-0.001174818,6.031222e-4,-0.00017198770000000001,3.054084e-6,-0.001344876,-9.893701e-4,1.27604e-4,-0.001659236,2.906866e-4,4.705325e-5,2.368073e-5,-3.624653e-4,-4.406785e-5,-0.001091342,-5.111577e-4,-9.08084e-4,-4.786923e-4,-4.444297e-4,-2.99015e-4,2.92136e-4,-9.402585e-4,-2.42806e-4,-7.459095e-4,-1.307057e-4,1.293978e-4,1.598789e-4,-7.195437e-4,-3.87412e-4,3.524498e-4,1.600585e-5,0.002281407,0.01462372,0.03238173,0.0355638,0.0125357,0.001146386,1.057809e-4,2.358112e-4,3.231446e-4,-2.402683e-4,3.378038e-4,-2.137381e-4,-2.083252e-4,2.184573e-4,1.23554e-4,8.974183e-6,-2.340701e-4,4.774724e-5,7.509515e-5,-1.181219e-4,-1.904922e-4,-1.039781e-4,1.067609e-4,-4.153011e-5,-7.461647e-5,7.216866e-5,1.729286e-4,-5.403837e-5,6.045156e-5,1.03011e-4,-3.475066e-5,3.5617e-4,2.042473e-4,1.605689e-4,1.19849e-4,1.338177e-4,1.209294e-4,3.190045e-4,1.602462e-4,3.023614e-4,1.598569e-4,1.790521e-4,5.218391e-4,2.586773e-4,5.422902e-4,4.587387e-4,4.589364e-4,3.635889e-4,3.294885e-4,3.188238e-4,5.91117e-4,2.721173e-4,4.297131e-4,3.875508e-4,6.357939e-4,3.472388e-4,6.371113e-4,5.302408e-4,6.460148e-4,6.991118e-4,8.040068e-4,5.889517e-4,6.301608e-4,6.810613e-4,9.563646e-4,5.429819e-4,9.142008e-4,8.768605e-4,7.836167e-4,5.680901e-4,6.656564e-4,0.001055204,7.761726e-4,7.522621e-4,0.0011146,9.783768e-4,8.335391e-4,8.581541e-4,8.002983e-4,8.814311e-4,0.001125823,0.001039696,0.001019062,0.001239198,0.001350883,0.00155782,0.001551175,9.480849e-4,0.001737625,0.002323303,0.001821512,0.002902099,0.005669981,0.02232547,0.02809953,0.01461356,0.002196316,0.002508667,0.001324811,1.467022e-4,0.003405721,0.001432839,-0.004579482,-0.004504397,2.617629e-4,-0.04526921,0.006636763,-0.201184,-0.2458843
548.339,0.003407774,-9.11457e-5,0.0031348,0.002333367,0.004772033,0.003299578,-0.001187127,0.004055206,7.492387e-5,-1.876004e-4,0.001369853,0.002203916,0.001915628,0.001922275,4.808511e-4,-9.273482e-4,1.852281e-4,7.368479e-4,6.798768e-4,5.635855e-4,-4.531132e-4,5.698753e-5,2.128054e-4,3.304084e-4,-3.514869e-4,0.00127593,8.15184e-5,-1.184003e-4,5.542234e-5,0.001196542,-1.563199e-4,1.246718e-4,0.001895741,0.002252391,1.728697e-4,7.374654e-4,-8.040317e-7,0.001128438,5.839857e-4,7.097507e-4,8.42171e-4,0.001072508,-1.598231e-4,8.663752e-4,6.163403e-4,8.353897e-4,0.001830798,-8.421243e-4,1.77872e-4,2.68936e-4,2.236691e-4,0.001157308,-2.899296e-5,7.755071e-7,9.030267e-4,-0.001061475,0.001403908,-7.294944e-4,-4.921264e-5,0.001100382,-1.395488e-4,-3.516892e-4,6.020509e-4,-1.355847e-4,0.001320003,1.311645e-4,3.417528e-4,2.903477e-4,4.815164e-4,2.432353e-7,-2.232966e-4,4.754072e-4,-6.559453e-4,1.92618e-4,7.318465e-4,-2.477177e-4,-2.414952e-4,4.115722e-4,-1.670248e-4,-3.42544e-4,5.386545e-6,0.001377257,0.01054905,0.02909776,0.03196155,0.01801701,0.002243387,6.150392e-5,2.22874e-4,7.546541e-5,1.905739e-4,1.93194e-4,1.445854e-4,4.945626e-4,-5.685225e-5,2.280472e-4,3.167025e-4,1.020626e-4,2.204965e-4,4.542897e-4,3.442109e-4,-4.854377e-5,1.791435e-4,6.778949e-6,2.04285e-4,1.607959e-4,1.325315e-4,2.005855e-4,-6.659804e-5,5.834553e-5,2.841404e-4,3.686802e-4,3.321077e-4,1.266729e-4,3.61824e-4,3.705098e-4,3.26178e-4,4.829034e-4,2.693458e-4,6.942516e-4,4.617293e-4,3.221163e-4,6.331067e-4,6.292391e-4,4.111216e-4,4.886161e-4,4.787332e-4,2.497877e-4,4.289114e-4,2.778071e-4,6.808619e-4,6.22315e-4,7.51191e-4,3.860547e-4,8.972498e-4,5.786256e-4,6.367119e-4,8.609866e-4,8.435486e-4,5.170209e-4,8.418635e-4,7.136221e-4,8.04772e-4,0.002837463,0.001047376,8.958461e-4,7.900637e-4,6.857468e-4,0.001095134,0.001059012,0.001110895,8.107716e-4,9.300282e-4,0.001121878,0.001182395,0.001300564,0.001472356,0.001091116,0.001073647,0.001115025,0.001432173,0.001088207,0.001436688,0.00138851,0.001371065,0.001320713,0.001343513,0.001843792,0.0015738,0.002034605,0.002417049,0.002546319,0.002401865,0.003107351,0.01247406,0.02715752,0.02815936,0.01032333,0.003539545,0.003558715,0.003714235,0.004478159,0.005454368,0.005298486,0.005588009,-0.006859522,-2.080741e-4,0.04206754,-0.03449911,-0.05196201,0.3939116
550.68,-0.005942072,-0.001189191,-2.655855e-4,9.674061e-4,-0.002611687,-0.001586111,1.120904e-5,-0.002513576,-0.002664814,-0.002545853,-8.123218e-4,-6.817531e-5,-4.166242e-4,0.002612083,-0.001226064,3.858837e-5,-6.948066e-4,-0.00160917,-0.001453283,2.56323e-4,-6.586358e-4,-5.350813e-4,-5.24777e-4,-1.736551e-4,-6.085706e-4,-1.295628e-4,-4.219861e-4,-6.426802e-4,-5.801608e-4,-9.593359e-4,-3.139046e-4,-0.001184653,6.997275e-4,-7.833458e-4,-0.001659865,-0.001208458,4.671407e-5,-0.001132534,2.089255e-4,0.001545945,-7.56631e-4,9.512383e-4,-0.002694337,-0.001177758,-0.002120838,-2.651566e-4,-0.00138861,-0.001247501,-4.60676e-4,-0.001622891,0.001218706,-8.476537e-4,-9.117066e-5,-2.407196e-4,4.398252e-4,-2.211147e-4,2.95507e-5,-1.560364e-4,-6.05584e-4,-8.81802e-4,2.593044e-6,-2.349312e-4,3.715961e-4,-6.823403e-4,-5.589217e-4,-7.011281e-4,-1.065019e-4,-4.332567e-4,-2.998295e-4,-6.983682e-4,2.199364e-6,4.217664e-4,-3.900834e-4,-6.417923e-4,-1.17264e-4,-9.28427e-4,-4.198306e-4,-0.00111945,2.796771e-4,1.513994e-4,3.88888e-4,0.00427863,0.02393601,0.03530049,0.02076667,0.00564307,1.635352e-4,-2.525082e-4,5.635775e-4,-4.882832e-5,-8.31701e-5,5.329895e-4,-1.820183e-4,-2.936017e-4,-2.186011e-4,-2.710353e-5,-2.01684e-4,1.957076e-4,-8.846978e-5,-4.582916e-5,-2.959516e-5,-1.884369e-4,-8.891679e-5,-1.105369e-4,-1.192902e-4,-5.846852e-5,-1.578538e-4,6.859529e-5,-6.856282e-5,1.441213e-4,1.963316e-4,4.652317e-5,3.723573e-5,2.630916e-5,2.39388e-4,1.943912e-4,1.796973e-4,1.23433e-4,1.897673e-4,-3.012454e-5,2.957343e-4,5.811358e-5,-1.342192e-4,2.043738e-4,3.179816e-4,2.938095e-4,4.313647e-4,8.54906e-5,4.176416e-4,3.646231e-4,4.714576e-4,5.27888e-4,5.324365e-4,3.793684e-4,5.57669e-4,5.213203e-4,2.938869e-4,1.890981e-4,7.462391e-4,3.66528e-4,2.840891e-4,4.486664e-4,4.891719e-4,3.087822e-4,4.109367e-4,6.317832e-4,6.167854e-4,7.768188e-4,6.719217e-4,7.198386e-4,7.328711e-4,5.506305e-4,5.494764e-4,4.991954e-4,7.656375e-4,8.92968e-4,8.686585e-4,6.703134e-4,9.28965e-4,8.937248e-4,0.001143499,0.001411344,0.001005814,0.001217759,0.001620551,0.001304005,0.001097885,0.00128903,0.001116867,0.001277051,0.001907096,0.002160174,0.002152544,0.002363939,0.01672523,0.03298245,0.02155201,0.005367778,0.001356911,0.001480094,0.002941739,0.001662713,0.002060701,4.165162e-4,-5.016067e-4,0.01201578,-0.002124836,0.01199946,0.01301621,-0.01655777,-0.7831867
553.022,-9.994455e-4,-0.001191869,-0.001897747,-0.004124786,-9.624857e-4,0.001025879,-2.456088e-4,-0.003243652,-0.001408431,-0.002548381,-0.00178138,-1.025946e-4,-4.174547e-4,-4.237602e-4,-0.001404193,-5.273468e-4,-9.895796e-4,-1.651076e-4,-0.001101517,-5.690411e-4,-5.235597e-4,-0.001321498,-4.917152e-5,-1.741577e-4,-1.278177e-4,-3.896312e-4,-4.528879e-4,-6.448043e-4,-7.588104e-4,-6.008828e-4,-7.57926e-4,6.178236e-4,-5.538035e-4,3.468841e-4,-0.00194806,-0.002160531,-0.001460811,3.905268e-4,-2.526143e-4,-0.002675652,-0.002406878,-0.001618234,1.200473e-6,1.235856e-4,-0.001467714,-2.250863e-4,-1.522004e-4,-9.19953e-4,-3.162734e-4,-0.001763041,-9.985818e-4,-0.001101905,-2.146335e-4,-1.802815e-4,-0.00157549,-0.001654631,-2.947621e-4,-7.061038e-4,-7.322029e-4,-9.317289e-4,-9.046732e-4,-9.666689e-4,-4.624161e-4,-0.001368143,-2.071846e-5,-1.097782e-4,-7.700193e-4,-1.83181e-5,-0.001103222,1.569807e-4,-0.001052209,-2.553435e-4,-3.723305e-4,4.23385e-4,-1.682735e-4,-5.305249e-4,1.309064e-4,-1.400538e-4,-5.215901e-4,-5.743546e-5,0.004333547,0.01898662,0.03640972,0.02397935,0.005672501,4.481192e-4,-1.717311e-4,9.912879e-7,-2.700085e-4,-3.314385e-4,-4.127506e-4,-7.205005e-5,-3.16049e-4,1.307689e-4,-3.144185e-4,1.192539e-4,-6.061511e-5,-1.434864e-4,5.065305e-5,-1.235955e-4,-2.32197e-4,-5.251918e-4,5.847874e-5,9.381678e-5,-1.259752e-4,-1.107138e-4,6.539628e-5,-1.457768e-4,-1.676656e-5,2.849168e-4,-2.153055e-5,1.867267e-4,-2.814644e-5,3.790663e-4,7.742806e-5,-9.452795e-5,1.293819e-4,1.339092e-4,2.020063e-4,4.539457e-5,4.832781e-4,3.689984e-4,2.574188e-4,9.40844e-5,4.368376e-4,4.105026e-4,2.382758e-4,4.902238e-4,1.291765e-4,8.728907e-5,4.162789e-4,3.591827e-4,2.520609e-4,2.96697e-4,2.760584e-4,2.940743e-4,1.708415e-4,5.674147e-4,4.85518e-4,5.405343e-4,5.556545e-4,2.555005e-4,6.757247e-4,5.992469e-4,5.295662e-4,3.733866e-4,6.579356e-4,8.193768e-4,5.905036e-4,6.895108e-4,6.29318e-4,4.076154e-4,4.983173e-4,7.684255e-4,8.722695e-4,5.369018e-4,9.156917e-4,0.001111645,9.714979e-4,0.001025773,8.903798e-4,0.001069494,8.948108e-4,6.278468e-4,5.899956e-4,7.93089e-4,4.25749e-4,7.13507e-4,0.001131733,0.001510698,0.001851254,0.001849738,0.00185421,0.00567368,0.02143635,0.0280608,0.009674335,0.001721748,0.002956236,1.372341e-4,2.154081e-4,0.001801466,0.001400919,0.001206958,0.003444143,-0.00764369,-0.005729988,-0.0228827,-0.05736284,-0.3011939,-0.2909637
555.364,-0.001540803,6.427021e-4,4.2053e-4,-5.678893e-4,-7.889011e-4,-4.120747e-4,0.001982064,8.27392e-4,0.001340219,-5.135169e-4,-4.998059e-5,7.897505e-4,-8.03585e-4,-9.83469e-4,7.47315e-4,-0.001176099,7.749135e-4,6.826924e-5,5.836029e-5,-2.85598e-4,1.36852e-4,-2.303548e-4,9.881942e-5,-1.110093e-4,-3.213928e-4,1.29821e-4,-5.209095e-4,-3.39389e-4,2.672219e-4,-6.255124e-4,3.521121e-4,-3.715036e-5,-6.0358e-4,9.111963e-4,0.001381227,-5.117906e-5,0.001601892,-4.821681e-4,-8.398721e-4,-0.001003425,1.304495e-6,6.213364e-4,-0.001654044,3.642355e-6,-7.343945e-4,-8.756656e-4,-8.283295e-4,-0.001399258,-6.386361e-4,-4.422804e-4,4.507509e-4,3.458433e-4,-0.001461844,-5.925946e-5,-2.84644e-5,-2.225524e-4,9.792276e-4,4.472066e-4,-0.001368256,-2.691261e-4,-3.801542e-4,6.146413e-4,-2.158305e-5,-8.960407e-5,-6.957748e-4,8.354255e-4,-6.260801e-5,4.279344e-5,3.43348e-4,4.485765e-4,1.144446e-4,4.600717e-4,-1.411191e-4,-1.557859e-4,-5.103461e-4,-4.736519e-5,3.336314e-5,-5.911363e-5,7.149515e-4,0.003479703,0.01723377,0.03135345,0.0270702,0.00765298,8.874132e-4,3.64307e-4,-1.600476e-4,6.125853e-5,3.299803e-4,-4.142982e-4,-6.265375e-5,-3.491172e-4,-1.211095e-4,3.487593e-4,-1.901961e-5,-2.379003e-4,-1.847768e-4,-4.184904e-5,-1.946151e-4,-1.007769e-4,-1.198472e-4,7.040315e-5,1.22293e-4,-9.24312e-5,-5.122581e-5,2.96115e-4,1.327601e-4,1.008305e-4,2.410644e-4,4.063158e-4,1.677639e-4,2.521854e-4,-2.522874e-4,3.126892e-4,3.164316e-4,5.228754e-4,2.263574e-4,5.274743e-5,2.706658e-4,2.65033e-4,2.902514e-4,2.786179e-4,3.281546e-4,2.177369e-4,2.837031e-4,3.988375e-4,2.546616e-4,3.538098e-4,6.533536e-4,3.923312e-4,2.330323e-4,2.175126e-4,1.988178e-4,6.241514e-4,6.488491e-4,4.566839e-4,4.417282e-4,6.478018e-4,3.785473e-4,5.615604e-4,6.167723e-4,5.970921e-4,4.37554e-4,6.327447e-4,5.169469e-4,8.610297e-4,5.280657e-4,6.180319e-4,5.518169e-4,7.414587e-4,9.773962e-4,7.36601e-4,7.236555e-4,6.284609e-4,9.914261e-4,8.485222e-4,0.001057964,0.001059852,0.001226561,8.638586e-4,9.471517e-4,0.001130395,0.001018225,0.001239086,9.226838e-4,0.001257755,0.001672979,0.001283245,0.001597822,0.001908594,0.001507096,0.001833012,0.001607606,0.01086212,0.02587622,0.02198256,0.006721085,0.002373941,0.002796671,0.002618086,0.001121695,0.00117883,0.003880999,0.002907551,0.008401181,-0.006103037,-3.596397e-4,-0.01361029,-0.004582192,0.1163322,-0.5147652
557.707,-0.002175127,0.001106231,-4.344438e-4,-0.004470989,0.001225309,-0.004175727,-6.056779e-4,-4.863674e-4,3.727385e-4,-0.001773122,0.002151466,-0.001754962,0.001090482,-0.00116217,-0.001500372,-0.002032688,3.56992e-6,-5.40074e-4,-9.265954e-4,-0.001737142,-6.407965e-4,4.810374e-4,-2.974453e-4,4.758282e-5,-5.167277e-4,3.262736e-4,-8.513772e-4,-7.667363e-4,-0.00100999,4.351076e-4,-0.002069684,-0.001233598,-2.530638e-4,2.300139e-4,-6.345081e-4,-0.001059632,-0.002272994,-0.001053988,-0.001602309,-3.358871e-4,-0.001485398,4.15743e-4,0.001094481,-0.001701738,-5.43827e-4,-8.795488e-4,-0.001133893,-2.958156e-4,-0.001072095,1.699375e-4,-5.829931e-4,-6.960079e-4,-0.001625085,-0.002071936,-7.046274e-4,-2.249052e-4,-0.001198651,7.883905e-7,-0.001782534,3.961412e-4,-2.871127e-4,-2.606596e-4,-7.226705e-4,-4.598891e-4,-6.744244e-5,1.103879e-4,-6.671336e-4,-4.169621e-4,-7.063555e-4,-5.834315e-5,-1.502122e-4,-4.597804e-4,-3.941056e-4,-7.005093e-4,-8.733338e-4,6.851133e-5,1.961608e-4,-3.788945e-4,0.00114905,0.01629138,0.03059137,0.03223469,0.01334027,0.001649385,-3.643489e-5,1.579515e-4,1.358126e-5,-1.155059e-5,3.193781e-4,-3.046034e-4,1.571034e-4,-1.913363e-4,1.116821e-5,-4.760843e-4,-9.56622e-6,-1.561371e-4,-2.477491e-4,-1.533608e-4,-3.843911e-4,-8.598411e-5,-3.997669e-4,-6.665457e-6,-3.343714e-4,-1.36771e-4,-2.223214e-4,1.443894e-4,-2.443713e-5,-2.801237e-5,-1.933861e-4,2.244682e-4,1.249475e-4,2.01893e-5,9.662846e-5,1.740547e-4,6.156302e-5,8.880813e-6,1.406943e-5,2.845277e-4,1.679231e-4,-1.88294e-4,5.050744e-4,3.252819e-5,3.230372e-4,4.050114e-4,-2.24871e-4,3.076803e-4,-9.711398e-5,2.693178e-4,2.165425e-4,-1.193305e-4,3.048963e-4,2.855554e-4,3.679448e-4,2.141238e-4,1.126595e-4,5.104962e-4,4.876938e-4,8.835238e-5,3.724869e-4,1.256573e-4,4.083599e-4,3.907773e-4,5.129804e-4,5.626041e-4,4.600122e-4,4.854614e-4,4.968864e-4,5.813035e-4,8.062505e-4,7.112143e-4,6.063636e-4,8.319943e-4,6.598814e-4,6.489377e-4,9.065113e-4,8.374914e-4,9.044302e-4,8.319951e-4,8.040368e-4,6.010727e-4,9.421465e-4,8.996087e-4,0.001190887,0.001097303,9.828009e-4,0.001231889,0.001606883,0.001212261,0.001151017,0.00151721,0.001630664,0.001976528,0.003193063,0.01593757,0.02711156,0.01529727,0.002937511,0.002462399,0.002121363,0.001850646,-9.107356e-5,0.001706388,0.001076853,-0.003221687,-0.001973,-0.007996669,0.005896747,-0.009332345,-0.07367369,-0.1903109,-0.1667703
560.051,0.004270634,8.326547e-4,0.003522861,1.624036e-4,0.001756231,-0.001294148,0.003043653,0.004196403,3.023475e-4,-0.001511543,0.001902328,0.00111769,-5.278204e-4,0.00142886,4.508027e-5,3.658829e-4,0.001966444,0.001290373,-6.901221e-4,-0.00106671,-8.494181e-4,-5.828895e-5,5.472127e-4,-2.393151e-4,5.512074e-4,-6.755622e-8,7.578915e-4,6.996096e-4,1.530886e-4,7.518718e-4,0.001823914,9.12985e-4,0.001011428,-5.076425e-4,0.001622378,0.001810293,0.001803711,0.001361847,0.002156064,5.074927e-4,4.697269e-4,-0.001172101,1.22883e-4,0.00139438,8.214427e-7,2.701477e-4,4.545267e-4,0.001557189,0.001004435,0.001467994,6.435659e-5,0.001298872,1.857086e-6,3.674777e-4,0.001122356,2.851247e-4,4.395023e-4,0.001111482,1.79895e-4,-2.715816e-4,-1.554012e-5,8.571321e-4,4.701651e-4,6.477922e-4,6.816732e-4,6.866546e-4,-1.931196e-4,5.042289e-4,6.293882e-4,7.918315e-5,5.733049e-4,6.665465e-4,2.545734e-4,5.842004e-4,1.874398e-5,9.419305e-4,2.631595e-4,0.001099009,0.008526986,0.03249835,0.03501866,0.01803437,0.003837675,4.558189e-5,1.615851e-4,5.83098e-4,8.265923e-4,3.544917e-4,-2.725126e-4,3.996883e-5,3.363766e-4,4.519447e-4,6.360186e-5,-4.793919e-5,-3.838296e-5,2.310262e-4,1.609898e-4,3.003034e-4,9.964721e-5,4.674395e-4,2.73188e-4,6.390003e-5,1.492319e-4,2.75393e-4,5.330136e-4,1.610104e-4,7.072869e-5,8.599976e-5,3.271828e-5,1.313986e-4,3.389465e-4,8.718845e-5,2.673754e-4,1.469638e-4,2.531386e-4,3.30959e-4,2.466312e-4,3.563967e-4,3.072796e-4,5.384055e-4,-3.227405e-5,3.329437e-4,5.767863e-4,4.440745e-4,3.592283e-5,2.101285e-4,3.378844e-4,4.25322e-4,5.402067e-4,5.358302e-4,6.970427e-4,4.809969e-4,5.844424e-4,6.519186e-4,6.988488e-4,6.309745e-4,7.195031e-4,7.111635e-4,9.837235e-4,4.54227e-4,2.531061e-4,6.083905e-4,9.296259e-4,2.191692e-4,8.174456e-4,0.001248828,0.001035793,8.839464e-4,5.367054e-4,7.005289e-4,8.755049e-4,8.149031e-4,8.08533e-4,8.539099e-4,0.001100847,0.00116979,0.001152401,0.001022696,9.169873e-4,9.848065e-4,0.001349474,0.001250592,0.00109799,9.813025e-4,0.001342342,0.001688339,0.001392909,0.002126559,0.001217513,0.002200075,0.001692451,0.002298323,0.006084291,0.02009203,0.02358509,0.009400187,0.001608333,0.001829442,0.001971151,0.002818254,0.003316985,0.002030197,0.00681833,0.00488686,5.154986e-4,0.007717305,0.003185439,0.08761484,0.05509104,0.1483801,0.1741907
562.395,-0.005118137,-0.004549819,-0.003902326,-0.008761601,0.001059254,-0.0039441,-0.003905102,-0.003461461,-0.001578348,-0.002261408,-0.002888916,-0.00205723,-8.835068e-4,6.077833e-4,-0.002534264,-4.174489e-5,-4.070772e-4,-5.435639e-4,-7.829168e-4,-0.001148005,-4.599193e-5,1.548804e-4,-7.325226e-4,-5.285176e-4,-6.017441e-4,-2.62971e-4,-8.07032e-4,-8.924389e-4,-3.363215e-4,-4.867798e-4,-8.651796e-4,-0.001532653,-0.003404124,-0.001141469,-0.003196546,-0.002456804,-9.061954e-4,-0.002078768,-0.001614417,-0.001821652,-0.00141134199999999,-0.001637638,-0.002407672,-0.00139504,-5.473938e-4,-0.00131071,-6.858961e-4,-0.001489653,-0.001077984,-7.900061e-4,-1.307521e-4,-7.327702e-4,-0.001070189,-0.001197099,-7.372251e-4,-0.001108559,-3.837737e-4,-0.001592709,-7.941203e-4,-0.001391941,-4.852048e-4,-6.686962e-4,-4.465805e-4,-5.311548e-4,-4.766989e-4,-8.89579e-4,-0.001257991,-1.884516e-4,-5.288476e-4,-7.872789e-4,-2.281046e-4,-3.33306e-4,-2.872845e-4,-8.510406e-5,-6.550254e-4,-0.001092847,-4.40447e-4,0.005357501,0.02285672,0.03749534,0.02058289,0.005981212,-6.65873e-4,-3.233082e-4,-4.744125e-4,-2.931477e-4,-3.128275e-4,-4.284377e-4,-5.714017e-4,-7.094922e-4,-3.014962e-5,-3.964303e-4,-3.010291e-5,-2.489774e-4,-2.508594e-4,2.040699e-4,-5.26353e-4,-4.379949e-4,-2.13867e-4,-3.877404e-4,-3.72298e-4,-2.127254e-4,-2.07064e-4,-2.507325e-4,-1.633623e-4,-8.963462e-5,-1.455551e-4,2.670784e-4,6.436395e-5,-8.464833e-5,8.79136e-5,-7.692105e-5,-7.08423e-6,9.444486e-5,4.92698e-5,-2.925783e-4,4.823209e-6,1.080599e-4,1.222991e-5,-6.259056e-5,1.632054e-4,6.552462e-6,1.953705e-4,-1.824345e-5,6.25534e-6,-1.662466e-5,5.032243e-4,2.252527e-4,6.921487e-4,1.753408e-4,3.286307e-4,-9.58192e-5,2.550671e-4,1.617851e-4,-1.478372e-5,4.43891e-5,1.122836e-4,2.578214e-4,1.592495e-4,2.106631e-4,2.196456e-4,1.025025e-4,6.980129e-4,2.80067e-4,3.640862e-4,5.617029e-4,3.103265e-4,5.463682e-4,4.201502e-4,4.545924e-4,4.861281e-4,5.322567e-4,5.170307e-4,5.535471e-4,6.098739e-4,3.090573e-4,4.896453e-4,7.552075e-4,6.606492e-4,7.679625e-4,8.223275e-4,5.490313e-4,9.307314e-4,7.225664e-4,5.180443e-4,9.923923e-4,0.001502222,0.001144454,0.001411892,0.001519662,0.001578689,0.00262214,0.009945695,0.02456924,0.01563074,0.004739629,-2.784699e-5,3.201737e-4,0.001357289,7.199385e-4,-1.689844e-4,-4.836926e-4,-7.136761e-4,-7.986166e-4,-0.002318019,-0.002029039,4.110101e-4,-0.02809169,-0.09589812,-0.3384687,-0.6946944
564.74,0.001918339,-0.003911393,0.003811195,0.002791895,-0.003631818,0.001566496,-0.001659576,-0.001322528,-0.004297599,6.738766e-4,5.184506e-5,-9.067106e-4,-6.018148e-4,6.554055e-4,0.001427316,-5.345786e-4,0.001569269,-1.017535e-4,-6.644245e-4,-3.928472e-4,-7.630862e-4,-3.694507e-4,1.670133e-4,3.20076e-5,-6.522756e-4,3.790432e-4,1.826802e-4,-6.89226e-5,4.528492e-4,9.279425e-4,-0.001158331,-4.138528e-4,-5.101898e-4,-0.003040573,0.002274421,-3.205041e-4,8.603217e-4,9.73822e-4,-2.131054e-4,-5.517099e-4,7.732681e-4,-0.002906825,-8.185222e-4,8.082571e-5,-6.668953e-4,-0.003131906,4.574597e-4,-9.338589e-4,-0.001336749,-3.436965e-8,0.001209032,8.620657e-4,3.19551e-5,-3.690492e-4,8.993882e-5,-6.56462e-4,-4.958267e-4,7.991459e-4,-2.312781e-4,6.744727e-4,-3.875916e-4,3.118703e-4,-2.238659e-5,-0.001951351,-2.275308e-4,3.3461e-4,8.71575e-4,4.449365e-4,0.001000943,-8.490303e-4,-5.334149e-4,-2.966148e-4,7.645671e-4,-1.927729e-4,4.190885e-4,1.38661e-4,0.004547899,0.01912367,0.0340875,0.02786214,0.007672574,7.409205e-4,1.434705e-4,3.574042e-4,4.664772e-4,-5.677047e-4,-3.518583e-4,-4.888303e-5,-3.580361e-4,4.331753e-6,2.291359e-6,-2.902109e-4,-3.952744e-4,5.093694e-5,1.258826e-4,-2.776081e-5,-2.647523e-5,-5.140546e-5,-1.983555e-4,-2.541061e-4,4.599877e-5,4.132176e-4,1.980094e-5,3.827909e-5,1.952114e-4,3.412112e-5,5.907698e-5,3.541666e-4,4.442935e-5,1.562951e-4,4.864447e-4,2.551236e-4,8.743202e-5,6.465359e-5,1.778874e-4,2.104957e-4,2.295461e-4,3.278524e-4,-3.438221e-5,3.44625e-4,6.150423e-4,5.456742e-4,1.306464e-4,5.476104e-4,3.355558e-4,3.633331e-4,4.444035e-4,3.702932e-4,3.063897e-4,1.960999e-4,-1.288357e-4,4.314155e-4,3.253915e-4,5.174908e-4,2.045301e-4,3.811922e-4,-1.398383e-5,2.734818e-4,7.304721e-4,6.11594e-4,2.476957e-4,4.287491e-4,3.768624e-4,4.213099e-4,7.315286e-5,6.228363e-4,3.374519e-4,8.179626e-4,3.563382e-4,4.487911e-4,8.161868e-4,5.871832e-4,5.521374e-4,7.704892e-4,5.778412e-4,9.648914e-4,7.679297e-4,8.633685e-4,2.386197e-4,9.646265e-4,9.767504e-4,7.517688e-4,0.001122498,6.694887e-4,3.260156e-4,9.928172e-4,0.001274631,0.001396899,0.001252468,0.001672929,0.001723254,0.004577048,0.0162248,0.02289223,0.008372711,0.001045919,9.292375e-4,0.001943171,0.0012966,0.001956759,0.003486472,0.001583737,0.002670586,4.917988e-5,-7.270357e-4,-0.00366617,0.005493014,-0.0400597,0.01167339,0.04108706,-0.06522108
567.085,0.00487517,9.356739e-4,0.002348777,4.119337e-4,0.001244393,0.00499517,0.006926834,0.001580743,-3.024733e-4,0.001279986,0.001196097,5.833659e-4,0.002354613,0.002711209,0.001344497,0.001897901,0.002062902,0.001475218,0.001090654,9.980133e-4,3.71783e-4,6.249335e-4,-2.0119e-4,4.841274e-5,0.001180491,-2.649714e-4,9.317362e-4,-6.99158e-5,-1.774719e-4,2.208034e-4,0.002135407,0.001882141,6.136824e-4,0.001904642,0.002754026,7.538306e-4,0.001777114,0.001112047,0.00106933,0.001708954,0.002630959,1.262433e-4,9.462337e-4,8.061586e-4,-0.001813878,0.001827936,0.001877512,9.00388e-4,0.002033644,4.831929e-4,5.249036e-4,4.486699e-4,9.530662e-4,0.001483737,-5.352619e-4,8.327475e-4,9.970708e-4,0.001658843,6.215757e-4,0.002180842,-9.530301e-5,3.856953e-4,1.431281e-4,6.536667e-4,6.873975e-4,0.001882259,-1.97009e-4,6.564675e-4,6.770105e-4,2.584926e-4,5.972546e-4,6.932019e-4,6.58559e-4,5.559151e-4,6.479948e-4,0.002098579,0.01728622,0.03294738,0.02781212,0.01027522,0.002058139,2.339911e-4,5.097417e-4,6.045761e-4,3.483677e-4,3.351415e-6,3.168663e-4,4.572865e-4,4.800904e-4,8.267167e-4,4.403569e-4,4.562166e-4,3.776015e-4,8.188251e-4,4.667323e-4,-3.718392e-5,3.782127e-4,0.001126694,3.582595e-4,3.60355e-4,2.761209e-4,2.576721e-4,1.181337e-4,3.734149e-4,3.263227e-4,2.389222e-4,5.53167e-5,2.997813e-4,2.115824e-4,2.759266e-4,1.756158e-4,2.930355e-4,4.112946e-4,3.197236e-4,7.760464e-5,3.082718e-4,2.588035e-4,5.54559e-4,3.693529e-4,8.259341e-4,2.958055e-4,4.887363e-4,4.850857e-4,6.888288e-4,3.130162e-4,3.184192e-4,5.126016e-4,5.987222e-4,6.848119e-4,5.755723e-4,8.562354e-4,5.625178e-4,5.058856e-4,3.724342e-4,5.24658e-4,5.632427e-4,6.072247e-4,7.562178e-4,8.282816e-4,4.733523e-4,5.317554e-4,8.539635e-4,7.64332e-4,5.575885e-4,8.736388e-4,7.183965e-4,6.767823e-4,7.614893e-4,5.677456e-4,6.100629e-4,7.172358e-4,5.831339e-4,8.247661e-4,0.001297675,0.001230458,0.001089714,7.478282e-4,7.913403e-4,0.001083863,9.289342e-4,0.00126942,0.001422435,0.001344554,0.001392648,0.00129782,0.001582482,8.574199e-4,0.001661398,0.001685019,0.001658334,0.002244096,0.009345495,0.02008843,0.01954189,0.005310585,0.003104847,0.003111812,0.001691898,0.002667059,0.001017566,0.001675115,8.725767e-4,0.001436201,0.008777832,0.002807575,0.01547792,0.004599651,0.0314843,-0.004660643,0.02063784,0.6428354
569.431,0.001941005,0.005823372,0.003501002,0.002567199,-2.679106e-4,0.00322079,0.004139404,0.001088353,2.283607e-4,8.135279e-4,0.001148238,0.002010411,0.001362432,-3.93121e-4,0.002203963,-0.00111965,-5.628283e-4,4.827524e-4,2.124916e-4,2.899185e-4,0.00123603,5.866228e-5,1.684639e-5,5.667701e-4,-4.925612e-5,7.978281e-4,4.34641e-4,8.153037e-4,-5.959156e-5,-7.37191e-5,8.772969e-4,-4.604511e-4,1.024654e-4,0.001158862,0.001822601,0.002702792,1.931157e-4,4.025484e-4,8.587887e-4,1.721477e-4,0.001342652,0.002038745,0.001775448,-3.925749e-5,0.001108663,7.820864e-4,4.60492e-4,3.751366e-5,8.958428e-7,-0.001145353,-6.468973e-7,-3.544103e-4,5.105871e-4,1.246254e-4,3.902333e-4,-5.451124e-4,6.951957e-4,-8.327144e-4,5.21944e-5,1.25881e-4,-6.809046e-5,-5.800599e-4,-4.040059e-4,7.504578e-4,3.458312e-4,-1.799351e-4,0.001032881,7.031646e-4,-2.007517e-5,9.373056e-4,-3.632017e-5,2.830682e-4,5.148998e-4,-4.957093e-4,0.001697562,0.01183951,0.03037272,0.0306604,0.0113819,0.001595732,9.787522e-4,-1.735369e-4,1.577678e-4,3.868755e-4,9.934153e-4,6.283052e-4,-1.215427e-5,5.455714e-4,7.247433e-5,3.987879e-4,1.930304e-4,-2.491691e-4,1.162346e-4,2.84924e-4,3.416519e-4,4.313126e-4,2.534154e-4,2.612736e-4,3.603466e-4,1.931634e-4,4.644605e-5,2.442049e-4,3.740636e-4,-1.220949e-5,2.510817e-4,2.03545e-4,2.032574e-4,2.92992e-4,1.990532e-4,4.001482e-4,1.930001e-4,-6.294678e-5,1.623188e-4,1.703414e-4,2.441015e-4,2.475849e-4,1.512014e-4,3.91766e-4,4.64785e-4,3.863835e-4,4.024691e-4,4.707484e-4,5.856785e-4,4.188581e-4,3.746189e-4,4.197229e-4,3.322743e-4,2.51097e-4,5.487287e-4,4.149443e-4,3.756678e-4,3.12943e-4,5.075469e-4,4.751124e-4,4.579413e-4,4.146702e-4,2.563576e-4,3.351402e-4,6.705582e-4,3.264992e-4,4.991863e-4,8.641346e-4,4.617277e-4,8.025277e-4,4.084229e-4,7.010227e-4,8.385409e-4,6.31261e-4,9.343682e-4,6.57458e-4,6.261537e-4,5.652348e-4,5.298702e-4,7.224735e-4,7.963932e-4,9.933234e-4,6.189738e-4,0.001060755,6.608848e-4,8.582465e-4,9.677104e-4,9.155301e-4,0.001239809,0.001293457,0.001312029,7.589157e-4,8.816415e-4,0.001545334,0.001596854,0.001019467,0.003549819,0.01245819,0.02231463,0.01382125,0.004186931,0.001991622,0.002144619,0.001810912,0.002319964,0.00245492,0.002859281,0.00409511,0.004000821,0.003475175,0.00432181,0.01457599,0.002520073,-0.001099126,0.0323223,0.05998424,0.9396015
571.778,-0.005572408,1.889059e-4,-0.005288964,-0.004160785,-0.001528619,-0.001325814,-0.002020624,-0.001995328,-9.150568e-4,-0.001543468,-0.001414176,-5.83862e-4,-7.175548e-4,-0.002907752,-0.003388121,-1.681965e-4,-0.001811739,-0.001589513,-1.235225e-4,-0.001539376,-9.35028e-5,-7.685964e-4,-0.001217924,-6.346708e-4,-3.961989e-4,-2.839971e-4,-6.684318e-4,1.381597e-4,-8.211362e-4,-7.420174e-4,4.263275e-4,-0.001767289,-0.001446536,-0.001795022,-0.003069378,-0.002821539,-0.002617766,-0.001034669,-0.003063842,-0.002280178,-0.001345975,-0.001793538,-7.876281e-4,-0.001537257,-0.002147842,-0.001408769,-0.00158601,-6.057071e-4,-9.502331e-4,-6.987121e-4,-2.99165e-4,3.052354e-5,-6.693539e-4,-8.725435e-4,-0.001831813,2.050186e-4,-4.995933e-4,-0.001186307,2.107568e-4,-1.513157e-4,-5.408189e-4,-0.001189094,-0.001455887,-8.449635e-4,-0.001940029,-7.909361e-4,2.669393e-4,-2.768944e-4,1.04369e-4,-1.937223e-5,-6.160645e-4,2.283214e-4,-5.300205e-4,5.195355e-4,0.009043432,0.02629548,0.03070852,0.01571053,0.001993999,-3.987156e-4,2.897629e-4,5.995762e-5,-5.405654e-5,-4.953767e-4,-5.361854e-4,-4.158116e-4,7.749794e-5,-4.230723e-4,-2.296717e-4,-5.09774e-4,3.725513e-5,-2.716785e-4,-9.346573e-5,-5.583018e-4,-3.235432e-4,-4.047568e-4,2.791348e-5,-4.799282e-4,-3.766422e-4,-3.215244e-4,-3.08645e-4,-3.026535e-4,-3.09193e-4,-2.09076e-4,1.9591e-5,1.259305e-4,-8.840501e-5,-1.035388e-4,5.509106e-5,6.489452e-5,9.118027e-5,1.359139e-4,1.630632e-4,9.918574e-5,1.191557e-4,1.199975e-4,1.910557e-5,-8.633357e-5,7.749066e-5,1.172456e-4,2.454339e-4,-9.993374e-5,-1.054287e-4,8.345287e-5,6.707228e-5,-1.469951e-4,-2.710319e-5,1.820284e-4,6.326592e-5,1.032987e-4,2.189799e-5,8.593235e-5,-7.789821e-5,1.018599e-4,7.706301e-5,2.989065e-5,1.822698e-4,-2.185688e-5,1.840134e-4,2.568156e-4,3.556342e-5,6.344305e-4,5.3183e-4,3.658883e-4,4.978085e-4,2.627662e-4,2.35234e-4,6.957296e-4,7.130048e-4,4.963411e-4,4.589765e-4,2.773657e-4,3.421728e-4,3.90723e-4,5.310646e-4,4.334221e-4,4.834889e-4,5.073798e-4,7.361042e-4,3.525009e-4,8.53747e-4,4.063591e-4,8.842719e-4,5.776522e-4,8.783879e-4,0.001061106,0.001361528,0.001081746,0.00105867,0.001758553,0.004082032,0.01460162,0.01943959,0.008608294,0.001696463,0.00164703,0.001478006,8.308684e-4,5.449902e-5,-5.370058e-4,-1.996233e-4,0.001654396,4.273285e-5,0.001811042,-0.004974025,-0.00816495,-0.01258043,-0.04507911,-0.04420677,-0.04836691,0.2700991
574.125,-0.004393445,-0.002754569,0.004863286,-5.028379e-4,-0.002890968,-0.007373992,-0.004269416,-5.807015e-4,-0.00284493,-0.0048275,3.180749e-4,-5.138493e-4,-0.001085635,-3.087284e-4,-0.0012732,-0.001258291,-4.924779e-4,-2.423382e-4,-9.55095e-4,-4.815758e-4,-8.017749e-4,-7.140749e-4,-9.876536e-4,-4.096113e-4,-0.001197982,-1.850061e-4,-6.239678e-4,-5.615016e-4,-0.001162384,-0.001469181,-0.001082423,-5.074092e-4,-0.002962775,-0.002280577,-7.722273e-4,5.647629e-5,-0.00122071,-0.001537696,-8.256558e-4,-0.002642843,-9.176563e-4,1.281613e-4,-0.002338059,-5.295463e-4,-0.001882154,-0.001221328,-0.002452488,5.330962e-4,-0.001030279,-0.001755844,-8.672691e-4,-4.238004e-4,-0.001544778,9.465597e-5,-0.001603762,-9.597349e-4,-1.950911e-4,-5.147469e-4,-0.0013896,-0.001170329,-3.947574e-4,-5.373553e-4,-5.999595e-4,-8.045549e-4,-0.001115253,-0.001000961,-2.429901e-4,-5.156487e-4,-0.001165032,-7.854441e-4,-5.443995e-4,-8.337174e-4,2.294841e-4,0.006304069,0.0230417,0.0325818,0.01771441,0.003902647,-2.645575e-5,1.109159e-4,-4.666163e-4,-2.776738e-5,-5.699858e-4,-1.512897e-4,-2.018869e-4,-2.739668e-4,1.931466e-4,-6.238482e-5,-3.643501e-5,-9.72824e-4,-9.523143e-6,-5.490026e-4,-2.536016e-4,3.236496e-5,-1.875268e-4,-2.177932e-4,-8.749298e-6,-3.337105e-4,-5.654529e-4,-3.401144e-4,-2.563031e-4,-1.594398e-4,-2.911114e-4,-2.23192e-4,-1.363562e-4,-2.791244e-4,-2.255947e-4,-1.267447e-4,-2.014042e-4,-1.891095e-4,4.572305e-5,-1.047471e-4,1.141903e-4,1.911919e-4,-1.5889e-5,1.349997e-5,9.925191e-8,-5.071345e-5,1.251819e-4,1.954321e-4,3.337924e-4,-7.567269e-9,1.732997e-4,-1.239759e-5,1.652025e-4,1.204162e-4,2.745399e-4,1.300597e-4,1.976478e-4,-1.987851e-5,1.023417e-4,1.787465e-4,8.714753e-5,1.497738e-4,-4.600353e-5,2.209685e-4,2.441177e-4,-4.473655e-5,2.443255e-4,3.299462e-4,3.717573e-4,5.482146e-4,3.911978e-4,5.252006e-4,3.656925e-4,1.832401e-4,9.546489e-5,4.901774e-5,3.294264e-4,5.249372e-4,2.255803e-4,6.873338e-4,2.688989e-4,4.333218e-4,5.174421e-4,5.656281e-4,4.999794e-4,4.331874e-4,6.833828e-4,7.51977e-4,3.066543e-4,7.57223e-4,5.46538e-4,7.214161e-4,0.001022763,7.593185e-4,5.973423e-4,0.001258865,0.001100996,0.001334542,0.007668583,0.0178676,0.01425344,0.003239392,3.727043e-4,0.001316232,4.34946e-4,1.813416e-4,4.282396e-4,4.015668e-4,9.57281e-4,0.001171977,3.859762e-4,-4.731346e-4,-0.001020468,-0.007548251,-0.00808057,-0.03917113,-0.06839808,-0.08714694,-0.9709365
576.472,-0.001034411,-0.003820921,3.46224e-4,-0.002780225,0.001725251,0.003069982,-0.001881589,-0.003049929,-0.002550395,-7.481344e-4,-0.002175982,-3.688989e-4,-6.913835e-4,-0.002585467,-7.310694e-4,-6.338406e-4,-0.001952133,-0.001433453,-0.001206963,-0.001423823,-8.062542e-4,9.94685e-5,-9.418443e-4,-7.907101e-4,-3.176953e-4,-7.947197e-4,-4.902244e-4,-6.363284e-4,-0.001229959,-6.260545e-4,-0.001286643,-0.001661545,-7.728349e-7,-0.003940304,-0.003228278,-0.001812926,-0.001325043,7.259556e-4,-0.003625986,-0.002177735,-0.001098954,-0.002376962,7.143295e-4,-0.002421955,1.216111e-4,-2.756358e-4,-0.001253109,-0.001302822,-0.001405338,-0.002223637,8.375312e-4,-3.346622e-5,-0.002298083,-0.00205123,-7.90127e-4,-5.688857e-5,1.426527e-4,-0.001666306,-0.001001244,1.798931e-4,-8.767642e-4,-0.002212011,2.512659e-5,-0.00190526,-9.348558e-4,-5.719144e-4,-4.233525e-4,4.431007e-5,-9.408893e-4,-2.016583e-4,-0.001036355,-5.126082e-4,0.003997761,0.02096722,0.03217103,0.02276021,0.006134446,3.407466e-4,5.988646e-4,-7.977232e-4,-5.440486e-4,-6.054193e-4,-7.599033e-4,-5.016493e-4,-3.534582e-4,-6.878197e-4,5.48251e-7,-5.000957e-5,-3.658208e-5,-2.33161e-4,-3.76125e-4,-7.188819e-4,-1.272586e-4,-1.975554e-5,-5.951989e-5,-4.002214e-4,-6.056742e-4,-1.497946e-4,-2.626956e-4,-3.337056e-4,-3.125884e-4,-1.676109e-4,8.774337e-5,-4.814778e-4,1.028476e-4,-5.518945e-5,-7.941482e-5,-1.490015e-4,1.899955e-4,1.01679e-4,4.634379e-5,6.167396e-5,1.830458e-4,2.368579e-5,-3.423993e-6,2.158616e-4,-1.428296e-5,-1.983626e-5,6.299249e-6,-2.605847e-4,5.385847e-5,-6.743821e-5,1.60915e-4,3.945733e-5,1.721328e-4,3.070324e-4,2.893709e-5,7.147786e-5,-1.220902e-4,9.73576e-5,-8.802033e-5,1.952625e-4,2.616699e-7,1.600158e-5,5.1247e-4,4.754193e-4,1.155781e-4,-1.052735e-4,1.342943e-4,4.185347e-4,5.64272e-4,-1.292096e-5,1.92743e-4,3.155353e-4,-4.072609e-5,8.911089e-5,4.67386e-4,5.417413e-4,1.166768e-4,1.162902e-4,2.617333e-4,3.081105e-4,3.533731e-4,4.44202e-4,5.856735e-4,6.128873e-4,-7.066317e-5,7.848078e-4,7.769191e-4,3.460046e-4,7.839005e-4,3.457322e-4,8.925139e-4,7.166435e-4,7.112007e-4,6.722061e-4,7.013446e-4,8.76699e-4,0.001378883,0.003179972,0.01103487,0.01621131,0.009239144,0.001416068,9.896925e-4,4.331216e-4,4.349302e-4,8.944949e-4,6.52389e-4,-0.00131405,4.895995e-4,0.001475406,-0.001158111,-0.001480222,0.002170022,0.001726937,-0.01039159,-0.05875541,-0.119341,-0.1782545,-0.8864391
578.821,-9.475278e-4,0.004028749,0.002674692,0.00160695,0.004193116,-1.421201e-4,0.002704915,0.005374485,0.001943276,0.001586161,0.001652988,0.001082954,7.342332e-5,4.057188e-4,-9.106581e-5,0.00156467,6.1766e-4,-5.961792e-4,8.0759e-4,-4.861384e-4,2.383953e-5,-2.204725e-4,1.032468e-4,3.140977e-4,7.564724e-4,3.564712e-4,6.999562e-4,7.079946e-4,-1.02403e-4,0.001056455,2.994841e-4,-0.00141134,6.81144e-4,0.002956909,-5.391637e-4,7.195396e-4,-9.859212e-4,-5.496413e-4,-1.761204e-4,2.637712e-4,6.638311e-4,0.001387029,9.283875e-4,0.001403558,-6.062866e-4,4.796822e-4,7.705068e-5,-5.186183e-8,-6.669847e-4,3.185902e-4,-6.404031e-4,-3.290799e-4,8.48538e-4,9.198187e-4,-2.119966e-4,7.961445e-4,-8.415308e-5,9.048705e-4,2.666292e-4,1.548632e-4,3.349209e-4,0.001185214,6.083376e-4,5.99318e-4,9.878212e-4,3.216832e-4,3.377389e-4,6.755902e-4,6.459661e-5,-2.840841e-4,-1.543749e-4,0.00237581,0.0186054,0.03139750999999999,0.02750277,0.008942926,6.65387e-4,-2.2794e-4,7.779104e-4,1.584781e-4,7.82282e-4,-4.742068e-4,2.038203e-4,3.107493e-4,6.718796e-4,1.887193e-4,2.468454e-4,8.866594e-5,1.245894e-5,1.344699e-4,-9.222615e-6,-4.32575e-5,-2.075543e-5,2.908297e-4,4.987754e-5,2.874354e-4,-1.783599e-5,4.714143e-4,2.649001e-4,-7.559804e-6,3.775062e-4,1.492763e-5,3.569721e-4,5.416167e-4,2.925807e-4,-3.389041e-5,1.217225e-4,1.605779e-4,1.071474e-4,-2.018004e-5,2.176745e-4,2.013404e-4,1.405599e-4,2.890302e-4,6.258058e-5,2.934707e-4,2.701479e-4,3.009783e-4,3.785422e-4,4.464368e-4,2.022499e-4,4.198254e-4,4.974217e-4,6.481175e-4,4.689834e-4,4.646688e-4,2.884359e-4,6.138654e-4,2.576098e-4,8.368538e-5,7.008514e-4,5.064114e-4,3.990484e-4,5.090249e-4,7.169463e-4,5.466338e-4,7.993157e-4,3.727985e-4,4.252094e-4,5.793909e-4,5.027228e-4,5.045132e-4,4.087008e-4,7.30075e-4,4.649778e-4,3.618665e-4,6.323851e-4,7.203393e-4,5.819798e-4,5.031134e-4,7.442222e-4,6.184503e-4,7.278686e-4,5.488351e-4,7.076629e-4,7.185128e-4,7.677613e-4,8.813772e-4,7.706316e-4,8.012944e-4,9.460406e-4,8.634666e-4,0.001165787,8.325202e-4,0.001114179,0.00129905,0.00132235,0.001249923,0.002332419,0.007231731,0.01564573,0.01520234,0.006358047,0.002823265,0.001550633,0.002486951,0.001596272,0.001296151,0.001870195,0.001736631,0.004000312,0.001733634,0.00118473,0.006767308,0.006734292,0.004337541,-0.003270826,0.006661595,0.007053493,0.06597064,0.05343846
581.169,0.003407952,0.005688402,0.004124304,0.00357001,0.001463176,0.001269943,-9.80351e-4,0.00112274,0.001563265,0.0018741,0.002091535,0.001202902,0.002023576,0.002166449,0.0019392,0.002209031,0.001702713,0.001486672,-2.206329e-4,0.001082701,8.859118e-4,8.248134e-4,2.075511e-4,2.15964e-4,6.930139e-4,5.117841e-4,6.02103e-4,9.428506e-4,1.593786e-4,5.310978e-4,0.001268539,0.002844729,0.00163373,8.244945e-6,0.00495034,0.001944652,0.001137792,0.003117015,4.843071e-4,0.001585508,0.002489747,5.217013e-4,-2.956422e-4,4.522934e-5,-2.024315e-4,6.430196e-4,7.495269e-4,0.001778062,0.001424137,7.821502e-4,0.001284152,9.566705e-4,8.53057e-4,0.001021267,0.001538427,9.768038e-4,2.308012e-4,0.001489756,4.01879e-4,2.078134e-4,8.446422e-4,5.710679e-4,7.096268e-4,3.871853e-4,0.001230661,5.311343e-4,9.258726e-4,7.885885e-4,8.688586e-4,7.79097e-4,0.002118869,0.01159841,0.03709562,0.02943297,0.01127992,0.001240153,4.791516e-4,3.864642e-4,7.501704e-4,9.496303e-4,5.103552e-4,9.57402e-4,1.594115e-5,6.790805e-4,1.385624e-4,7.528023e-4,8.348652e-4,-7.591587e-5,3.958652e-4,5.534514e-4,4.31299e-4,6.499923e-4,1.416753e-4,2.101406e-4,2.905962e-4,-2.306273e-4,1.673792e-4,4.827355e-4,1.124236e-4,3.559595e-4,-1.52032e-5,5.237578e-4,2.970025e-5,2.857487e-4,1.942902e-4,3.188669e-4,5.307739e-4,3.593266e-4,-6.411897e-5,1.147716e-4,2.113959e-4,3.498163e-4,3.694937e-4,1.435014e-4,2.62919e-4,2.813836e-4,2.61844e-4,4.552314e-4,9.711467e-5,3.105555e-4,2.574737e-4,3.402834e-4,6.282203e-4,5.602717e-4,2.35958e-4,3.767443e-4,2.956566e-4,4.613889e-4,2.135507e-4,2.240807e-4,3.856469e-4,3.763066e-4,3.208992e-4,3.678251e-4,7.676477e-4,2.010487e-4,4.485478e-4,7.18273e-4,4.649772e-4,4.663749e-4,5.552797e-4,6.691363e-4,6.898487e-4,4.4999e-4,6.597806e-4,5.763468e-4,8.338526e-4,6.424132e-4,7.899791e-4,4.655216e-4,7.869862e-4,6.906886e-4,5.720176e-4,6.233146e-4,8.338915e-4,6.928156e-4,0.001080411,0.001042404,9.632534e-4,5.700376e-4,7.939098e-4,0.001241275,0.001115195,9.357509e-4,0.001413352,0.001422653,0.001407543,0.001983485,0.002819496,0.01086372,0.01570695,0.01187788,0.003807021,0.001403164,0.002288847,0.00169966,0.001097679,0.002265274,0.002679543,0.004127424,0.004037818,0.002189412,0.005471998,0.007009893,0.00265173,5.714275e-4,0.02716901,0.006631114,0.0358091,0.1012391,0.8273838
583.519,0.002559108,-1.929317e-4,-0.001816648,-0.006130784,-0.003674064,0.009492696,0.00108656,-0.002563762,1.614255e-6,3.806523e-6,5.89183e-7,7.162545e-4,0.001475379,-7.175948e-4,9.712111e-4,0.002681803,4.668906e-4,7.09968e-4,0.001563844,0.001247141,1.681026e-4,-2.219179e-4,-1.037348e-4,1.639942e-5,6.810933e-5,-3.247917e-4,-4.103631e-4,3.199135e-4,1.590005e-4,-7.340004e-4,2.024106e-4,-0.001076116,-2.118415e-4,-5.921957e-4,-0.001449015,-0.001388358,-0.002281309,0.001331029,-1.771917e-4,0.00127873,0.001113221,5.234734e-4,2.556489e-4,6.251589e-4,-2.027144e-4,8.178289e-5,5.129469e-4,1.16033e-4,-3.543806e-5,8.199654e-4,2.703491e-4,-4.968074e-4,6.902128e-4,2.244925e-4,6.444289e-5,-8.730222e-5,-0.001853484,-3.304576e-4,-6.390176e-4,8.286444e-4,0.001296523,2.988375e-4,-5.611823e-4,-0.001154295,6.396601e-4,4.625694e-4,6.112161e-4,2.874454e-4,-8.209266e-5,0.00176614,0.007065022,0.02777865,0.03848744,0.01282065,0.00304372,-3.637999e-4,8.036691e-4,3.873038e-4,-3.390378e-4,-3.148129e-4,-1.657125e-4,1.50876e-4,2.195256e-4,-2.952959e-4,-1.641363e-4,-5.093852e-5,2.648474e-5,1.022403e-4,6.207814e-5,2.907374e-4,3.031136e-4,1.919322e-4,-7.436432e-5,-6.439612e-4,-3.511585e-4,3.085389e-4,-1.014236e-4,5.396015e-5,1.039295e-4,3.893246e-4,8.765732e-5,-1.024501e-4,-2.277683e-5,1.640641e-4,-6.802617e-5,-4.926398e-5,-7.990018e-5,2.895662e-4,2.883704e-4,1.969322e-4,-2.976496e-5,2.239582e-4,1.70518e-4,7.410871e-5,1.255849e-4,7.280278e-5,2.622673e-4,1.702351e-4,1.333168e-4,1.989553e-4,5.56298e-4,1.908559e-4,2.639587e-4,2.876471e-4,2.114885e-4,2.253189e-4,2.165556e-4,2.282107e-4,5.12222e-4,7.711138e-6,4.753568e-4,3.847574e-4,3.453934e-4,3.603595e-4,3.375863e-4,4.341195e-4,4.644836e-4,4.637797e-5,3.979746e-4,2.264136e-4,4.277844e-4,5.009356e-4,2.928139e-4,2.63498e-4,2.409447e-4,6.452393e-4,3.361624e-4,3.296133e-4,6.820422e-4,5.683487e-4,4.433556e-4,6.986852e-4,6.628446e-4,4.755938e-4,5.260705e-4,7.2908e-4,7.869862e-4,4.719739e-4,7.446209e-4,0.001137167,8.910752e-4,9.23129e-4,9.304025e-4,4.544495e-4,0.001112886,0.001101824,0.001236081,0.001031248,0.004799966,0.01289881,0.01513253,0.007077563,0.002053511,0.001614026,0.001038252,0.001432933,0.002370311,0.002652911,0.002702873,0.001044859,0.003826644,0.00331064,0.001122361,-0.001191206,0.003072677,0.004146173,-0.008623977,0.02486083,-0.02377262,-0.1481287,0.2418186
585.868,0.00314772,0.005533686,0.006236174,0.003852063,0.005167017,0.002231087,0.001186911,0.004658624,0.003224106,0.00236269,0.004045821,-6.419525e-4,0.001518072,-2.719878e-4,9.29866e-4,0.001197935,0.001284761,0.001744319,6.604653e-4,9.809598e-4,3.85659e-4,8.104782e-5,7.135821e-4,9.540465e-4,6.805073e-4,9.965157e-4,3.629637e-4,7.177298e-4,5.730644e-4,7.381621e-4,7.06872e-4,5.204625e-4,2.651067e-4,5.391511e-4,0.001092892,0.002569585,8.975035e-4,3.705093e-4,6.21437e-4,3.106294e-4,0.001028691,6.146735e-4,0.001024371,0.001376672,2.046925e-4,0.002539896,0.00151073,0.002024356,9.046741e-4,-2.873464e-4,0.001634869,0.001131365,9.939739e-5,-1.601663e-4,8.054239e-4,0.00101245,0.001434564,0.001471189,0.001234497,7.545933e-4,0.0013515,0.001374228,0.001205167,3.154636e-4,2.390128e-5,9.300566e-4,0.001226973,6.837495e-4,0.001045962,0.007234003,0.02133664,0.03433634,0.02529862,0.004130509,4.027065e-4,8.303308e-4,2.411635e-4,1.018844e-4,5.739166e-4,2.872504e-4,7.901178e-4,8.880576e-4,0.001009216,8.654938e-5,6.933289e-4,1.899771e-4,7.616158e-4,6.408144e-4,1.743671e-4,-1.293576e-4,5.862514e-5,5.524803e-4,2.284382e-4,5.246788e-4,6.961517e-4,1.647881e-4,3.829438e-4,3.960281e-4,2.247136e-4,2.665991e-4,-7.08576e-5,1.266788e-6,3.582747e-4,5.520267e-5,5.602944e-4,5.774858e-4,2.85827e-4,1.172404e-4,3.686017e-4,1.23773e-4,3.789295e-4,2.430146e-4,2.918316e-4,3.895267e-4,2.810615e-4,1.73686e-4,1.757379e-4,3.359521e-4,3.282401e-4,2.594787e-4,7.160039e-4,3.289525e-4,3.808576e-4,3.936171e-4,2.124629e-4,4.582044e-4,5.659832e-4,6.935012e-4,6.389325e-4,5.829689e-4,3.956947e-4,6.451815e-4,7.019564e-4,4.749671e-4,4.100694e-4,7.015901e-4,5.910689e-4,6.151868e-4,4.751759e-4,7.98482e-4,6.805538e-4,6.381543e-4,6.388751e-4,4.391669e-4,5.535841e-4,5.376871e-4,7.707175e-4,6.177901e-4,7.808103e-4,8.509192e-4,7.128417e-4,5.702178e-4,9.108984e-4,7.944665e-4,6.792631e-4,9.377092e-4,9.273369e-4,9.466291e-4,0.001025289,7.763399e-4,7.609249e-4,9.087631e-4,0.0010843,9.509001e-4,0.00153185,0.001515867,0.00183311,0.002420395,0.007047116,0.01553433,0.01243409,0.004555577,0.001178023,0.001775379,0.001493327,0.001458071,0.002196702,0.001657069,0.001509359,0.004725291,0.003810381,0.005860361,0.00379656,0.007552218,0.00951086,0.01164705,0.02445129,0.04792182,0.03177441,0.08348227,1.004158
588.219,-9.576417e-4,-0.003110139,-0.001008458,-0.0022287,-0.003145309,-0.005440128,0.003559225,-6.834317e-4,-0.0045614,-0.00326225,-5.393504e-4,5.559833e-6,-5.168824e-4,-0.001585269,0.001861946,-0.001245044,-0.002256956,-9.245828e-4,-0.001071314,-2.858161e-5,-2.652122e-4,-0.001258174,-4.006862e-4,-0.001122908,-0.001106594,-6.53752e-4,-0.001691906,2.325424e-4,-8.833266e-4,-1.782415e-4,-7.04166e-4,8.889128e-5,-7.120256e-7,-3.553108e-4,2.454092e-4,-0.003466122,-8.988811e-4,-0.001065237,-8.003856e-4,-0.002970319,-0.002416365,-0.003384712,9.404986e-4,-0.001586468,-8.600865e-4,-0.002662294,-0.001434944,-5.071873e-4,-6.004252e-4,-6.479685e-4,-0.00112585,-7.338788e-4,-0.001119283,-6.37638e-5,1.268964e-4,-2.661608e-4,-0.001464801,-0.002055041,-6.42357e-4,2.879934e-4,-1.226298e-4,-8.243075e-4,-0.001130654,-0.00225271,-0.001236054,-0.00155954,-0.001247985,-7.023305e-4,0.001883833,0.01890294,0.02863741,0.0232982,0.008616937,2.750665e-5,-5.20251e-4,-3.852505e-4,1.387699e-4,2.503351e-6,-7.334956e-4,-8.592821e-4,-4.361871e-5,-8.573855e-4,-3.788738e-4,-1.125195e-4,-5.467808e-5,-5.925618e-4,2.763335e-4,-9.232983e-4,-6.218544e-5,-1.398842e-4,-2.547879e-4,2.489956e-4,-7.550226e-5,3.382629e-5,-4.443688e-4,-1.840986e-4,-5.511203e-4,-3.864794e-4,-1.588141e-5,-1.892633e-4,-3.809353e-4,4.651416e-5,1.841032e-4,-2.422241e-6,2.704729e-5,-7.364187e-5,-3.061303e-4,-1.009795e-4,-4.058392e-4,-4.529876e-5,-1.146946e-4,-1.242397e-4,-1.570529e-4,-1.520115e-5,-1.630337e-4,-5.936027e-5,1.027042e-4,-1.985619e-5,3.532869e-4,-1.58507e-4,2.52669e-4,7.547054e-5,2.928058e-4,-3.231568e-5,2.527131e-5,3.160172e-5,1.179977e-5,1.209901e-4,-1.970191e-5,1.975994e-4,1.196976e-4,-1.715412e-4,1.940772e-4,-2.496834e-4,1.975741e-4,6.221811e-5,7.90078e-5,1.854214e-4,1.217021e-4,3.012894e-4,3.158971e-4,-2.259534e-4,1.329665e-4,3.948958e-8,-4.839681e-5,2.63489e-4,9.745302e-5,1.115412e-4,3.716283e-4,1.737095e-4,5.096712e-4,3.761241e-4,2.674211e-4,4.233141e-4,-1.035006e-4,1.464033e-4,8.633457e-5,3.956874e-4,2.408436e-4,-1.441202e-5,2.612092e-4,4.740091e-4,3.436032e-4,2.445421e-4,7.711514e-4,6.916056e-4,0.001147273,0.002904824,0.0113041,0.01377198,0.007952164,0.001890129,0.001162015,5.094819e-6,3.030062e-4,7.589652e-4,-7.214923e-4,0.001151868,-3.160254e-4,4.039292e-4,0.001597932,-0.001051226,-5.827128e-4,0.001048673,-0.003159948,-0.01112255,-0.01986762,-0.008573868,-0.02978717,-0.307462,-0.1670744
590.57,0.003170333,9.779754e-4,5.461982e-4,0.002586441,-3.771791e-6,0.006192335,-0.002468037,0.002000481,0.003010806,0.00154778,-2.719901e-4,-1.885193e-4,9.332167e-4,1.390256e-4,-3.271459e-4,8.628293e-4,4.059161e-5,-0.001182762,-2.540809e-4,6.034526e-4,-5.098622e-4,-7.554153e-4,1.756223e-5,-1.329588e-7,5.312999e-4,-1.731327e-4,2.609613e-4,-3.680352e-5,6.385696e-4,3.334535e-4,3.7519e-4,9.645386e-4,-2.676395e-4,-0.001686292,-0.001222831,-0.001350484,-3.020475e-4,7.902658e-4,-4.928952e-4,-0.001026211,5.413441e-4,5.305402e-4,4.300832e-4,0.001851715,-3.291305e-4,-2.418072e-4,8.406093e-4,-0.001804165,3.046122e-4,-6.501811e-4,-0.001305288,7.034625e-4,6.964753e-4,2.272721e-4,3.746892e-4,-2.949999e-5,-2.6065e-4,1.592321e-7,9.016705e-7,0.001074874,2.901311e-4,-8.043842e-4,9.673051e-4,8.797359e-4,0.001103666,5.621597e-4,-2.029086e-4,0.00312016,0.01584443,0.02951789,0.0243156,0.008841579,0.001268695,-5.712753e-4,1.127735e-4,4.457232e-4,1.218645e-4,3.56275e-4,-4.717359e-5,0.001091209,1.105183e-4,-2.417234e-4,-2.847276e-5,-4.858356e-4,-1.807603e-4,8.440618e-4,3.179043e-4,-7.727589e-5,7.539091e-5,8.743307e-5,-3.278159e-4,-4.862539e-4,-3.053485e-4,-1.046063e-4,6.100044e-5,1.270311e-4,-1.785877e-4,-8.776989e-6,7.068663e-5,2.030231e-4,4.344331e-4,-1.093883e-4,2.067113e-6,-2.805182e-4,-1.423612e-5,1.693674e-4,2.235271e-4,1.730289e-4,1.031579e-5,9.142867e-5,1.369543e-4,2.735182e-4,2.27814e-4,7.094521e-5,2.28218e-4,2.899778e-4,1.475314e-4,3.972262e-4,-6.087817e-5,1.946167e-4,3.366732e-4,9.663925e-5,5.27445e-4,3.238567e-4,3.586597e-4,2.712512e-4,4.609223e-4,-1.577371e-4,6.560101e-5,3.397941e-4,-2.180069e-4,3.098782e-4,2.034757e-4,2.757433e-4,3.019643e-4,6.203202e-4,2.66986e-4,2.71563e-4,2.890638e-4,2.142517e-4,2.023489e-4,1.221208e-4,5.30273e-4,3.510897e-4,3.067442e-4,3.896326e-4,3.536486e-4,3.954487e-4,4.76351e-4,1.809386e-4,5.773314e-4,6.304445e-4,4.73574e-4,6.646644e-4,6.717256e-4,9.324352e-4,3.165138e-4,7.233935e-4,4.312675e-4,9.962235e-4,5.021916e-4,4.834611e-4,0.001057243,7.660943e-4,0.00106059,7.795656e-4,0.001456951,0.005791488,0.01404826,0.01303886,0.005282238,8.106416e-4,4.062075e-4,0.001283944,0.001133099,0.001134066,0.001884205,0.001179584,0.001529872,9.561839e-4,0.001408017,0.002588847,0.001350007,-0.001322594,0.00202034,0.006884426,0.01591955,-0.02297615,0.06916801,0.03747885,-0.1743396
592.921,-0.003466432,-0.001467213,8.417816e-5,-2.590144e-4,0.003440495,-4.49042e-4,2.777321e-4,-6.073313e-4,0.001980931,0.001475482,8.159118e-4,2.669789e-4,6.727999e-4,-4.099725e-4,0.001873801,-1.733635e-4,9.796355e-4,8.973675e-4,-1.587319e-4,0.001291499,-3.400585e-4,-0.001021043,3.507753e-4,8.425042e-5,1.20037e-4,-6.925778e-5,-2.952102e-4,-4.161017e-4,-3.93177e-4,-2.566435e-5,-3.714024e-4,-9.167506e-4,-2.676045e-4,3.077104e-4,-0.001652921,-0.001294381,7.033e-4,-0.001303415,7.601315e-4,8.492368e-4,-7.203632e-4,0.001061457,-4.72904e-4,-4.206023e-4,9.067997e-4,-3.247991e-4,-8.073035e-5,-9.52268e-9,0.001367086,3.973024e-4,6.859823e-4,2.344355e-4,1.302609e-6,-2.255814e-4,5.940292e-4,-7.807126e-4,2.606834e-4,0.00103572,-5.36068e-5,-1.048243e-4,-8.685649e-4,-3.522026e-4,7.683453e-4,1.97407e-4,0.00067295950000000005,-6.091294e-4,4.21e-4,0.009769978,0.02831265,0.02791767,0.009262607,0.001514841,2.125508e-4,-2.755008e-4,6.208146e-4,5.69328e-4,-4.317537e-4,-3.699204e-4,-1.139957e-4,8.052266e-5,-4.040176e-4,6.521957e-4,-2.787911e-4,1.729246e-4,-2.228776e-4,-2.836377e-4,-9.222922e-5,-1.419329e-4,-5.003765e-5,-1.927699e-4,-1.751677e-4,1.708955e-4,2.745235e-4,4.237428e-4,-2.744742e-4,4.003136e-4,3.297579e-4,-3.260056e-4,-2.337547e-4,3.124639e-4,1.947648e-4,2.80092e-4,1.465055e-4,7.527002e-5,7.330783e-5,-1.50317e-5,1.206739e-4,2.297691e-4,-7.976389e-5,1.454352e-4,1.963883e-4,2.948925e-4,1.470334e-4,8.65385e-5,1.608622e-4,1.289398e-4,1.974044e-5,2.147792e-4,7.380253e-5,3.886672e-4,3.367669e-4,2.831399e-4,4.12506e-5,5.305062e-5,5.045433e-5,2.154678e-4,2.938807e-4,2.979386e-4,1.904833e-4,4.529495e-4,3.91248e-4,1.988157e-4,6.261459e-4,2.352509e-4,1.512082e-4,-6.297228e-5,4.312623e-4,2.248807e-4,4.480705e-4,2.438221e-4,8.684183e-5,2.146866e-4,3.321576e-4,3.863353e-4,5.857422e-4,5.61861e-5,6.589114e-4,3.871237e-4,4.696734e-4,3.878815e-4,4.234646e-4,2.73413e-4,3.674951e-4,3.817382e-4,3.867852e-4,6.469131e-4,5.981245e-4,5.490588e-4,7.275081e-4,6.711829e-4,7.854161e-4,3.342579e-4,8.954662e-4,6.688803e-4,0.001316685,0.001511003,0.001627608,0.008678034,0.01442473,0.009193155,0.00237423,0.001099746,0.001183636,0.001341974,4.736809e-4,1.802654e-4,0.00174984,0.001061827,-9.904988e-4,0.001306242,0.002615747,0.003046914,5.32494e-4,2.186694e-4,-9.079863e-4,-0.001190428,0.01453197,0.005022311,-0.06220444,-0.07985886,-0.6410161
595.273,0.00434794,7.859988e-4,0.001184872,-8.680933e-5,-0.001216509,8.553868e-4,0.00111626,7.910688e-4,0.002944157,-0.00301939,-9.279804e-4,-0.001259036,0.002398605,0.001239212,6.585501e-4,2.586145e-4,7.475003e-4,3.681985e-5,7.632736e-4,4.402977e-4,2.447152e-5,1.844335e-4,-3.697652e-4,5.927429e-4,-2.750681e-4,0.001216995,4.013724e-4,-3.639076e-4,3.492614e-4,3.607053e-4,0.001086273,-3.06677e-4,0.001342535,7.276015e-4,0.001292144,0.001526794,0.00181594,2.790664e-4,0.001212345,0.001345127,6.339969e-4,-8.893074e-4,5.186279e-4,2.96805e-4,-4.548413e-4,0.001347909,4.016882e-4,2.756178e-4,0.001183457,0.001232776,0.001101924,9.083064e-4,6.330915e-4,0.001364368,-8.757629e-4,7.850684e-4,-5.512107e-4,-3.36959e-4,4.612349e-4,0.001158599,7.784487e-4,0.00121393,0.001318957,-9.782593e-4,5.073578e-5,3.765421e-4,0.008207272,0.02304354,0.03019431,0.01424509,0.003843884,4.161334e-5,7.104588e-4,-2.014784e-4,-4.369225e-4,-3.731682e-4,-3.406715e-5,3.920828e-4,8.272755e-4,-5.792214e-4,6.431838e-4,4.421029e-4,6.959814e-4,7.195731e-4,3.37359e-4,6.981175e-4,3.193106e-4,6.874916e-4,1.2587e-5,2.819932e-4,-8.113181e-5,5.359141e-4,-1.970292e-4,5.097622e-4,3.164871e-4,3.530198e-4,9.914861e-6,-8.145476e-5,2.815873e-4,4.249241e-4,4.783721e-4,2.743135e-4,2.290529e-4,1.199329e-4,3.119873e-4,4.291527e-4,1.377336e-4,2.6171e-4,3.640596e-5,3.34308e-5,2.233462e-4,1.141415e-4,1.513301e-4,3.114555e-4,1.827816e-4,-3.693846e-5,3.753886e-4,2.803143e-4,-2.417372e-5,3.831052e-4,2.967054e-4,4.715422e-4,2.68603e-4,3.452496e-4,4.233735e-4,2.844236e-4,1.390296e-4,4.883459e-4,3.29782e-4,4.337137e-4,4.230414e-4,2.713102e-4,5.716725e-4,3.421565e-4,1.518937e-4,1.496974e-4,5.66426e-4,1.560635e-4,4.729095e-4,4.005401e-4,3.771838e-4,5.092766e-4,5.39738e-4,4.020429e-4,4.621846e-4,4.682603e-4,5.361093e-4,3.964669e-4,7.831579e-4,7.988281e-4,9.386398e-4,6.896438e-4,7.026945e-4,5.249116e-4,4.549092e-4,7.545246e-4,7.394239e-4,6.390465e-4,7.812445e-4,4.845762e-4,7.615167e-4,8.367537e-4,0.001080782,0.001039766,0.001821404,0.001551969,0.00384018,0.01100056,0.01307497,0.005699251,8.283867e-4,2.852138e-4,0.001515804,0.002048907,0.003139731,0.001036596,2.52669e-4,0.002833556,0.001255672,0.00188359,0.002619882,8.746748e-4,-2.171731e-4,0.003004327,0.01285453,0.01745181,-0.005255261,0.02112699,0.02278384,0.1854649,1.12994
597.625,-9.939928e-5,-0.002858641,-0.001298317,-0.002086334,-0.004405276,-6.70339e-4,6.567936e-4,-0.004808247,-0.001755126,-0.004232406,0.001042278,1.555123e-4,-0.002180002,-3.209897e-4,-5.191741e-4,8.561359e-5,-0.001619218,-9.028762e-4,-0.001948615,3.595679e-4,-1.956317e-4,-2.267518e-4,-9.36603e-4,-3.401606e-4,-6.860899e-5,1.394725e-4,-3.494849e-4,-9.837525e-4,-6.457332e-4,-2.324374e-4,-4.761345e-4,-6.595856e-4,-0.002265316,-7.867938e-4,-0.001911035,-0.001020019,7.081627e-4,-0.00183016,-3.160537e-4,-0.002923585,-8.160295e-4,-3.126101e-4,4.342479e-4,-7.617647e-4,-1.652986e-4,8.19714e-5,-0.001857885,-7.115494e-4,-7.267244e-4,-8.02507e-4,-7.610462e-4,4.383378e-4,-0.001369776,7.500441e-4,-9.7178e-4,-6.65575e-4,-3.1891e-4,-5.620619e-5,-2.983667e-4,-6.326063e-4,2.85487e-4,-0.002028614,-7.228116e-4,-0.001595591,-3.103356e-4,0.003235521,0.01900347,0.02440715,0.01671379,0.004302554,-5.799334e-4,2.144322e-5,-5.155239e-4,-7.101023e-5,-5.478216e-4,-3.424476e-5,3.665008e-4,-1.855331e-4,-9.444502e-4,-4.35795e-4,-2.987717e-5,4.663325e-5,9.565165e-7,-3.453802e-4,-1.682029e-4,-4.774501e-4,1.072692e-4,-9.082637e-5,-6.571855e-4,-2.66914e-4,-3.998558e-4,-9.027867e-5,-6.604302e-4,2.678033e-4,-1.02412e-4,-3.63913e-4,-4.640775e-4,-1.633958e-4,2.038609e-5,-3.554821e-4,2.106609e-5,-1.084946e-4,2.902821e-4,8.482285e-5,1.034709e-4,-1.973347e-4,-2.823738e-4,1.458025e-4,1.21631e-4,7.522099e-8,3.720313e-5,1.395287e-5,4.814607e-5,2.017125e-5,1.70538e-4,2.326042e-5,-2.526701e-4,-1.343873e-4,8.682592e-5,-2.644287e-5,1.52391e-4,1.391726e-4,-1.360856e-5,6.055241e-5,3.178878e-5,3.660359e-4,9.343455e-5,1.410317e-4,1.65414e-4,1.361271e-4,-1.666514e-4,1.12674e-4,1.968501e-4,-1.797582e-4,-5.582881e-5,1.106554e-4,2.295527e-4,2.658762e-4,3.145586e-5,2.013014e-4,5.845534e-5,1.878343e-4,2.277194e-4,2.194499e-4,1.757319e-4,9.840681e-5,9.863157e-5,-4.725118e-5,3.209755e-4,-1.59122e-4,-4.106533e-5,2.401698e-4,-2.73699e-5,5.277762e-4,5.376973e-4,6.612739e-4,1.655266e-4,2.332673e-4,9.58201e-4,9.954365e-4,4.864373e-4,5.894056e-4,4.574901e-4,0.001034595,2.552327e-4,8.313443e-4,0.005353682,0.01182761,0.009467764,0.00251523,8.50984e-4,9.595991e-4,7.232749e-4,4.337205e-4,2.851685e-4,-3.212993e-4,5.529198e-5,7.417102e-4,-5.480744e-4,6.148497e-4,-1.282091e-4,-0.001193591,6.127396e-4,-7.230064e-4,-0.002920884,-0.01028413,-0.01020829,-0.02206124,-0.03476889,-0.1026109,-0.6459345
599.978,-0.00205259,4.342148e-7,5.398232e-4,3.485398e-4,-0.001225329,-8.258949e-4,-0.004625342,-0.001313506,0.002648946,7.188065e-4,-0.001154857,-9.594082e-4,7.570396e-4,-6.433281e-4,0.001139331,0.001307166,-9.08572e-4,-4.696324e-4,-2.575998e-4,-2.795447e-4,1.231319e-4,4.130581e-4,-8.167156e-4,-1.711635e-4,6.078774e-4,-4.208031e-4,-1.56339e-4,5.476713e-4,6.194181e-4,-3.892907e-4,0.001063825,-7.474614e-4,-0.001029691,4.25005e-6,-0.001734142,0.001654686,7.622651e-4,-2.844264e-4,0.001086293,-4.047754e-4,1.849e-4,0.001163096,-1.298162e-4,-1.681547e-4,-2.078566e-4,2.105086e-4,8.106309e-4,9.13231e-4,0.0017323,-0.001062475,1.729398e-4,6.784642e-4,2.70195e-4,6.559819e-4,-6.275648e-4,-6.951436e-4,-8.525235e-5,-4.518975e-4,0.001098051,2.935726e-4,-7.480322e-4,1.540377e-4,6.301866e-4,3.502279e-4,0.001600178,0.0156372,0.02694068,0.01864145,0.005660851,4.653826e-4,7.984412e-4,-2.753093e-4,6.416072e-4,-6.189953e-4,3.52894e-4,-6.909549e-5,-1.566587e-4,-3.23963e-4,-4.97977e-4,4.720631e-4,3.497891e-4,-3.824543e-4,1.948751e-4,2.917811e-4,-5.780453e-4,3.34185e-4,2.710965e-5,1.180538e-4,-7.599991e-5,1.39002e-4,-4.521847e-5,3.632141e-5,-2.091217e-4,1.408512e-4,1.647416e-4,-6.887726e-5,-5.630698e-5,-1.361351e-4,-6.549323e-5,2.724674e-4,4.358612e-4,-2.301575e-4,1.098488e-4,-1.774801e-4,1.324647e-4,9.273779e-5,1.857752e-4,1.250244e-4,1.38857e-4,7.578437e-5,3.040913e-4,1.254809e-4,5.209277e-5,1.594198e-4,2.616812e-4,7.00107e-5,4.483005e-4,4.399803e-4,5.461491e-4,1.636936e-4,2.367094e-4,1.328479e-4,3.470615e-4,1.00968e-4,1.46823e-4,3.435947e-4,3.446009e-4,2.711119e-4,4.323092e-4,2.299033e-4,7.763657e-6,4.264636e-4,2.637697e-4,2.875873e-4,3.703481e-4,1.269433e-4,1.599699e-4,1.888202e-4,5.618044e-4,4.341405e-4,1.540534e-4,-6.559875e-6,2.142287e-4,4.623248e-4,2.684e-4,3.667626e-4,4.289329e-4,4.293054e-4,4.41413e-4,2.887379e-4,7.875551e-4,5.109568e-4,2.87463e-4,5.374871e-4,3.727855e-4,3.582058e-4,2.365471e-4,6.691016e-4,3.210671e-4,6.369269e-4,9.13416e-4,8.020659e-4,9.69568e-4,0.001499138,0.001080888,0.002542252,0.009638095,0.01403142,0.006172711,0.00109533,2.055934e-4,7.294877e-4,6.771877e-4,0.001183175,0.001763538,8.259335e-4,4.953511e-4,0.002048582,0.002461875,0.002451367,0.001712026,0.002515643,0.00244253,-2.836156e-4,0.004269627,7.426559e-5,0.003485664,-0.01387756,0.02172127,0.02932704,-0.6647936
