Wavelength_nm,248,251,254,257,260,263,266,269,272,275,278,281,284,287,290,293,296,299,302,305,308,311,314,317,320,323,326,329,332,335,338,341,344,347,350,353,356,359,362,365,368,371,374,377,380,383,386,389,392,395,398,401,404,407,410,413,416,419,422,425,428,431,434,437,440,443,446,449
247.622,NA,NA,NA,NA,NA,NA,NA,NA,NA,NA,NA,NA,NA,NA,NA,0.00196367704398596,0,2.9069738982267e-4,0,0,3.5732996313146e-4,9.43026640403251e-5,0,0,0,0,0,9.79979839260734e-5,0,8.66943931309834e-7,0,0.0381894122514529,0,0,0,6.9209207472989e-4,0,1.4440932823189e-4,0,0,0,0,0,0,2.7178242792799e-4,0,0,0,0,0,4.38333057925813e-5,0,0,1.1258003144698e-4,0,0,0,0,0,0,0,1.7328825813755e-4,0,0,0,0,0,0
249.863,NA,NA,NA,NA,NA,NA,NA,NA,NA,NA,NA,NA,NA,NA,NA,NA,0.00238795064265308,0.00105520192184806,3.07617291209e-4,0.00143381068882788,3.2506821006035e-4,8.0716745726275e-4,7.6403140340863e-4,0.0012671880134589,5.1661237429169e-4,4.5888748455158e-4,8.5316011198715e-4,2.1932684834734e-4,8.526772365757e-4,0,1.9629510613023e-4,0.0167917790700407,6.713780530501e-4,0,4.1812762859665e-4,3.1737570088511e-4,0,5.8352720064429e-4,0,4.5985885341753e-4,0,4.4708997115093e-4,1.0868943485784e-4,0,6.91935700395894e-5,0,6.3566044979726e-4,4.17467670285195e-5,7.1684627003319e-4,0,2.9000873203432e-4,5.0308403404525e-4,0,9.8533751190485e-4,1.2594661540383e-4,1.93773194248215e-5,9.62591953041407e-5,3.5157041980714e-4,3.5559989758473e-4,7.6294021847213e-4,8.9907770442485e-4,0,4.06252207302135e-5,3.4495298599592e-4,0,3.5311808249215e-4,1.7534002739267e-5,4.3763854289581e-4
252.105,NA,NA,NA,NA,NA,NA,NA,NA,NA,NA,NA,NA,NA,NA,NA,NA,NA,0.00252140625933712,0.00236979869738132,0.00154463782957891,0.0024622578592042,0.00100020998983356,0.00186486477020075,0.00285709367899844,0.00158760026128369,7.7535666692356e-4,0.00158228008079093,0.00132163306960169,4.9480447058421e-4,2.1668891241614e-4,0.0018812546948187,0.00141778738379696,9.2936435220079e-4,4.155217435114e-4,7.9296058239173e-4,7.0651331930314e-4,0.00175283448957359,0,5.6298033670429e-4,5.4408600501869e-4,8.986914951016e-4,0.00119728160432471,3.938989195371e-4,0.00125054165483421,0,0.0011454640951942,4.24738647024342e-5,0,1.8926711172191e-4,3.6836094347618e-4,0.0013721663255342,6.0436536433102e-4,0.0010118360845136,0.00142143041812552,0,0,8.3142032374833e-4,2.7543947238728e-4,2.8856541162216e-4,3.7467954934338e-4,8.9408264689103e-4,0.00101139675824854,7.6138836379499e-4,0,3.9416169338594e-4,6.0973946680023e-4,6.4477933223626e-4,6.4306465032792e-4
254.347,NA,NA,NA,NA,NA,NA,NA,NA,NA,NA,NA,NA,NA,NA,NA,NA,NA,NA,0.00114121436236293,0.00148055248782284,0.00173190761541123,7.1106631030368e-4,0,0,5.8117680212615e-4,0,0.0013492830718939,9.0051409933028e-4,6.06555773089652e-5,0,3.3974790324295e-4,0,0,3.0274612323932e-4,0,1.9050985107381e-4,0,5.5541825954003e-4,5.55185530703e-4,0,0,0,0,1.6593639071311e-4,2.1040564115984e-4,0,0,0,0,1.6897411526294e-4,0,0,0,0,5.3387092010537e-4,5.61669039840433e-5,0,2.0658532378454e-4,0,0,0,3.7683434351332e-4,1.5406316437298e-4,0,5.1333802564646e-4,0,7.9477706070399e-4,0
256.591,NA,NA,NA,NA,NA,NA,NA,NA,NA,NA,NA,NA,NA,NA,NA,NA,NA,NA,0.00225533223458013,0,0.00108220544767193,0.00246694333717923,5.9657454309377e-4,0,9.0687678322328e-4,3.44998612452034e-5,4.2572019947061e-4,2.5005122045734e-4,1.5880256118088e-4,0,0,0.00101648432125649,1.4579040737238e-4,0,1.9942528511099e-4,0,0,1.3516132258578e-4,0,0,8.1252099422303e-4,0,1.6125106662184e-4,7.58328488907776e-5,0.00130995702002329,0,0,0,2.6384647771398e-4,2.329914386185e-4,6.9399873852189e-4,0,8.37316071860396e-5,3.80916389203017e-5,0,6.6248425438943e-4,0.0011641159090635,0,0,9.28392749427282e-5,0,3.515834259451e-4,2.6634064523582e-5,0,0,0,2.23845738899818e-5,6.02298278664712e-5
258.836,NA,NA,NA,NA,NA,NA,NA,NA,NA,NA,NA,NA,NA,NA,NA,NA,NA,NA,NA,1.9192823165146e-4,4.250275002969e-4,1.231115809296e-4,0.00172940505815845,2.187612065043e-4,0,0,0,7.9667444122053e-4,0,0,0,0,0,0,0,8.60520011890803e-5,0,1.6485919223507e-4,0,0,0,0,0,1.668086892838e-4,1.813328736942e-4,0,0,0,0,0,2.3938863315651e-4,3.7257316605388e-6,0,0,0,0,0,0,1.970226107898e-4,0,0,0,0,0,0,0,0,0
261.082,NA,NA,NA,NA,NA,NA,NA,NA,NA,NA,NA,NA,NA,NA,NA,NA,NA,NA,NA,NA,0.00168420153467289,4.8507216963441e-4,0.00211104913634974,8.9488322379243e-4,0.00103285470826351,0,7.8612475835199e-4,8.8758041156999e-4,9.9001157708615e-4,0.00101814355710272,0,6.0460159697253e-4,1.4299698235962e-4,4.9322662741041e-4,3.8764636150643e-4,0,4.0092996804534e-4,7.5940634129897e-4,8.9101835180413e-4,0,2.676418140137e-4,0,2.1840164275748e-4,3.0376084128729e-4,0.00151720160084269,0,0.00126305237822975,2.1804054059421e-4,0,0,4.7311385369618e-4,0,0,5.6861143706069e-4,0,0,7.3060477744487e-4,9.46105548406794e-5,6.3162530248076e-4,0,0,5.326148367417e-4,0,0.00121285135854885,2.6067064442964e-4,0,2.0822315399251e-4,0
263.328,NA,NA,NA,NA,NA,NA,NA,NA,NA,NA,NA,NA,NA,NA,NA,NA,NA,NA,NA,NA,NA,0.00212957137323856,0.00115465051671706,0.00315581786657669,0.0018397120056845,0.00183958516331683,0.00188768261648281,6.75179488063e-4,9.2313053636452e-4,0.00132050249187795,0.00113311121971527,0,1.803431058114e-4,4.2908078079418e-4,0,0,2.8271638725475e-4,6.0615721032248e-4,4.1178078772702e-4,5.8512495975304e-4,3.8947839303032e-4,4.7314418178795e-4,9.7652625780206e-4,0.0012216287758301,5.1508057472922e-4,2.7445636402675e-4,9.3899273681108e-4,3.5183832262559e-4,7.7802985897062e-4,0,0.00132746533810291,0.00137841499698592,9.0068132163249e-4,3.5457402779762e-4,3.6015025751568e-4,6.53798959738723e-5,2.8493569549038e-4,3.05933280863089e-5,1.379059386514e-4,6.7411434288001e-4,0,0.00189426591283313,6.1587939897584e-4,4.0466452027842e-4,0.0012826703650048,7.807788255295e-4,0,0.00103172827177223
265.576,NA,NA,NA,NA,NA,NA,NA,NA,NA,NA,NA,NA,NA,NA,NA,NA,NA,NA,NA,NA,NA,0.00148145292588513,5.7397636181768e-4,0.00186576587589339,0,6.4941190504296e-4,0.00148797015715067,6.1285419235819e-4,1.56646392641059e-5,1.30127620201955e-5,0,0,0,3.7119621438861e-4,0,0,0,2.7969436455679e-4,0,0,0,6.5855950927515e-4,0,0,0,0,0,0,0,0,0,0,6.7267275880147e-4,0,8.64200321108775e-5,0,0,0,4.69496865105413e-5,0,0,0,0,2.9510026390961e-4,3.2174149835166e-4,0,1.4098317877577e-4,1.6605707838008e-4
267.824,NA,NA,NA,NA,NA,NA,NA,NA,NA,NA,NA,NA,NA,NA,NA,NA,NA,NA,NA,NA,NA,NA,0.00162813258166127,0.00155294442963511,0.00144200975820235,0.00130583075748859,8.4473405975654e-4,7.0783289353669e-4,0.00154021045569084,7.3362044348495e-4,9.5389074057161e-4,0.00113910868752641,6.9004858958616e-4,7.6156429838248e-4,4.8786109745433e-4,3.9558405102396e-4,4.4486059999875e-4,9.9366501033228e-4,3.2915590147921e-4,3.3912614562429e-4,7.5298215014515e-4,0,0.00119725492303598,0,0.00142891717469056,0,0,0,6.143969258865e-4,8.2645588384358e-4,2.7806175289684e-4,7.1375927305962e-4,2.5365598329372e-4,5.3076655549523e-4,6.1408150776743e-4,4.6941026619675e-4,0,2.1629199877878e-4,0,5.5296783010088e-4,0.00153323096045178,3.0596052830667e-4,1.0807122721621e-4,0,5.29967653075775e-5,0,2.1289912241807e-4,1.2269911043357e-4
270.074,0,NA,NA,NA,NA,NA,NA,NA,NA,NA,NA,NA,NA,NA,NA,NA,NA,NA,NA,NA,NA,NA,NA,0.001666633882536,6.6974806787312e-4,0.00199938136769565,0.00195040832413192,2.5563575872103e-4,6.389119159373e-4,0.00104833988197465,0.00125776118568627,0.00133932067639704,0,0,3.1485347903746e-4,0,4.6892016393063e-4,3.00552278956e-4,0,1.9566926615661e-4,5.8778024687458e-4,0,3.6004898336491e-4,3.0087173942045e-4,4.0609779660842e-4,0.00120728847499927,1.5091205369009e-4,0,3.712786400483e-4,0,0,0.00100328371437688,8.3843341494964e-4,0,3.1628493167428e-4,0,3.897096133182e-4,0,2.0313036081968e-4,0,0,2.0719736028865e-4,0,0,0,1.2809467827576e-4,0,0
272.324,0,0,NA,NA,NA,NA,NA,NA,NA,NA,NA,NA,NA,NA,NA,NA,NA,NA,NA,NA,NA,NA,NA,NA,0.00237036991948798,0.00226742144399948,0.00117817291373762,0.00242140144170893,0.00195915664213131,0.00128340243232261,0.00207152465576882,9.939874868902e-4,0.0017263629641625,0.0011748929582397,3.2357663460697e-4,0.00115767296204885,0.00120806412272832,9.8667088866242e-4,8.2913213921138e-4,0.0014249230949858,2.9288063302149e-4,9.8208896612966e-4,1.44785348861444e-6,8.1416331163932e-4,8.9401156296039e-4,3.2919710884874e-4,0.00178373277839683,4.1983784553122e-4,0,6.8451746884805e-4,7.785689424443e-4,0,0.00117556355335786,7.8657923036021e-4,7.1548652752119e-4,2.3446242656825e-4,6.4782140023136e-4,2.7691099589762e-4,3.6846817688399e-4,9.6176208658315e-4,6.9735946217032e-4,8.5398277283424e-4,0,0.00107449863821276,9.6124112799618e-4,9.58861570823615e-5,0.00172330587958281,4.0236029121228e-4
274.575,0,0,0,NA,NA,NA,NA,NA,NA,NA,NA,NA,NA,NA,NA,NA,NA,NA,NA,NA,NA,NA,NA,NA,4.8538212368896e-4,7.98812655041417e-5,0.00112247728873863,8.2864631138079e-4,0.00144473734783267,3.3979292020097e-4,6.2837405053654e-4,0.00131716999519417,0.00120883973145809,0,0,0.00117214910631627,6.3933034106176e-4,0,0,5.8362707355469e-4,3.4867084126181e-4,1.1471174307456e-5,0,0,0,6.2179162829803e-4,4.677288767979e-4,0.00113868358633049,0,2.8783901781877e-4,1.4753742151934e-4,5.8524595101706e-4,2.53701768167935e-6,0,0,2.3828973066915e-4,9.22093298048605e-6,0,0,0.00131109230010514,2.6124904864473e-4,2.9862537461868e-4,0,0,5.6047363112799e-4,0,2.6936835027394e-4,3.3455575463628e-4
276.827,0,0,0,NA,NA,NA,NA,NA,NA,NA,NA,NA,NA,NA,NA,NA,NA,NA,NA,NA,NA,NA,NA,NA,NA,0.00172256473237624,7.3663639811522e-4,8.4478612849685e-4,2.2184265770506e-4,0,0.00113176492046051,0,4.1513732952353e-4,1.4932914038585e-4,0,5.2584100473395e-4,0,9.2762438790096e-4,0,0,3.4381498166733e-4,0,2.6760670128996e-4,2.4044588194959e-4,7.5240966474088e-4,0,0,0,0,0,0,0,0,0.00103011309617692,2.4879776926826e-4,0,0,3.57481300837161e-5,0,0,0,4.6210647461187e-4,3.2788331976573e-4,0,0,0,6.66543930860633e-5,1.3507567401044e-4
279.08,0,0,0,0,NA,NA,NA,NA,NA,NA,NA,NA,NA,NA,NA,NA,NA,NA,NA,NA,NA,NA,NA,NA,NA,NA,0,4.7053715527137e-4,5.1115080204149e-4,0.00121219854277565,2.4438867308868e-4,7.0530388576507e-4,2.5272132423592e-4,4.15279758389655e-5,8.0818306042222e-4,0,0,7.1397593193218e-4,2.16766669173716e-7,3.8097122764824e-4,0,0,0,0,6.3607554286106e-4,4.893180412052e-4,0,0,0,0,7.3370430327449e-4,0,0.00153521285632661,4.8888449101587e-4,0,2.4999877738928e-4,0,0,0,6.4241664763058e-4,1.8323461264955e-4,2.8583820191034e-4,7.8432228886914e-4,0,0,1.4355990940634e-4,0,7.46625691017812e-5
281.334,0.00934757829571348,0,0,0,0.00754120747199313,NA,NA,NA,NA,NA,NA,NA,NA,NA,NA,NA,NA,NA,NA,NA,NA,NA,NA,NA,NA,NA,NA,0.00194375332246735,0.00103495137138913,0.00205557701665902,0.00136949031229881,0,0.00150635423670314,0,5.4030739273365e-4,1.8487043857703e-4,8.231651146565e-4,6.4757733514453e-4,5.6795533040696e-4,2.0249106052518e-4,0.00102618216714877,0.00120833228436549,2.3610627098451e-4,0,3.8154681904099e-4,6.6131364821006e-4,1.6512785942722e-4,5.762838892499e-4,0,0,0,0,1.9675680452593e-4,2.7419643102592e-4,3.4360118360823e-4,0,4.5550100724655e-4,2.3583631566901e-4,5.6236259968116e-4,0,0,0,0.00125096292653313,4.53381204517604e-5,0,3.0510698748977e-4,0,2.7851156117224e-4
283.589,0.020549849100039298,0.00457778265213522,0,0,0,0.0162365652810801,NA,NA,NA,NA,NA,NA,NA,NA,NA,NA,NA,NA,NA,NA,NA,NA,NA,NA,NA,NA,NA,0.00333338010847843,0.00231092907704957,0.00208063158790522,0.00163779546326801,0.00150491826571277,0.00158280679840827,0.00174525609024049,0.00146736018067319,5.5365008569389e-4,5.4501097669064e-4,7.847523967828e-4,3.1645471320891e-4,2.0032245196037e-4,7.4164382139123e-4,0.00129640887475112,3.8437190424177e-4,0.00100289529729728,0.00151616937214277,0.00163254783627985,0.00117437266619525,6.2453499449991e-4,0.00133609245848523,5.6952222404464e-4,0.00129519042061744,8.8674083170887e-4,9.1379497670746e-4,9.9073206246269e-4,0,5.1132857240541e-4,6.42935823770818e-5,0.00114650506848021,0.00144392179597212,0,0.00179123648970728,0.00125958428420477,6.136909586e-4,0.00118764377950305,4.2445622802009e-4,0.00133114236105239,1.6645701614302e-4,4.9137215851287e-4
285.845,0.0158342439136085,0.00299206939790735,0,0,0,0,NA,NA,NA,NA,NA,NA,NA,NA,NA,NA,NA,NA,NA,NA,NA,NA,NA,NA,NA,NA,NA,NA,0.00134356869210384,0.00156749142400683,2.5483509100663e-4,9.18754452084e-4,0,0.00130204298032987,0,4.1353861834854e-4,0.00107753551703346,5.0291457981333e-4,6.416556304136e-4,0,1.0133355244925e-4,9.63103320778174e-5,0.00101565734773032,3.1004802910105e-4,0,0,0,2.9705868404279e-4,1.5843105781807e-4,7.9637093073677e-4,1.8610020179742e-4,5.5072502723071e-4,0,5.557403874026e-4,4.0301150865906e-4,0,1.47460603270312e-5,4.6979677947704e-4,0,2.9032913770983e-4,0,2.0086282182664e-4,2.3208646929511e-4,0,0,0,0,0
288.102,0.0029366173678714,0,0.00837498773178495,0,0,0,0.0102713900013297,NA,NA,NA,NA,NA,NA,NA,NA,NA,NA,NA,NA,NA,NA,NA,NA,NA,NA,NA,NA,NA,NA,4.6482713055081e-4,9.4953424367233e-4,3.6547797348126e-4,1.9202498698697e-4,8.53049255596695e-5,5.365177254597e-4,7.86727472987304e-5,5.4943703382127e-4,4.9797518759723e-4,4.920433931008e-4,4.2890947259247e-4,1.2361573252491e-4,0.00121224373343579,4.7231068986055e-4,0,5.8307506617979e-4,0,0,0,5.9034972831333e-4,3.6031894442086e-4,0,3.841489904833e-4,4.3118764142107e-4,0,3.521136479672e-4,0,0,0,0,0,6.33752249591906e-5,0,0,0,8.8705062748592e-4,0,3.6082139063947e-4,5.2763706171832e-4
290.36,0.0153539073852967,0,0.00949513137690334,0.00563828086990122,0,0,0,0.0108837347163904,NA,NA,NA,NA,NA,NA,NA,NA,NA,NA,NA,NA,NA,NA,NA,NA,NA,NA,NA,NA,NA,NA,5.040809159106e-4,0.00145276895007842,0.00129592779107461,8.9152150726733e-4,0.00154090357431065,0.00106103968003614,3.3655823197107e-4,0.00139190934872763,0.00163569286342684,7.076502343173e-4,8.7022334417154e-4,7.50875222400551e-5,8.64572898484043e-5,8.1899610611195e-4,6.5615709776451e-4,7.7474713071467e-4,9.4913892954627e-4,0,0,5.1689514253393e-4,0.00103042543184688,1.0975469760627e-4,0.00134682423352959,1.2805404883286e-4,1.9173314069666e-4,4.4634585946547e-4,3.4737332649777e-4,2.2328188144262e-4,8.7461690286175e-4,4.2704607426554e-4,3.9635808205227e-4,0,0.00103309311998172,3.1719664756064e-4,5.8361612619393e-4,3.5082258122555e-4,8.9127694974086e-4,2.5957101433553e-4
292.618,0.00430693486971842,0.0173540479940498,0.00828958840337841,0.00272121737272897,0.00427620883363322,0,0,0,0.00912668377512034,NA,NA,NA,NA,NA,NA,NA,NA,NA,NA,NA,NA,NA,NA,NA,NA,NA,NA,NA,NA,NA,0,1.4496996214186e-4,1.8625051204771e-4,7.5949311312542e-4,2.0223722664348e-4,0,0,2.5828451563058e-4,9.22538549916691e-5,0,5.1075025701411e-4,0,0,4.0160355952534e-4,0,0,0,0,0,0,3.1420054923026e-4,0,1.74061682358912e-5,0,0,0,0,0,0,0,0,2.3876169624551e-4,0,0,0,0,0,0
294.878,0.014137525971542,0.00714647202544616,0.00114083362728662,0.00515379531391269,0.0115696934089735,0.00382087310838479,0,0,0.00337746252494772,NA,NA,NA,NA,NA,NA,NA,NA,NA,NA,NA,NA,NA,NA,NA,NA,NA,NA,NA,NA,NA,NA,5.9514843291395e-4,8.7923165684418e-4,0.0011566232560585,1.8130505779505e-4,6.6298843262644e-4,5.9170793094152e-4,0,0,5.9151228469265e-4,0,0,0,3.3671686395316e-4,1.3404730851645e-4,9.2557682313062e-4,5.2011175440985e-4,1.5318047554595e-4,3.7744023489777e-4,0,0,8.53885876234206e-5,3.27822956719506e-5,0,0,0,4.0314026973455e-4,0,0,0,2.05452171493864e-5,7.1899828897348e-4,0,0,1.7207215118833e-4,0,0,0
297.138,0,0.0267432178784894,0.0139468572482538,0.0152180346355288,0.0134635626968243,0.00993294935497916,0.00127478966707853,0,0,0.00655595317310028,NA,NA,NA,NA,NA,NA,NA,NA,NA,NA,NA,NA,NA,NA,NA,NA,NA,NA,NA,NA,NA,NA,0.00125474287070938,0.00120804869056111,0.00122166991942798,8.5443772257615e-4,0.00122024383515737,4.6923673169181e-4,0.00101023006277376,0,8.0603949744997e-4,8.7577240054155e-4,1.9114379918018e-4,4.3524529334086e-4,4.4681398898351e-4,0.0011558595550569,3.8313838017551e-4,1.2725725557389e-4,9.6663572939785e-5,0,4.42470054040707e-5,8.99992987924357e-5,0,0,7.178486723759e-4,3.2740124243397e-4,0,9.2109482032214e-4,4.4819159233219e-4,0,1.5728611515422e-4,0,6.15860445656379e-5,3.8668562686201e-4,0,5.9936977669448e-4,0,3.31905463132822e-5
299.399,0,0.0124715089560572,0.00600288877871779,0.00306544497597407,0.0129761903158586,0.0142371524336338,0.00642471238784399,0,0,0.00507940288903147,0.00508881964305437,NA,NA,NA,NA,NA,NA,NA,NA,NA,NA,NA,NA,NA,NA,NA,NA,NA,NA,NA,NA,NA,NA,8.0644574522419e-4,7.6103826507977e-4,9.388767967246e-4,5.8058640037267e-4,9.5122446264034e-4,6.1242985501871e-4,5.3539182293399e-4,4.4909871151077e-4,9.6422425202817e-4,5.5848098209426e-4,7.4745053855962e-4,8.404155236591e-4,2.6007716320494e-4,0,3.7373180944134e-4,0,0,1.4992210714494e-4,8.146815850418e-4,0.00105168568516955,2.70734763420068e-5,0,1.6143121124683e-4,5.9070380452328e-4,0,5.8859758112292e-4,9.7776295770233e-4,3.1356854192918e-4,0,1.9125114134721e-4,0,6.37462232765743e-5,0,5.6263260533026e-4,3.2847194204505e-4
301.661,0.0211303108848624,0.0151930362164964,0.0125643502756692,0.00621582768050232,0.0148218569483273,0.0109808106316531,0.00984567726186755,0.00266915576525271,0,0,0.00410677612674521,0.00330870974193531,NA,NA,NA,NA,NA,NA,NA,NA,NA,NA,NA,NA,NA,NA,NA,NA,NA,NA,NA,NA,NA,6.2343391546094e-4,4.2208008890155e-4,7.8466418455006e-4,1.28811916982733e-5,9.6342058857404e-4,0,0,2.4443178723569e-4,3.41910020284936e-5,9.3604554761122e-4,0,0,0,0,7.6381427208027e-4,6.780645621598e-4,1.2568302821856e-4,3.4580860984095e-4,3.2711981198752e-4,3.7044227533209e-4,2.7401725466505e-4,0,0,5.471982795414e-4,2.6063516545989e-4,0,0,9.73993327577249e-5,7.1390870165668e-4,0,4.048491138587e-4,0,9.1939130927063e-4,3.73227984849148e-5,0
303.925,0.0441443944064767,0.0325003954920847,0.0305069390551904,0.0197560386776068,0.0117619338343694,0.0161702918348497,0.011354841064362,0.00531842873130947,1.46067281005074e-6,0,0,0.00782527360429606,NA,NA,NA,NA,NA,NA,NA,NA,NA,NA,NA,NA,NA,NA,NA,NA,NA,NA,NA,NA,NA,NA,0.00239916717119836,0.00112175848054798,0.00188927609394452,0.00220797363334494,0.00154870670089785,0.0020235813349651,0.00181034374852572,0.00193161055197695,0.00232489015524606,0.00173370342964118,0.00169488618780077,0.00180248866676536,7.7436810392988e-4,0.00150719716128774,6.5758576083611e-4,0.0012975706051085,0.00155784360338271,0.00189777553271044,0.00235209631954232,0.00179663287953595,0.00176312437886701,0.001636798851819,7.0023851208414e-4,8.0899851171328e-4,9.661736304458e-4,0.00102115128821686,0.00160806099371741,0.00117593916201974,9.4188304552374e-4,9.8880877548652e-4,9.4135156620978e-4,9.3439154052449e-4,6.8277296320457e-4,0.00109878745093679
306.189,0.00751437177812721,0.0022522491023218502,0.0100633641231142,0.0147887409634986,0.0107585619783149,0.00433227204635233,0.00461903280534652,0.00762493028346801,0.00203965158800992,0,0,2.5665542250226e-4,0.00296322672655821,NA,NA,NA,NA,NA,NA,NA,NA,NA,NA,NA,NA,NA,NA,NA,NA,NA,NA,NA,NA,NA,NA,7.7633203655067e-4,1.8954482809819e-4,9.3441620728262e-4,2.7984121781286e-4,0,5.0825892046936e-4,4.5303914294977e-4,3.1728556310116e-4,0,1.57113302948499e-5,7.7821847748739e-4,0,8.7978717976498e-4,3.4007651361314e-4,0,1.0645861696707e-4,0,4.512801125761e-4,4.122293359593e-4,3.39071857364036e-6,4.86005554586367e-6,6.030069074965e-4,4.8049326765217e-4,0,0,5.0072902608327e-4,0,0,0,6.18917617111407e-5,2.8487124469879e-4,6.0690587557472e-4,0
308.453,0.0285337028044535,0.0365647486410014,0.0254510290153271,0.0189710385598736,0.0146472896910279,0.0119829051483865,0.0162905398490246,0.0138197846718175,0.00397124264528779,0,0,0,0.00342974426114964,0.00577682027033213,NA,NA,NA,NA,NA,NA,NA,NA,NA,NA,NA,NA,NA,NA,NA,NA,NA,NA,NA,NA,NA,NA,0.00183094141305796,9.7336103657886e-4,0.00136147649654103,0.00121870054542126,0.00164390877367894,0.00125665453935448,0.00110943314456364,0.00132410576021534,0.00191368735457619,0.00117957438859375,6.3387044401721e-4,0.00119535735146572,5.3307608296028e-4,3.1382907207629e-4,4.629970207926e-4,9.0029894991942e-4,3.7484161708554e-4,0.00124011764956531,6.6964045100941e-4,8.5955996666941e-4,4.3499165191675e-4,0.00102549393851475,0.00111217280414855,8.9746612612764e-4,0.00130407214046139,9.8830903791167e-4,0.00159645695417788,5.4107326987654e-4,0.00140680685892686,0.00179132564302485,7.668843687807e-4,4.31593992313e-4
310.719,0.00337310793419938,0.00673758808366061,0.00310839253074109,0.0107627865927495,0.0129589126341209,0.0154933422625247,0.00510810259181352,0.00190420112272229,0.00477467938370708,0.00110767575312549,0,1.199698642212e-4,0.00529100609479755,0.00283182528630032,0.00412739191315301,NA,NA,NA,NA,NA,NA,NA,NA,NA,NA,NA,NA,NA,NA,NA,NA,NA,NA,NA,NA,NA,0.00110318583768385,0.00105276985641704,5.7215912022727e-4,3.3878616148714e-4,8.2328214849946e-4,4.1616623340063e-4,0,0,0,0,0,0,0,4.8991082962563e-4,0,5.710107670022e-4,1.5518480985575e-4,6.9743637404029e-4,0,3.8869064306192e-4,5.7700262452742e-4,3.5217127595397e-4,8.2861354771393e-4,1.6831360978e-4,0,3.7730578354928e-4,0,0,5.1574058506203e-4,0,1.4554040309845e-4,4.4385512908805e-4
312.986,0,0.00675752260913294,0.00302548507468668,0.0111054477829265,0.0111578199487479,0.00338735176716537,0.00613382389417505,0.00564770654363471,0.00371496590684942,0.00219012438034561,0,2.73891233038113e-5,5.9143869809549e-4,3.2965146340402e-4,0.00214028718554984,NA,NA,NA,NA,NA,NA,NA,NA,NA,NA,NA,NA,NA,NA,NA,NA,NA,NA,NA,NA,NA,NA,9.52860890903663e-5,4.6244482094105e-4,0,0,4.2180502220075e-4,3.5950934046863e-4,0,0,0,0,0,0,0,6.96259181055395e-5,0,0,1.4908725362162e-4,3.7450343320643e-4,0,0,0,0,0,0,0,0,0,3.96502445408143e-5,0,0,0
315.253,0,0.0129946554462554,0,0.00372776991550625,0.0097458472325364209,0.00145004557482507,0.0019394456172024,0.0105148178313133,0.00475314272641863,0.0053466007623955,7.0868059331495e-4,0,3.75222433458154e-5,0,1.2175634454374e-4,5.0950582970933e-4,NA,NA,NA,NA,NA,NA,NA,NA,NA,NA,NA,NA,NA,NA,NA,NA,NA,NA,NA,NA,NA,NA,4.6087054194805e-4,0,0,2.7137596155892e-4,3.3942875692483e-4,5.99996632232823e-5,0,8.6909103875739e-4,0,1.8250606600268e-4,0,0,0,0,0,0,6.51217722435846e-5,2.9452682086546e-4,6.1909559990205e-4,0,0,0,0,0,2.2276876172927e-4,0,0,5.118647534389e-4,0,0
317.522,0.0207681676412512,0.0185535019789995,0.0191977291797045,0.00723221253429988,0.00384469462334325,0.0127925366079572,0.00539434613673403,0.00820141927437412,0.00619004334168905,0.00732008545675061,0.00205980103493927,7.02449146502384e-5,0,0,0,0.00395878099159834,0.00401982574747026,NA,NA,NA,NA,NA,NA,NA,NA,NA,NA,NA,NA,NA,NA,NA,NA,NA,NA,NA,NA,NA,NA,7.0651134846299e-4,1.3963300716416e-4,4.438920865576e-4,8.6687940899484e-4,5.1945825764552e-4,0.00102381036072877,2.0600667263701e-4,0,1.1876826196297e-4,4.0175641131672e-4,2.3224783146013e-4,8.6232509717361e-4,0,0,1.4147508325185e-4,0,6.6800211788067e-4,0,1.90231469283719e-5,3.5322452477206e-4,6.009725894778e-4,2.9826916493431e-4,2.7275233953442e-4,4.4547432292292e-4,2.2375372784393e-4,5.0482346672545e-4,3.7399108609065e-4,5.8638761841528e-4,0
319.791,0,0.0103668360033655,0.00302315499601297,0.00475033718658467,0.00692952181745127,0,0.00508591404154961,0.00754583352670695,0.00616651676522446,0.00473102378795593,0.00385855543146535,0.00139086319928983,0,0,0,0,0.00332766529888688,0.00264872524983605,NA,NA,NA,NA,NA,NA,NA,NA,NA,NA,NA,NA,NA,NA,NA,NA,NA,NA,NA,NA,NA,5.5842147876079e-4,2.05674404715218e-6,0,0,5.27973679881003e-6,5.8521770497788e-4,3.4422424534922e-4,4.8088869398127e-4,0,0,0,0,0,0,1.6661804694648e-4,1.9610279661928e-4,0,0,1.1127470810518e-4,0,0,0,0,0,0,0,0,0,0
322.061,0.0320702323126996,0.0332285110778589,0.0131741777805867,0.00772700429136004,0.00600918790859696,0.0155436248005013,0.00487565817279135,0.00753994476520071,0.0105565474653943,0.00993778806866638,0.00474727433324464,0.00707068661632173,0.00120039884613293,0,0,0,0.00298150242769704,0.00459954926175276,0.00530662091397652,NA,NA,NA,NA,NA,NA,NA,NA,NA,NA,NA,NA,NA,NA,NA,NA,NA,NA,NA,NA,NA,1.0037411395149e-4,7.6135509486276e-4,5.151694748882e-4,0.00113736468633632,4.1893405876415e-4,7.7443837894851e-4,7.2903318374606e-4,4.8360004300805e-4,4.6518103338443e-4,0.00082563637578119005,5.154760806106e-4,0.00160185887694733,6.9569666947321e-4,0.0013649407979154,8.2695440823734e-4,0.00110923566487668,6.0697258641764e-4,3.5031621848969e-4,0,9.1769625739252e-4,4.9728495841637e-4,1.5283472891289e-4,8.7794721384743e-4,1.4114173845205e-4,3.7617216640509e-4,5.2103872183422e-4,4.3902845757457e-4,3.23850837091e-4
324.332,0.0165184276260363,0,0.00585832282114793,0.00646333328972318,0.00344702800001817,0.0100497388660789,0.00665728353264984,0.00628043108930429,0.0085698053605085,0.00344336924463451,0.00407972583458665,0.00560479554289236,0.00256146368034724,0,0,0,0,0.00144087851249752,0.0039623066652118,NA,NA,NA,NA,NA,NA,NA,NA,NA,NA,NA,NA,NA,NA,NA,NA,NA,NA,NA,NA,NA,NA,4.4165660496188e-4,1.1196746932945e-4,6.7256736397998e-4,2.9781591980929e-4,2.4289455409628e-4,0,0,0,3.984238996904e-4,1.8820056074607e-4,4.0675867024432e-4,5.069229624793e-4,3.4772071036062e-4,2.9207644299724e-4,0,0,0,3.700601792621e-4,5.7866091270977e-4,0,0,2.394192213185e-4,7.6787019819838e-4,0,0,2.1231526614872e-4,9.31519976953202e-5
326.604,0.0188808694336881,0,0,0.00977916739694958,0.00201291389635142,0.00437245724254146,0.00264206356350351,0.00593123083562581,0.00728932332001219,0.00680652911064004,0.00331114425421678,0.00283753323464916,0.00316684007165635,0.00100949315171799,0,0,0.00197767195859239,0.00324351761532673,0.00220330667315378,0.00299642602865445,NA,NA,NA,NA,NA,NA,NA,NA,NA,NA,NA,NA,NA,NA,NA,NA,NA,NA,NA,NA,NA,NA,5.1362667529241e-4,0.00104009761397002,4.2036410017029e-4,4.9688490593896e-4,9.89632698460743e-6,0,0,0,0,0,0,3.546433221489e-4,0,0,0,0,0,0,5.58391124330926e-5,0,0,0,0,0,0,0
328.877,0.0446842862109352,0.0315223781952003,0.0249250670140133,0.0201739413553438,0.013852491228714,0.0152118897378614,0.0101963599614321,0.0153439356522591,0.0110386436478076,0.0106091215292429,0.0106670333559561,0.0114011867391633,0.00917137925292016,0.00280617934255141,4.5006605186209e-4,3.3785384005718e-4,0.00287513876679408,0.0049032420178404,0.00602431469816732,0.00404733272986386,0.00394133398469016,NA,NA,NA,NA,NA,NA,NA,NA,NA,NA,NA,NA,NA,NA,NA,NA,NA,NA,NA,NA,NA,0.0018968875127355,0.00217507768613673,0.00176004243563494,0.00179568947622039,0.00215114585157629,0.0015936815916918,0.00161028552296707,0.00128950708871864,0.00244099382762904,0.00205162148396706,0.00127611751684118,0.00202564355551036,0.00104128633883261,0.0013123009749377,0.00223255062481393,0.00127758250176506,0.00131527217214218,0.0014914951481626,0.00134194707565596,8.6002592976251e-4,9.2804827444625e-4,7.2886847913388e-4,0.00201089914438711,9.5844146366729e-4,0.0012424642960892,6.0617657498474e-4
331.15,0.0124967783661868,0.0139467754394281,0.0172801059117352,0.0169501660193504,0.00748577685899195,0.0147056439786336,0.00903770099542994,0.00803883606203111,0.00996842738228227,0.0100879659442557,0.00997876699013567,0.00696043761450396,0.00741934895631151,0.0057682298850162,0.00184955538056681,0.00100578572510708,0.0028439072420609,0.00419929218210388,0.00257964633042696,0.00380400042801925,0.00335966862095337,0.00330902284331788,NA,NA,NA,NA,NA,NA,NA,NA,NA,NA,NA,NA,NA,NA,NA,NA,NA,NA,NA,NA,NA,6.7663549211599e-4,3.9655072517852e-4,3.1353164399704e-4,0,0.00221708640636525,4.9650061199987e-4,0.00174137313876048,6.7276832873567e-4,1.9270791391513e-4,1.3001160383527e-4,9.5002256945522e-4,0,0.00104020124051246,9.9784201255741e-4,7.9685271877802e-4,4.70671512418278e-5,4.5386469006112e-4,7.2453161187984e-4,8.5759681815478e-4,6.2464542641725e-4,7.8805400171517e-4,1.3903114364479e-4,2.3335253699964e-4,0,6.0667963380721e-4
333.425,0.0128160315057487,0.0171186244679946,0.0127069289851155,0.0126232159185356,0.00904536947985871,0.00573834075647528,0.00736862780734638,0.00614436196472117,0.0076905360329817,0.00747249875512289,0.00632652191983686,0.00662279861894086,0.00595014212067256,0.00563051631180339,0.00445446387280577,0.00152849489942937,0.00148657316278729,0.00193196306546627,0.00245006519606144,0.00294026720245611,0.00400124869323883,0.00466137953879637,NA,NA,NA,NA,NA,NA,NA,NA,NA,NA,NA,NA,NA,NA,NA,NA,NA,NA,NA,NA,NA,NA,0.00107282261071732,3.5972756079834e-4,0,3.9637263837902e-4,1.12262456226716e-5,5.2933656172346e-4,0,0.0010648339072428,6.0021009098344e-4,3.6587919618194e-4,6.8358525057802e-4,3.736950775439e-4,2.7828366348544e-4,0,0,2.3553874111497e-4,1.1239108874471e-4,0,8.0086552099883e-4,7.2677585416992e-4,3.3930640220079e-4,0,2.2967161742175e-4,7.1536466289178e-4
335.7,0.010711817493977401,0.00607737933846723,0.00524781033118555,0,0.0032562195433633,0.0124665375829228,0.00522273079452745,0.0071311814967134,0.00278227717528476,0.00684996851415946,0.00540638485125148,0.00483639606748541,0.0047821862361167,0.0049339816891549,0.00322305497974358,0.00205842246077914,3.78978981199269e-5,0,4.4634981426531e-4,0,0.00201220664085789,0.00344891600937106,0.00345553925107087,NA,NA,NA,NA,NA,NA,NA,NA,NA,NA,NA,NA,NA,NA,NA,NA,NA,NA,NA,NA,NA,NA,0,0,1.4913484278497e-4,2.5036530415553e-4,0,6.58693136088431e-6,0,0,2.770841611608e-4,1.490101133347e-4,3.0926656205865e-4,0,0,0,0,0,0,0,4.0270928015479e-4,0,1.747097136913e-4,1.5877005431982e-4,0
337.977,0.04219894494767,0.0171608293272589,0.0159084532545556,0.0123613693321685,0.0104045108993667,0.0127853279656247,0.00987316969689064,0.00822225752823927,0.00805383233647686,0.00978992512865602,0.00803993790649301,0.00633998644223387,0.00788284662890801,0.00760041336390243,0.00608246002349155,0.00461872180704735,9.99857425264751e-5,0,0,0.00315939263362123,0.00443867175927521,0.00289492815219319,0.00410917775244274,0.00531928031752716,NA,NA,NA,NA,NA,NA,NA,NA,NA,NA,NA,NA,NA,NA,NA,NA,NA,NA,NA,NA,NA,0.0015383714026411,0.00149140229974992,0.00110227376977466,0.00126402818215049,7.7360803438866e-4,6.0110791818156e-4,6.7753941532088e-4,7.3540832680448e-4,7.2055905658529e-4,2.50385829395781e-5,4.1371736555844e-4,0.00115064793759409,2.8894679669496e-4,5.13795182932887e-5,5.5998994324502e-4,5.9331816143698e-4,8.5195052512913e-4,8.6273367569974e-4,0,3.4195485918049e-4,0.00107153501878365,7.9437562547278e-4,5.2591062603757e-4
340.254,0.019460738775601,0.00853331008170352,0.0147562939204496,0.0153717662981527,0.00827708533838806,0.00565737785178141,0.00543896427769003,0.0106898316243353,0.00947830150229668,0.00622159998687424,0.0090663409914137,0.00716729678288108,0.00836594653851634,0.00633110527593042,0.00433493836501598,0.00517302891076671,0.00147274360784212,0,1.6797341867513e-4,0.00315516899240526,0.00204326720641175,0.00246377883190104,0.00428836126962903,0.00393170170257208,0.00389174984846337,NA,NA,NA,NA,NA,NA,NA,NA,NA,NA,NA,NA,NA,NA,NA,NA,NA,NA,NA,NA,NA,1.4618991395855e-4,8.8737167302414e-4,7.8374701301381e-4,6.9529958704195e-4,7.6025332341092e-4,1.3136207669098e-4,7.0564707307639e-4,3.3378492639628e-4,9.2484113694702e-4,3.1659451390491e-4,6.1068970999007e-4,0,2.7303995339247e-4,7.364969425204e-4,1.4910962261498e-4,6.1887203515058e-4,4.012994866113e-4,7.92103686807163e-5,9.3735082418898e-4,7.3750256414787e-4,2.9947296174616e-4,7.63426087158587e-5
342.532,0,0,0,0,0.00618534967867972,0.00473314694785093,0,0.0102242742733363,0.00285910037679891,0.00321311926319812,0.00588730960558671,0.00570512742964243,0.00501250705293067,0.00424605113087384,0.00426453605190381,0.0038214268770733,0.00278295022729024,0.00202384268977018,0.00151659384453646,0.00236335142692019,0.0035899507122615,0.00302880779497435,0.0017777221490961,0.00344456194748125,0.00286398169695343,NA,NA,NA,NA,NA,NA,NA,NA,NA,NA,NA,NA,NA,NA,NA,NA,NA,NA,NA,NA,NA,NA,4.1277009387085e-4,0,0,4.66665777806452e-5,0,0,0,0,0,0,0,0,0,0,2.9047847742775e-4,0,0,1.1909755761077e-4,1.3528409392205e-4,0,0
344.81,0.0209976286879508,0.00848355218644099,0.0070630792265646,0.00640380928366912,0.0119216367016599,0.013139646370116,0.0113935041983435,0.00803079903738998,0.0071979535407321,0.00908180448310538,0.00752505750299019,0.00797003097013078,0.00962611579069562,0.0056350374520862,0.00518382486810215,0.00593269689987041,0.00626681417108436,0.00684814106805553,0.00313880689305497,0.00171462411431503,0.0020339533405942,0.00343541368491935,0.00323721814826486,0.00385331040540132,0.00189750155233571,0.0053463469844308,NA,NA,NA,NA,NA,NA,NA,NA,NA,NA,NA,NA,NA,NA,NA,NA,NA,NA,NA,NA,NA,NA,0.00155220456950252,0.00104788845510707,6.2012660085992e-4,0.00181175241552151,5.442966783592e-4,6.2781331868723e-4,9.9477181075759e-4,8.9039482185607e-4,1.9191595056561e-4,6.3726708395906e-4,3.5237695737457e-4,0.00110913364574895,5.68759520802893e-5,1.7292059934605e-4,5.3699862944463e-4,6.9608456404366e-4,2.3802714702099e-4,5.7898921058785e-4,2.9783030429717e-4,6.7412261166185e-4
347.09,0.00593679818089858,0,0.0031816390173765,0.00505417723819815,0.00266872454202706,0.0032428752242233,0.00998683850914833,0.00909140794993698,0.00650586164338693,0.00531922789114881,0.00609493849574288,0.00737741452760988,0.00659897364095399,0.00617885239755401,0.005025020990689,0.00421708010949571,0.00382715618707465,0.00576500945699447,0.00453698739008069,0.00237507571170764,0.00154367332131927,0.00252347647583867,0.00134295214037481,0.00224251706066193,0.00311804065176287,0.00336124066586726,0.00357533131860206,NA,NA,NA,NA,NA,NA,NA,NA,NA,NA,NA,NA,NA,NA,NA,NA,NA,NA,NA,NA,NA,NA,0.00102995596223581,0.00110923713819379,7.40420431671e-4,4.1623433246069e-4,0,0,0,3.4489421147911e-4,4.03594089815041e-5,0,8.9402879227712e-4,0,0,5.5511183926263e-4,6.3754429645153e-4,0,2.6999297541601e-4,0,0
349.37,0.00877519495329336,0.0241404236725912,0.00974671155547011,0.0170511138272218,0.019068117152903,0.0140189505500972,0.0104345171916151,0.0113337220292493,0.00770387475721196,0.00833808440545573,0.0133914214610028,0.00962893465750076,0.00708709796377548,0.00676729098032046,0.0068152836202518,0.0059025610216811,0.00664269994040519,0.0053919545099209,0.00528385392108635,0.00368879645968726,0.00199655203579141,0.00198641840095108,0.00380858133036283,0.00262681852444785,0.00370974710852697,0.00460669292040499,0.00403548561593753,0.00376124800102234,NA,NA,NA,NA,NA,NA,NA,NA,NA,NA,NA,NA,NA,NA,NA,NA,NA,NA,NA,NA,NA,0.00189404400787965,0.00115580284238818,0.00176606792374803,0.00139386450703658,9.292169652839e-4,8.3324325071481e-4,5.5637509004287e-4,0.00158550552613862,4.7300888581236e-4,3.4757482669946e-4,0.00103769385871516,9.3953616563331e-4,8.5076829943355e-4,9.7561564889121e-4,0.0011419868354996,4.1772981972953e-4,0.00127624744348785,3.5164122478769e-4,7.6978579964238e-4
351.652,0.0409782989272458,0.0226116360985101,0.0244335278016671,0.0130511598220299,0.00867611173410295,0.0123208634639854,0.00832978943064408,0.00907732986906164,0.00909034718767776,0.00623294024086728,0.00696239937195363,0.00827873976778761,0.00889163227137059,0.00398034970603309,0.00539411399096531,0.00747223369034728,0.00665719696682989,0.00693855268736493,0.00623625462557233,0.00615043453154698,0.00276270211546289,0.00223276058907587,0.00375669994190519,0.00174879234771914,0.00376520973503411,0.00378264572396091,0.00446169664537922,0.00456531566474322,NA,NA,NA,NA,NA,NA,NA,NA,NA,NA,NA,NA,NA,NA,NA,NA,NA,NA,NA,NA,NA,NA,8.5847495229381e-4,8.0985976464955e-4,8.536460300565e-4,0.00109680581301096,9.1020263785998e-4,9.7158051146455e-4,0,6.2000808294654e-4,1.385972820314e-4,4.7287522977121e-4,2.972044617037e-4,0.00110428316968742,6.4035790787374e-4,2.4371765351173e-4,0.00115868901528641,4.8740125415723e-4,1.7648451226887e-4,3.3905713634874e-4
353.934,0.00709546485720957,0.0103550147858719,0.00233845599705296,0.00552967830485886,0.00758962084705122,0.0111607385933013,0.00996370639814817,0.00654784018588859,0.00423449325678368,0.00580131988497943,0.00712505472756719,0.00553984755138865,0.00689918878612262,0.00521269258394273,0.00689784956947605,0.0050757656843671,0.00462373170305894,0.00620557324365972,0.00595916846930977,0.00477428097610744,0.00357912345645888,0.00285618387005168,0.00360256359317134,0.00498069082639202,0.00357179291046136,0.00270237845190109,0.00293481510811549,0.00289071633640793,0.00231541897104932,NA,NA,NA,NA,NA,NA,NA,NA,NA,NA,NA,NA,NA,NA,NA,NA,NA,NA,NA,NA,NA,NA,0,2.6766408351289e-4,5.02214129251743e-5,6.6531983082671e-4,2.2400676537826e-4,4.7229787426745e-4,6.8836031463056e-4,0,4.8508499463965e-4,9.24630029605867e-5,7.67382784475162e-5,0,1.1954731225195e-4,0,4.4448598101662e-4,3.349885971178e-4,0
356.217,0,0.0230541527956765,0,0.0154498117840077,0.00731163272968002,0.00725340729408838,0.00636630723971592,0.00567932499644232,0.011391598399552,0.00824013064535766,0.00933576976685609,0.00319630008896626,0.00587712429642146,0.00579456585353414,0.00644582702986268,0.00517381933947388,0.00588314196301811,0.0042883506199948,0.00438414274703936,0.00255128975727966,0.005112686640955,0.00328813937301869,0.00287444316805727,0.00352463635687696,0.0047101855695923,0.00329915017301842,0.00169633454321376,0.0034061897331654,0.00296848466196866,0.00343703488806823,NA,NA,NA,NA,NA,NA,NA,NA,NA,NA,NA,NA,NA,NA,NA,NA,NA,NA,NA,NA,NA,NA,6.6291856924621e-4,0,0,0,0,2.19653030700692e-5,0,0,0,4.2723968547198e-4,0,0,0,0,0,0
358.501,0.0282099468883495,0.0235279926781379,0.0157490966148841,0.0135367066227566,0.0131326181829108,0.0151782078271812,0.014650434861844,0.00826249305760412,0.0069986653101054,0.00825369500094533,0.00925758716606437,0.0094380956606524,0.00980749684383128,0.00709733569916062,0.00658948758971845,0.00724687746697277,0.00640978292863911,0.00654064061386098,0.00736629476343249,0.00682188315701153,0.00536347302825887,0.00367408631198197,0.00236637435782591,0.00206169438151842,0.00337044110913522,0.0029858838794263,0.003351501461494,0.00318592029364665,0.00412487894221045,0.00408938575994673,0.00415807229219645,NA,NA,NA,NA,NA,NA,NA,NA,NA,NA,NA,NA,NA,NA,NA,NA,NA,NA,NA,NA,NA,7.4377009945437e-4,6.2364925423526e-4,0.00113462332820518,0.00108348411650872,3.2112026118891e-4,6.2955927589544e-4,0.00103554452082522,2.9275880221753e-4,2.07103678653312e-5,3.5153746280776e-4,3.2300645494858e-4,3.8504912819913e-4,9.8262803064108e-4,5.4909890391227e-4,0.0011323813073953,3.5575997103301e-4
360.785,0.0222430456376699,0.0103100363255551,0.0170158054139048,0.0127145164745187,0.00848036390024103,0.00969382668956405,0.00533563076256481,0.0103089187685473,0.00806065797708881,0.00952246648837788,0.00669225248706583,0.00798292263410936,0.00754922309176017,0.00614980923602911,0.00616122062017755,0.00616786436393192,0.00652833985040837,0.0049960660983893,0.00365805498571702,0.00497024597559667,0.00453200628726781,0.00425051982288122,0.003019500575251,0.00195320172201289,0.00270655430065807,0.00512462446104887,0.00469127670832737,0.00304261945841033,0.00275999434394431,0.00309254056546648,0.00382690964252305,NA,NA,NA,NA,NA,NA,NA,NA,NA,NA,NA,NA,NA,NA,NA,NA,NA,NA,NA,NA,NA,NA,7.72970023850901e-6,0.00103998926875129,0,1.9172465814656e-4,8.64495140859037e-5,9.388224210564e-4,0,0,0,2.7905648524625e-4,1.7904354683263e-4,3.93608112195026e-5,2.9034956647845e-4,0,6.29131927921766e-5
363.071,0.00716791441102064,0.0195761787926773,0.0133220461428138,0.00752826914449959,0.00479710428072645,0.00651697822922418,0.00747365220485739,0.00224308078121532,0.00462708364407839,0.00935394641918189,0.00782345941549871,0.00786808121168379,0.00598925170394308,0.00646539096001499,0.00561099767593696,0.00513647706390417,0.00693298600292851,0.0049292109064941,0.00373648559710785,0.00513623579399295,0.00555800748562298,0.00513954595534462,0.00531270697558406,0.00287146474092229,0.00276597974005281,0.00459107275514307,0.00240563002823582,0.00337004207430256,0.00236730056264304,0.00429519049117406,0.00288593782493142,0.00230817108448837,NA,NA,NA,NA,NA,NA,NA,NA,NA,NA,NA,NA,NA,NA,NA,NA,NA,NA,NA,NA,NA,NA,1.4125319722017e-4,4.6731511547604e-4,5.8154929017912e-4,2.3400261548732e-4,1.3940676526449e-4,7.40011294938687e-5,0,4.0680359677428e-4,1.423819175775e-4,0,2.1933200465831e-4,4.2856110486166e-4,0,0
365.357,0.0286916072084826,0.011951927356845,0.0118703243970877,0.00923976607582552,0.00703757483014433,0.0130262354138059,0.00507874142939798,0.00565173604726407,0.00849447249530892,0.00827604280194546,0.00786350752391736,0.00636755010514831,0.00703597503732747,0.00549941642842176,0.00552796317979541,0.00776088374841544,0.00664895221866158,0.00482475272414658,0.00541160302376078,0.00507191839066191,0.00571352881959203,0.00483143296161462,0.00423454208524939,0.00401825813351464,0.00328057123405899,0.00385856429197004,0.00509983874417438,0.00452749756498029,0.00306921628792321,0.00274689482033485,0.00375485712693589,0.00336261527397504,0.00187010116675952,NA,NA,NA,NA,NA,NA,NA,NA,NA,NA,NA,NA,NA,NA,NA,NA,NA,NA,NA,NA,NA,NA,6.31001987656741e-6,0,0,0,0,0,0,1.3905186672874e-4,0,0,0,0,3.09625770073458e-5
367.644,0.0274487454566094,0.0268713385139478,0.0163575188908087,0.0107170969179441,0.0117181448815578,0.014866403120007,0.0209596073860458,0.00902356165062442,0.0144695278989074,0.00746616651155439,0.0110422850480562,0.010390894886997,0.00976248677622,0.00911534108193319,0.00864820458752189,0.00747528602246546,0.00662060391023103,0.00816248595966673,0.00666711071641182,0.0079830731721335,0.00670319406723237,0.00538657595705948,0.00606451937874578,0.00551643819795517,0.0040500728616184,0.00344727481837593,0.00426894537221558,0.00545148124216146,0.00361403155082687,0.00430394776421689,0.0044988143263791,0.00319417148932479,0.00434337685052806,0.00365715242913509,NA,NA,NA,NA,NA,NA,NA,NA,NA,NA,NA,NA,NA,NA,NA,NA,NA,NA,NA,NA,NA,0.00162914772590333,4.4140545969859e-4,3.9343612529877e-4,4.7358415044314e-4,4.01894762305869e-5,5.716833923426e-4,5.2349774688743e-4,0.00101482662956081,6.7887001319096e-4,1.0007211765003e-4,1.549820793857e-4,9.8068358673271e-4,1.2219844348578e-4
369.932,0.0460530666481009,0.0351291035474578,0.0215262245775034,0.0282941586062324,0.0208898880706051,0.0118522437699704,0.0113981888355757,0.00817615412385342,0.0110662539249339,0.0113627262887554,0.00863139135385319,0.00763135386884926,0.00993731542294173,0.00896148769075153,0.00896304009348893,0.00839752870725348,0.0090410186994544,0.00863021775882919,0.00718219483213399,0.00700413928638903,0.00794789431118666,0.00595807332822558,0.00470337585213788,0.00611232804885225,0.00489631346215374,0.00385108270173162,0.00385411637850389,0.0047529507244870204,0.00307592928708309,0.00562748687262947,0.00421396609060259,0.00427200428644867,0.00403542363733648,0.00318898951135765,NA,NA,NA,NA,NA,NA,NA,NA,NA,NA,NA,NA,NA,NA,NA,NA,NA,NA,NA,NA,NA,NA,2.1622509197783e-4,2.5236831982199e-4,8.3381275808086e-4,2.32150694146e-4,2.3926289327605e-4,4.5923370466427e-4,5.83601318907317e-5,1.981178237195e-4,6.4766290117558e-4,8.4173628208392e-4,2.2589112369798e-4,1.6699869924792e-4
372.221,0.0212857730868673,0.0265029758393241,0.0161402894632262,0.0233513792154037,0.0144764732325648,0.0150046965102555,0.0123584937038973,0.00979062847408047,0.00884226794392241,0.0120975880597789,0.0100875365111647,0.00813408199456639,0.0095209811800079,0.010207861326751,0.00886443461227874,0.00927600782044544,0.00763924878316812,0.00764604435833334,0.00669797974877826,0.00758171209966007,0.00730058721145293,0.00636223741187067,0.00633843041681847,0.00540132779169912,0.00568104794892823,0.00472111075296456,0.00400679985693411,0.00431717562200811,0.00558542948341884,0.00311610131903803,0.00457546306842098,0.00447248004451634,0.00339540690410847,0.00313503025778482,0.00302958172156585,NA,NA,NA,NA,NA,NA,NA,NA,NA,NA,NA,NA,NA,NA,NA,NA,NA,NA,NA,NA,NA,NA,0,0,3.8995351616259e-4,3.1044001225537e-4,0,3.934398780048e-4,1.4024503335743e-4,0,5.53224507234e-4,5.0160432113839e-4,1.0576562930826e-4
374.511,0.0295965185075709,0.0285689134748531,0.0154014475285703,0.0186455606122089,0.0133929793144976,0.0103239827694568,0.0105436300925059,0.00727827552659392,0.010407893183136,0.00943076649531409,0.010992419791596,0.0101939324500334,0.00998381341358559,0.00845785309799112,0.00844959168285321,0.00772468621273333,0.00874010013378989,0.00787988919294294,0.0077701756220073,0.00735386099990309,0.0087755611107263,0.00735879057156903,0.00678848149663384,0.0072003817395358,0.00624988700722691,0.00601234835021818,0.00469645970626652,0.00464916079281949,0.00569457796904659,0.00471228041696282,0.00418467750881308,0.00475979877906362,0.00382654652810416,0.00335931147686199,0.0037070565512918,0.00297129391721774,NA,NA,NA,NA,NA,NA,NA,NA,NA,NA,NA,NA,NA,NA,NA,NA,NA,NA,NA,NA,NA,NA,8.6949807059489e-5,1.577802233184e-4,5.2385490955108e-4,8.5080791795255e-4,4.4798036198448e-4,1.99735390948352e-5,2.725626109864e-4,0,1.5410010135687e-4,0
376.801,0.0425307425588617,0.0137145392462852,0.0193636307700319,0.0172914813115039,0.0141658010734946,0.0148715987348092,0.014230729259211,0.0100565862142105,0.0106766450839101,0.00827362937057903,0.00840495867673966,0.010055828962854,0.01000641382088,0.009568416456716,0.00940850444456723,0.00892213642287518,0.00926079531328874,0.00880409161619806,0.00707235306115625,0.00665830600711644,0.00657366563955059,0.00705766672531962,0.0058555537110597,0.00628447949939618,0.00604380083698202,0.00590380252648677,0.00554221618481977,0.00524672218665188,0.00569227673825623,0.00636820552478654,0.00468230886183657,0.0036640040154731,0.00348226286290174,0.0034234115993953,0.00372724957277185,0.00278670174688944,0.00243141608677813,NA,NA,NA,NA,NA,NA,NA,NA,NA,NA,NA,NA,NA,NA,NA,NA,NA,NA,NA,NA,NA,1.6790818235635e-4,9.0195487713056e-4,1.689285504867e-6,3.3454433391583e-4,7.74667045911784e-5,1.3522218774664e-4,5.97146978999852e-5,7.8003054439728e-4,2.363649816006e-4,5.89086869374669e-5
379.092,0.037396289782112097,0.00977951640518245,0.0181523944772465,0.0131149904163839,0.0198299485962582,0.0143086969839021,0.0127764857784358,0.0145280135569745,0.0124850209333492,0.0142409046216181,0.0130401523672187,0.0107307756499716,0.00997949802812293,0.0100646023338591,0.00881731589779664,0.00879601146402631,0.00814309825003766,0.00765231049200965,0.00760273472310557,0.00741030495771014,0.00704747433982661,0.00723879388345743,0.00612684264709589,0.00704715460005276,0.00677666602576638,0.00631516390183072,0.00715269036590947,0.00551654640844183,0.00515993451256377,0.00537767239745901,0.00598958856534984,0.00438987771673506,0.00386837443597804,0.00347529576771184,0.00321798313471821,0.00296377389332619,0.00300150243480788,0.00315866842529525,NA,NA,NA,NA,NA,NA,NA,NA,NA,NA,NA,NA,NA,NA,NA,NA,NA,NA,NA,NA,NA,2.9191210138696e-4,7.3054419652356e-4,8.5736979992702e-4,4.1267862943057e-4,0,0,2.5597591506849e-4,2.9728919576999e-4,0
381.384,0.0305359978682876,0.00567708739024603,0.0285976664614423,0.0176500284144896,0.0198312909954258,0.0104280024409476,0.0126944643024768,0.0124448424413374,0.0127548598460053,0.00957060022466513,0.0127988991774815,0.0111970793867876,0.0093559617447922,0.0105495433655166,0.00958262619171982,0.00868651991784655,0.00938794367083921,0.00790373071566711,0.00788060131779811,0.00726443161090767,0.00860446619587272,0.00724313494859696,0.00673988245433593,0.00691799128407399,0.00632157454957372,0.00713582333780158,0.0062319269864238,0.00567644391684404,0.00476429345982896,0.00444993783673561,0.00517448100382171,0.00499357357380892,0.00374624039581289,0.0038838432582377,0.00394958816110936,0.00241595561079198,0.0024698833360448,0.00280941541491567,NA,NA,NA,NA,NA,NA,NA,NA,NA,NA,NA,NA,NA,NA,NA,NA,NA,NA,NA,NA,NA,NA,0,5.45481654432327e-5,3.1828024233436e-4,0,0,5.5095348566961e-5,3.4464833972774e-4,3.7440881627313e-4
383.677,0.0279428269783745,0.02801215694007,0.0199020439617991,0.022650173228982,0.0234258242430016,0.0184578315851053,0.0141381955344061,0.0142130265835294,0.0111535532495457,0.0136204279384693,0.0114588574161993,0.0111016019108775,0.0126216389286629,0.0117467675273764,0.0113392859949385,0.010626028803182,0.00918962695905391,0.0101809161037909,0.00898251922813266,0.00876657291906679,0.0080724276940018,0.00756266238076107,0.00769801140236828,0.00692424181548535,0.00736231012358003,0.00713822015700028,0.00707335940988099,0.0059940477361549,0.00517226523642594,0.00439740353675653,0.00471024035640302,0.00593647417561936,0.00547347452248029,0.00404909859270264,0.00323152657502239,0.00360100577136082,0.00302178994528321,0.00253887140716483,0.00242184523018673,NA,NA,NA,NA,NA,NA,NA,NA,NA,NA,NA,NA,NA,NA,NA,NA,NA,NA,NA,NA,NA,NA,1.8112259931419e-4,3.1520422657344e-4,3.4963039914941e-4,4.5743350965325e-4,0,1.2964915265659e-4,1.5624335262479e-4
385.971,0.0107398359669411,0.024315155289046,0.0103095641716969,0.0124360149862702,0.00458781216432089,0.0113796423823424,0.0155535191334748,0.0110885553083311,0.00874006170507471,0.00942819449417308,0.00758002792500695,0.0116076227521384,0.0088940232670296,0.0102848448122103,0.0100123178722801,0.0100225114250135,0.00833985012480748,0.00879822541486735,0.00735688162910707,0.0065874206764976,0.0077737108790519,0.00747312850125808,0.00731758660881932,0.00678824210574153,0.00703162850221649,0.00647606513386606,0.00624737677902127,0.0061458533090758,0.00650300910136903,0.00493264637843652,0.0046501515476183,0.00541378396467311,0.00347566064852021,0.00342984568547513,0.00298843607909814,0.00145050484423424,0.00213009089654188,0.00223196564607617,0.00150448266520512,0.00220514170585622,NA,NA,NA,NA,NA,NA,NA,NA,NA,NA,NA,NA,NA,NA,NA,NA,NA,NA,NA,NA,NA,0,0,0,5.42167887664689e-5,0,0,0
388.265,0.0296484492368615,0.0295455635105975,0.0197301292257723,0.016662005925217,0.016995503459935,0.0202764638252455,0.017963260223226,0.0151843738791589,0.0167293727072839,0.0126148373097288,0.0129330934379046,0.0111863125552675,0.0132575354234968,0.0122148809228887,0.0117772841266174,0.011257413066965,0.010229114548968,0.00974438420070302,0.0106972258212198,0.0100721184963154,0.0084750581696283,0.00876884485299668,0.00852964594662899,0.00754440383461391,0.00817551794055085,0.00731594273608328,0.00622815593025181,0.00699050142712132,0.0064059646802411,0.00557743248019485,0.0049208535486946,0.00500453340378577,0.00551025547665164,0.00467834156233766,0.00292598779032818,0.00323851247846677,0.0032598988876809,0.00337553450106405,0.00268331884052728,0.00292371571648613,0.00232848896720836,NA,NA,NA,NA,NA,NA,NA,NA,NA,NA,NA,NA,NA,NA,NA,NA,NA,NA,NA,NA,NA,8.8688946284517e-4,3.2145959261551e-4,1.7938777170017e-4,1.67492974889237e-5,2.0312796917964e-4,1.36699217927538e-5
390.561,0.0324190867239974,0.0261056722422838,0.0157725366644906,0.0143573455815891,0.018299551792939302,0.016756680720616,0.0100816117950829,0.0098830611483757,0.0125282921667808,0.00986639306196784,0.0115203987052228,0.0111473409776048,0.0127970540339112,0.00889511010565486,0.00980600856120624,0.00931243478657307,0.00862470380909874,0.00832473980519643,0.00893585392013301,0.00867074334647704,0.00799725811097003,0.00646765076518652,0.0084525546331672,0.00854991196949512,0.00677663012334949,0.00692491079748411,0.00646050269065991,0.00569705877414514,0.00653107852215076,0.00593763265336123,0.0053729540056766,0.00484212547509808,0.00512500811343254,0.00551345323347556,0.00420244151809923,0.00347038830519926,0.00238077745077478,0.00240293764056324,0.00197884092163036,0.00210756249601608,0.00145538279606624,NA,NA,NA,NA,NA,NA,NA,NA,NA,NA,NA,NA,NA,NA,NA,NA,NA,NA,NA,NA,NA,NA,1.84791990736498e-5,0,0,0,0
392.857,0.0485916421476563,0.0296294249726332,0.030601796914813,0.0287893519449656,0.026269302895145,0.0189331624641361,0.0242473337464419,0.0200777738887126,0.0153061669814394,0.0161906878787113,0.0145829170671885,0.0165828387137978,0.0138942736630425,0.0122374852633895,0.0117710964672173,0.0118192122320355,0.0120337517896067,0.0102259721856593,0.0109180865521838,0.00988720725204236,0.00992184045411634,0.00885247572587735,0.0096067269655081,0.00808510749051973,0.00865370141576353,0.00882016964062191,0.00860730604934767,0.00764891413554896,0.00712791819926865,0.00751208452593868,0.00583638354483023,0.00497111328550762,0.00475998935983509,0.00505360680482624,0.00391851347626199,0.00436881554715071,0.00435683791916156,0.00347849834146662,0.00318374655391795,0.00298030516687349,0.00295255945178369,0.00227481320506242,NA,NA,NA,NA,NA,NA,NA,NA,NA,NA,NA,NA,NA,NA,NA,NA,NA,NA,NA,NA,NA,NA,7.4785766165553e-4,6.6237420675458e-4,2.5494110439848e-4,5.2478766586343e-4
395.154,0.00937728747423764,0.0143812115722646,0.0282017234136384,0.0163120218087337,0.0189880312550167,0.0140070361094662,0.0182705766026018,0.0141999069972395,0.013373644436648,0.0125845067891164,0.0133416691989258,0.0117640103061524,0.0127766204278866,0.0131222092560904,0.0114234444939192,0.0109120536825509,0.0103245349370074,0.00994886460162971,0.00943733554499293,0.00879863827372783,0.00905548534729422,0.00722796633392864,0.00818240500812484,0.00808577223163138,0.00851495124987047,0.00788731337295652,0.008243772019045,0.007309887971358,0.00670706527535088,0.00638808517371078,0.00638403955497978,0.00519888160554867,0.00457368128801526,0.0046537433260819,0.00516981587900279,0.00356767876831663,0.00310895671495791,0.00282464890810653,0.00362746779423429,0.00276664498799941,0.0024622139768071,0.00168844355170084,0.00224332973568084,NA,NA,NA,NA,NA,NA,NA,NA,NA,NA,NA,NA,NA,NA,NA,NA,NA,NA,NA,NA,NA,NA,4.8564873305762e-4,2.9246402749085e-4,2.16606960964e-4
397.451,0.0422215963076601,0.0427246473678124,0.0284895308442344,0.0244585001512568,0.0218383699275899,0.0197195190272961,0.0209232651494371,0.0150465728384028,0.016564130439673,0.0131446457862525,0.0137251992609061,0.0118754457885395,0.016043793566538,0.0141018097057382,0.0122040986559322,0.0114064251281757,0.0130390365895651,0.011439938554199,0.00992516134858396,0.00961730236350964,0.0105198666435647,0.00953033164184782,0.0087732661753265,0.00943854682481461,0.00864475674733175,0.00808486767325153,0.00812843873993716,0.00742809831460136,0.00760102598445175,0.00718717140435913,0.00681745382796034,0.0056512429585771,0.00468244777923339,0.0046230678725192,0.00500672295326066,0.00387619175293682,0.00434471276396017,0.00487773011312073,0.00408289192368351,0.0025705197977583,0.0020656549569124,0.00235432660177507,0.0025563197352304,0.00212353259093228,NA,NA,NA,NA,NA,NA,NA,NA,NA,NA,NA,NA,NA,NA,NA,NA,NA,NA,NA,NA,NA,5.2027719909786e-4,5.7124980042029e-4,2.7494293574322e-4
399.75,0.0352748283475821,0.00334533003285577,0.0189277919600596,0.0111504745467471,0.0127868583733952,0.0133177359178052,0.00870499850709867,0.00909761776868464,0.00892691375273261,0.00876388204587818,0.00972386806957933,0.00993695757472252,0.00855465253842227,0.00801366632176756,0.00799499322526205,0.00968871979891384,0.00776756433838511,0.0080021040082674,0.00860987875118395,0.00847390977928783,0.00748685499289242,0.00757436383861386,0.00699384338255923,0.00719314276082724,0.00710156891499061,0.0060496125311362,0.00634607987655132,0.00618914974747179,0.00575270888083124,0.00559736834259683,0.00561328668435268,0.0049585683109958,0.00497021112317087,0.00477032628134618,0.00484627909693009,0.00480533271152926,0.00142536650855395,0.00214479234376488,0.00232215202452904,0.0016828641370848,0.00147919971223024,0.00167515856757738,0.001008907654429,0.00126977287584105,NA,NA,NA,NA,NA,NA,NA,NA,NA,NA,NA,NA,NA,NA,NA,NA,NA,NA,NA,NA,NA,NA,2.7461590172427e-4,2.4039236813537e-4
402.049,0.0357398302947431,0.0342848581359801,0.0306451367870597,0.0224264393082813,0.0165708161621001,0.0179828621241053,0.0197755132064992,0.0148303041646746,0.0174160309022725,0.0144750572886186,0.0125207122804342,0.0126567418481006,0.0133095383005579,0.012893220335649,0.0112466565903085,0.0109425370555084,0.0102315623127298,0.0109385701983044,0.00990079215978715,0.00989556733694252,0.00980547046219366,0.00922682017875765,0.00770107982313276,0.00809520425458549,0.00868260913525746,0.0084655579563767,0.00750006318814491,0.00750919496938991,0.00722590206132722,0.00794488210972422,0.00751149784092518,0.00598260090874484,0.00593540829444825,0.00489232552397079,0.00465103943397611,0.00471147154209692,0.00393568957695976,0.00293334498969329,0.00273176504066153,0.00351150096406105,0.00285570161552904,0.00212061347765762,0.00206655800403467,0.00217455484611992,0.00118127661284194,NA,NA,NA,NA,NA,NA,NA,NA,NA,NA,NA,NA,NA,NA,NA,NA,NA,NA,NA,NA,NA,NA,5.91922659654304e-5
404.349,0.0238727778644743,0.0377784062746132,0.0254585607101747,0.0219728698062422,0.0197223194052381,0.0179884082294124,0.0192037116740771,0.0197523517520606,0.0154557350073285,0.0149354914955064,0.0110758402662735,0.0149027651943481,0.012309846988193,0.0140526539884343,0.0114008044668539,0.0113205423525227,0.0113151943066498,0.00931846153370706,0.00989020664367955,0.00973682521935217,0.00970138145133992,0.00912768634034616,0.00869515369213212,0.00918460812782494,0.00785388610259861,0.00845230350791067,0.00846993552095832,0.00768813423083638,0.00714957408883222,0.0068800914114887,0.0058802531804871,0.0060096235262068,0.00570195768921592,0.0050436308016371,0.00455571124708922,0.00460685740115219,0.00472128524560385,0.00342815491971604,0.00351231144702928,0.00292193293127226,0.00264793993232228,0.00250742005373874,0.00230412896104505,0.0019540816716636,0.00228148493111117,0.00229004814258942,NA,NA,NA,NA,NA,NA,NA,NA,NA,NA,NA,NA,NA,NA,NA,NA,NA,NA,NA,NA,NA,NA
406.649,0.0295182853573978,0.0317607887184312,0.0254474143040298,0.0158025505490935,0.0171484376327623,0.016340703801306,0.0137280758757298,0.0133065266362831,0.0123737997450968,0.0152889707428258,0.0140942247957346,0.01096921189031,0.0139405735616141,0.0111652217174904,0.0111449214655832,0.0109486871405558,0.0113587815000331,0.00954350305898379,0.00884136624698033,0.00921576820859407,0.00876449370554891,0.00846517080947662,0.00844273859914773,0.00752177240995466,0.00818674977755735,0.00729212013079212,0.00849031895527596,0.00765963928183578,0.00767403129083392,0.00723095205471562,0.00660313276371019,0.00574510710394763,0.00553553114864233,0.00551461618669096,0.00465819023108797,0.00441091920374288,0.00438870427939132,0.00436827504911595,0.00238520112354777,0.00204895282271828,0.00231943972188711,0.0025149671651206,0.0014712551014056,0.00167793919397571,0.00155646198250734,0.00179683244985064,0.00217618514578523,NA,NA,NA,NA,NA,NA,NA,NA,NA,NA,NA,NA,NA,NA,NA,NA,NA,NA,NA,NA,NA
408.951,0.0208560817170112,0.0236658071738423,0.0254346233817437,0.0217515840035143,0.0158346349413084,0.0182260043991163,0.0216259209324332,0.0163239447826779,0.0176924698343428,0.0141791762691488,0.0153250948527744,0.0130725121077446,0.0131917906354219,0.011759116558218,0.012311349134411,0.0113337504297304,0.0113746009533953,0.00959932167282875,0.010155334402342,0.00907452700564186,0.00973831215121821,0.00969706785962354,0.00875843396911757,0.00796236748935524,0.00814011125930103,0.00863433756821716,0.00793501838425698,0.00771096117068008,0.00752585440232745,0.00746764086564211,0.00667662795264567,0.00691540762712776,0.00593416751031154,0.00608421374123105,0.00487141074868722,0.00438824321251512,0.00415155333833566,0.00411837187313548,0.00341004821538296,0.00214455125193412,0.00264731302394665,0.00214631143319856,0.00249545956445456,0.00211852016118032,0.0020043927818312,0.00131261791454647,0.00202360829978037,NA,NA,NA,NA,NA,NA,NA,NA,NA,NA,NA,NA,NA,NA,NA,NA,NA,NA,NA,NA,NA
411.253,0.00765079127186379,0.0131724171625762,0.0123137641998412,0.01178212070245,0.0135392550316163,0.0166316745587292,0.0187339663625214,0.0113747801335868,0.0128813170819362,0.0116147262046393,0.0128705916384843,0.0113346941799932,0.0124035230776352,0.0103295868305027,0.00936360355900304,0.00959822066511594,0.00953970519861844,0.00996659772699869,0.00850758218318728,0.0086677314847637,0.00819484772618136,0.00828156670059559,0.00770635805045936,0.00773736687840322,0.00783326724616446,0.00787632895960552,0.00666226222321962,0.00680820512185156,0.00637949937772387,0.00626631654661257,0.00586545323412073,0.005331636052089,0.00581507738200834,0.00496342157138603,0.00518211399468149,0.00468670703011911,0.00430234817036522,0.00404618754615815,0.00412045582273526,0.00256022887733579,0.00222627857754118,0.00218592903939297,0.00155483001299832,0.00197853045181593,0.00159827953226485,0.00188374289890956,0.00100982142160052,0.00126392013127928,NA,NA,NA,NA,NA,NA,NA,NA,NA,NA,NA,NA,NA,NA,NA,NA,NA,NA,NA,NA
413.556,0.0251014552054272,0.0202806062020842,0.0181160940995706,0.0201548629637819,0.0224495405768472,0.0208649961833826,0.0127631439638036,0.0163692507208868,0.0160165894333209,0.0137316327624096,0.0166005193447834,0.0124497018089493,0.0121814892343926,0.0119876282653979,0.0121409361519365,0.00987307779828864,0.011034149559452,0.0107451018254285,0.00996178356858074,0.0101340472046504,0.00897899303119963,0.00869024154970587,0.00825632799709474,0.00891787714117369,0.00799949467060516,0.00835845310602537,0.0082124594792082,0.00732451900448227,0.0070506950954489,0.00828619750539992,0.00690518755591347,0.00600642486201856,0.00619005290105731,0.00593337958304384,0.00494103997378726,0.00574560005216792,0.0045686646914171,0.0040768029845272,0.00411713076558882,0.00372962624625033,0.00271807871132753,0.00298503422091872,0.00293443371547203,0.00268558084017506,0.00202729669587865,0.00169179511267878,0.00146837303701991,0.00168521861122196,0.00181191851435174,NA,NA,NA,NA,NA,NA,NA,NA,NA,NA,NA,NA,NA,NA,NA,NA,NA,NA,NA
415.86,0.0346139659230313,0.0249179800457407,0.0229244683539639,0.0201960483206147,0.0239441791721437,0.0196499871514987,0.0176338477365712,0.0164269176992674,0.0173153824634493,0.0152601524846128,0.013706726570255,0.0124030410836169,0.0128703061520544,0.0132375271117513,0.0115525668176878,0.0116703374231073,0.0111076682726753,0.0111380203563801,0.00964441334741481,0.0090591018318112,0.00947665289330071,0.00974632598573033,0.00867284509906296,0.00889471537616521,0.00879555553316046,0.0077854262336456,0.00830936907482098,0.00741332421821806,0.00856377479496711,0.00754267283856975,0.00777241204308799,0.00673728481663536,0.006507165661915,0.00559506384762049,0.00566698784542848,0.00497987825400099,0.00472587414049278,0.00413063257761318,0.00396273044992568,0.00394524903436039,0.00309265755047959,0.00245618560440017,0.00267334700054958,0.00236385052994416,0.00133306992803922,0.00224042845818927,0.00259630228156442,0.00175594657366498,0.00156803295926236,0.00198385562218551,NA,NA,NA,NA,NA,NA,NA,NA,NA,NA,NA,NA,NA,NA,NA,NA,NA,NA
418.165,0.0267264262417918,0.0194860555712254,0.0170479147659348,0.0226546693107656,0.0211275802371568,0.017091844011213,0.0168245938182822,0.0186463889526367,0.0134186142608077,0.0144222267307081,0.0139374185121184,0.0128763803739307,0.0131394453138795,0.0111557408733987,0.0112195974398448,0.0114355731735496,0.0100472496324593,0.0100247533499378,0.00956587040521474,0.0105615223899294,0.00825720041489415,0.00948949201917971,0.00845505591271957,0.00892348540549816,0.0077369127282447,0.00756466499784688,0.00793595938885869,0.00764742773614864,0.00763548631041518,0.0071413548947082,0.00673878070771425,0.00668158199567558,0.00643335830334021,0.00548708328409324,0.0053234060983544,0.00513644839901007,0.00514086015041901,0.00420884568686152,0.00377261109889279,0.00364359699886557,0.0036963937062468,0.00295582055510289,0.00255572091438117,0.00239629171036736,0.00222306201828357,0.00185994079594892,8.8064399608846e-4,0.00191829529465201,0.00132907219729108,0.00179963730305671,0.00166566064691624,NA,NA,NA,NA,NA,NA,NA,NA,NA,NA,NA,NA,NA,NA,NA,NA,NA
420.47,0.029104442898443,0.0275379413317215,0.0283701871552056,0.0209038735256058,0.0187317898749208,0.0202820306064014,0.0171452392489655,0.0140537088609655,0.0142227753707366,0.0120038029093539,0.0148482253821751,0.0130458724698402,0.0124174079795027,0.0122761939249754,0.0115086859784521,0.0106584912791646,0.00984499643772533,0.0106336503440789,0.0100575811827876,0.00984762818911935,0.00879985925249649,0.00981901731639973,0.00913972395363273,0.00910901201609855,0.00839601607728174,0.00827088054005938,0.00810866409150831,0.00800816206155133,0.00660032264069284,0.00790663606392085,0.00689823049999807,0.00707006931397243,0.00607153311164651,0.00628283971053839,0.00535865722399285,0.00522855986022802,0.0050760617568411,0.00430209521050453,0.00366185502411921,0.00337014543124721,0.00339977732196869,0.00200926662097732,0.00244171831287553,0.00217838082416324,0.00216361281175186,0.00258996745038886,0.00159725148203256,5.8678974227949e-4,0.00127207756214957,0.0016683249704677,8.6892130498138e-4,NA,NA,NA,NA,NA,NA,NA,NA,NA,NA,NA,NA,NA,NA,NA,NA,NA
422.776,0.0287168471327799,0.0345234277060551,0.0303294754976077,0.0237718114661764,0.0226284052378996,0.0165916217135398,0.0194390732884605,0.0162339163168566,0.0168944527181231,0.0163015601114161,0.0179818545053521,0.0123662115937983,0.0141950897562149,0.0123311012390587,0.0125797704477377,0.0107657458118849,0.0111897483737824,0.0107690958320419,0.0105831838828084,0.0103631480606051,0.0101941457494604,0.00914101236414824,0.0090645284655057,0.00863816096174885,0.00925367983390841,0.00871420687540756,0.00820940761812912,0.00752180949591021,0.00789621545271496,0.00754509134041991,0.00744828366341444,0.00685925832078546,0.00607584784379098,0.00682816953750731,0.0057729607457669,0.00606218337811752,0.00572914664325389,0.00454096055688398,0.00367209379637935,0.00327154335375306,0.00320006274069868,0.00325511756312606,0.00238172621066306,0.00333892013808387,0.00268133981848012,0.00253086943530779,0.00223533660305709,0.00234984326869633,0.00120653495064875,0.00218984191163935,0.00161740411055364,0.00192513519176785,NA,NA,NA,NA,NA,NA,NA,NA,NA,NA,NA,NA,NA,NA,NA,NA
425.083,0.0100061452896525,0.0139550114279301,0.0147441354541841,0.0147902790236008,0.0166582854792475,0.0112795180336524,0.0114180751116476,0.0136019514226798,0.0134641546223394,0.0127040624350001,0.0106148609424374,0.0122238925455174,0.0105575298492886,0.0106214515642959,0.00988133192501263,0.0110009788166875,0.00969111782527983,0.0088904293147741,0.00878914079411288,0.00916923971459119,0.00863068674449541,0.008266426088122,0.00860507030023648,0.00689126628167856,0.00748728555377821,0.00756434611522106,0.00733820960709828,0.00707873673050603,0.00654387525674813,0.00662481980032049,0.006521009600037,0.00627304080339673,0.00609516232178532,0.00543654871807511,0.0049869747511316,0.00439841049890544,0.00438513250097338,0.00413791402656659,0.00379817214950253,0.0033900389756154,0.00320480353602254,0.00319022822247439,0.00233825677790753,0.0021978756951454,0.0023187744345252,0.00162626018597764,0.00122842699317191,7.7829166871981e-4,3.7824844943688e-4,8.3000393071422e-4,7.7944324150067e-4,3.7646883749115e-4,2.3824992177533e-4,NA,NA,NA,NA,NA,NA,NA,NA,NA,NA,NA,NA,NA,NA,NA
427.391,0.0296959253691165,0.0315042798550675,0.0231350987460893,0.0204074570539013,0.0196853480365029,0.0214248988243036,0.0186596321126182,0.0145677837585788,0.0140948912529359,0.0147853878995013,0.0147702616723448,0.0128873179874509,0.0125157591769423,0.0117212711589894,0.011861169021984,0.0103675885685021,0.0107296525801641,0.0100695370087364,0.00933972151219209,0.0100234002794236,0.00852725615411624,0.00860789657800395,0.00927167416971251,0.00815788716715476,0.00834089025035996,0.0072317390828733,0.00819584483265255,0.007557280038294,0.00688083291796384,0.00727355023906965,0.0068328839907986,0.00653624944539819,0.00617814399702145,0.00582834033686358,0.00574587193433805,0.00526177502525569,0.00550147945868518,0.00440586390725097,0.00421416579641319,0.00357104696033716,0.0032900467639454,0.00316422143574547,0.00312344195245542,0.00318301667422192,0.00231844332169067,0.00219141343486955,0.00240613929201,0.00197921377070238,0.00181032037195516,0.00133517435923423,0.00204051750886439,0.0012861621416694,8.6139389185848e-4,0.00185544044143764,NA,NA,NA,NA,NA,NA,NA,NA,NA,NA,NA,NA,NA,NA
429.699,0.0196192804566934,0.0152291930734832,0.0224902912515928,0.0182561286061025,0.015414620889459,0.0170224403305234,0.0130145670750411,0.0162582853844999,0.0160420122948559,0.0148401553492562,0.0113285680131369,0.0114957384070635,0.0107227029436216,0.0110934176212257,0.0101498075417594,0.0102337719493128,0.0108772085235065,0.00899723025737979,0.0100146102539127,0.00931229361681667,0.00928749412123237,0.0097249155807978,0.00863508883355386,0.00790194911259391,0.00853154439749951,0.00795759062309022,0.00742460530027,0.00756162777838388,0.00749405141048549,0.00720244368471368,0.00628565007820733,0.00634951793303826,0.00610532261651917,0.00574578842507128,0.00535843002503478,0.0057051661582188,0.0045262687963106,0.0044305335242502,0.00405004809406104,0.00417935261472124,0.00337721145936839,0.00314849176895873,0.00294778491448661,0.0017443824627498,0.00254066340166559,0.00234342034752604,0.001725142179934,0.00144371978682379,0.00169937149538638,0.00163880345809345,0.00126825383583604,0.00130229281694005,0.00127102104689203,0.00132909608710597,NA,NA,NA,NA,NA,NA,NA,NA,NA,NA,NA,NA,NA,NA
432.008,0.0159266161282629,0.0194421457435338,0.0217902654111016,0.0212761331412204,0.0169156487082205,0.0180379776991382,0.0154667775530954,0.0150768478311548,0.0130117709596192,0.0139704389017526,0.0143195981041166,0.0116564896955485,0.0113745169739103,0.011528324677553,0.0097537236210494,0.0105385082172343,0.00967718438402178,0.00957274101528974,0.00992294386251402,0.00980792940947643,0.00797105994567765,0.00798504881007907,0.00873425454311397,0.0074395202547775,0.00823071213839761,0.00748298046321594,0.00801604706658035,0.00778444662178129,0.00752201830538253,0.00696943311588396,0.00716480453952981,0.00691006312587112,0.00535429875776001,0.00600303507375693,0.00545751076804414,0.00507692673146656,0.00529184951238229,0.00528395308436251,0.00396005357031318,0.00409862919649358,0.00350848396290683,0.00326720481591848,0.00296124293572941,0.00269704428570203,0.00122089847422882,0.00228761791189414,0.00235687912541506,0.00202188852281261,0.00141343920154248,0.00183268823277115,0.0015230423819104,0.00172417679646729,5.1268736772693e-4,7.5662130598418e-4,8.7475919277538e-4,NA,NA,NA,NA,NA,NA,NA,NA,NA,NA,NA,NA,NA
434.318,0.00264888849556457,0.00872821279535842,0.0119557867968625,0.0156715318092516,0.0122741111652169,0.0149690985166969,0.0135942544294859,0.0115835824669061,0.0152768337393056,0.0145165993608455,0.0133717387926706,0.0108815802127917,0.0107743721014697,0.0100152205636336,0.0106422700120221,0.0094220080535827,0.0103198921388889,0.00864726491178926,0.00873429819498021,0.00841382765137071,0.00765638152205141,0.00772444769306267,0.0082008063898429,0.00729257546844048,0.00779150053715183,0.00740102252379591,0.00705655651954833,0.00723483989834964,0.00659684217960268,0.00688240543534062,0.00646984681114283,0.00642647008469884,0.00609361511549087,0.00535500565314289,0.00546027839410869,0.00541582977273776,0.00446896816253498,0.00434444826859082,0.0038148987937844,0.00393950900573566,0.00324322083516829,0.00351190447546253,0.00318868508187421,0.00285086175094363,0.00294532075286726,0.00183568703121181,0.00189749140532195,0.00168336652488897,0.00105004182663046,0.00186381668536305,0.00122969181134713,0.00112953301355328,5.402561252693e-4,3.328808218708e-4,5.9578052731304e-4,5.0931176496372e-4,NA,NA,NA,NA,NA,NA,NA,NA,NA,NA,NA,NA
436.629,0.0421252690093691,0.0363036948800166,0.0190398236273585,0.0200039812247145,0.0174012361018948,0.021169109807218,0.0167661928516422,0.0187542060342559,0.0154872545266268,0.0161888796985899,0.0159579118151536,0.0135648807504022,0.0117020732752467,0.0114361635341762,0.012505724377975,0.011841085188504,0.0106850979954603,0.0111628307148673,0.00935375603036513,0.00982170914739203,0.00976730702058776,0.00806292087464613,0.00832727194537178,0.00831369498578105,0.00788455606977782,0.00835102868261293,0.00778166110947646,0.00859650254087158,0.00748129348331312,0.00711285528705785,0.00737634048469906,0.00671298545713487,0.00617637393135998,0.00639347814135259,0.00587787647841757,0.00556653417591856,0.00449560621449853,0.00512554413306342,0.0052709345442957,0.00454524918701369,0.00413182865822535,0.0044189358752784,0.0033431385831976,0.00301386691311345,0.00309604232706431,0.00373762674947167,0.00201954586717764,0.00192758050566098,0.00237190096373525,0.0013503029161748,0.00154742068905046,0.00181661627589962,0.00170662656486017,0.00108773688583492,8.5277000839527e-4,0.00156393709820982,0.00144183326021796,NA,NA,NA,NA,NA,NA,NA,NA,NA,NA,NA
438.94,0.0282853750993176,0.0111116234909467,0.016074080126496,0.0132703731320596,0.0126759341942977,0.0135788186708642,0.0131925279508834,0.0145637080755166,0.0119644992894227,0.0115887659295252,0.0143662284743966,0.0122824589254017,0.0114054034434313,0.0102107437268412,0.0102720506823161,0.00933656857487426,0.00893493743957353,0.00886928314263487,0.00811057351775875,0.00885068482317806,0.00777650447159853,0.00769299220763453,0.00766824850385472,0.0073737874877898,0.00758475100626536,0.00734440595571198,0.00678662084277867,0.00697378828322218,0.00615179286002033,0.00711222868798195,0.00650294336436385,0.00603067788144499,0.00619947496653381,0.00596821889604653,0.00559131286660387,0.00561618627666342,0.00396205179665758,0.00474611388337184,0.00457232233809505,0.00399273841061607,0.0035361942442701,0.00341534081761707,0.00334192471133728,0.00307527828882662,0.00308182323303286,0.00285231016292456,0.00143531578803815,0.00176219243949702,0.00110526256352249,0.00103134988347489,0.00105328980699822,0.00110910399069366,0.00129272191696616,8.7261250599118e-4,8.3036858175742e-4,3.445482724129e-4,3.4579765222135e-4,NA,NA,NA,NA,NA,NA,NA,NA,NA,NA,NA
441.252,0.0198488996546359,0.0158059826944043,0.0135127182494706,0.0125900578261874,0.0124780982851535,0.0181644414592871,0.013087910148684,0.0144630420431122,0.0132197797715348,0.0137248146942047,0.0115234056190886,0.0114963537449876,0.0109019563229593,0.0097588519656603,0.010535630412231,0.00949512463332711,0.0088669778927304,0.00967583061197861,0.0083813760941004,0.00805033139006795,0.00733504680840086,0.00829975611353032,0.00754925430718969,0.00789868580416858,0.0071617250905223,0.00727705946581893,0.00653174387581073,0.00766735726139459,0.006625220417772,0.00704173720658765,0.00629614780512202,0.00592558049567809,0.0058570833490027,0.0060920638618908,0.00511414298313828,0.00501767686136042,0.0047804637723857,0.00404540188891855,0.00399360362390523,0.00410323872574897,0.00408284493256299,0.00337636541917519,0.00336902380126665,0.00315138216550566,0.00301009439557379,0.00273990118225324,0.00230570397554517,0.00149310418655555,0.00157770194142014,0.00172660676854867,0.00126997101601195,0.00129522810792521,6.6152983462752e-4,8.2505901465146e-4,7.9960244469467e-4,3.2465628572851e-4,6.0735801738038e-4,3.0297147024445e-4,NA,NA,NA,NA,NA,NA,NA,NA,NA,NA
443.565,0.023853560375612,0.0151118985579995,0.0200332968498366,0.0155916798385435,0.0196290448928525,0.0206713209417762,0.0180841015409276,0.0180796400685408,0.0141411904867201,0.0141741057576281,0.0164137983217148,0.012339658481179,0.0114192158969543,0.0122784038219488,0.010631227791814,0.0114972394857659,0.0105861233867784,0.0106076575115185,0.00936331111196724,0.00941148793604967,0.00924108672975033,0.00849004813805253,0.00802685231236602,0.00835441717915822,0.00774579893660053,0.00783000925853544,0.00805655506194196,0.00711179809797894,0.00756412764862964,0.00696278005149838,0.00630089180189766,0.00655890846136317,0.00647816829937075,0.00642221842914284,0.00588086485109477,0.00584017538758925,0.0059102689786715,0.00550697695478807,0.00486115207383374,0.00474692456090324,0.00488860174721698,0.00493691883490742,0.00439246870108487,0.00328306897129313,0.00295707825361842,0.0026797049754712,0.00248308093573238,0.0025633763970603,0.0020968841835966,0.00194252653927805,0.00179359468236454,0.0015406525006039,0.00150428311542023,0.00120594076352841,0.00117862497466335,0.00141290361166693,0.00110552734950945,8.8277439429716e-4,9.7521871702298e-4,NA,NA,NA,NA,NA,NA,NA,NA,NA
445.879,0.016204589228791,0.013043134851111,0.011548733882109,0.0112311774764679,0.0146138641831768,0.0164024055418712,0.0133629002569798,0.0144847412574133,0.0120333847423155,0.0139771262951932,0.012142846842711,0.012354374869795,0.0118706717726443,0.0106665718799966,0.0104171518080825,0.00980613341636249,0.00905812495456638,0.00818922767214296,0.00866376055304004,0.00773886802639054,0.0080392074059402,0.00817758760302612,0.00764314460364101,0.00707511617097275,0.00699936877470716,0.00683980080541018,0.0069272114731482,0.00698835634587627,0.00656341830253557,0.00580527470944532,0.00671005922290927,0.00675628965788173,0.00658248975468117,0.00542060044041571,0.00603782031526399,0.00544744018102342,0.00499285899380599,0.00461816508457057,0.00424256850489164,0.00399637640603015,0.00427063902439393,0.00354782331022894,0.00344806646974231,0.00346831814051898,0.00293570582820645,0.00262042958524524,0.00253127233518711,0.00253560222419739,0.00184223538938126,0.00127673905167643,0.00158440681702184,9.7225214168111e-4,0.00127066779445779,6.3576909279063e-4,7.2930625026515e-4,8.5971017961054e-4,5.8201833940707e-4,9.2061002007929e-4,5.4333010449542e-4,4.3996842863857e-4,NA,NA,NA,NA,NA,NA,NA,NA
448.193,0.0208094589503648,0.017433026277969,0.0226115547466885,0.0203045422708514,0.0198181297980415,0.0176544821019719,0.0185583022255763,0.0158644376370601,0.0138988226274549,0.0158005139255985,0.0129690041643179,0.0142309275697916,0.0126158967225506,0.0107607371009944,0.0105573251492528,0.0108258499835185,0.010371802409792,0.0103439505361536,0.00908760224377943,0.00926438054731334,0.00839692319693772,0.00839675144267435,0.00804963415994283,0.0086268636953262,0.00806517154049456,0.00747825995954325,0.00757604247614192,0.00751244066206439,0.00731030433061346,0.00663473886463945,0.00669678825756215,0.00730092030905862,0.00657106674264775,0.00640683366142264,0.00621576231474278,0.00534090112590305,0.0059028426979479,0.00528967309717411,0.00538127487043569,0.00446071865730325,0.00445496788683837,0.00425843571823165,0.00408235170318544,0.00395733214901363,0.00293125722397237,0.00255135798767305,0.00246137021556104,0.00255424475633758,0.00269554198633606,0.00288875528596494,0.00211870347588827,0.00179895185023673,0.00211323126905188,0.00145493137026562,0.00180510809491791,9.0690737908151e-4,0.00155756863515171,0.00110660522756245,7.6857066329674e-4,0.00113751121094353,0.00110902011444028,NA,NA,NA,NA,NA,NA,NA
450.508,0.00924471161734271,0.0213662001610137,0.0109052749707327,0.00970365255981937,0.0158457698906437,0.0147693463015234,0.0137291249840444,0.0148227235678636,0.015156486255995,0.0140895818958995,0.0134371297885874,0.0129887286227709,0.0106465139915507,0.0112408561974652,0.0094081149475189,0.00961647789263701,0.009720847738249,0.00884657680619814,0.00851223423430546,0.00861111837579725,0.00730761428177929,0.00713563943247901,0.00756525620968106,0.00744497361308441,0.00729676929276002,0.00678737947462089,0.00715408034402918,0.00657203533655438,0.00652741866701309,0.00658304137217522,0.00650720153198922,0.00571860536266193,0.00509184319833443,0.00555222846410861,0.0050954304463716,0.00517814750477075,0.00509281322331117,0.00497249689927073,0.00428930342860779,0.00453407301037368,0.0040085869358707,0.00369932744359855,0.00317763278731817,0.00363219452576145,0.00297286124656734,0.00251622759722833,0.00237199296254026,0.00243365611698476,0.00228656494687392,9.8725231439193e-4,0.00252639940464382,0.00142798491235932,0.00149907925429366,0.00155187821188487,8.035289508907e-4,0.0011432883411912,6.2123268573468e-4,8.3019410751437e-4,2.8605028403816e-4,7.2783849023972e-4,8.637473983262e-4,NA,NA,NA,NA,NA,NA,NA
452.824,0.0256273347590897,0.00393016546773147,0.0173592423838523,0.0178798117714193,0.016199030017103,0.0136090547008043,0.0151092982817087,0.0131718396851368,0.0134790197734079,0.0125001352815968,0.0098440101314141,0.0113353983528945,0.0100456832271811,0.00963621051827415,0.00957051382659919,0.00759902811709456,0.00943629400545748,0.00855540713401831,0.00770058020450464,0.00896521359505403,0.00834238800935579,0.00785463223479606,0.00756718269872109,0.00606922669574823,0.00708788121011837,0.00702306291765665,0.00611492389238699,0.00633701511752665,0.00680608995050394,0.00639513079144464,0.00575241393384976,0.00573346526294863,0.0058944230918948,0.00576902124195,0.00495955067777108,0.00497604855346655,0.00532145295346945,0.00439544841585423,0.00517789993791219,0.00467726279092527,0.00431979556479942,0.00403251331737316,0.00371942115353653,0.00328884593834791,0.00325965103707089,0.0022359258848251,0.00234287634798524,0.00226469915350636,0.00202824254240733,0.0014663786779105,0.00133989350332038,0.00169514523952729,0.00123746850284339,0.00122788953706696,6.5962640098481e-4,5.1291656814185e-4,0.00102417137321664,5.7501404701695e-4,4.0585780149981e-4,5.245206531004e-4,9.475094522552e-4,5.9613897473111e-4,NA,NA,NA,NA,NA,NA
455.14,0,0.0128349752312893,0.00552129147512136,0.00732199085207139,0.0159875711517702,0.0130699152273051,0.0150932046901112,0.0138416765106269,0.0114439860944989,0.0111336498012943,0.0121216907378591,0.00892883762930866,0.0118756520459407,0.00910626139420721,0.00886449658082898,0.00902020934202026,0.00824863558853305,0.00810643125144448,0.00835067777828754,0.00790372342470638,0.00632506579643572,0.00682904341514955,0.00633963182828097,0.00738329946908105,0.00716779688083288,0.00706386963908814,0.00655884992926813,0.00631866857426768,0.00603253199795467,0.00636314831651609,0.00614978217217801,0.0060815519734297,0.00540752119917751,0.00439848022056586,0.00497982066119644,0.00455453929156353,0.00551340770539454,0.00417725610588382,0.00385727314767237,0.00370122658709384,0.00332754624761848,0.00326033557242069,0.00362801040696383,0.00282718264683736,0.00297791341090819,0.00269183833227966,0.00242164244192115,0.00221684954487262,0.00190821653449402,0.00162018761261575,0.00164089390544896,0.00137523253421068,0.00139790090054975,9.232429105111e-4,7.8318634567841e-4,9.6594596984624e-4,6.2191658747885e-4,3.5403765153027e-4,3.671875109251e-4,8.0458375600668e-4,1.4047671969022e-4,6.8979101906844e-4,5.4644697742298e-4,NA,NA,NA,NA,NA
457.457,3.6624063866507e-4,0.00996157975517086,0.0138984891833649,0.0146676004883754,0.0170967757413504,0.0157291094722383,0.0179819642839865,0.0136218227870564,0.0150420940633254,0.0136989714293604,0.0125789801014193,0.00961666085433681,0.0103724868755265,0.0103775384132065,0.00866697340850625,0.0081380362423286,0.00689627764068299,0.00766303736996372,0.00841686827869961,0.00765474954957412,0.00787638657091888,0.00800415136823369,0.00730923311523108,0.00743843674076974,0.00669510843799632,0.00632386912617379,0.00637193162643302,0.00699895104441606,0.00673551224733711,0.00522205604107567,0.0061163482171084,0.0058090077206992,0.00517620112485023,0.00521864868958507,0.00548771276217785,0.00533790039163248,0.00503066087639592,0.00535401897258329,0.00473828455958909,0.00457249530687406,0.00430498792053636,0.0037057559378706,0.00354877025474931,0.00359216506258775,0.00309573707058138,0.0032552776275624,0.00285044678667138,0.00232015495519124,0.00199103688030633,0.00170617291918133,0.00129286018915862,0.00205651461434965,0.00222399808242667,0.00163775049652465,0.00146339071428117,0.00133326609568748,0.00133192505920936,7.7912650759476e-4,9.1169426066106e-4,6.0590590015316e-4,8.4434177129986e-4,0.00101005105336844,7.5397874878793e-4,9.2207996869483e-4,NA,NA,NA,NA
459.775,0.0283093262496232,0.0185217033174502,0.0084668420454605,0.0143509572813287,0.0176921671498006,0.0132785361853579,0.0167293719245726,0.0129619520896082,0.0146849837711716,0.0112369636874508,0.0100272303247449,0.0103562852632275,0.00950350515099344,0.00778840044029876,0.00971254317773986,0.00912359009914155,0.00862972695770412,0.00727319005755569,0.00751125795222313,0.00808404885134228,0.00686890962662843,0.00642589689893263,0.0065275568726834,0.00671575272236164,0.00661691404630668,0.00680423106665113,0.00635024119381049,0.00600875324160858,0.0063891494390688,0.00654470214120617,0.00622489396562135,0.00590487496028681,0.00594021520283326,0.00555030182766045,0.00570024327026875,0.00447652462546882,0.00416285194293684,0.00503568405789637,0.00464368531598316,0.00442783174527177,0.00413467566352714,0.00370969260386751,0.00423616478793701,0.00363401403377548,0.00299813405214331,0.00319425332665623,0.00266537253608676,0.00247209264844707,0.00216351241536762,0.00190208640567017,0.00178841742045463,0.00162180845282241,0.00172265855385432,0.00142481785065939,0.00174809851253208,0.00125542016799412,0.00115938389955165,0.00101608206150044,9.316098175286e-4,7.2797371456496e-4,3.6792396702263e-4,0.00106677173489293,0.00108745882381703,7.5251293042058e-4,NA,NA,NA,NA
462.094,0.00990016766018354,0.00474490889211582,0.00519387252704925,0.0131250070933603,0.0144080872637714,0.014300896111329,0.0114909221957703,0.0106696443592274,0.011010810156962701,0.0097806905811572,0.0113209664031914,0.00927811412190253,0.00897811966139863,0.00825395503424615,0.00704859378185754,0.00818422959310906,0.00747348542542142,0.00743981868304309,0.00710443710829694,0.00640925718131869,0.00678618141377361,0.00697419573682126,0.00652648091113946,0.00552463466398373,0.00603374803679328,0.00558380515427764,0.00536284696669498,0.00574586167224085,0.00498617167582317,0.00544686061910474,0.00519275984273284,0.00514220422351242,0.00481970535446765,0.00526992936530844,0.00439872670296588,0.00442222949837495,0.00432824767695552,0.00421560673932183,0.00433452816837876,0.00388675042053159,0.00351504911173881,0.0036849150432455,0.00310102658124269,0.00290232403682647,0.00247546091241738,0.0033964323211883,0.00257588054980136,0.00238544970452114,0.00228240588947231,0.00207113675507133,0.00194465232248075,0.00193031310756302,0.00134869446079089,7.4926093287552e-4,5.8595169406587e-4,5.881920552857e-4,7.845185067485e-4,3.7586483617256e-4,5.4256410239151e-4,5.7473386777929e-4,3.4230050201525e-4,5.0750061453218e-4,5.9492540881851e-4,7.3459860060931e-4,3.6132020593516e-4,NA,NA,NA
464.413,0.0319234920098098,0.0241196127583869,0.0280542944197172,0.0194184561172862,0.0193358126991431,0.020795791925899,0.014011350515825,0.0154059355831737,0.0144109166591381,0.0132904173085267,0.0124824300587778,0.010935109435434,0.01057446190518,0.0103442057424353,0.010378577947877,0.0107161290424846,0.00899442635952297,0.00916592224293216,0.00842559378136374,0.00809504403324944,0.00781713779407118,0.00795860004582558,0.00732948404782703,0.00687222919204493,0.00764030511280442,0.00705831890221449,0.00685404986372017,0.0068624523656007,0.00629547205097328,0.00664262882088415,0.006028291420085,0.00567156759371394,0.00548361235177933,0.00531375884558443,0.00597460512688718,0.00531349471038195,0.00514352169347756,0.00509343409580832,0.00478169428198439,0.00483118037188505,0.00380219996676665,0.00495341174350439,0.00435087096721482,0.00351691954137751,0.00342420402103457,0.00315558444628537,0.00361144161541278,0.00319758840267169,0.00220140320073162,0.00206768468718587,0.00199637700171871,0.00196708429150853,0.00284314715883145,0.0018997200936972,0.00188262932164431,0.00178793795537469,0.00135132035865874,0.00157509010690928,0.00123651374256939,0.00118022207948296,0.00133977471575424,0.00120478548723352,0.00119345257808192,8.5159929612074e-4,0.00124174686467774,0.00130615656641315,NA,NA
466.733,0.00680554729419571,0.00289865720520024,0.00879900957389681,0.00820830561928127,0.013524802599086,0.0111129381462304,0.00932303635194413,0.0105253283918739,0.00971850009226577,0.0093202070199135,0.00866316971162373,0.00812576850303076,0.00919220590391221,0.00771605131045227,0.00742791299374325,0.0075614929863428,0.00706331885526282,0.0068888341839798,0.0073942520394808,0.00643616088006573,0.00527848906259144,0.00546751708710377,0.00664829994053061,0.00610716745993541,0.00593326330419207,0.00530254268755227,0.00540314304183115,0.00476178577853595,0.00476375344202991,0.00531267924014314,0.00459911861038246,0.00465280901412368,0.00484663910617003,0.00481595048877034,0.00458330556401091,0.00413867999991367,0.00414818463402614,0.00377020530239607,0.00374276861076577,0.00375514303544712,0.00384981331762608,0.00343236987865387,0.00334936226122346,0.00288402524796056,0.00283615962784691,0.00240304505521726,0.00216984131226681,0.0018631855352437,0.00212839573265746,0.00194090355677415,0.00195546830090795,0.00194539543457073,0.0017392898021689,6.7804311698068e-4,0.00122381080469796,7.1257514865995e-4,8.5043888947091e-4,8.2233416284005e-4,7.8649986078152e-4,6.0841572303935e-4,6.630900119704e-4,1.785314603566e-4,2.2950016859463e-4,0,0,0,5.6551627074861e-4,NA
469.054,0.0191505786134101,0.0185239764737207,0.0115252876810185,0.0142935215381268,0.0135828212431694,0.0143504553348214,0.0130850938027634,0.0108731651195984,0.0111029338887401,0.0123496141066323,0.0117893771736862,0.0106835726346999,0.00876287314989882,0.00915680792578762,0.00886090613643521,0.00930493275220867,0.00800832958648607,0.00756648651074267,0.00581964955026168,0.00614449216888761,0.00628729913469162,0.00624532475504198,0.00637071809113422,0.00663559679214521,0.00598927013332863,0.00580690417775278,0.00562587749158546,0.0059900106103369,0.00539509114335555,0.00569521050917388,0.00544869089709461,0.00528995115325587,0.00493061420080262,0.00518999833833564,0.00473690238167356,0.00502697875488177,0.00468101693134791,0.00413142724376905,0.00406436237752031,0.00365381200730234,0.00357837819710383,0.00363200984521998,0.0037043015701456,0.00332746752631578,0.00277170527459619,0.00293737023036953,0.00266322489659699,0.00199011809134862,0.00195436760373453,0.00189885542067751,0.0019189499075163,0.00189103329311309,0.00165086236243695,0.00115886232764386,7.0462801167204e-4,0.0016501915465612,6.4636400303644e-4,6.1851855836747e-4,9.0617566079569e-4,0.00100033290711972,6.5876390744439e-4,0.00101201914436279,7.2915741326674e-4,6.5672129856192e-4,7.7612064320725e-4,6.614306347011e-4,5.1916197066814e-4,3.0512052189852e-4
471.375,0.0130713646485308,0.0191763269880414,0.00830995803369105,0.0167156714018498,0.0195089126582774,0.0116824574567664,0.0124731589960937,0.0121321966714865,0.0132055370686699,0.0103493838086394,0.0100687679212318,0.00950800717416187,0.009821792046436,0.00846440206254484,0.00810222123020936,0.00729587771365073,0.00769267084962461,0.00728974111840307,0.00687869954119236,0.00663051422114208,0.00560825595994254,0.00642665797218631,0.0074510659538247,0.00604147454710746,0.00629750206161535,0.00602293964388726,0.00559243610090014,0.00600959767044541,0.00581156712543431,0.00594752142234565,0.00522450565698223,0.00504680161450681,0.00514359068063418,0.00519407103047124,0.0048172853663647,0.00501817983074126,0.00419184549396705,0.00385510991854107,0.00431071809627023,0.00394188177184668,0.0039207549465921,0.00365269777540832,0.00329608952222693,0.00346280803101685,0.00326113241339744,0.00296820330790506,0.00306882516399112,0.0023315280423807,0.00157614650647413,0.00235428367080056,0.00192359489622062,0.00184335518456487,0.00157775277930416,0.00119328159688325,0.00125131016326365,0.00101694002039294,0.00127286048203154,0.00133209307287919,0.00115151081479052,8.0826905392721e-4,5.1055586951202e-4,6.6590273473276e-4,4.8010638574368e-4,8.945854738615e-4,6.9796869459728e-4,7.5025088159403e-4,8.2476462752356e-4,5.1820342883643e-4
473.697,0.0146624310782227,0.013277939153620801,0.00981879432926863,0.00884564784560854,0.0121480815399308,0.0100619363475892,0.0112774458411848,0.00967086226461816,0.0115015689122753,0.00765134698789046,0.00938873554987174,0.0102569054074032,0.00683466443788779,0.00737562747479728,0.00756154567504252,0.00726387662751364,0.00652033421700095,0.00641478994061948,0.00688523120959428,0.0071908558832176,0.00683939832963549,0.00607118149124917,0.00581677603061131,0.00538526179286465,0.00525772491652362,0.00537901135712905,0.00489877310366034,0.0053341884724589,0.00547906140356984,0.00507622344731521,0.00506812541179654,0.0051387086276099,0.00479655504438138,0.00440062381039539,0.00474582782758182,0.00404896691322804,0.00408457130340441,0.00379974784782419,0.0042701531033499,0.00359920775671224,0.0037889382689549,0.00366380957404823,0.00345545283570491,0.00304254888002315,0.00247249813258924,0.00308983743556746,0.00242404684738972,0.00240980665186571,0.00214106678339673,0.00170391997797391,0.00212222675186459,0.00184316614997269,0.00156334932862538,0.0011907613974399,8.4239482873262e-4,5.0861702562181e-4,7.434038882222e-4,8.1891874102163e-4,9.8084064938265e-4,8.242482288226e-4,2.9532351873222e-4,4.4072995457629e-4,5.6139021978755e-4,2.9691577499721e-4,7.7888998816852e-4,2.6415954397874e-4,5.025958972775e-4,2.0176068586583e-4
476.02,0.0323437957152106,0.017275317057394102,0.0202713739754095,0.0212790936839255,0.0159917788584159,0.0182780847861325,0.016922881481768,0.0135427841155128,0.0123921792978773,0.0126327677126044,0.0113845827668932,0.00930981213362322,0.0106058330116429,0.00932669538368815,0.0085089206668563,0.007590536312709,0.00772375734426372,0.00747575128729811,0.00790985344712282,0.00706213876201744,0.00708108467480349,0.00685584760924469,0.00713589055528578,0.00663166182813001,0.00599432855025474,0.00543063631933248,0.0060194979301844,0.00509604829386608,0.0059608959360035,0.0055183090208356,0.00519330284022959,0.00536650251232382,0.0053643059799772,0.00502508293395804,0.00513695636229964,0.00450404540270988,0.00474532645247693,0.00510808010966322,0.00452433129357856,0.00409322622319099,0.0036722927702376,0.00365261048939833,0.00337539616784226,0.00334537141615205,0.00382592712184944,0.00345935498736106,0.00341816604782683,0.0028512118058616,0.00275432005448402,0.00258716246954536,0.00234083667695303,0.00186189812585691,0.00158055867308854,0.00122205455341948,9.8578471247567e-4,0.0011402825293442,7.1916261609247e-4,0.00165810937016448,0.00119571164471415,0.00114537430169361,9.2587285196208e-4,0.00104485485515246,9.318827939465e-4,0.00105550641497415,0.00106198997490573,8.0102470792966e-4,0.00105024982176731,6.736481378825e-4
478.344,0.0155628348938432,0.00947616327260492,0.0104598460070046,0.0128421388814896,0.0129678151613338,0.0116003018906063,0.0127209840532632,0.0103266162863166,0.0114558428437464,0.0108348757331371,0.0100720294392621,0.00992754423768772,0.00869264865987974,0.00847961075141648,0.00701536191614533,0.00796886257672553,0.00706513803296038,0.00750670095446282,0.00674112451954021,0.00552268307662088,0.00603243778926259,0.00572289481341221,0.00579273829254077,0.00547213405925233,0.00558797781333622,0.00480675617162744,0.00542539156972767,0.00480967187982906,0.00477349860494203,0.00424382890521883,0.00499730222343869,0.0045069637822839,0.00459936138845624,0.00425820180749564,0.00431754004077351,0.00439752026959807,0.00366875371050328,0.0037805885730777,0.0036059678288681,0.00345637763308285,0.0036438007526391,0.00331360682029449,0.00347067013514146,0.00277166200260814,0.00262248128869752,0.00262143121113409,0.0024167879978416,0.00242688916528252,0.00186424758552898,0.00158662552742801,0.00186234650668162,0.00192372551446484,0.00157251871522324,0.001307071536143,0.00112642756261482,0.0010396574277491,7.7105354531744e-4,0.00102787459389447,9.1993468887425e-4,0.00105433895275588,2.4778907748726e-4,6.1972550519932e-4,8.7890709005811e-4,0.00101407152926149,4.9667299587069e-4,4.7119146519316e-4,2.7664756615999e-4,4.5818663954968e-4
480.668,0.0270860753569301,0.0192547858159455,0.0182746233615476,0.0163327627564898,0.020658854148581,0.0133198874929487,0.011459037956626,0.0127792531880498,0.0142823381576088,0.0128375221335276,0.00888032119913384,0.00997948517068905,0.00750391425213024,0.0097169764459838,0.00799991557167112,0.00843797922902771,0.00766745821356262,0.00676648028780689,0.00700291181886864,0.00696904309911924,0.00607697108290114,0.00602095420240143,0.00606683946555543,0.00559584710058624,0.0053963600711946,0.00617745723218641,0.0054221194705168,0.00467022979101804,0.0049155745753826,0.00518275613212564,0.00485299372060088,0.00506670844894628,0.00422121339962609,0.00472188942763388,0.0046547269801078,0.00417478456522562,0.00451789428928615,0.00428313195834878,0.004393236157219,0.00430972453025094,0.00361224667204551,0.00337545263555044,0.00381501486391743,0.00367281325363879,0.00338292349702395,0.00323032660193863,0.00267118466164062,0.00273568813553647,0.00247792614337739,0.00194596441681943,0.00256383508822491,0.00190523726933226,0.00157137672036812,0.00143967613283378,0.00132738335170898,0.00119838355033609,0.0013440368528023,0.00108724690634066,9.9393871548337e-4,7.8355286514174e-4,0.00131613887799283,0.0011499965263826,9.7093563393822e-4,0.00127455738828087,4.227055768189e-4,5.8674452247795e-4,0.00101097805200906,0.00100913053307685
482.993,NA,0.0148304058307306,0.0132120542279509,0.0120728650803695,0.0133832805271339,0.0108656346626731,0.0121942578149731,0.011018497176432,0.0099875910431924,0.00927666415643433,0.00853012842111478,0.00800440900187084,0.00864569978106077,0.00696485887736054,0.00662078436300159,0.00726625847235435,0.00680931509525689,0.00625889429906414,0.00554535749085298,0.0062751016804081,0.0060247964042565,0.00500383343727993,0.00559339832076423,0.00589067527997055,0.00518851727112762,0.00526539131188055,0.00485152242120504,0.00455921576477404,0.00506119806564445,0.00479297352533243,0.00496131200764358,0.00402695304241847,0.00463107514973619,0.00468514922177043,0.00429698563407003,0.00394318157872215,0.00392959778982139,0.00405513311013758,0.00420109276233157,0.00311728887081596,0.00359050033335775,0.0032875258132522,0.00298963239610962,0.00311769988339327,0.00352440564252367,0.00310102938142934,0.00255100617120648,0.00249430129005602,0.00200474203769795,0.0017217598712981,0.00156363794644208,0.0016077379803192,0.0013804751282061,0.00159121833882019,0.00150131377776123,0.00130762130957203,0.00109782134065028,0.00101094454075494,6.2657430789436e-4,8.9776882780426e-4,0.00114205243652609,8.8514519590903e-4,5.3206729456101e-4,7.6103994856625e-4,7.4612854361153e-4,7.3869101163596e-4,6.3315918163405e-4,4.30204465380396e-5
485.318,NA,0.0170544138171321,0.00993935270936262,0.00780342049551364,0.0116533652539319,0.00914615650913759,0.0115546062555253,0.010073184038342,0.0101917894797177,0.00950123015669601,0.00932086539280178,0.00704242024175422,0.00760277202140052,0.00775021723431994,0.00730547256701352,0.00730844884666616,0.00658429179338363,0.006113749787268,0.00726704409009602,0.0058267494328893,0.00632411202978859,0.00605751856178442,0.00553510949845285,0.00568166316449842,0.00544194298536523,0.00527180986156933,0.00518561133636872,0.00500103035979365,0.00494509407936377,0.00463046987373274,0.00459273352235552,0.00443595082102988,0.0043994113104612,0.00418538703912716,0.00351348929842754,0.00360709469969497,0.00415047908453046,0.00378128827993113,0.00347397022328463,0.00350109110950594,0.00369849277194453,0.00325995037371504,0.00319709034646591,0.00311692182498155,0.00310317484314913,0.00288823175172087,0.00274232923479545,0.00289691299835277,0.00275822203233159,0.0027810303318904,0.00236401015528364,0.00204248222360217,0.00173425022829923,0.00199640228294542,0.00155957731328998,0.00133060336067429,0.00108009159914381,9.6789913006635e-4,8.5807427864015e-4,0.00101774217795167,8.2489604559619e-4,9.1170001825933e-4,8.4513724361695e-4,3.5511561036228e-4,5.8119292156366e-4,8.0787388082588e-4,5.7191063291934e-4,3.0139787788617e-4
487.644,NA,NA,0.0144471426848967,0.0156652854294767,0.0145723261359801,0.0164087046496925,0.0108596653551931,0.00882647090646676,0.0109429742485843,0.00827132687726305,0.00931430661617149,0.00688255480347333,0.00760594960954872,0.00907476294231825,0.007971086250149,0.0060476359576483,0.00639462268475717,0.00668004221658126,0.0070008790237168,0.00548703026380683,0.00569531921212046,0.00587615642736089,0.00550549199800242,0.0055809727730453,0.00634327405503191,0.00526171052077081,0.00541273222424034,0.00484426970034947,0.00498885994856649,0.00518503235247785,0.00431401311472482,0.00460867600471207,0.00398031532769888,0.00445135865438045,0.00432086470326222,0.00384187729225037,0.00396732688377917,0.00405459653887923,0.00380639856583747,0.0038799021676843002,0.00311371599189792,0.00326841527305656,0.00317306673057303,0.00303246940821584,0.0031329497802584,0.00272249092337813,0.00260964859584219,0.00273377926934869,0.00208669304835327,0.00208945578414035,0.00210918958402935,0.00177867851719848,0.00179367700075066,0.00178685246498028,0.00144512204779337,0.0012665383672678,0.00109418627728764,9.4936706756428e-4,0.00101916733206765,7.893608922787e-4,0.00141367888274611,0.0011891570174521,8.4379703179737e-4,6.1707581694084e-4,0.00120140831612515,0.00111059116825596,8.6661177651121e-4,3.198799333956e-4
489.971,NA,NA,0.00910075301872771,0.0114502284065553,0.0107140915414935,0.00850169948454288,0.0122269624751891,0.0104018029870515,0.0105356175389727,0.00928939529778049,0.00823317847868512,0.0074331736657102,0.00743423019615694,0.0065467549311668,0.00621605257518785,0.00656350161234007,0.00591353327107779,0.00589324296272925,0.00493673449230997,0.00582960696181683,0.00565821500267206,0.00510821552956753,0.00480177623396783,0.00423526125041611,0.00479712524426877,0.00484264765378375,0.00421269307835825,0.00397930690477844,0.00446056907583216,0.00415731358503957,0.00443276103262502,0.00438349480092365,0.00367326779791847,0.00433696844874681,0.00392016529702802,0.00401488714952522,0.00341195200571482,0.0030198945116467,0.00367152525094012,0.00348560269959814,0.00319996864442881,0.00275753764403239,0.00288009511974687,0.00268064441544147,0.00254254401619617,0.00238685165966904,0.002682781397492,0.0020985466878627,0.0018368668228227,0.00142969740118555,0.00167539438765832,0.00160152190587197,0.001904803708743,0.00133854037930373,0.00156278302748285,0.00119270099551865,0.00113577197634114,0.0010272886329252,0.00109325257593355,0.00108563186165307,8.1050353199128e-4,5.4358902454021e-4,4.125937080757e-4,6.2975451480523e-4,2.6804431337752e-4,4.3709741751219e-4,4.6596746530668e-4,3.3907418641995e-4
492.299,NA,NA,0.00706583765715804,0.00165094342598235,0.00904923149406345,0.00639237904362805,0.007375468699762,0.0069674017132368,0.00597997406950537,0.00764321293493454,0.00593613211265919,0.00617404620760823,0.0064638353263266,0.00561924146963389,0.00696760296309159,0.0050949049835271,0.0055269733796179,0.0036591505821606898,0.00419584973309321,0.00426395800726614,0.00437703294021475,0.00424693379536283,0.00458598273202038,0.00420099393346898,0.00443629216342028,0.00453232345079787,0.0038316480821983,0.0035892211185771,0.00366194693380974,0.00393797004461279,0.00318044442940441,0.00377608662954465,0.00363151198856705,0.00325379052250654,0.00318529251274768,0.00340700661362464,0.00306402780453885,0.00301693263443898,0.00286132539443622,0.00276412979377607,0.00262137689281867,0.00244805007071568,0.00177160610281812,0.00179493165318994,0.00244553748090669,0.00199668248974847,0.002321755660699,0.00198275164330711,0.00201008294398792,0.00133378444118806,0.00114793118281976,0.00132599441330101,0.00103226721149113,0.00116851487818918,4.7188258390451e-4,0.00119815075913504,0.00118185854530164,0.00108695522877648,9.1211675690082e-4,1.2351222317676e-4,2.2442670579225e-4,0,4.7297695940008e-4,2.5736429768165e-4,2.9230576929396e-5,0,8.65204697107408e-5,1.4529763667784e-4
494.627,NA,NA,NA,0.0149783490328517,0.0119491230144128,0.00970175811292989,0.00905919041037708,0.00938418433790214,0.00801383078800893,0.0107141341674605,0.00852747410821941,0.00890204561795596,0.0077900804846431,0.00809448368971965,0.00686763891886274,0.00626338271045646,0.00587068019499443,0.0054449089937109,0.00611630220996566,0.0058741820431919,0.00545400429246414,0.00536990002888097,0.00524713132597873,0.00536537562378526,0.00452442616626863,0.00528463731173653,0.00494133231294801,0.00417211965345377,0.00436123206662269,0.00495349412510398,0.00424902877430539,0.00410109344754935,0.00387828827111106,0.00387269398937657,0.00362586157071781,0.00385638580354068,0.00359823506459961,0.00379600337745867,0.00344301876175835,0.00307633366328654,0.00383601365906633,0.00303779797628945,0.00301004908393429,0.00303943200477736,0.00294923038158388,0.0025913466098862,0.00288076479292013,0.00215597418001846,0.00239008506157315,0.00232868079999331,0.00199629854871819,0.00202122650063051,0.00209446914612556,0.00186354484458084,0.00123730116630602,0.00142921795650905,0.00124074578999897,0.00114820520679154,9.706526924909e-4,0.0010361433366002,0.00120020501405026,0.00122721964114938,0.00119049326970081,7.4866449771018e-4,0.00110063600887638,7.2519716671103e-4,6.334819792955e-4,5.6850022356045e-4
496.956,NA,NA,NA,0.0115398947073113,0.0110068007672753,0.0145385711280579,0.00890478289216638,0.00950162760063663,0.011464001358847,0.00816682277445955,0.00984455647686399,0.00801441456367795,0.00704722116458884,0.00691040685419049,0.00776236727251438,0.00632249532696024,0.00602397315707776,0.00574398314205261,0.00594132449777015,0.00601457499913557,0.00564404294795101,0.00600626251165245,0.00447477195844048,0.00548238939761105,0.00481551731652192,0.00492649969510331,0.00497686866083738,0.00496007551865275,0.00447442963761242,0.00407721922042028,0.0039733800435752,0.00365363135127509,0.00411903677657276,0.00339687699442601,0.00368629766115838,0.00334871050646684,0.00365836988691315,0.00329468100707492,0.00330854898164344,0.00338709250609277,0.00283654432731205,0.00316531638287754,0.00315861286954105,0.00313727248130577,0.00274388426394895,0.00278937876067335,0.00272898622686846,0.00303630898148778,0.00224360127099873,0.00222879311310084,0.00199264674026989,0.00230486744406385,0.00117259888256107,0.00188983851987494,0.00165040047868303,0.00127487419566008,0.00131253255838072,0.00123521221636292,0.00107710563399727,8.2646640694672e-4,5.4434963303848e-4,0.0012955110113518,7.8617684573716e-4,7.4669771556403e-4,0.0010391709163403,9.9897869141124e-4,5.3673768785425e-4,5.7562962489382e-4
499.285,NA,NA,NA,NA,0.00905312066532466,0.0142270303366027,0.0122837583323492,0.0104277272827528,0.00828554664980526,0.00925481687485425,0.00868773157286156,0.00825611897683682,0.00606073616790192,0.00651456155218778,0.0075422912425547,0.00599447276771772,0.00645573518084386,0.00597683958026903,0.00626752919407421,0.00627746349793975,0.00577834614838286,0.00513400833505878,0.00529945426694418,0.00451603197234559,0.00510761706748343,0.00433496626234778,0.00441749801604121,0.00464530557755468,0.00379500978639614,0.00441439504249921,0.00432183377585322,0.00377191432481823,0.00369263472618635,0.00382719306304424,0.00394958610241043,0.00382029982556154,0.00398244555266405,0.00389420287550191,0.00323648177390497,0.0034630515818149,0.00307653720510396,0.00308401276310102,0.00336901123749095,0.0029178680049037,0.00253564730762823,0.00274792092702875,0.00263177930985722,0.0022485444421748,0.0021055770832506,0.00211548062820989,0.00206040425802769,0.0022356470172213,0.00185425057822442,0.00184834653037875,0.00123684019763483,0.00202344717654113,0.00135623164379314,0.00128039526627933,0.00117972905617261,9.0326356466081e-4,6.990027242661e-4,8.5090497727511e-4,8.6766134297869e-4,7.4948148970913e-4,0.00106440069484796,7.2456237254361e-4,7.5711171840461e-4,7.8634586171199e-4
501.616,NA,NA,NA,NA,0.0128788488712698,0.0129915668093921,0.00940049103057899,0.0106262621402537,0.00869295910962914,0.0074092188603527304,0,0.00841072529263332,0.00664526824373681,0.00639234974501955,0.00479573117384305,0.00665669882657932,0.00524111993641426,0.00541814203829284,0.00580313709551169,0.00535927161560357,0.00488828754531558,0.0047183855253563,0.00467295431930707,0.00423296333106272,0.00468947270911089,0.00398629929454868,0.00389151429816731,0.00384497488293665,0.00390579028394044,0.00297127302169762,0.00405655106175624,0.00353830823529382,0.00328622276546857,0.00355015750900295,0.00346652665250457,0.00343708451061153,0.00293983531973772,0.00315165536682078,0.00354332087820167,0.00297021762604614,0.00283843524769309,0.00262505508239938,0.00278717273079696,0.00244520699906845,0.0022402208555744,0.00253112207779738,0.00219073983708577,0.00196909089850695,0.00235822902237425,0.00241682454259339,0.00156577195958796,0.0013936194378849,0.00180943914883431,0.00158474097297031,0.00125313793878381,0.00127865432853916,0.00135569747320893,0.00150440942677801,0.00121970429866737,0.00100712575396662,7.0853931792099e-4,1.7323430316616e-4,5.5926937232103e-4,7.8969591043818e-4,1.3807797705124e-4,4.4559262070809e-4,6.734797735389e-4,4.2047052086466e-4
503.947,NA,NA,NA,NA,0.00500332021648296,0.00972503361798527,0.00648560574731377,0.00414527265836816,0.00671557883190257,0.00653526934314353,0,0.00474494287304194,0.00612294029910471,0.00546377633768298,0.00468076111322094,0.0041739221612558,0.00521139238913674,0.00433699350194097,0.00412711185749572,0.00332403530689546,0.00427700161904986,0.0038236093853797,0.00330282013399007,0.00317743658140081,0.00345185622020015,0.0035082835669931,0.00305215374872446,0.0029957117579107,0.00329627638469248,0.00413082489505831,0.00302518434919964,0.00301353145976082,0.002983971337189,0.00299920511920028,0.00286789405176818,0.00256343781683432,0.00313308622985039,0.0025381495486251,0.00251634878998671,0.0025014891397928,0.00286380436399884,0.00248128645362312,0.00163551769920908,0.00203027012875547,0.00230607565142364,0.00189669392644269,0.00227933195564513,0.00166924352400797,0.00182907515287022,0.00190950665382699,0.00134488485212405,0.00151113665322036,8.7438221714467e-4,0.00138882638935728,0.00118541621366515,6.0126962010984e-4,5.0281243161024e-4,0.00102150831342404,0.00118390814809458,0.00105690356200492,7.5389227144917e-4,5.1175483472697e-4,5.0712623453576e-4,2.8555961349195e-4,2.4814656608061e-4,5.3778440928529e-4,3.271011840949e-4,7.09807610818528e-5
506.278,NA,NA,NA,NA,NA,0.011953004091611,0.0110632354767572,0.0105445545558734,0.00918328444398351,0.0096251876237183,0.0104466414582115,0.00729495114182961,0.00662347598389722,0.00753243956425008,0.00774396259554799,0.00640974941689149,0.00536589773988016,0.00564094017549119,0.00551303375135178,0.00570509381765853,0.0056926322769554,0.00508909546236212,0.00502943228857243,0.00473102423979371,0.00515255653012678,0.00508624584229578,0.00452855751534249,0.00475301742970958,0.00450443657880985,0.00407799846102954,0.00354703411515596,0.00310058317283874,0.00424817454244827,0.00384019058803719,0.00375072982402674,0.00354941337518984,0.00333535728942387,0.00338384559080202,0.00319419981899742,0.0037828269425362,0.00335786776907938,0.00323885360926754,0.003517389543251,0.0032629050824123,0.00277321887164656,0.00298954829534131,0.00275032840118815,0.0025975858097993,0.00321460508934499,0.00270000577767178,0.00223945342321823,0.0026347546754739,0.00188455935773835,0.00218938513412884,0.002106491558712,0.00204267030537498,0.00165888917808177,0.0015316236800529,0.00158246715523568,9.9938908025884e-4,8.2153348548092e-4,6.7025399502929e-4,0.00100158861253225,0.00184659876213112,0.00162748830664289,0.0014027285677363,9.5409225782785e-4,7.9493651523296e-4
508.61,NA,NA,NA,NA,NA,0.00571012587454277,0.00791888642970739,0.00633936477534672,0.00736577898102229,0.00406137611004015,0,0.00336553207016074,0.0034012558041419,0.00540528678763314,0.00460410747391295,0.00433009842296261,0.0038996953421802,0.00307990107475396,0.00377157560069237,0.00348428606168804,0.0035764476645133,0.00355231169537895,0.0038293336594136,0.00377145210678168,0.00306423232519509,0.00315177840913567,0.00352652997346232,0.00321084488475982,0.00318262964091704,0.00255465469233725,0.00244210606746061,0.00326500874758774,0.00250934578267543,0.00241174841517918,0.00243975224785177,0.00258221826414133,0.00219133871135062,0.00235106047570434,0.00258940759749982,0.00244830303352391,0.00219647539933686,0.00285090159297307,0.00221681546814203,0.00190635106679331,0.00223683888810797,0.0017547058492013,0.00142046504707348,0.00215981791015946,0.00103679721074715,0.00146998580164286,0.00134941952536586,6.4708835146468e-4,9.4350028225914e-4,9.2601901696578e-4,0.00107594045134953,5.0147815119516e-4,5.9940309672164e-4,0.00117018414665541,7.6684048655211e-4,9.2812718578126e-4,8.9257762907776e-4,8.776040707686e-4,7.7882205400538e-4,5.0755671360417e-5,0,3.7800204760412e-4,3.465407740536e-4,2.357988042852e-4
510.943,NA,NA,NA,NA,NA,0.00990560846337311,0.00862345242066972,0.0088495941653447,0.00648227920962956,0.00688405051416075,0.00668629642548774,0.00654741096764149,0.00463481428011062,0.00532047408077959,0.00623104678146118,0.00613193606609051,0.0056585595759416,0.0047770629306796,0.0037883937000209,0.00500675624984872,0.00479907575420328,0.00351565613812845,0.00323925249007184,0.0034666446652731,0.00377515057285704,0.00381002176139793,0.00367689199830677,0.00306586793433504,0.00331595736731996,0.00290213604553349,0.00316812914491419,0.00309630897903537,0.00301379626827379,0.00328987062090824,0.0032179727784559,0.00309443816105135,0.00294263756262481,0.00235254497264617,0.00321657891461959,0.00287738225219683,0.00240383191693051,0.00274604628431818,0.00202275080618777,0.0024204921718034,0.00219987703085285,0.00225000103026675,0.00187567793486327,0.00204014924997873,0.00202268333987849,0.00152604857668812,0.00139544394813795,0.00173796670978173,0.00176952385311973,0.00145770773325192,0.00114944365911477,0.001441451561128,0.00130803418592267,0.00118430988295562,9.8086345455477e-4,8.0605864761883e-4,9.4305852016482e-4,0.00100822389447969,9.1111846347034e-4,0.00119272942028461,6.7669181631889e-4,3.8310819865545e-4,8.8498067125187e-4,5.0672118565974e-4
513.276,0.0125235323374729,NA,NA,NA,NA,NA,0.00662151782698193,0.00825374539111999,0.00687717133744756,0.00791946766472311,0.00389262767491682,0.00610968185884029,0.00682599797470925,0.00582264650233841,0.0061333893662742,0.00576055621900902,0.00587737604246803,0.00490105049260282,0.00388585058453473,0.0044835004800732,0.00454454859383057,0.0037054190131132,0.00480925278517435,0.00400994846498067,0.00434267056576799,0.00344702944360194,0.00386477685252098,0.00379633054139742,0.0027601657310825,0.00288006879824925,0.00352243584710906,0.00369201392279232,0.00359215631218054,0.00309513968991366,0.0032399092182077,0.00293416462824135,0.00281682769129298,0.0028669177844145,0.00308858082799205,0.00330966287169764,0.00280104340722787,0.0027802868317971,0.00245065919592142,0.00251702784894039,0.00233509762916166,0.00215277970779425,0.00242096385672921,0.00202198357069165,0.00144952194809818,0.00201563094777377,0.00153646538602879,0.00158770750807964,0.00157056927193918,0.00184719810047327,0.00171402676349734,0.0014760269308946,0.00132491465785786,0.0013222396619179,0.00128659003228342,8.2172295316687e-4,9.3808692181235e-4,0.00102780604000376,9.6502736019381e-4,8.1237570927816e-4,8.32389380165e-4,9.0742144028277e-4,6.6730882138192e-4,9.7664496496622e-4
515.611,0.0192064977441109,NA,NA,NA,NA,NA,0.0105986245462223,0.0127532516598537,0.0102391111751254,0.00953188662155455,0.00900701265472093,0.00798494001128153,0.00735503991916211,0.00750530429625398,0.00563241065088091,0.00590228351257743,0.00518414413112534,0.00517990138114168,0.00535685163954307,0.005048154037254,0.00453831616955678,0.00511850989967268,0.00476192409496799,0.00422304828155809,0.0035686640552934,0.00454614348987265,0.00394045621345323,0.00336608897485304,0.0039186729153275,0.00360910660194386,0.00346594801324012,0.00372254687132369,0.00355925542716642,0.00348565375247503,0.00353603527012569,0.00338793334024888,0.00322254607831685,0.00316423789305719,0.00309614907972016,0.00312276136032734,0.00315085695024154,0.00300320473823255,0.00284110251185878,0.00238202583970957,0.00226762801515863,0.00243521639453731,0.00233865975700628,0.00236959045523443,0.00206719655643747,0.00242821688951578,0.00199608245551611,0.00262984532258807,0.00222343035773534,0.00174957126341049,0.00221141758018108,0.00150804570360498,0.00180646472657177,0.00147059963408619,0.00164381352766291,0.00125166638907379,0.00132226572786358,9.5213640392036e-4,9.3822917997769e-4,8.5757021506172e-4,7.4730538851515e-4,9.208783408222e-4,0.00110282620764379,8.6616154706404e-4
517.945,0.00986297561182277,0.0121246922208053,NA,NA,NA,NA,NA,0.00806313258758382,0.00461460780359738,0.00562153575562696,0.00645848091793796,0.00419384835473449,0.00436548254813963,0.00478801073095831,0.00432838458703534,0.00417030894200306,0.00433845718683403,0.00374895531813131,0.0032373236223865,0.0033799914545287,0.00401611425327667,0.00331034673814596,0.00351074985122489,0.00380917344824751,0.00301614614897164,0.0028761207167831,0.00348608729273175,0.00319903571391694,0.00285054598199006,0.00293090164674228,0.00233128949452944,0.0028884097618892,0.00202850667584407,0.00311154118651184,0.00267721388162604,0.00242568124203947,0.00249931351394593,0.00240131469774008,0.00192097692617515,0.00223714764534606,0.00189380229564055,0.00208593091784685,0.00192449072690613,0.00191961635707296,0.00187471077322211,0.00177850253597347,0.00203164240437081,0.001227950015264,0.00150190480555041,0.00163549423133894,9.0533026052015e-4,0.00124566691530466,6.5325199632914e-4,0.00142025891492965,0.00130975247801699,5.2166533724873e-4,0.00117778500774952,6.0636811931746e-4,7.0262669327999e-4,3.5749752146565e-4,7.9484317116519e-4,8.6583630670352e-4,8.9830327331693e-4,8.8672017789785e-4,7.9157704929592e-4,8.0942409560543e-4,2.7829634094616e-4,3.6605944570752e-4
520.281,0,0.0014969137890974201,NA,NA,NA,NA,NA,0.0077406080718656,0.00700809560143599,0.00697739266936422,0.00548813457592496,0.00564915849855802,0.00530276118960463,0.00421259525208384,0.00446119257977234,0.00373852129236435,0.00297520742739451,0.00297465687494963,0.00395383250982133,0.00357300205577591,0.00317301302752436,0.00320003051129504,0.00334918938517558,0.00317265014261526,0.00278876749611196,0.00352287148480166,0.0028513456774258,0.00289962069585659,0.00274195291648591,0.00240039480906191,0.00285476360327729,0.00240734300380499,0.00226035605027427,0.00242488312703292,0.00255572437243768,0.00231580191888233,0.00221728603252006,0.00196112027791621,0.00256583396051016,0.00242377576260415,0.00186240817710461,0.00165965252328222,0.00167056180562833,0.00197795634269788,0.00187307916536234,0.00197980167953804,0.00175175002824474,0.00117419539613831,0.00123495145662878,0.00108328974353284,0.00207539882628941,0.00107273712733056,0.00127672314344984,0.00108471578577735,9.3917206938432e-4,9.4544295472436e-4,8.3283407259084e-4,0.00127612844406681,6.3447150825454e-4,9.5592711813978e-4,9.2373412036474e-4,0.00112045971719207,9.0613670869911e-4,9.2713165098348e-4,8.2186751826717e-4,5.7059809774655e-4,0,5.9677190048129e-4
522.617,0,0.00200596078105483,NA,NA,NA,NA,NA,0.00664289207461672,0.00647592218926702,0.00598046436816262,0.00473791528705224,0.00480392628444399,0.00499550474957663,0.00444854600594047,0.00336461275576737,0.00278323621640568,0.00361014896049975,0.00424467875086742,0.00411618274233182,0.00386648321974035,0.00401224932915232,0.00344984684563562,0.00385563334921291,0.00334021391871841,0.00343079468170469,0.0031263950744471,0.00298023136631657,0.00287201014096769,0.00283141636874513,0.00249759241091624,0.00273320497191132,0.00275495768737382,0.00295071124928703,0.00238393512069567,0.00280443206599796,0.00227581166034714,0.00225076796594627,0.00167842946821662,0.00214596256239297,0.00177124250924728,0.00202276768508767,0.00208337944371192,0.001873126472888,0.00152273900450842,0.00197175376315688,0.00175835803671154,0.00204324653095923,0.0016526587385553,0.00166357692633816,0.00132251506453371,0.00153969339561104,0.00162692075330263,0.00102027993504035,0.00139364552629476,0.00133577928045054,9.4258792777188e-4,0.00121022933299342,0.00117043754261524,8.3419289667342e-4,0.0011431627623314,7.3744164515811e-4,7.2111443794564e-4,9.4557364931892e-4,0.0010078283072344,8.8597618797064e-4,5.9705800329223e-4,6.9157120220017e-4,6.3822826545669e-4
524.953,0.0225641147796046,0.00878079075061861,0.0169817830815496,NA,NA,NA,NA,NA,0.00584368616414174,0.00838837866758754,0.00883743189274382,0.00532110274462535,0.00540701836684752,0.00556672770726249,0.00438243976452447,0.00433986076062706,0.00454886068808134,0.00474833355082807,0.00431202034259165,0.00408192127708216,0.00347262362818303,0.00439289702697473,0.00350541167940953,0.00383513969959844,0.00371314224134558,0.00362409880054758,0.00321861862195682,0.0036141034198764,0.0024030404138385,0.00355742399174412,0.00323772908384352,0.0029824575954277,0.00282024916992667,0.00304697835761886,0.00278482634726453,0.00287009764118603,0.00213029316670058,0.00253232992801727,0.00233824645244361,0.00255631524720204,0.00252471957425996,0.00211063757451989,0.00235840279662163,0.00211795107949764,0.00217890520039457,0.00202619214842781,0.00244426982735166,0.00256762305089552,0.00208009861446194,0.00184049696108027,0.00221418101935139,0.0019260598131464,0.00245560509305316,0.00167202056707996,0.00213501247343868,0.0017273348673669,0.0021074180810197,0.00113427796994341,0.00149595777391027,0.0012119954668398,0.00141138108733049,0.00127895639227368,0.00112480871952539,0.00109734112739053,0.00096634168575732995,6.9584605391484e-4,5.1947507446915e-4,7.9969281111953e-4
527.29,0.00621332256411731,0.0146195532251792,0.00701197406662181,NA,NA,NA,NA,NA,0.00866556246402209,0.00679285108504346,0.00625586374951286,0.00497852060087182,0.0054359345405831,0.00449184590860613,0.00559693567154182,0.00466644704182815,0.0042679313233245,0.00312843502367638,0.0030254329356143,0.00367065026342389,0.00354762219639202,0.00359341073342701,0.00325305452824661,0.00327390056808055,0.00309508280894318,0.00370511693611225,0.00323111503943044,0.0031388085581493,0.00334447683139141,0.0029193673305432,0.00233378742242762,0.00293034641756497,0.00277738412856376,0.00273692338041189,0.00217378171088371,0.00215728334863401,0.00224277770653037,0.00204496293701313,0.00230276262561333,0.00249537812377605,0.00200376472939311,0.00218374374797222,0.00210544108372486,0.0023499257796329,0.00166694390124802,0.00208229718163231,0.00167003535929483,0.00202949916190404,0.00150768706351144,0.00155826771136714,0.00180580731596434,0.00119406587511522,0.00135512873386332,0.00147917218128139,0.00171331196650481,0.00139219791262141,0.00136971248777421,8.2213396424891e-4,7.2365482951206e-4,0.00115873659673087,0.00113278586859464,0.00121170986771743,0.00121543136242665,0.00122469785511984,9.3094250100488e-4,7.2929027164272e-4,5.7491551076611e-4,5.5182339025192e-4
529.628,0.0228048003837189,0.00916822670217992,0.00897914989544227,0.0111358328582645,NA,NA,NA,NA,NA,0.00685133866347628,0.00717877669650386,0.00596449849684123,0.00567613815096385,0.00443114866646175,0.00432723298633342,0.00483998017469801,0.00370505430667393,0.00413812321675897,0.00375100196109262,0.00466601407327718,0.00380672939109159,0.00384132587478809,0.0031489382045462,0.00340537465029996,0.00333330651208606,0.00272733603009698,0.00372002656684654,0.00296991448353228,0.0026053735553996,0.00332680638083226,0.00265742382133344,0.00262732808671612,0.00239440967478956,0.00307946217621082,0.00258260179415388,0.00252862868685166,0.0025261596263803,0.00226967713314928,0.00252886655643218,0.00277134120852543,0.00223419253015416,0.00265166342565823,0.00244715912354681,0.00197022071206496,0.0019875257286466,0.00212162249314207,0.0015515856214283,0.00160263227501073,0.00150996084459692,0.00162220703334516,0.00155051722171852,0.00126840165142818,0.00135421218655166,0.00111677215048301,0.00216102249900894,0.00139242948366978,0.00151518812951864,0.00140895446580136,9.7911269272418e-4,0.00123231813771591,0.00113167203739212,0.00109721228097429,0.00106445428447705,0.00111588483411758,7.4288002194403e-4,6.2821441183836e-4,5.4843715166414e-4,4.8173806258707e-4
531.967,0,0.00113954906301809,0.00314357457179407,0.00629482532710827,NA,NA,NA,NA,NA,0.00706517194876836,0.00386167553148806,0.00491642286378957,0.00300649697621595,0.00449816534838684,0.00319339926436517,0.00242021414347904,0.00352644803787444,0.00333413983518759,0.00255561421485553,0.00285740826529923,0.00271606687354985,0.00228101700024536,0.00264039343740331,0.00288168686237425,0.00182896081521232,0.00298167618859623,0.00253782974488984,0.00217408714155208,0.00188629814632708,0.00216316473302895,0.00220254209083673,0.00180500088762404,0.00198788542508589,0.00220489303337987,0.00228600929025766,0.00226751584208928,0.00190939646360181,0.00139943324164344,0.00213938955592022,0.00147788059739548,0.00246714375717268,0.00150457103096128,0.00176110100031421,0.00151708870002032,0.00136597678579433,0.00146460791941704,0.00155848182164481,0.00107974412781725,0.00135028527213688,0.00162256644613929,0.00116987985767698,7.5417595567581e-4,0.00147091615992785,9.3356283489856e-4,9.7454421901081e-4,0.0010948358933119,7.9626534014296e-4,6.2195259189129e-4,6.857560190609e-4,2.157630988373e-4,7.4627108081063e-4,5.9233294768653e-4,9.1412700866377e-4,2.9930748173926e-4,6.0311968835372e-4,4.4236379888606e-4,4.525060480192e-4,4.3522443647873e-4
534.306,0.0091731363888856,0.0124065481903291,1.294977022496e-4,0.0105236142308171,NA,NA,NA,NA,NA,0.00453321483402095,0.0041469232653182,0.00501240619737485,0.00473877985953033,0.00426902033613997,0.00375244787664112,0.00306101366389779,0.00379965916461994,0.00330156715558376,0.00379288189759293,0.00302696578603895,0.00354969177894554,0.00334590605627825,0.00297963542875616,0.00262664694849354,0.0027802611512444,0.00227756618253001,0.00214235556802129,0.00264930776976039,0.00287498708746654,0.00203909431093909,0.00229821582394611,0.00273313622947917,0.00246043820934934,0.00201690942800539,0.00189607775042106,0.00202758342494313,0.00218054594849911,0.00181338894933107,0.00199245656064726,0.00162523346624754,0.00161556473440119,0.00176487196441339,0.00216370853326561,0.00142859238362503,0.00210874345500512,0.00138852279944509,0.0012981558338859,0.00173472950119465,9.3508428863132e-4,0.00133681511792056,0.00104990231957872,9.6566649530492e-4,0.0011514152165371101,0.00137073926557885,9.8135489817216e-4,0.00120756573647938,5.8256738193994e-4,9.9719890756043e-4,9.1769315676624e-4,7.9642861842708e-4,5.6516649048221e-4,7.5356786213489e-4,4.839664570362e-4,8.3920180556698e-4,1.8374638675683e-4,2.8403456508872e-4,3.5500089345918e-4,3.9848426570145e-4
536.646,0,0,0,5.5027587788237e-4,0.00611006045850668,NA,NA,NA,NA,NA,0.00474316347821745,0.00293402540813822,0.00304581189647584,0.0035831346894086,0.00336933649104026,0.003210573276801,0.00250010350551966,0.00339208371386411,0.00310487587744235,0.00257298651210991,0.00299141068266794,0.00207262482960139,0.00213482494636442,0.00261082043121764,0.00254206834151901,0.00229824104205606,0.00205229628053324,0.00164516652025816,0.0022649765459781,0.00254643556000182,0.00182291101148606,0.00221699081447504,0.00196406740452672,0.00229091281509487,0.00164085269724193,0.00164903790249094,0.00197945226272892,0.00154985454486,0.001547751583431,0.00160510131299862,8.9642574163645e-4,0.00154218258657891,0.0013560508590482,0.00142259167164458,0.00101307370741018,0.00121832277310492,0.00105562556184827,7.5493248943059e-4,0.00137834419128477,7.1046291192358e-4,6.7896367672891e-4,0.00146739632955693,8.7364734696553e-4,8.4447738911891e-4,8.8202703932177e-4,6.5581616045324e-4,0.00104013149206783,6.1001598269333e-4,7.2369114231126e-4,6.2045111510075e-4,3.6184367536942e-4,8.0269308207716e-4,3.34701672066e-4,2.546345199536e-4,6.062582799253e-4,0,3.7935698335553e-4,4.1265572508905e-4
538.986,0,0.00932752808605781,0.0055178802793469,0.00700285392007339,0.00368361730496375,NA,NA,NA,NA,NA,0.0066572525923017,0.00551964069102377,0.00416168410443242,0.00345238193791224,0.00327384316133929,0.00322811950545219,0.0033715552627835298,0.00316912983091456,0.0023463499574252,0.00374370585584717,0.00270910690205438,0.00250394115355509,0.00232520671223739,0.00280019148316915,0.00214002201822092,0.00273038557686455,0.00223518465897183,0.00277241730397645,0.00244401199281023,0.00241465234298201,0.00219887541229502,0.0017723875492308,0.00212146920287242,0.00145908970480566,0.00200591111656105,0.0020388531000627,0.00204060543060872,0.00215432605853133,0.00194682885958021,0.00175508565888993,0.00206360622822416,0.00147954738248568,0.00206750536214813,0.00182052799702258,0.0012130697273402,0.00170289436166008,0.00188443229522776,0.00142054398815122,0.00137390679328083,0.00142939465229835,0.00108160365942616,0.00108844051958502,9.9563899679998e-4,0.00115309005590711,0.00107903127883479,8.3173646237241e-4,8.766095349869e-4,7.4488526733939e-4,9.4627471563441e-4,9.4478682864881e-4,0.0010113766639665,0.00109588304450606,0.00105830387992301,7.3077775537693e-4,3.6031602758278e-4,7.3239002373208e-4,4.54805269009e-4,4.8482178502893e-4
541.327,0,0.005638149507559,0.0116782764534158,0.00610294098994276,0.0094012938021796,0.00809491829078084,NA,NA,NA,NA,NA,0.00620147055652186,0.00370156937729033,0.0040287125714556,0.00490347733132934,0.00316723275096766,0.00408475596475143,0.00423737726440088,0.00307432132764978,0.0032631647067936,0.00300805444484126,0.00322724931409397,0.00324975841536812,0.00340767213589893,0.00322719602103138,0.00324692963555832,0.0023810304161011,0.00294458461023091,0.002733147295557,0.00254477281943085,0.00235195478122574,0.0026024038122937,0.00188875920025942,0.00200172822713703,0.00216192586257246,0.00187363371808066,0.00224242824769726,0.00190846382548979,0.00211548957560771,0.00231482210291644,0.00243343955583328,0.00175254676197988,0.00178165878039583,0.00184672504927345,0.00180169050479141,0.00223018958454664,0.00202534644020605,0.00206321809604418,0.001366670622334,0.00118047201059072,0.00156396059537594,0.00189069377612979,0.00109888816400009,0.00162735063499152,0.0011733970296257,0.00140908456374716,0.0010938894407537,0.0010830623662976,9.8803164627178e-4,0.00106829854764497,6.9554781368044e-4,0.00122601506074129,6.6023519542865e-4,0.00105717979884178,8.728685791419e-4,0.00123171890286244,5.2854635583838e-4,5.8655622476852e-4
543.668,0,1.9308905954648e-4,0.00899935921506671,0.006513577641823,0,0.00628200331099854,NA,NA,NA,NA,NA,0.0040260121838246,0.00528747148707466,0.00511185238971134,0.00460951868775129,0.00215050281597453,0.00370578612936063,0.00347943025488308,0.00333915967103524,0.00320819224432577,0.00358367062120348,0.00332304385336909,0.00244483532933721,0.00302140507153628,0.00314646484860238,0.00209491097661968,0.00243251775198125,0.00271831956756363,0.00261345839493388,0.00222625632134737,0.0021053240079526,0.00200027315875133,0.00229954044668894,0.00223032992064164,0.0019165130393717,0.0018027170851844,0.00211341407154672,0.00230063329276979,0.00255913570573195,0.00176567652184249,0.00184212612530015,0.00168579189842886,0.00139359083294803,0.0016433624974475,0.00143798684673115,0.00154573157221291,0.00121738964646877,9.0888513366525e-4,7.0566180433463e-4,0.00137327877706686,0.00136217194203546,0.00163077660205014,0.00108447308868619,0.0013297186175527,0.00117544049770052,9.2502674652474e-4,8.5528687053571e-4,0.00128350475760631,5.8192666488401e-4,0.00103771139599802,0.0013373953121581,7.9058519003253e-4,4.3267997104294e-4,4.3485312086707e-4,8.2711669526806e-4,8.5230728035347e-4,8.0183209290362e-4,9.6219276650979e-4
546.01,0,0,0.00377520537772078,0.00206969993327903,0.00323959651145666,6.299163262913e-4,NA,NA,NA,NA,NA,0.00388283024345322,0.00433758031109087,0.00333665988994159,0.0021156188061396,0.0029529721829249,0.00265966605847798,0.00308004352731633,0.00205157674581779,0.00331542004325855,0.00254233532463823,0.0015934783979557,0.00192740844253955,0.00193826885142236,0.00179933367237461,0.00241443629489073,0.00180590789328586,0.00190292322244616,0.00218758627996416,0.00155579101758867,0.0019927088111564,0.00155351764330532,0.00186136051675977,0.00180035750343558,0.00162406973241153,0.00141263592350684,0.0011679435422681,0.00180461444810577,0.00147361487230422,0.00138998336831481,0.0013052647100284,0.00165100487861815,0.00129560854894923,0.00102428940606478,0.00122005358262699,8.5570173928939e-4,8.6623652735081e-4,7.2863531157507e-4,9.2708674336937e-4,0.00128236330573326,9.3809108978193e-4,0.00107219556465882,0.00102986422658389,0.00102978551505025,7.5147718498262e-4,7.4858597673894e-4,3.9982445408545e-4,5.9464946202515e-4,7.4358109664301e-4,8.1351979207274e-4,9.8726706342188e-4,6.15069614164906e-5,9.4875259896084e-4,1.4612844261272e-4,6.0105599514633e-4,3.7689592027353e-4,9.821835284364e-4,4.0340503242439e-4
548.353,0.00915091802805227,0.0107234444576429,0.00572163379250423,0.0134659776960028,0.0124597747569187,0.00672882766902166,0.0108330293668872,NA,NA,NA,NA,NA,0.00658693417631552,0.00551693450364378,0.00471923994897257,0.00473190045669952,0.00370073151786753,0.00376560484884518,0.00373194510696781,0.00368185002321289,0.00336887136827134,0.00359351958752511,0.00386383556722419,0.00330673892731022,0.00322432349106421,0.00358468212720793,0.00265162387329183,0.00264272527788951,0.00255463601259583,0.00238685207291567,0.00236668096140731,0.00216387731500741,0.00251209396895702,0.00215154340593393,0.00230046231210299,0.00218410359959024,0.0024168203242481,0.00159890891052124,0.00201685360619991,0.002069859299819,0.00224812320992053,0.0026131038258998,0.00199795382143562,0.00217936884546319,0.00140967135311055,0.00221686462444915,0.00194352750395421,0.00186937618730754,0.00215955076877663,0.00102907960053991,0.00175132393179836,0.00199498742681068,0.00187089966425979,0.00191501560678041,0.00177372383161238,0.00145817036248333,0.00117248438540309,0.00133475300894337,0.00121563376224482,0.00103024929150832,9.8765211033322e-4,0.00158266428647529,0.00123800504318889,8.7001417333692e-4,8.7779930206567e-4,0.00111158066089564,8.2630040267085e-4,8.3853945686853e-4
550.697,0.00875005413630317,0.00891478648055254,0.00822226393319317,0.00801748783336963,0.0114342547884921,0.0081491637106316309,0.0062857495146775,NA,NA,NA,NA,NA,0.00460497786322975,0.00487411691724752,0.00428456142678402,0.00394155152128789,0.00351183287562748,0.00365962364948167,0.00299230285715137,0.00359122432456484,0.00255306817876139,0.00323559466352051,0.0028858271324399,0.0031294885017666,0.00249888869182675,0.00262741240923021,0.00247403432718284,0.0019114604263743,0.00239127838651276,0.00252658716682575,0.00308215024800727,0.00221850714135596,0.00201884296257571,0.00192998890528413,0.00229107393044163,0.00187475711389935,0.00206404117025314,0.00177691316677843,0.00165247085560104,0.00189204094207002,0.00206724893851213,0.00176379957903575,0.00177990204432371,0.00195248687754347,0.0012461499843508,0.00162770237038445,0.00194735069004812,0.00141662088653063,0.00183815971919145,0.00169502089576293,0.00193519029931741,0.00130895928570108,9.4558404618976e-4,0.00135876374357683,0.00101461585919564,0.00117659800854479,0.00133184787313309,0.00102846082686151,0.00129760379573952,9.9066447840758e-4,0.00145743522201082,0.00131681522198621,0.00121761273687564,0.00122249432202828,7.1184311673579e-4,8.0880235906598e-4,6.3652931168069e-4,7.4813466972794e-4
553.04,0.0163232061425452,0.0227410794965974,0.0120754971336158,0.00650556713988624,0.00926007907383048,0.00817306890186985,0.00859956670570891,0.00805025760046852,NA,NA,NA,NA,NA,0.00466704400611874,0.0040468131601523304,0.00361814749098559,0.00292010364088173,0.0038419595519431,0.00380910950133956,0.00303405336920738,0.00371235189031259,0.00329789822270739,0.00289570187147254,0.00325573202285103,0.00258640278936067,0.00296356664804812,0.00265797382824031,0.00246727421663355,0.002257868354343,0.00228687999303828,0.00182941878150399,0.00262992871913539,0.00191211513410834,0.00225140685762755,0.00199769597675348,0.00149351370347665,0.00245388614381592,0.00211392622174801,0.00213764544145022,0.00178174214997389,0.00220974014958126,0.00197829503552734,0.00181103575736157,0.00159027188053521,0.00228817061564496,0.00191155778473033,0.00181871082281477,0.00144746968101747,0.00140494223451365,9.8587332732411e-4,0.00169826554378005,0.00105014638875083,0.00133645009217035,0.00143420588961114,0.0017812235519714,9.4435602355274e-4,0.00123192075934559,9.1560394877904e-4,0.00129549374151186,0.00111250585556009,0.0012262552411075,9.7295594146383e-4,0.00132790600390606,0.00145388677393027,7.0111342460356e-4,6.1209614817275e-4,7.7595004421319e-4,0.00111261295114809
555.385,0,0,0.00271448502005794,0.00380008134941265,0.00200108322928855,0.00503518904344829,0.00371665725962678,0.00301877327123103,NA,NA,NA,NA,NA,0.00411792140361131,0.00259402980288332,0.00238743998209848,0.00185796153312525,0.0017716377062276,0.00245109617318769,0.00202616320911748,0.00279177961781878,0.00228676552916025,0.00163741874982057,0.00205534056321834,0.00196304398057517,0.00152989172478256,0.00137791646668337,0.00190241406487663,0.00179679452240367,0.00186570110246284,0.00154163056479081,0.00149941282517254,0.00120935969358568,0.00118014777256983,0.00117169352869105,0.0014467638396381,0.00140165279821443,0.00138399446491121,0.0012744537062144,0.00157477378477624,4.8825204505098e-4,0.00142226134391781,0.0012929406668768,0.00121950001197073,0.00114907237691723,0.00109807578184085,9.7908194818149e-4,9.0487871745213e-4,8.5689668138265e-4,0.00115384962597164,9.1944411379841e-4,5.9953387031266e-4,6.3878408730136e-4,6.2637529698724e-4,6.7962362487101e-4,0.00123236844778529,6.8292117890385e-4,2.5529368815264e-4,7.2338343520526e-4,7.8599699678717e-4,8.831351169143e-4,7.1521477146947e-4,3.6523272813781e-4,8.2786822821172e-4,8.4710775269825e-4,3.65990379329e-4,6.0685279332002e-4,5.9282357642441e-4
557.73,0.00280593295723187,0,0.00237214297091323,0,0.00422101962436404,0.00308795552170613,0.00562268667886589,0.00261140031718827,NA,NA,NA,NA,NA,0.00220259958601369,0.00322203639601294,0.0037474775787065,0.00327962287394188,0.00316208248865043,0.00254237972135064,0.0025231748407123,0.00179854329366262,0.00218562038705582,0.0021627387556293,0.00209898455692855,0.001258378970259,0.00198394694082491,0.00134337371640648,0.00169145329484027,0.00176088370018888,0.00164160850602497,0.00197483805086399,9.1666726592637e-4,0.0013259785548085,0.00141169604974218,0.00102448275428497,0.00151704737180539,0.00114286758209717,0.00150220983645553,0.00152785735725514,0.00116775248629704,8.9325714815299e-4,0.00115350959385782,0.00115347631251869,0.00112384128159145,0.00120019570969969,5.8528780624435e-4,7.8924691190046e-4,7.9724617065937e-4,3.4477105968639e-4,9.6202750576051e-4,0.00101697112466183,7.5563603160895e-4,8.3957382358766e-4,2.5442465485025e-4,7.8749239222261e-4,5.8401270862171e-4,3.5760881536472e-4,8.013526354798e-4,6.617338547142e-4,6.1620526644354e-4,5.6136455219381e-4,5.7843911850228e-4,2.9495846508402e-4,0,7.7724279949153e-4,2.2688123306862e-4,4.4962902524338e-4,2.8778410790889e-4
560.076,0.00843207271418373,0,0.00125084098319599,9.4429948798749e-4,0.00345132997681945,0.00432698733902255,0.00562034046177664,0.00220517773945548,0.00580941262236928,NA,NA,NA,NA,NA,0.00278033970394084,0.00269106196501785,0.00299482701066349,0.00314867547090377,0.00284864384640455,0.00257255019114682,0.00248311148472034,0.00185807228183723,0.00220505747712563,0.00248664504612731,0.00197518176662673,0.00192762541027632,0.00139520549303576,0.00178480737371904,0.00136832650598879,0.00151968748762941,0.00172698136719557,0.00148262988456249,0.00126808080236694,0.00158103299331921,0.00149117058961531,0.00154442362552141,8.9752308131456e-4,0.00113486772581228,0.00158275195366101,0.00115198306492702,0.0011727594827088,0.00138584201679472,5.6934191233829e-4,9.4329692737133e-4,0.00122229725997938,0.00108007609831936,0.00201434950214828,0.00160332028041194,0.00116491509139382,0.00115010794152197,0.00127496810656387,8.8650494376236e-4,7.3323189038872e-4,7.3017458954067e-4,8.6765828877002e-4,6.4733776399663e-4,7.2960605274083e-4,9.2072805776002e-4,3.4610729556038e-4,5.0900295873798e-4,4.6349283612896e-4,6.1540520748884e-4,1.7285722211814e-4,6.9834827865938e-4,4.2678795431386e-4,5.4588730010582e-4,6.5398566153142e-4,5.7896040365136e-4
562.422,0.0146930289838872,0.00899168126874027,0.0130150610190289,0.0100625158157956,0.00744078109745486,0.0100047462951646,0.00702082639670326,0.00970465051136751,0.00836418470565183,NA,NA,NA,NA,NA,0.00477786231473141,0.00414243014132828,0.0045023821849526,0.00298368386143975,0.00257747170881283,0.00278399609647524,0.00276572152809446,0.00261199580293641,0.00291308549918176,0.00239343585296097,0.00248524240192392,0.00296392783817418,0.00269018474686974,0.00241007255507098,0.00266594785469239,0.00214567243026902,0.0021996877111115,0.00180112722834999,0.00190556099262901,0.00195571811534025,0.00198380084423243,0.00214533101130367,0.00186854054112648,0.00235048057881864,0.00176408879110743,0.00195131613518997,0.00150058640020775,0.00175000113008329,0.00202757998674553,0.00151524969974188,0.00166796925991601,0.00194524625024767,0.00179280340366581,0.00185869910177712,0.00207270523151428,0.00165363992237997,0.00204392932237747,0.00175820373286287,0.00155760020160493,0.00115412776622671,0.00130602044401563,9.5216221857994e-4,0.00132754487028908,0.0014711641117388,0.00134335849412381,0.0010799672398617,7.3493326731222e-4,0.00111235717790686,0.00173306418825025,0.00120221266919858,0.00109774402862864,8.6531344112318e-4,9.8948641905207e-4,0.00118413005592854
564.769,0,0,0,2.8032734875909e-4,0,0,0,0,0,NA,NA,NA,NA,NA,0,0,0,0,0,8.25882801343025e-5,0,0,0,0,0,3.4221219220996e-4,7.7454790859052e-4,0,1.4581151403987e-4,0,0,0,2.8432292409761e-4,7.9559982940459605e-07,1.1363955059834e-4,0,0,0,0,0,8.7939601689268e-4,5.8905601715362e-4,6.2708590260381e-4,2.0103353544183e-4,0.00122576575327233,0.00103856396056294,8.152836474007e-4,7.520912972929e-4,4.5754274653937e-4,2.8375673820098e-4,4.1976794152261e-4,1.3053404443644e-4,6.8356132417483e-4,5.8309870412683e-4,5.1848223184626e-4,2.9755344290992e-4,5.609830036509e-4,7.7178152971989e-4,7.3692210901711e-4,7.1728867946131e-4,3.7389347310804e-4,4.1546672401036e-4,6.1364578905516e-4,3.5728579388605e-4,3.9139214821112e-4,1.4328484574448e-4,5.9287402656756e-4,0
567.116,0,0,0,0,0,0,0.00497457074363462,8.4670001503612e-4,0.00230492562715304,0.00178672523189908,NA,NA,NA,NA,NA,0.0018501865587138,0.00192448731950015,0.00219765553623416,0.00155235780588157,0.00105417108344222,0.00127580184171738,0.00202979985522358,0.00109188224472482,0.00160645906941021,0.00178689748303048,0.00138821271731217,0.0013084933148637,0.00158402109906183,0.0012230973940537,0.00191164057956727,9.6918246951205e-4,9.2799962174322e-4,0.00144846933282094,9.5113888863883e-4,6.7753448029113e-4,0.00106326982970496,0.00146251824026463,0.00108870951895205,8.8252697852688e-4,7.0974958069411e-4,8.8207381903052e-4,8.2907003383049e-4,7.2951237627729e-4,6.9767573915253e-4,7.0836728707983e-4,6.199657764931e-4,3.1538327802879e-4,3.3794591073268e-4,5.1951616455636e-4,6.4324516205132e-4,7.354639862949e-4,4.8208011456203e-4,3.54311876130063e-5,1.6755070709187e-4,4.7684009556421e-4,7.1365899998405e-4,0,7.1982798150194e-4,2.629467492627e-4,0,2.9666410789601e-4,1.45365001982698e-5,0,6.8002638939368e-4,4.7926396367753e-4,1.2155103751695e-4,3.2532560332226e-4,0
569.464,0.0021325411527752,0,0.00461769741315927,0,0.0044634211968868,0.00348351663910114,0.00420620859501034,0.00350542455620932,0.00170953099760869,0.00322281069429808,NA,NA,NA,NA,NA,0.00305374396235168,0.00341618397625876,0.00223504479605986,0.00267630892526973,0.00167872208312377,0.00242299349986543,0.00292448522109165,0.00186305505727697,0.00247481662614637,0.00150548540431443,0.00165109156477051,0.00198640878700093,0.00118856900461818,0.00160483467038453,0.00172571710220397,0.00143185589369443,0.00146132526211991,0.00132562367074467,0.00156149147612493,0.0015886628722323,0.00114150868564971,0.00123863881441828,9.6987791723732e-4,0.00135410705535591,8.2507099641586e-4,0.00130468105657439,6.3414959167809e-4,9.5694692357151e-4,0.00122472184960295,9.2537266791384e-4,0.00110241522857011,0.00118488292774849,5.5912028961656e-4,8.8517973545723e-4,0.00137404464906534,6.3081009955764e-4,6.2641070338577e-4,5.0998781291323e-4,6.0692785668398e-4,0.0013035089454350101,8.2040675922231e-4,6.3430824656703e-4,0.00105113109796145,5.7366508569113e-4,3.9982249592898e-4,9.01880983278e-4,6.954458436666e-4,6.4339120862868e-4,5.8220610282313e-4,4.4410428570514e-4,8.283962855224e-4,4.4641226963033e-4,4.7493825936817e-4
571.812,0.0109322183477153,0.00793782769181818,0.00846446401777636,0.00306234160554145,0.00239918432703571,0.00762989584700225,0.00411351393875771,0.0026463205928731,0.00444137753058223,0.00514601062170024,0.00350364837083953,NA,NA,NA,NA,NA,0.00346309437300532,0.00341430455428185,0.00293904026089189,0.00272838496664043,0.00211813130220591,0.00254037918323138,0.00217589517768102,0.00126702684933192,0.00104167228214773,0.00182801795733968,0.001454889511072,0.00149285311752566,0.00156603257459673,0.00169146031633859,0.00186616859910616,0.00116332428802675,0.00182095278998241,0.00158453469588525,0.00162280404478355,0.0019093216754146,0.00114533328348219,0.00128166682193512,0.0015891727768061,0.00142102490502211,8.7176523197599e-4,0.00124045845063402,8.6244560153299e-4,0.00153523937003323,0.00136368520448775,0.00126680418352624,6.8665061994995e-4,0.00130087771735406,0.00131076345790269,5.3777258353506e-4,0.00118086345250572,8.3916461669027e-4,7.1761036082192e-4,8.8116821434101e-4,0.00119455439700386,0.00109324687740273,6.268602687277e-4,6.6532597240414e-4,9.7401483398936e-4,9.7669724131368e-4,7.9225145800993e-4,9.639539124677e-4,0.00101959932446984,9.7411663655073e-4,6.7124615486205e-4,2.789030823653e-4,7.1039372564901e-4,8.9702704257037e-4
574.161,0.00544554934673644,0,0.00152717992207057,0,0.0027280951400983,0.00264530466348646,5.6896501717277e-4,0.00373187498658402,0.00390558394538458,0.00425748007092785,0,NA,NA,NA,NA,NA,0.00258380109052847,0.00245071241752978,0.00235838001742792,0.00161464321372346,0.00153427594440375,0.00139337032036737,0.00149960526926375,0.00129404375774355,0.0012328974739744,0.00122786949964966,0.00149818513261848,0.00151838570856415,0.0012011893389011,9.5297816924557e-4,0.00142501676680918,7.2249620533585e-4,0.00145207845752806,8.4540336071945e-4,0.00114214849595915,9.6353156062286e-4,0.00131532557106987,7.6209123708215e-4,0.00101138659050795,0.00106346069427699,4.2192212636084e-4,7.2988881349924e-4,0.0013095521728263,6.6836425171526e-4,6.8881690205224e-4,6.6655245373515e-4,3.6198246155323e-4,0.00105234062888346,7.3681736519787e-4,1.6668263395817e-4,6.872074087289e-4,3.32608591428823e-5,6.88451775966901e-5,4.9824106751455e-4,8.164085195309e-4,5.0650474488829e-4,4.6056661690203e-4,6.7032217615351e-4,4.8465522495942e-4,7.4385293349833e-4,0.00114189862325423,9.4481199105671e-4,6.1206764125658e-4,7.1470156642073e-4,8.2440664407901e-4,4.253261891637e-4,2.4268090407448e-4,1.9194683214569e-4
576.511,9.0531300030298e-4,0.0114940825507739,0.00906921692513322,0.00836079538803773,0.00260040674038808,0.00841577308409275,0.00495161024477121,0.00357157854794726,0.00540714565961693,0.0034383301126699,0.00428338476566551,NA,NA,NA,NA,NA,0.0026784574469685,0.00291684687224209,0.00292025192995886,0.00246791427370341,0.00228482627636357,0.00230317660907059,0.00113479671350861,0.0022124241554656,0.00204413584034391,0.00213618408733768,0.00214101106428736,0.00167762424842246,0.00133910322469861,0.0014738407340093,0.00189579440471759,0.00133955183280812,0.00138689773446981,0.00101228780193836,0.0013067743098397,0.00123277974815698,0.00151926678513183,0.00115455584355083,0.00104305040746665,9.8771127800342e-4,0.00138828010973238,0.00154455655374316,0.00133072023696589,8.9580569970631e-4,0.0013198021973727,0.00174191673536765,6.0948531492631e-4,0.00155473839766177,0.00111356753944652,0.00151181955894394,9.1783993182399e-4,7.0143250596095e-4,0.00179474351981404,3.8972425595968e-4,2.7549096360485e-4,0.001227665412937,7.2097421129994e-4,6.6579888328615e-4,6.9206316061306e-4,1.9663211540482e-4,9.5380528174786e-4,8.4090037527672e-4,8.5553123718345e-4,4.4385303280673e-4,8.4321487158072e-4,5.2600768943829e-4,8.9585624053004e-4,6.6667478183738e-4
578.861,0,0.0023621565900414,0,0,0.00308302706553899,0.00305264727170863,2.1470962717204e-4,9.5839973205078e-4,2.0439439279707e-4,7.9244548770666e-4,0.00220071361210494,0.00268230600298337,NA,NA,NA,NA,NA,0.00257314668271336,0.00310539680402141,0.00176053448086379,0.00199214923998391,0.00186920587187528,0.0019561318160683,0.0013414647917276,0.00119593296801047,0.0016691133465659,0.00113482019388835,0.00148717316217212,0.0010344780501764,0.00140490634127277,7.0192749127168e-4,9.4785373438563e-4,3.4690079178965e-4,5.7765070440355e-4,9.4212175825761e-4,7.1122413364002e-4,6.5684104404518e-4,7.8030084490601e-4,6.0843389846965e-4,4.9108654659224e-4,9.5862374194192e-4,3.694938726989e-4,9.6389069319166e-4,4.5511647730931e-4,5.6624480285253e-4,7.9960217433647e-4,3.4414367945945e-4,0,5.4532725075653e-4,9.0708673211103e-4,5.6903851428599e-4,9.6029880892268e-4,3.0659966750285e-4,3.77103734939534e-5,0.00115662430032739,4.2362062277086e-4,1.9006042130165e-4,2.2782891725343e-4,0,2.1851421852154e-4,5.1394024266485e-4,1.7323206314012e-4,1.4003128844467e-4,2.1650213024179e-4,2.2880652290652e-4,3.0926895625043e-4,2.2284886630409e-4,1.4454585949567e-4
581.212,7.4704638234512e-4,0.0120550706479177,0.00657083821944469,6.3486521604091e-4,0.00357676954804316,0.00410886884855464,0.00469285908159684,0.00341178096464615,0.00649998996754804,0.0048658207075919,0.0034998098443685,0.00383921043167143,NA,NA,NA,NA,NA,0.00220393463076941,0.0024721247686237,0.00234354377763981,0.0021036100836335,0.00286648859761147,0.00191001143488511,0.00216085536717998,0.0015995468492921,0.00217249706082179,0.00130151813985885,0.00178507578415501,0.00123316588714632,0.00165530296422335,0.0017676760608443,0.00148838680928112,0.00158836193076597,0.00198774424550208,0.00101356975242808,0.00151572705982695,0.0011306012139906,0.00109946128695223,0.00161050953999995,0.00117431984003261,0.00129667011830811,0.00146524134603441,0.00112977821497911,8.0076471600652e-4,0.00118763501191794,0.00103811408289504,7.3476582919529e-4,0.00104302572927728,6.6993938835352e-4,9.6894959701595e-4,6.4249237570456e-4,0.00170461901726526,6.1322956871051e-4,4.7728244389843e-4,5.34711559018e-4,0.00102633624833464,0.00101470493452393,0.00119382723405938,7.7608170085956e-4,7.3401841042409e-4,0.00120626160785266,5.5515621182794e-4,7.2480145323192e-4,8.545089346226e-4,5.7161839267776e-4,8.8785726626462e-4,3.43530641631301e-5,6.2404905985843e-4
583.563,0.00667120201091651,0.00985805096370086,0.00513713511082204,0.00477518162013438,0.00357502335866698,0.00442323002929792,0.00411953532644706,0.00303579863438625,0.00236818387424643,0.00590709894664132,0.00264904386291228,0.00301738935651086,0.00293276242197252,NA,NA,NA,NA,NA,0.00256511629051657,0.00272983696134592,0.0022081990929557,0.00199807673026438,0.00148471372462661,0.00201901793109901,0.00156796607644759,0.00212878862131557,0.00210706530711618,0.00114554245279562,0.00200069566507942,0.00161516745219306,0.00194619239155481,9.7044038385735e-4,0.00153469459568883,0.00131045888426429,0.00134470279453551,0.00125206681526762,9.4603096613881e-4,8.9108602694147e-4,0.00100193660989577,0.00134788616938888,9.7909317992116e-4,7.6536185656649e-4,7.6850588593941e-4,0.00143319427010815,8.2628334768132e-4,0.00154299103640636,0.00113716097707734,0.00108602147446122,0.00138541939131878,9.9980315498612e-4,0.00101200740568442,8.3864868088036e-4,9.7801402764155e-4,6.0892268861131e-4,0.00113453851085228,7.5122572349633e-4,8.7008776901448e-4,7.2101281472467e-4,7.4267938099684e-4,4.838477625355e-4,8.5763362303983e-4,8.8652264396211e-4,8.3830913293547e-4,8.9308798904139e-4,4.8401744510178e-4,2.2427331331593e-4,0,4.8832685977066e-4
585.915,0,0,0,0,0,0.00255232208740974,0.00364200086970563,0.00287114049973842,5.8905264179697e-4,0.00249194244699164,9.8098759855342e-4,0.00193851390475025,0.00262928777954779,NA,NA,NA,NA,NA,0.00135878323562686,0.00178489787019902,0.00142659107834887,7.6132529239328e-4,0.00124967112496837,0.00135885534022029,0.00128147555671613,0.00114076988340913,0.00102809460141646,0.00187453810369148,7.7945350679356e-4,5.4017531790123e-4,0.0011430984106044,5.1431284520748e-4,7.9785906856303e-4,5.4167197933197e-4,0.00116515523023256,4.2642946129559e-4,6.3213986275643e-4,9.2007442156164e-4,0.00112500413122616,6.2585814032904e-4,9.6006221411717e-4,4.4930057110252e-4,5.25138244157e-4,6.5857016608936e-4,7.3284069689413e-4,5.553422461703e-4,2.5796951826363e-4,6.205170960275e-4,5.06266738944e-4,3.1323771791623e-4,9.43394585125959e-5,2.522233123755e-4,2.4725513362613e-4,7.8684809026933e-5,2.0191261134559e-4,2.8391185815491e-4,4.3367372176535e-4,2.0151946917364e-4,5.5128649147756e-4,0,3.9063472467345e-4,2.6216938333165e-4,0,0,9.06702391944175e-5,3.2341316414794e-4,2.1406020173118e-4,0
588.267,0.0271435433443382,0.0128777451531595,0.00938923521557478,0.00649023933153555,0.00718960376450366,0.00591254908908896,0.00795297021170352,0.00445722895681784,0.00332657931238135,0.00490048730053867,0.00405691387084772,0.00495068010981721,0.00299598160293084,NA,NA,NA,NA,NA,0.00326636118102823,0.00272728827679943,0.00373142980322301,0.00257807674151299,0.00284705835219156,0.00217917937294963,0.00180503341073109,0.00118313126238876,0.00198877757594417,0.00226157376129299,0.00235783618165969,0.00181148707828277,0.00180672584432512,0.00149558324660676,0.00102571673176165,0.00182870506106447,0.00152407849554827,0.00159499095471235,0.00123849240483595,0.00127785675411882,0.0011265630287841,0.00140741155044467,0.00169491213106945,0.00117377313411121,0.00164155354811506,0.00107137648273594,0.00149321638625243,0.00125484396893537,8.1552574436332e-4,0.00178999498679307,0.00106892551935535,0.00134937537604112,0.00113398295220399,0.00116500381409185,0.0010766294578505,0.00101409092817839,7.6592909062915e-4,0.00144452381988291,8.1465127764941e-4,9.286402452305e-4,7.4284827966969e-4,4.9804072588076e-4,6.1477613990873e-4,0.00136113610595951,0.0013808628959249,8.4834003714706e-4,7.5292301714414e-4,0.00111659879808072,7.3102773143571e-4,8.4634518667984e-4
590.62,0,0,0.0033908626914823,0,0,0.00193404500744718,0.00555327566973907,8.38628077205933e-5,4.9085034270941e-4,0.00223906532151352,0.00311379940860174,5.1873718980015e-4,0.00200982579507848,0.0020318555473749,NA,NA,NA,NA,NA,0.00263705347627562,9.6561131511752e-4,0.00194529516849082,0.0011838990376387,0.0010571490946238,0.00105932734698591,0.00124026643054548,0.00111849265581604,1.2271197981842e-4,9.2095977744579e-4,0.00103418252104349,8.6952712132797e-4,5.9310383941624e-4,0.00112991736035773,8.5732036641053e-4,8.3422834798377e-4,7.4748152972362e-4,5.3542549824359e-4,3.2229919525514e-4,3.4308458552321e-4,5.0027323257852e-4,7.4239500404778e-4,9.6323320668465e-4,5.002736828911e-4,0,1.4987938114506e-4,4.3069226784859e-4,6.7346220311404e-4,2.5721243843362e-4,5.2486102216549e-4,6.530124470846e-4,5.6327108700988e-4,9.6240086071152e-4,3.7996158855259e-4,6.7520321751127e-4,5.447002410618e-4,7.6506219424038e-4,5.077552236221e-4,1.5401108313449e-4,4.8058824785948e-4,4.4234320607042e-4,5.7175912661318e-4,0,2.3342046671537e-4,8.133516321881e-4,3.2396296381758e-4,1.1326119834987e-4,2.7206522065121e-4,8.83859982084651e-5
592.974,0.0190215908292479,0.0129056503541958,0.00373743798069961,0.00227309477600915,0.00589202548436507,0.00309317424546749,0.00316689655884632,0.00254463663951835,2.0854918598325e-4,0.00211922410859585,0.00141441516919815,0.0032072707650763,0.00285780743262223,0.00175524263790078,NA,NA,NA,NA,NA,0.00179717503727744,0.00303772599544194,0.00251630668156776,0.00152093909986446,0.0016254329261272001,0.00155579262769227,0.0022327477252669,0.00110679700653564,0.00114560944183098,0.00105307134187237,0.00130981257849139,0.00107820430143513,0.00128083736515306,0.00118155311825539,0.001234167424976,8.5257096181986e-4,0.00115164510167181,7.9790895475243e-4,6.3685433773154e-4,8.9649444207145e-4,0.00109494408026475,9.106494221316e-4,9.6349711108567e-4,9.225695036294e-4,9.5180032269785e-4,7.3883620289506e-4,6.213167708024e-4,6.6876966056931e-4,1.5733502598985e-4,6.8106680110215e-4,9.3801636844433e-4,0.00104680639717779,3.0972477763466e-4,0.0010939354623272,6.0982104749115e-4,9.1733342945171e-4,4.8186158250855e-4,1.2732606836741e-4,3.2408108979764e-4,7.2554819423641e-4,4.6557701585558e-4,5.5968757538679e-4,4.8806567137215e-4,3.8616539004868e-4,5.42712760335e-4,7.9576257279682e-4,5.1167505916414e-4,6.0028660393675e-4,5.5458458772019e-4
595.327,0.00750189415021684,0,3.22600481372903e-5,0.00409566985480357,0.00352620211571221,0.00496768415199843,0.00174081449003702,0.00250860883272669,0.00369164747324883,0.00232926819067316,0.00322066624831881,0.00191209680963283,0.00172009365562753,0.00248496286820619,0.00305742287156465,NA,NA,NA,NA,NA,0.00268040712475154,0.00207317756492468,0.00196485862289903,0.00183591400283167,0.00152561218159399,9.8861959247484e-4,0.00144000831237567,0.00141477093335261,0.00117929683854759,8.1151267038112e-4,0.00144076181384301,0.00132915575765513,0.00162556883520589,0.00125259988649371,0.0012181976324866,8.8813977712293e-4,4.8576419057089e-4,5.8814494590485e-4,0.0011382160235863,0.00107135449419235,6.4933731097734e-4,9.928130444404e-4,8.0902649575635e-4,8.1911126671404e-4,8.8256852152786e-4,9.9276041588163e-4,5.0377811319812e-4,3.588591474703e-4,7.227949319077e-4,4.6490874106369e-4,9.0972526080103e-4,7.2876483420367e-4,4.2652489894788e-4,0.0014560875130844,7.2793565698556e-4,8.49456122249359e-5,6.5625198983479e-4,5.6598826087573e-4,5.7718533193237e-4,5.7250607725315e-4,7.060449226942e-4,3.5217955604605e-4,4.6669889490966e-4,1.9568449230829e-4,5.1610560637181e-4,5.0269339049007e-4,3.7592630482623e-4,5.1700906329821e-4
597.682,0,0.00463757573685076,3.8466302182324e-4,7.71123637249775e-5,0.00570732157689784,0.00213313009062744,0.0034000525512053,0,0.00233417300374964,9.6635430854058e-4,0.00236014179351066,0.00158840848829423,0.00206450064068372,0.00182999244374966,0.00259113265486338,NA,NA,NA,NA,NA,0.00173866760431031,0.00243671481661773,0.00141815513131572,0.00117569166955544,0.00130114228270746,0.00136376862764063,0.00135723723618981,9.0411067840265e-4,9.8772161256766e-4,0.00111952151952397,8.4062001077678e-4,3.311648911413e-4,7.3978820928107e-4,8.3771233923649e-4,0.00139738187315863,0.00108947058959989,0.00107358598854034,5.9146522597712e-4,9.0379280430323e-4,4.2532581104619e-4,7.8510949558864e-4,5.3265553723024e-4,7.4367588225535e-4,6.9835788999621e-4,6.4985389045151e-4,9.9997963900163e-4,0.00123862331257401,0.00114309095093717,7.2612283826247e-4,4.8711704631823e-4,5.8541914974636e-4,4.1714020078249e-4,7.751921603071e-4,8.7766782444061e-4,5.2146792268514e-4,6.7811741909099e-4,3.9600524686408e-4,5.9086631311963e-4,3.0845809785283e-4,4.0007724704535e-4,3.3692506474254e-4,8.941571846684e-4,3.5225485859285e-4,3.6586842570729e-4,6.0955174532604e-4,4.3048082109513e-4,4.4532423807414e-4,5.3842003362469e-4
