Wavelength_nm,248,251,254,257,260,263,266,269,272,275,278,281,284,287,290,293,296,299,302,305,308,311,314,317,320,323,326,329,332,335,338,341,344,347,350,353,356,359,362,365,368,371,374,377,380,383,386,389,392,395,398,401,404,407,410,413,416,419,422,425,428,431,434,437,440,443,446,449
247.622,NA,NA,NA,NA,NA,NA,NA,NA,NA,NA,NA,NA,NA,NA,NA,0.0012776627047771,0.00122710999074266,0.00213576212751521,6.86455656484363e-5,7.7906316691465e-4,0.00155408383432856,4.0452499225985e-4,7.1654333731845e-4,0,6.6391411746436e-4,0,2.27111155479422e-5,0.00136205391267093,5.3138640846028e-4,2.6838267159727e-4,4.2293651810284e-4,0,0,7.6402288629854e-4,9.7561957852203e-4,7.1354680349234e-4,4.08569292585382e-6,4.793724400009e-4,2.7777538927736e-4,1.4930442305271e-4,0.00101085696649542,0.00128104618463594,6.1853618852269e-4,7.894906518417e-4,0.00126906409494568,0,0.0012287216463234,2.8091279313716e-5,8.5668591491923e-4,2.0898672524778e-4,7.044832025221e-4,0,0,0.00104926163459988,4.8724620411953e-4,1.6766490323332e-4,4.6206653597416e-4,0.00112168301568997,0,0,3.9153690388968e-4,0.00117123804279867,4.8372520703978e-4,0,0,0,0,3.15711024308597e-5
249.863,NA,NA,NA,NA,NA,NA,NA,NA,NA,NA,NA,NA,NA,NA,NA,NA,0.00207561997037869,0,0.00138743386302288,3.0514319305791e-4,6.77264637329445e-5,0,0,4.3197725235141e-4,1.653673326938e-4,0,5.3383105177145e-4,1.9278561845492e-4,3.0319979950464e-4,0,0,0,3.01624833600671e-6,0,0,1.49978037133121e-6,0,0,0,1.6435411395608e-4,0,0,0,0,0,6.4297633234864e-5,6.7785304771301e-4,0,6.26256027115154e-5,0,0,0,2.1389882742559e-4,6.507080270319e-4,3.2826477746973e-4,0,0,3.16133868032e-4,0,5.6055165458343e-4,0,8.70528510489693e-8,0,3.0390021471154e-4,0,9.85246655098565e-5,0,0
252.105,NA,NA,NA,NA,NA,NA,NA,NA,NA,NA,NA,NA,NA,NA,NA,NA,NA,3.1456615549524e-4,7.3148337291505e-4,0,0.0012930440980902,0.00119822614086957,5.7692326908417e-4,1.4761292882565e-4,0,0,0,6.1524648798196e-5,0,0,5.8327237046258e-4,0,0,0,7.9118243940198e-4,0,6.1792022512814e-4,0,5.59132048577574e-5,2.7426937513978e-5,0,0,0,0,0,0.0011394111311507,0,0,0,0,1.1658240800992e-4,0,2.78083726320319e-6,9.8882274583539e-4,0,0,0,0,0,2.797670912245e-4,5.2845080706889e-4,0,0,0,0,0,0,0
254.347,NA,NA,NA,NA,NA,NA,NA,NA,NA,NA,NA,NA,NA,NA,NA,NA,NA,NA,0.00176432934136038,0.00206713236326078,0,5.9207672423848e-4,0,2.5553395828154e-4,0,1.6477798467978e-4,3.2036885590207e-5,1.2127883451277e-4,5.89962112088977e-5,2.2947254398217e-5,4.7121171523878e-4,0,0,1.36495021237997e-6,0,1.383513776081e-4,0,8.4877192419626e-4,0,5.84675147088976e-5,0,0,0,0,9.5595877460125e-4,2.2560378141088e-4,0,0,0,2.5998275895725e-4,5.4337437515611e-4,0,0,2.6654097137518e-4,3.6256830749611e-4,0,5.6089808608936e-4,0,0,1.8426058104282e-4,0,1.2441884767307e-4,0,0,3.0796656094023e-4,3.9828685134172e-4,3.3961569586239e-4,4.03730959932936e-5
256.591,NA,NA,NA,NA,NA,NA,NA,NA,NA,NA,NA,NA,NA,NA,NA,NA,NA,NA,0.00186741525791518,2.38581817954223e-6,4.6170048144693e-4,0.00234279600115369,3.0620778899201e-4,0,0.00120654642990494,9.78825530373005e-5,2.9222246605973e-4,5.9034553399844e-4,8.50972345876781e-5,0,6.8272268204846e-4,4.008553216473e-4,0,1.0979531211962e-4,0,0,9.0778021346419e-4,2.7063974439079e-4,4.3420917111798e-4,1.5767528463229e-4,0,0,5.4255283509854e-4,5.1698834136312e-4,7.75293888712756e-5,1.769811610832e-4,1.2420102756018e-4,0,6.8179526901885e-4,2.6351629526962e-4,5.3898485375331e-4,0,9.8792545851492e-4,0,0,0.0014630886097452,5.6347766165036e-4,3.0109399518401e-4,0,0,0,0,0,0,0,0,3.4215184109109e-4,1.8049893180611e-4
258.836,NA,NA,NA,NA,NA,NA,NA,NA,NA,NA,NA,NA,NA,NA,NA,NA,NA,NA,NA,0.00110649768767471,0,0,0,0,0,0,2.92082882487905e-5,2.203317810183e-4,0,0,0,0,0,7.1815577688329e-4,0,0,4.3822958687244e-4,0,0,0,0,0,2.4791639718413e-4,3.61599334558e-4,0,0,0,0,0,0,8.2500502502749e-4,0,0,3.14182283995147e-5,0,0,0,0,3.3047589942172e-4,0,0,0,0,0,0,0,0,0
261.082,NA,NA,NA,NA,NA,NA,NA,NA,NA,NA,NA,NA,NA,NA,NA,NA,NA,NA,NA,NA,0.0013909619788329,4.4536810514329e-4,0.00104706570983213,0.00172146485238371,0.00125867201622417,1.6551131026844e-4,4.6167509096212e-4,5.0301290486181e-4,0,8.63910252253124e-5,6.1076255082724e-4,0,0,5.4758063368008e-4,0,0,1.5402408027424e-4,0,1.062148860065e-4,0,0,0,0,1.6335101094219e-4,4.3899500170354e-4,5.21365812568484e-5,0.00116920927043111,2.7391275738585e-4,0,0,0,0,0,4.7822577077066e-4,0,0,0,0,2.5287262216383e-4,1.4102449455138e-4,0,3.0373291598741e-4,0,0.0011314520459291,3.9258023903838e-4,1.5215736820613e-4,3.6963244308835e-4,0
263.328,NA,NA,NA,NA,NA,NA,NA,NA,NA,NA,NA,NA,NA,NA,NA,NA,NA,NA,NA,NA,NA,0.00188140150091208,7.4865326789471e-4,0.00201623659307361,7.6612493327992e-4,9.4522554701539e-4,0.0017116693967642,6.6791828345416e-4,6.041284812761e-4,4.9140642295198e-4,0,0,3.3310406683056e-4,4.4975016989059e-4,0,0,0,7.4601350962547e-4,2.80923402958967e-5,5.5496881770993e-4,5.48008528766623e-5,8.0550133892011e-4,1.1917290989264e-4,0.00152173071438401,1.3990197834351e-4,0,8.112290358983e-4,0,7.0700411328994e-4,0,1.5967108501097e-4,0,1.5816233972036e-4,0,2.9538869154987e-4,0,5.25680303016478e-7,0,0,6.7223863694698e-4,0,6.6998322044156e-4,1.3306359859958e-4,0,0.00106126279923639,1.5479222226742e-4,4.9259115850728e-4,0.00103169847309591
265.576,NA,NA,NA,NA,NA,NA,NA,NA,NA,NA,NA,NA,NA,NA,NA,NA,NA,NA,NA,NA,NA,1.6877390679139e-4,5.9326437968121e-4,0.00102986996947467,0,0,0,0,0,0,0,0,0,0,0,0,0,0,0,0,0,1.5418027186691e-4,0,0,0,0,0,0,0,0,0,0,0,0,4.6892983639041e-4,0,0,0,0,0,0,0,0,0,5.35970977304566e-5,0,0,0
267.824,NA,NA,NA,NA,NA,NA,NA,NA,NA,NA,NA,NA,NA,NA,NA,NA,NA,NA,NA,NA,NA,NA,0.00122275617790449,8.3576988100191e-4,7.3032350705641e-4,0,5.6839465437355e-4,1.5410369736388e-4,0.0013799927761412,7.97032105558e-4,5.6418535731232e-4,1.34093354075325e-5,6.4729632527691e-4,4.47299117916e-4,0,0,0,0,6.3340415924731e-4,0,1.941363999299e-4,0,1.9889607948998e-4,0,1.6142042814057e-4,0,0,0,1.4950900474196e-4,3.6205182946667e-4,0,0,0,4.9427997727573e-4,1.1303762392716e-4,6.0354013614067e-4,0,0,0,1.1758683447366e-4,7.3894460385299e-4,7.4733448780476e-4,0,0,4.7768192553569e-4,0,0,0
270.074,0,NA,NA,NA,NA,NA,NA,NA,NA,NA,NA,NA,NA,NA,NA,NA,NA,NA,NA,NA,NA,NA,NA,0.00224244723144756,8.747748834555e-4,0.00157509724927462,0.00191380013229688,4.1001563943576e-4,6.9739231291297e-4,7.51523362265078e-5,8.9344764880168e-4,7.874991510322e-4,0.00105058855547223,5.593748004563e-4,7.8989129014157e-4,0,1.9223351479804e-4,0.00132402803782157,1.9802651664698e-4,6.3823013236518e-4,2.1666922003726e-6,0,0.00114433859593247,8.9553192996209e-4,3.7253860586685e-4,5.5542943824094e-4,1.7991061604279e-4,3.17759219072827e-5,6.4377854589885e-4,0,0,0,7.9993274274255e-4,0,0,1.3661269859556e-4,2.0467883303311e-4,4.45922386649418e-5,0,0,0,1.5453212665992e-4,6.6486144670264e-4,5.60596080478e-4,3.4462529994189e-4,0.00108243478592471,0,2.4794941822252e-4
272.324,0,0,NA,NA,NA,NA,NA,NA,NA,NA,NA,NA,NA,NA,NA,NA,NA,NA,NA,NA,NA,NA,NA,NA,0.00260254177934872,0.00222386334043657,0.0012441340885026,0.00259836322473818,0.00176385075802043,0.00152275515551738,0.00254305368586006,0.00133485563935679,0.00144271197850128,0.00125095240504719,9.7795803339852e-4,0.00121186235668619,3.9725572939756e-4,0.00101181790404692,5.3357513742223e-4,0.00139392487335207,0.00191702307498184,0.00113888277161052,0,0.00119890516293892,4.1344646156542e-4,5.5898398485683e-4,5.4230783416088e-4,5.9507984822996e-4,0,0.00118981733814347,4.1424307804619e-4,5.2411489271529e-4,0.00229594113919027,0,8.535756599615e-4,4.7859115024708e-4,9.70343767438933e-5,6.8852032755555e-4,2.1376558085976e-4,0.00110030245716258,0.00115211022317841,0.00115541395859001,1.5572521953764e-4,8.5997895853361e-4,0.00137227984054369,0.00148500908152078,0.0010991173514873,8.658512837883e-4
274.575,0,0,0,NA,NA,NA,NA,NA,NA,NA,NA,NA,NA,NA,NA,NA,NA,NA,NA,NA,NA,NA,NA,NA,5.193016229514e-4,5.53201272634771e-5,0.00150453569895216,5.449905983094e-4,0.00142860013053362,5.4644495166195e-4,0.00197751748011166,0.00161392562425594,0.00140978455296142,8.83144701905e-4,0.00107758644291982,0.00133720107665864,3.2443809219608e-4,0,4.2919992086284e-4,9.7820417062978e-4,2.4080111343963e-4,2.2132413475529e-4,6.98668267827658e-5,6.0129884543962e-4,0.00128531862025415,3.0977119065155e-4,5.773777885041e-4,0.0012767444559228,1.815440593188e-4,0.00107764251117616,0.00139290449006539,6.6996675033217e-4,0,6.2504292233657e-4,5.0751104059935e-4,6.5512925024661e-4,3.1909669870479e-4,0,0,9.3908596246899e-4,0,8.3654357280585e-4,5.5842640162366e-4,0,8.3512592512379e-4,0,6.9415784513901e-4,4.7273112723815e-4
276.827,0,0,0,NA,NA,NA,NA,NA,NA,NA,NA,NA,NA,NA,NA,NA,NA,NA,NA,NA,NA,NA,NA,NA,NA,0.00117780869243057,0,0.0010479020673873,0,0,0.00010605153232387001,0,3.2749644622058e-4,0,0,0,0,0.00139578728569681,0,6.2468950205131e-5,2.6366966906959e-4,0,3.9547407462216e-4,8.4751242415871e-4,0,0,2.8297935690258e-4,0,0,0,0,4.7797749319212e-4,0,0,4.3880037753393e-4,0,0,5.9160528040751e-4,0,4.7403361982937e-4,1.6154394494487e-4,4.82362419465012e-5,1.9952820113034e-4,0,2.40874877717218e-5,3.8665261716951e-4,0,3.88661117268567e-5
279.08,0,0,0,0,NA,NA,NA,NA,NA,NA,NA,NA,NA,NA,NA,NA,NA,NA,NA,NA,NA,NA,NA,NA,NA,NA,0,1.3930059725235e-4,3.5069935755279e-4,0.0013179873300131,0,9.7389435270652e-4,8.3306917733637e-4,2.8843050313971e-4,7.5543803178735e-4,0,0,0,8.662717218448e-4,7.6102289801938e-4,6.4230147093537e-4,4.4166499757519e-4,0,5.2355416453393e-4,0,4.8590745680738e-4,0,2.8625348625805e-4,2.3595393971678e-4,0,0.00141664630638072,0,6.1419014342131e-4,0,4.0560185362584e-4,6.0263664891976e-4,3.2546960982209e-4,4.339928422006e-4,0,1.7603711918946e-4,0,2.1274474564343e-4,6.3435866978115e-4,0,3.6345429593113e-4,1.4157807769581e-4,0,3.4156656153187e-4
281.334,9.0720230230084e-4,0,0,0,0.0063223898787689,NA,NA,NA,NA,NA,NA,NA,NA,NA,NA,NA,NA,NA,NA,NA,NA,NA,NA,NA,NA,NA,NA,0.00288512352516994,0,0.00194342937410992,0.00150277506311182,0,0.00146619877721735,1.0581720564926e-4,2.1181721908944e-4,3.4015870948843e-4,0.00124806513879739,7.70048430206715e-5,7.1918783076174e-4,2.0139532212596e-4,2.973213815321e-4,4.4678516408691e-4,8.1211250774646e-4,0,4.5769485762368e-4,7.6339545473173e-4,0,7.9337104119416e-4,5.768033019044e-4,3.04199806213e-4,5.5888423689709e-4,2.0479960559924e-4,4.8524490538236e-4,4.688828945137e-4,7.8947865629024e-4,0,9.8167207013072e-4,1.6973431604784e-4,8.4585232013325e-4,2.3851477752608e-4,1.7727933659199e-4,0,0.00110205600404264,5.0575764106591e-4,0,0,8.43903554361469e-5,3.7175652160658e-4
283.589,0.0222201447608763,0.00399585098622054,0,0,0,0.00546095808949099,NA,NA,NA,NA,NA,NA,NA,NA,NA,NA,NA,NA,NA,NA,NA,NA,NA,NA,NA,NA,NA,0.00223730358590464,0.0011037274388173,0.00182169050515222,0.00174575382076037,7.6006960584604e-4,6.52089100565953e-5,0.00200161456287017,9.2030597153756e-4,6.68622077688638e-5,0,1.0406568567649e-4,1.0746217039378e-4,7.8729047067135e-4,0.00125337718814051,1.9974764074594e-4,1.0411023233789e-4,0.00131928393921659,6.7216968320111e-4,7.1719289013036e-4,1.2897135987852e-4,3.2208953985531e-4,5.3748978488873e-4,7.5545137076385e-4,5.1625989720982e-4,0,4.5356902580421e-4,8.0783450577471e-5,0,8.9664824437867e-4,7.4060349965457e-4,8.269794536248e-4,8.6349001303532e-4,0,5.2205093932108e-4,8.4261428609892e-4,6.3507976732967e-4,7.087526746197e-4,7.11171264722313e-5,7.761112698529e-4,0,3.69013178273297e-5
285.845,0.0115500500426577,0.0121235763970831,0.0024385191652167,0,0,0,NA,NA,NA,NA,NA,NA,NA,NA,NA,NA,NA,NA,NA,NA,NA,NA,NA,NA,NA,NA,NA,NA,8.93146165151e-4,5.247036377582e-4,0,4.8693880624021e-4,0,7.0445670593774e-4,0,5.1290096347053e-4,8.6232194229954e-4,8.4034239588046e-4,2.8849031335097e-4,7.55219677944929e-5,7.61248722938443e-5,9.57734958552921e-5,8.3931881830736e-4,5.79579753184e-4,0,5.3467537644119e-4,2.4730495413358e-5,0,0,6.8491049588143e-4,2.3968482217853e-4,3.546342500866e-4,0,1.5425049916425e-4,4.0179721109408e-4,0,3.0532438318475e-4,3.83828462351519e-5,3.0902575853195e-4,1.0206428938569e-4,4.25605271680842e-5,7.8050784288066e-4,9.20865080794613e-5,1.8503319003778e-4,3.2145737095923e-4,2.0086470085565e-4,1.0163374951037e-4,1.80928989282545e-5
288.102,0.00742842257594299,0,0.0109664923527525,0,0,0,0.00367012201163583,NA,NA,NA,NA,NA,NA,NA,NA,NA,NA,NA,NA,NA,NA,NA,NA,NA,NA,NA,NA,NA,NA,0,7.3404776169042e-4,0,0,2.91524432243977e-5,0,3.4350180803846e-5,3.1543549532111e-4,0,0,0,0,3.93283779926875e-5,0,0,0,0,0,0,3.8200299423754e-4,0,0,0,0,0,0,0,0,0,0,0,0,0,0,0,6.96826695986582e-5,0,1.2066018680326e-4,2.1101584825183e-4
290.36,0.00989998369984011,0.0102832021539014,0.00276324951566002,0.00841872231496395,0,0,0,0.00490362150683931,NA,NA,NA,NA,NA,NA,NA,NA,NA,NA,NA,NA,NA,NA,NA,NA,NA,NA,NA,NA,NA,NA,0,0.00173919877749118,3.5925618826325e-4,5.28885102361206e-5,7.3927874669369e-4,4.8238329320858e-4,0,0.00121123435601584,0.00120745289052699,5.8744204000832e-4,5.1622666786298e-4,3.3094251977708e-4,0,4.7663446340841e-4,0,0,1.5651960131888e-4,0,0,1.7827550396786e-4,3.1401466954931e-4,0,6.6649118454291e-4,0,0,0,3.421040110391e-4,2.3924701315938e-4,0,0,0,0,5.1368165644556e-4,2.0145766181218e-4,0,0,1.179420279192e-4,8.66085220513845e-5
292.618,0,0.0201370303680949,0.00869016523759367,0.0130427895546329,0.00766075386120724,0,0,0,0.00689033914988242,NA,NA,NA,NA,NA,NA,NA,NA,NA,NA,NA,NA,NA,NA,NA,NA,NA,NA,NA,NA,NA,4.6493188091949e-4,3.9003830043716e-4,6.3006311849257e-4,6.3069635196922e-4,4.5761780791435e-4,3.2273065196432e-4,2.0441578119289e-4,4.2335154674814e-4,1.0216125877353e-4,0,8.3095288894486e-4,0,0,5.6204050037316e-4,7.3819154305735e-4,3.5201404195503e-4,1.3359585359125e-4,0,6.3921866666699e-4,2.0982789873291e-4,5.1685079150296e-4,0,4.4511906795919e-4,1.0924942587365e-4,0,1.8446224809179e-4,1.60027001563744e-6,0,1.9412712862241e-4,0,0,3.4271771954081e-4,0,0,0,1.0569100156985e-4,0,0
294.878,0.0101704871109119,9.57485413356153e-5,0,0.00390908821307721,0.0141342925280698,0.00622717746139411,0,0,0.00971727672498492,NA,NA,NA,NA,NA,NA,NA,NA,NA,NA,NA,NA,NA,NA,NA,NA,NA,NA,NA,NA,NA,NA,0,2.9448125011091e-4,6.177398597689e-4,0,7.581927845728e-4,3.0048163254918e-4,1.23597064676823e-5,0,1.8221378852785e-4,0,0,0,0,2.5153110381116e-4,5.8757491191547e-4,0,0,3.7394756733089e-4,0,0,0,0,2.3181064386788e-5,0,0,0,0,0,0,0,0,0,5.4416790125527e-4,3.034780207845e-4,0,0,1.3446787315945e-4
297.138,0.00815038086560148,0.0184808644112512,0.0119388713299641,0.0128204389580762,0.0194384343009945,0.0114367514038825,0.00298230782812418,0,0,0.00708629645873567,NA,NA,NA,NA,NA,NA,NA,NA,NA,NA,NA,NA,NA,NA,NA,NA,NA,NA,NA,NA,NA,NA,2.6177979848426e-4,0.00116746274204111,8.3894475464746e-4,7.2667048381592e-4,0.00104507233320984,3.8524264238831e-4,6.0322181248358e-4,5.8658536442106e-4,4.0243788670534e-4,6.6819790345856e-4,0,0,0.00106427161739524,0.00157521575802133,0,3.200308897923e-4,0,0,0,0,1.753739052748e-4,1.7443955948982e-4,7.8786367445319e-4,0,0,5.0210984279301e-4,2.6718424904347e-4,2.2881792531198e-4,6.6906959450284e-4,5.3569233727213e-4,3.8303403828388e-4,3.2050102964987e-4,0,3.5232201964532e-4,0,1.6496351096587e-4
299.399,0,0,0.00129645039649358,0.0113986863455171,0.0135834835811146,0.0139496007470403,0.00695388879470169,0.00186680968800839,2.2520657097408e-4,0.00704918723672521,0.00546136569416707,NA,NA,NA,NA,NA,NA,NA,NA,NA,NA,NA,NA,NA,NA,NA,NA,NA,NA,NA,NA,NA,NA,2.5301696950893e-4,2.2588086318082e-4,4.7951983730515e-4,6.4951714917843e-4,0,0,7.7511489238154e-4,4.6835279976935e-4,8.2257347244231e-4,7.1013149782125e-4,8.2990773189106e-4,4.4857668935716e-4,5.378924612086e-4,0,0,0,3.12967501814722e-6,1.2358655946011e-4,9.3505006509252e-4,0,2.465756311957e-4,0,4.3939306065842e-4,0,0,3.7259922466528e-4,8.5960267342489e-4,1.5650776270437e-4,0,0,1.6969422565857e-4,2.9497193931236e-4,0,5.9670014285842e-4,2.4570633789835e-4
301.661,0.0159889374072383,0.00128603643926488,0.00245076668593148,0.0110597868121565,0.0106969386685481,0.0110857738771953,0.00887781140263692,0.00353598479805124,8.7377842911433e-4,0,0.00334780781238198,0.00275974377292972,NA,NA,NA,NA,NA,NA,NA,NA,NA,NA,NA,NA,NA,NA,NA,NA,NA,NA,NA,NA,NA,5.6069451861874e-4,0,0,0,7.286923532494e-4,4.5014367274182e-4,2.3062197515076e-4,1.9920309388114e-4,2.5097759315983e-4,7.4970214138121e-4,0,2.2885885955419e-4,0,0,0,4.37066724729723e-5,0,1.9549061946156e-4,3.5036185206831e-4,2.4442271324483e-4,0,0,0,0,2.9621959853737e-4,0,2.283766346625e-4,0,4.8776874394563e-4,1.8901569111514e-4,2.7366806324926e-4,0,8.3631627278294e-4,0,0
303.925,0.0151730993158272,0.0148387511047871,0.0182450709104006,0.0116533166049309,0.00952415610900226,0.0129429611344439,0.00743131488496235,0.00470367226480325,0.00115505555455149,0,0,0.00613091286578676,NA,NA,NA,NA,NA,NA,NA,NA,NA,NA,NA,NA,NA,NA,NA,NA,NA,NA,NA,NA,NA,NA,0.00191248719992361,8.4509463320431e-4,9.8107901217772e-4,9.5859092478256e-4,2.6608834750468e-4,7.1273444863219e-4,0.00112884859429813,0.00110931430971367,0.00144414280190094,0.00143137520298826,4.018814979779e-4,0.00154324948302641,4.1711448598302e-4,1.331588895525e-4,1.4461646155604e-4,4.7293055445177e-4,0.00115915289201465,0.0011624558800295,0.00151292178714242,9.05857467183882e-5,0.001043656054601,8.7534512018501e-4,3.1642284814684e-4,6.9498628288216e-4,6.1156513464825e-4,4.8908101568988e-4,5.5907665622031e-4,0.00104948521908505,1.6685254099502e-4,9.0012684945291e-4,4.7871992664884e-4,7.081695901735e-4,3.3118777127815e-4,3.8748666020117e-4
306.189,0,0,0.00631995369577293,0.00932176472197548,0.00475627917492628,0.00715964528223377,0.00610285601409582,0.00573874353833349,0.00206181754396323,0,0,0.00341104658050944,0.00218675963496129,NA,NA,NA,NA,NA,NA,NA,NA,NA,NA,NA,NA,NA,NA,NA,NA,NA,NA,NA,NA,NA,NA,6.1753229582251e-7,2.3758094356044e-4,6.3913062958875e-4,7.4773059256708e-4,4.2617203659118e-4,3.532833549893e-4,0,7.9298350343923e-4,0,0,0,0,5.8905555807773e-4,0,0,0,0,0,0,1.75098910924715e-6,0,0,0,0,0,4.6115052140369e-4,4.07066194403521e-5,0,0,0,0,3.6667177147667e-4,0
308.453,0.00601557927913023,0.00608115797567674,0.00535455426037374,0.00766334673259289,0.0138945071634366,0.00303795647376488,0.0111776698038691,0.00921033198067912,0.0034878617008061,0.00120112211954663,0.0012652247126892,0.00128636823311543,0.0035065833641238,0.00310651276800758,NA,NA,NA,NA,NA,NA,NA,NA,NA,NA,NA,NA,NA,NA,NA,NA,NA,NA,NA,NA,NA,NA,4.8394267869667e-4,0,9.0889321532557e-4,0,0,1.1877874933249e-4,2.0172203435184e-4,6.32723645979277e-5,6.5781447809809e-4,1.7457453337156e-4,0,0,0,0,0,0,0,7.0871751836996e-4,0,0,1.5605633192683e-4,0,0,0,0,0,2.680499008671e-4,0,2.8925006572007e-4,6.2051935921343e-4,0,6.35450724004013e-5
310.719,0,0,0,0.00585214011934391,0.00522651493781801,0.0115038231535238,0.00346019939444221,0.004655414216269,0.00494719220113909,0.00291869864877134,0.00226638866013415,0.00217342217499719,0.00313790275708261,0.00551208146824776,0.00421433318476658,NA,NA,NA,NA,NA,NA,NA,NA,NA,NA,NA,NA,NA,NA,NA,NA,NA,NA,NA,NA,NA,7.2523033547638e-4,4.0155856666094e-4,3.5581108671057e-4,0,4.5539517939405e-4,0,8.04991549358576e-5,0,0,0,0,0,0,0,0,0,0,0,0,0,0,2.13481174523341e-6,3.5864237377672e-4,1.8608679719474e-4,0,1.3854901241096e-4,0,0,0,0,0,0
312.986,0.0131815001453985,0.0340767343654816,0.00908104926520813,0.00624231557279549,0.014576101769139,0.00816048765999651,0.011022967809769,0.00716964282603439,0.00166409058938657,0.00478516845565024,0.00317956317742119,0.00262422391986758,0.00212435740799934,0.00270017406344877,0,NA,NA,NA,NA,NA,NA,NA,NA,NA,NA,NA,NA,NA,NA,NA,NA,NA,NA,NA,NA,NA,NA,7.9982822183235e-4,7.7335292192337e-4,7.552845014252e-4,1.4550317453109e-4,2.8703153087315e-4,7.7965137761379e-4,3.3108110136191e-4,7.19658006799422e-5,1.18134199041697e-5,1.8848269403602e-4,3.5132742823187e-4,2.3377451043784e-4,9.45104572689251e-5,0,0,1.712328145284e-4,0,9.12395209588e-4,1.6741834845306e-4,0,2.8851462836035e-4,2.722602918144e-4,0,2.2567571690831e-4,4.5292208190346e-4,0,4.05657126545548e-5,2.6389575428831e-4,0,0,4.103126115771e-4
315.253,0.00426100814395228,0.0112290350959816,0,0.0077867312916623304,0.0113580185162184,0.00518869796024119,0.00594144749069886,0.0126927367946552,0.0108266338579507,0.0100019984587715,0.00452261182804727,0.00322726355485175,0.00262452411986719,0.00146621320391747,0.00299180855682194,0.00358677691812745,NA,NA,NA,NA,NA,NA,NA,NA,NA,NA,NA,NA,NA,NA,NA,NA,NA,NA,NA,NA,NA,NA,5.6034577288625e-4,4.1363838444066e-4,0,8.1785363070805e-4,0.00107774169226654,1.04944059244022e-5,2.0417646398703e-4,6.1977481559739e-4,1.2671032936746e-4,6.0177928002637e-4,0,0,0,1.4621219459558e-4,0,2.0968479515279e-4,0,5.6413483045121e-4,6.359782646262e-4,0,0,2.07606985261179e-5,0,4.906145928225e-4,4.05793158088673e-5,1.6310286351795e-4,6.06491542169312e-5,7.6664178441088e-4,4.4639365183431e-4,0
317.522,0.029964584934706,0.0032145468341937,0.0155728818372376,0.00860076229978762,0.00302722248182442,0.00923276980351809,0.0109047857099924,0.0140395759095087,0.00742706867488002,0.0117125238806042,0.00634433302874681,0.00449308791953557,0.00332695342171609,0.00229149582424075,0,0.00345532303769833,0.00447513269467465,NA,NA,NA,NA,NA,NA,NA,NA,NA,NA,NA,NA,NA,NA,NA,NA,NA,NA,NA,NA,NA,NA,7.443019573855e-4,6.1997624576273e-4,5.1995336471244e-4,3.871542912003e-4,0,6.2527926129836e-4,7.5829812713663e-4,0,0,7.1083704688042e-5,1.37985274163e-4,4.3740517432838e-4,0,0,3.0341599064664e-4,4.49265209282187e-5,3.9301338002757e-4,0,0,2.5040273691133e-4,3.6253768514385e-4,9.30351104646289e-5,4.8703152751614e-4,1.2072857000544e-4,6.06027107798127e-5,6.09180542979392e-7,0,8.7015836734139e-4,0
319.791,0,0.0121620366796346,0,0.0104200060220567,0.00245831015268095,0.0125494622864154,0.00974419264823863,0.0088188178067299,0.0101970606319462,0.00889259233482399,0.00802384548065674,0.00674273999183366,0.00489788875635099,0.00279047342672749,0.0011108586770379,0,0.00287308884139332,0.0025809924328787,NA,NA,NA,NA,NA,NA,NA,NA,NA,NA,NA,NA,NA,NA,NA,NA,NA,NA,NA,NA,NA,2.0310218065229e-4,0,5.6296710475352e-4,7.2310166936207e-4,0,7.6864591297792e-4,0,5.1990878555842e-4,0,0,0,0,0,0,2.23838672358837e-6,2.8217747615184e-4,0,0,0,0,0,3.1126782512882e-4,0,0,0,0,3.78241328395426e-5,0,0
322.061,0.0109596176297088,0.0219418086190917,0.0147939105932652,0.00803297315107321,0.0121667619165545,0.0166253267755869,0.00569873760005867,0.00720752961117384,0.0112995765858459,0.012826008581398,0.0102128059050768,0.0131177261491991,0.00691975049677171,0.00343197855995199,0.00111360451268875,5.1299115411868e-4,0.00313086517057045,0.006024841190589,0.0047198460432085,NA,NA,NA,NA,NA,NA,NA,NA,NA,NA,NA,NA,NA,NA,NA,NA,NA,NA,NA,NA,NA,1.181962131171e-4,8.3738893002512e-4,0.00119819448208244,3.8444875590678e-4,6.99959912947318e-5,1.7824376670315e-4,4.82776189558824e-5,0,0,2.9375384880925e-4,0,8.0430320229563e-4,4.7621998647714e-4,1.3377036750997e-4,5.8385634160185e-4,7.78168299373276e-5,2.8166251085073e-4,2.0830866497791e-4,0,2.1353620554344e-4,3.858472117743e-4,2.6910841232192e-4,0,0,2.194691714493e-4,1.363674095404e-4,5.2590437149605e-4,2.6144770728922e-4
324.332,0.0122711902803194,0.0119152176360032,0.0157989553747486,0.0124440482946862,0.00788891106182877,0.0155602324493344,0.0117015236155626,0.00922875111094903,0.0149560552261945,0.0121361000123931,0.0123746066386522,0.0121073127512212,0.00862853563944991,0.00471431737821721,0.00199593986059267,0.00142485059357633,0.00226070830437681,0.00130423066293643,0.00432375432513552,NA,NA,NA,NA,NA,NA,NA,NA,NA,NA,NA,NA,NA,NA,NA,NA,NA,NA,NA,NA,NA,NA,0.00120830292546375,7.9614352919552e-4,0.00157526300959143,3.3195232226123e-4,8.34704700297688e-5,1.6899067346299e-4,5.62931674617828e-5,0,8.3038075534363e-4,4.8995745011186e-4,6.2002282850606e-4,2.1524605150278e-4,2.9946076711131e-4,3.0952314536009e-4,2.2753600112528e-4,0,5.25141947443672e-5,7.9334523341409e-4,5.2293322638233e-4,1.84940552132074e-5,0,5.1947366262101e-4,2.4054609256996e-4,3.5725147901703e-4,0,1.7615955030984e-4,4.3392014470795e-4
326.604,0.0222045218204701,0,0,0.0148587211901459,0.00841625467903772,0.0132703323510262,0.00985109514930133,0.0153872174541704,0.0151738485915518,0.0132621999783354,0.0125369880711099,0.0110058800538095,0.0089823032191283,0.00646642672029944,0.0036031501313292,0.00264220616836175,0.00320709637624516,0.00120151348552714,0.00121336371821082,0.00410630399888178,NA,NA,NA,NA,NA,NA,NA,NA,NA,NA,NA,NA,NA,NA,NA,NA,NA,NA,NA,NA,NA,NA,0.00189186309358794,9.6224999433268e-4,7.5698761828882e-4,3.1607431979914e-4,7.49973962692079e-5,1.2165424071049e-4,0,0,0,4.29387827817809e-6,0,0,0,0,7.4423116884977e-4,0,1.895325169525e-4,0,0,0,0,0,1.1953455552625e-4,0,0,0
328.877,0.0449580069971312,0.0173880402943009,0.0201178527867708,0.0177213089270604,0.0135046795190736,0.0189611087859947,0.0136168759740974,0.0200356234836904,0.0155049524867099,0.0149163335556091,0.0155782587418851,0.0162703838942158,0.0143502284235004,0.00823096897850439,0.00528634058343672,0.00387525003502957,0.00447879404833334,0.00589222163582728,0.00647950731588382,0.00563006233882737,0.00501752942672544,NA,NA,NA,NA,NA,NA,NA,NA,NA,NA,NA,NA,NA,NA,NA,NA,NA,NA,NA,NA,NA,0.00303322543880703,0.00174737404502787,0.00142003597776773,0.00105713185790448,0.0016408082698904,8.4513177246945e-4,4.8344872470506e-4,2.5763274817776e-4,0.00120664247212196,7.3853087207188e-4,2.809399609785e-4,0.00131604543218343,5.0408868087785e-4,0.00115681559069746,0.00120046839049713,9.8688314007046e-4,9.5705586678995e-4,0,1.6692838650876e-4,2.7186903302031e-4,1.2035890594096e-4,3.2238935745131e-4,6.8234835546151e-4,7.3916644301015e-4,6.7253288079266e-4,9.28736311016219e-5
331.15,0.0129292642805621,0.00987602026519025,0.0275530396993937,0.0181148048885643,0.00965273865653576,0.0170442491069204,0.00811915573439958,0.0137662903107485,0.0130624898385226,0.0126742367122155,0.0133829710799321,0.0136964399631814,0.0113293620816786,0.011098316092086,0.00665169723694916,0.00483033476251022,0.0050743561256621,0.00535174961926293,0.00422815640787652,0.00297500430778892,0.00247284908963215,0.00420526438321885,NA,NA,NA,NA,NA,NA,NA,NA,NA,NA,NA,NA,NA,NA,NA,NA,NA,NA,NA,NA,NA,0.00175242566897025,5.1993713063717e-4,0.00115117224780173,0,0.00104954882322867,0,3.4161991144645e-4,0.00107008465826569,0,0,1.3252766237262e-4,0,0,4.7484173088861e-4,1.7189148085536e-4,0,0,7.0473431426183e-4,2.3259655143682e-4,4.80687153930638e-8,0,7.3994414372732e-4,2.1450063660074e-4,4.0702434809667e-4,1.8576979223969e-4
333.425,0.0402649311601025,0.0308445603707285,0.0226885922507315,0.0177090558522737,0.0140168037789074,0.0174872253675868,0.0193470172980789,0.0151906457469017,0.0180285009797703,0.0172295323402378,0.0162489685711449,0.0155294146763983,0.0127614031791405,0.0110286702839784,0.00944797214588458,0.00529415280862743,0.00429360166193865,0.00385523891908283,0.00356100385082533,0.00416495494392022,0.00671335216127184,0.00573840938591099,NA,NA,NA,NA,NA,NA,NA,NA,NA,NA,NA,NA,NA,NA,NA,NA,NA,NA,NA,NA,NA,NA,0.00114542910443983,0.00157194065458012,6.2346798891052e-4,0.00105981324898623,0.00051508983422258005,0.00156594497346403,3.307759409195e-4,9.1130042025188e-4,0.00103183199232703,4.3652139219044e-4,0,3.7131268211957e-4,9.9168417552723e-4,1.431465727662e-4,4.6908511087904e-4,2.894777905184e-4,0,2.1348526433442e-4,0.00118267408930398,6.4446888621773e-4,1.8144675173784e-4,6.9950452268419e-4,4.2467083785239e-4,9.0103215440781e-4
335.7,0.00123565676876834,0.00477761568518819,0.0109118456703074,0.0100523891124894,0.00316981711144398,0.0158270449954347,0.0144360280867916,0.0117444467115073,0.0133054205195713,0.016234023521587,0.0125866760967605,0.0115556605328646,0.00955381609624865,0.00913835316083895,0.00674316239677557,0.00557288881985202,0.00325820389928991,0.00179395274833938,0.00186440565752648,0,0.00274718948310159,0.00391103420330811,0.003579912994984,NA,NA,NA,NA,NA,NA,NA,NA,NA,NA,NA,NA,NA,NA,NA,NA,NA,NA,NA,NA,NA,NA,0,3.3049901183175e-4,7.49734395041572e-5,2.5022069591465e-4,0,0,0,0,2.5290605086962e-4,4.3643747762029e-4,2.0486588532133e-4,0,0,0,0,0,0,0,1.4076354301821e-4,0,0,0,0
337.977,0.0302251419332202,0.0145996873211847,0.0177577719377672,0.0113228731778006,0.0167412445141406,0.0161090134795299,0.014292520949749,0.01709588275884,0.0148433430978631,0.0164759095887153,0.016779130018491,0.0121932424066189,0.0113718455691247,0.0115337931609732,0.00978501186034654,0.00781333116338997,0.00353050679423758,0.00142158450629752,0.00125862131164143,0.0030850270049806,0.00290284132986507,0.0039107229091668,0.00384156575988274,0.0042128060774162,NA,NA,NA,NA,NA,NA,NA,NA,NA,NA,NA,NA,NA,NA,NA,NA,NA,NA,NA,NA,NA,8.6779402382363e-4,4.158143331685e-4,3.982646200537e-4,2.67059605508041e-5,2.8013053781457e-4,2.4000373940309e-4,2.1600354795908e-4,0,4.8382546328661e-4,8.93205204545548e-5,4.5208469167001e-4,9.5073199650248e-4,0,1.7566803621181e-5,2.3327406935433e-4,7.3826704487308e-4,8.8858892170298e-4,0,0,0,0,4.4039055784024e-4,1.8531044795985e-4
340.254,0.0111048852768379,0,0,0.0171137746107589,0.00955325898141244,0.0105703246715536,0.0137264299276742,0.0176581068197963,0.016216048092448,0.0149444804090262,0.0132566533951861,0.0114201914476394,0.0116627383084707,0.00973870385208092,0.00779571635176877,0.00694982241118348,0.00484519463512202,0.00266869445754974,0.00185391989239076,0.00308237347720588,0.00134682400818039,0.00211241927142236,0.00382207381514698,0.00237469152730721,0.00334173089345585,NA,NA,NA,NA,NA,NA,NA,NA,NA,NA,NA,NA,NA,NA,NA,NA,NA,NA,NA,NA,NA,0,3.2661022471094e-4,4.2309068458641e-4,0.00109910243376669,5.8571367478535e-4,0,1.2509392255658e-4,0,6.542807951571e-4,0,3.5899404584933e-4,0,3.75249220181542e-5,1.4136433915201e-4,0,6.923340852443e-4,4.3669746017599e-4,3.5893515482192e-4,4.7508351056458e-4,2.3087398869055e-4,0,0
342.532,0.0191656779446888,0.0086696374304895,0.00914630199540625,0.00824804891184328,0.0133406286041955,0.0118237412618189,0.00999053118463972,0.0138017785561284,0.0141418084972621,0.0144771053879791,0.0156786503911268,0.0130059175028943,0.0129429682030057,0.0108790233608459,0.00961188552445726,0.0073941603567352,0.00703131037589822,0.00457526119721447,0.0030809373320191,0.00276889427388335,0.00333037045811979,0.00324493497101907,0.00380949448072896,0.00474650775742621,0.00287035614142009,NA,NA,NA,NA,NA,NA,NA,NA,NA,NA,NA,NA,NA,NA,NA,NA,NA,NA,NA,NA,NA,NA,4.6838052514437e-4,8.3316842935708e-4,2.4050273452199e-4,0,0,1.3247628763024e-4,2.5656905793857e-4,3.537464243642e-4,4.7304532647701e-4,0,2.9989312703063e-6,0,0,0,4.6036510491685e-4,3.957484429454e-4,0,5.3231501495861e-4,7.0907351873354e-4,0,0
344.81,0.0340437676151965,0.0125738365826605,0.00859346150181048,0.0151089123805887,0.0152079398007395,0.0168211581115821,0.017098721366388,0.0135608476542212,0.0150760156923794,0.0182559169732366,0.0126689992938807,0.0150513579885095,0.0141597238961851,0.00892665715972108,0.00807334465815672,0.00864464548391132,0.00823594214943036,0.00822418947201787,0.00446107905351574,0.00266135140689977,0.00251752362933171,0.00350772041076846,0.00303846059811996,0.00439591287662746,0.00338142663032124,0.00475818147130777,NA,NA,NA,NA,NA,NA,NA,NA,NA,NA,NA,NA,NA,NA,NA,NA,NA,NA,NA,NA,NA,NA,0.00173671788989868,7.3604357731771e-4,0.00123097927573665,0.00170142516466276,5.3545149837735e-4,6.8889566507993e-4,6.1201034311698e-4,4.0924275906365e-4,7.7458866844789e-4,5.7801141142802e-4,5.3660720422156e-4,4.9804383756143e-4,1.0964010150463e-4,9.7590939354592e-4,9.2824713139981e-4,0.00144775135149028,5.9022644114923e-4,8.9900228772945e-4,1.913232797186e-4,9.8007717838148e-4
347.09,0,0.0090034122702911,0.0192881709960993,0.00755360109791732,0.0100298488784629,0.0139475820582552,0.0100859496038486,0.0170240964311847,0.0158470276372929,0.0136733074486366,0.0114015215034238,0.011937047395824,0.0104001271153578,0.00902011044775252,0.0089394003253991,0.00762285899779473,0.00708408507332195,0.00668585288662249,0.00558453583823479,0.00338727908201676,0.00235619879990639,0.00292547101617259,0.00107332484759425,0.0035977142790468,0.00297516119540469,0.00374657020603978,0.00311759386230531,NA,NA,NA,NA,NA,NA,NA,NA,NA,NA,NA,NA,NA,NA,NA,NA,NA,NA,NA,NA,NA,NA,0,0,2.127557470358e-4,0,1.2059226069147e-4,0,0,4.7243691666628e-4,0,0,3.1941572740782e-4,0,7.63180670165426e-5,4.5433599894034e-4,5.752848748532e-4,3.3485627416595e-4,4.5917022645836e-4,1.5648678475856e-4,0
349.37,0.0150702446974572,0.0109701256289418,0.0133769614034829,0.0118903041242066,0.015771078490853,0.0140027238368841,0.0106349954129427,0.0134053524053871,0.0175724129357758,0.0145054805812859,0.0176574018871286,0.0134248277986672,0.0110801515588952,0.0112124553247689,0.00976976522126309,0.00795516942128642,0.00851140408786162,0.00693494721203093,0.00595564731068883,0.00443151590631921,0.00276944019010029,0.00258039039938988,0.00397751046391914,0.00331221168072552,0.00277005362487281,0.00306124346298437,0.00406662317711094,0.00251987490322818,NA,NA,NA,NA,NA,NA,NA,NA,NA,NA,NA,NA,NA,NA,NA,NA,NA,NA,NA,NA,NA,9.1491765012012e-4,1.6659735323953e-4,0.00142093236868557,4.2891875295292e-4,4.8300982277842e-4,0.00102420264507496,7.9823023671128e-4,3.5694574093652e-4,4.91839464628405e-5,3.4717084952644e-4,8.0261198077027e-4,3.4891575231347e-4,0,1.5897999474436e-4,1.80036375082e-4,0,4.6393506966523e-4,8.75852003893569e-5,4.7670374623451e-4
351.652,0.0203127989909552,0.014141144482826,0.0168184319069044,0.016089528889078,0.0120191605670234,0.0143300625537334,0.0149941172690225,0.0113656706616221,0.0157695520103661,0.0107872199548555,0.0128320764950321,0.0116946487975834,0.0141520297862354,0.00556060214542872,0.00831175898283673,0.00835972740991692,0.00796898099041075,0.00803053140104641,0.00748430863985204,0.00648518621091749,0.00340648230863361,0.00290513441536807,0.0040467254299053,0.00279912919684693,0.00393826428957206,0.0038016484360002,0.00402614425303916,0.00327384445034908,NA,NA,NA,NA,NA,NA,NA,NA,NA,NA,NA,NA,NA,NA,NA,NA,NA,NA,NA,NA,NA,NA,4.2581722369714e-4,4.8564165265697e-4,3.4221408946679e-4,0,4.3964556273129e-4,4.7067243217958e-4,0,3.6854275468978e-4,1.38838945871e-4,0,2.5766297025737e-4,7.67676378740371e-5,4.1782187761704e-4,0,8.01549422616715e-5,3.2701064426635e-4,0,0
353.934,0.0204225758214692,0.00670415638092867,0.0197845206349967,0.00871952882575347,0.0143132752231761,0.0103085415223807,0.0111926498964777,0.00954162630168776,0.011166093087856,0.0127917734220506,0.0127244680125488,0.0120640832736183,0.0111472706390169,0.00912224558686565,0.0093131422405872,0.00821889883248023,0.00627328394008659,0.00640533312319073,0.00599639304958375,0.00466328443264263,0.00411830413106452,0.00354730415502555,0.00407036739754253,0.00485073252201302,0.00326461702913358,0.00340521257727948,0.00321056562014927,0.00261436264163811,0.00327071962331463,NA,NA,NA,NA,NA,NA,NA,NA,NA,NA,NA,NA,NA,NA,NA,NA,NA,NA,NA,NA,NA,NA,2.2048266867142e-4,0,5.1148954795581e-4,2.6336089942331e-4,2.8662466133954e-4,6.2600404308299e-4,4.0229682707298e-4,2.3258698323036e-4,4.30431287614e-4,3.69405800351534e-5,3.8683096566344e-4,2.00068059328011e-5,3.6122940842113e-4,4.3869103273787e-4,6.4033431443865e-4,6.5203350536741e-4,0
356.217,0.00828514646476409,0.0363142479989803,0.0135396897476257,0.0157049798399044,0.010512783274989,0.0096137216888455,0.0119635406949561,0.0147220423668243,0.0140094359630103,0.0130737563253208,0.012820883970585,0.00973530928011688,0.00920934039991587,0.0079004963339226,0.0097049047919071,0.00745901802695829,0.00732868612384818,0.0051390220654521,0.00657256770875494,0.00399910832057523,0.0056657889296276,0.00399253044182734,0.00359942503773317,0.00375278483293727,0.00430528000427853,0.00325112280196691,0.00159269064844855,0.00250444237794792,0.00233575615610769,0.00284848190203312,NA,NA,NA,NA,NA,NA,NA,NA,NA,NA,NA,NA,NA,NA,NA,NA,NA,NA,NA,NA,NA,NA,4.393107285272e-4,6.2885464032123e-4,3.1522869377233e-4,0,0,4.6296394309216e-4,0,0,0,6.5872507793692e-4,0,0,0,0,0,4.6556158771535e-4
358.501,0.0274047030948603,0.0233000096380305,0.0026353414342958,0.0144181000748885,0.00753435458475769,0.0152747287814992,0.0160631116501733,0.00945301107124546,0.0099146179784467,0.0108415360680129,0.0146249214962185,0.0133925529632554,0.0120293890730446,0.0100130813804777,0.00928372250163412,0.0081424515234452,0.00704514837352447,0.00750014255510991,0.00692275371886552,0.00694881570505482,0.0050778863467534,0.00438241341396711,0.00331944011629764,0.00269099318042714,0.00324267693839797,0.00197695646827494,0.00349862484689383,0.00300720804545801,0.00382362213999066,0.00285435164357084,0.0029870391736592,NA,NA,NA,NA,NA,NA,NA,NA,NA,NA,NA,NA,NA,NA,NA,NA,NA,NA,NA,NA,NA,2.0459741860892e-4,6.1079742921034e-4,1.1046846813131e-4,7.2184304104977e-4,0,0,6.626427363995e-4,1.5469934532222e-6,0,0,0,0,6.585300728186e-4,3.090257204354e-4,5.2947778878653e-4,3.11815341471029e-5
360.785,0.034972539483304,0.035163873525994,0.0269632646266222,0.0281349722035868,0.0143441884231265,0.0148423018247111,0.0130926000076147,0.0169227680822362,0.0136298563949447,0.015567846969963,0.0133616558743335,0.0126111904489927,0.0122118583098736,0.0110491807927769,0.00961537501978068,0.00896965338616959,0.0082974447155373,0.00660664855692944,0.00693195538060319,0.00635189530295091,0.00652262694943465,0.00477150692496218,0.00402938328922864,0.0027866535457385,0.00289007904308808,0.00471736080480847,0.00449961993175015,0.00409199709427067,0.00297624527655089,0.00307518846166554,0.00334501975292854,NA,NA,NA,NA,NA,NA,NA,NA,NA,NA,NA,NA,NA,NA,NA,NA,NA,NA,NA,NA,NA,NA,0.00107238811138024,9.2233537954046e-4,6.4131175070801e-4,8.2240834064833e-4,5.8344606439174e-4,8.1928837956516e-4,1.8192065594221e-4,0,0,0.00122132318145293,7.4429111136817e-4,2.1979231525159e-4,4.6677765777578e-4,1.2377070489778e-4,4.8102966671686e-4
363.071,0.0345156422611748,0.0162131310305912,0.0200983879878607,0.0159421885998675,0.0105026767416871,0.0109269327518412,0.0108438414901915,0.0106630370005262,0.0111908749623645,0.0110940239099629,0.0135058702643097,0.0109119578489911,0.00839804762705,0.0079003589690577,0.0080332403744363,0.0082826084376363,0.00853686209059763,0.006080862206567,0.0053375030054606,0.00577845985273275,0.00517231309439494,0.00578091703991928,0.00672930871353247,0.00357707837233002,0.00307607878146429,0.00461565196051026,0.0034872891048796,0.00410441302191547,0.00188397925364429,0.00270194385264614,0.00289932310131789,0.00263706064626385,NA,NA,NA,NA,NA,NA,NA,NA,NA,NA,NA,NA,NA,NA,NA,NA,NA,NA,NA,NA,NA,NA,1.3617469441028e-4,3.3358496291354e-4,6.1253291650997e-4,1.2483838131694e-4,0,0,0,7.7515999990777e-4,0,0,1.0074133398941e-4,5.90899988685254e-5,0,0
365.357,0.0203187845249032,0.0228061273723558,0.0185785118245098,0.0147573317947942,0.012517728668374,0.0146075919302554,0.0109029084915042,0.0112518315588743,0.0136366071253384,0.0124833648065228,0.0103527077171681,0.0114253815030698,0.0113819983411751,0.00954494194195725,0.00775051035859211,0.00852313983403546,0.0068835321747797,0.0066055777213573,0.0069922752793418,0.00661035137786378,0.00596625092228237,0.00455244074671711,0.00477253838350197,0.00422762409474787,0.00334508137148706,0.00403075775253017,0.00528689330248677,0.00502870716100328,0.00317796243047926,0.00310573580645778,0.00433659821820652,0.00229428026620243,0.00189013501436932,NA,NA,NA,NA,NA,NA,NA,NA,NA,NA,NA,NA,NA,NA,NA,NA,NA,NA,NA,NA,NA,NA,0,0,0,0,0,2.2075095157549e-4,0,5.7677575993287e-4,0,0,2.1118619985777e-4,0,0
367.644,0.0393193230574203,0.0176023265436614,0.0233002725004152,0.018355807430355,0.0147048738676133,0.0156928137488997,0.0202116528986692,0.0131540400357653,0.015980728905286,0.0120846247227883,0.0161940069741921,0.0104017653915088,0.0111042895642796,0.0107201181955105,0.0108915876839278,0.00767740069875002,0.00784794384003174,0.00883997433607907,0.00716934210482492,0.00714362411876434,0.00717645931760738,0.00486503136490946,0.00557149360738808,0.00404140650561604,0.00367393585438099,0.00345591625596462,0.00440535924838396,0.00536860385107726,0.00304697719567773,0.00455732833510275,0.00386209284557353,0.00345388720075605,0.00350717059848793,0.00225035274473971,NA,NA,NA,NA,NA,NA,NA,NA,NA,NA,NA,NA,NA,NA,NA,NA,NA,NA,NA,NA,NA,0.00194032415003301,7.5739830829358e-4,5.8080814012855e-4,3.3957398559769e-4,3.2588750492732e-4,1.2818375084141e-4,3.264035956928e-4,9.8976813151389e-4,7.751909325569e-4,6.3049610263372e-4,1.91087788611509e-5,0.00101274586662755,3.2294149368786e-4
369.932,0.0234001775722927,0.0301519981797323,0.0210599121858842,0.0215535805878297,0.0174367845433878,0.0122541113516864,0.0124356274164761,0.0119364221729741,0.0152291441659052,0.0151463106195796,0.0141013171348089,0.0108017321992074,0.0106412972360994,0.010550139015024,0.0103133850147292,0.00952496711848029,0.00921688580014304,0.00730386808393807,0.00833598959002129,0.00680186930399312,0.00624883793514762,0.00649286480289262,0.00574187415121164,0.00657583901363416,0.00414989282887186,0.00349349382497006,0.00377774083845467,0.0045802920215309104,0.00387907674097185,0.00435252778800273,0.00437958370750258,0.00352745100267558,0.00404457704938503,0.00289934020525717,NA,NA,NA,NA,NA,NA,NA,NA,NA,NA,NA,NA,NA,NA,NA,NA,NA,NA,NA,NA,NA,NA,2.8374847277911e-4,3.3350045752977e-4,3.5273218068508e-4,5.8577880864512e-4,1.9921849270639e-4,2.0879336519155e-4,2.3492889088566e-4,1.9638862101264e-4,0.00105369143497893,3.6037433371466e-4,0,4.4038624926408e-4
372.221,0.0171067255276438,0.0216033704760045,0.0137397370515188,0.0142876404983569,0.0139866279607209,0.00881956041287805,0.0110654434478873,0.00869151649435569,0.0103452654363117,0.00990663688339626,0.011119188883385,0.00885612321684521,0.00948989766533836,0.00991872398557182,0.00783643178539278,0.00795037512785174,0.0064849626313931,0.00713854285143346,0.00572428065231567,0.00426112527132711,0.00545041789677307,0.00620572798063454,0.00543749752359158,0.00362713316995456,0.00452830341017652,0.00402320324323039,0.00361144525558613,0.00392020343606439,0.00480943338098833,0.0014713931078961,0.00344698495318101,0.00259291107414883,0.00357409070247932,0.00204859944234837,0.00239145705152423,NA,NA,NA,NA,NA,NA,NA,NA,NA,NA,NA,NA,NA,NA,NA,NA,NA,NA,NA,NA,NA,NA,1.7772640627349e-4,0,0,0,0,4.4901936769388e-4,0,0,0,0,0
374.511,0.0345410161944485,0.0326074926988859,0.0345854384953935,0.0216352312098881,0.0163228751935921,0.0127423711057182,0.0168451485682228,0.0100542728127765,0.0138200099244761,0.0121260935033364,0.0133502303689504,0.0153227169804023,0.0120347876159309,0.00948748254896334,0.00961677701643256,0.00871991795621031,0.00986341095221136,0.00843618495805291,0.00643110324719624,0.0082650307083848,0.0075519552647757,0.00800746762461519,0.00720876286656113,0.00670786410660305,0.0060689903544063,0.00487436450751348,0.00395366372223372,0.00383895290440099,0.00460742265186716,0.00326593666254163,0.00307687090668751,0.00420431828562855,0.00432264442009757,0.00281413194499872,0.00399099651606568,0.00332361120460631,NA,NA,NA,NA,NA,NA,NA,NA,NA,NA,NA,NA,NA,NA,NA,NA,NA,NA,NA,NA,NA,NA,3.1833298101503e-4,7.0408952162567e-4,3.2405076516877e-4,8.2922021014887e-4,9.7325621113599e-4,1.5617183902896e-4,1.1706207671172e-4,0,2.2363164432918e-4,0
376.801,0.036647777545973,0.0161957300034655,0.0123269430702782,0.017676674379106,0.0119970763591284,0.014550207003199,0.013883133963424,0.0140197075407742,0.0109305548554073,0.0101646524951529,0.00920126355061287,0.0118819983921864,0.0108001406175777,0.0107610941718838,0.00773499126135654,0.00878092497115926,0.00812672303606711,0.00858286601945066,0.00743854219941896,0.0070679477032337,0.00687615013813303,0.00637751152692833,0.00632234586064017,0.00659289952321454,0.00531270438603937,0.00594436495431782,0.00461801025759065,0.00417208366021634,0.00446664691377376,0.0049085121746929,0.00262610807087234,0.00366173085026295,0.00348521267022178,0.00319262243151616,0.00306323341633051,0.0030701770065878,0.00281355039622068,NA,NA,NA,NA,NA,NA,NA,NA,NA,NA,NA,NA,NA,NA,NA,NA,NA,NA,NA,NA,NA,5.5610517582118e-4,1.36053960562225e-6,0,3.69206267448027e-5,0,0,0,4.6232071562692e-4,0,1.6272651609496e-4
379.092,0.0267202400746659,0.0133265779258268,0.0131504769017397,0.00696818119947895,0.0117643188682256,0.0118247322180348,0.01594578803546,0.0105710652274876,0.0129040899861552,0.0126914716034129,0.0140178472166288,0.00981812135991474,0.00848897476753981,0.0106997533837162,0.0104981176004637,0.007609213345618,0.00808646094872264,0.00743735033657541,0.00749529464490123,0.00740302161960859,0.00701337248417001,0.00588252448746997,0.00567565373123139,0.00593285834094027,0.00654751372992914,0.00514574195359212,0.00527203146661138,0.0046251689433793,0.00414615642587913,0.00417186357617725,0.00490473234219573,0.00223732769453522,0.00294687661381212,0.00326852681142223,0.0030780942641806,0.00261347803648333,0.00197558002518465,0.00170615098543205,NA,NA,NA,NA,NA,NA,NA,NA,NA,NA,NA,NA,NA,NA,NA,NA,NA,NA,NA,NA,NA,1.5478251531536e-4,0,0,0,0,0,5.42280499319423e-5,0,0
381.384,0.0487075459035214,0.0275418092279929,0.0305487669810917,0.0216648577344544,0.0189703170598014,0.0131032956238947,0.0153698478602539,0.0189451165001416,0.016240691932568,0.0149961924718411,0.015523180417003,0.0138832972764496,0.0135636724557329,0.0128619714400741,0.0107259904420765,0.0109072176426344,0.0110093572680144,0.00842828647886636,0.0101628100597401,0.00853345133480654,0.0086289777312101,0.0082030669408347991,0.00629461667235571,0.00708464677691503,0.00670437154501307,0.0063613716708864,0.00697541766538092,0.00508533408147594,0.00399879310865632,0.0035375212223722,0.00437972554777415,0.00424693614918278,0.00389113491900593,0.00349887598742728,0.00339998544759671,0.00296049618480522,0.0086900495608316,0.00271786019379637,NA,NA,NA,NA,NA,NA,NA,NA,NA,NA,NA,NA,NA,NA,NA,NA,NA,NA,NA,NA,NA,NA,3.9476399922273e-4,5.3938274949904e-4,3.7104931033906e-4,8.9385602261182e-4,0,3.9488577008775e-4,8.6715879875904e-4,6.760848535053e-4
383.677,0.0437434687589736,0.0364548950312296,0.0236397846634483,0.0181628756716797,0.0249353054009863,0.0186272757544408,0.0145831763666152,0.014663503119061,0.0129843012795886,0.0165086243540975,0.0133808519975679,0.0127881517015724,0.0140627526339783,0.0124034648570309,0.0107888167987363,0.00925710164633292,0.00835525639364187,0.00940838124232523,0.00879094909423341,0.00776803678785446,0.00698312690900583,0.00817182731482167,0.0072895426340989,0.00779527894537605,0.0067861157038585,0.00639327256158354,0.00637228198151101,0.00568978328275214,0.00439736765726361,0.00356364683444611,0.0041492675600549,0.00583524615281817,0.00425838129663014,0.00329492267015513,0.00295991150971942,0.00314281089659306,0.00292865694284232,0.00221745912899335,0.00234674748382542,NA,NA,NA,NA,NA,NA,NA,NA,NA,NA,NA,NA,NA,NA,NA,NA,NA,NA,NA,NA,NA,NA,1.599476385973e-4,2.0112647310158e-4,9.7339625001797e-4,6.7524847168846e-4,0,1.4510678795828e-4,4.6814360293801e-4
385.971,0.0307426537823303,0.025113424980087,0.0179922469916169,0.0164300674760106,0.0125608558618863,0.0180851588931655,0.0151361542454513,0.0120560611236111,0.0129675392606565,0.0134900865567116,0.0108778806855727,0.0133971497787569,0.0113300086163127,0.0128173757659649,0.0113353174215577,0.009842768302505,0.00989123410878203,0.00889126819342015,0.00689089923286411,0.00685269553954173,0.00701326330501301,0.0074923705358684,0.00733764127990294,0.0058370564719734,0.00693044340981409,0.00638997181702391,0.00579383870542293,0.00563092384589607,0.00535449259278287,0.0041897861258424,0.00423991189983218,0.00542598619720044,0.00430538825736719,0.00299495522490386,0.00300563016206176,0.00279724278199788,0.00273481765922959,0.00228734530302696,0.00198759744131714,0.00233869189941781,NA,NA,NA,NA,NA,NA,NA,NA,NA,NA,NA,NA,NA,NA,NA,NA,NA,NA,NA,NA,NA,2.8150092746024e-4,8.5267818917609e-4,5.43223137668302e-5,3.4354688852777e-4,0,3.19670081886681e-5,0
388.265,0.0268132935565961,0.0313770188767946,0.0169984906746239,0.0162113925907194,0.0212977422377675,0.0161832619099859,0.0175987030260386,0.0136726828559736,0.0140879668433401,0.0146499643212869,0.0120523947045636,0.0118272136307377,0.0117369315380689,0.0103376932730972,0.010705555904403,0.00840729783495385,0.00970107804078804,0.00849172904935315,0.00886418345651745,0.00836056902876755,0.0084983623737081,0.00699621167756015,0.00769340339246537,0.00679482012476705,0.00728173065886539,0.006874698631437,0.0056201899247721,0.00700053061767175,0.00514428581534228,0.00513481274261406,0.00456953308304474,0.00473342121995723,0.00514891622060996,0.00221286958795169,0.00231222236467009,0.00248044026976996,0.00276420882355135,0.00236501257896531,0.00219869900593642,0.00218587845785924,0.00179373956762884,NA,NA,NA,NA,NA,NA,NA,NA,NA,NA,NA,NA,NA,NA,NA,NA,NA,NA,NA,NA,NA,0.00123648437923939,0,0,5.15527718871546e-5,9.35678714536481e-5,0
390.561,0.0467662964620835,0.0391541756625519,0.0294644768352311,0.0256088065249072,0.0211045823608236,0.0223240549226674,0.0166493462725427,0.0153436662090425,0.0180294560885332,0.0174948287327647,0.0152790656555002,0.0156769311616088,0.0144521149752641,0.0126341520393577,0.0124651226052959,0.0110682997941462,0.0112051052298885,0.0101709576582019,0.00895768459963798,0.00937800523885039,0.00907116703761962,0.00770498936097256,0.0078940287611465,0.00848374427057227,0.00715594555702922,0.00703107715454362,0.00668447407607478,0.0065428488126975,0.00772727117335209,0.00648093998182464,0.00494165014553343,0.00421432969330812,0.00430638329794497,0.00516372808311375,0.00476525351196143,0.00389809308537098,0.00327871394869666,0.00283118554094376,0.00318051915687035,0.00331359271046283,0.00213977483788351,NA,NA,NA,NA,NA,NA,NA,NA,NA,NA,NA,NA,NA,NA,NA,NA,NA,NA,NA,NA,NA,NA,7.4380919598334e-4,3.7648833676349e-4,0.00108543928024788,6.5331055435355e-4,5.7590371212428e-4
392.857,0.0690629169235694,0.0340838787651562,0.0293862129121971,0.0238269054224088,0.0238110655353236,0.0189673309043166,0.0217281406724825,0.0211988954235241,0.0177942628433005,0.0177574460787259,0.0163468172986523,0.0151726099014412,0.012775197345876,0.013056979094295,0.0108988754879904,0.0111612427477955,0.0106990494974869,0.0111682948048806,0.0111369161964997,0.010549087031895,0.00920911766883215,0.00915435916830559,0.00828236087250688,0.00770470032929595,0.00796206956098342,0.00769302177690854,0.00727667708952551,0.00671755503993451,0.00603041131015698,0.00599002341972479,0.00520427622470954,0.0042598884735351,0.00393688253059531,0.00470143602552531,0.00429820725347574,0.00312418944903906,0.00416539511129461,0.00314250171462179,0.00254115613273488,0.00234519280305873,0.00333985708835803,0.00238922884235627,NA,NA,NA,NA,NA,NA,NA,NA,NA,NA,NA,NA,NA,NA,NA,NA,NA,NA,NA,NA,NA,NA,6.0820917345814e-4,7.7102577390906e-4,6.4226280456573e-4,1.443691802185e-4
395.154,0.0193462405475814,0.00759445871276606,0.0229715099062689,0.0144304677871416,0.0150096166343456,0.00877106158995953,0.0124351667762514,0.0142255104947168,0.0122759210679962,0.0108561992875372,0.0124442130806454,0.0115957670892941,0.0124508196455869,0.0108467281138207,0.0111527428974417,0.00924077036174074,0.00956077442629787,0.00864778880817313,0.00868825508937553,0.00872453802519558,0.00722494402759497,0.00737214306437415,0.00664911317884075,0.00729171600483388,0.00666621481556731,0.00668440710340994,0.00721174006555677,0.00578598537170395,0.00570404048808054,0.00549053870200862,0.00517072691967457,0.00465712643508599,0.00399877908489219,0.00443531381534486,0.00569462922006906,0.00334961061329284,0.00224671997457301,0.00254718105070929,0.00286368290735319,0.00223426194378711,0.00223819362786783,0.00168375165080654,0.00469994258660247,NA,NA,NA,NA,NA,NA,NA,NA,NA,NA,NA,NA,NA,NA,NA,NA,NA,NA,NA,NA,NA,NA,0,0,0
397.451,0.0414290406597976,0.0340784457156259,0.0289490934359272,0.0206165387782229,0.0182091943643311,0.0165559211652123,0.0144818389140371,0.0129439750755429,0.0179847412646839,0.0153392628462114,0.014246692367191,0.0133558738172114,0.014503628876864,0.0135717315117686,0.0121953804020925,0.0107786976623611,0.0109782430361737,0.0100398417656156,0.0089604166837031,0.00891793882983912,0.0091404550774359,0.0081560502059946,0.00863690456099061,0.00817629566301813,0.00707936379747261,0.0072895865720266,0.00775193650595167,0.0067348057396404,0.00657533202456054,0.00616722444661557,0.00591258109798411,0.00578246999602707,0.00433191896968582,0.00447382119605354,0.00551250576975953,0.00418099168134292,0.00399971132132206,0.00386097821137066,0.00282019534517206,0.00272343570501102,0.00277521570323647,0.00263644876839328,0.00486110630346174,0.00443536808252565,NA,NA,NA,NA,NA,NA,NA,NA,NA,NA,NA,NA,NA,NA,NA,NA,NA,NA,NA,NA,NA,5.1637240186145e-4,9.6856258860167e-4,6.26771087140737e-5
399.75,0.0457669798373868,0.034396578215973,0.0420659075028163,0.0222162771691122,0.0206062285763162,0.0212152075017287,0.0145800693659684,0.0123527636601561,0.015446114380076,0.0132065505476038,0.0139137332757069,0.0129840671376572,0.0134975780561195,0.0104840845740893,0.0115729265928222,0.0103861583374558,0.00967223579027837,0.00891557973577696,0.0108168690544922,0.0097812234884815,0.00765914446331716,0.0090413296337414,0.00854090911577811,0.0074021047592529,0.00817715457993791,0.00672358237353104,0.00649699493295718,0.0066090110841664,0.00702107821292093,0.00623776579644041,0.00590379999321033,0.00524772251646716,0.00472454086341455,0.00456485971872251,0.00517849845255733,0.00572123556989498,0.00311264395790095,0.00245243300283764,0.00271973393144483,0.0028806690185999,0.00232121090440157,0.00271262383544453,0.00522076399634591,0.00530206778997496,NA,NA,NA,NA,NA,NA,NA,NA,NA,NA,NA,NA,NA,NA,NA,NA,NA,NA,NA,NA,NA,NA,0.001243217626091,0.00127474794412385
402.049,0.0273572753149993,0.0269846793179925,0.0178315619027271,0.0157567805527419,0.0169160030773833,0.0172012937438147,0.0204620350440649,0.0131535219563609,0.0150834674181024,0.0164914008329156,0.014586292070926,0.012093756538234,0.011849502302854,0.012589572592374,0.011275311883173,0.0105451518614579,0.0100411236006671,0.0094896897831194,0.0109624637400239,0.00904662829494566,0.00856836194267752,0.00843884764336136,0.0067335704810706,0.00709323630127758,0.00774448670900411,0.00683032663006419,0.00702140534165633,0.00673811473790002,0.00667836575571811,0.00635195583859091,0.00650148996835728,0.00520259970770535,0.00557235669628451,0.00450046745382576,0.00454894457771379,0.00523361705751349,0.00387981839425621,0.0025969938689363,0.00248898334060889,0.00293453977399133,0.00272763329022853,0.0025680799638509,0.00632001507676367,0.00595664661952341,0.00264081026475157,NA,NA,NA,NA,NA,NA,NA,NA,NA,NA,NA,NA,NA,NA,NA,NA,NA,NA,NA,NA,NA,NA,1.20888812200485e-5
404.349,0.0356791866534263,0.0325764586213473,0.0256504583523643,0.0176704195364821,0.020692733602587,0.0195456339932638,0.0182561190828143,0.0170208563056706,0.015738763024405,0.0170603883545114,0.0143372283672983,0.0137302194387523,0.0120515522782494,0.0122437032582439,0.0106789610770333,0.0112134604518416,0.0095842229652707,0.00987068277308204,0.00852464116925154,0.00858541622003744,0.00945136350543242,0.00949285105234126,0.00796221304307734,0.00803593080088603,0.0077416935449374,0.00787935685826851,0.00740614006844657,0.00690157188577397,0.00628769167235778,0.00624038901827468,0.00588090997020683,0.00588315070643137,0.0050632400414626,0.00441351644218184,0.00397777300648529,0.00454819956160598,0.00494012720882092,0.00292282509474651,0.00319705305556317,0.00336570744732431,0.00250529531139682,0.00352706518771048,0.0071568655909341,0.00672064464041246,0.0030670834326936,0.0018776038838703,NA,NA,NA,NA,NA,NA,NA,NA,NA,NA,NA,NA,NA,NA,NA,NA,NA,NA,NA,NA,NA,NA
406.649,0.0270370260587516,0.0281639656388052,0.0217560199158731,0.013257451123337,0.0192248223396223,0.0127001249308145,0.0150256027776737,0.0158299077849886,0.0137973049056764,0.0177307018841864,0.0157844302472423,0.011610288821342,0.013065729854277,0.0109157557871857,0.0114934681760921,0.0103569055450407,0.0107721500552908,0.00966421864634476,0.00903531126142547,0.00914333822861191,0.0083453511899648,0.00752425510190907,0.00822755202840771,0.007898870230196,0.00809079861966368,0.00702819647951516,0.00715006787762258,0.00678761733741462,0.00672299783777812,0.00603728676389266,0.0056174347821891,0.00542518989102638,0.00504058894528386,0.00495314862075676,0.00379217760786673,0.00386942107387649,0.00407032116312948,0.00397953838499724,0.00265921681619346,0.00210459769859458,0.00276362323625017,0.00300533676379374,0.00910653931395888,0.00711181861560319,0.00302958359334577,0.00189264218090227,0.00116384362172985,NA,NA,NA,NA,NA,NA,NA,NA,NA,NA,NA,NA,NA,NA,NA,NA,NA,NA,NA,NA,NA
408.951,0.0245943714311334,0.0210646816494817,0.0224126800350199,0.0173743134648844,0.0145874853250057,0.0199887662400849,0.0180547228146303,0.0161641172104491,0.0165852763820729,0.0162714073864906,0.0156857371912777,0.0128647291978036,0.0107210498334199,0.00960757565375539,0.010017285165192,0.00970691071781164,0.00979187398127632,0.00753355403572309,0.00841501711603397,0.0083468092102351,0.00891294613968787,0.00809480447059824,0.00683287976816918,0.00713297877711246,0.00656464824569855,0.00755540378178825,0.00669878178657321,0.00637557579446197,0.0063799709666948,0.00581067997306544,0.00615701440783496,0.00574966074743098,0.00528670738292897,0.00463965831071535,0.00399963971089012,0.00366280857098552,0.00350407058794083,0.00338987617379901,0.00253577154587984,0.00197649749712985,0.00184223315499713,0.00208145390243435,0.0100187537636622,0.00845504432902245,0.00297770023597651,0.00164176908586439,0.00153021972927742,NA,NA,NA,NA,NA,NA,NA,NA,NA,NA,NA,NA,NA,NA,NA,NA,NA,NA,NA,NA,NA
411.253,0.00920925289800351,0.00621779699011871,0.0106652919461941,0.008779464171412,0.0105023056780144,0.0102468379043305,0.0141978928206311,0.0118745973931461,0.0101471188801303,0.0148300625963794,0.0125042918579004,0.0111801185473717,0.0110395140850225,0.00931925945860869,0.00966899346233788,0.00911929468661885,0.00846130369792646,0.00934811726664759,0.00726979943878737,0.00834857009186304,0.00804850501165923,0.0062734255664798,0.0066884810568777,0.00618076364477796,0.00691511255375748,0.00652352502548974,0.00575728765392274,0.0054043143971483,0.00522129107646361,0.00548860794690354,0.00489273256274926,0.00495163425457328,0.00507304548638295,0.00365530058802855,0.00391663304977574,0.0041074630201753,0.00363204708401938,0.00313708588089172,0.00289087570034019,0.00231485212326063,0.00168472715772168,0.00258079062208876,0.0101538516475745,0.00924419535346756,0.00243069286669769,0.00186237754975631,4.7791819725477e-4,6.944771487069e-4,NA,NA,NA,NA,NA,NA,NA,NA,NA,NA,NA,NA,NA,NA,NA,NA,NA,NA,NA,NA
413.556,0.0398788784861821,0.024977225784072202,0.0276264104958968,0.0237247020183185,0.020665702198778,0.0208286620958501,0.0154608351501229,0.0199959821522285,0.0176397904902776,0.018935158049855,0.0186022287444133,0.012967943265193,0.0121863493142787,0.0128740718776992,0.010718178879992,0.0109452597677592,0.0101354270461694,0.0105168944589451,0.00993890003070434,0.00931841561257554,0.00888001158150677,0.00928942799707354,0.00704974733783263,0.00817071625456164,0.00827475626480455,0.00787003944272234,0.00769905902156387,0.00729416579703376,0.00667517053111809,0.00628828339752638,0.0065828186641873,0.00573019757998266,0.00551238602201924,0.00519365033967613,0.00550808331463271,0.00539546548860991,0.00390621178715538,0.00307703220632619,0.00270669919291723,0.002605541603198,0.00170948642035215,0.00379145520604549,0.0115504525675477,0.0105333127376595,0.00405487263707099,0.00205971069264289,0.0018222596419126,0.00199802935121324,0.00164600512912723,NA,NA,NA,NA,NA,NA,NA,NA,NA,NA,NA,NA,NA,NA,NA,NA,NA,NA,NA
415.86,0.0317734062058807,0.0189277077958872,0.0285379169469093,0.0243778873230727,0.0243396609471911,0.0185734401251984,0.0153651152254102,0.0162543104318302,0.0151721629990517,0.0187078019697831,0.0173414690955277,0.0131028477558028,0.0122863680536916,0.0118962368437649,0.0103869873879284,0.00953227733398207,0.0100142919986306,0.00965212292452052,0.00920623995019062,0.00876893944998763,0.00981947344736568,0.00813145120475169,0.00765368684658468,0.00809407097796028,0.007438109059241,0.0074308703143742,0.00694734929007018,0.00692842690530197,0.006700371716191,0.00650284731456483,0.00605756419416357,0.00603549966488542,0.00548945387414172,0.00493095084578575,0.00512729683883057,0.00432935717747994,0.00392756636211649,0.00308826794675638,0.00270525834046357,0.00262018712165378,0.0021956645398423,0.00290827868366996,0.0121912475402909,0.0106119700821862,0.003023259466113,0.00193102589018929,0.00190692322410532,0.00210136975859025,0.00115622261228856,8.2007783521483e-4,NA,NA,NA,NA,NA,NA,NA,NA,NA,NA,NA,NA,NA,NA,NA,NA,NA,NA
418.165,0.0147256060645587,0.00907634835486346,0.0131625016839702,0.0173324516610705,0.0118797741271008,0.0171657742033776,0.0141544528412135,0.014128114852556,0.0141076409274018,0.0167111052489498,0.0162196267502553,0.0107952349016566,0.0121903378994468,0.0102484301426804,0.0090020412481371,0.00942100928623922,0.00891636539256421,0.0096972587539427,0.00883899689290643,0.00798905423091784,0.00747449540407226,0.0084478189744068,0.0076230585953467,0.00713388963161286,0.0058126265662136,0.00675140892711946,0.00640899440520712,0.00672022033477823,0.00624806935446977,0.00552463270172101,0.00559060720316387,0.00646403951697054,0.00561137226222091,0.00490448498667855,0.00443138655266651,0.00449375382488023,0.00360139353156608,0.00324359301985848,0.00287333862934036,0.00277216815632428,0.00378900831609303,0.00330421266587581,0.0110484848501234,0.00994023018674379,0.00319544953227984,0.00155672356133319,0.00103382255898942,8.7488080405346e-4,0.00115611190183647,9.532247559003e-4,0.00122127855293703,NA,NA,NA,NA,NA,NA,NA,NA,NA,NA,NA,NA,NA,NA,NA,NA,NA
420.47,0.0404186320122264,0.0370944529070568,0.028969655524975,0.0238940506760801,0.016924351753237,0.0203531773342086,0.0191898806064403,0.0160687900647878,0.0152610022728774,0.017925852096501,0.0168904790166242,0.0145170402250909,0.0136462918246496,0.011627257417242,0.0110359394205032,0.0102264856150044,0.0103227449409053,0.0102007535760578,0.0101414177558158,0.00868377499570694,0.00929309241715826,0.0090703335812823,0.00806273558475386,0.00776318634169232,0.00784784704714813,0.00757559254445653,0.00701796214039907,0.00686831908525218,0.0066549563174217,0.00720398190514436,0.0063196522809412,0.00597022071272688,0.00618906850423431,0.00546922213618053,0.00481827321440053,0.00547796667623184,0.00428302703483966,0.0035385145648171,0.00315714551544636,0.00302588231439937,0.00412290815674883,0.00218838092618559,0.0115437170681957,0.0101539163108393,0.00353703316248407,0.00246073825124926,0.00184311734016298,0.00109347451855443,0.001252353318059,0.00148219557237078,4.6769272305132e-4,NA,NA,NA,NA,NA,NA,NA,NA,NA,NA,NA,NA,NA,NA,NA,NA,NA
422.776,0.0301595762661061,0.0270502384235235,0.0236673963155117,0.0216655491944171,0.0178577903066899,0.0155746905326532,0.0170809433260401,0.0143705177783701,0.0152461726444112,0.0151600864303393,0.017035470074478,0.0131352613916052,0.0116051113601432,0.0113293125148219,0.0106993854192332,0.0102459430772922,0.0103319822531826,0.00930918525202167,0.0102388170113562,0.00883240234692253,0.00944707492041713,0.00790663552216342,0.00758865926187886,0.00766600988718243,0.00773196295367608,0.00707545656385357,0.00691276247493952,0.00651280045027802,0.00684997673735992,0.00639637859877723,0.00647258355157355,0.00554336127053761,0.0052315889368564,0.00559122264276268,0.00495780740634626,0.00513516248529829,0.00428742283141083,0.00408087758741556,0.00341923585934444,0.0034151616994611,0.00474991079448752,0.00836654768845988,0.0112797630128845,0.00949305170443924,0.00343188842606695,0.00249611335472535,0.00161938167215468,0.00147432596403066,0.00194838595618531,0.00131352798380095,8.4483079183989e-4,0.00168645218013446,NA,NA,NA,NA,NA,NA,NA,NA,NA,NA,NA,NA,NA,NA,NA,NA
425.083,0.0263641916111006,0.0194630777106188,0.0191074258885948,0.0169384263196207,0.020800856485201,0.017522912769069,0.0145569076407437,0.0132906968492441,0.012705074896007,0.0173587707227871,0.0155410120477423,0.013979901674312,0.0106038273288381,0.0109165296503599,0.0110298651671704,0.00947049103084031,0.0108228967571505,0.00914953263903052,0.00872120388279047,0.00909818702471105,0.00887109732435171,0.00804600495813525,0.00745641649352254,0.00727649989029891,0.00674457905414887,0.00656723338216262,0.00705503518804964,0.00649821225405873,0.00666487963702188,0.00628234650800686,0.00620539990854089,0.00579439256328315,0.00549962234417501,0.00538272894789629,0.00467710539644864,0.00461339616661957,0.00448495895798509,0.00402500751583245,0.0036126791120988,0.00385424130436472,0.00552622536607351,0.00907975713981157,0.0113286385631309,0.00924370617617523,0.00342283792886956,0.00192630319465294,0.00154622123386217,0.00171839587637196,3.7510290426627e-4,9.0956231330883e-4,9.3928115797832e-4,0.00101099911990521,5.8292999805118e-4,NA,NA,NA,NA,NA,NA,NA,NA,NA,NA,NA,NA,NA,NA,NA
427.391,0.0298712439320624,0.0250499184049907,0.0231294154317001,0.0161066221434388,0.014928671772967,0.0153024705421506,0.0151448594245954,0.011704928091333,0.0120899549289492,0.0174389071456511,0.0147301193692195,0.0110773686577441,0.010978256572569,0.00979311050450317,0.0106666482995949,0.00929912279011206,0.00920662715561352,0.00872643954336242,0.00789325486855646,0.00827792986785161,0.00685881217507876,0.00767631827740011,0.00722566910846611,0.0067406301691003,0.00687163631816477,0.00638128675523165,0.00666179974189156,0.00640719221277862,0.00600319547428376,0.00587716545118568,0.00562586217361248,0.00613280128660086,0.00514042336560193,0.00464076491573235,0.0045766196290941,0.00436917615703137,0.00430591051688726,0.00360880677143711,0.00392376001810873,0.00401837366620128,0.00574826684607925,0.00884368950677569,0.010280945635455,0.00852578377829124,0.00248174508917185,0.00198624015486243,0.00183669487841733,0.00142495781968746,0.00107939627345027,5.9432983017222e-4,9.491657412968e-4,4.3586381891584e-4,6.9355677211562e-4,0.00116594551511126,NA,NA,NA,NA,NA,NA,NA,NA,NA,NA,NA,NA,NA,NA
429.699,0.0166298072854137,0.00966276685521365,0.0153076769110137,0.0140078394649342,0.0134562088670964,0.0138479467400868,0.0111800862596779,0.0163015463703537,0.0134497641689554,0.016239717734881,0.0104853855328573,0.00922214978707725,0.0105732993882938,0.0097799507287042,0.00893961464188999,0.00955924470680223,0.00934026248512483,0.00927985654429711,0.00915573529370886,0.00747442254878493,0.00841758056361921,0.00793357939320349,0.00783609221231335,0.0069659864794323,0.00699068164645841,0.00642881684918664,0.00623775416997519,0.00603410028296721,0.00594448812322749,0.00599690016619119,0.00542294337936085,0.00598169550132299,0.00527547919468153,0.00459919429856309,0.00475757065466194,0.00474105283816241,0.00382228371926323,0.00400614972037391,0.00357225581846083,0.00351160148434895,0.00514557414597686,0.00739748560562289,0.008604081107698,0.00838671574638915,0.00338266768626173,0.00166515249991747,5.8110109149381e-4,0.00111613051387705,0.0013496218257486,0.00145202697174804,0.00117467226307442,9.3138096599578e-4,0.00141215497110794,5.8928382163232e-4,NA,NA,NA,NA,NA,NA,NA,NA,NA,NA,NA,NA,NA,NA
432.008,0.0329820566240483,0.0228768089826664,0.0246691383200192,0.0173055766692789,0.0141056839798347,0.0160289317076383,0.0165569385353012,0.0124647004086071,0.0129889072554838,0.0162245754751912,0.0149852690095286,0.0115533830578329,0.0117664450023307,0.00987048061893284,0.010210068533078,0.00965947237090951,0.0103991542494324,0.00964181274135475,0.00891987457061556,0.00836095302241109,0.00727947926368992,0.00764753938652446,0.00791652006538118,0.00704630906327239,0.00745391532622416,0.00678430317972946,0.00727532170848684,0.00668563206292754,0.00599094907034233,0.00617434210791916,0.00643288384774622,0.00561521380865493,0.00521882212672579,0.00497196453516867,0.00495842058818502,0.00434206493555144,0.00482865219997932,0.00447361043627281,0.00402436378477004,0.00328283893032029,0.00429404550787908,0.00562523131733178,0.00660675869413459,0.00616954074820423,0.00255545601702827,0.00176040852050484,0.00167664041217542,0.00156943865759351,0.00115945356650668,0.00147519711822636,0.00187021397267941,0.00111405518471648,0.00110708663299915,6.6437883798186e-4,0.00129875595086686,NA,NA,NA,NA,NA,NA,NA,NA,NA,NA,NA,NA,NA
434.318,0.00680826290284338,0.0117241052470472,0.0148641574295146,0.0153962953165592,0.0142009326120095,0.0135706083573026,0.0157788058026495,0.00987364643582003,0.0148590078617545,0.0166532602246884,0.0162701401719121,0.0114873525197664,0.00892061528973676,0.0106849040512345,0.0090335110391454709,0.00895281974408457,0.0086055691839082,0.00808794764112379,0.00786181958502362,0.00715463291364299,0.00709548940043815,0.00650351642609017,0.00613563759058707,0.00703425338798611,0.0071644221202111,0.00627734951260471,0.00594091405679318,0.00654255109892334,0.00582494014959967,0.00629663483147475,0.00633114830846347,0.00597622010427989,0.00523925678037442,0.00469649624588571,0.00486343987731615,0.00485154664479286,0.00424435500012451,0.00414554940982308,0.00345737870298972,0.00382563974047898,0.00337778400066979,0.00436850836092758,0.0051591149669191,0.00516349995348165,0.00369668724632773,0.00200445332002883,0.00129825977923521,0.00208865506384185,0.0014505967858004,0.00189136750277449,8.3881615128547e-4,8.4377602638739e-4,3.927971551676e-4,4.4632565803003e-4,9.2292022596838e-4,1.9830140730432e-4,NA,NA,NA,NA,NA,NA,NA,NA,NA,NA,NA,NA
436.629,0.031608597550933,0.024826459826489,0.0207352519702989,0.0196943538567216,0.0177572567022704,0.0176834765861756,0.0172979370943325,0.0182552864895002,0.0130464131130372,0.0195120895132776,0.0164601809220917,0.0133245389483039,0.0112030148150381,0.0105754391248786,0.0114225785811603,0.0107562996150812,0.00851832392830055,0.0103154132584055,0.0081370416801510009,0.00865024070300536,0.00837213713839552,0.00803510361285078,0.00765425274426444,0.00769417136831489,0.00697067312676655,0.00732923653289523,0.00691329960740854,0.00751676676798077,0.00671092943814047,0.00636218397916032,0.00643982680970854,0.00634983137089879,0.00533989910300203,0.00532280554049168,0.00538146892075438,0.00528746362755695,0.00405048260713022,0.004748075304145,0.00467181800067798,0.00450045826302133,0.0039038981574456,0.00391204811545722,0.005235925753619,0.00552515582699563,0.00411792025871377,0.00271664226510242,0.00155138996537083,0.00171185786077676,0.00215492900576533,0.00170295881131098,0.00133894716939655,0.00119080847331652,0.00166764098103841,0.00183311222314774,8.641671446816e-4,0.001583451557508,0.00114109949502937,NA,NA,NA,NA,NA,NA,NA,NA,NA,NA,NA
438.94,0.0380598962112392,0.00928912304738646,0.0170119296520495,0.0100698216732351,0.0106028738831797,0.0140289277531052,0.0123282560412171,0.0137894273709807,0.0127144493017156,0.0173064316371623,0.0156217995031424,0.00951565211138293,0.0120611388555722,0.00932392546427764,0.0095415633986407,0.00815567537353037,0.00983430748931122,0.00876282575241258,0.00811593423133084,0.00737735517710522,0.00668931090668252,0.0064636200242364,0.00698281078432202,0.00668290225543336,0.00636656976752375,0.00667355779325917,0.00632010628243297,0.00624058492509686,0.00530572573738022,0.00538943739748764,0.00566688822895575,0.00511796555819632,0.00495887033339105,0.00522545964604954,0.0047905741210815,0.00503116281952731,0.00429262941466137,0.00390285390049702,0.00387833758394229,0.00382530103744001,0.00333956348983787,0.00366295346879187,0.00680743987372125,0.00728684400810371,0.00528893380876883,0.00304641901286938,0.00100497186979532,0.00141682848860525,0.00137938863115552,0.00102796144665408,7.8860306110771e-4,7.7577551442111e-4,4.3821809726697e-4,3.9517924811664e-4,0.00123786539700219,6.7334102805233e-4,3.1116574108996e-4,NA,NA,NA,NA,NA,NA,NA,NA,NA,NA,NA
441.252,0.0306308760283631,0.0321347356489483,0.0259694516360817,0.0158843525155113,0.0172023714568324,0.0168027252428053,0.016987834315803,0.0138999547853385,0.0149844351771294,0.018642852621332,0.0137173567285475,0.0116050948442678,0.0112098617683742,0.00986344355760601,0.0105733200775889,0.0094541724111102,0.00965138794283564,0.00961191113378829,0.00874937918786215,0.00762870607174585,0.00739786597791531,0.00742294627574951,0.0080396081843052,0.00755286156964303,0.00656903272362106,0.00726258987527528,0.00633529125789779,0.00663415213751592,0.00611776941159615,0.00585874842466497,0.00559968672653881,0.00588007498827415,0.00524566126848484,0.00537922338427232,0.00494363459508865,0.00499205025256619,0.00486365223056325,0.00414121258713381,0.00426434328241187,0.00437530655935871,0.00416132706155151,0.00439869799115379,0.012431696631796,0.0089975779763049,0.00654585878896112,0.00380760453265712,0.0023064601071483,0.00123607062402943,0.00192223864611295,0.00185364701978683,0.00109433454303572,9.2957312385256e-4,0.00125973112168925,9.9092935264906e-4,0.00128865347070145,5.0877942707195e-4,8.2380458241456e-4,8.2436858310677e-4,NA,NA,NA,NA,NA,NA,NA,NA,NA,NA
443.565,0.0204298038753332,0.0171395925977347,0.0212590735986513,0.018005114886718,0.0211601886504067,0.0187399544201908,0.0196884765064172,0.018650977616693,0.0139662505957105,0.0172495259612135,0.0180253694991548,0.011887854718591,0.0099856796790416,0.00940426311356046,0.0103923516366786,0.0109710148886265,0.00972544090153656,0.00930725893244008,0.00812102413471068,0.00865920184932421,0.00808621222823054,0.00727946658117338,0.00770014094387413,0.00735773979939909,0.00689015724227681,0.00673596709751408,0.00671195042924758,0.00665546323456939,0.00685103684696875,0.00604491033002021,0.00592946143001544,0.00608635388231451,0.00547475489230806,0.005783978028244,0.0052438878374002,0.00541740319336629,0.00554365807109269,0.00504755045775018,0.00437525712877552,0.00481082255310465,0.0044467789761055,0.00453501481036953,0.0120840852312751,0.00979835480764472,0.0073036006256147,0.00451834971645107,0.00301404664190845,0.00245463419052447,0.00213920876778863,0.00252517754474119,0.00102119283045984,0.00123672997405542,0.00155901673432625,0.0015832715892743,0.00128885868137636,0.00144324746932554,8.034219406681e-4,0.00108763162790162,0.00121101874463799,NA,NA,NA,NA,NA,NA,NA,NA,NA
445.879,0.0237870385340162,0.0188675749655866,0.010182724497346,0.0101687099298459,0.0160492893346438,0.0190179063440155,0.0152860913777116,0.0145530353835237,0.0130546189161999,0.0182018308749393,0.0156182899880107,0.0122002142206039,0.0115698002674443,0.00941880773075283,0.00999621576237405,0.00917501217811494,0.00776240180377455,0.00849628432467989,0.00834375989838488,0.00725499132279115,0.00758058430073943,0.007552579482291,0.00767046373034613,0.00617828272434023,0.00700628342124895,0.00653681146334104,0.00712771516485826,0.00661302482999007,0.00653275706667151,0.00547597455409336,0.00637688961420609,0.00589212140814293,0.00586399754724376,0.00466250659660413,0.00537723171508176,0.00448521064183693,0.00496697256910499,0.00451259254850453,0.00439313279179654,0.00408745953364173,0.00339860538667011,0.0043249765130714,0.0117042208472313,0.0100837649757884,0.00716238661407649,0.00451995030710637,0.00323860145387085,0.00264037816941076,0.00231905819605454,8.8445782444913e-4,0.00173664735085853,0.00118589949305904,0.00133890474182324,0.00109945867689006,0.00154052229900448,8.6224142220949e-4,3.9302980443075e-4,0.0010165742236185,0.00100883121873013,5.7301190959097e-4,NA,NA,NA,NA,NA,NA,NA,NA
448.193,0.0234442928414304,0.0335637903969456,0.0228846860510392,0.0199302690412867,0.0205456799638915,0.017282150327831,0.0214086915762605,0.0142374822635562,0.0130266461376142,0.0183685160892689,0.0156260648124435,0.0114202790084985,0.0108341325239107,0.0114508757138463,0.0107114801171203,0.0101416670811561,0.00978292686307694,0.00996080748683164,0.00792855333552048,0.00833084012997242,0.00786016111558877,0.00803426194063675,0.00792213657623498,0.00808728676380377,0.00801745227127942,0.00725836989083426,0.00725524471228673,0.00675389764677154,0.0063851671179912,0.00607673356201606,0.006227119806416,0.00689834005834055,0.00580210317834688,0.005964660436628,0.0054140076217312,0.00508841017790815,0.00444961663667864,0.00447801122792452,0.00513312804476468,0.0041896241105987804,0.00414187629124872,0.00470337514133943,0.0110113501092229,0.00990223437349826,0.00628112741469329,0.00380279618850974,0.0029595244761439,0.0025707009112648,0.00227930742336536,0.0018803905569274,0.00190902913174018,0.00253101205496041,0.00186962662358987,0.00201600585309915,0.001783660236043,0.00166927203727837,0.00171623737152478,0.00132863370730145,0.00103235524919987,0.00132679270892173,0.00131684978363327,NA,NA,NA,NA,NA,NA,NA
450.508,0.00592455337639573,0.0217386207383329,0.0183535121353052,0.0130051726310102,0.0118603599363694,0.0108698963928951,0.0134759816173661,0.0142613109863301,0.0121157029507845,0.0160381539534743,0.0159274521785644,0.0103709326084586,0.00895645934272926,0.0105070275235016,0.00804999373646756,0.00828290847147704,0.00952368754199499,0.00859019423990689,0.00790810504415543,0.00751552859472187,0.00732669468847939,0.00705102617551514,0.00648140093797112,0.00625575975687995,0.00608050566802743,0.00632287347335316,0.0061816440456294,0.00566763043651013,0.00494610070282552,0.0060241369841816,0.00518503058288016,0.00478136116806691,0.00445665709034362,0.00475546881283655,0.00451559680705065,0.00480750340322871,0.00460460314196793,0.00464461249365062,0.00369590259567913,0.00405232619102184,0.00380519003509015,0.00404751601554618,0.0102431683800121,0.00881727432035833,0.00336231221214719,0.00311059453225095,0.0025527741421503,0.00234963011782973,0.00191153900924517,2.2667408239555e-4,0.00196784741461152,0.00138333546083769,0.00121453402685187,0.00135270743615798,0.00121788706943815,7.7761180193108e-4,6.1217220788411e-4,5.2105415388688e-4,4.1875538395235e-4,5.1265004294636e-4,6.2369027665614e-4,NA,NA,NA,NA,NA,NA,NA
452.824,0.0215695507486137,0.00366561244228356,0.0180116548159761,0.0123121978608277,0.0158205041073494,0.0143576651602827,0.0130537594056932,0.0111716844934831,0.0136172849766336,0.0145006489057026,0.0114764283350454,0.0111102725763192,0.00983023703750563,0.00944551351737257,0.00878081063359132,0.00805456925920372,0.0092697538498053,0.00806877527495653,0.00686463645627465,0.00855726951160292,0.00827906421155651,0.00623964979133442,0.00622497474374546,0.00577333332565122,0.00643205840488017,0.00627483283199937,0.00584694081458549,0.00541059546944011,0.00603610149163769,0.00622120926169445,0.00513280296813415,0.0054854191910206,0.00551886788242953,0.00532543022299793,0.00406601376998135,0.00467285069922875,0.00469157702711371,0.00418540194527692,0.00442072347935304,0.0042654317300045,0.00368264764134843,0.00412697755988318,0.00905107470843682,0.00795517134497174,0.00350555873577128,0.00220669183526768,0.00225398634555604,0.00211534537801581,0.00178231993146006,0.00137453636096474,0.00175282189294495,8.1733689188609e-4,0.00142474651206343,0.00100470616759074,0.00134136461525214,7.4455641831666e-4,0.00113545606679634,3.0437906562198e-4,6.1204967334685e-4,5.2945561736565e-4,0.001132314306646,8.2204781199619e-4,NA,NA,NA,NA,NA,NA
455.14,0.016381954837116,0.0182359572040214,0.0186663387376044,0.0139179215168713,0.0189128913693096,0.0177491541273282,0.0154843461634044,0.0122782460850748,0.0120786947609027,0.0160972467237333,0.013685632605092,0.00986484882794181,0.0110770835329556,0.00849391148492627,0.00943313681388738,0.00965709000246304,0.00821313393124445,0.00875979781146572,0.00829252798242935,0.00771164209166155,0.0075123457556207,0.00745916529846924,0.00665665196165846,0.00633539789114757,0.00644933876327953,0.00673810803912416,0.00640291825919906,0.00627628680431954,0.00611949084573697,0.00572511421976884,0.00589190026684351,0.0057539441263454,0.00491743079401331,0.00504816353294418,0.00514726312204387,0.00514660827045265,0.0049264349639213,0.00451657732336361,0.00373700831304952,0.00396093164439746,0.00329910057679758,0.00413502937737014,0.00918536983233873,0.00841964941492245,0.0039819976450926,0.00294318154494443,0.00212235988048744,0.0019662222612628,0.00171789670438758,0.00146157595394367,0.00200284969718819,0.00136573533745027,0.00177522995593042,0.00140490717850738,0.0014179079648109,9.0801093301189e-4,0.00101096329396516,0.00115612411612031,0.00112547253470585,9.6833767045692e-4,1.975473217759e-4,7.4452704546857e-4,4.0106569799026e-4,NA,NA,NA,NA,NA
457.457,0.0257225987670478,0.0228053295246406,0.0188912058476803,0.0185949516154165,0.0175021640586484,0.0155633203659051,0.0176623945814014,0.0146161366967264,0.0157291250634471,0.0150940994651954,0.0124405266044267,0.0102207398399953,0.010123374734919,0.0105716888764426,0.0090054335036443,0.00788954187033517,0.00699354275514432,0.00789354090487134,0.0074362711446159,0.00712933888664137,0.00771409127963663,0.007728330644042,0.00714276219530149,0.0065374948000367,0.00662483892488906,0.00603036786802998,0.00528294465332031,0.0062622730237579,0.00568740583877078,0.00523720567128161,0.00538634681040906,0.00490662009439763,0.00492759887797503,0.00538901145135938,0.00485253206476085,0.0049329145856603,0.00470528642883945,0.00475735702243266,0.0051639786910903,0.00424408815665105,0.00370204579086282,0.00389554832084401,0.00918850424108261,0.00840273375621908,0.0041400301337926,0.0030241158475946,0.00263944807141073,0.00192826817219532,0.00172831345046421,0.00153854030852036,0.00113665816233382,0.00206119357564178,0.00185976366480128,0.00164557822665029,0.00163951662070162,9.2708618668156e-4,0.00158665399481105,0.00130057410285478,9.247264544801e-4,7.3599271079278e-4,8.4354973660557e-4,9.2161260239232e-4,8.988735882346e-4,6.9811815285095e-4,NA,NA,NA,NA
459.775,0.0294796651508164,0.0160441003393558,0.0122253010681623,0.011334477227343,0.0162402899391424,0.0175841020327762,0.0136436653044737,0.0130610940056801,0.0134305849907413,0.012904250923041,0.0120643433081169,0.0100576770681096,0.00922199253365676,0.00950751995420947,0.00902864707870486,0.00855268133431935,0.00726626457465124,0.00739245521367057,0.0073866245592582,0.00774954664824247,0.00652867835424085,0.00603865926891398,0.00584392492131758,0.00585419011209897,0.00598416899315073,0.00627127913817107,0.00548400453643752,0.00560890520956216,0.00539271824663285,0.0050022728961641,0.00545548879566574,0.0051191156079691,0.00493582785369758,0.00472594401161968,0.0048971548173852,0.00390146499811234,0.00416203873073365,0.00476296217324996,0.0040959683393197,0.00390625489687739,0.00354723236369623,0.00378001943005241,0.00881632254012291,0.0070375453820226,0.00361358599672015,0.00256785703622046,0.002391138315358,0.00196270221546711,0.00180706051834109,0.00169094741741358,0.00162942917109094,0.00151191715916521,0.001467309529657,9.7488871149688e-4,0.00146889039284868,0.00143450179813595,0.0010218553048674,9.5132834057921e-4,8.8075096254221e-4,5.1909795042967e-4,2.9941221707209e-4,9.9048251595783e-4,9.9512651889831e-4,7.836807211809e-4,NA,NA,NA,NA
462.094,0.00385554879839044,0.00819301534314879,0.00718140612946342,0.012327662277156,0.0105166760430932,0.00992239579256972,0.0110956675850389,0.012839840721027,0.0120233874196289,0.0109658527737064,0.011661041201774,0.00995777937230473,0.0087354535763154,0.00718448595545956,0.00623786450088261,0.00772781897205825,0.00610093148154893,0.00702025702273105,0.00716577740342194,0.00624846184482592,0.00545684102863835,0.00573435201650395,0.00600880773047463,0.00518061617398906,0.00579352233931654,0.00525125378056926,0.0043392574052135,0.00509451335859338,0.00444310789661741,0.00536832734032388,0.00467725878268783,0.00482376121003396,0.00448434044691106,0.00434678251580453,0.00421321962565105,0.00386353466740093,0.00383844353953466,0.00344261993546165,0.00382904297320419,0.00343396683813489,0.00310070713247172,0.00332728632471092,0.00773343987050468,0.00638078127588265,0.00316951362814083,0.00297927556546494,0.00239223581677417,0.0020410317057782,0.00191043307326891,0.00185383344270935,0.00173837637106265,0.00159079973623346,9.7820294714259e-4,0.00105649274332585,7.7438361788716e-4,2.4264753991669e-4,3.9003494645305e-4,2.9231282218665e-4,3.2442912702108e-4,4.9145246770014e-4,3.44458213863755e-5,7.0904128767964e-4,3.8297654476546e-4,1.8330711802997e-4,1.0367844040863e-4,NA,NA,NA
464.413,0.0269432041234833,0.0213900105707989,0.0237671548238304,0.0163449170285556,0.0179257954090217,0.0164293694850027,0.0113158913925859,0.0113924204448438,0.0131286421810306,0.014510243236771,0.0121248939950227,0.0093512738091085,0.00859219479324826,0.00864237605943055,0.00847240839739281,0.00866825866931249,0.00851862515604034,0.0080261718097385509,0.00746028617206042,0.00640688092691204,0.00673217664656451,0.00663256958360856,0.00600021184968612,0.00624862797039221,0.00597044670146033,0.0060737480010957,0.00610843785350147,0.00531115026576053,0.00539348272618941,0.00567851367114182,0.0047912372818891,0.00506239460117213,0.00478076108958495,0.00491741280116045,0.00475622995956666,0.0045649206525008,0.00429973304815222,0.00391809916066186,0.00434141562930572,0.0038819301466027,0.00350636955596813,0.00468635457974933,0.00802888944543153,0.0072837429057887,0.00333254074448634,0.0027583014957916,0.00298328230321689,0.00263153585353222,0.00196864748979721,0.00191541791644048,0.00179695976205267,0.00161604036166523,0.00189568899112287,0.00109729707488912,0.00135915831236391,0.00103426398941268,9.2341926488609e-4,9.3351027613448e-4,8.0105662765191e-4,5.6302705779073e-4,0.00106721844427478,0.00113101373993972,8.9565568749692e-4,7.6126974604116e-4,5.9457613880219e-4,6.7245557726384e-4,NA,NA
466.733,0.0240216378978618,0.0212771722614648,0.00951334322587297,0.0155988313938956,0.0164234395475221,0.011987124160147,0.0126779984465567,0.0119849997906341,0.011549538441458,0.0116947560371088,0.0107564063226046,0.0107636722042216,0.00934083790150088,0.00742247061942916,0.0072524661766552,0.00758770921126532,0.00774960743852817,0.00705414811069724,0.00755561027108236,0.00711748393101639,0.00650891629953006,0.00570654683623604,0.00642595981591319,0.0062900738894571,0.00575919342899951,0.00515884200454079,0.00507664132006032,0.00452071399172162,0.00497230327408266,0.00465064837844487,0.00492465834662655,0.00489588180742007,0.00542916067815924,0.00494813630208259,0.0046182988578106696,0.00449445587415191,0.00410876030882808,0.00424731416821592,0.00409811937508102,0.00423774243395577,0.00391213531097869,0.00388789013048206,0.00796853440693107,0.0071317938969862,0.00379553819269009,0.00320526470170779,0.00233803638093687,0.0022643312176153,0.00246242082472141,0.0018812167183487,0.00179883171135063,0.00165980471777058,0.0014426908131019,0.00114560305509669,0.00168828524267981,9.8357839043886e-4,0.00103482716325926,0.0015846604861076,9.6391033187261e-4,7.4747941959763e-4,5.0724935422365e-4,7.2212706715273e-4,8.0381845770163e-4,3.0273921896559e-4,3.704918233896e-4,3.7142581279182e-4,8.4611082188771e-4,NA
469.054,0.0174779390118519,0.0168326961893262,0.0139773074512607,0.0123389026702129,0.0116904418412101,0.0126358181202979,0.0122433009126369,0.0105990448943694,0.0107924060595899,0.0124662179021085,0.0108887793219242,0.0087225464642663,0.00940314450117881,0.00791889825341238,0.007807869392345,0.0082549880601601,0.00793304024597984,0.00654097106066164,0.00574346056892968,0.00556002328647908,0.0053720165477427,0.00558834474604284,0.00540983245058517,0.0054301730514492,0.00468392878926475,0.00508983974632388,0.00490270322397253,0.00516126478705412,0.00503769515682983,0.00503116518974415,0.00457614290070543,0.00453607283716058,0.00425347032616961,0.00474673150065695,0.00431210120412804,0.00427469955949426,0.00409881063018544,0.00393904794258091,0.00352499308809769,0.0030973381435802,0.00328692534257129,0.00343610886748486,0.007866735459688,0.00646992585099432,0.00281538228193476,0.00253109097286857,0.0023218320514172,0.00234864094892838,0.00183065770016661,0.00188215717273588,0.00178648022489895,0.00167171166687505,0.00146130497119014,9.4106218057525e-4,5.0751510953483e-4,0.00131135795226587,7.2843866761405e-4,7.9668030968668e-4,5.9929054878011e-4,8.1952073953655e-4,7.9681414941199e-4,9.5318124008147e-4,2.5444801663526e-4,4.9715246669102e-4,7.2065223597389e-4,5.0074423179744e-4,6.5048624733703e-4,3.8022974975707e-4
471.375,0.00650193126170269,0.00912686137420452,0.0145779503231336,0.012384585007119,0.0158087919873911,0.00974779414673153,0.0117887049006246,0.00999903514364816,0.0124823580865201,0.0143573570294231,0.0100914666053321,0.00930260721037689,0.00770320924514838,0.00805100448027194,0.00700128471034441,0.00680450505838609,0.00688936001635388,0.00588577622809886,0.00606866896879942,0.00580658828437556,0.00581999940919816,0.0063655504897494,0.00632098911184883,0.00549822862672648,0.00549831106284738,0.00548680991001804,0.0049470116579036,0.00457603999696522,0.00515901783648291,0.00515884263111357,0.00448308801128666,0.00426536021256915,0.00436375227851653,0.00427219462299466,0.00459790875037308,0.00408061878931373,0.00337532734181973,0.00356271763769067,0.00394993574468739,0.00326285976063099,0.00352941390229761,0.00390184086826538,0.00724433975953912,0.0071120122048826,0.00305453874746895,0.00252507418752311,0.00274459265888873,0.00224471568751283,0.00170745028648023,0.00173179481354364,0.0018198142561415,0.00169841067737997,0.00148660593336689,0.00126318852345991,9.7881718589073e-4,0.00116293677343807,9.5895612717517e-4,0.00114136370271886,8.9753161784095e-4,3.7796281248314e-4,3.1225415841742e-4,2.3480491758534e-4,4.938969171209e-4,4.701696950913e-4,6.4415808669994e-4,4.9802442831869e-4,8.5903563883188e-4,1.9019023885601e-4
473.697,0.0141168926222099,0.0157016814557478,0.0188219287552356,0.0132643740564191,0.0119840384589174,0.00849378265998299,0.00920271847675981,0.011937043940349,0.0107449230435111,0.0125464390571541,0.0104603726918641,0.00953963696136389,0.0072300631948855,0.00737317768662079,0.00705822259056518,0.00662223369000426,0.00601816502112341,0.00638316764274257,0.00594181689038783,0.00632954551061855,0.00649016869874202,0.00567863554922034,0.00626282168953941,0.00544429546554152,0.00519804253400442,0.00508665682814537,0.00462606893417581,0.00515431221018317,0.00521062993685145,0.00495345600409073,0.00448535430766541,0.00487995550127563,0.00447193552909403,0.00397990770568894,0.00443887684564131,0.00377974470542372,0.00408200591680305,0.00356849463011125,0.00360730662356346,0.00313669957130128,0.00323721235657387,0.00360998779905841,0.00687148088590349,0.00603061319882312,0.0033862776012178,0.00287529213750135,0.00226609993832832,0.00218868197521498,0.0019825124864811,0.00227124443022685,0.00186038264041118,0.00182927141419545,0.00161298020617237,0.00136399678319686,0.00157041911253733,0.00111696184830796,9.7958575913561e-4,7.1567712309209e-4,6.6637757561794e-4,8.8561949138708e-4,2.8890187135351e-4,3.5029285492888e-4,6.4830874192916e-4,8.9019921477595e-4,5.9459785486609e-4,6.5997531968056e-4,1.4671545173021e-4,3.9356841167987e-4
476.02,0.034190035406356,0.0170548407809162,0.0264390817069142,0.0143554993928792,0.0134986442670157,0.0179118780763481,0.0154196624155313,0.0111010224549589,0.0123318994426508,0.0119791517788493,0.011858878709084,0.00969853761062595,0.00950474942650763,0.00952979094242062,0.00808751263295768,0.00829240951031598,0.00666588804772751,0.00685217949062076,0.00570713511953372,0.00638502200633981,0.0063303845766247,0.00578464327981777,0.00586605283109797,0.00554336118179942,0.0052440035048323,0.00495760285088308,0.00518354576339432,0.00434089209240117,0.00542662421600054,0.00477606035548089,0.00446931702465359,0.00465004312506993,0.00453921571866087,0.00472925168971196,0.00465470070632909,0.00384716914419288,0.00418213087258415,0.00407269779440789,0.00433928719704756,0.00355683117592875,0.0037972907844221,0.0038523774241244102,0.00685537867283448,0.00634613674046783,0.00353270983255666,0.00305966492384538,0.0030691234410435,0.00267062102472348,0.00291604333343663,0.00248836404077648,0.00225116145934842,0.0019523672322096,0.00172672673126367,0.00144539081297063,0.00119554758326476,0.00101409181886469,8.1547545864565e-4,0.00128962991893181,0.00123734157993693,7.725797160891e-4,8.4098206159098e-4,4.2992042274652e-4,5.5007947725554e-4,7.4322816092309e-4,7.1268577599522e-4,7.5006293372075e-4,0.00109587011335043,3.1722356361138e-4
478.344,0.0243960832435598,0.0172534062071466,0.0159364044844554,0.0144410530250166,0.0130125739629349,0.0141178193874304,0.0138577500313907,0.0101979178295828,0.0115135370725085,0.0114641959303332,0.0108135774707209,0.0101549072219771,0.00987139642378483,0.00883773815818015,0.00799079682463822,0.00768780574733736,0.00625116992646837,0.00699631758861167,0.00653845771173525,0.00537304923608785,0.00616449293440995,0.00577283164993943,0.00516495055857042,0.00556442488778786,0.00546138724222644,0.00500850774742306,0.00465918575059769,0.00510659579879367,0.00490014989005379,0.00487948342035517,0.00455554864733775,0.00467604364331221,0.00415007640736309,0.0042179916464204,0.00395122589217562,0.00368313494705302,0.003815437458379,0.00359063353061996,0.00369090566154638,0.00335779275443005,0.00353177039426363,0.00398683388217101,0.00666783757912132,0.00593690652553704,0.00279607182688534,0.00288170063199301,0.00246157049978947,0.00235862039773429,0.0018777972021659,0.00185007273744196,0.00223765599245491,0.00220347435616721,0.00162638158288657,0.00137649718633927,0.00117096577572877,0.00102528169873854,8.1141735008963e-4,9.7271058403462e-4,9.5201049034122e-4,0.0010390373720215,4.2931337787375e-4,0.00118828496218544,0.00104690753830154,8.108618033754e-4,7.3127280548762e-4,8.0361949882327e-4,5.7546402741804e-4,6.6663144965283e-4
480.668,0.0181222429921819,0.0187952163563537,0.0196198637188554,0.0120705054852413,0.0132815074706051,0.0127919632142131,0.00909993187561831,0.0129090336736733,0.0130499981120927,0.0135192655625847,0.00841896688426063,0.00880543756976168,0.00916413885392621,0.00869279760182178,0.00686537022953144,0.0063922219097082,0.00726206887816621,0.00704784418348634,0.00663016120547284,0.00677647042374199,0.00556100036475153,0.00634363118068887,0.0058054044456141,0.00536604305735717,0.00504206050141888,0.00536051165793796,0.0044699787885642,0.00437939234794689,0.00485013280967541,0.0044872431406816,0.00423078021387369,0.00455844450037323,0.00415016648501077,0.00423193953544447,0.00396411519911447,0.00409530343468546,0.00384848916180978,0.00398104325969322,0.00380002651145663,0.0039128837769042,0.00368626610594453,0.00312379030430906,0.0065521878024815,0.00593084900909648,0.00288821946963943,0.00282024262661732,0.00287811546507484,0.0028704095549761,0.00215853869436086,0.00185406485315134,0.00179777584443781,0.00193455632225274,0.00137447685140841,0.00120443066835097,0.00111966758018806,0.00104964084221356,0.00120815018099624,4.5812873379467e-4,0.00130896534573758,7.6882228659598e-4,0.00128514827296955,0.00112813700735614,0.00100921107614701,0.00134588923665954,6.5954777942345e-4,5.6034876857977e-4,7.1099238596494e-4,6.1869175324998e-4
482.993,NA,0.0167254719950598,0.0075670941557443,0.00886008558040937,0.00946902706260995,0.0126250903680101,0.00991948745872732,0.0131824186321115,0.00895600724566592,0.00945743055216375,0.00909906100905999,0.00714507155225362,0.00776273709027826,0.00665539837421683,0.00571163582002386,0.00675834561468236,0.00602554007443593,0.00526476765756906,0.00522778380442776,0.00522645584026645,0.00529892253211672,0.00459842845020878,0.00477128697624991,0.00506489811334956,0.00444175913367117,0.00454783961507416,0.00445786396930116,0.00448410731644659,0.00404343830414496,0.00383031522481423,0.00408328911337279,0.00396831603235897,0.00364994543091554,0.00417180975797457,0.00435613285885265,0.00340161084086561,0.00341938846369237,0.00364184916069482,0.00371859926306991,0.0027720704113162,0.00326786221554015,0.00323645676111105,0.00548451732885407,0.0052937091329953,0.00329707277658765,0.00274372736315238,0.0016134190973125,0.00216548756633452,0.00228154931000908,0.00136799724836214,0.00167834301244192,0.00116869928123965,0.00107366700955022,0.00105778358845446,0.00107933648597464,0.00108949917488971,9.6988915444594e-4,7.6289782140124e-4,7.3304983155961e-4,7.4140461769471e-4,7.4757361166153e-4,6.916092598763e-4,4.1573341407657e-4,4.9964541776808e-4,6.1246088882411e-4,2.9596802813674e-4,8.2671194864667e-4,0
485.318,NA,0.011373962584569,0.0142361716750455,0.0066868127926266,0.00793835813783529,0.00635725479842654,0.00971915333577094,0.010076782341333,0.00897415348266336,0.00876056390729418,0.0075041513646013,0.00677102797677446,0.00671966080782911,0.00590065500373022,0.0060846390381419,0.00605524798107,0.00589530708290508,0.00608375468758266,0.00597570898613359,0.00527765660487322,0.00576821517066007,0.0049737755286471,0.00472857416959725,0.00453056532749211,0.00461475622681492,0.00419531454484741,0.00424148447108051,0.00391797502713555,0.00412148786062077,0.00362297009893236,0.00393214373272642,0.00363842149092228,0.00371452736869389,0.00338274315529649,0.00305992341590742,0.00308949813121733,0.00334269916429612,0.00319307686220814,0.0031830321494951,0.00283082306972214,0.00260433752988387,0.00285848810243261,0.00523914580144235,0.00510602870047854,0.00272227536902922,0.00246472584554177,0.00199098428441052,0.00179867944221434,0.00224469791546412,0.00168023890625118,0.00137357277862889,0.0011564518787833,0.00148448574322174,0.00126644044197561,0.00108216086442719,0.00113157914685099,9.9848658622436e-4,0.00110133612258359,6.657375371655e-4,3.9447373812941e-4,6.7208316347397e-4,7.2794228397463e-4,5.3570915365572e-4,3.6873199768597e-4,1.3878843379304e-4,3.8992375566894e-4,2.4016385085995e-4,2.3317146831467e-4
487.644,NA,NA,0.00792552649334457,0.00706511891268062,0.00584735879522938,0.00944726862870411,0.00831084247591162,0.00497930774630188,0.00747232703668619,0.00651264696014203,0.00772734157163413,0.00618354364823468,0.00420915081830983,0.00537650565990071,0.00611075624711049,0.00423665809060256,0.00378881374222148,0.00480573234446207,0.00513638943129244,0.00427948488228737,0.00452818307935599,0.00385947920081459,0.0043770785789349,0.00403775331568202,0.0036998785900646,0.00385113237369631,0.00385251219780561,0.00325944219617633,0.00365499866339032,0.00323019129018842,0.00345059635229687,0.00312781993492458,0.00339419435766473,0.00287017514625785,0.00317724156895305,0.0026113931868941,0.00283686847780733,0.00258745610299183,0.00274872157470489,0.00243963279353528,0.00264258268731241,0.00249334802231048,0.004630053150442,0.00385741181676091,0.00230747774174346,0.00201232112466852,0.00129276811464759,0.00164976091866109,0.00130147342743371,0.00150249776877642,0.00120552620475793,7.6846840588624e-4,2.8180925353039e-4,6.7857771722684e-4,0.00115060007428939,0.0011668088306184,0.00101150047091757,7.4263564875892e-4,3.5729140904743e-4,0,5.0701175109481e-4,2.7769910932933e-4,0,7.0863385113552e-5,1.4027355805505e-4,7.87878846534737e-5,0,0
489.971,NA,NA,0.00860969846975453,0.0140846843570452,0.0130459682201905,0.0107700779563054,0.0109842836615038,0.00779049176638138,0.0105444294924605,0.0100402090442383,0.00813356264672927,0.00716187580129379,0.00596580664259398,0.00596509840778835,0.00650302313323715,0.00549378655887873,0.00577881538973391,0.00534697841231116,0.00490473078222689,0.00562013851625723,0.00481610647766692,0.0048113663423158,0.00467783605263555,0.00451513207858043,0.00468282001456756,0.00454335770847533,0.00370146963748911,0.00373275843266447,0.00392862782146639,0.00362404912330402,0.00427002805171568,0.00383167388437398,0.00354111184479274,0.0040348172865353,0.00386704742821481,0.00354691849854268,0.00329741012883965,0.00290063405579901,0.00342836378427594,0.00302682409192163,0.00297737730811843,0.00252203982319279,0.00478075458964595,0.00473938946012334,0.00286012298102572,0.00212348297009037,0.00209498021963095,0.00241663841577096,0.0016454492326824,0.00153307800425157,0.0014851268862788,0.00162274972041224,0.0015440957122559,0.0013825368338269699,0.00159435991925235,0.0012043645785242,0.00102379063082024,7.4470054246435e-4,6.490600354927e-4,0.00111986092088509,6.8352780672085e-4,4.7482511488912e-4,9.7685735485058e-4,9.0773013852225e-4,5.6710145508369e-4,4.9315607114052e-4,7.6585825956078e-4,5.4723431945247e-4
492.299,NA,NA,0.0144363153339804,0.0112488398305414,0.011801166699799,0.008514174542796,0.0109853964611658,0.0100786841007606,0.0104831131221463,0.00922132696773489,0.00849444362304475,0.00751159718553838,0.00644476900686635,0.00581138976806906,0.0064452582377687,0.00549437622985217,0.00635288259800602,0.00492217740797521,0.00462926541685171,0.00427970575605551,0.00504536050834069,0.00486546807925761,0.00397081195583224,0.00458249355071514,0.00456699813787326,0.00414913133463735,0.00380568506741373,0.0040771219266717,0.00352871749726412,0.00403495776267525,0.00354392432212146,0.00379455339296516,0.00372850162868912,0.00329669640081982,0.00310783184062134,0.00383787750072848,0.00345702307814648,0.00314446570294154,0.00286473219617604,0.00310198983768954,0.00288425210986567,0.00247564459787263,0.00501184314300989,0.00416227316109608,0.00273593510051023,0.00237757856640157,0.00201796900346569,0.00241319818455633,0.00197114909163586,0.00153354615271896,0.00154441376723893,0.00193565865035603,0.00173582055533119,0.00135338586905182,8.3101234286147e-4,0.00124722318203425,0.00105256477470322,8.0894280332844e-4,6.3577010223826e-4,3.0078832565668e-4,9.5904106083722e-4,3.3735314711274e-4,0.00109575038239463,7.5181956283028e-4,8.6316013263045e-4,4.9294802127871e-4,6.8146200108274e-4,2.1434089216015e-4
494.627,NA,NA,NA,0.0128874082011171,0.0122880677417964,0.0103109942857903,0.0071103095959133,0.0107734478514695,0.00751204758560535,0.0093555624919432,0.00936843992324293,0.00804061427918267,0.00659975156920203,0.00778466506990971,0.00601520577475633,0.00586410292007623,0.00628921585726312,0.0053321867380894,0.00476755380250951,0.00534726678784304,0.00480432482044232,0.00516457260344754,0.0053360990414793,0.00469210800701429,0.00476965567738177,0.00412568482681527,0.00459489932365468,0.00409912950113475,0.00370319069622624,0.00395339174359864,0.00394339295247313,0.00425227169012392,0.00382028003227014,0.0039501874266827,0.00337310118471505,0.0035011699927591,0.00317418287786745,0.00350450172454526,0.00263354317302372,0.00320255226267967,0.00315352400260718,0.00268920134453244,0.00484309339370655,0.00437174321425044,0.00270041761300934,0.00243250040013992,0.00244038552474438,0.00247525234844289,0.00225284275183098,0.00200301692459662,0.00178064395462617,0.00157174033638317,0.00169248646146557,0.00197823963831933,0.00164676915092806,0.0014343054694454,0.00105480553779753,8.944595982133e-4,7.7102999592601e-4,8.3766200868621e-4,0.00105617559726251,3.7207479940078e-4,5.9413611434971e-4,5.7150847435733e-4,0.0010528504664832,3.2003536564285e-4,6.4867908340275e-4,4.9958377654009e-4
496.956,NA,NA,NA,0.0120723647194457,0.00749653782198165,0.00940917643240274,0.00848880132287222,0.00729260063558684,0.00961815076660522,0.0069816225134838,0.00897777933123637,0.00704199804654001,0.00504048350711216,0.00550323525386163,0.00546999637162379,0.00472316021305979,0.00507818964518129,0.00522532042313903,0.00529523769007892,0.00485135246478029,0.0047116373309263,0.00509167361557108,0.0039307847975398,0.00431981935863701,0.00405273036967713,0.00378239024470437,0.00429470880014723,0.00385514968506353,0.00331877148368046,0.00378877564354796,0.00271968769451979,0.0037060292159825,0.00305812526253963,0.00319010236049184,0.00297323184194149,0.00315447418583897,0.00308758597523687,0.00318846340016406,0.00337395482963067,0.00294397805759773,0.00275185168108618,0.00284156101588129,0.00411866370998365,0.00370635247188098,0.00243494365079188,0.00221268598379682,0.00227952704644748,0.00215039359265493,0.00145974193691371,0.0021350816865223,0.00187309648297981,0.00119949419764983,8.7282178165551e-4,0.00114945999278143,0.00145640915214344,0.00102524791978877,9.8660200531978e-4,9.4837682116044e-4,8.9662854561317e-4,7.2218131857575e-4,4.7202497731709e-4,0.00117657862352098,6.9844754281263e-4,8.3080297645476e-4,6.5881365608909e-4,5.490339307378e-4,3.540620741909e-4,3.5073330690613e-4
499.285,NA,NA,NA,NA,0.00523142564437589,0.00890422484304381,0.00598275821267192,0.00638444774097571,0.00500861899607147,0.00607120232572438,0.00648232240480268,0.00475333676528336,0.00443193804414361,0.00339814761549637,0.00569247230772915,0.00447118041642901,0.00403025668505561,0.00402376565342448,0.00418633813285403,0.00439535663685302,0.00456092397853809,0.00369291019630673,0.00408967736045604,0.00376091824102224,0.00367911780894519,0.00337524716889713,0.00335123166329974,0.00316920709224473,0.00281219417016386,0.00331651336154517,0.00313260217381792,0.00266246096495256,0.0027790434808496298,0.0027311049802586,0.00275020930479223,0.00280771269364626,0.00248829442441217,0.00272875478047172,0.00266345899387925,0.00250095043720059,0.00236010519993583,0.00212567138020155,0.00412897294865645,0.00304573081035169,0.00197077009898477,0.00186906775166417,0.00181855336553379,0.00159275558315683,0.00156927597402716,0.00103591283918627,9.1081802705526e-4,0.00122926530833874,0.00105303148061797,5.5859483587763e-4,7.0425148638976e-4,8.0299287397934e-4,6.9411387134704e-4,9.4688172675095e-4,9.7726110088142e-4,7.806255832028e-4,6.0281583466593e-4,3.3200588433583e-4,2.5989256771496e-4,1.1683222078559e-4,2.9255904627905e-4,2.1489831591734e-4,1.4527445786057e-4,3.1420403571419e-4
501.616,NA,NA,NA,NA,0.0129873066518604,0.0131290135671493,0.0090163246822831,0.00814504483871343,0.00737657500198381,0.00969017038985734,0,0.0073586595653011,0.0056311034060741,0.00633331662780851,0.00553181343177938,0.00579702918112137,0.00498892415698123,0.00505411377810842,0.00488053658900297,0.00503468909605738,0.0054004686911958,0.00462351943306688,0.00416269126690475,0.00447612305508554,0.00394224490688387,0.00375335690764566,0.00369854228544428,0.00410115737994371,0.00408896695848279,0.00358110129348986,0.00364886435289544,0.00348231235488865,0.00338813042561382,0.00323016725218153,0.00303994707167648,0.00331728133476212,0.00278803812871778,0.00318136822244721,0.00328838407647361,0.00284910751712436,0.00293939214773371,0.00242714490875752,0.00403794149936622,0.00383858795817846,0.00277323547851661,0.0020594684669567,0.00174137083632774,0.00197160462543012,0.00197441360363384,0.00252909268649674,0.00176676717407676,0.00167195972574741,0.00162218655779326,0.00141113315614538,0.00135157562152905,0.00149982782625849,0.00124517963403024,0.00132543610947808,9.8843883552127e-4,8.701143199856e-4,7.0804266256095e-4,8.4208272218026e-4,6.1526250058701e-4,7.9396829137203e-4,5.0391121758646e-4,6.8626512278088e-4,7.0984555557239e-4,7.4655629230433e-4
503.947,NA,NA,NA,NA,0.00617449525160784,0.0083106873376558,0.00797783816370592,0.00704021918394419,0.00702471364093027,0.00810626484338116,0,0.00541662205642275,0.00586461702294809,0.00577884796481222,0.00508587319767833,0.0044208656938368,0.00596157647338154,0.00360070293154593,0.0038295072685701,0.00340156293321391,0.00418177710170132,0.00296631939243407,0.00373835649657832,0.00274381999963165,0.00322250366859515,0.00356303314167556,0.00308114627914929,0.00369671592123619,0.00324784761627025,0.00319711991154806,0.0023848125345564,0.0024548094553705,0.00261022070479398,0.00303029766010255,0.00277860721057372,0.00275403117876441,0.00277180986575812,0.00220906577402921,0.0023338270692548598,0.00255421193713651,0.00261813951694287,0.00280745932030407,0.0032305754894523,0.00334900476934638,0.00197181812840189,0.00167471868541559,0.00126459836930757,0.00170031159044986,0.00177429276477251,0.00114553165014529,0.0012693090292138,0.00128965772316862,0.00111740245071897,9.1509158630275e-4,0.00106322358750144,5.704704910289e-4,0,5.345817947056e-4,9.318857212171e-4,8.8667058954653e-4,7.7876165724877e-4,6.6349202827607e-4,6.6149690595291e-4,3.9770336908738e-4,7.72054487891674e-5,4.793734069371e-4,3.0185064225463e-4,2.4089972327269e-4
506.278,NA,NA,NA,NA,NA,0.00984074176321217,0.00847788703121594,0.00897300125738308,0.0104684447460582,0.01027004812462,0.0107002828868571,0.00757200363422969,0.00612556059146191,0.00753339053304335,0.0063967056147902,0.00504490362517079,0.00499864413108473,0.00597410371125455,0.00476528958859288,0.00520204401204927,0.00496966367737541,0.00524815149285247,0.00459163853807879,0.00478781646698281,0.0044705878663736,0.00407596800693831,0.00400506829953154,0.00340851544210018,0.00401450057866566,0.00390863031131464,0.0033243804195362,0.00337564998756668,0.00370591468506457,0.00317208797495525,0.00318801446232287,0.00336694825843483,0.0029007168930682,0.00321445773285311,0.00303590383897011,0.00340196297615336,0.00293960987109926,0.0026571910993271,0.00369212329087366,0.00380843779471568,0.00294918228318693,0.002661559100239,0.00251593398182933,0.00213668888940889,0.00240270693134099,0.00185558466093566,0.0019249891157067,0.00202842370804854,0.00148565086545514,0.00194889327164876,0.00174623714859441,0.00168774054764225,0.00162157662168936,0.00117386150505067,0.00144454074039831,7.6018643840743e-4,7.1883302439805e-4,6.7788838711549e-4,7.5446373146272e-4,0.00143969487069935,0.00127847608740607,0.00128114295958331,0.00102150661730987,4.6011835323633e-4
508.61,NA,NA,NA,NA,NA,0.00304722637719472,0.00749917990361589,0.0077185507909172,0.00928939328102527,0.00482845281967389,0,0.00345882649810002,0.00270766006963418,0.00410963227794424,0.00525540721441307,0.00384054521081307,0.00425067644316479,0.0038266886686175,0.00335368248737642,0.00374202556586449,0.00368968499851181,0.00349544252232438,0.00298778198245703,0.00279943181032091,0.00204087367415648,0.00318831468352307,0.00276959347153084,0.00279906313602437,0.00278522037666649,0.00281199754394128,0.00246980337110996,0.00277474295410313,0.00256141146832206,0.00258326777040394,0.00225207614908589,0.00260849160171191,0.00189206233994834,0.00211843341858322,0.00247659494264319,0.00256305979598965,0.00183099645126343,0.00246943054095591,0.00298300328529605,0.00236878424395635,0.00222407403630845,0.00161293097557761,0.00109714724672729,0.00152521824729219,0.00138523811506645,0.00136804405809142,0.00115150149430608,9.0148434226822e-4,0.00114591382073845,4.7277857351068e-4,0.00101988812182525,1.3005895149765e-4,3.6749996934344e-4,6.1760047441122e-4,7.0893515712952e-4,6.202022114901e-4,6.2609197550775e-4,6.5157214514999e-4,5.2343403185078e-4,0,3.741271735268e-4,5.0955016285099e-4,3.6286911914012e-4,2.4829134230796e-4
510.943,NA,NA,NA,NA,NA,0.00772240480454866,0.00862878281804831,0.00664843417260975,0.00684137592906324,0.00525741794064544,0.00730209441584756,0.00520506442286979,0.00550188510932594,0.00548113260954963,0.0048171452171461,0.00437353877716952,0.00408611778975913,0.00420344207816639,0.00387534182538741,0.0042731711306437,0.00479763252029497,0.00333310394696197,0.00326741795158913,0.00328797771861412,0.00307872138315789,0.00301747075726519,0.00360033411641497,0.00213276319452552,0.00296105302288225,0.00264089173370716,0.00312970669016647,0.00232984918256964,0.00259441132770148,0.00249377868827123,0.00245053959694839,0.00267909713020037,0.00210792840239308,0.00256165698827858,0.00236681643799597,0.00229321602452244,0.00244379957154443,0.00279858399933387,0.0027725116899233,0.00305131261775735,0.00237624671258954,0.00169308269548595,0.00149897848141374,0.00171967221541557,0.00167158967264569,0.00173668444730812,0.00137720705790774,0.00149414361033647,0.00161450026705679,0.00102864575632422,8.8585041907647e-4,0.00119054149667877,8.466253958824e-4,0.00148092501549474,4.4574793811925e-4,3.4258437010346e-4,6.0611255412016e-4,6.3647997756022e-4,4.8495036753069e-4,3.9251308984902e-4,0,3.6717060169081e-4,4.4363115923465e-4,1.3779535836086e-4
513.276,0.0190515524349107,NA,NA,NA,NA,NA,0.00620495390808454,0.00657094639596506,0.00568648439247697,0.00785542490598419,0.00376259013520477,0.00577038316161774,0.00447181313511644,0.00407937018297983,0.00480569147399145,0.00380796200386161,0.00525186961940059,0.0037093212118769,0.00368036574084429,0.00389043904316023,0.003286100606633,0.00359482268750594,0.00426596441960642,0.00314643561959858,0.00287879758016217,0.00283987432997707,0.00298585786950458,0.00307585387814341,0.00260179109227287,0.00291040193891293,0.00303905905110761,0.00323555003593732,0.00308127749738787,0.0025983782430967,0.0022033632449435,0.00247229199911288,0.00202093436510036,0.00255298487109639,0.00225040934685801,0.00248174187912112,0.00183842595416861,0.00231597465971113,0.00287469773052729,0.00244861275102519,0.00195645908403438,0.00144298969800516,0.0019380597421102,0.00174268452189819,0.00164345414759952,0.00100634100642609,0.00128175035502392,0.00132778583108127,0.00133170772446455,0.0012953755935173,0.00135782724077336,0.00107953537431746,8.3244113239012e-4,8.8919717574665e-4,9.2091158843768e-4,6.5699845078434e-4,6.7965085736301e-4,6.9274820560673e-4,5.4627426228333e-4,4.2170888486378e-4,7.0423595528589e-4,3.954799356087e-4,3.91209239787406e-5,6.6435170328097e-4
515.611,0.00800871463118591,NA,NA,NA,NA,NA,0.00648738896976757,0.00873802087974586,0.006874250205036,0.00784687439439513,0.00656885964851145,0.00476238535968497,0.00578008139428215,0.0056363873957613,0.00392775829386057,0.00513546762639219,0.00482175407956494,0.00332861034599501,0.00437872347388377,0.00382607566894857,0.00360031751086151,0.00427063708327595,0.00330752743867831,0.00297529723053203,0.00269791570098425,0.00303852586730609,0.00284928002413239,0.00263279770298501,0.00296605174626702,0.00263383284126427,0.00220753770925119,0.003093235022993,0.00284499377455449,0.00270468118819467,0.00263584022296452,0.00261941898112115,0.00212357954552605,0.00249845662459178,0.00259855783806312,0.00225985763463593,0.00243253074592354,0.00258904338226877,0.00305257700087748,0.00266480909296954,0.0019406463711764,0.00153163718993942,0.00188317946322917,0.00190017978440275,0.0016100600041275,0.00144585930520599,9.7547740706425e-4,0.00187715461866495,9.6693680785937e-4,0.00130754211276546,0.00121085671841911,0.00107706462901966,0.00114310607083697,0.00112243262238933,0.00121880294007005,9.9166891544716e-4,6.7046813748234e-4,8.3100516481096e-4,7.4109933592568e-4,6.3277784418616e-4,5.4615396580532e-4,7.5007896125221e-4,6.8732284507541e-4,5.1872876764589e-4
517.945,0,0.00620245206193045,NA,NA,NA,NA,NA,0.00793935014022431,0.00678919311536515,0.00746901597251022,0.00597426977890043,0.00440087831741648,0.00330838253850401,0.00501638054591948,0.00361503570368971,0.00356422616258266,0.00414703565006165,0.00292267258341161,0.00281770843668965,0.00304935875824989,0.00395872584829481,0.00320056535754664,0.0033984578816867,0.003647163455997,0.00279986051208155,0.00250300838311775,0.00300061113874663,0.00301852371117082,0.00296783394313949,0.00236465218927549,0.00163018519888531,0.0026088542051471,0.00210904294181045,0.00268096275584231,0.00227103061095342,0.00235240247087801,0.00204614218099116,0.00235133104404046,0.00163564222833041,0.00152540463739774,0.00210580043600406,0.00206933440196354,0.00261136762936321,0.00266469355110938,0.00226735390945262,0.00135691931825304,0.00196356724588264,0.00113144316678125,0.00148265434491653,0.0013073049649283,0.00119069891590221,0.00139900247824085,5.3165717641231e-4,0.00124378956853109,0.00130865619336281,4.9729026535031e-4,8.0393800484395e-4,4.0950457373022e-4,0.00106905038938881,0.00108211748234989,7.3250196950273e-4,0.00119828207902257,9.2417743947558e-4,8.4322591854416e-4,7.2221099217313e-4,7.8409640457743e-4,6.6171511460006e-4,3.0081966989543e-4
520.281,0.011351665703988,0.0109460463169539,NA,NA,NA,NA,NA,0.0082525361676315,0.00700868712089919,0.00591317401348268,0.00619016546016848,0.00523792795204926,0.00545479326693736,0.00456313007165035,0.00407272079169061,0.00383655631798418,0.00435625784898335,0.0037537068509125,0.0039052959665456,0.00361258665525153,0.00332218420329846,0.00346576669701939,0.00323989917890849,0.00311083621374753,0.002844806564317,0.00343960534603334,0.00267360406576035,0.00271933643815304,0.00264015170268339,0.00243682698664867,0.00253249065095242,0.00246306235391022,0.00249554702993666,0.00253440479558381,0.00243155683207859,0.002352865957744,0.00223580660287272,0.0019379911786693,0.00235658508762188,0.00242824714397115,0.0018912279867934,0.00182751384254798,0.00252814383182213,0.00277984638073886,0.00158617679782328,0.00218652564535321,0.00181362005546202,0.00193310388361656,0.00151132225381917,0.00172377685245621,0.00163286505496615,0.00137612258601898,0.00144777917820299,0.00135392339350996,0.00136150604453372,0.0012892855928136,9.1636460993864e-4,0.00128178142513797,6.7507259424141e-4,0.0012048372358129,0.00105457960726301,0.00104967369069923,9.9015562307842e-4,9.3684961730454e-4,7.9815760427254e-4,6.4388049339328e-4,4.9345076299453e-4,7.2714937517442e-4
522.617,0,0.00787820966707139,NA,NA,NA,NA,NA,0.00659214006541732,0.00910498977042473,0.00746748049447216,0.00662889588982819,0.0058860279295839,0.00461109538086923,0.00498072447633149,0.00445035203259406,0.0030112173338138,0.00384136501350288,0.00363971034863584,0.00448158082364868,0.00355408905046544,0.00373114523461992,0.00353632185074014,0.00394690752915974,0.00352731073981862,0.00348523939708616,0.00337770350927774,0.00292436201464531,0.0028329423137239502,0.00315488787057354,0.00283355389141139,0.00268937667284765,0.00291750697350539,0.00301831922892049,0.00260627493073608,0.00261879457805814,0.00248212000185999,0.00211116451039538,0.00236537365401726,0.00244953171255093,0.0018013753608381,0.00230750273277491,0.00204260605506847,0.00288342191933473,0.00228186558607819,0.00227644137223037,0.00176148710212878,0.00179097141275896,0.00166146874298895,0.00154856747093152,0.00113170681318992,0.00182298661108976,0.00219973008538214,0.00158576771444872,0.00106824379596789,0.0011032967157495,8.1979340034242e-4,0.0011813479552298,9.202412739019e-4,0.00108157707469928,9.6029133904859e-4,9.4700427012073e-4,6.7737748557106e-4,0.00116302243927737,9.2984055376017e-4,8.1091344045931e-4,6.5798163793522e-4,6.341891146156e-4,7.841280705535e-4
524.953,0.024032248208599,0,0.0113993842403997,NA,NA,NA,NA,NA,0.00387702170259876,0.00777092148855627,0.00742352840584566,0.00472146038220243,0.00432077341773735,0.00414889132345538,0.00432122165782966,0.00381418281058795,0.00337815018275838,0.00436182076445101,0.00335376182474389,0.00388597163700404,0.00291536871387045,0.0030567274285946,0.00234924256202981,0.00271466760358916,0.00306989652998082,0.00305561900864632,0.00251489679476705,0.00288878084997468,0.00206502826730751,0.00240486681333819,0.00243566344937084,0.00243189835986378,0.0020963269513303,0.00210658631815922,0.0021984502529296,0.00228890517150334,0.00220776744339712,0.00171321264518131,0.00217504481302038,0.00205378256510489,0.00203299595281457,0.0022880023898386,0.00221818155860875,0.00262341492275543,0.00206847136324438,0.00136314232591729,0.00192784169252637,0.00199707401300751,0.00142994943157016,8.991570579172e-4,0.00132656446011211,0.00139173349039587,0.00139424842280834,0.0012646552260066,0.00156679831042139,9.7998737572049e-4,0.00115172471723437,9.1603560473248e-4,9.2756864430169e-4,8.3040077294595e-4,0.0010171667846215,0.0011333222147882,7.9842295201542e-4,8.5639338539204e-4,7.9518264650362e-4,6.8186175754044e-4,6.0428931254599e-4,6.7654098071826e-4
527.29,0,0.00895060565104881,0.005381540656658,NA,NA,NA,NA,NA,0.00917367566215793,0.00712864860793819,0.00528950662309996,0.00396256753282254,0.00488564627658566,0.00421263354996747,0.0048579078218148,0.00431356093276783,0.00384448600865048,0.00286024360007705,0.00335459428666926,0.00377010474165116,0.00267431115263098,0.00334164676821256,0.00313900472543311,0.00344409848317964,0.00278409492819022,0.00308777382355717,0.00231073676742898,0.0029180317888372,0.00295546657170401,0.00280926052619987,0.00256489978740069,0.00213999859741658,0.00233617235525922,0.00254364943763102,0.00206264814465595,0.00198603372909601,0.00203232880223769,0.00171959599125234,0.00224501063802644,0.00205340315430098,0.0014774158970962,0.0015838390180761201,0.00226343521356127,0.00244909437629551,0.0016351943865998,0.00163734823671284,0.00130224286722355,0.0017704483184339,0.00148807847867965,0.00120619341217609,0.00150328730434601,0.00100115686339798,0.00106508410957231,0.00127661828494175,0.00118615462173063,0.0012204050657111,0.00106394171833728,8.536743336077e-4,7.0481314423922e-4,0.00136469527682439,8.4611600550955e-4,6.9614095216912e-4,6.7139902291131e-4,8.6918048051022e-4,7.5418163700641e-4,6.9633279971895e-4,6.1089058599831e-4,6.4556695654658e-4
529.628,0.0209370818647766,0.00144327761865527,0.00718825096019168,0.00695785473461701,NA,NA,NA,NA,NA,0.00618653336741548,0.00467849990648455,0.00581999290956505,0.00395364093018789,0.0043313278655074,0.00326877408358135,0.0038885401322358,0.00307539175453116,0.00360087228534079,0.00280168075114138,0.00340025090080418,0.00287802043219003,0.00291413869738316,0.00289820696958181,0.0025989894900109,0.00279960729002044,0.0026414895063207,0.00304216769984743,0.00258237374769594,0.00207970417198224,0.00255221066817209,0.00222624071100646,0.00270003558070011,0.00205571321767689,0.0023604578131381,0.00260513867397717,0.00222423463396311,0.00205011384026286,0.00190786452163808,0.00202789540521479,0.00213594089525283,0.00193667169612818,0.00205090746227311,0.00256610346136904,0.00188663589422599,0.00215360259547872,0.00191881187288772,0.0013809160168698,0.00169221059435384,0.00115525926330004,0.00119088055996105,0.00114034057034156,8.093728597582e-4,0.00102265620223091,9.9643919439714e-4,0.00135043015818716,0.00143549476607858,9.5309249126964e-4,0.00132357133532396,8.033864501248e-4,9.55717504162e-4,8.5662535368649e-4,0.00109956371212981,8.4485621749008e-4,6.840713868523e-4,6.7124205204385e-4,6.5991927895643e-4,5.8017983688248e-4,4.4167356293406e-4
531.967,0,0,0.00388350667968648,0,NA,NA,NA,NA,NA,0.00664624013306482,0.0052157974865113,0.00374467743981828,0.0038673523181052,0.003620934539497,0.00346427090176129,0.00337480005379513,0.00270864341573646,0.00328080925937672,0.00294943031860309,0.00291982321306409,0.00379441001307386,0.00249335086832462,0.00221600217089891,0.00296844471089726,0.00191136575767436,0.00267795374266441,0.0018301122953331,0.0016605732997322,0.00177632534479371,0.00218788110175817,0.00217380645411547,0.00167653543111083,0.00243620016778076,0.0019765280908193,0.00211369745185884,0.00227823933684609,0.00195156002179974,0.00158978681070974,0.00184240233788146,0.0015567178552786,0.00162418095920669,0.00153997991424291,0.00173564345621202,0.00164586929364741,0.00154937538090885,0.00114829967229548,0.00143877917798303,9.165545870785e-4,9.0299118094875e-4,0.00139189492835403,9.3890256671615e-4,0.00106228345946116,6.6314014319334e-4,7.9900429095794e-4,9.7413817405507e-4,7.4453222936066e-4,3.2568128425505e-4,6.5284373322188e-4,7.7507890214395e-4,2.1390910506485e-4,6.9722008792609e-4,4.388901478084e-4,5.4484418327111e-4,5.63183495750679e-5,0.00101146815463735,5.1082282059613e-4,4.7781411674942e-4,3.6022101474314e-4
534.306,0.00626638850378212,0.00855373250257647,0,0.00829463819257605,NA,NA,NA,NA,NA,0.0058275079124089,0.00431797623503898,0.00555591108159697,0.00347879296811188,0.00504508639808686,0.0034787637814171,0.00303833906583141,0.00262620655272566,0.00256988642219572,0.0029628910098544,0.00277616567001277,0.00261577168372149,0.00280712574519419,0.00265701072230224,0.00239805540371827,0.0028165353805211,0.00227334971843535,0.00163146562591706,0.00241454763542448,0.00228462245496642,0.00210712810669101,0.00154029286195207,0.00215981361262484,0.00224299688993492,0.00180150460264031,0.00168668431530416,0.00141646686740085,0.00184690297028095,0.00188399081205334,0.00189750100402674,0.00127993424630502,0.00136660895993103,0.00189762463354408,0.00184461414716176,0.00159428858372935,0.00190128086358185,0.00121341648091356,0.00129888704122518,0.00172978431732054,0.00124291628669653,0.00102527020248773,0.00121438825812846,0.00109309613973133,8.891686881915e-4,6.7917825986999e-4,6.4644413675169e-4,9.7570966548885e-4,6.8231223349641e-4,9.8454520412906e-4,7.0151122731947e-4,5.8249124759206e-4,6.1406769997249e-4,2.3762785608019e-4,4.8900063388429e-4,5.24883350128e-4,0,3.1315249108195e-4,3.3902701015897e-4,2.8250616101529e-4
536.646,0,0.00127007346076967,0,0.00555862720836936,0.00304341487484979,NA,NA,NA,NA,NA,0.0056702018200526,0.00344759005514515,0.00317020848788781,0.00342410040130649,0.00298530750176912,0.00308540174974525,0.00299957759846409,0.00338355515355905,0.00348081168914869,0.00283484643018791,0.00237093253391355,0.00187361594182714,0.00218906175531122,0.00221337451268132,0.00228809245147984,0.0025995139152879,0.0024284498585514,0.00204703760876897,0.00187837633290359,0.0020975537380443,0.00162063387975216,0.00184233105125509,0.00172415300830629,0.0019122682424701,0.00125754424275925,0.00132703945619369,0.00165603127890752,0.00143843559221259,0.00112186052877766,0.00148902176599498,0.00133230895739046,0.00152984262939111,0.00160696550870274,0.00177766534853676,0.00115960815741425,0.00113299953758378,0.00100455137987442,6.7276578903821e-4,0.00122403359401146,8.8682132385619e-4,6.6612938740908e-4,0.00102967937856836,0.00134562632688099,0.00120075059462946,7.0160425623175e-4,6.6876378439475e-4,8.5513822173371e-4,5.9905269338704e-4,6.3508838245393e-4,6.0745523172887e-4,7.0513924768067e-4,7.1624325910697e-4,4.8066187916696e-4,2.9252751835547e-4,2.8919689711537e-4,8.52362361275545e-5,2.807292384553e-4,2.3451853637657e-4
538.986,0.00618176932113297,0.0103250538465709,0.00713888536911441,0.00763206036072678,0.00510447513950092,NA,NA,NA,NA,NA,0.00691138543872265,0.00428280555002167,0.00377188807660453,0.00423828299285621,0.00347003622403688,0.00333319011972073,0.00356396692981053,0.00282849170017313,0.0022525189085214,0.00309192272560624,0.00299289142024281,0.0027196079276742,0.00271155319402575,0.00298928074912853,0.0022551629458527,0.00257118276953764,0.00258003220590242,0.00237778156061635,0.00249332015865162,0.00217896424491567,0.00220746078682953,0.00234590020710012,0.00261203888682647,0.0015792729498153,0.00233985565056896,0.00217290142177246,0.00160380226292134,0.00217662469946942,0.00188198853879349,0.00199577992883123,0.00183543694132707,0.00171480452646636,0.0019695527336765,0.00210056415241227,0.00173073350748095,0.00185029442815194,0.00159004130809445,0.00106435204016161,8.7801536662688e-4,0.00164679666177441,8.0529072252472e-4,0.00114794324741894,0.00114287816442055,0.00113975887122874,0.00128821999742562,0.00105088870639681,7.3707388331903e-4,9.9693566673431e-4,6.2659965501872e-4,0.00112368073885229,7.4277049784675e-4,9.2709720371016e-4,8.2655587316463e-4,8.7610661687174e-4,7.9735061113439e-4,6.6066056372264e-4,3.3029235956832e-4,2.3470660294159e-4
541.327,0,0.00430399511407351,0.00817311949585249,0.00792354591861674,0.00687040050472846,0.00861371679513969,NA,NA,NA,NA,NA,0.00515428714277982,0.0045801953834671404,0.00340463338393866,0.00332065895873738,0.00401439649621321,0.00377288508317787,0.00281762809892152,0.00299861137748788,0.00278898288272297,0.00255076065456915,0.00271443098667162,0.00279564969323135,0.00264792862485985,0.00290342452813728,0.00285205735681394,0.00242840024027696,0.00244780169138981,0.00226071244189086,0.00233874228713502,0.002146591761747,0.00207089545935377,0.00239732657115165,0.00180952303705985,0.00191075267888075,0.00183251728365449,0.00190116218132508,0.00164654924887585,0.0019028787052105,0.00197481711997955,0.00233937823218381,0.0018405347674724,0.00221399886002866,0.00165200235058496,0.00160618444937227,0.00173616419626608,0.00132704029322742,0.00107646777755125,9.918538974157e-4,0.0013031563773991,0.0011209672306289,0.00149109498324389,0.00146109095377717,0.00140495271560758,0.00141054525264656,0.00113853399992628,6.4797591308742e-4,0.00112530248138368,8.6786159555236e-4,8.0702795695677e-4,0.00124052129861697,0.00106934240839362,5.5767337038707e-4,6.5457777462627e-4,5.1891397130632e-4,8.8385919778707e-4,9.24610965784958e-5,2.9178232007573e-4
543.668,0.00534528901433594,0,0.00394776583282091,0.00521456915532581,0,0.00289880378433728,NA,NA,NA,NA,NA,0.00376365233794128,0.00461818733972435,0.00500129737594391,0.00377137985861236,0.00200265808033667,0.00313278128422759,0.00367388516777811,0.00268736519324499,0.00311212298531483,0.0028967508402097,0.00255437609096888,0.00228883876770739,0.00241353385109813,0.00254767098763085,0.00217891449082137,0.00249204116393336,0.00255129605136058,0.00228969517219309,0.00215362688891691,0.00184199146826258,0.00200263344322234,0.00209874525543901,0.00221144340630826,0.00182779359366672,0.00141257001534583,0.00171068180826877,0.0020996677263113,0.00162069445970788,0.00193381950660447,0.0014271136169274,0.00179774605832426,0.0015245147923775,0.00238525603578048,0.00121749974766721,9.7397123967141e-4,0.00127240917782632,8.2724871242132e-4,0.00125515865308091,0.00113938420145317,0.0014733005546188,0.00110044117060897,0.00150494137465625,8.5879247546965e-4,0.00121652749917328,8.2497195464293e-4,7.8579119074627e-4,0.0012831705657485,6.9360486088777e-4,0.00124974415199396,8.1350004110154e-4,4.8406371407844e-4,5.466011648044e-4,6.4330655106514e-4,7.6769960257265e-4,6.1932614967308e-4,2.9218895705087e-4,4.3599166787965e-4
546.01,0.0139988970579243,0.00915755249278505,0.00417451618459597,0.00692361110318269,0.00533972596170312,0.00514372957527234,NA,NA,NA,NA,NA,0.00432316558149313,0.00380651776223324,0.0036965312225216,0.00367496712922134,0.00210904390093914,0.00268776059989354,0.00321159892512989,0.00244100007869142,0.0028800342967849,0.00208390029635437,0.00195890215117102,0.00291273820233207,0.00211269623307042,0.00227541661793637,0.00226405420327485,0.00163976419087883,0.00229762045394966,0.00201968334418095,0.00214281034265239,0.0018835175726898,0.001803034400546,0.00179042341551149,0.00123033365235747,0.00157300477983729,0.00147138995253182,0.00154394895912332,0.00152877152847135,0.0015428205891319,0.0014223334416054,0.00113846592614058,0.0015140313851839,0.00156621029218227,0.00123705446636259,0.00153925588428666,8.6270534145715e-4,0.0010860229135003,8.5497598873006e-4,0.0011056674370525,0.00137717143187004,0.00103616683649663,0.00114568534707879,8.3531233836224e-4,6.5559222473126e-4,7.0025560297162e-4,8.6220158574467e-4,4.2456975147007e-4,6.9095612395621e-4,8.5556140762746e-4,4.4389572397705e-4,8.1564722192527e-4,5.8938670275861e-4,5.5997412754511e-4,8.8439832506116e-4,9.4806646834914e-4,4.4793711950637e-4,7.55732154218e-4,5.2887129106971e-4
548.353,0.00597881349675245,0.00704781215435584,0.00625387309164374,0.0113325021977055,0.00908047133836352,0.00791342801135335,0.00699524937523932,NA,NA,NA,NA,NA,0.00408340402388999,0.00410362485321771,0.00328904685079703,0.00444558646633195,0.00228294147793663,0.00301420314195524,0.00312052250132573,0.00314434172781732,0.00298497766907284,0.00307757094112185,0.00275779169281452,0.00291823279815563,0.00236115546935207,0.00266216033580395,0.00156658638498251,0.0018845097813778,0.00194056262167761,0.0017360714204057,0.00168266292002942,0.00170480567918822,0.00238051795282916,0.0021704188869733,0.0018719966351265,0.00173111213052784,0.00162703980007638,0.00157077614372634,0.00151915801195817,0.00180268598149747,0.00179281035178845,0.0021590361636317,0.00202656149357318,0.00191606858996963,0.00112276558039686,0.00170683477011713,0.00175403916265747,0.00157731865713796,0.0011718629567995,6.9662733395957e-4,0.00146721202454364,0.0011172757436521,0.00113883552599867,0.00123223331036291,0.0014167021156765,9.6145315152203e-4,8.2391176563303e-4,6.8775773774572e-4,5.0789627868725e-4,8.4341009622719e-4,8.9405415819338e-4,0.00104059601693483,5.3692263392115e-4,6.8208466739304e-4,4.0283126997123e-4,4.1432009617826e-4,6.19442700030839e-5,3.7170071698484e-4
550.697,0.0174722081416295,0.00622101138200601,0.00955822806850881,0.0078603076750957,0.0123429132160816,0.0107148787035053,0.0070092302260136,NA,NA,NA,NA,NA,0.00427573406496112,0.00537596914828194,0.00346515225569701,0.0049973918848244,0.00428337592583184,0.00362902073053034,0.00287437394491206,0.00357373505564231,0.00306958041898727,0.00337863154464012,0.002924053934686,0.00316535568115757,0.00284382108077053,0.00254146090284121,0.00255407158729473,0.00216322854295779,0.00259544019074796,0.00234240482175982,0.00313587802552338,0.00237412124339513,0.00260254986051088,0.00208807361727334,0.00189857598125483,0.0020200838792837,0.0018190242437747,0.00166179052120867,0.00200849438038761,0.00198517460878221,0.00172299472156145,0.00164867661433096,0.00211098583394223,0.0019958278712474,0.00160157173163716,0.00234485021172535,0.00158142502829896,0.00164992302045682,0.00162674195452174,0.00187266605276366,0.00212526180280552,9.2110957052937e-4,0.00194544416307122,0.00145675215216913,0.00164780205656001,0.00138436623053165,0.00156716737040316,9.120565013389e-4,0.00129769226037702,9.5461342128239e-4,0.00131671990046837,0.00181943941836185,8.3728212803126e-4,0.00128417847383874,6.8972032187282e-4,9.1415087884221e-4,0.00112790962702139,6.5129096616873e-4
553.04,0,0.010637289416209,0.00150254352129973,0.0039756966284391,0.00473083594640852,0.00437558206991672,0.00455780349089295,0.00470325545143304,NA,NA,NA,NA,NA,0.00365782416343407,0.00199500624564134,0.0035921057408409,0.00152299085314283,0.00291155379129971,0.00260635347759801,0.00273711842786698,0.00255696703029019,0.00231920775143442,0.00309086105263598,0.00205804050693308,0.00196074471688272,0.00197826647369151,0.00213556396190798,0.00199552758180924,0.00153424201561004,0.00187986520262168,0.00161638984024651,0.00129797990742104,0.00160583156874045,0.00128620547052982,0.00128978609522493,0.00129953310883817,0.00164771589506739,0.00137519088262133,0.0013484288189652,0.00145118616170167,0.00123915418774882,0.0016115156775374,0.00169181921792866,9.0945186916446e-4,0.00137787697384703,0.00124138046749882,8.0160451821749e-4,0.0011441084200333,5.0170759878478e-4,9.1728140735583e-4,6.4480973730747e-4,7.2179782343204e-4,8.0804688026558e-4,9.4676529063259e-4,0.00152848278109329,3.7363602728894e-4,4.2493490793605e-4,9.6889104211457e-4,8.8947664582405e-4,5.5498243295013e-4,7.319972152575e-4,4.3023979631168e-4,8.2729599731611e-4,8.4244127339902e-4,1.08512633722964e-5,1.4972688255804e-4,5.7033004833067e-4,5.3101965060834e-4
555.385,0.00547950133957156,0,0.00313847467231985,0.00164858772508046,9.7613222179888e-4,0.00194611157957043,0.00187467078669091,0.0021280507442523,NA,NA,NA,NA,NA,0.00276768294872016,0.0014693148062099,0.00145764791124078,0.00227461580246166,0.0012730995963849,0.00192874330200425,0.00207528369227729,0.00207946042858146,0.00154828819520213,7.8227658222031e-4,0.00164736944466539,0.00156650778456403,0.00118495943315866,0.0012260986220075,0.0014318077443565,0.00152020900982988,0.00177348089956033,0.00123899118360375,0.00122057729150902,0.00114162668400738,8.9971289429649e-4,6.7868898222126e-4,0.0010268534447924,0.00116890763561993,0.00140466377059316,0.00111929205388649,0.00106905835064584,5.8531875756489e-4,0.00124809826299424,7.9325875651893e-4,0.00108962113083639,9.1305032498132e-4,8.9285184229527e-4,8.7474711232249e-4,5.7398084628901e-4,3.0039659235401e-4,3.096653543969e-4,1.757353662863e-4,1.5461190432327e-4,1.975697428198e-4,2.8266126535931e-4,3.3683044552959e-4,4.356525519488e-4,4.3967337870731e-4,1.748556714001e-4,5.7113843681023e-4,4.2479731379868e-4,4.885020278951e-4,4.653808226364e-4,3.8395185239416e-4,0,0,3.2427513701292e-4,2.5330968128746e-4,1.3150468235815e-4
557.73,0,0,2.7593781107937e-4,0,0.0031839625805052,0.00159879457407847,5.3047127832036e-4,0,NA,NA,NA,NA,NA,0.00197526514646462,0.0025968366598847,0.00226458803851522,0.00153231600462741,0.00202250134957114,0.00221428322604519,0.00111313512659964,0.00174068556612781,0.00146261863039726,0.00167847583252115,0.00115454739359031,0.00117501517867702,0.00106417475695325,0.00104931574411679,9.2815440916673e-4,0.0011378545842382,0.00144416885464442,0.00133794203790873,7.2100493471955e-4,0.00123245617755879,9.0212220487079e-4,3.7731366026857e-4,5.3951251260982e-4,7.9506830880675e-4,4.320515185344e-4,7.0527729884658e-4,5.4771779215465e-4,4.8654530372785e-4,9.032456720619e-4,0.00134086691721819,5.4535518470239e-4,4.2126407714426e-4,5.139409723383e-4,7.6808793126018e-4,3.9658322967989e-4,0,2.9677126285494e-4,2.435624778331e-4,1.2250093645331e-4,4.6941118755367e-4,0,0,3.94309619241557e-5,6.5988991828467e-4,3.6524144955196e-4,0,2.8619407196082e-4,2.6758955441213e-4,2.4565668313116e-4,0,0,0,1.1526375779423e-4,0,9.4540045230109e-5
560.076,0,0.00306997165178815,0,0.00423363933516753,0.00321884464018526,0.00476506046423235,0.00459669657025498,0.00306651294705009,0.00504932471855813,NA,NA,NA,NA,NA,0.00353614417840935,0.00271699657424309,0.00238779736233783,0.00303114679967449,0.00282008486776671,0.00192857778286025,0.00172697626880664,0.0023023743113758,0.001737573928451,0.00214421166124953,0.0014117253475797,0.00157833755049005,0.00177081055758553,0.00120877332213192,0.00153248136398167,0.0019223320254812,0.0014180522839713,0.00142159686928816,8.7174379869127e-4,0.00126015664275433,0.00146471168101636,0.00153979243832335,0.0011024578105317,6.7829559192898e-4,0.00106229840434519,0.00108539796812783,0.00121833328535116,8.9261319349795e-4,0.00108053167802342,0.00107205602479453,0.00135247674917724,9.2663030771466e-4,0.00117860701008362,9.8928210270694e-4,5.9086620250474e-4,8.5619060854317e-4,0.00111922056198167,7.1518472524947e-4,8.1132570842696e-4,6.2140314635883e-4,6.5607355438123e-4,6.2569717081772e-4,6.953302927289e-4,8.0434544297761e-4,3.4679071079805e-4,1.8905009079503e-4,2.9083579741782e-4,4.3385819368328e-4,1.8127820839675e-4,2.7856316054822e-4,6.0128879395079e-4,2.4481421101738e-4,2.7663945176371e-4,2.2602450441159e-4
562.422,0.0106568183083592,5.9831622638949e-4,0.0102728708704173,0.00597092916138975,0.00726764810344534,0.00830042639196273,0.00264986064416539,0.0056018624641159,0.00572503030097849,NA,NA,NA,NA,NA,0.00385854781390716,0.00337908236550055,0.00293369492834324,0.00176537254911161,0.00231712415066592,0.0028532927260294,0.00257025567397914,0.00169677550021914,0.00239265940158301,0.0021881901428403,0.00185212569713452,0.00258197788451387,0.00228670578525574,0.00164019318710132,0.00190791275959174,0.00162334051457555,0.00160316943713977,0.00150578371752082,0.00116582896042404,0.00158249819086306,0.00113954104362228,0.00131429311591942,0.00150669847098613,0.0013867337527917,0.00145401832638825,0.00175633562406571,0.00130579518338657,0.00154872266336447,0.00154670686385434,0.00116367677055076,0.00140597294042246,0.00106676551977637,0.00105369341414091,7.3941476545515e-4,0.00111608803039316,6.8642985159017e-4,0.00154407531706297,0.00127825858112108,6.7116988611554e-4,7.0555508094351e-4,0.00125482321693982,0.00104133073572027,8.1273841232224e-4,9.5444287107575e-4,8.9060276056216e-4,8.6819708855173e-4,4.6054103269204e-4,0.00114119057689511,8.7436363674835e-4,0.00101158098844209,4.9616399410522e-4,6.8246660247579e-4,4.3869724151405e-4,5.6516139570326e-4
564.769,0,0,0,0.00366652627203531,0,0,0,0,0,NA,NA,NA,NA,NA,8.6516147198349e-4,0.00113419093931354,0,7.1383777721538e-4,7.74699680469e-4,0,1.1813832207696e-4,2.6169031563008e-4,1.8040997548713e-4,6.95556482657015e-5,3.33734312558543e-5,4.8162073037914e-4,6.6213250491813e-4,0,0,0,1.6773470281743e-4,3.428572208782e-4,1.3293783881145e-4,3.8432338712601e-4,6.2588296750048e-4,9.21707402496758e-5,0,1.39871025935613e-5,1.2570415683239e-4,0,0,0,0,0,0,0,5.3011771022626e-5,0,0,0,0,0,0,0,0,0,0,0,0,0,0,0,0,0,0,0,0,0
567.116,0.00254739810334145,0.00781677122839229,0.0060858206009305,0.00886038725774715,0.00470177790870565,0.00261687738424325,0.00602073596333765,0.00410409167614527,0.00439900004932047,0.004066009019923,NA,NA,NA,NA,NA,0.00256546642692523,0.00170583161305461,0.00288679281269416,0.00205251831929276,0.00193047168973861,0.00243328062295086,0.00219718280527704,0.0017398025623398,0.00181932045071385,0.00193333012613254,0.00190483229487346,0.0015140331412276,0.0021239588270826,0.00159494919663441,0.00157988091101936,0.00118892965541977,0.00120618748577783,0.00163142304370421,8.6342136182571e-4,0.00133340407438151,0.00137702397121618,0.00135150060654564,0.00169120318811619,0.00121228487596498,0.00102559390326281,0.0014028741187481,0.0015796468309125,0.00171537287664597,0.00139181388347764,0.00117267894072666,8.1734587843232e-4,9.054539216985e-4,5.552599337489e-4,7.2330900567315e-4,9.7422350016534e-4,9.7173817977785e-4,8.8452013155686e-4,4.6041550375649e-4,5.25709513941916e-6,0.00101039435912735,0.00128789282530876,5.8821136331067e-4,8.7660714832996e-4,5.5380385842963e-4,3.1366095395565e-4,6.4502392463812e-4,1.9008181823512e-4,0.00100307572794264,6.2611326469302e-4,6.945591283904e-4,6.3865220132466e-4,5.2824164598852e-4,3.1400921059567e-4
569.464,0.0103741507832006,0.0109368379283995,0.00466218069444689,0,0.00741699773240311,0.00379222798520797,0.00757296175580317,0.00358055979258654,0.00220668697566254,0.00196849873025775,NA,NA,NA,NA,NA,0.00328912492965404,0.00294477867796033,0.00202101097858052,0.00227813760643294,0.002453220238389,0.00222538815648382,0.00214914634582044,0.00161935231696499,0.00267016311679625,0.0018223678093797,0.00139391988743619,0.00155197801565827,0.00155357755673722,0.00108968179415048,0.00137854817672174,0.00159593176787237,0.00102430793998345,0.00122844595431367,0.00118742935901395,0.00101917959387936,0.0013654071814988,7.0484752176984e-4,0.00124412853809507,0.0010498204309259,9.5023097746551e-4,5.9494125259703e-4,9.744284323659e-4,0.0010628501631123,0.0012260283021331,9.0109288554478e-4,8.1269217319656e-4,9.5530234530141e-4,6.7953751634031e-4,0.00120314486343543,8.3655196803282e-4,4.4925269551449e-4,6.1960786611216e-4,7.1230891162913e-4,3.8619055674692e-4,0.00121309889263248,7.4822402624316e-4,4.5971061928774e-4,8.3605901571064e-4,5.5318796501295e-4,8.885478760936e-4,7.8385140741633e-4,1.7863317116041e-4,5.0349997057043e-4,8.3842903511434e-4,8.6849858276012e-4,7.2531895107545e-4,0,4.2907455389134e-4
571.812,0.00578470999210554,0.00368342421419561,0.00870847726439092,0.00407010095144062,0.00423333549673808,0.00489956556963657,0.00223320534897405,0.00312626635213825,0.00335745461534904,0.00425167548306174,0.00420244347123692,NA,NA,NA,NA,NA,0.00283708099184223,0.00291285777220128,0.00222299783572981,0.00176087738235694,0.00144528118671867,0.00200807398424219,0.00157210120293917,6.3479899486206e-4,0.00130539967826311,0.00136702538799167,0.00179223351871566,0.00126332848977735,0.00163801704560683,0.00149507535325711,0.00132298474282386,0.00101657371425852,0.00164139552238983,0.00115518862386827,0.00115444944471125,0.00110247151985885,7.8953161562457e-4,9.5522763359247e-4,0.00138719116872288,0.00108228827534572,9.0674440622889e-4,6.1010086499091e-4,0.00113680141877524,0.00127135584574709,9.9340198327947e-4,4.5648021384252e-4,6.2264714472734e-4,0.00116174541502016,8.4086884918388e-4,4.1621808302033e-4,8.228487289851e-4,0.0010222825154003,6.5343331114045e-4,9.4459640181053e-4,0.00104656753235926,8.6587146838869e-4,9.9343072469603e-4,3.9543118515171e-4,9.2225550702396e-4,5.3769270464781e-4,4.9080962499947e-4,5.502049605361e-4,5.4287772789967e-4,4.7015151934484e-4,1.3434769082506e-4,5.4885287439974e-4,9.0274000136985e-4,4.1208464441429e-4
574.161,0.0188286473585797,0.00396594800730057,0.00289266789584754,0.00757182291392369,0.00622579834891196,0.00558904270334976,0.00758791504626735,0.00552620255993278,0.00465016634326234,0.00603687975923714,0.00371260554916195,NA,NA,NA,NA,NA,0.00270697139168569,0.00258281635412921,0.00212765983759693,0.00206418331000682,0.00239063466303858,0.00181207616146831,0.00207931076321994,0.00206033516145651,0.00124544589443621,0.00152340016257651,0.00243246821015837,0.00175318338879435,0.00153117299015007,0.00155874265744843,0.0017276351128803,0.00128408140084926,0.00142759655764687,0.00129365557333392,0.00127207616565795,9.6911246179372e-4,0.00168008596730899,0.00119359227279393,0.00132329247441025,0.00164303769633734,7.9556033499961e-4,8.3982852780271e-4,0.00149251166227781,0.00122838435169176,0.00140182903725749,9.9075237259012e-4,0.00114350261049759,0.00105654328516948,0.00143230728128986,6.6269333520787e-4,0.00137796055065441,0.00137115922283551,8.2808396978286e-4,0.00103935391010011,0.00108104205723969,9.109089334861e-4,7.615963110162e-4,5.4139022997538e-4,7.2717894979354e-4,7.5318559922246e-4,0.00129822540663603,8.5448711115134e-4,8.3216873319432e-4,0.00103478104235088,5.3159623448827e-4,9.1373760102674e-4,4.156735937197e-4,5.0150857972248e-4
576.511,0,0.00322253338952393,0,0,0,0.00191171438840971,7.1109515016872e-4,0.00378060584868329,0.00212464237258385,6.5940319797675e-4,0.00198577132534781,NA,NA,NA,NA,NA,0.00247304927583308,0.00269245890716163,0.00202886356577641,0.00174089932947035,0.00162389482886797,0.00186040363512795,8.1426490379739e-4,0.00184021483830172,9.4391892357837e-4,0.00163282544460623,0.00123019752896953,7.5163875108841e-4,9.2076731530809e-4,8.5691401110904e-4,9.4239003872517e-4,8.7881356406919e-4,7.948039771365e-4,8.0345420713014e-4,6.6211505292253e-4,6.6383588479631e-4,8.4682185804724e-4,8.2311002314413e-4,7.3273444086957e-4,4.8905748720039e-4,0.00113602047381948,0.00107511408541107,2.4494732224372e-4,5.2481457112695e-4,9.0278188868259e-4,8.3874892493627e-4,1.2167827474307e-4,7.2050630370114e-4,5.6580286142826e-4,7.2024387085145e-4,2.9426296612233e-4,2.1327304121836e-4,0.00106311844303085,0,6.10555520769547e-5,5.942193579688e-4,2.2993438962958e-4,2.0306839931254e-4,1.9473674993075e-4,2.9700584282153e-4,0,7.6265323007229e-4,3.4976346806334e-4,3.2537886655195e-4,0,2.7776218748796e-4,5.3966954074109e-4,4.6558164583674e-4
578.861,0.00406423322914201,0.0050032007792268,0.00307921714213235,0,0.00471245502491055,0.00387958963602144,0,0.00159548816074756,0.00268089207316164,0.00163172348810818,0.00260552272618165,6.8201169712117e-4,NA,NA,NA,NA,NA,0.00279850828741759,0.0028797009341521,0.00143237098424212,0.00163037080360656,0.00111701883083516,0.00141218995271558,9.8604468570721e-4,0.00146478348363565,0.00152278513295808,6.4859629634885e-4,0.00101239834653291,0.00176445233630666,0.00139357713025652,0.0012575774353545,6.3700361892278e-4,6.2982119495386e-4,6.0890719043298e-4,3.8749454087536e-4,6.5005461837381e-4,3.8567240693245e-4,0.00108435759019578,4.0177857705343e-4,5.2811552264122e-4,7.7243170295842e-4,6.1371155287696e-4,9.7963357778094e-4,3.9347425359885e-4,6.116691110424e-4,2.1368668956847e-4,1.9565775502805e-4,9.4901137628442e-5,6.826092387004e-4,6.5188422978987e-4,4.288296425511e-4,3.4838534400021e-4,4.0944365224521e-4,2.9538993892727e-4,6.4870626365179e-4,6.3640899111988e-4,3.3887607241707e-4,5.1302394805677e-4,0,2.2876278923872e-4,5.2208997625126e-4,1.8262041959368e-4,4.6401781279915e-4,3.7730355468473e-4,0,1.0797873494026e-4,5.0821157544218e-4,2.0521326249864e-4
581.212,0.00294641773908517,0.0164307746541259,0.0059708403416121,0.00814287253731799,0.00603186528945832,0.00607639695919981,0.00433672303885247,0.00361142728548604,0.00514953922980093,0.00574811575206324,0.00447138910568149,0.00365130166342355,NA,NA,NA,NA,NA,0.00233815720111147,0.00211431276216107,0.00175720754763247,0.00283168384487519,0.00218694341478715,0.0019424972690481,0.00191128075921991,0.00154185833637374,0.00208061016457487,0.00120920047677337,0.00168761700077793,0.00154027009300581,0.00145821869423788,0.00143108705087321,9.2856569371834e-4,0.00122907730123704,0.00166845577823645,0.00115885257043107,0.00112595406296121,0.00108189399585963,0.0010925116888231,0.00160001555253597,9.6056568378176e-4,9.6333865673322e-4,0.00115089124566975,0.00129028753207877,9.7947631644056e-4,9.8750622669865e-4,9.6276391109074e-4,8.4287477668289e-4,0.00110393253177243,7.4667468029245e-4,0.00104656281854777,9.8871140255486e-4,0.00126739358565201,7.9055077339763e-4,6.8994898697792e-4,9.0318248756092e-4,0.00108050980507314,7.9651423534202e-4,9.8228958618317e-4,3.4926997821533e-4,5.9467407479121e-4,0.00106122031541802,6.23334202768e-4,2.8990925713698e-4,6.1970750331836e-4,6.2699222839662e-4,2.3167015176658e-4,4.1076276156727e-4,5.6771005458414e-4
583.563,0.011783242434698,0.00226094532053754,0.00761899275929523,0.00524625099446116,0.0101937377297836,0.00606710673539501,0.00772919912290773,0.00307074737861405,0.00491037406463961,0.00391030106834434,0.00267169051956673,0.00270680634222602,0.00277293939403253,NA,NA,NA,NA,NA,0.00356799735955554,0.00273471270433276,0.00247178494092915,0.0028107289692525,0.00173969215153036,0.0016069876702557,0.00225573501773602,0.0022840947322352,0.0022020149042755,0.0012927009582331,0.00156114059755008,0.00172693181671107,0.00184838267270117,7.2596443064263e-4,0.00131253374396666,0.0017249774275238,7.7277796323056e-4,0.00129688041877052,0.00139550542969874,9.6161201442836e-4,0.00105391754830275,9.3589724648792e-4,0.00106815400058404,9.8379558830425e-4,0.00105280620676088,0.00131290420043068,0.00112862853722123,0.00173214335378634,0.00115728496836201,0.00122013717757515,0.00113731985780433,8.2997666940131e-4,0.00179956859616638,0.00130061656561789,0.00129083090936827,0.00118788319663566,0.00104128631781781,8.866094943111e-4,7.8582798473278e-4,9.4988679888426e-4,6.4697572844958e-4,5.1628397517734e-4,9.5775496930094e-4,8.8090827136705e-4,0.00135105955941537,5.4492998932421e-4,2.2538290912061e-4,4.0242673893855e-4,1.6662940772622e-4,4.5091276986973e-4
585.915,0,0,0,0,0.00225463050036739,0.00276817826362883,0.00482834763548891,0.00232713755317164,0.00240369216431283,0.00246420189804745,8.6851872251646e-4,0.00117531382724604,0.00364704778677143,NA,NA,NA,NA,NA,0.0012084769092775,0.00115197507053455,8.3751538059796e-4,9.7567482146572e-4,0.00129770843522894,0.00147039323840699,0.00150025141390973,8.3659252653674e-4,7.8551240563642e-4,0.00113356402967116,7.1558558619957e-4,6.460825114622e-4,9.1242772880279e-4,8.997920861065e-4,4.9056599857768e-4,4.9514467727224e-4,8.305948451132e-4,8.0214884099676e-4,0.00141295737899393,8.8421482918897e-4,7.9418544914647e-4,5.0470990524313e-4,5.4600125075018e-4,4.3106806478151e-4,4.218536877917e-4,8.9316432878903e-4,7.9290871307495e-4,5.5138438816071e-4,9.49451015790776e-5,3.9516772557184e-4,2.360307186763e-4,5.7224389050242e-4,3.288701317256e-4,2.0151761000841e-4,2.3001181793104e-4,3.1155998682471e-4,2.5379082583591e-4,4.8719309761715e-4,3.89888626048e-4,3.85414189687917e-5,3.2564790519972e-4,1.1785173191017e-4,4.4625011072167e-4,2.8327945960103e-4,0,0,0,4.0524832152008e-4,2.6832694567177e-4,2.6657493762509e-4
588.267,0.0169759947158982,0.0135367407359544,0.00511015520945737,0.00125869178296768,0.00822239344685584,0.00523733090653294,0.0034296348073128,0.00380247953758373,0.00605494238857988,0.00306182188869381,0.00378868039925609,0.00471810530614805,0.00357394481749189,NA,NA,NA,NA,NA,0.002873165264623,0.00268909553795242,0.00279326071226418,0.00232266533782169,0.00254234734498515,0.00161807498617596,0.0015547083210893,0.00144283697472474,0.00179942020231127,0.00147239989390053,0.00135139361467082,0.0012461935555063,0.00161151750701105,0.00150207923087447,0.00128239793362075,0.00125450978334668,0.00132249025835856,0.00117571636958373,0.00108178592774254,9.1336825788385e-4,0.00100816736764466,0.00113855676934776,0.00127973499438501,0.00112411813205148,0.00113232591878575,9.9552199443605e-4,0.0014960386907965,0.00122042728923749,3.4849376910981e-4,0.00117787861268257,8.3705393929894e-4,0.00132656771437747,8.7316342141459e-4,8.5114839326684e-4,5.0399493051655e-4,6.6455848286326e-4,6.8716621647442e-4,7.4759999927319e-4,5.6022288415511e-4,0.00104534686523351,5.922661286985e-4,6.1138674225437e-4,5.9965989048656e-4,0.00112043556447423,7.1184664369253e-4,3.5704295849859e-4,8.2326491378485e-4,0.00114535862313623,0.00113207124102993,0.00106511583554361
590.62,0.0197844518348328,0,9.4495309267192e-4,0.00477599877862965,0.00460623869993827,0.00441386120814784,0.00384637420251666,0.00327804507719112,0.00328843708942538,0.00171530728753321,0.00217329604352113,0.00298760526322951,0.00244659488007733,0.00206016980486716,NA,NA,NA,NA,NA,0.00178245477730355,0.0017671846363287,0.0026114985433729,0.00166706305623749,0.0013527691801163,0.00158090872492899,0.00155277860547324,8.5543492867432e-4,0,0.00105986532795517,0.00192255482255206,0.00153225939610968,9.9745832966657e-4,0.00107693979510218,0.00107668290345655,0.0011698948974965,0.00130064135403254,7.9063472120677e-4,9.9146451581767e-4,0.00101736769575079,7.9126348639376e-4,8.4590657453178e-4,9.1516543207571e-4,8.1507664793995e-4,3.1901742747239e-4,1.5816119247878e-4,6.5305248487729e-4,0.0014194294804912,7.6707360465562e-4,0.00116742334312534,0.00119250512595224,0.00106374912565741,0.00138116802222794,5.9054186900814e-4,5.9406572845247e-4,6.9207372548873e-4,0.00082029811255944995,7.3382501309248e-4,3.2014355967185e-4,3.2924965970531e-4,2.6713408145395e-4,5.3228116088435e-4,4.0931767499998e-4,3.3239603607853e-4,8.7284804460072e-4,3.2965202509552e-4,4.7008723053225e-4,4.6199593386802e-4,3.379700810951e-4
592.974,0.0159553631983492,0.0105669726570622,0,0.00293502679895034,0,0.00207027287490885,0.00169343634547595,0.00271227604857409,0,0.0030307312420355,0.00202834669218124,0.00331813501028384,0.00199923662801277,0.00106669956087567,NA,NA,NA,NA,NA,0.00163292519989926,0.00195068827903885,0.00151319872747282,0.00149714206917222,7.8646771037799e-4,0.00161750094503516,0.0015217004455667,7.7576212854453e-4,0.00104882081633882,8.7072583246215e-4,0.00152673439508363,0.00119708298742209,0.00121064765005973,6.1647900685654e-4,9.6826112922773e-4,8.2510040418919e-4,3.3869373144115e-4,7.8651389278371e-4,5.3350876815563e-4,7.2100525714842e-4,5.9867771409365e-4,9.7451380315412e-4,7.5801533834363e-4,9.8189004188448e-4,6.01074213347e-4,0.00114760414344087,6.3277834000317e-4,9.5359171626456e-4,3.5821280249161e-4,5.5808736488269e-4,2.8051576995953e-4,9.6622702960702e-4,5.3671193773049e-4,8.8832471528208e-4,0.00108097983260111,7.0050741552432e-4,0,3.8055926118072e-4,1.8346419035397e-4,8.8853757076561e-4,2.207466146347e-4,2.4850187176467e-4,1.242012267065e-4,1.27947185743303e-5,5.6495064941373e-4,5.9951904899649e-4,3.7206468427602e-4,4.5111025037368e-4,5.4585781086628e-4
595.327,0.0104653861881268,0,0.00222702814905834,0.00672069700557819,0.00460646611491648,0.00356541374176081,0.00385610949505321,0.00220292651675476,0.00104842134757194,0.00134773992739042,0.00285943752447276,0.00211213846511824,0.0027538898631634,0.00235779197839928,0.00271502968040453,NA,NA,NA,NA,NA,0.00175429457941865,0.00183526488276001,0.0018842682160604,0.00159872193849557,0.00157126998794181,5.0749178208699e-4,0.00142851309159805,0.00116144052126114,6.959037873577e-4,4.0997302768675e-4,0.00127019192988586,9.7470174205321e-4,0.00122946403185945,0.00125579268556463,9.2002541717715e-4,8.7941098503767e-4,2.87698145848e-4,5.6531085282698e-4,8.4048458251294e-4,0.00102843667485654,5.2608610210559e-4,8.640233291347e-4,8.9483983549762e-4,7.1346741980517e-4,5.1371911740298e-4,0.00110180465730933,2.8056224032683e-4,0.001004488632408,4.3196568605948e-4,7.4103988520051e-4,5.5562330156926e-4,9.3826438317769e-4,9.73265250105858e-5,9.6697322525542e-4,6.6447557210572e-4,1.0785703292193e-4,9.5722402299054e-4,4.3422092621477e-4,7.4085972614623e-4,4.4269975680734e-4,9.50884509356854e-5,3.4877856196858e-4,3.9821520098404e-4,3.2205005856487e-4,7.1669244814709e-4,6.5909255878052e-4,2.23614014154587e-5,2.7910411095941e-4
597.682,0.0053141808449684,0.00382365431353421,0.0035193790717913,0.00129276369307092,0.00563766121067961,0.0032946605721917,0.00314185169357644,0.0017498817094732,0.00236500884452835,0.00219360952531233,0.00214341662287419,8.9882004938072e-4,0.00172220846614132,0.00203613035977937,0.0022027062075448,NA,NA,NA,NA,NA,0.00153412488032182,0.00176281500993295,0.00166126802667113,0.00123444946268403,0.00136380004680468,0.00171789409946829,9.7616528859871e-4,6.9741953948304e-4,0.00111378779514657,7.0131615460969e-4,9.1329043575403e-4,9.2444758081182e-4,8.5566263712833e-4,8.5532404760648e-4,0.00142352145997171,0.00113425658979279,8.4857515972859e-4,7.9739405530065e-4,8.7902837428444e-4,7.1862248221283e-4,5.9400691764108e-4,9.7455116898843e-4,0.0010341536816723,6.8907582036842e-4,2.9517598698452e-4,0.00127915822261953,6.5989048376105e-4,5.0783759179373e-4,5.5293328502291e-4,0,6.8202294811959e-4,1.1486610471647e-4,2.8649773639063e-4,4.6468753425975e-4,2.2998165010256e-4,4.0141124632364e-4,3.1170230450899e-4,0.00062972360461026995,6.804197013738e-4,3.7510674092899e-4,3.4578118531157e-4,5.2483124316469e-4,2.57064446130424e-5,4.653365735846e-4,1.5368017712469e-4,3.4843807406618e-4,4.2030022322487e-4,3.9023868229473e-4
