"","Zone_1","min_Cl_ppm","max_Cl_ppm","mean_Cl_ppm","sd_Cl_ppm","min_SO4_ppm","max_SO4_ppm","mean_SO4_ppm","sd_SO4_ppm"
"1","Control",0.0232,13.8442,3.79633225806452,3.72699362189297,0.0453,16.0863,1.43489032258065,2.84875229609297
"2","Freshwater",0,35.8056,4.54648467153285,5.22577133320007,0,23.2406,3.95639124087591,4.32593219728545
"3","Saltwater",0,3177.8905,1015.27136733333,1083.47397513124,0.863,407.5898,117.095946666667,120.970326560265
